no	sinif	gerekce	alinti	slug	w30_konum	simdi	diff_konum	w30_kova	birebir_olcum	en_yakin_cumle	diff_dosya
1	A	gövde '(Şubat 1648; TSMA, nr. E. 7112)' — alıntı ', nr.' düşürmüş	Şubat 1648; TSMA E. 7112	ibrahim--padisah	ekokuma_ibrahim.js:152	TIRNAKLI:152	ekokuma_ibrahim.js:152	benzerlik-dusuk	YOK	Hatta Sadrazam Ahmed Paşa’yı damat edinmek için onu hanımından ayırmış ve Beyhan Sultan ile evlendirmişti (Şubat 1648; TSMA, nr. ⟂ Murad’ın ölümü ve İbrâhim’in tahta cülûsu olayını ayrıntılı olarak veren diğer Osmanlı kroniklerine göre vefat haberini Sadrazam Kemankeş Kara Mustafa Paşa’nın gönderdiği kapı ağasından alan İbrâhim, bunun kendisini öldürmek için bir tertip olduğu zannıyla odasından çıkmak istemeyince annesi tarafın	ALINTI-264-1006c-A.diff
2	A	birebir yok; anlam en yakın gövde cümlesinde (en_yakin_cumle sütunu)	Kerim Han savaş ilan etti	abdulhamid-i	ekokuma_korfez.js:52	TIRNAKLI:52	ekokuma_korfez.js:52	sayisiz	YOK	Tahta geçtikten sonra Sünbülzâde Vehbî’yi İran’a elçi olarak gönderen padişah, Kerim Han Zend’in İran hükümdarlığını resmen tanıdı ise de kısa bir müddet sonra Kerim Han, Baban sancağı ve Baban ailesi yüzünden Osmanlı Devleti’ne savaş ilân etti. ⟂ Ardından da Rusya’dan cevap gelmesi dahi beklenilmeden, 19 Ağustos 1787’de Sadrazam Koca Yusuf Paşa, Rusya’ya savaş ilân edileceği kararını padişaha arzetti.	ALINTI-264-1006c-A.diff
3	D	agakapisi: 'tekrar tekrar vuran büyük şehir yangınlarından biri' nitelemesi gövdede yok (gövde yalnız binanın birçok defa yandığını ve tek tek yangınları sayar)	dönemin İstanbul'unu tekrar tekrar vuran büyük şehir yangınlarından biri	agakapisi	ekokuma_dunya.js:555	TIRNAKLI:555		yakin-cumle-yok	YOK	Ancak, 1555 yıllarında İstanbul’da bulunan Alman ressam Melchior Lorichs’in, şehir panoramasında Süleymaniye’nin alt tarafında “yeniçeri ağası evi”ni yazı ile belirtmesine bakılırsa, bu bilginin gerçeği yansıtmadığı anlaşılır. ⟂ Bu yangınlardan biri, IV.	
4	A	birebir yok; anlam en yakın gövde cümlesinde (en_yakin_cumle sütunu)	3 Ocak 1501'de öldü	ali-sir-nevai	kronoloji_timurlu.js:190	TIRNAKLI:190	kronoloji_timurlu.js:190	benzerlik-dusuk	YOK	Herat’a getirildikten üç gün sonra 13 Cemâziyelâhir 906’da (3 Ocak 1501) öldü. ⟂ Bir süre sultanın divan beyi ve nedimi oldu.	ALINTI-264-1006c-A.diff
5	A	birebir yok; anlam en yakın gövde cümlesinde (en_yakin_cumle sütunu)	1840 Osmanlı-Alman ticaret antlaşması yenilendi	almanya	kronoloji_almanya.js:426	TIRNAKLI:426	kronoloji_almanya.js:426	sayi-tutmuyor	YOK	20 Mart 1862’de Zollverein’e bağlı Alman devletleriyle Osmanlı Devleti arasında yapılan ve 1840 tarihli muahedeyi tâdil ederek yenileyen yeni ticaret anlaşmasının etkisi 1880’den itibaren Alman ticaret kurumlarının Osmanlı Devleti’nde görülmeye başlamasıyla ortaya çıktı. ⟂ Osmanlı Devleti’nin ağır yenilgisiyle neticelenen savaşlar sonunda imzalanan Karlofça Antlaşması (1699) ve Macaristan’ın boşaltılması Kutsal İttifak’ın başarıları oldu.	ALINTI-264-1006c-A.diff
6	A	birebir yok; anlam en yakın gövde cümlesinde (en_yakin_cumle sütunu)	1889 II. Wilhelm'in İstanbul ziyareti gerçekleşti	almanya	kronoloji_almanya.js:580	TIRNAKLI:580	kronoloji_almanya.js:580	yabanci-dil	YOK	Wilhelm’in İstanbul’u ziyareti, ilişkilerin gelişmesi yönünde etkili oldu. ⟂ Wilhelm’in 1898 sonbaharındaki İstanbul-Kudüs ziyareti Osmanlı-Alman siyasî yakınlaşmasında önemli bir dönüm noktası teşkil etti.	ALINTI-264-1006c-A.diff
7	A	birebir yok; anlam en yakın gövde cümlesinde (en_yakin_cumle sütunu)	1898 sonbahar II. Wilhelm'in İstanbul-Kudüs ziyareti; kendini 300 milyon müslümanın dostu ilân etti	almanya	kronoloji_almanya.js:600	TIRNAKLI:600	kronoloji_almanya.js:600	yabanci-dil	YOK	Wilhelm’in 1898 sonbaharındaki İstanbul-Kudüs ziyareti Osmanlı-Alman siyasî yakınlaşmasında önemli bir dönüm noktası teşkil etti. ⟂ Burada yaptığı bir konuşmada kendini “300 milyon müslümanın dostu” ilân etti.	ALINTI-264-1006c-A.diff
8	A	birebir yok; anlam en yakın gövde cümlesinde (en_yakin_cumle sütunu)	5 Mart 1903 Bağdat Demiryolu Antlaşması imzalandı	almanya	kronoloji_almanya.js:615	TIRNAKLI:615	kronoloji_almanya.js:615	benzerlik-dusuk	YOK	5 Mart 1903 tarihinde imzalanan Bağdat Demiryolu Antlaşması ile Almanya’nın Ankara’dan Bağdat-Basra’ya kadar uzanacak bir demiryolunun inşa ve işletme imtiyazını alması, milletlerarası sistem içerisinde İngiltere ile ciddi bir bunalıma yol açtı. ⟂ 1756-1762 yılları arasında Osmanlı Devleti ile Prusya arasında görülen yoğun ilişkiler Prusya’nın şiddetle istemesine rağmen bir savunma ittifakına dönüşmemişse de 22 Mart 1761’de iki devlet arasında imzalanan sekiz maddelik bir dostluk ve ticaret antlaşması ile Osmanlı-Prusya ilişkileri resmen başl	ALINTI-264-1006c-A.diff
9	A	birebir yok; anlam en yakın gövde cümlesinde (en_yakin_cumle sütunu)	1913 General Liman von Sanders başkanlığındaki Alman subay grubu ordunun üst makamlarına tayin edildi	almanya	kronoloji_almanya.js:630	TIRNAKLI:630	kronoloji_almanya.js:630	sayi-tutmuyor	YOK	Orduda görev verilmek üzere General Liman von Sanders başkanlığında bir Alman subay grubu getirildi ve ordunun en üst makamlarında görevlendirildi. ⟂ Bu havzada üretilen kömür Ruhr sanayi bölgesinin ihtiyacını tamamıyla karşıladıktan başka ayrıca Ren nehri yolu ile Hollanda ve İsviçre’ye, Dortmund-Ems Kanalı ile Almanya’nın kıyılarındaki limanlara, demiryolları ile de Fransa ve Belçika’ya gönderilmektedir.	ALINTI-264-1006c-A.diff
10	A	birebir yok; anlam en yakın gövde cümlesinde (en_yakin_cumle sütunu)	1402: Antonio tarafından Venediklilerden geri alındı	atina	kronoloji_atina_dukaligi.js:84	TIRNAKLI:84	kronoloji_atina_dukaligi.js:84	benzerlik-dusuk	YOK	Bunun üzerine Yıldırım Bayezid Timurtaş Paşa’yı Mora’ya yolladı ve Atina muhtemelen 1397’de Osmanlılar’ın eline geçti; ancak bu hâkimiyet kısa sürdü ve şehri tekrar işgal eden Venedikliler 1402’de Nerio’nun oğlu Antonio tarafından geri alınmasına kadar ellerinde tuttular. ⟂ Antonio (1402-1435) ve yerine geçen oğlu II.	ALINTI-264-1006c-A.diff
11	A	birebir yok; anlam en yakın gövde cümlesinde (en_yakin_cumle sütunu)	1435-1455: II. Nerio dönemi	atina	kronoloji_atina_dukaligi.js:89	TIRNAKLI:89	kronoloji_atina_dukaligi.js:89	benzerlik-dusuk	YOK	Nerio (1435-1455), Osmanlı Devleti’ne tâbi olarak hüküm sürdüler. ⟂ 449) tekrar bir kalkınma dönemine girdi ve baştan başa yeniden inşa edildi.	ALINTI-264-1006c-A.diff
12	V	balkan-savasi madde ÖZETİ (div.article_info) birebir	(8 Ekim 1912 - 29 Eylül 1913)	balkan-savasi	kronoloji_balkan.js:341	TIRNAKLI:341		sayi-tutmuyor	TAM/OZET	Nihayet 8 Ekim 1912’de Karadağ’ın Osmanlı Devleti’ne savaş ilân etmesiyle Balkan savaşlarının birinci safhası başlamış oldu. ⟂ Osmanlı-Bulgar antlaşması da 29 Eylül 1913’te İstanbul’da imzalandı.	
13	V	baltalimani-muahedesi madde ÖZETİ birebir	16 Ağustos 1838 tarihinde yapılan Osmanlı-İngiliz ticaret muahedesi	baltalimani-muahedesi	kronoloji_cok_ingiltere.js:82	TIRNAKLI:82		benzerlik-dusuk	TAM/OZET	Türk tarafında Hariciye Nâzırı Mustafa Reşid Paşa, Başvekâlet Muavini Kâni Bey ve Hariciye Müsteşarı Nûri Efendi, İngiltere tarafından Sir Henry Lytton Bulwer ve Başkonsolos Cartwright tarafından Reşid Paşa’nın Baltalimanı’ndaki yalısında gizli olarak yapılan müzakerelerde görülen yumuşama sonunda 1 ⟂ Ancak Bâbıâli’nin tarife yapılmadan muahedenin tatbiki için gerekli emirleri göndermemesi ve muahedelerini İngilizler’den üç ay sonra yapan Fransızlar’ın tarifelerini tamamlamış olmaları dolayısıyla İngilizler de daha fazla gecikmeksizin, başlangıçta Osmanlılar’ca da kabul edilen son beş yıllık (183	
14	A	birebir yok; anlam en yakın gövde cümlesinde (en_yakin_cumle sütunu)	Kara Yûsuf zaptetti … az sonra Karayülük yeniden ele geçirdi	bayburt	yerlesimler_anadolu_0914.js:33	TIRNAKLI:33	yerlesimler_anadolu_0914.js:33	sayisiz	YOK	Bir ara Karakoyunlu Hükümdarı Kara Yûsuf tarafından zaptedildiyse de az sonra Akkoyunlu Karayülük Osman Bey bu bölgeyi yeniden ele geçirdi ve şehri kardeşinin oğlu Kutlu Bey’e verdi. ⟂ Alexis Comnen’in kumandanı Theodore Gabras tarafından işgal edildiyse de kısa süre sonra yeniden Dânişmendli hâkimiyetine girdi (1098).	ALINTI-264-1006c-A-KOORD.diff
15	V	begteginliler madde ÖZETİ birebir	1144-1232 yılları arasında merkezi Erbil olmak üzere Şehrizor, Hakkâri, Tikrît, Sincar, Harran, Urfa ve civarında hüküm süren bir Türk beyliği.	begteginliler	devletler.js:9783	TIRNAKLI:9764		sayi-tutmuyor	TAM/OZET	Erbil merkez olmak üzere Hakkâri, Urfa, Harran gibi yerlerde bazan bağımsız, bazan da Musul Atabegliği, Eyyûbîler, Anadolu Selçukluları ve Hârizmşahlar gibi devletlere bağımlı olarak hüküm süren Begteginliler bölgenin sosyal ve etnik yapısı üzerinde çok tesirli oldular. ⟂ Ali Küçük ömrünün son yıllarında yaşlılığı ve hastalığı sebebiyle iktâ bölgelerinden Tikrît, Hakkâri ve Sincar’ı Musul Hükümdarı Mevdûd’a bıraktı ve Musul nâibliğinden çekilerek Erbil’e gitti; çok geçmeden de öldü (Eylül 1167) ve Musul’da Eskicami yakınında kendisinin yaptırdığı türbeye gömüldü.	
16	D	berlin-antlasmasi: ilk parça birebir, '... Tuna ile Balkanlar arasında Sofya, Niğbolu, Ziştovi …' parçası gövdede YOK (Ziştovi 0 isabet)	Bulgaristan toprakları üç bölgeye ayrılacaktı. Birinci bölge Osmanlı Devleti'ne tâbi, iç işlerinde serbest, prensi halk tarafından seçilen ... Tuna ile Balkanlar arasında Sofya, Niğbolu, Ziştovi, Rusçuk, Silistre, Varna, Şumnu, Lofça ve Tırnova gibi şehirleri içine alan muhtar bir Bulgaristan Prensliği kuruldu.	berlin-antlasmasi	kronoloji_balkan.js:531	TIRNAKLI:531		sayisiz	YOK	Birinci bölge Osmanlı Devleti’ne tâbi, iç işlerinde serbest, prensi halk tarafından seçilen, Bâbıâli tarafından tasdik ve büyük devletlerin muvafakati ile tayin edilen, Osmanlı askerinin bulunmadığı, sınırları daraltılmış bir Bulgaristan prensliği idi. ⟂ İkinci bölge idarî yönden bağımsız olmakla beraber siyasî ve askerî yönden Osmanlı Devleti’ne tâbi, Avrupa devletlerinin tasvipleriyle Bâbıâli’nin beş yıl süre ile tayin edeceği bir hıristiyan vali tarafından idare edilecek olan Şarkî Rumeli eyaleti, üçüncü bölge ise ıslahat yapılmak şartıyla Osmanl	
17	A	veride tırnağın İÇİNDE '(özet)' yazıyor — yazıcı özet olduğunu biliyordu	Aron 1594'te Kutsal İttifak'a girdi, 1594 sonlarında Yaş ve Bükreş'te Türk ve Rum alacaklılar öldürüldü; yerine geçen Razvan isyanı sürdürdü, Lehliler onu öldürdü (özet).	bogdan	isyan_tarama.js:107	TIRNAKLI:107	isyan_tarama.js:107:JS-DEGER-ALANI(elle)	benzerlik-dusuk	YOK	1594 yılı sonlarında Yaş ve Bükreş’te prensten alacağı olan bütün Türk ve Rumlar öldürüldü. ⟂ Fakat Erdel Prensi Báthory’nin Voyvoda Aron’dan şüphelenerek onu öldürtmesi üzerine tayin edilen Stefan Razvan Osmanlılar’a karşı isyan hareketlerine devam etti, ancak o da Lehliler tarafından öldürüldü.	
18	A	tırnak içinde '(özet)'	Mihai 1599'da Erdel'i aldı, 1600'de Hotin'e dek ilerleyip Boğdan'ın da hâkimi oldu; ertesi yıl Basta onu öldürünce üç prenslik yeniden ayrıldı (özet).	bogdan	isyan_tarama.js:122	TIRNAKLI:122	isyan_tarama.js:122:JS-DEGER-ALANI(elle)	benzerlik-dusuk	YOK	Fakat Eflak Prensi Mihai Viteazul, önce Erdel Prensi Báthory’nin Osmanlılar’la dostluğa başladığını görünce Erdel’i işgal etti (1599), ardından hızlı bir hareketle Hotin’e kadar ilerleyerek Boğdan’ın da hâkimi oldu (1600). ⟂ Fakat ertesi yıl Avusturya Generali Basta tarafından öldürülünce üç prenslik tekrar ayrıldı.	
19	T	bogdan: '28 Ocak 1595 Prag' atlasın başka bir pakete yaptığı göndermedir, TDV alıntısı değil	28 Ocak 1595 Prag	bogdan	olaylar_ek10.js:251	TIRNAKLI:251		yakin-cumle-yok	YOK		
20	A	birebir yok; anlam en yakın gövde cümlesinde (en_yakin_cumle sütunu)	tazminat ödeninceye kadar burada kalmaya karar verdiler ... Kiselef vali ... Sturdza tayinle (1834)	bogdan	yama_p0037_bekleyen.js:63	TIRNAKLI:63	yama_p0037_bekleyen.js:63	sayi-tutmuyor	YOK	1828-1829 Osmanlı-Rus savaşı sırasında Ruslar Memleketeyn’i tekrar işgal ettiler ve kendilerine savaş tazminatı ödeninceye kadar burada kalmaya karar verdiler. ⟂ Mahmud Memleketeyn’e Fenerli beylerin tayininden vazgeçerek tekrar yerli prenslerden birini getirmeye karar verdi ve Ion Sandu Sturdza’yı voyvodalığa tayin etti (1822).	ALINTI-264-1006c-A-KOORD.diff
21	V	bosna-eyaleti madde ÖZETİ birebir	önce sancak beyliği iken 1580'den itibaren beylerbeyilik	bosna-eyaleti	devletler.js:8262	TIRNAKLI:8243		benzerlik-dusuk	TAM/OZET	Sancağın merkezi daha sonra, 1552’den itibaren Bosna sancağına tayin edilen beylerin askerî maksatlarla Banaluka’da oturmaya başlamaları üzerine buraya taşındı. ⟂ Sokullu ailesine mensup Ferhad Bey’in sancak beyliği (1 Safer 988 / 18 Mart 1580) sırasında Bosna stratejik ve askerî önemi sebebiyle bir eyalet haline getirildi.	
22	A	iki gövde cümlesi arasındaki 'Yeni teşkilât …' cümlesi işaretsiz atılmış	Mayıs 1865'te ise vezir Topal Osman Paşa'nın valiliği sırasında yeni bir idarî düzenleme düşünüldü. 1866'da vilâyet olarak adlandırılan Bosna … yedi sancağa ayrılmıştı.	bosna-eyaleti	kronoloji_cok_bosna.js:211	TIRNAKLI:211	kronoloji_cok_bosna.js:211	sayi-tutmuyor	YOK	Mayıs 1865’te ise vezir Topal Osman Paşa’nın valiliği sırasında yeni bir idarî düzenleme düşünüldü. ⟂ 1866’da vilâyet olarak adlandırılan Bosna bu sıralarda Saraybosna (7 kaza), İzvornik (Tuzla, 9 kaza), Banaluka (4 kaza), Bihke (Bihaç, 8 kaza), Travnik (5 kaza), Hersek (Mostar, 11 kaza), Yenipazar (Seniçe, 10 kaza) adlarıyla yedi sancağa ayrılmıştı; bunların ikisi mutasarrıflık, beşi kaymakamlık ol	ALINTI-264-1006c-A.diff
23	A	birebir yok; anlam en yakın gövde cümlesinde (en_yakin_cumle sütunu)	...Stjepan Vukčić-Kosača, kendisini St. Sava'nın Herceki yani dükü ilân etmiş...	bosna-hersek	kronoloji_balkan.js:753	TIRNAKLI:753	kronoloji_balkan.js:753	sayisiz	YOK	Sava’nın Herseki” yani dükü ilân eden Stjepan Vukčić-Kosača’nın unvanından gelir (Herzegovina = Hersek’in toprağı). ⟂ Nitekim Stjepan Tomaś ve Stjepan Tomašević dönemlerinde bunların yirmi yıl baskı ve zulüm altında tutulmaları Bosna kilisesinin dağılmasına yol açmış, ayrıca Herseg Stjepan Vukčić’in Ortodoksluğa geçmesi, Hersek bölgesindeki Bosna kilisesi mensuplarının durumunu zorlaştırmış ve bunlar Hersek’in gözd	ALINTI-264-1006c-A.diff
24	A	birebir yok; anlam en yakın gövde cümlesinde (en_yakin_cumle sütunu)	...Fâtih Sultan Mehmed'in ordusunun Bosna'nın fethini tamamladı...	bosna-hersek	kronoloji_balkan.js:773	TIRNAKLI:773	kronoloji_balkan.js:773	yabanci-dil	YOK	Son Bosna kralı Tomašević (1461-1463), Batı desteğine güvenerek Osmanlılar’a haraç ödemeyi reddedince, bu durum tâbi bir hükümdar olmaktan çıktığı anlamına geldiğinden, Fâtih Sultan Mehmed idaresindeki Osmanlı ordusu süratle Bosna’nın fethini tamamladı. ⟂ Bosna’nın fethinin tamamlanması ile esas olarak söz konusu bölgeden, Makedonya’dan ve daha sonra da Sırbistan’dan getirilen sipahilere buradan timarlar tahsis edilmişti.	ALINTI-264-1006c-A.diff
25	A	birebir yok; anlam en yakın gövde cümlesinde (en_yakin_cumle sütunu)	1393'te Tırnova düştü, Bulgar Krallığı'na son verildi.	bulgaristan	kronoloji_balkan.js:411	TIRNAKLI:411	kronoloji_balkan.js:411	benzerlik-dusuk	YOK	Bunun üzerine 1393’te Yıldırım’ın büyük oğlu Süleyman Çelebi kumandasında sevkedilen kuvvetler Bulgar başşehri Tırnova’yı ele geçirerek Bulgar Krallığı’na son verdiler. ⟂ Çarın büyük oğlu İvan Stratişimir Vidin ile Batı Bulgaristan’a, küçük oğlu veliaht Sasmanos (Şişman) ise Bulgar Krallığı’nın merkezi Tırnova ve Orta Bulgaristan ile Silistre, Niğbolu, Yanbolu, Sofya gibi yerlere hâkim olmuştu.	ALINTI-264-1006c-A.diff
26	D	bulgaristan: 1396 / Vidin'in düşüşü gövdede yok (1396 rakamı gövdede hiç geçmiyor)	1396'da Vidin'in düşüşüyle Osmanlı hâkimiyeti tamamlandı.	bulgaristan	kronoloji_balkan.js:429	TIRNAKLI:429		yabanci-dil	YOK	Dört bolyar kardeşten sonuncusu Samuil yönetimi üstlenmiş, ancak Bizans’ın hâkimiyetine geçme durumuna gelmiş olan Sofya 1001’de elden çıkmış, daha sonra Vidin, Üsküp ve öteki kaleler Bizans’ın eline geçmiştir. ⟂ 1018’de ise İmparator Vasiliy’in Bulgar başşehri Ohri’ye girmesiyle Bulgar toprakları tamamıyla Bizans hâkimiyetine girmiş ve bu durum 1187 yılına kadar sürmüştür.	
27	A	birebir yok; anlam en yakın gövde cümlesinde (en_yakin_cumle sütunu)	8 Ekim 1912'de Karadağ'ın harekâtıyla başladı	bulgaristan	kronoloji_balkan.js:596	TIRNAKLI:596	kronoloji_balkan.js:596	benzerlik-dusuk	YOK	8 Ekim 1912’de Karadağ’ın Arnavutluk ve Yenipazar sancağına girmesiyle başlayan I. ⟂ Osmanlı Devleti zamanında 1879 yılında başlayan Bulgaristan Türkleri’nin Türkiye’ye göçü hareketi daha sonraki dönemlerde de devam etmiştir.	ALINTI-264-1006c-A.diff
28	A	birebir yok; anlam en yakın gövde cümlesinde (en_yakin_cumle sütunu)	Neully Antlaşması (27 Kasım 1919): Batı Trakya tamamen kaybedildi.	bulgaristan	kronoloji_balkan.js:656	TIRNAKLI:656	kronoloji_balkan.js:656	benzerlik-dusuk	YOK	Savaşı sona erdiren Neully Antlaşması’yla (27 Kasım 1919) Bulgaristan Sırplar lehine belirli bir stratejik toprak kaybına uğramış, Batı Trakya’nın tamamını kaybetmiş, Ege denizi kıyısını Yunanistan’a bırakmak durumunda kalmış ve Güney Dobruca’yı Romanya’ya veren Bükreş Barış Antlaşması hükümlerini d ⟂ 1913’te Batı Trakya bölümü önce Bulgarlar’ın, 1919’da Bulgaristan ve Yunanistan’ın idaresine geçince Bulgaristan Batı Trakyası’nda on Türk ilçesi ve burada yaşayan 333.321 Türk Bulgar idaresine girmiştir.	ALINTI-264-1006c-A.diff
29	VY	Hrvatska enciklopedija 'asenovci' (GET 200, 6 Ekim) birebir; veride alıntı TDV bulgaristan URL'sinin ARDINA yazılmış	S vlasti ga je 1218. svrgnuo Ivan Asen II.	bulgaristan	kronoloji_cok_once1281_avrupa.js:198	TIRNAKLI:198		benzerlik-dusuk	YOK	İvan Asen (1218-1241) zamanında içte merkezî devletin gücü arttırılmaya çalışılmış, dışta da ülke çıkarları açısından değişken bir politika takip edilmiştir. ⟂ Bulgar Çarı İvan Aleksandr Asen Osmanlılar’ın ilerlemesinden endişeye düşerek 1362 ile 1363 yılları arasında Osmanlılar’ın fethettikleri bazı yerleri geri aldı.	
30	A	birebir yok; anlam en yakın gövde cümlesinde (en_yakin_cumle sütunu)	XII. yüzyıl sonunda Ouédraogo temel Mossi krallığını kurdu	burkina-faso	devletler.js:2696	TIRNAKLI:2677	devletler.js:2677	sayisiz	YOK	Bunların en ünlüleri olan Mosiler’in Dagomba kraliyet ailesinden Ouédraogo Tehkodego Krallığı’nı kurdu (XII. ⟂ yüzyılda Futa Calon ve Futa Toro’da kurdukları devletlerle putperestlere karşı açtıkları cihadlarda meşhur oldular.	ALINTI-264-1006c-A.diff
31	D	burkina-faso: gövde 'modern Yatenga'nın tarihi Naaba Kango (1757-1787) ile başlar' der; 'otoriteyi merkezîleştirdi' yok	Naaba Kango 1757-1787 arasında otoriteyi merkezîleştirdi	burkina-faso	devletler.js:2708 · kronoloji_sinir_guney_g8.js:126	TIRNAKLI:2689		benzerlik-dusuk	YOK	Aslında modern Yatenga’nın tarihi Naaba Kango (1757-1787) ile başlar. ⟂ yüzyılın sonlarına doğru Naaba Saaga ile Naaba Tugari’nin oğulları arasındaki anlaşmazlık iç çatışmaya dönüştü ve sonunda 1894 yılında Naaba Baoga otoriteyi sağlayarak Bandiogara’da bulunan Fransızlar’la iş birliğine gitti.	
32	D	cad: 'Vara' gövdede 0 isabet; Abeşe yalnız Ebîşe olarak, 'başlıca merkez' nitelemesi yok	Vara ve Abeşe başlıca merkezler	cad	devletler.js:2992	TIRNAKLI:2973		sayisiz	YOK	Başlıca Cüheyne, Hasuna ve Uled Sliman (evlâd-ı Süleyman) olmak üzere üç ana kabileye mensupturlar. ⟂ Bu bölgenin Kahire ve Trablusgarp’tan Batı Afrika’ya uzanan ticaret yollarının üzerinde bulunması, müslüman tüccarlar yoluyla İslâmiyet’in ülkeye girmesini ve özellikle kervan yolları kenarında bulunan yerleşim merkezlerinin müslümanlaşmasını sağlamıştır.	
33	A	birebir yok; anlam en yakın gövde cümlesinde (en_yakin_cumle sütunu)	XVI. yüzyılda Kenkâ halkı tarafından kuruldu	cad	devletler.js:3012 · kronoloji_sinir_guney_g8.js:117	TIRNAKLI:2993	devletler.js:2993;kronoloji_sinir_guney_g8.js:117	sayisiz	YOK	yüzyılda Çad’ın güneyinde, kuzeyden ve doğudan gelerek Bulalar’ı etkisiz hale getiren putperest Kenkā ( كنقا ) kabilesi tarafından Bagirmi Devleti kuruldu. ⟂ yüzyılda Zegāveler tarafından Çad gölünün kuzeyinden Dârfûr’a kadar olan bölgede kurulan Kânim Devleti’ni Seyfiyye hânedanı yönetti.	ALINTI-264-1006c-A.diff
34	D	cad: Mao, Ati, Am Timan gövdede 0 isabet	Mao, Ati, Am Timan — Kanem topraklarının şehirleri	cad	devletler.js:3033	TIRNAKLI:3014		yakin-cumle-yok	YOK	Yüzölçümü 1.284.000 km 2 , nüfusu 5.823.000 (1991 tahmini), başşehri N’Camena (N’Djamena; eski Fort-Lamy), diğer önemli şehirleri Sarh (eski Fort Archambault), Mundu, Mussoro ve Ebîşe’dir. ⟂ Toprakların yarısı çöl olup tarıma elverişli arazi azdır.	
35	A	celayirliler ÖZETİ, ASCII'ye çevrilmiş + başlık eklenmiş — birebir değil	CELAYIRLILER 1340-1431 yillari arasinda ... hukum suren Mogol hanedani	celayirliler	yer_yama_ok109_fetret.js:48 · yer_yama_ok109_fetret.js:90 · yer_yama_ok109_fetret.js:137 · yer_yama_ok109_fetret.js:214 · yer_yama_ok109_fetret.js:256 · yer_yama_ok109_fetret.js:351 · yer_yama_ok109_fetret.js:441 · yer_yama_ok109_fetret.js:502 · yer_yama_ok109_fetret.js:928 · yer_yama_ok109_fetret.js:970 · yer_yama_ok109_fetret.js:1060 · yer_yama_ok109_fetret.js:1102 · yer_yama_ok109_fetret.js:1144 · yer_yama_ok109_fetret.js:1378 · yer_yama_ok109_fetret.js:1474 · yerlesimler.js:741 · yerlesimler.js:742 · yerlesimler.js:744 · yerlesimler.js:745 · yerlesimler.js:1856 · yerlesimler.js:1857 · yerlesimler.js:1859 · yerlesimler.js:1860 · yerlesimler.js:1864 · yerlesimler.js:1869 · yerlesimler.js:1870 · yerlesimler.js:1876 · yerlesimler.js:1877 · yerlesimler.js:1878 · yerlesimler.js:1879 · yerlesimler.js:1883 · yerlesimler.js:1884 · yerlesimler.js:1885 · yerlesimler.js:1886 · yerlesimler.js:1888 · yerlesimler.js:1889 · yerlesimler.js:1890 · yerlesimler.js:1891 · yerlesimler.js:1896 · yerlesimler.js:1897 · yerlesimler.js:1901 · yerlesimler.js:1902 · yerlesimler.js:1905 · yerlesimler_kalite4.js:30	TIRNAKLI:48,90,137,214,256	yer_yama_ok109_fetret.js:48;yer_yama_ok109_fetret.js:90;yer_yama_ok109_fetret.js:137;yer_yama_ok109_fetret.js:214;yer_yama_ok109_fetret.js:256;yer_yama_ok109_fetret.js:351;yer_yama_ok109_fetret.js:441;yer_yama_ok109_fetret.js:502;yer_yama_ok109_fetret.js:928;yer_yama_ok109_fetret.js:970;yer_yama_ok109_fetret.js:1060;yer_yama_ok109_fetret.js:1102;yer_yama_ok109_fetret.js:1144;yer_yama_ok109_fetret.js:1378;yer_yama_ok109_fetret.js:1474;yerlesimler.js:741;yerlesimler.js:742;yerlesimler.js:744;yerlesimler.js:745;yerlesimler.js:1856;yerlesimler.js:1857;yerlesimler.js:1859;yerlesimler.js:1860;yerlesimler.js:1864;yerlesimler.js:1869;yerlesimler.js:1870;yerlesimler.js:1876;yerlesimler.js:1877;yerlesimler.js:1878;yerlesimler.js:1879;yerlesimler.js:1883;yerlesimler.js:1884;yerlesimler.js:1885;yerlesimler.js:1886;yerlesimler.js:1888;yerlesimler.js:1889;yerlesimler.js:1890;yerlesimler.js:1891;yerlesimler.js:1896;yerlesimler.js:1897;yerlesimler.js:1901;yerlesimler.js:1902;yerlesimler.js:1905;yerlesimler_kalite4.js:30	yakin-cumle-yok	YOK	Hânedana adını veren Celâyir büyük bir Moğol kabilesidir. ⟂ CELÂYİRLİ HÜKÜMDARLARI Hasan-ı Büzürg 740 (1340) I.	ALINTI-264-1006c-A-KOORD.diff
36	A	birebir yok; anlam en yakın gövde cümlesinde (en_yakin_cumle sütunu)	Bağdat, Musul, Tebriz, Azerbaycan … 1340-1431	celayirliler	yer_yama_hayalet.js:170 · yer_yama_hayalet.js:224	TIRNAKLI:170,224	yer_yama_hayalet.js:170;yer_yama_hayalet.js:224	sayi-tutmuyor	YOK	Üveys 1358’de Azerbaycan ile Tebriz’i, 1364’te Musul ve Diyarbekir’i ele geçirerek devletin sınırlarını genişletti. ⟂ İlhanlı Devleti’ne hizmet eden Celâyirliler’in en meşhurları ise Hülâgû ile Bağdat’a giren ve Suriye seferine katılan İlkân Noyan ile Geyhatu zamanında beylerbeyilik yapan oğlu Ak Boğa ve bunun Gāzân Han ve Olcaytu zamanında valilik yapan oğlu Emîr Hüseyin’dir.	ALINTI-264-1006c-A-KOORD.diff
37	A	gövde 'ertesi yıl' der; alıntıdaki 1510 türetilmiş sayı (D213: türetilen sayı alıntıya yazılmaz)	1510 yılında Diû Sûret vilâyetinin merkezi oldu	diu	kademe_f5c9a5.js:266	TIRNAKLI:266	kademe_f5c9a5.js:266	sayi-tutmuyor	YOK	Ancak ertesi yıl Diû Sûret vilâyetinin merkezi oldu; burada bir kale inşa ederek limanın savunmasını güçlendiren ve ada ile kara arasına bir köprü yaptıran Melik Ayaz Portekizliler için bir tehdit unsuru olmaya devam etti. ⟂ 1431 yılında Diû Limanı Gucerât donanmasındaki bütün gemilerin ihtiyacını karşılayabilecek şekilde büyütüldü.	ALINTI-264-1006c-A.diff
38	A	birebir yok; anlam en yakın gövde cümlesinde (en_yakin_cumle sütunu)	Dârende: 1338'de işgal edildi	dulkadirogullari	yerlesimler_anadolu_0914.js:85 · yerlesimler_ok110.js:62	TIRNAKLI:85	yerlesimler_anadolu_0914.js:85;yerlesimler_ok110.js:62	benzerlik-dusuk	YOK	1338’de İlhanlı şehzadeleri arasında başlayan kanlı mücadeleler sonucunda Anadolu’da Moğol hâkimiyetinin çökmesinden faydalanan Karaca Bey, bir baskınla Eretnaoğulları’nın elinde bulunan Dârende’yi işgal etti. ⟂ 1353 yazında Düldül dağı eteklerinde yapılan savaşta büyük zayiat veren Karaca Bey Kayseri taraflarına kaçtıysa da Eretna oğlu Mehmed tarafından yakalanarak Memlükler’e teslim edildi.	ALINTI-264-1006c-A-KOORD.diff
39	A	tırnak içinde '(özet)'	Cesur Mihai (1593-1601) vergi yüzünden isyan etti; 1601'de Basta'ya yenilip öldürüldü, ardından Eflak eskisi gibi Osmanlı'ya tâbi oldu (özet).	eflak	isyan_tarama.js:89	TIRNAKLI:89	isyan_tarama.js:89:JS-DEGER-ALANI(elle)	benzerlik-dusuk	YOK	Fakat aynı yüzyılın sonlarına doğru voyvoda olan ve Cesur Mihai diye anılan Mihai Viteazul (1593-1601) vergi yüzünden isyan etti. ⟂ Mihai, 1601’de Avusturya ordularının başında bulunan eski müttefiki general Basta’ya yenilerek onun tarafından öldürüldü.	
40	A	birebir yok; anlam en yakın gövde cümlesinde (en_yakin_cumle sütunu)	Kaarta 11 Kasım 1854'te İslâm devleti olarak kuruldu	el-hac-omer	devletler.js:2676	TIRNAKLI:2657	devletler.js:2657	benzerlik-dusuk	YOK	el-Hâc Ömer, bir Bambara Krallığı olan Karta’yı mağlûp ederek İslâm devletini kurdu (11 Kasım 1854). ⟂ Orta Sudan ile Atlas Okyanusu arasında kalan, ticaret kervanlarının geçtiği bölgedeki Karta’yı ele geçirip bir İslâm devleti kuran el-Hâc Ömer’in Batı Afrika’da güçlü bir müslüman lider olarak ortaya çıkması Fransızlar’ı endişelendirdi.	ALINTI-264-1006c-A.diff
41	A	birebir yok; anlam en yakın gövde cümlesinde (en_yakin_cumle sütunu)	Hamdallahi: 1862 — Masina başşehri ele geçirildi; Emîr Ahmed muharebede öldü	el-hac-omer	devletler.js:7473	TIRNAKLI:7454	devletler.js:7454	benzerlik-dusuk	YOK	el-Hâc Ömer 1862’de Mâsînâ’nın merkezi Hamdallahi’yi ele geçirip savaşta ölen Ahmed’in yerine kendisini emîr olarak ilân ettiyse de bölgede asayişi sağlayamadı. ⟂ Bir süre sonra tekrar yola çıkarak ve onu bulmak için önce Futa Calon’a, oradan da Mâsînâ’nın merkezi Hamdallahi’ye gitti.	ALINTI-264-1006c-A.diff
42	A	birebir yok; anlam en yakın gövde cümlesinde (en_yakin_cumle sütunu)	1854: Yelimane, Bambuk ve Farabanna ele geçirildi; Kaarta 11 Kasım 1854'te İslâm devleti olarak kuruldu	el-hac-omer	devletler.js:7485	TIRNAKLI:7466	devletler.js:7466	benzerlik-dusuk	YOK	1854 bir cihad yılı oldu; Yelimane, Bambuk ve Farabanna ele geçirildi. ⟂ el-Hâc Ömer, bir Bambara Krallığı olan Karta’yı mağlûp ederek İslâm devletini kurdu (11 Kasım 1854).	ALINTI-264-1006c-A.diff
43	A	birebir yok; anlam en yakın gövde cümlesinde (en_yakin_cumle sütunu)	Medine: 1857 — 25.000 askerle Fransız kalesine saldırıldı; Fransız kuvvetlerince püskürtüldü	el-hac-omer	devletler.js:7486	TIRNAKLI:7467	devletler.js:7467	benzerlik-dusuk	YOK	el-Hâc Ömer 25.000 kişilik bir ordu ile, bugün Mali Cumhuriyeti’ne ait Medine yerleşim bölgesindeki Fransız Kalesi’ne saldırdı (1857). ⟂ 1857’de Fransızlar’ın koruduğu Haso’yu aldıysa da onların üstün savaş gücü karşısında geriledi.	ALINTI-264-1006c-A.diff
44	A	birebir yok; anlam en yakın gövde cümlesinde (en_yakin_cumle sütunu)	Hamdallahi: 1862 — Masina başşehri ele geçirildi	el-hac-omer	devletler.js:7488	TIRNAKLI:7454,7469	devletler.js:7469	benzerlik-dusuk	YOK	el-Hâc Ömer 1862’de Mâsînâ’nın merkezi Hamdallahi’yi ele geçirip savaşta ölen Ahmed’in yerine kendisini emîr olarak ilân ettiyse de bölgede asayişi sağlayamadı. ⟂ Bir süre sonra tekrar yola çıkarak ve onu bulmak için önce Futa Calon’a, oradan da Mâsînâ’nın merkezi Hamdallahi’ye gitti.	ALINTI-264-1006c-A.diff
45	A	birebir yok; anlam en yakın gövde cümlesinde (en_yakin_cumle sütunu)	devlet 1893-1894 Fransız fethine kadar sürdü	el-hac-omer	devletler.js:7490	TIRNAKLI:7471	devletler.js:7471	benzerlik-dusuk	YOK	el-Hâc Ömer’in kurduğu devlet, Fransızlar’ın 1893-1894 yıllarında bölgeyi ele geçirmesine kadar varlığını sürdürmüştür. ⟂ Fransızlar’la mücadele etme zamanının henüz gelmediğine inanan el-Hâc Ömer, önce Batı Afrika’nın putperest halklarını müslümanlaştırmayı, daha sonra da bir İslâm devleti kurmayı planlıyordu.	ALINTI-264-1006c-A.diff
46	A	tırnak içinde '(özet)'	Erdel'in belli başlı şehirleri arasında Alba Julia (Gyulafehérvár) ve Sighişoara (Segesvár) sayılır; güneydeki Sekeller ili bölgesinin en önemli şehri Braşov'dur (özet).	erdel	isyan_tarama.js:78	TIRNAKLI:78	isyan_tarama.js:78:JS-DEGER-ALANI(elle)	yabanci-dil	YOK	Erdel’in belli başlı şehirleri sayılan Cluj (Macarca Koloszvár), Alba Julia (Macarca Gyulafehérvár), Turda (Macarca Torda, Almanca Thorenburg), Tirgul Mureş (Macarca Marosvasarhely), Sighişoara (Macarca Segesvar) bu engebeli fakat kolay geçit veren ovada kurulmuştur. ⟂ Önemli şehirleri arasında Oradea (Macarca Nagyvárad), Satulmare (Satmar), Arad’ın (Varad) bulunduğu, Macaristan ve eski Erdel arasında kalan bu bölgeyi Evliya Çelebi Orta Macar ili adıyla anmaktadır.	
47	A	tırnak içinde '(özet)'	Zsigmond Báthory (1581-1598, 1601-1602) Türklere karşı döndü; 1593-1606 savaşlarında Habsburglarla ve bir ara Mihal'le anlaşıp geçici olarak onlara tâbi oldu (özet).	erdel	isyan_tarama.js:143	TIRNAKLI:143	isyan_tarama.js:143:JS-DEGER-ALANI(elle)	yabanci-dil	YOK	Zsigmond, Osmanlı-Habsburg savaşları döneminde (1593-1606) Habsburglar ve bir ara Eflak Beyi Mihal ile anlaşmalar yapmış, hatta geçici olarak onlara tâbi olmuştur. ⟂ Istvan Báthory (1571-1576), Erdel’in Osmanlı ve Habsburglar arasında bir denge unsuru olmasını sağlayıp ülkesini geliştirmeyi başarmış, ancak halefleri, bilhassa Zsigmond Báthory (1581-1598, 1601-1602) Türkler aleyhine dönmüştür.	
48	A	tırnak içinde '(özet)'	Zsigmond'un dengesiz siyaseti Erdel'in yeniden Habsburg idaresine girmesine yol açtı (1601-1602); Osmanlı yanlısı Mózes Székely'nin girişimi başarısız oldu (özet).	erdel	isyan_tarama.js:205	TIRNAKLI:205	isyan_tarama.js:205:JS-DEGER-ALANI(elle)	yabanci-dil	YOK	Dengesiz bir siyaset takip eden Zsigmond sonuçta Erdel’in tekrar Habsburg idaresine girmesine yol açtı (1601-1602). ⟂ Istvan Báthory (1571-1576), Erdel’in Osmanlı ve Habsburglar arasında bir denge unsuru olmasını sağlayıp ülkesini geliştirmeyi başarmış, ancak halefleri, bilhassa Zsigmond Báthory (1581-1598, 1601-1602) Türkler aleyhine dönmüştür.	
49	T	erzincan: 'gün komşudan: Erzincan · TDV erzincan' atlasın kendi D207 formülü, alıntı değil	gün komşudan: Erzincan · TDV erzincan	erzincan	yerlesimler_anadolu_0914.js:33	TIRNAKLI:33		yakin-cumle-yok	YOK	Erzincan adının, Strabon’un İlkçağ’da bu bölgede bulunduğunu belirttiği Eriza şehrinden geldiği söylenir; yine bu bölgeden bahseden Grek kaynaklarında Aziris adıyla gösterilen şehrin de Erzincan olması mümkündür. ⟂ Şehrin adı Ermeni kaynaklarında Erez, Erzng ve Erznga; Bizans kaynaklarında Aringam (Arıngan), Arsingan, Erzingan; Arap kaynaklarında ise Erzencân şeklinde geçer.	
50	A	birebir yok; anlam en yakın gövde cümlesinde (en_yakin_cumle sütunu)	Zeyla‘ limanına giden ticaret yollarını elinde tutuyor ... Dâvaro, Erâbînî, Hedye, Şerhâ, Bâlî, Dâre	evfat	kronoloji_dogu_afrika.js:114	TIRNAKLI:114	kronoloji_dogu_afrika.js:114	sayisiz	YOK	Bunlar Devâro, Erâbînî, Hedye, Şerhâ, Bâlî ve Dâre’dir. ⟂ Habeşistan’ı Zeyla‘ Limanı’na bağlayan ticaret yolunun Evfât topraklarından geçmesi sebebiyle Evfâtlılar Habeşistan’ın kara ve deniz ticaretini ellerinde bulunduruyorlardı.	ALINTI-264-1006c-A.diff
51	A	birebir yok; anlam en yakın gövde cümlesinde (en_yakin_cumle sütunu)	Adal Emirliği Evfât'ın yerini aldı	evfat	kronoloji_dogu_afrika.js:164 · kronoloji_dogu_afrika.js:174	TIRNAKLI:164,174	kronoloji_dogu_afrika.js:164;kronoloji_dogu_afrika.js:174	sayisiz	YOK	Evfât Emirliği’nin yıkılmasından sonra Zeyla‘ın güneyindeki Adel Emirliği onun yerini aldı. ⟂ Yerine geçen oğlu Ali Şüve’yi de topraklarına katarak Evfât Emirliği’ni kurdu (684/1285).	ALINTI-264-1006c-A.diff
52	A	birebir yok; anlam en yakın gövde cümlesinde (en_yakin_cumle sütunu)	1920 Temmuzu'ndan itibaren Filistin'de mülkî bir manda idaresi kuruldu	filistin	devletler.js:7511 · yer_yama_manda_0906.js:354 · yer_yama_manda_0906.js:359 · yer_yama_manda_0906.js:364 · yer_yama_manda_0906.js:369 · yer_yama_manda_0906.js:390 · yer_yama_manda_0906.js:411 · yerlesimler.js:735 · yerlesimler.js:737 · yerlesimler.js:739 · yerlesimler.js:972 · yerlesimler.js:975 · yerlesimler.js:1493	TIRNAKLI:7492	devletler.js:7492;yer_yama_manda_0906.js:354;yer_yama_manda_0906.js:359;yer_yama_manda_0906.js:364;yer_yama_manda_0906.js:369;yer_yama_manda_0906.js:390;yer_yama_manda_0906.js:411;yerlesimler.js:735;yerlesimler.js:737;yerlesimler.js:739;yerlesimler.js:972;yerlesimler.js:975;yerlesimler.js:1493	sayi-tutmuyor	YOK	İngiltere, Temmuz 1920 tarihinden itibaren Filistin’de bir sivil manda yönetimi kurdu ve buna uygun bürokrasiyi faaliyete geçirerek bölgeyi gönderdiği bir yüksek komiser vasıtasıyla yönetmeye başladı. ⟂ Çünkü kısa bir müddet sonra İngiltere’nin girişimiyle Şeria nehrinin doğusundan itibaren ayrılan bugünkü Ürdün kısmı hariç hemen hemen Akdeniz, Lübnan, Suriye, Şeria nehri ve Ölüdeniz’den Kızıldeniz’in Akabe Limanı’na uzanan çizgi ile Mısır’a ait Sînâ yarımadasının çevrelediği yaklaşık 27.000 km 2 ’	ALINTI-264-1006c-A-KOORD.diff;ALINTI-264-1006c-A.diff
53	A	birebir yok; anlam en yakın gövde cümlesinde (en_yakin_cumle sütunu)	1543'te Nice'ye karşı ortak deniz harekâtı	fransa	kronoloji_fransa.js:290	TIRNAKLI:290	kronoloji_fransa.js:290	benzerlik-dusuk	YOK	1536’da Osmanlı-Fransız siyasî ilişkilerinin resmen kurulmasıyla başlayan iş birliği, 1543’te Nice şehrine karşı ortak bir deniz harekâtı ile geliştiği gibi ünlü Fransız elçisi Gabriel d’Aramon’un faaliyetleriyle daha da güçlendi. ⟂ Fransa Habsburglar’a karşı Osmanlı Devleti ile yeni bir ittifak yaptı (1 Şubat 1553) ve yine Fransız donanmasıyla Osmanlı donanması Akdeniz’de İspanyollar’a karşı ortak harekâtta bulundu.	ALINTI-264-1006c-A.diff
54	A	birebir yok; anlam en yakın gövde cümlesinde (en_yakin_cumle sütunu)	1740'ta I. Mahmud'un kapitülasyonları devamlılık kazandırması	fransa	kronoloji_fransa.js:460	TIRNAKLI:460	kronoloji_fransa.js:460	benzerlik-dusuk	YOK	Mahmud tarafından devamlılık kazandırıldı (1740). ⟂ Napolyon, Ortodoks kilisesi karşısında Katolikler’in savunuculuğunu üstlenerek Osmanlı Devleti’ndeki azınlık hakları ve kutsal makamlar meselesiyle yakından ilgilenmeye başladı ve 1740 kapitülasyonlarıyla Katolikler’e verilen hakları resmen talep etti.	ALINTI-264-1006c-A.diff
55	A	birebir yok; anlam en yakın gövde cümlesinde (en_yakin_cumle sütunu)	Ekim 1808'de Erfurt'ta Napolyon-Çar Aleksandr görüşmesi	fransa	kronoloji_fransa.js:695	TIRNAKLI:695	kronoloji_fransa.js:695	benzerlik-dusuk	YOK	Fakat 1808 Ekiminde Erfurt’ta Çar Aleksandr ile buluşan Napolyon bu defa Eflak-Boğdan’ı Rusya’ya bırakan yeni bir antlaşma yaptı ve bu tutum karşısında Osmanlı-Fransız ilişkileri iyice kötüleşti. ⟂ Lutherci ve Calvinci görüşler geniş halk kitlelerinde destek buldu.	ALINTI-264-1006c-A.diff
56	A	birebir yok; anlam en yakın gövde cümlesinde (en_yakin_cumle sütunu)	1827 (Navarin): müttefik donanmasının Osmanlı donanmasını yakması	fransa	kronoloji_fransa.js:740	TIRNAKLI:740	kronoloji_fransa.js:740	sayi-tutmuyor	YOK	Aynı yıl Navarin’de savaş halinde olmayan Osmanlı donanmasını yakan müttefik donanmasında Fransız filosu da vardı ve bu filo Mora’ya asker çıkardı. ⟂ Böylece Rusya ile savaş halinde olan, Navarin’de donanması yakılan ve Mora’yı kaybeden Osmanlı Devleti’nin yardım edemediği Cezayir’de Fransız hâkimiyeti devri başladı.	ALINTI-264-1006c-A.diff
57	A	birebir yok; anlam en yakın gövde cümlesinde (en_yakin_cumle sütunu)	1830 (14 Haziran): Fransa'nın Cezayir işgali	fransa	kronoloji_fransa.js:750	TIRNAKLI:750	kronoloji_fransa.js:750	benzerlik-dusuk	YOK	Fransa 14 Haziran 1830’da, Akdeniz’deki rakibi İngiltere’nin Hindistan’la uğraşmasından faydalanarak öteden beri ele geçirmek için fırsat kolladığı Cezayir’e büyük bir donanma gönderdi ve burayı işgal etti. ⟂ Napolyon’un Mısır’ı işgaliyle (1798) başlatılan İslâm ülkelerine hâkim olma siyaseti 1830’da Cezayir’de, daha sonra da diğer Mağrib ülkeleriyle Kara Afrika’da uygulamaya konulmuş ve bunun sonucunda Fransız pasaportu taşıyan müslüman nüfus çoğalmıştır.	ALINTI-264-1006c-A.diff
58	A	birebir yok; anlam en yakın gövde cümlesinde (en_yakin_cumle sütunu)	16 Mayıs 1916: Sykes-Picot Antlaşması	fransa	kronoloji_fransa.js:965	TIRNAKLI:965	kronoloji_fransa.js:965	benzerlik-dusuk	YOK	Bu sırada Batılı müttefikler kendi aralarında Osmanlı Devleti’ni paylaşmak üzere Sykes-Picot (16 Mayıs 1916), Saint Jean de Maurienne (17 Nisan 1917) ve San Remo (25 Nisan 1920) antlaşmalarını yaptılar; Suriye, Lübnan ve Güneydoğu Anadolu illeri Fransızlar’ın payına düştü. ⟂ Ancak 13 Mart - 7 Mayıs 1954 günleri arasında cereyan eden ve Fransız kuvvetlerinin General Vo Nguyen Giap kumandasındaki Vietnam ordusu karşısında Fransa tarihinin en trajik hezimetine uğradığı Dien Bien Phu Savaşı’ndan sonra Cenevre’de barış antlaşması imzalamak ve bölgeyi tamamen terketmek zorund	ALINTI-264-1006c-A.diff
59	A	birebir yok; anlam en yakın gövde cümlesinde (en_yakin_cumle sütunu)	17 Nisan 1917: Saint Jean de Maurienne Antlaşması	fransa	kronoloji_fransa.js:980	TIRNAKLI:980	kronoloji_fransa.js:980	benzerlik-dusuk	YOK	Bu sırada Batılı müttefikler kendi aralarında Osmanlı Devleti’ni paylaşmak üzere Sykes-Picot (16 Mayıs 1916), Saint Jean de Maurienne (17 Nisan 1917) ve San Remo (25 Nisan 1920) antlaşmalarını yaptılar; Suriye, Lübnan ve Güneydoğu Anadolu illeri Fransızlar’ın payına düştü. ⟂ 28 Ocak 1871’de mütareke yapıldı ve bundan bir ay sonra geçici hükümet Alsace ve Lorrain’i Almanlar’a bırakan Frankfurt Antlaşması’nı imzaladı.	ALINTI-264-1006c-A.diff
60	A	birebir yok; anlam en yakın gövde cümlesinde (en_yakin_cumle sütunu)	25 Nisan 1920: San Remo Antlaşması	fransa	kronoloji_fransa.js:995	TIRNAKLI:995	kronoloji_fransa.js:995	benzerlik-dusuk	YOK	Bu sırada Batılı müttefikler kendi aralarında Osmanlı Devleti’ni paylaşmak üzere Sykes-Picot (16 Mayıs 1916), Saint Jean de Maurienne (17 Nisan 1917) ve San Remo (25 Nisan 1920) antlaşmalarını yaptılar; Suriye, Lübnan ve Güneydoğu Anadolu illeri Fransızlar’ın payına düştü. ⟂ Mondros Mütarekesi (30 Ekim 1918) ve Sevr Antlaşması (10 Ağustos 1920) sadece önceki antlaşmaların Osmanlı Devleti’ne zorla kabul ettirilmesi anlamına geliyordu.	ALINTI-264-1006c-A.diff
61	A	birebir yok; anlam en yakın gövde cümlesinde (en_yakin_cumle sütunu)	20 Ekim 1921: Ankara Antlaşması (Hatay'ın özel statüsü)	fransa	kronoloji_fransa.js:1010	TIRNAKLI:1010	kronoloji_fransa.js:1010	benzerlik-dusuk	YOK	Bu yenilgi Fransa’yı anlaşma masasına oturmaya zorladı ve 20 Ekim 1921’de Ankara hükümetiyle Ankara Antlaşması’nı imzaladı; bu antlaşma ile Türkiye-Suriye sınırına bugünkü şekli verilirken Hatay özel bir statüyle dışarıda bırakıldı. ⟂ Mondros Mütarekesi (30 Ekim 1918) ve Sevr Antlaşması (10 Ağustos 1920) sadece önceki antlaşmaların Osmanlı Devleti’ne zorla kabul ettirilmesi anlamına geliyordu.	ALINTI-264-1006c-A.diff
62	A	birebir yok; anlam en yakın gövde cümlesinde (en_yakin_cumle sütunu)	1901: Aşanti toprakları İngiliz idaresi altına girdi	gana	devletler.js:5008	TIRNAKLI:4989	devletler.js:4989	benzerlik-dusuk	YOK	Ardından da Aşanti Devleti’nin bütün toprakları İngiltere’nin hâkimiyetine geçti (1901); bir yıl sonra da bugünkü Gana topraklarının tamamı İngiliz sömürgesi oldu. ⟂ Daha sonra kuzeydeki topraklar Altın Sahili’ne bağlı bir himaye idaresine dahil edildi ve I.	ALINTI-264-1006c-A.diff
63	A	birebir yok; anlam en yakın gövde cümlesinde (en_yakin_cumle sütunu)	İlhanlı Hükümdarı Olcaytu'nun 1306-07'deki başarısız ilhak girişiminden sonra	gilan	devletler.js:650	TIRNAKLI:640	devletler.js:640	sayi-tutmuyor	YOK	İlhanlı Hükümdarı Olcaytu 706’da (1306) Gîlân’ı kendi topraklarına kattıysa da burada tutunamadı ve ertesi yıl bölgeden uzaklaştı. ⟂ Daha sonra Gîlân’a Ziyârîler (927-1090) ve Büveyhîler (932-1062) hâkim oldu.	ALINTI-264-1006c-A.diff
64	A	birebir yok; anlam en yakın gövde cümlesinde (en_yakin_cumle sütunu)	Yaklaşık 1747'de İbrâhim Mûsâ önderliğinde bağımsız bir İslâm devleti	gine	devletler.js:2533	TIRNAKLI:2514	devletler.js:2514	benzerlik-dusuk	YOK	yüzyılın ortalarına kadar yerli Dialonkeler’in otoritesi altında yaşayan Fûlânîler, bu tarihlerde dindar bir kişi olan İbrâhim Mûsâ’nın önderliğinde müslüman olmayanlara karşı başlattıkları cihad sonunda bağımsız bir İslâm devleti kurdular (1747) ve cihadı temel politikalarından biri olarak benimsed ⟂ Eskiden Fransız Ginesi (Guinée française) adıyla bilinen bir sömürge iken 1958 yılında bağımsızlığını ilân etmiş ve 1969’da İslâm Konferansı Teşkilâtı’na üye olmuş bir cumhuriyettir.	ALINTI-264-1006c-A.diff
65	A	birebir yok; anlam en yakın gövde cümlesinde (en_yakin_cumle sütunu)	Ture din temelli merkezî bir devlet kurdu	gine	devletler.js:2645	TIRNAKLI:2626	devletler.js:2626	sayisiz	YOK	yüzyılın ortalarına kadar yerli Dialonkeler’in otoritesi altında yaşayan Fûlânîler, bu tarihlerde dindar bir kişi olan İbrâhim Mûsâ’nın önderliğinde müslüman olmayanlara karşı başlattıkları cihad sonunda bağımsız bir İslâm devleti kurdular (1747) ve cihadı temel politikalarından biri olarak benimsed ⟂ Onun kurduğu, başşehri Kankan yakınlarındaki Bissandugu olan devlet dine dayalı idi ve merkezî yapıdaydı.	ALINTI-264-1006c-A.diff
66	A	birebir yok; anlam en yakın gövde cümlesinde (en_yakin_cumle sütunu)	Kankan — Diafunu'dan gelen müslüman Mandinka yerleşimcilerce kuruldu; Gine'nin iç kesimindeki başlıca şehir oldu	gine	devletler.js:3598	TIRNAKLI:3579	devletler.js:3579	sayisiz	YOK	Diafunu’dan gelen müslüman Mandinkalar Kankan, Bate, Kuafodie, Tintiule gibi şehirleri kurarak Gine’nin iç kısımlarına yerleştiler. ⟂ Özellikle Mağrib’den gelen müslüman tüccarlar, Mağrib-Gāne kervan yolunun geçtiği yerlerde kasabalar ve pazar yerleri kurarak İslâmiyet’in bölgeye yayılmasında rol oynamışlardır.	ALINTI-264-1006c-A.diff
67	A	birebir yok; anlam en yakın gövde cümlesinde (en_yakin_cumle sütunu)	1852-1854: Transvaal ve Orange cumhuriyetlerinin bağımsızlığı tanındı	guney-afrika-cumhuriyeti	devletler.js:7405	TIRNAKLI:7386	devletler.js:7386	benzerlik-dusuk	YOK	Güneydoğuda bağımsız bir devlet olan Lesotho’yu tamamen kuşatır; bağımsız statüleri milletlerarası alanda tanınmayan Transkei, Bophuthatsvana, Venda ve Ciskei cumhuriyetleri hariç tutulduğunda yüzölçümü 1.123.226 km 2 , nüfusu 1990 sayımına göre 30.797.000 (dört cumhuriyetle birlikte yüzölçümü 1.221 ⟂ İngilizler’in 1833’te köleliği kaldırmasına şiddetle karşı çıkan Boerler 1834-1835’te Cape kolonisinden tamamen ayrıldılar ve “büyük göç” (grand trek) denilen bir hareketle kuzeye yönelerek Zulular’ı topraklarından atıp Natal, Transvaal ve Orange bağımsız cumhuriyetlerini kurdular.	ALINTI-264-1006c-A.diff
68	A	birebir yok; anlam en yakın gövde cümlesinde (en_yakin_cumle sütunu)	1877: İngilizlerin Transvaal'i ilhakı	guney-afrika-cumhuriyeti	devletler.js:7406	TIRNAKLI:7387	devletler.js:7387	benzerlik-dusuk	YOK	1868-1870 yıllarında Orange ve Vaal ırmakları arasındaki bölgede elmas yataklarının bulunmasından sonra hem İngilizler hem de Boerler bölge üzerinde hak iddia etmeye başladılar ve aralarında çıkan sürtüşme 1877’de İngilizler’in Transvaal’i ilhakıyla sonuçlandı. ⟂ İngiltere’nin ilhakından sonra binlerce elmas arayıcısının hücumuna uğrayan Transvaal’de bunlara siyasî hak verilmesini isteyen İngilizler’le Boerler arasında yeniden anlaşmazlık çıktı; ayaklanarak silâha sarılan Boerler İngilizler’i Majuba Hill Savaşı’nda yenip tekrar bağımsızlıklarını elde ettiler	ALINTI-264-1006c-A.diff
69	A	birebir yok; anlam en yakın gövde cümlesinde (en_yakin_cumle sütunu)	1881: Majuba Hill Savaşı'nda Boerlerin zaferi	guney-afrika-cumhuriyeti	devletler.js:7407	TIRNAKLI:7388	devletler.js:7388	benzerlik-dusuk	YOK	İngiltere’nin ilhakından sonra binlerce elmas arayıcısının hücumuna uğrayan Transvaal’de bunlara siyasî hak verilmesini isteyen İngilizler’le Boerler arasında yeniden anlaşmazlık çıktı; ayaklanarak silâha sarılan Boerler İngilizler’i Majuba Hill Savaşı’nda yenip tekrar bağımsızlıklarını elde ettiler ⟂ Rhodes’in Boerler’den, gittikçe çoğalan altın ve elmas arayıcısı yabancı işçilerin haklarının korunmasını istemesi üzerine aralarında savaş çıktı.	ALINTI-264-1006c-A.diff
70	A	birebir yok; anlam en yakın gövde cümlesinde (en_yakin_cumle sütunu)	1899-1902: İkinci Boer Savaşı	guney-afrika-cumhuriyeti	devletler.js:7412	TIRNAKLI:7393	devletler.js:7393	benzerlik-dusuk	YOK	Boerler Savaşı denilen ve 1899’dan 1902’ye kadar süren bu çatışma Boerler’in yenilgisi ve devletlerinin doğrudan İngiltere’ye bağlı iki eyalet haline getirilmesiyle sonuçlandı. ⟂ yüzyılda sömürgeci devletler arasında rekabetin kızışması üzerine 1773’ten itibaren İngilizler’le Hollandalılar arasında birkaç defa el değiştiren Kaapstad, Napolyon savaşları sırasında Fransızlar’ın eline geçmesini önlemek için İngilizler tarafından bir defa daha işgal edildi (1795).	ALINTI-264-1006c-A.diff
71	A	birebir yok; anlam en yakın gövde cümlesinde (en_yakin_cumle sütunu)	Hüfûf ve Katîf üzerine sefer	halid-beni-halid	yer_yama.js:464	TIRNAKLI:464	yer_yama.js:464	sayisiz	YOK	Mâcid ve Muhammed kardeşler, İbrâhim Paşa’nın kumandanı Muhammed el-Kâşif’in bölgeye varmasından önce Hüfûf ve Katîf üzerine bir sefer düzenlediler. ⟂ Yeni emîr de babası gibi ölümüne (1691) kadar Necid’deki Yemâme ve Südeyr üzerine birçok sefer düzenledi.	ALINTI-264-1006c-A-KOORD.diff
72	A	birebir yok; anlam en yakın gövde cümlesinde (en_yakin_cumle sütunu)	Nûr b. el-Mücâhid (Sâhibü'l-fethi's-sânî) zamanında şehrin surları yeniden yapıldı	harar	kronoloji_dogu_afrika.js:269	TIRNAKLI:269	kronoloji_dogu_afrika.js:269	sayisiz	YOK	Sâhibü’l-Feth es-Sânî unvanını alan Nûr kısa zamanda orduyu tekrar toparladı ve muhtemelen Türk elemanlardan da faydalanarak devleti yeniden teşkilâtlandırdı; bu arada Harar’ın yıkılan surlarını tamir ettirdi. ⟂ O sırada Cildessa’da bulunan İtalyan birliğine yapılan saldırıda bazı askerlerin öldürülmesi ve Habeşistan’ın merkezi olan Şava’daki (Adisababa) İtalyan danışmanın meliki Harar’ı işgal etmesi hususunda kışkırtması sonucunda Habeş ordusu 20.000 askerle şehrin üzerine yürüdü (Kasım 1886).	ALINTI-264-1006c-A.diff
73	A	birebir yok; anlam en yakın gövde cümlesinde (en_yakin_cumle sütunu)	Bağımsızlığını 11 Ekim 1724'te ilan etmiştir	haydarabad-nizamligi	devletler.js:6475	TIRNAKLI:6456	devletler.js:6456	benzerlik-dusuk	YOK	Bu sırada Dekken valiliğine tayin edilmiş olan Mübâriz Han’ın kendisini durdurmak istemesi üzerine çıkan savaşta kesin bir zafer kazandı ve fiilen bağımsızlığını ilân etti (11 Ekim 1724); bir süre sonra da Muhammed Şah’a gelişmelerden dolayı üzüntü duyduğunu bildiren bir mektup yazarak bağlılığını b ⟂ Bâbürlüler’e bağlı bir eyalet iken (Dekken Sûbedarlığı) 1713-1724 yılları arasında vali olan Nizâmülmülk Âsafcâh Kamerüddin Çîn Kılıç Han’ın bağımsızlığını ilân etmesiyle ortaya çıkmıştır.	ALINTI-264-1006c-A.diff
74	M	UMIT-W49c-P3-3b-gorunen-alan-kardes-kaynak-1006b.diff (UYGULANMADI) tırnağı işliyor	mâliye bakanının ikili denetimi	himaye	ekokuma_p76g.js:79	TIRNAKLI:79		yakin-cumle-yok	YOK		
75	T	hotin: W30 kesme işaretinden ayrıştırdı (çıkarılma'yı … ('1711'den) — tırnak değil	çıkarılma'yı 1711 SONRASINA koyar ve gün vermez (	hotin	ekokuma_karadeniz.js:122	TIRNAKLI:122		yakin-cumle-yok	YOK	1711’den sonra Boğdan’dan alınıp doğrudan Osmanlı idaresine sokuldu ve önce bir nahiye, sonra da sancak statüsü verildi. ⟂ Bender’de yeni bir Osmanlı sancağı kurulduktan sonra Hotin Rareş’e geri verildi.	
76	A	birebir yok; anlam en yakın gövde cümlesinde (en_yakin_cumle sütunu)	Portekizliler ikinci muhasaradan sonra adayı ele geçirip sultanı kendilerine bağladılar	hurmuz--iran	kronoloji_portekiz.js:227	TIRNAKLI:227	kronoloji_portekiz.js:227	sayisiz	YOK	Fakat yedi yıl sonra tekrar kuşattığında sultanın metbûu Şah İsmâil’in o yıllarda Osmanlı Devleti ile mücadele etmesinden de yararlanarak adayı ele geçirdi ve İran’ın vasalı olan sultanı Portekiz’e bağladı (1514). ⟂ Cerûn adasına Hürmüz denilmeye başlanmasından sonra adanın anakara ile bağlantısını sağlayan karşı sahildeki küçük Şahrû İskelesi Cerûn’dan bozulma Gamrûn adıyla tanınır olmuş ve 1622’de Şah I.	ALINTI-264-1006c-A.diff
77	A	ilhanlilar ÖZETİ, ASCII'ye çevrilmiş + başlık eklenmiş — birebir değil	ILHANLILAR - Iran'da kurulan bir Mogol devleti (1256-1353)	ilhanlilar	yer_yama_ok109_fetret.js:48 · yer_yama_ok109_fetret.js:90 · yer_yama_ok109_fetret.js:137 · yer_yama_ok109_fetret.js:214 · yer_yama_ok109_fetret.js:256 · yer_yama_ok109_fetret.js:351 · yer_yama_ok109_fetret.js:441 · yer_yama_ok109_fetret.js:502 · yer_yama_ok109_fetret.js:928 · yer_yama_ok109_fetret.js:970 · yer_yama_ok109_fetret.js:1060 · yer_yama_ok109_fetret.js:1102 · yer_yama_ok109_fetret.js:1144 · yer_yama_ok109_fetret.js:1378 · yer_yama_ok109_fetret.js:1474 · yerlesimler.js:741 · yerlesimler.js:742 · yerlesimler.js:744 · yerlesimler.js:745 · yerlesimler.js:1856 · yerlesimler.js:1857 · yerlesimler.js:1859 · yerlesimler.js:1860 · yerlesimler.js:1864 · yerlesimler.js:1869 · yerlesimler.js:1870 · yerlesimler.js:1876 · yerlesimler.js:1877 · yerlesimler.js:1878 · yerlesimler.js:1879 · yerlesimler.js:1883 · yerlesimler.js:1884 · yerlesimler.js:1885 · yerlesimler.js:1886 · yerlesimler.js:1888 · yerlesimler.js:1889 · yerlesimler.js:1890 · yerlesimler.js:1891 · yerlesimler.js:1896 · yerlesimler.js:1897 · yerlesimler.js:1901 · yerlesimler.js:1902 · yerlesimler.js:1905 · yerlesimler_kalite4.js:30	TIRNAKLI:48,90,137,214,256	yer_yama_ok109_fetret.js:48;yer_yama_ok109_fetret.js:90;yer_yama_ok109_fetret.js:137;yer_yama_ok109_fetret.js:214;yer_yama_ok109_fetret.js:256;yer_yama_ok109_fetret.js:351;yer_yama_ok109_fetret.js:441;yer_yama_ok109_fetret.js:502;yer_yama_ok109_fetret.js:928;yer_yama_ok109_fetret.js:970;yer_yama_ok109_fetret.js:1060;yer_yama_ok109_fetret.js:1102;yer_yama_ok109_fetret.js:1144;yer_yama_ok109_fetret.js:1378;yer_yama_ok109_fetret.js:1474;yerlesimler.js:741;yerlesimler.js:742;yerlesimler.js:744;yerlesimler.js:745;yerlesimler.js:1856;yerlesimler.js:1857;yerlesimler.js:1859;yerlesimler.js:1860;yerlesimler.js:1864;yerlesimler.js:1869;yerlesimler.js:1870;yerlesimler.js:1876;yerlesimler.js:1877;yerlesimler.js:1878;yerlesimler.js:1879;yerlesimler.js:1883;yerlesimler.js:1884;yerlesimler.js:1885;yerlesimler.js:1886;yerlesimler.js:1888;yerlesimler.js:1889;yerlesimler.js:1890;yerlesimler.js:1891;yerlesimler.js:1896;yerlesimler.js:1897;yerlesimler.js:1901;yerlesimler.js:1902;yerlesimler.js:1905;yerlesimler_kalite4.js:30	sayi-tutmuyor	YOK	Bu suretle başşehri Tebriz olmak üzere İran’da kurulan (1256) ve 1295 yılından itibaren tam bağımsız hale gelen devlet, Hülâgû’nun taşıdığı ilhan unvanına nisbeten İlhanlılar adıyla anılmıştır. ⟂ Moğol Büyük Hanı Mengü (Möngke) 1253 yılında kurultay kararı ile kardeşi Hülâgû’yu İran, Irak, Suriye, Mısır, Kafkasya ve Anadolu’yu ele geçirip buraları kendisine tâbi bir “ilhan” (il+han “bölge hükümdarı”) olarak idare etmek üzere görevlendirdi.	ALINTI-264-1006c-A-KOORD.diff
78	A	birebir yok; anlam en yakın gövde cümlesinde (en_yakin_cumle sütunu)	26 Mart 1451'de yapılan anlaşmaya göre İskender Bey kralın tâbii oldu. İskender Bey yılda 1500 duka tahsisat alacaktı.	iskender-bey	kronoloji_cok_arnavut.js:55	TIRNAKLI:55	kronoloji_cok_arnavut.js:55	sayi-tutmuyor	YOK	26 Mart 1451’de yapılan anlaşmaya göre İskender Bey kralın tâbii oldu. ⟂ İskender Bey yılda 1500 duka tahsisat alacaktı.	ALINTI-264-1006c-A.diff
79	A	birebir yok; anlam en yakın gövde cümlesinde (en_yakin_cumle sütunu)	Suçeva ... Osmanlılar geri aldı	karlofca	hukuki_sinirlar.js:247	TIRNAKLI:247	hukuki_sinirlar.js:247	sayisiz	YOK	Bunlara karşılık Boğdan’da Leh işgali altındaki Suçeva (Suczawa), Roman, Nemçe (Njamtzo), Soroka ve Kampulek kalelerini geri alıyordu. ⟂ Bu antlaşmayla Osmanlı Devleti, önemli ölçüde toprak kayıplarına uğramakla birlikte kaybedilen yerleri yeniden geri alabilme stratejisini başarıyla uygulayarak barış görüşmelerini sonuçlandırmıştır.	ALINTI-264-1006c-A.diff
80	A	birebir yok; anlam en yakın gövde cümlesinde (en_yakin_cumle sütunu)	1437'de Uluğ Muhammed Han ... Saray'dan ayrılıp Kazan'a geldi	kazan-hanligi	kronoloji_altinorda.js:279	TIRNAKLI:279	kronoloji_altinorda.js:279	benzerlik-dusuk	YOK	Birinci görüşe göre hanlık, 1437 yılında Altın Orda hanlarından Uluğ Muhammed Han’ın tahtının elinden alınması üzerine Saray’dan ayrılarak Kazan iline gelmesiyle kurulmuştur. ⟂ Altın Orda’nın başşehri Saray’dan ailesi ve 3000 kadar askeriyle ayrılmak zorunda kalan Uluğ Muhammed Han tahtını yeniden ele geçirmek için faaliyete girişti.	ALINTI-264-1006c-A.diff
81	A	birebir yok; anlam en yakın gövde cümlesinde (en_yakin_cumle sütunu)	1330'larda ... çoğunluğu Cenevizli	kefe	kronoloji_altinorda.js:135	TIRNAKLI:135	kronoloji_altinorda.js:135	yakin-cumle-yok	YOK	1330’lu yıllarda Kefe’yi gören İbn Battûta buranın halkının çoğunluğunu Cenevizliler’in teşkil ettiğini, ancak müslümanlara ait mescidlerin de bulunduğunu, limanının yaklaşık 200 gemi alabilecek kapasitede olduğunu yazar ( Seyahatnâme , I, 358-359). ⟂ İlkçağ’lardan itibaren Kıpçak steplerini Karadeniz’e, Anadolu yarımadasına ve özellikle İstanbul’a bağlayan önemli bir liman ve yerleşme yeri olarak ön plana çıkmıştır.	ALINTI-264-1006c-A.diff
82	A	birebir yok; anlam en yakın gövde cümlesinde (en_yakin_cumle sütunu)	1434: Hacı Giray Cenevizliler'i yener, meşrû hâkim olur	kefe	kronoloji_altinorda.js:273	TIRNAKLI:273	kronoloji_altinorda.js:273	benzerlik-dusuk	YOK	Hacı Giray, 1434 yılında Cenevizliler’i ağır bir bozguna uğrattıktan sonra onlarla yaptığı antlaşmada Kefe’nin hukukî bakımdan hâkimi oldu. ⟂ Hacı Giray zamanında Kefe Cenevizlileri’ne karşı Kırım Hanlığı ve Osmanlı Devleti ittifak içinde bulundular.	ALINTI-264-1006c-A.diff
83	A	birebir yok; anlam en yakın gövde cümlesinde (en_yakin_cumle sütunu)	Haziran 1475: Gedik Ahmed Paşa 100 gemilik donanmayla fetheder	kefe	kronoloji_altinorda.js:303	TIRNAKLI:303	kronoloji_altinorda.js:303	benzerlik-dusuk	YOK	Fâtih Sultan Mehmed, Gedik Ahmed Paşa’yı 100 parçalık bir donanma ile Kefe seferine gönderdi, harekât sonunda Kefe ile beraber bütün sahil şeridi fethedildi (Safer 880 / Haziran 1475). ⟂ Fâtih Sultan Mehmed İstanbul’u fethederek Ceneviz’in Kuzey ve Güney Karadeniz’deki kolonileriyle bağlantısını kesti.	ALINTI-264-1006c-A.diff
84	A	birebir yok; anlam en yakın gövde cümlesinde (en_yakin_cumle sütunu)	Basra alınınca Osmanlı savaş ilan etti	kerim-han-zend	ekokuma_korfez.js:52	TIRNAKLI:52	ekokuma_korfez.js:52	sayisiz	YOK	İsmâil’in vekili olduğunu resmen ilân etti ve bundan kısa bir süre sonra da Horasan hariç bütün İran’da hâkimiyet sağladı. ⟂ Bunun üzerine aynı yıl İran’a karşı savaş ilân edildi.	ALINTI-264-1006c-A.diff
85	V	kilitbahir-kalesi madde ÖZETİ birebir — W30'un 'Kilitbahir çelişki adayı' notu bu yüzden boşa düşer	İstanbul'un fethinden sonra yapılmış kale	kilitbahir-kalesi	yer_yama_tbmm_1920_0905.js:3125 · yerlesimler.js:303	TIRNAKLI:3125		sayisiz	TAM/OZET	Evliya Çelebi, İstanbul’un fethinden hemen sonra yapıldığı tahmin edilen kalenin fetihten önce 856’da (1452) inşa edildiğini belirtir. ⟂ Dönemin tarihçilerinden Tursun Bey, İstanbul’un fethinin ardından boğazın en dar yerinde Eceovası denilen mevkide karşılıklı iki kale yapıldığını, birine Kilîdü’l-bahr, diğerine Sultâniye adının verildiğini ve bu kalelere toplar konulduğunu yazar.	
86	A	birebir yok; anlam en yakın gövde cümlesinde (en_yakin_cumle sütunu)	Anadolu kazaskeri olarak görevli iken II. Selim'in maiyetinde Edirne meştâsında (kampında) vefat etti	kinalizade-ali-efendi	yer_yama.js:422	TIRNAKLI:422	yer_yama.js:422	yabanci-dil	YOK	Selim’in maiyetinde Edirne meştâsında muhtemelen bir sefer hazırlığı esnasında nikris hastalığının nüksetmesi neticesinde vefat etti (6 Ramazan 979 / 22 Ocak 1572). ⟂ Son olarak Abdülkadir Şeyhî Efendi’nin yerine Anadolu kazaskeri oldu (Muharrem 979 / Haziran 1571).	ALINTI-264-1006c-A-KOORD.diff
87	T	kirim: 1783'ü … 'yaz — kesme işaretlerinden ayrıştırılmış atlas notu	8 Nisan 1783'ü üslup belirtmeden eski üslupla yazıyor; Duma ve RIO 19 Nisan'ı aynı gün olarak veriyor (fark 11 gün). Çelik yemin için Potemkin'in 23 Temmuz mektubunu ve Karasu'da 21 Temmuz 1783 tarihli Osmanlı belgesini veriyor — metinde yalnız 'yaz	kirim	ekokuma_karsi.js:154	TIRNAKLI:154		yakin-cumle-yok	YOK	Rus Generali Potemkin çoluk çocuk ayırt etmeden 30.000 Kırımlı’yı katlettirdi (Howorth, II, 601) ve Kırım çarlığın bir vilâyeti haline getirildi (8 Nisan 1783). ⟂ 1197’ye (1783) kadar Osmanlı himayesinde Kırım hanları tarafından idare edilen yarımada bu tarihte tamamen Ruslar’ın kontrolü altına girmiştir.	
88	D	kirim: veride 'birkaç kez sefer düzenledi ifadesi' diye TDV'ye atfedilmiş; 'birkaç kez/defa sefer' gövdede 0 isabet	birkaç kez sefer düzenledi	kirim	yer_yama.js:656	TIRNAKLI:656		yakin-cumle-yok	YOK	Osmanlılar, 970’ten (1563) beri kuzeyde Astarhan’a bir sefer düzenlemeyi ciddi olarak müzakereye başlamışlardı. ⟂ Fakat bu durum geçici oldu, Fâtih Sultan Mehmed’in Kefe seferine kadar Cenevizliler Kırım’daki kolonilerini ellerinde tuttular.	
89	T	kopru: 'ordu ve ağırlık geçer' atlasın kendi kademe tanımı (kayıt bunu açıkça söylüyor)	ordu ve ağırlık geçer	kopru	gecitler.js:219	TIRNAKLI:219		yakin-cumle-yok	YOK	Kanûnî Sultan Süleyman’ın Karaboğdan seferinde (1538) ordunun ağırlıklarıyla birlikte Prut nehrini geçebilmesi için Mimar Sinan’ın yaptığı muhkem ahşap köprü çok beğenilmiş ve sonradan kendisinin mimarbaşılığa tayinine sebep olmuştur. ⟂ Sekiz ton ağırlığındaki blok taşlarla harçsız olarak inşa edilen bu altı gözlü köprü sebebiyle Emevîler yanına kurdukları yeni şehre el-Kantara (köprü [kemer]) adını vermişlerdir.	
90	A	birebir yok; anlam en yakın gövde cümlesinde (en_yakin_cumle sütunu)	taraflar İngiltere'den yardım talep edince Osmanlılar endişelenip Mübârek'in kaymakamlığını 1897'de onayladı	kuveyt	devletler.js:7737	TIRNAKLI:7718	devletler.js:7718	yabanci-dil	YOK	Fakat tarafların İngiltere’den yardım istemeleri üzerine irsiyet kavgalarının Küveyt’te meydana getireceği tehlikeyi sezerek Mübârek’in kaymakamlığını tasdik etti (1897). ⟂ Osmanlı Devleti batıda başka meselelerle uğraştığından Küveyt kaymakamı olan şeyhler İngiltere’den çekinerek Osmanlı yönetiminden uzaklaştılar.	ALINTI-264-1006c-A.diff
91	A	birebir yok; anlam en yakın gövde cümlesinde (en_yakin_cumle sütunu)	1547: Osmanlı Devleti bölgeyi Basra beylerbeyiliğine bağladı.	lahsa	kronoloji_arabistan.js:431 · yer_yama.js:463	TIRNAKLI:431	kronoloji_arabistan.js:431;yer_yama.js:463	benzerlik-dusuk	YOK	Bu devletin ortadan kalkmasının ardından bölge çeşitli kabilelerin mücadele sahnesi haline geldi; Âl-i Ecved’in elinde iken Portekiz tehlikesinin baş göstermesi üzerine Osmanlı Devleti tarafından hâkimiyet altına alınarak Basra beylerbeyiliğine bağlandı (1547). ⟂ Buna karşılık Osmanlı Devleti de Benî Hâlid’le yumuşak bir siyaset içine girmiş ve reislerini hoş tutarak bağlılıklarını temin edip bölgenin yönetimi için kendilerinden yararlanmıştır.	ALINTI-264-1006c-A-KOORD.diff;ALINTI-264-1006c-A.diff
92	A	birebir yok; anlam en yakın gövde cümlesinde (en_yakin_cumle sütunu)	1553 sonrası: Lahsâ beylerbeyiliğe yükseltildi; Âl-i Hamîd kabilesi yönetimde.	lahsa	kronoloji_arabistan.js:437	TIRNAKLI:437	kronoloji_arabistan.js:437	benzerlik-dusuk	YOK	Muhtemelen 1553’ten sonra beylerbeyiliğe yükseltilen Lahsâ’da bazan İbn Hamîd adıyla da anılan Benî Hâlid kabilesinden Âl-i Hamîd kışlıyor ve sâlyâne olarak 200.000 akçe alıyordu. ⟂ Bu devletin ortadan kalkmasının ardından bölge çeşitli kabilelerin mücadele sahnesi haline geldi; Âl-i Ecved’in elinde iken Portekiz tehlikesinin baş göstermesi üzerine Osmanlı Devleti tarafından hâkimiyet altına alınarak Basra beylerbeyiliğine bağlandı (1547).	ALINTI-264-1006c-A.diff
93	A	birebir yok; anlam en yakın gövde cümlesinde (en_yakin_cumle sütunu)	1818: Kavalalı Mehmed Ali Paşa'nın oğlu İbrâhim Paşa'nın harekâtı; Suudi liderleri idam edildi.	lahsa	kronoloji_arabistan.js:473	TIRNAKLI:473	kronoloji_arabistan.js:473	benzerlik-dusuk	YOK	Osmanlı Devleti 1818’de, bölgede etkili olan Vehhâbîlik hareketini önlemek için Mısır Valisi Kavalalı Mehmed Ali Paşa’ya emir verdi. ⟂ Mehmed Ali Paşa, oğlu İbrâhim Paşa’yı Necid ve Lahsâ tarafına Suûdîler’le mücadeleye gönderdi ve bölgede yeniden Osmanlı hâkimiyeti kuruldu.	ALINTI-264-1006c-A.diff
94	A	atıf TDV libya; metin aslında AMMÂROĞULLARI başlığı + ammarogullari--trablusgarp ÖZETİ (GET 200; 'ammarogullari' slug'ı 302) — kaynak işareti DÜZELTİLMELİ	AMMÂROĞULLARI 1327-1401 yılları arasında Trablusgarp'ta hüküm süren bir hânedan.	libya	devletler.js:7612	TIRNAKLI:7593	devletler.js:7593	yakin-cumle-yok	YOK	Ammâr şehre hâkim oldu, böylece Ammâroğulları (Benî Ammâr) hânedanının temeli atıldı (727/1327). ⟂ Muhammed, Trablusgarp’ı tekrar ele geçirerek (772/1370-71) Benî Ammâr hânedanını yeniden kurdu ve Hafsîler’e bağlılık arzetti.	ALINTI-264-1006c-A.diff
95	D	madagaskar: Betsileo yalnız etnik grup listesinde; 'güney yaylaları' yok	Betsileo — güney yaylaları	madagaskar	devletler.js:3516	TIRNAKLI:3497		sayisiz	YOK	Batı bölgesinde yağmurlar daha az, ortadaki yayla bölgesinde ise iklim serin ve yaşamaya daha uygundur. ⟂ Adadaki en önemli akarsular Ivondro, Maningory, Mananare, Betsiboka, Mangoky ve Faraony’dir.	
96	A	birebir yok; anlam en yakın gövde cümlesinde (en_yakin_cumle sütunu)	Antemoro — güneydoğu kıyısı	madagaskar	devletler.js:3527 · kronoloji_sinir_guney_g8.js:112	TIRNAKLI:3508	devletler.js:3508;kronoloji_sinir_guney_g8.js:112	sayisiz	YOK	İslâmiyet’i ilk önce kabul eden yerliler adanın güneydoğusunda yaşayan Antemorona kabilesi mensuplarıdır. ⟂ İslâm’ın doğuşunun ardından müslüman tüccarlar gelerek özellikle adanın kuzeybatı, güneydoğu ve doğu kıyılarında ticaret merkezleri kurdular.	ALINTI-264-1006c-A.diff
97	A	birebir yok; anlam en yakın gövde cümlesinde (en_yakin_cumle sütunu)	Merina — orta yaylalar, XVIII. yüzyılda birleşti.	madagaskar	devletler.js:3560	TIRNAKLI:3541	devletler.js:3541	sayisiz	YOK	yüzyılın ikinci yarısında orta bölgedeki Merinalar Madagaskar’da siyasî birlik kurdular; daha sonra Kral I. ⟂ Batı bölgesinde yağmurlar daha az, ortadaki yayla bölgesinde ise iklim serin ve yaşamaya daha uygundur.	ALINTI-264-1006c-A.diff
98	A	birebir yok; anlam en yakın gövde cümlesinde (en_yakin_cumle sütunu)	Malavi Konfederasyonu 1480'de kuruldu	malavi	devletler.js:3245 · kronoloji_sinir_guney_g8.js:106	TIRNAKLI:3226	devletler.js:3226;kronoloji_sinir_guney_g8.js:106	benzerlik-dusuk	YOK	1480’de oluşturulan Malavi Konfederasyonu, XVI. ⟂ Malavi Konfederasyonu’nun hâkimiyetindeki toprakların kuzeyinde yaşayan Niyakyusalar 1600 yılı civarında bir krallık kurarken Nyasa gölünün doğusundan gelen göçmenler Çikulamayembe adlı devletin temellerini attılar.	ALINTI-264-1006c-A.diff
99	A	birebir yok; anlam en yakın gövde cümlesinde (en_yakin_cumle sütunu)	Segu — önemli bir Bambara krallığı merkezi; el-Hâc Ömer 1861'de fethetti.	mali	devletler.js:2673	TIRNAKLI:2654	devletler.js:2654	sayi-tutmuyor	YOK	Bu devletten ayrılan Segu’daki Bamanan Krallığı gibi Mâsînâ da 16 Mayıs 1862 tarihinde el-Hâc Ömer ile yapılan savaşla tarihe karıştı. ⟂ Buna rağmen el-Hâc Ömer, 10 Mart 1861 tarihinde Segu’yu alarak oğlu Seku Amadü Tall’i buraya idareci yaptı.	ALINTI-264-1006c-A.diff
100	A	birebir yok; anlam en yakın gövde cümlesinde (en_yakin_cumle sütunu)	Massina Devleti: Ahmedu Lobbo tarafından kurulmuş, sınırları Cenne'den Tinbuktu'ya uzanıyordu	mali	devletler.js:7470	TIRNAKLI:7451	devletler.js:7451	sayisiz	YOK	Hamdallahi şehri etrafında güçlü bir İslâm devleti olan Mâsînâ’nın sınırları Cenne’den Tinbüktü’ye, doğuda Dogon’a, batıda Nampala’ya kadar uzanıyordu. ⟂ Tinbüktü Paşalığı’nın sınırları Ansongo’dan Cenne’ye kadar uzanıyordu.	ALINTI-264-1006c-A.diff
101	A	İngilizce ÇEVİRİ tırnakta (Türkçe gövdenin çevirisi)	Kanûnî Sultan Süleyman transferred the Knights of Saint Jean from Rhodes, and Spain's King Carlos V settled them in Malta in 1530	malta	kronoloji_rodos_sovalyeleri.js:266	TIRNAKLI:266	kronoloji_rodos_sovalyeleri.js:266	yabanci-dil	YOK	Kanûnî Sultan Süleyman’ın Rodos’tan çıkardığı (928/1522) Saint Jean şövalyelerini İspanya-Almanya Kralı V. ⟂ Carlos Malta’ya yerleştirdi (1530).	ALINTI-264-1006c-A.diff
102	A	birebir yok; anlam en yakın gövde cümlesinde (en_yakin_cumle sütunu)	18 Şevval 972 / 19 May 1565	malta	kronoloji_rodos_sovalyeleri.js:301	TIRNAKLI:301	kronoloji_rodos_sovalyeleri.js:301	sayi-tutmuyor	YOK	14 Şevval (15 Mayıs) gecesi Malta’ya doğru denize açılan donanma dört gün denizde dolaşarak 18 Şevval (19 Mayıs) Cuma günü kuşluk vakti Malta adası önüne geldi. ⟂ Bu sebepler, serdar tayin edilen beşinci vezir Mustafa Paşa’ya verilen 20 Şâban 972 (23 Mart 1565) tarihli serdarlık beratında ve Cezayir Beylerbeyi Hasan Paşa ile Trablusgarp Beylerbeyi Turgut Paşa’ya gönderilen fermanlarda da belirtilir ( BA, MD , VI, hk.	ALINTI-264-1006c-A.diff
103	A	birebir yok; anlam en yakın gövde cümlesinde (en_yakin_cumle sütunu)	16 Safer 973 / 12 September 1565	malta	kronoloji_rodos_sovalyeleri.js:321	TIRNAKLI:321	kronoloji_rodos_sovalyeleri.js:321	benzerlik-dusuk	YOK	Adaya çıkan yardımcı kuvvetlerle Saint Paul Kalesi civarında son bir defa çatışmaya giren ve başarı elde edemeyen Osmanlı ordusu 16 Safer 973’te (12 Eylül 1565) Malta’yı terketti. ⟂ Donanma 11 Ramazan’da (12 Nisan) Bozcaada’ya, 13 Ramazan’da (14 Nisan) Sakız’a, 15 Ramazan’da (16 Nisan) Koyunadası’na geldi ve kadırgalar burada yağlandı.	ALINTI-264-1006c-A.diff
104	A	birebir yok; anlam en yakın gövde cümlesinde (en_yakin_cumle sütunu)	592/1196'da Abdülhak tahta geçti, hanedanın kurucusu olarak kabul edildi	meriniler	kronoloji_kuzeyafrika.js:55	TIRNAKLI:55	kronoloji_kuzeyafrika.js:55	benzerlik-dusuk	YOK	Bu savaşta yaralanan Mahyû’nun ölümünden sonra liderlik hânedanın kurucusu olarak kabul edilen oğlu Ebû Muhammed Abdülhakk’a geçti (592/1196). ⟂ Abdülhak dönemi Muvahhidler’le mücadele içinde geçti.	ALINTI-264-1006c-A.diff
105	A	birebir yok; anlam en yakın gövde cümlesinde (en_yakin_cumle sütunu)	656/1258'de Ebû Yûsuf Ya'kūb saltanata geçti	meriniler	kronoloji_kuzeyafrika.js:70	TIRNAKLI:70	kronoloji_kuzeyafrika.js:70	benzerlik-dusuk	YOK	Ebû Yahyâ Ebû Bekir ölünce (656/1258) yerine önce oğlu Ömer geçti. ⟂ Ebû Yahyâ 656 (1258) Ebû Yûsuf Ya‘kūb b.	ALINTI-264-1006c-A.diff
106	A	birebir yok; anlam en yakın gövde cümlesinde (en_yakin_cumle sütunu)	668/1270'te Merakeş ele geçirilerek Muvahhidler Devleti sona erdirildi	meriniler	kronoloji_kuzeyafrika.js:75	TIRNAKLI:75	kronoloji_kuzeyafrika.js:75	benzerlik-dusuk	YOK	666’da (1268) Muvahhidler’e yardım eden Abdülvâdîler’i Vâdîtelâğ’da bozguna uğrattıktan sonra Muvahhid Halifesi Ebû Debbûs’u Merakeş civarında mağlûp ederek şehre girdi ve Muvahhidler Devleti’ne son verdi (668/1270). ⟂ Ardından büyük bir ordunun başında Muvahhidler’in başşehri Merakeş’i kuşattı (661/1263), ancak ele geçiremedi.	ALINTI-264-1006c-A.diff
107	A	birebir yok; anlam en yakın gövde cümlesinde (en_yakin_cumle sütunu)	672/1273-74'te Tanca ve Sebte zaptedildi	meriniler	kronoloji_kuzeyafrika.js:80	TIRNAKLI:80	kronoloji_kuzeyafrika.js:80	benzerlik-dusuk	YOK	Ebû Yûsuf 672’de (1273-74) önce Tanca’yı, ardından fakih Ebü’l-Kāsım el-Azefî’nin idaresindeki Sebte’yi (Ceuta) zaptederek Endülüs’e geçme imkânını elde etmiş oldu. ⟂ Tüccar, papaz ya da asker olan hıristiyan Rumlar Sebte, Tanca (Tanger), Fas, Vehrân (Oran), Tilimsân, Bicâye, Kostantîne ve Tunus gibi şehirlerde yerleştiler.	ALINTI-264-1006c-A.diff
108	A	birebir yok; anlam en yakın gövde cümlesinde (en_yakin_cumle sütunu)	15 Rebîülevvel 674/8 Eylül 1275'te İsticce savaşında Kastilya ordusunu mağlûp etti	meriniler	kronoloji_kuzeyafrika.js:85	TIRNAKLI:85	kronoloji_kuzeyafrika.js:85	benzerlik-dusuk	YOK	Don Nuno de Lara kumandasındaki Kastilya ordusunu Kurtuba (Córdoba) yakınlarındaki İsticce (Ecija) savaşında mağlûp ederek çok sayıda esir ve ganimet elde etti (15 Rebîülevvel 674 / 8 Eylül 1275). ⟂ 653 (1255) yılında 80.000 kişilik Muvahhid ordusunu Fas yakınlarında mağlûp etti.	ALINTI-264-1006c-A.diff
109	D	meriniler: gövde 666/1268'de MERÎNÎLER'in Abdülvâdîler'i bozguna uğrattığını yazar; alıntı tersini (Merînîler yenildi) söylüyor	668/1270'te Abdülvâdîlere yenilip onlar bağımsız hale geldi	meriniler	kronoloji_kuzeyafrika.js:95	TIRNAKLI:95		yakin-cumle-yok	YOK	666’da (1268) Muvahhidler’e yardım eden Abdülvâdîler’i Vâdîtelâğ’da bozguna uğrattıktan sonra Muvahhid Halifesi Ebû Debbûs’u Merakeş civarında mağlûp ederek şehre girdi ve Muvahhidler Devleti’ne son verdi (668/1270). ⟂ Abdülhak, Merînîler arasındaki ihtilâfları hallederek onları tek bir çatı altında toplamayı başardı.	
110	A	birebir yok; anlam en yakın gövde cümlesinde (en_yakin_cumle sütunu)	706/1306-1307'de Tilimsan kuşatması 8 yıl 3 ay sürdü; suikasta uğrayıp öldü	meriniler	kronoloji_kuzeyafrika.js:100	TIRNAKLI:100	kronoloji_kuzeyafrika.js:100	yakin-cumle-yok	YOK	Ancak Tilimsân düşmek üzereyken hadımlarından biri tarafından suikast sonucu öldürüldü (706/1306-1307). ⟂ Ya‘kūb en-Nâsır 685 (1286) Ebû Sâbit Âmir 706 (1306-1307) Ebü’r-Rebî‘ Süleyman 708 (1308-1309) Ebû Saîd II.	ALINTI-264-1006c-A.diff
111	A	birebir yok; anlam en yakın gövde cümlesinde (en_yakin_cumle sütunu)	737/1337'de Tilimsan ele geçirilerek Abdülvâdîler hâkimiyeti sona erdirildi	meriniler	kronoloji_kuzeyafrika.js:105	TIRNAKLI:105	kronoloji_kuzeyafrika.js:105	sayi-tutmuyor	YOK	İki yıl süren kuşatmanın ardından Abdülvâdîler’in başşehri Tilimsân’a girdi (737/1337). ⟂ Bu arada Abdülvâdîler de Tilimsân’ı geri alarak on yıl süren Merînî hâkimiyetinden kurtuldular (749/1348).	ALINTI-264-1006c-A.diff
112	A	birebir yok; anlam en yakın gövde cümlesinde (en_yakin_cumle sütunu)	748/1347'de Tunus şehrine girerek Hafsîlerin topraklarını aldı	meriniler	kronoloji_kuzeyafrika.js:110	TIRNAKLI:110	kronoloji_kuzeyafrika.js:110	benzerlik-dusuk	YOK	Bicâye ve Kostantîne emîrleri gibi pek çok Hafsî emîrinin kendisine katılmasıyla Tunus şehrine girdi (748/1347). ⟂ Aragon Krallığı ile iyi ilişkiler kuran Ebû İnân, Hafsîler’in elinde bulunan Kostantîne’yi zaptedip Tunus şehrine girdi.	ALINTI-264-1006c-A.diff
113	D	meriniler: Ebû İnân Tilimsân'a 752/1351'de girdi; alıntıdaki 759/1358 gövdede bu olayı tarihlemiyor (759/1358 ölüm yılı)	759/1358'de Ebû İnân Tilimsân'a girdi	meriniler	kronoloji_kuzeyafrika.js:120 · kronoloji_kuzeyafrika.js:377	TIRNAKLI:120,377		benzerlik-dusuk	YOK	İki yıl süren kuşatmanın ardından Abdülvâdîler’in başşehri Tilimsân’a girdi (737/1337). ⟂ 752’de (1351) Tilimsân’a girdi ve Abdülvâdîler’in kısa süren ikinci hükümranlığına son verdi.	
114	A	birebir yok; anlam en yakın gövde cümlesinde (en_yakin_cumle sütunu)	759/1358'de Ebû İnân boğularak öldü	meriniler	kronoloji_kuzeyafrika.js:130	TIRNAKLI:130	kronoloji_kuzeyafrika.js:130	benzerlik-dusuk	YOK	758’de (1357) başşehir Fas’a döndükten kısa bir süre sonra boğularak öldürüldü (759/1358). ⟂ Muhammed 759 (1358) Ebû Bekir es-Saîd 759 (1358) Ebû Sâlim İbrâhim el-Müstaîn-Billâh 760 (1359) Ebû Âmir Tâşfîn (el-Müvesves) 762 (1361) Abdülhalîm b.	ALINTI-264-1006c-A.diff
115	A	birebir yok; anlam en yakın gövde cümlesinde (en_yakin_cumle sütunu)	812/1409'da Hafsî sultanının Fas üzerine yürüyüşü; Merînîler istiklâlini kaybetti	meriniler	kronoloji_kuzeyafrika.js:135	TIRNAKLI:135	kronoloji_kuzeyafrika.js:135	yakin-cumle-yok	YOK	Böylece Merînîler Hafsîler’e bağlanıp istiklâllerini kaybetmiş oldular. ⟂ Müslümanların Endülüs’te tutunmaları ve hıristiyan saldırılarını püskürtmeleri açısından önemli olan bu savaştan iki yıl sonra tekrar Endülüs’e geçen Sultan Ebû Yûsuf Ya‘kūb, İşbîliye (Sevilla) üzerine yürüyüp hıristiyan ordusunu yenilgiye uğrattı.	ALINTI-264-1006c-A.diff
116	A	birebir yok; anlam en yakın gövde cümlesinde (en_yakin_cumle sütunu)	869/1465'te Tanca Portekizliler tarafından işgal edildi	meriniler	kronoloji_kuzeyafrika.js:150	TIRNAKLI:150	kronoloji_kuzeyafrika.js:150	benzerlik-dusuk	YOK	Kasrüssagīr (Kasrımasmûde) şehri (862/1458) ve Tanca (869/1465) Portekizliler’in eline geçti. ⟂ Jean tarafından işgal edildi.	ALINTI-264-1006c-A.diff
117	A	birebir yok; anlam en yakın gövde cümlesinde (en_yakin_cumle sütunu)	698/1299'da Mansûre şehri kuruldu; bu sırada köşkler, binalar, hamamlar yapıldı	meriniler	kronoloji_kuzeyafrika.js:155	TIRNAKLI:155	kronoloji_kuzeyafrika.js:155	benzerlik-dusuk	YOK	Uzun yıllar devam eden muhasara sırasında Tilimsân civarında köşkler, binalar, hamamlar yaptıran, Mansûre şehrini kuran (698/1299) Ebû Ya‘kūb, zekâtın devlet eliyle toplanmasına son vererek bu işi mükelleflerin iradesine bıraktı, bazı vergileri de kaldırdı. ⟂ Burada ordusuna karargâh olmak üzere yeni bir şehrin kurulmasını emretti.	ALINTI-264-1006c-A.diff
118	D	meriniler: 723/1323 gövdede yok; gövde Attârîn medresesini tarih vermeden anar	723/1323'e ait kaynaklar Medresetü'l-Attârîn'in inşasını gösterir	meriniler	kronoloji_kuzeyafrika.js:160	TIRNAKLI:160		yakin-cumle-yok	YOK	İmar faaliyetlerine önem verdi; Fâsülcedîde, Sihrîc ve Attârîn medreselerini yaptırarak dil, edebiyat, Kur’an, tefsir ve hadis çalışmalarını destekledi. ⟂ Fas’ta Saffârîn, Hulefâiyyîn, Beyzâ, Sihrîc, Attârîn, Misbâhiyye, Bû İnâniyye (Tâliatü Fas) ve Selâ’da Tâlia Tıp Medresesi bu devirde inşa edilen medreselerin başta gelenleridir.	
119	A	birebir yok; anlam en yakın gövde cümlesinde (en_yakin_cumle sütunu)	703/1303-1304'te ilk hac kafilesi yola çıktı	meriniler	kronoloji_kuzeyafrika.js:165	TIRNAKLI:165	kronoloji_kuzeyafrika.js:165	benzerlik-dusuk	YOK	Memlük Sultanlığı ile kurulan münasebetler hac kafileleri sayesinde gelişmiş, ilk hac kafilesi 703 (1303-1304) yılında yola çıkmıştır. ⟂ Alfonso’ya yardım maksadıyla 681’de (1282) üçüncü Endülüs seferine çıktı.	ALINTI-264-1006c-A.diff
120	A	birebir yok; anlam en yakın gövde cümlesinde (en_yakin_cumle sütunu)	Ekim 1864'te Tuna vilâyetine ... vali tayin edildi ... Mart 1865'te Türkçe ve Bulgarca Tuna gazetesi yayımlanmaya başladı.	midhat-pasa	kronoloji_balkan.js:471	TIRNAKLI:471	kronoloji_balkan.js:471	sayi-tutmuyor	YOK	Bugünkü Bulgaristan’ın büyük bir bölümünü teşkil eden Tuna vilâyetinde üç buçuk yıl boyunca nehir ve kara ulaşımında önemli ilerlemeler sağlaması, ziraatçılığı geliştirmesi, Ziraat Bankası’nın kuruluşu ile sonuçlanacak olan menâfi-i umûmiyye sandıkları kurması, Mart 1865’te Osmanlı Devleti’nde yayım ⟂ Bürokratik kariyerinin ikinci aşaması, Ocak 1861’de Balkanlar’da en sorunlu vilâyetlerden biri olan Niş’e vezâret rütbesiyle vali tayin edilmesi üzerine başladı.	ALINTI-264-1006c-A.diff
121	V	millet gövdesinde birebir (W30 benzerliği cümle bütününe göre ölçtüğü için kaçırdı)	Eçmiyazin, Sîs ve Ahtamar katolikoslukları	millet	kronoloji_cok_ermeni.js:49	TIRNAKLI:49		sayisiz	TAM/GOVDE	Eçmiyazin, Sîs ve Ahtamar katolikosluklarına ve Kudüs patrikliğine rağmen Ermeni patriğinin Osmanlı Ermenileri’nin milletbaşısı olduğu görülür. ⟂ Bunlar Gregoryen (Ermeni ismiyle), Ermeni-Katolik Ermeni (Katolik ismiyle) şeklinde iki millet halinde teşkilâtlanmıştır.	
122	D	moriskolar: gövde I. Ahmed'in Avrupa hükümdarlarına MEKTUP gönderdiğini yazar; 'himaye fermanları gönderdi' yok	1609-1614 yılları arasında... 300.000'i aşmıştır... I. Ahmed... himaye fermanları gönderdi	moriskolar	kronoloji_ispanya.js:415	TIRNAKLI:415		sayi-tutmuyor	YOK	Papalık tarafından İspanya engizisyonuna gözlemci olarak gönderilen rahip Lorenzo, 1481-1517 yılları arasında ülke genelinde 13.000 kişinin diri diri yakılma cezasına mahkûm edildiğini bildirmektedir (bk. ⟂ 1614 yılına kadar devam eden sürgün sırasında İspanya’dan çıkarılan Moriskolar’ın sayısı 300.000’i aşmıştır.	
123	A	birebir yok; anlam en yakın gövde cümlesinde (en_yakin_cumle sütunu)	Hassânî emirler XVIII-XIX. yüzyılda Fas şeriflerıyle yakın ilişki içindeydi	moritanya	devletler.js:2615	TIRNAKLI:2596	devletler.js:2596	sayisiz	YOK	yüzyıllarda Moritanya’nın Trarza, Brakna ve Adrar bölgelerindeki Hassânî emîrleri Fas’ın Şerif yöneticileriyle ilişkilerini bazan ittifak ilân edecek derecede yakın tuttular. ⟂ yüzyılda Mısır’dan bölgeye gelip yerleşen Benî Ma‘kıl’in önemli bir kolunu teşkil eden Hassânîler’in eline geçti.	ALINTI-264-1006c-A.diff
124	VY	Gran Enciclopèdia Catalana 'batalla-de-las-navas-de-tolosa' (GET 200) birebir; alıntı TDV muvahhidler URL'sinin ardında	Acció bèl·lica que tingué lloc el 16 de juliol de 1212 a l’altiplà de Las Navas de Tolosa (La Carolina, Jaén).	muvahhidler	kronoloji_cok_once1281_avrupa.js:190	TIRNAKLI:190		yakin-cumle-yok	YOK	Nâsır-Lidînillâh 607’de (1211) kalabalık bir orduyla Endülüs’e geçti ve güneye doğru ilerleyen Haçlı kuvvetlerini Kurtuba’nın kuzeyinde İkāb (Las Navas de Tolosa) mevkiinde karşıladı (609/1212).	
125	A	İngilizce çeviri	Marco Sanudo conquered the island with eight ships	naksa	kronoloji_naksa_dukaligi.js:19	TIRNAKLI:19	kronoloji_naksa_dukaligi.js:19	yakin-cumle-yok	YOK	Haçlı Seferi sırasında İstanbul’da Latin İmparatorluğu kurulunca Venedikli Marco Sanudo 1205’te sekiz gemiyle adayı ve yakın çevresini ele geçirdi, 1207’de İstanbul’daki Latin imparatorundan Nakşa dükü unvanını aldı.	ALINTI-264-1006c-A.diff
126	A	İngilizce çeviri	Sanudo received the title 'Duke of Naxos' from the Latin Emperor in Constantinople	naksa	kronoloji_naksa_dukaligi.js:24	TIRNAKLI:24	kronoloji_naksa_dukaligi.js:24	yakin-cumle-yok	YOK	Haçlı Seferi sırasında İstanbul’da Latin İmparatorluğu kurulunca Venedikli Marco Sanudo 1205’te sekiz gemiyle adayı ve yakın çevresini ele geçirdi, 1207’de İstanbul’daki Latin imparatorundan Nakşa dükü unvanını aldı. ⟂ Ada çeşitli kaynaklarda Naxos, Naxia, Nixia, Axia, Nicsia, Naksia, Nasso gibi adlarla anılırken Türkçe literatürde Nakşa şeklinde geçer.	ALINTI-264-1006c-A.diff
127	A	İngilizce çeviri	The Crispo family (from Verona) took control of the duchy and administration	naksa	kronoloji_naksa_dukaligi.js:49	TIRNAKLI:49	kronoloji_naksa_dukaligi.js:49	yakin-cumle-yok	YOK	Aydınoğulları’nın haraçgüzârı durumundaki adanın ve düklüğün idaresi 1383’te Veronalı Crispi ailesi tarafından ele geçirildi. ⟂ Başlangıçta buradaki Crispi hânedanı idarecileri statülerini korudu.	ALINTI-264-1006c-A.diff
128	A	İngilizce çeviri	1403: Nakşa mentioned in treaty with Süleyman Çelebi	naksa	kronoloji_naksa_dukaligi.js:54	TIRNAKLI:54	kronoloji_naksa_dukaligi.js:54	yabanci-dil	YOK	1403’te Süleyman Çelebi ile yapılan antlaşmada Nakşa’nın adı geçiyordu. ⟂ Nakşa ve civar adaları bir sancak haline getirilip Süleyman Bey ilk sancak beyi olarak tayin edildi.	ALINTI-264-1006c-A.diff
129	A	İngilizce çeviri	1419: Treaty stipulated the duke would pay tribute to Ottomans instead of Aydınoğulları	naksa	kronoloji_naksa_dukaligi.js:59	TIRNAKLI:59	kronoloji_naksa_dukaligi.js:59	yakin-cumle-yok	YOK	Nakşa dukasının Aydınoğulları’na verdiği haracı artık ödemeyeceği ve Osmanlılar’a haraç vereceği hususu 822 (1419) antlaşması ile yürürlüğe girmişti (ayrıca 1426, 1446, 1451, 1454 antlaşmalarında tekrarlanmıştır). ⟂ Aydın ve Menteşe Beyliği’ne bağlı denizciler buraya birçok akın yaptı.	ALINTI-264-1006c-A.diff
130	A	İngilizce çeviri	1426, 1446, 1451, 1454: Treaties repeated this arrangement	naksa	kronoloji_naksa_dukaligi.js:64	TIRNAKLI:64	kronoloji_naksa_dukaligi.js:64	benzerlik-dusuk	YOK	Nakşa dukasının Aydınoğulları’na verdiği haracı artık ödemeyeceği ve Osmanlılar’a haraç vereceği hususu 822 (1419) antlaşması ile yürürlüğe girmişti (ayrıca 1426, 1446, 1451, 1454 antlaşmalarında tekrarlanmıştır).	ALINTI-264-1006c-A.diff
131	M	KRONO-SAHTE-ALINTI-1006.diff — bugünkü ağaçta (origin/makine/umit b2d4c2ff) alıntı yok	1537-1538: Barbaros Hayreddin Paşa's island campaign brought Nakşa under Ottoman control	naksa	kronoloji_naksa_dukaligi.js:84	YOK		yabanci-dil	YOK	Nakşa ve civarındaki adalar, 944-945 (1537-1538) yıllarında Barbaros Hayreddin Paşa’nın adalar seferiyle Osmanlı kontrolü altına girdi. ⟂ Adanın merkezi batı kıyısındaki Naksos/Nakşa (Chora/Hora) kasabasıdır.	
132	A	İngilizce çeviri	1540: Ottoman-Venetian treaty formally transferred sovereignty to Ottomans	naksa	kronoloji_naksa_dukaligi.js:89	TIRNAKLI:89	kronoloji_naksa_dukaligi.js:89	yakin-cumle-yok	YOK	1540’taki Osmanlı-Venedik antlaşmasıyla hâkimiyet hakkı resmen Osmanlılar’a devredildi.	ALINTI-264-1006c-A.diff
133	A	İngilizce çeviri	1566: Duchy granted to Yasef Nasi after dismissing the Crispo heir	naksa	kronoloji_naksa_dukaligi.js:94	TIRNAKLI:94	kronoloji_naksa_dukaligi.js:94	yakin-cumle-yok	YOK	Ancak adanın statüsüne dokunulmadı ve düklük Yasef Nasi’ye verildi (974/1566). ⟂ Cemâziyelevvel 974’te (Kasım 1566) adadan kaçan Giacomo, 987’de (1579) Nasi’nin ölümü üzerine düklüğü yeniden ele geçirmek için İstanbul’a başvurduysa da bir sonuç elde edemedi.	ALINTI-264-1006c-A.diff
134	A	İngilizce çeviri	1579: Following Nasi's death, Giacomo (Crispo) failed to reclaim the duchy	naksa	kronoloji_naksa_dukaligi.js:99	TIRNAKLI:99	kronoloji_naksa_dukaligi.js:99	yakin-cumle-yok	YOK	Cemâziyelevvel 974’te (Kasım 1566) adadan kaçan Giacomo, 987’de (1579) Nasi’nin ölümü üzerine düklüğü yeniden ele geçirmek için İstanbul’a başvurduysa da bir sonuç elde edemedi. ⟂ Aydınoğulları’nın haraçgüzârı durumundaki adanın ve düklüğün idaresi 1383’te Veronalı Crispi ailesi tarafından ele geçirildi.	ALINTI-264-1006c-A.diff
135	D	napoli: '(1481'de geri alındı)' — 1481 gövdede yok	Otranto, Osmanlı çıkarmasıyla kısa süreliğine işgal edildi (1481'de geri alındı)	napoli	kronoloji_italya.js:270	TIRNAKLI:270		yakin-cumle-yok	YOK	Fâtih, 1480’de İtalya istikametinde yapmak istediği büyük fetih siyasetinin ilk aşamasında Adriyatik denizi üzerinde en uygun yer olan Otranto şehrine asker çıkardığında İtalya’daki devletlerin kurmak istedikleri ittifaka Napoli de katılmak istedi, fakat böyle bir ittifak gerçekleşmedi. ⟂ Osmanlı Devleti’yle olan ilişkiler Yıldırım Bayezid döneminde başlar.	
136	A	birebir yok; anlam en yakın gövde cümlesinde (en_yakin_cumle sütunu)	Faysal'ın 1865'teki ölümünden sonra Abdullah ve kardeşi Suûd arasındaki anlaşmazlıklar	necid	devletler.js:1563	TIRNAKLI:1547	devletler.js:1547	benzerlik-dusuk	YOK	Osmanlı Devleti ile oldukça dengeli bir ilişki kuran ve nüfuzunu körfeze kadar yayan Faysal’ın 1865 sonlarında ölümüyle yerine geçen, devletin Necid kaymakamı unvanı verdiği oğlu Abdullah ile kardeşi Suûd arasında başlayan çekişmeler Necid tarihinde yeni bir dönem açtı. ⟂ İki kardeşin çekişmelerinde İngilizler Suûd’u destekledi.	ALINTI-264-1006c-A.diff
137	A	birebir yok; anlam en yakın gövde cümlesinde (en_yakin_cumle sütunu)	24 Temmuz 1923'te imzalanan Lozan Barış Antlaşması'nın 15. maddesinde hiçbir değişiklik yapılmadan Rodos, Oniki Ada ve bağlı adacıklarla Meis adasının İtalya'ya verileceği hükme bağlandı.	oniki-ada	devletler.js:1360	TIRNAKLI:1344	devletler.js:1344	benzerlik-dusuk	YOK	10 Ağustos 1920’de Osmanlı Murahhas Heyeti’ne imzalatılan Sevr Antlaşması ile Rodos, Oniki Ada, bunlara bağlı adacıklar ve Meis adası İtalya’ya bırakıldı (md. ⟂ İtalya’nın Paris büyükelçisi Bonin ile Venizelos arasında yapıldığı için Bonin-Venizelos Mutabakatı adı verilen bu antlaşma, Rodos ve Meis hariç Oniki Ada ile onlara bağlı adacıkları Yunanistan’a devrediyordu.	ALINTI-264-1006c-A.diff
138	A	birebir yok; anlam en yakın gövde cümlesinde (en_yakin_cumle sütunu)	21 Haziran 1804: Tabkin Kwatto muharebesinde zafer	osman-b-fudi	devletler.js:4974	TIRNAKLI:4955,4967	devletler.js:4967	benzerlik-dusuk	YOK	Fûdî, 21 Haziran 1804’te Tabkin Kvatto savaşında kralın birliklerini ağır bir yenilgiye uğrattı. ⟂ Bu zafer Fûlânî ve Hevsâlı köylülerin katılımını da beraberinde getirdi.	ALINTI-264-1006c-A.diff
139	A	birebir yok; anlam en yakın gövde cümlesinde (en_yakin_cumle sütunu)	1806: Zaria'nın ele geçirilmesi	osman-b-fudi	devletler.js:4975	TIRNAKLI:4956,4968	devletler.js:4956	sayi-tutmuyor	YOK	Aynı yıl içinde Gobir’in başşehri Alkalawa’ya düzenlenen ilk saldırı başarısızlıkla sonuçlandıysa da 1806’da Zaria ele geçirildi. ⟂ 1806’da Alkalawa’ya karşı tekrar başlatılan saldırılar 1808’de şehrin alınmasıyla sonuçlandı.	ALINTI-264-1006c-A.diff
140	A	birebir yok; anlam en yakın gövde cümlesinde (en_yakin_cumle sütunu)	1806: Zaria'nın ele geçirilmesi; Alkalava'ya yapılan saldırı başarısız	osman-b-fudi	devletler.js:4987	TIRNAKLI:4968	devletler.js:4968	benzerlik-dusuk	YOK	Aynı yıl içinde Gobir’in başşehri Alkalawa’ya düzenlenen ilk saldırı başarısızlıkla sonuçlandıysa da 1806’da Zaria ele geçirildi. ⟂ 1806’da Alkalawa’ya karşı tekrar başlatılan saldırılar 1808’de şehrin alınmasıyla sonuçlandı.	ALINTI-264-1006c-A.diff
141	A	birebir yok; anlam en yakın gövde cümlesinde (en_yakin_cumle sütunu)	1809: Bornu'nun Muhammed Emîn el-Kânemî'ye kaybedilmesi	osman-b-fudi	devletler.js:4990	TIRNAKLI:4971	devletler.js:4971	benzerlik-dusuk	YOK	Ancak 1809’da Bornu, Muhammed Emîn el-Kânimî tarafından geri alındı. ⟂ Babası Muhammed’e verilen ve Fûlânî dilinde “âlim, fakih” mânasına gelen “Fûdî” unvanına nisbetle Osman b.	ALINTI-264-1006c-A.diff
142	A	birebir yok; anlam en yakın gövde cümlesinde (en_yakin_cumle sütunu)	3 Cemâziyelâhir 1232 (20 Nisan 1817): Osman b. Fûdî'nin ölümü	osman-b-fudi	devletler.js:4992	TIRNAKLI:4973	devletler.js:4973	benzerlik-dusuk	YOK	3 Cemâziyelâhir 1232’de (20 Nisan 1817) vefat etti. ⟂ Babası Muhammed’e verilen ve Fûlânî dilinde “âlim, fakih” mânasına gelen “Fûdî” unvanına nisbetle Osman b.	ALINTI-264-1006c-A.diff
143	D	piri-reis: gövde Aden'in alınışını 14 Muharrem 956 (12 Şubat 1549) diye verir; alıntıdaki '12 Rebîülevvel 956' gövdeyle ÇELİŞİR (miladî gün aynı, hicrî ay farklı)	954'te (1547) Hint kaptanlığına tayin edildi… Aden'in geri alınması 12 Rebîülevvel 956'da (12 Şubat 1549) gerçekleşti	piri-reis	kronoloji_portekiz.js:296	TIRNAKLI:296		yabanci-dil	YOK	Başlatılan genel bir hücumun ardından 14 Muharrem 956’da (12 Şubat 1549) Aden yeniden fethedildi. ⟂ 954’te (1547) Ferhad Paşa’nın yerine Hint kaptanlığına getirildi.	
144	A	birebir yok; anlam en yakın gövde cümlesinde (en_yakin_cumle sütunu)	959'da (1552) Hürmüz'ü zaptetmek için Süveyş'ten otuz parça gemiyle yola çıktı… Maskat bir haftalık kuşatmadan sonra ele geçirildi, 128 esir alındı	piri-reis	kronoloji_portekiz.js:311	TIRNAKLI:311	kronoloji_portekiz.js:311	yakin-cumle-yok	YOK	Uman denizine girdikten sonra Maskat’ı kuşatan Pîrî Reis, bir hafta süren kuşatmanın ardından kale kumandanı ile birlikte 128 Portekiz askerini esir alıp kaleyi fethetti. ⟂ Bu sefer için kadırga, baştarda, kalyata ve kalyondan oluşan otuz gemilik donanmayla Cemâziyelevvel 959’da (Mayıs 1552) Süveyş’ten hareket etti.	ALINTI-264-1006c-A.diff
145	A	birebir yok; anlam en yakın gövde cümlesinde (en_yakin_cumle sütunu)	1095'te bağımsız devlet kurulması başladı	portekiz	kronoloji_portekiz.js:74	TIRNAKLI:74	kronoloji_portekiz.js:74	benzerlik-dusuk	YOK	Portekiz’in müstakil bir devlet haline gelişi 1095’ten itibaren başladı. ⟂ yüzyılın Akdeniz dünyasında İspanyol ve Venedik ile yoğun bir mücadele içinde olan Osmanlı Devleti’nin Portekiz Krallığı ile siyasî ilgisi onların Hindistan’a ulaşmasıyla yoğun şekilde başladı.	ALINTI-264-1006c-A.diff
146	A	birebir yok; anlam en yakın gövde cümlesinde (en_yakin_cumle sütunu)	1415: Ceuta fethi sömürge dönemini açtı	portekiz	kronoloji_portekiz.js:94	TIRNAKLI:94	kronoloji_portekiz.js:94	benzerlik-dusuk	YOK	1415’te Ceuta’nın (Sebte) ele geçirilmesiyle sömürge edinme yolu açıldı. ⟂ Portekiz’in 1578’de Vâdisseyl savaşındaki hezimeti ve hânedanın çöküşü neticesinde İspanya ile birleşmesinin getirdiği yıkım, kolonilerinin İngiliz ve Hollanda gibi yeni sömürgeci devletler tarafından paylaşılmaya başlanması kısa süren bu parlak dönemine beklenmedik bir son verdi.	ALINTI-264-1006c-A.diff
147	A	birebir yok; anlam en yakın gövde cümlesinde (en_yakin_cumle sütunu)	1517: Selman Reis Portekizlileri Cidde'de geri püskürtmüştü	portekiz	kronoloji_portekiz.js:232	TIRNAKLI:232	kronoloji_portekiz.js:232	benzerlik-dusuk	YOK	Kızıldeniz’deki etkinlikleri 1517’de Cidde’ye asker çıkarma derecelerine gelmiş ve Osmanlılar tarafından Memlükler’e yardım için yollanmış olan Selman Reis bunları geri püskürtmüştü. ⟂ Bu arada 1541’de Süveyş’i ve buradaki Osmanlı filosunu hedef alan Portekiz saldırısı Osmanlılar’ca geri püskürtüldü.	ALINTI-264-1006c-A.diff
148	A	birebir yok; anlam en yakın gövde cümlesinde (en_yakin_cumle sütunu)	1578 (4 Ağustos): Vâdisseyl Savaşında Portekiz ordusu yenildi, Kral Sebastian öldürüldü	portekiz	kronoloji_portekiz.js:331	TIRNAKLI:331	kronoloji_portekiz.js:331	benzerlik-dusuk	YOK	Kral Sebastian zamanında (1557-1578) Fas üzerindeki Portekiz hâkimiyet iddiaları pekiştirilmeye çalışılmış, düzenlenen bir Haçlı seferi neticesinde başta kral olmak üzere maiyetinde bulunan yüksek soyluların ve ruhbanın hemen hepsi öldürülmüş (4 Ağustos 1578, Vâdisseyl Savaşı) olduğundan Portekiz bü ⟂ Portekiz’in 1578’de Vâdisseyl savaşındaki hezimeti ve hânedanın çöküşü neticesinde İspanya ile birleşmesinin getirdiği yıkım, kolonilerinin İngiliz ve Hollanda gibi yeni sömürgeci devletler tarafından paylaşılmaya başlanması kısa süren bu parlak dönemine beklenmedik bir son verdi.	ALINTI-264-1006c-A.diff
149	A	birebir yok; anlam en yakın gövde cümlesinde (en_yakin_cumle sütunu)	1910 (Ekim): Cumhuriyet ilân edildi, Kral II. Emanuel İngiltere'ye kaçtı	portekiz	kronoloji_portekiz.js:503	TIRNAKLI:503	kronoloji_portekiz.js:503	sayi-tutmuyor	YOK	Ekim 1910’da meydana gelen ayaklanma bu gelişmelerin bir sonucu oldu ve monarşik idare yerini 5 Ekim’de ilân edilen cumhuriyete bıraktı. ⟂ Ekonomik çöküntünün de etkisiyle ortaya çıkan ayaklanmalar sonucu Bragança Dükü (IV.) Johann (1640-1656) kral ilân edilerek İspanya ile olan birlikteliğe son verildi.	ALINTI-264-1006c-A.diff
150	A	birebir yok; anlam en yakın gövde cümlesinde (en_yakin_cumle sütunu)	22 Mart 1761 Dostluk ve ticaret antlaşması imzalanır	prusya	kronoloji_almanya.js:323	TIRNAKLI:323	kronoloji_almanya.js:323	benzerlik-dusuk	YOK	Mustafa’nın arzu etmesine rağmen Prusya’nın yanında Avrupa’daki savaşta yer almak anlamına gelecek bir ittifak antlaşması yapılmasını engellemiş ve Rexin ileride böyle bir antlaşma yapılabileceği kapısı açık kalmak kaydıyla ancak bir dostluk ve ticaret antlaşması elde etmiştir (22 Mart 1761). ⟂ Bütün Almanlar’ı temsilen Frankfurt’ta toplanan meclisin Avusturya karşıtlığı içinde Prusya kralını soyuna intikal etmek üzere Alman imparatoru olarak seçmesi (28 Mart 1849), böyle bir unvana bir ihtilâl meclisi tarafından verilmiş olarak sahiplenmek istemeyen kral tarafından kabul edilmedi.	ALINTI-264-1006c-A.diff
151	A	birebir yok; anlam en yakın gövde cümlesinde (en_yakin_cumle sütunu)	Kasım 1763 Ahmed Resmî Efendi, ilk Osmanlı sefâret heyeti başkanı olarak Berlin'e gider	prusya	kronoloji_almanya.js:333	TIRNAKLI:333	kronoloji_almanya.js:333	benzerlik-dusuk	YOK	Prusya’yı Rusya’ya karşı harekete geçirmek amacıyla Ahmed Azmî Efendi elçi olarak Berlin’e gönderilmişse de (11 Kasım 1790) netice değişmemiş ve Rus savaşı Yaş Antlaşması’na kadar (10 Ocak 1792) devam etmiştir. ⟂ Mustafa bunun olup olmayacağını tahkik için Ahmed Resmî Efendi’yi Berlin’e göndermiştir.	ALINTI-264-1006c-A.diff
152	A	birebir yok; anlam en yakın gövde cümlesinde (en_yakin_cumle sütunu)	31 Ocak 1790 Prusya-Osmanlı ittifak antlaşması imzalanır	prusya	kronoloji_almanya.js:347	TIRNAKLI:347	kronoloji_almanya.js:347	benzerlik-dusuk	YOK	Planın tatbike kalkışılması beklenmedik bir sonuç vermiş, Prusya’yı Osmanlı Devleti ile savaşın ortasında üstelik her iki düşmanına karşı saldırı ve savunma amaçlı bir ittifaka götürmüştür (31 Ocak 1790; Beydilli, 1790 Osmanlı-Prusya İttifâkı , s. ⟂ Prusya’yı Rusya’ya karşı harekete geçirmek amacıyla Ahmed Azmî Efendi elçi olarak Berlin’e gönderilmişse de (11 Kasım 1790) netice değişmemiş ve Rus savaşı Yaş Antlaşması’na kadar (10 Ocak 1792) devam etmiştir.	ALINTI-264-1006c-A.diff
153	A	atıf TDV prusya; 'Zollverein' prusya gövdesinde 0 isabet, almanya gövdesinde VAR — kaynak işareti almanya olmalı	20 Mart 1862 Zollverein ile yeni muahede yapıldı	prusya	kronoloji_almanya.js:481	TIRNAKLI:481	kronoloji_almanya.js:481	sayi-tutmuyor	YOK	Onun istifası ile Almanya’da olduğu kadar Avrupa’da da dünya siyasetini etkileyecek yeni bir dönem başladı (Mart 1890). ⟂ Bütün Almanya’yı temsil eden geçici bir hükümet kuruldu, yeni seçimler yapıldı, Weimar’da çalışmalara başlayan kurucu meclis yeni bir anayasa hazırlayarak ilân etti (11 Ağustos 1919).	ALINTI-264-1006c-A.diff
154	A	birebir yok; anlam en yakın gövde cümlesinde (en_yakin_cumle sütunu)	Şah Tahmasb 1731 Martında Revan'ı kuşattıysa da alamadı. 1732'de imzalanan, ancak kısa süren anlaşma ile Revan'ın Osmanlı toprağı içinde kaldığı tescil edildi	revan	kronoloji_cok_ermeni.js:65	TIRNAKLI:65	kronoloji_cok_ermeni.js:65	sayi-tutmuyor	YOK	1732’de imzalanan, ancak kısa süren anlaşma ile Revan’ın Osmanlı toprağı içinde kaldığı tescil edildi. ⟂ Şah Tahmasb 1731 Martında Revan’ı kuşattıysa da alamadı.	ALINTI-264-1006c-A.diff
155	A	İngilizce çeviri	Ottoman garrison of 1343 installed (1524)	rodos	kronoloji_rodos_sovalyeleri.js:261	TIRNAKLI:261	kronoloji_rodos_sovalyeleri.js:261	yabanci-dil	YOK	Kanûnî Sultan Süleyman yıkılan surları tamir ettirdi ve buraya güçlü bir askerî birlik yerleştirdi (1524’te 1343 muhafız, topçu ve azebler). ⟂ 930 (1524) tarihli Tahrir Defteri bunların sayısını 591 hâne (3000 civarında nüfus) olarak verir.	ALINTI-264-1006c-A.diff
156	A	birebir yok; anlam en yakın gövde cümlesinde (en_yakin_cumle sütunu)	916/1511'de Muhammed b. Abdurrahman es-Sa'dî, Sûs bölgesinde cihad emîri olarak atandı	sadiler	kronoloji_kuzeyafrika.js:174	TIRNAKLI:174	kronoloji_kuzeyafrika.js:174	benzerlik-dusuk	YOK	Davet için gelen kabile reisleriyle birlikte Der‘â’dan Sûs bölgesinde Târûdânt (Tarudanat) yakınındaki Tîdsî köyüne giden Muhammed burada toplanan yaklaşık elli kabile reisinden Sûs bölgesinin cihad emîri olarak biat aldı (916/1511). ⟂ Abdurrahman es-Sa‘dî, cihadda etkili olan Cezûliyye tarikatı şeyhi Muhammed b.	ALINTI-264-1006c-A.diff
157	A	birebir yok; anlam en yakın gövde cümlesinde (en_yakin_cumle sütunu)	923/1517'de Muhammed'in vefatı; Ahmed el-A'rec'in tahta geçmesi	sadiler	kronoloji_kuzeyafrika.js:179	TIRNAKLI:179	kronoloji_kuzeyafrika.js:179	yabanci-dil	YOK	Muhammed’in 923’te (1517) vefatından sonra yerine bazı tarihçilerin hânedanın gerçek kurucusu saydığı Ahmed el-A‘rec geçti. ⟂ SA‘DÎ HÜKÜMDARLARI Ebû Abdullah Muhammed el-Kāim-Biemrillâh 916 (1511) Ahmed el-A‘rec 923 (1517) Mevlây Muhammed eş-Şeyh 946 (1539) Abdullah el-Gālib-Billâh 964 (1557) Muhammed el-Mütevekkil 981 (1574) Ebû Mervân Abdülmelik 984 (1576) Ahmed el-Mansûr 986 (1578) Ebü’l-Meâlî Zeydân en-Nâsır 1012-1013 	ALINTI-264-1006c-A.diff
158	A	birebir yok; anlam en yakın gövde cümlesinde (en_yakin_cumle sütunu)	930/1524'te Merakeş'e girerek başşehir yapılması	sadiler	kronoloji_kuzeyafrika.js:184	TIRNAKLI:184	kronoloji_kuzeyafrika.js:184	benzerlik-dusuk	YOK	Vattâsî valisinin ölümünün ardından Merakeş’e girip burayı başşehir edindiler (930/1524). ⟂ İmar faaliyetlerine önem veren Ahmed el-Mansûr başşehir Merakeş’te dönemin en ihtişamlı eserlerinden biri olan Kasrü’l-bedî‘ Sarayı’nı inşa ettirdi.	ALINTI-264-1006c-A.diff
159	A	birebir yok; anlam en yakın gövde cümlesinde (en_yakin_cumle sütunu)	943/1536'da Ukbâ savaşından sonra Vattâsîler ile egemenlik alanları belirleme antlaşması	sadiler	kronoloji_kuzeyafrika.js:189	TIRNAKLI:189	kronoloji_kuzeyafrika.js:189	benzerlik-dusuk	YOK	Sa‘dîler’in Vattâsîler’i ağır bir yenilgiye uğrattığı Ukbâ savaşının ardından Tâdlâ’nın güneyi ve Sûs’un Sa‘dîler’e, Tâdlâ’dan Cezayir’e kadar olan bölgenin Vattâsîler’e bırakılması şartıyla bir anlaşma yapıldı (943/1536). ⟂ Böylece iki devletin egemenlik alanlarının belirlenmesinin yanı sıra Sa‘dî yönetimi Vattâsîler tarafından tanınmış oldu.	ALINTI-264-1006c-A.diff
160	A	birebir yok; anlam en yakın gövde cümlesinde (en_yakin_cumle sütunu)	1537'de Portekiz ile 3 yıllık antlaşma imzalanması	sadiler	kronoloji_kuzeyafrika.js:194	TIRNAKLI:194	kronoloji_kuzeyafrika.js:194	sayi-tutmuyor	YOK	1537’de Portekiz ile üç yıl süreli bir antlaşma imzalandı. ⟂ (XII.) yüzyılda Fas’ın güney kesiminde yer alan Der‘â vadisine yerleşen Sa‘dîler’in tarih sahnesine çıktığı dönemde Fas’ın Akdeniz kıyıları İspanyollar, Atlantik sahilleri Portekizliler tarafından işgal edilmişti.	ALINTI-264-1006c-A.diff
161	A	birebir yok; anlam en yakın gövde cümlesinde (en_yakin_cumle sütunu)	956/1549'da Fas şehrine giriş; Vattâsî hâkimiyetine son verilmesi	sadiler	kronoloji_kuzeyafrika.js:204	TIRNAKLI:204	kronoloji_kuzeyafrika.js:204	benzerlik-dusuk	YOK	Fas’ın tamamını ele geçirmeye karar veren Muhammed eş-Şeyh bir dizi savaş neticesinde Fas şehrine girip Vattâsî hâkimiyetine son verdi (956/1549). ⟂ Fonti’de Portekizliler’e karşı başarı kazanan ve kısa sürede bütün kabilelerin desteğini sağlayarak Fas’ın güneyinde hâkimiyet alanını genişleten Muhammed’e Kāim-Biemrillâh unvanı verildi.	ALINTI-264-1006c-A.diff
162	A	birebir yok; anlam en yakın gövde cümlesinde (en_yakin_cumle sütunu)	961/1554'te Osmanlı ordusu tarafından Fas'tan çıkarılması; Ebû Hassûn'un iktidarı	sadiler	kronoloji_kuzeyafrika.js:209	TIRNAKLI:209	kronoloji_kuzeyafrika.js:209	benzerlik-dusuk	YOK	Vattâsî liderlerinden Ebû Hassûn, Sâlih Reis kumandasındaki Osmanlı ordusuyla Fas şehrine saldırdı, Muhammed eş-Şeyh’i oradan çıkarıp tekrar Vattâsî tahtına oturdu (961/1554). ⟂ Ancak Osmanlı birliklerinin buradan ayrılmasının ardından Ebû Hassûn Muhammed eş-Şeyh tarafından ağır bir yenilgiye uğratılarak öldürüldü.	ALINTI-264-1006c-A.diff
163	A	birebir yok; anlam en yakın gövde cümlesinde (en_yakin_cumle sütunu)	964/1557'de Muhammed eş-Şeyh'in Osmanlı ordusu tarafından Derna dağlarında öldürülmesi	sadiler	kronoloji_kuzeyafrika.js:214	TIRNAKLI:214	kronoloji_kuzeyafrika.js:214	yabanci-dil	YOK	Padişahın emredici üslûbuna ve elçinin davranışlarına öfkelenen Muhammed eş-Şeyh, Mısır topraklarını aldıktan sonra cevap vereceğini söyleyerek Tilimsân’ı zapta kalkıştı (964/1557), ancak bunun bedelini hayatıyla ödedi; aynı yıl Cezayir’den harekete geçip Fas’a giden küçük bir Osmanlı süvari birliği ⟂ Ancak Osmanlı birliklerinin buradan ayrılmasının ardından Ebû Hassûn Muhammed eş-Şeyh tarafından ağır bir yenilgiye uğratılarak öldürüldü.	ALINTI-264-1006c-A.diff
164	A	birebir yok; anlam en yakın gövde cümlesinde (en_yakin_cumle sütunu)	1564'te İspanyolların Bâdis adasını ele geçirmesi	sadiler	kronoloji_kuzeyafrika.js:219	TIRNAKLI:219	kronoloji_kuzeyafrika.js:219	benzerlik-dusuk	YOK	Portekizliler’in desteklediği İspanyollar’ın Bâdis’i ele geçirmesi Mağrib denizciliğine ağır bir darbe oldu (1564). ⟂ Osmanlı donanmasının Cezayir önlerinde görülmesiyle korkuya kapılan Gālib-Billâh, Osmanlı hâkimiyetindeki stratejik Bâdis adasına saldıran İspanyollar’a yardım etmekten çekinmedi.	ALINTI-264-1006c-A.diff
165	A	birebir yok; anlam en yakın gövde cümlesinde (en_yakin_cumle sütunu)	983/1576'da Osmanlı kuvvetleriyle Abdülmelik'in Fas'a girişi	sadiler	kronoloji_kuzeyafrika.js:224	TIRNAKLI:224	kronoloji_kuzeyafrika.js:224	yabanci-dil	YOK	Selim’den istediği desteği sağlayıp Osmanlı kuvvetlerinin yardımıyla Fas şehrine girdi (983/1576). ⟂ Bir yıl sonra doğuya yöneldi ve Osmanlı hâkimiyetini tanıyan Abdülvâdî emîrinin idaresinde bulunan Tilimsân’a girdi.	ALINTI-264-1006c-A.diff
166	A	birebir yok; anlam en yakın gövde cümlesinde (en_yakin_cumle sütunu)	30 Cemâziyelevvel 986/4 Ağustos 1578'de Vâdilmehâzin (Üç Kral) savaşında Portekiz Haçlı ordusunun mağlûbiyeti	sadiler	kronoloji_kuzeyafrika.js:229	TIRNAKLI:229	kronoloji_kuzeyafrika.js:229	benzerlik-dusuk	YOK	Ancak Haçlı ordusu Vâdilmehâzin savaşında bozguna uğradı (30 Cemâziyelevvel 986 / 4 Ağustos 1578). ⟂ Teklifi kabul eden Portekiz kralı papalık, İspanya, İtalyan, Alman ve Fransız birliklerinin katıldığı kalabalık Haçlı ordusuyla Mağrib’e geçti.	ALINTI-264-1006c-A.diff
167	A	birebir yok; anlam en yakın gövde cümlesinde (en_yakin_cumle sütunu)	1588'de Ahmed el-Mansûr'un Osmanlıya vergi göndermemesi; ardından elçilik heyeti gönderilmesi	sadiler	kronoloji_kuzeyafrika.js:234	TIRNAKLI:234	kronoloji_kuzeyafrika.js:234	sayi-tutmuyor	YOK	Cezayir gibi Fas’ı da Osmanlılar’ın bir eyaleti haline getirmeye çalışan Kılıç Ali Paşa’nın 995’te (1587) ölümünden sonra Ahmed el-Mansûr 1588 yılına ait vergiyi İstanbul’a göndermedi. ⟂ Bunu haber alan Ahmed el-Mansûr hemen bir elçilik heyetini değerli hediyelerle İstanbul’a gönderdi.	ALINTI-264-1006c-A.diff
168	A	birebir yok; anlam en yakın gövde cümlesinde (en_yakin_cumle sütunu)	999/1591'de Tondibi savaşıyla Songay Sultanlığının yıkılması; Sudan'ın fethi	sadiler	kronoloji_kuzeyafrika.js:239	TIRNAKLI:239	kronoloji_kuzeyafrika.js:239	yakin-cumle-yok	YOK	Tondibi savaşıyla Songay Sultanlığı yıkıldı. ⟂ Osmanlılar’la ilişkileri düzelten ve İspanya’dan bir saldırı beklemeyen Ahmed el-Mansûr, 999’da (1591) Batı Sudan’ı ele geçirmek amacıyla güneye Sahrâ’ya yöneldi.	ALINTI-264-1006c-A.diff
169	A	birebir yok; anlam en yakın gövde cümlesinde (en_yakin_cumle sütunu)	1011/1602'de veliaht Muhammed eş-Şeyh el-Me'mûn'un isyanının bastırılması; hapsedilmesi	sadiler	kronoloji_kuzeyafrika.js:249	TIRNAKLI:249	kronoloji_kuzeyafrika.js:249	benzerlik-dusuk	YOK	İsyanı bastırıp oğlunu hapse attırdıktan (1011/1602) sonra yakalandığı vebadan öldü (1012). ⟂ Kardeşi Abdülmelik’in başlattığı idarî, askerî, siyasî, iktisadî ve adlî düzenlemeleri devam ettiren Ahmed el-Mansûr, saltanatının son yıllarında veliaht tayin ettiği Fas valisi büyük oğlu Muhammed eş-Şeyh el-Me’mûn’un isyanıyla karşılaştı.	ALINTI-264-1006c-A.diff
170	A	birebir yok; anlam en yakın gövde cümlesinde (en_yakin_cumle sütunu)	1012/1603'te Ahmed el-Mansûr'un vebadan ölümü	sadiler	kronoloji_kuzeyafrika.js:254	TIRNAKLI:254	kronoloji_kuzeyafrika.js:254	sayi-tutmuyor	YOK	SA‘DÎ HÜKÜMDARLARI Ebû Abdullah Muhammed el-Kāim-Biemrillâh 916 (1511) Ahmed el-A‘rec 923 (1517) Mevlây Muhammed eş-Şeyh 946 (1539) Abdullah el-Gālib-Billâh 964 (1557) Muhammed el-Mütevekkil 981 (1574) Ebû Mervân Abdülmelik 984 (1576) Ahmed el-Mansûr 986 (1578) Ebü’l-Meâlî Zeydân en-Nâsır 1012-1013  ⟂ Cezayir gibi Fas’ı da Osmanlılar’ın bir eyaleti haline getirmeye çalışan Kılıç Ali Paşa’nın 995’te (1587) ölümünden sonra Ahmed el-Mansûr 1588 yılına ait vergiyi İstanbul’a göndermedi.	ALINTI-264-1006c-A.diff
171	A	birebir yok; anlam en yakın gövde cümlesinde (en_yakin_cumle sütunu)	Ülkenin Merakeş (güney) ve Fas (kuzey) emirlikleri olarak bölünmesi	sadiler	kronoloji_kuzeyafrika.js:259	TIRNAKLI:259	kronoloji_kuzeyafrika.js:259	sayisiz	YOK	Ülke Merakeş (güney) ve Fas (kuzey) emirlikleri olarak ikiye bölündü. ⟂ Sa‘dîler’i iktidara getiren dinî önderler ve zâviyelerin bu defa onların aleyhine döndüğü, ülkenin farklı güçler arasında taksim edildiği ve sultanların varlık gösteremediği bir dönemde sadece Muhammed eş-Şeyh el-Asgar, Merakeş ve civarında hâkimiyet kurabildi.	ALINTI-264-1006c-A.diff
172	A	birebir yok; anlam en yakın gövde cümlesinde (en_yakin_cumle sütunu)	1069/1659'da Ahmed el-Abbas'ın Şebbâne liderleri tarafından öldürülmesi; Sâdîler hânedanının sona ermesi	sadiler	kronoloji_kuzeyafrika.js:264	TIRNAKLI:264	kronoloji_kuzeyafrika.js:264	sayi-tutmuyor	YOK	İktidarı elde etmek amacıyla Merakeş’i muhasara eden Şebbâne liderleri onu öldürerek (1069/1659) başşehre girdiler ve Ebû Bekir Abdülkerîm eş-Şebbânî el-Harîrî’yi (Kurum el-Hâc) sultan ilân ettiler. ⟂ Zeydân en-Nâsır 1040 (1631) Muhammed eş-Şeyh el-Asgar 1045 (1636) (Merakeş) Ahmed el-Abbas 1064-1069 (1654-1659) 	ALINTI-264-1006c-A.diff
173	A	birebir yok; anlam en yakın gövde cümlesinde (en_yakin_cumle sütunu)	Abdülmelik ve Ahmed el-Mansûr devrinde Osmanlı sistemi örnek alınarak devlet teşkilâtlanması ve ordu reformları	sadiler	kronoloji_kuzeyafrika.js:269	TIRNAKLI:269	kronoloji_kuzeyafrika.js:269	sayisiz	YOK	Ülke yönetiminde Osmanlı Devleti’ni örnek alan Sultan Abdülmelik’in başlattığı hareketi Ahmed el-Mansûr devam ettirdi. ⟂ Devletin teşkilâtlanmasında ve ordunun ıslahında Osmanlı sistemi örnek alındı.	ALINTI-264-1006c-A.diff
174	A	birebir yok; anlam en yakın gövde cümlesinde (en_yakin_cumle sütunu)	Ahmed el-Mansûr devrinde Kasrü'l-bedî' Sarayı'nın Merakeş'te inşası	sadiler	kronoloji_kuzeyafrika.js:274	TIRNAKLI:274	kronoloji_kuzeyafrika.js:274	sayisiz	YOK	İmar faaliyetlerine önem veren Ahmed el-Mansûr başşehir Merakeş’te dönemin en ihtişamlı eserlerinden biri olan Kasrü’l-bedî‘ Sarayı’nı inşa ettirdi. ⟂ Bu döneme ait yapılar arasında Ahmed el-Mansûr’un Merakeş’te inşa ettirdiği Kasrü’l-bedî‘, Abdullah el-Gālib-Billâh zamanında Merakeş’te yapılan ve tezyinatıyla dikkat çeken Sa‘dîler Türbesi (Darîhu’s-Sa‘diyyîn), Mevâsîn ve Ebü’l-Abbas es-Sebtî camileri, Ahmed el-Mansûr’un annesi Mes‘ûde bint Ahmed 	ALINTI-264-1006c-A.diff
175	A	birebir yok; anlam en yakın gövde cümlesinde (en_yakin_cumle sütunu)	Ahmed el-Mansûr devrinde Fransa, İngiltere, Hollanda gibi Avrupa devletleriyle ticarî ilişkiler kurulması	sadiler	kronoloji_kuzeyafrika.js:279	TIRNAKLI:279	kronoloji_kuzeyafrika.js:279	sayisiz	YOK	Fransa, İngiltere, Hollanda ve diğer Avrupa devletleriyle kurulan ticarî ilişkiler sayesinde limanlara çok sayıda yabancı tüccar geliyordu. ⟂ Cezayir gibi Fas’ı da Osmanlılar’ın bir eyaleti haline getirmeye çalışan Kılıç Ali Paşa’nın 995’te (1587) ölümünden sonra Ahmed el-Mansûr 1588 yılına ait vergiyi İstanbul’a göndermedi.	ALINTI-264-1006c-A.diff
176	A	birebir yok; anlam en yakın gövde cümlesinde (en_yakin_cumle sütunu)	Sultan Abdülmelik çarpışma sırasında öldü (4 Ağustos 1578)	sadiler	kronoloji_portekiz.js:331	TIRNAKLI:331	kronoloji_portekiz.js:331	benzerlik-dusuk	YOK	Portekiz kralı ile Muhammed el-Mütevekkil çarpışmalar sırasında, Abdülmelik hastalığı dolayısıyla savaş alanında öldü. ⟂ Ancak Haçlı ordusu Vâdilmehâzin savaşında bozguna uğradı (30 Cemâziyelevvel 986 / 4 Ağustos 1578).	ALINTI-264-1006c-A.diff
177	A	birebir yok; anlam en yakın gövde cümlesinde (en_yakin_cumle sütunu)	1804 - Babasının deniz savaşında ölümünün ardından tahta çıktı; Uman, Basra körfezi adaları ve Zengibar topraklarını kardeşi Sâlim'le birlikte yönetti.	said-b-sultan	kronoloji_arabistan.js:357	TIRNAKLI:357	kronoloji_arabistan.js:357	yabanci-dil	YOK	Ahmed’in 1804 yılında bir deniz savaşında korsanlar tarafından öldürülmesinin ardından kardeşi Sâlim ile birlikte Uman, Hürmüz Boğazı’ndaki bazı adalar, İran’ın güneyindeki liman şehri Benderabbas ve Zengibar’dan oluşan ülkenin yönetimini üstlendi. ⟂ Kardeşi Sâlim 1821’de ölünce yalnız başına ülkeyi yönetti.	ALINTI-264-1006c-A.diff
178	A	birebir yok; anlam en yakın gövde cümlesinde (en_yakin_cumle sütunu)	1806 - Suûdîler'in desteklediği kuzeni Bedr b. Sayf'ı bertaraf ederek iktidarını sağlamlaştırdı.	said-b-sultan	kronoloji_arabistan.js:363	TIRNAKLI:363	kronoloji_arabistan.js:363	yabanci-dil	YOK	1806 yılında, Suûdîler’in tahtı ele geçirmesi için destekledikleri kuzeni Bedir b. ⟂ Seyf’i bertaraf ederek yönetimdeki gücünü pekiştirdi.	ALINTI-264-1006c-A.diff
179	A	birebir yok; anlam en yakın gövde cümlesinde (en_yakin_cumle sütunu)	1821 - Kardeşi Sâlim'in ölümüyle tek hükümdar oldu.	said-b-sultan	kronoloji_arabistan.js:369	TIRNAKLI:369	kronoloji_arabistan.js:369	yabanci-dil	YOK	Kardeşi Sâlim 1821’de ölünce yalnız başına ülkeyi yönetti. ⟂ Ahmed’in 1804 yılında bir deniz savaşında korsanlar tarafından öldürülmesinin ardından kardeşi Sâlim ile birlikte Uman, Hürmüz Boğazı’ndaki bazı adalar, İran’ın güneyindeki liman şehri Benderabbas ve Zengibar’dan oluşan ülkenin yönetimini üstlendi.	ALINTI-264-1006c-A.diff
180	A	birebir yok; anlam en yakın gövde cümlesinde (en_yakin_cumle sütunu)	1828 - Zengibar'a taşındı, fildişi ve köle ticareti için önemli bir merkez olarak tanıdı.	said-b-sultan	kronoloji_arabistan.js:381	TIRNAKLI:381	kronoloji_arabistan.js:381	sayi-tutmuyor	YOK	Zengibar’ın, Afrika’nın iç bölgelerinden fildişi ve kölelerin sahile taşınıp Hint Okyanusu ticaret ağı ile dünyaya pazarlandığı önemli bir ticaret merkezi olduğunu görünce burayı başşehir yapmaya karar verdi. ⟂ Bir yandan fildişi ve kereste ticaretine ağırlık verirken bir yandan da Zengibar’da karanfil yetiştirilmesi için çok büyük yatırımlar yaptı ve üretimi teşvik yasaları çıkardı.	ALINTI-264-1006c-A.diff
181	A	birebir yok; anlam en yakın gövde cümlesinde (en_yakin_cumle sütunu)	1837 - Mazruî hanedanını yenerek Mombasa'yı fethetti.	said-b-sultan	kronoloji_arabistan.js:387	TIRNAKLI:387	kronoloji_arabistan.js:387	benzerlik-dusuk	YOK	Ancak bu kararını, yıllarca süren bir mücadelenin ardından 1837’de Mombasa’yı ele geçirerek Merzû hânedanını yıktıktan sonra gerçekleştirebildi (1840). ⟂ Uman, Hürmüz Boğazı ve Doğu Afrika tarihinde önemli bir rol oynayan Bû Saîd hânedanının en başarılı sultanı sayılan Saîd b.	ALINTI-264-1006c-A.diff
182	A	birebir yok; anlam en yakın gövde cümlesinde (en_yakin_cumle sütunu)	1840 - Zengibar'ı resmî başkent ilan etti; Mogadişu'dan Cape Delgado'ya nüfuz genişletti.	said-b-sultan	kronoloji_arabistan.js:393	TIRNAKLI:393	kronoloji_arabistan.js:393	sayi-tutmuyor	YOK	Böylece Doğu Afrika sahillerinde sınırlarını genişletti ve nüfuzunu Mogadişu’dan Kap Delgado’ya kadar uzanan bölgedeki Arap kabileleri ve sahillerde yaşayan diğer kabileler üzerinde de kurdu. ⟂ Sultân 1856 yılında Maskat’tan Zengibar’a gitmek için çıktığı deniz yolculuğu sırasında vefat etti ve hânedanın Zengibar’daki kabristanına gömüldü.	ALINTI-264-1006c-A.diff
183	A	birebir yok; anlam en yakın gövde cümlesinde (en_yakin_cumle sütunu)	1828 - Zengibar'a taşındı...	said-b-sultan	yer_yama.js:459	TIRNAKLI:459	yer_yama.js:459	benzerlik-dusuk	YOK	1828’de sultanlığın Doğu Afrika’daki topraklarının merkezi Zengibar’a gitti. ⟂ Zengibar’ın, Afrika’nın iç bölgelerinden fildişi ve kölelerin sahile taşınıp Hint Okyanusu ticaret ağı ile dünyaya pazarlandığı önemli bir ticaret merkezi olduğunu görünce burayı başşehir yapmaya karar verdi.	ALINTI-264-1006c-A-KOORD.diff
184	A	birebir yok; anlam en yakın gövde cümlesinde (en_yakin_cumle sütunu)	1840 - Zengibar'ı resmî başkent ilan etti...	said-b-sultan	yer_yama.js:460	TIRNAKLI:460	yer_yama.js:460	yakin-cumle-yok	YOK	Sultân 1856 yılında Maskat’tan Zengibar’a gitmek için çıktığı deniz yolculuğu sırasında vefat etti ve hânedanın Zengibar’daki kabristanına gömüldü. ⟂ Ahmed’in 1804 yılında bir deniz savaşında korsanlar tarafından öldürülmesinin ardından kardeşi Sâlim ile birlikte Uman, Hürmüz Boğazı’ndaki bazı adalar, İran’ın güneyindeki liman şehri Benderabbas ve Zengibar’dan oluşan ülkenin yönetimini üstlendi.	ALINTI-264-1006c-A-KOORD.diff
185	A	birebir yok; anlam en yakın gövde cümlesinde (en_yakin_cumle sütunu)	1887 tarihinde Sikasso kuşatmasını başlattı	samori-ture	devletler.js:2652	TIRNAKLI:2633	devletler.js:2633	benzerlik-dusuk	YOK	Anlaşmalardan faydalanarak Senufo kabilesinin idaresinde bulunan Sikasso’yu kuşatan (1887), ancak kuşatmanın uzaması üzerine ülkesinde isyanlar çıkınca geri dönen Samori, Fransızlar’la son anlaşmasını 13 Şubat 1889’da yaptı ve Tisinko’dan Nijer nehrine kadar olan kısmı onlara bırakmak zorunda kaldı. ⟂ Kankan’dan Milo’ya taşınan aile burada aynı etnik gruptan putperest Kamara kabilesiyle birlikte yaşamaya başladı.	ALINTI-264-1006c-A.diff
186	A	birebir yok; anlam en yakın gövde cümlesinde (en_yakin_cumle sütunu)	13 Şubat 1889: Son antlaşmayı imzaladı	samori-ture	devletler.js:2653	TIRNAKLI:2634	devletler.js:2634	benzerlik-dusuk	YOK	Anlaşmalardan faydalanarak Senufo kabilesinin idaresinde bulunan Sikasso’yu kuşatan (1887), ancak kuşatmanın uzaması üzerine ülkesinde isyanlar çıkınca geri dönen Samori, Fransızlar’la son anlaşmasını 13 Şubat 1889’da yaptı ve Tisinko’dan Nijer nehrine kadar olan kısmı onlara bırakmak zorunda kaldı.	ALINTI-264-1006c-A.diff
187	A	birebir yok; anlam en yakın gövde cümlesinde (en_yakin_cumle sütunu)	Timur'un seferleri (1395-1396) Saray'ı ... devastated; Sarây-ı Cedîd harabe	saray--sehir	kronoloji_altinorda.js:231	TIRNAKLI:231	kronoloji_altinorda.js:231	sayi-tutmuyor	YOK	1395-1396’da vuku bulan Timur’un seferi Saray dahil olmak üzere birçok Altın Orda şehrinin sonunu getirdi (Nizâmeddîn-i Şâmî, s. ⟂ Timur’un seferlerinden sonra Sarây-ı Cedîd harabeye dönerken Sarây-ı Batu varlığını 1578 yılına kadar devam ettirdi.	ALINTI-264-1006c-A.diff
188	A	birebir yok; anlam en yakın gövde cümlesinde (en_yakin_cumle sütunu)	Saruhan ülkesinin 1411'den sonra ve 1415'ten önce Çelebi Mehmed'in idaresi altına girdiği	saruhanogullari	olaylar_ek5.js:60	TIRNAKLI:60	olaylar_ek5.js:60	yabanci-dil	YOK	Ancak onun hâkimiyetinin çok kısa sürdüğü, 1411’den sonra ve 1415’ten önce Saruhan ülkesinin Çelebi Mehmed’in idaresi altına girdiği, böylece Saruhanoğulları’nın Manisa kolunun tarihe karıştığı anlaşılmaktadır. ⟂ Saruhan Bey, Manisa’yı almadan önce 1300’lerin başında bu bölgedeki bazı yerleri ele geçirmiş ve Batı Anadolu kesiminde önemli bir askerî merkez konumundaki Manisa’yı abluka altına almış olmalıdır.	ALINTI-264-1006c-A.diff
189	A	dört '…' parçası doğru sırada gövdede, ama son iki cümle arasındaki Golubac cümleleri işaretsiz atılmış	Temmuz 1427'de … Stefan Lazareviç … öldü … Curac Brankoviç … Belgrad'ı Macarlar'a iade etti. 1428'de Osmanlılar Đurađ'ın başşehri olan Kruševac'ı (Alacahisar) aldı.	semendire	kronoloji_cok_sirbistan.js:65	TIRNAKLI:65	kronoloji_cok_sirbistan.js:65	sayi-tutmuyor	YOK	Temmuz 1427’de Sırp Despotu ve Osmanlı Vasalı Stefan Lazareviç başşehir Belgrad’da öldü ve aynı yılın ekim ayı sonunda yerine geçen (Osmanlılar’ın Vılkoğlu adını verdiği) Curac Brankoviç eski bir anlaşma gereğince Belgrad’ı Macarlar’a iade etti. ⟂ 1428’de Osmanlılar Đurađ’ın başşehri olan Kruševac’ı (Alacahisar) aldı.	ALINTI-264-1006c-A.diff
190	A	birebir yok; anlam en yakın gövde cümlesinde (en_yakin_cumle sütunu)	Volof Krallığı XIII. yüzyılda orta Senegal'e hâkimdi.	senegal	devletler.js:2556 · kronoloji_sinir_guney_g8.js:77	TIRNAKLI:2537	devletler.js:2537;kronoloji_sinir_guney_g8.js:77	sayisiz	YOK	yüzyılda Senegal’in orta bölgesinde Volof Krallığı, doğusunda Mali Sultanlığı hüküm sürüyordu. ⟂ En önemli üç akarsu Moritanya ile sınır teşkil eden Senegal nehri, yukarı çığırı Gine’de, aşağı çığırı Gambia’da ve orta çığırı Senegal’de bulunan Gambia nehri ve güneyden ona paralel akan Casamance’tır.	ALINTI-264-1006c-A.diff
191	D	senegal: Sine-Sâloum Serer topraklarında; 'doğu bölgesi' gövdede yok	Sine-Salum Emirliği — Serer nüfuslu doğu bölgesi.	senegal	devletler.js:2592 · kronoloji_sinir_guney_g8.js:78	TIRNAKLI:2573		sayisiz	YOK	Aynı dönemde Serer etnik grubunun yaşadığı topraklarda hüküm süren Sine-Sâloum Emirliği’ne ait bölgede de İslâm dini geniş ölçüde yayıldı. ⟂ Bunların en kalabalığı nüfusun % 43’ünü oluşturan bölgenin yerlisi Voloflar’dır ve halk arasında en çok kullanılan dil Volofça’dır.	
192	A	birebir yok; anlam en yakın gövde cümlesinde (en_yakin_cumle sütunu)	Câcerm, Damgan, Simnân, Gürgân, Meşhed, Tûs, Esterâbâd	serbedariler	yer_yama_hayalet.js:251 · yer_yama_hayalet.js:278 · yer_yama_hayalet.js:305	TIRNAKLI:251,278,305	yer_yama_hayalet.js:251;yer_yama_hayalet.js:278;yer_yama_hayalet.js:305	sayisiz	YOK	Câcerm, Damgan, Simnân ile Togay Timur’un başşehri Gürgân’ı ele geçiren Serbedârîler ardından topraklarını Herat Kertleri aleyhinde genişletmeye çalıştılar. ⟂ Gürgân (Cürcân) nehri kenarında meydana gelen savaşta Togay Timur bozguna uğradı, kaçmaya teşebbüs eden veziri Alâeddin Muhammed yakalanarak öldürüldü (23 Şâban 742 / 1 Şubat 1342).	ALINTI-264-1006c-A-KOORD.diff
193	D	seydi-ali-reis: 25 Ağustos ve 34 gemi var; 'her iki taraf altı gemi kaybetti' yok (gövdede 'kalan altı gemiyle' Osmanlı'nın KALAN gemisidir)	25 Ağustos 1554'te Maskat açıklarında Fernando kumandasındaki otuz dört Portekiz kalyonuyla karşılaşıldı; her iki taraf altı gemi kaybetti	seydi-ali-reis	kronoloji_portekiz.js:316	TIRNAKLI:316		sayi-tutmuyor	YOK	Uman sahillerindeki Hurfakan civarına gelindiğinde (10 Ağustos 1554) kuşluk vakti ansızın Hindistan genel valisi Alfonso de Noronha’nın oğlu Fernando kumandasındaki yirmi beş parçalık bir Portekiz donanmasıyla karşılaşıldı ( a.g.e. ⟂ Ancak burada seher vakti Fernando kumandasındaki otuz dört gemiden oluşan Portekiz filosu ile tekrar karşılaştı.	
194	A	birebir yok; anlam en yakın gövde cümlesinde (en_yakin_cumle sütunu)	1 Eylül 1391'de tamamlandı	seyf-i-sarayi	kronoloji_altinorda.js:207	TIRNAKLI:207	kronoloji_altinorda.js:207	benzerlik-dusuk	YOK	1 Şevval 793 (1 Eylül 1391) tarihinde tamamlanan eser Türkçe ilk Gülistân tercümesi olup aslındaki mensur kısımlar nesir halinde, manzum kısımlar da nazmen çevrilmiştir. ⟂ Ahmed Celâyir’in Mısır’a gidişi dolayısıyla 1393’te söylediği bir rubâîsiyle 1394’te tamamladığı Süheyl ü Güldürsün mesnevisinden hareketle bu tarihten sonra vefat ettiği söylenebilir.	ALINTI-264-1006c-A.diff
195	A	birebir yok; anlam en yakın gövde cümlesinde (en_yakin_cumle sütunu)	Süheyl ü Güldürsün ... 1394'te bitirilen mesnevi	seyf-i-sarayi	kronoloji_altinorda.js:219	TIRNAKLI:219	kronoloji_altinorda.js:219	benzerlik-dusuk	YOK	Ahmed Celâyir’in Mısır’a gidişi dolayısıyla 1393’te söylediği bir rubâîsiyle 1394’te tamamladığı Süheyl ü Güldürsün mesnevisinden hareketle bu tarihten sonra vefat ettiği söylenebilir. ⟂ Seyf-i Sarâyî’nin Gülistan Tercümesi ’nden başka mesnevi tarzında yazılmış Süheyl ü Güldürsün adlı bir eseri daha bulunmaktadır.	ALINTI-264-1006c-A.diff
196	D	sirvansahlar: Şâbüran, Kabala, Salyan gövdede 0 isabet	Şemâhî … Bakü … Derbend, Şâbüran, Kabala ve Salyan	sirvansahlar	yer_yama_hayalet.js:636 · yer_yama_hayalet.js:657 · yer_yama_hayalet.js:699 · yer_yama_hayalet.js:720 · yer_yama_hayalet.js:741 · yer_yama_hayalet.js:762	TIRNAKLI:636,657,699,720,741		sayisiz	YOK	Şah İsmâil, Bakü ve Şemâhî’yi zaptedip çok sayıda Sünnî’yi katlettirdi. ⟂ Araplar, Şirvan’ı ve Derbend’i fethettikleri sırada söz konusu bölgede Şehriyâr, bazı kaynaklara göre ise Şehrverâz unvanlı bir hükümdar bulunmaktaydı.	
197	A	birebir yok; anlam en yakın gövde cümlesinde (en_yakin_cumle sütunu)	1849: Yakubu Kebbi'de bağımsızlığını ilân etti	sokoto	devletler.js:4993	TIRNAKLI:4974	devletler.js:4974	benzerlik-dusuk	YOK	1849’da bağımsızlığını ilân eden Yakubu kuzeydeki isyancı gruplarla ittifak kurarak gücünü arttırdı. ⟂ Babası zamanında Kebbi’de isyan eden ve yakalanıp Sokoto’da hapse atılan Yakubu Nabame’yi serbest bırakması yüzünden yeni bir tehlikeyle karşılaştı.	ALINTI-264-1006c-A.diff
198	A	birebir yok; anlam en yakın gövde cümlesinde (en_yakin_cumle sütunu)	1903: İngiliz işgali (15 Mart)	sokoto	devletler.js:4994	TIRNAKLI:4975	devletler.js:4975	benzerlik-dusuk	YOK	Ertesi yıl İngilizler Sokoto ordusunu ağır bir yenilgiye uğratarak şehri işgal ettiler (15 Mart 1903). ⟂ Askerlerinin çoğunu kaybettikten sonra kaçmayı başaran Tâhir’in İngilizler’le yaptığı yeni bir savaşta öldürülmesiyle yaklaşık bir asır süren Sokoto halifeliğinin siyasî hâkimiyeti sona erdi (27 Temmuz 1903).	ALINTI-264-1006c-A.diff
199	A	birebir yok; anlam en yakın gövde cümlesinde (en_yakin_cumle sütunu)	VII/XIII. yüzyıl: Ebû Bekir b. Fahreddin Makdişu'da sultanlık kurdu	somali	kronoloji_dogu_afrika.js:924	TIRNAKLI:924	kronoloji_dogu_afrika.js:924	sayisiz	YOK	(XIII.) yüzyılda tüccar gruplarının lideri Ebû Bekir b. ⟂ Fahreddin, Makdişu’da bir sultanlık kurmaya muvaffak oldu.	ALINTI-264-1006c-A.diff
200	V	tahiriler--yemen madde ÖZETİ birebir	Yemen'de Resûlîler'den sonra 1454-1517 yılları arasında hüküm süren Sünnî bir hânedan	tahiriler--yemen	devletler.js:8344	TIRNAKLI:8325		yakin-cumle-yok	TAM/OZET	el-Melikü’l-Müeyyed Hüseyin’in taht iddiasına kalkışması Resûlî hânedanı içindeki mücadeleleri şiddetlendirdi ve askerler arasında büyük ihtilâflar ortaya çıktı. ⟂ Ahmed’in ölümünden sonra (924/1518) hânedan mensupları arasında taht kavgaları başladı ve pek çok çatışma oldu.	
201	M	KRONO-MUKERRER-SIL-1006(b).diff — bugünkü ağaçta alıntı yok	Lala Mustafa Paşa'nın kuvvetleri 24 Ağustos 1578'de şehre girdi	tiflis	kronoloji_gurcistan.js:163	YOK		benzerlik-dusuk	YOK	1578’de başlayan Osmanlı-Safevî mücadelesi sırasında Lala Mustafa Paşa kumandasındaki Osmanlı ordusu 24 Ağustos’ta Tiflis’e ulaştı ve boşaltılmış kaleyi ele geçirdi. ⟂ İran-Afgan savaşı esnasında Afganlılar’ın İran’ı işgal etmeleri ve Ruslar’ın Kafkasya’ya asker göndermeleri üzerine Osmanlılar da harekete geçip 23-24 Haziran 1723’te Tiflis’e girdiler.	
202	A	birebir yok; anlam en yakın gövde cümlesinde (en_yakin_cumle sütunu)	I. Ebû Zeyyân Muhammed yıkıntıları tamir etti	tilimsan	kronoloji_kuzeyafrika.js:357	TIRNAKLI:357	kronoloji_kuzeyafrika.js:357	sayisiz	YOK	Ebû Zeyyân Muhammed kuşatmanın yaralarını sarmaya çalıştı. ⟂ Agādîr Kalesi’ni Benî İfren inşa etti.	ALINTI-264-1006c-A.diff
203	D	tilimsan: 'beş saray' yok; gövde Abdülvâdîler'in şehirde saraylar yaptırdığını genel olarak yazar	I. Ebû Tâşfîn Dönemi — beş saray ve mimari gelişme	tilimsan	kronoloji_kuzeyafrika.js:362	TIRNAKLI:362		sayisiz	YOK	Bu dönemde ilim ve sanat çok gelişti. ⟂ Esasen Tilimsân’da Ebû Tâşfîn gibi Zeyyânî veliahtlarının çoğu eğitimlerini Elhamra Sarayı’nda Nasrîler’in himayesinde tamamlıyordu.	
204	A	birebir yok; anlam en yakın gövde cümlesinde (en_yakin_cumle sütunu)	Sâlih Reis kumandasında kesin biçimde ele geçirildi	tilimsan	kronoloji_kuzeyafrika.js:417	TIRNAKLI:417	kronoloji_kuzeyafrika.js:417	sayisiz	YOK	960’ta (1553) Cezayir’den büyük bir ordu sevkedilince Tilimsân şehri Sâlih Reis kumandasındaki Osmanlı ordusu tarafından kesin biçimde ele geçirildi. ⟂ Sâlih Reis’in vefatı üzerine harekete geçtiyse de ikinci defa beylerbeyi olarak Cezayir’e gelen Hasan Paşa, 1557’de kuşatma altındaki Tilimsân’a 14.000 kişilik bir ordu gönderip kāid Sefa’yı ve muhafızları kurtardı.	ALINTI-264-1006c-A.diff
205	A	birebir yok; anlam en yakın gövde cümlesinde (en_yakin_cumle sütunu)	1391 (Haziran): Kunduzca'da Toktamış Han'ı yendi	timur	kronoloji_timurlu.js:69	TIRNAKLI:69	kronoloji_timurlu.js:69	benzerlik-dusuk	YOK	793 (1391) yılı başında buradan hareketle Otrar, Yesi, Karaçuk, Sayram üzerinden bozkırı aştı ve Receb 793’te (Haziran 1391) Kundurca (Kunduzca) mevkiinde Toktamış Han’ı yenilgiye uğrattı. ⟂ Toktamış Han, Kahire’ye Memlük sultanına bir elçilik heyeti yollayıp Timur’un İran’da kuvvetlenmesi ihtimaline karşı onunla ittifak hazırlığına girişti.	ALINTI-264-1006c-A.diff
206	A	birebir yok; anlam en yakın gövde cümlesinde (en_yakin_cumle sütunu)	1395 (15 Nisan): Terek'te [Toktamış'ı] kesin olarak yendi	timur	kronoloji_timurlu.js:74	TIRNAKLI:74	kronoloji_timurlu.js:74	benzerlik-dusuk	YOK	23 Cemâziyelâhir 797’de (15 Nisan 1395) Terek ırmağı kıyısında yapılan savaşı kazandıysa da Toktamış’ı ele geçiremedi. ⟂ Kendine müttefikler sağlamak suretiyle on yıllık mücadeleden sonra Mâverâünnehir’e hâkim olarak Semerkant’ta tahta oturdu (12 Ramazan 771 / 9 Nisan 1370).	ALINTI-264-1006c-A.diff
207	A	birebir yok; anlam en yakın gövde cümlesinde (en_yakin_cumle sütunu)	1398-1399 (Mart-Nisan – Nisan): Delhi Sultanı Mahmud Şah'a karşı sefer	timur	kronoloji_timurlu.js:79	TIRNAKLI:79	kronoloji_timurlu.js:79	sayi-tutmuyor	YOK	Nihayet “kâfirler ve putperestlerle cihad” adı altında Receb 800’de (Mart-Nisan 1398) Semerkant’tan hareket etti. ⟂ Yıldırım Bayezid’in Anadolu’da Karamanoğulları’na karşı giriştiği mücadele neticesinde Konya, Lârende ve Aksaray gibi şehirleri ele geçirmesi, Kadı Burhâneddin’in öldürülmesiyle önce Amasya’yı, ardından Sivas’ı kendi topraklarına katması, 1399’da Memlük sultanının vefatı üzerine Fırat bölgesine iner	ALINTI-264-1006c-A.diff
208	M	KRONO-SAHTE-ALINTI-1006.diff — bugünkü ağaçta alıntı yok	1400-1401: Halep, Hama, Humus ve Şam dahil Suriye şehirlerinin fethi	timur	kronoloji_timurlu.js:88	YOK		sayi-tutmuyor	YOK	Suriye’de Halep, Hama, Humus ve Dımaşk gibi şehirleri aldı. ⟂ Timur bu sırada Güney İran’da Şîraz’ı kuşatmakla meşguldü; Toktamış, Siriderya kıyısındaki şehirleri ele geçirmeye kalkışınca Semerkant’a döndü.	
209	D	timur: 1401 gövdede yok (Suriye şehirlerinin alınışı yılsız)	1400-1401: Suriye şehirlerinin fethi	timur	kronoloji_timurlu.js:93	TIRNAKLI:93		yakin-cumle-yok	YOK	Suriye’de Halep, Hama, Humus ve Dımaşk gibi şehirleri aldı. ⟂ Timur bu sırada Güney İran’da Şîraz’ı kuşatmakla meşguldü; Toktamış, Siriderya kıyısındaki şehirleri ele geçirmeye kalkışınca Semerkant’a döndü.	
210	A	birebir yok; anlam en yakın gövde cümlesinde (en_yakin_cumle sütunu)	1402 (28 Temmuz): Ankara'da Osmanlı Sultanı Yıldırım Bayezid'e karşı zafer	timur	kronoloji_timurlu.js:103	TIRNAKLI:103	kronoloji_timurlu.js:103	sayi-tutmuyor	YOK	Yıldırım Bayezid’in Anadolu’da Karamanoğulları’na karşı giriştiği mücadele neticesinde Konya, Lârende ve Aksaray gibi şehirleri ele geçirmesi, Kadı Burhâneddin’in öldürülmesiyle önce Amasya’yı, ardından Sivas’ı kendi topraklarına katması, 1399’da Memlük sultanının vefatı üzerine Fırat bölgesine iner ⟂ Yıldırım Bayezid, Memlük Sultanı Berkuk, Altın Orda Hanı Toktamış ve Kadı Burhâneddin arasında bir ittifak kuruldu.	ALINTI-264-1006c-A.diff
211	A	birebir yok; anlam en yakın gövde cümlesinde (en_yakin_cumle sütunu)	1402-1403: Bursa'nın alınması, İzmir'i ziyaret	timur	kronoloji_timurlu.js:108	TIRNAKLI:108	kronoloji_timurlu.js:108	yakin-cumle-yok	YOK	Timur, savaşın ardından başta Bursa olmak üzere Anadolu’nun çeşitli yerlerine asker sevketti; kendisi Kütahya, Denizli, Aydın, Ayasuluk, Tire yoluyla İzmir’e gitti. ⟂ 7 Şevval 804’te (10 Mayıs 1402) hareket eden Timur Kemah, Sivas, Kayseri, Kırşehir üzerinden gelip Ankara’yı kuşattı.	ALINTI-264-1006c-A.diff
212	A	birebir yok; anlam en yakın gövde cümlesinde (en_yakin_cumle sütunu)	1404 (27 Kasım): Çin seferi için yola çıktı	timur	kronoloji_timurlu.js:113	TIRNAKLI:113	kronoloji_timurlu.js:113	benzerlik-dusuk	YOK	Timur, 8 Muharrem 802 (10 Eylül 1399) tarihinde “yedi yıllık sefer” diye adlandırılan (1399-1404) batıya doğru son seferine çıktı. ⟂ Bir yıl kadar Anadolu’da kalıp Anadolu beyliklerini canlandıran Timur, Ankara Savaşı sırasında kendi saflarına geçen Orta Anadolu’daki Kara Tatarlar’ın büyük bir kısmını göçürerek Muharrem 807’de (Temmuz 1404) Semerkant’a döndü ve bu seferindeki zaferlerini kutlamak için toylar, ziyafetler düzenledi	ALINTI-264-1006c-A.diff
213	A	birebir yok; anlam en yakın gövde cümlesinde (en_yakin_cumle sütunu)	Horasan, Mâzenderan, İran'ın iç bölgeleri	timur	yer_yama_kapsam.js:18	TIRNAKLI:18	yer_yama_kapsam.js:18	sayisiz	YOK	Merkezi Herat olmak üzere Horasan’da Kertler, merkezi Sebzevâr (Beyhak) olmak üzere Horasan’ın batı taraflarında Şiî Serbedârîler, merkezi Cürcân olmak üzere Esterâbâd, Damgan ve Simnân yöresinde Toga Timurlular, merkezi Şîraz olmak üzere Fars ve Kirman taraflarında Muzafferîler, merkezi Bağdat olma ⟂ 1370-1372’de Fergana vadisine sefer yapan ve nüfuzunu bu yönde yaymaya çalışan, 1373’te Hârizm’e karşı harekete geçen Timur, hemen ardından Horasan’ın içinde bulunduğu bölgenin şartları zaptı için uygun görerek oğlu Mîrân Şah’ı Horasan’a gönderdiği gibi kendisi de arkadan gidip Kertler, Toga Timurlu	ALINTI-264-1006c-A-KOORD.diff
214	A	birebir yok; anlam en yakın gövde cümlesinde (en_yakin_cumle sütunu)	Özbekler Mayıs 1507'de Herat'ı ele geçirdi, Timurlu hâkimiyeti sona erdi	timurlular	kronoloji_timurlu.js:200	TIRNAKLI:200	kronoloji_timurlu.js:200	benzerlik-dusuk	YOK	Mâverâünnehir’de durumunu kuvvetlendiren Muhammed Şeybânî Han Mayıs 1507’de Herat’ı ele geçirdi. ⟂ 1409’da hâkimiyeti ele geçiren Timur’un küçük oğlu Şâhruh 823 (1420) yılına kadar batıda ciddi bir teşebbüste bulunamadı.	ALINTI-264-1006c-A.diff
215	A	birebir yok; anlam en yakın gövde cümlesinde (en_yakin_cumle sütunu)	Edigey'in kuvvetlerine 1399'da yenilmesi	toktamis-han	kronoloji_altinorda.js:243	TIRNAKLI:243	kronoloji_altinorda.js:243	yabanci-dil	YOK	Timur’un çekilmesinden sonra Toktamış Han 1396’da Kefe’ye hâkim olduysa da Emîr Edigey Mirza’nın yardımıyla hanlığını ilân eden Timur Kutluk’a yenildi ve Litvanya Prensi Vitold’a sığındı. ⟂ Fakat 9 Zilhicce 801’de (12 Ağustos 1399) Vitold ile Toktamış’ın birleşik ordusu Edigey tarafından bozguna uğratıldı.	ALINTI-264-1006c-A.diff
216	A	birebir yok; anlam en yakın gövde cümlesinde (en_yakin_cumle sütunu)	Turgut Reis beylerbeyilikle atandı; dokuz yıllık yönetim dönemi başladı (Fizan'a kadar)	trablusgarp	kronoloji_kuzeyafrika.js:431	TIRNAKLI:431	kronoloji_kuzeyafrika.js:431	sayisiz	YOK	Turgut Reis’in dokuz yıllık valiliği Trablusgarp tarihinde önemli bir yer tutar. ⟂ Fizan’a kadar bugünkü Libya Devleti’nin tamamına yakınını Osmanlı topraklarına Murad Ağa dahil ettiyse de kabileleri Turgut Reis devlete tâbi kıldı.	ALINTI-264-1006c-A.diff
217	A	birebir yok; anlam en yakın gövde cümlesinde (en_yakin_cumle sütunu)	Yarı bağımsız eyalet konumuna geçiş; Karamanlı ailesinin yönetimi başladı	trablusgarp	kronoloji_kuzeyafrika.js:436	TIRNAKLI:436	kronoloji_kuzeyafrika.js:436	sayisiz	YOK	Osmanlı idaresi altında eyaletin tarihi dört döneme ayrılır: Osmanlılar’ın tam hâkimiyetindeki ilk valiler dönemi, kendi başına buyruk yöneticiler kabul edilen dayılar dönemi (yeniçeriler), yarı bağımsız eyalet konumuna geldiği Karamanlı hânedanı dönemi, merkezî idareye doğrudan bağlandığı ikinci va ⟂ 1798 yılına kadar idare Karamanlı ailesine mensup kimselere veraset yoluyla intikal etti.	ALINTI-264-1006c-A.diff
218	A	birebir yok; anlam en yakın gövde cümlesinde (en_yakin_cumle sütunu)	Ticaret gemilerinden vergi alınması nedeniyle çatışmalar; gemi kaçırılması ve liman ablukası	trablusgarp	kronoloji_kuzeyafrika.js:441	TIRNAKLI:441	kronoloji_kuzeyafrika.js:441	sayisiz	YOK	Karamanlı beylerinin Avrupa’dan ve Amerika Birleşik Devletleri’nden buraya gelen ticaret gemilerinden vergi almaları ciddi problemlere yol açtı. ⟂ Özellikle Amerika 1796’da bu vergiyi ticaret gemilerinin güvenlik içinde seyretmesi için vermekteydi.	ALINTI-264-1006c-A.diff
219	A	birebir yok; anlam en yakın gövde cümlesinde (en_yakin_cumle sütunu)	9 Ekim 1911 Trablusgarp şehrinin teslimi	trablusgarp-savasi	kronoloji_kuzeyafrika.js:461	TIRNAKLI:461	kronoloji_kuzeyafrika.js:461	sayi-tutmuyor	YOK	Trablusgarp şehri 9 Ekim’de teslim olmak zorunda kaldı. ⟂ İtalyan kuvvetlerinin, işgalden sonra Trablusgarp valiliğine tayin edilen Neşet ve Ali Fethi beylerin kumanda ettikleri Türk birlikleri karşısındaki zayiat ve yenilgisi bunun bir göstergesi oldu (23 Ekim 1911).	ALINTI-264-1006c-A.diff
220	A	birebir yok; anlam en yakın gövde cümlesinde (en_yakin_cumle sütunu)	1 Aralık 1911 Enver Bey'in karargâhı üstlenmesi	trablusgarp-savasi	kronoloji_kuzeyafrika.js:476	TIRNAKLI:476	kronoloji_kuzeyafrika.js:476	yabanci-dil	YOK	Enver Bey 1 Aralık 1911’de buraya gelerek kırk kadar subay ve 400 askerden oluşan karargâhın kumandasını üstlendi. ⟂ 1911 sonbaharında dış siyasetteki genel dengeler büyük devletlerin işgal esnasında sessiz kalacakları güvencesini vermekteydi.	ALINTI-264-1006c-A.diff
221	A	birebir yok; anlam en yakın gövde cümlesinde (en_yakin_cumle sütunu)	18 Ekim 1912 Uşi Barış Antlaşması	trablusgarp-savasi	kronoloji_kuzeyafrika.js:481	TIRNAKLI:481	kronoloji_kuzeyafrika.js:481	sayi-tutmuyor	YOK	Böylece İtalyanlar’la 18 Ekim’de Lozan yakınlarındaki Uşi (Ouchy) kasabasında zikredilen hususlar dahilinde nihaî bir barış antlaşması imzalandı. ⟂ Burada bir sömürge sahibi olmak isteyen İtalya, Adova’da utanç verici bir hezimet yaşamış (1 Mart 1896), büyük maliyetlerle sürdürülen uzun uğraşlardan sonra nihayet Habeşistan’ın bağımsızlığını tanıma karşılığında Eritre’ye sahip olmayı başarabilmişti (Ekim 1896 barışı).	ALINTI-264-1006c-A.diff
222	A	birebir yok; anlam en yakın gövde cümlesinde (en_yakin_cumle sütunu)	Pizalı ve Cenevizli korsanlar Mehdiye'yi tahrip etti	tunus	kronoloji_kuzeyafrika.js:303	TIRNAKLI:303	kronoloji_kuzeyafrika.js:303	sayisiz	YOK	Zîrîler’in elinde kalan tek merkez olan Mehdiye 1087 yılında bir süre Pizalı ve Cenevizli korsanların eline geçtiyse de geri alındı. ⟂ Ancak 1287’de Mehdiye’yi yağma ve tahrip ettiler.	ALINTI-264-1006c-A.diff
223	A	birebir yok; anlam en yakın gövde cümlesinde (en_yakin_cumle sütunu)	1284'te hıristiyanların eline geçen Cerbe adasının Hafsîler tarafından tekrar fethilmesi	tunus	kronoloji_kuzeyafrika.js:308	TIRNAKLI:308	kronoloji_kuzeyafrika.js:308	benzerlik-dusuk	YOK	1284’te hıristiyanların eline geçen Cerbe adası 1334’te geri alınabildi. ⟂ 1569’da tekrar Osmanlılar’ın eline geçen şehir 1573’te ikinci defa İspanyol işgaline uğradıysa da 1574’te geri alınıp kesin biçimde Osmanlı topraklarına katıldı ve Tunus’a Osmanlı Devleti’ne bağlı bir eyalet statüsü verildi.	ALINTI-264-1006c-A.diff
224	A	birebir yok; anlam en yakın gövde cümlesinde (en_yakin_cumle sütunu)	Sultan ölümünün ardından devlet karışıklığa girdi; Avrupa devletlerinin saldırıları yoğunlaştı	tunus	kronoloji_kuzeyafrika.js:323	TIRNAKLI:323	kronoloji_kuzeyafrika.js:323	sayisiz	YOK	Ebü’l-Abbas Ahmed el-Müstansır (1370-1394) devlete yeniden itibar kazandırdıysa da Ebû Amr Osman’ın 893’te (1488) ölümünün ardından Hafsîler’in ikinci parlak dönemi de sona erdi ve ülke karıştı. ⟂ Ayrıca bu devirde başta İspanya olmak üzere Avrupa devletlerinin sahillere saldırıları yoğunlaştı.	ALINTI-264-1006c-A.diff
225	A	birebir yok; anlam en yakın gövde cümlesinde (en_yakin_cumle sütunu)	Kral I. Mutasa dönemi (1854-1884)	uganda	devletler.js:5123	TIRNAKLI:5104	devletler.js:5104	benzerlik-dusuk	YOK	Mutasa’ya (1854-1884) bıraktığı ve bazı sûreleri ezberlediği bildirilmektedir. ⟂ Mutasa 1884’te ölünce misyonerler on sekiz yaşındaki oğlu Muvanga’yı (Mwanga) kral ilân ettiler ve bölgeyi sömürgeleştirmek için kendisine bir himaye antlaşması imzalattılar.	ALINTI-264-1006c-A.diff
226	A	birebir yok; anlam en yakın gövde cümlesinde (en_yakin_cumle sütunu)	Zîc-i Uluğ Bey... İslâm dünyasında ve Avrupa'da kaynak eser olarak tanındı	ulug-bey	kronoloji_timurlu.js:146	TIRNAKLI:146	kronoloji_timurlu.js:146	sayisiz	YOK	Uluğ Bey, kullandığı Zîc-i İlḫânî ’de gördüğü bazı ölçüm hatalarını ve eksiklikleri gidermek için hem İslâm dünyasında hem Avrupa’da alanında kaynak eser kabul edilen Zîc-i Uluġ Bey ’i meydana getirmiştir. ⟂ Henüz on altı yaşında iken devleti yönetme sorumluluğunu üstlenen Uluğ Bey, kuzeybatıda Ceyhun ırmağından Soğanak’a ve kuzeydoğuda Asparay şehrine kadar otuz sekiz yıl bu geniş coğrafyanın emîri olarak yönetimini sürdürdü.	ALINTI-264-1006c-A.diff
227	M	KRONO-MUKERRER-SIL-1006(b).diff — bugünkü ağaçta alıntı yok	1447-1449 arası hükümdarlık yaptı	ulug-bey	kronoloji_timurlu.js:151	YOK		yakin-cumle-yok	YOK	1417-1420 yılları arasında biri Buhara’da, diğeri Semerkant’ta iki medrese yaptırmış ve geniş vakıflarla bunları desteklemiştir. ⟂ 1394-1405 yılları arasında sarayda geleneksel dinî ilimler, ardından mantık, matematik ve astronomi tahsili gördü.	
228	M	KRONO-TARIH-1006.diff — bugünkü ağaçta alıntı yok	Oğlu Abdüllatif ile giriştiği mücadelede Semerkant yakınında yenilip 1449'da (25 Ekim) idam edildi	ulug-bey	kronoloji_timurlu.js:156	YOK		yakin-cumle-yok	YOK	Abdüllatif ise Tirmiz ve Keş’i ele geçirip Semerkant’a yürüdü ve 853 Şâbanında (Eylül-Ekim 1449) Uluğ Bey’i Semerkant’ın dış bölgesi Dımaşk’ta mağlûp etti. ⟂ Uluğ Bey babasının ölüm haberi üzerine Semerkant’ı küçük oğlu Abdülaziz’e bırakarak Horasan’a hareket ettiyse de ancak Belh’i ele geçirebildi.	
229	A	birebir yok; anlam en yakın gövde cümlesinde (en_yakin_cumle sütunu)	1507: Portekizli general Portekiz baskısı başladı.	uman	kronoloji_arabistan.js:273	TIRNAKLI:273	kronoloji_arabistan.js:273	yakin-cumle-yok	YOK	Portekizliler 1507’den itibaren Uman sahil şehirlerini ele geçirdiler. ⟂ 627’de (1230) Benî Kayser’i ortadan kaldıran Salgurlular, Portekiz işgaline kadar Uman’ı yönettiler.	ALINTI-264-1006c-A.diff
230	D	uman: 1624 uman gövdesinde yok (yarubiler maddesinde 1034/1624 alternatif tarih olarak var — kardeş madde)	1624: Nâsır b. Mürşid... Ya'rubî hânedanını kurdu.	uman	kronoloji_arabistan.js:279	TIRNAKLI:279		sayi-tutmuyor	YOK	Portekizliler’in Maskat ve civarından çıkarılması Umanlı Ya‘rubî hânedanı imamı Nâsır b. ⟂ Uman’da Ya‘rubî hânedanından Nâsır b.	
231	D	uman: '1650, 26 Ocak' uman gövdesinde yok	1650, 26 Ocak: Maskat, Portekiz'den alındı.	uman	kronoloji_arabistan.js:297	TIRNAKLI:297		yakin-cumle-yok	YOK	Portekizliler, artan Osmanlı seferlerine karşı Maskat’ta bugün de ayakta duran Celâlî ve Mîrânî kalelerini inşa ettiler. ⟂ Portekizliler’in Maskat ve civarından çıkarılması Umanlı Ya‘rubî hânedanı imamı Nâsır b.	
232	A	birebir yok; anlam en yakın gövde cümlesinde (en_yakin_cumle sütunu)	1775-1776: Kerim Khan Zend Basra'yı kuşattı; Uman, Osmanlı Basra'sına yardım etti.	uman	kronoloji_arabistan.js:345	TIRNAKLI:345	kronoloji_arabistan.js:345	benzerlik-dusuk	YOK	İki ülke arasındaki ilişkilerin ilk ciddi adımı, İran’ın yöneticisi Kerim Han Zend’in Osmanlılar’a bağlı Basra şehrini kuşatması olayı ile atıldı (1775-1776). ⟂ Abdülhamid döneminde 1879’da Uman ile Yemen arasındaki Zafâr bölgesinden gelerek bütün bu bölgeyi Osmanlı Devleti’ne bağlamayı teklif etti ve az bir yardımla (2 gemi, 500 asker) bu işin gerçekleşebileceğini söyledi.	ALINTI-264-1006c-A.diff
233	A	birebir yok; anlam en yakın gövde cümlesinde (en_yakin_cumle sütunu)	18 Ocak 1798: İngiltere ile kavilnâme adlı anlaşma imzalandı, İngilizler Maskat'ta temsilcilik açtı.	uman	kronoloji_arabistan.js:351	TIRNAKLI:351	kronoloji_arabistan.js:351	benzerlik-dusuk	YOK	Bu antlaşma sadece bir iyi niyet anlaşması olmasına rağmen İngilizler, Maskat’ta bir temsilcilik açtılar (18 Ocak 1798). ⟂ Fransızlar’ın bu hareketinden endişelenen İngiltere’nin Bombay (Hindistan) Valisi Jonathan Duncan, Bûşehr’deki görevlisi Mehdî Ali Han’ı Maskat’a gönderdi.	ALINTI-264-1006c-A.diff
234	A	birebir yok; anlam en yakın gövde cümlesinde (en_yakin_cumle sütunu)	1824: Saîd b. Sultân hac yaptı; Muhammed Ali Paşa tarafından onurlandırıldı.	uman	kronoloji_arabistan.js:375 · yer_yama.js:458	TIRNAKLI:375	kronoloji_arabistan.js:375;yer_yama.js:458	benzerlik-dusuk	YOK	1824’te hacca giden Seyyid Saîd’e Mehmed Ali Paşa, Mekke’de büyük bir karşılama töreni düzenletti. ⟂ Saîd’in vefatının ardından gelen Seyyid Sultân b.	ALINTI-264-1006c-A-KOORD.diff;ALINTI-264-1006c-A.diff
235	A	birebir yok; anlam en yakın gövde cümlesinde (en_yakin_cumle sütunu)	1856: Saîd b. Sultân'ın ölümüyle ülke, Zengibar'da kalan oğlu Mâcid ile Maskat'ta kalan oğlu Süveynî arasında paylaştırıldı.	uman	kronoloji_arabistan.js:405	TIRNAKLI:405	kronoloji_arabistan.js:405	benzerlik-dusuk	YOK	1856’da öldüğünde ülkesi oğulları Mâcid ile Süveynî arasında paylaştırıldı. ⟂ Geliri fazla olan Zengibar’da kalan Mâcid’in daha az gelire sahip Maskat’ta kalan Süveynî’ye her yıl 40.000 Avusturya altını (Maria Theresia doları) ödemesi kararlaştırıldı.	ALINTI-264-1006c-A.diff
236	A	birebir yok; anlam en yakın gövde cümlesinde (en_yakin_cumle sütunu)	1862: İngiltere, Fransa ve Almanya'nın kararıyla Zengibar ve Uman birbirinden bağımsız iki ayrı devlet olarak tanındı.	uman	kronoloji_arabistan.js:411	TIRNAKLI:411	kronoloji_arabistan.js:411	benzerlik-dusuk	YOK	1862’de İngiltere, Fransa ve Almanya gibi ülkelerin kararı ile her iki taraf bağımsız birer ülke olarak tanındı. ⟂ En çok ticaret yapılan ülkeler Japonya, Almanya, Amerika Birleşik Devletleri ve İngiltere’dir.	ALINTI-264-1006c-A.diff
237	A	İngilizce çeviri	1866: Sultan Thuwaini murdered by son Salim.	uman	kronoloji_arabistan.js:417	TIRNAKLI:417	kronoloji_arabistan.js:417	yabanci-dil	YOK	Maskat tarafında ise gelirlerin düşmesi yüzünden ülke fakirleşti, neticede Sultan Süveynî, oğlu Sâlim tarafından Maskat’ta öldürüldü (1866). ⟂ Sultan Sâlim’in ölümüyle (1868) yerine geçen Azzân b.	ALINTI-264-1006c-A.diff
238	A	İngilizce çeviri	1868: Azzam b. Kays becomes last imam from Bu Said line.	uman	kronoloji_arabistan.js:423	TIRNAKLI:423	kronoloji_arabistan.js:423	yabanci-dil	YOK	Kays, Uman’da Bû Saîd hânedanından gelen son imamdır. ⟂ Târık doktor olan dayısı ile birlikte Almanya’da yaşarken ağabeyi Saîd imam taraftarları ile Cebeliahdar savaşına girdi ve kendisine destek amacıyla onu ülkeye davet etti; Uman’a geldiğinde yalnız Türkçe ile Almanca bilen Târık Saîd ile birlikte Cebeliahdar savaşından başarı ile çıktı.	ALINTI-264-1006c-A.diff
239	A	birebir yok; anlam en yakın gövde cümlesinde (en_yakin_cumle sütunu)	İngiltere, Fransa ve Almanya'nın kararı	uman	yer_yama.js:462	TIRNAKLI:462	yer_yama.js:462	sayisiz	YOK	1862’de İngiltere, Fransa ve Almanya gibi ülkelerin kararı ile her iki taraf bağımsız birer ülke olarak tanındı. ⟂ Seyyid Saîd, Amerika ve İngiltere yanında Fransa ve Almanya gibi ülkelerle ticarî antlaşmalar imzaladı.	ALINTI-264-1006c-A-KOORD.diff
240	VY	Gran Enciclopèdia Catalana 'portugal-0' (GET 200) birebir; alıntı TDV usbune URL'sinin ardında	considerat el fundador del regne portuguès, que derrotà els almoràvits a Ourique (1139) i amplià l’extensió del seu regne	usbune	kronoloji_cok_once1281_avrupa.js:124	TIRNAKLI:124		yakin-cumle-yok	YOK	1139’da ilk Portekiz kralı ilân edilen Alfonso Henriques, Filistin’e gitmek için yola çıkan Haçlı donanmasının da yardımıyla o yıllarda küçük bir meclis tarafından özerk biçimde yönetilen Üşbûne’yi kuşattı.	
241	V	veday madde ÖZETİ birebir	Çad’da hüküm süren bir sultanlık (1635-1909)	veday	devletler.js:2992	TIRNAKLI:2973		sayi-tutmuyor	TAM/OZET	Buraya özellikle günümüzde Sudan’da hüküm süren Func Sultanlığı’ndan çok sayıda fıkıh âlimi geldi. ⟂ Vedây sultanları içinde Abdülkerîm’den sonra en etkili ismin 1805-1813 yılları arasında hüküm süren Abdülkerîm Sâbûn olduğu kabul edilir.	
242	A	birebir yok; anlam en yakın gövde cümlesinde (en_yakin_cumle sütunu)	1393 tarihli Toktamış'ın Jagiello'ya yarlığı	yarlik	kronoloji_altinorda.js:213	TIRNAKLI:213	kronoloji_altinorda.js:213	benzerlik-dusuk	YOK	Wladislav) gönderdiği 1393 tarihli yarlık “Toktamış sözüm Yagaylaga” diye başlamaktadır (Özyetgin, Altın Ordu , s. ⟂ Nitekim Altın Orda Hanı Toktamış’ın Lehistan-Litvanya Kralı Yagayla’ya (Jagiello, II.	ALINTI-264-1006c-A.diff
243	A	birebir yok; anlam en yakın gövde cümlesinde (en_yakin_cumle sütunu)	1615 - Ya'rubîler hanedanı kuruldu... Alternatif kuruluş tarihi 1624 (1034 hicrî).	yarubiler	kronoloji_arabistan.js:279	TIRNAKLI:279	kronoloji_arabistan.js:279	yakin-cumle-yok	YOK	Mâlik el-Ya‘rubî’ye biat etmesiyle kurulmuştur (1024/1615). ⟂ Mürşid’e 1034’te (1624) biat edildiği de söylenmektedir (Sâlimî, II, 3; Sirhân b.	ALINTI-264-1006c-A.diff
244	A	birebir yok; anlam en yakın gövde cümlesinde (en_yakin_cumle sütunu)	1630 - Portekiz barış antlaşması imzalandı.	yarubiler	kronoloji_arabistan.js:285	TIRNAKLI:285	kronoloji_arabistan.js:285	benzerlik-dusuk	YOK	Ramazan en-Nebhânî kumandasında bir ordu sevkedince Portekizliler barış antlaşması yapmak zorunda kaldı (1630). ⟂ Matrah ve Suhâr’a düzenlenen seferler sonucunda Portekizliler barış antlaşması teklif ederek burada kalmaya devam ettiler.	ALINTI-264-1006c-A.diff
245	A	birebir yok; anlam en yakın gövde cümlesinde (en_yakin_cumle sütunu)	1680 - I. Sultân b. Seyf yönetimi sonlandı; oğlu Bel'arab yönetimi devraldı.	yarubiler	kronoloji_arabistan.js:303	TIRNAKLI:303	kronoloji_arabistan.js:303	benzerlik-dusuk	YOK	Sultân’dan sonra yerine oğlu Bel‘arab (Ebü’l-Arab) geçti (1680-1692). ⟂ Bel‘arab mimari açıdan önemli olan Cebrîn Kalesi’ni yaptırarak yönetim merkezi haline getirdi.	ALINTI-264-1006c-A.diff
246	A	birebir yok; anlam en yakın gövde cümlesinde (en_yakin_cumle sütunu)	1711 - Seyf b. Sultân vefat etti; oğlu II. Sultân yönetimi devraldı.	yarubiler	kronoloji_arabistan.js:315	TIRNAKLI:315	kronoloji_arabistan.js:315	benzerlik-dusuk	YOK	Sultân (1692-1711) yönetim merkezini tekrar Rustâk’a aldı. ⟂ Sultân’dan sonra yerine oğlu Bel‘arab (Ebü’l-Arab) geçti (1680-1692).	ALINTI-264-1006c-A.diff
247	A	birebir yok; anlam en yakın gövde cümlesinde (en_yakin_cumle sütunu)	1720 - II. Sultân öldü; on iki yaşındaki oğlu II. Seyf'in yönetimi tartışmalar başlattı.	yarubiler	kronoloji_arabistan.js:321	TIRNAKLI:321	kronoloji_arabistan.js:321	yabanci-dil	YOK	Sultân’ın 1133’te (1720) ölümünden sonra yerine on iki yaşındaki oğlu II. ⟂ Sultân’dan sonra yerine oğlu Bel‘arab (Ebü’l-Arab) geçti (1680-1692).	ALINTI-264-1006c-A.diff
248	A	birebir yok; anlam en yakın gövde cümlesinde (en_yakin_cumle sütunu)	1728 - İç savaş sonlanarak II. Seyf'in imâmeti kabul edildi.	yarubiler	kronoloji_arabistan.js:327	TIRNAKLI:327	kronoloji_arabistan.js:327	yabanci-dil	YOK	Seyf’in imamlığı kabul edildi. ⟂ Uzun süren iç savaşın ardından 1141 (1728) yılında II.	ALINTI-264-1006c-A.diff
249	A	birebir yok; anlam en yakın gövde cümlesinde (en_yakin_cumle sütunu)	1743 - II. Seyf vefat etti; damadı Ahmed b. Saîd iktidarı ele geçirerek Bû Saîd hanedanı dönemini başlattı.	yarubiler	kronoloji_arabistan.js:333	TIRNAKLI:333	kronoloji_arabistan.js:333	benzerlik-dusuk	YOK	Durumun daha da kötüleşmesi ve Seyf’in 1156’da (1743) vefatıyla damadı olan Suhâr Valisi Ahmed b. ⟂ Böylece Uman’da günümüze kadar devam eden Bû Saîd hânedanı dönemi başladı.	ALINTI-264-1006c-A.diff
250	A	birebir yok; anlam en yakın gövde cümlesinde (en_yakin_cumle sütunu)	26 Eylül 1962'de Mısır destekli bir ihtilal gerçekleşti ve Zeydî imamlığına son verildi	yemen	devletler.js:1224	TIRNAKLI:1208	devletler.js:1208	benzerlik-dusuk	YOK	Onun Eylül 1962’de ölümü üzerine oğlu Muhammed Bedr imam seçildiyse de bir hafta sonra San‘a’da askerî birlikler tarafından kuşatılınca görevi bırakıp kaçmak zorunda kaldı (26 Eylül 1962). ⟂ Hüseyin’in 284’te (897) Sa‘de’ye gelip bazı inkıtâlarla birlikte hâkimiyetini 1962 yılına kadar devam ettiren ve güçlü dönemlerinde Yemen’in tamamına hükmeden Zeydî İmâmeti’ni kurması Yemen tarihinde yeni bir dönemin başlangıcı sayılır.	ALINTI-264-1006c-A.diff
251	A	birebir yok; anlam en yakın gövde cümlesinde (en_yakin_cumle sütunu)	288/901: Yahyâ b. Hüseyin San'a'yı ele geçirdi.	yemen	kronoloji_arabistan.js:120	TIRNAKLI:120	kronoloji_arabistan.js:120	benzerlik-dusuk	YOK	Hüseyin 288 (901) yılında San‘a’yı eline geçirdiyse de Ya‘furîler ertesi yıl şehri geri aldılar. ⟂ Hüseyin Ceftem 286’da (899) San‘a’yı ele geçirip bölgede istikrarı yeniden sağladı.	ALINTI-264-1006c-A.diff
252	A	birebir yok; anlam en yakın gövde cümlesinde (en_yakin_cumle sütunu)	Muharrem 934 (Ekim 1527): Aden Osmanlılar tarafından alındı	yemen	kronoloji_arabistan.js:129	TIRNAKLI:129	kronoloji_arabistan.js:129	benzerlik-dusuk	YOK	İbn Hamza beraberindeki askerlerle birlikte Aden’e Mustafa Bey’in yanına gidince Selman Reis de Aden’e giderek Mustafa Bey’i mağlûp etti (Muharrem 934 / Ekim 1527), böylece Aden ve Yemen’i hâkimiyet altına aldı (Nehrevâlî, s. ⟂ Tâhirî ailesi mensupları, Memlük Devleti’nin aynı yıl Osmanlılar tarafından yıkılmasının ardından Aden ve Taiz gibi şehirlerde hânedanı ihya etmeye çalıştılarsa da yine taht kavgaları buna engel oldu.	ALINTI-264-1006c-A.diff
253	A	birebir yok; anlam en yakın gövde cümlesinde (en_yakin_cumle sütunu)	1547: San'a ele geçirildi.	yemen	kronoloji_arabistan.js:135	TIRNAKLI:135	kronoloji_arabistan.js:135	benzerlik-dusuk	YOK	Yemen’in bu durumuna Taiz sancak beyi Özdemir Bey tarafından son verildi; İmam Mutahhar’ın elinde bulunan San‘a ele geçirilerek (1547) suçlular cezalandırıldı. ⟂ yüzyılın ortalarında iktidarı Hâşidîler’e kaptıran Sebeliler çeyrek asır sonra yönetimi tekrar ele geçirdilerse de on yıl kadar dayanabildiler.	ALINTI-264-1006c-A.diff
254	A	birebir yok; anlam en yakın gövde cümlesinde (en_yakin_cumle sütunu)	1567: Mutahhar isyan etti, Yemen ikiye bölündü.	yemen	kronoloji_arabistan.js:141	TIRNAKLI:141	kronoloji_arabistan.js:141	sayi-tutmuyor	YOK	Muhammed’in 269’da (882) babasını ve amcasını öldürmesi yüzünden Yemen idarecileri ve ileri gelenleri isyan etti. ⟂ Durumdan haberdar olan Mahmud Paşa, Yemen’in çok geniş topraklara sahip bulunması dolayısıyla ikiye bölünmesi gerektiğini divana telkin edince San‘a beylerbeyiliği Rıdvan Paşa’ya, Zebîd’in merkez olduğu Yemen beylerbeyiliği Murad Paşa’ya verildi.	ALINTI-264-1006c-A.diff
255	A	birebir yok; anlam en yakın gövde cümlesinde (en_yakin_cumle sütunu)	1644-1676: Mütevekkil İsmâil b. Kāsım hüküm sürdü.	yemen	kronoloji_arabistan.js:189	TIRNAKLI:189	kronoloji_arabistan.js:189	benzerlik-dusuk	YOK	İmam Müeyyed’den (1620-1644) sonra Kāsımî ailesi arasında imamlık mücadelesi ortaya çıktı, ancak Mütevekkil İsmâil b. ⟂ Kāsım’ın (1644-1676) yönetimi ele almasıyla Aden, Bilâdıhanfer, Zafâr, Hadramut Zeydîler’in eline geçti ve Kāsımîler en geniş sınırlarına ulaştı.	ALINTI-264-1006c-A.diff
256	A	birebir yok; anlam en yakın gövde cümlesinde (en_yakin_cumle sütunu)	1849: San'a ele geçirme çabası başarısız oldu.	yemen	kronoloji_arabistan.js:211	TIRNAKLI:211	kronoloji_arabistan.js:211	sayi-tutmuyor	YOK	26 Rebîülevvel 923’te (18 Nisan 1517) bir Portekiz donanmasına karşı Cidde’yi başarıyla savunan Selman Reis, Kızıldeniz ve Yemen hakkındaki düşüncelerini öğrenmek isteyen Yavuz Sultan Selim’in daveti üzerine beraberinde ele geçirdiği Portekizli esir ve ganimetler bulunduğu halde Kahire’ye gitti. ⟂ Şevî, Aden’i ele geçirdi, böylece Zebîd ve Tihâme bölgesi hariç Yemen Osmanlı hâkimiyetinden çıkmış oldu (Blackburn, WI , XIX/1-4 [1979], s.	ALINTI-264-1006c-A.diff
257	A	birebir yok; anlam en yakın gövde cümlesinde (en_yakin_cumle sütunu)	1871: Ahmed Muhtar Paşa San'a'yı aldı, vilâyet düzeni kurdu.	yemen	kronoloji_arabistan.js:217	TIRNAKLI:217	kronoloji_arabistan.js:217	benzerlik-dusuk	YOK	Ahmed Muhtar Paşa’nın Yemen’de sağladığı asayiş ve düzen sonraki valiler döneminde yaklaşık yirmi yıl sürdü. ⟂ Yemen sahillerinde güvenliğin sağlanması çabaları Ahmed Muhtar Paşa’nın (Gazi) Yemen’i yeniden fethine kadar geçen dönemde görevlendirilen valiler zamanında da sürdürüldü ( a.g.e.	ALINTI-264-1006c-A.diff
258	A	birebir yok; anlam en yakın gövde cümlesinde (en_yakin_cumle sütunu)	1905: Ahmed Feyzi Paşa San'a'ya girdi.	yemen	kronoloji_arabistan.js:247	TIRNAKLI:247	kronoloji_arabistan.js:247	benzerlik-dusuk	YOK	Hamidiye Süvari Alayı Yemen’e sevkedildiği gibi yeni kuvvetlerle bölgeye vali olarak yollanan Ahmed Feyzi Paşa, 15 Temmuz - 1 Eylül 1905 tarihleri arasında yürüttüğü harekâtta Taiz’deki kuvvetlerin desteğiyle San‘a’ya girdi ve isyan halindeki kabile reislerini kısa sürede bertaraf etti (Çakaloğlu, s ⟂ İsyanı bastırmakla görevlendirilen Hicaz Valisi Ahmed Feyzi Paşa Hudeyde’ye geldi ve kısa sürede San‘a’ya giderek isyancıları dağıttı, Taiz’i ele geçirip Yemen’e hâkim oldu.	ALINTI-264-1006c-A.diff
259	A	birebir yok; anlam en yakın gövde cümlesinde (en_yakin_cumle sütunu)	13 Ekim 1911: Ahmed İzzet Paşa ve İmam Yahyâ antlaşma yaptı.	yemen	kronoloji_arabistan.js:253	TIRNAKLI:253	kronoloji_arabistan.js:253	benzerlik-dusuk	YOK	Yemen’deki Yedinci Ordu ile birlikte İstanbul’dan ve diğer Osmanlı vilâyetlerinden topladığı 50.000 kişilik orduyla San‘a kuşatmasını kaldırdı ve İmam Yahyâ ile 13 Ekim 1911’de bir antlaşma yaparak isyanlara son verdi. ⟂ Nihayet Yemen meselesini çözmek üzere 28 Şubat 1911’de Ahmed İzzet Paşa, Hamidiye kruvazörüyle Yemen’e gönderildi.	ALINTI-264-1006c-A.diff
260	A	birebir yok; anlam en yakın gövde cümlesinde (en_yakin_cumle sütunu)	1920: İmam Yahyâ bağımsız Mütevekkilî Krallığını kurdu.	yemen	kronoloji_arabistan.js:265	TIRNAKLI:265	kronoloji_arabistan.js:265	benzerlik-dusuk	YOK	Yemen Zeydî Emirliği daha sonra Yemen Mütevekkilî Krallığı adını aldı ve İmam Yahyâ ilk kralı oldu (1920-1948). ⟂ Bölge ileri gelenlerinin davetiyle 284’te (897) Zeydî imâmetini tesis etmek üzere Sa‘de’ye gelen Zeydîler’den İmam Hâdî-İlelhak Yahyâ b.	ALINTI-264-1006c-A.diff
261	A	birebir yok; anlam en yakın gövde cümlesinde (en_yakin_cumle sütunu)	1608: İmam Kāsım'la anlaşmazlık on senelik antlaşmayla çözümlendi	yemen	yer_yama.js:435	TIRNAKLI:435	yer_yama.js:435	yabanci-dil	YOK	Muhammed’le olan anlaşmazlık ise yapılan on senelik bir antlaşma ile çözümlendi (1608). ⟂ San‘a’ya geldiğinde daha önce İmam Kāsım’la yapılan antlaşma sona erdiğinden çatışmalar tekrar başladı.	ALINTI-264-1006c-A-KOORD.diff
262	A	birebir yok; anlam en yakın gövde cümlesinde (en_yakin_cumle sütunu)	Lozi kralı Levanika 1890'da İngiliz Güney Afrika Şirketi'nin himayesini kabul etti.	zambiya	devletler.js:3278 · kronoloji_sinir_guney_g8.js:149	TIRNAKLI:3259	devletler.js:3259;kronoloji_sinir_guney_g8.js:149	benzerlik-dusuk	YOK	1890’da Loziler’in kralı Lewanika, Zambiya topraklarında İngiltere hükümetinin kendisine ülke üzerinde tam ekonomik ve siyasal kontrol hakkı tanıdığı, İngiliz Güney Afrika Şirketi’ni kuran Cecil Rhodes’in himayesine girdi. ⟂ Bölgede İngiltere adına her türlü tasarruf hakkına sahip Güney Afrika Şirketi, Güney Afrika’dan sonra bugünkü Zambiya ve Zimbabve’yi Rodezya, Malavi’yi ise Nyasaland adıyla kendi ticarî bölgesi ilân etti.	ALINTI-264-1006c-A.diff
263	A	birebir yok; anlam en yakın gövde cümlesinde (en_yakin_cumle sütunu)	1890: Helgoland-Zanzibar Antlaşması İngiliz himayesini kurar	zengibar	kronoloji_dogu_afrika.js:1201	TIRNAKLI:1201	kronoloji_dogu_afrika.js:1201	benzerlik-dusuk	YOK	Zengibar Sultanlığı’nın hâkimiyet alanı daraldı; bu süreç nihayet, 1890’da Almanya ile İngiltere arasında imzalanan Helgoland-Zanzibar Antlaşması’yla Zengibar’ın İngiliz sömürge yönetiminin merkezi yapılmasıyla sonuçlandı. ⟂ Sultan bölge üzerinde siyasî ve ticarî emelleri olan Amerika Birleşik Devletleri, İngiltere, Fransa ve diğer ülkelerle antlaşmalar yaparak ülkede istikrar ve refahı sağladı.	ALINTI-264-1006c-A.diff
264	A	tırnak içinde '(özet)'	Bocskay Osmanlı himayesine dayanarak 1604 Kasımında Habsburglara karşı ayaklandı (özet).	zitvatorok-antlasmasi	isyan_tarama.js:207	TIRNAKLI:207	isyan_tarama.js:207:JS-DEGER-ALANI(elle)	benzerlik-dusuk	YOK	Barışa yönelik arayışlar, 1604 Kasımında Osmanlı Devleti’nin himayesini arkasına alacağını planlayan Erdel Prensi István Bocskay’ın Habsburglar’a karşı isyan etmesi yüzünden kesildi. ⟂ Antlaşmanın yapılmasında, Habsburglar’la Osmanlılar arasında sıkışan ve Habsburg egemenliğine karşı ayaklanan Macar soyluları önemli rol oynamıştır.	
