kova	dosya	bayt	kaynakca_sayisi	sonrasi_bayt	kesik_adayi
DEVLET-500-1000	abbasiler	167346	2	49619	0
DEVLET-500-1000	aglebiler	19169	1	4836	0
DEVLET-500-1000	avarlar	11589	1	3313	0
DEVLET-500-1000	emeviler	164540	2	37221	0
DEVLET-500-1000	gana	37723	2	16801	0
DEVLET-500-1000	hamdaniler	19727	1	4940	0
DEVLET-500-1000	hazarlar	36155	1	8223	0
DEVLET-500-1000	hulefa-yi-rasidin	101250	1	11387	0
DEVLET-500-1000	idrisiler	18661	1	4409	0
DEVLET-500-1000	ihsidiler	17683	1	3568	0
DEVLET-500-1000	karluklar	12385	1	4490	0
DEVLET-500-1000	kirgizlar	19395	1	4957	0
DEVLET-500-1000	midrariler	16976	1	3546	0
DEVLET-500-1000	oguzlar	48111	1	4872	0
DEVLET-500-1000	pecenekler	19920	1	4828	0
DEVLET-500-1000	rustemiler	14305	1	4104	0
DEVLET-500-1000	sacogullari	20944	1	5020	0
DEVLET-500-1000	saffariler	15171	1	3959	0
DEVLET-500-1000	sasaniler	16983	1	3658	0
DEVLET-500-1000	sicilmase	17439	1	4277	0
DEVLET-500-1000	tahiriler--horasan	12779	1	3262	0
DEVLET-500-1000	tolunogullari	21387	1	6606	0
DEVLET-500-1000	uygurlar	19274	1	5740	0
DEVLET-500-1000	zeydiler--yemen	17011	1	4380	0
DEVLET-500-1000	ziyadiler	8714	1	3774	0
DUNYA-KRONO-0081	ace	19312	1	3821	0
DUNYA-KRONO-0081	baki--sair	34073	1	10693	0
DUNYA-KRONO-0081	diu	9687	1	2442	0
DUNYA-KRONO-0081	gucerat	17873	1	4843	0
DUNYA-KRONO-0081	hadim-suleyman-pasa	2736	0	0	0
DUNYA-KRONO-0081	hind	0	0	0	0
DUNYA-KRONO-0081	hindistan	317966	8	289445	0
DUNYA-KRONO-0081	hint-okyanusu	0	0	0	0
DUNYA-KRONO-0081	kizildeniz	17504	1	4079	0
DUNYA-KRONO-0081	malaka	12289	1	2874	0
DUNYA-KRONO-0081	mehmed-iii	48733	1	8023	0
DUNYA-KRONO-0081	oran	2670	0	0	0
DUNYA-KRONO-0081	pertev-mehmed-pasa	0	0	0	0
DUNYA-KRONO-0081	piri-reis	16952	1	3566	0
DUNYA-KRONO-0081	portekiz	44205	3	34889	0
DUNYA-KRONO-0081	selim-ii	41081	1	11820	0
DUNYA-KRONO-0081	selman-reis	22396	1	5481	0
DUNYA-KRONO-0081	seydi-ali-reis	27480	1	6250	0
DUNYA-KRONO-0081	sigetvar	13913	1	4340	0
DUNYA-KRONO-0081	sokullu-mehmed-pasa	33447	1	8466	0
DUNYA-KRONO-0081	suleyman-i	125988	2	34157	0
DUNYA-KRONO-0081	suleyman-pasa-hadim	18627	1	5008	0
DUNYA-KRONO-0081	tersane-i-amire	23109	1	4894	0
DUNYA-KRONO-0081	tersane	24552	1	3587	0
DUNYA-KRONO-0081	timisvar	11505	1	2638	0
DUNYA-KRONO-0081	vehran	13460	1	4044	0
DUNYA-KRONO-0081	yeni-cami--eminonu	0	0	0	0
DUNYA-KRONO-0081	zigetvar	2722	0	0	0
EKOKUMA-0076-B	bulgaristan	138375	5	103187	0
EKOKUMA-0077-C	DIS-agmi	58	0	0	1
EKOKUMA-0077-C	DIS-agmi2	36	0	0	1
EKOKUMA-0077-C	DIS-britannica	52	0	0	1
EKOKUMA-0077-C	DIS-mfa-am	41	0	0	1
EKOKUMA-0077-C	DIS-mfa-en	10726	0	0	1
EKOKUMA-0077-C	DIS-mfa-tr	9327	0	0	1
EKOKUMA-0077-C	DIS-tccb-2014	8019	0	0	1
EKOKUMA-0077-C	DIS-ushmm-tr	10079	0	0	1
EKOKUMA-0077-C	DIS-ushmm	15842	0	0	1
EKOKUMA-0077-C	abdulhamid-ii	70560	1	19431	0
EKOKUMA-0077-C	adana	29483	2	21934	0
EKOKUMA-0077-C	ayastefanos-antlasmasi	12111	1	4276	0
EKOKUMA-0077-C	berlin-antlasmasi	11151	1	3179	0
EKOKUMA-0077-C	bitlis	24130	1	5568	0
EKOKUMA-0077-C	cebelu	11934	1	3906	0
EKOKUMA-0077-C	dirlik	2742	0	0	0
EKOKUMA-0077-C	divan-i-harb-i-orfi	0	0	0	0
EKOKUMA-0077-C	diyarbekir	0	0	0	0
EKOKUMA-0077-C	ecmiyazin	0	0	0	0
EKOKUMA-0077-C	ermeni-meselesi	0	0	0	0
EKOKUMA-0077-C	ermeni-patrikhanesi	0	0	0	0
EKOKUMA-0077-C	ermeni	0	0	0	0
EKOKUMA-0077-C	ermeniler	0	0	0	0
EKOKUMA-0077-C	ermenistan	0	0	0	0
EKOKUMA-0077-C	ermeniyye	0	0	0	0
EKOKUMA-0077-C	erzurum	103517	3	51456	0
EKOKUMA-0077-C	eçmiyazin	0	0	0	0
EKOKUMA-0077-C	fatih-sultan-mehmed	2745	0	0	0
EKOKUMA-0077-C	gregoryen	0	0	0	0
EKOKUMA-0077-C	gumru-antlasmasi	0	0	0	0
EKOKUMA-0077-C	hamidiye-alaylari	18762	1	3701	0
EKOKUMA-0077-C	has	0	0	0	0
EKOKUMA-0077-C	hincak	0	0	0	0
EKOKUMA-0077-C	hincakyan	0	0	0	0
EKOKUMA-0077-C	hiristiyanlik	362866	8	281206	0
EKOKUMA-0077-C	hovhannes	0	0	0	0
EKOKUMA-0077-C	islahat-fermani	42458	1	7249	0
EKOKUMA-0077-C	ittihat-ve-terakki-cemiyeti	71899	1	13177	0
EKOKUMA-0077-C	kafkasya	48315	3	37680	0
EKOKUMA-0077-C	kars-antlasmasi	0	0	0	0
EKOKUMA-0077-C	kazim-karabekir	22096	1	6211	0
EKOKUMA-0077-C	kilic-timar	0	0	0	0
EKOKUMA-0077-C	kilikya	0	0	0	0
EKOKUMA-0077-C	kumkapi-hadisesi	0	0	0	0
EKOKUMA-0077-C	kumkapi	0	0	0	0
EKOKUMA-0077-C	lozan-antlasmasi	21489	1	5503	0
EKOKUMA-0077-C	malta-surgunleri	0	0	0	0
EKOKUMA-0077-C	maras	2772	0	0	0
EKOKUMA-0077-C	millet-sistemi	0	0	0	0
EKOKUMA-0077-C	millet	56347	2	38841	0
EKOKUMA-0077-C	mondros-mutarekesi	15639	1	4243	0
EKOKUMA-0077-C	mudros-mutarekesi	0	0	0	0
EKOKUMA-0077-C	mus	23600	1	5022	0
EKOKUMA-0077-C	nerses	0	0	0	0
EKOKUMA-0077-C	nufus	69381	3	58295	0
EKOKUMA-0077-C	osmanli-bankasi-baskini	0	0	0	0
EKOKUMA-0077-C	osmanli-bankasi	0	0	0	0
EKOKUMA-0077-C	osmanlilar	763654	21	711208	0
EKOKUMA-0077-C	patrikhane	2770	0	0	0
EKOKUMA-0077-C	sarikamis-harekati	27928	1	7902	0
EKOKUMA-0077-C	sason-isyani	0	0	0	0
EKOKUMA-0077-C	sason	0	0	0	0
EKOKUMA-0077-C	sasun	0	0	0	0
EKOKUMA-0077-C	sevr-antlasmasi	31548	1	3435	0
EKOKUMA-0077-C	sipahi	24025	1	6578	0
EKOKUMA-0077-C	sivas	46321	2	18037	0
EKOKUMA-0077-C	talat-pasa	20921	1	6714	0
EKOKUMA-0077-C	tanzimat	69004	1	8425	0
EKOKUMA-0077-C	tasnak	0	0	0	0
EKOKUMA-0077-C	taşnak	0	0	0	0
EKOKUMA-0077-C	tehcir	30879	1	5808	0
EKOKUMA-0077-C	teskilat-i-mahsusa	17520	1	4791	0
EKOKUMA-0077-C	timar	40392	1	6987	0
EKOKUMA-0077-C	urfa	2708	0	0	0
EKOKUMA-0077-C	van	65725	3	29937	0
EKOKUMA-0077-C	zeamet	17172	1	3691	0
EKOKUMA-0077-C	zeytun-isyani	0	0	0	0
EKOKUMA-0077-C	zeytun	0	0	0	0
IRAN-KAFKAS-0082	ARAMA-abadan	0	0	0	0
IRAN-KAFKAS-0082	ARAMA-fav	0	0	0	0
IRAN-KAFKAS-0082	ARAMA-hacı_davud	0	0	0	0
IRAN-KAFKAS-0082	ARAMA-kerim_han_zend	0	0	0	0
IRAN-KAFKAS-0082	ARAMA-serdeşt	0	0	0	0
IRAN-KAFKAS-0082	ARAMA-türkmençay	0	0	0	0
IRAN-KAFKAS-0082	ARAMA-ığdır	0	0	0	0
IRAN-KAFKAS-0082	abadan	8417	1	2976	0
IRAN-KAFKAS-0082	abbas-mirza	6728	1	2810	0
IRAN-KAFKAS-0082	ahmed-pasa-hekimoglu-ali-pasazade	0	0	0	0
IRAN-KAFKAS-0082	aras	21324	1	3230	0
IRAN-KAFKAS-0082	azerbaycan	55344	2	24455	0
IRAN-KAFKAS-0082	basra	47660	2	26075	0
IRAN-KAFKAS-0082	derbend--dagistan	20819	1	5242	0
IRAN-KAFKAS-0082	erzurum-antlasmasi	0	0	0	0
IRAN-KAFKAS-0082	feth-ali-sah	14451	1	3682	0
IRAN-KAFKAS-0082	gence	25598	1	5638	0
IRAN-KAFKAS-0082	hekimoglu-ali-pasa	22504	1	8250	0
IRAN-KAFKAS-0082	hoy	10346	1	3385	0
IRAN-KAFKAS-0082	huzistan	27496	1	6848	0
IRAN-KAFKAS-0082	igdir--sehir	17688	1	4162	0
IRAN-KAFKAS-0082	kacarlar	37429	2	14473	0
IRAN-KAFKAS-0082	kuba	0	0	0	0
IRAN-KAFKAS-0082	maku	8373	1	2441	0
IRAN-KAFKAS-0082	nahcivan	28573	1	5068	0
IRAN-KAFKAS-0082	revan	22474	1	4985	0
IRAN-KAFKAS-0082	sirvan	21105	1	5112	0
IRAN-KAFKAS-0082	talis-hanligi	15697	1	4320	0
IRAN-KAFKAS-0082	tebriz	28799	1	5851	0
IRAN-KAFKAS-0082	turkmencay-antlasmasi	0	0	0	0
IRAN-KAFKAS-0082	urmiye	13233	1	4172	0
IRAN-KAFKAS-0082	zendler	20151	1	5516	0
KAFKAS-KORFEZ-0081	ahiska	7341	1	2629	0
KAFKAS-KORFEZ-0081	ardalan	0	0	0	0
KAFKAS-KORFEZ-0081	bahreyn	26863	1	4664	0
KAFKAS-KORFEZ-0081	bane	0	0	0	0
KAFKAS-KORFEZ-0081	berka	14255	1	3004	0
KAFKAS-KORFEZ-0081	bingazi	11382	1	3409	0
KAFKAS-KORFEZ-0081	don-kazaklari	0	0	0	0
KAFKAS-KORFEZ-0081	don-nehri	0	0	0	0
KAFKAS-KORFEZ-0081	erdelan	0	0	0	0
KAFKAS-KORFEZ-0081	erdelanlilar	0	0	0	0
KAFKAS-KORFEZ-0081	erdelanogullari	0	0	0	0
KAFKAS-KORFEZ-0081	ferhad-pasa-antlasmasi	0	0	0	0
KAFKAS-KORFEZ-0081	ferhad-pasa	13776	1	5143	0
KAFKAS-KORFEZ-0081	gurcistan	58746	3	43851	0
KAFKAS-KORFEZ-0081	halepce	0	0	0	0
KAFKAS-KORFEZ-0081	imereti	0	0	0	0
KAFKAS-KORFEZ-0081	istanbul-antlasmasi	0	0	0	0
KAFKAS-KORFEZ-0081	kaheti	0	0	0	0
KAFKAS-KORFEZ-0081	kahetya	0	0	0	0
KAFKAS-KORFEZ-0081	kartli	0	0	0	0
KAFKAS-KORFEZ-0081	kasr-i-sirin-antlasmasi	0	0	0	0
KAFKAS-KORFEZ-0081	kasr-i-sirin	0	0	0	0
KAFKAS-KORFEZ-0081	kasrisirin	0	0	0	0
KAFKAS-KORFEZ-0081	katar	16925	1	4484	0
KAFKAS-KORFEZ-0081	katif	9628	1	3629	0
KAFKAS-KORFEZ-0081	kazak-ozu	0	0	0	0
KAFKAS-KORFEZ-0081	kazak	0	0	0	0
KAFKAS-KORFEZ-0081	kazaklar--kozak	0	0	0	0
KAFKAS-KORFEZ-0081	kazaklar	33228	2	21174	0
KAFKAS-KORFEZ-0081	kirim-hanligi	0	0	0	0
KAFKAS-KORFEZ-0081	kirmansah	8250	1	3236	0
KAFKAS-KORFEZ-0081	kurdistan	0	0	0	0
KAFKAS-KORFEZ-0081	lahsa	19019	1	3876	0
KAFKAS-KORFEZ-0081	luristan	8859	1	2673	0
KAFKAS-KORFEZ-0081	merivan	0	0	0	0
KAFKAS-KORFEZ-0081	mukriyan	0	0	0	0
KAFKAS-KORFEZ-0081	murad-iii	45866	1	15253	0
KAFKAS-KORFEZ-0081	ozu	15372	1	4647	0
KAFKAS-KORFEZ-0081	safeviler	74706	2	26940	0
KAFKAS-KORFEZ-0081	sakiz--iran	0	0	0	0
KAFKAS-KORFEZ-0081	sehrizor	15460	1	4295	0
KAFKAS-KORFEZ-0081	senendec	0	0	0	0
KAFKAS-KORFEZ-0081	sine	0	0	0	0
KAFKAS-KORFEZ-0081	tiflis	28386	1	6017	0
KAFKAS-KORFEZ-0081	trablusgarp	24807	1	5447	0
KAFKAS-KORFEZ-0081	ukrayna	43906	3	35956	0
KAFKAS-KORFEZ-0081	zaporojye	0	0	0	0
KAFKAS-KORFEZ-0081	zuhab	0	0	0	0
KORIDOR-0081	agathopolis	0	0	0	0
KORIDOR-0081	ahtabolu	0	0	0	0
KORIDOR-0081	ahtapolu	0	0	0	0
KORIDOR-0081	ahyolu	0	0	0	0
KORIDOR-0081	alacahisar	10927	1	3052	0
KORIDOR-0081	banat	0	0	0	0
KORIDOR-0081	bayezid-i	23828	1	7905	0
KORIDOR-0081	bizans	97566	1	11701	0
KORIDOR-0081	bosna-hersek	65670	1	9996	0
KORIDOR-0081	brasov	0	0	0	0
KORIDOR-0081	burgaz	0	0	0	0
KORIDOR-0081	dedeagac	0	0	0	0
KORIDOR-0081	demirkapi	9424	1	3877	0
KORIDOR-0081	dimetoka	27725	1	5343	0
KORIDOR-0081	edirne	124942	2	89329	0
KORIDOR-0081	eflak	25972	1	3412	0
KORIDOR-0081	erdel	26778	1	3703	0
KORIDOR-0081	ferecik	19322	1	4932	0
KORIDOR-0081	fetret-devri	19697	1	4827	0
KORIDOR-0081	gebze	0	0	0	0
KORIDOR-0081	gumulcine	18494	1	5414	0
KORIDOR-0081	hirvatistan	27074	1	6507	0
KORIDOR-0081	igneada	0	0	0	0
KORIDOR-0081	ioannes-viii	0	0	0	0
KORIDOR-0081	istranca	0	0	0	0
KORIDOR-0081	kazikli-voyvoda	0	0	0	0
KORIDOR-0081	kirklareli	16080	1	4297	0
KORIDOR-0081	kozara	0	0	0	0
KORIDOR-0081	manuel-ii	0	0	0	0
KORIDOR-0081	mehmed-i	34183	1	10337	0
KORIDOR-0081	mehmed-ii	101970	1	17354	0
KORIDOR-0081	misivri	0	0	0	0
KORIDOR-0081	murad-i	76967	1	13770	0
KORIDOR-0081	murad-ii	68796	1	13892	0
KORIDOR-0081	musa-celebi	13659	1	4863	0
KORIDOR-0081	nis	20502	1	5228	0
KORIDOR-0081	orsova	0	0	0	0
KORIDOR-0081	pristine	17542	1	4707	0
KORIDOR-0081	segesvar	0	0	0	0
KORIDOR-0081	sehirkoy	17508	1	4172	0
KORIDOR-0081	semendire	29888	1	4199	0
KORIDOR-0081	sirbistan	50798	2	43296	0
KORIDOR-0081	sizebolu	0	0	0	0
KORIDOR-0081	suleyman-celebi-emir	26655	1	7578	0
KORIDOR-0081	tamesvar	0	0	0	0
KORIDOR-0081	temesvar	2687	0	0	0
KORIDOR-0081	una	0	0	0	0
KORIDOR-0081	uzunkopru	0	0	0	0
KORIDOR-0081	vidin	27625	1	6146	0
KORIDOR-0081	vize--kaza	0	0	0	0
KORIDOR-0081	vize-kazasi	0	0	0	0
KORIDOR-0081	vize	0	0	0	0
KORIDOR-0081	yildirim-bayezid	2752	0	0	0
KRONO-AFRIKA-0929	adamava	9549	1	2943	0
KRONO-AFRIKA-0929	angola	0	0	0	0
KRONO-AFRIKA-0929	asante	0	0	0	0
KRONO-AFRIKA-0929	asanti	0	0	0	0
KRONO-AFRIKA-0929	benin	27448	1	3218	0
KRONO-AFRIKA-0929	bornu	19955	1	4447	0
KRONO-AFRIKA-0929	botsvana	0	0	0	0
KRONO-AFRIKA-0929	burkina-faso	30420	1	3778	0
KRONO-AFRIKA-0929	burundi	0	0	0	0
KRONO-AFRIKA-0929	cad	38345	1	3930	0
KRONO-AFRIKA-0929	dahomey	2718	0	0	0
KRONO-AFRIKA-0929	fildisi-sahili	27532	2	17918	0
KRONO-AFRIKA-0929	fulaniler	15398	1	3460	0
KRONO-AFRIKA-0929	fumbina	0	0	0	0
KRONO-AFRIKA-0929	gambiya	0	0	0	0
KRONO-AFRIKA-0929	gana	38528	2	16921	0
KRONO-AFRIKA-0929	gine	29151	2	17218	0
KRONO-AFRIKA-0929	guney-afrika	0	0	0	0
KRONO-AFRIKA-0929	hamdullahi	0	0	0	0
KRONO-AFRIKA-0929	hausalar	0	0	0	0
KRONO-AFRIKA-0929	hevsa	26757	1	6833	0
KRONO-AFRIKA-0929	hevsalar	0	0	0	0
KRONO-AFRIKA-0929	ibadan	10394	1	2859	0
KRONO-AFRIKA-0929	ilorin	0	0	0	0
KRONO-AFRIKA-0929	kamerun	18781	1	3654	0
KRONO-AFRIKA-0929	kanem	0	0	0	0
KRONO-AFRIKA-0929	kano	12004	1	3352	0
KRONO-AFRIKA-0929	kenya	18650	1	4436	0
KRONO-AFRIKA-0929	kongo	0	0	0	0
KRONO-AFRIKA-0929	kotdivuar	0	0	0	0
KRONO-AFRIKA-0929	liberya	16273	1	2898	0
KRONO-AFRIKA-0929	madagaskar	19919	1	4071	0
KRONO-AFRIKA-0929	malavi	23523	1	4598	0
KRONO-AFRIKA-0929	mali	74847	1	10215	0
KRONO-AFRIKA-0929	moritanya	18474	2	10782	0
KRONO-AFRIKA-0929	mosi	0	0	0	0
KRONO-AFRIKA-0929	mossi	0	0	0	0
KRONO-AFRIKA-0929	mozambik	31390	2	24496	0
KRONO-AFRIKA-0929	nijer	26782	2	19289	0
KRONO-AFRIKA-0929	nijerya	32883	2	25002	0
KRONO-AFRIKA-0929	nupe	0	0	0	0
KRONO-AFRIKA-0929	osman-b-fudi	15035	1	4299	0
KRONO-AFRIKA-0929	ruanda	14732	1	3708	0
KRONO-AFRIKA-0929	saho-bloem	5814	0	0	1
KRONO-AFRIKA-0929	saho-dingane	17978	0	0	1
KRONO-AFRIKA-0929	saho-matabele	9399	0	0	1
KRONO-AFRIKA-0929	saho-mfecane	36557	0	0	1
KRONO-AFRIKA-0929	saho-mzilikazi	18915	0	0	1
KRONO-AFRIKA-0929	saho-ndebelehist	29549	0	0	1
KRONO-AFRIKA-0929	saho-oranj	0	0	0	0
KRONO-AFRIKA-0929	saho-sandriver	0	0	0	0
KRONO-AFRIKA-0929	saho-transvaal	0	0	0	0
KRONO-AFRIKA-0929	saho-umgung	7481	0	0	1
KRONO-AFRIKA-0929	saho-venda	0	0	0	0
KRONO-AFRIKA-0929	saho-zulu	25335	0	0	1
KRONO-AFRIKA-0929	samori-ture	12713	1	3708	0
KRONO-AFRIKA-0929	senegal	35721	2	28361	0
KRONO-AFRIKA-0929	seydu-umer	0	0	0	0
KRONO-AFRIKA-0929	sokoto	16306	1	3637	0
KRONO-AFRIKA-0929	somali	33089	2	28162	0
KRONO-AFRIKA-0929	songay	2771	0	0	0
KRONO-AFRIKA-0929	sudan	63319	3	54742	0
KRONO-AFRIKA-0929	tanzanya	39834	2	30338	0
KRONO-AFRIKA-0929	tevarik	15637	1	4331	0
KRONO-AFRIKA-0929	togo	30917	2	21640	0
KRONO-AFRIKA-0929	tuareg	2696	0	0	0
KRONO-AFRIKA-0929	tuaregler	0	0	0	0
KRONO-AFRIKA-0929	uganda	38043	2	29653	0
KRONO-AFRIKA-0929	umer-tal	0	0	0	0
KRONO-AFRIKA-0929	upper-volta	0	0	0	0
KRONO-AFRIKA-0929	yoruba	0	0	0	0
KRONO-AFRIKA-0929	zaire	2688	0	0	0
KRONO-AFRIKA-0929	zambiya	28314	2	17266	0
KRONO-AFRIKA-0929	zengibar	39391	1	5176	0
KRONO-AFRIKA-0929	zimbabve	25519	2	17188	0
KRONO-AFRIKA-0929	zulu	0	0	0	0
KRONO-ATLANTIK-A-0929	abdulkadir-el-cezairi	9816	1	3559	0
KRONO-ATLANTIK-A-0929	agvat	0	0	0	0
KRONO-ATLANTIK-A-0929	almeria	0	0	0	0
KRONO-ATLANTIK-A-0929	antakira	0	0	0	0
KRONO-ATLANTIK-A-0929	antekera	0	0	0	0
KRONO-ATLANTIK-A-0929	aragon	14868	1	3762	0
KRONO-ATLANTIK-A-0929	balear-adalari--	0	0	0	0
KRONO-ATLANTIK-A-0929	balear-adalari	0	0	0	0
KRONO-ATLANTIK-A-0929	balear	0	0	0	0
KRONO-ATLANTIK-A-0929	beyrut	26911	1	5389	0
KRONO-ATLANTIK-A-0929	biskra	0	0	0	0
KRONO-ATLANTIK-A-0929	biskre	0	0	0	0
KRONO-ATLANTIK-A-0929	burgonya	0	0	0	0
KRONO-ATLANTIK-A-0929	butrinto	0	0	0	0
KRONO-ATLANTIK-A-0929	cebelitarik	11584	1	4474	0
KRONO-ATLANTIK-A-0929	cerbe	11996	1	3823	0
KRONO-ATLANTIK-A-0929	cezair-i-sarkiye	0	0	0	0
KRONO-ATLANTIK-A-0929	cezair-i-sarkiyye	0	0	0	0
KRONO-ATLANTIK-A-0929	cezayir-i-sarkiyye	0	0	0	0
KRONO-ATLANTIK-A-0929	cezayir	111638	5	99540	0
KRONO-ATLANTIK-A-0929	cezire	23921	1	3719	0
KRONO-ATLANTIK-A-0929	ceziretul-hadra	0	0	0	0
KRONO-ATLANTIK-A-0929	ceziretulhadra	0	0	0	0
KRONO-ATLANTIK-A-0929	cicel	0	0	0	0
KRONO-ATLANTIK-A-0929	cicelli	0	0	0	0
KRONO-ATLANTIK-A-0929	deyrizor	8965	1	2934	0
KRONO-ATLANTIK-A-0929	ebu-abdullah-es-sagir	0	0	0	0
KRONO-ATLANTIK-A-0929	ebu-abdullah-muhammed-es-sagir	0	0	0	0
KRONO-ATLANTIK-A-0929	ebu-faris-abdulaziz-el-mutevekkil	0	0	0	0
KRONO-ATLANTIK-A-0929	ebu-faris-abdulaziz	0	0	0	0
KRONO-ATLANTIK-A-0929	ebu-faris	0	0	0	0
KRONO-ATLANTIK-A-0929	ebul-haccac-yusuf	0	0	0	0
KRONO-ATLANTIK-A-0929	ebul-hasan-ali-b-sad	0	0	0	0
KRONO-ATLANTIK-A-0929	ebul-hasan-el-merini	14981	1	5237	0
KRONO-ATLANTIK-A-0929	elcezairu-s-sarkiyye	0	0	0	0
KRONO-ATLANTIK-A-0929	elhamra--saray	0	0	0	0
KRONO-ATLANTIK-A-0929	elhamra-sarayi	31631	2	16677	0
KRONO-ATLANTIK-A-0929	elhamra	0	0	0	0
KRONO-ATLANTIK-A-0929	endulus	169637	2	73990	0
KRONO-ATLANTIK-A-0929	entekire	0	0	0	0
KRONO-ATLANTIK-A-0929	fatih-sultan-mehmed	2202	0	0	0
KRONO-ATLANTIK-A-0929	gani-billah	11231	1	3529	0
KRONO-ATLANTIK-A-0929	girnata	52688	1	6613	0
KRONO-ATLANTIK-A-0929	hacli-seferleri	0	0	0	0
KRONO-ATLANTIK-A-0929	hacli	0	0	0	0
KRONO-ATLANTIK-A-0929	haclilar	154774	1	19439	0
KRONO-ATLANTIK-A-0929	hafsiler	29796	1	4894	0
KRONO-ATLANTIK-A-0929	hamme-granada	0	0	0	0
KRONO-ATLANTIK-A-0929	ibnul-ahmer	16052	1	4605	0
KRONO-ATLANTIK-A-0929	ibnul-hatib-lisaneddin	0	0	0	0
KRONO-ATLANTIK-A-0929	imtiyazat	88823	2	58689	0
KRONO-ATLANTIK-A-0929	kapitulasyon	2443	0	0	0
KRONO-ATLANTIK-A-0929	kollo	0	0	0	0
KRONO-ATLANTIK-A-0929	kosantine	2168	0	0	0
KRONO-ATLANTIK-A-0929	kostantine	12909	1	3542	0
KRONO-ATLANTIK-A-0929	kul	2133	0	0	0
KRONO-ATLANTIK-A-0929	kull	0	0	0	0
KRONO-ATLANTIK-A-0929	lagvat	0	0	0	0
KRONO-ATLANTIK-A-0929	levse	0	0	0	0
KRONO-ATLANTIK-A-0929	lisaneddin-ibnul-hatib	0	0	0	0
KRONO-ATLANTIK-A-0929	lubnan	91281	4	83768	0
KRONO-ATLANTIK-A-0929	malaga	2213	0	0	0
KRONO-ATLANTIK-A-0929	maleka	10244	1	3212	0
KRONO-ATLANTIK-A-0929	malika	0	0	0	0
KRONO-ATLANTIK-A-0929	malta	28663	2	22949	0
KRONO-ATLANTIK-A-0929	mayorka	0	0	0	0
KRONO-ATLANTIK-A-0929	mehmed-ii	100627	1	17017	0
KRONO-ATLANTIK-A-0929	melile	0	0	0	0
KRONO-ATLANTIK-A-0929	menorka	0	0	0	0
KRONO-ATLANTIK-A-0929	menurka	0	0	0	0
KRONO-ATLANTIK-A-0929	meriniler	51858	1	9973	0
KRONO-ATLANTIK-A-0929	meriye	11946	1	4066	0
KRONO-ATLANTIK-A-0929	meriyye	0	0	0	0
KRONO-ATLANTIK-A-0929	mersin	22397	1	4785	0
KRONO-ATLANTIK-A-0929	mesile	14167	1	3526	0
KRONO-ATLANTIK-A-0929	meyurka	0	0	0	0
KRONO-ATLANTIK-A-0929	mililla	0	0	0	0
KRONO-ATLANTIK-A-0929	minorka--	0	0	0	0
KRONO-ATLANTIK-A-0929	minorka	0	0	0	0
KRONO-ATLANTIK-A-0929	minurka	0	0	0	0
KRONO-ATLANTIK-A-0929	miyorka	0	0	0	0
KRONO-ATLANTIK-A-0929	mizab	13448	1	3828	0
KRONO-ATLANTIK-A-0929	moriskolar	26734	1	5782	0
KRONO-ATLANTIK-A-0929	mostaganim	0	0	0	0
KRONO-ATLANTIK-A-0929	muhammed-ez-zagal	0	0	0	0
KRONO-ATLANTIK-A-0929	muhammed-v-nasri	0	0	0	0
KRONO-ATLANTIK-A-0929	mustaganem	0	0	0	0
KRONO-ATLANTIK-A-0929	musteganim	16743	1	4204	0
KRONO-ATLANTIK-A-0929	mustegan​em	87	0	0	1
KRONO-ATLANTIK-A-0929	narda	16761	1	3464	0
KRONO-ATLANTIK-A-0929	nasriler	33399	1	7086	0
KRONO-ATLANTIK-A-0929	nigbolu-savasi	25864	1	6837	0
KRONO-ATLANTIK-A-0929	nigbolu	19312	1	5329	0
KRONO-ATLANTIK-A-0929	portekiz	43286	3	34684	0
KRONO-ATLANTIK-A-0929	preveze	0	0	0	0
KRONO-ATLANTIK-A-0929	rakka	11158	1	3673	0
KRONO-ATLANTIK-A-0929	sayda	24702	2	14342	0
KRONO-ATLANTIK-A-0929	sebte	17195	1	4409	0
KRONO-ATLANTIK-A-0929	suriye	164946	6	157200	0
KRONO-ATLANTIK-A-0929	tanca	13478	1	3682	0
KRONO-ATLANTIK-A-0929	tarif	8128	1	3229	0
KRONO-ATLANTIK-A-0929	tepedelenli-ali-pasa	27409	1	6909	0
KRONO-ATLANTIK-A-0929	timur	34280	1	8891	0
KRONO-ATLANTIK-A-0929	trablussam	21963	2	12379	0
KRONO-ATLANTIK-A-0929	tunus	134319	5	124362	0
KRONO-ATLANTIK-A-0929	vadias	0	0	0	0
KRONO-ATLANTIK-A-0929	yanya	29961	1	6400	0
KRONO-ATLANTIK-A-0929	yirmisekiz-celebi-mehmed-efendi	18701	1	5200	0
KRONO-ATLANTIK-A-0929	yusuf-i-nasri	0	0	0	0
KRONO-ATLANTIK-A-0929	yusuf-i	0	0	0	0
KRONO-ATLANTIK-A-0929	zagal	0	0	0	0
KRONO-ATLANTIK-B-0929	agah-efendi	0	0	0	0
KRONO-ATLANTIK-B-0929	akabe-meselesi	6857	1	2877	0
KRONO-ATLANTIK-B-0929	bagdat	129368	4	76858	0
KRONO-ATLANTIK-B-0929	balta-limani-ticaret-antlasmasi	0	0	0	0
KRONO-ATLANTIK-B-0929	baltalimani-muahedesi	17855	1	5510	0
KRONO-ATLANTIK-B-0929	basra	47657	2	26073	0
KRONO-ATLANTIK-B-0929	canak-krizi	0	0	0	0
KRONO-ATLANTIK-B-0929	canakkale-muharebeleri	34039	2	19455	0
KRONO-ATLANTIK-B-0929	canakkale	18139	1	3940	0
KRONO-ATLANTIK-B-0929	ebukir	11239	1	2964	0
KRONO-ATLANTIK-B-0929	erbil	13703	1	4249	0
KRONO-ATLANTIK-B-0929	halepce	0	0	0	0
KRONO-ATLANTIK-B-0929	hollanda	110353	5	101263	0
KRONO-ATLANTIK-B-0929	ingiltere	132677	5	105290	0
KRONO-ATLANTIK-B-0929	kale-i-sultaniye-antlasmasi	0	0	0	0
KRONO-ATLANTIK-B-0929	kalei-sultaniye-antlasmasi	0	0	0	0
KRONO-ATLANTIK-B-0929	karlofca-antlasmasi-1699	0	0	0	0
KRONO-ATLANTIK-B-0929	karlofca-antlasmasi	0	0	0	0
KRONO-ATLANTIK-B-0929	karlofca	34604	2	27586	0
KRONO-ATLANTIK-B-0929	kerkuk	19538	1	5268	0
KRONO-ATLANTIK-B-0929	kibris	164250	5	152849	0
KRONO-ATLANTIK-B-0929	kifri	0	0	0	0
KRONO-ATLANTIK-B-0929	kirim-harbi	0	0	0	0
KRONO-ATLANTIK-B-0929	kirim-savasi-1853-1856	0	0	0	0
KRONO-ATLANTIK-B-0929	kirim-savasi	0	0	0	0
KRONO-ATLANTIK-B-0929	kudus	129788	5	101076	0
KRONO-ATLANTIK-B-0929	kut-ul-amare	0	0	0	0
KRONO-ATLANTIK-B-0929	kut	0	0	0	0
KRONO-ATLANTIK-B-0929	kutulamare	11608	1	3399	0
KRONO-ATLANTIK-B-0929	misir	262214	9	249634	0
KRONO-ATLANTIK-B-0929	mondros-mutarekesi	15639	1	4243	0
KRONO-ATLANTIK-B-0929	mudanya-mutarekesi	16133	1	2920	0
KRONO-ATLANTIK-B-0929	mudros-mutarekesi	0	0	0	0
KRONO-ATLANTIK-B-0929	musul-meselesi	0	0	0	0
KRONO-ATLANTIK-B-0929	musul	0	0	0	0
KRONO-ATLANTIK-B-0929	pasarofca-antlasmasi	25306	1	4741	0
KRONO-ATLANTIK-B-0929	resadiye	0	0	0	0
KRONO-ATLANTIK-B-0929	sultan-osman	0	0	0	0
KRONO-ATLANTIK-B-0929	sykes-picot-antlasmasi	19686	1	2760	0
KRONO-ATLANTIK-B-0929	tanca	14119	1	3740	0
KRONO-ATLANTIK-B-0929	tuzhurmatu	0	0	0	0
KRONO-ATLANTIK-B-0929	yusuf-agah-efendi	0	0	0	0
KRONO-ATLANTIK-B-0929	yusuf-agah	0	0	0	0
KRONO-BALKAN-B-0929	akcahisar	2851	0	0	0
KRONO-BALKAN-B-0929	arnavutluk	57489	1	8530	0
KRONO-BALKAN-B-0929	avlonya	18800	1	4792	0
KRONO-BALKAN-B-0929	banaluka	14294	1	3956	0
KRONO-BALKAN-B-0929	belgrad	13685	1	3265	0
KRONO-BALKAN-B-0929	bosna-eyaleti	12105	1	4341	0
KRONO-BALKAN-B-0929	bosna-hersek	65645	1	9939	0
KRONO-BALKAN-B-0929	busatli-mustafa-pasa	2885	0	0	0
KRONO-BALKAN-B-0929	gazi-husrev-bey	11713	1	4206	0
KRONO-BALKAN-B-0929	hekimoglu-ali-pasa	22454	1	8176	0
KRONO-BALKAN-B-0929	hersek	2855	0	0	0
KRONO-BALKAN-B-0929	ilbasan	15075	1	4114	0
KRONO-BALKAN-B-0929	ipek	49450	3	39051	0
KRONO-BALKAN-B-0929	isa-bey	16548	1	5759	0
KRONO-BALKAN-B-0929	iskender-bey	22162	1	5809	0
KRONO-BALKAN-B-0929	iskodra	14240	1	4557	0
KRONO-BALKAN-B-0929	karadag	17310	1	4176	0
KRONO-BALKAN-B-0929	kosova	42463	2	23146	0
KRONO-BALKAN-B-0929	kruya	18130	1	4737	0
KRONO-BALKAN-B-0929	mostar	19066	1	5428	0
KRONO-BALKAN-B-0929	mustafa-pasa-busatli	10417	1	4254	0
KRONO-BALKAN-B-0929	nis	20602	1	5236	0
KRONO-BALKAN-B-0929	omer-lutfi-pasa	18050	1	5421	0
KRONO-BALKAN-B-0929	podgorica	10586	1	2927	0
KRONO-BALKAN-B-0929	prizren	23271	1	6614	0
KRONO-BALKAN-B-0929	saraybosna	30929	1	5916	0
KRONO-BALKAN-B-0929	semendire	29991	1	4204	0
KRONO-BALKAN-B-0929	serez	15734	1	4885	0
KRONO-BALKAN-B-0929	sirbistan	50805	2	43256	0
KRONO-BALKAN-B-0929	tiran	16452	1	4130	0
KRONO-BALKAN-B-0929	travnik	18917	1	4642	0
KRONO-BALKAN-D-0929	atina	42768	2	26623	0
KRONO-BALKAN-D-0929	ayastefanos-antlasmasi	12111	1	4276	0
KRONO-BALKAN-D-0929	berlin-antlasmasi	11151	1	3179	0
KRONO-BALKAN-D-0929	bozcaada	19487	1	5416	0
KRONO-BALKAN-D-0929	bulgaristan	139203	5	103828	0
KRONO-BALKAN-D-0929	dobruca	29935	1	4199	0
KRONO-BALKAN-D-0929	doksanuc-harbi	20253	1	4700	0
KRONO-BALKAN-D-0929	drama	20943	1	4414	0
KRONO-BALKAN-D-0929	edirne-antlasmasi	14622	1	4525	0
KRONO-BALKAN-D-0929	eski-zagra	13364	1	4016	0
KRONO-BALKAN-D-0929	filibe	25990	1	5612	0
KRONO-BALKAN-D-0929	girit	72555	1	11002	0
KRONO-BALKAN-D-0929	gumulcine	18494	1	5414	0
KRONO-BALKAN-D-0929	imroz	21356	1	4389	0
KRONO-BALKAN-D-0929	iskece	18737	1	3748	0
KRONO-BALKAN-D-0929	kavala	16731	1	4734	0
KRONO-BALKAN-D-0929	kircaali	19975	1	4356	0
KRONO-BALKAN-D-0929	limni	19246	1	5176	0
KRONO-BALKAN-D-0929	makedonya	55609	1	9387	0
KRONO-BALKAN-D-0929	midhat-pasa	36518	1	9802	0
KRONO-BALKAN-D-0929	midilli	26389	1	6098	0
KRONO-BALKAN-D-0929	mora	44923	1	9816	0
KRONO-BALKAN-D-0929	navarin	18181	1	4119	0
KRONO-BALKAN-D-0929	nigbolu	19988	1	5393	0
KRONO-BALKAN-D-0929	plevne	15651	1	4251	0
KRONO-BALKAN-D-0929	rumeli	31608	1	7370	0
KRONO-BALKAN-D-0929	ruscuk	28159	1	5052	0
KRONO-BALKAN-D-0929	selanik	43022	1	8104	0
KRONO-BALKAN-D-0929	semadirek	12562	1	3309	0
KRONO-BALKAN-D-0929	serez	15629	1	4874	0
KRONO-BALKAN-D-0929	silistre	23908	1	4137	0
KRONO-BALKAN-D-0929	sisam	13796	1	3139	0
KRONO-BALKAN-D-0929	sofya	32095	1	5098	0
KRONO-BALKAN-D-0929	sumnu	25921	1	5576	0
KRONO-BALKAN-D-0929	tasoz	20486	1	4883	0
KRONO-BALKAN-D-0929	tepedelenli-ali-pasa	28179	1	7015	0
KRONO-BALKAN-D-0929	tesalya	34516	1	7200	0
KRONO-BALKAN-D-0929	tirnova--bulgaristan	27734	1	5801	0
KRONO-BALKAN-D-0929	tripolice	13663	1	3200	0
KRONO-BALKAN-D-0929	varna	25788	1	5395	0
KRONO-BALKAN-D-0929	vidin	27625	1	6146	0
KRONO-BALKAN-D-0929	yanya	30680	1	6483	0
KRONO-BALKAN-D-0929	yunanistan	97669	2	82723	0
KRONO-CELISKI-0929	devlet-giray	8457	1	3711	0
KRONO-CELISKI-0929	girit	72582	1	10973	0
KRONO-CELISKI-0929	islam-giray-iii	16081	1	3546	0
KRONO-CELISKI-0929	ismail-i	2825	0	0	0
KRONO-CELISKI-0929	izladi	19269	1	3569	0
KRONO-CELISKI-0929	iznik	51236	3	37106	0
KRONO-CELISKI-0929	kandiye	17190	1	4308	0
KRONO-CELISKI-0929	kapitulasyon	3091	0	0	0
KRONO-CELISKI-0929	mora	44953	1	9789	0
KRONO-CELISKI-0929	murad-ii	68546	1	13723	0
KRONO-CELISKI-0929	rodos	29503	1	5549	0
KRONO-CELISKI-0929	safeviler	74566	2	26826	0
KRONO-CELISKI-0929	tebriz	28900	1	5857	0
KRONO-CELISKI-0929	ulug-bey	15559	1	5708	0
KRONO-DOBRUCA-1877-1005	alpay-karen	76863	1	13135	0
KRONO-DOBRUCA-1877-1005	ayastefanos-antlasmasi	11768	1	4197	0
KRONO-DOBRUCA-1877-1005	babadagi	9176	1	2736	0
KRONO-DOBRUCA-1877-1005	berlin-antlasmasi	10857	1	3122	0
KRONO-DOBRUCA-1877-1005	isakca	10770	1	3163	0
KRONO-DOBRUCA-1877-1005	kostence	9786	1	2608	0
KRONO-DOBRUCA-1877-1005	mecidiye	7384	1	2663	0
KRONO-DOBRUCA-1877-1005	romanya	41695	2	33850	0
KRONO-DOBRUCA-1877-1005	strategic-dp	82131	0	0	1
KRONO-DOBRUCA-1877-1005	tulca	9759	1	2854	0
KRONO-DOBRUCA-1877-1005	tuna	18301	1	3456	0
KRONO-DOBRUCA-1877-1005	uyar-htd	104857	1	4058	0
KRONO-DOGU-ISLAM-0929	ahmed-pasa-hain	7430	1	3084	0
KRONO-DOGU-ISLAM-0929	akka	13064	1	3464	0
KRONO-DOGU-ISLAM-0929	ali-bey-bulutkapan	10883	1	3543	0
KRONO-DOGU-ISLAM-0929	barsbay	10339	1	3799	0
KRONO-DOGU-ISLAM-0929	baybars-i	16808	1	5055	0
KRONO-DOGU-ISLAM-0929	behisni	2693	0	0	0
KRONO-DOGU-ISLAM-0929	belh	17102	1	4118	0
KRONO-DOGU-ISLAM-0929	berid	20960	1	5430	0
KRONO-DOGU-ISLAM-0929	berkuk-kulliyesi	11348	1	3183	0
KRONO-DOGU-ISLAM-0929	berkuk	14852	1	5565	0
KRONO-DOGU-ISLAM-0929	bu	2694	0	0	0
KRONO-DOGU-ISLAM-0929	cakmak-el-melikuz-zahir	9043	1	3203	0
KRONO-DOGU-ISLAM-0929	celaleddin-ed-devvani	2798	0	0	0
KRONO-DOGU-ISLAM-0929	cidde	16595	1	4581	0
KRONO-DOGU-ISLAM-0929	darfur	15532	1	3489	0
KRONO-DOGU-ISLAM-0929	dirhem	27410	1	6515	0
KRONO-DOGU-ISLAM-0929	efgani-cemaleddin	87875	1	10624	0
KRONO-DOGU-ISLAM-0929	ehl-i-zimme	2743	0	0	0
KRONO-DOGU-ISLAM-0929	el-melikun-nasir-muhammed	2802	0	0	0
KRONO-DOGU-ISLAM-0929	erdebil	16211	1	4585	0
KRONO-DOGU-ISLAM-0929	esrefi	10387	1	3046	0
KRONO-DOGU-ISLAM-0929	esterabad	12032	1	3387	0
KRONO-DOGU-ISLAM-0929	etiyopya	69919	2	47322	0
KRONO-DOGU-ISLAM-0929	ferec	14058	1	3956	0
KRONO-DOGU-ISLAM-0929	gilan	10698	1	3296	0
KRONO-DOGU-ISLAM-0929	gokmescid	8253	1	3183	0
KRONO-DOGU-ISLAM-0929	halep	61573	3	35109	0
KRONO-DOGU-ISLAM-0929	halil-b-kalavun	15482	1	4341	0
KRONO-DOGU-ISLAM-0929	hasan-b-muhammed-b-kalavun	10941	1	3990	0
KRONO-DOGU-ISLAM-0929	hasan-i-buzurg	9136	1	3172	0
KRONO-DOGU-ISLAM-0929	herat	21771	1	7275	0
KRONO-DOGU-ISLAM-0929	hidiv	2813	0	0	0
KRONO-DOGU-ISLAM-0929	hisbe	107948	3	36499	0
KRONO-DOGU-ISLAM-0929	horasan	58805	1	8777	0
KRONO-DOGU-ISLAM-0929	hoy	10343	1	3383	0
KRONO-DOGU-ISLAM-0929	husrev-pasa-koca	37423	1	5673	0
KRONO-DOGU-ISLAM-0929	ibn-hacer-el-askalani	149030	1	15302	0
KRONO-DOGU-ISLAM-0929	ibn-haldun	231604	4	188513	0
KRONO-DOGU-ISLAM-0929	ibnus-satir	22400	1	4117	0
KRONO-DOGU-ISLAM-0929	ikta	82103	3	48805	0
KRONO-DOGU-ISLAM-0929	ilm-i-mikat	10989	1	2839	0
KRONO-DOGU-ISLAM-0929	incu	10222	1	3612	0
KRONO-DOGU-ISLAM-0929	inculular	10219	1	2915	0
KRONO-DOGU-ISLAM-0929	isfahan	53884	2	22870	0
KRONO-DOGU-ISLAM-0929	iskenderiye	47743	2	29617	0
KRONO-DOGU-ISLAM-0929	kacarlar	37426	2	14471	0
KRONO-DOGU-ISLAM-0929	kahire	138271	4	119374	0
KRONO-DOGU-ISLAM-0929	kalavun-kulliyesi	12651	1	2988	0
KRONO-DOGU-ISLAM-0929	kalavun	15858	1	4435	0
KRONO-DOGU-ISLAM-0929	kandehar	9657	1	2987	0
KRONO-DOGU-ISLAM-0929	kansu-gavri-kulliyesi	7761	1	2713	0
KRONO-DOGU-ISLAM-0929	kansu-gavri	24767	1	7038	0
KRONO-DOGU-ISLAM-0929	karaman	17698	1	4792	0
KRONO-DOGU-ISLAM-0929	karimi	16192	1	4305	0
KRONO-DOGU-ISLAM-0929	kasan	11057	1	3740	0
KRONO-DOGU-ISLAM-0929	kavalali-mehmed-ali-pasa	30330	1	6724	0
KRONO-DOGU-ISLAM-0929	kayitbay-kulliyesi	8651	1	2590	0
KRONO-DOGU-ISLAM-0929	kayitbay	16124	1	5740	0
KRONO-DOGU-ISLAM-0929	kayseri	63103	3	34738	0
KRONO-DOGU-ISLAM-0929	kazvin	10949	1	3664	0
KRONO-DOGU-ISLAM-0929	kordofan	10670	1	2757	0
KRONO-DOGU-ISLAM-0929	kubbetus-sahre	28972	1	8738	0
KRONO-DOGU-ISLAM-0929	kudus	129788	5	101076	0
KRONO-DOGU-ISLAM-0929	kum	13844	1	5474	0
KRONO-DOGU-ISLAM-0929	lahican	9400	1	2777	0
KRONO-DOGU-ISLAM-0929	maku	8370	1	2439	0
KRONO-DOGU-ISLAM-0929	maras	2772	0	0	0
KRONO-DOGU-ISLAM-0929	masavva	13815	1	3168	0
KRONO-DOGU-ISLAM-0929	mazenderan	2737	0	0	0
KRONO-DOGU-ISLAM-0929	mekke	150999	3	96585	0
KRONO-DOGU-ISLAM-0929	memluk	21982	1	6162	0
KRONO-DOGU-ISLAM-0929	memlukler	83538	2	34084	0
KRONO-DOGU-ISLAM-0929	meraga	14614	1	5321	0
KRONO-DOGU-ISLAM-0929	mercidabik-muharebesi	22435	1	5188	0
KRONO-DOGU-ISLAM-0929	meshed	7136	1	2820	0
KRONO-DOGU-ISLAM-0929	mesrutiyet	43469	1	11664	0
KRONO-DOGU-ISLAM-0929	muhammed-abduh	39153	1	7831	0
KRONO-DOGU-ISLAM-0929	muhammed-b-kalavun	17311	1	5740	0
KRONO-DOGU-ISLAM-0929	olcaytu-han	15932	1	6475	0
KRONO-DOGU-ISLAM-0929	pamuk	14205	1	4178	0
KRONO-DOGU-ISLAM-0929	resuliler	16247	1	4093	0
KRONO-DOGU-ISLAM-0929	rifaa-et-tahtavi	20716	1	3722	0
KRONO-DOGU-ISLAM-0929	sari	2985	0	0	0
KRONO-DOGU-ISLAM-0929	sebzevar	2692	0	0	0
KRONO-DOGU-ISLAM-0929	serbedariler	11823	1	3240	0
KRONO-DOGU-ISLAM-0929	seyh-el-mahmudi	18354	1	4723	0
KRONO-DOGU-ISLAM-0929	surre	21626	1	4939	0
KRONO-DOGU-ISLAM-0929	suster	10677	1	3464	0
KRONO-DOGU-ISLAM-0929	taberistan	14174	1	3618	0
KRONO-DOGU-ISLAM-0929	tahran	17959	1	5167	0
KRONO-DOGU-ISLAM-0929	taiz	18464	1	4618	0
KRONO-DOGU-ISLAM-0929	tarih	369184	11	319892	0
KRONO-DOGU-ISLAM-0929	taun	22159	1	5592	0
KRONO-DOGU-ISLAM-0929	tebriz	28796	1	5849	0
KRONO-DOGU-ISLAM-0929	tomanbay	14972	1	5567	0
KRONO-DOGU-ISLAM-0929	trablussam	22750	2	12511	0
KRONO-DOGU-ISLAM-0929	urfa	2708	0	0	0
KRONO-DOGU-ISLAM-0929	urmiye	13230	1	4170	0
KRONO-DOGU-ISLAM-0929	vakif	100689	2	73436	0
KRONO-DOGU-ISLAM-0929	zahir-el-omer	19618	1	5168	0
KRONO-DOGU-ISLAM-0929	zebid	19053	1	4777	0
KRONO-DOGU-ISLAM-0929	zendler	20148	1	5514	0
KRONO-DOGU-ISLAM-0929	zerenc	16617	1	3940	0
KRONO-DOGU-ISLAM-0929	zimmi	110438	3	61484	0
KRONO-ITALYA-0929	atina	42768	2	26623	0
KRONO-ITALYA-0929	ayamavra-lefkada	0	0	0	0
KRONO-ITALYA-0929	ayamavra	14249	1	3852	0
KRONO-ITALYA-0929	bodrum	18030	1	4704	0
KRONO-ITALYA-0929	butrint	0	0	0	0
KRONO-ITALYA-0929	ceneviz	24506	1	7870	0
KRONO-ITALYA-0929	cenevizliler	0	0	0	0
KRONO-ITALYA-0929	cenova	0	0	0	0
KRONO-ITALYA-0929	cesme	74570	1	17603	0
KRONO-ITALYA-0929	dalmacya	11021	1	3470	0
KRONO-ITALYA-0929	dalmaçya	0	0	0	0
KRONO-ITALYA-0929	egriboz	23638	1	5013	0
KRONO-ITALYA-0929	foca	11000	1	3203	0
KRONO-ITALYA-0929	galata	77398	2	51941	0
KRONO-ITALYA-0929	gattilusio	0	0	0	0
KRONO-ITALYA-0929	gelibolu	41479	1	6413	0
KRONO-ITALYA-0929	girit-savasi	0	0	0	0
KRONO-ITALYA-0929	girit	72555	1	11002	0
KRONO-ITALYA-0929	herceg-novi	0	0	0	0
KRONO-ITALYA-0929	hersek-novi	0	0	0	0
KRONO-ITALYA-0929	hotin	12486	1	3358	0
KRONO-ITALYA-0929	ikarya	0	0	0	0
KRONO-ITALYA-0929	inebahti-savasi	0	0	0	0
KRONO-ITALYA-0929	inebahti	19993	1	4856	0
KRONO-ITALYA-0929	istendil	0	0	0	0
KRONO-ITALYA-0929	izmir	108332	3	48601	0
KRONO-ITALYA-0929	kandiye	17086	1	4300	0
KRONO-ITALYA-0929	karlofca-antlasmasi	0	0	0	0
KRONO-ITALYA-0929	kefe	17990	1	3573	0
KRONO-ITALYA-0929	kibris	164250	5	152849	0
KRONO-ITALYA-0929	kiklad-adalari	0	0	0	0
KRONO-ITALYA-0929	korfu	13507	1	3860	0
KRONO-ITALYA-0929	koron	11514	1	3421	0
KRONO-ITALYA-0929	kotor	0	0	0	0
KRONO-ITALYA-0929	kutsal-ittifak	0	0	0	0
KRONO-ITALYA-0929	lefkada	0	0	0	0
KRONO-ITALYA-0929	modon	17257	1	4348	0
KRONO-ITALYA-0929	mora	44923	1	9816	0
KRONO-ITALYA-0929	naksa-dukaligi	0	0	0	0
KRONO-ITALYA-0929	naksa	19229	1	4267	0
KRONO-ITALYA-0929	papalik	18398	1	4033	0
KRONO-ITALYA-0929	parga	0	0	0	0
KRONO-ITALYA-0929	pasarofca-antlasmasi	25306	1	4741	0
KRONO-ITALYA-0929	rodos	29398	1	5538	0
KRONO-ITALYA-0929	sakiz-adasi	34685	1	7181	0
KRONO-ITALYA-0929	santorini	0	0	0	0
KRONO-ITALYA-0929	sibenik	0	0	0	0
KRONO-ITALYA-0929	sin-sehri	0	0	0	0
KRONO-ITALYA-0929	sinj	0	0	0	0
KRONO-ITALYA-0929	split	0	0	0	0
KRONO-ITALYA-0929	venedik	24401	1	5145	0
KRONO-ITALYA-0929	zadar	0	0	0	0
KRONO-KAFKAS-0929	acara	30172	2	17089	0
KRONO-KAFKAS-0929	ahiska	7341	1	2629	0
KRONO-KAFKAS-0929	ayastefanos-antlasmasi	12111	1	4276	0
KRONO-KAFKAS-0929	batum	9983	1	3318	0
KRONO-KAFKAS-0929	berlin-antlasmasi	11151	1	3179	0
KRONO-KAFKAS-0929	birinci-dunya-savasi	30357	1	4483	0
KRONO-KAFKAS-0929	bitlis	24130	1	5568	0
KRONO-KAFKAS-0929	cildir-eyaleti	16051	1	5055	0
KRONO-KAFKAS-0929	erivan	2715	0	0	0
KRONO-KAFKAS-0929	ermeni-kilisesi	2946	0	0	0
KRONO-KAFKAS-0929	erzurum	103517	3	51456	0
KRONO-KAFKAS-0929	karabag	17333	1	4336	0
KRONO-KAFKAS-0929	kars	23013	1	5582	0
KRONO-KAFKAS-0929	kazim-karabekir	22096	1	6211	0
KRONO-KAFKAS-0929	lazlar	18380	1	4469	0
KRONO-KAFKAS-0929	millet	56347	2	38841	0
KRONO-KAFKAS-0929	mondros-mutarekesi	15639	1	4243	0
KRONO-KAFKAS-0929	mus	23600	1	5022	0
KRONO-KAFKAS-0929	nahcivan	28570	1	5066	0
KRONO-KAFKAS-0929	patrik	10698	1	3676	0
KRONO-KAFKAS-0929	patrikhane	2770	0	0	0
KRONO-KAFKAS-0929	revan	22471	1	4983	0
KRONO-KAFKAS-0929	sark-meselesi	37586	1	5071	0
KRONO-KAFKAS-0929	sevr-antlasmasi	31548	1	3435	0
KRONO-KAFKAS-0929	sis	2666	0	0	0
KRONO-KAFKAS-0929	sohum	19681	1	4289	0
KRONO-KAFKAS-0929	tehcir	30879	1	5808	0
KRONO-KAFKAS-0929	tiflis	28386	1	6017	0
KRONO-KAFKAS-0929	van	65725	3	29937	0
KRONO-KUZEY-0929	alaska	0	0	0	0
KRONO-KUZEY-0929	amur	0	0	0	0
KRONO-KUZEY-0929	ayastefanos-antlasmasi	12111	1	4276	0
KRONO-KUZEY-0929	aygun-antlasmasi	0	0	0	0
KRONO-KUZEY-0929	brest-litovsk-antlasmasi	0	0	0	0
KRONO-KUZEY-0929	cimkent	6984	1	2414	0
KRONO-KUZEY-0929	estonya	0	0	0	0
KRONO-KUZEY-0929	hocend	0	0	0	0
KRONO-KUZEY-0929	hokand	9617	1	2946	0
KRONO-KUZEY-0929	igdir	0	0	0	0
KRONO-KUZEY-0929	isvec	76964	3	69652	0
KRONO-KUZEY-0929	karlofca	34604	2	27586	0
KRONO-KUZEY-0929	kazakistan	81400	4	48726	0
KRONO-KUZEY-0929	kazaklar	33228	2	21174	0
KRONO-KUZEY-0929	krasnovodsk	0	0	0	0
KRONO-KUZEY-0929	lehistan	2672	0	0	0
KRONO-KUZEY-0929	leton	0	0	0	0
KRONO-KUZEY-0929	letonya	0	0	0	0
KRONO-KUZEY-0929	litvanya	0	0	0	0
KRONO-KUZEY-0929	livonya	0	0	0	0
KRONO-KUZEY-0929	pamir	0	0	0	0
KRONO-KUZEY-0929	polonya	96340	3	86606	0
KRONO-KUZEY-0929	revan	22471	1	4983	0
KRONO-KUZEY-0929	rusya	159288	4	147179	0
KRONO-KUZEY-0929	sahalin	0	0	0	0
KRONO-KUZEY-0929	sibirya	0	0	0	0
KRONO-KUZEY-0929	smolensk	0	0	0	0
KRONO-KUZEY-0929	tobolsk	0	0	0	0
KRONO-KUZEY-0929	turkistan	32134	1	6795	0
KRONO-KUZEY-0929	turkmencay-antlasmasi	0	0	0	0
KRONO-KUZEY-0929	ukrayna	43906	3	35956	0
KRONO-KUZEY-0929	uman	28731	1	6290	0
KRONO-KUZEY-0929	zaporog-kazaklari	0	0	0	0
KRONO-OSMANLI-CEVRE-0929	abdulaziz-b-suud	11933	1	4280	0
KRONO-OSMANLI-CEVRE-0929	adana	29483	2	21934	0
KRONO-OSMANLI-CEVRE-0929	afyonkarahisar	17692	1	5053	0
KRONO-OSMANLI-CEVRE-0929	aydinogullari	19662	1	5522	0
KRONO-OSMANLI-CEVRE-0929	bedir	12890	1	3311	0
KRONO-OSMANLI-CEVRE-0929	bolu	16443	1	4792	0
KRONO-OSMANLI-CEVRE-0929	burdur	21235	1	4135	0
KRONO-OSMANLI-CEVRE-0929	candarogullari	29437	1	7209	0
KRONO-OSMANLI-CEVRE-0929	cankiri	15394	1	3971	0
KRONO-OSMANLI-CEVRE-0929	cebriler	6935	1	2480	0
KRONO-OSMANLI-CEVRE-0929	cobanogullari	10001	1	3343	0
KRONO-OSMANLI-CEVRE-0929	denizli	29587	1	4035	0
KRONO-OSMANLI-CEVRE-0929	diriye	9966	1	3252	0
KRONO-OSMANLI-CEVRE-0929	dulkadirogullari	33810	1	7451	0
KRONO-OSMANLI-CEVRE-0929	ebha	11914	1	3963	0
KRONO-OSMANLI-CEVRE-0929	eretnaogullari	17305	1	5962	0
KRONO-OSMANLI-CEVRE-0929	erzincan	25361	1	4723	0
KRONO-OSMANLI-CEVRE-0929	esrefogullari	16099	1	5572	0
KRONO-OSMANLI-CEVRE-0929	germiyanogullari	27079	1	7702	0
KRONO-OSMANLI-CEVRE-0929	hadramut	27533	1	4885	0
KRONO-OSMANLI-CEVRE-0929	hamidogullari	41342	1	9074	0
KRONO-OSMANLI-CEVRE-0929	hudeyde	17508	1	5084	0
KRONO-OSMANLI-CEVRE-0929	hurma	22349	1	7966	0
KRONO-OSMANLI-CEVRE-0929	hurmuz--iran	13884	1	4096	0
KRONO-OSMANLI-CEVRE-0929	idrisiler	19361	1	4471	0
KRONO-OSMANLI-CEVRE-0929	isparta	56268	2	14737	0
KRONO-OSMANLI-CEVRE-0929	kadi-burhaneddin	36673	3	27118	0
KRONO-OSMANLI-CEVRE-0929	karesiogullari	15072	1	5533	0
KRONO-OSMANLI-CEVRE-0929	kastamonu	27611	1	5455	0
KRONO-OSMANLI-CEVRE-0929	katif	9628	1	3629	0
KRONO-OSMANLI-CEVRE-0929	kemah	18690	1	4038	0
KRONO-OSMANLI-CEVRE-0929	kumuklar	14168	1	3725	0
KRONO-OSMANLI-CEVRE-0929	kutahya	53671	2	24952	0
KRONO-OSMANLI-CEVRE-0929	kutlughanlilar	13122	1	3246	0
KRONO-OSMANLI-CEVRE-0929	kuveyt	31716	2	22053	0
KRONO-OSMANLI-CEVRE-0929	lahsa	19019	1	3876	0
KRONO-OSMANLI-CEVRE-0929	maan	8576	1	3211	0
KRONO-OSMANLI-CEVRE-0929	marasiler	11309	1	3501	0
KRONO-OSMANLI-CEVRE-0929	medine	101007	2	55180	0
KRONO-OSMANLI-CEVRE-0929	mentese	16538	1	4628	0
KRONO-OSMANLI-CEVRE-0929	necid	18184	1	4560	0
KRONO-OSMANLI-CEVRE-0929	ordu--sehir	27872	1	5626	0
KRONO-OSMANLI-CEVRE-0929	pervaneogullari	12002	1	4236	0
KRONO-OSMANLI-CEVRE-0929	ramazanogullari	41666	2	19200	0
KRONO-OSMANLI-CEVRE-0929	residiler	10062	1	2832	0
KRONO-OSMANLI-CEVRE-0929	riyad	13298	1	3828	0
KRONO-OSMANLI-CEVRE-0929	sahib-ataogullari	11186	1	3766	0
KRONO-OSMANLI-CEVRE-0929	serif-huseyin	19297	1	6401	0
KRONO-OSMANLI-CEVRE-0929	sirvan	21102	1	5110	0
KRONO-OSMANLI-CEVRE-0929	sirvansahlar	21287	1	6340	0
KRONO-OSMANLI-CEVRE-0929	sivrihisar	15221	1	3545	0
KRONO-OSMANLI-CEVRE-0929	suudiler	25796	1	5445	0
KRONO-OSMANLI-CEVRE-0929	taceddinogullari	18583	1	3343	0
KRONO-OSMANLI-CEVRE-0929	tarsus	22314	1	4830	0
KRONO-OSMANLI-CEVRE-0929	tebuk	8797	1	3306	0
KRONO-OSMANLI-CEVRE-0929	tekeogullari	21811	1	5287	0
KRONO-OSMANLI-CEVRE-0929	trabzon	62320	2	24893	0
KRONO-OSMANLI-CEVRE-0929	uman	28731	1	6290	0
KRONO-OSMANLI-CEVRE-0929	umman	2680	0	0	0
KRONO-OSMANLI-CEVRE-0929	vehhabilik	40144	1	8273	0
KRONO-OSMANLI-CEVRE-0929	yemen	132783	5	120729	0
KRONO-OSMANLI-CEVRE-0929	yenbu	19099	1	3431	0
KRONO-TUNA-0929	ahmed-pasa-hersekzade	2751	0	0	0
KRONO-TUNA-0929	akkirman	9004	1	2922	0
KRONO-TUNA-0929	bahcesaray	11184	1	4184	0
KRONO-TUNA-0929	baltaci-mehmed-pasa	10348	1	4920	0
KRONO-TUNA-0929	belgrad	13583	1	3259	0
KRONO-TUNA-0929	bender-kalesi	12347	1	3318	0
KRONO-TUNA-0929	berlin-antlasmasi	11151	1	3179	0
KRONO-TUNA-0929	bogdan	24551	1	3847	0
KRONO-TUNA-0929	bucak	21044	1	3000	0
KRONO-TUNA-0929	bucas-antlasmasi	16423	1	3930	0
KRONO-TUNA-0929	budin	57971	2	34507	0
KRONO-TUNA-0929	bukres	10354	1	2951	0
KRONO-TUNA-0929	cehrin-seferi	12331	1	3903	0
KRONO-TUNA-0929	dobruca	29935	1	4199	0
KRONO-TUNA-0929	edirne-antlasmasi	14622	1	4525	0
KRONO-TUNA-0929	eflak	25972	1	3412	0
KRONO-TUNA-0929	erdel	26778	1	3703	0
KRONO-TUNA-0929	fener	13685	1	3809	0
KRONO-TUNA-0929	hadim-suleyman-pasa	2736	0	0	0
KRONO-TUNA-0929	hatman	12512	1	3973	0
KRONO-TUNA-0929	hotin	12486	1	3358	0
KRONO-TUNA-0929	ibrail	23324	1	5382	0
KRONO-TUNA-0929	kamanice	10331	1	3650	0
KRONO-TUNA-0929	karlofca	34604	2	27586	0
KRONO-TUNA-0929	kazaklar	33228	2	21174	0
KRONO-TUNA-0929	kili	17818	1	4686	0
KRONO-TUNA-0929	kirim	147193	3	127457	0
KRONO-TUNA-0929	kosova-savaslari	22344	1	5431	0
KRONO-TUNA-0929	kozak	14014	1	4282	0
KRONO-TUNA-0929	kucuk-kaynarca-antlasmasi	33608	1	6294	0
KRONO-TUNA-0929	lehistan	2672	0	0	0
KRONO-TUNA-0929	nigbolu-savasi	26615	1	6937	0
KRONO-TUNA-0929	paris-antlasmasi	25581	1	5297	0
KRONO-TUNA-0929	pasarofca-antlasmasi	25306	1	4741	0
KRONO-TUNA-0929	prut-antlasmasi	27562	1	5537	0
KRONO-TUNA-0929	romanya	42319	2	34072	0
KRONO-TUNA-0929	silistre	23908	1	4137	0
KRONO-TUNA-0929	sinan-pasa-koca	2717	0	0	0
KRONO-TUNA-0929	tokoli-imre	13418	1	4598	0
KRONO-TUNA-0929	ukrayna	43906	3	35956	0
KRONO-TUNA-0929	uyvar	14020	1	4795	0
KRONO-TUNA-0929	varad	11552	1	3227	0
KRONO-TUNA-0929	yas-antlasmasi	38570	1	3956	0
KRONO-TUNA-0929	yergogu	13246	1	3229	0
KRONO-TUNA-0929	zistovi-antlasmasi	40715	1	4521	0
KRONO-TUNA-0929	zitvatorok-antlasmasi	20165	1	4687	0
ODAK-DOGU-ISLAM-0080	akkoyunlular	35083	1	9342	0
ODAK-DOGU-ISLAM-0080	altin-orda-hanligi	19067	1	5791	0
ODAK-DOGU-ISLAM-0080	celayirliler	11979	1	3537	0
ODAK-DOGU-ISLAM-0080	cihan-sah	9537	1	3882	0
ODAK-DOGU-ISLAM-0080	ebu-said-bahadir-han	12940	1	5070	0
ODAK-DOGU-ISLAM-0080	gazan-han	18522	1	4060	0
ODAK-DOGU-ISLAM-0080	giray	23597	1	6671	0
ODAK-DOGU-ISLAM-0080	ilhanlilar	42870	2	24799	0
ODAK-DOGU-ISLAM-0080	karakoyunlular	39518	1	7366	0
ODAK-DOGU-ISLAM-0080	kert	8579	1	2659	0
ODAK-DOGU-ISLAM-0080	kirim	146664	3	127164	0
ODAK-DOGU-ISLAM-0080	luristan	8893	1	2673	0
ODAK-DOGU-ISLAM-0080	muzafferiler	11609	1	3056	0
ODAK-DOGU-ISLAM-0080	otlukbeli-savasi	21143	1	5480	0
ODAK-DOGU-ISLAM-0080	ozbek-han	19853	1	5144	0
ODAK-DOGU-ISLAM-0080	timur	34942	1	8949	0
ODAK-DOGU-ISLAM-0080	toktamis-han	12646	1	4899	0
ODAK-DOGU-ISLAM-0080	uzun-hasan	29203	1	7195	0
ODAK-OSMANLI-ANADOLU-0080	aksaray	11781	1	3431	0
ODAK-OSMANLI-ANADOLU-0080	alacahisar	10643	1	3002	0
ODAK-OSMANLI-ANADOLU-0080	arnavutluk	56907	1	8419	0
ODAK-OSMANLI-ANADOLU-0080	avusturya	75300	5	64812	0
ODAK-OSMANLI-ANADOLU-0080	bayburt	19834	1	4532	0
ODAK-OSMANLI-ANADOLU-0080	bosna-hersek	65042	1	9824	0
ODAK-OSMANLI-ANADOLU-0080	cezayirli-gazi-hasan-pasa	14761	1	5228	0
ODAK-OSMANLI-ANADOLU-0080	cuneyd-bey	10237	1	3854	0
ODAK-OSMANLI-ANADOLU-0080	divrigi	19228	1	5301	0
ODAK-OSMANLI-ANADOLU-0080	dulkadirogullari	33374	1	7345	0
ODAK-OSMANLI-ANADOLU-0080	eretnaogullari	16931	1	5869	0
ODAK-OSMANLI-ANADOLU-0080	erzincan	24998	1	4654	0
ODAK-OSMANLI-ANADOLU-0080	hamidogullari	40843	1	8942	0
ODAK-OSMANLI-ANADOLU-0080	ibrahim-pasa-kavalali	26608	1	6577	0
ODAK-OSMANLI-ANADOLU-0080	isparta	55746	2	14588	0
ODAK-OSMANLI-ANADOLU-0080	karamanoglu-mehmed-bey	2607	0	0	0
ODAK-OSMANLI-ANADOLU-0080	karamanogullari	69034	2	26980	0
ODAK-OSMANLI-ANADOLU-0080	kemah	18371	1	3978	0
ODAK-OSMANLI-ANADOLU-0080	keykavus-i	15312	1	4637	0
ODAK-OSMANLI-ANADOLU-0080	kirsehir	29298	1	5840	0
ODAK-OSMANLI-ANADOLU-0080	macaristan	77364	2	21130	0
ODAK-OSMANLI-ANADOLU-0080	mahmud-i--osmanli	35415	1	10854	0
ODAK-OSMANLI-ANADOLU-0080	malatya	64968	3	33825	0
ODAK-OSMANLI-ANADOLU-0080	mehmed-bey-karamanoglu	13790	1	3901	0
ODAK-OSMANLI-ANADOLU-0080	mesud-i	23488	1	5299	0
ODAK-OSMANLI-ANADOLU-0080	nigde	45500	2	22701	0
ODAK-OSMANLI-ANADOLU-0080	podgorica	10201	1	2874	0
ODAK-OSMANLI-ANADOLU-0080	pristine	17219	1	4644	0
ODAK-OSMANLI-ANADOLU-0080	prizren	22785	1	6524	0
ODAK-OSMANLI-ANADOLU-0080	saraybosna	30431	1	5823	0
ODAK-OSMANLI-ANADOLU-0080	selcuklular	271397	13	228276	0
ODAK-OSMANLI-ANADOLU-0080	sirbistan	50216	2	43092	0
ODAK-OSMANLI-ANADOLU-0080	tahrir	35216	1	5379	0
ODAK-OSMANLI-ANADOLU-0080	umur-bey	27373	1	4305	0
ODAK-OSMANLI-ANADOLU-0080	uyvar	13706	1	4731	0
ODAK-OSMANLI-ANADOLU-0080	vidin	27262	1	6070	0
ODAK-OSMANLI-ANADOLU-0080	yas-antlasmasi	38570	1	3956	0
ODAK-OSMANLI-ANADOLU-0080	yusuf-pasa-koca	27744	1	6538	0
ODAK-OSMANLI-ANADOLU-0080	zistovi-antlasmasi	40715	1	4521	0
ONCE1281-AFRIKA	beni-ganiye	0	0	0	0
ONCE1281-AFRIKA	beni-hazrun	0	0	0	0
ONCE1281-AFRIKA	benu-hurasan	0	0	0	0
ONCE1281-AFRIKA	bergavata-devleti	0	0	0	0
ONCE1281-AFRIKA	bergavatalilar	0	0	0	0
ONCE1281-AFRIKA	bornu	19955	1	4447	0
ONCE1281-AFRIKA	cad	38345	1	3930	0
ONCE1281-AFRIKA	dahlak	0	0	0	0
ONCE1281-AFRIKA	dehlek	9813	1	2855	0
ONCE1281-AFRIKA	etiyopya	69919	2	47322	0
ONCE1281-AFRIKA	evfat	9965	1	2833	0
ONCE1281-AFRIKA	gana	38528	2	16921	0
ONCE1281-AFRIKA	gane-devleti	0	0	0	0
ONCE1281-AFRIKA	gane	14088	1	3480	0
ONCE1281-AFRIKA	ganiye-beni-ganiye	12158	1	3304	0
ONCE1281-AFRIKA	ganiyeogullari	0	0	0	0
ONCE1281-AFRIKA	gao	9906	1	3161	0
ONCE1281-AFRIKA	habesistan	2690	0	0	0
ONCE1281-AFRIKA	hafsiler	30582	1	4955	0
ONCE1281-AFRIKA	hammadiler	12819	1	3514	0
ONCE1281-AFRIKA	hausalar	0	0	0	0
ONCE1281-AFRIKA	hazrunogullari-trablus	0	0	0	0
ONCE1281-AFRIKA	ife	0	0	0	0
ONCE1281-AFRIKA	kanem	0	0	0	0
ONCE1281-AFRIKA	kanim	22009	1	5020	0
ONCE1281-AFRIKA	kano	12004	1	3352	0
ONCE1281-AFRIKA	kilve	16452	1	2829	0
ONCE1281-AFRIKA	lalibela	0	0	0	0
ONCE1281-AFRIKA	makdisu	18125	1	3817	0
ONCE1281-AFRIKA	mali	74847	1	10215	0
ONCE1281-AFRIKA	mapungubwe	0	0	0	0
ONCE1281-AFRIKA	meriniler	52820	1	10090	0
ONCE1281-AFRIKA	moritanya	18474	2	10782	0
ONCE1281-AFRIKA	murabitlar	38109	1	10117	0
ONCE1281-AFRIKA	muvahhidler	26837	1	6486	0
ONCE1281-AFRIKA	nijerya	32883	2	25002	0
ONCE1281-AFRIKA	nri	0	0	0	0
ONCE1281-AFRIKA	nube	18142	1	4440	0
ONCE1281-AFRIKA	senegal	35721	2	28361	0
ONCE1281-AFRIKA	sevahili	14739	1	4495	0
ONCE1281-AFRIKA	sicilmase	18101	1	4336	0
ONCE1281-AFRIKA	sofale	0	0	0	0
ONCE1281-AFRIKA	somali	33089	2	28162	0
ONCE1281-AFRIKA	songay	2771	0	0	0
ONCE1281-AFRIKA	sudan	63319	3	54742	0
ONCE1281-AFRIKA	tanzanya	39834	2	30338	0
ONCE1281-AFRIKA	tekrur	13499	1	3328	0
ONCE1281-AFRIKA	yoruba	0	0	0	0
ONCE1281-AFRIKA	zagveler	0	0	0	0
ONCE1281-AFRIKA	zengibar	39391	1	5176	0
ONCE1281-AFRIKA	zeyyaniler	2736	0	0	0
ONCE1281-AFRIKA	zimbabve	25519	2	17188	0
ONCE1281-AFRIKA	ziriler	26975	2	15500	0
ONCE1281-ANADOLU	adana	28709	2	21800	0
ONCE1281-ANADOLU	ahlat	32867	2	15003	0
ONCE1281-ANADOLU	ahlatsahlar	33879	1	5795	0
ONCE1281-ANADOLU	alan	0	0	0	0
ONCE1281-ANADOLU	alanlar--kavim	0	0	0	0
ONCE1281-ANADOLU	alanlar	0	0	0	0
ONCE1281-ANADOLU	alanya	9891	1	3586	0
ONCE1281-ANADOLU	alasehir	11236	1	3569	0
ONCE1281-ANADOLU	altin-orda	0	0	0	0
ONCE1281-ANADOLU	amid	0	0	0	0
ONCE1281-ANADOLU	ani--kale	0	0	0	0
ONCE1281-ANADOLU	ani--kars	0	0	0	0
ONCE1281-ANADOLU	ani--sehir	0	0	0	0
ONCE1281-ANADOLU	ani-sehri	0	0	0	0
ONCE1281-ANADOLU	ani	0	0	0	0
ONCE1281-ANADOLU	antakya	33432	1	5364	0
ONCE1281-ANADOLU	antalya	31050	1	5643	0
ONCE1281-ANADOLU	artuklular	39250	2	18328	0
ONCE1281-ANADOLU	atina	41925	2	26459	0
ONCE1281-ANADOLU	babulebvab	2213	0	0	0
ONCE1281-ANADOLU	batu-han	18732	1	4435	0
ONCE1281-ANADOLU	berdea	0	0	0	0
ONCE1281-ANADOLU	bitlis	23411	1	5488	0
ONCE1281-ANADOLU	bizans	96331	1	11565	0
ONCE1281-ANADOLU	bursa	44497	2	20218	0
ONCE1281-ANADOLU	caka-bey	13953	1	4059	0
ONCE1281-ANADOLU	caka-beyligi	0	0	0	0
ONCE1281-ANADOLU	cobanogullari	9359	1	3288	0
ONCE1281-ANADOLU	cubuk-bey	0	0	0	0
ONCE1281-ANADOLU	cubuk	0	0	0	0
ONCE1281-ANADOLU	cubukoglu-mehmed	0	0	0	0
ONCE1281-ANADOLU	cubukoglu	0	0	0	0
ONCE1281-ANADOLU	cubukogullari-beyligi	0	0	0	0
ONCE1281-ANADOLU	cubukogullari-harput	0	0	0	0
ONCE1281-ANADOLU	cubukogullari	0	0	0	0
ONCE1281-ANADOLU	danismend-gazi	0	0	0	0
ONCE1281-ANADOLU	danismendliler	65903	2	34583	0
ONCE1281-ANADOLU	derbend--dagistan	20131	1	5173	0
ONCE1281-ANADOLU	derbend	0	0	0	0
ONCE1281-ANADOLU	derbent	0	0	0	0
ONCE1281-ANADOLU	dilmacogullari	10733	1	3533	0
ONCE1281-ANADOLU	divrigi	18888	1	5302	0
ONCE1281-ANADOLU	diyarbakir	57120	2	23986	0
ONCE1281-ANADOLU	diyarbekir	0	0	0	0
ONCE1281-ANADOLU	dvin	0	0	0	0
ONCE1281-ANADOLU	edirne	123731	2	88978	0
ONCE1281-ANADOLU	egriboz	22940	1	4947	0
ONCE1281-ANADOLU	ermeni	0	0	0	0
ONCE1281-ANADOLU	ermeniler	0	0	0	0
ONCE1281-ANADOLU	erzen	0	0	0	0
ONCE1281-ANADOLU	erzincan	24660	1	4655	0
ONCE1281-ANADOLU	erzurum	102367	3	51177	0
ONCE1281-ANADOLU	esrefogullari	15382	1	5487	0
ONCE1281-ANADOLU	eyyubiler	106161	2	28398	0
ONCE1281-ANADOLU	gelibolu	40760	1	6335	0
ONCE1281-ANADOLU	gence	0	0	0	0
ONCE1281-ANADOLU	germiyanogullari	26256	1	7576	0
ONCE1281-ANADOLU	gurcistan	57717	3	43596	0
ONCE1281-ANADOLU	haci-sedd-ahmed	0	0	0	0
ONCE1281-ANADOLU	hacli-seferleri	0	0	0	0
ONCE1281-ANADOLU	haclilar	154774	1	19439	0
ONCE1281-ANADOLU	hamidogullari	40499	1	8943	0
ONCE1281-ANADOLU	harput-artuklulari	0	0	0	0
ONCE1281-ANADOLU	harput	19852	1	4695	0
ONCE1281-ANADOLU	hasankeyf	26829	1	6817	0
ONCE1281-ANADOLU	hasimiler	0	0	0	0
ONCE1281-ANADOLU	husameddin-coban	6486	1	2939	0
ONCE1281-ANADOLU	ibn-mervan	0	0	0	0
ONCE1281-ANADOLU	inalogullari	10426	1	2908	0
ONCE1281-ANADOLU	inancogullari	12428	1	4419	0
ONCE1281-ANADOLU	izmir	106962	3	48283	0
ONCE1281-ANADOLU	iznik	50194	3	36873	0
ONCE1281-ANADOLU	izzeddin-keykavus-i	0	0	0	0
ONCE1281-ANADOLU	kafkasya	47196	3	37376	0
ONCE1281-ANADOLU	karamanogullari	68689	2	26981	0
ONCE1281-ANADOLU	kars	22307	1	5502	0
ONCE1281-ANADOLU	kemah	18037	1	3979	0
ONCE1281-ANADOLU	kemaliye	14496	1	4882	0
ONCE1281-ANADOLU	keyhusrev-i	15477	1	4413	0
ONCE1281-ANADOLU	kibris	162529	5	152172	0
ONCE1281-ANADOLU	kilicarslan-ii	39908	1	8686	0
ONCE1281-ANADOLU	kilikya	0	0	0	0
ONCE1281-ANADOLU	komnenler	0	0	0	0
ONCE1281-ANADOLU	korfu	12863	1	3803	0
ONCE1281-ANADOLU	kutahya	52774	2	24785	0
ONCE1281-ANADOLU	laskarisler	0	0	0	0
ONCE1281-ANADOLU	malatya	64632	3	33826	0
ONCE1281-ANADOLU	malazgirt-savasi	0	0	0	0
ONCE1281-ANADOLU	mardin	59356	2	30648	0
ONCE1281-ANADOLU	mengucek-gazi	0	0	0	0
ONCE1281-ANADOLU	mengucekliler-beyligi	1	0	0	1
ONCE1281-ANADOLU	mengucekliler	0	0	0	0
ONCE1281-ANADOLU	mengucekogullari	0	0	0	0
ONCE1281-ANADOLU	mengucuk-gazi	2363	0	0	0
ONCE1281-ANADOLU	mengucukluler	36727	2	10923	0
ONCE1281-ANADOLU	mengucukogullari	0	0	0	0
ONCE1281-ANADOLU	mentese-bey	2371	0	0	0
ONCE1281-ANADOLU	mentese-ogullari	0	0	0	0
ONCE1281-ANADOLU	mentese	15871	1	4562	0
ONCE1281-ANADOLU	menteseogullari	32231	2	22884	0
ONCE1281-ANADOLU	mervani-hanedani	0	0	0	0
ONCE1281-ANADOLU	mervani	0	0	0	0
ONCE1281-ANADOLU	mervaniler--diyarbakir	13662	1	3771	0
ONCE1281-ANADOLU	mervaniler-diyarbekir	0	0	0	0
ONCE1281-ANADOLU	mervaniler-hanedani	0	0	0	0
ONCE1281-ANADOLU	mervaniler	0	0	0	0
ONCE1281-ANADOLU	mervanoglu	0	0	0	0
ONCE1281-ANADOLU	mervanoglullari	0	0	0	0
ONCE1281-ANADOLU	mervanogullari	0	0	0	0
ONCE1281-ANADOLU	meyyafarikin	15439	1	4752	0
ONCE1281-ANADOLU	miryokefalon-savasi	2412	0	0	0
ONCE1281-ANADOLU	misis	24078	1	5242	0
ONCE1281-ANADOLU	mogollar	27517	1	6032	0
ONCE1281-ANADOLU	mora	44072	1	9684	0
ONCE1281-ANADOLU	muhammed-tapar	25239	1	6040	0
ONCE1281-ANADOLU	naksa	18577	1	4208	0
ONCE1281-ANADOLU	narda	16761	1	3464	0
ONCE1281-ANADOLU	nasruddevle-ibn-mervan	0	0	0	0
ONCE1281-ANADOLU	nasruddevle	12205	1	4046	0
ONCE1281-ANADOLU	osetler	13724	1	4254	0
ONCE1281-ANADOLU	osetya	0	0	0	0
ONCE1281-ANADOLU	pervaneogullari	11359	1	4178	0
ONCE1281-ANADOLU	rodos	28683	1	5463	0
ONCE1281-ANADOLU	rubeniler	0	0	0	0
ONCE1281-ANADOLU	ruha	2184	0	0	0
ONCE1281-ANADOLU	sahib-ataogullari	10546	1	3714	0
ONCE1281-ANADOLU	saltuk-bey	2230	0	0	0
ONCE1281-ANADOLU	saltuklular	25965	2	12391	0
ONCE1281-ANADOLU	samsun	37896	1	6926	0
ONCE1281-ANADOLU	sanliurfa	69103	3	38494	0
ONCE1281-ANADOLU	seddadiler	19619	1	4034	0
ONCE1281-ANADOLU	selanik	42240	1	8010	0
ONCE1281-ANADOLU	selcuklular	271056	13	228277	0
ONCE1281-ANADOLU	silvan	0	0	0	0
ONCE1281-ANADOLU	sinop	30959	1	5501	0
ONCE1281-ANADOLU	sirvan	20440	1	5045	0
ONCE1281-ANADOLU	sirvansahlar	20540	1	6233	0
ONCE1281-ANADOLU	sis	2139	0	0	0
ONCE1281-ANADOLU	sokmen-el-kutbi	0	0	0	0
ONCE1281-ANADOLU	tarsus	21627	1	4755	0
ONCE1281-ANADOLU	tiflis	0	0	0	0
ONCE1281-ANADOLU	trabzon	61429	2	24725	0
ONCE1281-ANADOLU	tugrul-sah	12660	1	3850	0
ONCE1281-ANADOLU	tugrulsah	0	0	0	0
ONCE1281-ANADOLU	turkiye-selcuklulari	2176	0	0	0
ONCE1281-ANADOLU	urfa	2182	0	0	0
ONCE1281-ANADOLU	van	0	0	0	0
ONCE1281-ANADOLU	yanya	29961	1	6400	0
ONCE1281-DOGU-ASYA	camlar	38450	1	4883	0
ONCE1281-DOGU-ASYA	cava	36006	2	27112	0
ONCE1281-DOGU-ASYA	cin--ulke	80138	3	65297	0
ONCE1281-DOGU-ASYA	cin	50507	2	24429	0
ONCE1281-DOGU-ASYA	endonezya	129721	4	112684	0
ONCE1281-DOGU-ASYA	filipinler	47240	2	33246	0
ONCE1281-DOGU-ASYA	guney-kore	1	0	0	1
ONCE1281-DOGU-ASYA	hitay	0	0	0	0
ONCE1281-DOGU-ASYA	hitaylar	0	0	0	0
ONCE1281-DOGU-ASYA	japonya	51213	3	44767	0
ONCE1281-DOGU-ASYA	kambocya	19573	1	5067	0
ONCE1281-DOGU-ASYA	kamboçya	85	0	0	1
ONCE1281-DOGU-ASYA	kara-hitaylar	0	0	0	0
ONCE1281-DOGU-ASYA	karahitaylar	14695	1	3593	0
ONCE1281-DOGU-ASYA	kitanlar	0	0	0	0
ONCE1281-DOGU-ASYA	kore-cumhuriyeti	25281	2	14995	0
ONCE1281-DOGU-ASYA	kore	0	0	0	0
ONCE1281-DOGU-ASYA	kubilay-kagan	10746	1	4364	0
ONCE1281-DOGU-ASYA	kubilay	0	0	0	0
ONCE1281-DOGU-ASYA	kuzey-kore	0	0	0	0
ONCE1281-DOGU-ASYA	laos	0	0	0	0
ONCE1281-DOGU-ASYA	malezya	49941	1	7835	0
ONCE1281-DOGU-ASYA	mogollar	27517	1	6032	0
ONCE1281-DOGU-ASYA	moğollar	86	0	0	1
ONCE1281-DOGU-ASYA	moгol	86	0	0	1
ONCE1281-DOGU-ASYA	myanmar	24876	2	19876	0
ONCE1281-DOGU-ASYA	sumatra	14244	1	4528	0
ONCE1281-DOGU-ASYA	tangutlar	0	0	0	0
ONCE1281-DOGU-ASYA	tayland	43634	2	33396	0
ONCE1281-DOGU-ASYA	tibet	16187	1	4016	0
ONCE1281-DOGU-ASYA	vietnam-sosyalist-cumhuriyeti	0	0	0	0
ONCE1281-DOGU-ASYA	vietnam	0	0	0	0
ONCE1281-IRAN	abaka-han	0	0	0	0
ONCE1281-IRAN	abaka	8358	1	3694	0
ONCE1281-IRAN	ahlatsahlar	33879	1	5795	0
ONCE1281-IRAN	ahmedililer	15419	1	4647	0
ONCE1281-IRAN	alaeddin-muhammed-harizmsah	0	0	0	0
ONCE1281-IRAN	alaeddin-muhammed	0	0	0	0
ONCE1281-IRAN	alamut	7358	1	3764	0
ONCE1281-IRAN	alparslan	31673	1	5589	0
ONCE1281-IRAN	altin-orda-hanligi	18400	1	5738	0
ONCE1281-IRAN	altin-orda	0	0	0	0
ONCE1281-IRAN	annaziler	12158	1	2547	0
ONCE1281-IRAN	arik-boga	0	0	0	0
ONCE1281-IRAN	atsiz	0	0	0	0
ONCE1281-IRAN	aynicalut	0	0	0	0
ONCE1281-IRAN	badusbaniler	11659	1	4143	0
ONCE1281-IRAN	baduspaniler	0	0	0	0
ONCE1281-IRAN	batu-han	18732	1	4435	0
ONCE1281-IRAN	bavendiler	21139	1	5253	0
ONCE1281-IRAN	berke-han	10865	1	4384	0
ONCE1281-IRAN	berkyaruk	16316	1	6278	0
ONCE1281-IRAN	bulgar	12765	1	4864	0
ONCE1281-IRAN	buveyhiler	29026	1	5766	0
ONCE1281-IRAN	cagatay-hanligi	13870	1	3418	0
ONCE1281-IRAN	celaleddin-harizmsah	20321	1	5246	0
ONCE1281-IRAN	cengiz-han	20868	1	5982	0
ONCE1281-IRAN	dandanakan-savasi	10827	1	2906	0
ONCE1281-IRAN	gazneli-mahmud	2184	0	0	0
ONCE1281-IRAN	gazneliler	43507	2	19837	0
ONCE1281-IRAN	gurlular	31131	1	5376	0
ONCE1281-IRAN	harizm	30126	1	5303	0
ONCE1281-IRAN	harizmsahlar	28128	1	6095	0
ONCE1281-IRAN	hasan-sabbah	31007	1	9493	0
ONCE1281-IRAN	hasanveyhiler	0	0	0	0
ONCE1281-IRAN	hasenveyhiler	0	0	0	0
ONCE1281-IRAN	hasneveyhiler	0	0	0	0
ONCE1281-IRAN	hasnuyeler	0	0	0	0
ONCE1281-IRAN	hazaraspiler	0	0	0	0
ONCE1281-IRAN	herat	21041	1	7183	0
ONCE1281-IRAN	hezaresbiler	2237	0	0	0
ONCE1281-IRAN	horasan	57952	1	8664	0
ONCE1281-IRAN	hulagu	20374	1	6762	0
ONCE1281-IRAN	idil-bulgar-hanligi	16448	1	3792	0
ONCE1281-IRAN	ildenizliler	21053	1	4358	0
ONCE1281-IRAN	ilhanlilar	42070	2	24703	0
ONCE1281-IRAN	ilig	6737	1	3089	0
ONCE1281-IRAN	irak-selcuklulari	2160	0	0	0
ONCE1281-IRAN	kakuyiler	15488	1	3595	0
ONCE1281-IRAN	kalka-savasi	0	0	0	0
ONCE1281-IRAN	kalka	0	0	0	0
ONCE1281-IRAN	kara-hitaylar	0	0	0	0
ONCE1281-IRAN	karahanlilar	83028	3	28869	0
ONCE1281-IRAN	karahitaylar	14695	1	3593	0
ONCE1281-IRAN	katvan-savasi	0	0	0	0
ONCE1281-IRAN	kavurd-bey	9604	1	3567	0
ONCE1281-IRAN	kerayit	0	0	0	0
ONCE1281-IRAN	kerayitler	0	0	0	0
ONCE1281-IRAN	kereyitler	0	0	0	0
ONCE1281-IRAN	kert-hanedani	0	0	0	0
ONCE1281-IRAN	kert	7946	1	2618	0
ONCE1281-IRAN	kertler	0	0	0	0
ONCE1281-IRAN	kipcaklar	34500	2	25047	0
ONCE1281-IRAN	kirman-selcuklulari	2170	0	0	0
ONCE1281-IRAN	kubilay-kagan	10746	1	4364	0
ONCE1281-IRAN	kubilay	0	0	0	0
ONCE1281-IRAN	kumanlar	0	0	0	0
ONCE1281-IRAN	kurt-hanedani	0	0	0	0
ONCE1281-IRAN	kurtlar	0	0	0	0
ONCE1281-IRAN	kutlughanlilar	12476	1	3196	0
ONCE1281-IRAN	lur-i-buzurg	8485	1	2303	0
ONCE1281-IRAN	lur-i-kucek	8407	1	2404	0
ONCE1281-IRAN	lur	0	0	0	0
ONCE1281-IRAN	luristan	0	0	0	0
ONCE1281-IRAN	mahmud-i-gaznevi	24086	1	5609	0
ONCE1281-IRAN	maveraunnehir	26085	1	7828	0
ONCE1281-IRAN	meliksah--buyuk-selcuklu	33793	1	8994	0
ONCE1281-IRAN	meliksah	0	0	0	0
ONCE1281-IRAN	melikshah	0	0	0	0
ONCE1281-IRAN	mengu-han	0	0	0	0
ONCE1281-IRAN	mengu-kaan	0	0	0	0
ONCE1281-IRAN	mengu	0	0	0	0
ONCE1281-IRAN	mervaniler	0	0	0	0
ONCE1281-IRAN	mogol-imparatorlugu	0	0	0	0
ONCE1281-IRAN	mogollar	27517	1	6032	0
ONCE1281-IRAN	muhammed-b-tekis	12902	1	3777	0
ONCE1281-IRAN	musafiriler	14628	1	3362	0
ONCE1281-IRAN	nayman	0	0	0	0
ONCE1281-IRAN	naymanlar	0	0	0	0
ONCE1281-IRAN	nizariler	0	0	0	0
ONCE1281-IRAN	nizariyye	15726	1	4617	0
ONCE1281-IRAN	ogedey-han	12035	1	4463	0
ONCE1281-IRAN	ogedey	0	0	0	0
ONCE1281-IRAN	oguzlar	48111	1	4872	0
ONCE1281-IRAN	ong-han	0	0	0	0
ONCE1281-IRAN	ravvadiler	0	0	0	0
ONCE1281-IRAN	revvadiler	10261	1	3661	0
ONCE1281-IRAN	salgurlular	13810	1	3872	0
ONCE1281-IRAN	sallariler	0	0	0	0
ONCE1281-IRAN	samaniler	38255	1	7274	0
ONCE1281-IRAN	sebankare-atabegleri	0	0	0	0
ONCE1281-IRAN	sebankare	0	0	0	0
ONCE1281-IRAN	sebankareler	0	0	0	0
ONCE1281-IRAN	sebankareliler	0	0	0	0
ONCE1281-IRAN	seddadiler	19619	1	4034	0
ONCE1281-IRAN	selcuklular	271056	13	228277	0
ONCE1281-IRAN	sencer	42065	1	9320	0
ONCE1281-IRAN	sirvansahlar	20540	1	6233	0
ONCE1281-IRAN	suriye-selcuklulari	2170	0	0	0
ONCE1281-IRAN	tayang-han	0	0	0	0
ONCE1281-IRAN	tekis-alaeddin	16682	1	4226	0
ONCE1281-IRAN	tekis	0	0	0	0
ONCE1281-IRAN	tugrul-bey	23216	1	5945	0
ONCE1281-IRAN	turfan	16798	1	4415	0
ONCE1281-IRAN	tutus	25374	1	4937	0
ONCE1281-IRAN	ugedey	0	0	0	0
ONCE1281-IRAN	uygurlar	19274	1	5740	0
ONCE1281-IRAN	yezd-atabegleri	0	0	0	0
ONCE1281-IRAN	yezd	16599	1	4959	0
ONCE1281-IRAN	ziyariler	15584	1	4108	0
ONCE1281-ORTADOGU	abbasiler	167346	2	49619	0
ONCE1281-ORTADOGU	abdulkays	0	0	0	0
ONCE1281-ORTADOGU	adil-el-melikul-adil	0	0	0	0
ONCE1281-ORTADOGU	ahsa	2147	0	0	0
ONCE1281-ORTADOGU	ali-kucuk	1	0	0	1
ONCE1281-ORTADOGU	ammar-ogullari	0	0	0	0
ONCE1281-ORTADOGU	ammaroglu	0	0	0	0
ONCE1281-ORTADOGU	ammarogullari	0	0	0	0
ONCE1281-ORTADOGU	antakya	33432	1	5364	0
ONCE1281-ORTADOGU	bagdat	127976	4	76448	0
ONCE1281-ORTADOGU	bahreyn	26094	1	4590	0
ONCE1281-ORTADOGU	begteginliler	20961	1	3859	0
ONCE1281-ORTADOGU	benu-ammar	0	0	0	0
ONCE1281-ORTADOGU	benu-mehdi	0	0	0	0
ONCE1281-ORTADOGU	benu-numeyr	0	0	0	0
ONCE1281-ORTADOGU	besasiri	8595	1	3617	0
ONCE1281-ORTADOGU	boriler	2246	0	0	0
ONCE1281-ORTADOGU	buriler	0	0	0	0
ONCE1281-ORTADOGU	buveyhiler	29026	1	5766	0
ONCE1281-ORTADOGU	cezire	23921	1	3719	0
ONCE1281-ORTADOGU	dimesk	0	0	0	0
ONCE1281-ORTADOGU	dukak	0	0	0	0
ONCE1281-ORTADOGU	el-ahsa	0	0	0	0
ONCE1281-ORTADOGU	erbil	13053	1	4187	0
ONCE1281-ORTADOGU	eyyubiler	106161	2	28398	0
ONCE1281-ORTADOGU	fars-atabegleri	2228	0	0	0
ONCE1281-ORTADOGU	fatimiler	98667	2	34931	0
ONCE1281-ORTADOGU	filistin	109621	1	8704	0
ONCE1281-ORTADOGU	hacli-seferleri	0	0	0	0
ONCE1281-ORTADOGU	haclilar	154774	1	19439	0
ONCE1281-ORTADOGU	halep	60590	3	34882	0
ONCE1281-ORTADOGU	hama	19420	1	5424	0
ONCE1281-ORTADOGU	hamdaniler	19727	1	4940	0
ONCE1281-ORTADOGU	hamdanogullari	0	0	0	0
ONCE1281-ORTADOGU	harran	23725	1	4424	0
ONCE1281-ORTADOGU	hemdaniler--yemen	0	0	0	0
ONCE1281-ORTADOGU	hemdaniler	8373	1	3439	0
ONCE1281-ORTADOGU	hille	2353	0	0	0
ONCE1281-ORTADOGU	hims	2157	0	0	0
ONCE1281-ORTADOGU	hufuf	2152	0	0	0
ONCE1281-ORTADOGU	hulagu	20374	1	6762	0
ONCE1281-ORTADOGU	hums	9163	1	3082	0
ONCE1281-ORTADOGU	humus--suriye	22744	1	5690	0
ONCE1281-ORTADOGU	humus	0	0	0	0
ONCE1281-ORTADOGU	ibn-ammar-fahrulmulk	8352	1	3258	0
ONCE1281-ORTADOGU	ibn-ammar	0	0	0	0
ONCE1281-ORTADOGU	ibn-mukarreb	0	0	0	0
ONCE1281-ORTADOGU	ibn-munkiz	15558	1	4696	0
ONCE1281-ORTADOGU	ibnul-mukarrab	0	0	0	0
ONCE1281-ORTADOGU	ibnul-mukarreb	0	0	0	0
ONCE1281-ORTADOGU	ilhanlilar	42070	2	24703	0
ONCE1281-ORTADOGU	imadeddin-zengi-i	0	0	0	0
ONCE1281-ORTADOGU	imadeddin-zengi	0	0	0	0
ONCE1281-ORTADOGU	imadueddin-zengi	0	0	0	0
ONCE1281-ORTADOGU	irak-selcuklulari	2160	0	0	0
ONCE1281-ORTADOGU	irak	0	0	0	0
ONCE1281-ORTADOGU	kahire	136879	4	118912	0
ONCE1281-ORTADOGU	kaim-biemrillah	13478	1	4164	0
ONCE1281-ORTADOGU	kamil-el-melikul-kamil	0	0	0	0
ONCE1281-ORTADOGU	karmatiler	37888	1	6809	0
ONCE1281-ORTADOGU	katif	9009	1	3580	0
ONCE1281-ORTADOGU	kerbela	40828	3	29328	0
ONCE1281-ORTADOGU	kerbugaogullari	0	0	0	0
ONCE1281-ORTADOGU	kerek-sevbek	0	0	0	0
ONCE1281-ORTADOGU	kerek	9500	1	3248	0
ONCE1281-ORTADOGU	kibris	162529	5	152172	0
ONCE1281-ORTADOGU	kokburi	0	0	0	0
ONCE1281-ORTADOGU	kudus-latin-kralligi	0	0	0	0
ONCE1281-ORTADOGU	kudus	128200	5	100523	0
ONCE1281-ORTADOGU	kutbeddin-mevdud	0	0	0	0
ONCE1281-ORTADOGU	lahsa	18375	1	3818	0
ONCE1281-ORTADOGU	lulu-bedreddin	11495	1	3903	0
ONCE1281-ORTADOGU	medine	99847	2	54879	0
ONCE1281-ORTADOGU	mehdiler--yemen	10250	1	3441	0
ONCE1281-ORTADOGU	mehdiler-yemen	0	0	0	0
ONCE1281-ORTADOGU	mehdiler	0	0	0	0
ONCE1281-ORTADOGU	mekke	149479	3	96122	0
ONCE1281-ORTADOGU	memlukler	82227	2	33814	0
ONCE1281-ORTADOGU	mervaniler	0	0	0	0
ONCE1281-ORTADOGU	mervanogullari	0	0	0	0
ONCE1281-ORTADOGU	meyyafarikin	15439	1	4752	0
ONCE1281-ORTADOGU	mezyediler	12641	1	3339	0
ONCE1281-ORTADOGU	mirdasiler	16911	1	3377	0
ONCE1281-ORTADOGU	misir	259559	9	248467	0
ONCE1281-ORTADOGU	munkiz-ogullari	0	0	0	0
ONCE1281-ORTADOGU	munkizogullari	0	0	0	0
ONCE1281-ORTADOGU	mustasim-billah	12210	1	4799	0
ONCE1281-ORTADOGU	mustencid-billah	14581	1	3740	0
ONCE1281-ORTADOGU	mustersid-billah	18538	1	4897	0
ONCE1281-ORTADOGU	musul--sehir	0	0	0	0
ONCE1281-ORTADOGU	musul-atabegligi	0	0	0	0
ONCE1281-ORTADOGU	musul-lulu	0	0	0	0
ONCE1281-ORTADOGU	musul-sehir	0	0	0	0
ONCE1281-ORTADOGU	musul	0	0	0	0
ONCE1281-ORTADOGU	muzafferuddin-kokburi	0	0	0	0
ONCE1281-ORTADOGU	nasir-lidinillah	30078	1	7065	0
ONCE1281-ORTADOGU	necahiler	9847	1	3511	0
ONCE1281-ORTADOGU	numeyr	0	0	0	0
ONCE1281-ORTADOGU	numeyriler	0	0	0	0
ONCE1281-ORTADOGU	numeyrogullari	0	0	0	0
ONCE1281-ORTADOGU	nureddin-mahmud-b-zengi	0	0	0	0
ONCE1281-ORTADOGU	nureddin-mahmud-zengi	0	0	0	0
ONCE1281-ORTADOGU	nureddin-zengi	0	0	0	0
ONCE1281-ORTADOGU	rakka	11158	1	3673	0
ONCE1281-ORTADOGU	resuliler	15566	1	4042	0
ONCE1281-ORTADOGU	ridvan	2524	0	0	0
ONCE1281-ORTADOGU	salgurlular	13810	1	3872	0
ONCE1281-ORTADOGU	sam--suriye	106221	3	75037	0
ONCE1281-ORTADOGU	sanliurfa	69103	3	38494	0
ONCE1281-ORTADOGU	sayzer	0	0	0	0
ONCE1281-ORTADOGU	selahaddin-i-eyyubi	32042	1	7700	0
ONCE1281-ORTADOGU	selcuklular	271056	13	228277	0
ONCE1281-ORTADOGU	sencer-sah	0	0	0	0
ONCE1281-ORTADOGU	seyzer	13263	1	3515	0
ONCE1281-ORTADOGU	silvan	2230	0	0	0
ONCE1281-ORTADOGU	sincar	0	0	0	0
ONCE1281-ORTADOGU	suleyhiler	14200	1	4325	0
ONCE1281-ORTADOGU	suriye-selcuklulari	2170	0	0	0
ONCE1281-ORTADOGU	suriye	164946	6	157200	0
ONCE1281-ORTADOGU	tebuk	8177	1	3255	0
ONCE1281-ORTADOGU	trablussam	21963	2	12379	0
ONCE1281-ORTADOGU	tugrul-bey	23216	1	5945	0
ONCE1281-ORTADOGU	tugtegin	16368	1	3363	0
ONCE1281-ORTADOGU	tugteginliler	19293	1	4685	0
ONCE1281-ORTADOGU	tutus-b-alparslan	0	0	0	0
ONCE1281-ORTADOGU	tutus	25374	1	4937	0
ONCE1281-ORTADOGU	ukayliler	17045	1	3468	0
ONCE1281-ORTADOGU	urfa	2182	0	0	0
ONCE1281-ORTADOGU	usame-b-munkiz	2214	0	0	0
ONCE1281-ORTADOGU	usfuriler	0	0	0	0
ONCE1281-ORTADOGU	usfurlular	0	0	0	0
ONCE1281-ORTADOGU	uyuniler	0	0	0	0
ONCE1281-ORTADOGU	uyunogullari	0	0	0	0
ONCE1281-ORTADOGU	yafuriler	0	0	0	0
ONCE1281-ORTADOGU	yemen-hemdanileri	0	0	0	0
ONCE1281-ORTADOGU	yemen	131349	5	120235	0
ONCE1281-ORTADOGU	zahir-gazi	0	0	0	0
ONCE1281-ORTADOGU	zengi-imadueddin	0	0	0	0
ONCE1281-ORTADOGU	zengi	0	0	0	0
ONCE1281-ORTADOGU	zengiler	57357	2	23683	0
ONCE1281-ORTADOGU	zeydiyye	98761	2	72153	0
ONCE1281-ORTADOGU	zureyiler	7742	1	3363	0
ONCE1281-YERLESIM	ARAMA-absu	76	0	0	1
ONCE1281-YERLESIM	ARAMA-adranos	76	0	0	1
ONCE1281-YERLESIM	ARAMA-ahilkelek	76	0	0	1
ONCE1281-YERLESIM	ARAMA-ahmim	76	0	0	1
ONCE1281-YERLESIM	ARAMA-ahtapolu	76	0	0	1
ONCE1281-YERLESIM	ARAMA-ak-mecit	76	0	0	1
ONCE1281-YERLESIM	ARAMA-akcakale	76	0	0	1
ONCE1281-YERLESIM	ARAMA-akcakoca	76	0	0	1
ONCE1281-YERLESIM	ARAMA-akra	100	0	0	1
ONCE1281-YERLESIM	ARAMA-akyazi	76	0	0	1
ONCE1281-YERLESIM	ARAMA-amasra	76	0	0	1
ONCE1281-YERLESIM	ARAMA-ammare	76	0	0	1
ONCE1281-YERLESIM	ARAMA-amul	101	0	0	1
ONCE1281-YERLESIM	ARAMA-anadolu-hisari	76	0	0	1
ONCE1281-YERLESIM	ARAMA-anamur	76	0	0	1
ONCE1281-YERLESIM	ARAMA-andican	76	0	0	1
ONCE1281-YERLESIM	ARAMA-ane	110	0	0	1
ONCE1281-YERLESIM	ARAMA-antep	87	0	0	1
ONCE1281-YERLESIM	ARAMA-arhavi	76	0	0	1
ONCE1281-YERLESIM	ARAMA-armutlu	76	0	0	1
ONCE1281-YERLESIM	ARAMA-arpacay	76	0	0	1
ONCE1281-YERLESIM	ARAMA-askale	76	0	0	1
ONCE1281-YERLESIM	ARAMA-astara	76	0	0	1
ONCE1281-YERLESIM	ARAMA-atfih	76	0	0	1
ONCE1281-YERLESIM	ARAMA-aydos-kalesi	76	0	0	1
ONCE1281-YERLESIM	ARAMA-ayn-el-arab	76	0	0	1
ONCE1281-YERLESIM	ARAMA-ayvalik	76	0	0	1
ONCE1281-YERLESIM	ARAMA-azez	76	0	0	1
ONCE1281-YERLESIM	ARAMA-babu	150	0	0	1
ONCE1281-YERLESIM	ARAMA-bacirge	76	0	0	1
ONCE1281-YERLESIM	ARAMA-balikli	76	0	0	1
ONCE1281-YERLESIM	ARAMA-bane	107	0	0	1
ONCE1281-YERLESIM	ARAMA-bargiri	76	0	0	1
ONCE1281-YERLESIM	ARAMA-baskale	76	0	0	1
ONCE1281-YERLESIM	ARAMA-batnoz	76	0	0	1
ONCE1281-YERLESIM	ARAMA-behbehan	76	0	0	1
ONCE1281-YERLESIM	ARAMA-behnesa	76	0	0	1
ONCE1281-YERLESIM	ARAMA-behramkale	76	0	0	1
ONCE1281-YERLESIM	ARAMA-bem	76	0	0	1
ONCE1281-YERLESIM	ARAMA-bempur	76	0	0	1
ONCE1281-YERLESIM	ARAMA-bender-abbas	76	0	0	1
ONCE1281-YERLESIM	ARAMA-bender-enzeli	76	0	0	1
ONCE1281-YERLESIM	ARAMA-bender-lengeh	76	0	0	1
ONCE1281-YERLESIM	ARAMA-bender-rig	76	0	0	1
ONCE1281-YERLESIM	ARAMA-beni-suveyf	76	0	0	1
ONCE1281-YERLESIM	ARAMA-beri	201	0	0	1
ONCE1281-YERLESIM	ARAMA-beykoz	101	0	0	1
ONCE1281-YERLESIM	ARAMA-bicar	76	0	0	1
ONCE1281-YERLESIM	ARAMA-biga	82	0	0	1
ONCE1281-YERLESIM	ARAMA-bilbis	76	0	0	1
ONCE1281-YERLESIM	ARAMA-bircend	86	0	0	1
ONCE1281-YERLESIM	ARAMA-bistam	107	0	0	1
ONCE1281-YERLESIM	ARAMA-bocnurd	76	0	0	1
ONCE1281-YERLESIM	ARAMA-bolayir	95	0	0	1
ONCE1281-YERLESIM	ARAMA-borcka	76	0	0	1
ONCE1281-YERLESIM	ARAMA-bozuyuk	76	0	0	1
ONCE1281-YERLESIM	ARAMA-burucird	76	0	0	1
ONCE1281-YERLESIM	ARAMA-burullus	76	0	0	1
ONCE1281-YERLESIM	ARAMA-busehr	76	0	0	1
ONCE1281-YERLESIM	ARAMA-cahbahar	76	0	0	1
ONCE1281-YERLESIM	ARAMA-caldiran	76	0	0	1
ONCE1281-YERLESIM	ARAMA-carsamba	76	0	0	1
ONCE1281-YERLESIM	ARAMA-cask	76	0	0	1
ONCE1281-YERLESIM	ARAMA-catalca	98	0	0	1
ONCE1281-YERLESIM	ARAMA-cehrom	76	0	0	1
ONCE1281-YERLESIM	ARAMA-cemisgezek	76	0	0	1
ONCE1281-YERLESIM	ARAMA-cerablus	76	0	0	1
ONCE1281-YERLESIM	ARAMA-cesme	91	0	0	1
ONCE1281-YERLESIM	ARAMA-ceylanpinar	76	0	0	1
ONCE1281-YERLESIM	ARAMA-cibri	85	0	0	1
ONCE1281-YERLESIM	ARAMA-cimpe	76	0	0	1
ONCE1281-YERLESIM	ARAMA-cirge	76	0	0	1
ONCE1281-YERLESIM	ARAMA-ciruft	76	0	0	1
ONCE1281-YERLESIM	ARAMA-cizzah	76	0	0	1
ONCE1281-YERLESIM	ARAMA-colemerik	76	0	0	1
ONCE1281-YERLESIM	ARAMA-corlu	118	0	0	1
ONCE1281-YERLESIM	ARAMA-culfa	76	0	0	1
ONCE1281-YERLESIM	ARAMA-cumai	76	0	0	1
ONCE1281-YERLESIM	ARAMA-damgan	99	0	0	1
ONCE1281-YERLESIM	ARAMA-darab	84	0	0	1
ONCE1281-YERLESIM	ARAMA-darende	76	0	0	1
ONCE1281-YERLESIM	ARAMA-datca	76	0	0	1
ONCE1281-YERLESIM	ARAMA-demenhur	76	0	0	1
ONCE1281-YERLESIM	ARAMA-demirkoy	76	0	0	1
ONCE1281-YERLESIM	ARAMA-dessuk	76	0	0	1
ONCE1281-YERLESIM	ARAMA-devrek	76	0	0	1
ONCE1281-YERLESIM	ARAMA-deyrulkamer	76	0	0	1
ONCE1281-YERLESIM	ARAMA-deyrut	76	0	0	1
ONCE1281-YERLESIM	ARAMA-digor	76	0	0	1
ONCE1281-YERLESIM	ARAMA-dimbos	76	0	0	1
ONCE1281-YERLESIM	ARAMA-divaniye	76	0	0	1
ONCE1281-YERLESIM	ARAMA-domanic	76	0	0	1
ONCE1281-YERLESIM	ARAMA-dortyol	76	0	0	1
ONCE1281-YERLESIM	ARAMA-duhok	76	0	0	1
ONCE1281-YERLESIM	ARAMA-ebiverd	76	0	0	1
ONCE1281-YERLESIM	ARAMA-ebrekuh	76	0	0	1
ONCE1281-YERLESIM	ARAMA-ecmiyadzin	76	0	0	1
ONCE1281-YERLESIM	ARAMA-edfu	76	0	0	1
ONCE1281-YERLESIM	ARAMA-edremit	76	0	0	1
ONCE1281-YERLESIM	ARAMA-eflani	76	0	0	1
ONCE1281-YERLESIM	ARAMA-egirdir	76	0	0	1
ONCE1281-YERLESIM	ARAMA-el-aris	101	0	0	1
ONCE1281-YERLESIM	ARAMA-elhova	76	0	0	1
ONCE1281-YERLESIM	ARAMA-elmali	101	0	0	1
ONCE1281-YERLESIM	ARAMA-emet	101	0	0	1
ONCE1281-YERLESIM	ARAMA-enez	98	0	0	1
ONCE1281-YERLESIM	ARAMA-erak	76	0	0	1
ONCE1281-YERLESIM	ARAMA-ercis	91	0	0	1
ONCE1281-YERLESIM	ARAMA-erdek	76	0	0	1
ONCE1281-YERLESIM	ARAMA-erdekan	76	0	0	1
ONCE1281-YERLESIM	ARAMA-erdistan	91	0	0	1
ONCE1281-YERLESIM	ARAMA-ermenek	76	0	0	1
ONCE1281-YERLESIM	ARAMA-ermeni-derbendi	76	0	0	1
ONCE1281-YERLESIM	ARAMA-erzin	106	0	0	1
ONCE1281-YERLESIM	ARAMA-esferayin	215	0	0	1
ONCE1281-YERLESIM	ARAMA-esna	114	0	0	1
ONCE1281-YERLESIM	ARAMA-esref	257	0	0	1
ONCE1281-YERLESIM	ARAMA-fakus	76	0	0	1
ONCE1281-YERLESIM	ARAMA-fav	76	0	0	1
ONCE1281-YERLESIM	ARAMA-felluce	76	0	0	1
ONCE1281-YERLESIM	ARAMA-ferahabad	76	0	0	1
ONCE1281-YERLESIM	ARAMA-fersut	76	0	0	1
ONCE1281-YERLESIM	ARAMA-fesa	135	0	0	1
ONCE1281-YERLESIM	ARAMA-fethiye	76	0	0	1
ONCE1281-YERLESIM	ARAMA-finike	76	0	0	1
ONCE1281-YERLESIM	ARAMA-firuzabad	119	0	0	1
ONCE1281-YERLESIM	ARAMA-fornoz	76	0	0	1
ONCE1281-YERLESIM	ARAMA-gebze	76	0	0	1
ONCE1281-YERLESIM	ARAMA-gemlik	76	0	0	1
ONCE1281-YERLESIM	ARAMA-geyve	76	0	0	1
ONCE1281-YERLESIM	ARAMA-goksun	76	0	0	1
ONCE1281-YERLESIM	ARAMA-golkoy	76	0	0	1
ONCE1281-YERLESIM	ARAMA-golyazi	76	0	0	1
ONCE1281-YERLESIM	ARAMA-gorabi	76	0	0	1
ONCE1281-YERLESIM	ARAMA-gulpaygan	76	0	0	1
ONCE1281-YERLESIM	ARAMA-gumru	90	0	0	1
ONCE1281-YERLESIM	ARAMA-gurun	76	0	0	1
ONCE1281-YERLESIM	ARAMA-halepce	76	0	0	1
ONCE1281-YERLESIM	ARAMA-halhal	76	0	0	1
ONCE1281-YERLESIM	ARAMA-han-yunus	76	0	0	1
ONCE1281-YERLESIM	ARAMA-hanak	76	0	0	1
ONCE1281-YERLESIM	ARAMA-hanekin	76	0	0	1
ONCE1281-YERLESIM	ARAMA-harmankaya	76	0	0	1
ONCE1281-YERLESIM	ARAMA-has	230	0	0	1
ONCE1281-YERLESIM	ARAMA-haviza	76	0	0	1
ONCE1281-YERLESIM	ARAMA-havsa	76	0	0	1
ONCE1281-YERLESIM	ARAMA-hazarasp	76	0	0	1
ONCE1281-YERLESIM	ARAMA-hereke	76	0	0	1
ONCE1281-YERLESIM	ARAMA-herke	81	0	0	1
ONCE1281-YERLESIM	ARAMA-hille	82	0	0	1
ONCE1281-YERLESIM	ARAMA-himu	76	0	0	1
ONCE1281-YERLESIM	ARAMA-hisar	133	0	0	1
ONCE1281-YERLESIM	ARAMA-hit	166	0	0	1
ONCE1281-YERLESIM	ARAMA-hive	76	0	0	1
ONCE1281-YERLESIM	ARAMA-hopa	76	0	0	1
ONCE1281-YERLESIM	ARAMA-horog	76	0	0	1
ONCE1281-YERLESIM	ARAMA-hosap	76	0	0	1
ONCE1281-YERLESIM	ARAMA-humus	91	0	0	1
ONCE1281-YERLESIM	ARAMA-hurmuz-adasi	76	0	0	1
ONCE1281-YERLESIM	ARAMA-ibrim	76	0	0	1
ONCE1281-YERLESIM	ARAMA-igdir	76	0	0	1
ONCE1281-YERLESIM	ARAMA-igneada	76	0	0	1
ONCE1281-YERLESIM	ARAMA-ileryoz	76	0	0	1
ONCE1281-YERLESIM	ARAMA-ilgin	89	0	0	1
ONCE1281-YERLESIM	ARAMA-ilyaki	76	0	0	1
ONCE1281-YERLESIM	ARAMA-imadiye	76	0	0	1
ONCE1281-YERLESIM	ARAMA-imrali-adasi	76	0	0	1
ONCE1281-YERLESIM	ARAMA-incirli	76	0	0	1
ONCE1281-YERLESIM	ARAMA-inegol	76	0	0	1
ONCE1281-YERLESIM	ARAMA-ipsala	76	0	0	1
ONCE1281-YERLESIM	ARAMA-ishakli	76	0	0	1
ONCE1281-YERLESIM	ARAMA-iskasim	76	0	0	1
ONCE1281-YERLESIM	ARAMA-istanbulya	76	0	0	1
ONCE1281-YERLESIM	ARAMA-jadla	76	0	0	1
ONCE1281-YERLESIM	ARAMA-kafrusseyh	76	0	0	1
ONCE1281-YERLESIM	ARAMA-kahta	76	0	0	1
ONCE1281-YERLESIM	ARAMA-kain	178	0	0	1
ONCE1281-YERLESIM	ARAMA-kala-i-hum	76	0	0	1
ONCE1281-YERLESIM	ARAMA-kala-i-pence	76	0	0	1
ONCE1281-YERLESIM	ARAMA-kala-i-vamar	76	0	0	1
ONCE1281-YERLESIM	ARAMA-kandira	76	0	0	1
ONCE1281-YERLESIM	ARAMA-karabiga	76	0	0	1
ONCE1281-YERLESIM	ARAMA-karacahisar	76	0	0	1
ONCE1281-YERLESIM	ARAMA-karacepus	76	0	0	1
ONCE1281-YERLESIM	ARAMA-karadeniz-eregli	76	0	0	1
ONCE1281-YERLESIM	ARAMA-karahisar-i-sahib	76	0	0	1
ONCE1281-YERLESIM	ARAMA-karamursel	76	0	0	1
ONCE1281-YERLESIM	ARAMA-karatigin	76	0	0	1
ONCE1281-YERLESIM	ARAMA-karpuzlu	76	0	0	1
ONCE1281-YERLESIM	ARAMA-karsi	124	0	0	1
ONCE1281-YERLESIM	ARAMA-kas	127	0	0	1
ONCE1281-YERLESIM	ARAMA-kasr-i-sirin	76	0	0	1
ONCE1281-YERLESIM	ARAMA-katye	76	0	0	1
ONCE1281-YERLESIM	ARAMA-kazerun	89	0	0	1
ONCE1281-YERLESIM	ARAMA-kelat-i-nadiri	76	0	0	1
ONCE1281-YERLESIM	ARAMA-kelemez	76	0	0	1
ONCE1281-YERLESIM	ARAMA-kelkit	76	0	0	1
ONCE1281-YERLESIM	ARAMA-kerak	76	0	0	1
ONCE1281-YERLESIM	ARAMA-kesan	76	0	0	1
ONCE1281-YERLESIM	ARAMA-kestel	103	0	0	1
ONCE1281-YERLESIM	ARAMA-kifri	76	0	0	1
ONCE1281-YERLESIM	ARAMA-kilitbahir	76	0	0	1
ONCE1281-YERLESIM	ARAMA-kirmasti	86	0	0	1
ONCE1281-YERLESIM	ARAMA-kis	187	0	0	1
ONCE1281-YERLESIM	ARAMA-kism	95	0	0	1
ONCE1281-YERLESIM	ARAMA-kite	76	0	0	1
ONCE1281-YERLESIM	ARAMA-kizilarvat	76	0	0	1
ONCE1281-YERLESIM	ARAMA-klicatak	76	0	0	1
ONCE1281-YERLESIM	ARAMA-kofcaz	76	0	0	1
ONCE1281-YERLESIM	ARAMA-kotur	76	0	0	1
ONCE1281-YERLESIM	ARAMA-kucan	76	0	0	1
ONCE1281-YERLESIM	ARAMA-kucukperveli	76	0	0	1
ONCE1281-YERLESIM	ARAMA-kufkaynapinari	76	0	0	1
ONCE1281-YERLESIM	ARAMA-kulab	76	0	0	1
ONCE1281-YERLESIM	ARAMA-kulacahisar	76	0	0	1
ONCE1281-YERLESIM	ARAMA-kum-ombo	76	0	0	1
ONCE1281-YERLESIM	ARAMA-kurne	76	0	0	1
ONCE1281-YERLESIM	ARAMA-kus	138	0	0	1
ONCE1281-YERLESIM	ARAMA-kusadasi	76	0	0	1
ONCE1281-YERLESIM	ARAMA-kusayr	90	0	0	1
ONCE1281-YERLESIM	ARAMA-kut-el-amare	76	0	0	1
ONCE1281-YERLESIM	ARAMA-kutaisi	76	0	0	1
ONCE1281-YERLESIM	ARAMA-lalapasa	76	0	0	1
ONCE1281-YERLESIM	ARAMA-lar	137	0	0	1
ONCE1281-YERLESIM	ARAMA-leblebicihisar	76	0	0	1
ONCE1281-YERLESIM	ARAMA-lefke	76	0	0	1
ONCE1281-YERLESIM	ARAMA-lenkeran	76	0	0	1
ONCE1281-YERLESIM	ARAMA-lindos	76	0	0	1
ONCE1281-YERLESIM	ARAMA-mahabad	76	0	0	1
ONCE1281-YERLESIM	ARAMA-mahalletulkubra	76	0	0	1
ONCE1281-YERLESIM	ARAMA-mahmudabad	76	0	0	1
ONCE1281-YERLESIM	ARAMA-makhalakauri	76	0	0	1
ONCE1281-YERLESIM	ARAMA-malak-dervent	76	0	0	1
ONCE1281-YERLESIM	ARAMA-malikiye	76	0	0	1
ONCE1281-YERLESIM	ARAMA-malkara	76	0	0	1
ONCE1281-YERLESIM	ARAMA-malko-tirnova	76	0	0	1
ONCE1281-YERLESIM	ARAMA-mansure	100	0	0	1
ONCE1281-YERLESIM	ARAMA-maras	110	0	0	1
ONCE1281-YERLESIM	ARAMA-marmara-adasi	76	0	0	1
ONCE1281-YERLESIM	ARAMA-marmaracik	76	0	0	1
ONCE1281-YERLESIM	ARAMA-marmaris	76	0	0	1
ONCE1281-YERLESIM	ARAMA-maydos	76	0	0	1
ONCE1281-YERLESIM	ARAMA-mekece	76	0	0	1
ONCE1281-YERLESIM	ARAMA-mellevi	76	0	0	1
ONCE1281-YERLESIM	ARAMA-menzile	76	0	0	1
ONCE1281-YERLESIM	ARAMA-mercihamis	76	0	0	1
ONCE1281-YERLESIM	ARAMA-merend	76	0	0	1
ONCE1281-YERLESIM	ARAMA-merivan	76	0	0	1
ONCE1281-YERLESIM	ARAMA-mersa-matruh	76	0	0	1
ONCE1281-YERLESIM	ARAMA-meshed	293	0	0	1
ONCE1281-YERLESIM	ARAMA-meskinsehr	76	0	0	1
ONCE1281-YERLESIM	ARAMA-midyat	76	0	0	1
ONCE1281-YERLESIM	ARAMA-mihalic	76	0	0	1
ONCE1281-YERLESIM	ARAMA-minab	76	0	0	1
ONCE1281-YERLESIM	ARAMA-minye	76	0	0	1
ONCE1281-YERLESIM	ARAMA-mit-gamr	76	0	0	1
ONCE1281-YERLESIM	ARAMA-miyandoab	76	0	0	1
ONCE1281-YERLESIM	ARAMA-miyane	87	0	0	1
ONCE1281-YERLESIM	ARAMA-molova	76	0	0	1
ONCE1281-YERLESIM	ARAMA-mudanya	76	0	0	1
ONCE1281-YERLESIM	ARAMA-mudurnu	76	0	0	1
ONCE1281-YERLESIM	ARAMA-muhammere	76	0	0	1
ONCE1281-YERLESIM	ARAMA-munbic	76	0	0	1
ONCE1281-YERLESIM	ARAMA-murvaneti	76	0	0	1
ONCE1281-YERLESIM	ARAMA-mustafapasa	76	0	0	1
ONCE1281-YERLESIM	ARAMA-musul	160	0	0	1
ONCE1281-YERLESIM	ARAMA-nain	76	0	0	1
ONCE1281-YERLESIM	ARAMA-narin	76	0	0	1
ONCE1281-YERLESIM	ARAMA-nasiriye	76	0	0	1
ONCE1281-YERLESIM	ARAMA-nesa	109	0	0	1
ONCE1281-YERLESIM	ARAMA-nihavend	76	0	0	1
ONCE1281-YERLESIM	ARAMA-nikarya	76	0	0	1
ONCE1281-YERLESIM	ARAMA-nisabur	133	0	0	1
ONCE1281-YERLESIM	ARAMA-norapat	76	0	0	1
ONCE1281-YERLESIM	ARAMA-ordubad	76	0	0	1
ONCE1281-YERLESIM	ARAMA-orestiada	76	0	0	1
ONCE1281-YERLESIM	ARAMA-ozalp	76	0	0	1
ONCE1281-YERLESIM	ARAMA-palu	76	0	0	1
ONCE1281-YERLESIM	ARAMA-pamirski-post	76	0	0	1
ONCE1281-YERLESIM	ARAMA-payas	76	0	0	1
ONCE1281-YERLESIM	ARAMA-pazaryeri	76	0	0	1
ONCE1281-YERLESIM	ARAMA-pelekanon	76	0	0	1
ONCE1281-YERLESIM	ARAMA-portsaid	76	0	0	1
ONCE1281-YERLESIM	ARAMA-posof	76	0	0	1
ONCE1281-YERLESIM	ARAMA-qattinah	76	0	0	1
ONCE1281-YERLESIM	ARAMA-rafsencan	76	0	0	1
ONCE1281-YERLESIM	ARAMA-ramadi	76	0	0	1
ONCE1281-YERLESIM	ARAMA-ramhurmuz	88	0	0	1
ONCE1281-YERLESIM	ARAMA-ras-el-hayme	76	0	0	1
ONCE1281-YERLESIM	ARAMA-razhan	76	0	0	1
ONCE1281-YERLESIM	ARAMA-resadiye	76	0	0	1
ONCE1281-YERLESIM	ARAMA-resid	243	0	0	1
ONCE1281-YERLESIM	ARAMA-rest	86	0	0	1
ONCE1281-YERLESIM	ARAMA-rewandiz	76	0	0	1
ONCE1281-YERLESIM	ARAMA-rezve	76	0	0	1
ONCE1281-YERLESIM	ARAMA-rumeli-hisari	76	0	0	1
ONCE1281-YERLESIM	ARAMA-sakiz	104	0	0	1
ONCE1281-YERLESIM	ARAMA-sakkiz	76	0	0	1
ONCE1281-YERLESIM	ARAMA-sakra	76	0	0	1
ONCE1281-YERLESIM	ARAMA-salihiyye	94	0	0	1
ONCE1281-YERLESIM	ARAMA-salyan	76	0	0	1
ONCE1281-YERLESIM	ARAMA-sam	154	0	0	1
ONCE1281-YERLESIM	ARAMA-samandira	76	0	0	1
ONCE1281-YERLESIM	ARAMA-sarab	93	0	0	1
ONCE1281-YERLESIM	ARAMA-sari	166	0	0	1
ONCE1281-YERLESIM	ARAMA-sarikamis	76	0	0	1
ONCE1281-YERLESIM	ARAMA-sarkoy	76	0	0	1
ONCE1281-YERLESIM	ARAMA-sarp	76	0	0	1
ONCE1281-YERLESIM	ARAMA-save	88	0	0	1
ONCE1281-YERLESIM	ARAMA-savsat	76	0	0	1
ONCE1281-YERLESIM	ARAMA-saylica	76	0	0	1
ONCE1281-YERLESIM	ARAMA-sayram	76	0	0	1
ONCE1281-YERLESIM	ARAMA-sebzevar	84	0	0	1
ONCE1281-YERLESIM	ARAMA-seface	76	0	0	1
ONCE1281-YERLESIM	ARAMA-sehrisebz	76	0	0	1
ONCE1281-YERLESIM	ARAMA-sellum	95	0	0	1
ONCE1281-YERLESIM	ARAMA-selmas	76	0	0	1
ONCE1281-YERLESIM	ARAMA-semave	76	0	0	1
ONCE1281-YERLESIM	ARAMA-semdinli	76	0	0	1
ONCE1281-YERLESIM	ARAMA-senendec	76	0	0	1
ONCE1281-YERLESIM	ARAMA-serdest	76	0	0	1
ONCE1281-YERLESIM	ARAMA-sero	76	0	0	1
ONCE1281-YERLESIM	ARAMA-serur	76	0	0	1
ONCE1281-YERLESIM	ARAMA-seyh-salu-yi-ulya	76	0	0	1
ONCE1281-YERLESIM	ARAMA-seyhrumi	76	0	0	1
ONCE1281-YERLESIM	ARAMA-sibinulkum	76	0	0	1
ONCE1281-YERLESIM	ARAMA-signak	76	0	0	1
ONCE1281-YERLESIM	ARAMA-silivri	76	0	0	1
ONCE1281-YERLESIM	ARAMA-silopi	76	0	0	1
ONCE1281-YERLESIM	ARAMA-simav	94	0	0	1
ONCE1281-YERLESIM	ARAMA-sincan	87	0	0	1
ONCE1281-YERLESIM	ARAMA-sincar	90	0	0	1
ONCE1281-YERLESIM	ARAMA-sircan	76	0	0	1
ONCE1281-YERLESIM	ARAMA-siverek	76	0	0	1
ONCE1281-YERLESIM	ARAMA-sofulu	76	0	0	1
ONCE1281-YERLESIM	ARAMA-soke	76	0	0	1
ONCE1281-YERLESIM	ARAMA-sombeki	76	0	0	1
ONCE1281-YERLESIM	ARAMA-sterna	76	0	0	1
ONCE1281-YERLESIM	ARAMA-sultaniye	99	0	0	1
ONCE1281-YERLESIM	ARAMA-sur	115	0	0	1
ONCE1281-YERLESIM	ARAMA-suruc	76	0	0	1
ONCE1281-YERLESIM	ARAMA-susa	76	0	0	1
ONCE1281-YERLESIM	ARAMA-suzak	76	0	0	1
ONCE1281-YERLESIM	ARAMA-tahran	98	0	0	1
ONCE1281-YERLESIM	ARAMA-tahta	140	0	0	1
ONCE1281-YERLESIM	ARAMA-tanta	93	0	0	1
ONCE1281-YERLESIM	ARAMA-taraz	76	0	0	1
ONCE1281-YERLESIM	ARAMA-taskurgan	76	0	0	1
ONCE1281-YERLESIM	ARAMA-tavri	111	0	0	1
ONCE1281-YERLESIM	ARAMA-tavsanli	76	0	0	1
ONCE1281-YERLESIM	ARAMA-telafer	76	0	0	1
ONCE1281-YERLESIM	ARAMA-terme	106	0	0	1
ONCE1281-YERLESIM	ARAMA-termez	76	0	0	1
ONCE1281-YERLESIM	ARAMA-tirwanish	76	0	0	1
ONCE1281-YERLESIM	ARAMA-tsqaltbila	76	0	0	1
ONCE1281-YERLESIM	ARAMA-turbet-i-cam	76	0	0	1
ONCE1281-YERLESIM	ARAMA-turbet-i-haydariye	76	0	0	1
ONCE1281-YERLESIM	ARAMA-tursiz	76	0	0	1
ONCE1281-YERLESIM	ARAMA-tuz-hurmatu	76	0	0	1
ONCE1281-YERLESIM	ARAMA-ukayr	76	0	0	1
ONCE1281-YERLESIM	ARAMA-uksur	76	0	0	1
ONCE1281-YERLESIM	ARAMA-ulubat	76	0	0	1
ONCE1281-YERLESIM	ARAMA-uluborlu	76	0	0	1
ONCE1281-YERLESIM	ARAMA-ulukisla	76	0	0	1
ONCE1281-YERLESIM	ARAMA-ulukoy	76	0	0	1
ONCE1281-YERLESIM	ARAMA-umur-fakih	76	0	0	1
ONCE1281-YERLESIM	ARAMA-unye	76	0	0	1
ONCE1281-YERLESIM	ARAMA-urfa	87	0	0	1
ONCE1281-YERLESIM	ARAMA-uzunkopru	76	0	0	1
ONCE1281-YERLESIM	ARAMA-vize	98	0	0	1
ONCE1281-YERLESIM	ARAMA-yalvac	76	0	0	1
ONCE1281-YERLESIM	ARAMA-yamurgi	76	0	0	1
ONCE1281-YERLESIM	ARAMA-yarhisar	76	0	0	1
ONCE1281-YERLESIM	ARAMA-yeni-urgenc	76	0	0	1
ONCE1281-YERLESIM	ARAMA-yuksekova	76	0	0	1
ONCE1281-YERLESIM	ARAMA-yumurtalik	76	0	0	1
ONCE1281-YERLESIM	ARAMA-zaho	76	0	0	1
ONCE1281-YERLESIM	ARAMA-zamanti	76	0	0	1
ONCE1281-YERLESIM	ARAMA-zazalo	76	0	0	1
ONCE1281-YERLESIM	abadan	8466	1	2976	0
ONCE1281-YERLESIM	absu	5	0	0	1
ONCE1281-YERLESIM	acara	30224	2	17091	0
ONCE1281-YERLESIM	adana	29534	2	21936	0
ONCE1281-YERLESIM	adapazari	12110	1	3262	0
ONCE1281-YERLESIM	aden	14155	1	4064	0
ONCE1281-YERLESIM	adiyaman	14019	1	4305	0
ONCE1281-YERLESIM	adranos	5	0	0	1
ONCE1281-YERLESIM	afyon	7481	1	3024	0
ONCE1281-YERLESIM	ahar	10213	1	2155	0
ONCE1281-YERLESIM	ahilkelek	5	0	0	1
ONCE1281-YERLESIM	ahiska	7393	1	2631	0
ONCE1281-YERLESIM	ahmim	5	0	0	1
ONCE1281-YERLESIM	ahtapolu	5	0	0	1
ONCE1281-YERLESIM	ahtopol	5	0	0	1
ONCE1281-YERLESIM	ahvaz	8298	1	3030	0
ONCE1281-YERLESIM	ak-mecit	5	0	0	1
ONCE1281-YERLESIM	akcadam	5	0	0	1
ONCE1281-YERLESIM	akcakale	5	0	0	1
ONCE1281-YERLESIM	akcakoca	5	0	0	1
ONCE1281-YERLESIM	akhalkalaki	5	0	0	1
ONCE1281-YERLESIM	akhisar	9853	1	3030	0
ONCE1281-YERLESIM	akka	13115	1	3466	0
ONCE1281-YERLESIM	akra	5	0	0	1
ONCE1281-YERLESIM	aksaray	12140	1	3488	0
ONCE1281-YERLESIM	aksehir	10957	1	3062	0
ONCE1281-YERLESIM	akyaka	5	0	0	1
ONCE1281-YERLESIM	akyazi	5	0	0	1
ONCE1281-YERLESIM	alanya	10597	1	3650	0
ONCE1281-YERLESIM	alasehir	11937	1	3628	0
ONCE1281-YERLESIM	aleksandropol	5	0	0	1
ONCE1281-YERLESIM	amasra	5	0	0	1
ONCE1281-YERLESIM	amasya	24525	1	5542	0
ONCE1281-YERLESIM	amedi	5	0	0	1
ONCE1281-YERLESIM	amman	8898	1	3114	0
ONCE1281-YERLESIM	ammare	5	0	0	1
ONCE1281-YERLESIM	amorgos	5	0	0	1
ONCE1281-YERLESIM	amul	5	0	0	1
ONCE1281-YERLESIM	anadolu-hisari	5	0	0	1
ONCE1281-YERLESIM	anamur	5	0	0	1
ONCE1281-YERLESIM	andican	5	0	0	1
ONCE1281-YERLESIM	ane	5	0	0	1
ONCE1281-YERLESIM	ani	5	0	0	1
ONCE1281-YERLESIM	ankara	59788	3	45609	0
ONCE1281-YERLESIM	antakya	34188	1	5441	0
ONCE1281-YERLESIM	antalya	31832	1	5730	0
ONCE1281-YERLESIM	antep	2763	0	0	0
ONCE1281-YERLESIM	antiphellos	5	0	0	1
ONCE1281-YERLESIM	apollonia	5	0	0	1
ONCE1281-YERLESIM	arapkir	12193	1	2830	0
ONCE1281-YERLESIM	ardahan	9876	1	2845	0
ONCE1281-YERLESIM	arhavi	5	0	0	1
ONCE1281-YERLESIM	armutlu	5	0	0	1
ONCE1281-YERLESIM	arpacay	5	0	0	1
ONCE1281-YERLESIM	artvin	19690	1	4598	0
ONCE1281-YERLESIM	askabad	9552	1	3045	0
ONCE1281-YERLESIM	askale	5	0	0	1
ONCE1281-YERLESIM	assos	5	0	0	1
ONCE1281-YERLESIM	astara	5	0	0	1
ONCE1281-YERLESIM	astipalya	5	0	0	1
ONCE1281-YERLESIM	asvan	9818	1	2943	0
ONCE1281-YERLESIM	asyut	8125	1	2380	0
ONCE1281-YERLESIM	atfih	5	0	0	1
ONCE1281-YERLESIM	ayasuluk	24888	2	13425	0
ONCE1281-YERLESIM	aydin	20958	1	5097	0
ONCE1281-YERLESIM	aydos-kalesi	5	0	0	1
ONCE1281-YERLESIM	ayn-el-arab	5	0	0	1
ONCE1281-YERLESIM	ayvalik	5	0	0	1
ONCE1281-YERLESIM	azatli	5	0	0	1
ONCE1281-YERLESIM	azaz	5	0	0	1
ONCE1281-YERLESIM	azez	5	0	0	1
ONCE1281-YERLESIM	babil	26895	1	4977	0
ONCE1281-YERLESIM	babu	5	0	0	1
ONCE1281-YERLESIM	bacirge	5	0	0	1
ONCE1281-YERLESIM	bagdat	129421	4	76860	0
ONCE1281-YERLESIM	bahreyn	26916	1	4666	0
ONCE1281-YERLESIM	balasagun	10870	1	3671	0
ONCE1281-YERLESIM	balat	20161	1	4838	0
ONCE1281-YERLESIM	balebek	13271	1	3787	0
ONCE1281-YERLESIM	balikesir	20248	1	4749	0
ONCE1281-YERLESIM	balikli	5	0	0	1
ONCE1281-YERLESIM	baltim	5	0	0	1
ONCE1281-YERLESIM	bane	5	0	0	1
ONCE1281-YERLESIM	barfurus	5	0	0	1
ONCE1281-YERLESIM	bargiri	5	0	0	1
ONCE1281-YERLESIM	bartin	20753	1	4077	0
ONCE1281-YERLESIM	baskale	5	0	0	1
ONCE1281-YERLESIM	basra	47708	2	26075	0
ONCE1281-YERLESIM	batnoz	5	0	0	1
ONCE1281-YERLESIM	batum	10034	1	3320	0
ONCE1281-YERLESIM	bayburt	20224	1	4603	0
ONCE1281-YERLESIM	bedahsan	18379	2	8632	0
ONCE1281-YERLESIM	behbehan	5	0	0	1
ONCE1281-YERLESIM	behisni	2748	0	0	0
ONCE1281-YERLESIM	behnesa	5	0	0	1
ONCE1281-YERLESIM	behramkale	5	0	0	1
ONCE1281-YERLESIM	behsehr	5	0	0	1
ONCE1281-YERLESIM	belh	17152	1	4120	0
ONCE1281-YERLESIM	bem	5	0	0	1
ONCE1281-YERLESIM	bempur	5	0	0	1
ONCE1281-YERLESIM	bender-abbas	5	0	0	1
ONCE1281-YERLESIM	bender-enzeli	5	0	0	1
ONCE1281-YERLESIM	bender-lengeh	5	0	0	1
ONCE1281-YERLESIM	bender-rig	5	0	0	1
ONCE1281-YERLESIM	benha	5932	1	2426	0
ONCE1281-YERLESIM	beni-suveyf	5	0	0	1
ONCE1281-YERLESIM	bergama	20286	1	4669	0
ONCE1281-YERLESIM	beri	5	0	0	1
ONCE1281-YERLESIM	besni	16954	1	4098	0
ONCE1281-YERLESIM	beykoz	3101	0	0	0
ONCE1281-YERLESIM	beyrut	27681	1	5463	0
ONCE1281-YERLESIM	beysehir	13190	1	4257	0
ONCE1281-YERLESIM	bicar	5	0	0	1
ONCE1281-YERLESIM	biga	5	0	0	1
ONCE1281-YERLESIM	bilbis	5	0	0	1
ONCE1281-YERLESIM	bilecik	20125	1	5181	0
ONCE1281-YERLESIM	bircend	5	0	0	1
ONCE1281-YERLESIM	birecik	16711	1	4734	0
ONCE1281-YERLESIM	birgi	16913	1	4148	0
ONCE1281-YERLESIM	birlikkoy	5	0	0	1
ONCE1281-YERLESIM	bistam	5	0	0	1
ONCE1281-YERLESIM	bitlis	24184	1	5570	0
ONCE1281-YERLESIM	bocnurd	5	0	0	1
ONCE1281-YERLESIM	bodrum	18082	1	4706	0
ONCE1281-YERLESIM	bolayir-ali-ekrem	13588	1	4408	0
ONCE1281-YERLESIM	bolayir	5	0	0	1
ONCE1281-YERLESIM	bolu	16493	1	4794	0
ONCE1281-YERLESIM	borcka	5	0	0	1
ONCE1281-YERLESIM	bozcaada	19541	1	5418	0
ONCE1281-YERLESIM	bozuyuk	5	0	0	1
ONCE1281-YERLESIM	buhara	37190	1	5092	0
ONCE1281-YERLESIM	bulgar	13521	1	4946	0
ONCE1281-YERLESIM	burdur	21287	1	4137	0
ONCE1281-YERLESIM	bursa	45447	2	20398	0
ONCE1281-YERLESIM	burucird	5	0	0	1
ONCE1281-YERLESIM	burullus	5	0	0	1
ONCE1281-YERLESIM	busehr	5	0	0	1
ONCE1281-YERLESIM	cagbub	7130	1	2947	0
ONCE1281-YERLESIM	cahbahar	5	0	0	1
ONCE1281-YERLESIM	caldiran	5	0	0	1
ONCE1281-YERLESIM	canakkale	18195	1	3942	0
ONCE1281-YERLESIM	cankiri	15448	1	3973	0
ONCE1281-YERLESIM	carsamba	5	0	0	1
ONCE1281-YERLESIM	cask	5	0	0	1
ONCE1281-YERLESIM	catalca	5	0	0	1
ONCE1281-YERLESIM	cehrom	5	0	0	1
ONCE1281-YERLESIM	cemisgezek	5	0	0	1
ONCE1281-YERLESIM	cenova	5	0	0	1
ONCE1281-YERLESIM	cerablus	5	0	0	1
ONCE1281-YERLESIM	cesme	74623	1	17605	0
ONCE1281-YERLESIM	ceylanpinar	5	0	0	1
ONCE1281-YERLESIM	cibri	5	0	0	1
ONCE1281-YERLESIM	cimkent	7039	1	2416	0
ONCE1281-YERLESIM	cimpe	5	0	0	1
ONCE1281-YERLESIM	cirge	5	0	0	1
ONCE1281-YERLESIM	cirmen	11998	1	3142	0
ONCE1281-YERLESIM	ciruft	5	0	0	1
ONCE1281-YERLESIM	cizre	24234	1	5481	0
ONCE1281-YERLESIM	cizzah	5	0	0	1
ONCE1281-YERLESIM	colemerik	2788	0	0	0
ONCE1281-YERLESIM	corlu	5	0	0	1
ONCE1281-YERLESIM	corum	22629	1	4462	0
ONCE1281-YERLESIM	cubeyl	7900	1	2524	0
ONCE1281-YERLESIM	culfa	5	0	0	1
ONCE1281-YERLESIM	culfar	5	0	0	1
ONCE1281-YERLESIM	cumai	5	0	0	1
ONCE1281-YERLESIM	damanhur	5	0	0	1
ONCE1281-YERLESIM	damgan-tarihane-camii	7805	1	2642	0
ONCE1281-YERLESIM	damgan	5	0	0	1
ONCE1281-YERLESIM	darab	5	0	0	1
ONCE1281-YERLESIM	darende	5	0	0	1
ONCE1281-YERLESIM	darvaz	5	0	0	1
ONCE1281-YERLESIM	datca	5	0	0	1
ONCE1281-YERLESIM	dayr-al-kamer	5	0	0	1
ONCE1281-YERLESIM	delhi	23931	1	6093	0
ONCE1281-YERLESIM	demenhur	5	0	0	1
ONCE1281-YERLESIM	demirkoy	5	0	0	1
ONCE1281-YERLESIM	denizli	29642	1	4037	0
ONCE1281-YERLESIM	derekoy	5	0	0	1
ONCE1281-YERLESIM	derik	5	0	0	1
ONCE1281-YERLESIM	dessuk	5	0	0	1
ONCE1281-YERLESIM	devrek	5	0	0	1
ONCE1281-YERLESIM	deyrizor	9650	1	2985	0
ONCE1281-YERLESIM	deyrulkamer	5	0	0	1
ONCE1281-YERLESIM	deyrut	5	0	0	1
ONCE1281-YERLESIM	digor	5	0	0	1
ONCE1281-YERLESIM	dilman	5	0	0	1
ONCE1281-YERLESIM	dimask	2791	0	0	0
ONCE1281-YERLESIM	dimbos	5	0	0	1
ONCE1281-YERLESIM	dimetoka	27780	1	5345	0
ONCE1281-YERLESIM	dimyat	16259	1	3958	0
ONCE1281-YERLESIM	divaniye	5	0	0	1
ONCE1281-YERLESIM	divrigi	19644	1	5383	0
ONCE1281-YERLESIM	diyarbakir	58124	2	24170	0
ONCE1281-YERLESIM	dizful	8047	1	2496	0
ONCE1281-YERLESIM	dogubayazit	16326	1	4292	0
ONCE1281-YERLESIM	doha	2705	0	0	0
ONCE1281-YERLESIM	domanic	5	0	0	1
ONCE1281-YERLESIM	dortyol	5	0	0	1
ONCE1281-YERLESIM	duhok	5	0	0	1
ONCE1281-YERLESIM	dumetulcendel	11176	1	3996	0
ONCE1281-YERLESIM	duzce	17837	1	3976	0
ONCE1281-YERLESIM	ebiverd	5	0	0	1
ONCE1281-YERLESIM	ebrekuh	5	0	0	1
ONCE1281-YERLESIM	ebukir	11293	1	2966	0
ONCE1281-YERLESIM	eceabat	5	0	0	1
ONCE1281-YERLESIM	ecmiyadzin	5	0	0	1
ONCE1281-YERLESIM	edfu	5	0	0	1
ONCE1281-YERLESIM	edirne	124995	2	89331	0
ONCE1281-YERLESIM	edremit	5	0	0	1
ONCE1281-YERLESIM	eflani	5	0	0	1
ONCE1281-YERLESIM	egirdir	5	0	0	1
ONCE1281-YERLESIM	egrigoz	5	0	0	1
ONCE1281-YERLESIM	el-aris	5	0	0	1
ONCE1281-YERLESIM	elbistan	20915	1	4362	0
ONCE1281-YERLESIM	elhova	5	0	0	1
ONCE1281-YERLESIM	elhovo	5	0	0	1
ONCE1281-YERLESIM	elmali	5	0	0	1
ONCE1281-YERLESIM	emet	5	0	0	1
ONCE1281-YERLESIM	enez	5	0	0	1
ONCE1281-YERLESIM	erak	5	0	0	1
ONCE1281-YERLESIM	erbil	13755	1	4251	0
ONCE1281-YERLESIM	ercis	5	0	0	1
ONCE1281-YERLESIM	erdebil	16265	1	4587	0
ONCE1281-YERLESIM	erdek	5	0	0	1
ONCE1281-YERLESIM	erdekan	5	0	0	1
ONCE1281-YERLESIM	erdistan	5	0	0	1
ONCE1281-YERLESIM	ermenek	5	0	0	1
ONCE1281-YERLESIM	ermeni-derbendi	5	0	0	1
ONCE1281-YERLESIM	erzin	5	0	0	1
ONCE1281-YERLESIM	erzincan	25416	1	4725	0
ONCE1281-YERLESIM	erzurum	103570	3	51458	0
ONCE1281-YERLESIM	esendere	5	0	0	1
ONCE1281-YERLESIM	esferayin	5	0	0	1
ONCE1281-YERLESIM	eskihisar	5	0	0	1
ONCE1281-YERLESIM	eskisehir	35436	2	14628	0
ONCE1281-YERLESIM	esna	5	0	0	1
ONCE1281-YERLESIM	esref-edip-fergan	14625	1	2795	0
ONCE1281-YERLESIM	esref-i-mazenderani	8158	1	2969	0
ONCE1281-YERLESIM	esref	3160	0	0	0
ONCE1281-YERLESIM	esterabad	12089	1	3389	0
ONCE1281-YERLESIM	estergon	16065	1	4640	0
ONCE1281-YERLESIM	evliya-ata	5	0	0	1
ONCE1281-YERLESIM	fakia	5	0	0	1
ONCE1281-YERLESIM	fakus	5	0	0	1
ONCE1281-YERLESIM	fas	128688	5	105198	0
ONCE1281-YERLESIM	fav	5	0	0	1
ONCE1281-YERLESIM	felluce	5	0	0	1
ONCE1281-YERLESIM	ferahabad	5	0	0	1
ONCE1281-YERLESIM	ferecik	19376	1	4934	0
ONCE1281-YERLESIM	feres	5	0	0	1
ONCE1281-YERLESIM	fersut	5	0	0	1
ONCE1281-YERLESIM	fesa	5	0	0	1
ONCE1281-YERLESIM	fethiye	5	0	0	1
ONCE1281-YERLESIM	feyyum	12474	1	4038	0
ONCE1281-YERLESIM	feyzabad	5	0	0	1
ONCE1281-YERLESIM	finike	5	0	0	1
ONCE1281-YERLESIM	firuzabad	5	0	0	1
ONCE1281-YERLESIM	firuzkuh	5	0	0	1
ONCE1281-YERLESIM	fornoz	5	0	0	1
ONCE1281-YERLESIM	fourni	5	0	0	1
ONCE1281-YERLESIM	fustat	2719	0	0	0
ONCE1281-YERLESIM	gamrun	5	0	0	1
ONCE1281-YERLESIM	gazne	14194	1	4713	0
ONCE1281-YERLESIM	gazze	18432	1	5342	0
ONCE1281-YERLESIM	gebze	5	0	0	1
ONCE1281-YERLESIM	gelibolu	41534	1	6415	0
ONCE1281-YERLESIM	gemlik	5	0	0	1
ONCE1281-YERLESIM	gever	5	0	0	1
ONCE1281-YERLESIM	geyve	5	0	0	1
ONCE1281-YERLESIM	giresun	47160	1	6592	0
ONCE1281-YERLESIM	girga	5	0	0	1
ONCE1281-YERLESIM	girnata	53532	1	6699	0
ONCE1281-YERLESIM	goksun	5	0	0	1
ONCE1281-YERLESIM	golkoy	5	0	0	1
ONCE1281-YERLESIM	golyazi	5	0	0	1
ONCE1281-YERLESIM	gorabi	5	0	0	1
ONCE1281-YERLESIM	guclu	5	0	0	1
ONCE1281-YERLESIM	gulpaygan	5	0	0	1
ONCE1281-YERLESIM	gumru	5	0	0	1
ONCE1281-YERLESIM	gurgenc	14500	1	3635	0
ONCE1281-YERLESIM	gurun	5	0	0	1
ONCE1281-YERLESIM	habsamana	5	0	0	1
ONCE1281-YERLESIM	hakkari	17406	1	4384	0
ONCE1281-YERLESIM	halep	61624	3	35111	0
ONCE1281-YERLESIM	halepce	5	0	0	1
ONCE1281-YERLESIM	halhal	5	0	0	1
ONCE1281-YERLESIM	halki	5	0	0	1
ONCE1281-YERLESIM	hama	20172	1	5504	0
ONCE1281-YERLESIM	han-yunus	5	0	0	1
ONCE1281-YERLESIM	hanak	5	0	0	1
ONCE1281-YERLESIM	hanekin	5	0	0	1
ONCE1281-YERLESIM	harmankaya	5	0	0	1
ONCE1281-YERLESIM	harput	20583	1	4770	0
ONCE1281-YERLESIM	has	5	0	0	1
ONCE1281-YERLESIM	hasankeyf	27610	1	6906	0
ONCE1281-YERLESIM	haviza	5	0	0	1
ONCE1281-YERLESIM	havsa	5	0	0	1
ONCE1281-YERLESIM	hazarasp	5	0	0	1
ONCE1281-YERLESIM	hemedan	19479	1	4925	0
ONCE1281-YERLESIM	herat	21822	1	7277	0
ONCE1281-YERLESIM	hereke	5	0	0	1
ONCE1281-YERLESIM	herke	5	0	0	1
ONCE1281-YERLESIM	hille	2937	0	0	0
ONCE1281-YERLESIM	himu	5	0	0	1
ONCE1281-YERLESIM	hisar-abdulhak-sinasi	25887	1	5905	0
ONCE1281-YERLESIM	hisar	5	0	0	1
ONCE1281-YERLESIM	hisn-i-mansur	5	0	0	1
ONCE1281-YERLESIM	hit	5	0	0	1
ONCE1281-YERLESIM	hive	5	0	0	1
ONCE1281-YERLESIM	hiyav	5	0	0	1
ONCE1281-YERLESIM	hokand	9669	1	2948	0
ONCE1281-YERLESIM	hopa	5	0	0	1
ONCE1281-YERLESIM	horog	5	0	0	1
ONCE1281-YERLESIM	hosap	5	0	0	1
ONCE1281-YERLESIM	hoy	10392	1	3385	0
ONCE1281-YERLESIM	hucend	10026	1	3525	0
ONCE1281-YERLESIM	hulo	5	0	0	1
ONCE1281-YERLESIM	humus--suriye	23506	1	5777	0
ONCE1281-YERLESIM	humus	5	0	0	1
ONCE1281-YERLESIM	hurmuz-adasi	5	0	0	1
ONCE1281-YERLESIM	hypsu	5	0	0	1
ONCE1281-YERLESIM	ibrim	5	0	0	1
ONCE1281-YERLESIM	igdir	5	0	0	1
ONCE1281-YERLESIM	igneada	5	0	0	1
ONCE1281-YERLESIM	ikarya	5	0	0	1
ONCE1281-YERLESIM	ileryoz	5	0	0	1
ONCE1281-YERLESIM	ilgin	5	0	0	1
ONCE1281-YERLESIM	ilyaki	5	0	0	1
ONCE1281-YERLESIM	imadiye	5	0	0	1
ONCE1281-YERLESIM	imrali-adasi	5	0	0	1
ONCE1281-YERLESIM	imroz	21408	1	4391	0
ONCE1281-YERLESIM	incirli	5	0	0	1
ONCE1281-YERLESIM	inegol	5	0	0	1
ONCE1281-YERLESIM	ipsala	5	0	0	1
ONCE1281-YERLESIM	isbiliye	10755	1	4016	0
ONCE1281-YERLESIM	isfahan	53938	2	22872	0
ONCE1281-YERLESIM	isficab	5	0	0	1
ONCE1281-YERLESIM	ishakli	5	0	0	1
ONCE1281-YERLESIM	iskasim	5	0	0	1
ONCE1281-YERLESIM	iskefsir	5	0	0	1
ONCE1281-YERLESIM	iskenderiye	47802	2	29619	0
ONCE1281-YERLESIM	iskenderun	18021	1	4169	0
ONCE1281-YERLESIM	ismailiye	9982	1	2845	0
ONCE1281-YERLESIM	isparta	56321	2	14739	0
ONCE1281-YERLESIM	istanbul	739967	12	689488	0
ONCE1281-YERLESIM	istanbulya	5	0	0	1
ONCE1281-YERLESIM	istankoy	19336	1	4595	0
ONCE1281-YERLESIM	izmir	108385	3	48603	0
ONCE1281-YERLESIM	izmit	49343	2	16463	0
ONCE1281-YERLESIM	iznik	51207	3	37101	0
ONCE1281-YERLESIM	jadla	5	0	0	1
ONCE1281-YERLESIM	kafrusseyh	5	0	0	1
ONCE1281-YERLESIM	kahire	138324	4	119376	0
ONCE1281-YERLESIM	kahta	5	0	0	1
ONCE1281-YERLESIM	kain	5	0	0	1
ONCE1281-YERLESIM	kala-i-hum	5	0	0	1
ONCE1281-YERLESIM	kala-i-pence	5	0	0	1
ONCE1281-YERLESIM	kala-i-vamar	5	0	0	1
ONCE1281-YERLESIM	kalimnos	5	0	0	1
ONCE1281-YERLESIM	kandira	5	0	0	1
ONCE1281-YERLESIM	karabiga	5	0	0	1
ONCE1281-YERLESIM	karacabey	5	0	0	1
ONCE1281-YERLESIM	karacahisar	5	0	0	1
ONCE1281-YERLESIM	karacepus	5	0	0	1
ONCE1281-YERLESIM	karadag	17289	1	4184	0
ONCE1281-YERLESIM	karadeniz-eregli	5	0	0	1
ONCE1281-YERLESIM	karahisar-i-sahib	5	0	0	1
ONCE1281-YERLESIM	karahisar-i-sarki	5	0	0	1
ONCE1281-YERLESIM	karakurum	5	0	0	1
ONCE1281-YERLESIM	karaman	17751	1	4794	0
ONCE1281-YERLESIM	karamursel	5	0	0	1
ONCE1281-YERLESIM	karapinar	15379	1	3023	0
ONCE1281-YERLESIM	karatigin	5	0	0	1
ONCE1281-YERLESIM	karpuzlu	5	0	0	1
ONCE1281-YERLESIM	kars	23063	1	5584	0
ONCE1281-YERLESIM	karsi	2744	0	0	0
ONCE1281-YERLESIM	kas	5	0	0	1
ONCE1281-YERLESIM	kasan	11111	1	3742	0
ONCE1281-YERLESIM	kasgar	13707	1	4328	0
ONCE1281-YERLESIM	kasmer	5	0	0	1
ONCE1281-YERLESIM	kasr-i-sirin	5	0	0	1
ONCE1281-YERLESIM	kastamonu	27666	1	5457	0
ONCE1281-YERLESIM	katar	16976	1	4486	0
ONCE1281-YERLESIM	katif	9680	1	3631	0
ONCE1281-YERLESIM	katye	5	0	0	1
ONCE1281-YERLESIM	kayrevan	15113	1	4015	0
ONCE1281-YERLESIM	kayseri	63157	3	34740	0
ONCE1281-YERLESIM	kazerun	5	0	0	1
ONCE1281-YERLESIM	kazvin	11002	1	3666	0
ONCE1281-YERLESIM	kelat-i-nadiri	5	0	0	1
ONCE1281-YERLESIM	kelemez	5	0	0	1
ONCE1281-YERLESIM	kelkit	5	0	0	1
ONCE1281-YERLESIM	kemah	18741	1	4040	0
ONCE1281-YERLESIM	kerak	5	0	0	1
ONCE1281-YERLESIM	kerbela	41848	3	29563	0
ONCE1281-YERLESIM	kerkuk	19591	1	5270	0
ONCE1281-YERLESIM	kesan	5	0	0	1
ONCE1281-YERLESIM	kestel	5	0	0	1
ONCE1281-YERLESIM	kete	5	0	0	1
ONCE1281-YERLESIM	khorog	5	0	0	1
ONCE1281-YERLESIM	kiev	5	0	0	1
ONCE1281-YERLESIM	kifri	5	0	0	1
ONCE1281-YERLESIM	kilis	23347	1	4324	0
ONCE1281-YERLESIM	kilise	62782	3	39725	0
ONCE1281-YERLESIM	kilitbahir	5	0	0	1
ONCE1281-YERLESIM	kilve	16504	1	2831	0
ONCE1281-YERLESIM	kina	13441	1	3518	0
ONCE1281-YERLESIM	kios	5	0	0	1
ONCE1281-YERLESIM	kirklareli	16137	1	4299	0
ONCE1281-YERLESIM	kirman	12729	1	4457	0
ONCE1281-YERLESIM	kirmansah	8307	1	3238	0
ONCE1281-YERLESIM	kirmasti	9545	1	2854	0
ONCE1281-YERLESIM	kirsehir	29727	1	5919	0
ONCE1281-YERLESIM	kis	5	0	0	1
ONCE1281-YERLESIM	kish	5	0	0	1
ONCE1281-YERLESIM	kism	5	0	0	1
ONCE1281-YERLESIM	kite	5	0	0	1
ONCE1281-YERLESIM	kizilarvat	5	0	0	1
ONCE1281-YERLESIM	klicatak	5	0	0	1
ONCE1281-YERLESIM	kobani	5	0	0	1
ONCE1281-YERLESIM	kofcaz	5	0	0	1
ONCE1281-YERLESIM	konurapa	5	0	0	1
ONCE1281-YERLESIM	konya	81237	3	45911	0
ONCE1281-YERLESIM	kopruhisar	5	0	0	1
ONCE1281-YERLESIM	kotur	5	0	0	1
ONCE1281-YERLESIM	kucan	5	0	0	1
ONCE1281-YERLESIM	kucukperveli	5	0	0	1
ONCE1281-YERLESIM	kudus	129840	5	101078	0
ONCE1281-YERLESIM	kufe	33931	1	4541	0
ONCE1281-YERLESIM	kufkaynapinari	5	0	0	1
ONCE1281-YERLESIM	kulab	5	0	0	1
ONCE1281-YERLESIM	kulacahisar	5	0	0	1
ONCE1281-YERLESIM	kulob	5	0	0	1
ONCE1281-YERLESIM	kum-ombo	5	0	0	1
ONCE1281-YERLESIM	kum	13893	1	5476	0
ONCE1281-YERLESIM	kumciftligi	5	0	0	1
ONCE1281-YERLESIM	kurne	5	0	0	1
ONCE1281-YERLESIM	kurtuba	12647	1	3588	0
ONCE1281-YERLESIM	kus	5	0	0	1
ONCE1281-YERLESIM	kusadasi	5	0	0	1
ONCE1281-YERLESIM	kusayr	5	0	0	1
ONCE1281-YERLESIM	kut-el-amare	5	0	0	1
ONCE1281-YERLESIM	kutahya	53725	2	24954	0
ONCE1281-YERLESIM	kutaisi	5	0	0	1
ONCE1281-YERLESIM	kuveyt	31769	2	22055	0
ONCE1281-YERLESIM	ladik	5	0	0	1
ONCE1281-YERLESIM	lahican	9456	1	2779	0
ONCE1281-YERLESIM	lahor	14978	1	4983	0
ONCE1281-YERLESIM	lalapasa	5	0	0	1
ONCE1281-YERLESIM	lalkovo	5	0	0	1
ONCE1281-YERLESIM	lar	2784	0	0	0
ONCE1281-YERLESIM	leblebicihisar	5	0	0	1
ONCE1281-YERLESIM	lefke	5	0	0	1
ONCE1281-YERLESIM	lenkeran	5	0	0	1
ONCE1281-YERLESIM	leros	5	0	0	1
ONCE1281-YERLESIM	lindos	5	0	0	1
ONCE1281-YERLESIM	luksor	5	0	0	1
ONCE1281-YERLESIM	luleburgaz	11371	1	4014	0
ONCE1281-YERLESIM	m-kemalpasa	5	0	0	1
ONCE1281-YERLESIM	maan	8626	1	3213	0
ONCE1281-YERLESIM	mahabad	5	0	0	1
ONCE1281-YERLESIM	mahalletulkubra	5	0	0	1
ONCE1281-YERLESIM	mahmudabad	5	0	0	1
ONCE1281-YERLESIM	mahmudi	5	0	0	1
ONCE1281-YERLESIM	makhalakauri	5	0	0	1
ONCE1281-YERLESIM	makri	5	0	0	1
ONCE1281-YERLESIM	maku	8422	1	2441	0
ONCE1281-YERLESIM	malak-dervent	5	0	0	1
ONCE1281-YERLESIM	malatya	65713	3	34074	0
ONCE1281-YERLESIM	malikiye	5	0	0	1
ONCE1281-YERLESIM	malkara	5	0	0	1
ONCE1281-YERLESIM	malko-tirnova	5	0	0	1
ONCE1281-YERLESIM	manama	5	0	0	1
ONCE1281-YERLESIM	manisa	81680	2	43157	0
ONCE1281-YERLESIM	mansure	5	0	0	1
ONCE1281-YERLESIM	maras	2824	0	0	0
ONCE1281-YERLESIM	mardin	60343	2	30835	0
ONCE1281-YERLESIM	marmara-adasi	5	0	0	1
ONCE1281-YERLESIM	marmaracik	5	0	0	1
ONCE1281-YERLESIM	marmaris	5	0	0	1
ONCE1281-YERLESIM	maydos	5	0	0	1
ONCE1281-YERLESIM	medine	101060	2	55182	0
ONCE1281-YERLESIM	mehdiye	5	0	0	1
ONCE1281-YERLESIM	mekece	5	0	0	1
ONCE1281-YERLESIM	mekke	151050	3	96587	0
ONCE1281-YERLESIM	mellevi	5	0	0	1
ONCE1281-YERLESIM	menufiye	5	0	0	1
ONCE1281-YERLESIM	menzile	5	0	0	1
ONCE1281-YERLESIM	meraga	14667	1	5323	0
ONCE1281-YERLESIM	merakes	17823	1	5039	0
ONCE1281-YERLESIM	mercihamis	5	0	0	1
ONCE1281-YERLESIM	merend	5	0	0	1
ONCE1281-YERLESIM	meric	15743	1	4507	0
ONCE1281-YERLESIM	merivan	5	0	0	1
ONCE1281-YERLESIM	mersa-matruh	5	0	0	1
ONCE1281-YERLESIM	mersin	23129	1	4855	0
ONCE1281-YERLESIM	merv	32179	2	19728	0
ONCE1281-YERLESIM	merzifon	21278	1	4684	0
ONCE1281-YERLESIM	meshed-ulucamii	11789	1	2868	0
ONCE1281-YERLESIM	meshed	7189	1	2822	0
ONCE1281-YERLESIM	meskinsehr	5	0	0	1
ONCE1281-YERLESIM	mesudiye	5	0	0	1
ONCE1281-YERLESIM	midilli	26445	1	6100	0
ONCE1281-YERLESIM	midyat	5	0	0	1
ONCE1281-YERLESIM	mihalic	5	0	0	1
ONCE1281-YERLESIM	milas	18968	1	4812	0
ONCE1281-YERLESIM	minab	5	0	0	1
ONCE1281-YERLESIM	minye	5	0	0	1
ONCE1281-YERLESIM	mit-gamr	5	0	0	1
ONCE1281-YERLESIM	miyandoab	5	0	0	1
ONCE1281-YERLESIM	miyane	5	0	0	1
ONCE1281-YERLESIM	mogadisu	2738	0	0	0
ONCE1281-YERLESIM	molova	5	0	0	1
ONCE1281-YERLESIM	molyvos	5	0	0	1
ONCE1281-YERLESIM	mudanya	5	0	0	1
ONCE1281-YERLESIM	mudurnu	5	0	0	1
ONCE1281-YERLESIM	mugla	27351	1	5130	0
ONCE1281-YERLESIM	muhammere	5	0	0	1
ONCE1281-YERLESIM	multan	10272	1	2991	0
ONCE1281-YERLESIM	munbic	5	0	0	1
ONCE1281-YERLESIM	muradiye	5	0	0	1
ONCE1281-YERLESIM	murgab	5	0	0	1
ONCE1281-YERLESIM	murvaneti	5	0	0	1
ONCE1281-YERLESIM	mustafapasa	5	0	0	1
ONCE1281-YERLESIM	musul	5	0	0	1
ONCE1281-YERLESIM	nablus	20408	1	4675	0
ONCE1281-YERLESIM	nahcivan	28626	1	5068	0
ONCE1281-YERLESIM	nahseb	5	0	0	1
ONCE1281-YERLESIM	nain	5	0	0	1
ONCE1281-YERLESIM	narin	5	0	0	1
ONCE1281-YERLESIM	naryn	5	0	0	1
ONCE1281-YERLESIM	nasiriye	5	0	0	1
ONCE1281-YERLESIM	necef	11571	1	3789	0
ONCE1281-YERLESIM	nesa	5	0	0	1
ONCE1281-YERLESIM	nigde	46099	2	22877	0
ONCE1281-YERLESIM	nihavend	5	0	0	1
ONCE1281-YERLESIM	nikarya	5	0	0	1
ONCE1281-YERLESIM	niksar	22936	1	6478	0
ONCE1281-YERLESIM	nisabur	5	0	0	1
ONCE1281-YERLESIM	nisiros	5	0	0	1
ONCE1281-YERLESIM	norapat	5	0	0	1
ONCE1281-YERLESIM	nusaybin	15350	1	5201	0
ONCE1281-YERLESIM	ordu	86639	2	53546	0
ONCE1281-YERLESIM	ordubad	5	0	0	1
ONCE1281-YERLESIM	orestiada	5	0	0	1
ONCE1281-YERLESIM	orhaneli	5	0	0	1
ONCE1281-YERLESIM	osmancik	19309	1	5234	0
ONCE1281-YERLESIM	osmaneli	5	0	0	1
ONCE1281-YERLESIM	otrar	5	0	0	1
ONCE1281-YERLESIM	ozalp	5	0	0	1
ONCE1281-YERLESIM	palermo	5	0	0	1
ONCE1281-YERLESIM	palu	5	0	0	1
ONCE1281-YERLESIM	pamir	5	0	0	1
ONCE1281-YERLESIM	pamirski-post	5	0	0	1
ONCE1281-YERLESIM	patmos	5	0	0	1
ONCE1281-YERLESIM	payas	5	0	0	1
ONCE1281-YERLESIM	pazaryeri	5	0	0	1
ONCE1281-YERLESIM	pelekanon	5	0	0	1
ONCE1281-YERLESIM	perovsk	5	0	0	1
ONCE1281-YERLESIM	pinarbasi	5	0	0	1
ONCE1281-YERLESIM	portsaid	5	0	0	1
ONCE1281-YERLESIM	posof	5	0	0	1
ONCE1281-YERLESIM	qattinah	5	0	0	1
ONCE1281-YERLESIM	qeshm	5	0	0	1
ONCE1281-YERLESIM	rafsencan	5	0	0	1
ONCE1281-YERLESIM	rakka	11837	1	3726	0
ONCE1281-YERLESIM	ramadi	5	0	0	1
ONCE1281-YERLESIM	ramhurmuz	5	0	0	1
ONCE1281-YERLESIM	ras-el-hayme	5	0	0	1
ONCE1281-YERLESIM	razhan	5	0	0	1
ONCE1281-YERLESIM	resadiye	5	0	0	1
ONCE1281-YERLESIM	resid-riza	37920	1	8391	0
ONCE1281-YERLESIM	resid	5	0	0	1
ONCE1281-YERLESIM	rest	5	0	0	1
ONCE1281-YERLESIM	revan	22522	1	4985	0
ONCE1281-YERLESIM	rewandiz	5	0	0	1
ONCE1281-YERLESIM	rey	29582	1	5678	0
ONCE1281-YERLESIM	rezovo	5	0	0	1
ONCE1281-YERLESIM	rezve	5	0	0	1
ONCE1281-YERLESIM	rize	30020	1	3767	0
ONCE1281-YERLESIM	rodos	29449	1	5540	0
ONCE1281-YERLESIM	roma	5	0	0	1
ONCE1281-YERLESIM	rosetta	5	0	0	1
ONCE1281-YERLESIM	rumeli-hisari	5	0	0	1
ONCE1281-YERLESIM	rusan	5	0	0	1
ONCE1281-YERLESIM	safranbolu	16581	1	3653	0
ONCE1281-YERLESIM	sakiz	5	0	0	1
ONCE1281-YERLESIM	sakkiz	5	0	0	1
ONCE1281-YERLESIM	sakra	5	0	0	1
ONCE1281-YERLESIM	salihiyye	5	0	0	1
ONCE1281-YERLESIM	salyan	5	0	0	1
ONCE1281-YERLESIM	sam	5	0	0	1
ONCE1281-YERLESIM	samandira	5	0	0	1
ONCE1281-YERLESIM	samerra	14466	1	4728	0
ONCE1281-YERLESIM	samsun	38669	1	7013	0
ONCE1281-YERLESIM	sana	15418	1	5621	0
ONCE1281-YERLESIM	sarab	5	0	0	1
ONCE1281-YERLESIM	saray	42493	1	12562	0
ONCE1281-YERLESIM	sardasht	5	0	0	1
ONCE1281-YERLESIM	sari-abdullah-efendi	21517	1	5628	0
ONCE1281-YERLESIM	sari	3041	0	0	0
ONCE1281-YERLESIM	sarika	9265	1	3390	0
ONCE1281-YERLESIM	sarikamis	5	0	0	1
ONCE1281-YERLESIM	sarikol	5	0	0	1
ONCE1281-YERLESIM	sarkiye	5	0	0	1
ONCE1281-YERLESIM	sarkoy	5	0	0	1
ONCE1281-YERLESIM	sarp	5	0	0	1
ONCE1281-YERLESIM	save	5	0	0	1
ONCE1281-YERLESIM	savsat	5	0	0	1
ONCE1281-YERLESIM	savucbulak	5	0	0	1
ONCE1281-YERLESIM	sayda	25548	2	14481	0
ONCE1281-YERLESIM	saylica	5	0	0	1
ONCE1281-YERLESIM	sayram	5	0	0	1
ONCE1281-YERLESIM	sebinkarahisar	19165	1	4206	0
ONCE1281-YERLESIM	sebzevar	2747	0	0	0
ONCE1281-YERLESIM	seface	5	0	0	1
ONCE1281-YERLESIM	sehrisebz	5	0	0	1
ONCE1281-YERLESIM	sehrizor	15516	1	4297	0
ONCE1281-YERLESIM	selanik	43077	1	8106	0
ONCE1281-YERLESIM	sellum	5	0	0	1
ONCE1281-YERLESIM	selmas	5	0	0	1
ONCE1281-YERLESIM	semave	5	0	0	1
ONCE1281-YERLESIM	semdinli	5	0	0	1
ONCE1281-YERLESIM	semdinni	5	0	0	1
ONCE1281-YERLESIM	semerkant	34851	2	16965	0
ONCE1281-YERLESIM	senendec	5	0	0	1
ONCE1281-YERLESIM	serahs	20120	1	5202	0
ONCE1281-YERLESIM	serdest	5	0	0	1
ONCE1281-YERLESIM	sero	5	0	0	1
ONCE1281-YERLESIM	serur	5	0	0	1
ONCE1281-YERLESIM	seydisehir	11825	1	3654	0
ONCE1281-YERLESIM	seyh-salu-yi-ulya	5	0	0	1
ONCE1281-YERLESIM	seyhrumi	5	0	0	1
ONCE1281-YERLESIM	sharur	5	0	0	1
ONCE1281-YERLESIM	sibinulkum	5	0	0	1
ONCE1281-YERLESIM	signak	5	0	0	1
ONCE1281-YERLESIM	siirt	17833	1	3998	0
ONCE1281-YERLESIM	silifke	20789	1	4400	0
ONCE1281-YERLESIM	silivri	5	0	0	1
ONCE1281-YERLESIM	silopi	5	0	0	1
ONCE1281-YERLESIM	simav	5	0	0	1
ONCE1281-YERLESIM	simi	5	0	0	1
ONCE1281-YERLESIM	simnan	8859	1	2748	0
ONCE1281-YERLESIM	sina	14123	1	3781	0
ONCE1281-YERLESIM	sincan	2907	0	0	0
ONCE1281-YERLESIM	sincar	5	0	0	1
ONCE1281-YERLESIM	sine	5	0	0	1
ONCE1281-YERLESIM	sinop	31723	1	5574	0
ONCE1281-YERLESIM	siraz	16778	1	5141	0
ONCE1281-YERLESIM	sircan	5	0	0	1
ONCE1281-YERLESIM	sirnak	12635	1	3175	0
ONCE1281-YERLESIM	sisam	13848	1	3141	0
ONCE1281-YERLESIM	sivas	46373	2	18039	0
ONCE1281-YERLESIM	siverek	5	0	0	1
ONCE1281-YERLESIM	sivrihisar	15280	1	3547	0
ONCE1281-YERLESIM	sofulu	5	0	0	1
ONCE1281-YERLESIM	sogut	19009	1	3888	0
ONCE1281-YERLESIM	soke	5	0	0	1
ONCE1281-YERLESIM	sombeki	5	0	0	1
ONCE1281-YERLESIM	soufli	5	0	0	1
ONCE1281-YERLESIM	sozak	5	0	0	1
ONCE1281-YERLESIM	sterna	5	0	0	1
ONCE1281-YERLESIM	sultanabad	5	0	0	1
ONCE1281-YERLESIM	sultaniye	5	0	0	1
ONCE1281-YERLESIM	sunak-kurgan	5	0	0	1
ONCE1281-YERLESIM	sur	5	0	0	1
ONCE1281-YERLESIM	suruc	5	0	0	1
ONCE1281-YERLESIM	susa	5	0	0	1
ONCE1281-YERLESIM	suser	5	0	0	1
ONCE1281-YERLESIM	suster	10732	1	3466	0
ONCE1281-YERLESIM	suveys	13045	1	4194	0
ONCE1281-YERLESIM	suzak	5	0	0	1
ONCE1281-YERLESIM	svilengrad	5	0	0	1
ONCE1281-YERLESIM	tahran	18011	1	5169	0
ONCE1281-YERLESIM	tahta	5	0	0	1
ONCE1281-YERLESIM	tanta	5	0	0	1
ONCE1281-YERLESIM	taraz	5	0	0	1
ONCE1281-YERLESIM	tarsus	22366	1	4832	0
ONCE1281-YERLESIM	taskent	17500	1	4704	0
ONCE1281-YERLESIM	taskurgan	5	0	0	1
ONCE1281-YERLESIM	tavri	5	0	0	1
ONCE1281-YERLESIM	tavsanli	5	0	0	1
ONCE1281-YERLESIM	tebriz	28849	1	5851	0
ONCE1281-YERLESIM	tedmur	11843	1	3632	0
ONCE1281-YERLESIM	tekirdag	37309	2	15600	0
ONCE1281-YERLESIM	telafer	5	0	0	1
ONCE1281-YERLESIM	terme	5	0	0	1
ONCE1281-YERLESIM	termez	5	0	0	1
ONCE1281-YERLESIM	tiflis	28440	1	6019	0
ONCE1281-YERLESIM	tikrit	19953	1	4681	0
ONCE1281-YERLESIM	tilimsan	30473	1	5029	0
ONCE1281-YERLESIM	tilos	5	0	0	1
ONCE1281-YERLESIM	tire	28438	2	14577	0
ONCE1281-YERLESIM	tirnova	5	0	0	1
ONCE1281-YERLESIM	tirwanish	5	0	0	1
ONCE1281-YERLESIM	tokat	69700	3	38346	0
ONCE1281-YERLESIM	tosya	15444	1	3767	0
ONCE1281-YERLESIM	trablussam	22807	2	12513	0
ONCE1281-YERLESIM	trabzon	62373	2	24895	0
ONCE1281-YERLESIM	tsqaltbila	5	0	0	1
ONCE1281-YERLESIM	tuleytula	33987	1	6387	0
ONCE1281-YERLESIM	tunus	135907	5	124910	0
ONCE1281-YERLESIM	tur	5	0	0	1
ONCE1281-YERLESIM	turbet-i-cam	5	0	0	1
ONCE1281-YERLESIM	turbet-i-haydariye	5	0	0	1
ONCE1281-YERLESIM	turkistan	32191	1	6797	0
ONCE1281-YERLESIM	tursiz	5	0	0	1
ONCE1281-YERLESIM	tus	10546	1	3219	0
ONCE1281-YERLESIM	tuz-hurmatu	5	0	0	1
ONCE1281-YERLESIM	tyre	5	0	0	1
ONCE1281-YERLESIM	uceyr	5	0	0	1
ONCE1281-YERLESIM	ukayr	5	0	0	1
ONCE1281-YERLESIM	uksur	5	0	0	1
ONCE1281-YERLESIM	ulubat	5	0	0	1
ONCE1281-YERLESIM	uluborlu	5	0	0	1
ONCE1281-YERLESIM	ulukisla	5	0	0	1
ONCE1281-YERLESIM	ulukoy	5	0	0	1
ONCE1281-YERLESIM	umur-fakih	5	0	0	1
ONCE1281-YERLESIM	unye	5	0	0	1
ONCE1281-YERLESIM	urfa	2758	0	0	0
ONCE1281-YERLESIM	urmiye	13283	1	4172	0
ONCE1281-YERLESIM	usak	40351	2	14458	0
ONCE1281-YERLESIM	uskudar	61384	2	35190	0
ONCE1281-YERLESIM	uzunkopru	5	0	0	1
ONCE1281-YERLESIM	vahan	5	0	0	1
ONCE1281-YERLESIM	van	65774	3	29939	0
ONCE1281-YERLESIM	vasit	22460	1	4226	0
ONCE1281-YERLESIM	venedik	24455	1	5147	0
ONCE1281-YERLESIM	vize	5	0	0	1
ONCE1281-YERLESIM	yafa	23101	1	5114	0
ONCE1281-YERLESIM	yalova	20635	1	4222	0
ONCE1281-YERLESIM	yalvac	5	0	0	1
ONCE1281-YERLESIM	yamurgi	5	0	0	1
ONCE1281-YERLESIM	yarhisar	5	0	0	1
ONCE1281-YERLESIM	yeni-urgenc	5	0	0	1
ONCE1281-YERLESIM	yenikarpuzlu	5	0	0	1
ONCE1281-YERLESIM	yenisehir	23188	1	6161	0
ONCE1281-YERLESIM	yesi	5	0	0	1
ONCE1281-YERLESIM	yezd	17320	1	5033	0
ONCE1281-YERLESIM	yucelen	5	0	0	1
ONCE1281-YERLESIM	yuksekova	5	0	0	1
ONCE1281-YERLESIM	yumurtalik	5	0	0	1
ONCE1281-YERLESIM	yurtbagi	5	0	0	1
ONCE1281-YERLESIM	zaho	5	0	0	1
ONCE1281-YERLESIM	zamanti	5	0	0	1
ONCE1281-YERLESIM	zazalo	5	0	0	1
ONCE1281-YERLESIM	zencan	19985	1	5044	0
ONCE1281-YERLESIM	zerenc	16669	1	3942	0
ONCE1281-YERLESIM	zeyla	16942	1	4219	0
PAKET-0076-DOBRIC-MADDE-1005	hacioglupazarcigi	19881	1	4526	0
SAFEVI-DOGU-0081	abbas-i	15637	1	4622	0
SAFEVI-DOGU-0081	ahlat	33705	2	15156	0
SAFEVI-DOGU-0081	akkoyunlular	35247	1	9433	0
SAFEVI-DOGU-0081	amasya-antlasmasi	8682	1	3563	0
SAFEVI-DOGU-0081	ardahan	9823	1	2843	0
SAFEVI-DOGU-0081	bagdat	129368	4	76858	0
SAFEVI-DOGU-0081	bayburt	20171	1	4601	0
SAFEVI-DOGU-0081	bitlis	24130	1	5568	0
SAFEVI-DOGU-0081	caldiran-savasi	17843	1	4188	0
SAFEVI-DOGU-0081	cemisgezek	0	0	0	0
SAFEVI-DOGU-0081	cizre	24182	1	5479	0
SAFEVI-DOGU-0081	dayr-al-qamar	0	0	0	0
SAFEVI-DOGU-0081	deyrulkamer	0	0	0	0
SAFEVI-DOGU-0081	dimask	2738	0	0	0
SAFEVI-DOGU-0081	diyarbakir	58067	2	24168	0
SAFEVI-DOGU-0081	diyarbekir	0	0	0	0
SAFEVI-DOGU-0081	dogubayazit	16268	1	4290	0
SAFEVI-DOGU-0081	egil	0	0	0	0
SAFEVI-DOGU-0081	erbil	13703	1	4249	0
SAFEVI-DOGU-0081	ergani	0	0	0	0
SAFEVI-DOGU-0081	erzincan	25361	1	4723	0
SAFEVI-DOGU-0081	erzurum	103517	3	51456	0
SAFEVI-DOGU-0081	ferhad-pasa-antlasmasi	0	0	0	0
SAFEVI-DOGU-0081	gence	25595	1	5636	0
SAFEVI-DOGU-0081	halepce	0	0	0	0
SAFEVI-DOGU-0081	harput	20531	1	4768	0
SAFEVI-DOGU-0081	hasankeyf	27554	1	6904	0
SAFEVI-DOGU-0081	hemedan	19426	1	4923	0
SAFEVI-DOGU-0081	idris-i-bitlisi	28446	1	9652	0
SAFEVI-DOGU-0081	imadiye	0	0	0	0
SAFEVI-DOGU-0081	irakeyn-seferi	17644	1	4816	0
SAFEVI-DOGU-0081	ismail-i-safevi	0	0	0	0
SAFEVI-DOGU-0081	ismail-i	2723	0	0	0
SAFEVI-DOGU-0081	kars	23013	1	5582	0
SAFEVI-DOGU-0081	kasr-i-sirin-antlasmasi	0	0	0	0
SAFEVI-DOGU-0081	kerkuk	19535	1	5268	0
SAFEVI-DOGU-0081	kigi	0	0	0	0
SAFEVI-DOGU-0081	kirman	12676	1	4455	0
SAFEVI-DOGU-0081	kizilbas	96215	1	9895	0
SAFEVI-DOGU-0081	kumuklar	14168	1	3725	0
SAFEVI-DOGU-0081	lala-mustafa-pasa	14263	1	4955	0
SAFEVI-DOGU-0081	luristan	8859	1	2673	0
SAFEVI-DOGU-0081	mardin	60290	2	30833	0
SAFEVI-DOGU-0081	mercidabik-savasi	0	0	0	0
SAFEVI-DOGU-0081	mercidabik	0	0	0	0
SAFEVI-DOGU-0081	merend	0	0	0	0
SAFEVI-DOGU-0081	midyat	0	0	0	0
SAFEVI-DOGU-0081	mus	23600	1	5022	0
SAFEVI-DOGU-0081	musul	0	0	0	0
SAFEVI-DOGU-0081	nahcivan	28570	1	5066	0
SAFEVI-DOGU-0081	nusaybin	15295	1	5199	0
SAFEVI-DOGU-0081	ozdemiroglu-osman-pasa	0	0	0	0
SAFEVI-DOGU-0081	palu	0	0	0	0
SAFEVI-DOGU-0081	ramazanogullari	41666	2	19200	0
SAFEVI-DOGU-0081	revan	22471	1	4983	0
SAFEVI-DOGU-0081	revanduz	0	0	0	0
SAFEVI-DOGU-0081	ridaniye-savasi	14677	1	3660	0
SAFEVI-DOGU-0081	safeviler	74706	2	26940	0
SAFEVI-DOGU-0081	sah-ismail	32847	2	15154	0
SAFEVI-DOGU-0081	samhal	0	0	0	0
SAFEVI-DOGU-0081	sanliurfa	69757	3	38736	0
SAFEVI-DOGU-0081	sehrizor-eyaleti	0	0	0	0
SAFEVI-DOGU-0081	sehrizor	15460	1	4295	0
SAFEVI-DOGU-0081	selim-i	71746	1	15482	0
SAFEVI-DOGU-0081	semave	0	0	0	0
SAFEVI-DOGU-0081	semerkant-savasi	0	0	0	0
SAFEVI-DOGU-0081	siirt	17780	1	3996	0
SAFEVI-DOGU-0081	silvan	2759	0	0	0
SAFEVI-DOGU-0081	sincar	0	0	0	0
SAFEVI-DOGU-0081	siraz	16725	1	5139	0
SAFEVI-DOGU-0081	sirvan	21102	1	5110	0
SAFEVI-DOGU-0081	sirvansahlar	21287	1	6340	0
SAFEVI-DOGU-0081	suveys	12991	1	4192	0
SAFEVI-DOGU-0081	tahmasb-i	0	0	0	0
SAFEVI-DOGU-0081	tahmasb	23598	1	6240	0
SAFEVI-DOGU-0081	tiflis	28386	1	6017	0
SAFEVI-DOGU-0081	urfa	2708	0	0	0
SAFEVI-DOGU-0081	van	65725	3	29937	0
SAFEVI-DOGU-0081	yezd	17270	1	5031	0
SAFEVI-DOGU-0081	zaho	0	0	0	0
SAFEVI-DOGU-0081	zencan	19933	1	5042	0
