kimlik_onerisi,ad,tur,f,t,merkez,oncul,ardil,kaynak,kesinlik,not
bitlis-emirligi,Bitlis Emirliği (Rojkî / Şerefoğulları – Şeref Han ailesi),emirlik,bulunamadı,bulunamadı,Bitlis,bulunamadı,OSMANLI (künye yok; çekirdek katman),"TDV bitlis: “XIV. yüzyılda Şerefoğulları adlı bir sülâlenin hüküm sürdüğü Bitlis” · TDV seref-han: Rojeki aşireti · TDV kurtler (https://islamansiklopedisi.org.tr/kurtler): “Bağdat’a bağlı olan İmâdiye ile Van’a bağlı Bitlis, Hakkâri, Mahmudî ve Pünyanişi hükümet statüsünde sancaklardı.”",belirsiz,"Hükümet sancak (TDV kurtler, Kanûnî Van listesi; TDV hukumet: Ayn Ali listesinde Bitlis). ÇELİŞKİ: TDV seref-han 1592’de Bitlis vd. sancaklarına “ocaklık statüsünde mutasarrıf” der. f: yalnız “XIV. yüzyıl” (yıl yok). t: TDV’de yıl yok; Vikipedi 1847/1849 der (dayanak olamaz) ⇒ bulunamadı. Hânedan 1533/1534–1578 arası Bitlis’ten uzak (Ulama Paşa idaresi; 1578’de Şeref Han dönüşü) — süreklilik kesintili."
hakkari-emirligi,"Hakkâri Emirliği (Şenbu; merkez Çölemerik, kol Şemdinan)",emirlik,bulunamadı,1849-01-01,Çölemerik (Hakkâri),bulunamadı,OSMANLI (künye yok; çekirdek katman),"Cemal Ülke, 19. yüzyılın ilk yarısında Hakkâri’de idârî ve sosyal yapı (1800-1850), dr. tezi, Mardin Artuklu Ü. 2022, özet: “In 1849, Nurullah Bey who was the last Mir of the Hakkâri living still in Hakkari, also send to exile” · TDV kurtler (https://islamansiklopedisi.org.tr/kurtler): “Bağdat’a bağlı olan İmâdiye ile Van’a bağlı Bitlis, Hakkâri, Mahmudî ve Pünyanişi hükümet statüsünde sancaklardı.”",f:belirsiz;t:yil,"Hükümet sancak (TDV kurtler Kanûnî + 1673-1740 Van listeleri; TDV hakkari: Van eyaletine bağlı “hükümet” statüsünde sayılmış). ÇELİŞKİ: TDV hakkari ve ocaklik maddesi “ocaklık” da der. f: TDV van, Argun Han devrinde (1284-1291) “Van Kalesi’ne Hakkâri beyleri hâkim durumdaydı” ⇒ 1281 öncesi var; kuruluş yılı yok. İhsan Akın YL tezi (YYÜ 2019) başlığı “Emirate of Hakkari (1130-1849)” — yalnız başlık, cümle yok ⇒ kullanılmadı."
soran-emirligi,Soran Emirliği (Revandiz),emirlik,bulunamadı,1834-01-01,Revandiz (Rawanduz),bulunamadı,OSMANLI (künye yok; çekirdek katman),"Encyclopaedia Iranica, BAHDĪNĀN (A. Hassanpour): “the Ottoman government succeeded in defeating the Soran amir and putting an end to this principality in 1834” · TDV kurtler (https://islamansiklopedisi.org.tr/kurtler) (Bâbân, Soran, Behdînân, Hakkâri, Bohtan XIX. yy başında yerini korudu)",f:belirsiz;t:yil,TDV’de müstakil madde yok (soran/revandiz slug 302). Osmanlı statüsü (hükümet/ocaklık) TDV sancak listelerinde geçmiyor; Şerefnâme’de “Kürdistan’ın diğer beyleri” grubunda. Yaygın literatürde 1836 da geçer — kaynaklı değer Iranica 1834.
baban-emirligi,Bâbân Emirliği (Kalaçolan → Süleymaniye),emirlik,bulunamadı,1850-01-01,Kalaçolan; 1783’ten Süleymaniye,bulunamadı,OSMANLI (künye yok; çekirdek katman),TDV suleymaniye--irak: “Baban Emirliği’ne 1850’de son verilince Süleymaniye sancak merkezi olarak Bağdat’a … bağlandı” · TDV kurtler: “Bâbân Beyliği’nin 1850’de Osmanlı güçleri tarafından ortadan kaldırılması”,f:belirsiz;t:yil,"TEREDDUT: TDV suleymaniye--irak aileyi “Baban sancağını ocaklık olarak yönetmiş … sancağın beyleri Bağdat valisinin teklifiyle tayin edilmiştir” diye anlatır ⇒ yurtluk-ocaklık ölçütüne düşer; Iranica BĀBĀN DYNASTY ise yarı-özerk emirlik der. f: TDV “XVII. yüzyılın ikinci yarısından itibaren”, Iranica “early 11th/17th” — yıl yok. ÇELİŞKİ t: Iranica özerkliğin sonu 1263/1847 (Hoy yenilgisi), son Bâbân kaymakamı 1267/1851 ⇒ TDV 1850 esas."
behdinan-emirligi,Behdînân (İmâdiye) Emirliği,emirlik,bulunamadı,1842-01-01,İmâdiye (Amadiya),bulunamadı,OSMANLI (künye yok; çekirdek katman),"Encyclopaedia Iranica, BAHDĪNĀN: “the Ottomans were able to overthrow the Bahdīnān amirate in 1842” · TDV kurtler (https://islamansiklopedisi.org.tr/kurtler): “Bağdat’a bağlı olan İmâdiye ile Van’a bağlı Bitlis, Hakkâri, Mahmudî ve Pünyanişi hükümet statüsünde sancaklardı.”",f:belirsiz;t:yil,Hükümet sancak (Kanûnî ve 1673-1740 Bağdat listeleri; Ayn Ali). f: Iranica yalnız “7th-8th/13th-14th centuries” (Zengî gücünün çöküşü ardından) — yıl yok. TDV’de müstakil madde yok (imadiye/behdinan slug 302). 1832-1834 arası Soran işgali (Iranica).
erdelan-emirligi,Erdelân Emirliği (Senendec; İran sınır vâlîliği),emirlik,bulunamadı,1867-05-05,Senendec (Sanandaj),bulunamadı,kacar,"Encyclopaedia Iranica, BANĪ ARDALĀN (P. Oberling): “in 1284/1867-68, he terminated Ardalān’s special status … thus putting an end to the Ardalān dynasty”",f:belirsiz;t:yil,"t hesabı: H.1284 = 1867-05-05 → 1868-04-24; kaynak 1867-68 diyor ⇒ kesişim tüm H.1284, ilk gün 1867-05-05 (gün değil, hicrî yıl sözleşmesi). f: Iranica “probably in the 14th century” Senendec’e yerleşme — yıl yok. Safevî/Kaçar’a tâbi yarı özerk; ara ara Osmanlı’ya yöneldi (Iranica) ama TDV kurtler 1515’te Osmanlı dışında kalanlar arasında sayar ⇒ Osmanlı tâbiiyeti tarihli değil. İran tarafı; Osmanlı d:/v: evreninde değil."
mahmudi-beyligi,Mahmûdî Beyliği (Hoşap),beylik,bulunamadı,bulunamadı,Hoşap Kalesi,bulunamadı,OSMANLI (künye yok; çekirdek katman),"TDV hosap-kalesi: “son şeklini ise Osmanlı Devleti’ne bağlı Mahmûdî Beyliği zamanında aldığı anlaşılmaktadır” · TDV kurtler (https://islamansiklopedisi.org.tr/kurtler): “Bağdat’a bağlı olan İmâdiye ile Van’a bağlı Bitlis, Hakkâri, Mahmudî ve Pünyanişi hükümet statüsünde sancaklardı.” ; 1673-1740: “Hoşap (Mahmudî) hükümet statüsündeki sancaklardır”",belirsiz,Hükümet sancak (TDV kurtler; TDV hukumet 1632-1642 defterinde eklenir). ÇELİŞKİ: TDV ocaklik Mahmudî’yi “sürekliliği olan ocaklık sancaklar” arasında sayar. f/t yıl yok; TDV hosap-kalesi kalenin “XIX. yüzyılın ortalarına kadar faal” olduğunu söyler (beylik sonu değil).
palu-hukumeti,Palu Hükümeti (Mirdâsî beyleri),beylik,bulunamadı,bulunamadı,Palu,bulunamadı,OSMANLI (künye yok; çekirdek katman),"TDV kurtler (https://islamansiklopedisi.org.tr/kurtler): “Kanûnî Sultan Süleyman döneminde Diyarbekir eyaletine bağlı hükümet sancaklar Cizre, Eğil, Genç, Palu ve Hazzo idi.” · TDV zazalar (https://islamansiklopedisi.org.tr/zazalar): “Palu, Çermik ve Eğil’deki Mirdâsîler” ; “Tanzimat’a kadar devam eden bu sistem 1850’lerden itibaren değişti”",belirsiz,"Hükümet sancak (TDV kurtler, hukumet, diyarbakir). Sonu: TDV zazalar yalnız “1850’lerden itibaren” (onyıl, bölgesel) ⇒ yıl bulunamadı. Evliya Çelebi döneminde Palu’da tahrir yapılıyordu (TDV kurtler) — statü aşınması. Akademik ip ucu: M. Ali Ünal, “XVI. Yüzyılda Palu Hükümeti” (TTK Bildiriler XI) — okunamadı."
egil-hukumeti,Eğil Hükümeti (Mirdâsî beyleri),beylik,bulunamadı,bulunamadı,Eğil,bulunamadı,OSMANLI (künye yok; çekirdek katman),"TDV kurtler (https://islamansiklopedisi.org.tr/kurtler): “Kanûnî Sultan Süleyman döneminde Diyarbekir eyaletine bağlı hükümet sancaklar Cizre, Eğil, Genç, Palu ve Hazzo idi.” · TDV zazalar (https://islamansiklopedisi.org.tr/zazalar): “Tanzimat’a kadar devam eden bu sistem 1850’lerden itibaren değişti”",belirsiz,"Hükümet sancak. f/t yıl yok. İp ucu: M. Salih Erpolat, “Osmanlı Devleti Döneminde Eğil Sancağı (XVI.-XVII. Yüzyıllar)” (Dicle Ü. açık arşiv, 2020) — 403, okunamadı."
genc-hukumeti,Genç Hükümeti (Süveydî beyleri),beylik,bulunamadı,bulunamadı,Genç (Bingöl yöresi),bulunamadı,OSMANLI (künye yok; çekirdek katman),"TDV kurtler (https://islamansiklopedisi.org.tr/kurtler): “Kanûnî Sultan Süleyman döneminde Diyarbekir eyaletine bağlı hükümet sancaklar Cizre, Eğil, Genç, Palu ve Hazzo idi.” · TDV zazalar (https://islamansiklopedisi.org.tr/zazalar): “Genç ve Bingöl’de Süveydîler”; “Tanzimat’a kadar devam eden bu sistem 1850’lerden itibaren değişti”",belirsiz,Hükümet sancak. f/t yıl yok (Vikipedi 1240’lar-1873 der — dayanak olamaz).
hazzo-hukumeti,Hazzo (Sason) Hükümeti,beylik,bulunamadı,bulunamadı,Hazzo / Sason,bulunamadı,OSMANLI (künye yok; çekirdek katman),"TDV kurtler (https://islamansiklopedisi.org.tr/kurtler): “Kanûnî Sultan Süleyman döneminde Diyarbekir eyaletine bağlı hükümet sancaklar Cizre, Eğil, Genç, Palu ve Hazzo idi.” · TDV diyarbakir: “Hazo Harput değil Sasun’un bir başka adıdır” · TDV zazalar (https://islamansiklopedisi.org.tr/zazalar): “Tanzimat’a kadar devam eden bu sistem 1850’lerden itibaren değişti”",belirsiz,Hükümet sancak. Ad tuzağı: Hazzo = Sason (bugünkü Hazro ilçesi ile karıştırılmamalı; TDV diyarbakir). Şerefnâme’de “Hazzo (Sason)” ayrı hânedan. f/t yıl yok.
mukriyan-emirligi,Mükriyan (Mukrî) Emirliği,emirlik,bulunamadı,bulunamadı,Gâvdul; sonra Saujbolâk (Mehâbâd),bulunamadı,bulunamadı,"Encyclopaedia Iranica, MOKRI TRIBE (P. Oberling): “when the Ottomans conquered Azarbaijan in the 1580s, Amira Bey, the amir of the Mokri, declared his allegiance to the Ottoman sultan Murad III”",belirsiz,"TEREDDUT: Iranica bunu bir AŞİRET (tribe) ve emîrini “amir of the Mokri tribe” olarak anlatır; Safevî’ye bağlı (Merâga valiliği), Osmanlı tâbiiyeti yalnız 1580’ler–1603. TDV kurtler 1515’te Osmanlı dışında kalanlar arasında “Mûkrî”yi sayar. TDV’de müstakil madde yok (mukri = Kıraat yönlendirmesi; mukriyan 302). f/t yıl yok."
bradost-emirligi,Bradost (Bıradost) Emirliği (Uşni ve Somay),emirlik,bulunamadı,bulunamadı,Uşni / Somay; Dimdim Kalesi,bulunamadı,bulunamadı,TDV kurtler (https://islamansiklopedisi.org.tr/kurtler): “Bradost Kürtleri ile görüşerek onları sultana biat etmeye ikna etti” ; Şerefnâme tasnifi “Bıradost (Uşni ve Somay emirliklerinden oluşur)”,belirsiz,"TEREDDUT: Osmanlı-Safevî arasında; 1609-1610 Dimdim’de Şah Abbas’la savaş (TDV kurtler). Uşni XVII. yy ortası risâlede hükümet listesinde (TDV hukumet), Somay 1673-1740’ta yurtluk-ocaklık (TDV kurtler) — iki kol iki statü. f/t yıl yok."
pertek-mazgirt-beyligi,Pertek / Mazgirt Beyliği,beylik,bulunamadı,bulunamadı,Pertek; Mazgirt,cemisgezek-beyligi,OSMANLI (künye yok; çekirdek katman),"TDV kurtler (https://islamansiklopedisi.org.tr/kurtler): “Diyarbekir’e bağlı Sağman, Kulp, Mihrani, Tercil, Atak, Pertek, Çapakçur ve Çermik ise yurtluk-ocaklık statüsünde sancaklardı.” ; Mazgirt sonradan yurtluk-ocaklığa eklendi",belirsiz,"TEREDDUT: yurtluk-ocaklık (tahrire girer) ⇒ koordinatör ölçütüne göre polity DEĞİL. Şerefnâme tasnifinde Pertek ÇEMİŞGEZEK hânedanının kolu (“Çemişgezek (Mücenkürd, Pertek, Sakaman emirliklerinden oluşur)”); “Mirdâsî” etiketi TDV’de Eğil-Palu-Çermik içindir, Pertek için DEĞİL. Mevcut künye cemisgezek-beyligi (1281-1420) ile ilişkisi koordinatörde. `mirdasi` künyesi (1024-1080) Halep Mirdâsîleri — farklı."
kubadogullari,Kubadoğulları (Samsun Beyliği),beylik,bulunamadı,1417-02-18,"Samsun (müslüman Samsun); Kavak, Lâdik",bulunamadı,candar,"TDV samsun: “II. Keykâvus’un torunu Tâceddin Altunbaş Gazi Çelebi’nin kurduğu Kubadoğulları Samsun, Kavak ve Lâdik yörelerinde hüküm sürüyordu” ; “muhtemelen 820-822’de (1417-1419) … Tâceddinoğulları, Cüneyd’i öldürdü”",f:belirsiz;t:onyil,"t hesabı: H.820 = 1417-02-18 → 1418-02-08; kaynak “muhtemelen 820-822 (1417-1419)” ⇒ aralığın ilk günü 1417-02-18, “muhtemelen” ⇒ onyil. f: Altunbaş’ın ölümü 1340-1350 arası (TDV) — kuruluş yılı yok. Merkez TDV’ye göre SAMSUN; görevdeki “Bafra” TDV’de doğrulanmadı (TDV taceddinogullari 1394’te ayrıca “Bafra emîrleri” anar — kimliği belirsiz). Ardıl: Samsun önce Candaroğulları’na, H.823/1420’de Osmanlı’ya geçti (TDV samsun)."
turgutogullari,Turgutoğulları (Turgutlular),beylik,bulunamadı,bulunamadı,Akşehir doğusu bozkırı / İç İl (Turgut-ili),bulunamadı,bulunamadı,TDV turgutlular: “Karamanoğulları’na bağlı bir Türkmen oymağı ve bu oymağın başında bulunan ailenin adı”,belirsiz,"TEREDDUT: TDV’ye göre ayrı devlet değil, Karamanoğulları’na bağlı oymak; beyleri Karaman beylerbeyi/başkumandanı. Künye açılması önerilmez; olayları `karaman` künyesine aittir. f/t yıl yok."
lucca-cumhuriyeti,Lucca Cumhuriyeti,cumhuriyet,1162-07-01,1805-06-24,Lucca,Toskana Markizliği (künye yok),lucca-prensligi,"Treccani, Enciclopedia Italiana, LUCCA — https://www.treccani.it/enciclopedia/lucca_(Enciclopedia-Italiana)/ — «la sanzione imperiale fu data nella dieta di S. Genesio (luglio 1162)» · Treccani, Enciclopedia Italiana, LUCCA — https://www.treccani.it/enciclopedia/lucca_(Enciclopedia-Italiana)/ — «Il 24 giugno 1805 Napoleone sanzionava la nuova costituzione di Lucca assegnandola come principato»",f:ay;t:gun,"Komün 11. yy sonunda doğdu (Treccani DdS); f = imparatorluk tanıması (Temmuz 1162, gün yok). Bağımsızlık kesintileri: 1314 Pisa (Uguccione), 1316-1328 Castruccio senyörlüğü, 1342-1369 Pisa egemenliği; 1369-04-08 kesin özgürlük. Aristokratik cumhuriyet 1799-02-04 Fransız işgaliyle bitti; 1799-1805 arası demokratik/geçici hükümetler ve 1801 anayasalı 'repubblica lucchese' sürdü — t bu yüzden prensliğin kuruluşu."
lucca-prensligi,Lucca Prensliği / Lucca Dukalığı (Baciocchi · Bourbon-Parma),prenslik,1805-06-24,1847-10-04,Lucca,lucca-cumhuriyeti,toskana,"Treccani, Enciclopedia Italiana, LUCCA — https://www.treccani.it/enciclopedia/lucca_(Enciclopedia-Italiana)/ — «Il 4 ottobre 1847 in Firenze Carlo Ludovico, all'insaputa dei Lucchesi, fece cessione del ducato a Leopoldo II.»",gun,"İki evre: 1805-1814 prenslik (Felice Baciocchi / Elisa Bonaparte; 1806'da Massa-Carrara eklendi) · 1817-1847 dukalık (Maria Luisa di Borbone 1817-24, Carlo Ludovico). 1814-1817 arası Avusturya/geçici idare (Treccani EI: 'governò al servizio dell'Austria'). Dukalık evresi ayrı satıra bölünebilir; koordinatör kararı."
urbino-dukaligi,Urbino Kontluğu / Dukalığı (Montefeltro · Della Rovere),dukalik,1213-01-01,1631-04-28,Urbino,papalik,papalik,"Treccani, Dizionario di Storia, Urbino — https://www.treccani.it/enciclopedia/urbino_(Dizionario-di-Storia)/ — «gli svevi la dettero in feudo comitale alla famiglia dei Montefeltro (1213)» · Treccani, Dizionario Biografico, FRANCESCO MARIA II Della Rovere — https://www.treccani.it/enciclopedia/francesco-maria-ii-della-rovere-duca-di-urbino_(Dizionario-Biografico)/ — «spegnendosi a Casteldurante (oggi Urbania) il 28 apr. 1631. Finalmente Urbano VIII, il 12 maggio, può proclamare l'annessione»",f:yil;t:gun,"TEREDDUT: Papalık tâbiyeti (1443 dukalığı papa Eugenius IV verdi; Montefeltro'nun imparatorluk tımarı olup olmadığı tartışmalı) ama kendi hanedanıyla, papalık idaresi dışında yönetildi ⇒ ayrı polity. Kesinti: 1502-1503 Cesare Borgia, 1516-1521 Lorenzo de' Medici (kaynak cümlesi alınmadı). Ölüm günü çelişkisi: DBI FM II 28 Nisan; DBI Vittoria Della Rovere 23 Nisan (WebSearch özeti; sayfa açılmadı)."
monferrato,Monferrato Markizliği / Dukalığı (Aleramici · Paleologi · Gonzaga),prenslik,bulunamadı,1708-01-01,Chivasso → Casale (1435),Aleramici markası (künye yok),savoya,"Treccani, Dizionario di Storia, Monferrato — https://www.treccani.it/enciclopedia/monferrato_(Dizionario-di-Storia)/ — «lo dichiarò reo di fellonia e assegnò il M. ai Savoia (1708), come fu confermato dai trattati di Utrecht (1713)»",f:belirsiz;t:yil,"Markizlik → prenslik (ŞEMA). f: kaynak '10°-11° sec.' diyor, yıl yok ⇒ bulunamadı. 1536'dan itibaren Gonzaga (mantua) ile şahsi birlik — TEREDDUT DEĞİL ama atlasta 'mantua' künyesiyle çakışma riski: 1536/1559-1708 arası ayrı devlet olarak Mantua dukalarınca yönetildi. 1575 dukalık. 1631 Cherasco ile Alba-Trino Savoya'ya."
saluzzo,Saluzzo Markizliği,prenslik,1175-01-01,1548-08-01,Saluzzo,Bonifacio del Vasto mirası (künye yok),Fransa Krallığı (Dauphiné),"Treccani, Dizionario di Storia, Saluzzo, marchesato di — https://www.treccani.it/enciclopedia/marchesato-di-saluzzo_(Dizionario-di-Storia)/ — «il 1° agosto di quell'anno i comuni del marchesato ... deliberarono di invitare Enrico II re di Francia a sottomettere alla sua signoria il marchesato»",f:yil;t:gun,"Markizlik → prenslik (ŞEMA). f = Manfredo II'nin hükmü başı ('Il primo ad assumere il titolo di marchese di S. fu Manfredo II (1175-1215)'). Kısmi Savoya/Fransa vasallığına rağmen 'di fatto indipendenti' (DdS). 1487 Savoya işgali geçici. 1549 Dauphiné'ye katıldı; 1588-1601 Savoya işgali, 1601-01-17 Lyon antlaşmasıyla Savoya'ya."
monako,Monako Senyörlüğü / Prensliği (Grimaldi),prenslik,1419-01-01,1923-10-29,Monaco,cenova,—(sürüyor),"Treccani, Dizionario di Storia, Monaco, Principato di — https://www.treccani.it/enciclopedia/principato-di-monaco_(Dizionario-di-Storia)/ — «nel 1419 passò definitivamente a questi ultimi»",f:yil;t:gun,"1923 sonrası sürüyor. f = kesintisiz Grimaldi egemenliği (1419). İlk ele geçiriş 1297-01-08 (DBI), 14. yy'da Cenova ile el değiştirdi. Kesinti 1793-01-03 → 1815 (Fransa'ya ilhak). 1524-1641 İspanya, 1641 sonrası Fransa, 1815-1860 Sardinya himayesi — TEREDDUT gerekmez (kendi hanedanı, himaye ≠ idare)."
san-marino,San Marino Cumhuriyeti,cumhuriyet,bulunamadı,1923-10-29,San Marino (Monte Titano),bulunamadı,—(sürüyor),"Treccani, Dizionario di Storia, San Marino — https://www.treccani.it/enciclopedia/san-marino_(Dizionario-di-Storia)/ — «autonoma dal vescovo di Rimini (Placito Feretrano, 855), si fortificò e si costituì in Comune (i più antichi statuti risalgono al sec. 13°)»",f:belirsiz;t:gun,"1923 sonrası sürüyor. f bulunamadı: 301 kuruluşu GELENEK (kaynak 'Secondo la tradizione'); Placito Feretrano'yu Treccani DdS 855 yazıyor (yaygın tarih 885 — çelişki, seçim yapılmadı). Kesintiler: 16. yy başı Cesare Borgia 'per varî mesi' (gün yok), 1739-10-17/25 → 1740-02-05 Alberoni işgali."
sicilya-ada-kralligi,Sicilya (Trinakria) Krallığı — Vespri sonrası ada krallığı,krallik,1282-03-31,1816-12-08,Palermo,sicilya-kralligi,napoli,"Treccani, Enciclopedia Italiana, Vespro siciliano — https://www.treccani.it/enciclopedia/vespro-siciliano_(Enciclopedia-Italiana)/ — «Il 31 marzo 1282, all'ora dei vespri del lunedì di Pasqua, dal piazzale adiacente la chiesa di S. Spirito, di Palermo» · Treccani, Dizionario di Storia, Sicilia — https://www.treccani.it/enciclopedia/sicilia_(Dizionario-di-Storia)/ — «l'integrale incorporazione della S. nel regno delle Due Sicilie (decreto dell'8 dic. 1816)»",gun,"TEREDDUT: 1282-1409 ayrı Aragon kolu krallığı (gerçek polity); 1409/1412'den sonra Aragon/İspanya tacına bağlı, 1415'ten itibaren VİSKRAL (atanan viceré) ile yönetildi ⇒ ölçüte göre ayrı polity değil, taç ülkesi; 1713-1718 Savoya, 1718-1734 Avusturya, 1734 sonrası Napoli Bourbon'ları ile şahsi birlik (yine viceré). Öneri: 1282-1412 ayrı satır, sonrası taç ülkesi olarak sahibine boyanır — koordinatör kararı. Gün çelişkileri: Vespri Treccani 31 Mart (atlas künyeleri 1282-03-30 kullanıyor; 1282 Paskalyası 29 Mart ⇒ Paskalya Pazartesisi 30 Mart — kaynak ile takvim çelişiyor, ÖLÇÜLEMEDİ); 1816 birleşme DdS 'Sicilia' 8 Aralık, DdS 'Due Sicilie' 22 Aralık."
verona-della-scala,Verona Senyörlüğü (Della Scala / Scaligeri),beylik,1262-01-01,1387-10-18,Verona,Verona Komünü (künye yok),milano-dukaligi,"Treccani, Enciclopedia Italiana, DELLA SCALA — https://www.treccani.it/enciclopedia/della-scala_(Enciclopedia-Italiana)/ — «Famiglia che ebbe la signoria di Verona ufficialmente dal 1277 ... al 1387» · Treccani, Dizionario Biografico, DELLA SCALA, Antonio — https://www.treccani.it/enciclopedia/antonio-della-scala_(Dizionario-Biografico)/ — «nella notte tra il 17 ed il 18 ott. 1387 la città si arrese»",f:yil;t:gun,"Senyörlük (signoria) için şemada karşılık yok → 'beylik' seçildi; koordinatör 'dukalik'/'sehir-devleti' tercih edebilir. f = Mastino'nun capitano del popolo oluşu, EI: 'creazione e consolidamento della signoria a Verona (1262-1311)'; resmî başlangıç 1277 (Alberto). t çelişkisi: DBI 17/18 Ekim gecesi teslim; EI 19 Ekim Visconti işgali. Ardıl Visconti Milano'su (milano-dukaligi). 1404 Nisan kısa restorasyon (Guglielmo)."
padova-carrara,Padova Senyörlüğü (da Carrara / Carraresi),beylik,1318-07-25,1405-11-17,Padova,Padova Komünü (künye yok),venedik,"Treccani, Dizionario Biografico, CARRARA, Giacomo da — https://www.treccani.it/enciclopedia/giacomo-da-carrara_(Dizionario-Biografico)/ — «il 25 luglio 1318 ... il C. venne eletto dal popolo capitano generale a vita e signore di Padova» · Treccani, Dizionario di Storia, Padova — https://www.treccani.it/enciclopedia/padova_(Dizionario-di-Storia)/ — «Venezia, che il 17 nov. 1405, travolta l'accanita resistenza dei suoi difensori, conquistò la città e tutto lo Stato»",gun,"Senyörlük → 'beylik' (bkz. Verona notu). Kesintiler: 1319-11-04 Gorizia'lı Heinrich'in senyörlüğü kabul edildi (DBI özeti, alıntı alınmadı); 1328 Cangrande'ye kayıp, 1337 Marsilio ile geri; 1388/1389 Visconti işgali (DdS 1389), 1390 Francesco Novello geri aldı. t çelişkisi: Storia di Venezia 19 Kasım 1405 (WebSearch özeti)."
bologna-bentivoglio,Bologna Senyörlüğü (Bentivoglio),beylik,1401-02-27,1506-11-02,Bologna,papalik,papalik,"Treccani, Enciclopedia Italiana, BENTIVOGLIO — https://www.treccani.it/enciclopedia/bentivoglio_(Enciclopedia-Italiana)/ — «il 27 febbraio 1401 si proclamò signore di Bologna» · Treccani, Enciclopedia Italiana, BENTIVOGLIO — https://www.treccani.it/enciclopedia/bentivoglio_(Enciclopedia-Italiana)/ — «La notte del 2 novembre 1506 Giovanni abbandonò per sempre Bologna con tutta la numerosa famiglia.»",gun,TEREDDUT: Bologna hukuken Papalık egemenliğinde (Bentivoglio'nun 'diritti di signoria che aveva la Chiesa' karşısında — EI); 1443 sonrası fiilî senyörlük papalık çerçevesinde (vikerlik benzeri). Kesintiler: 1402 Casalecchio yenilgisi (gün çelişkili: 16/24/26 Haziran) → 1420; 1435 → 1443; 1511 Mayıs-1512 kısa restorasyon. DBI Andrea/Bente B. 1401 için 14 Mart diyor (WebSearch özeti) — EI 27 Şubat seçildi.
rimini-malatesta,Rimini Senyörlüğü (Malatesta),beylik,1295-12-01,1500-10-10,Rimini,papalik,papalik,"Treccani, Dizionario Biografico, MALATESTA da Verucchio — https://www.treccani.it/enciclopedia/malatesta-detto-malatesta-da-verucchio-malatesta_(Dizionario-Biografico)/ — «Nel dicembre 1295, approfittando della momentanea assenza del legato apostolico, il M. riuscì a imporre definitivamente il proprio dominio su Rimini» · Treccani, Enciclopedia machiavelliana, Rimini — https://www.treccani.it/enciclopedia/rimini_(Enciclopedia-machiavelliana)/ — «il 10 ottobre 1500 R. fu consegnata al procuratore di Cesare Borgia»",f:ay;t:gun,"TEREDDUT: Papalık vikerliği (1355-07-08 Albornoz'la 10 yıllık investitür, EI Malatesta) — kendi hanedanı, fiilen bağımsız; ölçüte göre polity sayıldı. t = sürekli egemenliğin sonu; sonra 1503 kısa dönüş (1503-12-16 Venedik'e devir), 1509 Papalık, Mayıs 1522-Mart 1523 ve Haziran 1527-1528-06-17 kısa restorasyonlar. Zirvede Fano, Cesena, Senigallia vb. de Malatesta'nın (sınır değişimi kaynaktan çıkarılmadı)."
korsika-cumhuriyeti,Korsika Cumhuriyeti (Pasquale Paoli),cumhuriyet,1755-07-15,1769-05-09,Corte,cenova,Fransa Krallığı (künye yok),"Treccani, Enciclopedia online, Pàoli, Pasquale — https://www.treccani.it/enciclopedia/pasquale-paoli/ — «l'assemblea di S. Antonio della Casabianca il 15 luglio dello stesso anno lo proclamava capo e generale» · Treccani, Enciclopedia Italiana, NAPOLEONE I — https://www.treccani.it/enciclopedia/napoleone-i-imperatore_(Enciclopedia-Italiana)/ — «dopo la battaglia di Pontenuovo (9 maggio 1769)»",gun,t çelişkisi: EI Napoleone 9 Mayıs 1769; DBI Giuseppe Bonaparte 'nell'aprile 1769' (WebSearch özeti); DdS yalnız yıl. Merkez Corte — kaynak cümlesi alınmadı (genel bilgi). Hukuken Cenova adası 1768 Versailles'a kadar; 1764'ten Fransız garnizonları.
massa-carrara,Massa ve Carrara Senyörlüğü / Prensliği / Dukalığı (Malaspina · Cybo-Malaspina),dukalik,1441-01-01,1829-01-01,Massa,bulunamadı,ferrara,"Treccani, Enciclopedia Italiana, MASSA e CARRARA, Ducato di — https://www.treccani.it/enciclopedia/massa-e-carrara-ducato-di_(Enciclopedia-Italiana)/ — «La signoria di Massa, nella linea Cybo Malaspina, s'inizia col marchese Antonio-Alberico I Malaspina (1441-1445)» · Treccani, Enciclopedia Italiana, MASSA e CARRARA — https://www.treccani.it/enciclopedia/massa-e-carrara-ducato-di_(Enciclopedia-Italiana)/ — «Maria Beatrice (1790-1829) ... alla morte di questa, passato per successione legittima al figlio Francesco IV duca di Modena»",yil,"f = Antonio-Alberico I'in hükmünün başı (yalnız yıl); 'vita indipendente' oğlu Iacopo ile (1445). Carrara 1473'te katıldı; prenslik 1568, dukalık 1664. 1796 Fransız işgali, 1806 Elisa Baciocchi'ye (Lucca), 1815 Maria Beatrice'e iade. t çelişkisi: EI 1829 (Maria Beatrice ölümü), DdS 'Modena' 1830 ⇒ yıl seçildi, gün yok. Ardıl Este/Modena dukalığı (atlasta 'ferrara')."
guastalla,Guastalla Kontluğu / Dukalığı (Torelli · Gonzaga),dukalik,1406-01-01,1746-08-15,Guastalla,Milano (Visconti) (künye yok: milano-dukaligi),parma,"Treccani, Dizionario di Storia, Guastalla — https://www.treccani.it/enciclopedia/guastalla_(Dizionario-di-Storia)/ — «Nel 1406 inizia la storia dello Stato di G. con la concessione della città, a titolo ereditario, fatta dai Visconti al conte Guido Torelli» · Treccani, Dizionario Biografico, GONZAGA, Giuseppe Maria — https://www.treccani.it/enciclopedia/giuseppe-maria-gonzaga_(Dizionario-Biografico)/ — «morì per un colpo apoplettico di lì a qualche mese, il 15 ag. 1746. La sua morte, in assenza di eredi, concluse il bicentenario dominio»",f:yil;t:gun,Öncül Visconti Milano'su = atlasta milano-dukaligi. Kontluk 1428 (DdS) / 1619 (DBI Ferrante) çelişkisi; dukalık 1621-07-02. Avusturya 1746-04-03 işgal etti; 1748 Aachen ile Parma'ya katıldı. 1806 ve 1848 sonrası Guastalla adı yeniden geçer (Parma/Modena içinde) — ayrı polity değil.
mirandola,Mirandola Senyörlüğü / Prensliği / Dukalığı (Pico),dukalik,1311-01-01,1711-04-16,Mirandola,bulunamadı,ferrara,"Treccani, Dizionario Biografico, Pico — https://www.treccani.it/enciclopedia/pico_(Dizionario-Biografico)/ — «la vera origine della signoria si fa risalire al 1311, anno in cui l'imperatore Enrico VII di Lussemburgo assegnò in feudo imperiale diretto» · Treccani, Dizionario Biografico, PICO, Francesco Maria — https://www.treccani.it/enciclopedia/pico-francesco-maria-duca-della-mirandola_(Dizionario-Biografico)/ — «il 16 aprile 1711 il plenipotenziario conte di Castelbarco lo cedette al duca di Modena»",f:yil;t:gun,"Prenslik 1596, dukalık 1617. Pico 1708'de imparatorca azledildi (EI: 'dichiarato reo di fellonia, e privato del potere'); 1708-1711 imparatorluk idaresi ⇒ hanedanın sonu 1708, devletin Modena'ya geçişi 1711-04-16. Hangi ucun haritaya yazılacağı koordinatörün. Ardıl Este/Modena (atlasta 'ferrara')."
trento-prens-piskoposlugu,Trento Prens-Piskoposluğu,teokrasi,1027-05-31,1802-11-01,Trento,bulunamadı,Avusturya (Habsburg) (künye yok),"Treccani, Enciclopedia Italiana, TRENTINO — https://www.treccani.it/enciclopedia/trentino_(Enciclopedia-Italiana)/ — «Si creò così il principato ecclesiastico di Trento, se non nel 1004, certamente il 31 maggio 1027» · Treccani, Enciclopedia Italiana, TRENTINO — https://www.treccani.it/enciclopedia/trentino_(Enciclopedia-Italiana)/ — «nel novembre 1802 alla secolarizzazione del principato, che veniva unito all'Austria»",f:gun;t:ay,"TEREDDUT: (prens-piskoposluk → teokrasi, ŞEMA) 1363'ten itibaren Tirol/Habsburg koruması altında; DdS 'Trentino-Alto Adige': 'il principato di Trento fu definitivamente secolarizzato, continuando a mantenere formalmente una parvenza di autorità propria' (1363). Yine de piskopos-prensler 1802'ye dek İmparatorluk prensi olarak hüküm sürdü. t çelişkisi: EI Kasım 1802; DdS 1803 (Reichsdeputationshauptschluss); DBI P.V. Thun 1801 Lunéville (WebSearch özeti)."
akuileia-patrikligi,Akuileia Patrikliği Devleti (Friuli Patrik Devleti),teokrasi,1077-04-01,1420-06-16,Cividale → Udine,Friuli Markası (künye yok),venedik,"Treccani, Dizionario Biografico, Sigeardo — https://www.treccani.it/enciclopedia/sigeardo_(Dizionario-Biografico)/ — «All'inizio d'aprile del 1077, a Pavia, egli ricevette da Enrico la donazione del comitato del Friuli, con tutti i diritti pubblici» · Treccani, Enciclopedia Italiana, FRIULI — https://www.treccani.it/enciclopedia/friuli_(Enciclopedia-Italiana)/ — «il 16 giugno 1420 capitolava anche Udine ... La dominazione politica della chiesa aquileiese era così finita»",f:ay;t:gun,"Patriklik devleti → teokrasi (ŞEMA). f 'inizio d'aprile' ⇒ ay; Friuli'de 3 Nisan bayram olarak anılır. t çelişkisi: Storia di Venezia 'Il pubblico e il privato' 6 Haziran 1420, 'Le frontiere navali' 19 Haziran (WebSearch özeti); Aquileia kasabası 5 Ağustos. 1445'ten sonra patriğe Aquileia, San Vito, San Daniele bırakıldı (Venedik egemenliği altında, küçük teokratik kalıntı)."
hessen-landgrafligi,Hessen Landgraflığı (bölünme öncesi),prenslik,1264-01-01,1567-01-01,Marburg / Kassel,Thüringen Landgraflığı (künye yok),hessen-kassel; hessen-darmstadt,"Encyclopaedia Britannica 11. baskı (1911), ""Hesse"" maddesi (https://en.wikisource.org/wiki/1911_Encyclop%C3%A6dia_Britannica/Hesse): ""this dispute was not settled until 1264 when Hesse, separated again from Thuringia, was secured by his niece Sophia"" · Encyclopaedia Britannica 11. baskı (1911), ""Hesse"" maddesi (https://en.wikisource.org/wiki/1911_Encyclop%C3%A6dia_Britannica/Hesse): ""When he died in 1567 Hesse was divided between his four sons into Hesse-Cassel, Hesse-Darmstadt, Hesse-Marburg and Hesse-Rheinfels.""",yil,landgraflık → prenslik. 1292'de imparatorluk prensliği (kronolojide). t = I. Philipp'in ölümü 1567 (kaynak gün vermiyor).
hessen-kassel,Hessen-Kassel (Landgraflık → Elektörlük / Kurhessen),prenslik,1567-01-01,1866-08-23,Kassel,hessen-landgrafligi,prusya,"Encyclopaedia Britannica 11. baskı (1911), ""Hesse-Cassel"" maddesi (https://en.wikisource.org/wiki/1911_Encyclop%C3%A6dia_Britannica/Hesse-Cassel): ""On his father’s death in 1567 he received one half of Hesse, with Cassel as his capital; and this formed the landgraviate of Hesse-Cassel."" · Encyclopaedia Britannica 11. baskı (1911), ""Hesse-Cassel"" maddesi (https://en.wikisource.org/wiki/1911_Encyclop%C3%A6dia_Britannica/Hesse-Cassel): ""By the treaty of Prague Hesse-Cassel was annexed to Prussia."" · Prag Antl. günü: Encyclopaedia Britannica 11. baskı (1911), ""Schleswig-Holstein Question"" maddesi (https://en.wikisource.org/wiki/1911_Encyclop%C3%A6dia_Britannica/Schleswig-Holstein_Question): ""the Treaty of Prague (August 23, 1866)""",f:yil;t:gun,landgraflık; 1803'ten elektörlük (Kurfürstentum) → prenslik. 1807-1813 Vestfalya Krallığı'na katıldı (ara). t = Prag Antlaşması günü; Prusya ilhakının resmî yürürlük günü ayrı ölçülmedi.
hessen-darmstadt,Hessen-Darmstadt (Landgraflık → Hessen Büyük Dükalığı),prenslik,1567-01-01,1918-11-12,Darmstadt,hessen-landgrafligi,Hessen Halk Devleti / Volksstaat Hessen (künye yok),"Encyclopaedia Britannica 11. baskı (1911), ""Hesse-Darmstadt"" maddesi (https://en.wikisource.org/wiki/1911_Encyclop%C3%A6dia_Britannica/Hesse-Darmstadt): ""HESSE-DARMSTADT, a grand-duchy in Germany, the history of which begins with the partition of Hesse in 1567."" · NDB, ""Ernst Ludwig"" (https://www.deutsche-biographie.de/sfz52918.html): ""Bei dem Umsturz vom 12.11.1918 wurde er das Opfer""",f:yil;t:gun,"landgraflık (prenslik); 1806'dan büyük dükalık. ÇELİŞKİ: Weimarer Republik e.V. kronolojisi azli 11.11.1918 altında verir, NDB 12.11.1918 'Umsturz' der — NDB seçildi. Büyük dük resmî feragat etmedi."
mecklenburg,"Mecklenburg (Obotrit hanedanı: Senyörlük → Dükalık, 1701 öncesi)",dukalik,1170-01-01,1701-03-08,Schwerin / Güstrow,Obotrit prensliği (künye yok),mecklenburg-schwerin; mecklenburg-strelitz,"Encyclopaedia Britannica 11. baskı (1911), ""Mecklenburg"" maddesi (https://en.wikisource.org/wiki/1911_Encyclop%C3%A6dia_Britannica/Mecklenburg): ""in 1170 the emperor Frederick I. made Pribislaus a prince of the empire."" · Encyclopaedia Britannica 11. baskı (1911), ""Mecklenburg"" maddesi (https://en.wikisource.org/wiki/1911_Encyclop%C3%A6dia_Britannica/Mecklenburg): ""At length the partition Treaty of Hamburg was signed on the 8th of March 1701, and a new division of the country was made.""",f:yil;t:gun,"aile satırı: 1170 imparatorluk prensliği, 1348'den dükalık; iç bölünmeler (Güstrow kolu vb.) ayrı yazılmadı. 1629-1631 Wallenstein'a verildi."
mecklenburg-schwerin,Mecklenburg-Schwerin (Dükalık → Büyük Dükalık),dukalik,1701-03-08,1918-11-14,Schwerin,mecklenburg,Mecklenburg-Schwerin Hür Devleti (künye yok),"Encyclopaedia Britannica 11. baskı (1911), ""Mecklenburg"" maddesi (https://en.wikisource.org/wiki/1911_Encyclop%C3%A6dia_Britannica/Mecklenburg): ""At length the partition Treaty of Hamburg was signed on the 8th of March 1701, and a new division of the country was made."" · Weimarer Republik e.V., Chronik November 1918 (dayanağı: Kittel, s.53-55) (https://www.weimarer-republik.net/themenportal/chronik-1918-bis-1933/1918/november-1918/): ""Am 14.11. erklärt der Großherzog von Mecklenburg-Schwerin seinen Thronverzicht.""",gun,1815'ten büyük dükalık. 1918 sonrası Freistaat olarak 1934'e dek sürdü (kaynakla ölçülmedi).
mecklenburg-strelitz,Mecklenburg-Strelitz (Dükalık → Büyük Dükalık),dukalik,1701-03-08,1918-11-14,Neustrelitz,mecklenburg,Mecklenburg-Strelitz Hür Devleti (künye yok),"Encyclopaedia Britannica 11. baskı (1911), ""Mecklenburg"" maddesi (https://en.wikisource.org/wiki/1911_Encyclop%C3%A6dia_Britannica/Mecklenburg): ""At length the partition Treaty of Hamburg was signed on the 8th of March 1701, and a new division of the country was made."" · Weimarer Republik e.V., Chronik November 1918 (dayanağı: Kittel, s.53-55) (https://www.weimarer-republik.net/themenportal/chronik-1918-bis-1933/1918/november-1918/): ""Am 16.11. wird vom Ministerium verkündet, dass damit auch die Verweserschaft über Mecklenburg-Strelitz erloschen ist.""",gun,"1815'ten büyük dükalık. Şubat 1918'de VI. Adolf Friedrich'in ölümünden sonra Schwerin büyük dükü naip (Verweser); naipliğin sonu 14.11 feragatiyle, ilanı 16.11.1918."
pomeranya-dukaligi,Pomeranya Dükalığı (Griffin hanedanı),dukalik,1170-01-01,1637-01-01,Stettin (Szczecin) / Wolgast,Polonya bağımlılığı (polonya-erken),isvec; brandenburg-prusya,"Encyclopaedia Britannica 11. baskı (1911), ""Pomerania"" maddesi (https://en.wikisource.org/wiki/1911_Encyclop%C3%A6dia_Britannica/Pomerania): ""ruled by two native princes, who took the title of duke about 1170 and admitted the authority of the German king in 1181."" · Encyclopaedia Britannica 11. baskı (1911), ""Pomerania"" maddesi (https://en.wikisource.org/wiki/1911_Encyclop%C3%A6dia_Britannica/Pomerania): ""on his death without issue, in 1637, Brandenburg claimed the duchy by virtue of a compact made in 1571.""",f:onyil;t:yil,"aile satırı: Stettin, Wolgast vb. kollara sık bölündü, 1625'te XIV. Bogislav altında birleşti. t = XIV. Bogislav'ın ölümü (gün kaynakta yok). 1648'de İsveç (Vorpommern) ve Brandenburg (Hinterpommern) arasında bölündü."
holstein,Holstein (Kontluk → Dükalık),dukalik,1110-01-01,1866-01-01,Kiel / Rendsburg / Glückstadt,Saksonya Dükalığı (künye yok),prusya,"Encyclopaedia Britannica 11. baskı (1911), ""Holstein"" maddesi (https://en.wikisource.org/wiki/1911_Encyclop%C3%A6dia_Britannica/Holstein): ""Until about 1110 the county of Holstein formed part of the duchy of Saxony, and it was made a duchy in 1472."" · Encyclopaedia Britannica 11. baskı (1911), ""Schleswig-Holstein Question"" maddesi (https://en.wikisource.org/wiki/1911_Encyclop%C3%A6dia_Britannica/Schleswig-Holstein_Question): ""the designation of Schleswig-Holstein, implying the fusion of the duchies of Schleswig and Holstein in a single Prussian province, only dates from 1866""",f:onyil;t:yil,"TEREDDUT: 1460'tan itibaren Danimarka kralı Holstein kontu/dükü (şahsî birlik); Holstein Kutsal Roma tımarı olarak ayrı kaldı ama hükümdar Danimarka kralıdır — danimarka içinde mi ayrı mı koordinatör hükmü. Schauenburg kontları 1110-1459; 1472'den dükalık (EB 1472; yaygın literatür 1474 — ÇELİŞKİ, EB yazıldı). 1544 sonrası Gottorp kolu (ek aday). 1864-10-30 Viyana: Avusturya-Prusya ortak idaresi; 1866 Prusya eyaleti."
schleswig-dukaligi,Schleswig Dükalığı (Güney Jutland),dukalik,1232-01-01,1866-01-01,Schleswig (Gottorp),danimarka,prusya,"Encyclopaedia Britannica 11. baskı (1911), ""Schleswig-Holstein Question"" maddesi (https://en.wikisource.org/wiki/1911_Encyclop%C3%A6dia_Britannica/Schleswig-Holstein_Question): ""In 1232 King Valdemar II., who had retained the former German Mark north of the Eider, erected South Jutland (Schleswig) into a duchy"" · Encyclopaedia Britannica 11. baskı (1911), ""Schleswig-Holstein Question"" maddesi (https://en.wikisource.org/wiki/1911_Encyclop%C3%A6dia_Britannica/Schleswig-Holstein_Question): ""the designation of Schleswig-Holstein, implying the fusion of the duchies of Schleswig and Holstein in a single Prussian province, only dates from 1866""",yil,TEREDDUT: Danimarka tacının tımarı (Kutsal Roma'ya dahil DEĞİL); 1460'tan Danimarka kralı aynı zamanda dük — danimarka künyesinin iç birimi olabilir. 1864-10-30 Viyana'da Avusturya-Prusya'ya bırakıldı; 1866 Prusya eyaleti. Kuzey Schleswig 1920'de Danimarka'ya döndü (kaynakla ölçülmedi).
braunschweig-wolfenbuttel,"Braunschweig Dükalığı (Braunschweig-Wolfenbüttel, Welf)",dukalik,1267-01-01,1918-11-08,Braunschweig / Wolfenbüttel,Braunschweig-Lüneburg Dükalığı 1235 (künye yok),Braunschweig Hür Devleti (künye yok),"Encyclopaedia Britannica 11. baskı (1911), ""Brunswick (German duchy)"" maddesi (https://en.wikisource.org/wiki/1911_Encyclop%C3%A6dia_Britannica/Brunswick_%28German_duchy%29): ""In 1267 these princes divided the duchy, Albert becoming duke of Brunswick, and John duke of Lüneburg."" · Deutscher Bundestag, Revolutionskalender 8.11.1918 (https://www.bundestag.de/dokumente/textarchiv/1918-11-08-revolutionskalender-37-081118-574084): ""Novemberrevolution in Braunschweig, 8. November 1918: Abdankungserklärung Herzog Ernst Augusts.""",f:yil;t:gun,"aile satırı: Göttingen, Grubenhagen, Calenberg (1432) kolları ayrı yazılmadı; Calenberg kolu sonradan hannover'e dönüştü — ÇAKIŞTIRILMADI. 1807-1813 Vestfalya Krallığı'na katıldı (ara). Ortak ata dükalık Braunschweig-Lüneburg 1235-1267 pencere öncesi."
luneburg-dukaligi,Lüneburg Dükalığı (Braunschweig-Lüneburg; Lüneburg-Celle),dukalik,1267-01-01,1705-01-01,Lüneburg / Celle,Braunschweig-Lüneburg Dükalığı 1235 (künye yok),hannover,"Encyclopaedia Britannica 11. baskı (1911), ""Brunswick (German duchy)"" maddesi (https://en.wikisource.org/wiki/1911_Encyclop%C3%A6dia_Britannica/Brunswick_%28German_duchy%29): ""In 1267 these princes divided the duchy, Albert becoming duke of Brunswick, and John duke of Lüneburg."" · Encyclopaedia Britannica 11. baskı (1911), ""Hanover (province)"" maddesi (https://en.wikisource.org/wiki/1911_Encyclop%C3%A6dia_Britannica/Hanover_%28province%29): ""on his uncle’s death in 1705 he united this duchy, together with Saxe-Lauenburg, with his paternal inheritance of Calenberg or Hanover.""",yil,"TEREDDUT: 1388-1428 Braunschweig-Wolfenbüttel'e katılı, 1428'de Bernhard ile yeniden kuruldu; kolların sınırı karışık. hannover künyesi 1692 elektörlükten başlar: Lüneburg-Celle 1692-1705 arası hannover ile ÇAKIŞMAZ (ayrı hükümdar George William), 1705'te hannover'e katıldı."
saksonya-lauenburg,Saksonya-Lauenburg Dükalığı (Askanya hanedanı),dukalik,1260-01-01,1689-09-01,Ratzeburg / Lauenburg,Saksonya Dükalığı (künye yok),luneburg-dukaligi,"Encyclopaedia Britannica 11. baskı (1911), ""Lauenburg"" maddesi (https://en.wikisource.org/wiki/1911_Encyclop%C3%A6dia_Britannica/Lauenburg): ""When Albert died in 1260 Saxony was divided. Lauenburg, or Saxe-Lauenburg, as it is generally called, became a separate duchy ruled by his son John"" · Encyclopaedia Britannica 11. baskı (1911), ""Lauenburg"" maddesi (https://en.wikisource.org/wiki/1911_Encyclop%C3%A6dia_Britannica/Lauenburg): ""The reigning family, however, became extinct when Duke Julius Francis died in September 1689""",f:yil;t:ay,"t = Askanya soyunun sönmesi (Eylül 1689; gün yok → ayın 1'i, kesinlik ay). Sonra Lüneburg-Celle'ye (1705 hannover), 1815 Danimarka'ya, 1865 Prusya'ya şahsî birlik; 1876-07-01 Prusya'ya katıldı — bunlar kronolojide, ayrı polity açılmadı."
oldenburg,Oldenburg (Kontluk → Dükalık → Büyük Dükalık),dukalik,1180-01-01,1918-11-11,Oldenburg,Saksonya Dükalığı (künye yok),Oldenburg Hür Devleti (künye yok),"Encyclopaedia Britannica 11. baskı (1911), ""Oldenburg (grand-duchy)"" maddesi (https://en.wikisource.org/wiki/1911_Encyclop%C3%A6dia_Britannica/Oldenburg_%28grand-duchy%29): ""they attained the dignity of princes of the empire when the emperor Frederick I. dismembered the Saxon duchy in 1180."" · Weimarer Republik e.V., Chronik November 1918 (dayanağı: Kittel, s.53-55) (https://www.weimarer-republik.net/themenportal/chronik-1918-bis-1933/1918/november-1918/): ""Am 11.11. vezichtet der Großherzog formal auf den Thron.""",f:yil;t:gun,"kontluk (ilk tarihî kont Elimar ö.1108), 1180 imparatorluk prensliği → f. 1777 dükalık, 1829'dan büyük dük unvanı. TEREDDUT: 1667-1773 Danimarka kralları yönetti (şahsî birlik). 1810-1813 Fransa ilhakı. 9.11.1918'de Wilhelmshaven 21'ler Konseyi azil ilan etti (Bundestag), resmî feragat 11.11 — feragat günü seçildi."
anhalt,Anhalt (Prenslik → Dükalık; Askanya hanedanı),prenslik,1212-01-01,1918-11-12,Dessau (1863 sonrası); önce Bernburg/Köthen/Zerbst,Saksonya Dükalığı (künye yok),Anhalt Hür Devleti (künye yok),"Encyclopaedia Britannica 11. baskı (1911), ""Anhalt"" maddesi (https://en.wikisource.org/wiki/1911_Encyclop%C3%A6dia_Britannica/Anhalt): ""Bernard died in 1212, and Anhalt, separated from Saxony, passed to his son Henry, who in 1218 took the title of prince"" · Weimarer Republik e.V., Chronik November 1918 (dayanağı: Kittel, s.53-55) (https://www.weimarer-republik.net/themenportal/chronik-1918-bis-1933/1918/november-1918/): ""Der Prinzregent des Herzogtums Anhalt unterzeichnet eine Verzichtserklärung auf den Thron.""",f:yil;t:gun,"aile satırı: 1252, 1603 vb. bölünmeler (Dessau, Bernburg, Köthen, Zerbst, Plötzkau) ayrı yazılmadı; 1806'dan dükalık, 1863'te birleşti → tur son hâliyle dukalik da sayılabilir, ilk 600 yıl prenslik olduğu için prenslik."
ernestin-dukaliklari,Ernestin Saksonya Dükalıkları (Thüringen; aile satırı),dukalik,1547-01-01,1918-11-14,Weimar / Gotha / Coburg / Meiningen / Altenburg,saksonya,Thüringen Hür Devleti 1920 (künye yok),"Encyclopaedia Britannica 11. baskı (1911), ""Saxony"" maddesi (https://en.wikisource.org/wiki/1911_Encyclop%C3%A6dia_Britannica/Saxony): ""in 1547 he was captured at Mühlberg by the emperor Charles V. and was forced to sign the capitulation of Wittenberg."" · Encyclopaedia Britannica 11. baskı (1911), ""Saxe-Weimar-Eisenach"" maddesi (https://en.wikisource.org/wiki/1911_Encyclop%C3%A6dia_Britannica/Saxe-Weimar-Eisenach): ""Although John Frederick the Magnanimous was deprived of the electorate in 1547 his sons retained Weimar"" · Weimarer Republik e.V., Chronik November 1918 (dayanağı: Kittel, s.53-55) (https://www.weimarer-republik.net/themenportal/chronik-1918-bis-1933/1918/november-1918/): ""Am 14.11., auf der letzten gemeinsamen Sitzung des Lantags, verkündet der Staatsminister den Rücktritt des Herzogs.""",f:yil;t:gun,"TEREDDUT: aile satırı — tek polity değil, sürekli bölünüp birleşen dükalıklar kümesi; önemli birimler ayrı satırda. 1485-1547 Ernestin elektörlüğü saksonya künyesinde sayıldı (çakıştırılmadı). t = son Ernestin hükümdarın (Coburg-Gotha) düşüşünün ilanı."
saksonya-weimar-eisenach,Saksonya-Weimar(-Eisenach) (Dükalık → Büyük Dükalık),dukalik,1641-01-01,1918-11-09,Weimar,ernestin-dukaliklari,Thüringen Hür Devleti 1920 (künye yok),"Encyclopaedia Britannica 11. baskı (1911), ""Saxe-Weimar-Eisenach"" maddesi (https://en.wikisource.org/wiki/1911_Encyclop%C3%A6dia_Britannica/Saxe-Weimar-Eisenach): ""it was not until 1641 that Saxe-Weimar emerged into an independent historical position"" · Deutscher Bundestag, Revolutionskalender 9.11.1918 (https://www.bundestag.de/dokumente/textarchiv/1918-11-09-revolutionskalender-38-091118-574088): ""In Sachsen-Weimar dankt der Großherzog ab.""",f:yil;t:gun,f = EB'nin 'bağımsız tarihî konum' yılı 1641; Weimar payı 1547'den beri Johann Friedrich'in oğullarında (daha erken bölünme yılları kaynakla ölçülmedi). Weimar-Eisenach birleşmesi yılı bulunamadı. 1815 büyük dükalık.
saksonya-gotha-altenburg,Saksonya-Gotha(-Altenburg) Dükalığı,dukalik,1640-01-01,1825-02-01,Gotha,ernestin-dukaliklari,saksonya-coburg-gotha; saksonya-altenburg,"Encyclopaedia Britannica 11. baskı (1911), ""Saxe-Coburg-Gotha"" maddesi (https://en.wikisource.org/wiki/1911_Encyclop%C3%A6dia_Britannica/Saxe-Coburg-Gotha): ""In 1640 Saxe-Gotha came into the possession of Ernest the Pious"" · Encyclopaedia Britannica 11. baskı (1911), ""Saxe-Coburg-Gotha"" maddesi (https://en.wikisource.org/wiki/1911_Encyclop%C3%A6dia_Britannica/Saxe-Coburg-Gotha): ""whose family, having inherited Altenburg, became extinct in February 1825 with the death of Duke Frederick IV.""",f:yil;t:ay,"1672'de Altenburg'u miras aldı. Gotha'yı 1554-1638 arası başka bir kol yönetmişti (ayrı yazılmadı). t = son dükün ölümü, Şubat 1825 (gün yok → ayın 1'i)."
saksonya-coburg-gotha,Saksonya-Coburg ve Gotha Dükalığı,dukalik,1826-01-01,1918-11-14,Coburg / Gotha,saksonya-gotha-altenburg; Saksonya-Coburg-Saalfeld (künye yok),Gotha Hür Devleti; Coburg Hür Devleti (1920 Bavyera'ya) (künye yok),"Encyclopaedia Britannica 11. baskı (1911), ""Saxe-Coburg-Gotha"" maddesi (https://en.wikisource.org/wiki/1911_Encyclop%C3%A6dia_Britannica/Saxe-Coburg-Gotha): ""Ernest, duke of Saxe-Coburg-Saalfeld, exchanged Saalfeld for Gotha, took the title of duke of Saxe-Coburg-Gotha"" · Weimarer Republik e.V., Chronik November 1918 (dayanağı: Kittel, s.53-55) (https://www.weimarer-republik.net/themenportal/chronik-1918-bis-1933/1918/november-1918/): ""Am 14.11., auf der letzten gemeinsamen Sitzung des Lantags, verkündet der Staatsminister den Rücktritt des Herzogs.""",f:yil;t:gun,Coburg'un öncülü Saksonya-Coburg(-Saalfeld) 1680'den. Gotha'da 9.11.1918 azil ilanı; ortak Landtag'da 14.11 çekilme ilanı; resmî feragat hiç olmadı (Kittel). t = 14.11.
saksonya-meiningen,Saksonya-Meiningen Dükalığı,dukalik,1681-01-01,1918-11-10,Meiningen,saksonya-gotha-altenburg,Thüringen Hür Devleti 1920 (künye yok),"Encyclopaedia Britannica 11. baskı (1911), ""Saxe-Meiningen"" maddesi (https://en.wikisource.org/wiki/1911_Encyclop%C3%A6dia_Britannica/Saxe-Meiningen): ""The duchy of Saxe-Meiningen, or more correctly Saxe-Meiningen-Hildburghausen, was founded in 1681 by Bernard"" · Weimarer Republik e.V., Chronik November 1918 (dayanağı: Kittel, s.53-55) (https://www.weimarer-republik.net/themenportal/chronik-1918-bis-1933/1918/november-1918/): ""Der Herzog Bernhard III. von Sachsen-Meiningen erklärt auf Druck des Arbeiter- und Soldatenrates seinen Thronverzicht.""",f:yil;t:gun,1826'da Hildburghausen eklendi. Veliaht Ernst 12.11.1918'de feragat etti; t = Bernhard III'ün feragati (10.11).
saksonya-altenburg,Saksonya-Altenburg Dükalığı (1826 kolu),dukalik,1826-01-01,1918-11-13,Altenburg,Saksonya-Hildburghausen (künye yok); saksonya-gotha-altenburg,Thüringen Hür Devleti 1920 (künye yok),"Encyclopaedia Britannica 11. baskı (1911), ""Saxe-Altenburg"" maddesi (https://en.wikisource.org/wiki/1911_Encyclop%C3%A6dia_Britannica/Saxe-Altenburg): ""Frederick (d. 1834) exchanged the duchy of Saxe-Hildburghausen, which he had ruled since 1780, for Saxe-Altenburg"" · Weimarer Republik e.V., Chronik November 1918 (dayanağı: Kittel, s.53-55) (https://www.weimarer-republik.net/themenportal/chronik-1918-bis-1933/1918/november-1918/): ""verzichtete am 13.11. auf den Thron. Am 14.11. wurde der Thronverzicht offiziell bekannt gegeben.""",f:yil;t:gun,f yılı EB'de 1826 yeniden paylaşımı (Saxe-Coburg-Gotha maddesi) ile birlikte. Önceki Saksonya-Altenburg dükalığı 1603-1672 ayrı (ek aday). t = feragat 13.11; ilan 14.11.
schwarzburg,Schwarzburg Kontluğu (aile satırı),kontluk,1200-01-01,1918-11-25,Schwarzburg / Arnstadt / Rudolstadt / Sondershausen,Käfernburg kontları (künye yok),schwarzburg-rudolstadt; schwarzburg-sondershausen,"Encyclopaedia Britannica 11. baskı (1911), ""Schwarzburg-Sondershausen"" maddesi (https://en.wikisource.org/wiki/1911_Encyclop%C3%A6dia_Britannica/Schwarzburg-Sondershausen): ""the counts of Käfernburg, from whom the counts of Schwarzburg sprang about the beginning of the 13th century."" · Weimarer Republik e.V., Chronik November 1918 (dayanağı: Kittel, s.53-55) (https://www.weimarer-republik.net/themenportal/chronik-1918-bis-1933/1918/november-1918/): ""verkündete diesen Beschluss am 25.11. und dankte zugleich als regierender Fürst ab.""",f:onyil;t:gun,"aile satırı; 'about the beginning of the 13th century' → 1200, kesinlik onyil. 1599'a dek kollar söndü, iki kol kaldı. 1909'dan iki prenslik tek prenste (Günther Victor) şahsî birlik."
schwarzburg-rudolstadt,Schwarzburg-Rudolstadt (Kontluk → Prenslik),prenslik,1599-01-01,1918-11-23,Rudolstadt,schwarzburg,Schwarzburg-Rudolstadt Hür Devleti → Thüringen 1920 (künye yok),"Encyclopaedia Britannica 11. baskı (1911), ""Schwarzburg-Sondershausen"" maddesi (https://en.wikisource.org/wiki/1911_Encyclop%C3%A6dia_Britannica/Schwarzburg-Sondershausen): ""by 1599 all were extinct but the present two."" · Weimarer Republik e.V., Chronik November 1918 (dayanağı: Kittel, s.53-55) (https://www.weimarer-republik.net/themenportal/chronik-1918-bis-1933/1918/november-1918/): ""Dies wurde vom Fürsten, zusammen mit seinem Thronverzicht am 23.11. verkündet.""",f:yil;t:gun,f = iki kolun kalıcılaştığı yıl ('by 1599' — kolun kuruluşu daha erken olabilir). 1710 prenslik.
schwarzburg-sondershausen,Schwarzburg-Sondershausen (Kontluk → Prenslik),prenslik,1599-01-01,1918-11-25,Sondershausen,schwarzburg,Schwarzburg-Sondershausen Hür Devleti → Thüringen 1920 (künye yok),"Encyclopaedia Britannica 11. baskı (1911), ""Schwarzburg-Sondershausen"" maddesi (https://en.wikisource.org/wiki/1911_Encyclop%C3%A6dia_Britannica/Schwarzburg-Sondershausen): ""by 1599 all were extinct but the present two."" · Weimarer Republik e.V., Chronik November 1918 (dayanağı: Kittel, s.53-55) (https://www.weimarer-republik.net/themenportal/chronik-1918-bis-1933/1918/november-1918/): ""verkündete diesen Beschluss am 25.11. und dankte zugleich als regierender Fürst ab.""",f:yil;t:gun,f = 'by 1599'. 1697 imparatorluk prensliği.
reuss-yasli-kol,Reuss Yaşlı Kol (Reuss-Greiz),prenslik,1564-01-01,1918-11-11,Greiz,Reuss vogtları (künye yok),Reuss Halk Devleti (1919) → Thüringen 1920 (künye yok),"Encyclopaedia Britannica 11. baskı (1911), ""Reuss"" maddesi (https://en.wikisource.org/wiki/1911_Encyclop%C3%A6dia_Britannica/Reuss): ""In 1564 the family was divided into three branches by the sons of Henry XVI."" · Weimarer Republik e.V., Chronik November 1918 (dayanağı: Kittel, s.53-55) (https://www.weimarer-republik.net/themenportal/chronik-1918-bis-1933/1918/november-1918/): ""zwingt so auch die fürstliche Regierung am 11. November zum Rücktritt.""",f:yil;t:gun,"1673 kontluk, 1778 imparatorluk prensliği. Son prens IV. Heinrich XXIV yönetemediğinden naip genç koldan Heinrich XXVII. t = Greiz'de prenslik hükümetinin zorla çekilmesi (11.11). Hanedan ataları vogt Heinrich (ö. ~1120) — aile satırı açılmadı."
reuss-genc-kol,Reuss Genç Kol (Reuss-Schleiz-Gera),prenslik,1564-01-01,1918-11-10,Gera,Reuss vogtları (künye yok),Reuss Halk Devleti (1919) → Thüringen 1920 (künye yok),"Encyclopaedia Britannica 11. baskı (1911), ""Reuss"" maddesi (https://en.wikisource.org/wiki/1911_Encyclop%C3%A6dia_Britannica/Reuss): ""In 1564 the family was divided into three branches by the sons of Henry XVI."" · Weimarer Republik e.V., Chronik November 1918 (dayanağı: Kittel, s.53-55) (https://www.weimarer-republik.net/themenportal/chronik-1918-bis-1933/1918/november-1918/): ""Fürst Heinrich XXVII. von Reuß jüngerer Linie verzichtet auf Forderung des Arbeiter- und Soldatenrates auf den Thron.""",f:yil;t:gun,1806 imparatorluk prensliği; toprakları 1848'den beri bölünmemiş.
waldeck,Waldeck (Kontluk → Waldeck-Pyrmont Prensliği),prenslik,bulunamadı,1918-11-13,Arolsen,Schwalenberg kontları (künye yok),Waldeck Hür Devleti (1929 Prusya) (künye yok),"Encyclopaedia Britannica 11. baskı (1911), ""Waldeck-Pyrmont"" maddesi (https://en.wikisource.org/wiki/1911_Encyclop%C3%A6dia_Britannica/Waldeck-Pyrmont): ""His son Volkwin (d. 1178) acquired by marriage the county of Waldeck"" · Weimarer Republik e.V., Chronik November 1918 (dayanağı: Kittel, s.53-55) (https://www.weimarer-republik.net/themenportal/chronik-1918-bis-1933/1918/november-1918/): ""Der Fürst von Waldeck-Pyrmont wird abgesetzt.""",f:belirsiz;t:gun,"f: kontluk Volkwin'in (ö. 1178) evliliğiyle — yıl kaynakta yok → bulunamadı (12. yy). 1631 Pyrmont, 1712 prenslik. 1867'den yönetimi Prusya'ya devredilmiş (antlaşma). Prens referandum sonrasına kadar feragati imzalamadı; t = azil 13.11."
lippe,Lippe (Senyörlük → Kontluk → Prenslik),prenslik,bulunamadı,1918-11-12,Detmold,Saksonya Dükalığı (künye yok),Lippe Hür Devleti (künye yok),"Encyclopaedia Britannica 11. baskı (1911), ""Lippe (principality)"" maddesi (https://en.wikisource.org/wiki/1911_Encyclop%C3%A6dia_Britannica/Lippe_%28principality%29): ""Bernard I. (1113–1144), who received a grant of the territory from the emperor Lothair, and assumed the title of lord of Lippe"" · Weimarer Republik e.V., Chronik November 1918 (dayanağı: Kittel, s.53-55) (https://www.weimarer-republik.net/themenportal/chronik-1918-bis-1933/1918/november-1918/): ""Der Fürst zur Lippe verzichtet auf den Thron, nachdem der Volks- und Soldatenrat ihn ein Ultimatum gesetzt hatte.""",f:belirsiz;t:gun,f: I. Bernhard'ın (hükm. 1113-1144) Lothar'dan bağış yılı kaynakta yok → bulunamadı (12. yy). 1613 bölünme; 1789 prenslik (1720'de onaysız verilmiş).
schaumburg-lippe,Schaumburg-Lippe (Kontluk → Prenslik),prenslik,1640-01-01,1918-11-14,Bückeburg,lippe,Schaumburg-Lippe Hür Devleti (künye yok),"Encyclopaedia Britannica 11. baskı (1911), ""Lippe (principality)"" maddesi (https://en.wikisource.org/wiki/1911_Encyclop%C3%A6dia_Britannica/Lippe_%28principality%29): ""in 1640 he inherited a large part of the countship of Schaumburg, including Bückeburg, and adopted the title of count of Schaumburg-Lippe."" · Weimarer Republik e.V., Chronik November 1918 (dayanağı: Kittel, s.53-55) (https://www.weimarer-republik.net/themenportal/chronik-1918-bis-1933/1918/november-1918/): ""Dennoch trat der Fürst am 14. November freiwillig zurück""",f:yil;t:gun,listede 14. madde 'Lippe' altında ayrı satır olarak eklendi. 1807 egemen prenslik.
lubeck,Lübeck Serbest İmparatorluk Şehri,sehir-devleti,1226-01-01,1923-10-29,Lübeck,Danimarka hâkimiyeti 1201-1226 (danimarka),1923 sonrası sürüyor,"Encyclopaedia Britannica 11. baskı (1911), ""Lübeck"" maddesi (https://en.wikisource.org/wiki/1911_Encyclop%C3%A6dia_Britannica/L%C3%BCbeck): ""In 1226 it was made a free city of the Empire by Frederick II.""",f:yil;t:gun,1923 sonrası sürüyor (1937'de Prusya'ya katıldı — kaynakla ölçülmedi). 1810-1813 Fransa ilhakı (ara). Hansa'nın başı.
hamburg,Hamburg (Serbest İmparatorluk Şehri → Serbest Hansa Şehri),sehir-devleti,1189-01-01,1923-10-29,Hamburg,Holstein kontları / Hamburg-Bremen başpiskoposluğu (künye yok),1923 sonrası sürüyor,"Encyclopaedia Britannica 11. baskı (1911), ""Hamburg (city)"" maddesi (https://en.wikisource.org/wiki/1911_Encyclop%C3%A6dia_Britannica/Hamburg_%28city%29): ""he obtained from the emperor Frederick I. in 1189 a charter granting Hamburg considerable franchises"" · Encyclopaedia Britannica 11. baskı (1911), ""Hamburg (city)"" maddesi (https://en.wikisource.org/wiki/1911_Encyclop%C3%A6dia_Britannica/Hamburg_%28city%29): ""in 1510 Hamburg was made a free imperial city by the emperor Maximilian I.""",yil,"TEREDDUT: f = 1189 ayrıcalık beratı (fiilî özerklik); reichsfrei statü 1510, Danimarka iddiası 1768'e dek sürdü — koordinatör f'yi 1510'a çekebilir. 1923 sonrası sürüyor. 1810-1814 Fransız işgali (gün kaynakta bulunamadı)."
bremen,Bremen Serbest İmparatorluk Şehri,sehir-devleti,1646-01-01,1923-10-29,Bremen,Bremen başpiskoposluğu (künye yok),1923 sonrası sürüyor,"Encyclopaedia Britannica 11. baskı (1911), ""Bremen (city)"" maddesi (https://en.wikisource.org/wiki/1911_Encyclop%C3%A6dia_Britannica/Bremen_%28city%29): ""In 1646 Bremen received the privileges of a free imperial city from the emperor Ferdinand III.""",f:yil;t:gun,TEREDDUT: 1646 öncesi şehir fiilen özerk ama başpiskoposa bağlı; 1281-1646 ayrı polity sayılıp sayılmayacağı koordinatörde. İsveç 1720'ye dek tanımadı. 1810-1813 Fransa ilhakı. 1923 sonrası sürüyor.
hansa-birligi,Hansa Birliği,konfederasyon,bulunamadı,1669-01-01,Lübeck,bulunamadı (ittifak; öncül devlet yok),Lübeck-Hamburg-Bremen üçlüsü (künye yok),"Encyclopaedia Britannica 11. baskı (1911), ""Hanseatic League"" maddesi (https://en.wikisource.org/wiki/1911_Encyclop%C3%A6dia_Britannica/Hanseatic_League): ""after an effort to revive the League in the last general assembly of 1669, these three towns were left alone"" · Encyclopaedia Britannica 11. baskı (1911), ""Hanseatic League"" maddesi (https://en.wikisource.org/wiki/1911_Encyclop%C3%A6dia_Britannica/Hanseatic_League): ""In 1241 we find Lübeck and Hamburg agreeing to safeguard the important road""",f:belirsiz;t:yil,"TEREDDUT: toprak devleti değil, tüccar/şehir ittifakı; kendi hükümdarı yok — haritada polity olarak boyanması uygun değil, kronoloji katmanı olarak düşünülmeli. f kuruluş günü kaynakta yok: 1241 Lübeck-Hamburg anlaşması · 1256 ilk 'deniz şehirleri' toplantısı · 1356-1377 birleşmenin tamamlanması. t = son genel meclis 1669."
silezya-dukaliklari,Silezya Dükalıkları (Piast; aile satırı),dukalik,1163-01-01,bulunamadı,Breslau (Wrocław) / Liegnitz / Oppeln,polonya-erken,prusya; habsburg (Avusturya Silezyası),"Encyclopaedia Britannica 11. baskı (1911), ""Silesia"" maddesi (https://en.wikisource.org/wiki/1911_Encyclop%C3%A6dia_Britannica/Silesia): ""two princes who in 1163 divided the sovereignty among themselves as dukes of Upper and Lower Silesia"" · Encyclopaedia Britannica 11. baskı (1911), ""Silesia"" maddesi (https://en.wikisource.org/wiki/1911_Encyclop%C3%A6dia_Britannica/Silesia): ""In the following year Frederick renewed his attack and extorted from Austria the whole of Silesia except the districts of Troppau, Teschen and Jägerndorf""",yil,"BIRLESTIRME: 1742 alıntıda geçmeyen TÜRETİLMİŞ yıldı (§4: türetilen sayı alıntıya yazılmaz) — bulunamadı'ya çevrildi · TEREDDUT: aile satırı — 14. yy sonunda 18 prenslik; ~1290'dan Bohemya tacına bağlandılar (iç birim mi ayrı polity mi?). Ayrı dükalıklar (Liegnitz-Brieg, Teschen, Oppeln-Ratibor, Oels…) bu turda ayrı satıra açılmadı. t = 1742: EB '1741' + 'in the following year' (türetilmiş yıl). Teschen-Troppau-Jägerndorf Habsburg'da kaldı."
koln-elektorlugu,"Köln Elektörlüğü (Kurköln, Köln Başpiskoposluğu)",teokrasi,0953-01-01,1803-01-01,Bonn (1273'ten; önce Köln),Lotaringiya (künye yok),"fransa-cumhuriyet (sol yaka, 1801); sağ yaka çeşitli Alman devletlerine (künye yok)","Encyclopaedia Britannica 1911, 'Cologne' (https://en.wikisource.org/wiki/1911_Encyclop%C3%A6dia_Britannica/Cologne): ""Bruno ... archbishop from 953 to 965, who was the first of the archbishops to exercise temporal jurisdiction"" | Encyclopaedia Britannica 1911, 'Cologne' (https://en.wikisource.org/wiki/1911_Encyclop%C3%A6dia_Britannica/Cologne): ""in 1803 those on the right bank were divided up among various German states""",yil,"tur: elektörlük → teokrasi (seçim: hükümdar başpiskopos). f = ilk dünyevî yargı yetkisi (Bruno, 953); elektörlük Altın Ferman 1356. EB1911 'secularized in 1801' (sol yaka Fransa'ya) der; sağ yakanın paylaşımı 1803 ⇒ t 1803 (yıl). Gün kaynakta yok."
mainz-elektorlugu,"Mainz Elektörlüğü (Kurmainz, Mainz Başpiskoposluğu)",teokrasi,0747-01-01,1803-01-01,"Mainz (1797'den sonra Aschaffenburg'a çekildi — kaynaksız, yalnız bilgi)",Frank Krallığı (künye yok),fransa-cumhuriyet (sol yaka); sağ yaka Prusya/Hessen ve Dalberg devleti (künye yok),"Encyclopaedia Britannica 1911, 'Mainz' (https://en.wikisource.org/wiki/1911_Encyclop%C3%A6dia_Britannica/Mainz): ""Its origin dates back to 747, when the city of Mainz was made the seat of an archbishop"" | Encyclopaedia Britannica 1911, 'Mainz' (https://en.wikisource.org/wiki/1911_Encyclop%C3%A6dia_Britannica/Mainz): ""The archbishopric was secularized in 1803, two years after the lands on the left bank of the Rhine had been seized by France""",yil,"tur: elektörlük → teokrasi. f = başpiskoposluk merkezinin kuruluşu (747); dünyevî prensliğin kesin başlangıç yılı kaynakta yok — f dinî kurumun yılıdır, dikkat. Son elektör Dalberg 1803'ten sonra Aschaffenburg-Regensburg prensliği ile sürdü (ek aday, NOT ⑤)."
trier-elektorlugu,"Trier Elektörlüğü (Kurtrier, Trier Başpiskoposluğu)",teokrasi,0898-01-01,1803-01-01,Trier; 1786'dan Koblenz,Lotaringiya (künye yok),"fransa-cumhuriyet (sol yaka, 1801); sağ yaka Nassau-Weilburg (künye yok)","Encyclopaedia Britannica 1911, 'Trier' (https://en.wikisource.org/wiki/1911_Encyclop%C3%A6dia_Britannica/Trier): ""Radbod acquired the rights of the counts of Trier in 898, thus founding the temporal power of the see"" | Encyclopaedia Britannica 1911, 'Trier' (https://en.wikisource.org/wiki/1911_Encyclop%C3%A6dia_Britannica/Trier): ""The Treveran territories on the right bank of the Rhine were secularized and given to Nassau-Weilburg in 1803""",yil,tur: elektörlük → teokrasi. Son elektör 1802'de feragat etti (EB1911); kalan toprak 1803'te sekülerleşti ⇒ t 1803.
salzburg-prens-baspiskoposlugu,Salzburg Prens-Başpiskoposluğu (Erzstift Salzburg),teokrasi,1278-01-01,1803-01-01,Salzburg,Bavyera Dükalığı (künye yok; atlastaki bavyera 1506'dan başlar),salzburg-elektorlugu,"Encyclopaedia Britannica 1911, 'Salzburg (city)' (https://en.wikisource.org/wiki/1911_Encyclop%C3%A6dia_Britannica/Salzburg_(city)): ""In 1278 Rudolph of Habsburg made them imperial princes"" | Bayerisches Hauptstaatsarchiv, Archivportal-D 'Erzstift Salzburg Urkunden' (https://www.archivportal-d.de/item/KR7NSC2IFHO6A3QOURFJNIK2SAG6W2T5): ""im Jahr 1803 säkularisierten Erzstift Salzburg""",yil,"tur: prens-başpiskoposluk → teokrasi. f = imparatorluk prensi statüsü (1278). ÇELİŞKİ: EB1911 sekülerleşmeyi 'peace of Lunéville (1802)' ile 1802'ye koyar; BayHStA/Archivportal-D 1803 der ⇒ 1803 seçildi (arşiv kurumu, daha dar kapsam)."
liege-prens-piskoposlugu,Liège Prens-Piskoposluğu,teokrasi,bulunamadı,1794-01-01,Liège,Aşağı Lorraine / Lotaringiya (künye yok),fransa-cumhuriyet,"Encyclopaedia Britannica 1911, 'Li%C3%A9ge (city)' (https://en.wikisource.org/wiki/1911_Encyclop%C3%A6dia_Britannica/Li%C3%A9ge_(city)): ""The episcopate of Notger (972-1008) ... the see obtained recognition as an independent principality of the Empire"" | Encyclopaedia Britannica 1911, 'Li%C3%A9ge (city)' (https://en.wikisource.org/wiki/1911_Encyclop%C3%A6dia_Britannica/Li%C3%A9ge_(city)): ""from 1794 to the fall of Napoleon it was annexed to France, and was known as the department of the Ourthe""",f:belirsiz;t:yil,"tur: prens-piskoposluk → teokrasi. f: kaynak yalnız Notger'in piskoposluğunu (972-1008) verir, prensliğin tanınma YILI yok ⇒ bulunamadı. t: EB1911 '1794'ten itibaren Fransa'ya ilhak' der; resmî ilhak kararnamesi için gün bulunamadı (NOT ③)."
utrecht-prens-piskoposlugu,Utrecht Prens-Piskoposluğu (Sticht Utrecht),teokrasi,bulunamadı,1528-10-01,Utrecht,Lotaringiya (künye yok),habsburg-hollandasi,"Encyclopaedia Britannica 1911, 'Utrecht (province)' (https://en.wikisource.org/wiki/1911_Encyclop%C3%A6dia_Britannica/Utrecht_(province)): ""the bishops gradually became the temporal rulers of a dominion as great as the neighbouring counties and duchies"" | Encyclopaedia Britannica 1911, 'Utrecht (city)' (https://en.wikisource.org/wiki/1911_Encyclop%C3%A6dia_Britannica/Utrecht_(city)): ""In July of the next year Bishop Henry was back again ... in the following October he sold his temporal rights""",f:belirsiz;t:ay,"tur: prens-piskoposluk → teokrasi. f: dünyevî güç 'gradually' kazanıldı, yıl yok ⇒ bulunamadı. ÇELİŞKİ: EB1911 'Utrecht (province)' satışı 1527'ye koyar; 'Utrecht (city)' 1527 işgalinin ERTESİ yılı Ekim der ⇒ 1528-10 (ay) seçildi (daha ayrıntılı anlatı)."
kleve-dukaligi,Kleve Dukalığı,dukalik,1417-01-01,1614-01-01,Kleve,Kleve Kontluğu (künye yok),brandenburg-prusya,"Encyclopaedia Britannica 1911, 'Cleves' (https://en.wikisource.org/wiki/1911_Encyclop%C3%A6dia_Britannica/Cleves): ""was made a duchy in 1417"" | Encyclopaedia Britannica 1911, 'Cleves' (https://en.wikisource.org/wiki/1911_Encyclop%C3%A6dia_Britannica/Cleves): ""by the treaty of Xanten in 1614, Cleves passed to the elector of Brandenburg""",yil,"f = dukalığa yükseliş (1417); kontluk daha eskidir (1368'de ilk hanedan söndü, La Marck'a geçti). 1521-1609 Jülich-Berg ile aynı hükümdar altında birleşik dukalıklar (julich-berg-dukaligi ile örtüşme bilinçli — şahsî birlik). 1609-1614 veraset kavgası."
julich-berg-dukaligi,Jülich-Berg Dukalığı (Jülich ve Berg),dukalik,1423-01-01,1806-01-01,"Düsseldorf (kaynaksız, yalnız bilgi)",Berg Dukalığı / Jülich Dukalığı (künye yok),"berg-buyuk-dukaligi (Berg); fransa-cumhuriyet (Jülich, sol yaka)","Encyclopaedia Britannica 1911, 'Berg' (https://en.wikisource.org/wiki/1911_Encyclop%C3%A6dia_Britannica/Berg): ""In 1423 the duchy of Jülich fell to Adolf of Berg"" | Encyclopaedia Britannica 1911, 'Berg' (https://en.wikisource.org/wiki/1911_Encyclop%C3%A6dia_Britannica/Berg): ""Maximilian Joseph of Zweibrücken (Maximilian I. of Bavaria), who ceded the duchies in 1806 to Napoleon""",yil,"TEREDDUT: 1521-1609 Kleve ile şahsî birlik (Birleşik Dukalıklar); 1614'ten Pfalz-Neuburg, 1742 Sulzbach, 1799 Zweibrücken (Bavyera) hükümdarlığında — Ren Pfalzı (pfalz) ile aynı hanedan altında ayrı dukalık mı, Pfalz'ın parçası mı tereddüt. Berg dukalığı 1380 (EB1911), Jülich sol yakası 1794'ten Fransız işgalinde."
berg-buyuk-dukaligi,Berg Büyük Dukalığı (Napolyon dönemi),dukalik,1806-03-15,bulunamadı,Düsseldorf,julich-berg-dukaligi,"prusya (1815, Viyana Kongresi)","Deutsche Biographie (NDB), 'Murat, Joachim' (https://www.deutsche-biographie.de/sfz37268.html): ""Am 15.3.1806 ernannte Napoleon seinen Schwager J. zum Herzog von Kleve und Berg.""",f:gun;t:belirsiz,"EK ADAY (listede 'Jülich-Berg' altında). t: dağılış yılı (1813, Müttefik işgali) okuduğum kaynakta cümleyle yok — EB1911 yalnız bir kitap adında '1806–1813' der ⇒ bulunamadı. 1815 Prusya'ya (EB1911 'Berg')."
lorraine-dukaligi,Lorraine (Lothringen) Dukalığı,dukalik,1048-01-01,1766-02-01,"Nancy (kaynaksız, yalnız bilgi); 1737-1766 Lunéville",Yukarı Lorraine / Lotaringiya (künye yok),fransa,"Encyclopaedia Britannica 1911, 'Lorraine' (https://en.wikisource.org/wiki/1911_Encyclop%C3%A6dia_Britannica/Lorraine): ""passed in 1048 to Albert's brother Gerard ... ancestor of the hereditary house of Lorraine"" | Encyclopaedia Britannica 1911, 'Lorraine' (https://en.wikisource.org/wiki/1911_Encyclop%C3%A6dia_Britannica/Lorraine): ""At his death in February 1766 the two duchies of Lorraine and Bar became definitively incorporated in the kingdom of France""",f:yil;t:ay,"f = kalıtsal Lorraine hanedanının başlangıcı (Gerard, 1048); Yukarı Lorraine dukalığı daha eski (10. yy, Bar kontu Frederick) ama kuruluş YILI cümleyle yok. 1737-1766 Stanislas Leszczyński'ye verildi (Bar için EB1911 1738 der). t: Stanislas'ın ölümü Şubat 1766 (gün kaynakta yok)."
bar-dukaligi,Bar Dukalığı (Barrois),dukalik,1354-01-01,1480-01-01,Bar-le-Duc,Bar Kontluğu (künye yok),lorraine-dukaligi,"Encyclopaedia Britannica 1911, 'Bar-le-Duc' (https://en.wikisource.org/wiki/1911_Encyclop%C3%A6dia_Britannica/Bar-le-Duc): ""In 1354 Robert, count of Bar ... was made marquis of Pont-à-Mousson by the emperor Charles IV. and took the title of duke of Bar"" | Encyclopaedia Britannica 1911, 'Bar-le-Duc' (https://en.wikisource.org/wiki/1911_Encyclop%C3%A6dia_Britannica/Bar-le-Duc): ""became heiress ... of René of Anjou, duke of Bar, in 1480; thus Lorraine, with Barrois added to it, once more returned""",yil,TEREDDUT: 1480'den sonra Bar ayrı dukalık unvanıyla ama Lorraine hükümdarının elinde (şahsî birlik) — ayrı polity olarak 1766'ya dek uzatılabilir; ben 1480'de Lorraine'e kattım. f = dukalık unvanı 1354; kontluk 10. yy'dan. Batı kısmı (Barrois mouvant) 1301'den Fransa'ya tâbi.
tirol-kontlugu,Tirol Kontluğu,kontluk,bulunamadı,1363-01-01,Tirol Şatosu (Meran yakını),Bavyera Dükalığı (künye yok),habsburg,"Encyclopaedia Britannica 1911, 'Tirol' (https://en.wikisource.org/wiki/1911_Encyclop%C3%A6dia_Britannica/Tirol): ""Meinhard died in her lifetime in 1363; Tirol accordingly passed by agreement in the latter year of ... the Habsburgers""",f:belirsiz;t:yil,"TEREDDUT: 1363'ten sonra Habsburg mülkü (ayrı hükümdar hattı: Tirol kolu dönemleri) — atlasta habsburg içinde kalmalı mı? f: kontların ailesi ilk 1140'ta anılır (EB1911), polity'nin kuruluş yılı değil ⇒ bulunamadı. Margarete Maultasch kontluğun son bağımsız hükümdarı."
nassau-dukaligi,Nassau Dukalığı,dukalik,1806-01-01,1866-10-03,Wiesbaden,Nassau-Usingen ve Nassau-Weilburg prenslikleri (künye yok),prusya,"Encyclopaedia Britannica 1911, 'Nassau' (https://en.wikisource.org/wiki/1911_Encyclop%C3%A6dia_Britannica/Nassau): ""In 1806 both Frederick William and Frederick Augustus ... joined the Confederation of the Rhine and received from Napoleon the title of duke"" | Encyclopaedia Britannica 1911, 'Nassau' (https://en.wikisource.org/wiki/1911_Encyclop%C3%A6dia_Britannica/Nassau): ""on the 3rd of October 1866 Nassau was formally incorporated with the kingdom of Prussia""",f:yil;t:gun,f: kaynak yıl verir (Ren Konfederasyonu'na katılış); Ren Konfederasyonu Senedi'nin günü 12.7.1806'dır (NDB 'Murat') ama Nassau'nun dukalık günü olarak ayrıca doğrulanmadı. 1816'ya dek iki kol (Usingen/Weilburg) ortak; Mart 1816'da tek hükümdarda birleşti. Nassau kontlukları 1806 öncesi ayrı (NOT ⑤).
frankfurt-imparatorluk-sehri,Frankfurt Serbest İmparatorluk Şehri (Reichsstadt),sehir-devleti,bulunamadı,1806-01-01,Frankfurt am Main,Frank Krallığı (künye yok),frankfurt-buyuk-dukaligi (Dalberg devleti üzerinden),"Encyclopaedia Britannica 1911, 'Frankfort-on-Main' (https://en.wikisource.org/wiki/1911_Encyclop%C3%A6dia_Britannica/Frankfort-on-Main): ""The independence of Frankfort was brought to an end in 1806, on the formation of the Confederation of the Rhine""",f:belirsiz;t:yil,f: EB1911 imtiyazların kademeli kazanıldığını yazar (1311'de belediye başkanları kraliyet Schultheiss'ın yerini alır; '14. yy sonunda tek bağımlılık yıllık vergi') — tek kuruluş yılı yok ⇒ bulunamadı.
frankfurt-buyuk-dukaligi,Frankfurt Büyük Dukalığı (Dalberg),dukalik,1810-01-01,bulunamadı,Frankfurt am Main,frankfurt-imparatorluk-sehri; Dalberg'in prens-primat devleti (künye yok),frankfurt-serbest-sehri,"Encyclopaedia Britannica 1911, 'Frankfort-on-Main' (https://en.wikisource.org/wiki/1911_Encyclop%C3%A6dia_Britannica/Frankfort-on-Main): ""in 1810 it was made the capital of the grand-duchy of Frankfort ... divided into the four districts of Frankfort, Aschaffenburg, Fulda and Hanau""",f:yil;t:belirsiz,EK ADAY. t (1813) okuduğum kaynakta cümleyle yok ⇒ bulunamadı.
frankfurt-serbest-sehri,Frankfurt Serbest Şehri (Alman Konfederasyonu),sehir-devleti,1815-01-01,1866-10-18,Frankfurt am Main,frankfurt-buyuk-dukaligi,prusya,"Encyclopaedia Britannica 1911, 'Frankfort-on-Main' (https://en.wikisource.org/wiki/1911_Encyclop%C3%A6dia_Britannica/Frankfort-on-Main): ""On the reconstitution of Germany in 1815 it again became a free city"" | Encyclopaedia Britannica 1911, 'Frankfort-on-Main' (https://en.wikisource.org/wiki/1911_Encyclop%C3%A6dia_Britannica/Frankfort-on-Main): ""On the 16th of July the Prussian troops ... entered the town, and on the 18th of October it was formally incorporated""",f:yil;t:gun,"1816'dan Alman Konfederasyonu meclisinin merkezi. Prusya askerî girişi 1866-07-16, resmî ilhak 1866-10-18 (EB1911)."
liechtenstein,Liechtenstein Prensliği,prenslik,1719-01-23,1923-10-29,Vaduz,Vaduz Kontluğu + Schellenberg Senyörlüğü (künye yok),—(sürüyor),"Historisches Lexikon der Schweiz, 'von Liechtenstein' (https://hls-dhs-dss.ch/de/articles/019973/2008-11-27/): ""Urkunde von Kaiser Karl VI. vom 23. Januar 1719 ... erhob das neue Territorium zum Reichsfürstentum Liechtenstein""",gun,1923 sonrası sürüyor. 1806-1815 ve 1866'dan itibaren egemen (EB1911); 1815-1866 Alman Konfederasyonu üyesi. ardil yok (sürüyor).
brabant-dukaligi,Brabant Dukalığı,dukalik,1190-01-01,1430-01-01,Leuven (Louvain); sonra Brüksel,Aşağı Lorraine Dukalığı (künye yok),burgonya,"Encyclopaedia Britannica 1911, 'Brabant (duchy)' (https://en.wikisource.org/wiki/1911_Encyclop%C3%A6dia_Britannica/Brabant_(duchy)): ""BRABANT, a duchy which existed from 1190 to 1430, when it was united with the duchy of Burgundy""",yil,1430'da Philippe de Saint-Pol çocuksuz öldü; dukalık Burgonya'nın İyi Philippe'ine geçti. Gün kaynakta yok (yıl). Burgonya'dan sonra habsburg-hollandasi içinde Brabant eyaleti olarak sürdü (ayrı polity değil).
gelre-dukaligi,Gelre (Gelderland) Dukalığı,dukalik,1338-01-01,1543-09-07,"Nijmegen / Arnhem (kaynaksız, yalnız bilgi)",Gelre Kontluğu (künye yok),habsburg-hollandasi,"Encyclopaedia Britannica 1911, 'Gelderland (duchy)' (https://en.wikisource.org/wiki/1911_Encyclop%C3%A6dia_Britannica/Gelderland_(duchy)): ""In 1338 the title of duke was bestowed upon him by the emperor Louis the Bavarian"" | Encyclopaedia Britannica 1911, 'Gelderland (duchy)' (https://en.wikisource.org/wiki/1911_Encyclop%C3%A6dia_Britannica/Gelderland_(duchy)): ""forced to cede the duchy to Charles V. by the treaty of Venloo, signed on the 7th of September 1543""",f:yil;t:gun,"f = dukalık unvanı 1338 (sık rastlanan '1339' DEĞİL — EB1911 1338 der); kontluk 11. yy sonundan (Wassenberg'li Gerard). 1473-1477 ve 1481-1492 Burgonya/Habsburg elinde (ara dönemler, NOT ③)."
hainaut-kontlugu,Hainaut (Henegouwen) Kontluğu,kontluk,0875-01-01,1433-01-01,Mons,Lotaringiya (künye yok),burgonya,"Encyclopaedia Britannica 1911, 'Hainaut' (https://en.wikisource.org/wiki/1911_Encyclop%C3%A6dia_Britannica/Hainaut): ""The first to bear the title of count of Hainaut was Reginar “Long-Neck” (c. 875)"" | Encyclopaedia Britannica 1911, 'Holland, County and Province of' (https://en.wikisource.org/wiki/1911_Encyclop%C3%A6dia_Britannica/Holland,_County_and_Province_of): ""in 1433 the Duchess Jacqueline was compelled ... to cede her rights over the counties of Holland and Hainaut""",f:onyil;t:yil,f 'c. 875' ⇒ onyil. 1279'dan (EB1911) Avesnes hanedanı; 1299'dan Hollanda ile aynı hükümdar (şahsî birlik).
hollanda-kontlugu,Hollanda Kontluğu,kontluk,0922-01-01,1433-01-01,"Lahey ('s-Gravenhage) (kaynaksız, yalnız bilgi)",Frizya (künye yok),burgonya,"Encyclopaedia Britannica 1911, 'Holland, County and Province of' (https://en.wikisource.org/wiki/1911_Encyclop%C3%A6dia_Britannica/Holland,_County_and_Province_of): ""In 922 Charles the Simple gave in full possession to a count in Frisia, Dirk by name"" | Encyclopaedia Britannica 1911, 'Holland, County and Province of' (https://en.wikisource.org/wiki/1911_Encyclop%C3%A6dia_Britannica/Holland,_County_and_Province_of): ""in 1433 the Duchess Jacqueline was compelled ... to cede her rights over the counties of Holland and Hainaut""",yil,f = Dirk I'e Egmond bağışı (922); 'Holland kontu' unvanı 11. yy (EB1911: ilk kez 1083 mührü). Zeeland da aynı hükümdarda. atlastaki 'hollanda' (1581 Birleşik Eyaletler) bundan FARKLI — çakışma yok.
salzburg-elektorlugu,Salzburg Elektörlüğü (Toskana'lı Ferdinand),prenslik,1803-01-01,1805-01-01,Salzburg,salzburg-prens-baspiskoposlugu,habsburg,"Encyclopaedia Britannica 1911, 'Salzburg (city)' (https://en.wikisource.org/wiki/1911_Encyclop%C3%A6dia_Britannica/Salzburg_(city)): ""the see was secularized and given to the archduke of Austria ... its new owner being enrolled among the electoral princes"" | Archivportal-D (https://www.archivportal-d.de/item/KR7NSC2IFHO6A3QOURFJNIK2SAG6W2T5): ""Zwischen 1805 (Pressburger Frieden) und 1810 österreichisch""",yil,"EK ADAY. Dünyevî elektörlük → prenslik. f: sekülerleşme yılı 1803 (Archivportal-D; EB1911 1802 der). 1810-1816 Bavyera, 1816 Avusturya (kaynak aynı)."
dobruca-despotlugu,Dobruca Despotluğu (Balık / Dobrotiç / İvanko),prenslik,1346-01-01,1390-01-01,Karvuna → Kaliakra → Varna,bulgar-carligi,eflak,"f: Oxford Dictionary of Byzantium (1991) s.642 'DOBROTICA': ""In 1346 Balik sent Dobrotica and another brother Theodore to Constantinople"" · t: TDV İA 'Silistre': ""1390'da Mircea burayı ele geçirdi ve Drǎstǎr lordu ve Dobrotiç topraklarının despotu unvanıyla anıldı""",f:onyil;t:yil,despotluk → prenslik. f bir ALT SINIRDIR (Balık 1346'da zaten hükümdar; kuruluş yılı bulunamadı). t: Ivanko'nun akıbeti bulunamadı; Mircea'nın 1390'da 'Dobrotiç topraklarının despotu' unvanını alması bitiş işareti olarak alındı. TDV 'Dobruca': Dobrotiç 1359'da Kuzey Dobruca'yı işgal etti; Ivanko Osmanlı hâkimiyetini tanıdı (yıl yok).
serez-despotlugu,Serez (Siroz) Despotluğu — Jovan Uglješa,prenslik,1365-01-01,1371-09-26,Serez,sirbistan-nemanjic,bizans,"f: TDV İA 'Serez': ""Serez ve civarı ilk defa Duşan'ın dul eşi Helena ve 1365'ten sonra Jovan Uglyeşa liderliğinde bağımsız bir krallık haline geldi"" · t: TDV İA 'Murad I': ""Çirmen veya Sırp Sındığı savaşı (15 Rebîülevvel 773 / 26 Eylül 1371)""",f:yil;t:gun,despotluk → prenslik. Oxford Dictionary of Byzantium (1991) 'JOHN UGLJEŠA': 'despotes of Serres (from before 1366)'; Helena dönemi 1355-1365 de aynı birimin önceli sayılabilir. t sonrası TDV: '1371'de ... II. Manuel ... tekrar Bizans idaresine alındı'. H.773 hesabı: 15 Rebîülevvel 773 ≈ 25/26 Eylül 1371 (aritmetik takvim ±1).
prilep-kralligi,Prilep Krallığı (Vukašin → Kral Marko),krallik,1371-09-26,1395-05-17,Prilep (Pirlepe),sirbistan-nemanjic,OSMANLI (atlas çekirdek kimliği),"f: Oxford Dictionary of Byzantium (1991) 'MARKO KRALJEVIĆ': ""Following Vukašin's death in 1371 at the battle of Marica, Marko inherited his father's title and his territories"" + TDV İA 'Murad I' (26 Eylül 1371) · t: Oxford Dictionary of Byzantium (1991) 'MARKO KRALJEVIĆ': ""died Rovine 17 May 1395""; TDV İA 'Pirlepe': ""Pirlepe bölgesi Kral Marko'nun ölümünden sonra 1395'te Osmanlı topraklarına kesin şekilde katıldı""",gun,"TEREDDUT: Vukašin 1365'ten (ODB: 'kralj in 1365', 'co-ruler with Stefan Uroš V from Aug./Sept. 1365') Sırp İmparatorluğu'nun ortak kralıydı; ayrı polity başlangıcı Marko'nun 1371'de tek başına kalması olarak alındı — koordinatör 1365 isterse f=1365-08-01 (ay). TDV 'Pirlepe' Hoca Sâdeddin'e göre 784 (1382) fethi de anar; TDV kesin katılışı 1395 der. ODB 'PRILEP': 1385 (Soulis) ya da 1395 (Fine). dejanovic-prensligi künyesinin t'si de 1395-05-17 (Rovine) — aynı gün."
gattilusio-midilli,Gattilusio Midilli (Lesbos) Senyörlüğü,prenslik,1354-01-01,1462-09-01,Midilli (Mytilene),bizans,OSMANLI (atlas çekirdek kimliği),"f: TDV İA 'Midilli': ""1354'te Bizans İmparatoru V. Ioannes Palaiologos adayı Cenovalı kayınbiraderi Françesco Gattilusio'ya (Gatteluzzi) verdi"" · t: TDV İA 'Midilli': ""Zilhicce 866'da (Eylül 1462) Fâtih Sultan Mehmed kumandasındaki Osmanlı ordusu ... Midilli'yi ele geçirdi""",f:yil;t:ay,"senyörlük → prenslik. ÇELİŞME: ODB 'GATTILUSIO' 'ruled Lesbos from 1355 to 1462' (evlilik ve tımar yaz 1355); TDV birincil → 1354. H.866 Zilhicce ≈ 26 Ağu – 24 Eyl 1462 (aritmetik); kaynak 'Eylül 1462' ⇒ kesişim ilk günü 1462-09-01. Limni (1453-1456) ve Taşoz (ca.1434-1456) bu ailenin elindeydi — kronolojide olay olarak yazıldı, ayrı polity açılmadı."
gattilusio-enez,Gattilusio Enez (Ainos) Senyörlüğü (+ Semadirek),prenslik,1384-01-01,1456-01-01,Enez (Ainos),bizans,OSMANLI (atlas çekirdek kimliği),"f: Oxford Dictionary of Byzantium (1991) 'AINOS': ""ca.1384 the people of Ainos invited a member of the family of Francesco Gattilusio to be their ruler"" · t: TDV İA 'Limni': ""Osmanlı kaynaklarına göre 860 (1456) yılında Enez'i alan Osmanlı kuvvetleri ardından Taşoz ve Limni'yi ele geçirdi""",f:onyil;t:yil,"senyörlük → prenslik. Midilli kolundan ayrı hükümdar hattı (ODB 'KANABOUTZES': Palamede Gattilusio 'lord of Ainos and Samothrace (1431–55)'). TEREDDUT değil ama koordinatör gattilusio-midilli ile birleştirebilir. H.860 = 1455-12-10 → 1456-11-28 (aritmetik); kaynak 1456 ⇒ kesişim ilk günü 1456-01-01. ODB: 1460'ta Enez Demetrios Palaiologos'a verildi, 1468'de Osmanlı'ya döndü (Osmanlı iç tasarrufu, polity değil). TDV 'enez' slug'ı 302 (madde bulunamadı)."
kefalonya-zakintos-kontlugu,Kefalonya ve Zakintos Palatin Kontluğu (Orsini → Tocco),kontluk,1185-01-01,1479-01-01,Kefalonya; Tocco döneminde Ayamavra (Levkas),bizans,OSMANLI (atlas çekirdek kimliği),"f: Oxford Dictionary of Byzantium (1991) 'KEPHALENIA': ""in 1185, taken by William II of Sicily and lost to the empire. The Orsini held it as a fief from Venice"" · t: Oxford Dictionary of Byzantium (1991) 'KEPHALENIA': ""The Turks occupied Kephalenia in 1479""; TDV İA 'Ayamavra': ""İki yıl sonra ... Gedik Ahmed Paşa idaresindeki Osmanlı donanması, ... Kefalonya adasıyla birlikte burayı da ele geçirdi""",yil,"TEREDDUT: 1318-1337 Orsini, 1411/1416-1430 Tocco hükümdarları aynı zamanda Epir despotuydu → epir-despotlugu ('Tocco dönemi dâhil', 1204-1430) ile şahsî birlik/çakışma. 1430 sonrası Tocco devleti (Arta 1449'a kadar + adalar 1479'a kadar) epir künyesinin DIŞINDA kalıyor — bu kimlik o boşluğu da taşıyabilir. ODB 'ZAKYNTHOS': 'From 1194 to 1328 ... Orsini ... from 1328 to 1479 ... Tocco'; ODB 'TOCCO': Leonardo I 1357'de kont. Tarihler kaynaklar arasında ayrışıyor (1325/1328/1357)."
spata-arta-despotlugu,Arta Despotluğu (Spata ailesi),prenslik,1358-01-01,1416-01-01,Arta (Narda),epir-despotlugu,epir-despotlugu,"f: Oxford Dictionary of Byzantium (1991) 'NIKEPHOROS II': ""died in Achelous region, spring 1358 (Soulis) or 1359 (Nicol)"" ... ""killed in battle with the Albanians"" · t: Oxford Dictionary of Byzantium (1991) 'ARTA': ""it was conquered by Stefan Uroš IV Dušan, then passed to the Albanians, and in 1416 to Carlo I Tocco""",f:onyil;t:yil,despotluk → prenslik. f ÇIKARIMDIR: Arnavutların Arta'yı alış yılı kaynakta yok; Nikephoros II'nin Arnavutlarla savaşta ölümü (1358/1359) alt sınır olarak alındı. Oxford Dictionary of Byzantium (1991) 'THOMAS PRELJUBOVIĆ': güney Epir 1366/7 sonrası 'Albanian rulers Ghin Bua Spata and Peter Ljoša' elindeydi. Osmanlı'ya tâbilik bulunamadı. TDV 'arta' 302; 'Narda' maddesi Spata'yı anmıyor.
muzaka-berat,Muzaka (Musachi) Senyörlüğü — Berat,prenslik,bulunamadı,1417-01-01,Berat,bulunamadı,OSMANLI (atlas çekirdek kimliği),"t: TDV İA 'Berat' (Arnavutluk): ""son olarak da küçük bir Arnavut prensliğinin yönetimine giren Berat'ın Osmanlılar tarafından fethi, 1417'de Avlonya ile birlikte ... gerçekleşti""",f:belirsiz;t:yil,"TEREDDUT: TDV prensliğin ADINI vermiyor; Muzaka olduğu akademik kaynakla doğrulanamadı (yalnız Vikipedi — dayanak değil). ÇELİŞME: TDV 'Arnavutluk' Berat'ı Balşaların elinde sayar ('Avlonya, Berat ve Kanina'da hâkimiyetlerini kuran Balşalar'). Oxford Dictionary of Byzantium (1991) 'KASTORIA': 'the Albanian family of Musachi claimed rights to Kastoria' (yalnız aile varlığı). Ailenin 1417 sonrası Myzeqe'de sürdüğü iddiası akademik kaynakla doğrulanamadı."
arianiti-senyorlugu,Arianiti (Araniti) Senyörlüğü,prenslik,bulunamadı,bulunamadı,Orta Arnavutluk (Şpat / Çermenika),bulunamadı,bulunamadı,"TDV İA 'İskender Bey': ""ilk önemli isyan hareketini başlatan ve daha sonra İskender Bey'in kayınpederi olan Araniti toprak meselesi yüzünden ayaklanmıştı""; TDV İA 'Arnavutluk': Araniti ailesinden Ali Bey 1506'da büyük timarlara sahip",belirsiz,"TEREDDUT: TDV Arnavut beylerini 'Osmanlı idarecilerinin kendi topraklarında timarlı sipahi olarak bıraktıkları yerli beyler' diye anar ⇒ isyan öncesi Osmanlı timar düzeni içinde; ayrı polity mi, isyan hareketi mi belirsiz. f/t hiçbir akademik kaynaktan okunamadı. TDV 'Arnavutluk': 1451'de İskender Bey'in ardından Napoli kralına bağlılık yemini aldı (Osmanlı'ya ilişkin değil)."
avlonya-kanina-prensligi,Avlonya (Valona) ve Kanina Prensliği,prenslik,1355-01-01,1417-01-01,Avlonya; Kanina Kalesi,sirbistan-nemanjic,OSMANLI (atlas çekirdek kimliği),"f: Oxford Dictionary of Byzantium (1991) 'AVLON': ""in 1345/6 it fell to Stefan Uroš IV Dušan. After his death it formed a part of the dominions of the Serbian family of Balša"" + Oxford Dictionary of Byzantium (1991) 'JOHN UGLJEŠA': ""After Dušan's death in 1355"" · t: TDV İA 'Avlonya': ""Nihayet 1417'de Osmanlılar ülkenin iç kesimindeki Berat şehri ve Kanina Kalesi ile birlikte burayı hâkimiyetleri altına aldılar""",yil,"ÇELİŞME: TDV '1378'den sonra İskenderiyeli Balşa beylerinin eline geçti' (1355-1378 arası hükümdar adı vermiyor); ODB 'by 21 July 1418 it was in Turkish hands'. TDV birincil → 1417. TEREDDUT (hafif): 1378-1385 Balşa II döneminde Zeta (zeta künyesi) ile şahsî birlik; Balşa II 18 Eylül 1385'te öldü (TDV 'Arnavutluk'), sonrasında dul eşinin/ailesinin ayrı yönetimi. Hükümdar adları (Komnenos Asen, Merkša Žarković, Regina) akademik kaynakta okunamadı."
sakiz-mahonasi,Sakız Mahona'sı (Cenova — Giustiniani),cumhuriyet,1346-06-21,1566-04-14,Sakız (Chios),bizans,OSMANLI (atlas çekirdek kimliği),"f: TDV İA 'Sakız Adası': ""1346'da Cenovalı Simone Vignosi ... burayı işgal etti (15-21 Haziran)"" · t: TDV İA 'Sakız Adası': ""Cenevizliler İstanbul'a gönderildi (24 Ramazan 973 / 14 Nisan 1566). Bu fetihle Sakız'da 220 yıl süren Maona hâkimiyeti son buldu""",gun,TEREDDUT: TDV 'Ceneviz toprağı olarak kabul edilen Sakız'da Maona ... şirketin tasarruf hakkını tanıdı' ⇒ cenova künyesinin iç birimi sayılabilir; ancak Mahona kendi podestası ve vergi/haraç siyasetiyle fiilen ayrı yönetiliyordu. tur 'cumhuriyet' Cenova bağına göre seçildi (ticari şirket yönetimi). f: işgal aralığının (15-21 Haziran) son günü; ODB: '15 June 1346 ... besieged Chios and in eight days conquered'. t: H.973 Ramazan 24 aritmetik hesapta 1566-04-13 (±1); kaynak günü 14 Nisan 1566 yazıldı. ODB t'yi '1556' verir (dizgi hatası olmalı) — TDV esas.
lazar-sirbistani,Lazar Sırbistanı (Moravya Sırbistanı — Knez Lazar / Stefan Lazarević),prenslik,1371-01-01,bulunamadı,Kruševac (Alacahisar),sirbistan-nemanjic,sirp-despotlugu,"f: Oxford Dictionary of Byzantium (1991) 'LAZAR': ""LAZAR, prince of Serbia (from 1371)"" ... ""gained control over northern Serbia following the death of Stefan Uroš V"" · t: atlas künyesi sirp-despotlugu'nun başlangıcı (1402) — kaynak DEĞİL, sınır işareti",f:yil;t:yil,"BIRLESTIRME: t atlasın sirp-despotlugu künyesinden alınmıştı (atlas referans değil, CLAUDE.md §4) — bulunamadı'ya çevrildi; araştırmacının değeri 1402 · TEREDDUT: sirbistan-nemanjic künyesi 1166-1402 aralığını taşıyor ⇒ künye bu dönemi ZATEN kapsıyor görünüyor (Nemanjić hanedanı 1371'de Uroš V ile sona erdi). Öneri: ya sirbistan-nemanjic 1371'de kapatılıp bu kimlik açılır, ya bu satır düşer. t'nin kaynaklı günü bulunamadı (Stefan'ın despot unvanı 1402)."
karabag-hanligi,Karabağ Hanlığı,hanlik,1747-01-01,1822-01-01,Şuşa (Penahâbâd),afsar,rusya,"TDV İslâm Ansiklopedisi, KARABAĞ (https://islamansiklopedisi.org.tr/karabag): “Nâdir Şah’ın 1747’de öldürülmesinden sonra … Penah Ali burada Karabağ Hanlığı’nı kurdu” · “1822’de çarın fermanıyla hanlık lağvedildi”",yil,Kurucu Penah Ali Han (Cevanşir). Mayıs 1805 Kürekçay antlaşmasıyla Rus tâbiliği.
seki-hanligi,Şeki Hanlığı,hanlik,1743-02-25,1819-01-01,Şeki; 1772'den Nuha,afsar,rusya,"TDV İslâm Ansiklopedisi, ŞEKİ (https://islamansiklopedisi.org.tr/seki): “Hacı Çelebi, Melik Necef’i bertaraf etti (1156/1743)” · “1743’te kurulan Şeki Hanlığı” · “İsmâil Han’ın ölümünden (1819) sonra Ermolov, Şeki’yi … Rusya’ya ilhak etti”",f:yil;t:yil,"f hicrî: H.1156 = 1743-02-25 → 1744-02-14; kaynak 1743 diyor ⇒ kesişim 1743-02-25 → 1743-12-31, ilk gün 1743-02-25. ÇELİŞKİ t: Iranica ŠAKKI 1824 diyor; TDV esas (1819). 1826'da İran kısa süre Hüseyin Han'ı getirdi, 19 Ekim 1826 Rus geri aldı."
sirvan-hanligi-hacidavud,"Şirvan (Şemâhî) Hanlığı — Hacı Dâvud / Surhay Han, Osmanlı vasalı",hanlik,1722-11-01,1733-08-17,Şemâhî,safevi,afsar,"TDV İslâm Ansiklopedisi, ŞİRVAN (https://islamansiklopedisi.org.tr/sirvan): “Osmanlılar, Kasım 1722’de … Hacı Dâvud’un Şirvan üzerindeki hâkimiyetini tanıdılar. Hacı Dâvud, Kırım hanı gibi vasal bir hükümdar oldu” · “Nâdir Şah 17 Ağustos 1733’te Şemâhî’ye girdi”",f:ay;t:gun,"TEREDDUT: Hacı Dâvud'un ayaklanma devleti (1711-) Osmanlı tanımasıyla vasal hanlığa döndü; f tanıma ayı, ayaklanma değil. Osmanlı onu görevden alıp Surhay Han'ı getirdi (yıl bulunamadı). ÇELİŞKİ t: Iranica ŠERVĀN Nâdir'in Şemâhî'yi 1734'te aldığını yazar; TDV günü esas."
sirvan-hanligi,"Şirvan (Şemâhî) Hanlığı (18. yy, Sergerler)",hanlik,bulunamadı,1820-08-19,Eski/Yeni Şemâhî (Aksu); Fit dağı kalesi,afsar,rusya,"TDV İslâm Ansiklopedisi, ŞİRVAN (https://islamansiklopedisi.org.tr/sirvan): “Nâdir Şah, İran’a döndükten sonra … hanlardan Mehmed Ali Han, Yeni Şemâhî’de … idareyi ellerine aldılar” · “Ermolov’un askerî baskısı Mustafa Han’ı 19 Ağustos 1820’de İran’a sığınmaya mecbur etti”",f:belirsiz;t:gun,"f: kaynak yıl vermiyor (Nâdir sonrası; Iranica ŠERVĀN: Nâdir'in 1747 ölümünden sonra yerel hanlar). 1786-1789 arası Kuba Hanlığı'na bağlı (Feth Ali Han). 1826'da Mustafa Han kısa süre geri aldı, 24 Eylül 1826 İran'a döndü."
gence-hanligi,Gence Hanlığı (Ziyadoğulları),hanlik,bulunamadı,1804-01-03,Gence,afsar,rusya,"TDV İslâm Ansiklopedisi, GENCE (https://islamansiklopedisi.org.tr/gence): “Nâdir Şah’ın ölümünden sonra Gence, XVIII. yüzyılın ortalarında Azerbaycan’da kurulan yarı müstakil hanlıklardan biri oldu” · “3 Ocak 1804’te Cevâd Han şehid düştü”",f:onyil;t:gun,"f yıl yok: 'XVIII. yüzyıl ortaları, Nâdir sonrası' (Nâdir ölümü 1747). Ziyadoğulları Gence'yi Nâdir döneminde de tutuyordu (TDV)."
baku-hanligi,Bakü Hanlığı,hanlik,1747-01-01,1806-10-01,Bakü,afsar,rusya,"TDV İslâm Ansiklopedisi, BAKÜ (https://islamansiklopedisi.org.tr/baku): “Bağımsız Bakü Hanlığı kurulduğunda (1747)” · Encyclopaedia Iranica, BAKU i. General (S. Soucek), https://www.iranicaonline.org/articles/baku-pers/baku-i-general/: “Definitive Russian annexation, carried out in October, 1806, was ratified in 1813”",f:yil;t:ay,"t Iranica'dan (TDV ilhak ayını vermiyor, yalnız 1813 Gülistan)."
derbent-hanligi,Derbent Hanlığı,hanlik,1747-01-01,1759-01-01,Derbent,afsar,kuba-hanligi,"TDV İslâm Ansiklopedisi, DERBEND (https://islamansiklopedisi.org.tr/derbend--dagistan): “Onun 1747’de öldürülmesinden sonra Derbend’de müstakil bir hanlık kuruldu. Şehir 1759 sonbaharında Kuba Hanı Feth Ali Han’ın idaresi altına girdi”",yil,"TEREDDUT: 1759 sonrası Derbent Kuba hanlarının idaresinde (1796'ya kadar) — ayrı hanlık olarak sürüp sürmediği TDV'de yok; t = Kuba'ya geçiş. 1759 'sonbahar' ⇒ ay bilinmiyor, yil."
nahcivan-hanligi,Nahçıvan Hanlığı (Kengerli),hanlik,bulunamadı,1828-02-22,Nahçıvan,afsar,rusya,"TDV İslâm Ansiklopedisi, NAHCIVAN (https://islamansiklopedisi.org.tr/nahcivan): “Nâdir Şah’ın ölümünden sonra Nahcıvan şehri bu dönemde ortaya çıkan Nahcıvan Hanlığı’nın Rusya’ya ilhakına kadar (1828) bu hanlığın merkezi oldu”",f:belirsiz;t:gun,t günü komşudan: TDV TALİŞ HANLIĞI · '22 Şubat 1828’de imzalanan Türkmençay Antlaşması' (aynı antlaşma; Iranica NAḴJAVĀN: hanlık Türkmençay ile Rusya'ya bırakıldı). 1797'den itibaren İran'a bağımlı.
talis-hanligi,Talış (Lenkeran) Hanlığı,hanlik,1736-01-01,1826-01-01,Astara; sonra Lenkeran,afsar,rusya,"TDV İslâm Ansiklopedisi, TALİŞ HANLIĞI (https://islamansiklopedisi.org.tr/talis-hanligi): “1736 yılında Azerbaycan’ın güneydoğusunda … kurulmuş olup” · “hanlık 1826’da ilga edildi”",yil,1813 Gülistan ile büyük kısmı Rusya'ya; 22 Şubat 1828 Türkmençay ile Lenkeran Rusya'da kaldı.
kazikumuk-hanligi,"Kazıkumuk (Gazi-Kumuk, Lak) Hanlığı",hanlik,1639-01-01,1858-07-16,Kumuk (Kazi-Kumuh),kumuk-samhalligi,rusya,"TDV İslâm Ansiklopedisi, LEKLER (https://islamansiklopedisi.org.tr/lekler): “1639’da Surhay Han Mirza’nın ölümü üzerine mirasçıları Kumuk’u tamamen terkedince … “Halklavai” adını verdikleri reisleri iş başına getirdiler” · A. D. Kurbanov, «Ликвидация Казикумухского ханства…», Известия РГПУ им. А.И. Герцена, вып. 117, s. 16-24 (https://lib.herzen.spb.ru/media/magazines/contents/1/117/kurbanov_117_16_24.pdf): “16 июля 1858 г. по случаю смерти Агалар-хана … Управляющим ханством временно был назначен российский офицер”",f:yil;t:gun,TEREDDUT f: 1639 öncesi Lak/Gazi-Kumuk hâkimleri şamhal unvanlıydı (TDV); hanlığın şamhallıktan ayrılış anı 1639 olarak alındı. t: hanın ölümü + Rus subayı yönetimi; Kazıkumuk okrugu 5 Nisan 1860 Nizamnamesi ile. Rus belge tarihleri büyük olasılıkla JÜLYEN (Gregoryen 1858-07-28) — ÖLÇÜLEMEDİ.
avar-hanligi,Avar Hanlığı (Hunzah Nutsallığı),hanlik,bulunamadı,1864-04-02,Hunzah,bulunamadı,rusya,"TDV İslâm Ansiklopedisi, AVARLAR (https://islamansiklopedisi.org.tr/avarlar): “Avar Hanlığı da bu devirden sonra teşekkül etmiştir” · “2 Nisan 1864’te Avar Hanlığı tamamen ortadan kaldırılarak burası Rus Devleti’nin bir vilâyeti (okrug) haline getirildi”",f:belirsiz;t:gun,"f: TDV 'kısa Osmanlı hâkimiyeti (1558-1606) sonrasında teşekkül' der, yıl yok; Ümmü Han (ö. 1634). 1834 Hamza Bey hanlığı yıktı, 1859 Ruslar yeniden kurdu (kesinti). ÇELİŞKİ t: TDV DAĞISTAN 1862, Kurbanov 1863; dar kapsamlı madde (AVARLAR) esas. TDV AVARLAR Şamil teslimini '25 Ağustos 1859' yazar = Jülyen ⇒ 2 Nisan 1864 de büyük olasılıkla Jülyen (Gregoryen 1864-04-14)."
kaytak-usmiligi,Kaytak Usmiliği (Kaytag Usmiyliği),beylik,bulunamadı,1820-01-26,Mecalis; Başlı,bulunamadı,rusya,"A. O. Murtazaev, «Административно-политические преобразования в Кайтаге в 20–30 гг. XIX в.», Вестник Института ИАЭ (ДНЦ РАН) 2013 № 4, s. 14-21: “26 января 1820 г. в «Обращении Каракайтагскому народу» объявил, что уцмийский род лишен достоинства наследственных правителей”",f:belirsiz;t:gun,"tur: usmi unvanlı hanedan beyliği ⇒ 'beylik'. f: TDV maddesi yok (kaytak/kaytaklar 302); kuruluş 1281 öncesi olabilir, kaynaklı yıl bulunamadı. ÇELİŞKİ t: Kurbanov (Herzen 117) 'владения Кайтага … (1866)' ilga der — 1820 hanedan iktidarının sonu, 1866 idarî birimin ilgası. Tarih Jülyen olası (Gregoryen 1820-02-07). 1813 Gülistan ile Rusya'ya geçti."
mehtuli-hanligi,Mehtuli Hanlığı,hanlik,bulunamadı,1867-01-01,bulunamadı,bulunamadı,rusya,"A. D. Kurbanov, «Ликвидация Казикумухского ханства…», Известия РГПУ им. А.И. Герцена, вып. 117, s. 16-24 (https://lib.herzen.spb.ru/media/magazines/contents/1/117/kurbanov_117_16_24.pdf): “ханства Аварское (1863), Кюринское (1865), владения Кайтага и Табасарана (1866), Мехтулинское ханство и шамхальство Тарковское (1867)”",f:belirsiz;t:yil,"TDV maddesi yok (mehtuli 302; arama boş). TDV AVARLAR: 1859'da Ruslar Avar tahtına 'Mehtulinli İbrâhim Han'ı getirdiler' — birimin varlığına tanık, tarih değil."
ilisu-sultanligi,İlisu (Elisu) Sultanlığı,sultanlik,bulunamadı,1844-01-01,İlisu,bulunamadı,rusya,"R. S. Abdulmazhidov – Z. A. Magomedova, «Эпистолярные источники по истории имамата: корреспонденция Даниял-бека Елисуйского», История, археология и этнография Кавказа 14/2 (2018), s. 92-105: “После перехода Даниял-бека в 1844 г. в Кавказский имамат” · TDV İslâm Ansiklopedisi, TALİŞ HANLIĞI: “Nâdir Şah’ın ölümünden sonra … Ilısu Sultanlığı bağımsızlıklarını ilân ederek”",f:belirsiz;t:yil,"TDV maddesi yok (ilisu/elisu 302). Son sultan Daniyal-bek 1844 yazında (27 Haziran 1844 hicret, aynı makale dipnotu) Şamil'e geçti; makale onu 'бывший султан Елисуйский' anar. Sultanlığın resmî ilga belgesi BULUNAMADI — t = son sultanın kopuşu."
svaneti-prensligi,Svaneti (Dadeşkeliani) Prensliği,prenslik,bulunamadı,bulunamadı,bulunamadı,bulunamadı,rusya,bulunamadı,belirsiz,"Akademik kaynak bulunamadı: Britannica 403, Iranica maddesi yok; NPLG (iverieli) Dadeşkeliani derlemesi Gürcüce, doğrulanamadı. Yol gösterici (dayanak DEĞİL) Vikipedi: 1720'ler → 1857 (Konstantine'nin 11 Eylül 1857'de azli) / 1858 ilga; 1833 Rus himayesi."
kafkas-imamligi,Kuzey Kafkasya İmamlığı (Gazi Muhammed · Hamza Bey · Şeyh Şâmil),teokrasi,1829-01-01,1859-09-06,Gimri; Ahulgoh; Dargiye; son Gunib,avar-hanligi,rusya,"TDV İslâm Ansiklopedisi, ŞEYH ŞÂMİL (https://islamansiklopedisi.org.tr/seyh-samil): “Molla Muhammed 1829’da gazavât hareketinin liderliğine seçildi” · “oğulları … ile birlikte teslim olmak zorunda kaldı (6 Eylül 1859)”",f:yil;t:gun,"tur: imam = dinî+siyasî otorite ⇒ 'teokrasi'. ÇELİŞKİ: TDV DAĞISTAN/AVARLAR teslimi '25 Ağustos 1859' yazar (Jülyen = 6 Eylül Gregoryen) — fark 12 gün, TDV ŞEYH ŞÂMİL günü esas. oncul belirsiz: tek öncül yok (Avar/Dağıstan cemaatleri)."
abu-dabi-seyhligi,Ebûzabî (Abu Dabi) Şeyhliği — Benî Yâs / Âl-i Bû Felâh,emirlik,1761-01-01,1923-10-29,Ebûzabî,Benî Yâs aşireti (künye yok),Birleşik Arap Emirlikleri (künye yok),TDV İslâm Ansiklopedisi ebuzabi (https://islamansiklopedisi.org.tr/ebuzabi): “Benî Yâs kabilesi ... Ebûzabî adasına 1761’de geldiler; buraya yerleştiklerinde yirmi ev kadar bir topluluk oluşturmaktaydılar.”,f:yil;t:gun,şeyhlik → emirlik. f = Benî Yâs’ın Ebûzabî adasına yerleşmesi (kaynak kuruluş günü vermez; aşiret Liva’da daha eski). 1923 sonrası sürüyor: TDV ebuzabi 1971’de BAE’ye katılışı anlatır. t pencere ucu. Slug `abu-dabi`/`abuzabi` 302 (ölü); canlı madde `ebuzabi`.
dubai-seyhligi,Dübey (Dubai) Şeyhliği — Âl-i Bû Felâse (Mektûm),emirlik,1833-01-01,1923-10-29,Dübey,abu-dabi-seyhligi,Birleşik Arap Emirlikleri (künye yok),"TDV İslâm Ansiklopedisi dubey (https://islamansiklopedisi.org.tr/dubey): “Dübey, 1833’te Âl-i Bû Felâse kabilesinden 800 kişinin ... Ebûzabî’yi terkederek Dübey’e geçmeleri ve kontrolü ele geçirmeleri üzerine müstakil emirlik oldu.”",f:yil;t:gun,şeyhlik → emirlik. TDV: Lorimer’e göre 1799’da Dübey Ebûzabî’ye bağlı. 1923 sonrası sürüyor (TDV dubey: 2 Aralık 1971 BAE). DİKKAT: slug `dubai` = yanlış madde (DUBÂİ); doğru slug `dubey`.
kavasim-seyhligi,"Kavâsim (Kāsımî) Şeyhliği — Re’sülhayme, 1820’den sonra Şârika",emirlik,1750-01-01,1923-10-29,Re’sülhayme (1820’ye kadar) → Şârika,umman,resulhayme-seyhligi,TDV İslâm Ansiklopedisi resulhayme (https://islamansiklopedisi.org.tr/resulhayme): “Ya‘rubîler’in çöküş dönemine girmesiyle kabilenin şeyhi Rahmet el-Matarî ... yüzyılın ortalarına doğru eski Culfâr’ın yanına kurduğu Re’sülhayme’de bağımsızlığını ilân etti.”,f:onyil;t:gun,"şeyhlik → emirlik. f YAKLAŞIK: TDV yalnız “XVIII. yüzyılın ortalarına doğru” der ⇒ 1750 onyil (yıl uydurulmadı, onyil damgası). Ardıl: 1869’da Re’sülhayme ayrıldı; gövde Şârika olarak sürer (1923 sonrası sürüyor; TDV sarika: 1971 sonrası BAE üyesi). Ümmülkayveyn, Acmân, Füceyre bu yapıya bağlı/tâbi idi. Slug `sarika` canlı."
resulhayme-seyhligi,Re’sülhayme Şeyhliği (Kāsımî kolu),emirlik,1869-01-01,1923-10-29,Re’sülhayme,kavasim-seyhligi,Birleşik Arap Emirlikleri (künye yok),"TDV İslâm Ansiklopedisi resulhayme (https://islamansiklopedisi.org.tr/resulhayme): “1869’da Kavâsim toprakları ikiye bölündü ve Re’sülhayme, Şârika emîrinin yeğeni Humeyd b. Abdullah’ın idaresinde müstakil bir emirlik haline geldi.”",f:yil;t:gun,"KESİNTİLİ: Aitchison, A Collection of Treaties, Engagements and Sanads, Vol. XII (Govt. of India, 1909; archive.org in.ernet.dli.2015.206817): Humeyd b. Abdullah Ağustos 1900’de ölünce Şârika şeyhi yönetimi geri aldı; Aitchison, A Collection of Treaties, Engagements and Sanads, Vol. XI (Govt. of India, 1933; archive.org in.ernet.dli.2015.206813): 1910’da Sâlim b. Sultan yönetimi aldı, 1921’de bağımsız statüsü tanındı ⇒ 1900-08 → 1921 arası Şârika’ya bağlı/yarı-özerk. 1923 sonrası sürüyor (TDV: Şubat 1972 BAE). t pencere ucu."
acman-seyhligi,Acmân Şeyhliği — Âl-i Bûhureybân (Naîm) / Nuaymî,emirlik,bulunamadı,1923-10-29,Acmân,kavasim-seyhligi,Birleşik Arap Emirlikleri (künye yok),"TDV İslâm Ansiklopedisi acman (https://islamansiklopedisi.org.tr/acman): “XIX. yüzyıl boyunca komşusu Şârika’daki Kāsımî Emirliği’ne bağlı kalmıştır.” · “Acmân, diğer sahil emîrleri ve İngiltere arasında imzalanan 1820 ve 1892 antlaşmalarına iştirak etti.”",f:belirsiz;t:gun,"TEREDDUT: TDV Acmân’ı XIX. yy boyunca Şârika’ya bağlı sayar; buna karşın 1820, 1838, 1847, 1892, 1902 antlaşmalarını ayrı şeyh olarak imzaladı (Aitchison, A Collection of Treaties, Engagements and Sanads, Vol. XII (Govt. of India, 1909; archive.org in.ernet.dli.2015.206817)). Kuruluş yılı TDV’de YOK ⇒ f bulunamadı. 1923 sonrası sürüyor (TDV: 2 Aralık 1971 BAE federe üyesi)."
ummulkayveyn-seyhligi,Ümmülkayveyn Şeyhliği — Âl-i Muallâ,emirlik,1819-01-01,1923-10-29,Ümmülkayveyn,kavasim-seyhligi,Birleşik Arap Emirlikleri (künye yok),TDV İslâm Ansiklopedisi ummulkayveyn (https://islamansiklopedisi.org.tr/ummulkayveyn): “İngilizler’in 1819 yılındaki müdahalesinin ardından Kavâsim Şeyhliği’nden ayrılarak bağımsız hale geldi.”,f:onyil;t:gun,"f YAKLAŞIK: kaynak “1819 müdahalesinin ARDINDAN” der, ayrılış yılını vermez ⇒ 1819 onyil. TDV: 1189/1775’te Şeyh Mâcid el-Muallâ başkanlığında kabile olarak Kavâsim’e bağlı. 1923 sonrası sürüyor (TDV: 1971 BAE)."
fuceyre-seyhligi,Füceyre Şeyhliği — Şarkıyyûn,emirlik,1901-01-01,1923-10-29,Füceyre,kavasim-seyhligi,Birleşik Arap Emirlikleri (künye yok),"Aitchison, A Collection of Treaties, Engagements and Sanads, Vol. XI (Govt. of India, 1933; archive.org in.ernet.dli.2015.206813), s. 201: “Fujairah was a feudatory of the Shaikh of Shargah until 1901, when the Shaikh of Fujairah asserted his independence; which has, however, never been formally recognised.”",f:yil;t:gun,"TEREDDUT: 1901 bağımsızlık BEYANI tanınmadı; TDV fuceyre: 1903’te Hindistan hükümeti Füceyre’yi Şârika’ya bağlı şeyhlik saydı, bağımsızlık ancak 1952’de tanındı (“bu defa Füceyre bağımsız bir şeyhlik olarak tanındı”). Atlas için 1901-1952 arası FİİLÎ özerklik, HUKUKÎ Şârika tâbiliği. 1923 sonrası sürüyor."
asir-idrisi-emirligi,Asîr İdrîsî Emirliği (Seyyid Muhammed b. Ali el-İdrîsî),emirlik,1909-01-01,1923-10-29,Sabyâ,OSMANLI (Asîr mutasarrıflığı; künye yok),suudi-arabistan,TDV İslâm Ansiklopedisi yemen (https://islamansiklopedisi.org.tr/yemen): “1909’da Asîr’de Şeyh İdrîsî’nin başlattığı isyan 1911’de İmam Yahyâ’nın büyüyen isyanıyla yeniden alevlenince ...”,f:yil;t:gun,"ÇELİŞKİ (f): TDV yemen 1909 isyan; TDV ebha “1910 yılında isyan ederek Ebhâ’yı kuşattı”; Aitchison, A Collection of Treaties, Engagements and Sanads, Vol. XI (Govt. of India, 1933; archive.org in.ernet.dli.2015.206813): 1908’de Sabyâ’ya döndü ⇒ TDV yemen (en erken TDV yılı, isyanın başlangıcı) seçildi. Merkez TDV cizan: “merkezini Ebû Arîş’ten Sabyâ’ya taşıdı” (1911). ÇELİŞKİ (Muhammed b. Ali’nin ölümü): TDV asir--suudi-arabistan 1922, TDV yemen ve Aitchison, A Collection of Treaties, Engagements and Sanads, Vol. XI (Govt. of India, 1933; archive.org in.ernet.dli.2015.206813) 1923. 1923 sonrası sürüyor: TDV asir: Tâif Muahedesi (Mayıs 1934) ile kalan İdrîsî toprakları Suudi Arabistan’a. ‘idrisi’ künyesi (Fas İdrîsîleri 789-985) BAŞKA polity. `aiz` (Ebhâ) ayrı polity."
lahic-sultanligi,Lahic (Lehic) Sultanlığı — Abdelî,sultanlik,1729-01-01,1923-10-29,Lehic (el-Havta),yemen-zeydi,Güney Yemen Halk Cumhuriyeti (künye yok),"TDV İslâm Ansiklopedisi lehic (https://islamansiklopedisi.org.tr/lehic): “1141’de (1729) ... Abdelî kabilesinin (Abâdil) reisi Fazl b. Ali, Zeydî imamlarına karşı bağımsızlığını ilân etti ve Lehic’i başşehir yaptı.”",f:yil;t:gun,"HİCRÎ: H.1141 = 1728-08-07 → 1729-07-26; kaynak mîlâdî 1729 diyor ⇒ kesişim 1729-01-01 → 1729-07-26, ilk gün 1729-01-01. ÇELİŞKİ: Britannica 1911 (Aden) “until the year 1735, when the sheikh of Lahej ... founded a line of independent sultans” ⇒ TDV esas. 1923 sonrası sürüyor: Encyclopaedia Britannica (Lahij, web.archive) “ʿAbdali Sultanate, abolished when Yemen (Aden) became independent in 1967”. Slug `lahic` 302; canlı `lehic`."
fadli-sultanligi,Fadlî (Fazlî) Sultanlığı,sultanlik,bulunamadı,1923-10-29,bulunamadı,bulunamadı,bulunamadı,"Aitchison, A Collection of Treaties, Engagements and Sanads, Vol. XI (Govt. of India, 1933; archive.org in.ernet.dli.2015.206813), s. 9: “The Fadhli, with whom an Engagement (No. XXI) was concluded by the British Government in July 1839, after the capture of Aden, are one of the most powerful and warlike tribes near Aden.”",f:belirsiz;t:gun,"TDV’de madde YOK (arama `fadli`/`fazli` sonuçsuz). f: kuruluş yılı bulunamadı (ilk tarihli kayıt 8 Temmuz 1839 bond). 1923 sonrası sürüyor: Aitchison, A Collection of Treaties, Engagements and Sanads, Vol. XI (Govt. of India, 1933; archive.org in.ernet.dli.2015.206813) 1924’te sultanın ölümünü ve halefini kaydeder. Merkez (Şukra) yalnız Vikipedi’de ⇒ bulunamadı."
yukari-avlaki-sultanligi,Yukarı Avlakî Sultanlığı (Nisâb),sultanlik,bulunamadı,1923-10-29,Nisâb,bulunamadı,bulunamadı,"Aitchison, A Collection of Treaties, Engagements and Sanads, Vol. XI (Govt. of India, 1933; archive.org in.ernet.dli.2015.206813), s. 14: “The Upper Aulaqi are again subdivided, part being under the rule of a Sultan who resides at Nisab, and part governed by a Shaikh”",f:belirsiz;t:gun,"TDV’de madde YOK. f bulunamadı (ilk tarihli kayıt: Eylül 1879 tahttan indirme). 1923 sonrası sürüyor (Aitchison, A Collection of Treaties, Engagements and Sanads, Vol. XI (Govt. of India, 1933; archive.org in.ernet.dli.2015.206813) 1930’a kadar anlatır)."
yukari-avlaki-seyhligi,Yukarı Avlakî Şeyhliği (Saîd),emirlik,bulunamadı,1923-10-29,Saîd,bulunamadı,bulunamadı,"Aitchison, A Collection of Treaties, Engagements and Sanads, Vol. XI (Govt. of India, 1933; archive.org in.ernet.dli.2015.206813), s. 14: “part governed by a Shaikh who is nearly as powerful as the Sultan, and lives at Said.”",f:belirsiz;t:gun,TEREDDUT: Yukarı Avlakî’nin ikinci kolu; ayrı İngiliz antlaşması (8 Aralık 1903) var ⇒ ayrı polity yazıldı. şeyhlik → emirlik. TDV’de YOK. f bulunamadı. 1923 sonrası sürüyor.
asagi-avlaki-sultanligi,Aşağı Avlakî Sultanlığı,sultanlik,bulunamadı,1923-10-29,bulunamadı,bulunamadı,bulunamadı,"Aitchison, A Collection of Treaties, Engagements and Sanads, Vol. XI (Govt. of India, 1933; archive.org in.ernet.dli.2015.206813), s. 14: “The Aulaqi tribe is divided into two sections, the Upper and the Lower Aulaqi, each under an independent Chief.”",f:belirsiz;t:gun,"TDV’de YOK. f bulunamadı (ilk tarihli kayıt 14 Ekim 1855 antlaşması). 1923 sonrası sürüyor (Aitchison, A Collection of Treaties, Engagements and Sanads, Vol. XI (Govt. of India, 1933; archive.org in.ernet.dli.2015.206813): 1924 tahttan çekilme, Nisan 1930 ölüm)."
asagi-yafi-sultanligi,Aşağı Yâfi‘ Sultanlığı,sultanlik,bulunamadı,1923-10-29,bulunamadı,bulunamadı,bulunamadı,"Aitchison, A Collection of Treaties, Engagements and Sanads, Vol. XI (Govt. of India, 1933; archive.org in.ernet.dli.2015.206813), s. 17: “Soon after the capture of Aden an Engagement (No. XLII) was entered into in 1839 with Ali bin Ghalib, Sultan of the Lower Yafai”",f:belirsiz;t:gun,"TDV’de bağımsız madde YOK (`yafii` = kişi). TDV hadramut Yâfiîler’i Şihr/Mükellâ’da anar (o kol Kuaytî’dir, atlasta VAR). f bulunamadı. 1923 sonrası sürüyor."
yukari-yafi-sultanligi,Yukarı Yâfi‘ (Sultanlık ve bağımsız alt kollar),konfederasyon,bulunamadı,1923-10-29,bulunamadı,bulunamadı,bulunamadı,"Aitchison, A Collection of Treaties, Engagements and Sanads, Vol. XI (Govt. of India, 1933; archive.org in.ernet.dli.2015.206813), s. 18: “The Upper Yafai are divided into several independent sub-sections most of which have separate Protectorate Treaties with Government.”",f:belirsiz;t:gun,"TEREDDUT: “titular” sultan + Dubî, Mavsatta, Muflihî, Hadramî, Şaibî kolları ayrı antlaşmalı (1903) ⇒ tek polity mi alt kollar mı belirsiz; konfederasyon olarak yazıldı. f bulunamadı. 1923 sonrası sürüyor (Aitchison, A Collection of Treaties, Engagements and Sanads, Vol. XI (Govt. of India, 1933; archive.org in.ernet.dli.2015.206813): Kasım 1919 İmam Şaib’i aldı, 1928 tahliye)."
muhammere-seyhligi,Muhammere (Muhammara) Şeyhliği — Benî Kâ‘b / Muhaysın,emirlik,bulunamadı,1923-10-29,Muhammere (Hürremşehr),Benî Kâ‘b şeyhliği (künye yok),iran,TDV İslâm Ansiklopedisi hazal-han (https://islamansiklopedisi.org.tr/hazal-han): “Haz‘al Han 19 Nisan 1925’te Muhammere’de bir gemide iken tutuklandı ... Böylece Muhammere de İran’da merkezî idarenin yönetimine girmiş oldu.”,f:belirsiz;t:gun,"TEREDDUT: hukuken Kaçar İran’ına bağlı vali-şeyh; Aitchison, A Collection of Treaties, Engagements and Sanads, Vol. XI (Govt. of India, 1933; archive.org in.ernet.dli.2015.206813) (Persian Gulf — Persian coast bölümü): “de jure position as Governor, was de facto hereditary ruler, under the Shah of Persia”. f bulunamadı: kuruluş 1812 adayı yalnız bir Qatar Digital Library belgesinin arama özetinde görüldü, belge (403) AÇILAMADI ⇒ yazılmadı. Kâ‘b Hûzistan’da XVIII. yy’dan nüfuzlu (TDV huzistan). 1923 sonrası sürüyor: gerçek son 19 Nisan 1925 (TDV); Iranica (Kazʿal Khan) “in the middle of the night on 18 April 1925” — TDV esas. ardıl `iran` künyesi 1925-10-31’de başlar (aradaki 6 ay kacar)."
mehre-sultanligi,Mehre (Kişn ve Sokotra) Sultanlığı — Âl-i Afrâr,sultanlik,bulunamadı,1923-10-29,Kişn; Sokotra (Hadibu),bulunamadı,Güney Yemen Halk Cumhuriyeti (künye yok),"Aitchison, A Collection of Treaties, Engagements and Sanads, Vol. XI (Govt. of India, 1933; archive.org in.ernet.dli.2015.206813), s. 35: “The sovereignty of the island is invested in the Ahl Afrir family of the Mahri tribe of Arabs, who inhabit Qishn on the mainland.”",f:belirsiz;t:gun,"TDV’de madde YOK (arama `mehre`/`sokotra`/`sukutra` boş). f bulunamadı (ilk tarihli kayıt 1834 kömür anlaşması). 1923 sonrası sürüyor: Encyclopaedia Britannica (Socotra, web.archive 2026-08-22): “The sultanate came to an end in 1967, when Socotra became part of independent South Yemen”."
beyhan-serifligi,Beyhân Şerifliği (Emirliği),emirlik,bulunamadı,1923-10-29,en-Nukub,bulunamadı,bulunamadı,"Aitchison, A Collection of Treaties, Engagements and Sanads, Vol. XI (Govt. of India, 1933; archive.org in.ernet.dli.2015.206813), s. 16: “In December 1903 a Treaty (No. XLI) was concluded with Sharif Ahmed bin Muhsin.” · “The headquarters of the Sharif is at An Nuqub”",f:belirsiz;t:gun,"TDV’de YOK. f bulunamadı; Aitchison, A Collection of Treaties, Engagements and Sanads, Vol. XI (Govt. of India, 1933; archive.org in.ernet.dli.2015.206813): sınır sorunu çıkana dek İngilizlerle hiç temas yoktu. 1923 sonrası sürüyor (Aitchison, A Collection of Treaties, Engagements and Sanads, Vol. XI (Govt. of India, 1933; archive.org in.ernet.dli.2015.206813): Haziran 1930 İmam tecavüzü)."
dali-emirligi,Dâli‘ Emirliği (Âmirî),emirlik,1800-01-01,1923-10-29,Dâli‘,yemen-zeydi,bulunamadı,"Aitchison, A Collection of Treaties, Engagements and Sanads, Vol. XI (Govt. of India, 1933; archive.org in.ernet.dli.2015.206813), s. 25: “The ancestors of the present Amir are said to have been Muwallads ... of the Imams of Sanaa, and to have established themselves as independent at Dhala about the beginning of the last century.”",f:onyil;t:gun,"f YAKLAŞIK: “about the beginning of the last century” (1933 metni ⇒ XIX. yy başı) ⇒ 1800 onyil; kaynak “said to have been” der (rivayet). TDV’de madde YOK. 1923 sonrası sürüyor (Aitchison, A Collection of Treaties, Engagements and Sanads, Vol. XI (Govt. of India, 1933; archive.org in.ernet.dli.2015.206813): 22 Aralık 1911 Emir Şâif öldü, oğlu Nasr geçti; 1928 İmam karakolları tahliye)."
avazil-sultanligi,Avâzil (Avdalî) Sultanlığı,sultanlik,bulunamadı,1923-10-29,el-Kuheyde,bulunamadı,bulunamadı,"Aitchison, A Collection of Treaties, Engagements and Sanads, Vol. XI (Govt. of India, 1933; archive.org in.ernet.dli.2015.206813), s. 20: “The Sultan made overtures for treaty relations in 1902 ... in September 1914 a Protectorate Treaty (No. LI) was concluded with Sultan Qasim bin Ahmed.”",f:belirsiz;t:gun,"TDV’de YOK. f bulunamadı. Merkez: Aitchison, A Collection of Treaties, Engagements and Sanads, Vol. XI (Govt. of India, 1933; archive.org in.ernet.dli.2015.206813) “Al Kuheida where the Sultan resided” (1925). 1923 sonrası sürüyor (Aitchison, A Collection of Treaties, Engagements and Sanads, Vol. XI (Govt. of India, 1933; archive.org in.ernet.dli.2015.206813): Eylül 1928 sultan öldürüldü)."
kalat-hanligi,"Kalat (Kelât) Hanlığı (Ahmedzai Brâhûî hanları, Belûcistan)",hanlik,1666-01-01,1923-10-29,Kalat,babur-imparatorlugu,bulunamadı,"Imperial Gazetteer of India (1908), DSAL Univ. of Chicago v.6 s.277 'Baluchistan: History': ""Mir Ahmad I, 1666-7"" — ""a list of the rulers, with approximate dates of their accession""; TDV İslâm Ansiklopedisi 'Belûcistan': ""Kelât Hanı Nâsır Han Belûc (1750-1795)""",f:onyil;t:gun,"1923 sonrası sürüyor (1948'de Pakistan'a katılım — kaynakla doğrulanmadı). f 'yaklaşık' tahtına çıkış listesinden. IGI: Kalat hanları hiçbir zaman tam bağımsız değildi (Babür, sonra Kandahar/Dürrânî metbûluğu). TDV'de 'kalat' slug'ı ölü (302); TDV yalnız 'belucistan' maddesinde anar."
hayrpur-emirligi,Hayrpûr Emirliği (Tâlpûr Sührâbânî kolu),emirlik,1783-01-01,1923-10-29,Hayrpur,sind,bulunamadı,"TDV İslâm Ansiklopedisi 'Hayrpûr' (E. Konukçu): ""Pakistan'da bir şehir ve 1783-1956 yılları arasında bu çevrede hâkim olan küçük bir emirlik""",f:yil;t:gun,1923 sonrası sürüyor (TDV: 1956'da statüsüne son verildi). 1783 = Tâlpûrların Kelhôra'yı yıkışı; kolun ayrı yönetime geçiş yılı ayrıca verilmiyor.
rohilkand-nevvabligi,Rôhilkend (Rohilla) Nevvâblığı,emirlik,1737-01-01,1774-04-01,Aonla / Bareilly,babur-imparatorlugu,avad,"TDV İslâm Ansiklopedisi 'Râmpûr': ""1737'de Rohillalar'ın şefi Ali Muhammed Han'ın ... Ketîr yöresini ve nevvâb unvanını almasıyla kuruldu""; Imperial Gazetteer of India (1908), DSAL Univ. of Chicago v.21 s.308 'Rohilkhand': ""were defeated after a gallant resistance, Rahmat Khan being among the slain"" (April, 1774)",f:yil;t:ay,"Nevvâblık → emirlik (tür kümesinde nevvâb yok). Ardıl: Rohilkend'in büyük kısmı Avad'a, dokuz pargana Râmpûr'a (rampur-nevvabligi). 1752'den sonra Ali Muhammed'in oğulları ve Hâfız Rahmet Han arasında paylaşılmış (TDV 'Hâfız Rahmet Han'). TDV Râmpûr'u 1737'den başlatır — çelişki NOT.md'de."
rampur-nevvabligi,Râmpûr Nevvâblığı,emirlik,1774-01-01,1923-10-29,Rampur,rohilkand-nevvabligi,bulunamadı,"Imperial Gazetteer of India (1908), DSAL Univ. of Chicago v.7 s.5 'Bareilly District': ""he effected a treaty with Shuja-ud-daula in 1774, by which he accepted nine parganas worth 15 lakhs a year""",f:yil;t:gun,"1923 sonrası sürüyor (TDV: 1947 sonrası Hindistan'a bağlandı, 1950'de birleştirildi). TDV kuruluşu 1737 sayar (Rohilla nevvâblığının devamı) — burada Rôhilkend ayrı polity, Râmpûr 1774 Feyzullah Han'ın payı."
tonk-nevvabligi,Tonk Nevvâblığı,emirlik,1817-11-01,1923-10-29,Tonk,indor,bulunamadı,"Imperial Gazetteer of India (1908), DSAL Univ. of Chicago v.23 s.409 'Tonk State': ""To these terms Amir Khan agreed, and they were embodied in a treaty in November, 1817""",f:ay;t:gun,"1923 sonrası sürüyor. Kurucu Pindârî Emîr Han; topraklar Holkar (indor) bağışı (Sironj 1798, Tonk 1806). Devlet İngiliz garantisiyle 1817 antlaşmasından doğar. TDV'de 'tonk' slug'ı ölü (302), madde bulunamadı."
patiyala,Patiyâla (Patiala) Racalığı / Mihracalığı (Phûlkiyân),prenslik,1763-01-01,1923-10-29,Patiala (önce Barnala),afgan-durrani,bulunamadı,"Imperial Gazetteer of India (1908), DSAL Univ. of Chicago v.20 s.34 'Patiala State': ""Its history as a separate power nominally dates from 1762 ... but it may be more justly regarded as dating from 1763""",f:yil;t:gun,1923 sonrası sürüyor. f IGI'nin tercih ettiği 1763 (Sirhind'in alınışı); nominal başlangıç 1762 (Ahmed Şah Dürrânî'nin raca unvanı). Sih misl dönemi kökenlidir.
nabha,Nâbha Racalığı (Phûlkiyân),prenslik,1763-01-01,1923-10-29,Nabha,afgan-durrani,bulunamadı,"Imperial Gazetteer of India (1908), DSAL Univ. of Chicago v.20 s.135 'Phulkian States': ""In this year Jind and Nabha may be deemed to have come into being as ruling States"" (1763)",f:yil;t:gun,1923 sonrası sürüyor.
jind,Cînd (Jind) Racalığı (Phûlkiyân),prenslik,1763-01-01,1923-10-29,Jind / Sangrur,afgan-durrani,bulunamadı,"Imperial Gazetteer of India (1908), DSAL Univ. of Chicago v.20 s.135 'Phulkian States': ""In this year Jind and Nabha may be deemed to have come into being as ruling States"" (1763)",f:yil;t:gun,1923 sonrası sürüyor. Sangrur 1774'te Nâbha'dan alındı (IGI v.20 s.34).
kapurthala,Kapûrthala (Ahlûvâlia) Racalığı,prenslik,1780-01-01,1923-10-29,Kapurthala,sih-misilleri,bulunamadı,"Imperial Gazetteer of India (1908), DSAL Univ. of Chicago v.14 s.409 'Kapurthala State': ""The scattered possessions in the Bari Doab were gained by the sword in 1780, and were the first acquisitions made by Sardar Jassa Singh""",f:yil;t:gun,1923 sonrası sürüyor. Ahlûvâlia misl'inden doğar; 1809-1846 trans-Sutlej toprakları Ranjit Singh'e hizmet yükümlülüğüyle bağlı (sih-imparatorlugu içinde tâbi) — iki rejimli. 1849'da raca unvanı.
sih-misilleri,Sih Misilleri (Dal Hâlsa konfederasyonu),konfederasyon,1764-01-01,1799-01-01,Amritsar,afgan-durrani,sih-imparatorlugu,"TDV İslâm Ansiklopedisi 'Amritsar': ""tapınak bağımsız Sih devletinin kurulmasından (1764) iki yıl sonra""; Imperial Gazetteer of India (1908), DSAL Univ. of Chicago v.5 s.321 'Lahore District': ""Ranjit Singh, who had obtained possession of Lahore in 1799, brought the whole surrounding country under his sway""",f:yil;t:yil,"TEREDDUT: on iki misl tek merkezli devlet değil, serdar başına ayrı birimlerin gevşek konfederasyonu; misillerin bir kısmı (Phûlkiyân, Ahlûvâlia) ayrı prensliklere dönüştü. t = Ranjit Singh'in Lahor'u alışı; emilme 1799-1810'lar arasında kademeli (Bhangî 1800, IGI v.5 s.321)."
maldiv-sultanligi,Maldiv Sultanlığı,sultanlik,1153-07-07,1923-10-29,Male,Maldiv Budist krallığı (künye yok),bulunamadı,"TDV İslâm Ansiklopedisi 'Maldivler': ""Budist kralı ... 12 Rebîülâhir 548 (7 Temmuz 1153) tarihinde müslüman olmuş ve Muhammed el-Âdil ... adını almıştır""",gun,"1923 sonrası sürüyor (TDV: sultanlık 1953 cumhuriyetine kadar, 1954'te yeniden). f TDV'nin Kādî Hasan Tâceddin'e dayanan rivayeti; İbn Battûta farklı (Ebü'l-Berekât) — gün TDV metnindeki çevirmedir (Jülyen). 1558-1573 Portekiz işgali kesintisi."
kutch-racligi,Kutch (Kaçh) Raolığı (Câdeca),prenslik,1540-01-01,1923-10-29,Bhuj,Kutch Câdeca kolları (künye yok),bulunamadı,"Imperial Gazetteer of India (1908), DSAL Univ. of Chicago v.11 s.78 'Cutch': ""Till 1540 the Jadejas ruled over Cutch in three branches; but about that year Khengar ... succeeded in making himself head of the tribe and master of the whole province""",f:onyil;t:gun,1923 sonrası sürüyor. 'about that year' ⇒ onyil. Câdeca (Sammâ) hâkimiyeti IGI'ye göre 1320'den; tek devlet olarak 1540 civarı. Racput olduğu için TDV birincil değil.
mirpur-talpur,Mîrpûr (Menikânî) Tâlpûr Mirliği,emirlik,1783-01-01,1843-03-01,Mirpur Khas,sind,ingiliz-hindistani,"TDV İslâm Ansiklopedisi 'Hayrpûr': ""ailenin diğer üyeleri Sind'deki hâkimiyetlerini üç kol halinde devam ettirdiler ... Mîrpûr (Menikânî) kolu Mîrpûr'da""; ""Diyu'da (Mart 1843) yapılan savaşlarda Sind emîrlerini bozguna uğrattı""",f:belirsiz;t:ay,TEREDDUT: atlasta 'sind' künyesi Tâlpûrları tek birim olarak taşıyor (t 1843-02-17); Mîrpûr kolu ayrı polity mi yoksa 'sind' içi kol mu karar koordinatörde. f = 1783 Tâlpûr hâkimiyetinin başı; kolun ayrılış yılı BULUNAMADI. t = Dubba (Diyu) savaşı ayı.
