tarih	yer	yer_dosya	sutun	yer_yollari	sinif_otomatik	hukum	gerekce	taraf_da_kapatir	kok_alani	ham_eslesme	baglam	ilk_kapatan_madde
1285-01-01	Kulacahisar	yerlesimler.js	OCAK1	yer_id	BAGIMSIZ	GERCEK-BAGIMSIZ	yer_id/merkez yolu kökten bağımsız kapatıyor	0				1285-01-01 Kulacahisar baskını — Osman Bey'in ilk askerî harekâtı
1288-01-01	Eskişehir	yerlesimler.js	OCAK1	kok	BUYUK-HARF	OKUNMADI	büyük harfli özel ad eşleşmesi — tek tek okunmadı	0	b	Eskisehir	ahisar'in fethi - ilk sehir kazanimi ve Eskisehir'e hakimiyet Karacahisar, Eskisehir TDV 	1288-01-01 Karacahisar'ın fethi — ilk şehir kazanımı ve Eskişehir'e hâkimiyet
1288-01-01	Karacahisar	yerlesimler.js	OCAK1	yer_id	BAGIMSIZ	GERCEK-BAGIMSIZ	yer_id/merkez yolu kökten bağımsız kapatıyor	0				1288-01-01 Karacahisar'ın fethi — ilk şehir kazanımı ve Eskişehir'e hâkimiyet
1293-01-01	Alanya	yerlesimler.js	OCAK1	yer_id	BAGIMSIZ	GERCEK-BAGIMSIZ	yer_id/merkez yolu kökten bağımsız kapatıyor	1				1293-01-01 Alanya (Alâiye), Selçuklu sonrası dönemde yerel bir beyliğin denetimin
1297-01-01	Akşehir	yerlesimler.js	OCAK1	kok	BUYUK-HARF	OKUNMADI	büyük harfli özel ad eşleşmesi — tek tek okunmadı	1	yer	Aksehir	rta, Burdur, Egirdir, Uluborlu, Yalvac, Aksehir TDV'nin Karesiogullari maddesine gore K	1297-01-01 Karesi ve Hamîdoğulları beyliklerinin kuruluşu
1297-01-01	Ayvalık	yerlesimler.js	OCAK1	kok	BUYUK-HARF	OKUNMADI	büyük harfli özel ad eşleşmesi — tek tek okunmadı	1	yer	Ayvalik	rgama, Edremit, Erdek, Biga, Canakkale, Ayvalik, Karabiga, Isparta, Burdur, Egirdir, Ul	1297-01-01 Karesi ve Hamîdoğulları beyliklerinin kuruluşu
1297-01-01	Balıkesir	yerlesimler.js	OCAK1	yer_id	BAGIMSIZ	GERCEK-BAGIMSIZ	yer_id/merkez yolu kökten bağımsız kapatıyor	1				1297-01-01 Karesi ve Hamîdoğulları beyliklerinin kuruluşu
1297-01-01	Bergama	yerlesimler.js	OCAK1	kok	BUYUK-HARF	OKUNMADI	büyük harfli özel ad eşleşmesi — tek tek okunmadı	1	yer	Bergama	llari beyliklerinin kurulusu Balikesir, Bergama, Edremit, Erdek, Biga, Canakkale, Ayval	1297-01-01 Karesi ve Hamîdoğulları beyliklerinin kuruluşu
1297-01-01	Biga	yerlesimler.js	OCAK1	kok	BUYUK-HARF	OKUNMADI	büyük harfli özel ad eşleşmesi — tek tek okunmadı	1	yer	Biga	usu Balikesir, Bergama, Edremit, Erdek, Biga, Canakkale, Ayvalik, Karabiga, Isparta,	1297-01-01 Karesi ve Hamîdoğulları beyliklerinin kuruluşu
1297-01-01	Burdur	yerlesimler.js	OCAK1	kok	BUYUK-HARF	OKUNMADI	büyük harfli özel ad eşleşmesi — tek tek okunmadı	1	yer	Burdur	 Canakkale, Ayvalik, Karabiga, Isparta, Burdur, Egirdir, Uluborlu, Yalvac, Aksehir TDV	1297-01-01 Karesi ve Hamîdoğulları beyliklerinin kuruluşu
1297-01-01	Edremit	yerlesimler.js	OCAK1	kok	BUYUK-HARF	OKUNMADI	büyük harfli özel ad eşleşmesi — tek tek okunmadı	1	yer	Edremit	liklerinin kurulusu Balikesir, Bergama, Edremit, Erdek, Biga, Canakkale, Ayvalik, Karab	1297-01-01 Karesi ve Hamîdoğulları beyliklerinin kuruluşu
1297-01-01	Erdek	yerlesimler.js	OCAK1	kok	BUYUK-HARF	OKUNMADI	büyük harfli özel ad eşleşmesi — tek tek okunmadı	1	yer	Erdek	n kurulusu Balikesir, Bergama, Edremit, Erdek, Biga, Canakkale, Ayvalik, Karabiga, Is	1297-01-01 Karesi ve Hamîdoğulları beyliklerinin kuruluşu
1297-01-01	Eğirdir	yerlesimler.js	OCAK1	kok	BUYUK-HARF	OKUNMADI	büyük harfli özel ad eşleşmesi — tek tek okunmadı	1	yer	Egirdir	le, Ayvalik, Karabiga, Isparta, Burdur, Egirdir, Uluborlu, Yalvac, Aksehir TDV'nin Kare	1297-01-01 Karesi ve Hamîdoğulları beyliklerinin kuruluşu
1297-01-01	Isparta	yerlesimler.js	OCAK1	kok	BUYUK-HARF	OKUNMADI	büyük harfli özel ad eşleşmesi — tek tek okunmadı	1	yer	Isparta	ek, Biga, Canakkale, Ayvalik, Karabiga, Isparta, Burdur, Egirdir, Uluborlu, Yalvac, Aks	1297-01-01 Karesi ve Hamîdoğulları beyliklerinin kuruluşu
1297-01-01	Karabiga	yerlesimler_seyrek.js	OCAK1	kok	BUYUK-HARF	OKUNMADI	büyük harfli özel ad eşleşmesi — tek tek okunmadı	1	yer	Karabiga	remit, Erdek, Biga, Canakkale, Ayvalik, Karabiga, Isparta, Burdur, Egirdir, Uluborlu, Ya	1297-01-01 Karesi ve Hamîdoğulları beyliklerinin kuruluşu
1297-01-01	Uluborlu	yerlesimler.js	OCAK1	kok	BUYUK-HARF	OKUNMADI	büyük harfli özel ad eşleşmesi — tek tek okunmadı	1	yer	Uluborlu	ik, Karabiga, Isparta, Burdur, Egirdir, Uluborlu, Yalvac, Aksehir TDV'nin Karesiogullari	1297-01-01 Karesi ve Hamîdoğulları beyliklerinin kuruluşu
1297-01-01	Yalvaç	yerlesimler.js	OCAK1	kok	BUYUK-HARF	OKUNMADI	büyük harfli özel ad eşleşmesi — tek tek okunmadı	1	yer	Yalvac	ga, Isparta, Burdur, Egirdir, Uluborlu, Yalvac, Aksehir TDV'nin Karesiogullari maddesi	1297-01-01 Karesi ve Hamîdoğulları beyliklerinin kuruluşu
1297-01-01	Çanakkale	yerlesimler.js	OCAK1	kok	BUYUK-HARF	OKUNMADI	büyük harfli özel ad eşleşmesi — tek tek okunmadı	1	yer	Canakkale	likesir, Bergama, Edremit, Erdek, Biga, Canakkale, Ayvalik, Karabiga, Isparta, Burdur, Eg	1297-01-01 Karesi ve Hamîdoğulları beyliklerinin kuruluşu
1299-01-01	Bilecik	yerlesimler.js	OCAK1	kok+yer_id	BAGIMSIZ	GERCEK-BAGIMSIZ	yer_id/merkez yolu kökten bağımsız kapatıyor	0	yer	Bilecik	Osmanli Beyligi'nin kurulusu Sogut / Bilecik Kayi boyundan Osman Gazi'nin Sogut-Doma	1299-01 Osmanlı Beyliği'nin kuruluşu
1299-01-01	Yarhisar	yerlesimler.js	OCAK1	kok	BUYUK-HARF	OKUNMADI	büyük harfli özel ad eşleşmesi — tek tek okunmadı	0	d	Yarhisar	i tarihte katilan oteki yerler: Inegol, Yarhisar.	1299-01 Osmanlı Beyliği'nin kuruluşu
1299-01-01	İnegöl	yerlesimler.js	OCAK1	kok	BUYUK-HARF	GERCEK-OKUNDU	bağlam elle okundu (bayraklı ya da kısa/eşsesli kök)	0	d	Inegol	lir. Ayni tarihte katilan oteki yerler: Inegol, Yarhisar.	1299-01 Osmanlı Beyliği'nin kuruluşu
1300-01-01	Köprühisar (Yenişehir)	yerlesimler.js	OCAK1	yer_id	BAGIMSIZ	GERCEK-BAGIMSIZ	yer_id/merkez yolu kökten bağımsız kapatıyor	0				1300-01-01 Köprühisar'ın alınışı ve Yenişehir'in kuruluşuna hazırlık
1302-08-01	Marmaracık	yerlesimler.js	GUN-KAPALI	kok	BUYUK-HARF	OKUNMADI	büyük harfli özel ad eşleşmesi — tek tek okunmadı	1	b	Marmaracik	Iznik'in ilk kusatmasi ve Marmaracik'in fethi Iznik, Marmaracik Iznik ilk ke	1302-08-01 İznik'in ilk kuşatması ve Marmaracık'ın fethi
1303-01-01	Dimbos	yerlesimler.js	OCAK1	yer_id	BAGIMSIZ	GERCEK-BAGIMSIZ	yer_id/merkez yolu kökten bağımsız kapatıyor	0				1303-01-01 Dimbos zaferi ve ardından Kite ile Ulubat'ın alınması
1303-01-01	Kestel	yerlesimler.js	OCAK1	kok	BUYUK-HARF	OKUNMADI	büyük harfli özel ad eşleşmesi — tek tek okunmadı	0	d	Kestel	AN I maddesi: 702 (1303) yilinda Bursa, Kestel, Kite ve Adranos tekfurlarinin kurdugu 	1303-01-01 Dimbos zaferi ve ardından Kite ile Ulubat'ın alınması
1303-01-01	Kite (Kete)	yerlesimler.js	OCAK1	kok	BUYUK-HARF	GERCEK-OKUNDU	bağlam elle okundu (bayraklı ya da kısa/eşsesli kök)	0	b	Kite	Dimbos zaferi ve ardindan Kite ile Ulubat'in alinmasi Dimbos Bogazi (B	1303-01-01 Dimbos zaferi ve ardından Kite ile Ulubat'ın alınması
1304-01-01	Akhisar (Pamukova)	yerlesimler.js	OCAK1	kok	BUYUK-HARF	OKUNMADI	büyük harfli özel ad eşleşmesi — tek tek okunmadı	0	yer	Akhisar	inmasi Lefke (Osmaneli), Mekece, Geyve, Akhisar TDV OSMAN I maddesi 704 (1304) Sakarya 	1304-01-01 Sakarya seferi: Leblebicihisar, Lefke, Mekece ve Geyve'nin alınması
1304-01-01	Geyve	yerlesimler.js	OCAK1	kok	BUYUK-HARF	OKUNMADI	büyük harfli özel ad eşleşmesi — tek tek okunmadı	0	b	Geyve	eferi: Leblebicihisar, Lefke, Mekece ve Geyve'nin alinmasi Lefke (Osmaneli), Mekece, 	1304-01-01 Sakarya seferi: Leblebicihisar, Lefke, Mekece ve Geyve'nin alınması
1304-01-01	Leblebicihisar	yerlesimler.js	OCAK1	yer_id	BAGIMSIZ	GERCEK-BAGIMSIZ	yer_id/merkez yolu kökten bağımsız kapatıyor	0				1304-01-01 Sakarya seferi: Leblebicihisar, Lefke, Mekece ve Geyve'nin alınması
1304-01-01	Lefke (Osmaneli)	yerlesimler.js	OCAK1	kok	BUYUK-HARF	OKUNMADI	büyük harfli özel ad eşleşmesi — tek tek okunmadı	0	b	Lefke	Sakarya seferi: Leblebicihisar, Lefke, Mekece ve Geyve'nin alinmasi Lefke (Os	1304-01-01 Sakarya seferi: Leblebicihisar, Lefke, Mekece ve Geyve'nin alınması
1304-01-01	Mekece	yerlesimler.js	OCAK1	kok	BUYUK-HARF	OKUNMADI	büyük harfli özel ad eşleşmesi — tek tek okunmadı	0	b	Mekece	Sakarya seferi: Leblebicihisar, Lefke, Mekece ve Geyve'nin alinmasi Lefke (Osmaneli),	1304-01-01 Sakarya seferi: Leblebicihisar, Lefke, Mekece ve Geyve'nin alınması
1305-01-01	Absu (Hypsu)	yerlesimler.js	OCAK1	kok	BUYUK-HARF	GERCEK-OKUNDU	bağlam elle okundu (bayraklı ya da kısa/eşsesli kök)	0	b	Absu	elerinin fethi: Karacepus, Karatigin ve Absu Geyve Bogazi ve Iznik cevresi TDV ORHAN	1305-01-01 Geyve Boğazı kalelerinin fethi: Karaçepüş, Karatigin ve Absu
1305-01-01	Karatigin	yerlesimler.js	OCAK1	kok	BUYUK-HARF	OKUNMADI	büyük harfli özel ad eşleşmesi — tek tek okunmadı	0	b	Karatigin	ve Bogazi kalelerinin fethi: Karacepus, Karatigin ve Absu Geyve Bogazi ve Iznik cevresi T	1305-01-01 Geyve Boğazı kalelerinin fethi: Karaçepüş, Karatigin ve Absu
1305-01-01	Karaçepüş	yerlesimler.js	OCAK1	yer_id	BAGIMSIZ	GERCEK-BAGIMSIZ	yer_id/merkez yolu kökten bağımsız kapatıyor	0				1305-01-01 Geyve Boğazı kalelerinin fethi: Karaçepüş, Karatigin ve Absu
1308-01-01	Aksaray	yerlesimler.js	OCAK1	kok	BUYUK-HARF	OKUNMADI	büyük harfli özel ad eşleşmesi — tek tek okunmadı	1	yer	Aksaray	anli'nin dogrudan idaresi Konya, Nigde, Aksaray, Bartin, Eflani, Safranbolu TDV'nin Mes	1308-01-01 Anadolu Selçuklu Devleti'nin fiilen sona ermesi — İlhanlı'nın doğrudan
1308-01-01	Ayasuluk (Selçuk)	yerlesimler.js	OCAK1	kok	BUYUK-HARF	OKUNMADI	büyük harfli özel ad eşleşmesi — tek tek okunmadı	1	b	Ayasuluk	nogullari Beyligi'nin kurulusu - Izmir, Ayasuluk, Tire'nin alinisi Aydin, Ayasuluk (Selc	1308-01-01 Aydınoğulları Beyliği'nin kuruluşu — İzmir, Ayasuluk, Tire'nin alınışı
1308-01-01	Aydın	yerlesimler.js	OCAK1	yer_id	BAGIMSIZ	GERCEK-BAGIMSIZ	yer_id/merkez yolu kökten bağımsız kapatıyor	1				1308-01-01 Aydınoğulları Beyliği'nin kuruluşu — İzmir, Ayasuluk, Tire'nin alınışı
1308-01-01	Bartın	yerlesimler.js	OCAK1	kok	BUYUK-HARF	OKUNMADI	büyük harfli özel ad eşleşmesi — tek tek okunmadı	1	yer	Bartin	dogrudan idaresi Konya, Nigde, Aksaray, Bartin, Eflani, Safranbolu TDV'nin Mesud II ma	1308-01-01 Anadolu Selçuklu Devleti'nin fiilen sona ermesi — İlhanlı'nın doğrudan
1308-01-01	Birgi	yerlesimler.js	OCAK1	kok	BUYUK-HARF	OKUNMADI	büyük harfli özel ad eşleşmesi — tek tek okunmadı	1	yer	Birgi	alinisi Aydin, Ayasuluk (Selcuk), Tire, Birgi, Kusadasi, Soke TDV'nin Aydinogullari m	1308-01-01 Aydınoğulları Beyliği'nin kuruluşu — İzmir, Ayasuluk, Tire'nin alınışı
1308-01-01	Eflani	yerlesimler.js	OCAK1	kok	BUYUK-HARF	OKUNMADI	büyük harfli özel ad eşleşmesi — tek tek okunmadı	1	yer	Eflani	 idaresi Konya, Nigde, Aksaray, Bartin, Eflani, Safranbolu TDV'nin Mesud II maddesine 	1308-01-01 Anadolu Selçuklu Devleti'nin fiilen sona ermesi — İlhanlı'nın doğrudan
1308-01-01	Ilgın	yerlesimler_ek29.js	OCAK1	merkez	BAGIMSIZ	GERCEK-BAGIMSIZ	yer_id/merkez yolu kökten bağımsız kapatıyor	1		Konya		1308-01-01 Anadolu Selçuklu Devleti'nin fiilen sona ermesi — İlhanlı'nın doğrudan
1308-01-01	Konya	yerlesimler.js	OCAK1	yer_id	BAGIMSIZ	GERCEK-BAGIMSIZ	yer_id/merkez yolu kökten bağımsız kapatıyor	1				1308-01-01 Anadolu Selçuklu Devleti'nin fiilen sona ermesi — İlhanlı'nın doğrudan
1308-01-01	Kuşadası	yerlesimler.js	OCAK1	kok	BUYUK-HARF	OKUNMADI	büyük harfli özel ad eşleşmesi — tek tek okunmadı	1	yer	Kusadasi	 Aydin, Ayasuluk (Selcuk), Tire, Birgi, Kusadasi, Soke TDV'nin Aydinogullari maddesine g	1308-01-01 Aydınoğulları Beyliği'nin kuruluşu — İzmir, Ayasuluk, Tire'nin alınışı
1308-01-01	Niğde	yerlesimler.js	OCAK1	kok	BUYUK-HARF	OKUNMADI	büyük harfli özel ad eşleşmesi — tek tek okunmadı	1	yer	Nigde	i - Ilhanli'nin dogrudan idaresi Konya, Nigde, Aksaray, Bartin, Eflani, Safranbolu TD	1308-01-01 Anadolu Selçuklu Devleti'nin fiilen sona ermesi — İlhanlı'nın doğrudan
1308-01-01	Safranbolu	yerlesimler.js	OCAK1	kok	BUYUK-HARF	OKUNMADI	büyük harfli özel ad eşleşmesi — tek tek okunmadı	1	yer	Safranbolu	 Konya, Nigde, Aksaray, Bartin, Eflani, Safranbolu TDV'nin Mesud II maddesine gore uzun bi	1308-01-01 Anadolu Selçuklu Devleti'nin fiilen sona ermesi — İlhanlı'nın doğrudan
1308-01-01	Söke	yerlesimler.js	OCAK1	kok	BUYUK-HARF	OKUNMADI	büyük harfli özel ad eşleşmesi — tek tek okunmadı	1	yer	Soke	asuluk (Selcuk), Tire, Birgi, Kusadasi, Soke TDV'nin Aydinogullari maddesine gore Mu	1308-01-01 Aydınoğulları Beyliği'nin kuruluşu — İzmir, Ayasuluk, Tire'nin alınışı
1308-01-01	Tire	yerlesimler.js	OCAK1	kok	BUYUK-HARF	GERCEK-OKUNDU	bağlam elle okundu (bayraklı ya da kısa/eşsesli kök)	1	b	Tire	Beyligi'nin kurulusu - Izmir, Ayasuluk, Tire'nin alinisi Aydin, Ayasuluk (Selcuk), T	1308-01-01 Aydınoğulları Beyliği'nin kuruluşu — İzmir, Ayasuluk, Tire'nin alınışı
1308-01-01	Ulukışla	yerlesimler_ek29.js	OCAK1	merkez	BAGIMSIZ	GERCEK-BAGIMSIZ	yer_id/merkez yolu kökten bağımsız kapatıyor	1		Niğde		1308-01-01 Anadolu Selçuklu Devleti'nin fiilen sona ermesi — İlhanlı'nın doğrudan
1309-01-01	Akçakoca	yerlesimler.js	OCAK1	kok	BUYUK-HARF	OKUNMADI	büyük harfli özel ad eşleşmesi — tek tek okunmadı	1	yer	Akcakoca	kiri, Bartin, Safranbolu, Eflani, Bolu, Akcakoca, Devrek, Konurapa (Duzce), Mudurnu, Kar	1309-01-01 Candaroğulları Beyliği'nin Kastamonu-Çankırı-Bartın-Safranbolu'ya yayı
1309-01-01	Bartın	yerlesimler.js	OCAK1	kok	BUYUK-HARF	OKUNMADI	büyük harfli özel ad eşleşmesi — tek tek okunmadı	1	b	Bartin	rogullari Beyligi'nin Kastamonu-Cankiri-Bartin-Safranbolu'ya yayilmasi Kastamonu, Cank	1309-01-01 Candaroğulları Beyliği'nin Kastamonu-Çankırı-Bartın-Safranbolu'ya yayı
1309-01-01	Bolu	yerlesimler.js	OCAK1	kok	BUYUK-HARF	OKUNMADI	büyük harfli özel ad eşleşmesi — tek tek okunmadı	1	yer	Bolu	u, Cankiri, Bartin, Safranbolu, Eflani, Bolu, Akcakoca, Devrek, Konurapa (Duzce), Mu	1309-01-01 Candaroğulları Beyliği'nin Kastamonu-Çankırı-Bartın-Safranbolu'ya yayı
1309-01-01	Devrek	yerlesimler.js	OCAK1	kok	BUYUK-HARF	OKUNMADI	büyük harfli özel ad eşleşmesi — tek tek okunmadı	1	yer	Devrek	in, Safranbolu, Eflani, Bolu, Akcakoca, Devrek, Konurapa (Duzce), Mudurnu, Karadeniz E	1309-01-01 Candaroğulları Beyliği'nin Kastamonu-Çankırı-Bartın-Safranbolu'ya yayı
1309-01-01	Eflani	yerlesimler.js	OCAK1	kok	BUYUK-HARF	OKUNMADI	büyük harfli özel ad eşleşmesi — tek tek okunmadı	1	yer	Eflani	Kastamonu, Cankiri, Bartin, Safranbolu, Eflani, Bolu, Akcakoca, Devrek, Konurapa (Duzc	1309-01-01 Candaroğulları Beyliği'nin Kastamonu-Çankırı-Bartın-Safranbolu'ya yayı
1309-01-01	Karadeniz Ereğli	yerlesimler.js	OCAK1	kok	BUYUK-HARF	OKUNMADI	büyük harfli özel ad eşleşmesi — tek tek okunmadı	1	yer	Karadeniz Eregli	oca, Devrek, Konurapa (Duzce), Mudurnu, Karadeniz Eregli TDV'nin Candarogullari maddesine gore b	1309-01-01 Candaroğulları Beyliği'nin Kastamonu-Çankırı-Bartın-Safranbolu'ya yayı
1309-01-01	Kastamonu	yerlesimler.js	OCAK1	yer_id	BAGIMSIZ	GERCEK-BAGIMSIZ	yer_id/merkez yolu kökten bağımsız kapatıyor	1				1309-01-01 Candaroğulları Beyliği'nin Kastamonu-Çankırı-Bartın-Safranbolu'ya yayı
1309-01-01	Konurapa (Düzce)	yerlesimler.js	OCAK1	kok	BUYUK-HARF	OKUNMADI	büyük harfli özel ad eşleşmesi — tek tek okunmadı	1	yer	Konurapa	anbolu, Eflani, Bolu, Akcakoca, Devrek, Konurapa (Duzce), Mudurnu, Karadeniz Eregli TDV'	1309-01-01 Candaroğulları Beyliği'nin Kastamonu-Çankırı-Bartın-Safranbolu'ya yayı
1309-01-01	Mudurnu	yerlesimler.js	OCAK1	kok	BUYUK-HARF	OKUNMADI	büyük harfli özel ad eşleşmesi — tek tek okunmadı	1	yer	Mudurnu	lu, Akcakoca, Devrek, Konurapa (Duzce), Mudurnu, Karadeniz Eregli TDV'nin Candarogullar	1309-01-01 Candaroğulları Beyliği'nin Kastamonu-Çankırı-Bartın-Safranbolu'ya yayı
1309-01-01	Safranbolu	yerlesimler.js	OCAK1	kok	BUYUK-HARF	OKUNMADI	büyük harfli özel ad eşleşmesi — tek tek okunmadı	1	b	Safranbolu	ri Beyligi'nin Kastamonu-Cankiri-Bartin-Safranbolu'ya yayilmasi Kastamonu, Cankiri, Bartin	1309-01-01 Candaroğulları Beyliği'nin Kastamonu-Çankırı-Bartın-Safranbolu'ya yayı
1309-01-01	Tosya	yerlesimler_ek29.js	OCAK1	merkez	BAGIMSIZ	GERCEK-BAGIMSIZ	yer_id/merkez yolu kökten bağımsız kapatıyor	1		Kastamonu		1309-01-01 Candaroğulları Beyliği'nin Kastamonu-Çankırı-Bartın-Safranbolu'ya yayı
1309-01-01	Çankırı	yerlesimler.js	OCAK1	kok	BUYUK-HARF	OKUNMADI	büyük harfli özel ad eşleşmesi — tek tek okunmadı	1	b	Cankiri	Candarogullari Beyligi'nin Kastamonu-Cankiri-Bartin-Safranbolu'ya yayilmasi Kastamon	1309-01-01 Candaroğulları Beyliği'nin Kastamonu-Çankırı-Bartın-Safranbolu'ya yayı
1310-08-15	Herke (Halki)	yerlesimler.js	GUN-KAPALI	kok	BUYUK-HARF	GERCEK-OKUNDU	bağlam elle okundu (bayraklı ya da kısa/eşsesli kök)	0	yer	Herke	odos, Istankoy, Sombeki (Simi), Lindos, Herke (Halki), Kelemez (Kalimnos), Ileryoz (L	1310-08-15 Rodos ve Oniki Ada'nın St. Jean (Hospitalier) şövalyelerince fethi
1310-08-15	Kelemez (Kalimnos)	yerlesimler.js	GUN-KAPALI	kok	BUYUK-HARF	OKUNMADI	büyük harfli özel ad eşleşmesi — tek tek okunmadı	0	yer	Kelemez	 Sombeki (Simi), Lindos, Herke (Halki), Kelemez (Kalimnos), Ileryoz (Leros), Ilyaki (Ti	1310-08-15 Rodos ve Oniki Ada'nın St. Jean (Hospitalier) şövalyelerince fethi
1310-08-15	Lindos	yerlesimler.js	GUN-KAPALI	kok	BUYUK-HARF	OKUNMADI	büyük harfli özel ad eşleşmesi — tek tek okunmadı	0	yer	Lindos	 fethi Rodos, Istankoy, Sombeki (Simi), Lindos, Herke (Halki), Kelemez (Kalimnos), Ile	1310-08-15 Rodos ve Oniki Ada'nın St. Jean (Hospitalier) şövalyelerince fethi
1310-08-15	Rodos	yerlesimler.js	GUN-KAPALI	yer_id	BAGIMSIZ	GERCEK-BAGIMSIZ	yer_id/merkez yolu kökten bağımsız kapatıyor	0				1310-08-15 Rodos ve Oniki Ada'nın St. Jean (Hospitalier) şövalyelerince fethi
1310-08-15	Sömbeki (Simi)	yerlesimler.js	GUN-KAPALI	kok	BUYUK-HARF	OKUNMADI	büyük harfli özel ad eşleşmesi — tek tek okunmadı	0	yer	Sombeki	) sovalyelerince fethi Rodos, Istankoy, Sombeki (Simi), Lindos, Herke (Halki), Kelemez 	1310-08-15 Rodos ve Oniki Ada'nın St. Jean (Hospitalier) şövalyelerince fethi
1310-08-15	İleryoz (Leros)	yerlesimler.js	GUN-KAPALI	kok	BUYUK-HARF	OKUNMADI	büyük harfli özel ad eşleşmesi — tek tek okunmadı	0	yer	Ileryoz	dos, Herke (Halki), Kelemez (Kalimnos), Ileryoz (Leros), Ilyaki (Tilos), Incirli (Nisir	1310-08-15 Rodos ve Oniki Ada'nın St. Jean (Hospitalier) şövalyelerince fethi
1310-08-15	İlyaki (Tilos)	yerlesimler.js	GUN-KAPALI	kok	BUYUK-HARF	GERCEK-OKUNDU	bağlam elle okundu (bayraklı ya da kısa/eşsesli kök)	0	yer	Ilyaki	), Kelemez (Kalimnos), Ileryoz (Leros), Ilyaki (Tilos), Incirli (Nisiros) TDV'nin Rodo	1310-08-15 Rodos ve Oniki Ada'nın St. Jean (Hospitalier) şövalyelerince fethi
1310-08-15	İncirli (Nisiros)	yerlesimler.js	GUN-KAPALI	kok	BUYUK-HARF	OKUNMADI	büyük harfli özel ad eşleşmesi — tek tek okunmadı	0	yer	Incirli	mnos), Ileryoz (Leros), Ilyaki (Tilos), Incirli (Nisiros) TDV'nin Rodos maddesi adanin 	1310-08-15 Rodos ve Oniki Ada'nın St. Jean (Hospitalier) şövalyelerince fethi
1310-08-15	İstanköy	yerlesimler.js	GUN-KAPALI	kok	BUYUK-HARF	OKUNMADI	büyük harfli özel ad eşleşmesi — tek tek okunmadı	0	yer	Istankoy	ospitalier) sovalyelerince fethi Rodos, Istankoy, Sombeki (Simi), Lindos, Herke (Halki),	1310-08-15 Rodos ve Oniki Ada'nın St. Jean (Hospitalier) şövalyelerince fethi
1313-01-01	Harmankaya	yerlesimler.js	OCAK1	yer_id	BAGIMSIZ	GERCEK-BAGIMSIZ	yer_id/merkez yolu kökten bağımsız kapatıyor	0				1313-01-01 Köse Mihal'in Müslüman olup Osmanlı'ya katılışı
1315-04-28	Arapkir	yerlesimler.js	GUN-KAPALI	merkez	BAGIMSIZ	GERCEK-BAGIMSIZ	yer_id/merkez yolu kökten bağımsız kapatıyor	1		Malatya		1315-04-28 Memlük ordusu Malatya'ya girdi — şehir İlhanlı'dan Memlük idaresine ge
1315-04-28	Malatya	yerlesimler.js	GUN-KAPALI	yer_id	BAGIMSIZ	GERCEK-BAGIMSIZ	yer_id/merkez yolu kökten bağımsız kapatıyor	1				1315-04-28 Memlük ordusu Malatya'ya girdi — şehir İlhanlı'dan Memlük idaresine ge
1321-04-01	Mudanya	yerlesimler.js	GUN-KAPALI	yer_id	BAGIMSIZ	GERCEK-BAGIMSIZ	yer_id/merkez yolu kökten bağımsız kapatıyor	0				1321-04-01 Mudanya'nın alınışı
1322-01-01	Sinop	yerlesimler.js	OCAK1	yer_id	BAGIMSIZ	GERCEK-BAGIMSIZ	yer_id/merkez yolu kökten bağımsız kapatıyor	1				1322-01-01 Sinop, Gazi Çelebi tarafından ele geçirilip Candaroğulları nüfuzuna gi
1323-01-01	Karamürsel	yerlesimler.js	OCAK1	kok	BUYUK-HARF	OKUNMADI	büyük harfli özel ad eşleşmesi — tek tek okunmadı	0	b	Karamursel	Yalova ve Karamursel'in katilisi Izmit korfezi guney kiyisi 	1323-01-01 Yalova ve Karamürsel'in katılışı
1323-01-01	Yalova	yerlesimler.js	OCAK1	yer_id	BAGIMSIZ	GERCEK-BAGIMSIZ	yer_id/merkez yolu kökten bağımsız kapatıyor	0				1323-01-01 Yalova ve Karamürsel'in katılışı
1323-09-01	Adranos (Orhaneli)	yerlesimler.js	GUN-KAPALI	yer_id	BAGIMSIZ	GERCEK-BAGIMSIZ	yer_id/merkez yolu kökten bağımsız kapatıyor	0				1323-09-01 Adranos (Orhaneli) seferi — Osman Bey'in son seferi
1324-01-01	Akyazı	yerlesimler.js	OCAK1	yer_id	BAGIMSIZ	GERCEK-BAGIMSIZ	yer_id/merkez yolu kökten bağımsız kapatıyor	0				1324-01-01 Akyazı ve İmralı Adası'nın fethi
1324-01-01	İmralı Adası	yerlesimler.js	OCAK1	kok+merkez	BAGIMSIZ	GERCEK-BAGIMSIZ	yer_id/merkez yolu kökten bağımsız kapatıyor	0	b	Imrali Adasi	Akyazi ve Imrali Adasi'nin fethi Akyazi, Imrali Adasi Sakarya'	1324-01-01 Akyazı ve İmralı Adası'nın fethi
1324-03-01	Armutlu	yerlesimler.js	GUN-KAPALI	kok	BUYUK-HARF	OKUNMADI	büyük harfli özel ad eşleşmesi — tek tek okunmadı	0	b	Armutlu	Gemlik (Kios) ve Armutlu'nun fethi Gemlik korfezi Bursa'nin son 	1324-03-01 Gemlik (Kios) ve Armutlu'nun fethi
1324-03-01	Gemlik (Kios)	yerlesimler.js	GUN-KAPALI	yer_id	BAGIMSIZ	GERCEK-BAGIMSIZ	yer_id/merkez yolu kökten bağımsız kapatıyor	0				1324-03-01 Gemlik (Kios) ve Armutlu'nun fethi
1325-01-01	Bolu	yerlesimler.js	OCAK1	yer_id	BAGIMSIZ	GERCEK-BAGIMSIZ	yer_id/merkez yolu kökten bağımsız kapatıyor	0				1325-01-01 Konuralp'in Bolu yöresini fethi — Mudurnu, Konurapa ve Bolu
1325-01-01	Konurapa (Düzce)	yerlesimler.js	OCAK1	kok	BUYUK-HARF	OKUNMADI	büyük harfli özel ad eşleşmesi — tek tek okunmadı	0	b	Konurapa	uralp'in Bolu yoresini fethi - Mudurnu, Konurapa ve Bolu Bolu, Konurapa (Duzce), Mudurnu	1325-01-01 Konuralp'in Bolu yöresini fethi — Mudurnu, Konurapa ve Bolu
1325-01-01	Mudurnu	yerlesimler.js	OCAK1	kok	BUYUK-HARF	OKUNMADI	büyük harfli özel ad eşleşmesi — tek tek okunmadı	0	b	Mudurnu	Konuralp'in Bolu yoresini fethi - Mudurnu, Konurapa ve Bolu Bolu, Konurapa (Duzce	1325-01-01 Konuralp'in Bolu yöresini fethi — Mudurnu, Konurapa ve Bolu
1326-04-06	Bursa	yerlesimler.js	GUN-KAPALI	yer_id	BAGIMSIZ	GERCEK-BAGIMSIZ	yer_id/merkez yolu kökten bağımsız kapatıyor	0				1326-04-06 Bursa'nın fethi
1326-10-09	Beyşehir	yerlesimler.js	GUN-KAPALI	yer_id	BAGIMSIZ	GERCEK-BAGIMSIZ	yer_id/merkez yolu kökten bağımsız kapatıyor	1				1326-10-09 Eşrefoğulları Beyliği'nin sonu — Beyşehir ve Seydişehir Hamîdoğulları'
1326-10-09	Seydişehir	yerlesimler.js	GUN-KAPALI	kok	BUYUK-HARF	OKUNMADI	büyük harfli özel ad eşleşmesi — tek tek okunmadı	1	b	Seydisehir	ogullari Beyligi'nin sonu - Beysehir ve Seydisehir Hamidogullari'na gecti Beysehir Ilhanli	1326-10-09 Eşrefoğulları Beyliği'nin sonu — Beyşehir ve Seydişehir Hamîdoğulları'
1329-01-01	Çeşme	yerlesimler.js	OCAK1	merkez	BAGIMSIZ	GERCEK-BAGIMSIZ	yer_id/merkez yolu kökten bağımsız kapatıyor	0		İzmir		1329-01-01 Umur Bey İzmir'in liman kalesini Cenevizlilerden aldı
1329-01-01	İzmir	yerlesimler.js	OCAK1	yer_id	BAGIMSIZ	GERCEK-BAGIMSIZ	yer_id/merkez yolu kökten bağımsız kapatıyor	0				1329-01-01 Umur Bey İzmir'in liman kalesini Cenevizlilerden aldı
1329-06-01	Aydos Kalesi	yerlesimler.js	GUN-KAPALI	kok	BUYUK-HARF	OKUNMADI	büyük harfli özel ad eşleşmesi — tek tek okunmadı	0	yer	Aydos Kalesi	isar-Darica), Gebze, Hereke, Samandira, Aydos Kalesi TDV ORHAN maddesi: savasin ilk gunu Orh	1329-06-01 Pelekanon (Maltepe) Savaşı ve Kocaeli'nin tamamının alınması
1329-06-01	Gebze	yerlesimler.js	GUN-KAPALI	yer_id	BAGIMSIZ	GERCEK-BAGIMSIZ	yer_id/merkez yolu kökten bağımsız kapatıyor	0				1329-06-01 Pelekanon (Maltepe) Savaşı ve Kocaeli'nin tamamının alınması
1329-06-01	Hereke	yerlesimler.js	GUN-KAPALI	kok	BUYUK-HARF	OKUNMADI	büyük harfli özel ad eşleşmesi — tek tek okunmadı	0	yer	Hereke	si Pelekanon (Eskihisar-Darica), Gebze, Hereke, Samandira, Aydos Kalesi TDV ORHAN madd	1329-06-01 Pelekanon (Maltepe) Savaşı ve Kocaeli'nin tamamının alınması
1329-06-01	Pelekanon (Eskihisar)	yerlesimler.js	GUN-KAPALI	kok	BUYUK-HARF	OKUNMADI	büyük harfli özel ad eşleşmesi — tek tek okunmadı	0	b	Pelekanon	Pelekanon (Maltepe) Savasi ve Kocaeli'nin tamamin	1329-06-01 Pelekanon (Maltepe) Savaşı ve Kocaeli'nin tamamının alınması
1329-06-01	Samandıra	yerlesimler.js	GUN-KAPALI	kok	BUYUK-HARF	OKUNMADI	büyük harfli özel ad eşleşmesi — tek tek okunmadı	0	yer	Samandira	anon (Eskihisar-Darica), Gebze, Hereke, Samandira, Aydos Kalesi TDV ORHAN maddesi: savasi	1329-06-01 Pelekanon (Maltepe) Savaşı ve Kocaeli'nin tamamının alınması
1329-06-01	Üsküdar	yerlesimler_ek29.js	GUN-KAPALI	kok	BUYUK-HARF	OKUNMADI	büyük harfli özel ad eşleşmesi — tek tek okunmadı	0	d	Uskudar	er'in hicbir umidi kalmadi.' Hereke'den Uskudar'a kadar sahil kasabalari Osmanli hukmun	1329-06-01 Pelekanon (Maltepe) Savaşı ve Kocaeli'nin tamamının alınması
1330-06-01	Kandıra	yerlesimler.js	GUN-KAPALI	yer_id	BAGIMSIZ	GERCEK-BAGIMSIZ	yer_id/merkez yolu kökten bağımsız kapatıyor	0				1330-06-01 Kocaeli kıyılarının ve Kandıra'nın fethi
1331-03-02	İznik	yerlesimler.js	GUN-KAPALI	yer_id	BAGIMSIZ	GERCEK-BAGIMSIZ	yer_id/merkez yolu kökten bağımsız kapatıyor	0				1331-03-02 İznik'in fethi
1334-01-01	Gölyazı (Apollonia)	yerlesimler.js	OCAK1	kok	BUYUK-HARF	OKUNMADI	büyük harfli özel ad eşleşmesi — tek tek okunmadı	1	b	Golyazi	abalarinin alinisi - Mihalic, Kirmasti, Golyazi Mihalic (Karacabey), Kirmasti (M. Kemal	1334-01-01 Marmara'nın güneyindeki Bizans kasabalarının alınışı — Mihaliç, Kirmas
1334-01-01	Kirmasti (M.Kemalpaşa)	yerlesimler.js	OCAK1	kok	BUYUK-HARF	OKUNMADI	büyük harfli özel ad eşleşmesi — tek tek okunmadı	1	b	Kirmasti	Bizans kasabalarinin alinisi - Mihalic, Kirmasti, Golyazi Mihalic (Karacabey), Kirmasti 	1334-01-01 Marmara'nın güneyindeki Bizans kasabalarının alınışı — Mihaliç, Kirmas
1334-01-01	Mihaliç (Karacabey)	yerlesimler.js	OCAK1	yer_id	BAGIMSIZ	GERCEK-BAGIMSIZ	yer_id/merkez yolu kökten bağımsız kapatıyor	1				1334-01-01 Marmara'nın güneyindeki Bizans kasabalarının alınışı — Mihaliç, Kirmas
1335-01-01	Aksaray	yerlesimler.js	OCAK1	kok	BUYUK-HARF	OKUNMADI	büyük harfli özel ad eşleşmesi — tek tek okunmadı	1	d	Aksaray	352) kadar Amasya, Tokat, Corum, Nigde, Aksaray ve Erzincan'i kapsayan genis bir Orta A	1335-01-01 Eretna Beyliği'nin kuruluşu — İlhanlı sonrası Orta Anadolu
1335-01-01	Amasya	yerlesimler.js	OCAK1	kok	BUYUK-HARF	OKUNMADI	büyük harfli özel ad eşleşmesi — tek tek okunmadı	1	yer	Amasya	li sonrasi Orta Anadolu Sivas, Kayseri, Amasya, Tokat, Niksar, Corum, Samsun, Kirsehir	1335-01-01 Eretna Beyliği'nin kuruluşu — İlhanlı sonrası Orta Anadolu
1335-01-01	Erzincan	yerlesimler.js	OCAK1	kok	BUYUK-HARF	OKUNMADI	büyük harfli özel ad eşleşmesi — tek tek okunmadı	1	d	Erzincan	Amasya, Tokat, Corum, Nigde, Aksaray ve Erzincan'i kapsayan genis bir Orta Anadolu hakim	1335-01-01 Eretna Beyliği'nin kuruluşu — İlhanlı sonrası Orta Anadolu
1335-01-01	Kayseri	yerlesimler.js	OCAK1	kok	BUYUK-HARF	OKUNMADI	büyük harfli özel ad eşleşmesi — tek tek okunmadı	1	yer	Kayseri	u - Ilhanli sonrasi Orta Anadolu Sivas, Kayseri, Amasya, Tokat, Niksar, Corum, Samsun, 	1335-01-01 Eretna Beyliği'nin kuruluşu — İlhanlı sonrası Orta Anadolu
1335-01-01	Kırşehir	yerlesimler.js	OCAK1	kok	BUYUK-HARF	OKUNMADI	büyük harfli özel ad eşleşmesi — tek tek okunmadı	1	yer	Kirsehir	, Amasya, Tokat, Niksar, Corum, Samsun, Kirsehir, Terme, Ladik (Amasya), Merzifon, Osman	1335-01-01 Eretna Beyliği'nin kuruluşu — İlhanlı sonrası Orta Anadolu
1335-01-01	Ladik (Amasya)	yerlesimler.js	OCAK1	kok	BUYUK-HARF	GERCEK-OKUNDU	bağlam elle okundu (bayraklı ya da kısa/eşsesli kök)	1	yer	Ladik	Niksar, Corum, Samsun, Kirsehir, Terme, Ladik (Amasya), Merzifon, Osmancik, Carsamba 	1335-01-01 Eretna Beyliği'nin kuruluşu — İlhanlı sonrası Orta Anadolu
1335-01-01	Merzifon	yerlesimler.js	OCAK1	kok	BUYUK-HARF	OKUNMADI	büyük harfli özel ad eşleşmesi — tek tek okunmadı	1	yer	Merzifon	amsun, Kirsehir, Terme, Ladik (Amasya), Merzifon, Osmancik, Carsamba TDV'nin Eretnaogull	1335-01-01 Eretna Beyliği'nin kuruluşu — İlhanlı sonrası Orta Anadolu
1335-01-01	Niksar	yerlesimler.js	OCAK1	kok	BUYUK-HARF	OKUNMADI	büyük harfli özel ad eşleşmesi — tek tek okunmadı	1	yer	Niksar	 Anadolu Sivas, Kayseri, Amasya, Tokat, Niksar, Corum, Samsun, Kirsehir, Terme, Ladik 	1335-01-01 Eretna Beyliği'nin kuruluşu — İlhanlı sonrası Orta Anadolu
1335-01-01	Niğde	yerlesimler.js	OCAK1	kok	BUYUK-HARF	OKUNMADI	büyük harfli özel ad eşleşmesi — tek tek okunmadı	1	d	Nigde	mune (1352) kadar Amasya, Tokat, Corum, Nigde, Aksaray ve Erzincan'i kapsayan genis b	1335-01-01 Eretna Beyliği'nin kuruluşu — İlhanlı sonrası Orta Anadolu
1335-01-01	Osmancık	yerlesimler.js	OCAK1	kok	BUYUK-HARF	OKUNMADI	büyük harfli özel ad eşleşmesi — tek tek okunmadı	1	yer	Osmancik	sehir, Terme, Ladik (Amasya), Merzifon, Osmancik, Carsamba TDV'nin Eretnaogullari maddes	1335-01-01 Eretna Beyliği'nin kuruluşu — İlhanlı sonrası Orta Anadolu
1335-01-01	Samsun	yerlesimler.js	OCAK1	kok	BUYUK-HARF	OKUNMADI	büyük harfli özel ad eşleşmesi — tek tek okunmadı	1	yer	Samsun	 Kayseri, Amasya, Tokat, Niksar, Corum, Samsun, Kirsehir, Terme, Ladik (Amasya), Merzi	1335-01-01 Eretna Beyliği'nin kuruluşu — İlhanlı sonrası Orta Anadolu
1335-01-01	Sivas	yerlesimler.js	OCAK1	yer_id	BAGIMSIZ	GERCEK-BAGIMSIZ	yer_id/merkez yolu kökten bağımsız kapatıyor	1				1335-01-01 Eretna Beyliği'nin kuruluşu — İlhanlı sonrası Orta Anadolu
1335-01-01	Terme	yerlesimler.js	OCAK1	kok	BUYUK-HARF	GERCEK-OKUNDU	bağlam elle okundu (bayraklı ya da kısa/eşsesli kök)	1	yer	Terme	Tokat, Niksar, Corum, Samsun, Kirsehir, Terme, Ladik (Amasya), Merzifon, Osmancik, Ca	1335-01-01 Eretna Beyliği'nin kuruluşu — İlhanlı sonrası Orta Anadolu
1335-01-01	Tokat	yerlesimler.js	OCAK1	kok	BUYUK-HARF	OKUNMADI	büyük harfli özel ad eşleşmesi — tek tek okunmadı	1	yer	Tokat	si Orta Anadolu Sivas, Kayseri, Amasya, Tokat, Niksar, Corum, Samsun, Kirsehir, Terme	1335-01-01 Eretna Beyliği'nin kuruluşu — İlhanlı sonrası Orta Anadolu
1335-01-01	Çarşamba	yerlesimler.js	OCAK1	kok	BUYUK-HARF	OKUNMADI	büyük harfli özel ad eşleşmesi — tek tek okunmadı	1	yer	Carsamba	me, Ladik (Amasya), Merzifon, Osmancik, Carsamba TDV'nin Eretnaogullari maddesine gore U	1335-01-01 Eretna Beyliği'nin kuruluşu — İlhanlı sonrası Orta Anadolu
1335-01-01	Çorum	yerlesimler.js	OCAK1	kok	BUYUK-HARF	OKUNMADI	büyük harfli özel ad eşleşmesi — tek tek okunmadı	1	yer	Corum	 Sivas, Kayseri, Amasya, Tokat, Niksar, Corum, Samsun, Kirsehir, Terme, Ladik (Amasya	1335-01-01 Eretna Beyliği'nin kuruluşu — İlhanlı sonrası Orta Anadolu
1335-05-02	Ljubljana	yerlesimler.js	GUN-KAPALI	yer_id	BAGIMSIZ	GERCEK-BAGIMSIZ	yer_id/merkez yolu kökten bağımsız kapatıyor	0				1335-05-02 Habsburgların Karniyola ve Karintiya'ya (Ljubljana) el koyması
1337-01-01	İzmit	yerlesimler.js	OCAK1	yer_id	BAGIMSIZ	GERCEK-BAGIMSIZ	yer_id/merkez yolu kökten bağımsız kapatıyor	0				1337-01-01 İzmit'in fethi
1337-09-09	Sebzevâr	yerlesimler.js	GUN-KAPALI	yer_id	BAGIMSIZ	GERCEK-BAGIMSIZ	yer_id/merkez yolu kökten bağımsız kapatıyor	1				1337-09-09 Serbedârîler Sebzevâr'ı aldı — Horasan'da İlhanlı sonrası ilk devlet
1338-01-01	Malatya	yerlesimler.js	OCAK1	yer_id	BAGIMSIZ	GERCEK-BAGIMSIZ	yer_id/merkez yolu kökten bağımsız kapatıyor	1				1338-01-01 Malatya yeniden Memlük hâkimiyetine girdi — Eretnaoğulları idaresinin 
1339-01-01	Zamantı (Pınarbaşı)	yerlesimler_anadolu_0914.js	OCAK1	kok	BUYUK-HARF	OKUNMADI	büyük harfli özel ad eşleşmesi — tek tek okunmadı	1	yer	Zamanti	agladi Kayseri, Tokat, Samsun yoreleri; Zamanti (Pinarbasi) Ilhanli valisi olarak Anado	1339-01-01 Eretna, Tokat, Kayseri ve Samsun yörelerini kendisine bağladı
1340-01-01	Ahar (Karadağ)	yerlesimler.js	OCAK1	merkez	BAGIMSIZ	GERCEK-BAGIMSIZ	yer_id/merkez yolu kökten bağımsız kapatıyor	1		Tebriz		1340-01-01 Celayirli Devleti'nin kuruluşu — İlhanlı sonrası Azerbaycan
1340-01-01	Culfa	yerlesimler.js	OCAK1	kok	BUYUK-HARF	OKUNMADI	büyük harfli özel ad eşleşmesi — tek tek okunmadı	1	yer	Culfa	miye, Selmas (Dilman), Sultaniye, Susa, Culfa, Merend TDV'nin Celayirliler maddesine 	1340-01-01 Celayirli Devleti'nin kuruluşu — İlhanlı sonrası Azerbaycan
1340-01-01	Erdebil	yerlesimler.js	OCAK1	kok	BUYUK-HARF	OKUNMADI	büyük harfli özel ad eşleşmesi — tek tek okunmadı	1	yer	Erdebil	anli sonrasi Azerbaycan Tebriz, Meraga, Erdebil, Nahcivan, Hoy, Urmiye, Selmas (Dilman)	1340-01-01 Celayirli Devleti'nin kuruluşu — İlhanlı sonrası Azerbaycan
1340-01-01	Hoy	yerlesimler.js	OCAK1	kok	BUYUK-HARF	OKUNMADI	büyük harfli özel ad eşleşmesi — tek tek okunmadı	1	yer	Hoy	ycan Tebriz, Meraga, Erdebil, Nahcivan, Hoy, Urmiye, Selmas (Dilman), Sultaniye, Su	1340-01-01 Celayirli Devleti'nin kuruluşu — İlhanlı sonrası Azerbaycan
1340-01-01	Merend	yerlesimler.js	OCAK1	kok	BUYUK-HARF	OKUNMADI	büyük harfli özel ad eşleşmesi — tek tek okunmadı	1	yer	Merend	elmas (Dilman), Sultaniye, Susa, Culfa, Merend TDV'nin Celayirliler maddesine gore Ilh	1340-01-01 Celayirli Devleti'nin kuruluşu — İlhanlı sonrası Azerbaycan
1340-01-01	Merâga	yerlesimler.js	OCAK1	kok	BUYUK-HARF	OKUNMADI	büyük harfli özel ad eşleşmesi — tek tek okunmadı	1	yer	Meraga	su - Ilhanli sonrasi Azerbaycan Tebriz, Meraga, Erdebil, Nahcivan, Hoy, Urmiye, Selmas	1340-01-01 Celayirli Devleti'nin kuruluşu — İlhanlı sonrası Azerbaycan
1340-01-01	Miyâne	yerlesimler.js	OCAK1	merkez	BAGIMSIZ	GERCEK-BAGIMSIZ	yer_id/merkez yolu kökten bağımsız kapatıyor	1		Tebriz		1340-01-01 Celayirli Devleti'nin kuruluşu — İlhanlı sonrası Azerbaycan
1340-01-01	Musul	yerlesimler.js	OCAK1	kok	BUYUK-HARF	OKUNMADI	büyük harfli özel ad eşleşmesi — tek tek okunmadı	1	d	Musul	 Uveys doneminde (1356-1374) topraklari Musul ve Diyarbekir'e kadar genisleyecektir.	1340-01-01 Celayirli Devleti'nin kuruluşu — İlhanlı sonrası Azerbaycan
1340-01-01	Nahçıvan	yerlesimler.js	OCAK1	kok	BUYUK-HARF	OKUNMADI	büyük harfli özel ad eşleşmesi — tek tek okunmadı	1	yer	Nahcivan	asi Azerbaycan Tebriz, Meraga, Erdebil, Nahcivan, Hoy, Urmiye, Selmas (Dilman), Sultaniy	1340-01-01 Celayirli Devleti'nin kuruluşu — İlhanlı sonrası Azerbaycan
1340-01-01	Ordubad	yerlesimler.js	OCAK1	merkez	BAGIMSIZ	GERCEK-BAGIMSIZ	yer_id/merkez yolu kökten bağımsız kapatıyor	1		Nahçıvan		1340-01-01 Celayirli Devleti'nin kuruluşu — İlhanlı sonrası Azerbaycan
1340-01-01	Sarâb	yerlesimler.js	OCAK1	merkez	BAGIMSIZ	GERCEK-BAGIMSIZ	yer_id/merkez yolu kökten bağımsız kapatıyor	1		Tebriz		1340-01-01 Celayirli Devleti'nin kuruluşu — İlhanlı sonrası Azerbaycan
1340-01-01	Selmâs (Dilman)	yerlesimler.js	OCAK1	kok	BUYUK-HARF	OKUNMADI	büyük harfli özel ad eşleşmesi — tek tek okunmadı	1	yer	Selmas	Meraga, Erdebil, Nahcivan, Hoy, Urmiye, Selmas (Dilman), Sultaniye, Susa, Culfa, Meren	1340-01-01 Celayirli Devleti'nin kuruluşu — İlhanlı sonrası Azerbaycan
1340-01-01	Sultâniye	yerlesimler.js	OCAK1	kok	BUYUK-HARF	OKUNMADI	büyük harfli özel ad eşleşmesi — tek tek okunmadı	1	yer	Sultaniye	Nahcivan, Hoy, Urmiye, Selmas (Dilman), Sultaniye, Susa, Culfa, Merend TDV'nin Celayirlil	1340-01-01 Celayirli Devleti'nin kuruluşu — İlhanlı sonrası Azerbaycan
1340-01-01	Tebriz	yerlesimler.js	OCAK1	yer_id	BAGIMSIZ	GERCEK-BAGIMSIZ	yer_id/merkez yolu kökten bağımsız kapatıyor	1				1340-01-01 Celayirli Devleti'nin kuruluşu — İlhanlı sonrası Azerbaycan
1340-01-01	Urmiye	yerlesimler.js	OCAK1	kok	BUYUK-HARF	OKUNMADI	büyük harfli özel ad eşleşmesi — tek tek okunmadı	1	yer	Urmiye	Tebriz, Meraga, Erdebil, Nahcivan, Hoy, Urmiye, Selmas (Dilman), Sultaniye, Susa, Culf	1340-01-01 Celayirli Devleti'nin kuruluşu — İlhanlı sonrası Azerbaycan
1343-01-01	Diyarbakır	yerlesimler.js	OCAK1	yer_id	BAGIMSIZ	GERCEK-BAGIMSIZ	yer_id/merkez yolu kökten bağımsız kapatıyor	1				1343-01-01 Sutayoğulları'ndan İbrâhim Şah Diyarbekir'e hâkim oldu
1344-10-28	Aydın	yerlesimler.js	GUN-KAPALI	merkez	BAGIMSIZ	GERCEK-BAGIMSIZ	yer_id/merkez yolu kökten bağımsız kapatıyor	1		İzmir		1344-10-28 İzmir Limanı'nın Haçlı donanmasına kaybı — Aydınoğulları'nın deniz güc
1344-10-28	Çeşme	yerlesimler.js	GUN-KAPALI	merkez	BAGIMSIZ	GERCEK-BAGIMSIZ	yer_id/merkez yolu kökten bağımsız kapatıyor	1		İzmir		1344-10-28 İzmir Limanı'nın Haçlı donanmasına kaybı — Aydınoğulları'nın deniz güc
1344-10-28	İzmir	yerlesimler.js	GUN-KAPALI	yer_id	BAGIMSIZ	GERCEK-BAGIMSIZ	yer_id/merkez yolu kökten bağımsız kapatıyor	1				1344-10-28 İzmir Limanı'nın Haçlı donanmasına kaybı — Aydınoğulları'nın deniz güc
1345-01-01	Ayvalık	yerlesimler.js	OCAK1	kok	BUYUK-HARF	OKUNMADI	büyük harfli özel ad eşleşmesi — tek tek okunmadı	0	yer	Ayvalik	rgama, Biga, Canakkale, Edremit, Erdek, Ayvalik, Behramkale (Assos), Karabiga, Kirmasti	1345-01-01 Karesi Beyliği'nin ilhakı: Balıkesir, Bergama, Biga, Edremit ve Erdek
1345-01-01	Balıkesir	yerlesimler.js	OCAK1	yer_id	BAGIMSIZ	GERCEK-BAGIMSIZ	yer_id/merkez yolu kökten bağımsız kapatıyor	0				1345-01-01 Karesi Beyliği'nin ilhakı: Balıkesir, Bergama, Biga, Edremit ve Erdek
1345-01-01	Behramkale (Assos)	yerlesimler_ek23.js	OCAK1	kok	BUYUK-HARF	OKUNMADI	büyük harfli özel ad eşleşmesi — tek tek okunmadı	0	yer	Behramkale	ga, Canakkale, Edremit, Erdek, Ayvalik, Behramkale (Assos), Karabiga, Kirmasti, Mihalic TD	1345-01-01 Karesi Beyliği'nin ilhakı: Balıkesir, Bergama, Biga, Edremit ve Erdek
1345-01-01	Bergama	yerlesimler.js	OCAK1	kok	BUYUK-HARF	OKUNMADI	büyük harfli özel ad eşleşmesi — tek tek okunmadı	0	b	Bergama	Karesi Beyligi'nin ilhaki: Balikesir, Bergama, Biga, Edremit ve Erdek Balikesir, Berg	1345-01-01 Karesi Beyliği'nin ilhakı: Balıkesir, Bergama, Biga, Edremit ve Erdek
1345-01-01	Biga	yerlesimler.js	OCAK1	kok	BUYUK-HARF	OKUNMADI	büyük harfli özel ad eşleşmesi — tek tek okunmadı	0	b	Biga	Beyligi'nin ilhaki: Balikesir, Bergama, Biga, Edremit ve Erdek Balikesir, Bergama, B	1345-01-01 Karesi Beyliği'nin ilhakı: Balıkesir, Bergama, Biga, Edremit ve Erdek
1345-01-01	Edremit	yerlesimler.js	OCAK1	kok	BUYUK-HARF	OKUNMADI	büyük harfli özel ad eşleşmesi — tek tek okunmadı	0	b	Edremit	i'nin ilhaki: Balikesir, Bergama, Biga, Edremit ve Erdek Balikesir, Bergama, Biga, Cana	1345-01-01 Karesi Beyliği'nin ilhakı: Balıkesir, Bergama, Biga, Edremit ve Erdek
1345-01-01	Erdek	yerlesimler.js	OCAK1	kok	BUYUK-HARF	OKUNMADI	büyük harfli özel ad eşleşmesi — tek tek okunmadı	0	b	Erdek	i: Balikesir, Bergama, Biga, Edremit ve Erdek Balikesir, Bergama, Biga, Canakkale, Ed	1345-01-01 Karesi Beyliği'nin ilhakı: Balıkesir, Bergama, Biga, Edremit ve Erdek
1345-01-01	Karabiga	yerlesimler_seyrek.js	OCAK1	kok	BUYUK-HARF	OKUNMADI	büyük harfli özel ad eşleşmesi — tek tek okunmadı	0	yer	Karabiga	it, Erdek, Ayvalik, Behramkale (Assos), Karabiga, Kirmasti, Mihalic TDV ORHAN maddesi (I	1345-01-01 Karesi Beyliği'nin ilhakı: Balıkesir, Bergama, Biga, Edremit ve Erdek
1345-01-01	Çanakkale	yerlesimler.js	OCAK1	kok	BUYUK-HARF	OKUNMADI	büyük harfli özel ad eşleşmesi — tek tek okunmadı	0	yer	Canakkale	emit ve Erdek Balikesir, Bergama, Biga, Canakkale, Edremit, Erdek, Ayvalik, Behramkale (A	1345-01-01 Karesi Beyliği'nin ilhakı: Balıkesir, Bergama, Biga, Edremit ve Erdek
1348-01-01	Tilimsan	yerlesimler.js	OCAK1	yer_id	BAGIMSIZ	GERCEK-BAGIMSIZ	yer_id/merkez yolu kökten bağımsız kapatıyor	1				1348-01-01 Abdülvâdîler (Zeyyânîler) Tilimsan'da Merînî hâkimiyetinden kurtuldu
1349-01-01	Mora (Tripoliçe)	yerlesimler.js	OCAK1	yer_id	BAGIMSIZ	GERCEK-BAGIMSIZ	yer_id/merkez yolu kökten bağımsız kapatıyor	1				1349-01-01 Mora Despotluğu'nun kuruluşu — Manuel Kantakuzenos Mezistre'de
1350-01-01	Cahokia	yerlesimler_amerika.js	OCAK1	kok	BUYUK-HARF	OKUNMADI	büyük harfli özel ad eşleşmesi — tek tek okunmadı	1	b	Cahokia	Cahokia terk edildi  Cahokia terk edildi. (devl	1350-01-01 Cahokia terk edildi
1351-01-01	Erciş	yerlesimler.js	OCAK1	yer_id	BAGIMSIZ	GERCEK-BAGIMSIZ	yer_id/merkez yolu kökten bağımsız kapatıyor	1				1351-01-01 Bayram Hoca bağımsızlığını kazandı — Karakoyunlu Beyliği'nin doğuşu
1352-03-01	Çimpe	yerlesimler.js	GUN-KAPALI	yer_id	BAGIMSIZ	GERCEK-BAGIMSIZ	yer_id/merkez yolu kökten bağımsız kapatıyor	0				1352-03-01 Çimpe Kalesi — Rumeli'ye geçiş
1353-01-01	Diyarbakır	yerlesimler.js	OCAK1	yer_id	BAGIMSIZ	GERCEK-BAGIMSIZ	yer_id/merkez yolu kökten bağımsız kapatıyor	0				1353-01-01 İbrâhim Şah'ın ölümüyle Diyarbekir Celâyirlilerin idaresine girdi
1354-03-02	Gelibolu	yerlesimler.js	GUN-MASKELI	yer_id	BAGIMSIZ	GERCEK-BAGIMSIZ	yer_id/merkez yolu kökten bağımsız kapatıyor	0				1354-03-02 Gelibolu'nun alınışı — Rumeli'de kalıcı köprübaşı
1354-08-01	Ankara	yerlesimler.js	GUN-KAPALI	yer_id	BAGIMSIZ	GERCEK-BAGIMSIZ	yer_id/merkez yolu kökten bağımsız kapatıyor	0				1354-08-01 Ankara'nın alınışı
1354-08-01	Sivrihisar	yerlesimler.js	GUN-KAPALI	kok	BUYUK-HARF	GERCEK-OKUNDU	bağlam elle okundu (bayraklı ya da kısa/eşsesli kök)	0	d	Sivrihisar	ldi. Ayni tarihte katilan oteki yerler: Sivrihisar, Cankiri.	1354-08-01 Ankara'nın alınışı
1354-08-01	Çankırı	yerlesimler.js	GUN-KAPALI	kok	BUYUK-HARF	OKUNMADI	büyük harfli özel ad eşleşmesi — tek tek okunmadı	0	d	Cankiri	rihte katilan oteki yerler: Sivrihisar, Cankiri.	1354-08-01 Ankara'nın alınışı
1355-01-01	Enez	yerlesimler.js	OCAK1	yer_id	BAGIMSIZ	GERCEK-BAGIMSIZ	yer_id/merkez yolu kökten bağımsız kapatıyor	1				1355-01-01 Enez Ceneviz idaresine geçti (Gattilusi ailesi)
1356-01-01	Bryansk	yerlesimler_ek17.js	OCAK1	yer_id	BAGIMSIZ	GERCEK-BAGIMSIZ	yer_id/merkez yolu kökten bağımsız kapatıyor	1				1356-01-01 Litvanya Büyük Dükü Algirdas (Olgerd) Bryansk'ı aldı
1357-01-01	Ferecik (Feres)	yerlesimler.js	OCAK1	kok	BUYUK-HARF	OKUNMADI	büyük harfli özel ad eşleşmesi — tek tek okunmadı	0	yer	Ferecik	g Malkara, Ipsala, Tekirdag (Rodoscuk), Ferecik (Feres), Sarkoy, Saroz kuzey kiyisi Gel	1357-01-01 Süleyman Paşa döneminde Trakya ilerleyişi: Malkara, İpsala ve Tekirdağ
1357-01-01	Malkara	yerlesimler.js	OCAK1	yer_id	BAGIMSIZ	GERCEK-BAGIMSIZ	yer_id/merkez yolu kökten bağımsız kapatıyor	0				1357-01-01 Süleyman Paşa döneminde Trakya ilerleyişi: Malkara, İpsala ve Tekirdağ
1357-01-01	Saroz kuzey kıyısı	yerlesimler_ek23.js	OCAK1	kok	BUYUK-HARF	OKUNMADI	büyük harfli özel ad eşleşmesi — tek tek okunmadı	0	yer	Saroz kuzey kiyisi	ag (Rodoscuk), Ferecik (Feres), Sarkoy, Saroz kuzey kiyisi Gelibolu'da koprubasi kurulduktan sonra	1357-01-01 Süleyman Paşa döneminde Trakya ilerleyişi: Malkara, İpsala ve Tekirdağ
1357-01-01	Tekirdağ	yerlesimler.js	OCAK1	kok	BUYUK-HARF	OKUNMADI	büyük harfli özel ad eşleşmesi — tek tek okunmadı	0	b	Tekirdag	e Trakya ilerleyisi: Malkara, Ipsala ve Tekirdag Malkara, Ipsala, Tekirdag (Rodoscuk), F	1357-01-01 Süleyman Paşa döneminde Trakya ilerleyişi: Malkara, İpsala ve Tekirdağ
1357-01-01	İpsala	yerlesimler.js	OCAK1	kok	BUYUK-HARF	OKUNMADI	büyük harfli özel ad eşleşmesi — tek tek okunmadı	0	b	Ipsala	a doneminde Trakya ilerleyisi: Malkara, Ipsala ve Tekirdag Malkara, Ipsala, Tekirdag (	1357-01-01 Süleyman Paşa döneminde Trakya ilerleyişi: Malkara, İpsala ve Tekirdağ
1357-01-01	Şarköy	yerlesimler_ek23.js	OCAK1	kok	BUYUK-HARF	OKUNMADI	büyük harfli özel ad eşleşmesi — tek tek okunmadı	0	yer	Sarkoy	, Tekirdag (Rodoscuk), Ferecik (Feres), Sarkoy, Saroz kuzey kiyisi Gelibolu'da kopruba	1357-01-01 Süleyman Paşa döneminde Trakya ilerleyişi: Malkara, İpsala ve Tekirdağ
1358-02-18	Dubrovnik	yerlesimler.js	GUN-KAPALI	yer_id	BAGIMSIZ	GERCEK-BAGIMSIZ	yer_id/merkez yolu kökten bağımsız kapatıyor	1				1358-02-18 Zadar Antlaşması — Dubrovnik, Venedik'ten Macaristan himayesine geçti
1358-02-18	Zadar (Zara)	yerlesimler_ek.js	GUN-KAPALI	kok	BUYUK-HARF	GERCEK-OKUNDU	bağlam elle okundu (bayraklı ya da kısa/eşsesli kök)	1	b	Zadar	Zadar Antlasmasi - Dubrovnik, Venedik'ten Mac	1358-02-18 Zadar Antlaşması — Dubrovnik, Venedik'ten Macaristan himayesine geçti
1359-01-01	Bârfurûş (Bâbil)	yerlesimler.js	OCAK1	kok	BUYUK-HARF	OKUNMADI	büyük harfli özel ad eşleşmesi — tek tek okunmadı	1	d	Barfurus	bir seyyid devleti kurdu. Hanedan Sari, Barfurus ve cevresine yayildi; Timur'un seferler	1359-01-01 Mar'aşî Seyyidleri Âmül'ü aldı — Mazenderan'da seyyid hâkimiyeti
1359-01-01	Sârî	yerlesimler.js	OCAK1	kok	BUYUK-HARF	GERCEK-OKUNDU	bağlam elle okundu (bayraklı ya da kısa/eşsesli kök)	1	d	Sari	sinda bir seyyid devleti kurdu. Hanedan Sari, Barfurus ve cevresine yayildi; Timur'u	1359-01-01 Mar'aşî Seyyidleri Âmül'ü aldı — Mazenderan'da seyyid hâkimiyeti
1359-01-01	Âmül	yerlesimler.js	OCAK1	yer_id	BAGIMSIZ	GERCEK-BAGIMSIZ	yer_id/merkez yolu kökten bağımsız kapatıyor	1				1359-01-01 Mar'aşî Seyyidleri Âmül'ü aldı — Mazenderan'da seyyid hâkimiyeti
1360-01-01	Keşan	yerlesimler.js	OCAK1	kok	BUYUK-HARF	OKUNMADI	büyük harfli özel ad eşleşmesi — tek tek okunmadı	0	b	Kesan	silmesi: Corlu, Luleburgaz, Babaeski ve Kesan kaleleri Corlu, Luleburgaz, Babaeski, K	1360-01-01 Edirne'nin yardım yollarının kesilmesi: Çorlu, Lüleburgaz, Babaeski ve
1360-01-01	Lüleburgaz	yerlesimler.js	OCAK1	kok	BUYUK-HARF	OKUNMADI	büyük harfli özel ad eşleşmesi — tek tek okunmadı	0	b	Luleburgaz	nin yardim yollarinin kesilmesi: Corlu, Luleburgaz, Babaeski ve Kesan kaleleri Corlu, Lule	1360-01-01 Edirne'nin yardım yollarının kesilmesi: Çorlu, Lüleburgaz, Babaeski ve
1360-01-01	Zamantı (Pınarbaşı)	yerlesimler_anadolu_0914.js	OCAK1	yer_id	BAGIMSIZ	GERCEK-BAGIMSIZ	yer_id/merkez yolu kökten bağımsız kapatıyor	1				1360-01-01 Dulkadirli Halil Bey sınırlarını Zamantı'ya kadar genişletti
1360-01-01	Çorlu	yerlesimler.js	OCAK1	yer_id	BAGIMSIZ	GERCEK-BAGIMSIZ	yer_id/merkez yolu kökten bağımsız kapatıyor	0				1360-01-01 Edirne'nin yardım yollarının kesilmesi: Çorlu, Lüleburgaz, Babaeski ve
1361-01-01	Ahtapolu (Ahtopol)	yerlesimler_ek24.js	OCAK1	merkez	BAGIMSIZ	GERCEK-BAGIMSIZ	yer_id/merkez yolu kökten bağımsız kapatıyor	0		Edirne		1361-01-01 Pençik Kanunu — Yeniçeri Ocağı'nın temelinin atılması
1361-01-01	Dimetoka	yerlesimler.js	OCAK1	merkez+yer_id	BAGIMSIZ	GERCEK-BAGIMSIZ	yer_id/merkez yolu kökten bağımsız kapatıyor	0				1361-01-01 Dimetoka'nın alınışı — Meriç vadisinin açılması
1361-01-01	Meriç (İpsala kuzeyi)	yerlesimler_ek24.js	OCAK1	kok+merkez	BAGIMSIZ	GERCEK-BAGIMSIZ	yer_id/merkez yolu kökten bağımsız kapatıyor	0	b	Meric	Dimetoka'nin alinisi - Meric vadisinin acilmasi Dimetoka, Kuleli Bur	1361-01-01 Dimetoka'nın alınışı — Meriç vadisinin açılması
1361-01-01	Mustafapaşa (Svilengrad)	yerlesimler_ek24.js	OCAK1	merkez	BAGIMSIZ	GERCEK-BAGIMSIZ	yer_id/merkez yolu kökten bağımsız kapatıyor	0		Edirne		1361-01-01 Pençik Kanunu — Yeniçeri Ocağı'nın temelinin atılması
1361-01-01	Rezve (Rezovo)	yerlesimler_ek24.js	OCAK1	merkez	BAGIMSIZ	GERCEK-BAGIMSIZ	yer_id/merkez yolu kökten bağımsız kapatıyor	0		Edirne		1361-01-01 Pençik Kanunu — Yeniçeri Ocağı'nın temelinin atılması
1361-01-01	Sofulu (Soufli)	yerlesimler_ek24.js	OCAK1	kok+merkez	BAGIMSIZ	GERCEK-BAGIMSIZ	yer_id/merkez yolu kökten bağımsız kapatıyor	0	yer	Sofulu	masi Dimetoka, Kuleli Burgaz (Pythion), Sofulu, Meric Meric vadisinin kilit kalesi Dim	1361-01-01 Dimetoka'nın alınışı — Meriç vadisinin açılması
1361-01-01	İğneada	yerlesimler_ek24.js	OCAK1	merkez	BAGIMSIZ	GERCEK-BAGIMSIZ	yer_id/merkez yolu kökten bağımsız kapatıyor	0		Edirne		1361-01-01 Pençik Kanunu — Yeniçeri Ocağı'nın temelinin atılması
1361-05-05	Edirne	yerlesimler.js	GUN-KAPALI	yer_id	BAGIMSIZ	GERCEK-BAGIMSIZ	yer_id/merkez yolu kökten bağımsız kapatıyor	0				1361-05-05 Edirne'nin fethi
1361-05-05	Havsa	yerlesimler_ek24.js	GUN-KAPALI	kok	BUYUK-HARF	OKUNMADI	büyük harfli özel ad eşleşmesi — tek tek okunmadı	0	yer	Havsa	Edirne'nin fethi Edirne, Havsa, Kumciftligi, Lalapasa Trakya'nin kilit	1361-05-05 Edirne'nin fethi
1361-05-05	Lalapaşa	yerlesimler_ek24.js	GUN-KAPALI	kok	BUYUK-HARF	OKUNMADI	büyük harfli özel ad eşleşmesi — tek tek okunmadı	0	yer	Lalapasa	e'nin fethi Edirne, Havsa, Kumciftligi, Lalapasa Trakya'nin kilit sehri Edirne'nin (Adri	1361-05-05 Edirne'nin fethi
1361-05-05	Orestiada (Kumçiftliği)	yerlesimler_ek24.js	GUN-KAPALI	merkez	BAGIMSIZ	GERCEK-BAGIMSIZ	yer_id/merkez yolu kökten bağımsız kapatıyor	0		Edirne		1361-05-05 Edirne'nin fethi
1362-01-01	Kiev	yerlesimler.js	OCAK1	yer_id	BAGIMSIZ	GERCEK-BAGIMSIZ	yer_id/merkez yolu kökten bağımsız kapatıyor	1				1362-01-01 Kiev Prensliği Litvanya egemenliğine geçti
1363-01-01	Gümülcine	yerlesimler.js	OCAK1	yer_id	BAGIMSIZ	GERCEK-BAGIMSIZ	yer_id/merkez yolu kökten bağımsız kapatıyor	0				1363-01-01 Batı Trakya'ya iniş: Gümülcine'nin fethi
1366-01-01	Aksaray	yerlesimler.js	OCAK1	kok	BUYUK-HARF	OKUNMADI	büyük harfli özel ad eşleşmesi — tek tek okunmadı	1	b	Aksaray	Karamanoglu Alaeddin Bey Konya, Aksaray ve Nigde'yi Karaman topraklarina katti 	1366-01-01 Karamanoğlu Alâeddin Bey Konya, Aksaray ve Niğde'yi Karaman toprakları
1366-01-01	Ilgın	yerlesimler_ek29.js	OCAK1	kok	BUYUK-HARF	OKUNMADI	büyük harfli özel ad eşleşmesi — tek tek okunmadı	0	d	Ilgin	ahisari (Yesilhisar), Aksaray, Aksehir, Ilgin, Ishakli ve Kayseri'yi Karamanli toprak	1366-01-01 Karamanoğlu Alâeddin Bey Konya, Aksaray ve Niğde'yi Karaman toprakları
1366-01-01	Konya	yerlesimler.js	OCAK1	yer_id	BAGIMSIZ	GERCEK-BAGIMSIZ	yer_id/merkez yolu kökten bağımsız kapatıyor	0				1366-01-01 Karamanoğlu Alâeddin Bey Konya, Aksaray ve Niğde'yi Karaman toprakları
1366-01-01	Niğde	yerlesimler.js	OCAK1	kok	BUYUK-HARF	OKUNMADI	büyük harfli özel ad eşleşmesi — tek tek okunmadı	1	b	Nigde	amanoglu Alaeddin Bey Konya, Aksaray ve Nigde'yi Karaman topraklarina katti Konya Mem	1366-01-01 Karamanoğlu Alâeddin Bey Konya, Aksaray ve Niğde'yi Karaman toprakları
1366-01-01	Ulukışla	yerlesimler_ek29.js	OCAK1	merkez	BAGIMSIZ	GERCEK-BAGIMSIZ	yer_id/merkez yolu kökten bağımsız kapatıyor	0		Niğde		1366-01-01 Karamanoğlu Alâeddin Bey Konya, Aksaray ve Niğde'yi Karaman toprakları
1366-08-01	Gelibolu	yerlesimler.js	GUN-MASKELI	yer_id	BAGIMSIZ	GERCEK-BAGIMSIZ	yer_id/merkez yolu kökten bağımsız kapatıyor	0				1366-08-01 Gelibolu'nun kaybı (Savoy Haçlı seferi)
1366-08-01	Çimpe	yerlesimler.js	GUN-MASKELI	kok	BUYUK-HARF	GERCEK-OKUNDU	bağlam elle okundu (bayraklı ya da kısa/eşsesli kök)	0	d	Cimpe	 tarihte elden cikan diger yerlesimler: Cimpe.	1366-08-01 Gelibolu'nun kaybı (Savoy Haçlı seferi)
1368-01-01	Denizli	yerlesimler.js	OCAK1	yer_id	BAGIMSIZ	GERCEK-BAGIMSIZ	yer_id/merkez yolu kökten bağımsız kapatıyor	1				1368-01-01 İnançoğulları Germiyanoğullarının hâkimiyetini tanıdı
1369-01-01	Demirköy	yerlesimler_ek24.js	OCAK1	kok	BUYUK-HARF	OKUNMADI	büyük harfli özel ad eşleşmesi — tek tek okunmadı	0	yer	Demirkoy	li, Vize, Kofcaz, Derekoy (Kirklareli), Demirkoy, Malko Tirnova 1369 kisini Edirne Saray	1369-01-01 Istıranca kaleleri: Pınarhisar, Kırkkilise (Kırklareli) ve Vize'nin fe
1369-01-01	Dereköy (Kırklareli)	yerlesimler_ek24.js	OCAK1	kok	BUYUK-HARF	OKUNMADI	büyük harfli özel ad eşleşmesi — tek tek okunmadı	0	yer	Derekoy	ize'nin fethi Kirklareli, Vize, Kofcaz, Derekoy (Kirklareli), Demirkoy, Malko Tirnova 1	1369-01-01 Istıranca kaleleri: Pınarhisar, Kırkkilise (Kırklareli) ve Vize'nin fe
1369-01-01	Elhova (Elhovo)	yerlesimler_ek24.js	OCAK1	yer_id	BAGIMSIZ	GERCEK-BAGIMSIZ	yer_id/merkez yolu kökten bağımsız kapatıyor	0				1369-01-01 Timurtaş Bey Tunca vadisinde Kızılcaağaç Yenicesi (Elhova) ve Yanbolu'
1369-01-01	Kofçaz	yerlesimler_ek24.js	OCAK1	kok	BUYUK-HARF	OKUNMADI	büyük harfli özel ad eşleşmesi — tek tek okunmadı	0	yer	Kofcaz	li) ve Vize'nin fethi Kirklareli, Vize, Kofcaz, Derekoy (Kirklareli), Demirkoy, Malko 	1369-01-01 Istıranca kaleleri: Pınarhisar, Kırkkilise (Kırklareli) ve Vize'nin fe
1369-01-01	Kırklareli	yerlesimler.js	OCAK1	yer_id	BAGIMSIZ	GERCEK-BAGIMSIZ	yer_id/merkez yolu kökten bağımsız kapatıyor	0				1369-01-01 Istıranca kaleleri: Pınarhisar, Kırkkilise (Kırklareli) ve Vize'nin fe
1369-01-01	Malko Tırnova	yerlesimler_ek24.js	OCAK1	kok	BUYUK-HARF	OKUNMADI	büyük harfli özel ad eşleşmesi — tek tek okunmadı	0	yer	Malko Tirnova	Kofcaz, Derekoy (Kirklareli), Demirkoy, Malko Tirnova 1369 kisini Edirne Sarayi'nda geciren I	1369-01-01 Istıranca kaleleri: Pınarhisar, Kırkkilise (Kırklareli) ve Vize'nin fe
1369-01-01	Vize	yerlesimler_ek29.js	OCAK1	kok	BUYUK-HARF	OKUNMADI	büyük harfli özel ad eşleşmesi — tek tek okunmadı	0	b	Vize	 Pinarhisar, Kirkkilise (Kirklareli) ve Vize'nin fethi Kirklareli, Vize, Kofcaz, Der	1369-01-01 Istıranca kaleleri: Pınarhisar, Kırkkilise (Kırklareli) ve Vize'nin fe
1371-01-01	Lâhîcan	yerlesimler.js	OCAK1	yer_id	BAGIMSIZ	GERCEK-BAGIMSIZ	yer_id/merkez yolu kökten bağımsız kapatıyor	1				1371-01-01 Kârkiyâ hânedanı Gîlân'da kuruldu — Hazar kıyısının son bağımsız hâkim
1371-09-26	Doyran	yerlesimler_ok107.js	GUN-MASKELI	kok	BUYUK-HARF	OKUNMADI	büyük harfli özel ad eşleşmesi — tek tek okunmadı	0	yer	Doyran	u Kostendil (Velbujd), Ustrumca, Istip, Doyran, Koprulu (Veles) Meric (Cirmen) yenilgi	1371-09-26 Dejanoviç Prensliği (Kostadin-ili) Osmanlı vasalı oldu
1371-09-26	Köprülü (Veles)	yerlesimler_ok107.js	GUN-MASKELI	kok	BUYUK-HARF	OKUNMADI	büyük harfli özel ad eşleşmesi — tek tek okunmadı	0	yer	Koprulu	dil (Velbujd), Ustrumca, Istip, Doyran, Koprulu (Veles) Meric (Cirmen) yenilgisiyle Sir	1371-09-26 Dejanoviç Prensliği (Kostadin-ili) Osmanlı vasalı oldu
1371-09-26	Köstendil	yerlesimler.js	GUN-MASKELI	kok	BUYUK-HARF	OKUNMADI	büyük harfli özel ad eşleşmesi — tek tek okunmadı	0	yer	Kostendil	ligi (Kostadin-ili) Osmanli vasali oldu Kostendil (Velbujd), Ustrumca, Istip, Doyran, Kop	1371-09-26 Dejanoviç Prensliği (Kostadin-ili) Osmanlı vasalı oldu
1371-09-26	Ustrumca (Strumica)	yerlesimler_ok107.js	GUN-MASKELI	yer_id	BAGIMSIZ	GERCEK-BAGIMSIZ	yer_id/merkez yolu kökten bağımsız kapatıyor	0				1371-09-26 Dejanoviç Prensliği (Kostadin-ili) Osmanlı vasalı oldu
1371-09-26	Çirmen	yerlesimler.js	GUN-MASKELI	kok+yer_id	BAGIMSIZ	GERCEK-BAGIMSIZ	yer_id/merkez yolu kökten bağımsız kapatıyor	0	d	Cirmen	, Istip, Doyran, Koprulu (Veles) Meric (Cirmen) yenilgisiyle Sirp devleti parcalaninca	1371-09-26 Dejanoviç Prensliği (Kostadin-ili) Osmanlı vasalı oldu
1371-09-26	İştip (Štip)	yerlesimler_ok107.js	GUN-MASKELI	kok	BUYUK-HARF	OKUNMADI	büyük harfli özel ad eşleşmesi — tek tek okunmadı	0	yer	Istip	ali oldu Kostendil (Velbujd), Ustrumca, Istip, Doyran, Koprulu (Veles) Meric (Cirmen)	1371-09-26 Dejanoviç Prensliği (Kostadin-ili) Osmanlı vasalı oldu
1372-06-01	Eski Zağra (Stara Zagora)	yerlesimler.js	GUN-KAPALI	kok	BUYUK-HARF	OKUNMADI	büyük harfli özel ad eşleşmesi — tek tek okunmadı	0	b	Eski Zagra	Filibe ve Eski Zagra'nin fethi Filibe (Plovdiv), Eski Zagra 	1372-06-01 Filibe ve Eski Zağra'nın fethi
1372-06-01	Filibe	yerlesimler.js	GUN-KAPALI	yer_id	BAGIMSIZ	GERCEK-BAGIMSIZ	yer_id/merkez yolu kökten bağımsız kapatıyor	0				1372-06-01 Filibe ve Eski Zağra'nın fethi
1373-01-01	Tatarpazarcığı	yerlesimler.js	OCAK1	yer_id	BAGIMSIZ	GERCEK-BAGIMSIZ	yer_id/merkez yolu kökten bağımsız kapatıyor	0				1373-01-01 Filibe'nin batısı: Tatarpazarcığı ve İhtiman'ın katılışı
1373-01-01	İhtiman	yerlesimler.js	OCAK1	kok	BUYUK-HARF	OKUNMADI	büyük harfli özel ad eşleşmesi — tek tek okunmadı	0	b	Ihtiman	Filibe'nin batisi: Tatarpazarcigi ve Ihtiman'in katilisi Tatarpazarcigi (Pazarcik), 	1373-01-01 Filibe'nin batısı: Tatarpazarcığı ve İhtiman'ın katılışı
1374-01-01	Drama	yerlesimler.js	OCAK1	kok	BUYUK-HARF	OKUNMADI	büyük harfli özel ad eşleşmesi — tek tek okunmadı	0	b	Drama	adileri: Kostendil, Petric, Nevrokop ve Drama'nin katilisi Kostendil, Petric, Nevroko	1374-01-01 Struma ve Mesta vadileri: Köstendil, Petriç, Nevrokop ve Drama'nın kat
1374-01-01	Nevrokop (Gotse Delçev)	yerlesimler.js	OCAK1	kok	BUYUK-HARF	OKUNMADI	büyük harfli özel ad eşleşmesi — tek tek okunmadı	0	b	Nevrokop	a ve Mesta vadileri: Kostendil, Petric, Nevrokop ve Drama'nin katilisi Kostendil, Petric	1374-01-01 Struma ve Mesta vadileri: Köstendil, Petriç, Nevrokop ve Drama'nın kat
1374-01-01	Petriç	yerlesimler.js	OCAK1	kok	BUYUK-HARF	OKUNMADI	büyük harfli özel ad eşleşmesi — tek tek okunmadı	0	b	Petric	Struma ve Mesta vadileri: Kostendil, Petric, Nevrokop ve Drama'nin katilisi Kostend	1374-01-01 Struma ve Mesta vadileri: Köstendil, Petriç, Nevrokop ve Drama'nın kat
1376-09-01	Gelibolu	yerlesimler.js	GUN-MASKELI	yer_id	BAGIMSIZ	GERCEK-BAGIMSIZ	yer_id/merkez yolu kökten bağımsız kapatıyor	0				1376-09-01 Gelibolu'nun geri alınışı
1376-09-01	Çimpe	yerlesimler.js	GUN-MASKELI	kok	BUYUK-HARF	GERCEK-OKUNDU	bağlam elle okundu (bayraklı ya da kısa/eşsesli kök)	0	d	Cimpe	ldu. Ayni tarihte katilan oteki yerler: Cimpe.	1376-09-01 Gelibolu'nun geri alınışı
1378-01-01	Bayburt	yerlesimler_anadolu_0914.js	OCAK1	kok	BUYUK-HARF	OKUNMADI	büyük harfli özel ad eşleşmesi — tek tek okunmadı	0	b	Bayburt	Pir Huseyin Bey'in olumuyle Erzincan ve Bayburt Mutahharten'e gecti  Erzincan emiri Pir	1378-01-01 Pîr Hüseyin Bey'in ölümüyle Erzincan ve Bayburt Mutahharten'e geçti
1378-01-01	Erzincan	yerlesimler.js	OCAK1	yer_id	BAGIMSIZ	GERCEK-BAGIMSIZ	yer_id/merkez yolu kökten bağımsız kapatıyor	0				1378-01-01 Pîr Hüseyin Bey'in ölümüyle Erzincan ve Bayburt Mutahharten'e geçti
1379-01-01	Köhne Ürgenç (Gürgenç)	yerlesimler.js	OCAK1	yer_id	BAGIMSIZ	GERCEK-BAGIMSIZ	yer_id/merkez yolu kökten bağımsız kapatıyor	0				1379-01-01 Timur Harezm'i kesin olarak ele geçirdi
1379-01-01	Niksar	yerlesimler.js	OCAK1	yer_id	BAGIMSIZ	GERCEK-BAGIMSIZ	yer_id/merkez yolu kökten bağımsız kapatıyor	1				1379-01-01 Tâceddin Bey Eretna ordusunu Niksar'da bozdu, bağımsız hareket etti
1381-01-01	Emet (Eğrigöz)	yerlesimler.js	OCAK1	merkez	BAGIMSIZ	GERCEK-BAGIMSIZ	yer_id/merkez yolu kökten bağımsız kapatıyor	0		Kütahya		1381-01-01 Germiyan çeyizi: Kütahya'nın katılışı
1381-01-01	Kütahya	yerlesimler.js	OCAK1	yer_id	BAGIMSIZ	GERCEK-BAGIMSIZ	yer_id/merkez yolu kökten bağımsız kapatıyor	0				1381-01-01 Germiyan çeyizi: Kütahya'nın katılışı
1381-01-01	Simav	yerlesimler.js	OCAK1	kok	BUYUK-HARF	OKUNMADI	büyük harfli özel ad eşleşmesi — tek tek okunmadı	0	d	Simav	ildirim Bayezid'le evliliginde Kutahya, Simav, Tavsanli ve Egrigoz ceyiz olarak Osman	1381-01-01 Germiyan çeyizi: Kütahya'nın katılışı
1381-01-01	Tavşanlı	yerlesimler.js	OCAK1	kok	BUYUK-HARF	OKUNMADI	büyük harfli özel ad eşleşmesi — tek tek okunmadı	0	d	Tavsanli	 Bayezid'le evliliginde Kutahya, Simav, Tavsanli ve Egrigoz ceyiz olarak Osmanli'ya gect	1381-01-01 Germiyan çeyizi: Kütahya'nın katılışı
1381-04-01	Herat	yerlesimler_ek16.js	GUN-KAPALI	yer_id	BAGIMSIZ	GERCEK-BAGIMSIZ	yer_id/merkez yolu kökten bağımsız kapatıyor	1				1381-04-01 Timur Herat'ı aldı: Kert hânedanının sonu ve Horasan'ın Timurlu'ya geç
1381-04-01	Meşhed	yerlesimler.js	GUN-KAPALI	kok	BUYUK-HARF	GERCEK-OKUNDU	bağlam elle okundu (bayraklı ya da kısa/eşsesli kök)	1	d	Meshed	ukum suren Kert hanedanina son verildi. Meshed'den Nisabur'a butun Horasan bu tarihte 	1381-04-01 Timur Herat'ı aldı: Kert hânedanının sonu ve Horasan'ın Timurlu'ya geç
1381-06-01	Akşehir	yerlesimler.js	GUN-MASKELI	kok	BUYUK-HARF	OKUNMADI	büyük harfli özel ad eşleşmesi — tek tek okunmadı	0	yer	Aksehir	 alinisi: Isparta'nin katilisi Isparta, Aksehir, Beysehir, Seydisehir, Yalvac Hamidoglu	1381-06-01 Hamîd ilinin satın alınışı: Isparta'nın katılışı
1381-06-01	Beyşehir	yerlesimler.js	GUN-MASKELI	kok	BUYUK-HARF	OKUNMADI	büyük harfli özel ad eşleşmesi — tek tek okunmadı	0	yer	Beysehir	 Isparta'nin katilisi Isparta, Aksehir, Beysehir, Seydisehir, Yalvac Hamidoglu Huseyin B	1381-06-01 Hamîd ilinin satın alınışı: Isparta'nın katılışı
1381-06-01	Seydişehir	yerlesimler.js	GUN-MASKELI	kok	BUYUK-HARF	OKUNMADI	büyük harfli özel ad eşleşmesi — tek tek okunmadı	0	yer	Seydisehir	in katilisi Isparta, Aksehir, Beysehir, Seydisehir, Yalvac Hamidoglu Huseyin Bey, beyligin	1381-06-01 Hamîd ilinin satın alınışı: Isparta'nın katılışı
1381-06-01	Yalvaç	yerlesimler.js	GUN-MASKELI	kok	BUYUK-HARF	OKUNMADI	büyük harfli özel ad eşleşmesi — tek tek okunmadı	0	yer	Yalvac	Isparta, Aksehir, Beysehir, Seydisehir, Yalvac Hamidoglu Huseyin Bey, beyliginin bir b	1381-06-01 Hamîd ilinin satın alınışı: Isparta'nın katılışı
1382-01-01	Herseknovi (Herceg Novi)	yerlesimler_ek.js	OCAK1	yer_id	BAGIMSIZ	GERCEK-BAGIMSIZ	yer_id/merkez yolu kökten bağımsız kapatıyor	1				1382-01-01 Bosna Kralı I. Tvrtko Herseknovi'yi kurdu
1383-09-19	Serez	yerlesimler.js	GUN-MASKELI	yer_id	BAGIMSIZ	GERCEK-BAGIMSIZ	yer_id/merkez yolu kökten bağımsız kapatıyor	0				1383-09-19 Serez'in fethi
1384-01-01	Elbistan	yerlesimler.js	OCAK1	yer_id	BAGIMSIZ	GERCEK-BAGIMSIZ	yer_id/merkez yolu kökten bağımsız kapatıyor	0				1384-01-01 Dulkadıroğlu Halil Bey Elbistan'ı Memlüklerden geri aldı
1385-01-01	Manastır	yerlesimler.js	OCAK1	yer_id	BAGIMSIZ	GERCEK-BAGIMSIZ	yer_id/merkez yolu kökten bağımsız kapatıyor	0				1385-01-01 Makedonya'nın içine ilerleyiş: Manastır ve Ohri'nin fethi
1385-01-01	Ohri	yerlesimler.js	OCAK1	kok	BUYUK-HARF	OKUNMADI	büyük harfli özel ad eşleşmesi — tek tek okunmadı	0	b	Ohri	edonya'nin icine ilerleyis: Manastir ve Ohri'nin fethi Manastir (Bitola), Ohri, Make	1385-01-01 Makedonya'nın içine ilerleyiş: Manastır ve Ohri'nin fethi
1385-09-01	Sofya	yerlesimler.js	GUN-KAPALI	yer_id	BAGIMSIZ	GERCEK-BAGIMSIZ	yer_id/merkez yolu kökten bağımsız kapatıyor	0				1385-09-01 Sofya'nın fethi
1386-01-01	Ahar (Karadağ)	yerlesimler.js	OCAK1	merkez	BAGIMSIZ	GERCEK-BAGIMSIZ	yer_id/merkez yolu kökten bağımsız kapatıyor	0		Tebriz		1386-01-01 Timur'un 'üç yıllık sefer'i: Azerbaycan ve Kuzey İran'ın alınması
1386-01-01	Erdebil	yerlesimler.js	OCAK1	kok	BUYUK-HARF	OKUNMADI	büyük harfli özel ad eşleşmesi — tek tek okunmadı	0	d	Erdebil	aycan'a gecip Karabag'a ulasti; Tebriz, Erdebil, Urmiye ve Nahcivan Timurlu idaresine g	1386-01-01 Timur'un 'üç yıllık sefer'i: Azerbaycan ve Kuzey İran'ın alınması
1386-01-01	Hoy	yerlesimler.js	OCAK1	merkez	BAGIMSIZ	GERCEK-BAGIMSIZ	yer_id/merkez yolu kökten bağımsız kapatıyor	0		Tebriz		1386-01-01 Timur'un 'üç yıllık sefer'i: Azerbaycan ve Kuzey İran'ın alınması
1386-01-01	Miyâne	yerlesimler.js	OCAK1	merkez	BAGIMSIZ	GERCEK-BAGIMSIZ	yer_id/merkez yolu kökten bağımsız kapatıyor	0		Tebriz		1386-01-01 Timur'un 'üç yıllık sefer'i: Azerbaycan ve Kuzey İran'ın alınması
1386-01-01	Nahçıvan	yerlesimler.js	OCAK1	kok	BUYUK-HARF	OKUNMADI	büyük harfli özel ad eşleşmesi — tek tek okunmadı	0	d	Nahcivan	ag'a ulasti; Tebriz, Erdebil, Urmiye ve Nahcivan Timurlu idaresine girdi. Kuzey Iran ile	1386-01-01 Timur'un 'üç yıllık sefer'i: Azerbaycan ve Kuzey İran'ın alınması
1386-01-01	Niş	yerlesimler.js	OCAK1	yer_id	BAGIMSIZ	GERCEK-BAGIMSIZ	yer_id/merkez yolu kökten bağımsız kapatıyor	0				1386-01-01 Niş'in fethi
1386-01-01	Sarâb	yerlesimler.js	OCAK1	merkez	BAGIMSIZ	GERCEK-BAGIMSIZ	yer_id/merkez yolu kökten bağımsız kapatıyor	0		Tebriz		1386-01-01 Timur'un 'üç yıllık sefer'i: Azerbaycan ve Kuzey İran'ın alınması
1386-01-01	Tebriz	yerlesimler.js	OCAK1	yer_id	BAGIMSIZ	GERCEK-BAGIMSIZ	yer_id/merkez yolu kökten bağımsız kapatıyor	0				1386-01-01 Timur'un 'üç yıllık sefer'i: Azerbaycan ve Kuzey İran'ın alınması
1386-01-01	Urmiye	yerlesimler.js	OCAK1	kok	BUYUK-HARF	OKUNMADI	büyük harfli özel ad eşleşmesi — tek tek okunmadı	0	d	Urmiye	ecip Karabag'a ulasti; Tebriz, Erdebil, Urmiye ve Nahcivan Timurlu idaresine girdi. Ku	1386-01-01 Timur'un 'üç yıllık sefer'i: Azerbaycan ve Kuzey İran'ın alınması
1387-01-01	Vodina (Edessa)	yerlesimler_ok107.js	OCAK1	yer_id	BAGIMSIZ	GERCEK-BAGIMSIZ	yer_id/merkez yolu kökten bağımsız kapatıyor	0				1387-01-01 Vodina'nın fethi (1386-1387 kışı)
1387-04-09	Kavala	yerlesimler.js	GUN-MASKELI	kok	BUYUK-HARF	GERCEK-OKUNDU	bağlam elle okundu (bayraklı ya da kısa/eşsesli kök)	0	d	Kavala	ir). Ayni tarihte katilan oteki yerler: Kavala.	1387-04-09 Selanik'in ilk teslimi
1387-04-09	Selanik	yerlesimler.js	GUN-MASKELI	kok+yer_id	BAGIMSIZ	GERCEK-BAGIMSIZ	yer_id/merkez yolu kökten bağımsız kapatıyor	0	d	Selanik	 hakimiyetine girmesi Karaferye (Veria) Selanik'in 1387'de teslim olmasiyla ayni yil ic	1387-05-08 Karaferye'nin (Veria) Osmanlı hâkimiyetine girmesi
1387-05-08	Karaferye (Veria)	yerlesimler_ok107.js	GUN-KAPALI	yer_id	BAGIMSIZ	GERCEK-BAGIMSIZ	yer_id/merkez yolu kökten bağımsız kapatıyor	0				1387-05-08 Karaferye'nin (Veria) Osmanlı hâkimiyetine girmesi
1388-01-01	Rusçuk	yerlesimler.js	OCAK1	kok	BUYUK-HARF	OKUNMADI	büyük harfli özel ad eşleşmesi — tek tek okunmadı	1	b	Ruscuk	i Pasa'nin Bulgaristan seferi: Sumnu ve Ruscuk'un alinisi Sumnu, Ruscuk, Tuna kiyisi B	1388-01-01 Çandarlı Ali Paşa'nın Bulgaristan seferi: Şumnu ve Rusçuk'un alınışı
1388-01-01	Şumnu	yerlesimler.js	OCAK1	yer_id	BAGIMSIZ	GERCEK-BAGIMSIZ	yer_id/merkez yolu kökten bağımsız kapatıyor	1				1388-01-01 Çandarlı Ali Paşa'nın Bulgaristan seferi: Şumnu ve Rusçuk'un alınışı
1390-01-01	Alaşehir	yerlesimler.js	OCAK1	kok	BUYUK-HARF	OKUNMADI	büyük harfli özel ad eşleşmesi — tek tek okunmadı	0	yer	Alasehir	n), Birgi, Tire, Balat (Palatia), Usak, Alasehir Uc beylik tek seferde katildi: Saruhano	1390-01-01 Batı Anadolu beyliklerinin ilhakı: Saruhan, Aydın, Menteşe
1390-01-01	Ayasuluk (Selçuk)	yerlesimler.js	OCAK1	kok	BUYUK-HARF	OKUNMADI	büyük harfli özel ad eşleşmesi — tek tek okunmadı	0	yer	Ayasuluk	 Aydin, Mentese Manisa (Saruhan), Aydin-Ayasuluk (Aydin), Milas-Mugla-Denizli (Mentese),	1390-01-01 Batı Anadolu beyliklerinin ilhakı: Saruhan, Aydın, Menteşe
1390-01-01	Aydın	yerlesimler.js	OCAK1	kok	BUYUK-HARF	GERCEK-OKUNDU	bağlam elle okundu (bayraklı ya da kısa/eşsesli kök)	0	b	Aydin	 Anadolu beyliklerinin ilhaki: Saruhan, Aydin, Mentese Manisa (Saruhan), Aydin-Ayasul	1390-01-01 Batı Anadolu beyliklerinin ilhakı: Saruhan, Aydın, Menteşe
1390-01-01	Balat (Palatia)	yerlesimler.js	OCAK1	kok	BUYUK-HARF	OKUNMADI	büyük harfli özel ad eşleşmesi — tek tek okunmadı	0	yer	Balat	Karahisar-i Sahib (Afyon), Birgi, Tire, Balat (Palatia), Usak, Alasehir Uc beylik tek	1390-01-01 Batı Anadolu beyliklerinin ilhakı: Saruhan, Aydın, Menteşe
1390-01-01	Birgi	yerlesimler.js	OCAK1	kok	BUYUK-HARF	OKUNMADI	büyük harfli özel ad eşleşmesi — tek tek okunmadı	0	yer	Birgi	ke, Denizli, Karahisar-i Sahib (Afyon), Birgi, Tire, Balat (Palatia), Usak, Alasehir 	1390-01-01 Batı Anadolu beyliklerinin ilhakı: Saruhan, Aydın, Menteşe
1390-01-01	Datça	yerlesimler.js	OCAK1	kok	BUYUK-HARF	OKUNMADI	büyük harfli özel ad eşleşmesi — tek tek okunmadı	0	yer	Datca	(Aydin), Milas-Mugla-Denizli (Mentese), Datca, Marmaris, Fethiye (Makri), Soke, Deniz	1390-01-01 Batı Anadolu beyliklerinin ilhakı: Saruhan, Aydın, Menteşe
1390-01-01	Denizli	yerlesimler.js	OCAK1	kok	BUYUK-HARF	OKUNMADI	büyük harfli özel ad eşleşmesi — tek tek okunmadı	0	yer	Denizli	n), Aydin-Ayasuluk (Aydin), Milas-Mugla-Denizli (Mentese), Datca, Marmaris, Fethiye (Ma	1390-01-01 Batı Anadolu beyliklerinin ilhakı: Saruhan, Aydın, Menteşe
1390-01-01	Fethiye (Makri)	yerlesimler.js	OCAK1	kok	BUYUK-HARF	OKUNMADI	büyük harfli özel ad eşleşmesi — tek tek okunmadı	0	yer	Fethiye	gla-Denizli (Mentese), Datca, Marmaris, Fethiye (Makri), Soke, Denizli, Karahisar-i Sah	1390-01-01 Batı Anadolu beyliklerinin ilhakı: Saruhan, Aydın, Menteşe
1390-01-01	Karahisâr-ı Sâhib (Afyon)	yerlesimler.js	OCAK1	kok	BUYUK-HARF	OKUNMADI	büyük harfli özel ad eşleşmesi — tek tek okunmadı	0	yer	Karahisar-i Sahib	rmaris, Fethiye (Makri), Soke, Denizli, Karahisar-i Sahib (Afyon), Birgi, Tire, Balat (Palatia), 	1390-01-01 Batı Anadolu beyliklerinin ilhakı: Saruhan, Aydın, Menteşe
1390-01-01	Manisa	yerlesimler.js	OCAK1	yer_id	BAGIMSIZ	GERCEK-BAGIMSIZ	yer_id/merkez yolu kökten bağımsız kapatıyor	0				1390-01-01 Batı Anadolu beyliklerinin ilhakı: Saruhan, Aydın, Menteşe
1390-01-01	Marmaris	yerlesimler.js	OCAK1	kok	BUYUK-HARF	OKUNMADI	büyük harfli özel ad eşleşmesi — tek tek okunmadı	0	yer	Marmaris	, Milas-Mugla-Denizli (Mentese), Datca, Marmaris, Fethiye (Makri), Soke, Denizli, Karahi	1390-01-01 Batı Anadolu beyliklerinin ilhakı: Saruhan, Aydın, Menteşe
1390-01-01	Milas	yerlesimler.js	OCAK1	kok	BUYUK-HARF	OKUNMADI	büyük harfli özel ad eşleşmesi — tek tek okunmadı	0	yer	Milas	nisa (Saruhan), Aydin-Ayasuluk (Aydin), Milas-Mugla-Denizli (Mentese), Datca, Marmari	1390-01-01 Batı Anadolu beyliklerinin ilhakı: Saruhan, Aydın, Menteşe
1390-01-01	Muğla	yerlesimler.js	OCAK1	kok	BUYUK-HARF	OKUNMADI	büyük harfli özel ad eşleşmesi — tek tek okunmadı	0	yer	Mugla	Saruhan), Aydin-Ayasuluk (Aydin), Milas-Mugla-Denizli (Mentese), Datca, Marmaris, Fet	1390-01-01 Batı Anadolu beyliklerinin ilhakı: Saruhan, Aydın, Menteşe
1390-01-01	Söke	yerlesimler.js	OCAK1	kok	BUYUK-HARF	OKUNMADI	büyük harfli özel ad eşleşmesi — tek tek okunmadı	0	yer	Soke	ese), Datca, Marmaris, Fethiye (Makri), Soke, Denizli, Karahisar-i Sahib (Afyon), Bi	1390-01-01 Batı Anadolu beyliklerinin ilhakı: Saruhan, Aydın, Menteşe
1390-01-01	Tire	yerlesimler.js	OCAK1	kok	BUYUK-HARF	GERCEK-OKUNDU	bağlam elle okundu (bayraklı ya da kısa/eşsesli kök)	0	yer	Tire	izli, Karahisar-i Sahib (Afyon), Birgi, Tire, Balat (Palatia), Usak, Alasehir Uc bey	1390-01-01 Batı Anadolu beyliklerinin ilhakı: Saruhan, Aydın, Menteşe
1390-01-01	Uşak	yerlesimler.js	OCAK1	kok	BUYUK-HARF	OKUNMADI	büyük harfli özel ad eşleşmesi — tek tek okunmadı	0	yer	Usak	 (Afyon), Birgi, Tire, Balat (Palatia), Usak, Alasehir Uc beylik tek seferde katildi	1390-01-01 Batı Anadolu beyliklerinin ilhakı: Saruhan, Aydın, Menteşe
1391-01-01	Varna	yerlesimler.js	OCAK1	yer_id	BAGIMSIZ	GERCEK-BAGIMSIZ	yer_id/merkez yolu kökten bağımsız kapatıyor	0				1391-01-01 Karadeniz kıyısında Varna'nın alınışı
1392-01-01	Antalya	yerlesimler.js	OCAK1	yer_id	BAGIMSIZ	GERCEK-BAGIMSIZ	yer_id/merkez yolu kökten bağımsız kapatıyor	0				1392-01-01 Teke ilinin ilhakı: Antalya'nın katılışı
1392-01-01	Elmalı	yerlesimler.js	OCAK1	merkez	BAGIMSIZ	GERCEK-BAGIMSIZ	yer_id/merkez yolu kökten bağımsız kapatıyor	0		Antalya		1392-01-01 Teke ilinin ilhakı: Antalya'nın katılışı
1392-01-01	Finike	yerlesimler.js	OCAK1	merkez	BAGIMSIZ	GERCEK-BAGIMSIZ	yer_id/merkez yolu kökten bağımsız kapatıyor	0		Antalya		1392-01-01 Teke ilinin ilhakı: Antalya'nın katılışı
1392-01-01	Kaş (Antiphellos)	yerlesimler.js	OCAK1	merkez	BAGIMSIZ	GERCEK-BAGIMSIZ	yer_id/merkez yolu kökten bağımsız kapatıyor	0		Antalya		1392-01-01 Teke ilinin ilhakı: Antalya'nın katılışı
1392-01-06	Üsküp	yerlesimler.js	GUN-KAPALI	yer_id	BAGIMSIZ	GERCEK-BAGIMSIZ	yer_id/merkez yolu kökten bağımsız kapatıyor	0				1392-01-06 Üsküp'ün fethi
1392-11-01	Bartın	yerlesimler.js	GUN-MASKELI	kok	BUYUK-HARF	GERCEK-OKUNDU	bağlam elle okundu (bayraklı ya da kısa/eşsesli kök)	0	d	Bartin	rdu. Ayni tarihte katilan oteki yerler: Bartin, Safranbolu.	1392-11-01 Kastamonu'nun ilhakı
1392-11-01	Kastamonu	yerlesimler.js	GUN-MASKELI	yer_id	BAGIMSIZ	GERCEK-BAGIMSIZ	yer_id/merkez yolu kökten bağımsız kapatıyor	0				1392-11-01 Kastamonu'nun ilhakı
1392-11-01	Safranbolu	yerlesimler.js	GUN-MASKELI	kok	BUYUK-HARF	OKUNMADI	büyük harfli özel ad eşleşmesi — tek tek okunmadı	0	d	Safranbolu	i tarihte katilan oteki yerler: Bartin, Safranbolu.	1392-11-01 Kastamonu'nun ilhakı
1392-11-01	Tosya	yerlesimler_ek29.js	GUN-MASKELI	merkez	BAGIMSIZ	GERCEK-BAGIMSIZ	yer_id/merkez yolu kökten bağımsız kapatıyor	0		Kastamonu		1392-11-01 Kastamonu'nun ilhakı
1393-01-01	Kirman	yerlesimler.js	OCAK1	kok	BUYUK-HARF	OKUNMADI	büyük harfli özel ad eşleşmesi — tek tek okunmadı	1	d	Kirman	az 1318'den beri Yezd, Fars, Isfahan ve Kirman'da hukum suren Muzafferiler'in son gucl	1393-01-01 Muzafferî hânedanının sonu: Şah Mansûr'un Şîraz önünde yenilmesi
1393-01-01	Şiraz	yerlesimler.js	OCAK1	yer_id	BAGIMSIZ	GERCEK-BAGIMSIZ	yer_id/merkez yolu kökten bağımsız kapatıyor	1				1393-01-01 Muzafferî hânedanının sonu: Şah Mansûr'un Şîraz önünde yenilmesi
1393-05-01	Leş (Alessio)	yerlesimler_ok104.js	GUN-KAPALI	yer_id	BAGIMSIZ	GERCEK-BAGIMSIZ	yer_id/merkez yolu kökten bağımsız kapatıyor	1				1393-05-01 Leş'in (Alessio) Dukagjinler tarafından Venedik'e bırakılması
1393-06-01	Amasya	yerlesimler.js	GUN-MASKELI	yer_id	BAGIMSIZ	GERCEK-BAGIMSIZ	yer_id/merkez yolu kökten bağımsız kapatıyor	0				1393-06-01 Amasya'nın Osmanlı topraklarına katılması
1393-07-17	Plevne	yerlesimler.js	GUN-KAPALI	kok	BUYUK-HARF	GERCEK-OKUNDU	bağlam elle okundu (bayraklı ya da kısa/eşsesli kök)	1	d	Plevne	rdi. Ayni tarihte katilan oteki yerler: Plevne.	1393-07-17 Tırnova'nın düşüşü — Bulgaristan'ın ilhakı
1393-07-17	Tırnova	yerlesimler.js	GUN-KAPALI	yer_id	BAGIMSIZ	GERCEK-BAGIMSIZ	yer_id/merkez yolu kökten bağımsız kapatıyor	1				1393-07-17 Tırnova'nın düşüşü — Bulgaristan'ın ilhakı
1393-08-29	Bağdat	yerlesimler.js	GUN-KAPALI	yer_id	BAGIMSIZ	GERCEK-BAGIMSIZ	yer_id/merkez yolu kökten bağımsız kapatıyor	1				1393-08-29 Timur Bağdat'ı zaptetti — Celâyirliler Anadolu'ya kaçtı
1393-09-01	Köstence	yerlesimler.js	GUN-MASKELI	kok	BUYUK-HARF	OKUNMADI	büyük harfli özel ad eşleşmesi — tek tek okunmadı	0	d	Kostence	tarihte katilan oteki yerler: Silistre, Kostence.	1393-09-01 Dobruca'nın katılışı
1393-09-01	Silistre	yerlesimler.js	GUN-MASKELI	yer_id	BAGIMSIZ	GERCEK-BAGIMSIZ	yer_id/merkez yolu kökten bağımsız kapatıyor	0				1393-09-01 Dobruca'nın katılışı
1394-01-01	Tırhala	yerlesimler.js	OCAK1	yer_id	BAGIMSIZ	GERCEK-BAGIMSIZ	yer_id/merkez yolu kökten bağımsız kapatıyor	0				1394-01-01 Teselya'ya iniş
1394-01-01	Yenişehir (Larissa)	yerlesimler.js	OCAK1	kok	BUYUK-HARF	GERCEK-OKUNDU	bağlam elle okundu (bayraklı ya da kısa/eşsesli kök)	0	d	Yenisehir	Teselya'ya inis Teselya Yenisehir (Larissa) merkezli Teselya ovasi Osmanl	1394-01-01 Teselya'ya iniş
1394-01-01	İzdin (Lamia)	yerlesimler.js	OCAK1	kok	BUYUK-HARF	OKUNMADI	büyük harfli özel ad eşleşmesi — tek tek okunmadı	0	d	Izdin	 tarihte katilan oteki yerler: Tirhala, Izdin (Lamia).	1394-01-01 Teselya'ya iniş
1394-04-25	Diyarbakır	yerlesimler.js	GUN-KAPALI	yer_id	BAGIMSIZ	GERCEK-BAGIMSIZ	yer_id/merkez yolu kökten bağımsız kapatıyor	0				1394-04-25 Timur Diyarbekir'i (Âmid) zaptedip yağmaladı
1395-01-01	Niğbolu	yerlesimler.js	OCAK1	yer_id	BAGIMSIZ	GERCEK-BAGIMSIZ	yer_id/merkez yolu kökten bağımsız kapatıyor	0				1395-01-01 Niğbolu'nun fethi
1396-10-01	Vidin	yerlesimler.js	GUN-KAPALI	yer_id	BAGIMSIZ	GERCEK-BAGIMSIZ	yer_id/merkez yolu kökten bağımsız kapatıyor	0				1396-10-01 Vidin'in ilhakı
1397-07-01	Aksaray	yerlesimler.js	GUN-KAPALI	merkez	BAGIMSIZ	GERCEK-BAGIMSIZ	yer_id/merkez yolu kökten bağımsız kapatıyor	0		Konya		1397-07-01 Karaman'ın ilk ilhakı
1397-07-01	Ermenek	yerlesimler.js	GUN-KAPALI	merkez	BAGIMSIZ	GERCEK-BAGIMSIZ	yer_id/merkez yolu kökten bağımsız kapatıyor	0		Konya		1397-07-01 Karaman'ın ilk ilhakı
1397-07-01	Ilgın	yerlesimler_ek29.js	GUN-KAPALI	merkez	BAGIMSIZ	GERCEK-BAGIMSIZ	yer_id/merkez yolu kökten bağımsız kapatıyor	0		Konya		1397-07-01 Karaman'ın ilk ilhakı
1397-07-01	Karaman	yerlesimler.js	GUN-KAPALI	kok	BUYUK-HARF	OKUNMADI	büyük harfli özel ad eşleşmesi — tek tek okunmadı	0	b	Karaman	Karaman'in ilk ilhaki Konya, Karaman Akcay zafe	1397-07-01 Karaman'ın ilk ilhakı
1397-07-01	Karapınar	yerlesimler_ek29.js	GUN-KAPALI	merkez	BAGIMSIZ	GERCEK-BAGIMSIZ	yer_id/merkez yolu kökten bağımsız kapatıyor	0		Karaman		1397-07-01 Karaman'ın ilk ilhakı
1397-07-01	Konya	yerlesimler.js	GUN-KAPALI	yer_id	BAGIMSIZ	GERCEK-BAGIMSIZ	yer_id/merkez yolu kökten bağımsız kapatıyor	0				1397-07-01 Karaman'ın ilk ilhakı
1398-01-01	Divriği	yerlesimler.js	OCAK1	yer_id	BAGIMSIZ	GERCEK-BAGIMSIZ	yer_id/merkez yolu kökten bağımsız kapatıyor	0				1398-01-01 Yıldırım Bayezid Sivas, Malatya, Besni, Darende ve Divriği'yi Osmanlı 
1398-07-01	Samsun	yerlesimler.js	GUN-KAPALI	merkez+yer_id	BAGIMSIZ	GERCEK-BAGIMSIZ	yer_id/merkez yolu kökten bağımsız kapatıyor	1				1398-07-01 Canik kıyılarının katılışı: Samsun
1398-07-15	Kayseri	yerlesimler.js	GUN-KAPALI	kok	BUYUK-HARF	GERCEK-OKUNDU	bağlam elle okundu (bayraklı ya da kısa/eşsesli kök)	1	d	Kayseri	z limani oldu. Ic bolgedeki Sivas-Tokat-Kayseri hatti ise iki hafta sonra, Kadi Burhane	1398-07-01 Canik kıyılarının katılışı: Samsun
1398-07-15	Kırşehir	yerlesimler.js	GUN-KAPALI	kok	BUYUK-HARF	GERCEK-OKUNDU	bağlam elle okundu (bayraklı ya da kısa/eşsesli kök)	1	d	Kirsehir	ldi. Ayni tarihte katilan oteki yerler: Kirsehir, Corum.	1398-07-15 Kadı Burhâneddin Devleti'nin yıkılışı
1398-07-15	Sivas	yerlesimler.js	GUN-KAPALI	kok+yer_id	BAGIMSIZ	GERCEK-BAGIMSIZ	yer_id/merkez yolu kökten bağımsız kapatıyor	1	d	Sivas	ilk Karadeniz limani oldu. Ic bolgedeki Sivas-Tokat-Kayseri hatti ise iki hafta sonra	1398-07-01 Canik kıyılarının katılışı: Samsun
1399-02-19	Elba	yerlesimler.js	GUN-KAPALI	yer_id	BAGIMSIZ	GERCEK-BAGIMSIZ	yer_id/merkez yolu kökten bağımsız kapatıyor	1				1399-02-13 Gherardo Appiani Pisa'yı Visconti'ye bıraktı, Piombino senyörlüğünü ku
1399-09-01	Arapkir	yerlesimler.js	GUN-KAPALI	merkez	BAGIMSIZ	GERCEK-BAGIMSIZ	yer_id/merkez yolu kökten bağımsız kapatıyor	0		Malatya		1399-09-01 Malatya'nın alınışı
1399-09-01	Behisni (Besni)	yerlesimler.js	GUN-KAPALI	merkez	BAGIMSIZ	GERCEK-BAGIMSIZ	yer_id/merkez yolu kökten bağımsız kapatıyor	0		Malatya		1399-09-01 Malatya'nın alınışı
1399-09-01	Hısn-ı Mansûr (Adıyaman)	yerlesimler.js	GUN-KAPALI	merkez	BAGIMSIZ	GERCEK-BAGIMSIZ	yer_id/merkez yolu kökten bağımsız kapatıyor	0		Malatya		1399-09-01 Malatya'nın alınışı
1399-09-01	Kâhta	yerlesimler.js	GUN-KAPALI	merkez	BAGIMSIZ	GERCEK-BAGIMSIZ	yer_id/merkez yolu kökten bağımsız kapatıyor	0		Malatya		1399-09-01 Malatya'nın alınışı
1399-09-01	Malatya	yerlesimler.js	GUN-KAPALI	yer_id	BAGIMSIZ	GERCEK-BAGIMSIZ	yer_id/merkez yolu kökten bağımsız kapatıyor	0				1399-09-01 Malatya'nın alınışı
1400-01-01	Darfur	yerlesimler.js	OCAK1	yer_id	BAGIMSIZ	GERCEK-BAGIMSIZ	yer_id/merkez yolu kökten bağımsız kapatıyor	0				1400-01-01 Dârfûr'da Dâcû hâkimiyetinin Tuncûrlar'a geçmesi
1400-01-01	Oyo-İle (Eski Oyo)	yerlesimler_e9353f.js	OCAK1	kok	BUYUK-HARF	OKUNMADI	büyük harfli özel ad eşleşmesi — tek tek okunmadı	0	b	Oyo-Ile	Oyo-Ile'de Yoruba kralligi kuruldu  Oyo-Ile'de 	1400-01-01 Oyo-Ile'de Yoruba krallığı kuruldu
1401-01-01	Bağdat	yerlesimler.js	OCAK1	yer_id	BAGIMSIZ	GERCEK-BAGIMSIZ	yer_id/merkez yolu kökten bağımsız kapatıyor	0				1401-01-01 Timur Bağdat'ı ikinci defa işgal etti — şehrin Abbâsî mahalleleri yıkı
1401-01-01	Diyarbakır	yerlesimler.js	OCAK1	yer_id	BAGIMSIZ	GERCEK-BAGIMSIZ	yer_id/merkez yolu kökten bağımsız kapatıyor	1				1401-01-01 Diyarbekir Karayülük Osman Bey'e verildi — Akkoyunlu hâkimiyeti başlad
1401-02-01	Erzincan	yerlesimler.js	GUN-KAPALI	yer_id	BAGIMSIZ	GERCEK-BAGIMSIZ	yer_id/merkez yolu kökten bağımsız kapatıyor	0				1401-02-01 Yıldırım Bayezid Erzincan ve Kemah'ı geri aldı
1401-02-01	Kelkit	yerlesimler_ek29.js	GUN-KAPALI	merkez	BAGIMSIZ	GERCEK-BAGIMSIZ	yer_id/merkez yolu kökten bağımsız kapatıyor	0		Erzincan		1401-02-01 Yıldırım Bayezid Erzincan ve Kemah'ı geri aldı
1401-02-01	Kemah	yerlesimler.js	GUN-KAPALI	kok	BUYUK-HARF	OKUNMADI	büyük harfli özel ad eşleşmesi — tek tek okunmadı	0	b	Kemah	Yildirim Bayezid Erzincan ve Kemah'i geri aldi Erzincan, Kemah Timur'un Su	1401-02-01 Yıldırım Bayezid Erzincan ve Kemah'ı geri aldı
1402-07-28	Absu (Hypsu)	yerlesimler.js	GUN-MASKELI	kok+merkez	BAGIMSIZ	GERCEK-BAGIMSIZ	yer_id/merkez yolu kökten bağımsız kapatıyor	0	d	Absu	, Leblebicihisar, Karacepus, Karatigin, Absu (Hypsu), Adranos (Orhaneli), Pelekanon 	1402-07-28 Ankara Savaşı — Fetret Devri başladı
1402-07-28	Adranos (Orhaneli)	yerlesimler.js	GUN-MASKELI	kok+merkez	BAGIMSIZ	GERCEK-BAGIMSIZ	yer_id/merkez yolu kökten bağımsız kapatıyor	0	d	Adranos	ar, Karacepus, Karatigin, Absu (Hypsu), Adranos (Orhaneli), Pelekanon (Eskihisar), Gebz	1402-07-28 Ankara Savaşı — Fetret Devri başladı
1402-07-28	Akhisar (Pamukova)	yerlesimler.js	GUN-MASKELI	kok+merkez	BAGIMSIZ	GERCEK-BAGIMSIZ	yer_id/merkez yolu kökten bağımsız kapatıyor	0	d	Akhisar	ve, Kopruhisar (Yenisehir), Marmaracik, Akhisar (Pamukova), Mekece, Kestel, Ulubat, Har	1402-07-28 Ankara Savaşı — Fetret Devri başladı
1402-07-28	Akyazı	yerlesimler.js	GUN-MASKELI	kok	BUYUK-HARF	OKUNMADI	büyük harfli özel ad eşleşmesi — tek tek okunmadı	0	d	Akyazi	a), Mekece, Kestel, Ulubat, Harmankaya, Akyazi, Imrali Adasi, Kandira, Mudanya, Yalova	1402-07-28 Ankara Savaşı — Fetret Devri başladı
1402-07-28	Akçakoca	yerlesimler.js	GUN-MASKELI	merkez	BAGIMSIZ	GERCEK-BAGIMSIZ	yer_id/merkez yolu kökten bağımsız kapatıyor	0		Ankara		1402-07-28 Ankara Savaşı — Fetret Devri başladı
1402-07-28	Amasya	yerlesimler.js	GUN-MASKELI	kok	BUYUK-HARF	OKUNMADI	büyük harfli özel ad eşleşmesi — tek tek okunmadı	0	d	Amasya	, Izmit, Balikesir, Canakkale, Bergama, Amasya, Tokat, Corlu, Luleburgaz, Malkara, Kes	1402-07-28 Ankara Savaşı — Fetret Devri başladı
1402-07-28	Ankara	yerlesimler.js	GUN-MASKELI	kok+yer_id	BAGIMSIZ	GERCEK-BAGIMSIZ	yer_id/merkez yolu kökten bağımsız kapatıyor	0	b	Ankara	Ankara bozgununun ardindan Eflak Voyvodasi Mir	1402-07-28 Ankara bozgununun ardından Eflak Voyvodası Mircea Dobruca'yı yeniden a
1402-07-28	Antalya	yerlesimler.js	GUN-MASKELI	kok	BUYUK-HARF	OKUNMADI	büyük harfli özel ad eşleşmesi — tek tek okunmadı	0	d	Antalya	Isparta, Manisa, Aydin, Denizli, Mugla, Antalya, Konya, Karaman, Kayseri, Kastamonu, Ba	1402-07-28 Ankara Savaşı — Fetret Devri başladı
1402-07-28	Armutlu	yerlesimler.js	GUN-MASKELI	kok+merkez	BAGIMSIZ	GERCEK-BAGIMSIZ	yer_id/merkez yolu kökten bağımsız kapatıyor	0	d	Armutlu	, Kandira, Mudanya, Yalova, Karamursel, Armutlu, Gemlik (Kios), Sogut, Bilecik, Eskiseh	1402-07-28 Ankara Savaşı — Fetret Devri başladı
1402-07-28	Aydos Kalesi	yerlesimler.js	GUN-MASKELI	kok+merkez	BAGIMSIZ	GERCEK-BAGIMSIZ	yer_id/merkez yolu kökten bağımsız kapatıyor	0	d	Aydos Kalesi	um, Cankiri, Yenisehir (Bursa), Inegol, Aydos Kalesi, Geyve, Kopruhisar (Yenisehir), Marmara	1402-07-28 Ankara Savaşı — Fetret Devri başladı
1402-07-28	Aydın	yerlesimler.js	GUN-MASKELI	kok	BUYUK-HARF	GERCEK-OKUNDU	bağlam elle okundu (bayraklı ya da kısa/eşsesli kök)	0	d	Aydin	 Soke, Kutahya, Afyon, Isparta, Manisa, Aydin, Denizli, Mugla, Antalya, Konya, Karama	1402-07-28 Ankara Savaşı — Fetret Devri başladı
1402-07-28	Ayvalık	yerlesimler.js	GUN-MASKELI	merkez	BAGIMSIZ	GERCEK-BAGIMSIZ	yer_id/merkez yolu kökten bağımsız kapatıyor	0		Bursa		1402-08-20 Emîr Süleyman devlet hazinesiyle Rumeli'ye kaçtı
1402-07-28	Babadağı (Babadag)	yerlesimler_ek29.js	GUN-MASKELI	kok	BUYUK-HARF	OKUNMADI	büyük harfli özel ad eşleşmesi — tek tek okunmadı	1	b	Babadagi	a'yi yeniden aldi - Silistre, Kostence, Babadagi, Ishakci Dobruca (Silistre, Kostence, B	1402-07-28 Ankara bozgununun ardından Eflak Voyvodası Mircea Dobruca'yı yeniden a
1402-07-28	Balıkesir	yerlesimler.js	GUN-MASKELI	kok+merkez	BAGIMSIZ	GERCEK-BAGIMSIZ	yer_id/merkez yolu kökten bağımsız kapatıyor	0	d	Balikesir	ilecik, Eskisehir, Bursa, Iznik, Izmit, Balikesir, Canakkale, Bergama, Amasya, Tokat, Cor	1402-07-28 Ankara Savaşı — Fetret Devri başladı
1402-07-28	Bartın	yerlesimler.js	GUN-MASKELI	kok+merkez	BAGIMSIZ	GERCEK-BAGIMSIZ	yer_id/merkez yolu kökten bağımsız kapatıyor	0	d	Bartin	ya, Konya, Karaman, Kayseri, Kastamonu, Bartin, Safranbolu, Samsun, Sivas, Malatya, Be	1402-07-28 Ankara Savaşı — Fetret Devri başladı
1402-07-28	Behramkale (Assos)	yerlesimler_ek23.js	GUN-MASKELI	merkez	BAGIMSIZ	GERCEK-BAGIMSIZ	yer_id/merkez yolu kökten bağımsız kapatıyor	0		Bursa		1402-08-20 Emîr Süleyman devlet hazinesiyle Rumeli'ye kaçtı
1402-07-28	Bergama	yerlesimler.js	GUN-MASKELI	kok	BUYUK-HARF	OKUNMADI	büyük harfli özel ad eşleşmesi — tek tek okunmadı	0	d	Bergama	sa, Iznik, Izmit, Balikesir, Canakkale, Bergama, Amasya, Tokat, Corlu, Luleburgaz, Malk	1402-07-28 Ankara Savaşı — Fetret Devri başladı
1402-07-28	Beyşehir	yerlesimler.js	GUN-MASKELI	kok	BUYUK-HARF	OKUNMADI	büyük harfli özel ad eşleşmesi — tek tek okunmadı	0	d	Beysehir	in, Safranbolu, Samsun, Sivas, Malatya, Beysehir, Sivrihisar, Kirsehir, Corum, Cankiri, 	1402-07-28 Ankara Savaşı — Fetret Devri başladı
1402-07-28	Biga	yerlesimler.js	GUN-MASKELI	kok+merkez	BAGIMSIZ	GERCEK-BAGIMSIZ	yer_id/merkez yolu kökten bağımsız kapatıyor	0	d	Biga	hala, Izdin (Lamia), Plevne, Gumulcine, Biga, Domanic, Kulacahisar, Karacahisar, Yar	1402-07-28 Ankara Savaşı — Fetret Devri başladı
1402-07-28	Bilecik	yerlesimler.js	GUN-MASKELI	kok+merkez	BAGIMSIZ	GERCEK-BAGIMSIZ	yer_id/merkez yolu kökten bağımsız kapatıyor	0	d	Bilecik	amursel, Armutlu, Gemlik (Kios), Sogut, Bilecik, Eskisehir, Bursa, Iznik, Izmit, Balike	1402-07-28 Ankara Savaşı — Fetret Devri başladı
1402-07-28	Bolu	yerlesimler.js	GUN-MASKELI	merkez	BAGIMSIZ	GERCEK-BAGIMSIZ	yer_id/merkez yolu kökten bağımsız kapatıyor	0		Ankara		1402-07-28 Ankara Savaşı — Fetret Devri başladı
1402-07-28	Bozüyük	yerlesimler.js	GUN-MASKELI	merkez	BAGIMSIZ	GERCEK-BAGIMSIZ	yer_id/merkez yolu kökten bağımsız kapatıyor	0		Bursa		1402-08-20 Emîr Süleyman devlet hazinesiyle Rumeli'ye kaçtı
1402-07-28	Bursa	yerlesimler.js	GUN-MASKELI	kok+yer_id	BAGIMSIZ	GERCEK-BAGIMSIZ	yer_id/merkez yolu kökten bağımsız kapatıyor	0	d	Bursa	r, Kirsehir, Corum, Cankiri, Yenisehir (Bursa), Inegol, Aydos Kalesi, Geyve, Kopruhis	1402-07-28 Ankara Savaşı — Fetret Devri başladı
1402-07-28	Datça	yerlesimler.js	GUN-MASKELI	kok	BUYUK-HARF	GERCEK-OKUNDU	bağlam elle okundu (bayraklı ya da kısa/eşsesli kök)	0	d	Datca	 tarihte elden cikan diger yerlesimler: Datca, Marmaris, Fethiye (Makri), Soke, Kutah	1402-07-28 Ankara Savaşı — Fetret Devri başladı
1402-07-28	Denizli	yerlesimler.js	GUN-MASKELI	kok	BUYUK-HARF	OKUNMADI	büyük harfli özel ad eşleşmesi — tek tek okunmadı	0	d	Denizli	Kutahya, Afyon, Isparta, Manisa, Aydin, Denizli, Mugla, Antalya, Konya, Karaman, Kayser	1402-07-28 Ankara Savaşı — Fetret Devri başladı
1402-07-28	Devrek	yerlesimler.js	GUN-MASKELI	merkez	BAGIMSIZ	GERCEK-BAGIMSIZ	yer_id/merkez yolu kökten bağımsız kapatıyor	0		Ankara		1402-07-28 Ankara Savaşı — Fetret Devri başladı
1402-07-28	Dimbos	yerlesimler.js	GUN-MASKELI	kok+merkez	BAGIMSIZ	GERCEK-BAGIMSIZ	yer_id/merkez yolu kökten bağımsız kapatıyor	0	d	Dimbos	ic, Kulacahisar, Karacahisar, Yarhisar, Dimbos, Kite (Kete), Lefke (Osmaneli), Leblebi	1402-07-28 Ankara Savaşı — Fetret Devri başladı
1402-07-28	Dimetoka	yerlesimler.js	GUN-MASKELI	kok	BUYUK-HARF	OKUNMADI	büyük harfli özel ad eşleşmesi — tek tek okunmadı	0	d	Dimetoka	elcev), Drama, Gelibolu, Cimpe, Edirne, Dimetoka, Kirklareli, Tekirdag, Filibe, Sofya, N	1402-07-28 Ankara Savaşı — Fetret Devri başladı
1402-07-28	Domaniç	yerlesimler.js	GUN-MASKELI	kok+merkez	BAGIMSIZ	GERCEK-BAGIMSIZ	yer_id/merkez yolu kökten bağımsız kapatıyor	0	d	Domanic	Izdin (Lamia), Plevne, Gumulcine, Biga, Domanic, Kulacahisar, Karacahisar, Yarhisar, Di	1402-07-28 Ankara Savaşı — Fetret Devri başladı
1402-07-28	Drama	yerlesimler.js	GUN-MASKELI	kok	BUYUK-HARF	OKUNMADI	büyük harfli özel ad eşleşmesi — tek tek okunmadı	0	d	Drama	endil, Petric, Nevrokop (Gotse Delcev), Drama, Gelibolu, Cimpe, Edirne, Dimetoka, Kir	1402-07-28 Ankara Savaşı — Fetret Devri başladı
1402-07-28	Edirne	yerlesimler.js	GUN-MASKELI	kok	BUYUK-HARF	OKUNMADI	büyük harfli özel ad eşleşmesi — tek tek okunmadı	0	d	Edirne	(Gotse Delcev), Drama, Gelibolu, Cimpe, Edirne, Dimetoka, Kirklareli, Tekirdag, Filibe	1402-07-28 Ankara Savaşı — Fetret Devri başladı
1402-07-28	Edremit	yerlesimler.js	GUN-MASKELI	merkez	BAGIMSIZ	GERCEK-BAGIMSIZ	yer_id/merkez yolu kökten bağımsız kapatıyor	0		Bursa		1402-08-20 Emîr Süleyman devlet hazinesiyle Rumeli'ye kaçtı
1402-07-28	Eflani	yerlesimler.js	GUN-MASKELI	merkez	BAGIMSIZ	GERCEK-BAGIMSIZ	yer_id/merkez yolu kökten bağımsız kapatıyor	0		Ankara		1402-07-28 Ankara Savaşı — Fetret Devri başladı
1402-07-28	Erdek	yerlesimler.js	GUN-MASKELI	merkez	BAGIMSIZ	GERCEK-BAGIMSIZ	yer_id/merkez yolu kökten bağımsız kapatıyor	0		Bursa		1402-08-20 Emîr Süleyman devlet hazinesiyle Rumeli'ye kaçtı
1402-07-28	Ermeni Derbendi	yerlesimler.js	GUN-MASKELI	merkez	BAGIMSIZ	GERCEK-BAGIMSIZ	yer_id/merkez yolu kökten bağımsız kapatıyor	0		Bursa		1402-08-20 Emîr Süleyman devlet hazinesiyle Rumeli'ye kaçtı
1402-07-28	Eski Zağra (Stara Zagora)	yerlesimler.js	GUN-MASKELI	kok	BUYUK-HARF	OKUNMADI	büyük harfli özel ad eşleşmesi — tek tek okunmadı	0	d	Eski Zagra	ara, Kesan, Ipsala, Kilitbahir, Cirmen, Eski Zagra (Stara Zagora), Tatarpazarcigi, Ihtiman	1402-07-28 Ankara Savaşı — Fetret Devri başladı
1402-07-28	Eskişehir	yerlesimler.js	GUN-MASKELI	kok	BUYUK-HARF	OKUNMADI	büyük harfli özel ad eşleşmesi — tek tek okunmadı	0	d	Eskisehir	Armutlu, Gemlik (Kios), Sogut, Bilecik, Eskisehir, Bursa, Iznik, Izmit, Balikesir, Canakk	1402-07-28 Ankara Savaşı — Fetret Devri başladı
1402-07-28	Fethiye (Makri)	yerlesimler.js	GUN-MASKELI	kok	BUYUK-HARF	OKUNMADI	büyük harfli özel ad eşleşmesi — tek tek okunmadı	0	d	Fethiye	kan diger yerlesimler: Datca, Marmaris, Fethiye (Makri), Soke, Kutahya, Afyon, Isparta,	1402-07-28 Ankara Savaşı — Fetret Devri başladı
1402-07-28	Filibe	yerlesimler.js	GUN-MASKELI	kok	BUYUK-HARF	OKUNMADI	büyük harfli özel ad eşleşmesi — tek tek okunmadı	0	d	Filibe	Edirne, Dimetoka, Kirklareli, Tekirdag, Filibe, Sofya, Nis, Vidin, Tirnova, Varna, Sum	1402-07-28 Ankara Savaşı — Fetret Devri başladı
1402-07-28	Gebze	yerlesimler.js	GUN-MASKELI	kok	BUYUK-HARF	OKUNMADI	büyük harfli özel ad eşleşmesi — tek tek okunmadı	0	d	Gebze	anos (Orhaneli), Pelekanon (Eskihisar), Gebze, Hereke, Samandira, Kirmasti (M.Kemalpa	1402-07-28 Ankara Savaşı — Fetret Devri başladı
1402-07-28	Gelibolu	yerlesimler.js	GUN-MASKELI	kok	BUYUK-HARF	OKUNMADI	büyük harfli özel ad eşleşmesi — tek tek okunmadı	0	d	Gelibolu	Petric, Nevrokop (Gotse Delcev), Drama, Gelibolu, Cimpe, Edirne, Dimetoka, Kirklareli, T	1402-07-28 Ankara Savaşı — Fetret Devri başladı
1402-07-28	Gemlik (Kios)	yerlesimler.js	GUN-MASKELI	kok	BUYUK-HARF	OKUNMADI	büyük harfli özel ad eşleşmesi — tek tek okunmadı	0	d	Gemlik	, Mudanya, Yalova, Karamursel, Armutlu, Gemlik (Kios), Sogut, Bilecik, Eskisehir, Burs	1402-07-28 Ankara Savaşı — Fetret Devri başladı
1402-07-28	Geyve	yerlesimler.js	GUN-MASKELI	kok+merkez	BAGIMSIZ	GERCEK-BAGIMSIZ	yer_id/merkez yolu kökten bağımsız kapatıyor	0	d	Geyve	enisehir (Bursa), Inegol, Aydos Kalesi, Geyve, Kopruhisar (Yenisehir), Marmaracik, Ak	1402-07-28 Ankara Savaşı — Fetret Devri başladı
1402-07-28	Gölyazı (Apollonia)	yerlesimler.js	GUN-MASKELI	kok+merkez	BAGIMSIZ	GERCEK-BAGIMSIZ	yer_id/merkez yolu kökten bağımsız kapatıyor	0	d	Golyazi	alpasa), Mihalic (Karacabey), Kostence, Golyazi (Apollonia).	1402-07-28 Ankara Savaşı — Fetret Devri başladı
1402-07-28	Gümülcine	yerlesimler.js	GUN-MASKELI	kok	BUYUK-HARF	OKUNMADI	büyük harfli özel ad eşleşmesi — tek tek okunmadı	0	d	Gumulcine	rissa), Tirhala, Izdin (Lamia), Plevne, Gumulcine, Biga, Domanic, Kulacahisar, Karacahisa	1402-07-28 Ankara Savaşı — Fetret Devri başladı
1402-07-28	Harmankaya	yerlesimler.js	GUN-MASKELI	kok+merkez	BAGIMSIZ	GERCEK-BAGIMSIZ	yer_id/merkez yolu kökten bağımsız kapatıyor	0	d	Harmankaya	sar (Pamukova), Mekece, Kestel, Ulubat, Harmankaya, Akyazi, Imrali Adasi, Kandira, Mudanya	1402-07-28 Ankara Savaşı — Fetret Devri başladı
1402-07-28	Hereke	yerlesimler.js	GUN-MASKELI	kok	BUYUK-HARF	OKUNMADI	büyük harfli özel ad eşleşmesi — tek tek okunmadı	0	d	Hereke	rhaneli), Pelekanon (Eskihisar), Gebze, Hereke, Samandira, Kirmasti (M.Kemalpasa), Mih	1402-07-28 Ankara Savaşı — Fetret Devri başladı
1402-07-28	Isparta	yerlesimler.js	GUN-MASKELI	kok	BUYUK-HARF	OKUNMADI	büyük harfli özel ad eşleşmesi — tek tek okunmadı	0	d	Isparta	 Fethiye (Makri), Soke, Kutahya, Afyon, Isparta, Manisa, Aydin, Denizli, Mugla, Antalya	1402-07-28 Ankara Savaşı — Fetret Devri başladı
1402-07-28	Kandıra	yerlesimler.js	GUN-MASKELI	kok	BUYUK-HARF	OKUNMADI	büyük harfli özel ad eşleşmesi — tek tek okunmadı	0	d	Kandira	ubat, Harmankaya, Akyazi, Imrali Adasi, Kandira, Mudanya, Yalova, Karamursel, Armutlu, 	1402-07-28 Ankara Savaşı — Fetret Devri başladı
1402-07-28	Karacahisar	yerlesimler.js	GUN-MASKELI	kok	BUYUK-HARF	OKUNMADI	büyük harfli özel ad eşleşmesi — tek tek okunmadı	0	d	Karacahisar	 Gumulcine, Biga, Domanic, Kulacahisar, Karacahisar, Yarhisar, Dimbos, Kite (Kete), Lefke (	1402-07-28 Ankara Savaşı — Fetret Devri başladı
1402-07-28	Karadeniz Ereğli	yerlesimler.js	GUN-MASKELI	merkez	BAGIMSIZ	GERCEK-BAGIMSIZ	yer_id/merkez yolu kökten bağımsız kapatıyor	0		Ankara		1402-07-28 Ankara Savaşı — Fetret Devri başladı
1402-07-28	Karaman	yerlesimler.js	GUN-MASKELI	kok	BUYUK-HARF	OKUNMADI	büyük harfli özel ad eşleşmesi — tek tek okunmadı	0	d	Karaman	 Aydin, Denizli, Mugla, Antalya, Konya, Karaman, Kayseri, Kastamonu, Bartin, Safranbolu	1402-07-28 Ankara Savaşı — Fetret Devri başladı
1402-07-28	Karamürsel	yerlesimler.js	GUN-MASKELI	kok+merkez	BAGIMSIZ	GERCEK-BAGIMSIZ	yer_id/merkez yolu kökten bağımsız kapatıyor	0	d	Karamursel	Imrali Adasi, Kandira, Mudanya, Yalova, Karamursel, Armutlu, Gemlik (Kios), Sogut, Bilecik	1402-07-28 Ankara Savaşı — Fetret Devri başladı
1402-07-28	Karatigin	yerlesimler.js	GUN-MASKELI	kok+merkez	BAGIMSIZ	GERCEK-BAGIMSIZ	yer_id/merkez yolu kökten bağımsız kapatıyor	0	d	Karatigin	 (Osmaneli), Leblebicihisar, Karacepus, Karatigin, Absu (Hypsu), Adranos (Orhaneli), Pele	1402-07-28 Ankara Savaşı — Fetret Devri başladı
1402-07-28	Karaçepüş	yerlesimler.js	GUN-MASKELI	kok+merkez	BAGIMSIZ	GERCEK-BAGIMSIZ	yer_id/merkez yolu kökten bağımsız kapatıyor	0	d	Karacepus	ete), Lefke (Osmaneli), Leblebicihisar, Karacepus, Karatigin, Absu (Hypsu), Adranos (Orha	1402-07-28 Ankara Savaşı — Fetret Devri başladı
1402-07-28	Kastamonu	yerlesimler.js	GUN-MASKELI	kok+merkez	BAGIMSIZ	GERCEK-BAGIMSIZ	yer_id/merkez yolu kökten bağımsız kapatıyor	0	d	Kastamonu	ugla, Antalya, Konya, Karaman, Kayseri, Kastamonu, Bartin, Safranbolu, Samsun, Sivas, Mal	1402-07-28 Ankara Savaşı — Fetret Devri başladı
1402-07-28	Kavala	yerlesimler.js	GUN-MASKELI	kok	BUYUK-HARF	OKUNMADI	büyük harfli özel ad eşleşmesi — tek tek okunmadı	0	d	Kavala	istre, Nigbolu, Ruscuk, Selanik, Serez, Kavala, Uskup, Manastir, Ohri, Yenisehir (Lari	1402-07-28 Ankara Savaşı — Fetret Devri başladı
1402-07-28	Kayseri	yerlesimler.js	GUN-MASKELI	kok	BUYUK-HARF	OKUNMADI	büyük harfli özel ad eşleşmesi — tek tek okunmadı	0	d	Kayseri	enizli, Mugla, Antalya, Konya, Karaman, Kayseri, Kastamonu, Bartin, Safranbolu, Samsun,	1402-07-28 Ankara Savaşı — Fetret Devri başladı
1402-07-28	Kestel	yerlesimler.js	GUN-MASKELI	kok+merkez	BAGIMSIZ	GERCEK-BAGIMSIZ	yer_id/merkez yolu kökten bağımsız kapatıyor	0	d	Kestel	Marmaracik, Akhisar (Pamukova), Mekece, Kestel, Ulubat, Harmankaya, Akyazi, Imrali Ada	1402-07-28 Ankara Savaşı — Fetret Devri başladı
1402-07-28	Keşan	yerlesimler.js	GUN-MASKELI	kok	BUYUK-HARF	OKUNMADI	büyük harfli özel ad eşleşmesi — tek tek okunmadı	0	d	Kesan	sya, Tokat, Corlu, Luleburgaz, Malkara, Kesan, Ipsala, Kilitbahir, Cirmen, Eski Zagra	1402-07-28 Ankara Savaşı — Fetret Devri başladı
1402-07-28	Kirmasti (M.Kemalpaşa)	yerlesimler.js	GUN-MASKELI	kok+merkez	BAGIMSIZ	GERCEK-BAGIMSIZ	yer_id/merkez yolu kökten bağımsız kapatıyor	0	d	Kirmasti	 (Eskihisar), Gebze, Hereke, Samandira, Kirmasti (M.Kemalpasa), Mihalic (Karacabey), Kos	1402-07-28 Ankara Savaşı — Fetret Devri başladı
1402-07-28	Kite (Kete)	yerlesimler.js	GUN-MASKELI	kok+merkez	BAGIMSIZ	GERCEK-BAGIMSIZ	yer_id/merkez yolu kökten bağımsız kapatıyor	0	d	Kite	cahisar, Karacahisar, Yarhisar, Dimbos, Kite (Kete), Lefke (Osmaneli), Leblebicihisa	1402-07-28 Ankara Savaşı — Fetret Devri başladı
1402-07-28	Konurapa (Düzce)	yerlesimler.js	GUN-MASKELI	merkez	BAGIMSIZ	GERCEK-BAGIMSIZ	yer_id/merkez yolu kökten bağımsız kapatıyor	0		Ankara		1402-07-28 Ankara Savaşı — Fetret Devri başladı
1402-07-28	Konya	yerlesimler.js	GUN-MASKELI	kok	BUYUK-HARF	OKUNMADI	büyük harfli özel ad eşleşmesi — tek tek okunmadı	0	d	Konya	Manisa, Aydin, Denizli, Mugla, Antalya, Konya, Karaman, Kayseri, Kastamonu, Bartin, S	1402-07-28 Ankara Savaşı — Fetret Devri başladı
1402-07-28	Kulacahisar	yerlesimler.js	GUN-MASKELI	kok+merkez	BAGIMSIZ	GERCEK-BAGIMSIZ	yer_id/merkez yolu kökten bağımsız kapatıyor	0	d	Kulacahisar	mia), Plevne, Gumulcine, Biga, Domanic, Kulacahisar, Karacahisar, Yarhisar, Dimbos, Kite (K	1402-07-28 Ankara Savaşı — Fetret Devri başladı
1402-07-28	Köprühisar (Yenişehir)	yerlesimler.js	GUN-MASKELI	kok+merkez	BAGIMSIZ	GERCEK-BAGIMSIZ	yer_id/merkez yolu kökten bağımsız kapatıyor	0	d	Kopruhisar	r (Bursa), Inegol, Aydos Kalesi, Geyve, Kopruhisar (Yenisehir), Marmaracik, Akhisar (Pamuk	1402-07-28 Ankara Savaşı — Fetret Devri başladı
1402-07-28	Köstence	yerlesimler.js	GUN-MASKELI	kok	BUYUK-HARF	OKUNMADI	büyük harfli özel ad eşleşmesi — tek tek okunmadı	1	d	Kostence	sti (M.Kemalpasa), Mihalic (Karacabey), Kostence, Golyazi (Apollonia).	1402-07-28 Ankara Savaşı — Fetret Devri başladı
1402-07-28	Köstendil	yerlesimler.js	GUN-MASKELI	kok	BUYUK-HARF	OKUNMADI	büyük harfli özel ad eşleşmesi — tek tek okunmadı	0	d	Kostendil	Stara Zagora), Tatarpazarcigi, Ihtiman, Kostendil, Petric, Nevrokop (Gotse Delcev), Drama	1402-07-28 Ankara Savaşı — Fetret Devri başladı
1402-07-28	Kütahya	yerlesimler.js	GUN-MASKELI	kok	BUYUK-HARF	OKUNMADI	büyük harfli özel ad eşleşmesi — tek tek okunmadı	0	d	Kutahya	Datca, Marmaris, Fethiye (Makri), Soke, Kutahya, Afyon, Isparta, Manisa, Aydin, Denizli	1402-07-28 Ankara Savaşı — Fetret Devri başladı
1402-07-28	Kırklareli	yerlesimler.js	GUN-MASKELI	kok	BUYUK-HARF	OKUNMADI	büyük harfli özel ad eşleşmesi — tek tek okunmadı	0	d	Kirklareli	ama, Gelibolu, Cimpe, Edirne, Dimetoka, Kirklareli, Tekirdag, Filibe, Sofya, Nis, Vidin, T	1402-07-28 Ankara Savaşı — Fetret Devri başladı
1402-07-28	Kırşehir	yerlesimler.js	GUN-MASKELI	kok+merkez	BAGIMSIZ	GERCEK-BAGIMSIZ	yer_id/merkez yolu kökten bağımsız kapatıyor	0	d	Kirsehir	, Sivas, Malatya, Beysehir, Sivrihisar, Kirsehir, Corum, Cankiri, Yenisehir (Bursa), Ine	1402-07-28 Ankara Savaşı — Fetret Devri başladı
1402-07-28	Leblebicihisar	yerlesimler.js	GUN-MASKELI	kok+merkez	BAGIMSIZ	GERCEK-BAGIMSIZ	yer_id/merkez yolu kökten bağımsız kapatıyor	0	d	Leblebicihisar	 Dimbos, Kite (Kete), Lefke (Osmaneli), Leblebicihisar, Karacepus, Karatigin, Absu (Hypsu), Ad	1402-07-28 Ankara Savaşı — Fetret Devri başladı
1402-07-28	Lefke (Osmaneli)	yerlesimler.js	GUN-MASKELI	kok+merkez	BAGIMSIZ	GERCEK-BAGIMSIZ	yer_id/merkez yolu kökten bağımsız kapatıyor	0	d	Lefke	cahisar, Yarhisar, Dimbos, Kite (Kete), Lefke (Osmaneli), Leblebicihisar, Karacepus, 	1402-07-28 Ankara Savaşı — Fetret Devri başladı
1402-07-28	Lüleburgaz	yerlesimler.js	GUN-MASKELI	kok	BUYUK-HARF	OKUNMADI	büyük harfli özel ad eşleşmesi — tek tek okunmadı	0	d	Luleburgaz	nakkale, Bergama, Amasya, Tokat, Corlu, Luleburgaz, Malkara, Kesan, Ipsala, Kilitbahir, Ci	1402-07-28 Ankara Savaşı — Fetret Devri başladı
1402-07-28	Malatya	yerlesimler.js	GUN-MASKELI	kok	BUYUK-HARF	OKUNMADI	büyük harfli özel ad eşleşmesi — tek tek okunmadı	0	d	Malatya	onu, Bartin, Safranbolu, Samsun, Sivas, Malatya, Beysehir, Sivrihisar, Kirsehir, Corum,	1402-07-28 Ankara Savaşı — Fetret Devri başladı
1402-07-28	Malkara	yerlesimler.js	GUN-MASKELI	kok	BUYUK-HARF	OKUNMADI	büyük harfli özel ad eşleşmesi — tek tek okunmadı	0	d	Malkara	gama, Amasya, Tokat, Corlu, Luleburgaz, Malkara, Kesan, Ipsala, Kilitbahir, Cirmen, Esk	1402-07-28 Ankara Savaşı — Fetret Devri başladı
1402-07-28	Manastır	yerlesimler.js	GUN-MASKELI	kok	BUYUK-HARF	OKUNMADI	büyük harfli özel ad eşleşmesi — tek tek okunmadı	0	d	Manastir	 Ruscuk, Selanik, Serez, Kavala, Uskup, Manastir, Ohri, Yenisehir (Larissa), Tirhala, Iz	1402-07-28 Ankara Savaşı — Fetret Devri başladı
1402-07-28	Manisa	yerlesimler.js	GUN-MASKELI	kok+yer_id	BAGIMSIZ	GERCEK-BAGIMSIZ	yer_id/merkez yolu kökten bağımsız kapatıyor	0	d	Manisa	(Makri), Soke, Kutahya, Afyon, Isparta, Manisa, Aydin, Denizli, Mugla, Antalya, Konya,	1402-07-28 Ankara Savaşı — Fetret Devri başladı
1402-07-28	Marmaracık	yerlesimler.js	GUN-MASKELI	kok+merkez	BAGIMSIZ	GERCEK-BAGIMSIZ	yer_id/merkez yolu kökten bağımsız kapatıyor	0	d	Marmaracik	 Kalesi, Geyve, Kopruhisar (Yenisehir), Marmaracik, Akhisar (Pamukova), Mekece, Kestel, Ul	1402-07-28 Ankara Savaşı — Fetret Devri başladı
1402-07-28	Marmaris	yerlesimler.js	GUN-MASKELI	kok	BUYUK-HARF	OKUNMADI	büyük harfli özel ad eşleşmesi — tek tek okunmadı	0	d	Marmaris	e elden cikan diger yerlesimler: Datca, Marmaris, Fethiye (Makri), Soke, Kutahya, Afyon,	1402-07-28 Ankara Savaşı — Fetret Devri başladı
1402-07-28	Mekece	yerlesimler.js	GUN-MASKELI	kok+merkez	BAGIMSIZ	GERCEK-BAGIMSIZ	yer_id/merkez yolu kökten bağımsız kapatıyor	0	d	Mekece	sehir), Marmaracik, Akhisar (Pamukova), Mekece, Kestel, Ulubat, Harmankaya, Akyazi, Im	1402-07-28 Ankara Savaşı — Fetret Devri başladı
1402-07-28	Mihaliç (Karacabey)	yerlesimler.js	GUN-MASKELI	kok+merkez	BAGIMSIZ	GERCEK-BAGIMSIZ	yer_id/merkez yolu kökten bağımsız kapatıyor	0	d	Mihalic	eke, Samandira, Kirmasti (M.Kemalpasa), Mihalic (Karacabey), Kostence, Golyazi (Apollon	1402-07-28 Ankara Savaşı — Fetret Devri başladı
1402-07-28	Mudanya	yerlesimler.js	GUN-MASKELI	kok+merkez	BAGIMSIZ	GERCEK-BAGIMSIZ	yer_id/merkez yolu kökten bağımsız kapatıyor	0	d	Mudanya	mankaya, Akyazi, Imrali Adasi, Kandira, Mudanya, Yalova, Karamursel, Armutlu, Gemlik (K	1402-07-28 Ankara Savaşı — Fetret Devri başladı
1402-07-28	Mudurnu	yerlesimler.js	GUN-MASKELI	merkez	BAGIMSIZ	GERCEK-BAGIMSIZ	yer_id/merkez yolu kökten bağımsız kapatıyor	0		Ankara		1402-07-28 Ankara Savaşı — Fetret Devri başladı
1402-07-28	Muğla	yerlesimler.js	GUN-MASKELI	kok	BUYUK-HARF	OKUNMADI	büyük harfli özel ad eşleşmesi — tek tek okunmadı	0	d	Mugla	Afyon, Isparta, Manisa, Aydin, Denizli, Mugla, Antalya, Konya, Karaman, Kayseri, Kast	1402-07-28 Ankara Savaşı — Fetret Devri başladı
1402-07-28	Nevrokop (Gotse Delçev)	yerlesimler.js	GUN-MASKELI	kok	BUYUK-HARF	OKUNMADI	büyük harfli özel ad eşleşmesi — tek tek okunmadı	0	d	Nevrokop	rpazarcigi, Ihtiman, Kostendil, Petric, Nevrokop (Gotse Delcev), Drama, Gelibolu, Cimpe,	1402-07-28 Ankara Savaşı — Fetret Devri başladı
1402-07-28	Niğbolu	yerlesimler.js	GUN-MASKELI	kok	BUYUK-HARF	OKUNMADI	büyük harfli özel ad eşleşmesi — tek tek okunmadı	0	d	Nigbolu	Vidin, Tirnova, Varna, Sumnu, Silistre, Nigbolu, Ruscuk, Selanik, Serez, Kavala, Uskup,	1402-07-28 Ankara Savaşı — Fetret Devri başladı
1402-07-28	Niş	yerlesimler.js	GUN-MASKELI	kok	BUYUK-HARF	OKUNMADI	büyük harfli özel ad eşleşmesi — tek tek okunmadı	0	d	Nis	a, Kirklareli, Tekirdag, Filibe, Sofya, Nis, Vidin, Tirnova, Varna, Sumnu, Silistre	1402-07-28 Ankara Savaşı — Fetret Devri başladı
1402-07-28	Ohri	yerlesimler.js	GUN-MASKELI	kok	BUYUK-HARF	OKUNMADI	büyük harfli özel ad eşleşmesi — tek tek okunmadı	0	d	Ohri	elanik, Serez, Kavala, Uskup, Manastir, Ohri, Yenisehir (Larissa), Tirhala, Izdin (L	1402-07-28 Ankara Savaşı — Fetret Devri başladı
1402-07-28	Pazaryeri	yerlesimler.js	GUN-MASKELI	merkez	BAGIMSIZ	GERCEK-BAGIMSIZ	yer_id/merkez yolu kökten bağımsız kapatıyor	0		Bursa		1402-08-20 Emîr Süleyman devlet hazinesiyle Rumeli'ye kaçtı
1402-07-28	Pelekanon (Eskihisar)	yerlesimler.js	GUN-MASKELI	kok	BUYUK-HARF	OKUNMADI	büyük harfli özel ad eşleşmesi — tek tek okunmadı	0	d	Pelekanon	igin, Absu (Hypsu), Adranos (Orhaneli), Pelekanon (Eskihisar), Gebze, Hereke, Samandira, 	1402-07-28 Ankara Savaşı — Fetret Devri başladı
1402-07-28	Petriç	yerlesimler.js	GUN-MASKELI	kok	BUYUK-HARF	OKUNMADI	büyük harfli özel ad eşleşmesi — tek tek okunmadı	0	d	Petric	a), Tatarpazarcigi, Ihtiman, Kostendil, Petric, Nevrokop (Gotse Delcev), Drama, Gelibo	1402-07-28 Ankara Savaşı — Fetret Devri başladı
1402-07-28	Plevne	yerlesimler.js	GUN-MASKELI	kok	BUYUK-HARF	OKUNMADI	büyük harfli özel ad eşleşmesi — tek tek okunmadı	0	d	Plevne	ehir (Larissa), Tirhala, Izdin (Lamia), Plevne, Gumulcine, Biga, Domanic, Kulacahisar,	1402-07-28 Ankara Savaşı — Fetret Devri başladı
1402-07-28	Rusçuk	yerlesimler.js	GUN-MASKELI	kok+merkez	BAGIMSIZ	GERCEK-BAGIMSIZ	yer_id/merkez yolu kökten bağımsız kapatıyor	0	d	Ruscuk	rnova, Varna, Sumnu, Silistre, Nigbolu, Ruscuk, Selanik, Serez, Kavala, Uskup, Manasti	1402-07-28 Ankara Savaşı — Fetret Devri başladı
1402-07-28	Safranbolu	yerlesimler.js	GUN-MASKELI	kok+merkez	BAGIMSIZ	GERCEK-BAGIMSIZ	yer_id/merkez yolu kökten bağımsız kapatıyor	0	d	Safranbolu	a, Karaman, Kayseri, Kastamonu, Bartin, Safranbolu, Samsun, Sivas, Malatya, Beysehir, Sivr	1402-07-28 Ankara Savaşı — Fetret Devri başladı
1402-07-28	Samandıra	yerlesimler.js	GUN-MASKELI	kok	BUYUK-HARF	OKUNMADI	büyük harfli özel ad eşleşmesi — tek tek okunmadı	0	d	Samandira	, Pelekanon (Eskihisar), Gebze, Hereke, Samandira, Kirmasti (M.Kemalpasa), Mihalic (Karac	1402-07-28 Ankara Savaşı — Fetret Devri başladı
1402-07-28	Samsun	yerlesimler.js	GUN-MASKELI	kok	BUYUK-HARF	OKUNMADI	büyük harfli özel ad eşleşmesi — tek tek okunmadı	0	d	Samsun	Kayseri, Kastamonu, Bartin, Safranbolu, Samsun, Sivas, Malatya, Beysehir, Sivrihisar, 	1402-07-28 Ankara Savaşı — Fetret Devri başladı
1402-07-28	Selanik	yerlesimler.js	GUN-MASKELI	kok	BUYUK-HARF	OKUNMADI	büyük harfli özel ad eşleşmesi — tek tek okunmadı	0	d	Selanik	arna, Sumnu, Silistre, Nigbolu, Ruscuk, Selanik, Serez, Kavala, Uskup, Manastir, Ohri, 	1402-07-28 Ankara Savaşı — Fetret Devri başladı
1402-07-28	Serez	yerlesimler.js	GUN-MASKELI	kok	BUYUK-HARF	OKUNMADI	büyük harfli özel ad eşleşmesi — tek tek okunmadı	0	d	Serez	nu, Silistre, Nigbolu, Ruscuk, Selanik, Serez, Kavala, Uskup, Manastir, Ohri, Yeniseh	1402-07-28 Ankara Savaşı — Fetret Devri başladı
1402-07-28	Silistre	yerlesimler.js	GUN-MASKELI	kok+yer_id	BAGIMSIZ	GERCEK-BAGIMSIZ	yer_id/merkez yolu kökten bağımsız kapatıyor	1	d	Silistre	fya, Nis, Vidin, Tirnova, Varna, Sumnu, Silistre, Nigbolu, Ruscuk, Selanik, Serez, Kaval	1402-07-28 Ankara Savaşı — Fetret Devri başladı
1402-07-28	Sivas	yerlesimler.js	GUN-MASKELI	kok	BUYUK-HARF	OKUNMADI	büyük harfli özel ad eşleşmesi — tek tek okunmadı	0	d	Sivas	 Kastamonu, Bartin, Safranbolu, Samsun, Sivas, Malatya, Beysehir, Sivrihisar, Kirsehi	1402-07-28 Ankara Savaşı — Fetret Devri başladı
1402-07-28	Sivrihisar	yerlesimler.js	GUN-MASKELI	kok+merkez	BAGIMSIZ	GERCEK-BAGIMSIZ	yer_id/merkez yolu kökten bağımsız kapatıyor	0	d	Sivrihisar	bolu, Samsun, Sivas, Malatya, Beysehir, Sivrihisar, Kirsehir, Corum, Cankiri, Yenisehir (B	1402-07-28 Ankara Savaşı — Fetret Devri başladı
1402-07-28	Sofya	yerlesimler.js	GUN-MASKELI	kok	BUYUK-HARF	OKUNMADI	büyük harfli özel ad eşleşmesi — tek tek okunmadı	0	d	Sofya	Dimetoka, Kirklareli, Tekirdag, Filibe, Sofya, Nis, Vidin, Tirnova, Varna, Sumnu, Sil	1402-07-28 Ankara Savaşı — Fetret Devri başladı
1402-07-28	Söke	yerlesimler.js	GUN-MASKELI	kok	BUYUK-HARF	OKUNMADI	büyük harfli özel ad eşleşmesi — tek tek okunmadı	0	d	Soke	mler: Datca, Marmaris, Fethiye (Makri), Soke, Kutahya, Afyon, Isparta, Manisa, Aydin	1402-07-28 Ankara Savaşı — Fetret Devri başladı
1402-07-28	Söğüt	yerlesimler.js	GUN-MASKELI	kok+merkez	BAGIMSIZ	GERCEK-BAGIMSIZ	yer_id/merkez yolu kökten bağımsız kapatıyor	0	d	Sogut	va, Karamursel, Armutlu, Gemlik (Kios), Sogut, Bilecik, Eskisehir, Bursa, Iznik, Izmi	1402-07-28 Ankara Savaşı — Fetret Devri başladı
1402-07-28	Tatarpazarcığı	yerlesimler.js	GUN-MASKELI	kok	BUYUK-HARF	OKUNMADI	büyük harfli özel ad eşleşmesi — tek tek okunmadı	0	d	Tatarpazarcigi	hir, Cirmen, Eski Zagra (Stara Zagora), Tatarpazarcigi, Ihtiman, Kostendil, Petric, Nevrokop (	1402-07-28 Ankara Savaşı — Fetret Devri başladı
1402-07-28	Tekirdağ	yerlesimler.js	GUN-MASKELI	kok	BUYUK-HARF	OKUNMADI	büyük harfli özel ad eşleşmesi — tek tek okunmadı	0	d	Tekirdag	u, Cimpe, Edirne, Dimetoka, Kirklareli, Tekirdag, Filibe, Sofya, Nis, Vidin, Tirnova, Va	1402-07-28 Ankara Savaşı — Fetret Devri başladı
1402-07-28	Tokat	yerlesimler.js	GUN-MASKELI	kok	BUYUK-HARF	OKUNMADI	büyük harfli özel ad eşleşmesi — tek tek okunmadı	0	d	Tokat	 Balikesir, Canakkale, Bergama, Amasya, Tokat, Corlu, Luleburgaz, Malkara, Kesan, Ips	1402-07-28 Ankara Savaşı — Fetret Devri başladı
1402-07-28	Tırhala	yerlesimler.js	GUN-MASKELI	kok	BUYUK-HARF	OKUNMADI	büyük harfli özel ad eşleşmesi — tek tek okunmadı	0	d	Tirhala	p, Manastir, Ohri, Yenisehir (Larissa), Tirhala, Izdin (Lamia), Plevne, Gumulcine, Biga	1402-07-28 Ankara Savaşı — Fetret Devri başladı
1402-07-28	Tırnova	yerlesimler.js	GUN-MASKELI	kok	BUYUK-HARF	OKUNMADI	büyük harfli özel ad eşleşmesi — tek tek okunmadı	0	d	Tirnova	i, Tekirdag, Filibe, Sofya, Nis, Vidin, Tirnova, Varna, Sumnu, Silistre, Nigbolu, Ruscu	1402-07-28 Ankara Savaşı — Fetret Devri başladı
1402-07-28	Ulubat	yerlesimler.js	GUN-MASKELI	kok+merkez	BAGIMSIZ	GERCEK-BAGIMSIZ	yer_id/merkez yolu kökten bağımsız kapatıyor	0	d	Ulubat	ik, Akhisar (Pamukova), Mekece, Kestel, Ulubat, Harmankaya, Akyazi, Imrali Adasi, Kand	1402-07-28 Ankara Savaşı — Fetret Devri başladı
1402-07-28	Varna	yerlesimler.js	GUN-MASKELI	kok+merkez	BAGIMSIZ	GERCEK-BAGIMSIZ	yer_id/merkez yolu kökten bağımsız kapatıyor	0	d	Varna	ag, Filibe, Sofya, Nis, Vidin, Tirnova, Varna, Sumnu, Silistre, Nigbolu, Ruscuk, Sela	1402-07-28 Ankara Savaşı — Fetret Devri başladı
1402-07-28	Vidin	yerlesimler.js	GUN-MASKELI	kok	BUYUK-HARF	OKUNMADI	büyük harfli özel ad eşleşmesi — tek tek okunmadı	0	d	Vidin	rklareli, Tekirdag, Filibe, Sofya, Nis, Vidin, Tirnova, Varna, Sumnu, Silistre, Nigbo	1402-07-28 Ankara Savaşı — Fetret Devri başladı
1402-07-28	Yalova	yerlesimler.js	GUN-MASKELI	kok+merkez	BAGIMSIZ	GERCEK-BAGIMSIZ	yer_id/merkez yolu kökten bağımsız kapatıyor	0	d	Yalova	Akyazi, Imrali Adasi, Kandira, Mudanya, Yalova, Karamursel, Armutlu, Gemlik (Kios), So	1402-07-28 Ankara Savaşı — Fetret Devri başladı
1402-07-28	Yarhisar	yerlesimler.js	GUN-MASKELI	kok+merkez	BAGIMSIZ	GERCEK-BAGIMSIZ	yer_id/merkez yolu kökten bağımsız kapatıyor	0	d	Yarhisar	iga, Domanic, Kulacahisar, Karacahisar, Yarhisar, Dimbos, Kite (Kete), Lefke (Osmaneli),	1402-07-28 Ankara Savaşı — Fetret Devri başladı
1402-07-28	Yenişehir (Bursa)	yerlesimler.js	GUN-MASKELI	kok+merkez	BAGIMSIZ	GERCEK-BAGIMSIZ	yer_id/merkez yolu kökten bağımsız kapatıyor	0	d	Yenisehir	, Sivrihisar, Kirsehir, Corum, Cankiri, Yenisehir (Bursa), Inegol, Aydos Kalesi, Geyve, K	1402-07-28 Ankara Savaşı — Fetret Devri başladı
1402-07-28	Yenişehir (Larissa)	yerlesimler.js	GUN-MASKELI	kok	BUYUK-HARF	OKUNMADI	büyük harfli özel ad eşleşmesi — tek tek okunmadı	0	d	Yenisehir	, Sivrihisar, Kirsehir, Corum, Cankiri, Yenisehir (Bursa), Inegol, Aydos Kalesi, Geyve, K	1402-07-28 Ankara Savaşı — Fetret Devri başladı
1402-07-28	Çanakkale	yerlesimler.js	GUN-MASKELI	kok+merkez	BAGIMSIZ	GERCEK-BAGIMSIZ	yer_id/merkez yolu kökten bağımsız kapatıyor	0	d	Canakkale	isehir, Bursa, Iznik, Izmit, Balikesir, Canakkale, Bergama, Amasya, Tokat, Corlu, Lulebur	1402-07-28 Ankara Savaşı — Fetret Devri başladı
1402-07-28	Çankırı	yerlesimler.js	GUN-MASKELI	kok+merkez	BAGIMSIZ	GERCEK-BAGIMSIZ	yer_id/merkez yolu kökten bağımsız kapatıyor	0	d	Cankiri	 Beysehir, Sivrihisar, Kirsehir, Corum, Cankiri, Yenisehir (Bursa), Inegol, Aydos Kales	1402-07-28 Ankara Savaşı — Fetret Devri başladı
1402-07-28	Çimpe	yerlesimler.js	GUN-MASKELI	kok	BUYUK-HARF	OKUNMADI	büyük harfli özel ad eşleşmesi — tek tek okunmadı	0	d	Cimpe	vrokop (Gotse Delcev), Drama, Gelibolu, Cimpe, Edirne, Dimetoka, Kirklareli, Tekirdag	1402-07-28 Ankara Savaşı — Fetret Devri başladı
1402-07-28	Çirmen	yerlesimler.js	GUN-MASKELI	kok	BUYUK-HARF	OKUNMADI	büyük harfli özel ad eşleşmesi — tek tek okunmadı	0	d	Cirmen	az, Malkara, Kesan, Ipsala, Kilitbahir, Cirmen, Eski Zagra (Stara Zagora), Tatarpazarc	1402-07-28 Ankara Savaşı — Fetret Devri başladı
1402-07-28	Çorlu	yerlesimler.js	GUN-MASKELI	kok	BUYUK-HARF	OKUNMADI	büyük harfli özel ad eşleşmesi — tek tek okunmadı	0	d	Corlu	sir, Canakkale, Bergama, Amasya, Tokat, Corlu, Luleburgaz, Malkara, Kesan, Ipsala, Ki	1402-07-28 Ankara Savaşı — Fetret Devri başladı
1402-07-28	Çorum	yerlesimler.js	GUN-MASKELI	kok+merkez	BAGIMSIZ	GERCEK-BAGIMSIZ	yer_id/merkez yolu kökten bağımsız kapatıyor	0	d	Corum	alatya, Beysehir, Sivrihisar, Kirsehir, Corum, Cankiri, Yenisehir (Bursa), Inegol, Ay	1402-07-28 Ankara Savaşı — Fetret Devri başladı
1402-07-28	Üsküp	yerlesimler.js	GUN-MASKELI	kok	BUYUK-HARF	OKUNMADI	büyük harfli özel ad eşleşmesi — tek tek okunmadı	0	d	Uskup	igbolu, Ruscuk, Selanik, Serez, Kavala, Uskup, Manastir, Ohri, Yenisehir (Larissa), T	1402-07-28 Ankara Savaşı — Fetret Devri başladı
1402-07-28	İhtiman	yerlesimler.js	GUN-MASKELI	kok	BUYUK-HARF	OKUNMADI	büyük harfli özel ad eşleşmesi — tek tek okunmadı	0	d	Ihtiman	i Zagra (Stara Zagora), Tatarpazarcigi, Ihtiman, Kostendil, Petric, Nevrokop (Gotse Del	1402-07-28 Ankara Savaşı — Fetret Devri başladı
1402-07-28	İmralı Adası	yerlesimler.js	GUN-MASKELI	kok+merkez	BAGIMSIZ	GERCEK-BAGIMSIZ	yer_id/merkez yolu kökten bağımsız kapatıyor	0	d	Imrali Adasi	ce, Kestel, Ulubat, Harmankaya, Akyazi, Imrali Adasi, Kandira, Mudanya, Yalova, Karamursel, 	1402-07-28 Ankara Savaşı — Fetret Devri başladı
1402-07-28	İnegöl	yerlesimler.js	GUN-MASKELI	kok+merkez	BAGIMSIZ	GERCEK-BAGIMSIZ	yer_id/merkez yolu kökten bağımsız kapatıyor	0	d	Inegol	hir, Corum, Cankiri, Yenisehir (Bursa), Inegol, Aydos Kalesi, Geyve, Kopruhisar (Yenis	1402-07-28 Ankara Savaşı — Fetret Devri başladı
1402-07-28	İpsala	yerlesimler.js	GUN-MASKELI	kok	BUYUK-HARF	OKUNMADI	büyük harfli özel ad eşleşmesi — tek tek okunmadı	0	d	Ipsala	kat, Corlu, Luleburgaz, Malkara, Kesan, Ipsala, Kilitbahir, Cirmen, Eski Zagra (Stara 	1402-07-28 Ankara Savaşı — Fetret Devri başladı
1402-07-28	İshakçı (Isaccea)	yerlesimler_ek29.js	GUN-MASKELI	kok	BUYUK-HARF	OKUNMADI	büyük harfli özel ad eşleşmesi — tek tek okunmadı	1	b	Ishakci	en aldi - Silistre, Kostence, Babadagi, Ishakci Dobruca (Silistre, Kostence, Babadagi, 	1402-07-28 Ankara bozgununun ardından Eflak Voyvodası Mircea Dobruca'yı yeniden a
1402-07-28	İzdin (Lamia)	yerlesimler.js	GUN-MASKELI	kok	BUYUK-HARF	OKUNMADI	büyük harfli özel ad eşleşmesi — tek tek okunmadı	0	d	Izdin	ir, Ohri, Yenisehir (Larissa), Tirhala, Izdin (Lamia), Plevne, Gumulcine, Biga, Doman	1402-07-28 Ankara Savaşı — Fetret Devri başladı
1402-07-28	İzmit	yerlesimler.js	GUN-MASKELI	kok	BUYUK-HARF	OKUNMADI	büyük harfli özel ad eşleşmesi — tek tek okunmadı	0	d	Izmit	ogut, Bilecik, Eskisehir, Bursa, Iznik, Izmit, Balikesir, Canakkale, Bergama, Amasya,	1402-07-28 Ankara Savaşı — Fetret Devri başladı
1402-07-28	İznik	yerlesimler.js	GUN-MASKELI	kok+merkez	BAGIMSIZ	GERCEK-BAGIMSIZ	yer_id/merkez yolu kökten bağımsız kapatıyor	0	d	Iznik	ios), Sogut, Bilecik, Eskisehir, Bursa, Iznik, Izmit, Balikesir, Canakkale, Bergama, 	1402-07-28 Ankara Savaşı — Fetret Devri başladı
1402-07-28	Şumnu	yerlesimler.js	GUN-MASKELI	kok+merkez	BAGIMSIZ	GERCEK-BAGIMSIZ	yer_id/merkez yolu kökten bağımsız kapatıyor	0	d	Sumnu	ibe, Sofya, Nis, Vidin, Tirnova, Varna, Sumnu, Silistre, Nigbolu, Ruscuk, Selanik, Se	1402-07-28 Ankara Savaşı — Fetret Devri başladı
1402-08-17	Manisa	yerlesimler.js	GUN-KAPALI	kok+yer_id	BAGIMSIZ	GERCEK-BAGIMSIZ	yer_id/merkez yolu kökten bağımsız kapatıyor	1	d	Manisa	(Makri), Soke, Kutahya, Afyon, Isparta, Manisa, Aydin, Denizli, Mugla, Antalya, Konya,	1402-07-28 Ankara Savaşı — Fetret Devri başladı
1402-09-15	Aydın	yerlesimler.js	GUN-MASKELI	kok	BUYUK-HARF	GERCEK-OKUNDU	bağlam elle okundu (bayraklı ya da kısa/eşsesli kök)	0	yer	Aydin	Turk birligi dagildi Karaman, Germiyan, Aydin, Mentese, Teke, Candar topraklari Timur	1402-09-15 Timur Anadolu beyliklerini yeniden kurdu — Türk birliği dağıldı
1402-09-15	Karaman	yerlesimler.js	GUN-MASKELI	yer_id	BAGIMSIZ	GERCEK-BAGIMSIZ	yer_id/merkez yolu kökten bağımsız kapatıyor	0				1402-09-15 Timur Anadolu beyliklerini yeniden kurdu — Türk birliği dağıldı
1402-09-15	Karapınar	yerlesimler_ek29.js	GUN-MASKELI	merkez	BAGIMSIZ	GERCEK-BAGIMSIZ	yer_id/merkez yolu kökten bağımsız kapatıyor	0		Karaman		1402-09-15 Timur Anadolu beyliklerini yeniden kurdu — Türk birliği dağıldı
1402-09-15	Kayseri	yerlesimler.js	GUN-MASKELI	kok	BUYUK-HARF	OKUNMADI	büyük harfli özel ad eşleşmesi — tek tek okunmadı	0	d	Kayseri	u Mehmed ve Ali beylere Karaman ili ile Kayseri, Kirsehir, Sivrihisar ve Beysehir; Germ	1402-09-15 Timur Anadolu beyliklerini yeniden kurdu — Türk birliği dağıldı
1402-09-15	Kütahya	yerlesimler.js	GUN-MASKELI	kok	BUYUK-HARF	OKUNMADI	büyük harfli özel ad eşleşmesi — tek tek okunmadı	0	d	Kutahya	 Beysehir; Germiyanoglu II. Yakub Bey'e Kutahya ve Germiyan ili; Candaroglu Isfendiyar 	1402-09-15 Timur Anadolu beyliklerini yeniden kurdu — Türk birliği dağıldı
1402-09-15	Kırşehir	yerlesimler.js	GUN-MASKELI	kok	BUYUK-HARF	OKUNMADI	büyük harfli özel ad eşleşmesi — tek tek okunmadı	0	d	Kirsehir	ve Ali beylere Karaman ili ile Kayseri, Kirsehir, Sivrihisar ve Beysehir; Germiyanoglu I	1402-09-15 Timur Anadolu beyliklerini yeniden kurdu — Türk birliği dağıldı
1402-09-15	Sivrihisar	yerlesimler.js	GUN-MASKELI	kok	BUYUK-HARF	OKUNMADI	büyük harfli özel ad eşleşmesi — tek tek okunmadı	0	d	Sivrihisar	lere Karaman ili ile Kayseri, Kirsehir, Sivrihisar ve Beysehir; Germiyanoglu II. Yakub Bey	1402-09-15 Timur Anadolu beyliklerini yeniden kurdu — Türk birliği dağıldı
1402-09-15	Çankırı	yerlesimler.js	GUN-MASKELI	kok	BUYUK-HARF	OKUNMADI	büyük harfli özel ad eşleşmesi — tek tek okunmadı	0	d	Cankiri	Bey'e Kastamonu-Sinop hattina ek olarak Cankiri ve Kalecik verildi. Aydin, Mentese ve T	1402-09-15 Timur Anadolu beyliklerini yeniden kurdu — Türk birliği dağıldı
1402-12-01	İzmir	yerlesimler.js	GUN-KAPALI	kok+yer_id	BAGIMSIZ	GERCEK-BAGIMSIZ	yer_id/merkez yolu kökten bağımsız kapatıyor	0	d	Izmir	i taraflarina cekilen Isa Celebi, Timur Izmir'deyken Bursa'yi ele gecirdi. Timur'un a	1402-12-20 Îsâ Çelebi Bursa'yı ele geçirdi — Anadolu payı doğdu
1403-06-01	Selanik	yerlesimler.js	GUN-KAPALI	kok+yer_id	BAGIMSIZ	GERCEK-BAGIMSIZ	yer_id/merkez yolu kökten bağımsız kapatıyor	1	b	Selanik	Suleyman Celebi - Bizans antlasmasi: Selanik'in iadesi Gelibolu Fetret'te Rumeli'ye 	1403-06-01 Süleyman Çelebi – Bizans antlaşması: Selanik'in iadesi
1403-09-01	Absu (Hypsu)	yerlesimler.js	GUN-KAPALI	merkez	BAGIMSIZ	GERCEK-BAGIMSIZ	yer_id/merkez yolu kökten bağımsız kapatıyor	1		Bursa		1403-09-01 Ulubat çarpışması — İsa Çelebi'nin yenilgisi
1403-09-01	Adranos (Orhaneli)	yerlesimler.js	GUN-KAPALI	merkez	BAGIMSIZ	GERCEK-BAGIMSIZ	yer_id/merkez yolu kökten bağımsız kapatıyor	1		Bursa		1403-09-01 Ulubat çarpışması — İsa Çelebi'nin yenilgisi
1403-09-01	Akhisar (Pamukova)	yerlesimler.js	GUN-KAPALI	merkez	BAGIMSIZ	GERCEK-BAGIMSIZ	yer_id/merkez yolu kökten bağımsız kapatıyor	1		Bursa		1403-09-01 Ulubat çarpışması — İsa Çelebi'nin yenilgisi
1403-09-01	Armutlu	yerlesimler.js	GUN-KAPALI	merkez	BAGIMSIZ	GERCEK-BAGIMSIZ	yer_id/merkez yolu kökten bağımsız kapatıyor	1		Bursa		1403-09-01 Ulubat çarpışması — İsa Çelebi'nin yenilgisi
1403-09-01	Aydos Kalesi	yerlesimler.js	GUN-KAPALI	merkez	BAGIMSIZ	GERCEK-BAGIMSIZ	yer_id/merkez yolu kökten bağımsız kapatıyor	1		Bursa		1403-09-01 Ulubat çarpışması — İsa Çelebi'nin yenilgisi
1403-09-01	Ayvalık	yerlesimler.js	GUN-KAPALI	merkez	BAGIMSIZ	GERCEK-BAGIMSIZ	yer_id/merkez yolu kökten bağımsız kapatıyor	1		Bursa		1403-09-01 Ulubat çarpışması — İsa Çelebi'nin yenilgisi
1403-09-01	Balıkesir	yerlesimler.js	GUN-KAPALI	merkez	BAGIMSIZ	GERCEK-BAGIMSIZ	yer_id/merkez yolu kökten bağımsız kapatıyor	1		Bursa		1403-09-01 Ulubat çarpışması — İsa Çelebi'nin yenilgisi
1403-09-01	Behramkale (Assos)	yerlesimler_ek23.js	GUN-KAPALI	merkez	BAGIMSIZ	GERCEK-BAGIMSIZ	yer_id/merkez yolu kökten bağımsız kapatıyor	1		Bursa		1403-09-01 Ulubat çarpışması — İsa Çelebi'nin yenilgisi
1403-09-01	Biga	yerlesimler.js	GUN-KAPALI	merkez	BAGIMSIZ	GERCEK-BAGIMSIZ	yer_id/merkez yolu kökten bağımsız kapatıyor	1		Bursa		1403-09-01 Ulubat çarpışması — İsa Çelebi'nin yenilgisi
1403-09-01	Bilecik	yerlesimler.js	GUN-KAPALI	merkez	BAGIMSIZ	GERCEK-BAGIMSIZ	yer_id/merkez yolu kökten bağımsız kapatıyor	1		Bursa		1403-09-01 Ulubat çarpışması — İsa Çelebi'nin yenilgisi
1403-09-01	Bozüyük	yerlesimler.js	GUN-KAPALI	merkez	BAGIMSIZ	GERCEK-BAGIMSIZ	yer_id/merkez yolu kökten bağımsız kapatıyor	1		Bursa		1403-09-01 Ulubat çarpışması — İsa Çelebi'nin yenilgisi
1403-09-01	Bursa	yerlesimler.js	GUN-KAPALI	kok	BUYUK-HARF	OKUNMADI	büyük harfli özel ad eşleşmesi — tek tek okunmadı	1	yer	Bursa	masi - Isa Celebi'nin yenilgisi Ulubat, Bursa Bursa'yi elinde tutan Isa Celebi, karde	1403-09-01 Ulubat çarpışması — İsa Çelebi'nin yenilgisi
1403-09-01	Dimbos	yerlesimler.js	GUN-KAPALI	merkez	BAGIMSIZ	GERCEK-BAGIMSIZ	yer_id/merkez yolu kökten bağımsız kapatıyor	1		Bursa		1403-09-01 Ulubat çarpışması — İsa Çelebi'nin yenilgisi
1403-09-01	Domaniç	yerlesimler.js	GUN-KAPALI	merkez	BAGIMSIZ	GERCEK-BAGIMSIZ	yer_id/merkez yolu kökten bağımsız kapatıyor	1		Bursa		1403-09-01 Ulubat çarpışması — İsa Çelebi'nin yenilgisi
1403-09-01	Edremit	yerlesimler.js	GUN-KAPALI	merkez	BAGIMSIZ	GERCEK-BAGIMSIZ	yer_id/merkez yolu kökten bağımsız kapatıyor	1		Bursa		1403-09-01 Ulubat çarpışması — İsa Çelebi'nin yenilgisi
1403-09-01	Erdek	yerlesimler.js	GUN-KAPALI	merkez	BAGIMSIZ	GERCEK-BAGIMSIZ	yer_id/merkez yolu kökten bağımsız kapatıyor	1		Bursa		1403-09-01 Ulubat çarpışması — İsa Çelebi'nin yenilgisi
1403-09-01	Ermeni Derbendi	yerlesimler.js	GUN-KAPALI	merkez	BAGIMSIZ	GERCEK-BAGIMSIZ	yer_id/merkez yolu kökten bağımsız kapatıyor	1		Bursa		1403-09-01 Ulubat çarpışması — İsa Çelebi'nin yenilgisi
1403-09-01	Gemlik (Kios)	yerlesimler.js	GUN-KAPALI	merkez	BAGIMSIZ	GERCEK-BAGIMSIZ	yer_id/merkez yolu kökten bağımsız kapatıyor	1		Bursa		1403-09-01 Ulubat çarpışması — İsa Çelebi'nin yenilgisi
1403-09-01	Geyve	yerlesimler.js	GUN-KAPALI	merkez	BAGIMSIZ	GERCEK-BAGIMSIZ	yer_id/merkez yolu kökten bağımsız kapatıyor	1		Bursa		1403-09-01 Ulubat çarpışması — İsa Çelebi'nin yenilgisi
1403-09-01	Gölyazı (Apollonia)	yerlesimler.js	GUN-KAPALI	merkez	BAGIMSIZ	GERCEK-BAGIMSIZ	yer_id/merkez yolu kökten bağımsız kapatıyor	1		Bursa		1403-09-01 Ulubat çarpışması — İsa Çelebi'nin yenilgisi
1403-09-01	Harmankaya	yerlesimler.js	GUN-KAPALI	merkez	BAGIMSIZ	GERCEK-BAGIMSIZ	yer_id/merkez yolu kökten bağımsız kapatıyor	1		Bursa		1403-09-01 Ulubat çarpışması — İsa Çelebi'nin yenilgisi
1403-09-01	Karamürsel	yerlesimler.js	GUN-KAPALI	merkez	BAGIMSIZ	GERCEK-BAGIMSIZ	yer_id/merkez yolu kökten bağımsız kapatıyor	1		Bursa		1403-09-01 Ulubat çarpışması — İsa Çelebi'nin yenilgisi
1403-09-01	Karatigin	yerlesimler.js	GUN-KAPALI	merkez	BAGIMSIZ	GERCEK-BAGIMSIZ	yer_id/merkez yolu kökten bağımsız kapatıyor	1		Bursa		1403-09-01 Ulubat çarpışması — İsa Çelebi'nin yenilgisi
1403-09-01	Karaçepüş	yerlesimler.js	GUN-KAPALI	merkez	BAGIMSIZ	GERCEK-BAGIMSIZ	yer_id/merkez yolu kökten bağımsız kapatıyor	1		Bursa		1403-09-01 Ulubat çarpışması — İsa Çelebi'nin yenilgisi
1403-09-01	Kestel	yerlesimler.js	GUN-KAPALI	merkez	BAGIMSIZ	GERCEK-BAGIMSIZ	yer_id/merkez yolu kökten bağımsız kapatıyor	1		Bursa		1403-09-01 Ulubat çarpışması — İsa Çelebi'nin yenilgisi
1403-09-01	Kirmasti (M.Kemalpaşa)	yerlesimler.js	GUN-KAPALI	merkez	BAGIMSIZ	GERCEK-BAGIMSIZ	yer_id/merkez yolu kökten bağımsız kapatıyor	1		Bursa		1403-09-01 Ulubat çarpışması — İsa Çelebi'nin yenilgisi
1403-09-01	Kite (Kete)	yerlesimler.js	GUN-KAPALI	merkez	BAGIMSIZ	GERCEK-BAGIMSIZ	yer_id/merkez yolu kökten bağımsız kapatıyor	1		Bursa		1403-09-01 Ulubat çarpışması — İsa Çelebi'nin yenilgisi
1403-09-01	Kulacahisar	yerlesimler.js	GUN-KAPALI	merkez	BAGIMSIZ	GERCEK-BAGIMSIZ	yer_id/merkez yolu kökten bağımsız kapatıyor	1		Bursa		1403-09-01 Ulubat çarpışması — İsa Çelebi'nin yenilgisi
1403-09-01	Köprühisar (Yenişehir)	yerlesimler.js	GUN-KAPALI	merkez	BAGIMSIZ	GERCEK-BAGIMSIZ	yer_id/merkez yolu kökten bağımsız kapatıyor	1		Bursa		1403-09-01 Ulubat çarpışması — İsa Çelebi'nin yenilgisi
1403-09-01	Leblebicihisar	yerlesimler.js	GUN-KAPALI	merkez	BAGIMSIZ	GERCEK-BAGIMSIZ	yer_id/merkez yolu kökten bağımsız kapatıyor	1		Bursa		1403-09-01 Ulubat çarpışması — İsa Çelebi'nin yenilgisi
1403-09-01	Lefke (Osmaneli)	yerlesimler.js	GUN-KAPALI	merkez	BAGIMSIZ	GERCEK-BAGIMSIZ	yer_id/merkez yolu kökten bağımsız kapatıyor	1		Bursa		1403-09-01 Ulubat çarpışması — İsa Çelebi'nin yenilgisi
1403-09-01	Marmaracık	yerlesimler.js	GUN-KAPALI	merkez	BAGIMSIZ	GERCEK-BAGIMSIZ	yer_id/merkez yolu kökten bağımsız kapatıyor	1		Bursa		1403-09-01 Ulubat çarpışması — İsa Çelebi'nin yenilgisi
1403-09-01	Mekece	yerlesimler.js	GUN-KAPALI	merkez	BAGIMSIZ	GERCEK-BAGIMSIZ	yer_id/merkez yolu kökten bağımsız kapatıyor	1		Bursa		1403-09-01 Ulubat çarpışması — İsa Çelebi'nin yenilgisi
1403-09-01	Mihaliç (Karacabey)	yerlesimler.js	GUN-KAPALI	merkez	BAGIMSIZ	GERCEK-BAGIMSIZ	yer_id/merkez yolu kökten bağımsız kapatıyor	1		Bursa		1403-09-01 Ulubat çarpışması — İsa Çelebi'nin yenilgisi
1403-09-01	Mudanya	yerlesimler.js	GUN-KAPALI	merkez	BAGIMSIZ	GERCEK-BAGIMSIZ	yer_id/merkez yolu kökten bağımsız kapatıyor	1		Bursa		1403-09-01 Ulubat çarpışması — İsa Çelebi'nin yenilgisi
1403-09-01	Pazaryeri	yerlesimler.js	GUN-KAPALI	merkez	BAGIMSIZ	GERCEK-BAGIMSIZ	yer_id/merkez yolu kökten bağımsız kapatıyor	1		Bursa		1403-09-01 Ulubat çarpışması — İsa Çelebi'nin yenilgisi
1403-09-01	Söğüt	yerlesimler.js	GUN-KAPALI	merkez	BAGIMSIZ	GERCEK-BAGIMSIZ	yer_id/merkez yolu kökten bağımsız kapatıyor	1		Bursa		1403-09-01 Ulubat çarpışması — İsa Çelebi'nin yenilgisi
1403-09-01	Ulubat	yerlesimler.js	GUN-KAPALI	yer_id	BAGIMSIZ	GERCEK-BAGIMSIZ	yer_id/merkez yolu kökten bağımsız kapatıyor	1				1403-09-01 Ulubat çarpışması — İsa Çelebi'nin yenilgisi
1403-09-01	Yalova	yerlesimler.js	GUN-KAPALI	merkez	BAGIMSIZ	GERCEK-BAGIMSIZ	yer_id/merkez yolu kökten bağımsız kapatıyor	1		Bursa		1403-09-01 Ulubat çarpışması — İsa Çelebi'nin yenilgisi
1403-09-01	Yarhisar	yerlesimler.js	GUN-KAPALI	merkez	BAGIMSIZ	GERCEK-BAGIMSIZ	yer_id/merkez yolu kökten bağımsız kapatıyor	1		Bursa		1403-09-01 Ulubat çarpışması — İsa Çelebi'nin yenilgisi
1403-09-01	Yenişehir (Bursa)	yerlesimler.js	GUN-KAPALI	merkez	BAGIMSIZ	GERCEK-BAGIMSIZ	yer_id/merkez yolu kökten bağımsız kapatıyor	1		Bursa		1403-09-01 Ulubat çarpışması — İsa Çelebi'nin yenilgisi
1403-09-01	Çanakkale	yerlesimler.js	GUN-KAPALI	merkez	BAGIMSIZ	GERCEK-BAGIMSIZ	yer_id/merkez yolu kökten bağımsız kapatıyor	1		Bursa		1403-09-01 Ulubat çarpışması — İsa Çelebi'nin yenilgisi
1403-09-01	İmralı Adası	yerlesimler.js	GUN-KAPALI	merkez	BAGIMSIZ	GERCEK-BAGIMSIZ	yer_id/merkez yolu kökten bağımsız kapatıyor	1		Bursa		1403-09-01 Ulubat çarpışması — İsa Çelebi'nin yenilgisi
1403-09-01	İnegöl	yerlesimler.js	GUN-KAPALI	merkez	BAGIMSIZ	GERCEK-BAGIMSIZ	yer_id/merkez yolu kökten bağımsız kapatıyor	1		Bursa		1403-09-01 Ulubat çarpışması — İsa Çelebi'nin yenilgisi
1403-09-01	İznik	yerlesimler.js	GUN-KAPALI	merkez	BAGIMSIZ	GERCEK-BAGIMSIZ	yer_id/merkez yolu kökten bağımsız kapatıyor	1		Bursa		1403-09-01 Ulubat çarpışması — İsa Çelebi'nin yenilgisi
1404-03-01	Absu (Hypsu)	yerlesimler.js	GUN-MASKELI	merkez	BAGIMSIZ	GERCEK-BAGIMSIZ	yer_id/merkez yolu kökten bağımsız kapatıyor	0		Bursa		1404-03-01 Emîr Süleyman Anadolu'ya geçti: Bursa ve Ankara onun eline geçti
1404-03-01	Adranos (Orhaneli)	yerlesimler.js	GUN-MASKELI	merkez	BAGIMSIZ	GERCEK-BAGIMSIZ	yer_id/merkez yolu kökten bağımsız kapatıyor	0		Bursa		1404-03-01 Emîr Süleyman Anadolu'ya geçti: Bursa ve Ankara onun eline geçti
1404-03-01	Akhisar (Pamukova)	yerlesimler.js	GUN-MASKELI	merkez	BAGIMSIZ	GERCEK-BAGIMSIZ	yer_id/merkez yolu kökten bağımsız kapatıyor	0		Bursa		1404-03-01 Emîr Süleyman Anadolu'ya geçti: Bursa ve Ankara onun eline geçti
1404-03-01	Ankara	yerlesimler.js	GUN-MASKELI	kok	BUYUK-HARF	OKUNMADI	büyük harfli özel ad eşleşmesi — tek tek okunmadı	0	b	Ankara	mir Suleyman Anadolu'ya gecti: Bursa ve Ankara onun eline gecti Bursa, Ankara, Karaden	1404-03-01 Emîr Süleyman Anadolu'ya geçti: Bursa ve Ankara onun eline geçti
1404-03-01	Armutlu	yerlesimler.js	GUN-MASKELI	merkez	BAGIMSIZ	GERCEK-BAGIMSIZ	yer_id/merkez yolu kökten bağımsız kapatıyor	0		Bursa		1404-03-01 Emîr Süleyman Anadolu'ya geçti: Bursa ve Ankara onun eline geçti
1404-03-01	Aydos Kalesi	yerlesimler.js	GUN-MASKELI	merkez	BAGIMSIZ	GERCEK-BAGIMSIZ	yer_id/merkez yolu kökten bağımsız kapatıyor	0		Bursa		1404-03-01 Emîr Süleyman Anadolu'ya geçti: Bursa ve Ankara onun eline geçti
1404-03-01	Ayvalık	yerlesimler.js	GUN-MASKELI	merkez	BAGIMSIZ	GERCEK-BAGIMSIZ	yer_id/merkez yolu kökten bağımsız kapatıyor	0		Bursa		1404-03-01 Emîr Süleyman Anadolu'ya geçti: Bursa ve Ankara onun eline geçti
1404-03-01	Balıkesir	yerlesimler.js	GUN-MASKELI	merkez	BAGIMSIZ	GERCEK-BAGIMSIZ	yer_id/merkez yolu kökten bağımsız kapatıyor	0		Bursa		1404-03-01 Emîr Süleyman Anadolu'ya geçti: Bursa ve Ankara onun eline geçti
1404-03-01	Behramkale (Assos)	yerlesimler_ek23.js	GUN-MASKELI	merkez	BAGIMSIZ	GERCEK-BAGIMSIZ	yer_id/merkez yolu kökten bağımsız kapatıyor	0		Bursa		1404-03-01 Emîr Süleyman Anadolu'ya geçti: Bursa ve Ankara onun eline geçti
1404-03-01	Biga	yerlesimler.js	GUN-MASKELI	merkez	BAGIMSIZ	GERCEK-BAGIMSIZ	yer_id/merkez yolu kökten bağımsız kapatıyor	0		Bursa		1404-03-01 Emîr Süleyman Anadolu'ya geçti: Bursa ve Ankara onun eline geçti
1404-03-01	Bilecik	yerlesimler.js	GUN-MASKELI	merkez	BAGIMSIZ	GERCEK-BAGIMSIZ	yer_id/merkez yolu kökten bağımsız kapatıyor	0		Bursa		1404-03-01 Emîr Süleyman Anadolu'ya geçti: Bursa ve Ankara onun eline geçti
1404-03-01	Bozüyük	yerlesimler.js	GUN-MASKELI	merkez	BAGIMSIZ	GERCEK-BAGIMSIZ	yer_id/merkez yolu kökten bağımsız kapatıyor	0		Bursa		1404-03-01 Emîr Süleyman Anadolu'ya geçti: Bursa ve Ankara onun eline geçti
1404-03-01	Bursa	yerlesimler.js	GUN-MASKELI	yer_id	BAGIMSIZ	GERCEK-BAGIMSIZ	yer_id/merkez yolu kökten bağımsız kapatıyor	0				1404-03-01 Emîr Süleyman Anadolu'ya geçti: Bursa ve Ankara onun eline geçti
1404-03-01	Dimbos	yerlesimler.js	GUN-MASKELI	merkez	BAGIMSIZ	GERCEK-BAGIMSIZ	yer_id/merkez yolu kökten bağımsız kapatıyor	0		Bursa		1404-03-01 Emîr Süleyman Anadolu'ya geçti: Bursa ve Ankara onun eline geçti
1404-03-01	Domaniç	yerlesimler.js	GUN-MASKELI	merkez	BAGIMSIZ	GERCEK-BAGIMSIZ	yer_id/merkez yolu kökten bağımsız kapatıyor	0		Bursa		1404-03-01 Emîr Süleyman Anadolu'ya geçti: Bursa ve Ankara onun eline geçti
1404-03-01	Edremit	yerlesimler.js	GUN-MASKELI	merkez	BAGIMSIZ	GERCEK-BAGIMSIZ	yer_id/merkez yolu kökten bağımsız kapatıyor	0		Bursa		1404-03-01 Emîr Süleyman Anadolu'ya geçti: Bursa ve Ankara onun eline geçti
1404-03-01	Erdek	yerlesimler.js	GUN-MASKELI	merkez	BAGIMSIZ	GERCEK-BAGIMSIZ	yer_id/merkez yolu kökten bağımsız kapatıyor	0		Bursa		1404-03-01 Emîr Süleyman Anadolu'ya geçti: Bursa ve Ankara onun eline geçti
1404-03-01	Ermeni Derbendi	yerlesimler.js	GUN-MASKELI	merkez	BAGIMSIZ	GERCEK-BAGIMSIZ	yer_id/merkez yolu kökten bağımsız kapatıyor	0		Bursa		1404-03-01 Emîr Süleyman Anadolu'ya geçti: Bursa ve Ankara onun eline geçti
1404-03-01	Gemlik (Kios)	yerlesimler.js	GUN-MASKELI	merkez	BAGIMSIZ	GERCEK-BAGIMSIZ	yer_id/merkez yolu kökten bağımsız kapatıyor	0		Bursa		1404-03-01 Emîr Süleyman Anadolu'ya geçti: Bursa ve Ankara onun eline geçti
1404-03-01	Geyve	yerlesimler.js	GUN-MASKELI	merkez	BAGIMSIZ	GERCEK-BAGIMSIZ	yer_id/merkez yolu kökten bağımsız kapatıyor	0		Bursa		1404-03-01 Emîr Süleyman Anadolu'ya geçti: Bursa ve Ankara onun eline geçti
1404-03-01	Gölyazı (Apollonia)	yerlesimler.js	GUN-MASKELI	merkez	BAGIMSIZ	GERCEK-BAGIMSIZ	yer_id/merkez yolu kökten bağımsız kapatıyor	0		Bursa		1404-03-01 Emîr Süleyman Anadolu'ya geçti: Bursa ve Ankara onun eline geçti
1404-03-01	Harmankaya	yerlesimler.js	GUN-MASKELI	merkez	BAGIMSIZ	GERCEK-BAGIMSIZ	yer_id/merkez yolu kökten bağımsız kapatıyor	0		Bursa		1404-03-01 Emîr Süleyman Anadolu'ya geçti: Bursa ve Ankara onun eline geçti
1404-03-01	Karamürsel	yerlesimler.js	GUN-MASKELI	merkez	BAGIMSIZ	GERCEK-BAGIMSIZ	yer_id/merkez yolu kökten bağımsız kapatıyor	0		Bursa		1404-03-01 Emîr Süleyman Anadolu'ya geçti: Bursa ve Ankara onun eline geçti
1404-03-01	Karatigin	yerlesimler.js	GUN-MASKELI	merkez	BAGIMSIZ	GERCEK-BAGIMSIZ	yer_id/merkez yolu kökten bağımsız kapatıyor	0		Bursa		1404-03-01 Emîr Süleyman Anadolu'ya geçti: Bursa ve Ankara onun eline geçti
1404-03-01	Karaçepüş	yerlesimler.js	GUN-MASKELI	merkez	BAGIMSIZ	GERCEK-BAGIMSIZ	yer_id/merkez yolu kökten bağımsız kapatıyor	0		Bursa		1404-03-01 Emîr Süleyman Anadolu'ya geçti: Bursa ve Ankara onun eline geçti
1404-03-01	Kestel	yerlesimler.js	GUN-MASKELI	merkez	BAGIMSIZ	GERCEK-BAGIMSIZ	yer_id/merkez yolu kökten bağımsız kapatıyor	0		Bursa		1404-03-01 Emîr Süleyman Anadolu'ya geçti: Bursa ve Ankara onun eline geçti
1404-03-01	Kirmasti (M.Kemalpaşa)	yerlesimler.js	GUN-MASKELI	merkez	BAGIMSIZ	GERCEK-BAGIMSIZ	yer_id/merkez yolu kökten bağımsız kapatıyor	0		Bursa		1404-03-01 Emîr Süleyman Anadolu'ya geçti: Bursa ve Ankara onun eline geçti
1404-03-01	Kite (Kete)	yerlesimler.js	GUN-MASKELI	merkez	BAGIMSIZ	GERCEK-BAGIMSIZ	yer_id/merkez yolu kökten bağımsız kapatıyor	0		Bursa		1404-03-01 Emîr Süleyman Anadolu'ya geçti: Bursa ve Ankara onun eline geçti
1404-03-01	Kulacahisar	yerlesimler.js	GUN-MASKELI	merkez	BAGIMSIZ	GERCEK-BAGIMSIZ	yer_id/merkez yolu kökten bağımsız kapatıyor	0		Bursa		1404-03-01 Emîr Süleyman Anadolu'ya geçti: Bursa ve Ankara onun eline geçti
1404-03-01	Köprühisar (Yenişehir)	yerlesimler.js	GUN-MASKELI	merkez	BAGIMSIZ	GERCEK-BAGIMSIZ	yer_id/merkez yolu kökten bağımsız kapatıyor	0		Bursa		1404-03-01 Emîr Süleyman Anadolu'ya geçti: Bursa ve Ankara onun eline geçti
1404-03-01	Leblebicihisar	yerlesimler.js	GUN-MASKELI	merkez	BAGIMSIZ	GERCEK-BAGIMSIZ	yer_id/merkez yolu kökten bağımsız kapatıyor	0		Bursa		1404-03-01 Emîr Süleyman Anadolu'ya geçti: Bursa ve Ankara onun eline geçti
1404-03-01	Lefke (Osmaneli)	yerlesimler.js	GUN-MASKELI	merkez	BAGIMSIZ	GERCEK-BAGIMSIZ	yer_id/merkez yolu kökten bağımsız kapatıyor	0		Bursa		1404-03-01 Emîr Süleyman Anadolu'ya geçti: Bursa ve Ankara onun eline geçti
1404-03-01	Marmaracık	yerlesimler.js	GUN-MASKELI	merkez	BAGIMSIZ	GERCEK-BAGIMSIZ	yer_id/merkez yolu kökten bağımsız kapatıyor	0		Bursa		1404-03-01 Emîr Süleyman Anadolu'ya geçti: Bursa ve Ankara onun eline geçti
1404-03-01	Mekece	yerlesimler.js	GUN-MASKELI	merkez	BAGIMSIZ	GERCEK-BAGIMSIZ	yer_id/merkez yolu kökten bağımsız kapatıyor	0		Bursa		1404-03-01 Emîr Süleyman Anadolu'ya geçti: Bursa ve Ankara onun eline geçti
1404-03-01	Mihaliç (Karacabey)	yerlesimler.js	GUN-MASKELI	merkez	BAGIMSIZ	GERCEK-BAGIMSIZ	yer_id/merkez yolu kökten bağımsız kapatıyor	0		Bursa		1404-03-01 Emîr Süleyman Anadolu'ya geçti: Bursa ve Ankara onun eline geçti
1404-03-01	Mudanya	yerlesimler.js	GUN-MASKELI	merkez	BAGIMSIZ	GERCEK-BAGIMSIZ	yer_id/merkez yolu kökten bağımsız kapatıyor	0		Bursa		1404-03-01 Emîr Süleyman Anadolu'ya geçti: Bursa ve Ankara onun eline geçti
1404-03-01	Pazaryeri	yerlesimler.js	GUN-MASKELI	merkez	BAGIMSIZ	GERCEK-BAGIMSIZ	yer_id/merkez yolu kökten bağımsız kapatıyor	0		Bursa		1404-03-01 Emîr Süleyman Anadolu'ya geçti: Bursa ve Ankara onun eline geçti
1404-03-01	Söğüt	yerlesimler.js	GUN-MASKELI	merkez	BAGIMSIZ	GERCEK-BAGIMSIZ	yer_id/merkez yolu kökten bağımsız kapatıyor	0		Bursa		1404-03-01 Emîr Süleyman Anadolu'ya geçti: Bursa ve Ankara onun eline geçti
1404-03-01	Ulubat	yerlesimler.js	GUN-MASKELI	merkez	BAGIMSIZ	GERCEK-BAGIMSIZ	yer_id/merkez yolu kökten bağımsız kapatıyor	0		Bursa		1404-03-01 Emîr Süleyman Anadolu'ya geçti: Bursa ve Ankara onun eline geçti
1404-03-01	Yalova	yerlesimler.js	GUN-MASKELI	merkez	BAGIMSIZ	GERCEK-BAGIMSIZ	yer_id/merkez yolu kökten bağımsız kapatıyor	0		Bursa		1404-03-01 Emîr Süleyman Anadolu'ya geçti: Bursa ve Ankara onun eline geçti
1404-03-01	Yarhisar	yerlesimler.js	GUN-MASKELI	merkez	BAGIMSIZ	GERCEK-BAGIMSIZ	yer_id/merkez yolu kökten bağımsız kapatıyor	0		Bursa		1404-03-01 Emîr Süleyman Anadolu'ya geçti: Bursa ve Ankara onun eline geçti
1404-03-01	Yenişehir (Bursa)	yerlesimler.js	GUN-MASKELI	merkez	BAGIMSIZ	GERCEK-BAGIMSIZ	yer_id/merkez yolu kökten bağımsız kapatıyor	0		Bursa		1404-03-01 Emîr Süleyman Anadolu'ya geçti: Bursa ve Ankara onun eline geçti
1404-03-01	Çanakkale	yerlesimler.js	GUN-MASKELI	merkez	BAGIMSIZ	GERCEK-BAGIMSIZ	yer_id/merkez yolu kökten bağımsız kapatıyor	0		Bursa		1404-03-01 Emîr Süleyman Anadolu'ya geçti: Bursa ve Ankara onun eline geçti
1404-03-01	İmralı Adası	yerlesimler.js	GUN-MASKELI	merkez	BAGIMSIZ	GERCEK-BAGIMSIZ	yer_id/merkez yolu kökten bağımsız kapatıyor	0		Bursa		1404-03-01 Emîr Süleyman Anadolu'ya geçti: Bursa ve Ankara onun eline geçti
1404-03-01	İnegöl	yerlesimler.js	GUN-MASKELI	merkez	BAGIMSIZ	GERCEK-BAGIMSIZ	yer_id/merkez yolu kökten bağımsız kapatıyor	0		Bursa		1404-03-01 Emîr Süleyman Anadolu'ya geçti: Bursa ve Ankara onun eline geçti
1404-03-01	İznik	yerlesimler.js	GUN-MASKELI	merkez	BAGIMSIZ	GERCEK-BAGIMSIZ	yer_id/merkez yolu kökten bağımsız kapatıyor	0		Bursa		1404-03-01 Emîr Süleyman Anadolu'ya geçti: Bursa ve Ankara onun eline geçti
1405-01-01	Agadez	yerlesimler.js	OCAK1	kok	BUYUK-HARF	GERCEK-OKUNDU	bağlam elle okundu (bayraklı ya da kısa/eşsesli kök)	1	b	Agadez	Agadez sultanligi kuruldu  Agadez sultanligi k	1405-01-01 Agadez sultanlığı kuruldu
1406-10-21	Ahar (Karadağ)	yerlesimler.js	GUN-MASKELI	merkez	BAGIMSIZ	GERCEK-BAGIMSIZ	yer_id/merkez yolu kökten bağımsız kapatıyor	1		Tebriz		1406-10-21 Kara Yusuf'un Tebriz ve Azerbaycan'ı Timurlulardan geri alması
1406-10-21	Beri	yerlesimler_sinir_kuzey.js	GUN-MASKELI	kok	KUCUK-HARF	SAHTE	'1351'den beri' — zaman edatı (küçük harf)	1	d	beri	akoyunlular maddesine gore bu, 1351'den beri Dogu Anadolu-Azerbaycan hattinda var ol	1406-10-21 Kara Yusuf'un Tebriz ve Azerbaycan'ı Timurlulardan geri alması
1406-10-21	Hoy	yerlesimler.js	GUN-MASKELI	merkez	BAGIMSIZ	GERCEK-BAGIMSIZ	yer_id/merkez yolu kökten bağımsız kapatıyor	1		Tebriz		1406-10-21 Kara Yusuf'un Tebriz ve Azerbaycan'ı Timurlulardan geri alması
1406-10-21	Miyâne	yerlesimler.js	GUN-MASKELI	merkez	BAGIMSIZ	GERCEK-BAGIMSIZ	yer_id/merkez yolu kökten bağımsız kapatıyor	1		Tebriz		1406-10-21 Kara Yusuf'un Tebriz ve Azerbaycan'ı Timurlulardan geri alması
1406-10-21	Sarâb	yerlesimler.js	GUN-MASKELI	merkez	BAGIMSIZ	GERCEK-BAGIMSIZ	yer_id/merkez yolu kökten bağımsız kapatıyor	1		Tebriz		1406-10-21 Kara Yusuf'un Tebriz ve Azerbaycan'ı Timurlulardan geri alması
1406-10-21	Tebriz	yerlesimler.js	GUN-MASKELI	yer_id	BAGIMSIZ	GERCEK-BAGIMSIZ	yer_id/merkez yolu kökten bağımsız kapatıyor	1				1406-10-21 Kara Yusuf'un Tebriz ve Azerbaycan'ı Timurlulardan geri alması
1408-01-01	Aşkale	yerlesimler_ek29.js	OCAK1	kok	BUYUK-HARF	GERCEK-OKUNDU	bağlam elle okundu (bayraklı ya da kısa/eşsesli kök)	1	b	Askale	Erzurum ve Askale bolgesi Karakoyunlu-Timurlu cekismesind	1408-01-01 Erzurum ve Aşkale bölgesi Karakoyunlu-Timurlu çekişmesinde el değiştir
1408-01-01	Erzurum	yerlesimler.js	OCAK1	yer_id	BAGIMSIZ	GERCEK-BAGIMSIZ	yer_id/merkez yolu kökten bağımsız kapatıyor	1				1408-01-01 Erzurum ve Aşkale bölgesi Karakoyunlu-Timurlu çekişmesinde el değiştir
1408-06-01	Sivas	yerlesimler.js	GUN-KAPALI	yer_id	BAGIMSIZ	GERCEK-BAGIMSIZ	yer_id/merkez yolu kökten bağımsız kapatıyor	1				1408-06-01 Çelebi Mehmed Sivas'ı Timurlu Mezid Bey'den geri aldı
1409-01-01	Mardin	yerlesimler.js	OCAK1	yer_id	BAGIMSIZ	GERCEK-BAGIMSIZ	yer_id/merkez yolu kökten bağımsız kapatıyor	0				1409-01-01 Artuklu hanedanının sonu: Mardin'in Karakoyunlulara teslimi
1409-01-01	Midyat	yerlesimler_ok107.js	OCAK1	merkez	BAGIMSIZ	GERCEK-BAGIMSIZ	yer_id/merkez yolu kökten bağımsız kapatıyor	0		Mardin		1409-01-01 Artuklu hanedanının sonu: Mardin'in Karakoyunlulara teslimi
1410-01-01	Erzincan	yerlesimler.js	OCAK1	yer_id	BAGIMSIZ	GERCEK-BAGIMSIZ	yer_id/merkez yolu kökten bağımsız kapatıyor	1				1410-01-01 Erzincan Karakoyunlu hâkimiyetine girdi
1410-01-01	Kelkit	yerlesimler_ek29.js	OCAK1	merkez	BAGIMSIZ	GERCEK-BAGIMSIZ	yer_id/merkez yolu kökten bağımsız kapatıyor	0		Erzincan		1410-01-01 Erzincan Karakoyunlu hâkimiyetine girdi
1410-02-13	Bolayır	yerlesimler.js	GUN-KAPALI	merkez	BAGIMSIZ	GERCEK-BAGIMSIZ	yer_id/merkez yolu kökten bağımsız kapatıyor	1		Edirne		1410-02-13 Yanbolu Savaşı — Mûsâ Çelebi Edirne'ye girdi
1410-02-13	Dedeağaç (Alexandroupoli)	yerlesimler_ek24.js	GUN-KAPALI	merkez	BAGIMSIZ	GERCEK-BAGIMSIZ	yer_id/merkez yolu kökten bağımsız kapatıyor	1		Edirne		1410-02-13 Yanbolu Savaşı — Mûsâ Çelebi Edirne'ye girdi
1410-02-13	Demirköy	yerlesimler_ek24.js	GUN-KAPALI	merkez	BAGIMSIZ	GERCEK-BAGIMSIZ	yer_id/merkez yolu kökten bağımsız kapatıyor	1		Edirne		1410-02-13 Yanbolu Savaşı — Mûsâ Çelebi Edirne'ye girdi
1410-02-13	Dereköy (Kırklareli)	yerlesimler_ek24.js	GUN-KAPALI	merkez	BAGIMSIZ	GERCEK-BAGIMSIZ	yer_id/merkez yolu kökten bağımsız kapatıyor	1		Edirne		1410-02-13 Yanbolu Savaşı — Mûsâ Çelebi Edirne'ye girdi
1410-02-13	Dimetoka	yerlesimler.js	GUN-KAPALI	merkez	BAGIMSIZ	GERCEK-BAGIMSIZ	yer_id/merkez yolu kökten bağımsız kapatıyor	1		Edirne		1410-02-13 Yanbolu Savaşı — Mûsâ Çelebi Edirne'ye girdi
1410-02-13	Edirne	yerlesimler.js	GUN-KAPALI	kok	BUYUK-HARF	GERCEK-OKUNDU	bağlam elle okundu (bayraklı ya da kısa/eşsesli kök)	1	b	Edirne	Yanbolu Savasi - Musa Celebi Edirne'ye girdi Yanbolu (Yambol), Trakya Eflak	1410-02-13 Yanbolu Savaşı — Mûsâ Çelebi Edirne'ye girdi
1410-02-13	Elhova (Elhovo)	yerlesimler_ek24.js	GUN-KAPALI	merkez	BAGIMSIZ	GERCEK-BAGIMSIZ	yer_id/merkez yolu kökten bağımsız kapatıyor	1		Edirne		1410-02-13 Yanbolu Savaşı — Mûsâ Çelebi Edirne'ye girdi
1410-02-13	Ferecik (Feres)	yerlesimler.js	GUN-KAPALI	merkez	BAGIMSIZ	GERCEK-BAGIMSIZ	yer_id/merkez yolu kökten bağımsız kapatıyor	1		Edirne		1410-02-13 Yanbolu Savaşı — Mûsâ Çelebi Edirne'ye girdi
1410-02-13	Gelibolu	yerlesimler.js	GUN-KAPALI	merkez	BAGIMSIZ	GERCEK-BAGIMSIZ	yer_id/merkez yolu kökten bağımsız kapatıyor	1		Edirne		1410-02-13 Yanbolu Savaşı — Mûsâ Çelebi Edirne'ye girdi
1410-02-13	Gümülcine	yerlesimler.js	GUN-KAPALI	merkez	BAGIMSIZ	GERCEK-BAGIMSIZ	yer_id/merkez yolu kökten bağımsız kapatıyor	1		Edirne		1410-02-13 Yanbolu Savaşı — Mûsâ Çelebi Edirne'ye girdi
1410-02-13	Havsa	yerlesimler_ek24.js	GUN-KAPALI	merkez	BAGIMSIZ	GERCEK-BAGIMSIZ	yer_id/merkez yolu kökten bağımsız kapatıyor	1		Edirne		1410-02-13 Yanbolu Savaşı — Mûsâ Çelebi Edirne'ye girdi
1410-02-13	Keşan	yerlesimler.js	GUN-KAPALI	merkez	BAGIMSIZ	GERCEK-BAGIMSIZ	yer_id/merkez yolu kökten bağımsız kapatıyor	1		Edirne		1410-02-13 Yanbolu Savaşı — Mûsâ Çelebi Edirne'ye girdi
1410-02-13	Kofçaz	yerlesimler_ek24.js	GUN-KAPALI	merkez	BAGIMSIZ	GERCEK-BAGIMSIZ	yer_id/merkez yolu kökten bağımsız kapatıyor	1		Edirne		1410-02-13 Yanbolu Savaşı — Mûsâ Çelebi Edirne'ye girdi
1410-02-13	Kırklareli	yerlesimler.js	GUN-KAPALI	merkez	BAGIMSIZ	GERCEK-BAGIMSIZ	yer_id/merkez yolu kökten bağımsız kapatıyor	1		Edirne		1410-02-13 Yanbolu Savaşı — Mûsâ Çelebi Edirne'ye girdi
1410-02-13	Lalapaşa	yerlesimler_ek24.js	GUN-KAPALI	merkez	BAGIMSIZ	GERCEK-BAGIMSIZ	yer_id/merkez yolu kökten bağımsız kapatıyor	1		Edirne		1410-02-13 Yanbolu Savaşı — Mûsâ Çelebi Edirne'ye girdi
1410-02-13	Lüleburgaz	yerlesimler.js	GUN-KAPALI	merkez	BAGIMSIZ	GERCEK-BAGIMSIZ	yer_id/merkez yolu kökten bağımsız kapatıyor	1		Edirne		1410-02-13 Yanbolu Savaşı — Mûsâ Çelebi Edirne'ye girdi
1410-02-13	Malkara	yerlesimler.js	GUN-KAPALI	merkez	BAGIMSIZ	GERCEK-BAGIMSIZ	yer_id/merkez yolu kökten bağımsız kapatıyor	1		Edirne		1410-02-13 Yanbolu Savaşı — Mûsâ Çelebi Edirne'ye girdi
1410-02-13	Malko Tırnova	yerlesimler_ek24.js	GUN-KAPALI	merkez	BAGIMSIZ	GERCEK-BAGIMSIZ	yer_id/merkez yolu kökten bağımsız kapatıyor	1		Edirne		1410-02-13 Yanbolu Savaşı — Mûsâ Çelebi Edirne'ye girdi
1410-02-13	Maydos (Eceabat)	yerlesimler.js	GUN-KAPALI	merkez	BAGIMSIZ	GERCEK-BAGIMSIZ	yer_id/merkez yolu kökten bağımsız kapatıyor	1		Edirne		1410-02-13 Yanbolu Savaşı — Mûsâ Çelebi Edirne'ye girdi
1410-02-13	Meriç (İpsala kuzeyi)	yerlesimler_ek24.js	GUN-KAPALI	merkez	BAGIMSIZ	GERCEK-BAGIMSIZ	yer_id/merkez yolu kökten bağımsız kapatıyor	1		Edirne		1410-02-13 Yanbolu Savaşı — Mûsâ Çelebi Edirne'ye girdi
1410-02-13	Mustafapaşa (Svilengrad)	yerlesimler_ek24.js	GUN-KAPALI	merkez	BAGIMSIZ	GERCEK-BAGIMSIZ	yer_id/merkez yolu kökten bağımsız kapatıyor	1		Edirne		1410-02-13 Yanbolu Savaşı — Mûsâ Çelebi Edirne'ye girdi
1410-02-13	Orestiada (Kumçiftliği)	yerlesimler_ek24.js	GUN-KAPALI	merkez	BAGIMSIZ	GERCEK-BAGIMSIZ	yer_id/merkez yolu kökten bağımsız kapatıyor	1		Edirne		1410-02-13 Yanbolu Savaşı — Mûsâ Çelebi Edirne'ye girdi
1410-02-13	Sofulu (Soufli)	yerlesimler_ek24.js	GUN-KAPALI	merkez	BAGIMSIZ	GERCEK-BAGIMSIZ	yer_id/merkez yolu kökten bağımsız kapatıyor	1		Edirne		1410-02-13 Yanbolu Savaşı — Mûsâ Çelebi Edirne'ye girdi
1410-02-13	Tekirdağ	yerlesimler.js	GUN-KAPALI	merkez	BAGIMSIZ	GERCEK-BAGIMSIZ	yer_id/merkez yolu kökten bağımsız kapatıyor	1		Edirne		1410-02-13 Yanbolu Savaşı — Mûsâ Çelebi Edirne'ye girdi
1410-02-13	Uzunköprü	yerlesimler_ek24.js	GUN-KAPALI	merkez	BAGIMSIZ	GERCEK-BAGIMSIZ	yer_id/merkez yolu kökten bağımsız kapatıyor	1		Edirne		1410-02-13 Yanbolu Savaşı — Mûsâ Çelebi Edirne'ye girdi
1410-02-13	Çimpe	yerlesimler.js	GUN-KAPALI	merkez	BAGIMSIZ	GERCEK-BAGIMSIZ	yer_id/merkez yolu kökten bağımsız kapatıyor	1		Edirne		1410-02-13 Yanbolu Savaşı — Mûsâ Çelebi Edirne'ye girdi
1410-02-13	Çirmen	yerlesimler.js	GUN-KAPALI	merkez	BAGIMSIZ	GERCEK-BAGIMSIZ	yer_id/merkez yolu kökten bağımsız kapatıyor	1		Edirne		1410-02-13 Yanbolu Savaşı — Mûsâ Çelebi Edirne'ye girdi
1410-02-13	Çorlu	yerlesimler.js	GUN-KAPALI	merkez	BAGIMSIZ	GERCEK-BAGIMSIZ	yer_id/merkez yolu kökten bağımsız kapatıyor	1		Edirne		1410-02-13 Yanbolu Savaşı — Mûsâ Çelebi Edirne'ye girdi
1410-02-13	İpsala	yerlesimler.js	GUN-KAPALI	merkez	BAGIMSIZ	GERCEK-BAGIMSIZ	yer_id/merkez yolu kökten bağımsız kapatıyor	1		Edirne		1410-02-13 Yanbolu Savaşı — Mûsâ Çelebi Edirne'ye girdi
1410-02-13	Şarköy	yerlesimler_ek23.js	GUN-KAPALI	merkez	BAGIMSIZ	GERCEK-BAGIMSIZ	yer_id/merkez yolu kökten bağımsız kapatıyor	1		Edirne		1410-02-13 Yanbolu Savaşı — Mûsâ Çelebi Edirne'ye girdi
1411-01-01	Akra	yerlesimler.js	OCAK1	merkez	BAGIMSIZ	GERCEK-BAGIMSIZ	yer_id/merkez yolu kökten bağımsız kapatıyor	1		Musul		1411-01-01 Bağdat'ın Karakoyunlu eline geçişi — Celayirli Sultan Ahmed'in yenilgi
1411-01-01	Ammâre	yerlesimler.js	OCAK1	merkez	BAGIMSIZ	GERCEK-BAGIMSIZ	yer_id/merkez yolu kökten bağımsız kapatıyor	1		Basra		1411-01-01 Bağdat'ın Karakoyunlu eline geçişi — Celayirli Sultan Ahmed'in yenilgi
1411-01-01	Basra	yerlesimler.js	OCAK1	kok	BUYUK-HARF	OKUNMADI	büyük harfli özel ad eşleşmesi — tek tek okunmadı	1	yer	Basra	yirli Sultan Ahmed'in yenilgisi Bagdat, Basra, Musul, Kerkuk, Hille, Kerbela, Necef, 	1411-01-01 Bağdat'ın Karakoyunlu eline geçişi — Celayirli Sultan Ahmed'in yenilgi
1411-01-01	Bağdat	yerlesimler.js	OCAK1	yer_id	BAGIMSIZ	GERCEK-BAGIMSIZ	yer_id/merkez yolu kökten bağımsız kapatıyor	1				1411-01-01 Bağdat'ın Karakoyunlu eline geçişi — Celayirli Sultan Ahmed'in yenilgi
1411-01-01	Duhok	yerlesimler.js	OCAK1	merkez	BAGIMSIZ	GERCEK-BAGIMSIZ	yer_id/merkez yolu kökten bağımsız kapatıyor	1		Musul		1411-01-01 Bağdat'ın Karakoyunlu eline geçişi — Celayirli Sultan Ahmed'in yenilgi
1411-01-01	Dîvâniye	yerlesimler.js	OCAK1	merkez	BAGIMSIZ	GERCEK-BAGIMSIZ	yer_id/merkez yolu kökten bağımsız kapatıyor	1		Bağdat		1411-01-01 Bağdat'ın Karakoyunlu eline geçişi — Celayirli Sultan Ahmed'in yenilgi
1411-01-01	Erbil	yerlesimler.js	OCAK1	kok	BUYUK-HARF	OKUNMADI	büyük harfli özel ad eşleşmesi — tek tek okunmadı	1	yer	Erbil	, Musul, Kerkuk, Hille, Kerbela, Necef, Erbil, Suleymaniye cevresi TDV'nin Karakoyunl	1411-01-01 Bağdat'ın Karakoyunlu eline geçişi — Celayirli Sultan Ahmed'in yenilgi
1411-01-01	Fellûce	yerlesimler.js	OCAK1	merkez	BAGIMSIZ	GERCEK-BAGIMSIZ	yer_id/merkez yolu kökten bağımsız kapatıyor	1		Bağdat		1411-01-01 Bağdat'ın Karakoyunlu eline geçişi — Celayirli Sultan Ahmed'in yenilgi
1411-01-01	Fâv	yerlesimler.js	OCAK1	merkez	BAGIMSIZ	GERCEK-BAGIMSIZ	yer_id/merkez yolu kökten bağımsız kapatıyor	1		Basra		1411-01-01 Bağdat'ın Karakoyunlu eline geçişi — Celayirli Sultan Ahmed'in yenilgi
1411-01-01	Hille	yerlesimler.js	OCAK1	kok	BUYUK-HARF	OKUNMADI	büyük harfli özel ad eşleşmesi — tek tek okunmadı	1	yer	Hille	yenilgisi Bagdat, Basra, Musul, Kerkuk, Hille, Kerbela, Necef, Erbil, Suleymaniye cev	1411-01-01 Bağdat'ın Karakoyunlu eline geçişi — Celayirli Sultan Ahmed'in yenilgi
1411-01-01	Hânekîn	yerlesimler.js	OCAK1	merkez	BAGIMSIZ	GERCEK-BAGIMSIZ	yer_id/merkez yolu kökten bağımsız kapatıyor	1		Bağdat		1411-01-01 Bağdat'ın Karakoyunlu eline geçişi — Celayirli Sultan Ahmed'in yenilgi
1411-01-01	Hît	yerlesimler.js	OCAK1	merkez	BAGIMSIZ	GERCEK-BAGIMSIZ	yer_id/merkez yolu kökten bağımsız kapatıyor	1		Bağdat		1411-01-01 Bağdat'ın Karakoyunlu eline geçişi — Celayirli Sultan Ahmed'in yenilgi
1411-01-01	Kerbelâ	yerlesimler.js	OCAK1	kok	BUYUK-HARF	OKUNMADI	büyük harfli özel ad eşleşmesi — tek tek okunmadı	1	yer	Kerbela	si Bagdat, Basra, Musul, Kerkuk, Hille, Kerbela, Necef, Erbil, Suleymaniye cevresi TDV'	1411-01-01 Bağdat'ın Karakoyunlu eline geçişi — Celayirli Sultan Ahmed'in yenilgi
1411-01-01	Kerkük	yerlesimler.js	OCAK1	kok	BUYUK-HARF	OKUNMADI	büyük harfli özel ad eşleşmesi — tek tek okunmadı	1	yer	Kerkuk	hmed'in yenilgisi Bagdat, Basra, Musul, Kerkuk, Hille, Kerbela, Necef, Erbil, Suleyman	1411-01-01 Bağdat'ın Karakoyunlu eline geçişi — Celayirli Sultan Ahmed'in yenilgi
1411-01-01	Kûfe	yerlesimler.js	OCAK1	merkez	BAGIMSIZ	GERCEK-BAGIMSIZ	yer_id/merkez yolu kökten bağımsız kapatıyor	1		Bağdat		1411-01-01 Bağdat'ın Karakoyunlu eline geçişi — Celayirli Sultan Ahmed'in yenilgi
1411-01-01	Kût el-Amâre	yerlesimler.js	OCAK1	merkez	BAGIMSIZ	GERCEK-BAGIMSIZ	yer_id/merkez yolu kökten bağımsız kapatıyor	1		Bağdat		1411-01-01 Bağdat'ın Karakoyunlu eline geçişi — Celayirli Sultan Ahmed'in yenilgi
1411-01-01	Kürne	yerlesimler.js	OCAK1	merkez	BAGIMSIZ	GERCEK-BAGIMSIZ	yer_id/merkez yolu kökten bağımsız kapatıyor	1		Basra		1411-01-01 Bağdat'ın Karakoyunlu eline geçişi — Celayirli Sultan Ahmed'in yenilgi
1411-01-01	Musul	yerlesimler.js	OCAK1	kok	BUYUK-HARF	OKUNMADI	büyük harfli özel ad eşleşmesi — tek tek okunmadı	1	yer	Musul	ultan Ahmed'in yenilgisi Bagdat, Basra, Musul, Kerkuk, Hille, Kerbela, Necef, Erbil, 	1411-01-01 Bağdat'ın Karakoyunlu eline geçişi — Celayirli Sultan Ahmed'in yenilgi
1411-01-01	Necef	yerlesimler.js	OCAK1	kok	BUYUK-HARF	OKUNMADI	büyük harfli özel ad eşleşmesi — tek tek okunmadı	1	yer	Necef	, Basra, Musul, Kerkuk, Hille, Kerbela, Necef, Erbil, Suleymaniye cevresi TDV'nin Kar	1411-01-01 Bağdat'ın Karakoyunlu eline geçişi — Celayirli Sultan Ahmed'in yenilgi
1411-01-01	Rewândiz	yerlesimler.js	OCAK1	merkez	BAGIMSIZ	GERCEK-BAGIMSIZ	yer_id/merkez yolu kökten bağımsız kapatıyor	1		Musul		1411-01-01 Bağdat'ın Karakoyunlu eline geçişi — Celayirli Sultan Ahmed'in yenilgi
1411-01-01	Semâve	yerlesimler.js	OCAK1	merkez	BAGIMSIZ	GERCEK-BAGIMSIZ	yer_id/merkez yolu kökten bağımsız kapatıyor	1		Basra		1411-01-01 Bağdat'ın Karakoyunlu eline geçişi — Celayirli Sultan Ahmed'in yenilgi
1411-01-01	Sincar	yerlesimler.js	OCAK1	merkez	BAGIMSIZ	GERCEK-BAGIMSIZ	yer_id/merkez yolu kökten bağımsız kapatıyor	1		Musul		1411-01-01 Bağdat'ın Karakoyunlu eline geçişi — Celayirli Sultan Ahmed'in yenilgi
1411-01-01	Sâmerrâ	yerlesimler.js	OCAK1	merkez	BAGIMSIZ	GERCEK-BAGIMSIZ	yer_id/merkez yolu kökten bağımsız kapatıyor	1		Bağdat		1411-01-01 Bağdat'ın Karakoyunlu eline geçişi — Celayirli Sultan Ahmed'in yenilgi
1411-01-01	Telafer	yerlesimler.js	OCAK1	merkez	BAGIMSIZ	GERCEK-BAGIMSIZ	yer_id/merkez yolu kökten bağımsız kapatıyor	1		Musul		1411-01-01 Bağdat'ın Karakoyunlu eline geçişi — Celayirli Sultan Ahmed'in yenilgi
1411-01-01	Tikrit	yerlesimler.js	OCAK1	merkez	BAGIMSIZ	GERCEK-BAGIMSIZ	yer_id/merkez yolu kökten bağımsız kapatıyor	1		Bağdat		1411-01-01 Bağdat'ın Karakoyunlu eline geçişi — Celayirli Sultan Ahmed'in yenilgi
1411-01-01	Vâsıt	yerlesimler.js	OCAK1	merkez	BAGIMSIZ	GERCEK-BAGIMSIZ	yer_id/merkez yolu kökten bağımsız kapatıyor	1		Bağdat		1411-01-01 Bağdat'ın Karakoyunlu eline geçişi — Celayirli Sultan Ahmed'in yenilgi
1411-01-01	Zaho	yerlesimler.js	OCAK1	merkez	BAGIMSIZ	GERCEK-BAGIMSIZ	yer_id/merkez yolu kökten bağımsız kapatıyor	1		Musul		1411-01-01 Bağdat'ın Karakoyunlu eline geçişi — Celayirli Sultan Ahmed'in yenilgi
1411-01-01	Âne	yerlesimler.js	OCAK1	merkez	BAGIMSIZ	GERCEK-BAGIMSIZ	yer_id/merkez yolu kökten bağımsız kapatıyor	1		Bağdat		1411-01-01 Bağdat'ın Karakoyunlu eline geçişi — Celayirli Sultan Ahmed'in yenilgi
1411-01-01	İmâdiye (Amêdî)	yerlesimler_ok109.js	OCAK1	merkez	BAGIMSIZ	GERCEK-BAGIMSIZ	yer_id/merkez yolu kökten bağımsız kapatıyor	1		Musul		1411-01-01 Bağdat'ın Karakoyunlu eline geçişi — Celayirli Sultan Ahmed'in yenilgi
1411-02-17	Bolayır	yerlesimler.js	GUN-MASKELI	merkez	BAGIMSIZ	GERCEK-BAGIMSIZ	yer_id/merkez yolu kökten bağımsız kapatıyor	1		Edirne		1411-02-17 Emîr Süleyman'ın ölümü — Musa Rumeli'ye hâkim
1411-02-17	Dedeağaç (Alexandroupoli)	yerlesimler_ek24.js	GUN-MASKELI	merkez	BAGIMSIZ	GERCEK-BAGIMSIZ	yer_id/merkez yolu kökten bağımsız kapatıyor	1		Edirne		1411-02-17 Emîr Süleyman'ın ölümü — Musa Rumeli'ye hâkim
1411-02-17	Demirköy	yerlesimler_ek24.js	GUN-MASKELI	merkez	BAGIMSIZ	GERCEK-BAGIMSIZ	yer_id/merkez yolu kökten bağımsız kapatıyor	1		Edirne		1411-02-17 Emîr Süleyman'ın ölümü — Musa Rumeli'ye hâkim
1411-02-17	Dereköy (Kırklareli)	yerlesimler_ek24.js	GUN-MASKELI	merkez	BAGIMSIZ	GERCEK-BAGIMSIZ	yer_id/merkez yolu kökten bağımsız kapatıyor	1		Edirne		1411-02-17 Emîr Süleyman'ın ölümü — Musa Rumeli'ye hâkim
1411-02-17	Dimetoka	yerlesimler.js	GUN-MASKELI	merkez	BAGIMSIZ	GERCEK-BAGIMSIZ	yer_id/merkez yolu kökten bağımsız kapatıyor	1		Edirne		1411-02-17 Emîr Süleyman'ın ölümü — Musa Rumeli'ye hâkim
1411-02-17	Edirne	yerlesimler.js	GUN-MASKELI	yer_id	BAGIMSIZ	GERCEK-BAGIMSIZ	yer_id/merkez yolu kökten bağımsız kapatıyor	1				1411-02-17 Emîr Süleyman'ın ölümü — Musa Rumeli'ye hâkim
1411-02-17	Elhova (Elhovo)	yerlesimler_ek24.js	GUN-MASKELI	merkez	BAGIMSIZ	GERCEK-BAGIMSIZ	yer_id/merkez yolu kökten bağımsız kapatıyor	1		Edirne		1411-02-17 Emîr Süleyman'ın ölümü — Musa Rumeli'ye hâkim
1411-02-17	Ferecik (Feres)	yerlesimler.js	GUN-MASKELI	merkez	BAGIMSIZ	GERCEK-BAGIMSIZ	yer_id/merkez yolu kökten bağımsız kapatıyor	1		Edirne		1411-02-17 Emîr Süleyman'ın ölümü — Musa Rumeli'ye hâkim
1411-02-17	Gelibolu	yerlesimler.js	GUN-MASKELI	merkez	BAGIMSIZ	GERCEK-BAGIMSIZ	yer_id/merkez yolu kökten bağımsız kapatıyor	1		Edirne		1411-02-17 Emîr Süleyman'ın ölümü — Musa Rumeli'ye hâkim
1411-02-17	Gümülcine	yerlesimler.js	GUN-MASKELI	merkez	BAGIMSIZ	GERCEK-BAGIMSIZ	yer_id/merkez yolu kökten bağımsız kapatıyor	1		Edirne		1411-02-17 Emîr Süleyman'ın ölümü — Musa Rumeli'ye hâkim
1411-02-17	Havsa	yerlesimler_ek24.js	GUN-MASKELI	merkez	BAGIMSIZ	GERCEK-BAGIMSIZ	yer_id/merkez yolu kökten bağımsız kapatıyor	1		Edirne		1411-02-17 Emîr Süleyman'ın ölümü — Musa Rumeli'ye hâkim
1411-02-17	Keşan	yerlesimler.js	GUN-MASKELI	merkez	BAGIMSIZ	GERCEK-BAGIMSIZ	yer_id/merkez yolu kökten bağımsız kapatıyor	1		Edirne		1411-02-17 Emîr Süleyman'ın ölümü — Musa Rumeli'ye hâkim
1411-02-17	Kofçaz	yerlesimler_ek24.js	GUN-MASKELI	merkez	BAGIMSIZ	GERCEK-BAGIMSIZ	yer_id/merkez yolu kökten bağımsız kapatıyor	1		Edirne		1411-02-17 Emîr Süleyman'ın ölümü — Musa Rumeli'ye hâkim
1411-02-17	Kırklareli	yerlesimler.js	GUN-MASKELI	merkez	BAGIMSIZ	GERCEK-BAGIMSIZ	yer_id/merkez yolu kökten bağımsız kapatıyor	1		Edirne		1411-02-17 Emîr Süleyman'ın ölümü — Musa Rumeli'ye hâkim
1411-02-17	Lalapaşa	yerlesimler_ek24.js	GUN-MASKELI	merkez	BAGIMSIZ	GERCEK-BAGIMSIZ	yer_id/merkez yolu kökten bağımsız kapatıyor	1		Edirne		1411-02-17 Emîr Süleyman'ın ölümü — Musa Rumeli'ye hâkim
1411-02-17	Lüleburgaz	yerlesimler.js	GUN-MASKELI	merkez	BAGIMSIZ	GERCEK-BAGIMSIZ	yer_id/merkez yolu kökten bağımsız kapatıyor	1		Edirne		1411-02-17 Emîr Süleyman'ın ölümü — Musa Rumeli'ye hâkim
1411-02-17	Malkara	yerlesimler.js	GUN-MASKELI	merkez	BAGIMSIZ	GERCEK-BAGIMSIZ	yer_id/merkez yolu kökten bağımsız kapatıyor	1		Edirne		1411-02-17 Emîr Süleyman'ın ölümü — Musa Rumeli'ye hâkim
1411-02-17	Malko Tırnova	yerlesimler_ek24.js	GUN-MASKELI	merkez	BAGIMSIZ	GERCEK-BAGIMSIZ	yer_id/merkez yolu kökten bağımsız kapatıyor	1		Edirne		1411-02-17 Emîr Süleyman'ın ölümü — Musa Rumeli'ye hâkim
1411-02-17	Maydos (Eceabat)	yerlesimler.js	GUN-MASKELI	merkez	BAGIMSIZ	GERCEK-BAGIMSIZ	yer_id/merkez yolu kökten bağımsız kapatıyor	1		Edirne		1411-02-17 Emîr Süleyman'ın ölümü — Musa Rumeli'ye hâkim
1411-02-17	Meriç (İpsala kuzeyi)	yerlesimler_ek24.js	GUN-MASKELI	merkez	BAGIMSIZ	GERCEK-BAGIMSIZ	yer_id/merkez yolu kökten bağımsız kapatıyor	1		Edirne		1411-02-17 Emîr Süleyman'ın ölümü — Musa Rumeli'ye hâkim
1411-02-17	Mustafapaşa (Svilengrad)	yerlesimler_ek24.js	GUN-MASKELI	merkez	BAGIMSIZ	GERCEK-BAGIMSIZ	yer_id/merkez yolu kökten bağımsız kapatıyor	1		Edirne		1411-02-17 Emîr Süleyman'ın ölümü — Musa Rumeli'ye hâkim
1411-02-17	Orestiada (Kumçiftliği)	yerlesimler_ek24.js	GUN-MASKELI	merkez	BAGIMSIZ	GERCEK-BAGIMSIZ	yer_id/merkez yolu kökten bağımsız kapatıyor	1		Edirne		1411-02-17 Emîr Süleyman'ın ölümü — Musa Rumeli'ye hâkim
1411-02-17	Sofulu (Soufli)	yerlesimler_ek24.js	GUN-MASKELI	merkez	BAGIMSIZ	GERCEK-BAGIMSIZ	yer_id/merkez yolu kökten bağımsız kapatıyor	1		Edirne		1411-02-17 Emîr Süleyman'ın ölümü — Musa Rumeli'ye hâkim
1411-02-17	Tekirdağ	yerlesimler.js	GUN-MASKELI	merkez	BAGIMSIZ	GERCEK-BAGIMSIZ	yer_id/merkez yolu kökten bağımsız kapatıyor	1		Edirne		1411-02-17 Emîr Süleyman'ın ölümü — Musa Rumeli'ye hâkim
1411-02-17	Uzunköprü	yerlesimler_ek24.js	GUN-MASKELI	merkez	BAGIMSIZ	GERCEK-BAGIMSIZ	yer_id/merkez yolu kökten bağımsız kapatıyor	1		Edirne		1411-02-17 Emîr Süleyman'ın ölümü — Musa Rumeli'ye hâkim
1411-02-17	Çimpe	yerlesimler.js	GUN-MASKELI	merkez	BAGIMSIZ	GERCEK-BAGIMSIZ	yer_id/merkez yolu kökten bağımsız kapatıyor	1		Edirne		1411-02-17 Emîr Süleyman'ın ölümü — Musa Rumeli'ye hâkim
1411-02-17	Çirmen	yerlesimler.js	GUN-MASKELI	merkez	BAGIMSIZ	GERCEK-BAGIMSIZ	yer_id/merkez yolu kökten bağımsız kapatıyor	1		Edirne		1411-02-17 Emîr Süleyman'ın ölümü — Musa Rumeli'ye hâkim
1411-02-17	Çorlu	yerlesimler.js	GUN-MASKELI	merkez	BAGIMSIZ	GERCEK-BAGIMSIZ	yer_id/merkez yolu kökten bağımsız kapatıyor	1		Edirne		1411-02-17 Emîr Süleyman'ın ölümü — Musa Rumeli'ye hâkim
1411-02-17	İpsala	yerlesimler.js	GUN-MASKELI	merkez	BAGIMSIZ	GERCEK-BAGIMSIZ	yer_id/merkez yolu kökten bağımsız kapatıyor	1		Edirne		1411-02-17 Emîr Süleyman'ın ölümü — Musa Rumeli'ye hâkim
1411-02-17	Şarköy	yerlesimler_ek23.js	GUN-MASKELI	merkez	BAGIMSIZ	GERCEK-BAGIMSIZ	yer_id/merkez yolu kökten bağımsız kapatıyor	1		Edirne		1411-02-17 Emîr Süleyman'ın ölümü — Musa Rumeli'ye hâkim
1412-01-01	Şehirköy (Pirot)	yerlesimler_serhat.js	OCAK1	yer_id	BAGIMSIZ	GERCEK-BAGIMSIZ	yer_id/merkez yolu kökten bağımsız kapatıyor	1				1412-01-01 Sırp Despotu Stefan Lazareviç Şehirköy'ü (Pirot) aldı
1413-07-05	Eski Zağra (Stara Zagora)	yerlesimler.js	GUN-MASKELI	merkez	BAGIMSIZ	GERCEK-BAGIMSIZ	yer_id/merkez yolu kökten bağımsız kapatıyor	0		Sofya		1413-07 Çelebi Mehmed birliği yeniden kurdu
1413-07-05	Filibe	yerlesimler.js	GUN-MASKELI	merkez	BAGIMSIZ	GERCEK-BAGIMSIZ	yer_id/merkez yolu kökten bağımsız kapatıyor	0		Sofya		1413-07 Çelebi Mehmed birliği yeniden kurdu
1413-07-05	Köstendil	yerlesimler.js	GUN-MASKELI	merkez	BAGIMSIZ	GERCEK-BAGIMSIZ	yer_id/merkez yolu kökten bağımsız kapatıyor	0		Sofya		1413-07 Çelebi Mehmed birliği yeniden kurdu
1413-07-05	Niğbolu	yerlesimler.js	GUN-MASKELI	merkez	BAGIMSIZ	GERCEK-BAGIMSIZ	yer_id/merkez yolu kökten bağımsız kapatıyor	0		Sofya		1413-07 Çelebi Mehmed birliği yeniden kurdu
1413-07-05	Niş	yerlesimler.js	GUN-MASKELI	merkez	BAGIMSIZ	GERCEK-BAGIMSIZ	yer_id/merkez yolu kökten bağımsız kapatıyor	0		Sofya		1413-07 Çelebi Mehmed birliği yeniden kurdu
1413-07-05	Plevne	yerlesimler.js	GUN-MASKELI	merkez	BAGIMSIZ	GERCEK-BAGIMSIZ	yer_id/merkez yolu kökten bağımsız kapatıyor	0		Sofya		1413-07 Çelebi Mehmed birliği yeniden kurdu
1413-07-05	Sofya	yerlesimler.js	GUN-MASKELI	yer_id	BAGIMSIZ	GERCEK-BAGIMSIZ	yer_id/merkez yolu kökten bağımsız kapatıyor	0				1413-07 Çelebi Mehmed birliği yeniden kurdu
1413-07-05	Tatarpazarcığı	yerlesimler.js	GUN-MASKELI	merkez	BAGIMSIZ	GERCEK-BAGIMSIZ	yer_id/merkez yolu kökten bağımsız kapatıyor	0		Sofya		1413-07 Çelebi Mehmed birliği yeniden kurdu
1413-07-05	Tırnova	yerlesimler.js	GUN-MASKELI	merkez	BAGIMSIZ	GERCEK-BAGIMSIZ	yer_id/merkez yolu kökten bağımsız kapatıyor	0		Sofya		1413-07 Çelebi Mehmed birliği yeniden kurdu
1413-07-05	Vidin	yerlesimler.js	GUN-MASKELI	merkez	BAGIMSIZ	GERCEK-BAGIMSIZ	yer_id/merkez yolu kökten bağımsız kapatıyor	0		Sofya		1413-07 Çelebi Mehmed birliği yeniden kurdu
1413-07-05	İhtiman	yerlesimler.js	GUN-MASKELI	merkez	BAGIMSIZ	GERCEK-BAGIMSIZ	yer_id/merkez yolu kökten bağımsız kapatıyor	0		Sofya		1413-07 Çelebi Mehmed birliği yeniden kurdu
1415-01-01	Manisa	yerlesimler.js	OCAK1	yer_id	BAGIMSIZ	GERCEK-BAGIMSIZ	yer_id/merkez yolu kökten bağımsız kapatıyor	1				1415-01-01 Manisa'nın Çelebi Mehmed idaresine girişi — Saruhanoğulları Manisa kol
1415-03-01	Akşehir	yerlesimler.js	GUN-KAPALI	kok	BUYUK-HARF	OKUNMADI	büyük harfli özel ad eşleşmesi — tek tek okunmadı	1	b	Aksehir	-ili, Said-ili, Beysehir, Seydisehir ve Aksehir geri alindi Konya, Beysehir, Seydisehir	1415-03-01 Konya kuşatması ve Karamanoğulları ile antlaşma — Hamîd-ili, Said-ili,
1415-03-01	Beyşehir	yerlesimler.js	GUN-KAPALI	kok	BUYUK-HARF	OKUNMADI	büyük harfli özel ad eşleşmesi — tek tek okunmadı	1	b	Beysehir	ari ile antlasma - Hamid-ili, Said-ili, Beysehir, Seydisehir ve Aksehir geri alindi Kony	1415-03-01 Konya kuşatması ve Karamanoğulları ile antlaşma — Hamîd-ili, Said-ili,
1415-03-01	Isparta	yerlesimler.js	GUN-KAPALI	kok	BUYUK-HARF	OKUNMADI	büyük harfli özel ad eşleşmesi — tek tek okunmadı	1	yer	Isparta	i Konya, Beysehir, Seydisehir, Aksehir, Isparta Fetret Devri'nde Osmanli topraklarina s	1415-03-01 Konya kuşatması ve Karamanoğulları ile antlaşma — Hamîd-ili, Said-ili,
1415-03-01	Seydişehir	yerlesimler.js	GUN-KAPALI	kok	BUYUK-HARF	OKUNMADI	büyük harfli özel ad eşleşmesi — tek tek okunmadı	1	b	Seydisehir	tlasma - Hamid-ili, Said-ili, Beysehir, Seydisehir ve Aksehir geri alindi Konya, Beysehir,	1415-03-01 Konya kuşatması ve Karamanoğulları ile antlaşma — Hamîd-ili, Said-ili,
1415-06-01	Ayasuluk (Selçuk)	yerlesimler.js	GUN-KAPALI	merkez	BAGIMSIZ	GERCEK-BAGIMSIZ	yer_id/merkez yolu kökten bağımsız kapatıyor	0		İzmir		1415-06-01 İzmir'in Aydınoğlu Cüneyd Bey'den alınışı
1415-06-01	Aydın	yerlesimler.js	GUN-KAPALI	merkez	BAGIMSIZ	GERCEK-BAGIMSIZ	yer_id/merkez yolu kökten bağımsız kapatıyor	0		İzmir		1415-06-01 İzmir'in Aydınoğlu Cüneyd Bey'den alınışı
1415-06-01	Birgi	yerlesimler.js	GUN-KAPALI	merkez	BAGIMSIZ	GERCEK-BAGIMSIZ	yer_id/merkez yolu kökten bağımsız kapatıyor	0		İzmir		1415-06-01 İzmir'in Aydınoğlu Cüneyd Bey'den alınışı
1415-06-01	Kuşadası	yerlesimler.js	GUN-KAPALI	merkez	BAGIMSIZ	GERCEK-BAGIMSIZ	yer_id/merkez yolu kökten bağımsız kapatıyor	0		İzmir		1415-06-01 İzmir'in Aydınoğlu Cüneyd Bey'den alınışı
1415-06-01	Söke	yerlesimler.js	GUN-KAPALI	merkez	BAGIMSIZ	GERCEK-BAGIMSIZ	yer_id/merkez yolu kökten bağımsız kapatıyor	0		İzmir		1415-06-01 İzmir'in Aydınoğlu Cüneyd Bey'den alınışı
1415-06-01	Tire	yerlesimler.js	GUN-KAPALI	merkez	BAGIMSIZ	GERCEK-BAGIMSIZ	yer_id/merkez yolu kökten bağımsız kapatıyor	0		İzmir		1415-06-01 İzmir'in Aydınoğlu Cüneyd Bey'den alınışı
1415-06-01	Çeşme	yerlesimler.js	GUN-KAPALI	merkez	BAGIMSIZ	GERCEK-BAGIMSIZ	yer_id/merkez yolu kökten bağımsız kapatıyor	0		İzmir		1415-06-01 İzmir'in Aydınoğlu Cüneyd Bey'den alınışı
1415-06-01	İzmir	yerlesimler.js	GUN-KAPALI	yer_id	BAGIMSIZ	GERCEK-BAGIMSIZ	yer_id/merkez yolu kökten bağımsız kapatıyor	0				1415-06-01 İzmir'in Aydınoğlu Cüneyd Bey'den alınışı
1416-01-01	Babadağı (Babadag)	yerlesimler_ek29.js	OCAK1	yer_id	BAGIMSIZ	GERCEK-BAGIMSIZ	yer_id/merkez yolu kökten bağımsız kapatıyor	0				1416-01-01 Babadağı ve çevresinin Osmanlı'ya geçişi — Mircea ile oğlu Mihail yeni
1417-01-01	Avlonya	yerlesimler.js	OCAK1	yer_id	BAGIMSIZ	GERCEK-BAGIMSIZ	yer_id/merkez yolu kökten bağımsız kapatıyor	0				1417-01-01 Avlonya, Berat ve Kanina'nın fethi
1417-01-01	Berat	yerlesimler.js	OCAK1	kok	BUYUK-HARF	GERCEK-OKUNDU	bağlam elle okundu (bayraklı ya da kısa/eşsesli kök)	0	b	Berat	Avlonya, Berat ve Kanina'nin fethi Avlonya (Vlore), Ar	1417-01-01 Avlonya, Berat ve Kanina'nın fethi
1417-01-01	Hımara (Himarë)	yerlesimler_epir.js	OCAK1	merkez	BAGIMSIZ	GERCEK-BAGIMSIZ	yer_id/merkez yolu kökten bağımsız kapatıyor	0		Avlonya		1417-01-01 Avlonya, Berat ve Kanina'nın fethi
1417-01-01	Kanina	yerlesimler.js	OCAK1	kok	BUYUK-HARF	OKUNMADI	büyük harfli özel ad eşleşmesi — tek tek okunmadı	0	b	Kanina	Avlonya, Berat ve Kanina'nin fethi Avlonya (Vlore), Arnavutluk O	1417-01-01 Avlonya, Berat ve Kanina'nın fethi
1417-01-01	Katîf	yerlesimler.js	OCAK1	kok	BUYUK-HARF	OKUNMADI	büyük harfli özel ad eşleşmesi — tek tek okunmadı	1	yer	Katif	n eline gecmesi Bahreyn (Eval adalari), Katif, Lahsa TDV Bahreyn maddesi adanin "sira	1417-01-01 Bahreyn adalarının Cebrîler'in eline geçmesi
1417-01-01	Lahsa	yerlesimler.js	OCAK1	kok	BUYUK-HARF	OKUNMADI	büyük harfli özel ad eşleşmesi — tek tek okunmadı	1	yer	Lahsa	 gecmesi Bahreyn (Eval adalari), Katif, Lahsa TDV Bahreyn maddesi adanin "sirasiyla U	1417-01-01 Bahreyn adalarının Cebrîler'in eline geçmesi
1417-01-01	Manama (Bahreyn)	yerlesimler.js	OCAK1	yer_id	BAGIMSIZ	GERCEK-BAGIMSIZ	yer_id/merkez yolu kökten bağımsız kapatıyor	1				1417-01-01 Bahreyn adalarının Cebrîler'in eline geçmesi
1419-01-01	Kayseri	yerlesimler.js	OCAK1	yer_id	BAGIMSIZ	GERCEK-BAGIMSIZ	yer_id/merkez yolu kökten bağımsız kapatıyor	0				1419-01-01 Orta Anadolu'nun geri alınışı: Kayseri ve Kırşehir
1419-01-01	Köstence	yerlesimler.js	OCAK1	kok	BUYUK-HARF	OKUNMADI	büyük harfli özel ad eşleşmesi — tek tek okunmadı	0	yer	Kostence	 - Mircea'nin olumunden sonra Silistre, Kostence, Ishakci, Dobruca Eflak Voyvodasi Mirce	1419-01-01 Silistre ve Dobruca'nın geri alınışı — Mircea'nın ölümünden sonra
1419-01-01	Kırşehir	yerlesimler.js	OCAK1	kok	BUYUK-HARF	OKUNMADI	büyük harfli özel ad eşleşmesi — tek tek okunmadı	0	b	Kirsehir	ta Anadolu'nun geri alinisi: Kayseri ve Kirsehir Kayseri, Kirsehir Fetret Devri'nde Kara	1419-01-01 Orta Anadolu'nun geri alınışı: Kayseri ve Kırşehir
1419-01-01	Silistre	yerlesimler.js	OCAK1	yer_id	BAGIMSIZ	GERCEK-BAGIMSIZ	yer_id/merkez yolu kökten bağımsız kapatıyor	0				1419-01-01 Silistre ve Dobruca'nın geri alınışı — Mircea'nın ölümünden sonra
1419-01-01	İshakçı (Isaccea)	yerlesimler_ek29.js	OCAK1	kok	BUYUK-HARF	OKUNMADI	büyük harfli özel ad eşleşmesi — tek tek okunmadı	0	yer	Ishakci	nin olumunden sonra Silistre, Kostence, Ishakci, Dobruca Eflak Voyvodasi Mircea'nin 141	1419-01-01 Silistre ve Dobruca'nın geri alınışı — Mircea'nın ölümünden sonra
1420-01-01	Yergöğü (Giurgiu)	yerlesimler.js	OCAK1	yer_id	BAGIMSIZ	GERCEK-BAGIMSIZ	yer_id/merkez yolu kökten bağımsız kapatıyor	0				1420-01-01 Aşağı Tuna'nın kapanması — Yergöğü, Turnu ve Orşova'nın ilhakı
1422-01-01	Ayasuluk (Selçuk)	yerlesimler.js	OCAK1	kok	BUYUK-HARF	OKUNMADI	büyük harfli özel ad eşleşmesi — tek tek okunmadı	1	yer	Ayasuluk	- Aydinogullari yeniden mustakil Izmir, Ayasuluk, Tire, Birgi - Aydin-ili Celebi Mehmed 	1422-01-01 Cüneyd Bey Aydın-ili'nin başına döndü — Aydınoğulları yeniden müstakil
1422-01-01	Aydın	yerlesimler.js	OCAK1	kok	BUYUK-HARF	GERCEK-OKUNDU	bağlam elle okundu (bayraklı ya da kısa/eşsesli kök)	1	b	Aydin	Cuneyd Bey Aydin-ili'nin basina dondu - Aydinogullari ye	1422-01-01 Cüneyd Bey Aydın-ili'nin başına döndü — Aydınoğulları yeniden müstakil
1422-01-01	Birgi	yerlesimler.js	OCAK1	kok	BUYUK-HARF	OKUNMADI	büyük harfli özel ad eşleşmesi — tek tek okunmadı	1	yer	Birgi	yeniden mustakil Izmir, Ayasuluk, Tire, Birgi - Aydin-ili Celebi Mehmed 1414-15'te Iz	1422-01-01 Cüneyd Bey Aydın-ili'nin başına döndü — Aydınoğulları yeniden müstakil
1422-01-01	Erzincan	yerlesimler.js	OCAK1	yer_id	BAGIMSIZ	GERCEK-BAGIMSIZ	yer_id/merkez yolu kökten bağımsız kapatıyor	1				1422-01-01 Erzincan ve Kemah Akkoyunlu'ya geçti — Karayülük Osman Bey
1422-01-01	Kemah	yerlesimler.js	OCAK1	kok	BUYUK-HARF	OKUNMADI	büyük harfli özel ad eşleşmesi — tek tek okunmadı	1	b	Kemah	Erzincan ve Kemah Akkoyunlu'ya gecti - Karayuluk Osman Be	1422-01-01 Erzincan ve Kemah Akkoyunlu'ya geçti — Karayülük Osman Bey
1422-01-01	Kuşadası	yerlesimler.js	OCAK1	merkez	BAGIMSIZ	GERCEK-BAGIMSIZ	yer_id/merkez yolu kökten bağımsız kapatıyor	1		İzmir		1422-01-01 Cüneyd Bey Aydın-ili'nin başına döndü — Aydınoğulları yeniden müstakil
1422-01-01	Söke	yerlesimler.js	OCAK1	merkez	BAGIMSIZ	GERCEK-BAGIMSIZ	yer_id/merkez yolu kökten bağımsız kapatıyor	1		İzmir		1422-01-01 Cüneyd Bey Aydın-ili'nin başına döndü — Aydınoğulları yeniden müstakil
1422-01-01	Tire	yerlesimler.js	OCAK1	kok	BUYUK-HARF	GERCEK-OKUNDU	bağlam elle okundu (bayraklı ya da kısa/eşsesli kök)	1	yer	Tire	llari yeniden mustakil Izmir, Ayasuluk, Tire, Birgi - Aydin-ili Celebi Mehmed 1414-1	1422-01-01 Cüneyd Bey Aydın-ili'nin başına döndü — Aydınoğulları yeniden müstakil
1422-01-01	Çeşme	yerlesimler.js	OCAK1	merkez	BAGIMSIZ	GERCEK-BAGIMSIZ	yer_id/merkez yolu kökten bağımsız kapatıyor	1		İzmir		1422-01-01 Cüneyd Bey Aydın-ili'nin başına döndü — Aydınoğulları yeniden müstakil
1422-01-01	İzmir	yerlesimler.js	OCAK1	yer_id	BAGIMSIZ	GERCEK-BAGIMSIZ	yer_id/merkez yolu kökten bağımsız kapatıyor	1				1422-01-01 Cüneyd Bey Aydın-ili'nin başına döndü — Aydınoğulları yeniden müstakil
1423-01-01	Antalya	yerlesimler.js	OCAK1	yer_id	BAGIMSIZ	GERCEK-BAGIMSIZ	yer_id/merkez yolu kökten bağımsız kapatıyor	1				1423-01-01 Tekeoğulları'nın kesin tasfiyesi: Antalya'nın alınışı
1423-01-01	Elmalı	yerlesimler.js	OCAK1	merkez	BAGIMSIZ	GERCEK-BAGIMSIZ	yer_id/merkez yolu kökten bağımsız kapatıyor	1		Antalya		1423-01-01 Tekeoğulları'nın kesin tasfiyesi: Antalya'nın alınışı
1423-01-01	Finike	yerlesimler.js	OCAK1	merkez	BAGIMSIZ	GERCEK-BAGIMSIZ	yer_id/merkez yolu kökten bağımsız kapatıyor	1		Antalya		1423-01-01 Tekeoğulları'nın kesin tasfiyesi: Antalya'nın alınışı
1423-01-01	Kaş (Antiphellos)	yerlesimler.js	OCAK1	merkez	BAGIMSIZ	GERCEK-BAGIMSIZ	yer_id/merkez yolu kökten bağımsız kapatıyor	1		Antalya		1423-01-01 Tekeoğulları'nın kesin tasfiyesi: Antalya'nın alınışı
1423-09-14	Selanik	yerlesimler.js	GUN-KAPALI	yer_id	BAGIMSIZ	GERCEK-BAGIMSIZ	yer_id/merkez yolu kökten bağımsız kapatıyor	1				1423-09-14 Selanik'in Venedik'e devri
1424-01-01	Aynaroz (Athos)	yerlesimler.js	OCAK1	yer_id	BAGIMSIZ	GERCEK-BAGIMSIZ	yer_id/merkez yolu kökten bağımsız kapatıyor	0				1424-01-01 Aynaroz (Athos) manastırlarının Osmanlı himayesine girişi
1424-02-22	Ahtapolu (Ahtopol)	yerlesimler_ek24.js	GUN-KAPALI	kok	BUYUK-HARF	OKUNMADI	büyük harfli özel ad eşleşmesi — tek tek okunmadı	1	d	Ahtapolu	Karadeniz kiyisindaki Igneada, Rezve ve Ahtapolu bu tarihte Osmanli'ya doner; 1403'te Em	1424-02-22 II. Murad ile Bizans barışı — Bizans yeniden haraç ödemeyi kabul etti
1424-02-22	Rezve (Rezovo)	yerlesimler_ek24.js	GUN-KAPALI	kok	BUYUK-HARF	OKUNMADI	büyük harfli özel ad eşleşmesi — tek tek okunmadı	1	d	Rezve	haritada Karadeniz kiyisindaki Igneada, Rezve ve Ahtapolu bu tarihte Osmanli'ya doner	1424-02-22 II. Murad ile Bizans barışı — Bizans yeniden haraç ödemeyi kabul etti
1424-02-22	İğneada	yerlesimler_ek24.js	GUN-KAPALI	kok	BUYUK-HARF	OKUNMADI	büyük harfli özel ad eşleşmesi — tek tek okunmadı	1	d	Igneada	 verdi - haritada Karadeniz kiyisindaki Igneada, Rezve ve Ahtapolu bu tarihte Osmanli'y	1424-02-22 II. Murad ile Bizans barışı — Bizans yeniden haraç ödemeyi kabul etti
1425-06-01	Ayasuluk (Selçuk)	yerlesimler.js	GUN-KAPALI	kok	BUYUK-HARF	OKUNMADI	büyük harfli özel ad eşleşmesi — tek tek okunmadı	0	yer	Ayasuluk	thiye (Mentese), Aydin-Izmir-Tire-Birgi-Ayasuluk-Kusadasi-Soke-Cesme (Aydin) Fetret Devr	1425-06-01 Batı Anadolu beyliklerinin yeniden ilhakı: Menteşe ve Aydın
1425-06-01	Aydın	yerlesimler.js	GUN-KAPALI	yer_id	BAGIMSIZ	GERCEK-BAGIMSIZ	yer_id/merkez yolu kökten bağımsız kapatıyor	0				1425-06-01 Batı Anadolu beyliklerinin yeniden ilhakı: Menteşe ve Aydın
1425-06-01	Balat (Palatia)	yerlesimler.js	GUN-KAPALI	kok	BUYUK-HARF	OKUNMADI	büyük harfli özel ad eşleşmesi — tek tek okunmadı	0	yer	Balat	en ilhaki: Mentese ve Aydin Mugla-Milas-Balat-Datca-Marmaris-Fethiye (Mentese), Aydin	1425-06-01 Batı Anadolu beyliklerinin yeniden ilhakı: Menteşe ve Aydın
1425-06-01	Birgi	yerlesimler.js	GUN-KAPALI	kok	BUYUK-HARF	OKUNMADI	büyük harfli özel ad eşleşmesi — tek tek okunmadı	0	yer	Birgi	ris-Fethiye (Mentese), Aydin-Izmir-Tire-Birgi-Ayasuluk-Kusadasi-Soke-Cesme (Aydin) Fe	1425-06-01 Batı Anadolu beyliklerinin yeniden ilhakı: Menteşe ve Aydın
1425-06-01	Datça	yerlesimler.js	GUN-KAPALI	kok	BUYUK-HARF	OKUNMADI	büyük harfli özel ad eşleşmesi — tek tek okunmadı	0	yer	Datca	aki: Mentese ve Aydin Mugla-Milas-Balat-Datca-Marmaris-Fethiye (Mentese), Aydin-Izmir	1425-06-01 Batı Anadolu beyliklerinin yeniden ilhakı: Menteşe ve Aydın
1425-06-01	Fethiye (Makri)	yerlesimler.js	GUN-KAPALI	kok	BUYUK-HARF	OKUNMADI	büyük harfli özel ad eşleşmesi — tek tek okunmadı	0	yer	Fethiye	 Aydin Mugla-Milas-Balat-Datca-Marmaris-Fethiye (Mentese), Aydin-Izmir-Tire-Birgi-Ayasu	1425-06-01 Batı Anadolu beyliklerinin yeniden ilhakı: Menteşe ve Aydın
1425-06-01	Kuşadası	yerlesimler.js	GUN-KAPALI	kok	BUYUK-HARF	OKUNMADI	büyük harfli özel ad eşleşmesi — tek tek okunmadı	0	yer	Kusadasi	ntese), Aydin-Izmir-Tire-Birgi-Ayasuluk-Kusadasi-Soke-Cesme (Aydin) Fetret Devri'nde yen	1425-06-01 Batı Anadolu beyliklerinin yeniden ilhakı: Menteşe ve Aydın
1425-06-01	Marmaris	yerlesimler.js	GUN-KAPALI	kok	BUYUK-HARF	OKUNMADI	büyük harfli özel ad eşleşmesi — tek tek okunmadı	0	yer	Marmaris	entese ve Aydin Mugla-Milas-Balat-Datca-Marmaris-Fethiye (Mentese), Aydin-Izmir-Tire-Bir	1425-06-01 Batı Anadolu beyliklerinin yeniden ilhakı: Menteşe ve Aydın
1425-06-01	Milas	yerlesimler.js	GUN-KAPALI	kok	BUYUK-HARF	OKUNMADI	büyük harfli özel ad eşleşmesi — tek tek okunmadı	0	yer	Milas	 yeniden ilhaki: Mentese ve Aydin Mugla-Milas-Balat-Datca-Marmaris-Fethiye (Mentese),	1425-06-01 Batı Anadolu beyliklerinin yeniden ilhakı: Menteşe ve Aydın
1425-06-01	Muğla	yerlesimler.js	GUN-KAPALI	kok	BUYUK-HARF	GERCEK-OKUNDU	bağlam elle okundu (bayraklı ya da kısa/eşsesli kök)	0	yer	Mugla	erinin yeniden ilhaki: Mentese ve Aydin Mugla-Milas-Balat-Datca-Marmaris-Fethiye (Men	1425-06-01 Batı Anadolu beyliklerinin yeniden ilhakı: Menteşe ve Aydın
1425-06-01	Söke	yerlesimler.js	GUN-KAPALI	kok	BUYUK-HARF	OKUNMADI	büyük harfli özel ad eşleşmesi — tek tek okunmadı	0	yer	Soke	ydin-Izmir-Tire-Birgi-Ayasuluk-Kusadasi-Soke-Cesme (Aydin) Fetret Devri'nde yeniden 	1425-06-01 Batı Anadolu beyliklerinin yeniden ilhakı: Menteşe ve Aydın
1425-06-01	Tire	yerlesimler.js	GUN-KAPALI	kok	BUYUK-HARF	GERCEK-OKUNDU	bağlam elle okundu (bayraklı ya da kısa/eşsesli kök)	0	yer	Tire	Marmaris-Fethiye (Mentese), Aydin-Izmir-Tire-Birgi-Ayasuluk-Kusadasi-Soke-Cesme (Ayd	1425-06-01 Batı Anadolu beyliklerinin yeniden ilhakı: Menteşe ve Aydın
1425-06-01	Çeşme	yerlesimler.js	GUN-KAPALI	kok	BUYUK-HARF	OKUNMADI	büyük harfli özel ad eşleşmesi — tek tek okunmadı	0	yer	Cesme	Izmir-Tire-Birgi-Ayasuluk-Kusadasi-Soke-Cesme (Aydin) Fetret Devri'nde yeniden kurula	1425-06-01 Batı Anadolu beyliklerinin yeniden ilhakı: Menteşe ve Aydın
1425-06-01	İzmir	yerlesimler.js	GUN-KAPALI	kok	BUYUK-HARF	OKUNMADI	büyük harfli özel ad eşleşmesi — tek tek okunmadı	0	yer	Izmir	Datca-Marmaris-Fethiye (Mentese), Aydin-Izmir-Tire-Birgi-Ayasuluk-Kusadasi-Soke-Cesme	1425-06-01 Batı Anadolu beyliklerinin yeniden ilhakı: Menteşe ve Aydın
1427-01-01	Belgrad	yerlesimler.js	OCAK1	yer_id	BAGIMSIZ	GERCEK-BAGIMSIZ	yer_id/merkez yolu kökten bağımsız kapatıyor	1				1427-01-01 Belgrad'ın Macaristan'a bırakılması — Tata Antlaşması
1427-01-01	Niksar	yerlesimler.js	OCAK1	yer_id	BAGIMSIZ	GERCEK-BAGIMSIZ	yer_id/merkez yolu kökten bağımsız kapatıyor	1				1427-01-01 Tâceddinoğulları Beyliği'nin ilhakı: Niksar
1427-01-01	Yergöğü (Giurgiu)	yerlesimler.js	OCAK1	yer_id	BAGIMSIZ	GERCEK-BAGIMSIZ	yer_id/merkez yolu kökten bağımsız kapatıyor	1				1427-01-01 Yergöğü'nün Eflak'a geçişi
1427-06-01	Ordu (Bayramlı)	yerlesimler.js	GUN-KAPALI	yer_id	BAGIMSIZ	GERCEK-BAGIMSIZ	yer_id/merkez yolu kökten bağımsız kapatıyor	1				1427-06-01 Hacıemîroğulları Beyliği'nin ilhakı — Ordu ve Ünye
1427-06-01	Ünye	yerlesimler.js	GUN-KAPALI	kok	BUYUK-HARF	OKUNMADI	büyük harfli özel ad eşleşmesi — tek tek okunmadı	1	b	Unye	irogullari Beyligi'nin ilhaki - Ordu ve Unye Ordu (Bayramli), Unye, Canik Bayram Bey	1427-06-01 Hacıemîroğulları Beyliği'nin ilhakı — Ordu ve Ünye
1428-01-01	Alacahisar (Kruševac)	yerlesimler_serhat.js	OCAK1	yer_id	BAGIMSIZ	GERCEK-BAGIMSIZ	yer_id/merkez yolu kökten bağımsız kapatıyor	0				1428-01-01 II. Murad Alacahisar'ı aldı, Niş ve Şehirköy Osmanlı'ya geri döndü
1428-01-01	Niş	yerlesimler.js	OCAK1	kok	BUYUK-HARF	OKUNMADI	büyük harfli özel ad eşleşmesi — tek tek okunmadı	0	b	Nis	II. Murad Alacahisar'i aldi, Nis ve Sehirkoy Osmanli'ya geri dondu  Sirp	1428-01-01 II. Murad Alacahisar'ı aldı, Niş ve Şehirköy Osmanlı'ya geri döndü
1428-01-01	Tenochtitlan (Mexico City)	yerlesimler_amerika.js	OCAK1	kok	BUYUK-HARF	OKUNMADI	büyük harfli özel ad eşleşmesi — tek tek okunmadı	0	b	Tenochtitlan	Tenochtitlan, Texcoco ve Tlacopan Uclu Ittifak'i kur	1428-01-01 Tenochtitlan, Texcoco ve Tlacopan Üçlü İttifak'ı kurdu
1428-01-01	Texcoco	yerlesimler_amerika.js	OCAK1	kok	BUYUK-HARF	OKUNMADI	büyük harfli özel ad eşleşmesi — tek tek okunmadı	0	b	Texcoco	Tenochtitlan, Texcoco ve Tlacopan Uclu Ittifak'i kurdu  Tenoc	1428-01-01 Tenochtitlan, Texcoco ve Tlacopan Üçlü İttifak'ı kurdu
1428-01-01	Tlacopan (Tacuba)	yerlesimler_amerika.js	OCAK1	kok	BUYUK-HARF	OKUNMADI	büyük harfli özel ad eşleşmesi — tek tek okunmadı	0	b	Tlacopan	Tenochtitlan, Texcoco ve Tlacopan Uclu Ittifak'i kurdu  Tenochtitlan, Tex	1428-01-01 Tenochtitlan, Texcoco ve Tlacopan Üçlü İttifak'ı kurdu
1428-01-01	Şehirköy (Pirot)	yerlesimler_serhat.js	OCAK1	kok	BUYUK-HARF	OKUNMADI	büyük harfli özel ad eşleşmesi — tek tek okunmadı	0	b	Sehirkoy	II. Murad Alacahisar'i aldi, Nis ve Sehirkoy Osmanli'ya geri dondu  Sirp Despotu Ste	1428-01-01 II. Murad Alacahisar'ı aldı, Niş ve Şehirköy Osmanlı'ya geri döndü
1429-01-01	Alaşehir	yerlesimler.js	OCAK1	merkez	BAGIMSIZ	GERCEK-BAGIMSIZ	yer_id/merkez yolu kökten bağımsız kapatıyor	0		Kütahya		1429-01-01 Germiyan'ın vasiyetle ilhakı
1429-01-01	Emet (Eğrigöz)	yerlesimler.js	OCAK1	merkez	BAGIMSIZ	GERCEK-BAGIMSIZ	yer_id/merkez yolu kökten bağımsız kapatıyor	0		Kütahya		1429-01-01 Germiyan'ın vasiyetle ilhakı
1429-01-01	Karahisâr-ı Sâhib (Afyon)	yerlesimler.js	OCAK1	kok	BUYUK-HARF	GERCEK-OKUNDU	bağlam elle okundu (bayraklı ya da kısa/eşsesli kök)	0	d	Karahisar-i Sahib	egi. Ayni tarihte katilan oteki yerler: Karahisar-i Sahib (Afyon).	1429-01-01 Germiyan'ın vasiyetle ilhakı
1429-01-01	Kütahya	yerlesimler.js	OCAK1	yer_id	BAGIMSIZ	GERCEK-BAGIMSIZ	yer_id/merkez yolu kökten bağımsız kapatıyor	0				1429-01-01 Germiyan'ın vasiyetle ilhakı
1429-01-01	Simav	yerlesimler.js	OCAK1	merkez	BAGIMSIZ	GERCEK-BAGIMSIZ	yer_id/merkez yolu kökten bağımsız kapatıyor	0		Kütahya		1429-01-01 Germiyan'ın vasiyetle ilhakı
1429-01-01	Tavşanlı	yerlesimler.js	OCAK1	merkez	BAGIMSIZ	GERCEK-BAGIMSIZ	yer_id/merkez yolu kökten bağımsız kapatıyor	0		Kütahya		1429-01-01 Germiyan'ın vasiyetle ilhakı
1429-01-01	Uşak	yerlesimler.js	OCAK1	merkez	BAGIMSIZ	GERCEK-BAGIMSIZ	yer_id/merkez yolu kökten bağımsız kapatıyor	0		Kütahya		1429-01-01 Germiyan'ın vasiyetle ilhakı
1430-01-01	Balyabadra (Patras)	yerlesimler.js	OCAK1	yer_id	BAGIMSIZ	GERCEK-BAGIMSIZ	yer_id/merkez yolu kökten bağımsız kapatıyor	1				1430-01-01 Despot Konstantinos Patras'ı Franklardan aldı
1430-03-29	Kesendire (Kassandra)	yerlesimler.js	GUN-KAPALI	kok	BUYUK-HARF	GERCEK-OKUNDU	bağlam elle okundu (bayraklı ya da kısa/eşsesli kök)	0	d	Kesendire	ldu. Ayni tarihte katilan oteki yerler: Kesendire (Kassandra).	1430-03-29 Selanik'in kesin fethi
1430-03-29	Selanik	yerlesimler.js	GUN-KAPALI	yer_id	BAGIMSIZ	GERCEK-BAGIMSIZ	yer_id/merkez yolu kökten bağımsız kapatıyor	0				1430-03-29 Selanik'in kesin fethi
1430-10-01	Aydonat (Paramythia)	yerlesimler_epir.js	GUN-MASKELI	merkez	BAGIMSIZ	GERCEK-BAGIMSIZ	yer_id/merkez yolu kökten bağımsız kapatıyor	0		Yanya		1430-10-09 Yanya'nın teslimi
1430-10-01	Delvine	yerlesimler_epir.js	GUN-MASKELI	merkez	BAGIMSIZ	GERCEK-BAGIMSIZ	yer_id/merkez yolu kökten bağımsız kapatıyor	0		Yanya		1430-10-09 Yanya'nın teslimi
1430-10-01	Filat (Filiates)	yerlesimler_epir.js	GUN-MASKELI	merkez	BAGIMSIZ	GERCEK-BAGIMSIZ	yer_id/merkez yolu kökten bağımsız kapatıyor	0		Yanya		1430-10-09 Yanya'nın teslimi
1430-10-01	Margiliç (Margariti)	yerlesimler_epir.js	GUN-MASKELI	merkez	BAGIMSIZ	GERCEK-BAGIMSIZ	yer_id/merkez yolu kökten bağımsız kapatıyor	0		Yanya		1430-10-09 Yanya'nın teslimi
1430-10-01	Souli (Sûli)	yerlesimler_epir.js	GUN-MASKELI	merkez	BAGIMSIZ	GERCEK-BAGIMSIZ	yer_id/merkez yolu kökten bağımsız kapatıyor	0		Yanya		1430-10-09 Yanya'nın teslimi
1430-10-01	İgumenitsa (Gomenice)	yerlesimler_epir.js	GUN-MASKELI	merkez	BAGIMSIZ	GERCEK-BAGIMSIZ	yer_id/merkez yolu kökten bağımsız kapatıyor	0		Yanya		1430-10-09 Yanya'nın teslimi
1430-10-09	Yanya	yerlesimler.js	GUN-KAPALI	yer_id	BAGIMSIZ	GERCEK-BAGIMSIZ	yer_id/merkez yolu kökten bağımsız kapatıyor	0				1430-10-09 Yanya'nın teslimi
1438-01-01	Cusco (Qosqo)	yerlesimler_amerika.js	OCAK1	kok	BUYUK-HARF	OKUNMADI	büyük harfli özel ad eşleşmesi — tek tek okunmadı	0	b	Cusco	Pachacuti, Cusco kralligini buyuk bir imparatorluga donu	1438-01-01 Pachacuti, Cusco krallığını büyük bir imparatorluğa dönüştürmeye başla
1438-01-01	Kazan	yerlesimler.js	OCAK1	yer_id	BAGIMSIZ	GERCEK-BAGIMSIZ	yer_id/merkez yolu kökten bağımsız kapatıyor	1				1438-01-01 Kazan Hanlığı'nın kuruluşu — Uluğ Muhammed Han'ın Altınorda'dan ayrılı
1439-08-27	Semendire	yerlesimler.js	GUN-MASKELI	yer_id	BAGIMSIZ	GERCEK-BAGIMSIZ	yer_id/merkez yolu kökten bağımsız kapatıyor	0				1439-08-27 Semendire'nin ilk alınışı
1441-01-01	Akmescid	yerlesimler_kirim.js	OCAK1	kok	BUYUK-HARF	OKUNMADI	büyük harfli özel ad eşleşmesi — tek tek okunmadı	1	yer	Akmescid	 Giray'in Altinorda'dan bagimsizlasmasi Akmescid, Bahcesaray, Eski Kirim (Solhat), Gozle	1441-01-01 Kırım Hanlığı'nın kuruluşu — Hacı Giray'ın Altınorda'dan bağımsızlaşma
1441-01-01	Anapa	yerlesimler.js	OCAK1	merkez	BAGIMSIZ	GERCEK-BAGIMSIZ	yer_id/merkez yolu kökten bağımsız kapatıyor	0		Kefe		1441-01-01 Kırım Hanlığı'nın kuruluşu — Hacı Giray'ın Altınorda'dan bağımsızlaşma
1441-01-01	Bahçesaray	yerlesimler.js	OCAK1	yer_id	BAGIMSIZ	GERCEK-BAGIMSIZ	yer_id/merkez yolu kökten bağımsız kapatıyor	1				1441-01-01 Kırım Hanlığı'nın kuruluşu — Hacı Giray'ın Altınorda'dan bağımsızlaşma
1441-01-01	Eski Kırım (Solhat)	yerlesimler_kirim.js	OCAK1	kok	BUYUK-HARF	OKUNMADI	büyük harfli özel ad eşleşmesi — tek tek okunmadı	1	yer	Eski Kirim	n bagimsizlasmasi Akmescid, Bahcesaray, Eski Kirim (Solhat), Gozleve (Kezlev), Karasubazar	1441-01-01 Kırım Hanlığı'nın kuruluşu — Hacı Giray'ın Altınorda'dan bağımsızlaşma
1441-01-01	Gözleve (Kezlev)	yerlesimler_kirim.js	OCAK1	kok	BUYUK-HARF	OKUNMADI	büyük harfli özel ad eşleşmesi — tek tek okunmadı	1	yer	Gozleve	escid, Bahcesaray, Eski Kirim (Solhat), Gozleve (Kezlev), Karasubazar, Or Kapi (Ferahki	1441-01-01 Kırım Hanlığı'nın kuruluşu — Hacı Giray'ın Altınorda'dan bağımsızlaşma
1441-01-01	Karasubazar	yerlesimler_kirim.js	OCAK1	kok	BUYUK-HARF	OKUNMADI	büyük harfli özel ad eşleşmesi — tek tek okunmadı	1	yer	Karasubazar	 Eski Kirim (Solhat), Gozleve (Kezlev), Karasubazar, Or Kapi (Ferahkirman), Kefe cevresi, T	1441-01-01 Kırım Hanlığı'nın kuruluşu — Hacı Giray'ın Altınorda'dan bağımsızlaşma
1441-01-01	Mayapán	yerlesimler_amerika.js	OCAK1	kok	BUYUK-HARF	OKUNMADI	büyük harfli özel ad eşleşmesi — tek tek okunmadı	0	b	Mayapan	Mayapan terk edildi, bolge kucuk rakip sehir de	1441-01-01 Mayapán terk edildi, bölge küçük rakip şehir devletlerine bölündü
1441-01-01	Or Kapı (Ferahkirman)	yerlesimler_kirim.js	OCAK1	kok	BUYUK-HARF	OKUNMADI	büyük harfli özel ad eşleşmesi — tek tek okunmadı	1	yer	Or Kapi	Solhat), Gozleve (Kezlev), Karasubazar, Or Kapi (Ferahkirman), Kefe cevresi, Taganrog T	1441-01-01 Kırım Hanlığı'nın kuruluşu — Hacı Giray'ın Altınorda'dan bağımsızlaşma
1443-01-01	Şehirköy (Pirot)	yerlesimler_serhat.js	OCAK1	yer_id	BAGIMSIZ	GERCEK-BAGIMSIZ	yer_id/merkez yolu kökten bağımsız kapatıyor	0				1443-01-01 Haçlı ordusu Şehirköy'ü zaptetti — 'Uzun Sefer'in Nişava kolu
1444-08-01	Alacahisar (Kruševac)	yerlesimler_serhat.js	GUN-KAPALI	kok	BUYUK-HARF	OKUNMADI	büyük harfli özel ad eşleşmesi — tek tek okunmadı	1	d	Alacahisar	i verdi (TDV semendire); Nis (TDV nis), Alacahisar (TDV alacahisar), Sehirkoy (TDV sehirko	1444-08-01 Semendire ve Sırp kalelerinin Sırbistan'a iadesi
1444-08-01	Niş	yerlesimler.js	GUN-KAPALI	kok	BUYUK-HARF	OKUNMADI	büyük harfli özel ad eşleşmesi — tek tek okunmadı	1	d	Nis	Brankovic'e geri verdi (TDV semendire); Nis (TDV nis), Alacahisar (TDV alacahisar),	1444-08-01 Semendire ve Sırp kalelerinin Sırbistan'a iadesi
1444-08-01	Semendire	yerlesimler.js	GUN-KAPALI	yer_id	BAGIMSIZ	GERCEK-BAGIMSIZ	yer_id/merkez yolu kökten bağımsız kapatıyor	1				1444-08-01 Semendire ve Sırp kalelerinin Sırbistan'a iadesi
1448-01-01	Mostar	yerlesimler.js	OCAK1	merkez+yer_id	BAGIMSIZ	GERCEK-BAGIMSIZ	yer_id/merkez yolu kökten bağımsız kapatıyor	1		Saraybosna		1448-01-01 Saray ovasının ilhakı — Bosna içindeki Osmanlı ucunun kurulması
1448-01-01	Saraybosna	yerlesimler.js	OCAK1	yer_id	BAGIMSIZ	GERCEK-BAGIMSIZ	yer_id/merkez yolu kökten bağımsız kapatıyor	1				1448-01-01 Saray ovasının ilhakı — Bosna içindeki Osmanlı ucunun kurulması
1448-01-01	Trebinye	yerlesimler_seyrek.js	OCAK1	merkez	BAGIMSIZ	GERCEK-BAGIMSIZ	yer_id/merkez yolu kökten bağımsız kapatıyor	1		Saraybosna		1448-01-01 Saray ovasının ilhakı — Bosna içindeki Osmanlı ucunun kurulması
1448-01-01	Visoko	yerlesimler_ek2.js	OCAK1	merkez	BAGIMSIZ	GERCEK-BAGIMSIZ	yer_id/merkez yolu kökten bağımsız kapatıyor	1		Saraybosna		1448-01-01 Saray ovasının ilhakı — Bosna içindeki Osmanlı ucunun kurulması
1449-01-01	Arta	yerlesimler.js	OCAK1	yer_id	BAGIMSIZ	GERCEK-BAGIMSIZ	yer_id/merkez yolu kökten bağımsız kapatıyor	0				1449-01-01 Epir kıyısının katılışı: Arta ve Preveze
1449-01-01	Preveze	yerlesimler.js	OCAK1	kok	BUYUK-HARF	OKUNMADI	büyük harfli özel ad eşleşmesi — tek tek okunmadı	0	b	Preveze	Epir kiyisinin katilisi: Arta ve Preveze Arta, Preveze, Epir Yanya'nin 1430'da t	1449-01-01 Epir kıyısının katılışı: Arta ve Preveze
1450-01-01	Büyük Zimbabve	yerlesimler_e9353f.js	OCAK1	kok	BUYUK-HARF	OKUNMADI	büyük harfli özel ad eşleşmesi — tek tek okunmadı	1	b	Buyuk Zimbabve	Buyuk Zimbabve'nin bassehri terk edildi ve krallik dag	1450-01-01 Büyük Zimbabve'nin başşehri terk edildi ve krallık dağıldı
1450-01-01	Erzincan	yerlesimler.js	OCAK1	yer_id	BAGIMSIZ	GERCEK-BAGIMSIZ	yer_id/merkez yolu kökten bağımsız kapatıyor	1				1450-01-01 Cihan Şah Erzincan'ı aldı — Karakoyunlu hâkimiyeti
1450-01-01	Kemah	yerlesimler.js	OCAK1	kok	BUYUK-HARF	OKUNMADI	büyük harfli özel ad eşleşmesi — tek tek okunmadı	1	yer	Kemah	aldi - Karakoyunlu hakimiyeti Erzincan, Kemah Karakoyunlu hukumdari Cihan Sah 854'te 	1450-01-01 Cihan Şah Erzincan'ı aldı — Karakoyunlu hâkimiyeti
1450-01-01	Khami	yerlesimler_afrika2.js	OCAK1	kok	BUYUK-HARF	GERCEK-OKUNDU	bağlam elle okundu (bayraklı ya da kısa/eşsesli kök)	1	b	Khami	Torva kralligi Khami'de kuruldu  Torva kralligi Khami'de kur	1450-01-01 Torva krallığı Khami'de kuruldu
1450-01-01	Moundville	yerlesimler_kamerika.js	OCAK1	kok	BUYUK-HARF	OKUNMADI	büyük harfli özel ad eşleşmesi — tek tek okunmadı	1	b	Moundville	1450 dolayinda Moundville toren merkezi terk edildi  1350-1450 ar	1450-01-01 1450 dolayında Moundville tören merkezi terk edildi
1450-01-01	Yergöğü (Giurgiu)	yerlesimler.js	OCAK1	yer_id	BAGIMSIZ	GERCEK-BAGIMSIZ	yer_id/merkez yolu kökten bağımsız kapatıyor	0				1450-01-01 Yergöğü'nün yeniden Osmanlı kontrolüne girişi (853/1449-50)
1452-01-01	Bem	yerlesimler.js	OCAK1	kok	BUYUK-HARF	GERCEK-OKUNDU	bağlam elle okundu (bayraklı ya da kısa/eşsesli kök)	1	yer	Bem	 Busehr, Bender Abbas (Gamrun), Sircan, Bem, Darab, Save, Nain, Erak (Sultanabad) T	1452-01-01 Karakoyunlu Cihan Şah'ın Timurlu İran'ını (Rey, İsfahan, Fars, Kirman)
1452-01-01	Dârâb	yerlesimler.js	OCAK1	kok	BUYUK-HARF	OKUNMADI	büyük harfli özel ad eşleşmesi — tek tek okunmadı	1	yer	Darab	hr, Bender Abbas (Gamrun), Sircan, Bem, Darab, Save, Nain, Erak (Sultanabad) TDV'nin 	1452-01-01 Karakoyunlu Cihan Şah'ın Timurlu İran'ını (Rey, İsfahan, Fars, Kirman)
1452-01-01	Firûzâbâd	yerlesimler.js	OCAK1	kok	BUYUK-HARF	OKUNMADI	büyük harfli özel ad eşleşmesi — tek tek okunmadı	1	yer	Firuzabad	si Kirman, Yezd, Siraz, Kasan, Kazerun, Firuzabad, Lar, Busehr, Bender Abbas (Gamrun), Si	1452-01-01 Karakoyunlu Cihan Şah'ın Timurlu İran'ını (Rey, İsfahan, Fars, Kirman)
1452-01-01	Isfahan	yerlesimler.js	OCAK1	kok	BUYUK-HARF	OKUNMADI	büyük harfli özel ad eşleşmesi — tek tek okunmadı	1	b	Isfahan	nlu Cihan Sah'in Timurlu Iran'ini (Rey, Isfahan, Fars, Kirman) ele gecirmesi Kirman, Ye	1452-01-01 Karakoyunlu Cihan Şah'ın Timurlu İran'ını (Rey, İsfahan, Fars, Kirman)
1452-01-01	Kazvin	yerlesimler.js	OCAK1	kok	BUYUK-HARF	OKUNMADI	büyük harfli özel ad eşleşmesi — tek tek okunmadı	1	d	Kazvin	i olumunden sonra baslayan ve Sultaniye-Kazvin'in ilhakiyla acilan genisleme surecinin	1452-01-01 Karakoyunlu Cihan Şah'ın Timurlu İran'ını (Rey, İsfahan, Fars, Kirman)
1452-01-01	Kirman	yerlesimler.js	OCAK1	yer_id	BAGIMSIZ	GERCEK-BAGIMSIZ	yer_id/merkez yolu kökten bağımsız kapatıyor	1				1452-01-01 Karakoyunlu Cihan Şah'ın Timurlu İran'ını (Rey, İsfahan, Fars, Kirman)
1452-01-01	Kâzerûn	yerlesimler.js	OCAK1	kok	BUYUK-HARF	OKUNMADI	büyük harfli özel ad eşleşmesi — tek tek okunmadı	1	yer	Kazerun	e gecirmesi Kirman, Yezd, Siraz, Kasan, Kazerun, Firuzabad, Lar, Busehr, Bender Abbas (	1452-01-01 Karakoyunlu Cihan Şah'ın Timurlu İran'ını (Rey, İsfahan, Fars, Kirman)
1452-01-01	Kâşân	yerlesimler.js	OCAK1	kok	BUYUK-HARF	GERCEK-OKUNDU	bağlam elle okundu (bayraklı ya da kısa/eşsesli kök)	1	yer	Kasan	man) ele gecirmesi Kirman, Yezd, Siraz, Kasan, Kazerun, Firuzabad, Lar, Busehr, Bende	1452-01-01 Karakoyunlu Cihan Şah'ın Timurlu İran'ını (Rey, İsfahan, Fars, Kirman)
1452-01-01	Lâr	yerlesimler.js	OCAK1	kok	BUYUK-HARF	GERCEK-OKUNDU	bağlam elle okundu (bayraklı ya da kısa/eşsesli kök)	1	yer	Lar	Yezd, Siraz, Kasan, Kazerun, Firuzabad, Lar, Busehr, Bender Abbas (Gamrun), Sircan,	1452-01-01 Karakoyunlu Cihan Şah'ın Timurlu İran'ını (Rey, İsfahan, Fars, Kirman)
1452-01-01	Nâin	yerlesimler.js	OCAK1	kok	BUYUK-HARF	GERCEK-OKUNDU	bağlam elle okundu (bayraklı ya da kısa/eşsesli kök)	1	yer	Nain	bas (Gamrun), Sircan, Bem, Darab, Save, Nain, Erak (Sultanabad) TDV'nin Karakoyunlul	1452-01-01 Karakoyunlu Cihan Şah'ın Timurlu İran'ını (Rey, İsfahan, Fars, Kirman)
1452-01-01	Sircân	yerlesimler.js	OCAK1	kok	BUYUK-HARF	OKUNMADI	büyük harfli özel ad eşleşmesi — tek tek okunmadı	1	yer	Sircan	ad, Lar, Busehr, Bender Abbas (Gamrun), Sircan, Bem, Darab, Save, Nain, Erak (Sultanab	1452-01-01 Karakoyunlu Cihan Şah'ın Timurlu İran'ını (Rey, İsfahan, Fars, Kirman)
1452-01-01	Sâve	yerlesimler.js	OCAK1	kok	BUYUK-HARF	GERCEK-OKUNDU	bağlam elle okundu (bayraklı ya da kısa/eşsesli kök)	1	yer	Save	der Abbas (Gamrun), Sircan, Bem, Darab, Save, Nain, Erak (Sultanabad) TDV'nin Karako	1452-01-01 Karakoyunlu Cihan Şah'ın Timurlu İran'ını (Rey, İsfahan, Fars, Kirman)
1452-01-01	Yezd	yerlesimler.js	OCAK1	kok	BUYUK-HARF	OKUNMADI	büyük harfli özel ad eşleşmesi — tek tek okunmadı	1	yer	Yezd	an, Fars, Kirman) ele gecirmesi Kirman, Yezd, Siraz, Kasan, Kazerun, Firuzabad, Lar,	1452-01-01 Karakoyunlu Cihan Şah'ın Timurlu İran'ını (Rey, İsfahan, Fars, Kirman)
1452-01-01	Şiraz	yerlesimler.js	OCAK1	kok	BUYUK-HARF	OKUNMADI	büyük harfli özel ad eşleşmesi — tek tek okunmadı	1	yer	Siraz	rs, Kirman) ele gecirmesi Kirman, Yezd, Siraz, Kasan, Kazerun, Firuzabad, Lar, Busehr	1452-01-01 Karakoyunlu Cihan Şah'ın Timurlu İran'ını (Rey, İsfahan, Fars, Kirman)
1452-10-23	Bordo	yerlesimler.js	GUN-KAPALI	yer_id	BAGIMSIZ	GERCEK-BAGIMSIZ	yer_id/merkez yolu kökten bağımsız kapatıyor	1				1452-10-23 Bordeaux'nun İngiltere tarafından geri alınışı — John Talbot'ın son Ga
1453-05-29	Marmara Adası	yerlesimler.js	GUN-MASKELI	merkez	BAGIMSIZ	GERCEK-BAGIMSIZ	yer_id/merkez yolu kökten bağımsız kapatıyor	0		Edirne		1453-06-01 Çandarlı Halil Paşa'nın azli ve idamı
1453-05-29	Çatalca	yerlesimler_serhat.js	GUN-MASKELI	merkez	BAGIMSIZ	GERCEK-BAGIMSIZ	yer_id/merkez yolu kökten bağımsız kapatıyor	0		İstanbul		1453-05-29 İstanbul'un Fethi
1453-05-29	İstanbul	yerlesimler.js	GUN-MASKELI	kok+yer_id	BAGIMSIZ	GERCEK-BAGIMSIZ	yer_id/merkez yolu kökten bağımsız kapatıyor	0	yer	Istanbul	Candarli Halil Pasa'nin azli ve idami Istanbul, Edirne Fethin ardindan, kusatmaya mesa	1453-06-01 Çandarlı Halil Paşa'nın azli ve idamı
1453-10-19	Bordo	yerlesimler.js	GUN-KAPALI	yer_id	BAGIMSIZ	GERCEK-BAGIMSIZ	yer_id/merkez yolu kökten bağımsız kapatıyor	1				1453-10-19 Bordeaux'nun Fransa'ya kalıcı dönüşü — Yüz Yıl Savaşları'nın fiilî son
1454-01-01	Alacahisar (Kruševac)	yerlesimler_serhat.js	OCAK1	yer_id	BAGIMSIZ	GERCEK-BAGIMSIZ	yer_id/merkez yolu kökten bağımsız kapatıyor	0				1454-01-01 Alacahisar yeniden Osmanlı hâkimiyetine girdi — tımar kayıtlarının tan
1455-01-01	Bozcaada	yerlesimler.js	OCAK1	yer_id	BAGIMSIZ	GERCEK-BAGIMSIZ	yer_id/merkez yolu kökten bağımsız kapatıyor	0				1455-01-01 Kuzey Ege adalarının alınışı: Bozcaada, İmroz ve Taşoz
1455-01-01	Taşoz	yerlesimler.js	OCAK1	kok	BUYUK-HARF	OKUNMADI	büyük harfli özel ad eşleşmesi — tek tek okunmadı	0	b	Tasoz	 adalarinin alinisi: Bozcaada, Imroz ve Tasoz Bozcaada, Imroz (Gokceada), Tasoz Istan	1455-01-01 Kuzey Ege adalarının alınışı: Bozcaada, İmroz ve Taşoz
1455-01-01	İmroz	yerlesimler.js	OCAK1	kok	BUYUK-HARF	OKUNMADI	büyük harfli özel ad eşleşmesi — tek tek okunmadı	0	b	Imroz	Kuzey Ege adalarinin alinisi: Bozcaada, Imroz ve Tasoz Bozcaada, Imroz (Gokceada), Ta	1455-01-01 Kuzey Ege adalarının alınışı: Bozcaada, İmroz ve Taşoz
1455-06-01	Priştine	yerlesimler.js	GUN-KAPALI	yer_id	BAGIMSIZ	GERCEK-BAGIMSIZ	yer_id/merkez yolu kökten bağımsız kapatıyor	0				1455-06-01 Kosova'nın fethi: Priştine ve Yenipazar'ın alınması
1455-06-01	Yenipazar (Novi Pazar)	yerlesimler.js	GUN-KAPALI	kok	BUYUK-HARF	OKUNMADI	büyük harfli özel ad eşleşmesi — tek tek okunmadı	0	b	Yenipazar	Kosova'nin fethi: Pristine ve Yenipazar'in alinmasi Pristine, Yenipazar (Novi P	1455-06-01 Kosova'nın fethi: Priştine ve Yenipazar'ın alınması
1455-06-20	Prizren	yerlesimler_ek_bosluk.js	GUN-KAPALI	yer_id	BAGIMSIZ	GERCEK-BAGIMSIZ	yer_id/merkez yolu kökten bağımsız kapatıyor	0				1455-06-20 Prizren'in fethi — Kosova'da Osmanlı sancak merkezi
1456-01-01	Niş	yerlesimler.js	OCAK1	kok	BUYUK-HARF	OKUNMADI	büyük harfli özel ad eşleşmesi — tek tek okunmadı	0	d	Nis	iyetine dondu. Ayni yil ve ayni sebeple Nis de kesin olarak Osmanli idaresine girdi	1456-01-01 Şehirköy Osmanlı hâkimiyetine döndü — Curac Brankoviç'in ölümü
1456-01-01	Şehirköy (Pirot)	yerlesimler_serhat.js	OCAK1	yer_id	BAGIMSIZ	GERCEK-BAGIMSIZ	yer_id/merkez yolu kökten bağımsız kapatıyor	0				1456-01-01 Şehirköy Osmanlı hâkimiyetine döndü — Curac Brankoviç'in ölümü
1456-01-24	Enez	yerlesimler.js	GUN-KAPALI	yer_id	BAGIMSIZ	GERCEK-BAGIMSIZ	yer_id/merkez yolu kökten bağımsız kapatıyor	0				1456-01-24 Enez'in ve Semadirek'in fethi — Batı Trakya kıyısının tamamlanması
1456-01-24	Semadirek	yerlesimler.js	GUN-KAPALI	kok	BUYUK-HARF	OKUNMADI	büyük harfli özel ad eşleşmesi — tek tek okunmadı	0	b	Semadirek	Enez'in ve Semadirek'in fethi - Bati Trakya kiyisinin tamaml	1456-01-24 Enez'in ve Semadirek'in fethi — Batı Trakya kıyısının tamamlanması
1456-06-01	Birlad (Bârlad)	yerlesimler.js	GUN-MASKELI	merkez	BAGIMSIZ	GERCEK-BAGIMSIZ	yer_id/merkez yolu kökten bağımsız kapatıyor	1		Yaş		1456-06-01 Boğdan'ın haraca bağlanışı
1456-06-01	Kahul (Cahul)	yerlesimler_p0037.js	GUN-MASKELI	merkez	BAGIMSIZ	GERCEK-BAGIMSIZ	yer_id/merkez yolu kökten bağımsız kapatıyor	1		Yaş		1456-06-01 Boğdan'ın haraca bağlanışı
1456-06-01	Kalas (Galatz)	yerlesimler.js	GUN-MASKELI	merkez	BAGIMSIZ	GERCEK-BAGIMSIZ	yer_id/merkez yolu kökten bağımsız kapatıyor	1		Yaş		1456-06-01 Boğdan'ın haraca bağlanışı
1456-06-01	Orhei	yerlesimler.js	GUN-MASKELI	merkez	BAGIMSIZ	GERCEK-BAGIMSIZ	yer_id/merkez yolu kökten bağımsız kapatıyor	1		Yaş		1456-06-01 Boğdan'ın haraca bağlanışı
1456-06-01	Roman	yerlesimler.js	GUN-MASKELI	merkez	BAGIMSIZ	GERCEK-BAGIMSIZ	yer_id/merkez yolu kökten bağımsız kapatıyor	1		Yaş		1456-06-01 Boğdan'ın haraca bağlanışı
1456-06-01	Soroka (Soroca)	yerlesimler.js	GUN-MASKELI	merkez	BAGIMSIZ	GERCEK-BAGIMSIZ	yer_id/merkez yolu kökten bağımsız kapatıyor	1		Yaş		1456-06-01 Boğdan'ın haraca bağlanışı
1456-06-01	Suçava (Suceava)	yerlesimler.js	GUN-MASKELI	merkez	BAGIMSIZ	GERCEK-BAGIMSIZ	yer_id/merkez yolu kökten bağımsız kapatıyor	1		Yaş		1456-06-01 Boğdan'ın haraca bağlanışı
1456-06-01	Yaş	yerlesimler.js	GUN-MASKELI	yer_id	BAGIMSIZ	GERCEK-BAGIMSIZ	yer_id/merkez yolu kökten bağımsız kapatıyor	1				1456-06-01 Boğdan'ın haraca bağlanışı
1456-06-01	Çernovitz (Çernivtsi)	yerlesimler.js	GUN-MASKELI	merkez	BAGIMSIZ	GERCEK-BAGIMSIZ	yer_id/merkez yolu kökten bağımsız kapatıyor	1		Yaş		1456-06-01 Boğdan'ın haraca bağlanışı
1456-06-04	Atina	yerlesimler.js	GUN-KAPALI	yer_id	BAGIMSIZ	GERCEK-BAGIMSIZ	yer_id/merkez yolu kökten bağımsız kapatıyor	0				1456-06-04 Atina'nın fethi
1456-06-04	Kulluk (Salamis)	yerlesimler.js	GUN-KAPALI	merkez	BAGIMSIZ	GERCEK-BAGIMSIZ	yer_id/merkez yolu kökten bağımsız kapatıyor	0		Atina		1456-06-04 Atina'nın fethi
1456-06-04	Livadya	yerlesimler.js	GUN-KAPALI	kok	BUYUK-HARF	OKUNMADI	büyük harfli özel ad eşleşmesi — tek tek okunmadı	0	d	Livadya	e katilan oteki yerler: Istefe (Tebai), Livadya.	1456-06-04 Atina'nın fethi
1456-06-04	İstefe (Tebai)	yerlesimler.js	GUN-KAPALI	kok	BUYUK-HARF	GERCEK-OKUNDU	bağlam elle okundu (bayraklı ya da kısa/eşsesli kök)	0	d	Istefe	ldi. Ayni tarihte katilan oteki yerler: Istefe (Tebai), Livadya.	1456-06-04 Atina'nın fethi
1457-01-01	Erzincan	yerlesimler.js	OCAK1	yer_id	BAGIMSIZ	GERCEK-BAGIMSIZ	yer_id/merkez yolu kökten bağımsız kapatıyor	1				1457-01-01 Uzun Hasan Erzincan'ı geri aldı — yeniden Akkoyunlu
1457-01-01	Kemah	yerlesimler.js	OCAK1	kok	BUYUK-HARF	OKUNMADI	büyük harfli özel ad eşleşmesi — tek tek okunmadı	1	yer	Kemah	geri aldi - yeniden Akkoyunlu Erzincan, Kemah Uzun Hasan Karakoyunlular'i yenerek Erz	1457-01-01 Uzun Hasan Erzincan'ı geri aldı — yeniden Akkoyunlu
1457-01-01	Podgorica	yerlesimler.js	OCAK1	yer_id	BAGIMSIZ	GERCEK-BAGIMSIZ	yer_id/merkez yolu kökten bağımsız kapatıyor	0				1457-01-01 Podgorica'nın Osmanlı topraklarına katılması — Zeta ovasının denetim a
1458-05-01	Balyabadra (Patras)	yerlesimler.js	GUN-KAPALI	yer_id	BAGIMSIZ	GERCEK-BAGIMSIZ	yer_id/merkez yolu kökten bağımsız kapatıyor	1				1458-05-01 Kuzey Mora'nın fethi: Balyabadra (Patras)
1459-03-07	Dubrovnik	yerlesimler.js	GUN-KAPALI	yer_id	BAGIMSIZ	GERCEK-BAGIMSIZ	yer_id/merkez yolu kökten bağımsız kapatıyor	0				1459-03-07 Dubrovnik (Raguza) haracı
1459-06-20	Semendire	yerlesimler.js	GUN-MASKELI	yer_id	BAGIMSIZ	GERCEK-BAGIMSIZ	yer_id/merkez yolu kökten bağımsız kapatıyor	0				1459-06-20 Sırbistan'ın ilhakı (Semendire'nin düşüşü)
1460-01-01	Amasra	yerlesimler.js	OCAK1	yer_id	BAGIMSIZ	GERCEK-BAGIMSIZ	yer_id/merkez yolu kökten bağımsız kapatıyor	0				1460-01-01 Batı Karadeniz kıyısının alınışı: Amasra
1460-01-01	İzvornik (Zvornik)	yerlesimler.js	OCAK1	yer_id	BAGIMSIZ	GERCEK-BAGIMSIZ	yer_id/merkez yolu kökten bağımsız kapatıyor	0				1460-01-01 İzvornik (Zvornik) kalesinin fethi
1460-05-29	Damala (Troizen)	yerlesimler.js	GUN-KAPALI	merkez	BAGIMSIZ	GERCEK-BAGIMSIZ	yer_id/merkez yolu kökten bağımsız kapatıyor	0		Mora (Tripoliçe)		1460-05-29 Mora'nın fethi
1460-05-29	Elafonisos (Cervi)	yerlesimler_ek_adalar.js	GUN-KAPALI	merkez	BAGIMSIZ	GERCEK-BAGIMSIZ	yer_id/merkez yolu kökten bağımsız kapatıyor	0		Mora (Tripoliçe)		1460-05-29 Mora'nın fethi
1460-05-29	Ermiyoni (Hermione)	yerlesimler.js	GUN-KAPALI	merkez	BAGIMSIZ	GERCEK-BAGIMSIZ	yer_id/merkez yolu kökten bağımsız kapatıyor	0		Mora (Tripoliçe)		1460-05-29 Mora'nın fethi
1460-05-29	Kranidi	yerlesimler.js	GUN-KAPALI	merkez	BAGIMSIZ	GERCEK-BAGIMSIZ	yer_id/merkez yolu kökten bağımsız kapatıyor	0		Mora (Tripoliçe)		1460-05-29 Mora'nın fethi
1460-05-29	Methana	yerlesimler.js	GUN-KAPALI	merkez	BAGIMSIZ	GERCEK-BAGIMSIZ	yer_id/merkez yolu kökten bağımsız kapatıyor	0		Mora (Tripoliçe)		1460-05-29 Mora'nın fethi
1460-05-29	Mora (Tripoliçe)	yerlesimler.js	GUN-KAPALI	yer_id	BAGIMSIZ	GERCEK-BAGIMSIZ	yer_id/merkez yolu kökten bağımsız kapatıyor	1				1460-05-29 Mora'nın fethi
1460-05-29	Çamlıca (Hidra)	yerlesimler.js	GUN-KAPALI	merkez	BAGIMSIZ	GERCEK-BAGIMSIZ	yer_id/merkez yolu kökten bağımsız kapatıyor	0		Mora (Tripoliçe)		1460-05-29 Mora'nın fethi
1461-06-01	Bartın	yerlesimler.js	GUN-MASKELI	kok	BUYUK-HARF	OKUNMADI	büyük harfli özel ad eşleşmesi — tek tek okunmadı	0	d	Bartin	arihte katilan oteki yerler: Kastamonu, Bartin, Safranbolu.	1461-06-01 Amasra ve Sinop'un katılışı
1461-06-01	Kastamonu	yerlesimler.js	GUN-MASKELI	kok	BUYUK-HARF	GERCEK-OKUNDU	bağlam elle okundu (bayraklı ya da kısa/eşsesli kök)	0	d	Kastamonu	ldi. Ayni tarihte katilan oteki yerler: Kastamonu, Bartin, Safranbolu.	1461-06-01 Amasra ve Sinop'un katılışı
1461-06-01	Safranbolu	yerlesimler.js	GUN-MASKELI	kok	BUYUK-HARF	OKUNMADI	büyük harfli özel ad eşleşmesi — tek tek okunmadı	0	d	Safranbolu	atilan oteki yerler: Kastamonu, Bartin, Safranbolu.	1461-06-01 Amasra ve Sinop'un katılışı
1461-06-01	Sinop	yerlesimler.js	GUN-MASKELI	yer_id	BAGIMSIZ	GERCEK-BAGIMSIZ	yer_id/merkez yolu kökten bağımsız kapatıyor	0				1461-06-01 Amasra ve Sinop'un katılışı
1461-08-15	Arhavi	yerlesimler_ek28.js	GUN-KAPALI	merkez	BAGIMSIZ	GERCEK-BAGIMSIZ	yer_id/merkez yolu kökten bağımsız kapatıyor	1		Trabzon		1461-08-15 Trabzon'un fethi
1461-08-15	Giresun	yerlesimler.js	GUN-KAPALI	kok	BUYUK-HARF	GERCEK-OKUNDU	bağlam elle okundu (bayraklı ya da kısa/eşsesli kök)	1	d	Giresun	rdi. Ayni tarihte katilan oteki yerler: Giresun, Rize.	1461-08-15 Trabzon'un fethi
1461-08-15	Rize	yerlesimler.js	GUN-KAPALI	kok	BUYUK-HARF	OKUNMADI	büyük harfli özel ad eşleşmesi — tek tek okunmadı	1	d	Rize	 tarihte katilan oteki yerler: Giresun, Rize.	1461-08-15 Trabzon'un fethi
1461-08-15	Trabzon	yerlesimler.js	GUN-KAPALI	yer_id	BAGIMSIZ	GERCEK-BAGIMSIZ	yer_id/merkez yolu kökten bağımsız kapatıyor	1				1461-08-15 Trabzon'un fethi
1462-01-01	Hasankeyf	yerlesimler_ok107.js	OCAK1	yer_id	BAGIMSIZ	GERCEK-BAGIMSIZ	yer_id/merkez yolu kökten bağımsız kapatıyor	1				1462-01-01 Akkoyunlu Uzun Hasan, Hısnıkeyfâ Eyyûbî kolunu ortadan kaldırdı
1462-01-01	Siirt	yerlesimler_ok107.js	OCAK1	kok	BUYUK-HARF	OKUNMADI	büyük harfli özel ad eşleşmesi — tek tek okunmadı	1	d	Siirt	dan biri olan Hisnikeyfa (Hasankeyf) ve Siirt, 1462'de Akkoyunlu hukumdari Uzun Hasan	1462-01-01 Akkoyunlu Uzun Hasan, Hısnıkeyfâ Eyyûbî kolunu ortadan kaldırdı
1462-06-01	Buzău	yerlesimler.js	GUN-KAPALI	merkez	BAGIMSIZ	GERCEK-BAGIMSIZ	yer_id/merkez yolu kökten bağımsız kapatıyor	1		Bükreş		1462-06-01 Eflak seferi: Kazıklı Voyvoda
1462-06-01	Bükreş	yerlesimler.js	GUN-KAPALI	yer_id	BAGIMSIZ	GERCEK-BAGIMSIZ	yer_id/merkez yolu kökten bağımsız kapatıyor	1				1462-06-01 Eflak seferi: Kazıklı Voyvoda
1462-06-01	Krayova (Craiova)	yerlesimler.js	GUN-KAPALI	merkez	BAGIMSIZ	GERCEK-BAGIMSIZ	yer_id/merkez yolu kökten bağımsız kapatıyor	1		Bükreş		1462-06-01 Eflak seferi: Kazıklı Voyvoda
1462-06-01	Kımpulung (Câmpulung)	yerlesimler.js	GUN-KAPALI	merkez	BAGIMSIZ	GERCEK-BAGIMSIZ	yer_id/merkez yolu kökten bağımsız kapatıyor	1		Bükreş		1462-06-01 Eflak seferi: Kazıklı Voyvoda
1462-06-01	Piteşti	yerlesimler.js	GUN-KAPALI	merkez	BAGIMSIZ	GERCEK-BAGIMSIZ	yer_id/merkez yolu kökten bağımsız kapatıyor	1		Bükreş		1462-06-01 Eflak seferi: Kazıklı Voyvoda
1462-06-01	Rimnik (Râmnicu Vâlcea)	yerlesimler.js	GUN-KAPALI	merkez	BAGIMSIZ	GERCEK-BAGIMSIZ	yer_id/merkez yolu kökten bağımsız kapatıyor	1		Bükreş		1462-06-01 Eflak seferi: Kazıklı Voyvoda
1462-06-01	Rimnik-i Sârat (Râmnicu Sărat)	yerlesimler.js	GUN-KAPALI	merkez	BAGIMSIZ	GERCEK-BAGIMSIZ	yer_id/merkez yolu kökten bağımsız kapatıyor	1		Bükreş		1462-06-01 Eflak seferi: Kazıklı Voyvoda
1462-06-01	Slatina	yerlesimler.js	GUN-KAPALI	merkez	BAGIMSIZ	GERCEK-BAGIMSIZ	yer_id/merkez yolu kökten bağımsız kapatıyor	1		Bükreş		1462-06-01 Eflak seferi: Kazıklı Voyvoda
1462-06-01	Turnu Severin	yerlesimler.js	GUN-KAPALI	merkez	BAGIMSIZ	GERCEK-BAGIMSIZ	yer_id/merkez yolu kökten bağımsız kapatıyor	1		Bükreş		1462-06-01 Eflak seferi: Kazıklı Voyvoda
1462-06-01	Tırgovişte	yerlesimler.js	GUN-KAPALI	merkez	BAGIMSIZ	GERCEK-BAGIMSIZ	yer_id/merkez yolu kökten bağımsız kapatıyor	1		Bükreş		1462-06-01 Eflak seferi: Kazıklı Voyvoda
1462-06-01	Tırgu Jiu	yerlesimler.js	GUN-KAPALI	merkez	BAGIMSIZ	GERCEK-BAGIMSIZ	yer_id/merkez yolu kökten bağımsız kapatıyor	1		Bükreş		1462-06-01 Eflak seferi: Kazıklı Voyvoda
1462-09-17	Midilli	yerlesimler.js	GUN-KAPALI	yer_id	BAGIMSIZ	GERCEK-BAGIMSIZ	yer_id/merkez yolu kökten bağımsız kapatıyor	0				1462-09-17 Midilli adasının fethi
1462-09-17	Molova (Molyvos)	yerlesimler.js	GUN-KAPALI	kok	BUYUK-HARF	OKUNMADI	büyük harfli özel ad eşleşmesi — tek tek okunmadı	0	yer	Molova	idilli adasinin fethi Midilli (Lesbos), Molova Fatih Sultan Mehmed kumandasindaki Osma	1462-09-17 Midilli adasının fethi
1463-06-01	Banaluka	yerlesimler.js	GUN-KAPALI	kok	BUYUK-HARF	OKUNMADI	büyük harfli özel ad eşleşmesi — tek tek okunmadı	1	d	Banaluka	k banatligi 1512'de, kuzeydeki Yayca ve Banaluka ise ancak Mohac'tan sonra 1528'de alina	1463-06-01 Bosna Krallığı'nın yıkılışı — Fâtih'in Bosna seferi
1463-06-01	Srebrenik	yerlesimler.js	GUN-KAPALI	kok	BUYUK-HARF	OKUNMADI	büyük harfli özel ad eşleşmesi — tek tek okunmadı	1	d	Srebrenik	 Livno 1469'da, Hersek Duklugu 1483'te, Srebrenik banatligi 1512'de, kuzeydeki Yayca ve B	1463-06-01 Bosna Krallığı'nın yıkılışı — Fâtih'in Bosna seferi
1463-06-01	Travnik	yerlesimler.js	GUN-KAPALI	kok	BUYUK-HARF	OKUNMADI	büyük harfli özel ad eşleşmesi — tek tek okunmadı	1	d	Travnik	. Bu tarihte dogrudan el degistiren yer Travnik'tir; Yayca ise bu tarihte Osmanli'ya de	1463-06-01 Bosna Krallığı'nın yıkılışı — Fâtih'in Bosna seferi
1463-06-01	Yayça (Jajce)	yerlesimler.js	GUN-KAPALI	kok	BUYUK-HARF	OKUNMADI	büyük harfli özel ad eşleşmesi — tek tek okunmadı	1	d	Yayca	 Srebrenik banatligi 1512'de, kuzeydeki Yayca ve Banaluka ise ancak Mohac'tan sonra 1	1463-06-01 Bosna Krallığı'nın yıkılışı — Fâtih'in Bosna seferi
1465-01-01	Foça (Foča)	yerlesimler.js	OCAK1	yer_id	BAGIMSIZ	GERCEK-BAGIMSIZ	yer_id/merkez yolu kökten bağımsız kapatıyor	0				1465-01-01 Foça'nın alınışı — Hersek Düklüğü'ne ilk girişin açılması
1466-10-19	Elbing (Elbląg)	yerlesimler.js	GUN-KAPALI	kok	BUYUK-HARF	OKUNMADI	büyük harfli özel ad eşleşmesi — tek tek okunmadı	0	d	Elbing	ig'i (Gdansk) iceren Dogu Pomeranya'yi, Elbing'i (Elblag) iceren Vistul agzini ve Kulm	1466-10-19 İkinci Thorn Antlaşması — Danzig (Gdańsk) ve Batı Prusya Lehistan'a ba
1466-10-19	Gdansk	yerlesimler.js	GUN-KAPALI	yer_id	BAGIMSIZ	GERCEK-BAGIMSIZ	yer_id/merkez yolu kökten bağımsız kapatıyor	0				1466-10-19 İkinci Thorn Antlaşması — Danzig (Gdańsk) ve Batı Prusya Lehistan'a ba
1466-10-19	Torun (Toruń)	yerlesimler.js	GUN-KAPALI	kok	BUYUK-HARF	OKUNMADI	büyük harfli özel ad eşleşmesi — tek tek okunmadı	0	d	Torun	Savaslari'ni sona erdiren Ikinci Thorn (Torun) Antlasmasi, 19 Ekim 1466'da imzalandi;	1466-10-19 İkinci Thorn Antlaşması — Danzig (Gdańsk) ve Batı Prusya Lehistan'a ba
1467-01-01	Bargiri (Muradiye)	yerlesimler_ek_ferhadpasa.js	OCAK1	kok	BUYUK-HARF	OKUNMADI	büyük harfli özel ad eşleşmesi — tek tek okunmadı	1	d	Bargiri	masiyla Van golu havzasi - Van, Bitlis, Bargiri (Muradiye), Hosap ve Kotur - Karakoyunl	1467-01-01 Uzun Hasan Karakoyunlu Devleti'ne son verdi — Van gölü havzası Akkoyun
1467-01-01	Başkale	yerlesimler_ek26.js	OCAK1	merkez	BAGIMSIZ	GERCEK-BAGIMSIZ	yer_id/merkez yolu kökten bağımsız kapatıyor	1		Van		1467-01-01 Uzun Hasan Karakoyunlu Devleti'ne son verdi — Van gölü havzası Akkoyun
1467-01-01	Bitlis	yerlesimler.js	OCAK1	kok	BUYUK-HARF	OKUNMADI	büyük harfli özel ad eşleşmesi — tek tek okunmadı	1	d	Bitlis	dan kalkmasiyla Van golu havzasi - Van, Bitlis, Bargiri (Muradiye), Hosap ve Kotur - K	1467-01-01 Uzun Hasan Karakoyunlu Devleti'ne son verdi — Van gölü havzası Akkoyun
1467-01-01	Hoşap (Mahmudi)	yerlesimler_ek_ferhadpasa.js	OCAK1	kok	BUYUK-HARF	OKUNMADI	büyük harfli özel ad eşleşmesi — tek tek okunmadı	1	d	Hosap	zasi - Van, Bitlis, Bargiri (Muradiye), Hosap ve Kotur - Karakoyunlu'dan Akkoyunlu id	1467-01-01 Uzun Hasan Karakoyunlu Devleti'ne son verdi — Van gölü havzası Akkoyun
1467-01-01	Kotur	yerlesimler_ek_ferhadpasa.js	OCAK1	kok	BUYUK-HARF	GERCEK-OKUNDU	bağlam elle okundu (bayraklı ya da kısa/eşsesli kök)	1	d	Kotur	n, Bitlis, Bargiri (Muradiye), Hosap ve Kotur - Karakoyunlu'dan Akkoyunlu idaresine g	1467-01-01 Uzun Hasan Karakoyunlu Devleti'ne son verdi — Van gölü havzası Akkoyun
1467-01-01	Van	yerlesimler.js	OCAK1	yer_id	BAGIMSIZ	GERCEK-BAGIMSIZ	yer_id/merkez yolu kökten bağımsız kapatıyor	1				1467-01-01 Uzun Hasan Karakoyunlu Devleti'ne son verdi — Van gölü havzası Akkoyun
1467-01-01	Yüksekova (Gever)	yerlesimler_ek26.js	OCAK1	merkez	BAGIMSIZ	GERCEK-BAGIMSIZ	yer_id/merkez yolu kökten bağımsız kapatıyor	1		Van		1467-01-01 Uzun Hasan Karakoyunlu Devleti'ne son verdi — Van gölü havzası Akkoyun
1467-01-01	Çaldıran	yerlesimler_ek26.js	OCAK1	merkez	BAGIMSIZ	GERCEK-BAGIMSIZ	yer_id/merkez yolu kökten bağımsız kapatıyor	1		Van		1467-01-01 Uzun Hasan Karakoyunlu Devleti'ne son verdi — Van gölü havzası Akkoyun
1467-01-01	Çölemerik (Hakkâri)	yerlesimler_ek_ferhadpasa.js	OCAK1	merkez	BAGIMSIZ	GERCEK-BAGIMSIZ	yer_id/merkez yolu kökten bağımsız kapatıyor	1		Van		1467-01-01 Uzun Hasan Karakoyunlu Devleti'ne son verdi — Van gölü havzası Akkoyun
1467-01-01	Özalp (Saray)	yerlesimler_ek26.js	OCAK1	merkez	BAGIMSIZ	GERCEK-BAGIMSIZ	yer_id/merkez yolu kökten bağımsız kapatıyor	1		Van		1467-01-01 Uzun Hasan Karakoyunlu Devleti'ne son verdi — Van gölü havzası Akkoyun
1468-01-01	Aksaray	yerlesimler.js	OCAK1	kok	BUYUK-HARF	OKUNMADI	büyük harfli özel ad eşleşmesi — tek tek okunmadı	0	yer	Aksaray	 ilhaki Konya, Karaman, Nigde, Ermenek, Aksaray, Ilgin, Karapinar, Ulukisla Karamanogul	1468-01-01 Karaman'ın kesin ilhakı
1468-01-01	Ermenek	yerlesimler.js	OCAK1	kok	BUYUK-HARF	OKUNMADI	büyük harfli özel ad eşleşmesi — tek tek okunmadı	0	yer	Ermenek	'in kesin ilhaki Konya, Karaman, Nigde, Ermenek, Aksaray, Ilgin, Karapinar, Ulukisla Ka	1468-01-01 Karaman'ın kesin ilhakı
1468-01-01	Ilgın	yerlesimler_ek29.js	OCAK1	kok	BUYUK-HARF	OKUNMADI	büyük harfli özel ad eşleşmesi — tek tek okunmadı	0	yer	Ilgin	onya, Karaman, Nigde, Ermenek, Aksaray, Ilgin, Karapinar, Ulukisla Karamanogullari'ni	1468-01-01 Karaman'ın kesin ilhakı
1468-01-01	Karaman	yerlesimler.js	OCAK1	kok	BUYUK-HARF	OKUNMADI	büyük harfli özel ad eşleşmesi — tek tek okunmadı	0	b	Karaman	Karaman'in kesin ilhaki Konya, Karaman, Nigde, 	1468-01-01 Karaman'ın kesin ilhakı
1468-01-01	Karapınar	yerlesimler_ek29.js	OCAK1	kok	BUYUK-HARF	OKUNMADI	büyük harfli özel ad eşleşmesi — tek tek okunmadı	0	yer	Karapinar	araman, Nigde, Ermenek, Aksaray, Ilgin, Karapinar, Ulukisla Karamanogullari'nin merkez to	1468-01-01 Karaman'ın kesin ilhakı
1468-01-01	Konya	yerlesimler.js	OCAK1	yer_id	BAGIMSIZ	GERCEK-BAGIMSIZ	yer_id/merkez yolu kökten bağımsız kapatıyor	0				1468-01-01 Karaman'ın kesin ilhakı
1468-01-01	Niğde	yerlesimler.js	OCAK1	kok	BUYUK-HARF	OKUNMADI	büyük harfli özel ad eşleşmesi — tek tek okunmadı	0	yer	Nigde	Karaman'in kesin ilhaki Konya, Karaman, Nigde, Ermenek, Aksaray, Ilgin, Karapinar, Ul	1468-01-01 Karaman'ın kesin ilhakı
1468-01-01	Timbuktu	yerlesimler.js	OCAK1	kok	BUYUK-HARF	OKUNMADI	büyük harfli özel ad eşleşmesi — tek tek okunmadı	1	b	Timbuktu	Sunni Ali, Tuareglerin elindeki Timbuktu'yu Songhay'a katti; bu Mali'nin bolgede	1468-01-01 Sünnî Ali, Tuareglerin elindeki Timbuktu'yu Songhay'a kattı; bu Mali'n
1468-01-01	Ulukışla	yerlesimler_ek29.js	OCAK1	kok	BUYUK-HARF	OKUNMADI	büyük harfli özel ad eşleşmesi — tek tek okunmadı	0	yer	Ulukisla	de, Ermenek, Aksaray, Ilgin, Karapinar, Ulukisla Karamanogullari'nin merkez topraklari k	1468-01-01 Karaman'ın kesin ilhakı
1468-04-01	Ahar (Karadağ)	yerlesimler.js	GUN-KAPALI	merkez	BAGIMSIZ	GERCEK-BAGIMSIZ	yer_id/merkez yolu kökten bağımsız kapatıyor	1		Tebriz		1468-04-01 Uzun Hasan'ın Karakoyunlu Devleti'ne son vermesi
1468-04-01	Hoy	yerlesimler.js	GUN-KAPALI	merkez	BAGIMSIZ	GERCEK-BAGIMSIZ	yer_id/merkez yolu kökten bağımsız kapatıyor	1		Tebriz		1468-04-01 Uzun Hasan'ın Karakoyunlu Devleti'ne son vermesi
1468-04-01	Miyâne	yerlesimler.js	GUN-KAPALI	merkez	BAGIMSIZ	GERCEK-BAGIMSIZ	yer_id/merkez yolu kökten bağımsız kapatıyor	1		Tebriz		1468-04-01 Uzun Hasan'ın Karakoyunlu Devleti'ne son vermesi
1468-04-01	Sarâb	yerlesimler.js	GUN-KAPALI	merkez	BAGIMSIZ	GERCEK-BAGIMSIZ	yer_id/merkez yolu kökten bağımsız kapatıyor	1		Tebriz		1468-04-01 Uzun Hasan'ın Karakoyunlu Devleti'ne son vermesi
1468-04-01	Tebriz	yerlesimler.js	GUN-KAPALI	yer_id	BAGIMSIZ	GERCEK-BAGIMSIZ	yer_id/merkez yolu kökten bağımsız kapatıyor	1				1468-04-01 Uzun Hasan'ın Karakoyunlu Devleti'ne son vermesi
1469-01-01	Livno (İhlevne)	yerlesimler.js	OCAK1	yer_id	BAGIMSIZ	GERCEK-BAGIMSIZ	yer_id/merkez yolu kökten bağımsız kapatıyor	1				1469-01-01 Livno ve batı Bosna'nın kesin ilhakı — Venedik sınırının kurulması
1470-07-12	Eğriboz	yerlesimler.js	GUN-MASKELI	yer_id	BAGIMSIZ	GERCEK-BAGIMSIZ	yer_id/merkez yolu kökten bağımsız kapatıyor	0				1470-07-12 Eğriboz'un fethi
1470-07-12	Oreoi (İstiaia)	yerlesimler.js	GUN-MASKELI	merkez	BAGIMSIZ	GERCEK-BAGIMSIZ	yer_id/merkez yolu kökten bağımsız kapatıyor	0		Eğriboz		1470-07-12 Eğriboz'un fethi
1471-01-01	Alanya	yerlesimler.js	OCAK1	yer_id	BAGIMSIZ	GERCEK-BAGIMSIZ	yer_id/merkez yolu kökten bağımsız kapatıyor	0				1471-01-01 Alanya, Anamur ve Silifke'nin (İçel) ilhakı
1471-01-01	Anamur	yerlesimler.js	OCAK1	kok	BUYUK-HARF	OKUNMADI	büyük harfli özel ad eşleşmesi — tek tek okunmadı	0	b	Anamur	Alanya, Anamur ve Silifke'nin (Icel) ilhaki Alanya, An	1471-01-01 Alanya, Anamur ve Silifke'nin (İçel) ilhakı
1471-08-28	Tanca	yerlesimler.js	GUN-KAPALI	kok	BUYUK-HARF	OKUNMADI	büyük harfli özel ad eşleşmesi — tek tek okunmadı	1	d	Tanca	24 Agustos 1471'de aldi. Sehrin dusmesi Tanca'nin direncini kirdi; Tanca dort gun son	1471-08-24 Arzila'nın Portekiz tarafından alınışı — Fas kıyısında ikinci köprübaş
1473-01-01	Cenne (Djenné)	yerlesimler_e9353f.js	OCAK1	kok	BUYUK-HARF	OKUNMADI	büyük harfli özel ad eşleşmesi — tek tek okunmadı	0	b	Cenne	Ali, yedi yil suren kusatmanin ardindan Cenne'yi (Jenne) acliga mahkum ederek teslim 	1473-01-01 Sünnî Ali, yedi yıl süren kuşatmanın ardından Cenne'yi (Jenne) açlığa 
1473-01-01	Silifke	yerlesimler.js	OCAK1	yer_id	BAGIMSIZ	GERCEK-BAGIMSIZ	yer_id/merkez yolu kökten bağımsız kapatıyor	1				1473-01-01 Silifke'nin kesin fethi — Karamanoğulları'nın son direnişinin kırılmas
1473-08-11	Karahisâr-ı Şarkî (Şebinkarahisar)	yerlesimler_ek29.js	GUN-KAPALI	kok	BUYUK-HARF	OKUNMADI	büyük harfli özel ad eşleşmesi — tek tek okunmadı	0	yer	Karahisar-i Sarki	beli Savasi Otlukbeli, Erzincan yakini, Karahisar-i Sarki Dogu'da buyuk bir guc haline gelen ve V	1473-08-11 Otlukbeli Savaşı
1473-08-11	Kelkit	yerlesimler_ek29.js	GUN-KAPALI	merkez	BAGIMSIZ	GERCEK-BAGIMSIZ	yer_id/merkez yolu kökten bağımsız kapatıyor	0		Erzincan		1473-08-11 Otlukbeli Savaşı
1475-06-06	Aluşta	yerlesimler_kirim.js	GUN-MASKELI	merkez	BAGIMSIZ	GERCEK-BAGIMSIZ	yer_id/merkez yolu kökten bağımsız kapatıyor	0		Kefe		1475-06-06 Kırım'ın Osmanlı himayesine girişi
1475-06-06	Anapa	yerlesimler.js	GUN-MASKELI	merkez	BAGIMSIZ	GERCEK-BAGIMSIZ	yer_id/merkez yolu kökten bağımsız kapatıyor	0		Kefe		1475-06-06 Kırım'ın Osmanlı himayesine girişi
1475-06-06	Azak	yerlesimler.js	GUN-MASKELI	kok	BUYUK-HARF	OKUNMADI	büyük harfli özel ad eşleşmesi — tek tek okunmadı	0	d	Azak	katilan oteki yerler: Bahcesaray, Kerc, Azak.	1475-06-06 Kırım'ın Osmanlı himayesine girişi
1475-06-06	Bahçesaray	yerlesimler.js	GUN-MASKELI	kok	BUYUK-HARF	GERCEK-OKUNDU	bağlam elle okundu (bayraklı ya da kısa/eşsesli kök)	1	d	Bahcesaray	stu. Ayni tarihte katilan oteki yerler: Bahcesaray, Kerc, Azak.	1475-06-06 Kırım'ın Osmanlı himayesine girişi
1475-06-06	Balaklava (Cembalo)	yerlesimler_kirim.js	GUN-MASKELI	merkez	BAGIMSIZ	GERCEK-BAGIMSIZ	yer_id/merkez yolu kökten bağımsız kapatıyor	0		Kefe		1475-06-06 Kırım'ın Osmanlı himayesine girişi
1475-06-06	Kefe	yerlesimler.js	GUN-MASKELI	yer_id	BAGIMSIZ	GERCEK-BAGIMSIZ	yer_id/merkez yolu kökten bağımsız kapatıyor	0				1475-06-06 Kırım'ın Osmanlı himayesine girişi
1475-06-06	Kerç	yerlesimler.js	GUN-MASKELI	kok	BUYUK-HARF	OKUNMADI	büyük harfli özel ad eşleşmesi — tek tek okunmadı	0	d	Kerc	rihte katilan oteki yerler: Bahcesaray, Kerc, Azak.	1475-06-06 Kırım'ın Osmanlı himayesine girişi
1475-06-06	Mankup	yerlesimler_ek2.js	GUN-MASKELI	merkez	BAGIMSIZ	GERCEK-BAGIMSIZ	yer_id/merkez yolu kökten bağımsız kapatıyor	0		Kefe		1475-06-06 Kırım'ın Osmanlı himayesine girişi
1475-06-06	Sudak (Suğdak)	yerlesimler_kirim.js	GUN-MASKELI	merkez	BAGIMSIZ	GERCEK-BAGIMSIZ	yer_id/merkez yolu kökten bağımsız kapatıyor	0		Kefe		1475-06-06 Kırım'ın Osmanlı himayesine girişi
1475-06-06	Yalta	yerlesimler_kirim.js	GUN-MASKELI	merkez	BAGIMSIZ	GERCEK-BAGIMSIZ	yer_id/merkez yolu kökten bağımsız kapatıyor	0		Kefe		1475-06-06 Kırım'ın Osmanlı himayesine girişi
1476-02-01	Böğürdelen (Šabac)	yerlesimler.js	GUN-KAPALI	yer_id	BAGIMSIZ	GERCEK-BAGIMSIZ	yer_id/merkez yolu kökten bağımsız kapatıyor	0				1476-02-01 Böğürdelen'in Macarlara kaybı — Sava hattındaki ilk gedik
1478-06-15	Leş (Alessio)	yerlesimler_ok104.js	GUN-KAPALI	kok	BUYUK-HARF	GERCEK-OKUNDU	bağlam elle okundu (bayraklı ya da kısa/eşsesli kök)	0	yer	Les	mamlanmasi Akcahisar (Kruja), Drivasto, Les Iskender Bey'in olumunden on yil sonra,	1478-06-15 Akçahisar'ın (Kruja) fethi ve Arnavutluk'un tamamlanması
1478-06-16	Akçahisar (Kruja)	yerlesimler.js	GUN-KAPALI	yer_id	BAGIMSIZ	GERCEK-BAGIMSIZ	yer_id/merkez yolu kökten bağımsız kapatıyor	1				1478-06-15 Akçahisar'ın (Kruja) fethi ve Arnavutluk'un tamamlanması
1479-01-25	Bozbaba (Ay Strati)	yerlesimler.js	GUN-KAPALI	kok	BUYUK-HARF	OKUNMADI	büyük harfli özel ad eşleşmesi — tek tek okunmadı	0	d	Bozbaba	hte katilan oteki yerler: Limni, Sisam, Bozbaba (Ay Strati).	1479-01-25 İstanbul Antlaşması — Arnavutluk ve İşkodra
1479-01-25	Limni	yerlesimler.js	GUN-KAPALI	kok	BUYUK-HARF	GERCEK-OKUNDU	bağlam elle okundu (bayraklı ya da kısa/eşsesli kök)	0	d	Limni	ldi. Ayni tarihte katilan oteki yerler: Limni, Sisam, Bozbaba (Ay Strati).	1479-01-25 İstanbul Antlaşması — Arnavutluk ve İşkodra
1479-01-25	Sisam	yerlesimler.js	GUN-KAPALI	kok	BUYUK-HARF	OKUNMADI	büyük harfli özel ad eşleşmesi — tek tek okunmadı	0	d	Sisam	ni tarihte katilan oteki yerler: Limni, Sisam, Bozbaba (Ay Strati).	1479-01-25 İstanbul Antlaşması — Arnavutluk ve İşkodra
1479-01-25	İşkodra	yerlesimler.js	GUN-KAPALI	yer_id	BAGIMSIZ	GERCEK-BAGIMSIZ	yer_id/merkez yolu kökten bağımsız kapatıyor	0				1479-01-25 İstanbul Antlaşması — Arnavutluk ve İşkodra
1479-08-01	Ayamavra (Lefkada)	yerlesimler.js	GUN-KAPALI	yer_id	BAGIMSIZ	GERCEK-BAGIMSIZ	yer_id/merkez yolu kökten bağımsız kapatıyor	0				1479-08-01 İyon adalarının fethi — Tocco düklüğünün sonu: Ayamavra, Kefalonya, Za
1479-08-01	Kefalonya	yerlesimler.js	GUN-KAPALI	kok	BUYUK-HARF	OKUNMADI	büyük harfli özel ad eşleşmesi — tek tek okunmadı	0	b	Kefalonya	ethi - Tocco duklugunun sonu: Ayamavra, Kefalonya, Zaklise, Ithaki Ayamavra (Lefkada), Ke	1479-08-01 İyon adalarının fethi — Tocco düklüğünün sonu: Ayamavra, Kefalonya, Za
1479-08-01	Zaklise (Zakynthos)	yerlesimler.js	GUN-KAPALI	kok	BUYUK-HARF	OKUNMADI	büyük harfli özel ad eşleşmesi — tek tek okunmadı	0	b	Zaklise	o duklugunun sonu: Ayamavra, Kefalonya, Zaklise, Ithaki Ayamavra (Lefkada), Kefalonya, 	1479-08-01 İyon adalarının fethi — Tocco düklüğünün sonu: Ayamavra, Kefalonya, Za
1479-08-01	İthaki	yerlesimler.js	GUN-KAPALI	kok	BUYUK-HARF	OKUNMADI	büyük harfli özel ad eşleşmesi — tek tek okunmadı	0	b	Ithaki	nun sonu: Ayamavra, Kefalonya, Zaklise, Ithaki Ayamavra (Lefkada), Kefalonya, Zaklise 	1479-08-01 İyon adalarının fethi — Tocco düklüğünün sonu: Ayamavra, Kefalonya, Za
1480-01-01	Hacıbey (Odessa)	yerlesimler.js	OCAK1	yer_id	BAGIMSIZ	GERCEK-BAGIMSIZ	yer_id/merkez yolu kökten bağımsız kapatıyor	1				1480-01-01 Hacıbey (Kaçibey) kalesinin Litvanya'nın elinden çıkması
1480-08-11	Otranto	yerlesimler.js	GUN-KAPALI	yer_id	BAGIMSIZ	GERCEK-BAGIMSIZ	yer_id/merkez yolu kökten bağımsız kapatıyor	0				1480-08-11 Otranto çıkarması
1481-09-10	Otranto	yerlesimler.js	GUN-KAPALI	yer_id	BAGIMSIZ	GERCEK-BAGIMSIZ	yer_id/merkez yolu kökten bağımsız kapatıyor	0				1481-09-10 Otranto'nun tahliyesi
1482-01-01	Zaklise (Zakynthos)	yerlesimler.js	OCAK1	yer_id	BAGIMSIZ	GERCEK-BAGIMSIZ	yer_id/merkez yolu kökten bağımsız kapatıyor	1				1482-01-01 Zaklise'nin (Zakynthos) yıllık haraç karşılığı Venedik'e bırakılması
1482-06-01	Taman	yerlesimler.js	GUN-KAPALI	yer_id	BAGIMSIZ	GERCEK-BAGIMSIZ	yer_id/merkez yolu kökten bağımsız kapatıyor	0				1482-06-01 Taman yarımadasının katılışı
1483-01-01	Mostar	yerlesimler.js	OCAK1	yer_id	BAGIMSIZ	GERCEK-BAGIMSIZ	yer_id/merkez yolu kökten bağımsız kapatıyor	1				1483-01-01 Hersek'in ilhakı
1488-01-01	Safi (Asfi)	yerlesimler_ek3.js	OCAK1	yer_id	BAGIMSIZ	GERCEK-BAGIMSIZ	yer_id/merkez yolu kökten bağımsız kapatıyor	1				1488-01-01 Safi'nin Portekiz nüfuzuna girmesi
1489-02-26	Baf (Paphos)	yerlesimler.js	GUN-KAPALI	kok	BUYUK-HARF	OKUNMADI	büyük harfli özel ad eşleşmesi — tek tek okunmadı	1	yer	Baf	devletinin sonu Lefkosa, Magosa, Girne, Baf, Limasol, Tuzla (Larnaka) Kocasi Kral I	1489-02-26 Kraliçe Katerina Cornaro Kıbrıs'ı Venedik'e devretti — Haçlı devletini
1489-02-26	Girne (Kyrenia)	yerlesimler.js	GUN-KAPALI	kok	BUYUK-HARF	OKUNMADI	büyük harfli özel ad eşleşmesi — tek tek okunmadı	1	yer	Girne	 Hacli devletinin sonu Lefkosa, Magosa, Girne, Baf, Limasol, Tuzla (Larnaka) Kocasi K	1489-02-26 Kraliçe Katerina Cornaro Kıbrıs'ı Venedik'e devretti — Haçlı devletini
1489-02-26	Lefkoşa	yerlesimler.js	GUN-KAPALI	yer_id	BAGIMSIZ	GERCEK-BAGIMSIZ	yer_id/merkez yolu kökten bağımsız kapatıyor	1				1489-02-26 Kraliçe Katerina Cornaro Kıbrıs'ı Venedik'e devretti — Haçlı devletini
1489-02-26	Limasol	yerlesimler.js	GUN-KAPALI	kok	BUYUK-HARF	OKUNMADI	büyük harfli özel ad eşleşmesi — tek tek okunmadı	1	yer	Limasol	tinin sonu Lefkosa, Magosa, Girne, Baf, Limasol, Tuzla (Larnaka) Kocasi Kral II. Jacque	1489-02-26 Kraliçe Katerina Cornaro Kıbrıs'ı Venedik'e devretti — Haçlı devletini
1489-02-26	Magosa	yerlesimler.js	GUN-KAPALI	kok	BUYUK-HARF	OKUNMADI	büyük harfli özel ad eşleşmesi — tek tek okunmadı	1	yer	Magosa	vretti - Hacli devletinin sonu Lefkosa, Magosa, Girne, Baf, Limasol, Tuzla (Larnaka) K	1489-02-26 Kraliçe Katerina Cornaro Kıbrıs'ı Venedik'e devretti — Haçlı devletini
1489-02-26	Tuzla (Larnaka)	yerlesimler.js	GUN-KAPALI	kok	BUYUK-HARF	OKUNMADI	büyük harfli özel ad eşleşmesi — tek tek okunmadı	1	yer	Tuzla	u Lefkosa, Magosa, Girne, Baf, Limasol, Tuzla (Larnaka) Kocasi Kral II. Jacques'in 14	1489-02-26 Kraliçe Katerina Cornaro Kıbrıs'ı Venedik'e devretti — Haçlı devletini
1490-01-01	Kutaisi	yerlesimler.js	OCAK1	yer_id	BAGIMSIZ	GERCEK-BAGIMSIZ	yer_id/merkez yolu kökten bağımsız kapatıyor	1				1490-01-01 Gürcistan Krallığı üçe bölündü — Kartli, Kaheti ve merkezi Kutaisi ola
1492-01-02	Granada	yerlesimler.js	GUN-KAPALI	yer_id	BAGIMSIZ	GERCEK-BAGIMSIZ	yer_id/merkez yolu kökten bağımsız kapatıyor	0				1492-01-02 Granada'nın düşüşü — İber Yarımadası'nda son Müslüman devletin sonu
1499-08-26	İnebahtı	yerlesimler.js	GUN-KAPALI	merkez+yer_id	BAGIMSIZ	GERCEK-BAGIMSIZ	yer_id/merkez yolu kökten bağımsız kapatıyor	1				1499-08-26 İnebahtı'nın teslimi — Korint körfezinin ağzı Venedik'ten alınıyor
1500-01-01	Buhara	yerlesimler_ek14.js	OCAK1	yer_id	BAGIMSIZ	GERCEK-BAGIMSIZ	yer_id/merkez yolu kökten bağımsız kapatıyor	1				1500-01-01 Şeybânî Han Buhara ve Semerkant'ı aldı
1500-01-01	Semerkant	yerlesimler_ek14.js	OCAK1	kok	BUYUK-HARF	OKUNMADI	büyük harfli özel ad eşleşmesi — tek tek okunmadı	1	b	Semerkant	Seybani Han Buhara ve Semerkant'i aldi  Muhammed Seybani Han, Timurlula	1500-01-01 Şeybânî Han Buhara ve Semerkant'ı aldı
1500-08-09	Koron	yerlesimler.js	GUN-KAPALI	kok	BUYUK-HARF	OKUNMADI	büyük harfli özel ad eşleşmesi — tek tek okunmadı	0	b	Koron	Modon ve Koron'un fethi Mora kiyilari Venedik'in Mora'	1500-08-09 Modon ve Koron'un fethi
1500-08-10	Modon	yerlesimler.js	GUN-KAPALI	yer_id	BAGIMSIZ	GERCEK-BAGIMSIZ	yer_id/merkez yolu kökten bağımsız kapatıyor	0				1500-08-09 Modon ve Koron'un fethi
1500-12-24	Kefalonya	yerlesimler.js	GUN-KAPALI	yer_id	BAGIMSIZ	GERCEK-BAGIMSIZ	yer_id/merkez yolu kökten bağımsız kapatıyor	0				1500-12-24 Kefalonya ve İthaki'nin kaybı
1500-12-24	İthaki	yerlesimler.js	GUN-KAPALI	kok	BUYUK-HARF	OKUNMADI	büyük harfli özel ad eşleşmesi — tek tek okunmadı	0	b	Ithaki	Kefalonya ve Ithaki'nin kaybi Kefalonya, Iyon Denizi Modon 	1500-12-24 Kefalonya ve İthaki'nin kaybı
1501-07-01	Ahar (Karadağ)	yerlesimler.js	GUN-KAPALI	merkez	BAGIMSIZ	GERCEK-BAGIMSIZ	yer_id/merkez yolu kökten bağımsız kapatıyor	1		Tebriz		1501-07-01 Şah İsmail'in Tebriz'i alması: Safevî Devleti'nin kuruluşu
1501-07-01	Erdebil	yerlesimler.js	GUN-KAPALI	kok	BUYUK-HARF	OKUNMADI	büyük harfli özel ad eşleşmesi — tek tek okunmadı	1	d	Erdebil	eviler ve Akkoyunlular maddelerine gore Erdebil tekkesinin genc seyhi Ismail, Anadolu'd	1501-07-01 Şah İsmail'in Tebriz'i alması: Safevî Devleti'nin kuruluşu
1501-07-01	Hoy	yerlesimler.js	GUN-KAPALI	merkez	BAGIMSIZ	GERCEK-BAGIMSIZ	yer_id/merkez yolu kökten bağımsız kapatıyor	1		Tebriz		1501-07-01 Şah İsmail'in Tebriz'i alması: Safevî Devleti'nin kuruluşu
1501-07-01	Miyâne	yerlesimler.js	GUN-KAPALI	merkez	BAGIMSIZ	GERCEK-BAGIMSIZ	yer_id/merkez yolu kökten bağımsız kapatıyor	1		Tebriz		1501-07-01 Şah İsmail'in Tebriz'i alması: Safevî Devleti'nin kuruluşu
1501-07-01	Nahçıvan	yerlesimler.js	GUN-KAPALI	kok	BUYUK-HARF	OKUNMADI	büyük harfli özel ad eşleşmesi — tek tek okunmadı	1	d	Nahcivan	 Kizilbas muridlerinden kurdugu orduyla Nahcivan yoresinde Akkoyunlu Sultani Elvend'i ag	1501-07-01 Şah İsmail'in Tebriz'i alması: Safevî Devleti'nin kuruluşu
1501-07-01	Sarâb	yerlesimler.js	GUN-KAPALI	merkez	BAGIMSIZ	GERCEK-BAGIMSIZ	yer_id/merkez yolu kökten bağımsız kapatıyor	1		Tebriz		1501-07-01 Şah İsmail'in Tebriz'i alması: Safevî Devleti'nin kuruluşu
1501-07-01	Tebriz	yerlesimler.js	GUN-KAPALI	yer_id	BAGIMSIZ	GERCEK-BAGIMSIZ	yer_id/merkez yolu kökten bağımsız kapatıyor	1				1501-07-01 Şah İsmail'in Tebriz'i alması: Safevî Devleti'nin kuruluşu
1501-08-17	Draç	yerlesimler.js	GUN-KAPALI	yer_id	BAGIMSIZ	GERCEK-BAGIMSIZ	yer_id/merkez yolu kökten bağımsız kapatıyor	0				1501-08-17 Draç'ın fethi
1502-01-01	Bargiri (Muradiye)	yerlesimler_ek_ferhadpasa.js	OCAK1	merkez	BAGIMSIZ	GERCEK-BAGIMSIZ	yer_id/merkez yolu kökten bağımsız kapatıyor	1		Van		1502-01-01 Erzurum ve Van havzası Safevî'ye geçti — Akkoyunlu'nun kuzey kanadı çö
1502-01-01	Başkale	yerlesimler_ek26.js	OCAK1	merkez	BAGIMSIZ	GERCEK-BAGIMSIZ	yer_id/merkez yolu kökten bağımsız kapatıyor	1		Van		1502-01-01 Erzurum ve Van havzası Safevî'ye geçti — Akkoyunlu'nun kuzey kanadı çö
1502-01-01	Bitlis	yerlesimler.js	OCAK1	merkez	BAGIMSIZ	GERCEK-BAGIMSIZ	yer_id/merkez yolu kökten bağımsız kapatıyor	1		Van		1502-01-01 Erzurum ve Van havzası Safevî'ye geçti — Akkoyunlu'nun kuzey kanadı çö
1502-01-01	Doğubayazıt	yerlesimler_ek26.js	OCAK1	merkez	BAGIMSIZ	GERCEK-BAGIMSIZ	yer_id/merkez yolu kökten bağımsız kapatıyor	1		Erzurum		1502-01-01 Erzurum ve Van havzası Safevî'ye geçti — Akkoyunlu'nun kuzey kanadı çö
1502-01-01	Erciş	yerlesimler.js	OCAK1	kok	BUYUK-HARF	OKUNMADI	büyük harfli özel ad eşleşmesi — tek tek okunmadı	1	yer	Ercis	lu'nun kuzey kanadi coktu Erzurum, Van, Ercis, Kemah Serur'da Elvend Bey'i yenip 1501	1502-01-01 Erzurum ve Van havzası Safevî'ye geçti — Akkoyunlu'nun kuzey kanadı çö
1502-01-01	Erzincan	yerlesimler.js	OCAK1	merkez	BAGIMSIZ	GERCEK-BAGIMSIZ	yer_id/merkez yolu kökten bağımsız kapatıyor	1		Erzurum		1502-01-01 Erzurum ve Van havzası Safevî'ye geçti — Akkoyunlu'nun kuzey kanadı çö
1502-01-01	Erzurum	yerlesimler.js	OCAK1	yer_id	BAGIMSIZ	GERCEK-BAGIMSIZ	yer_id/merkez yolu kökten bağımsız kapatıyor	1				1502-01-01 Erzurum ve Van havzası Safevî'ye geçti — Akkoyunlu'nun kuzey kanadı çö
1502-01-01	Hoşap (Mahmudi)	yerlesimler_ek_ferhadpasa.js	OCAK1	merkez	BAGIMSIZ	GERCEK-BAGIMSIZ	yer_id/merkez yolu kökten bağımsız kapatıyor	1		Van		1502-01-01 Erzurum ve Van havzası Safevî'ye geçti — Akkoyunlu'nun kuzey kanadı çö
1502-01-01	Kemah	yerlesimler.js	OCAK1	kok	BUYUK-HARF	OKUNMADI	büyük harfli özel ad eşleşmesi — tek tek okunmadı	1	yer	Kemah	kuzey kanadi coktu Erzurum, Van, Ercis, Kemah Serur'da Elvend Bey'i yenip 1501 yazind	1502-01-01 Erzurum ve Van havzası Safevî'ye geçti — Akkoyunlu'nun kuzey kanadı çö
1502-01-01	Kotur	yerlesimler_ek_ferhadpasa.js	OCAK1	merkez	BAGIMSIZ	GERCEK-BAGIMSIZ	yer_id/merkez yolu kökten bağımsız kapatıyor	1		Van		1502-01-01 Erzurum ve Van havzası Safevî'ye geçti — Akkoyunlu'nun kuzey kanadı çö
1502-01-01	Van	yerlesimler.js	OCAK1	kok	BUYUK-HARF	GERCEK-OKUNDU	bağlam elle okundu (bayraklı ya da kısa/eşsesli kök)	1	b	Van	Erzurum ve Van havzasi Safevi'ye gecti - Akkoyunlu'nun	1502-01-01 Erzurum ve Van havzası Safevî'ye geçti — Akkoyunlu'nun kuzey kanadı çö
1502-01-01	Yüksekova (Gever)	yerlesimler_ek26.js	OCAK1	merkez	BAGIMSIZ	GERCEK-BAGIMSIZ	yer_id/merkez yolu kökten bağımsız kapatıyor	1		Van		1502-01-01 Erzurum ve Van havzası Safevî'ye geçti — Akkoyunlu'nun kuzey kanadı çö
1502-01-01	Çaldıran	yerlesimler_ek26.js	OCAK1	kok	BUYUK-HARF	OKUNMADI	büyük harfli özel ad eşleşmesi — tek tek okunmadı	1	d	Caldiran	nde kaldi ve Osmanli hakimiyetine ancak Caldiran'dan sonra, 1518-19'da girdi.	1502-01-01 Erzurum ve Van havzası Safevî'ye geçti — Akkoyunlu'nun kuzey kanadı çö
1502-01-01	Çölemerik (Hakkâri)	yerlesimler_ek_ferhadpasa.js	OCAK1	merkez	BAGIMSIZ	GERCEK-BAGIMSIZ	yer_id/merkez yolu kökten bağımsız kapatıyor	1		Van		1502-01-01 Erzurum ve Van havzası Safevî'ye geçti — Akkoyunlu'nun kuzey kanadı çö
1502-01-01	Özalp (Saray)	yerlesimler_ek26.js	OCAK1	merkez	BAGIMSIZ	GERCEK-BAGIMSIZ	yer_id/merkez yolu kökten bağımsız kapatıyor	1		Van		1502-01-01 Erzurum ve Van havzası Safevî'ye geçti — Akkoyunlu'nun kuzey kanadı çö
1502-03-01	Astrahan	yerlesimler.js	GUN-KAPALI	kok	BUYUK-HARF	OKUNMADI	büyük harfli özel ad eşleşmesi — tek tek okunmadı	1	d	Astrahan	Orda topraklarinda Kirim, Kazan, Nogay, Astrahan ve Sibir hanliklari ortaya cikti. Osman	1502-03-01 Altın Orda Hanlığı'nın yıkılışı ve Kırım'ın yükselişi
1503-01-01	Burûcird	yerlesimler.js	OCAK1	merkez	BAGIMSIZ	GERCEK-BAGIMSIZ	yer_id/merkez yolu kökten bağımsız kapatıyor	1		Hemedan		1503-01-01 Murad Bey'in Hemedan yenilgisi: Irâk-ı Acem ve Fars Safevî'ye geçti
1503-01-01	Isfahan	yerlesimler.js	OCAK1	kok	BUYUK-HARF	OKUNMADI	büyük harfli özel ad eşleşmesi — tek tek okunmadı	1	yer	Isfahan	i Acem ve Fars Safevi'ye gecti Hemedan, Isfahan, Siraz, Kasan - Irak-i Acem ve Fars Akk	1503-01-01 Murad Bey'in Hemedan yenilgisi: Irâk-ı Acem ve Fars Safevî'ye geçti
1503-01-01	Kâşân	yerlesimler.js	OCAK1	kok	BUYUK-HARF	GERCEK-OKUNDU	bağlam elle okundu (bayraklı ya da kısa/eşsesli kök)	1	yer	Kasan	afevi'ye gecti Hemedan, Isfahan, Siraz, Kasan - Irak-i Acem ve Fars Akkoyunlu tahtini	1503-01-01 Murad Bey'in Hemedan yenilgisi: Irâk-ı Acem ve Fars Safevî'ye geçti
1503-01-01	Nihâvend	yerlesimler.js	OCAK1	merkez	BAGIMSIZ	GERCEK-BAGIMSIZ	yer_id/merkez yolu kökten bağımsız kapatıyor	1		Hemedan		1503-01-01 Murad Bey'in Hemedan yenilgisi: Irâk-ı Acem ve Fars Safevî'ye geçti
1503-04-02	Kursk	yerlesimler_ek17.js	GUN-KAPALI	kok	BUYUK-HARF	OKUNMADI	büyük harfli özel ad eşleşmesi — tek tek okunmadı	1	yer	Kursk	-Seversk bolgesi Moskova'ya gecti Kiev, Kursk, Baturin, Hluhiv, Novgorod-Seversk, Ore	1503-04-02 Moskova-Litvanya Mütarekesi — Çernigov-Seversk bölgesi Moskova'ya geçt
1503-04-02	Novgorod-Seversk	yerlesimler_ek17.js	GUN-KAPALI	kok	BUYUK-HARF	OKUNMADI	büyük harfli özel ad eşleşmesi — tek tek okunmadı	1	yer	Novgorod-Seversk	'ya gecti Kiev, Kursk, Baturin, Hluhiv, Novgorod-Seversk, Orel, Poltava, Putivl, Cernigov 1500-1	1503-04-02 Moskova-Litvanya Mütarekesi — Çernigov-Seversk bölgesi Moskova'ya geçt
1503-04-02	Orel	yerlesimler_ek17.js	GUN-KAPALI	kok	BUYUK-HARF	OKUNMADI	büyük harfli özel ad eşleşmesi — tek tek okunmadı	1	yer	Orel	rsk, Baturin, Hluhiv, Novgorod-Seversk, Orel, Poltava, Putivl, Cernigov 1500-1503 Mo	1503-04-02 Moskova-Litvanya Mütarekesi — Çernigov-Seversk bölgesi Moskova'ya geçt
1503-04-02	Putivl	yerlesimler_ek17.js	GUN-KAPALI	kok	BUYUK-HARF	OKUNMADI	büyük harfli özel ad eşleşmesi — tek tek okunmadı	1	yer	Putivl	luhiv, Novgorod-Seversk, Orel, Poltava, Putivl, Cernigov 1500-1503 Moskova-Litvanya Sa	1503-04-02 Moskova-Litvanya Mütarekesi — Çernigov-Seversk bölgesi Moskova'ya geçt
1503-04-02	Çernigov	yerlesimler_ek17.js	GUN-KAPALI	kok+yer_id	BAGIMSIZ	GERCEK-BAGIMSIZ	yer_id/merkez yolu kökten bağımsız kapatıyor	1	b	Cernigov	Moskova ateskesi: Cernigov-Seversk topraklari Moskova'ya  1500-150	1503-04-02 Moskova ateşkesi: Çernigov-Seversk toprakları Moskova'ya
1505-01-01	Agadir	yerlesimler.js	OCAK1	yer_id	BAGIMSIZ	GERCEK-BAGIMSIZ	yer_id/merkez yolu kökten bağımsız kapatıyor	1				1505-01-01 Santa Cruz do Cabo de Gué'nin kuruluşu — Agadir'de Portekiz kalesi
1507-01-01	Ceylanpınar	yerlesimler_ek25.js	OCAK1	merkez	BAGIMSIZ	GERCEK-BAGIMSIZ	yer_id/merkez yolu kökten bağımsız kapatıyor	1		Diyarbakır		1507-01-01 Şah İsmail'in Diyarbekir seferi: Akkoyunlu'nun son merkezleri düştü
1507-01-01	Diyarbakır	yerlesimler.js	OCAK1	yer_id	BAGIMSIZ	GERCEK-BAGIMSIZ	yer_id/merkez yolu kökten bağımsız kapatıyor	1				1507-01-01 Şah İsmail'in Diyarbekir seferi: Akkoyunlu'nun son merkezleri düştü
1507-01-01	Harput (Elazığ)	yerlesimler.js	OCAK1	kok	BUYUK-HARF	OKUNMADI	büyük harfli özel ad eşleşmesi — tek tek okunmadı	1	yer	Harput	i dustu Diyarbekir, Amid, Mardin, Urfa, Harput, Siverek Azerbaycan ve Iran platosunu e	1507-01-01 Şah İsmail'in Diyarbekir seferi: Akkoyunlu'nun son merkezleri düştü
1507-01-01	Malikiye (Derik)	yerlesimler_ek25.js	OCAK1	merkez	BAGIMSIZ	GERCEK-BAGIMSIZ	yer_id/merkez yolu kökten bağımsız kapatıyor	1		Diyarbakır		1507-01-01 Şah İsmail'in Diyarbekir seferi: Akkoyunlu'nun son merkezleri düştü
1507-01-01	Mardin	yerlesimler.js	OCAK1	kok	BUYUK-HARF	OKUNMADI	büyük harfli özel ad eşleşmesi — tek tek okunmadı	1	yer	Mardin	 son merkezleri dustu Diyarbekir, Amid, Mardin, Urfa, Harput, Siverek Azerbaycan ve Ir	1507-01-01 Şah İsmail'in Diyarbekir seferi: Akkoyunlu'nun son merkezleri düştü
1507-01-01	Midyat	yerlesimler_ok107.js	OCAK1	merkez	BAGIMSIZ	GERCEK-BAGIMSIZ	yer_id/merkez yolu kökten bağımsız kapatıyor	1		Mardin		1507-01-01 Şah İsmail'in Diyarbekir seferi: Akkoyunlu'nun son merkezleri düştü
1507-01-01	Nusaybin	yerlesimler_ek25.js	OCAK1	merkez	BAGIMSIZ	GERCEK-BAGIMSIZ	yer_id/merkez yolu kökten bağımsız kapatıyor	1		Diyarbakır		1507-01-01 Şah İsmail'in Diyarbekir seferi: Akkoyunlu'nun son merkezleri düştü
1507-01-01	Palu	yerlesimler.js	OCAK1	merkez	BAGIMSIZ	GERCEK-BAGIMSIZ	yer_id/merkez yolu kökten bağımsız kapatıyor	1		Diyarbakır		1507-01-01 Şah İsmail'in Diyarbekir seferi: Akkoyunlu'nun son merkezleri düştü
1507-01-01	Siirt	yerlesimler_ok107.js	OCAK1	merkez	BAGIMSIZ	GERCEK-BAGIMSIZ	yer_id/merkez yolu kökten bağımsız kapatıyor	1		Diyarbakır		1507-01-01 Şah İsmail'in Diyarbekir seferi: Akkoyunlu'nun son merkezleri düştü
1507-01-01	Silopi	yerlesimler_ek25.js	OCAK1	merkez	BAGIMSIZ	GERCEK-BAGIMSIZ	yer_id/merkez yolu kökten bağımsız kapatıyor	1		Diyarbakır		1507-01-01 Şah İsmail'in Diyarbekir seferi: Akkoyunlu'nun son merkezleri düştü
1507-01-01	Siverek	yerlesimler.js	OCAK1	kok	BUYUK-HARF	OKUNMADI	büyük harfli özel ad eşleşmesi — tek tek okunmadı	1	yer	Siverek	Diyarbekir, Amid, Mardin, Urfa, Harput, Siverek Azerbaycan ve Iran platosunu ele gecire	1507-01-01 Şah İsmail'in Diyarbekir seferi: Akkoyunlu'nun son merkezleri düştü
1507-01-01	Urfa	yerlesimler.js	OCAK1	kok	BUYUK-HARF	OKUNMADI	büyük harfli özel ad eşleşmesi — tek tek okunmadı	1	yer	Urfa	kezleri dustu Diyarbekir, Amid, Mardin, Urfa, Harput, Siverek Azerbaycan ve Iran pla	1507-01-01 Şah İsmail'in Diyarbekir seferi: Akkoyunlu'nun son merkezleri düştü
1507-01-01	Çemişgezek	yerlesimler.js	OCAK1	merkez	BAGIMSIZ	GERCEK-BAGIMSIZ	yer_id/merkez yolu kökten bağımsız kapatıyor	1		Diyarbakır		1507-01-01 Şah İsmail'in Diyarbekir seferi: Akkoyunlu'nun son merkezleri düştü
1507-05-24	Bocnûrd	yerlesimler.js	GUN-MASKELI	kok	BUYUK-HARF	OKUNMADI	büyük harfli özel ad eşleşmesi — tek tek okunmadı	0	yer	Bocnurd	verd, Kelat-i Nadiri, Kucan, Esferayin, Bocnurd, Kain, Bircend, Turbet-i Haydariye, Tur	1507-05-24 Şeybânî Han'ın Herat'ı ve Horasan'ı Timurlulardan alışı
1507-05-24	Bîrcend	yerlesimler.js	GUN-MASKELI	kok	BUYUK-HARF	OKUNMADI	büyük harfli özel ad eşleşmesi — tek tek okunmadı	0	yer	Bircend	adiri, Kucan, Esferayin, Bocnurd, Kain, Bircend, Turbet-i Haydariye, Turbet-i Cam, Turs	1507-05-24 Şeybânî Han'ın Herat'ı ve Horasan'ı Timurlulardan alışı
1507-05-24	Ebîverd	yerlesimler.js	GUN-MASKELI	kok	BUYUK-HARF	OKUNMADI	büyük harfli özel ad eşleşmesi — tek tek okunmadı	0	yer	Ebiverd	bzevar, Serahs, Tus, Merv (Mari), Nesa, Ebiverd, Kelat-i Nadiri, Kucan, Esferayin, Bocn	1507-05-24 Şeybânî Han'ın Herat'ı ve Horasan'ı Timurlulardan alışı
1507-05-24	Esferâyin	yerlesimler.js	GUN-MASKELI	kok	BUYUK-HARF	OKUNMADI	büyük harfli özel ad eşleşmesi — tek tek okunmadı	0	yer	Esferayin	, Nesa, Ebiverd, Kelat-i Nadiri, Kucan, Esferayin, Bocnurd, Kain, Bircend, Turbet-i Hayda	1507-05-24 Şeybânî Han'ın Herat'ı ve Horasan'ı Timurlulardan alışı
1507-05-24	Kelât-ı Nâdirî	yerlesimler.js	GUN-MASKELI	kok	BUYUK-HARF	OKUNMADI	büyük harfli özel ad eşleşmesi — tek tek okunmadı	0	yer	Kelat-i Nadiri	erahs, Tus, Merv (Mari), Nesa, Ebiverd, Kelat-i Nadiri, Kucan, Esferayin, Bocnurd, Kain, Birce	1507-05-24 Şeybânî Han'ın Herat'ı ve Horasan'ı Timurlulardan alışı
1507-05-24	Kâin	yerlesimler.js	GUN-MASKELI	kok	BUYUK-HARF	GERCEK-OKUNDU	bağlam elle okundu (bayraklı ya da kısa/eşsesli kök)	0	yer	Kain	at-i Nadiri, Kucan, Esferayin, Bocnurd, Kain, Bircend, Turbet-i Haydariye, Turbet-i 	1507-05-24 Şeybânî Han'ın Herat'ı ve Horasan'ı Timurlulardan alışı
1507-05-24	Kûçân	yerlesimler.js	GUN-MASKELI	kok	BUYUK-HARF	OKUNMADI	büyük harfli özel ad eşleşmesi — tek tek okunmadı	0	yer	Kucan	 (Mari), Nesa, Ebiverd, Kelat-i Nadiri, Kucan, Esferayin, Bocnurd, Kain, Bircend, Tur	1507-05-24 Şeybânî Han'ın Herat'ı ve Horasan'ı Timurlulardan alışı
1507-05-24	Merv (Mari)	yerlesimler.js	GUN-MASKELI	kok	BUYUK-HARF	OKUNMADI	büyük harfli özel ad eşleşmesi — tek tek okunmadı	0	yer	Merv	Meshed, Nisabur, Sebzevar, Serahs, Tus, Merv (Mari), Nesa, Ebiverd, Kelat-i Nadiri, 	1507-05-24 Şeybânî Han'ın Herat'ı ve Horasan'ı Timurlulardan alışı
1507-05-24	Meşhed	yerlesimler.js	GUN-MASKELI	yer_id	BAGIMSIZ	GERCEK-BAGIMSIZ	yer_id/merkez yolu kökten bağımsız kapatıyor	0				1507-05-24 Şeybânî Han'ın Herat'ı ve Horasan'ı Timurlulardan alışı
1507-05-24	Nesâ	yerlesimler.js	GUN-MASKELI	kok	BUYUK-HARF	OKUNMADI	büyük harfli özel ad eşleşmesi — tek tek okunmadı	0	yer	Nesa	ur, Sebzevar, Serahs, Tus, Merv (Mari), Nesa, Ebiverd, Kelat-i Nadiri, Kucan, Esfera	1507-05-24 Şeybânî Han'ın Herat'ı ve Horasan'ı Timurlulardan alışı
1507-05-24	Nîşâbur	yerlesimler.js	GUN-MASKELI	kok	BUYUK-HARF	OKUNMADI	büyük harfli özel ad eşleşmesi — tek tek okunmadı	0	yer	Nisabur	e Horasan'i Timurlulardan alisi Meshed, Nisabur, Sebzevar, Serahs, Tus, Merv (Mari), Ne	1507-05-24 Şeybânî Han'ın Herat'ı ve Horasan'ı Timurlulardan alışı
1507-05-24	Sebzevâr	yerlesimler.js	GUN-MASKELI	kok	BUYUK-HARF	OKUNMADI	büyük harfli özel ad eşleşmesi — tek tek okunmadı	0	yer	Sebzevar	'i Timurlulardan alisi Meshed, Nisabur, Sebzevar, Serahs, Tus, Merv (Mari), Nesa, Ebiver	1507-05-24 Şeybânî Han'ın Herat'ı ve Horasan'ı Timurlulardan alışı
1507-05-24	Serahs	yerlesimler.js	GUN-MASKELI	kok	BUYUK-HARF	OKUNMADI	büyük harfli özel ad eşleşmesi — tek tek okunmadı	0	yer	Serahs	lardan alisi Meshed, Nisabur, Sebzevar, Serahs, Tus, Merv (Mari), Nesa, Ebiverd, Kelat	1507-05-24 Şeybânî Han'ın Herat'ı ve Horasan'ı Timurlulardan alışı
1507-05-24	Turbet-i Câm	yerlesimler.js	GUN-MASKELI	kok	BUYUK-HARF	OKUNMADI	büyük harfli özel ad eşleşmesi — tek tek okunmadı	0	yer	Turbet-i Cam	urd, Kain, Bircend, Turbet-i Haydariye, Turbet-i Cam, Tursiz (Kasmer) TDV'nin Seybani Han ma	1507-05-24 Şeybânî Han'ın Herat'ı ve Horasan'ı Timurlulardan alışı
1507-05-24	Turbet-i Haydariye	yerlesimler.js	GUN-MASKELI	kok	BUYUK-HARF	OKUNMADI	büyük harfli özel ad eşleşmesi — tek tek okunmadı	0	yer	Turbet-i Haydariye	can, Esferayin, Bocnurd, Kain, Bircend, Turbet-i Haydariye, Turbet-i Cam, Tursiz (Kasmer) TDV'nin 	1507-05-24 Şeybânî Han'ın Herat'ı ve Horasan'ı Timurlulardan alışı
1507-05-24	Turşiz (Kâşmer)	yerlesimler.js	GUN-MASKELI	kok	BUYUK-HARF	OKUNMADI	büyük harfli özel ad eşleşmesi — tek tek okunmadı	0	yer	Tursiz	cend, Turbet-i Haydariye, Turbet-i Cam, Tursiz (Kasmer) TDV'nin Seybani Han maddesine 	1507-05-24 Şeybânî Han'ın Herat'ı ve Horasan'ı Timurlulardan alışı
1507-05-24	Tûs	yerlesimler.js	GUN-MASKELI	kok	BUYUK-HARF	GERCEK-OKUNDU	bağlam elle okundu (bayraklı ya da kısa/eşsesli kök)	0	yer	Tus	lisi Meshed, Nisabur, Sebzevar, Serahs, Tus, Merv (Mari), Nesa, Ebiverd, Kelat-i Na	1507-05-24 Şeybânî Han'ın Herat'ı ve Horasan'ı Timurlulardan alışı
1508-01-01	Akra	yerlesimler.js	OCAK1	merkez	BAGIMSIZ	GERCEK-BAGIMSIZ	yer_id/merkez yolu kökten bağımsız kapatıyor	1		Musul		1508-01-01 Bağdat'ın Safevî'ye geçişi — Irâk-ı Arab el değiştirdi
1508-01-01	Bağdat	yerlesimler.js	OCAK1	yer_id	BAGIMSIZ	GERCEK-BAGIMSIZ	yer_id/merkez yolu kökten bağımsız kapatıyor	1				1508-01-01 Bağdat'ın Safevî'ye geçişi — Irâk-ı Arab el değiştirdi
1508-01-01	Duhok	yerlesimler.js	OCAK1	merkez	BAGIMSIZ	GERCEK-BAGIMSIZ	yer_id/merkez yolu kökten bağımsız kapatıyor	1		Musul		1508-01-01 Bağdat'ın Safevî'ye geçişi — Irâk-ı Arab el değiştirdi
1508-01-01	Dîvâniye	yerlesimler.js	OCAK1	merkez	BAGIMSIZ	GERCEK-BAGIMSIZ	yer_id/merkez yolu kökten bağımsız kapatıyor	1		Bağdat		1508-01-01 Bağdat'ın Safevî'ye geçişi — Irâk-ı Arab el değiştirdi
1508-01-01	Fellûce	yerlesimler.js	OCAK1	merkez	BAGIMSIZ	GERCEK-BAGIMSIZ	yer_id/merkez yolu kökten bağımsız kapatıyor	1		Bağdat		1508-01-01 Bağdat'ın Safevî'ye geçişi — Irâk-ı Arab el değiştirdi
1508-01-01	Hemedan	yerlesimler.js	OCAK1	kok	BUYUK-HARF	GERCEK-OKUNDU	bağlam elle okundu (bayraklı ya da kısa/eşsesli kök)	1	d	Hemedan	at, Kerbela, Necef, Musul - Irak-i Arab Hemedan yenilgisinden sonra Bagdat'a siginan Ak	1508-01-01 Bağdat'ın Safevî'ye geçişi — Irâk-ı Arab el değiştirdi
1508-01-01	Hille	yerlesimler.js	OCAK1	merkez	BAGIMSIZ	GERCEK-BAGIMSIZ	yer_id/merkez yolu kökten bağımsız kapatıyor	1		Bağdat		1508-01-01 Bağdat'ın Safevî'ye geçişi — Irâk-ı Arab el değiştirdi
1508-01-01	Hânekîn	yerlesimler.js	OCAK1	merkez	BAGIMSIZ	GERCEK-BAGIMSIZ	yer_id/merkez yolu kökten bağımsız kapatıyor	1		Bağdat		1508-01-01 Bağdat'ın Safevî'ye geçişi — Irâk-ı Arab el değiştirdi
1508-01-01	Hît	yerlesimler.js	OCAK1	merkez	BAGIMSIZ	GERCEK-BAGIMSIZ	yer_id/merkez yolu kökten bağımsız kapatıyor	1		Bağdat		1508-01-01 Bağdat'ın Safevî'ye geçişi — Irâk-ı Arab el değiştirdi
1508-01-01	Kerbelâ	yerlesimler.js	OCAK1	kok	BUYUK-HARF	OKUNMADI	büyük harfli özel ad eşleşmesi — tek tek okunmadı	1	yer	Kerbela	isi - Irak-i Arab el degistirdi Bagdat, Kerbela, Necef, Musul - Irak-i Arab Hemedan yen	1508-01-01 Bağdat'ın Safevî'ye geçişi — Irâk-ı Arab el değiştirdi
1508-01-01	Kûfe	yerlesimler.js	OCAK1	merkez	BAGIMSIZ	GERCEK-BAGIMSIZ	yer_id/merkez yolu kökten bağımsız kapatıyor	1		Bağdat		1508-01-01 Bağdat'ın Safevî'ye geçişi — Irâk-ı Arab el değiştirdi
1508-01-01	Kût el-Amâre	yerlesimler.js	OCAK1	merkez	BAGIMSIZ	GERCEK-BAGIMSIZ	yer_id/merkez yolu kökten bağımsız kapatıyor	1		Bağdat		1508-01-01 Bağdat'ın Safevî'ye geçişi — Irâk-ı Arab el değiştirdi
1508-01-01	Musul	yerlesimler.js	OCAK1	kok	BUYUK-HARF	OKUNMADI	büyük harfli özel ad eşleşmesi — tek tek okunmadı	1	yer	Musul	b el degistirdi Bagdat, Kerbela, Necef, Musul - Irak-i Arab Hemedan yenilgisinden son	1508-01-01 Bağdat'ın Safevî'ye geçişi — Irâk-ı Arab el değiştirdi
1508-01-01	Necef	yerlesimler.js	OCAK1	kok	BUYUK-HARF	OKUNMADI	büyük harfli özel ad eşleşmesi — tek tek okunmadı	1	yer	Necef	k-i Arab el degistirdi Bagdat, Kerbela, Necef, Musul - Irak-i Arab Hemedan yenilgisin	1508-01-01 Bağdat'ın Safevî'ye geçişi — Irâk-ı Arab el değiştirdi
1508-01-01	Rewândiz	yerlesimler.js	OCAK1	merkez	BAGIMSIZ	GERCEK-BAGIMSIZ	yer_id/merkez yolu kökten bağımsız kapatıyor	1		Musul		1508-01-01 Bağdat'ın Safevî'ye geçişi — Irâk-ı Arab el değiştirdi
1508-01-01	Sincar	yerlesimler.js	OCAK1	merkez	BAGIMSIZ	GERCEK-BAGIMSIZ	yer_id/merkez yolu kökten bağımsız kapatıyor	1		Musul		1508-01-01 Bağdat'ın Safevî'ye geçişi — Irâk-ı Arab el değiştirdi
1508-01-01	Sâmerrâ	yerlesimler.js	OCAK1	merkez	BAGIMSIZ	GERCEK-BAGIMSIZ	yer_id/merkez yolu kökten bağımsız kapatıyor	1		Bağdat		1508-01-01 Bağdat'ın Safevî'ye geçişi — Irâk-ı Arab el değiştirdi
1508-01-01	Telafer	yerlesimler.js	OCAK1	merkez	BAGIMSIZ	GERCEK-BAGIMSIZ	yer_id/merkez yolu kökten bağımsız kapatıyor	1		Musul		1508-01-01 Bağdat'ın Safevî'ye geçişi — Irâk-ı Arab el değiştirdi
1508-01-01	Tikrit	yerlesimler.js	OCAK1	merkez	BAGIMSIZ	GERCEK-BAGIMSIZ	yer_id/merkez yolu kökten bağımsız kapatıyor	1		Bağdat		1508-01-01 Bağdat'ın Safevî'ye geçişi — Irâk-ı Arab el değiştirdi
1508-01-01	Vâsıt	yerlesimler.js	OCAK1	merkez	BAGIMSIZ	GERCEK-BAGIMSIZ	yer_id/merkez yolu kökten bağımsız kapatıyor	1		Bağdat		1508-01-01 Bağdat'ın Safevî'ye geçişi — Irâk-ı Arab el değiştirdi
1508-01-01	Zaho	yerlesimler.js	OCAK1	merkez	BAGIMSIZ	GERCEK-BAGIMSIZ	yer_id/merkez yolu kökten bağımsız kapatıyor	1		Musul		1508-01-01 Bağdat'ın Safevî'ye geçişi — Irâk-ı Arab el değiştirdi
1508-01-01	Âne	yerlesimler.js	OCAK1	merkez	BAGIMSIZ	GERCEK-BAGIMSIZ	yer_id/merkez yolu kökten bağımsız kapatıyor	1		Bağdat		1508-01-01 Bağdat'ın Safevî'ye geçişi — Irâk-ı Arab el değiştirdi
1508-01-01	İmâdiye (Amêdî)	yerlesimler_ok109.js	OCAK1	merkez	BAGIMSIZ	GERCEK-BAGIMSIZ	yer_id/merkez yolu kökten bağımsız kapatıyor	1		Musul		1508-01-01 Bağdat'ın Safevî'ye geçişi — Irâk-ı Arab el değiştirdi
1509-01-01	Derbend	yerlesimler.js	OCAK1	yer_id	BAGIMSIZ	GERCEK-BAGIMSIZ	yer_id/merkez yolu kökten bağımsız kapatıyor	1				1509-01-01 Şah İsmâil'in Derbend'i alışı — Safevî hâkimiyeti Kafkas kapısına ulaş
1509-05-17	Mersa'l-Kebîr	yerlesimler_ek3.js	GUN-KAPALI	kok	BUYUK-HARF	OKUNMADI	büyük harfli özel ad eşleşmesi — tek tek okunmadı	1	d	Mersa'l-Kebir	ten 1505'ten beri Ispanyol elinde olan) Mersa'l-Kebir'e dogru yola cikti, Pedro Navarro komut	1509-05-17 Oran'ın İspanya'ya düşüşü — Kardinal Cisneros'un Kuzey Afrika seferi
1509-05-17	Oran	yerlesimler.js	GUN-KAPALI	yer_id	BAGIMSIZ	GERCEK-BAGIMSIZ	yer_id/merkez yolu kökten bağımsız kapatıyor	1				1509-05-17 Oran'ın İspanya'ya düşüşü — Kardinal Cisneros'un Kuzey Afrika seferi
1510-01-01	Bicâye	yerlesimler.js	OCAK1	yer_id	BAGIMSIZ	GERCEK-BAGIMSIZ	yer_id/merkez yolu kökten bağımsız kapatıyor	0				1510-01-01 İspanyollar Bicâye'yi işgal etti
1510-07-25	Trablus	yerlesimler.js	GUN-KAPALI	yer_id	BAGIMSIZ	GERCEK-BAGIMSIZ	yer_id/merkez yolu kökten bağımsız kapatıyor	1				1510-07-25 Trablusgarp'ın İspanyollar'ca işgali — Hafsî hâkimiyetinin sonu
1510-12-02	Herat	yerlesimler_ek16.js	GUN-MASKELI	kok	BUYUK-HARF	OKUNMADI	büyük harfli özel ad eşleşmesi — tek tek okunmadı	0	b	Herat	Ozbekler agir yenilgiye ugradi, Merv ve Herat alindi Merv, Herat - Horasan Batida Akk	1510-12-02 Merv Savaşı: Özbekler ağır yenilgiye uğradı, Merv ve Herat alındı
1510-12-02	Merv (Mari)	yerlesimler.js	GUN-MASKELI	yer_id	BAGIMSIZ	GERCEK-BAGIMSIZ	yer_id/merkez yolu kökten bağımsız kapatıyor	0				1510-12-02 Merv Savaşı: Özbekler ağır yenilgiye uğradı, Merv ve Herat alındı
1511-08-15	Baracoa	yerlesimler_amerika.js	GUN-KAPALI	yer_id	BAGIMSIZ	GERCEK-BAGIMSIZ	yer_id/merkez yolu kökten bağımsız kapatıyor	0				1511-08-15 Baracoa kuruldu — Küba'nın İspanyol fethinin ilk kasabası
1512-01-01	Srebrenik	yerlesimler.js	OCAK1	yer_id	BAGIMSIZ	GERCEK-BAGIMSIZ	yer_id/merkez yolu kökten bağımsız kapatıyor	0				1512-01-01 Srebrenik banatlığının ilhakı — kuzey Bosna'da Macar hattının ilk kırı
1513-01-01	Sin (Sinj)	yerlesimler_ek.js	OCAK1	yer_id	BAGIMSIZ	GERCEK-BAGIMSIZ	yer_id/merkez yolu kökten bağımsız kapatıyor	0				1513-01-01 Sin (Sinj) Kalesi'nin fethi
1513-09-03	Azemmûr	yerlesimler_ek3.js	GUN-KAPALI	yer_id	BAGIMSIZ	GERCEK-BAGIMSIZ	yer_id/merkez yolu kökten bağımsız kapatıyor	0				1513-09-03 Azemmûr'un alınışı — Ümmürrebî' ağzının denetimi
1514-01-01	Mazagan (El Jadida)	yerlesimler_ek3.js	OCAK1	yer_id	BAGIMSIZ	GERCEK-BAGIMSIZ	yer_id/merkez yolu kökten bağımsız kapatıyor	1				1514-01-01 Mazagan kalesinin kurulması — Fas'ta en uzun kalacak Portekiz mevzii
1514-09-06	Kars	yerlesimler.js	GUN-MASKELI	kok	BUYUK-HARF	OKUNMADI	büyük harfli özel ad eşleşmesi — tek tek okunmadı	0	b	Kars	 cekilis - bir haftalik isgalin sonu ve Kars-Bayburt uzerinden donus Tebriz Caldiran	1514-09-15 Tebriz'den çekiliş — bir haftalık işgalin sonu ve Kars-Bayburt üzerind
1514-09-06	Sarıkamış	yerlesimler_ek28.js	GUN-MASKELI	merkez	BAGIMSIZ	GERCEK-BAGIMSIZ	yer_id/merkez yolu kökten bağımsız kapatıyor	0		Kars		1514-09-15 Tebriz'den çekiliş — bir haftalık işgalin sonu ve Kars-Bayburt üzerind
1514-10-23	Bayburt	yerlesimler_anadolu_0914.js	GUN-KAPALI	yer_id	BAGIMSIZ	GERCEK-BAGIMSIZ	yer_id/merkez yolu kökten bağımsız kapatıyor	0				1514-10-23 Bayburt ve Kiğı kaleleri Safevîlerden teslim alındı — Erzincan ile Bay
1515-04-01	Buraymî	yerlesimler.js	GUN-MASKELI	kok	BUYUK-HARF	OKUNMADI	büyük harfli özel ad eşleşmesi — tek tek okunmadı	0	d	Buraymi	Hurmuz Adasi ve karsi kiyidaki Kism ile Buraymi'yi kapsayacak sekilde tamamlandi; Iran'	1515-04-01 Portekiz, Hürmüz Boğazı kıyılarındaki hâkimiyetini tamamladı
1515-04-01	Hürmüz Adası	yerlesimler.js	GUN-MASKELI	yer_id	BAGIMSIZ	GERCEK-BAGIMSIZ	yer_id/merkez yolu kökten bağımsız kapatıyor	1				1515-04-01 Portekiz, Hürmüz Boğazı kıyılarındaki hâkimiyetini tamamladı
1515-04-01	Kişm (Qeshm)	yerlesimler.js	GUN-MASKELI	kok	BUYUK-HARF	GERCEK-OKUNDU	bağlam elle okundu (bayraklı ya da kısa/eşsesli kök)	1	d	Kism	 1515'te Hurmuz Adasi ve karsi kiyidaki Kism ile Buraymi'yi kapsayacak sekilde tamam	1515-04-01 Portekiz, Hürmüz Boğazı kıyılarındaki hâkimiyetini tamamladı
1515-05-19	Kemah	yerlesimler.js	GUN-KAPALI	yer_id	BAGIMSIZ	GERCEK-BAGIMSIZ	yer_id/merkez yolu kökten bağımsız kapatıyor	0				1515-05-19 Kemah Kalesi'nin Safevîler'den fethi
1515-09-10	Diyarbakır	yerlesimler.js	GUN-KAPALI	yer_id	BAGIMSIZ	GERCEK-BAGIMSIZ	yer_id/merkez yolu kökten bağımsız kapatıyor	0				1515-09-15 Doğu Anadolu'nun katılışı
1515-09-15	Bitlis	yerlesimler.js	GUN-KAPALI	kok	BUYUK-HARF	OKUNMADI	büyük harfli özel ad eşleşmesi — tek tek okunmadı	0	yer	Bitlis	n katilisi Diyarbakir, Mardin, Erzurum, Bitlis Caldiran sonrasinda Diyarbakir ve cevre	1515-09-15 Doğu Anadolu'nun katılışı
1515-09-19	Malikiye (Derik)	yerlesimler_ek25.js	GUN-MASKELI	merkez	BAGIMSIZ	GERCEK-BAGIMSIZ	yer_id/merkez yolu kökten bağımsız kapatıyor	0		Diyarbakır		1515-09-15 Doğu Anadolu'nun katılışı
1515-09-19	Nusaybin	yerlesimler_ek25.js	GUN-MASKELI	merkez+yer_id	BAGIMSIZ	GERCEK-BAGIMSIZ	yer_id/merkez yolu kökten bağımsız kapatıyor	0		Diyarbakır		1515-09-15 Doğu Anadolu'nun katılışı
1515-09-19	Silopi	yerlesimler_ek25.js	GUN-MASKELI	kok+merkez	BAGIMSIZ	GERCEK-BAGIMSIZ	yer_id/merkez yolu kökten bağımsız kapatıyor	0	b	Silopi	Nusaybin, Derik ve Silopi'nin Osmanli'ya katilmasi - Diyarbekir'i	1515-09-19 Nusaybin, Derik ve Silopi'nin Osmanlı'ya katılması — Diyarbekir'in gün
1516-01-23	Amsterdam	yerlesimler.js	GUN-KAPALI	kok	BUYUK-HARF	OKUNMADI	büyük harfli özel ad eşleşmesi — tek tek okunmadı	1	yer	Amsterdam	ent, Anvers (Antwerpen), Bruj (Brugge), Amsterdam, Rotterdam, Utrecht, Groningen, Leeuwar	1516-01-23 Alçak Ülkeler'in İspanya tacına bağlanması — Ferdinand'ın ölümü, Şarlk
1516-05-01	Harput (Elazığ)	yerlesimler.js	GUN-MASKELI	kok	BUYUK-HARF	GERCEK-OKUNDU	bağlam elle okundu (bayraklı ya da kısa/eşsesli kök)	0	d	Harput	ldi. Ayni tarihte katilan oteki yerler: Harput (Elazig).	1516-05-01 Koçhisar (Kızıltepe) Savaşı ve Mardin ile Urfa'nın fethi
1516-05-01	Palu	yerlesimler.js	GUN-MASKELI	kok	BUYUK-HARF	OKUNMADI	büyük harfli özel ad eşleşmesi — tek tek okunmadı	0	yer	Palu	sahrasi, Kochisar (Kiziltepe) - Mardin, Palu Biyikli Mehmed Pasa kumandasindaki Osma	1516-05-01 Koçhisar (Kızıltepe) Savaşı ve Mardin ile Urfa'nın fethi
1516-05-01	Siverek	yerlesimler.js	GUN-MASKELI	merkez	BAGIMSIZ	GERCEK-BAGIMSIZ	yer_id/merkez yolu kökten bağımsız kapatıyor	0		Urfa		1516-05-01 Koçhisar (Kızıltepe) Savaşı ve Mardin ile Urfa'nın fethi
1516-05-01	Urfa	yerlesimler.js	GUN-MASKELI	kok	BUYUK-HARF	OKUNMADI	büyük harfli özel ad eşleşmesi — tek tek okunmadı	0	b	Urfa	chisar (Kiziltepe) Savasi ve Mardin ile Urfa'nin fethi Dede Garkin sahrasi, Kochisar	1516-05-01 Koçhisar (Kızıltepe) Savaşı ve Mardin ile Urfa'nın fethi
1516-06-20	Zebîd	yerlesimler.js	GUN-KAPALI	yer_id	BAGIMSIZ	GERCEK-BAGIMSIZ	yer_id/merkez yolu kökten bağımsız kapatıyor	1				1516-06-20 Zebîd'in alınması: Osmanlı denizcilerinin Kızıldeniz'e ilk girişi
1516-08-24	Adana	yerlesimler.js	GUN-MASKELI	yer_id	BAGIMSIZ	GERCEK-BAGIMSIZ	yer_id/merkez yolu kökten bağımsız kapatıyor	1				1516-08-24 Ramazanoğulları Beyliği'nin Osmanlı'ya bağlanması
1516-08-24	Akçakale	yerlesimler_ek25.js	GUN-MASKELI	merkez	BAGIMSIZ	GERCEK-BAGIMSIZ	yer_id/merkez yolu kökten bağımsız kapatıyor	0		Halep		1516-08 Mercidabık Zaferi
1516-08-24	Antep	yerlesimler.js	GUN-MASKELI	kok+merkez	BAGIMSIZ	GERCEK-BAGIMSIZ	yer_id/merkez yolu kökten bağımsız kapatıyor	0	d	Antep	n oteki yerler: Malatya, Tarsus, Musul, Antep.	1516-08-24 Ramazanoğulları Beyliği'nin Osmanlı'ya bağlanması
1516-08-24	Ayn el-Arab (Kobani)	yerlesimler_ek25.js	GUN-MASKELI	merkez	BAGIMSIZ	GERCEK-BAGIMSIZ	yer_id/merkez yolu kökten bağımsız kapatıyor	0		Halep		1516-08 Mercidabık Zaferi
1516-08-24	Azez (A'zâz)	yerlesimler_ek25.js	GUN-MASKELI	merkez	BAGIMSIZ	GERCEK-BAGIMSIZ	yer_id/merkez yolu kökten bağımsız kapatıyor	0		Halep		1516-08 Mercidabık Zaferi
1516-08-24	Cerablus	yerlesimler_ek25.js	GUN-MASKELI	merkez	BAGIMSIZ	GERCEK-BAGIMSIZ	yer_id/merkez yolu kökten bağımsız kapatıyor	0		Halep		1516-08 Mercidabık Zaferi
1516-08-24	Dörtyol	yerlesimler_ek28.js	GUN-MASKELI	merkez	BAGIMSIZ	GERCEK-BAGIMSIZ	yer_id/merkez yolu kökten bağımsız kapatıyor	0		Adana		1516-08-24 Ramazanoğulları Beyliği'nin Osmanlı'ya bağlanması
1516-08-24	Erzin	yerlesimler_ek28.js	GUN-MASKELI	merkez	BAGIMSIZ	GERCEK-BAGIMSIZ	yer_id/merkez yolu kökten bağımsız kapatıyor	0		Adana		1516-08-24 Ramazanoğulları Beyliği'nin Osmanlı'ya bağlanması
1516-08-24	Kilis	yerlesimler_ek25.js	GUN-MASKELI	merkez	BAGIMSIZ	GERCEK-BAGIMSIZ	yer_id/merkez yolu kökten bağımsız kapatıyor	0		Halep		1516-08 Mercidabık Zaferi
1516-08-24	Malatya	yerlesimler.js	GUN-MASKELI	kok	BUYUK-HARF	GERCEK-OKUNDU	bağlam elle okundu (bayraklı ya da kısa/eşsesli kök)	0	d	Malatya	tti. Ayni tarihte katilan oteki yerler: Malatya, Tarsus, Musul, Antep.	1516-08-24 Ramazanoğulları Beyliği'nin Osmanlı'ya bağlanması
1516-08-24	Musul	yerlesimler.js	GUN-MASKELI	kok	BUYUK-HARF	OKUNMADI	büyük harfli özel ad eşleşmesi — tek tek okunmadı	0	d	Musul	 katilan oteki yerler: Malatya, Tarsus, Musul, Antep.	1516-08-24 Ramazanoğulları Beyliği'nin Osmanlı'ya bağlanması
1516-08-24	Münbiç	yerlesimler_ek25.js	GUN-MASKELI	merkez	BAGIMSIZ	GERCEK-BAGIMSIZ	yer_id/merkez yolu kökten bağımsız kapatıyor	0		Halep		1516-08 Mercidabık Zaferi
1516-08-24	Payas	yerlesimler_ek28.js	GUN-MASKELI	merkez	BAGIMSIZ	GERCEK-BAGIMSIZ	yer_id/merkez yolu kökten bağımsız kapatıyor	0		Halep		1516-08 Mercidabık Zaferi
1516-08-24	Suruç	yerlesimler_ek25.js	GUN-MASKELI	merkez	BAGIMSIZ	GERCEK-BAGIMSIZ	yer_id/merkez yolu kökten bağımsız kapatıyor	0		Halep		1516-08 Mercidabık Zaferi
1516-08-24	Tarsus	yerlesimler.js	GUN-MASKELI	kok	BUYUK-HARF	OKUNMADI	büyük harfli özel ad eşleşmesi — tek tek okunmadı	1	d	Tarsus	 tarihte katilan oteki yerler: Malatya, Tarsus, Musul, Antep.	1516-08-24 Ramazanoğulları Beyliği'nin Osmanlı'ya bağlanması
1516-08-24	Yumurtalık	yerlesimler_ek28.js	GUN-MASKELI	merkez	BAGIMSIZ	GERCEK-BAGIMSIZ	yer_id/merkez yolu kökten bağımsız kapatıyor	0		Adana		1516-08-24 Ramazanoğulları Beyliği'nin Osmanlı'ya bağlanması
1516-08-24	İskenderun	yerlesimler_ek27.js	GUN-MASKELI	merkez	BAGIMSIZ	GERCEK-BAGIMSIZ	yer_id/merkez yolu kökten bağımsız kapatıyor	0		Halep		1516-08 Mercidabık Zaferi
1516-08-28	Antakya	yerlesimler.js	GUN-KAPALI	kok+merkez	BAGIMSIZ	GERCEK-BAGIMSIZ	yer_id/merkez yolu kökten bağımsız kapatıyor	0	d	Antakya	tir. Ayni tarihte katilan oteki yerler: Antakya, Rakka, Deyrizor.	1516-08-28 Halep, Rakka ve Deyrizor'un Osmanlı hâkimiyetine girişi
1516-08-28	Deyrizor	yerlesimler.js	GUN-KAPALI	kok+merkez	BAGIMSIZ	GERCEK-BAGIMSIZ	yer_id/merkez yolu kökten bağımsız kapatıyor	0	b	Deyrizor	Halep, Rakka ve Deyrizor'un Osmanli hakimiyetine girisi Halep Me	1516-08-28 Halep, Rakka ve Deyrizor'un Osmanlı hâkimiyetine girişi
1516-08-28	Halep	yerlesimler.js	GUN-KAPALI	kok+yer_id	BAGIMSIZ	GERCEK-BAGIMSIZ	yer_id/merkez yolu kökten bağımsız kapatıyor	0	d	Halep	ine girisi Trablussam (Trablus, Lubnan) Halep ve Hama'nin ardindan Suriye kiyisindaki	1516-09-26 Trablusşam ve Hama'nın Osmanlı idaresine girişi
1516-08-28	Rakka	yerlesimler.js	GUN-KAPALI	kok	BUYUK-HARF	OKUNMADI	büyük harfli özel ad eşleşmesi — tek tek okunmadı	0	b	Rakka	Halep, Rakka ve Deyrizor'un Osmanli hakimiyetine gir	1516-08-28 Halep, Rakka ve Deyrizor'un Osmanlı hâkimiyetine girişi
1516-09-19	Hama	yerlesimler.js	GUN-KAPALI	kok	BUYUK-HARF	OKUNMADI	büyük harfli özel ad eşleşmesi — tek tek okunmadı	1	b	Hama	Trablussam ve Hama'nin Osmanli idaresine girisi Trablussam	1516-09-26 Trablusşam ve Hama'nın Osmanlı idaresine girişi
1516-09-21	Humus	yerlesimler.js	GUN-KAPALI	kok	BUYUK-HARF	OKUNMADI	büyük harfli özel ad eşleşmesi — tek tek okunmadı	1	d	Humus	tine girisi Sam Halep'ten sonra Hama ve Humus'un teslim olmasiyla onu acilan Yavuz Su	1516-09-27 Şam'ın (Dımaşk) Osmanlı hâkimiyetine girişi
1516-09-26	Trablusşam	yerlesimler.js	GUN-KAPALI	yer_id	BAGIMSIZ	GERCEK-BAGIMSIZ	yer_id/merkez yolu kökten bağımsız kapatıyor	1				1516-09-26 Trablusşam ve Hama'nın Osmanlı idaresine girişi
1516-09-27	Akkâ	yerlesimler.js	GUN-KAPALI	kok+merkez	BAGIMSIZ	GERCEK-BAGIMSIZ	yer_id/merkez yolu kökten bağımsız kapatıyor	1	yer	Akka	mine girisi Kudus, Nablus, Yafa, Sayda, Akka Mercidabik zaferinin ardindan Yavuz Sul	1516-10-01 Kudüs ve Filistin şehirlerinin Osmanlı yönetimine girişi
1516-09-27	Ba'lebek (Baalbek)	yerlesimler_ek29.js	GUN-KAPALI	merkez	BAGIMSIZ	GERCEK-BAGIMSIZ	yer_id/merkez yolu kökten bağımsız kapatıyor	1		Şam		1516-09-27 Şam'ın (Dımaşk) Osmanlı hâkimiyetine girişi
1516-09-27	Beyrut	yerlesimler.js	GUN-KAPALI	kok	BUYUK-HARF	GERCEK-OKUNDU	bağlam elle okundu (bayraklı ya da kısa/eşsesli kök)	1	d	Beyrut	ldu. Ayni tarihte katilan oteki yerler: Beyrut.	1516-09-27 Şam'ın (Dımaşk) Osmanlı hâkimiyetine girişi
1516-09-27	Nablus	yerlesimler.js	GUN-KAPALI	kok	BUYUK-HARF	OKUNMADI	büyük harfli özel ad eşleşmesi — tek tek okunmadı	1	yer	Nablus	erinin Osmanli yonetimine girisi Kudus, Nablus, Yafa, Sayda, Akka Mercidabik zaferinin	1516-10-01 Kudüs ve Filistin şehirlerinin Osmanlı yönetimine girişi
1516-09-27	Sayda	yerlesimler.js	GUN-KAPALI	kok+merkez	BAGIMSIZ	GERCEK-BAGIMSIZ	yer_id/merkez yolu kökten bağımsız kapatıyor	1	yer	Sayda	 yonetimine girisi Kudus, Nablus, Yafa, Sayda, Akka Mercidabik zaferinin ardindan Yav	1516-10-01 Kudüs ve Filistin şehirlerinin Osmanlı yönetimine girişi
1516-09-27	Sûr (Tyre) — Lübnan	yerlesimler_ek29.js	GUN-KAPALI	merkez	BAGIMSIZ	GERCEK-BAGIMSIZ	yer_id/merkez yolu kökten bağımsız kapatıyor	1		Sayda		1516-10-01 Kudüs ve Filistin şehirlerinin Osmanlı yönetimine girişi
1516-09-27	Tedmür (Palmyra)	yerlesimler_seyrek.js	GUN-KAPALI	merkez	BAGIMSIZ	GERCEK-BAGIMSIZ	yer_id/merkez yolu kökten bağımsız kapatıyor	1		Şam		1516-09-27 Şam'ın (Dımaşk) Osmanlı hâkimiyetine girişi
1516-09-27	Yafa	yerlesimler.js	GUN-KAPALI	kok	BUYUK-HARF	OKUNMADI	büyük harfli özel ad eşleşmesi — tek tek okunmadı	1	yer	Yafa	smanli yonetimine girisi Kudus, Nablus, Yafa, Sayda, Akka Mercidabik zaferinin ardin	1516-10-01 Kudüs ve Filistin şehirlerinin Osmanlı yönetimine girişi
1516-09-27	Şam	yerlesimler.js	GUN-KAPALI	kok+yer_id	BAGIMSIZ	GERCEK-BAGIMSIZ	yer_id/merkez yolu kökten bağımsız kapatıyor	1	d	Sam	en islek limanlarindan biri olan sehir, Sam'in denize acilan kapisiydi ve ipek ile 	1516-09-26 Trablusşam ve Hama'nın Osmanlı idaresine girişi
1516-10-01	Kudüs	yerlesimler.js	GUN-KAPALI	yer_id	BAGIMSIZ	GERCEK-BAGIMSIZ	yer_id/merkez yolu kökten bağımsız kapatıyor	1				1516-10-01 Kudüs ve Filistin şehirlerinin Osmanlı yönetimine girişi
1516-12-21	Gazze	yerlesimler.js	GUN-KAPALI	kok+yer_id	BAGIMSIZ	GERCEK-BAGIMSIZ	yer_id/merkez yolu kökten bağımsız kapatıyor	0	d	Gazze	Amman'in Osmanli idaresine girisi Amman Gazze muharebesinin ardindan Misir seferine h	1516-12-28 Şeria'nın doğusu: Amman'ın Osmanlı idaresine girişi
1516-12-21	Han Yûnus	yerlesimler.js	GUN-KAPALI	kok+merkez	BAGIMSIZ	GERCEK-BAGIMSIZ	yer_id/merkez yolu kökten bağımsız kapatıyor	0	b	Han Yunus	Gazze (Han Yunus) Muharebesi: Canbirdi Gazali'nin yenilm	1516-12-21 Gazze (Han Yûnus) Muharebesi: Canbirdi Gazâlî'nin yenilmesi
1516-12-28	Amman	yerlesimler.js	GUN-KAPALI	yer_id	BAGIMSIZ	GERCEK-BAGIMSIZ	yer_id/merkez yolu kökten bağımsız kapatıyor	0				1516-12-28 Şeria'nın doğusu: Amman'ın Osmanlı idaresine girişi
1517-01-01	Kerak	yerlesimler.js	OCAK1	kok+merkez	BAGIMSIZ	GERCEK-BAGIMSIZ	yer_id/merkez yolu kökten bağımsız kapatıyor	0	d	Kerak	atilan oteki yerler: Akka, Maan, Sayda, Kerak.	1517-01-22 Ridaniye — Mısır'ın fethi ve hilâfet
1517-01-01	Maan	yerlesimler.js	OCAK1	kok+merkez	BAGIMSIZ	GERCEK-BAGIMSIZ	yer_id/merkez yolu kökten bağımsız kapatıyor	0	d	Maan	yni tarihte katilan oteki yerler: Akka, Maan, Sayda, Kerak.	1517-01-22 Ridaniye — Mısır'ın fethi ve hilâfet
1517-01-22	Ebû Ramâd (Şalâtîn)	yerlesimler_afrika.js	GUN-KAPALI	merkez	BAGIMSIZ	GERCEK-BAGIMSIZ	yer_id/merkez yolu kökten bağımsız kapatıyor	0		Kahire		1517-01-22 Ridaniye — Mısır'ın fethi ve hilâfet
1517-02-15	Kahire	yerlesimler.js	GUN-KAPALI	yer_id	BAGIMSIZ	GERCEK-BAGIMSIZ	yer_id/merkez yolu kökten bağımsız kapatıyor	0				1517-01-22 Ridaniye — Mısır'ın fethi ve hilâfet
1517-02-15	Sina güneyi	yerlesimler.js	GUN-KAPALI	merkez	BAGIMSIZ	GERCEK-BAGIMSIZ	yer_id/merkez yolu kökten bağımsız kapatıyor	0		Kahire		1517-01-22 Ridaniye — Mısır'ın fethi ve hilâfet
1517-02-15	Süveyş	yerlesimler.js	GUN-KAPALI	merkez+yer_id	BAGIMSIZ	GERCEK-BAGIMSIZ	yer_id/merkez yolu kökten bağımsız kapatıyor	0		Kahire		1517-01-22 Ridaniye — Mısır'ın fethi ve hilâfet
1517-02-15	Tûr (Sînâ)	yerlesimler_afrika.js	GUN-KAPALI	merkez	BAGIMSIZ	GERCEK-BAGIMSIZ	yer_id/merkez yolu kökten bağımsız kapatıyor	0		Kahire		1517-01-22 Ridaniye — Mısır'ın fethi ve hilâfet
1517-04-13	Ahmîm	yerlesimler_afrika.js	GUN-KAPALI	merkez	BAGIMSIZ	GERCEK-BAGIMSIZ	yer_id/merkez yolu kökten bağımsız kapatıyor	1		Kahire		1517-04-13 Tomanbay'ın Bâbüzüveyle'de idamı ve Memlük Devleti'nin sonu
1517-04-13	Asvan	yerlesimler.js	GUN-KAPALI	kok	BUYUK-HARF	OKUNMADI	büyük harfli özel ad eşleşmesi — tek tek okunmadı	1	d	Asvan	siyla Yukari Misir'daki (Said) Asyut ve Asvan gibi sehirler de Osmanli idaresine bagl	1517-04-13 Tomanbay'ın Bâbüzüveyle'de idamı ve Memlük Devleti'nin sonu
1517-04-13	Asyut	yerlesimler.js	GUN-KAPALI	kok	BUYUK-HARF	OKUNMADI	büyük harfli özel ad eşleşmesi — tek tek okunmadı	1	d	Asyut	n kirilmasiyla Yukari Misir'daki (Said) Asyut ve Asvan gibi sehirler de Osmanli idare	1517-04-13 Tomanbay'ın Bâbüzüveyle'de idamı ve Memlük Devleti'nin sonu
1517-04-13	Atfîh	yerlesimler_afrika.js	GUN-KAPALI	merkez	BAGIMSIZ	GERCEK-BAGIMSIZ	yer_id/merkez yolu kökten bağımsız kapatıyor	1		Kahire		1517-04-13 Tomanbay'ın Bâbüzüveyle'de idamı ve Memlük Devleti'nin sonu
1517-04-13	Bahriye (Bâvîtî)	yerlesimler_afrika.js	GUN-KAPALI	merkez	BAGIMSIZ	GERCEK-BAGIMSIZ	yer_id/merkez yolu kökten bağımsız kapatıyor	1		Kahire		1517-04-13 Tomanbay'ın Bâbüzüveyle'de idamı ve Memlük Devleti'nin sonu
1517-04-13	Behnesâ	yerlesimler_afrika.js	GUN-KAPALI	merkez	BAGIMSIZ	GERCEK-BAGIMSIZ	yer_id/merkez yolu kökten bağımsız kapatıyor	1		Kahire		1517-04-13 Tomanbay'ın Bâbüzüveyle'de idamı ve Memlük Devleti'nin sonu
1517-04-13	Benî Süveyf	yerlesimler_afrika.js	GUN-KAPALI	merkez	BAGIMSIZ	GERCEK-BAGIMSIZ	yer_id/merkez yolu kökten bağımsız kapatıyor	1		Kahire		1517-04-13 Tomanbay'ın Bâbüzüveyle'de idamı ve Memlük Devleti'nin sonu
1517-04-13	Cirge (Girga)	yerlesimler_afrika.js	GUN-KAPALI	merkez	BAGIMSIZ	GERCEK-BAGIMSIZ	yer_id/merkez yolu kökten bağımsız kapatıyor	1		Kahire		1517-04-13 Tomanbay'ın Bâbüzüveyle'de idamı ve Memlük Devleti'nin sonu
1517-04-13	Deyrût	yerlesimler_afrika.js	GUN-KAPALI	merkez	BAGIMSIZ	GERCEK-BAGIMSIZ	yer_id/merkez yolu kökten bağımsız kapatıyor	1		Kahire		1517-04-13 Tomanbay'ın Bâbüzüveyle'de idamı ve Memlük Devleti'nin sonu
1517-04-13	Dâhile	yerlesimler_afrika.js	GUN-KAPALI	merkez	BAGIMSIZ	GERCEK-BAGIMSIZ	yer_id/merkez yolu kökten bağımsız kapatıyor	1		Kahire		1517-04-13 Tomanbay'ın Bâbüzüveyle'de idamı ve Memlük Devleti'nin sonu
1517-04-13	Edfû	yerlesimler_afrika.js	GUN-KAPALI	merkez	BAGIMSIZ	GERCEK-BAGIMSIZ	yer_id/merkez yolu kökten bağımsız kapatıyor	1		Kahire		1517-04-13 Tomanbay'ın Bâbüzüveyle'de idamı ve Memlük Devleti'nin sonu
1517-04-13	Esna	yerlesimler_afrika.js	GUN-KAPALI	merkez	BAGIMSIZ	GERCEK-BAGIMSIZ	yer_id/merkez yolu kökten bağımsız kapatıyor	1		Kahire		1517-04-13 Tomanbay'ın Bâbüzüveyle'de idamı ve Memlük Devleti'nin sonu
1517-04-13	Ferâfire	yerlesimler_afrika.js	GUN-KAPALI	merkez	BAGIMSIZ	GERCEK-BAGIMSIZ	yer_id/merkez yolu kökten bağımsız kapatıyor	1		Kahire		1517-04-13 Tomanbay'ın Bâbüzüveyle'de idamı ve Memlük Devleti'nin sonu
1517-04-13	Ferşût	yerlesimler_afrika.js	GUN-KAPALI	merkez	BAGIMSIZ	GERCEK-BAGIMSIZ	yer_id/merkez yolu kökten bağımsız kapatıyor	1		Kahire		1517-04-13 Tomanbay'ın Bâbüzüveyle'de idamı ve Memlük Devleti'nin sonu
1517-04-13	Feyyûm	yerlesimler_afrika.js	GUN-KAPALI	merkez	BAGIMSIZ	GERCEK-BAGIMSIZ	yer_id/merkez yolu kökten bağımsız kapatıyor	1		Kahire		1517-04-13 Tomanbay'ın Bâbüzüveyle'de idamı ve Memlük Devleti'nin sonu
1517-04-13	Hârice (Vâhât)	yerlesimler_afrika.js	GUN-KAPALI	merkez	BAGIMSIZ	GERCEK-BAGIMSIZ	yer_id/merkez yolu kökten bağımsız kapatıyor	1		Kahire		1517-04-13 Tomanbay'ın Bâbüzüveyle'de idamı ve Memlük Devleti'nin sonu
1517-04-13	Kusayr	yerlesimler_afrika.js	GUN-KAPALI	merkez	BAGIMSIZ	GERCEK-BAGIMSIZ	yer_id/merkez yolu kökten bağımsız kapatıyor	1		Kahire		1517-04-13 Tomanbay'ın Bâbüzüveyle'de idamı ve Memlük Devleti'nin sonu
1517-04-13	Kûm Ombo	yerlesimler_afrika.js	GUN-KAPALI	merkez	BAGIMSIZ	GERCEK-BAGIMSIZ	yer_id/merkez yolu kökten bağımsız kapatıyor	1		Kahire		1517-04-13 Tomanbay'ın Bâbüzüveyle'de idamı ve Memlük Devleti'nin sonu
1517-04-13	Kûs	yerlesimler_afrika.js	GUN-KAPALI	merkez	BAGIMSIZ	GERCEK-BAGIMSIZ	yer_id/merkez yolu kökten bağımsız kapatıyor	1		Kahire		1517-04-13 Tomanbay'ın Bâbüzüveyle'de idamı ve Memlük Devleti'nin sonu
1517-04-13	Kına	yerlesimler_afrika.js	GUN-KAPALI	merkez	BAGIMSIZ	GERCEK-BAGIMSIZ	yer_id/merkez yolu kökten bağımsız kapatıyor	1		Kahire		1517-04-13 Tomanbay'ın Bâbüzüveyle'de idamı ve Memlük Devleti'nin sonu
1517-04-13	Mellevî	yerlesimler_afrika.js	GUN-KAPALI	merkez	BAGIMSIZ	GERCEK-BAGIMSIZ	yer_id/merkez yolu kökten bağımsız kapatıyor	1		Kahire		1517-04-13 Tomanbay'ın Bâbüzüveyle'de idamı ve Memlük Devleti'nin sonu
1517-04-13	Minye	yerlesimler_afrika.js	GUN-KAPALI	merkez	BAGIMSIZ	GERCEK-BAGIMSIZ	yer_id/merkez yolu kökten bağımsız kapatıyor	1		Kahire		1517-04-13 Tomanbay'ın Bâbüzüveyle'de idamı ve Memlük Devleti'nin sonu
1517-04-13	Sefâce	yerlesimler_afrika.js	GUN-KAPALI	merkez	BAGIMSIZ	GERCEK-BAGIMSIZ	yer_id/merkez yolu kökten bağımsız kapatıyor	1		Kahire		1517-04-13 Tomanbay'ın Bâbüzüveyle'de idamı ve Memlük Devleti'nin sonu
1517-04-13	Sîva (Siwa)	yerlesimler_p0043libya.js	GUN-KAPALI	merkez	BAGIMSIZ	GERCEK-BAGIMSIZ	yer_id/merkez yolu kökten bağımsız kapatıyor	1		Kahire		1517-04-13 Tomanbay'ın Bâbüzüveyle'de idamı ve Memlük Devleti'nin sonu
1517-04-13	Tahtâ	yerlesimler_afrika.js	GUN-KAPALI	merkez	BAGIMSIZ	GERCEK-BAGIMSIZ	yer_id/merkez yolu kökten bağımsız kapatıyor	1		Kahire		1517-04-13 Tomanbay'ın Bâbüzüveyle'de idamı ve Memlük Devleti'nin sonu
1517-04-13	Uksur (Luksor)	yerlesimler_afrika.js	GUN-KAPALI	merkez	BAGIMSIZ	GERCEK-BAGIMSIZ	yer_id/merkez yolu kökten bağımsız kapatıyor	1		Kahire		1517-04-13 Tomanbay'ın Bâbüzüveyle'de idamı ve Memlük Devleti'nin sonu
1517-04-13	Vâdî Halfâ	yerlesimler_afrika.js	GUN-KAPALI	merkez	BAGIMSIZ	GERCEK-BAGIMSIZ	yer_id/merkez yolu kökten bağımsız kapatıyor	1		Kahire		1517-04-13 Tomanbay'ın Bâbüzüveyle'de idamı ve Memlük Devleti'nin sonu
1517-04-13	İbrim	yerlesimler.js	GUN-KAPALI	merkez	BAGIMSIZ	GERCEK-BAGIMSIZ	yer_id/merkez yolu kökten bağımsız kapatıyor	1		Kahire		1517-04-13 Tomanbay'ın Bâbüzüveyle'de idamı ve Memlük Devleti'nin sonu
1517-05-01	Mardin	yerlesimler.js	GUN-KAPALI	yer_id	BAGIMSIZ	GERCEK-BAGIMSIZ	yer_id/merkez yolu kökten bağımsız kapatıyor	1				1517-05-01 Mardin kalesinin teslimi — Diyarbekir'in güneyinde Safevî direncinin s
1517-05-01	Midyat	yerlesimler_ok107.js	GUN-KAPALI	merkez	BAGIMSIZ	GERCEK-BAGIMSIZ	yer_id/merkez yolu kökten bağımsız kapatıyor	1		Mardin		1517-05-01 Mardin kalesinin teslimi — Diyarbekir'in güneyinde Safevî direncinin s
1517-05-19	Dimyat	yerlesimler.js	GUN-MASKELI	kok	BUYUK-HARF	OKUNMADI	büyük harfli özel ad eşleşmesi — tek tek okunmadı	0	yer	Dimyat	thinin tamamlanmasi Iskenderiye, Resid, Dimyat Ridaniye'den tam dort ay, Tomanbay'in i	1517-05-19 İskenderiye'nin donanmayla teslim alınması — Mısır fethinin tamamlanma
1517-05-19	Reşîd (Rosetta)	yerlesimler.js	GUN-MASKELI	kok	BUYUK-HARF	GERCEK-OKUNDU	bağlam elle okundu (bayraklı ya da kısa/eşsesli kök)	0	yer	Resid	isir fethinin tamamlanmasi Iskenderiye, Resid, Dimyat Ridaniye'den tam dort ay, Toman	1517-05-19 İskenderiye'nin donanmayla teslim alınması — Mısır fethinin tamamlanma
1517-05-19	İskenderiye	yerlesimler.js	GUN-MASKELI	yer_id	BAGIMSIZ	GERCEK-BAGIMSIZ	yer_id/merkez yolu kökten bağımsız kapatıyor	0				1517-05-19 İskenderiye'nin donanmayla teslim alınması — Mısır fethinin tamamlanma
1517-07-06	Cidde	yerlesimler.js	GUN-MASKELI	kok+merkez	BAGIMSIZ	GERCEK-BAGIMSIZ	yer_id/merkez yolu kökten bağımsız kapatıyor	0	yer	Cidde	glu Ebu Numeyy'in biati Kahire - Mekke, Cidde, Taif Yavuz Sultan Selim once Mekke ve 	1517-07-06 Hicaz'ın savaşsız katılışı: Mekke Şerifi'nin oğlu Ebû Nümeyy'in bîatı
1517-07-06	Hayber	yerlesimler_ok101.js	GUN-MASKELI	merkez	BAGIMSIZ	GERCEK-BAGIMSIZ	yer_id/merkez yolu kökten bağımsız kapatıyor	0		Medine		1517-07-12 Hâdimü'l-Haremeyn unvanının kabulü ve Medine'de hutbe
1517-07-06	Medine	yerlesimler.js	GUN-MASKELI	yer_id	BAGIMSIZ	GERCEK-BAGIMSIZ	yer_id/merkez yolu kökten bağımsız kapatıyor	0				1517-07-12 Hâdimü'l-Haremeyn unvanının kabulü ve Medine'de hutbe
1517-07-06	Medâin-i Sâlih (el-Hicr)	yerlesimler_ok101.js	GUN-MASKELI	merkez	BAGIMSIZ	GERCEK-BAGIMSIZ	yer_id/merkez yolu kökten bağımsız kapatıyor	0		Medine		1517-07-12 Hâdimü'l-Haremeyn unvanının kabulü ve Medine'de hutbe
1517-07-06	Mekke	yerlesimler.js	GUN-MASKELI	kok+yer_id	BAGIMSIZ	GERCEK-BAGIMSIZ	yer_id/merkez yolu kökten bağımsız kapatıyor	0	yer	Mekke	inin kabulu ve Medine'de hutbe Kahire - Mekke - Medine Mekke heyetinin ikinci kabulun	1517-07-12 Hâdimü'l-Haremeyn unvanının kabulü ve Medine'de hutbe
1517-07-06	Tebük	yerlesimler.js	GUN-MASKELI	kok	BUYUK-HARF	OKUNMADI	büyük harfli özel ad eşleşmesi — tek tek okunmadı	0	d	Tebuk	ni tarihte katilan oteki yerler: Yenbu, Tebuk.	1517-07-12 Hâdimü'l-Haremeyn unvanının kabulü ve Medine'de hutbe
1517-07-06	Tâif	yerlesimler.js	GUN-MASKELI	kok+merkez	BAGIMSIZ	GERCEK-BAGIMSIZ	yer_id/merkez yolu kökten bağımsız kapatıyor	0	yer	Taif	 Numeyy'in biati Kahire - Mekke, Cidde, Taif Yavuz Sultan Selim once Mekke ve cevres	1517-07-06 Hicaz'ın savaşsız katılışı: Mekke Şerifi'nin oğlu Ebû Nümeyy'in bîatı
1517-07-06	Yenbu	yerlesimler.js	GUN-MASKELI	kok	BUYUK-HARF	GERCEK-OKUNDU	bağlam elle okundu (bayraklı ya da kısa/eşsesli kök)	0	d	Yenbu	tti. Ayni tarihte katilan oteki yerler: Yenbu, Tebuk.	1517-07-12 Hâdimü'l-Haremeyn unvanının kabulü ve Medine'de hutbe
1517-07-06	el-Ulâ	yerlesimler_ok101.js	GUN-MASKELI	merkez	BAGIMSIZ	GERCEK-BAGIMSIZ	yer_id/merkez yolu kökten bağımsız kapatıyor	0		Medine		1517-07-12 Hâdimü'l-Haremeyn unvanının kabulü ve Medine'de hutbe
1517-07-06	el-Vech	yerlesimler_ok101.js	GUN-MASKELI	merkez	BAGIMSIZ	GERCEK-BAGIMSIZ	yer_id/merkez yolu kökten bağımsız kapatıyor	0		Medine		1517-07-12 Hâdimü'l-Haremeyn unvanının kabulü ve Medine'de hutbe
1518-01-01	Erzurum	yerlesimler.js	OCAK1	yer_id	BAGIMSIZ	GERCEK-BAGIMSIZ	yer_id/merkez yolu kökten bağımsız kapatıyor	1				1518-01-01 Erzurum Osmanlı idaresine katıldı — Doğu Anadolu'da Safevî nüfuzu kırı
1519-03-25	Potonchán (Santa María de la Victoria)	yerlesimler_amerika.js	GUN-KAPALI	yer_id	BAGIMSIZ	GERCEK-BAGIMSIZ	yer_id/merkez yolu kökten bağımsız kapatıyor	1				1519-03-25 Centla Muharebesi — Potonchán Maya beyliği düştü, Santa María de la Vi
1519-08-15	Panamá (Panama City)	yerlesimler_0ee15e.js	GUN-KAPALI	yer_id	BAGIMSIZ	GERCEK-BAGIMSIZ	yer_id/merkez yolu kökten bağımsız kapatıyor	0				1519-08-15 Panamá kuruldu — Büyük Okyanus kıyısındaki ilk Avrupa şehri
1519-09-01	Batna	yerlesimler_afrika.js	GUN-KAPALI	merkez	BAGIMSIZ	GERCEK-BAGIMSIZ	yer_id/merkez yolu kökten bağımsız kapatıyor	0		Cezayir		1519-09-01 Cezayir'in Osmanlı Devleti'ne bağlanması
1519-09-01	Berc Bû Areric	yerlesimler_afrika.js	GUN-KAPALI	merkez	BAGIMSIZ	GERCEK-BAGIMSIZ	yer_id/merkez yolu kökten bağımsız kapatıyor	0		Cezayir		1519-09-01 Cezayir'in Osmanlı Devleti'ne bağlanması
1519-09-01	Blida	yerlesimler_afrika.js	GUN-KAPALI	merkez	BAGIMSIZ	GERCEK-BAGIMSIZ	yer_id/merkez yolu kökten bağımsız kapatıyor	0		Cezayir		1519-09-01 Cezayir'in Osmanlı Devleti'ne bağlanması
1519-09-01	Cezayir	yerlesimler.js	GUN-KAPALI	yer_id	BAGIMSIZ	GERCEK-BAGIMSIZ	yer_id/merkez yolu kökten bağımsız kapatıyor	0				1519-09-01 Cezayir'in Osmanlı Devleti'ne bağlanması
1519-09-01	Cicel	yerlesimler_afrika.js	GUN-KAPALI	merkez	BAGIMSIZ	GERCEK-BAGIMSIZ	yer_id/merkez yolu kökten bağımsız kapatıyor	0		Cezayir		1519-09-01 Cezayir'in Osmanlı Devleti'ne bağlanması
1519-09-01	Dellîs	yerlesimler_afrika.js	GUN-KAPALI	merkez	BAGIMSIZ	GERCEK-BAGIMSIZ	yer_id/merkez yolu kökten bağımsız kapatıyor	0		Cezayir		1519-09-01 Cezayir'in Osmanlı Devleti'ne bağlanması
1519-09-01	Kalme (Guelma)	yerlesimler_afrika.js	GUN-KAPALI	merkez	BAGIMSIZ	GERCEK-BAGIMSIZ	yer_id/merkez yolu kökten bağımsız kapatıyor	0		Cezayir		1519-09-01 Cezayir'in Osmanlı Devleti'ne bağlanması
1519-09-01	Kolo	yerlesimler_afrika.js	GUN-KAPALI	merkez	BAGIMSIZ	GERCEK-BAGIMSIZ	yer_id/merkez yolu kökten bağımsız kapatıyor	0		Cezayir		1519-09-01 Cezayir'in Osmanlı Devleti'ne bağlanması
1519-09-01	Konstantin	yerlesimler.js	GUN-KAPALI	kok	BUYUK-HARF	GERCEK-OKUNDU	bağlam elle okundu (bayraklı ya da kısa/eşsesli kök)	0	d	Konstantin	tti. Ayni tarihte katilan oteki yerler: Konstantin, Sersel (Cherchell), Medea (Titteri), S	1519-09-01 Cezayir'in Osmanlı Devleti'ne bağlanması
1519-09-01	Medea (Titteri)	yerlesimler.js	GUN-KAPALI	kok	BUYUK-HARF	GERCEK-OKUNDU	bağlam elle okundu (bayraklı ya da kısa/eşsesli kök)	0	d	Medea	yerler: Konstantin, Sersel (Cherchell), Medea (Titteri), Setif.	1519-09-01 Cezayir'in Osmanlı Devleti'ne bağlanması
1519-09-01	Mesîle	yerlesimler_afrika.js	GUN-KAPALI	merkez	BAGIMSIZ	GERCEK-BAGIMSIZ	yer_id/merkez yolu kökten bağımsız kapatıyor	0		Cezayir		1519-09-01 Cezayir'in Osmanlı Devleti'ne bağlanması
1519-09-01	Miliana	yerlesimler_afrika.js	GUN-KAPALI	merkez	BAGIMSIZ	GERCEK-BAGIMSIZ	yer_id/merkez yolu kökten bağımsız kapatıyor	0		Cezayir		1519-09-01 Cezayir'in Osmanlı Devleti'ne bağlanması
1519-09-01	Mîle	yerlesimler_afrika.js	GUN-KAPALI	merkez	BAGIMSIZ	GERCEK-BAGIMSIZ	yer_id/merkez yolu kökten bağımsız kapatıyor	0		Cezayir		1519-09-01 Cezayir'in Osmanlı Devleti'ne bağlanması
1519-09-01	Setif	yerlesimler.js	GUN-KAPALI	kok	BUYUK-HARF	OKUNMADI	büyük harfli özel ad eşleşmesi — tek tek okunmadı	0	d	Setif	n, Sersel (Cherchell), Medea (Titteri), Setif.	1519-09-01 Cezayir'in Osmanlı Devleti'ne bağlanması
1519-09-01	Sikikde	yerlesimler_afrika.js	GUN-KAPALI	merkez	BAGIMSIZ	GERCEK-BAGIMSIZ	yer_id/merkez yolu kökten bağımsız kapatıyor	0		Cezayir		1519-09-01 Cezayir'in Osmanlı Devleti'ne bağlanması
1519-09-01	Sûk Ahrâs	yerlesimler_afrika.js	GUN-KAPALI	merkez	BAGIMSIZ	GERCEK-BAGIMSIZ	yer_id/merkez yolu kökten bağımsız kapatıyor	0		Cezayir		1519-09-01 Cezayir'in Osmanlı Devleti'ne bağlanması
1519-09-01	Tebesse	yerlesimler_afrika.js	GUN-KAPALI	merkez	BAGIMSIZ	GERCEK-BAGIMSIZ	yer_id/merkez yolu kökten bağımsız kapatıyor	0		Cezayir		1519-09-01 Cezayir'in Osmanlı Devleti'ne bağlanması
1519-09-01	Tenes	yerlesimler_afrika.js	GUN-KAPALI	merkez	BAGIMSIZ	GERCEK-BAGIMSIZ	yer_id/merkez yolu kökten bağımsız kapatıyor	0		Cezayir		1519-09-01 Cezayir'in Osmanlı Devleti'ne bağlanması
1519-09-01	Şelif	yerlesimler_afrika.js	GUN-KAPALI	merkez	BAGIMSIZ	GERCEK-BAGIMSIZ	yer_id/merkez yolu kökten bağımsız kapatıyor	0		Cezayir		1519-09-01 Cezayir'in Osmanlı Devleti'ne bağlanması
1519-09-01	Şerşel (Cherchell)	yerlesimler.js	GUN-KAPALI	kok	BUYUK-HARF	OKUNMADI	büyük harfli özel ad eşleşmesi — tek tek okunmadı	0	d	Sersel	rihte katilan oteki yerler: Konstantin, Sersel (Cherchell), Medea (Titteri), Setif.	1519-09-01 Cezayir'in Osmanlı Devleti'ne bağlanması
1520-09-04	Tepeaca	yerlesimler_amerika.js	GUN-KAPALI	yer_id	BAGIMSIZ	GERCEK-BAGIMSIZ	yer_id/merkez yolu kökten bağımsız kapatıyor	0				1520-09-04 Tepeaca'nın zaptı — Cortés'in Hüzünlü Gece'den sonraki ilk fethi
1521-01-01	Manama (Bahreyn)	yerlesimler.js	OCAK1	yer_id	BAGIMSIZ	GERCEK-BAGIMSIZ	yer_id/merkez yolu kökten bağımsız kapatıyor	1				1521-01-01 Portekiz'in Bahreyn'i alışı — Cebrî hâkimiyetinin sonu
1521-01-01	Nikarya (İkarya)	yerlesimler.js	OCAK1	yer_id	BAGIMSIZ	GERCEK-BAGIMSIZ	yer_id/merkez yolu kökten bağımsız kapatıyor	0				1521-01-01 Nikarya (İkarya) adasının Osmanlı idaresine girmesi
1521-01-01	Ryazan	yerlesimler_ek17.js	OCAK1	kok	BUYUK-HARF	OKUNMADI	büyük harfli özel ad eşleşmesi — tek tek okunmadı	1	b	Ryazan	Ryazan Knezligi Moskova'ya katildi  Ryazan kne	1521-01-01 Ryazan Knezliği Moskova'ya katıldı
1521-07-07	Böğürdelen (Šabac)	yerlesimler.js	GUN-KAPALI	yer_id	BAGIMSIZ	GERCEK-BAGIMSIZ	yer_id/merkez yolu kökten bağımsız kapatıyor	0				1521-07-07 Böğürdelen'in fethi — Kanûnî'nin aldığı ilk kale ve Belgrad kararının 
1521-08-13	Tenochtitlan (Mexico City)	yerlesimler_amerika.js	GUN-MASKELI	kok	BUYUK-HARF	OKUNMADI	büyük harfli özel ad eşleşmesi — tek tek okunmadı	0	b	Tenochtitlan	Uzun kusatma sonunda Tenochtitlan dustu, son imparator Cuauhtemoc esir al	1521-08-13 Uzun kuşatma sonunda Tenochtitlan düştü, son imparator Cuauhtémoc esir
1521-08-29	Belgrad	yerlesimler.js	GUN-KAPALI	yer_id	BAGIMSIZ	GERCEK-BAGIMSIZ	yer_id/merkez yolu kökten bağımsız kapatıyor	0				1521-08-29 Belgrad'ın fethi
1522-01-01	Darende	yerlesimler_ok110.js	OCAK1	kok	BUYUK-HARF	OKUNMADI	büyük harfli özel ad eşleşmesi — tek tek okunmadı	0	yer	Darende	an, Goksun, Gurun, Zamanti (Pinarbasi), Darende 1515 Turnadag bozgunundan sonra Osmanli	1522-01-01 Dulkadir ülkesinin ilhakı — Maraş merkezli Dulkadır eyaleti
1522-01-01	Elbistan	yerlesimler.js	OCAK1	kok	BUYUK-HARF	OKUNMADI	büyük harfli özel ad eşleşmesi — tek tek okunmadı	0	yer	Elbistan	 Maras merkezli Dulkadir eyaleti Maras, Elbistan, Goksun, Gurun, Zamanti (Pinarbasi), Da	1522-01-01 Dulkadir ülkesinin ilhakı — Maraş merkezli Dulkadır eyaleti
1522-01-01	Göksun	yerlesimler_anadolu_0914.js	OCAK1	kok	BUYUK-HARF	OKUNMADI	büyük harfli özel ad eşleşmesi — tek tek okunmadı	0	yer	Goksun	kezli Dulkadir eyaleti Maras, Elbistan, Goksun, Gurun, Zamanti (Pinarbasi), Darende 15	1522-01-01 Dulkadir ülkesinin ilhakı — Maraş merkezli Dulkadır eyaleti
1522-01-01	Gürün	yerlesimler_anadolu_0914.js	OCAK1	kok	BUYUK-HARF	OKUNMADI	büyük harfli özel ad eşleşmesi — tek tek okunmadı	0	yer	Gurun	lkadir eyaleti Maras, Elbistan, Goksun, Gurun, Zamanti (Pinarbasi), Darende 1515 Turn	1522-01-01 Dulkadir ülkesinin ilhakı — Maraş merkezli Dulkadır eyaleti
1522-01-01	Maraş	yerlesimler.js	OCAK1	yer_id	BAGIMSIZ	GERCEK-BAGIMSIZ	yer_id/merkez yolu kökten bağımsız kapatıyor	0				1522-01-01 Dulkadir ülkesinin ilhakı — Maraş merkezli Dulkadır eyaleti
1522-01-01	Massenya	yerlesimler_afrika2.js	OCAK1	yer_id	BAGIMSIZ	GERCEK-BAGIMSIZ	yer_id/merkez yolu kökten bağımsız kapatıyor	1				1522-01-01 Bagirmi Sultanlığı kuruldu
1522-01-01	Zamantı (Pınarbaşı)	yerlesimler_anadolu_0914.js	OCAK1	kok	BUYUK-HARF	OKUNMADI	büyük harfli özel ad eşleşmesi — tek tek okunmadı	0	yer	Zamanti	eyaleti Maras, Elbistan, Goksun, Gurun, Zamanti (Pinarbasi), Darende 1515 Turnadag bozg	1522-01-01 Dulkadir ülkesinin ilhakı — Maraş merkezli Dulkadır eyaleti
1522-05-29	Knin	yerlesimler_ek.js	GUN-KAPALI	yer_id	BAGIMSIZ	GERCEK-BAGIMSIZ	yer_id/merkez yolu kökten bağımsız kapatıyor	0				1522-05-29 Knin'in fethi
1522-12-21	Batnoz (Patmos)	yerlesimler.js	GUN-KAPALI	merkez	BAGIMSIZ	GERCEK-BAGIMSIZ	yer_id/merkez yolu kökten bağımsız kapatıyor	0		Rodos		1522-12-21 Rodos'un fethi
1522-12-21	Herke (Halki)	yerlesimler.js	GUN-KAPALI	merkez	BAGIMSIZ	GERCEK-BAGIMSIZ	yer_id/merkez yolu kökten bağımsız kapatıyor	0		Rodos		1522-12-21 Rodos'un fethi
1522-12-21	Lindos	yerlesimler.js	GUN-KAPALI	merkez	BAGIMSIZ	GERCEK-BAGIMSIZ	yer_id/merkez yolu kökten bağımsız kapatıyor	0		Rodos		1522-12-21 Rodos'un fethi
1522-12-21	Rodos	yerlesimler.js	GUN-KAPALI	kok+yer_id	BAGIMSIZ	GERCEK-BAGIMSIZ	yer_id/merkez yolu kökten bağımsız kapatıyor	0	d	Rodos	evri Bodrum, Istankoy, Kelemez, Ileryoz Rodos'un teslim sartlari geregi Saint Jean so	1523-01-05 Şövalyelerin çekilişi: Bodrum, İstanköy ve Onikiada'nın devri
1522-12-21	Sömbeki (Simi)	yerlesimler.js	GUN-KAPALI	merkez	BAGIMSIZ	GERCEK-BAGIMSIZ	yer_id/merkez yolu kökten bağımsız kapatıyor	0		Rodos		1522-12-21 Rodos'un fethi
1522-12-21	İlyaki (Tilos)	yerlesimler.js	GUN-KAPALI	merkez	BAGIMSIZ	GERCEK-BAGIMSIZ	yer_id/merkez yolu kökten bağımsız kapatıyor	0		Rodos		1522-12-21 Rodos'un fethi
1522-12-21	İncirli (Nisiros)	yerlesimler.js	GUN-KAPALI	merkez	BAGIMSIZ	GERCEK-BAGIMSIZ	yer_id/merkez yolu kökten bağımsız kapatıyor	0		Rodos		1522-12-21 Rodos'un fethi
1523-01-01	Ostrovica (Stara Ostrovica, Kulen Vakuf)	yerlesimler_ek29.js	OCAK1	yer_id	BAGIMSIZ	GERCEK-BAGIMSIZ	yer_id/merkez yolu kökten bağımsız kapatıyor	0				1523-01-01 Una vadisinde Ostrovica Kalesi'nin fethi
1523-01-05	Bodrum	yerlesimler.js	GUN-KAPALI	yer_id	BAGIMSIZ	GERCEK-BAGIMSIZ	yer_id/merkez yolu kökten bağımsız kapatıyor	0				1523-01-05 Şövalyelerin çekilişi: Bodrum, İstanköy ve Onikiada'nın devri
1523-01-05	Kelemez (Kalimnos)	yerlesimler.js	GUN-KAPALI	kok+merkez	BAGIMSIZ	GERCEK-BAGIMSIZ	yer_id/merkez yolu kökten bağımsız kapatıyor	0	yer	Kelemez	ve Onikiada'nin devri Bodrum, Istankoy, Kelemez, Ileryoz Rodos'un teslim sartlari gereg	1523-01-05 Şövalyelerin çekilişi: Bodrum, İstanköy ve Onikiada'nın devri
1523-01-05	İleryoz (Leros)	yerlesimler.js	GUN-KAPALI	kok+merkez	BAGIMSIZ	GERCEK-BAGIMSIZ	yer_id/merkez yolu kökten bağımsız kapatıyor	0	yer	Ileryoz	da'nin devri Bodrum, Istankoy, Kelemez, Ileryoz Rodos'un teslim sartlari geregi Saint J	1523-01-05 Şövalyelerin çekilişi: Bodrum, İstanköy ve Onikiada'nın devri
1523-01-05	İstanköy	yerlesimler.js	GUN-KAPALI	kok+merkez	BAGIMSIZ	GERCEK-BAGIMSIZ	yer_id/merkez yolu kökten bağımsız kapatıyor	0	b	Istankoy	Sovalyelerin cekilisi: Bodrum, Istankoy ve Onikiada'nin devri Bodrum, Istankoy,	1523-01-05 Şövalyelerin çekilişi: Bodrum, İstanköy ve Onikiada'nın devri
1523-07-25	Colima (San Sebastián de Colima)	yerlesimler_amerika.js	GUN-KAPALI	yer_id	BAGIMSIZ	GERCEK-BAGIMSIZ	yer_id/merkez yolu kökten bağımsız kapatıyor	1				1523-07-25 San Sebastián de Colima kuruldu — Yeni İspanya'nın Pasifik kıyısına aç
1525-04-08	Königsberg	yerlesimler.js	GUN-KAPALI	yer_id	BAGIMSIZ	GERCEK-BAGIMSIZ	yer_id/merkez yolu kökten bağımsız kapatıyor	1				1525-04-08 Kraków Barışı — Cermen tarikatı devleti Prusya Dükalığı'na dönüştü
1526-08-29	Eğri	yerlesimler.js	GUN-MASKELI	merkez	BAGIMSIZ	GERCEK-BAGIMSIZ	yer_id/merkez yolu kökten bağımsız kapatıyor	0		Budin		1526-09-01 Mohaç sonrası Budin'in teslimi — Macar tahtına iki kral
1526-08-29	Kanije	yerlesimler.js	GUN-MASKELI	merkez	BAGIMSIZ	GERCEK-BAGIMSIZ	yer_id/merkez yolu kökten bağımsız kapatıyor	0		Budin		1526-09-01 Mohaç sonrası Budin'in teslimi — Macar tahtına iki kral
1526-08-29	Uyvar	yerlesimler.js	GUN-MASKELI	merkez	BAGIMSIZ	GERCEK-BAGIMSIZ	yer_id/merkez yolu kökten bağımsız kapatıyor	0		Budin		1526-09-01 Mohaç sonrası Budin'in teslimi — Macar tahtına iki kral
1526-08-29	Yanıkkale (Győr)	yerlesimler.js	GUN-MASKELI	merkez	BAGIMSIZ	GERCEK-BAGIMSIZ	yer_id/merkez yolu kökten bağımsız kapatıyor	0		Budin		1526-09-01 Mohaç sonrası Budin'in teslimi — Macar tahtına iki kral
1526-08-29	Zigetvar	yerlesimler.js	GUN-MASKELI	merkez	BAGIMSIZ	GERCEK-BAGIMSIZ	yer_id/merkez yolu kökten bağımsız kapatıyor	0		Budin		1526-09-01 Mohaç sonrası Budin'in teslimi — Macar tahtına iki kral
1526-09-01	Baç (Bács)	yerlesimler.js	GUN-MASKELI	merkez	BAGIMSIZ	GERCEK-BAGIMSIZ	yer_id/merkez yolu kökten bağımsız kapatıyor	0		Budin		1526-09-01 Mohaç sonrası Budin'in teslimi — Macar tahtına iki kral
1526-09-01	Budin	yerlesimler.js	GUN-MASKELI	yer_id	BAGIMSIZ	GERCEK-BAGIMSIZ	yer_id/merkez yolu kökten bağımsız kapatıyor	0				1526-09-01 Mohaç sonrası Budin'in teslimi — Macar tahtına iki kral
1526-09-01	Mohaç	yerlesimler.js	GUN-MASKELI	kok+yer_id	BAGIMSIZ	GERCEK-BAGIMSIZ	yer_id/merkez yolu kökten bağımsız kapatıyor	0	b	Mohac	Mohac sonrasi Budin'in teslimi - Macar tahtin	1526-09-01 Mohaç sonrası Budin'in teslimi — Macar tahtına iki kral
1526-09-01	Peşte	yerlesimler.js	GUN-MASKELI	merkez	BAGIMSIZ	GERCEK-BAGIMSIZ	yer_id/merkez yolu kökten bağımsız kapatıyor	0		Budin		1526-09-01 Mohaç sonrası Budin'in teslimi — Macar tahtına iki kral
1526-09-01	Varadin (Petrovaradin)	yerlesimler.js	GUN-MASKELI	merkez	BAGIMSIZ	GERCEK-BAGIMSIZ	yer_id/merkez yolu kökten bağımsız kapatıyor	0		Budin		1526-09-01 Mohaç sonrası Budin'in teslimi — Macar tahtına iki kral
1526-09-01	Ösek (Osijek)	yerlesimler.js	GUN-MASKELI	merkez	BAGIMSIZ	GERCEK-BAGIMSIZ	yer_id/merkez yolu kökten bağımsız kapatıyor	0		Budin		1526-09-01 Mohaç sonrası Budin'in teslimi — Macar tahtına iki kral
1527-01-01	Bihaç (Bihać)	yerlesimler_ek.js	OCAK1	kok+yer_id	BAGIMSIZ	GERCEK-BAGIMSIZ	yer_id/merkez yolu kökten bağımsız kapatıyor	0	d	Bihac	meye basladiginda bu hattin ana merkezi Bihac oldu.	1527-01-01 Cetin Meclisi — Hırvat soyluları Mohaç'tan sonra Habsburg Ferdinand'ı 
1527-01-01	Cetin (Cetingrad)	yerlesimler_ek29.js	OCAK1	yer_id	BAGIMSIZ	GERCEK-BAGIMSIZ	yer_id/merkez yolu kökten bağımsız kapatıyor	0				1527-01-01 Cetin Meclisi — Hırvat soyluları Mohaç'tan sonra Habsburg Ferdinand'ı 
1527-05-01	Udbina	yerlesimler_ek29.js	GUN-KAPALI	yer_id	BAGIMSIZ	GERCEK-BAGIMSIZ	yer_id/merkez yolu kökten bağımsız kapatıyor	0				1527-05-01 Udbina ve Krbava kalelerinin fethi — Lika Osmanlı idaresine giriyor
1527-09-23	Budin	yerlesimler.js	GUN-KAPALI	yer_id	BAGIMSIZ	GERCEK-BAGIMSIZ	yer_id/merkez yolu kökten bağımsız kapatıyor	0				1527-09-23 Ferdinand Budin'i ele geçirdi — Szapolyai başşehirden çıkarıldı
1527-09-23	Peşte	yerlesimler.js	GUN-KAPALI	kok	BUYUK-HARF	OKUNMADI	büyük harfli özel ad eşleşmesi — tek tek okunmadı	0	yer	Peste	yai bassehirden cikarildi Budin (Buda), Peste Mohac'tan sonra Macar tahtinda iki kral	1527-09-23 Ferdinand Budin'i ele geçirdi — Szapolyai başşehirden çıkarıldı
1528-01-01	Banaluka	yerlesimler.js	OCAK1	yer_id	BAGIMSIZ	GERCEK-BAGIMSIZ	yer_id/merkez yolu kökten bağımsız kapatıyor	0				1528-01-01 Kuzey Bosna'nın ilhakı: Yayça ve Banaluka
1528-01-01	Yayça (Jajce)	yerlesimler.js	OCAK1	kok	BUYUK-HARF	GERCEK-OKUNDU	bağlam elle okundu (bayraklı ya da kısa/eşsesli kök)	0	b	Yayca	Kuzey Bosna'nin ilhaki: Yayca ve Banaluka Banaluka, Yayca - Bosna Moh	1528-01-01 Kuzey Bosna'nın ilhakı: Yayça ve Banaluka
1529-09-08	Budin	yerlesimler.js	GUN-KAPALI	yer_id	BAGIMSIZ	GERCEK-BAGIMSIZ	yer_id/merkez yolu kökten bağımsız kapatıyor	0				1529-09-08 Budin'in alınıp Zapolya'ya verilmesi
1529-09-08	Peşte	yerlesimler.js	GUN-KAPALI	merkez	BAGIMSIZ	GERCEK-BAGIMSIZ	yer_id/merkez yolu kökten bağımsız kapatıyor	0		Budin		1529-09-08 Budin'in alınıp Zapolya'ya verilmesi
1530-03-24	Malta	yerlesimler.js	GUN-KAPALI	yer_id	BAGIMSIZ	GERCEK-BAGIMSIZ	yer_id/merkez yolu kökten bağımsız kapatıyor	0				1530-03-24 Malta ve Trablus Saint Jean şövalyelerine verildi — Rodos'tan sürülen 
1530-03-24	Trablus	yerlesimler.js	GUN-KAPALI	kok	BUYUK-HARF	OKUNMADI	büyük harfli özel ad eşleşmesi — tek tek okunmadı	0	b	Trablus	Malta ve Trablus Saint Jean sovalyelerine verildi - Rodo	1530-03-24 Malta ve Trablus Saint Jean şövalyelerine verildi — Rodos'tan sürülen 
1532-01-01	Bitlis	yerlesimler.js	OCAK1	yer_id	BAGIMSIZ	GERCEK-BAGIMSIZ	yer_id/merkez yolu kökten bağımsız kapatıyor	1				1532-01-01 Bitlis Safevî himayesine geçti — Ulama ve Fil Paşa kuşatmayı kaldırdı
1532-05-01	Floransa	yerlesimler.js	GUN-KAPALI	yer_id	BAGIMSIZ	GERCEK-BAGIMSIZ	yer_id/merkez yolu kökten bağımsız kapatıyor	1				1532-05-01 Floransa Cumhuriyeti dükalığa dönüştü — Alessandro de' Medici
1532-11-16	Cajamarca	yerlesimler_amerika.js	GUN-MASKELI	kok	BUYUK-HARF	OKUNMADI	büyük harfli özel ad eşleşmesi — tek tek okunmadı	0	b	Cajamarca	Cajamarca'da Francisco Pizarro, Imparator Atahual	1532-11-16 Cajamarca'da Francisco Pizarro, İmparator Atahualpa'yı tuzağa düşürüp 
1534-01-01	Bitlis	yerlesimler.js	OCAK1	yer_id	BAGIMSIZ	GERCEK-BAGIMSIZ	yer_id/merkez yolu kökten bağımsız kapatıyor	0				1534-01-01 Bitlis Ulama Paşa eliyle kesin olarak Osmanlı'ya katıldı
1534-06-01	Kars	yerlesimler.js	GUN-KAPALI	yer_id	BAGIMSIZ	GERCEK-BAGIMSIZ	yer_id/merkez yolu kökten bağımsız kapatıyor	0				1534-06-01 Kars çevresinin bütünleşmesi: Arpaçay, Digor ve Iğdır'ın Osmanlı idare
1534-06-01	Sarıkamış	yerlesimler_ek28.js	GUN-KAPALI	merkez	BAGIMSIZ	GERCEK-BAGIMSIZ	yer_id/merkez yolu kökten bağımsız kapatıyor	0		Kars		1534-06-01 Kars çevresinin bütünleşmesi: Arpaçay, Digor ve Iğdır'ın Osmanlı idare
1534-09-22	Tunus	yerlesimler.js	GUN-MASKELI	yer_id	BAGIMSIZ	GERCEK-BAGIMSIZ	yer_id/merkez yolu kökten bağımsız kapatıyor	0				1534-09-22 Barbaros'un Tunus'u fethi
1534-12-04	Bağdat	yerlesimler.js	GUN-MASKELI	yer_id	BAGIMSIZ	GERCEK-BAGIMSIZ	yer_id/merkez yolu kökten bağımsız kapatıyor	0				1534-12-04 Bağdat'ın fethi — Irakeyn Seferi
1534-12-04	Dîvâniye	yerlesimler.js	GUN-MASKELI	merkez	BAGIMSIZ	GERCEK-BAGIMSIZ	yer_id/merkez yolu kökten bağımsız kapatıyor	0		Bağdat		1534-12-04 Bağdat'ın fethi — Irakeyn Seferi
1534-12-04	Erbil	yerlesimler.js	GUN-MASKELI	kok	BUYUK-HARF	OKUNMADI	büyük harfli özel ad eşleşmesi — tek tek okunmadı	0	yer	Erbil	ethi - Irakeyn Seferi Tebriz ve Bagdat, Erbil 'Iki Irak' (Irak-i Arap ve Irak-i Acem)	1534-12-04 Bağdat'ın fethi — Irakeyn Seferi
1534-12-04	Fellûce	yerlesimler.js	GUN-MASKELI	merkez	BAGIMSIZ	GERCEK-BAGIMSIZ	yer_id/merkez yolu kökten bağımsız kapatıyor	0		Bağdat		1534-12-04 Bağdat'ın fethi — Irakeyn Seferi
1534-12-04	Hille	yerlesimler.js	GUN-MASKELI	merkez	BAGIMSIZ	GERCEK-BAGIMSIZ	yer_id/merkez yolu kökten bağımsız kapatıyor	0		Bağdat		1534-12-04 Bağdat'ın fethi — Irakeyn Seferi
1534-12-04	Hânekîn	yerlesimler.js	GUN-MASKELI	merkez	BAGIMSIZ	GERCEK-BAGIMSIZ	yer_id/merkez yolu kökten bağımsız kapatıyor	0		Bağdat		1534-12-04 Bağdat'ın fethi — Irakeyn Seferi
1534-12-04	Hît	yerlesimler.js	GUN-MASKELI	merkez	BAGIMSIZ	GERCEK-BAGIMSIZ	yer_id/merkez yolu kökten bağımsız kapatıyor	0		Bağdat		1534-12-04 Bağdat'ın fethi — Irakeyn Seferi
1534-12-04	Kerbelâ	yerlesimler.js	GUN-MASKELI	kok+merkez	BAGIMSIZ	GERCEK-BAGIMSIZ	yer_id/merkez yolu kökten bağımsız kapatıyor	0	d	Kerbela	i tarihte katilan oteki yerler: Kerkuk, Kerbela.	1534-12-04 Bağdat'ın fethi — Irakeyn Seferi
1534-12-04	Kerkük	yerlesimler.js	GUN-MASKELI	kok	BUYUK-HARF	GERCEK-OKUNDU	bağlam elle okundu (bayraklı ya da kısa/eşsesli kök)	0	d	Kerkuk	sti. Ayni tarihte katilan oteki yerler: Kerkuk, Kerbela.	1534-12-04 Bağdat'ın fethi — Irakeyn Seferi
1534-12-04	Kûfe	yerlesimler.js	GUN-MASKELI	merkez	BAGIMSIZ	GERCEK-BAGIMSIZ	yer_id/merkez yolu kökten bağımsız kapatıyor	0		Bağdat		1534-12-04 Bağdat'ın fethi — Irakeyn Seferi
1534-12-04	Kût el-Amâre	yerlesimler.js	GUN-MASKELI	merkez	BAGIMSIZ	GERCEK-BAGIMSIZ	yer_id/merkez yolu kökten bağımsız kapatıyor	0		Bağdat		1534-12-04 Bağdat'ın fethi — Irakeyn Seferi
1534-12-04	Necef	yerlesimler.js	GUN-MASKELI	merkez	BAGIMSIZ	GERCEK-BAGIMSIZ	yer_id/merkez yolu kökten bağımsız kapatıyor	0		Bağdat		1534-12-04 Bağdat'ın fethi — Irakeyn Seferi
1534-12-04	Sâmerrâ	yerlesimler.js	GUN-MASKELI	merkez	BAGIMSIZ	GERCEK-BAGIMSIZ	yer_id/merkez yolu kökten bağımsız kapatıyor	0		Bağdat		1534-12-04 Bağdat'ın fethi — Irakeyn Seferi
1534-12-04	Tikrit	yerlesimler.js	GUN-MASKELI	merkez	BAGIMSIZ	GERCEK-BAGIMSIZ	yer_id/merkez yolu kökten bağımsız kapatıyor	0		Bağdat		1534-12-04 Bağdat'ın fethi — Irakeyn Seferi
1534-12-04	Vâsıt	yerlesimler.js	GUN-MASKELI	merkez	BAGIMSIZ	GERCEK-BAGIMSIZ	yer_id/merkez yolu kökten bağımsız kapatıyor	0		Bağdat		1534-12-04 Bağdat'ın fethi — Irakeyn Seferi
1534-12-04	Âne	yerlesimler.js	GUN-MASKELI	merkez	BAGIMSIZ	GERCEK-BAGIMSIZ	yer_id/merkez yolu kökten bağımsız kapatıyor	0		Bağdat		1534-12-04 Bağdat'ın fethi — Irakeyn Seferi
1534-12-06	Quito	yerlesimler_amerika.js	GUN-KAPALI	yer_id	BAGIMSIZ	GERCEK-BAGIMSIZ	yer_id/merkez yolu kökten bağımsız kapatıyor	0				1534-12-06 San Francisco de Quito kuruldu — kuzey İnka başkentinde İspanyol düzen
1535-01-18	Lima (Ciudad de los Reyes)	yerlesimler_amerika.js	GUN-KAPALI	yer_id	BAGIMSIZ	GERCEK-BAGIMSIZ	yer_id/merkez yolu kökten bağımsız kapatıyor	1				1535-01-18 Lima kuruldu — İspanyol Peru'sunun başkenti Rimac vadisine taşındı
1535-04-17	Tenochtitlan (Mexico City)	yerlesimler_amerika.js	GUN-KAPALI	yer_id	BAGIMSIZ	GERCEK-BAGIMSIZ	yer_id/merkez yolu kökten bağımsız kapatıyor	1				1535-04-17 Yeni İspanya Genel Valiliği kuruldu
1535-07-21	Halkulvâdî	yerlesimler_afrika.js	GUN-KAPALI	merkez	BAGIMSIZ	GERCEK-BAGIMSIZ	yer_id/merkez yolu kökten bağımsız kapatıyor	0		Tunus		1535-07-21 Tunus'un Şarlken'e kaybı
1535-07-21	Tunus	yerlesimler.js	GUN-KAPALI	yer_id	BAGIMSIZ	GERCEK-BAGIMSIZ	yer_id/merkez yolu kökten bağımsız kapatıyor	0				1535-07-21 Tunus'un Şarlken'e kaybı
1535-11-01	Milano	yerlesimler.js	GUN-KAPALI	yer_id	BAGIMSIZ	GERCEK-BAGIMSIZ	yer_id/merkez yolu kökten bağımsız kapatıyor	0				1535-11-01 Son Sforza dükü öldü, Milano V. Karl'a geçti
1537-01-01	Akureyri	yerlesimler_ek12.js	OCAK1	kok	BUYUK-HARF	OKUNMADI	büyük harfli özel ad eşleşmesi — tek tek okunmadı	1	yer	Akureyri	amar, Kristiansund, Molde, Alta, Vardø, Akureyri, Reykjavik Danimarka Krali III. Christi	1537-01-01 Norveç'in Danimarka tacına bağlı bir eyalete indirgenmesi
1537-01-01	Alta	yerlesimler_ek8.js	OCAK1	kok	BUYUK-HARF	GERCEK-OKUNDU	bağlam elle okundu (bayraklı ya da kısa/eşsesli kök)	1	yer	Alta	ø, Alesund, Hamar, Kristiansund, Molde, Alta, Vardø, Akureyri, Reykjavik Danimarka K	1537-01-01 Norveç'in Danimarka tacına bağlı bir eyalete indirgenmesi
1537-01-01	Bodø	yerlesimler_ek8.js	OCAK1	kok	BUYUK-HARF	OKUNMADI	büyük harfli özel ad eşleşmesi — tek tek okunmadı	1	yer	Bodø	en, Trondheim, Oslo, Stavanger, Tromsø, Bodø, Alesund, Hamar, Kristiansund, Molde, A	1537-01-01 Norveç'in Danimarka tacına bağlı bir eyalete indirgenmesi
1537-01-01	Hamar	yerlesimler_ek7.js	OCAK1	kok	BUYUK-HARF	GERCEK-OKUNDU	bağlam elle okundu (bayraklı ya da kısa/eşsesli kök)	1	yer	Hamar	Oslo, Stavanger, Tromsø, Bodø, Alesund, Hamar, Kristiansund, Molde, Alta, Vardø, Akur	1537-01-01 Norveç'in Danimarka tacına bağlı bir eyalete indirgenmesi
1537-01-01	Kristiansund	yerlesimler_ek7.js	OCAK1	kok	BUYUK-HARF	OKUNMADI	büyük harfli özel ad eşleşmesi — tek tek okunmadı	1	yer	Kristiansund	tavanger, Tromsø, Bodø, Alesund, Hamar, Kristiansund, Molde, Alta, Vardø, Akureyri, Reykjavi	1537-01-01 Norveç'in Danimarka tacına bağlı bir eyalete indirgenmesi
1537-01-01	Molde	yerlesimler_ek7.js	OCAK1	kok	BUYUK-HARF	GERCEK-OKUNDU	bağlam elle okundu (bayraklı ya da kısa/eşsesli kök)	1	yer	Molde	sø, Bodø, Alesund, Hamar, Kristiansund, Molde, Alta, Vardø, Akureyri, Reykjavik Danim	1537-01-01 Norveç'in Danimarka tacına bağlı bir eyalete indirgenmesi
1537-01-01	Nakşa	yerlesimler.js	OCAK1	yer_id	BAGIMSIZ	GERCEK-BAGIMSIZ	yer_id/merkez yolu kökten bağımsız kapatıyor	0				1537-01-01 Barbaros'un Ege adaları seferi — Nakşa Dükalığı Osmanlı kontrolüne gir
1537-01-01	Paros	yerlesimler.js	OCAK1	kok	BUYUK-HARF	OKUNMADI	büyük harfli özel ad eşleşmesi — tek tek okunmadı	0	yer	Paros	Osmanli kontrolune girdi Naksa (Naxos), Paros ve cevre adalar 1207'den beri Venedik v	1537-01-01 Barbaros'un Ege adaları seferi — Nakşa Dükalığı Osmanlı kontrolüne gir
1537-01-01	Reykjavík	yerlesimler_ek12.js	OCAK1	kok	BUYUK-HARF	OKUNMADI	büyük harfli özel ad eşleşmesi — tek tek okunmadı	1	yer	Reykjavik	tiansund, Molde, Alta, Vardø, Akureyri, Reykjavik Danimarka Krali III. Christian, 1536'da	1537-01-01 Norveç'in Danimarka tacına bağlı bir eyalete indirgenmesi
1537-01-01	Tromsø	yerlesimler_ek8.js	OCAK1	kok	BUYUK-HARF	OKUNMADI	büyük harfli özel ad eşleşmesi — tek tek okunmadı	1	yer	Tromsø	esi Bergen, Trondheim, Oslo, Stavanger, Tromsø, Bodø, Alesund, Hamar, Kristiansund, Mo	1537-01-01 Norveç'in Danimarka tacına bağlı bir eyalete indirgenmesi
1537-01-01	Vardø	yerlesimler_ek8.js	OCAK1	kok	BUYUK-HARF	OKUNMADI	büyük harfli özel ad eşleşmesi — tek tek okunmadı	1	yer	Vardø	sund, Hamar, Kristiansund, Molde, Alta, Vardø, Akureyri, Reykjavik Danimarka Krali II	1537-01-01 Norveç'in Danimarka tacına bağlı bir eyalete indirgenmesi
1537-01-01	Ålesund	yerlesimler_ek7.js	OCAK1	kok	BUYUK-HARF	OKUNMADI	büyük harfli özel ad eşleşmesi — tek tek okunmadı	1	yer	Alesund	ondheim, Oslo, Stavanger, Tromsø, Bodø, Alesund, Hamar, Kristiansund, Molde, Alta, Vard	1537-01-01 Norveç'in Danimarka tacına bağlı bir eyalete indirgenmesi
1537-01-13	Popayán	yerlesimler_amerika.js	GUN-KAPALI	yer_id	BAGIMSIZ	GERCEK-BAGIMSIZ	yer_id/merkez yolu kökten bağımsız kapatıyor	0				1537-01-13 Popayán kuruldu — Quito ile Muisca ülkesi arasındaki köprü
1537-03-12	Klis	yerlesimler_ek.js	GUN-KAPALI	yer_id	BAGIMSIZ	GERCEK-BAGIMSIZ	yer_id/merkez yolu kökten bağımsız kapatıyor	0				1537-03-12 Klis Kalesi'nin fethi ve Dalmaçya sancağının kuruluşu
1537-08-01	Hunza (Tunja)	yerlesimler_amerika.js	GUN-KAPALI	yer_id	BAGIMSIZ	GERCEK-BAGIMSIZ	yer_id/merkez yolu kökten bağımsız kapatıyor	0				1537-08-01 Hunza'nın zaptı — zaque Quemuenchatocha'nın yenilgisi
1537-08-15	Asunción	yerlesimler_amerika.js	GUN-KAPALI	yer_id	BAGIMSIZ	GERCEK-BAGIMSIZ	yer_id/merkez yolu kökten bağımsız kapatıyor	0				1537-08-15 Asunción kuruldu — Paraguay ırmağında İspanyol üssü
1537-10-01	Egina (Aegina)	yerlesimler.js	GUN-KAPALI	kok	BUYUK-HARF	OKUNMADI	büyük harfli özel ad eşleşmesi — tek tek okunmadı	1	yer	Egina	in dogrudan yonettigi adalarin alinmasi Egina, Astipalya, Batnoz, Karpatos, Kasot Kor	1537-10-01 Barbaros'un Ege seferi: Venedik'in doğrudan yönettiği adaların alınmas
1537-10-01	Karpatos	yerlesimler.js	GUN-KAPALI	yer_id	BAGIMSIZ	GERCEK-BAGIMSIZ	yer_id/merkez yolu kökten bağımsız kapatıyor	1				1537-10-01 Barbaros'un Ege seferi: Venedik'in doğrudan yönettiği adaların alınmas
1537-10-01	Kaşot (Kasos)	yerlesimler.js	GUN-KAPALI	kok	BUYUK-HARF	OKUNMADI	büyük harfli özel ad eşleşmesi — tek tek okunmadı	1	yer	Kasot	asi Egina, Astipalya, Batnoz, Karpatos, Kasot Korfu kusatmasindan donen donanma, Vene	1537-10-01 Barbaros'un Ege seferi: Venedik'in doğrudan yönettiği adaların alınmas
1538-08-01	Alonisos	yerlesimler.js	GUN-KAPALI	kok	BUYUK-HARF	OKUNMADI	büyük harfli özel ad eşleşmesi — tek tek okunmadı	0	d	Alonisos	in agzini tutan Iskiathos, Iskopelos ve Alonisos boylece Osmanli idaresine girdi. Bu ada	1538-08-01 Barbaros'un Kuzey Ege seferi: İskiros ve Kuzey Sporadlar'ın alınması
1538-08-01	İskiathos	yerlesimler.js	GUN-KAPALI	yer_id	BAGIMSIZ	GERCEK-BAGIMSIZ	yer_id/merkez yolu kökten bağımsız kapatıyor	0				1538-08-01 Barbaros'un Kuzey Ege seferi: İskiros ve Kuzey Sporadlar'ın alınması
1538-08-01	İskiros (Skyros)	yerlesimler.js	GUN-KAPALI	kok	BUYUK-HARF	GERCEK-OKUNDU	bağlam elle okundu (bayraklı ya da kısa/eşsesli kök)	0	b	Iskiros	Barbaros'un Kuzey Ege seferi: Iskiros ve Kuzey Sporadlar'in alinmasi Iskiros,	1538-08-01 Barbaros'un Kuzey Ege seferi: İskiros ve Kuzey Sporadlar'ın alınması
1538-08-01	İskopelos	yerlesimler.js	GUN-KAPALI	kok	BUYUK-HARF	OKUNMADI	büyük harfli özel ad eşleşmesi — tek tek okunmadı	0	yer	Iskopelos	oradlar'in alinmasi Iskiros, Iskiathos, Iskopelos - Kuzey Ege Preveze'ye giden yolda dona	1538-08-01 Barbaros'un Kuzey Ege seferi: İskiros ve Kuzey Sporadlar'ın alınması
1538-08-03	Aden	yerlesimler.js	GUN-KAPALI	kok+yer_id	BAGIMSIZ	GERCEK-BAGIMSIZ	yer_id/merkez yolu kökten bağımsız kapatıyor	1	d	Aden	dir. Ayni tarihte katilan oteki yerler: Aden, Bender.	1538-09 Preveze Deniz Zaferi
1538-08-03	Ferasan (Farasan)	yerlesimler.js	GUN-KAPALI	kok	BUYUK-HARF	OKUNMADI	büyük harfli özel ad eşleşmesi — tek tek okunmadı	1	yer	Ferasan	n sahilinin ilhaki Aden, Moha, Kemeran, Ferasan Hint seferi icin Suveys'ten kalkan dona	1538-08-03 Aden'in zaptı ve Yemen sahilinin ilhakı
1538-08-03	Kemeran (Kamaran)	yerlesimler.js	GUN-KAPALI	kok	BUYUK-HARF	OKUNMADI	büyük harfli özel ad eşleşmesi — tek tek okunmadı	1	yer	Kemeran	i ve Yemen sahilinin ilhaki Aden, Moha, Kemeran, Ferasan Hint seferi icin Suveys'ten ka	1538-08-03 Aden'in zaptı ve Yemen sahilinin ilhakı
1538-08-03	Moha	yerlesimler.js	GUN-KAPALI	kok	BUYUK-HARF	GERCEK-OKUNDU	bağlam elle okundu (bayraklı ya da kısa/eşsesli kök)	1	yer	Moha	n zapti ve Yemen sahilinin ilhaki Aden, Moha, Kemeran, Ferasan Hint seferi icin Suve	1538-08-03 Aden'in zaptı ve Yemen sahilinin ilhakı
1538-08-06	Bacatá (Bogotá)	yerlesimler_amerika.js	GUN-KAPALI	yer_id	BAGIMSIZ	GERCEK-BAGIMSIZ	yer_id/merkez yolu kökten bağımsız kapatıyor	0				1538-08-06 Santa Fe de Bogotá kuruldu — Muisca ülkesinde İspanyol başkenti
1539-01-01	Vilcabamba (Espíritu Pampa)	yerlesimler_amerika.js	OCAK1	kok	BUYUK-HARF	OKUNMADI	büyük harfli özel ad eşleşmesi — tek tek okunmadı	0	d	Vilcabamba	lidi Huamanga (Ayacucho) Manco Inca'nin Vilcabamba'dan yuruttugu direnis, Lima ile Cuzco a	1539-01-09 San Juan de la Frontera de Huamanga kuruldu — Lima-Cuzco yolunun kilid
1539-01-09	Huamanga (Ayacucho)	yerlesimler_amerika2.js	GUN-KAPALI	yer_id	BAGIMSIZ	GERCEK-BAGIMSIZ	yer_id/merkez yolu kökten bağımsız kapatıyor	0				1539-01-09 San Juan de la Frontera de Huamanga kuruldu — Lima-Cuzco yolunun kilid
1539-08-06	Hunza (Tunja)	yerlesimler_amerika.js	GUN-KAPALI	yer_id	BAGIMSIZ	GERCEK-BAGIMSIZ	yer_id/merkez yolu kökten bağımsız kapatıyor	0				1539-08-06 Tunja İspanyol şehri olarak yeniden kuruldu
1540-10-04	Campeche (San Francisco de Campeche)	yerlesimler_amerika.js	GUN-KAPALI	yer_id	BAGIMSIZ	GERCEK-BAGIMSIZ	yer_id/merkez yolu kökten bağımsız kapatıyor	0				1540-10-04 San Francisco de Campeche kuruldu — Yucatán fethinin üçüncü ve kalıcı 
1540-11-01	Anabolu (Nauplion)	yerlesimler.js	GUN-KAPALI	kok	BUYUK-HARF	OKUNMADI	büyük harfli özel ad eşleşmesi — tek tek okunmadı	0	b	Anabolu	Anabolu'nun (Nauplion) antlasmayla devralinmasi	1540-11-01 Anabolu'nun (Nauplion) antlaşmayla devralınması
1541-02-12	Santiago (Şili)	yerlesimler_amerika.js	GUN-KAPALI	yer_id	BAGIMSIZ	GERCEK-BAGIMSIZ	yer_id/merkez yolu kökten bağımsız kapatıyor	0				1541-02-12 Santiago del Nuevo Extremo kuruldu — Şili'nin fethi başladı
1541-03-12	Agadir	yerlesimler.js	GUN-KAPALI	yer_id	BAGIMSIZ	GERCEK-BAGIMSIZ	yer_id/merkez yolu kökten bağımsız kapatıyor	1				1541-03-12 Agadir'in düşüşü — Sa'dîler'in Portekiz'i Fas'tan söküşü başlıyor
1541-08-29	Kalocsa	yerlesimler.js	GUN-KAPALI	merkez	BAGIMSIZ	GERCEK-BAGIMSIZ	yer_id/merkez yolu kökten bağımsız kapatıyor	1		Budin		1541-08-29 Budin'in ilhakı — Macaristan Osmanlı eyaleti
1542-01-06	Mérida	yerlesimler_amerika.js	GUN-KAPALI	kok	BUYUK-HARF	OKUNMADI	büyük harfli özel ad eşleşmesi — tek tek okunmadı	0	b	Merida	Ispanyollar Tiho'yu (Merida) alarak kuzeybati Yucatan'daki Maya seh	1542-01-01 İspanyollar Tiho'yu (Mérida) alarak kuzeybatı Yucatán'daki Maya şehir-
1543-01-01	Segedin (Szeged)	yerlesimler.js	OCAK1	yer_id	BAGIMSIZ	GERCEK-BAGIMSIZ	yer_id/merkez yolu kökten bağımsız kapatıyor	0				1543-01-01 Segedin'in Osmanlı idaresine girmesi ve Segedin livâsının teşkili
1543-07-21	Peçuy	yerlesimler.js	GUN-KAPALI	yer_id	BAGIMSIZ	GERCEK-BAGIMSIZ	yer_id/merkez yolu kökten bağımsız kapatıyor	0				1543-07-21 Valpo, Şikloş ve Peçuy'un fethi
1543-08-10	Estergon	yerlesimler.js	GUN-KAPALI	yer_id	BAGIMSIZ	GERCEK-BAGIMSIZ	yer_id/merkez yolu kökten bağımsız kapatıyor	0				1543-08-10 Estergon ve İstolni Belgrad'ın fethi
1543-08-10	İstolni Belgrad	yerlesimler.js	GUN-KAPALI	kok	BUYUK-HARF	OKUNMADI	büyük harfli özel ad eşleşmesi — tek tek okunmadı	0	b	Istolni Belgrad	Estergon ve Istolni Belgrad'in fethi Estergon (Esztergom) - Macaris	1543-08-10 Estergon ve İstolni Belgrad'ın fethi
1544-01-01	Tabarka	yerlesimler_afrika.js	OCAK1	yer_id	BAGIMSIZ	GERCEK-BAGIMSIZ	yer_id/merkez yolu kökten bağımsız kapatıyor	0				1544-01-01 Cenevizliler Tabarka adasına yerleşti
1544-09-01	Hatvan	yerlesimler.js	GUN-KAPALI	yer_id	BAGIMSIZ	GERCEK-BAGIMSIZ	yer_id/merkez yolu kökten bağımsız kapatıyor	0				1544-09-01 Budin'in kuzey ve batı savunma kuşağı: Vaç, Hatvan ve Şimontorna
1544-09-01	Vaç (Vác)	yerlesimler.js	GUN-KAPALI	kok	BUYUK-HARF	GERCEK-OKUNDU	bağlam elle okundu (bayraklı ya da kısa/eşsesli kök)	0	b	Vac	Budin'in kuzey ve bati savunma kusagi: Vac, Hatvan ve Simontorna Vac, Hatvan, Novi	1544-09-01 Budin'in kuzey ve batı savunma kuşağı: Vaç, Hatvan ve Şimontorna
1544-09-01	Şimontorna	yerlesimler.js	GUN-KAPALI	kok	BUYUK-HARF	OKUNMADI	büyük harfli özel ad eşleşmesi — tek tek okunmadı	0	b	Simontorna	 ve bati savunma kusagi: Vac, Hatvan ve Simontorna Vac, Hatvan, Novigrad, Simontorna Ester	1544-09-01 Budin'in kuzey ve batı savunma kuşağı: Vaç, Hatvan ve Şimontorna
1545-01-01	Sotuta	yerlesimler_amerika.js	OCAK1	yer_id	BAGIMSIZ	GERCEK-BAGIMSIZ	yer_id/merkez yolu kökten bağımsız kapatıyor	0				1545-01-01 Sotuta'daki Cocom beyliği İspanyol hâkimiyetine girdi
1546-01-01	Ammâre	yerlesimler.js	OCAK1	merkez	BAGIMSIZ	GERCEK-BAGIMSIZ	yer_id/merkez yolu kökten bağımsız kapatıyor	0		Basra		1546-01-01 Basra'nın ilhakı ve Basra Körfezi'ne çıkış
1546-01-01	Basra	yerlesimler.js	OCAK1	yer_id	BAGIMSIZ	GERCEK-BAGIMSIZ	yer_id/merkez yolu kökten bağımsız kapatıyor	0				1546-01-01 Basra'nın ilhakı ve Basra Körfezi'ne çıkış
1546-01-01	Fâv	yerlesimler.js	OCAK1	merkez	BAGIMSIZ	GERCEK-BAGIMSIZ	yer_id/merkez yolu kökten bağımsız kapatıyor	0		Basra		1546-01-01 Basra'nın ilhakı ve Basra Körfezi'ne çıkış
1546-01-01	Kürne	yerlesimler.js	OCAK1	merkez	BAGIMSIZ	GERCEK-BAGIMSIZ	yer_id/merkez yolu kökten bağımsız kapatıyor	0		Basra		1546-01-01 Basra'nın ilhakı ve Basra Körfezi'ne çıkış
1546-01-01	Semâve	yerlesimler.js	OCAK1	merkez	BAGIMSIZ	GERCEK-BAGIMSIZ	yer_id/merkez yolu kökten bağımsız kapatıyor	0		Basra		1546-01-01 Basra'nın ilhakı ve Basra Körfezi'ne çıkış
1547-01-01	Sana	yerlesimler.js	OCAK1	yer_id	BAGIMSIZ	GERCEK-BAGIMSIZ	yer_id/merkez yolu kökten bağımsız kapatıyor	1				1547-01-01 Sana ve Yemen içlerinin fethi
1547-02-01	Taiz	yerlesimler.js	GUN-KAPALI	yer_id	BAGIMSIZ	GERCEK-BAGIMSIZ	yer_id/merkez yolu kökten bağımsız kapatıyor	0				1547-02-01 Taiz'in fethi
1548-08-24	Bargiri (Muradiye)	yerlesimler_ek_ferhadpasa.js	GUN-MASKELI	merkez	BAGIMSIZ	GERCEK-BAGIMSIZ	yer_id/merkez yolu kökten bağımsız kapatıyor	0		Van		1548-08-24 Van'ın fethi ve doğu sınırının sabitlenmesi
1548-08-24	Başkale	yerlesimler_ek26.js	GUN-MASKELI	merkez	BAGIMSIZ	GERCEK-BAGIMSIZ	yer_id/merkez yolu kökten bağımsız kapatıyor	0		Van		1548-08-24 Van'ın fethi ve doğu sınırının sabitlenmesi
1548-08-24	Erciş	yerlesimler.js	GUN-MASKELI	kok	BUYUK-HARF	OKUNMADI	büyük harfli özel ad eşleşmesi — tek tek okunmadı	0	d	Ercis	ir hemen beylerbeyilik merkezi yapildi; Ercis, Adilcevaz ve Hakkari sancaklari buraya	1548-08-24 Van'ın fethi ve doğu sınırının sabitlenmesi
1548-08-24	Hoşap (Mahmudi)	yerlesimler_ek_ferhadpasa.js	GUN-MASKELI	merkez	BAGIMSIZ	GERCEK-BAGIMSIZ	yer_id/merkez yolu kökten bağımsız kapatıyor	0		Van		1548-08-24 Van'ın fethi ve doğu sınırının sabitlenmesi
1548-08-24	Kotur	yerlesimler_ek_ferhadpasa.js	GUN-MASKELI	merkez	BAGIMSIZ	GERCEK-BAGIMSIZ	yer_id/merkez yolu kökten bağımsız kapatıyor	0		Van		1548-08-24 Van'ın fethi ve doğu sınırının sabitlenmesi
1548-08-24	Van	yerlesimler.js	GUN-MASKELI	kok+yer_id	BAGIMSIZ	GERCEK-BAGIMSIZ	yer_id/merkez yolu kökten bağımsız kapatıyor	0	d	Van	ni kalici bir sinir hatti kurmaya, yani Van'i tahkim etmeye yoneltti.	1548-07-27 İkinci İran Seferi ve Tebriz'in yeniden alınması
1548-08-24	Yüksekova (Gever)	yerlesimler_ek26.js	GUN-MASKELI	merkez	BAGIMSIZ	GERCEK-BAGIMSIZ	yer_id/merkez yolu kökten bağımsız kapatıyor	0		Van		1548-08-24 Van'ın fethi ve doğu sınırının sabitlenmesi
1548-08-24	Çaldıran	yerlesimler_ek26.js	GUN-MASKELI	merkez	BAGIMSIZ	GERCEK-BAGIMSIZ	yer_id/merkez yolu kökten bağımsız kapatıyor	0		Van		1548-08-24 Van'ın fethi ve doğu sınırının sabitlenmesi
1548-08-24	Çölemerik (Hakkâri)	yerlesimler_ek_ferhadpasa.js	GUN-MASKELI	merkez	BAGIMSIZ	GERCEK-BAGIMSIZ	yer_id/merkez yolu kökten bağımsız kapatıyor	0		Van		1548-08-24 Van'ın fethi ve doğu sınırının sabitlenmesi
1548-08-24	Özalp (Saray)	yerlesimler_ek26.js	GUN-MASKELI	merkez	BAGIMSIZ	GERCEK-BAGIMSIZ	yer_id/merkez yolu kökten bağımsız kapatıyor	0		Van		1548-08-24 Van'ın fethi ve doğu sınırının sabitlenmesi
1549-01-01	Arzila (Asilah)	yerlesimler_ek3.js	OCAK1	yer_id	BAGIMSIZ	GERCEK-BAGIMSIZ	yer_id/merkez yolu kökten bağımsız kapatıyor	1				1549-01-01 Arzila'nın boşaltılması — Portekiz kuzey kıyısını daraltıyor
1549-01-01	Fas (Fez)	yerlesimler.js	OCAK1	kok	BUYUK-HARF	ES-AD-BOLGE	Fas = ülke	0	yer	Fas	ey kiyisini daraltiyor Arzila (Asila) - Fas kuzey kiyisi Mali bunalim ve Sa'di bask	1549-01-01 Arzila'nın boşaltılması — Portekiz kuzey kıyısını daraltıyor
1550-01-01	Katîf	yerlesimler.js	OCAK1	kok	BUYUK-HARF	OKUNMADI	büyük harfli özel ad eşleşmesi — tek tek okunmadı	0	b	Katif	Lahsa ve Katif'in ilhaki - Korfez'in Arabistan kiyisi 	1550-01-01 Lahsa ve Katîf'in ilhakı — Körfez'in Arabistan kıyısı
1550-01-01	Lahsa	yerlesimler.js	OCAK1	yer_id	BAGIMSIZ	GERCEK-BAGIMSIZ	yer_id/merkez yolu kökten bağımsız kapatıyor	0				1550-01-01 Lahsa ve Katîf'in ilhakı — Körfez'in Arabistan kıyısı
1551-01-01	Ahılkelek (Akhalkalaki)	yerlesimler_ek28.js	OCAK1	kok	BUYUK-HARF	OKUNMADI	büyük harfli özel ad eşleşmesi — tek tek okunmadı	0	yer	Ahilkelek	sof, Hanak, Artvin, Hopa, Sarp, Borcka, Ahilkelek (Akhalkalaki) Erzurum beylerbeyi, Safev	1551-01-01 Ardahan ve Çıldır havzasının alınması
1551-01-01	Ardahan	yerlesimler.js	OCAK1	yer_id	BAGIMSIZ	GERCEK-BAGIMSIZ	yer_id/merkez yolu kökten bağımsız kapatıyor	0				1551-01-01 Ardahan ve Çıldır havzasının alınması
1551-01-01	Artvin	yerlesimler_ek27.js	OCAK1	kok	BUYUK-HARF	OKUNMADI	büyük harfli özel ad eşleşmesi — tek tek okunmadı	0	yer	Artvin	 Ardahan, Cildir, Savsat, Posof, Hanak, Artvin, Hopa, Sarp, Borcka, Ahilkelek (Akhalka	1551-01-01 Ardahan ve Çıldır havzasının alınması
1551-01-01	Borçka	yerlesimler_ek28.js	OCAK1	kok	BUYUK-HARF	OKUNMADI	büyük harfli özel ad eşleşmesi — tek tek okunmadı	0	yer	Borcka	vsat, Posof, Hanak, Artvin, Hopa, Sarp, Borcka, Ahilkelek (Akhalkalaki) Erzurum beyler	1551-01-01 Ardahan ve Çıldır havzasının alınması
1551-01-01	Hanak	yerlesimler_ek26.js	OCAK1	kok	BUYUK-HARF	GERCEK-OKUNDU	bağlam elle okundu (bayraklı ya da kısa/eşsesli kök)	0	yer	Hanak	linmasi Ardahan, Cildir, Savsat, Posof, Hanak, Artvin, Hopa, Sarp, Borcka, Ahilkelek 	1551-01-01 Ardahan ve Çıldır havzasının alınması
1551-01-01	Hopa	yerlesimler_ek27.js	OCAK1	kok	BUYUK-HARF	OKUNMADI	büyük harfli özel ad eşleşmesi — tek tek okunmadı	0	yer	Hopa	, Cildir, Savsat, Posof, Hanak, Artvin, Hopa, Sarp, Borcka, Ahilkelek (Akhalkalaki) 	1551-01-01 Ardahan ve Çıldır havzasının alınması
1551-01-01	Posof	yerlesimler_ek26.js	OCAK1	kok	BUYUK-HARF	OKUNMADI	büyük harfli özel ad eşleşmesi — tek tek okunmadı	0	yer	Posof	sinin alinmasi Ardahan, Cildir, Savsat, Posof, Hanak, Artvin, Hopa, Sarp, Borcka, Ahi	1551-01-01 Ardahan ve Çıldır havzasının alınması
1551-01-01	Sarp	yerlesimler_ek27.js	OCAK1	kok	BUYUK-HARF	OKUNMADI	büyük harfli özel ad eşleşmesi — tek tek okunmadı	0	yer	Sarp	ir, Savsat, Posof, Hanak, Artvin, Hopa, Sarp, Borcka, Ahilkelek (Akhalkalaki) Erzuru	1551-01-01 Ardahan ve Çıldır havzasının alınması
1551-01-01	Şavşat	yerlesimler_ek26.js	OCAK1	kok	BUYUK-HARF	OKUNMADI	büyük harfli özel ad eşleşmesi — tek tek okunmadı	0	yer	Savsat	ir havzasinin alinmasi Ardahan, Cildir, Savsat, Posof, Hanak, Artvin, Hopa, Sarp, Borc	1551-01-01 Ardahan ve Çıldır havzasının alınması
1551-07-01	Lugos (Lugoj)	yerlesimler.js	GUN-KAPALI	yer_id	BAGIMSIZ	GERCEK-BAGIMSIZ	yer_id/merkez yolu kökten bağımsız kapatıyor	0				1551-07-01 Erdel'in Banat kalelerinin (Temeşvar, Lippa, Lugos, Karánsebes) Ferdin
1551-07-26	Erdel (Kaloşvar)	yerlesimler.js	GUN-MASKELI	kok	BUYUK-HARF	ES-AD-BOLGE	Erdel = bölge (Transilvanya), yerleşim Kaloşvar	0	b	Erdel	Erdel'in Banat kalelerinin (Temesvar, Lippa, 	1551-07-01 Erdel'in Banat kalelerinin (Temeşvar, Lippa, Lugos, Karánsebes) Ferdin
1551-08-15	Benî Velîd	yerlesimler_afrika.js	GUN-KAPALI	merkez	BAGIMSIZ	GERCEK-BAGIMSIZ	yer_id/merkez yolu kökten bağımsız kapatıyor	0		Trablus		1551-08-15 Trablusgarp'ın fethi
1551-08-15	Derne	yerlesimler.js	GUN-KAPALI	kok	BUYUK-HARF	OKUNMADI	büyük harfli özel ad eşleşmesi — tek tek okunmadı	0	yer	Derne	Trablusgarp'in fethi Trablus, Derne Saint Jean sovalyelerinden Trablus alin	1551-08-15 Trablusgarp'ın fethi
1551-08-15	Garyân	yerlesimler_afrika.js	GUN-KAPALI	merkez	BAGIMSIZ	GERCEK-BAGIMSIZ	yer_id/merkez yolu kökten bağımsız kapatıyor	0		Trablus		1551-08-15 Trablusgarp'ın fethi
1551-08-15	Hums (Lebde)	yerlesimler_afrika.js	GUN-KAPALI	merkez	BAGIMSIZ	GERCEK-BAGIMSIZ	yer_id/merkez yolu kökten bağımsız kapatıyor	0		Trablus		1551-08-15 Trablusgarp'ın fethi
1551-08-15	Misrata	yerlesimler.js	GUN-KAPALI	kok	BUYUK-HARF	GERCEK-OKUNDU	bağlam elle okundu (bayraklı ya da kısa/eşsesli kök)	0	d	Misrata	ldu. Ayni tarihte katilan oteki yerler: Misrata.	1551-08-15 Trablusgarp'ın fethi
1551-08-15	Mızde	yerlesimler_afrika.js	GUN-KAPALI	merkez	BAGIMSIZ	GERCEK-BAGIMSIZ	yer_id/merkez yolu kökten bağımsız kapatıyor	0		Trablus		1551-08-15 Trablusgarp'ın fethi
1551-08-15	Nâlût	yerlesimler_afrika.js	GUN-KAPALI	merkez	BAGIMSIZ	GERCEK-BAGIMSIZ	yer_id/merkez yolu kökten bağımsız kapatıyor	0		Trablus		1551-08-15 Trablusgarp'ın fethi
1551-08-15	Sirte	yerlesimler_afrika.js	GUN-KAPALI	merkez	BAGIMSIZ	GERCEK-BAGIMSIZ	yer_id/merkez yolu kökten bağımsız kapatıyor	0		Trablus		1551-08-15 Trablusgarp'ın fethi
1551-08-15	Trablus	yerlesimler.js	GUN-KAPALI	yer_id	BAGIMSIZ	GERCEK-BAGIMSIZ	yer_id/merkez yolu kökten bağımsız kapatıyor	0				1551-08-15 Trablusgarp'ın fethi
1551-08-15	Yefren	yerlesimler_afrika.js	GUN-KAPALI	merkez	BAGIMSIZ	GERCEK-BAGIMSIZ	yer_id/merkez yolu kökten bağımsız kapatıyor	0		Trablus		1551-08-15 Trablusgarp'ın fethi
1551-08-15	Zilten	yerlesimler_afrika.js	GUN-KAPALI	merkez	BAGIMSIZ	GERCEK-BAGIMSIZ	yer_id/merkez yolu kökten bağımsız kapatıyor	0		Trablus		1551-08-15 Trablusgarp'ın fethi
1551-08-15	Zuvâre	yerlesimler_afrika.js	GUN-KAPALI	merkez	BAGIMSIZ	GERCEK-BAGIMSIZ	yer_id/merkez yolu kökten bağımsız kapatıyor	0		Trablus		1551-08-15 Trablusgarp'ın fethi
1551-08-15	Zâviye	yerlesimler_afrika.js	GUN-KAPALI	merkez	BAGIMSIZ	GERCEK-BAGIMSIZ	yer_id/merkez yolu kökten bağımsız kapatıyor	0		Trablus		1551-08-15 Trablusgarp'ın fethi
1551-08-15	Ğadâmis	yerlesimler_afrika.js	GUN-KAPALI	merkez	BAGIMSIZ	GERCEK-BAGIMSIZ	yer_id/merkez yolu kökten bağımsız kapatıyor	0		Trablus		1551-08-15 Trablusgarp'ın fethi
1552-01-01	Ayn Temûşent	yerlesimler_afrika.js	OCAK1	kok	BUYUK-HARF	OKUNMADI	büyük harfli özel ad eşleşmesi — tek tek okunmadı	0	yer	Ayn Temusent	t, Mustaganim, Muaskar, Sidi Bel Abbes, Ayn Temusent, Nedrume, Bu Sa'ade, Agvat, Gardaye, Ta	1552-01-01 Cezayir Ocaklığı'nın Sahra'ya doğru genişlemesi — Tuggurt-Ouargla'nın 
1552-01-01	Ağvât	yerlesimler_afrika.js	OCAK1	kok	BUYUK-HARF	OKUNMADI	büyük harfli özel ad eşleşmesi — tek tek okunmadı	0	yer	Agvat	bbes, Ayn Temusent, Nedrume, Bu Sa'ade, Agvat, Gardaye, Tahert (Tiaret), Vargla (Ouar	1552-01-01 Cezayir Ocaklığı'nın Sahra'ya doğru genişlemesi — Tuggurt-Ouargla'nın 
1552-01-01	Biskra	yerlesimler.js	OCAK1	kok	BUYUK-HARF	OKUNMADI	büyük harfli özel ad eşleşmesi — tek tek okunmadı	0	yer	Biskra	masi, Tilimsan'in kesin fethi Tilimsan, Biskra, Tuggurt, Mustaganim, Muaskar, Sidi Bel	1552-01-01 Cezayir Ocaklığı'nın Sahra'ya doğru genişlemesi — Tuggurt-Ouargla'nın 
1552-01-01	Bû Sa'âde	yerlesimler_afrika.js	OCAK1	kok	BUYUK-HARF	OKUNMADI	büyük harfli özel ad eşleşmesi — tek tek okunmadı	0	yer	Bu Sa'ade	 Sidi Bel Abbes, Ayn Temusent, Nedrume, Bu Sa'ade, Agvat, Gardaye, Tahert (Tiaret), Vargl	1552-01-01 Cezayir Ocaklığı'nın Sahra'ya doğru genişlemesi — Tuggurt-Ouargla'nın 
1552-01-01	Gardâye	yerlesimler_afrika.js	OCAK1	kok	BUYUK-HARF	OKUNMADI	büyük harfli özel ad eşleşmesi — tek tek okunmadı	0	yer	Gardaye	yn Temusent, Nedrume, Bu Sa'ade, Agvat, Gardaye, Tahert (Tiaret), Vargla (Ouargla), el-	1552-01-01 Cezayir Ocaklığı'nın Sahra'ya doğru genişlemesi — Tuggurt-Ouargla'nın 
1552-01-01	Muaskar	yerlesimler_afrika.js	OCAK1	kok	BUYUK-HARF	OKUNMADI	büyük harfli özel ad eşleşmesi — tek tek okunmadı	0	yer	Muaskar	 Tilimsan, Biskra, Tuggurt, Mustaganim, Muaskar, Sidi Bel Abbes, Ayn Temusent, Nedrume,	1552-01-01 Cezayir Ocaklığı'nın Sahra'ya doğru genişlemesi — Tuggurt-Ouargla'nın 
1552-01-01	Mustagānim	yerlesimler_afrika.js	OCAK1	kok	BUYUK-HARF	OKUNMADI	büyük harfli özel ad eşleşmesi — tek tek okunmadı	0	yer	Mustaganim	 kesin fethi Tilimsan, Biskra, Tuggurt, Mustaganim, Muaskar, Sidi Bel Abbes, Ayn Temusent,	1552-01-01 Cezayir Ocaklığı'nın Sahra'ya doğru genişlemesi — Tuggurt-Ouargla'nın 
1552-01-01	Nedrûme	yerlesimler_afrika.js	OCAK1	kok	BUYUK-HARF	OKUNMADI	büyük harfli özel ad eşleşmesi — tek tek okunmadı	0	yer	Nedrume	 Muaskar, Sidi Bel Abbes, Ayn Temusent, Nedrume, Bu Sa'ade, Agvat, Gardaye, Tahert (Tia	1552-01-01 Cezayir Ocaklığı'nın Sahra'ya doğru genişlemesi — Tuggurt-Ouargla'nın 
1552-01-01	Sîdî Bel Abbès	yerlesimler_afrika.js	OCAK1	kok	BUYUK-HARF	OKUNMADI	büyük harfli özel ad eşleşmesi — tek tek okunmadı	0	yer	Sidi Bel Abbes	, Biskra, Tuggurt, Mustaganim, Muaskar, Sidi Bel Abbes, Ayn Temusent, Nedrume, Bu Sa'ade, Agva	1552-01-01 Cezayir Ocaklığı'nın Sahra'ya doğru genişlemesi — Tuggurt-Ouargla'nın 
1552-01-01	Tilimsan	yerlesimler.js	OCAK1	yer_id	BAGIMSIZ	GERCEK-BAGIMSIZ	yer_id/merkez yolu kökten bağımsız kapatıyor	0				1552-01-01 Cezayir Ocaklığı'nın Sahra'ya doğru genişlemesi — Tuggurt-Ouargla'nın 
1552-01-01	Tuggurt	yerlesimler.js	OCAK1	kok	BUYUK-HARF	OKUNMADI	büyük harfli özel ad eşleşmesi — tek tek okunmadı	0	b	Tuggurt	akligi'nin Sahra'ya dogru genislemesi - Tuggurt-Ouargla'nin haraca baglanmasi, Tilimsan	1552-01-01 Cezayir Ocaklığı'nın Sahra'ya doğru genişlemesi — Tuggurt-Ouargla'nın 
1552-07-27	Temeşvar	yerlesimler.js	GUN-KAPALI	kok+yer_id	BAGIMSIZ	GERCEK-BAGIMSIZ	yer_id/merkez yolu kökten bağımsız kapatıyor	0	b	Temesvar	ugoj) ve Karansebes kalelerinin fethi - Temesvar seferinin devami Lugos (Lugoj), Karanse	1552-08-01 Lugoş (Lugoj) ve Karánşebeş kalelerinin fethi — Temeşvar seferinin dev
1552-08-06	Lugos (Lugoj)	yerlesimler.js	GUN-KAPALI	yer_id	BAGIMSIZ	GERCEK-BAGIMSIZ	yer_id/merkez yolu kökten bağımsız kapatıyor	0				1552-08-01 Lugoş (Lugoj) ve Karánşebeş kalelerinin fethi — Temeşvar seferinin dev
1552-09-04	Solnok (Szolnok)	yerlesimler.js	GUN-KAPALI	yer_id	BAGIMSIZ	GERCEK-BAGIMSIZ	yer_id/merkez yolu kökten bağımsız kapatıyor	0				1552-09-04 Solnok'un fethi ve Eğri kuşatmasının başarısızlığı
1554-04-07	Lugos (Lugoj)	yerlesimler.js	GUN-KAPALI	yer_id	BAGIMSIZ	GERCEK-BAGIMSIZ	yer_id/merkez yolu kökten bağımsız kapatıyor	0				1554-04-07 Petrovics Péter'in Lugos ve Karánsebes sancakbeyi atanması
1554-08-22	Halepçe	yerlesimler.js	GUN-KAPALI	merkez	BAGIMSIZ	GERCEK-BAGIMSIZ	yer_id/merkez yolu kökten bağımsız kapatıyor	0		Şehrizor		1554-08-22 Şehrizor'un fethi — Zalm Kalesi'nin alınışı
1554-08-22	Şehrizor	yerlesimler.js	GUN-KAPALI	yer_id	BAGIMSIZ	GERCEK-BAGIMSIZ	yer_id/merkez yolu kökten bağımsız kapatıyor	0				1554-08-22 Şehrizor'un fethi — Zalm Kalesi'nin alınışı
1555-09-27	Bicâye	yerlesimler.js	GUN-KAPALI	yer_id	BAGIMSIZ	GERCEK-BAGIMSIZ	yer_id/merkez yolu kökten bağımsız kapatıyor	0				1555-09-27 Bicâye'nin (Bougie) İspanyollardan alınması
1556-01-01	Astrahan	yerlesimler.js	OCAK1	yer_id	BAGIMSIZ	GERCEK-BAGIMSIZ	yer_id/merkez yolu kökten bağımsız kapatıyor	1				1556-01-01 Moskova Çarlığı Astarhan'ı aldı — Aşağı Volga Rus denetimine girdi
1556-03-12	Brassó (Braşov)	yerlesimler_ek29.js	GUN-KAPALI	kok	BUYUK-HARF	OKUNMADI	büyük harfli özel ad eşleşmesi — tek tek okunmadı	0	yer	Brasso	osvar), Erdel Belgradi (Gyulafehervar), Brasso (Brasov), Segesvar (Sighisoara) Janos Z	1556-03-12 Habsburg idaresi Erdel'de sona erdi: Erdel yeniden Osmanlı'ya bağlı vo
1556-03-12	Erdel (Kaloşvar)	yerlesimler.js	GUN-KAPALI	yer_id	BAGIMSIZ	GERCEK-BAGIMSIZ	yer_id/merkez yolu kökten bağımsız kapatıyor	0				1556-03-12 Habsburg idaresi Erdel'de sona erdi: Erdel yeniden Osmanlı'ya bağlı vo
1556-03-12	Erdel Belgradı (Gyulafehérvár)	yerlesimler_ek29.js	GUN-KAPALI	kok	BUYUK-HARF	OKUNMADI	büyük harfli özel ad eşleşmesi — tek tek okunmadı	0	yer	Erdel Belgradi	bagli voyvodalik oldu Erdel (Kalosvar), Erdel Belgradi (Gyulafehervar), Brasso (Brasov), Seges	1556-03-12 Habsburg idaresi Erdel'de sona erdi: Erdel yeniden Osmanlı'ya bağlı vo
1556-03-12	Segesvár (Sighişoara)	yerlesimler_ek29.js	GUN-KAPALI	kok	BUYUK-HARF	OKUNMADI	büyük harfli özel ad eşleşmesi — tek tek okunmadı	0	yer	Segesvar	gradi (Gyulafehervar), Brasso (Brasov), Segesvar (Sighisoara) Janos Zsigmond'un kucuk ya	1556-03-12 Habsburg idaresi Erdel'de sona erdi: Erdel yeniden Osmanlı'ya bağlı vo
1556-07-16	Kostayniçe (Kostajnica)	yerlesimler_ek29.js	GUN-KAPALI	yer_id	BAGIMSIZ	GERCEK-BAGIMSIZ	yer_id/merkez yolu kökten bağımsız kapatıyor	0				1556-07-16 Kostayniçe ve Novi'nin fethi — Una hattının iki kalesi
1557-01-01	Akīk	yerlesimler_afrika.js	OCAK1	kok	BUYUK-HARF	GERCEK-OKUNDU	bağlam elle okundu (bayraklı ya da kısa/eşsesli kök)	0	yer	Akik	k, Ebu Ramad (Salatin), Arkiko, Halaib, Akik, Tokar, Sinkat, Hayya, Trinkitat, Muham	1557-01-01 Habeş Eyaleti'nin kuruluşu — Kızıldeniz kıyısının Osmanlı idaresine gi
1557-01-01	Arkîko	yerlesimler_afrika.js	OCAK1	kok	BUYUK-HARF	OKUNMADI	büyük harfli özel ad eşleşmesi — tek tek okunmadı	0	yer	Arkiko	, Masavva, Dahlak, Ebu Ramad (Salatin), Arkiko, Halaib, Akik, Tokar, Sinkat, Hayya, Tr	1557-01-01 Habeş Eyaleti'nin kuruluşu — Kızıldeniz kıyısının Osmanlı idaresine gi
1557-01-01	Dahlak	yerlesimler.js	OCAK1	kok	BUYUK-HARF	OKUNMADI	büyük harfli özel ad eşleşmesi — tek tek okunmadı	0	yer	Dahlak	anli idaresine girisi Sevakin, Masavva, Dahlak, Ebu Ramad (Salatin), Arkiko, Halaib, A	1557-01-01 Habeş Eyaleti'nin kuruluşu — Kızıldeniz kıyısının Osmanlı idaresine gi
1557-01-01	Ebû Ramâd (Şalâtîn)	yerlesimler_afrika.js	OCAK1	kok	BUYUK-HARF	OKUNMADI	büyük harfli özel ad eşleşmesi — tek tek okunmadı	0	yer	Ebu Ramad	resine girisi Sevakin, Masavva, Dahlak, Ebu Ramad (Salatin), Arkiko, Halaib, Akik, Tokar,	1557-01-01 Habeş Eyaleti'nin kuruluşu — Kızıldeniz kıyısının Osmanlı idaresine gi
1557-01-01	Halâib	yerlesimler_afrika.js	OCAK1	kok	BUYUK-HARF	OKUNMADI	büyük harfli özel ad eşleşmesi — tek tek okunmadı	0	yer	Halaib	a, Dahlak, Ebu Ramad (Salatin), Arkiko, Halaib, Akik, Tokar, Sinkat, Hayya, Trinkitat,	1557-01-01 Habeş Eyaleti'nin kuruluşu — Kızıldeniz kıyısının Osmanlı idaresine gi
1557-01-01	Masavva	yerlesimler.js	OCAK1	yer_id	BAGIMSIZ	GERCEK-BAGIMSIZ	yer_id/merkez yolu kökten bağımsız kapatıyor	0				1557-01-01 Habeş Eyaleti'nin kuruluşu — Kızıldeniz kıyısının Osmanlı idaresine gi
1557-01-01	Sevâkin	yerlesimler.js	OCAK1	kok	BUYUK-HARF	OKUNMADI	büyük harfli özel ad eşleşmesi — tek tek okunmadı	0	yer	Sevakin	eniz kiyisinin Osmanli idaresine girisi Sevakin, Masavva, Dahlak, Ebu Ramad (Salatin), 	1557-01-01 Habeş Eyaleti'nin kuruluşu — Kızıldeniz kıyısının Osmanlı idaresine gi
1557-01-01	Sinkat	yerlesimler_afrika.js	OCAK1	kok	BUYUK-HARF	OKUNMADI	büyük harfli özel ad eşleşmesi — tek tek okunmadı	0	yer	Sinkat	(Salatin), Arkiko, Halaib, Akik, Tokar, Sinkat, Hayya, Trinkitat, Muhammed Kol, Derude	1557-01-01 Habeş Eyaleti'nin kuruluşu — Kızıldeniz kıyısının Osmanlı idaresine gi
1557-01-01	Tokar	yerlesimler_afrika.js	OCAK1	kok	BUYUK-HARF	GERCEK-OKUNDU	bağlam elle okundu (bayraklı ya da kısa/eşsesli kök)	0	yer	Tokar	 Ramad (Salatin), Arkiko, Halaib, Akik, Tokar, Sinkat, Hayya, Trinkitat, Muhammed Kol	1557-01-01 Habeş Eyaleti'nin kuruluşu — Kızıldeniz kıyısının Osmanlı idaresine gi
1558-01-01	Tartu (Dorpat)	yerlesimler_ek11.js	OCAK1	yer_id	BAGIMSIZ	GERCEK-BAGIMSIZ	yer_id/merkez yolu kökten bağımsız kapatıyor	1				1558-01-01 Rusya Livonya'yı istilâ etti, Dorpat düştü
1559-01-01	Zeyla	yerlesimler.js	OCAK1	yer_id	BAGIMSIZ	GERCEK-BAGIMSIZ	yer_id/merkez yolu kökten bağımsız kapatıyor	0				1559-01-01 Zeyla'nın Habeş Eyaleti'ne katılması
1560-03-12	Cerbe (Djerba)	yerlesimler.js	GUN-KAPALI	yer_id	BAGIMSIZ	GERCEK-BAGIMSIZ	yer_id/merkez yolu kökten bağımsız kapatıyor	0				1560-03-12 Haçlı donanması Cerbe'yi işgal etti — Turgut Paşa'nın üssü elden çıktı
1560-07-30	Cerbe (Djerba)	yerlesimler.js	GUN-KAPALI	yer_id	BAGIMSIZ	GERCEK-BAGIMSIZ	yer_id/merkez yolu kökten bağımsız kapatıyor	0				1560-07-30 Cerbe kalesinin düşüşü — adanın Osmanlı idaresine geçişi
1561-11-28	Cēsis (Wenden)	yerlesimler_ek7.js	GUN-KAPALI	kok	BUYUK-HARF	OKUNMADI	büyük harfli özel ad eşleşmesi — tek tek okunmadı	1	yer	Cesis	Tallinn (Reval), Tartu (Dorpat), Parnu, Cesis (Wenden), Daugavpils (Dunaburg), Narva 	1561-11-28 Vilnius Antlaşması — Livonya Konfederasyonu dağıldı, Riga bölgesi Lehi
1561-11-28	Daugavpils (Dünaburg)	yerlesimler_ek7.js	GUN-KAPALI	kok	BUYUK-HARF	OKUNMADI	büyük harfli özel ad eşleşmesi — tek tek okunmadı	1	yer	Daugavpils	 Tartu (Dorpat), Parnu, Cesis (Wenden), Daugavpils (Dunaburg), Narva Livonya Savasi sirasi	1561-11-28 Vilnius Antlaşması — Livonya Konfederasyonu dağıldı, Riga bölgesi Lehi
1561-11-28	Narva	yerlesimler_ek11.js	GUN-KAPALI	kok	BUYUK-HARF	OKUNMADI	büyük harfli özel ad eşleşmesi — tek tek okunmadı	0	yer	Narva	 Cesis (Wenden), Daugavpils (Dunaburg), Narva Livonya Savasi sirasinda Rus baskisi al	1561-11-28 Vilnius Antlaşması — Livonya Konfederasyonu dağıldı, Riga bölgesi Lehi
1561-11-28	Pärnu	yerlesimler_ek11.js	GUN-KAPALI	kok	BUYUK-HARF	OKUNMADI	büyük harfli özel ad eşleşmesi — tek tek okunmadı	1	yer	Parnu	 Riga, Tallinn (Reval), Tartu (Dorpat), Parnu, Cesis (Wenden), Daugavpils (Dunaburg),	1561-11-28 Vilnius Antlaşması — Livonya Konfederasyonu dağıldı, Riga bölgesi Lehi
1561-11-28	Riga	yerlesimler.js	GUN-KAPALI	yer_id	BAGIMSIZ	GERCEK-BAGIMSIZ	yer_id/merkez yolu kökten bağımsız kapatıyor	1				1561-11-28 Vilnius Antlaşması — Livonya Konfederasyonu dağıldı, Riga bölgesi Lehi
1561-11-28	Tallinn (Reval)	yerlesimler_ek11.js	GUN-KAPALI	kok	BUYUK-HARF	OKUNMADI	büyük harfli özel ad eşleşmesi — tek tek okunmadı	0	yer	Tallinn	olgesi Lehistan-Litvanya'ya gecti Riga, Tallinn (Reval), Tartu (Dorpat), Parnu, Cesis (	1561-11-28 Vilnius Antlaşması — Livonya Konfederasyonu dağıldı, Riga bölgesi Lehi
1565-01-01	Krupa (Bosanska Krupa)	yerlesimler_ek29.js	OCAK1	yer_id	BAGIMSIZ	GERCEK-BAGIMSIZ	yer_id/merkez yolu kökten bağımsız kapatıyor	0				1565-01-01 Krupa Kalesi'nin Osmanlılarca alınması
1566-04-14	Sakız	yerlesimler.js	GUN-KAPALI	yer_id	BAGIMSIZ	GERCEK-BAGIMSIZ	yer_id/merkez yolu kökten bağımsız kapatıyor	0				1566-04-14 Sakız'ın Cenevizlilerden alınışı
1566-04-14	İpsara (Psara)	yerlesimler.js	GUN-KAPALI	kok	BUYUK-HARF	OKUNMADI	büyük harfli özel ad eşleşmesi — tek tek okunmadı	0	yer	Ipsara	Sakiz'in Cenevizlilerden alinisi Sakiz, Ipsara Iki yuz yildir Ceneviz'in Giustiniani a	1566-04-14 Sakız'ın Cenevizlilerden alınışı
1566-04-15	Andros	yerlesimler.js	GUN-MASKELI	kok	BUYUK-HARF	OKUNMADI	büyük harfli özel ad eşleşmesi — tek tek okunmadı	0	yer	Andros	i'nin tamami Naksa, Paros, Degirmenlik, Andros, Sire, Mikonos ve Kikladlar 1207'den be	1566-04-15 Nakşa Dukalığı'nın ilhakı — Kiklad Adaları'nın tamamı
1566-04-15	Değirmenlik (Milos)	yerlesimler.js	GUN-MASKELI	kok	BUYUK-HARF	OKUNMADI	büyük harfli özel ad eşleşmesi — tek tek okunmadı	0	yer	Degirmenlik	Kiklad Adalari'nin tamami Naksa, Paros, Degirmenlik, Andros, Sire, Mikonos ve Kikladlar 120	1566-04-15 Nakşa Dukalığı'nın ilhakı — Kiklad Adaları'nın tamamı
1566-04-15	Mikonos	yerlesimler.js	GUN-MASKELI	kok	BUYUK-HARF	OKUNMADI	büyük harfli özel ad eşleşmesi — tek tek okunmadı	0	yer	Mikonos	aksa, Paros, Degirmenlik, Andros, Sire, Mikonos ve Kikladlar 1207'den beri suren ve 153	1566-04-15 Nakşa Dukalığı'nın ilhakı — Kiklad Adaları'nın tamamı
1566-04-15	Nio (İos)	yerlesimler.js	GUN-MASKELI	kok	BUYUK-HARF	GERCEK-OKUNDU	bağlam elle okundu (bayraklı ya da kısa/eşsesli kök)	0	d	Nio	os, Degirmenlik, Andros, Sire, Mikonos, Nio, Yamurgi ve cevrelerindeki butun Kiklad	1566-04-15 Nakşa Dukalığı'nın ilhakı — Kiklad Adaları'nın tamamı
1566-04-15	Sire (Syros)	yerlesimler.js	GUN-MASKELI	kok	BUYUK-HARF	GERCEK-OKUNDU	bağlam elle okundu (bayraklı ya da kısa/eşsesli kök)	0	yer	Sire	mami Naksa, Paros, Degirmenlik, Andros, Sire, Mikonos ve Kikladlar 1207'den beri sur	1566-04-15 Nakşa Dukalığı'nın ilhakı — Kiklad Adaları'nın tamamı
1566-04-15	Yamurgi (Amorgos)	yerlesimler.js	GUN-MASKELI	kok	BUYUK-HARF	OKUNMADI	büyük harfli özel ad eşleşmesi — tek tek okunmadı	0	d	Yamurgi	egirmenlik, Andros, Sire, Mikonos, Nio, Yamurgi ve cevrelerindeki butun Kiklad adalari 	1566-04-15 Nakşa Dukalığı'nın ilhakı — Kiklad Adaları'nın tamamı
1566-09-02	Gyula (Göle)	yerlesimler_ek5.js	GUN-KAPALI	yer_id	BAGIMSIZ	GERCEK-BAGIMSIZ	yer_id/merkez yolu kökten bağımsız kapatıyor	0				1566-09-01 Gyula (Göle) Kalesi'nin teslimi — Pertev Paşa'nın Tımışvar serhaddi se
1566-09-07	Zigetvar	yerlesimler.js	GUN-KAPALI	kok+yer_id	BAGIMSIZ	GERCEK-BAGIMSIZ	yer_id/merkez yolu kökten bağımsız kapatıyor	0	d	Zigetvar	etti Istanbul Kanuni Sultan Suleyman'in Zigetvar'daki olumunun ardindan haber, duzeni bo	1566-09-24 II. Selim İstanbul'a ulaşıp cülus etti
1569-01-01	Tunus	yerlesimler.js	OCAK1	yer_id	BAGIMSIZ	GERCEK-BAGIMSIZ	yer_id/merkez yolu kökten bağımsız kapatıyor	0				1569-01-01 Uluç Ali Paşa'nın Tunus'u alışı — Hafsî-İspanyol düzeninin sonu
1569-07-01	Bar (Podolya)	yerlesimler.js	GUN-KAPALI	yer_id	BAGIMSIZ	GERCEK-BAGIMSIZ	yer_id/merkez yolu kökten bağımsız kapatıyor	1				1569-07-01 Lublin Birliği — Ukrayna toprakları Litvanya'dan Polonya'ya geçti
1569-07-01	Berdiçev (Berdychiv)	yerlesimler_ukrayna_0916.js	GUN-KAPALI	kok	BUYUK-HARF	OKUNMADI	büyük harfli özel ad eşleşmesi — tek tek okunmadı	1	d	Berdicev	Podolya, Volhynia ve Kiev bolgesi (Bar, Berdicev, Białystok, Braslav dahil) idari olarak	1569-07-01 Lublin Birliği — Ukrayna toprakları Litvanya'dan Polonya'ya geçti
1569-07-01	Białystok	yerlesimler_p0037.js	GUN-KAPALI	kok	BUYUK-HARF	OKUNMADI	büyük harfli özel ad eşleşmesi — tek tek okunmadı	1	d	Białystok	olhynia ve Kiev bolgesi (Bar, Berdicev, Białystok, Braslav dahil) idari olarak Litvanya'd	1569-07-01 Lublin Birliği — Ukrayna toprakları Litvanya'dan Polonya'ya geçti
1569-07-01	Braslav (Bratslav)	yerlesimler_ukrayna_0916.js	GUN-KAPALI	kok	BUYUK-HARF	OKUNMADI	büyük harfli özel ad eşleşmesi — tek tek okunmadı	1	d	Braslav	Kiev bolgesi (Bar, Berdicev, Białystok, Braslav dahil) idari olarak Litvanya'dan dogrud	1569-07-01 Lublin Birliği — Ukrayna toprakları Litvanya'dan Polonya'ya geçti
1569-07-01	Chełm (Kholm)	yerlesimler_p0037.js	GUN-KAPALI	merkez	BAGIMSIZ	GERCEK-BAGIMSIZ	yer_id/merkez yolu kökten bağımsız kapatıyor	1		Lublin		1569-07-01 Lublin Birliği — Ukrayna toprakları Litvanya'dan Polonya'ya geçti
1569-07-01	Kiev	yerlesimler.js	GUN-KAPALI	kok	BUYUK-HARF	GERCEK-OKUNDU	bağlam elle okundu (bayraklı ya da kısa/eşsesli kök)	1	d	Kiev	manin sarti geregi Podolya, Volhynia ve Kiev bolgesi (Bar, Berdicev, Białystok, Bras	1569-07-01 Lublin Birliği — Ukrayna toprakları Litvanya'dan Polonya'ya geçti
1569-07-01	Lublin	yerlesimler_p0037.js	GUN-KAPALI	kok	BUYUK-HARF	OKUNMADI	büyük harfli özel ad eşleşmesi — tek tek okunmadı	1	b	Lublin	Lublin Birligi - Ukrayna topraklari Litvanya'd	1569-07-01 Lublin Birliği — Ukrayna toprakları Litvanya'dan Polonya'ya geçti
1570-01-01	Donets bozkırı	yerlesimler_ek6.js	OCAK1	kok	BUYUK-HARF	GERCEK-OKUNDU	bağlam elle okundu (bayraklı ya da kısa/eşsesli kök)	1	yer	Donets bozkiri	si'nin ilk guvenilir kaydi Don ve Kuzey Donets bozkiri, Razdory, Azak yolu Don uzerinde kazakl	1570-01-01 IV. İvan'ın Don kazaklarına gramotası — Don Kazak Ordası'nın ilk güven
1570-01-01	Çerkask (Razdory)	yerlesimler_ek6.js	OCAK1	yer_id	BAGIMSIZ	GERCEK-BAGIMSIZ	yer_id/merkez yolu kökten bağımsız kapatıyor	1				1570-01-01 IV. İvan'ın Don kazaklarına gramotası — Don Kazak Ordası'nın ilk güven
1570-07-23	Baf (Paphos)	yerlesimler.js	GUN-KAPALI	kok	BUYUK-HARF	OKUNMADI	büyük harfli özel ad eşleşmesi — tek tek okunmadı	0	b	Baf	Kibris cikarmasi: Limasol ve Baf'in alinisi Limasol, Baf - Kibris Tuzla'	1570-07-23 Kıbrıs çıkarması: Limasol ve Baf'ın alınışı
1570-07-23	Limasol	yerlesimler.js	GUN-KAPALI	yer_id	BAGIMSIZ	GERCEK-BAGIMSIZ	yer_id/merkez yolu kökten bağımsız kapatıyor	0				1570-07-23 Kıbrıs çıkarması: Limasol ve Baf'ın alınışı
1570-09-09	Lefkoşa	yerlesimler.js	GUN-KAPALI	kok+yer_id	BAGIMSIZ	GERCEK-BAGIMSIZ	yer_id/merkez yolu kökten bağımsız kapatıyor	0	d	Lefkosa	 - Kibris'in kuzey kiyisi Girne, Kibris Lefkosa'nin 9 Eylul'de kilictan gecirilerek dus	1570-09-17 Girne'nin teslimi — Kıbrıs'ın kuzey kıyısı
1570-09-09	Tuzla (Larnaka)	yerlesimler.js	GUN-KAPALI	merkez	BAGIMSIZ	GERCEK-BAGIMSIZ	yer_id/merkez yolu kökten bağımsız kapatıyor	0		Lefkoşa		1570-09-09 Lefkoşa'nın fethi
1570-09-17	Girne (Kyrenia)	yerlesimler.js	GUN-KAPALI	merkez+yer_id	BAGIMSIZ	GERCEK-BAGIMSIZ	yer_id/merkez yolu kökten bağımsız kapatıyor	0		Lefkoşa		1570-09-09 Lefkoşa'nın fethi
1571-01-01	Kremençuk	yerlesimler_ok106.js	OCAK1	yer_id	BAGIMSIZ	GERCEK-BAGIMSIZ	yer_id/merkez yolu kökten bağımsız kapatıyor	0				1571-01-01 Lehistan'ın Dinyeper hattını ileri sürmesi — Kremençuk'un kurulması
1571-08-01	Magosa	yerlesimler.js	GUN-KAPALI	yer_id	BAGIMSIZ	GERCEK-BAGIMSIZ	yer_id/merkez yolu kökten bağımsız kapatıyor	0				1571-08 Kıbrıs'ın fethi
1571-08-15	Cochabamba (Villa de Oropesa)	yerlesimler_nokta_amerika_0917.js	GUN-KAPALI	yer_id	BAGIMSIZ	GERCEK-BAGIMSIZ	yer_id/merkez yolu kökten bağımsız kapatıyor	0				1571-08-15 Villa de Oropesa kuruldu — Potosí'yi besleyecek tahıl vadisinin iskânı
1572-06-24	Vilcabamba (Espíritu Pampa)	yerlesimler_amerika.js	GUN-KAPALI	yer_id	BAGIMSIZ	GERCEK-BAGIMSIZ	yer_id/merkez yolu kökten bağımsız kapatıyor	1				1572-06-24 Vilcabamba'nın düşüşü — bağımsız İnka devletinin sonu
1573-10-10	Tunus	yerlesimler.js	GUN-KAPALI	yer_id	BAGIMSIZ	GERCEK-BAGIMSIZ	yer_id/merkez yolu kökten bağımsız kapatıyor	0				1573-10-10 Don Juan de Austria'nın Tunus'u geri alışı — İnebahtı'nın karadaki tek
1574-08-24	Halkulvâdî	yerlesimler_afrika.js	GUN-KAPALI	merkez	BAGIMSIZ	GERCEK-BAGIMSIZ	yer_id/merkez yolu kökten bağımsız kapatıyor	0		Tunus		1574-08-25 Tunus'un kesin fethi
1574-08-25	Bin Gerdân	yerlesimler_afrika.js	GUN-KAPALI	merkez	BAGIMSIZ	GERCEK-BAGIMSIZ	yer_id/merkez yolu kökten bağımsız kapatıyor	0		Tunus		1574-08-25 Tunus'un kesin fethi
1574-08-25	Bâce (Béja)	yerlesimler_afrika.js	GUN-KAPALI	merkez	BAGIMSIZ	GERCEK-BAGIMSIZ	yer_id/merkez yolu kökten bağımsız kapatıyor	0		Tunus		1574-08-25 Tunus'un kesin fethi
1574-08-25	Cendûbe	yerlesimler_afrika.js	GUN-KAPALI	merkez	BAGIMSIZ	GERCEK-BAGIMSIZ	yer_id/merkez yolu kökten bağımsız kapatıyor	0		Tunus		1574-08-25 Tunus'un kesin fethi
1574-08-25	Cerciş (Zarzis)	yerlesimler_afrika.js	GUN-KAPALI	merkez	BAGIMSIZ	GERCEK-BAGIMSIZ	yer_id/merkez yolu kökten bağımsız kapatıyor	0		Tunus		1574-08-25 Tunus'un kesin fethi
1574-08-25	Gabes	yerlesimler.js	GUN-KAPALI	kok	BUYUK-HARF	OKUNMADI	büyük harfli özel ad eşleşmesi — tek tek okunmadı	0	d	Gabes	tarihte katilan oteki yerler: Kayrevan, Gabes, Sfaks.	1574-08-25 Tunus'un kesin fethi
1574-08-25	Kafsa	yerlesimler_afrika.js	GUN-KAPALI	merkez	BAGIMSIZ	GERCEK-BAGIMSIZ	yer_id/merkez yolu kökten bağımsız kapatıyor	0		Tunus		1574-08-25 Tunus'un kesin fethi
1574-08-25	Kasrayn	yerlesimler_afrika.js	GUN-KAPALI	merkez	BAGIMSIZ	GERCEK-BAGIMSIZ	yer_id/merkez yolu kökten bağımsız kapatıyor	0		Tunus		1574-08-25 Tunus'un kesin fethi
1574-08-25	Kayrevan	yerlesimler.js	GUN-KAPALI	kok	BUYUK-HARF	GERCEK-OKUNDU	bağlam elle okundu (bayraklı ya da kısa/eşsesli kök)	0	d	Kayrevan	ndi. Ayni tarihte katilan oteki yerler: Kayrevan, Gabes, Sfaks.	1574-08-25 Tunus'un kesin fethi
1574-08-25	Kef	yerlesimler_afrika.js	GUN-KAPALI	merkez	BAGIMSIZ	GERCEK-BAGIMSIZ	yer_id/merkez yolu kökten bağımsız kapatıyor	0		Tunus		1574-08-25 Tunus'un kesin fethi
1574-08-25	Kelîbiye	yerlesimler_afrika.js	GUN-KAPALI	merkez	BAGIMSIZ	GERCEK-BAGIMSIZ	yer_id/merkez yolu kökten bağımsız kapatıyor	0		Tunus		1574-08-25 Tunus'un kesin fethi
1574-08-25	Kerkene (Kerkennah)	yerlesimler.js	GUN-KAPALI	merkez	BAGIMSIZ	GERCEK-BAGIMSIZ	yer_id/merkez yolu kökten bağımsız kapatıyor	0		Tunus		1574-08-25 Tunus'un kesin fethi
1574-08-25	Medenîn	yerlesimler_afrika.js	GUN-KAPALI	merkez	BAGIMSIZ	GERCEK-BAGIMSIZ	yer_id/merkez yolu kökten bağımsız kapatıyor	0		Tunus		1574-08-25 Tunus'un kesin fethi
1574-08-25	Mehdiye	yerlesimler_afrika.js	GUN-KAPALI	merkez	BAGIMSIZ	GERCEK-BAGIMSIZ	yer_id/merkez yolu kökten bağımsız kapatıyor	0		Tunus		1574-08-25 Tunus'un kesin fethi
1574-08-25	Munastır	yerlesimler_afrika.js	GUN-KAPALI	merkez	BAGIMSIZ	GERCEK-BAGIMSIZ	yer_id/merkez yolu kökten bağımsız kapatıyor	0		Tunus		1574-08-25 Tunus'un kesin fethi
1574-08-25	Mâtir (Mateur)	yerlesimler_afrika.js	GUN-KAPALI	merkez	BAGIMSIZ	GERCEK-BAGIMSIZ	yer_id/merkez yolu kökten bağımsız kapatıyor	0		Tunus		1574-08-25 Tunus'un kesin fethi
1574-08-25	Nefta	yerlesimler_afrika.js	GUN-KAPALI	merkez	BAGIMSIZ	GERCEK-BAGIMSIZ	yer_id/merkez yolu kökten bağımsız kapatıyor	0		Tunus		1574-08-25 Tunus'un kesin fethi
1574-08-25	Nâbil (Nabeul)	yerlesimler_afrika.js	GUN-KAPALI	merkez	BAGIMSIZ	GERCEK-BAGIMSIZ	yer_id/merkez yolu kökten bağımsız kapatıyor	0		Tunus		1574-08-25 Tunus'un kesin fethi
1574-08-25	Sfaks	yerlesimler.js	GUN-KAPALI	kok	BUYUK-HARF	OKUNMADI	büyük harfli özel ad eşleşmesi — tek tek okunmadı	0	d	Sfaks	 katilan oteki yerler: Kayrevan, Gabes, Sfaks.	1574-08-25 Tunus'un kesin fethi
1574-08-25	Sûse	yerlesimler_afrika.js	GUN-KAPALI	merkez	BAGIMSIZ	GERCEK-BAGIMSIZ	yer_id/merkez yolu kökten bağımsız kapatıyor	0		Tunus		1574-08-25 Tunus'un kesin fethi
1574-08-25	Tatavin	yerlesimler_afrika.js	GUN-KAPALI	merkez	BAGIMSIZ	GERCEK-BAGIMSIZ	yer_id/merkez yolu kökten bağımsız kapatıyor	0		Tunus		1574-08-25 Tunus'un kesin fethi
1574-08-25	Tozer	yerlesimler_afrika.js	GUN-KAPALI	merkez	BAGIMSIZ	GERCEK-BAGIMSIZ	yer_id/merkez yolu kökten bağımsız kapatıyor	0		Tunus		1574-08-25 Tunus'un kesin fethi
1574-08-25	Zağvân	yerlesimler_afrika.js	GUN-KAPALI	merkez	BAGIMSIZ	GERCEK-BAGIMSIZ	yer_id/merkez yolu kökten bağımsız kapatıyor	0		Tunus		1574-08-25 Tunus'un kesin fethi
1574-09-12	Tunus	yerlesimler.js	GUN-KAPALI	yer_id	BAGIMSIZ	GERCEK-BAGIMSIZ	yer_id/merkez yolu kökten bağımsız kapatıyor	0				1574-08-25 Tunus'un kesin fethi
1577-01-01	Câlû	yerlesimler_afrika.js	OCAK1	kok	BUYUK-HARF	GERCEK-OKUNDU	bağlam elle okundu (bayraklı ya da kısa/eşsesli kök)	0	yer	Calu	van kavsagi Murzuk (Fizan), Gat, Sokna, Calu, Sebha, Ubari, Vaddan (Cufre), Zilla (Z	1577-01-01 Fizan sancağının Trablusgarp'a bağlanışı — Murzuk ve Sahra kervan kavş
1577-01-01	Gât	yerlesimler_afrika.js	OCAK1	kok	BUYUK-HARF	GERCEK-OKUNDU	bağlam elle okundu (bayraklı ya da kısa/eşsesli kök)	0	yer	Gat	ve Sahra kervan kavsagi Murzuk (Fizan), Gat, Sokna, Calu, Sebha, Ubari, Vaddan (Cuf	1577-01-01 Fizan sancağının Trablusgarp'a bağlanışı — Murzuk ve Sahra kervan kavş
1577-01-01	Murzuk (Fizan)	yerlesimler.js	OCAK1	yer_id	BAGIMSIZ	GERCEK-BAGIMSIZ	yer_id/merkez yolu kökten bağımsız kapatıyor	0				1577-01-01 Fizan sancağının Trablusgarp'a bağlanışı — Murzuk ve Sahra kervan kavş
1577-01-01	Sebha	yerlesimler_afrika.js	OCAK1	kok	BUYUK-HARF	OKUNMADI	büyük harfli özel ad eşleşmesi — tek tek okunmadı	0	yer	Sebha	vsagi Murzuk (Fizan), Gat, Sokna, Calu, Sebha, Ubari, Vaddan (Cufre), Zilla (Zella), 	1577-01-01 Fizan sancağının Trablusgarp'a bağlanışı — Murzuk ve Sahra kervan kavş
1577-01-01	Sokna	yerlesimler_afrika.js	OCAK1	kok	BUYUK-HARF	GERCEK-OKUNDU	bağlam elle okundu (bayraklı ya da kısa/eşsesli kök)	0	yer	Sokna	hra kervan kavsagi Murzuk (Fizan), Gat, Sokna, Calu, Sebha, Ubari, Vaddan (Cufre), Zi	1577-01-01 Fizan sancağının Trablusgarp'a bağlanışı — Murzuk ve Sahra kervan kavş
1577-01-01	Ubârî	yerlesimler_afrika.js	OCAK1	kok	BUYUK-HARF	OKUNMADI	büyük harfli özel ad eşleşmesi — tek tek okunmadı	0	yer	Ubari	urzuk (Fizan), Gat, Sokna, Calu, Sebha, Ubari, Vaddan (Cufre), Zilla (Zella), Merade,	1577-01-01 Fizan sancağının Trablusgarp'a bağlanışı — Murzuk ve Sahra kervan kavş
1578-08-01	Ahıska	yerlesimler.js	GUN-MASKELI	yer_id	BAGIMSIZ	GERCEK-BAGIMSIZ	yer_id/merkez yolu kökten bağımsız kapatıyor	0				1578-08-09 Ahıska atabegliğinin Osmanlı idaresine girmesi — Altunkale, Hırtıs ve 
1579-07-13	Karlovac	yerlesimler_ek29.js	GUN-KAPALI	yer_id	BAGIMSIZ	GERCEK-BAGIMSIZ	yer_id/merkez yolu kökten bağımsız kapatıyor	0				1579-07-13 Karlovac kalesi kuruldu
1580-04-10	Zamość	yerlesimler_p0037.js	GUN-KAPALI	yer_id	BAGIMSIZ	GERCEK-BAGIMSIZ	yer_id/merkez yolu kökten bağımsız kapatıyor	0				1580-04-10 Zamość'ın kuruluş (lokasyon) belgesi
1581-07-26	Amsterdam	yerlesimler.js	GUN-KAPALI	yer_id	BAGIMSIZ	GERCEK-BAGIMSIZ	yer_id/merkez yolu kökten bağımsız kapatıyor	1				1581-07-26 Feragat Bildirgesi (Plakkaat van Verlatinghe) — Hollanda İspanya'dan b
1582-01-01	Tartu (Dorpat)	yerlesimler_ek11.js	OCAK1	yer_id	BAGIMSIZ	GERCEK-BAGIMSIZ	yer_id/merkez yolu kökten bağımsız kapatıyor	1				1582-01-15 Yam Zapolski ateşkesi — Livonya ve Dorpat Lehistan'a geçti
1585-01-01	Voronej	yerlesimler.js	OCAK1	yer_id	BAGIMSIZ	GERCEK-BAGIMSIZ	yer_id/merkez yolu kökten bağımsız kapatıyor	0				1585-01-01 Moskova'nın Voronej'de bozkıra karşı ileri garnizon kurması
1585-09-25	Hoy	yerlesimler.js	GUN-KAPALI	merkez	BAGIMSIZ	GERCEK-BAGIMSIZ	yer_id/merkez yolu kökten bağımsız kapatıyor	0		Tebriz		1585-09-25 Tebriz'in fethi
1589-07-02	Tsaritsyn	yerlesimler.js	GUN-KAPALI	yer_id	BAGIMSIZ	GERCEK-BAGIMSIZ	yer_id/merkez yolu kökten bağımsız kapatıyor	0				1589-07-02 Tsaritsyn kalesi ilk kez belgede anıldı
1590-07-12	Saratov	yerlesimler.js	GUN-KAPALI	yer_id	BAGIMSIZ	GERCEK-BAGIMSIZ	yer_id/merkez yolu kökten bağımsız kapatıyor	0				1590-07-12 Saratov kalesi kuruldu
1592-01-01	Drežnik (Drežnik Grad)	yerlesimler_ek29.js	OCAK1	yer_id	BAGIMSIZ	GERCEK-BAGIMSIZ	yer_id/merkez yolu kökten bağımsız kapatıyor	0				1592-01-01 Drežnik ve Drežnik županiyasının kesin olarak Osmanlı idaresine geçişi
1592-06-19	Bihaç (Bihać)	yerlesimler_ek.js	GUN-KAPALI	yer_id	BAGIMSIZ	GERCEK-BAGIMSIZ	yer_id/merkez yolu kökten bağımsız kapatıyor	0				1592-06-19 Bihaç'ın fethi
1593-01-01	Pelım ostrogu	yerlesimler_sibirya2.js	OCAK1	yer_id	BAGIMSIZ	GERCEK-BAGIMSIZ	yer_id/merkez yolu kökten bağımsız kapatıyor	0				1593-01-01 Pelım kalesi kuruldu
1594-09-27	Yanıkkale (Győr)	yerlesimler.js	GUN-KAPALI	yer_id	BAGIMSIZ	GERCEK-BAGIMSIZ	yer_id/merkez yolu kökten bağımsız kapatıyor	0				1594-09-27 Yanıkkale'nin (Győr) fethi
1595-09-02	Estergon	yerlesimler.js	GUN-KAPALI	yer_id	BAGIMSIZ	GERCEK-BAGIMSIZ	yer_id/merkez yolu kökten bağımsız kapatıyor	1				1595-09-02 Estergon'un Avusturya'ya kaybı
1596-01-01	Belgorod	yerlesimler_ek17.js	OCAK1	yer_id	BAGIMSIZ	GERCEK-BAGIMSIZ	yer_id/merkez yolu kökten bağımsız kapatıyor	0				1596-01-01 Moskova'nın Belgorod, Oskol ve Kursk'u bozkırda ileri garnizon olarak 
1596-05-10	Lugos (Lugoj)	yerlesimler.js	GUN-KAPALI	yer_id	BAGIMSIZ	GERCEK-BAGIMSIZ	yer_id/merkez yolu kökten bağımsız kapatıyor	0				1596-05-10 Lippa kuşatmasının kalkması — Lugos bânının Temeşvar baskını
1596-09-20	Monterrey	yerlesimler_amerika3.js	GUN-KAPALI	yer_id	BAGIMSIZ	GERCEK-BAGIMSIZ	yer_id/merkez yolu kökten bağımsız kapatıyor	0				1596-09-20 Monterrey kuruldu — Nuevo León'un başkenti
1596-10-12	Eğri	yerlesimler.js	GUN-KAPALI	yer_id	BAGIMSIZ	GERCEK-BAGIMSIZ	yer_id/merkez yolu kökten bağımsız kapatıyor	0				1596-10-26 Haçova Meydan Muharebesi
1598-01-01	Verhoturye	yerlesimler_sibirya2.js	OCAK1	yer_id	BAGIMSIZ	GERCEK-BAGIMSIZ	yer_id/merkez yolu kökten bağımsız kapatıyor	0				1598-01-01 Verhoturye kalesi kuruldu
1598-03-29	Yanıkkale (Győr)	yerlesimler.js	GUN-KAPALI	yer_id	BAGIMSIZ	GERCEK-BAGIMSIZ	yer_id/merkez yolu kökten bağımsız kapatıyor	0				1598-03-29 Yanıkkale'nin (Győr) kaybı
1600-01-01	Turinsk	yerlesimler_sibirya2.js	OCAK1	yer_id	BAGIMSIZ	GERCEK-BAGIMSIZ	yer_id/merkez yolu kökten bağımsız kapatıyor	0				1600-01-01 Tura boyunda Turinsk kalesi kuruldu
1600-10-20	Kanije	yerlesimler.js	GUN-KAPALI	yer_id	BAGIMSIZ	GERCEK-BAGIMSIZ	yer_id/merkez yolu kökten bağımsız kapatıyor	0				1600-10-20 Kanije'nin fethi
1601-01-01	Asîrgarh	yerlesimler_hindistan.js	OCAK1	yer_id	BAGIMSIZ	GERCEK-BAGIMSIZ	yer_id/merkez yolu kökten bağımsız kapatıyor	1				1601-01-01 Ekber Şah Asîrgarh'ı aldı, Handeş Bâbürlü eyaleti oldu ve Fârûkîler so
1602-01-01	Manama (Bahreyn)	yerlesimler.js	OCAK1	yer_id	BAGIMSIZ	GERCEK-BAGIMSIZ	yer_id/merkez yolu kökten bağımsız kapatıyor	1				1602-01-01 Safevîler'in Bahreyn'i Portekiz'den alması
1603-10-21	Hoy	yerlesimler.js	GUN-KAPALI	kok	BUYUK-HARF	OKUNMADI	büyük harfli özel ad eşleşmesi — tek tek okunmadı	0	d	Hoy	lden cikan diger yerlesimler: Nahcivan, Hoy, Merend, Selmas; Karacadag (Ahar) ve Mu	1603-10-21 Şah Abbas'ın karşı taarruzu — Tebriz'in kaybı
1605-10-03	Estergon	yerlesimler.js	GUN-KAPALI	yer_id	BAGIMSIZ	GERCEK-BAGIMSIZ	yer_id/merkez yolu kökten bağımsız kapatıyor	0				1605-10-03 Estergon'un geri alınışı
1611-01-01	Ferahâbâd	yerlesimler.js	OCAK1	yer_id	BAGIMSIZ	GERCEK-BAGIMSIZ	yer_id/merkez yolu kökten bağımsız kapatıyor	0				1611-01-01 Şah I. Abbas Mâzenderan'da Ferahâbâd şehrini kurdu
1611-06-13	Smolensk	yerlesimler.js	GUN-KAPALI	yer_id	BAGIMSIZ	GERCEK-BAGIMSIZ	yer_id/merkez yolu kökten bağımsız kapatıyor	1				1611-06-13 Smolensk'in Lehistan-Litvanya'ya düşüşü — 20 aylık kuşatmanın sonu
1616-01-01	Uman	yerlesimler_ok106.js	OCAK1	yer_id	BAGIMSIZ	GERCEK-BAGIMSIZ	yer_id/merkez yolu kökten bağımsız kapatıyor	0				1616-01-01 Lehistan'ın Yedisan uç hattında Uman'ın belirmesi
1618-12-11	Novgorod-Seversk	yerlesimler_ek17.js	GUN-KAPALI	kok	BUYUK-HARF	OKUNMADI	büyük harfli özel ad eşleşmesi — tek tek okunmadı	1	b	Novgorod-Seversk	lino Mutarekesi - Smolensk, Cernigov ve Novgorod-Seversk Lehistan'a birakildi Smolensk, Cernigov	1618-12-11 Deulino Mütarekesi — Smolensk, Çernigov ve Novgorod-Seversk Lehistan'a
1618-12-11	Çernigov	yerlesimler_ek17.js	GUN-KAPALI	yer_id	BAGIMSIZ	GERCEK-BAGIMSIZ	yer_id/merkez yolu kökten bağımsız kapatıyor	1				1618-12-11 Deulino Mütarekesi — Smolensk, Çernigov ve Novgorod-Seversk Lehistan'a
1619-01-01	Borja (Maynas)	yerlesimler_gamerika.js	OCAK1	yer_id	BAGIMSIZ	GERCEK-BAGIMSIZ	yer_id/merkez yolu kökten bağımsız kapatıyor	0				1619-01-01 San Francisco de Borja kuruldu — Maynas'ta İspanyol hâkimiyeti
1623-11-28	Bağdat	yerlesimler.js	GUN-MASKELI	yer_id	BAGIMSIZ	GERCEK-BAGIMSIZ	yer_id/merkez yolu kökten bağımsız kapatıyor	0				1623-11-28 Bağdat'ın Safevîlere kaybı
1623-11-28	Dîvâniye	yerlesimler.js	GUN-MASKELI	merkez	BAGIMSIZ	GERCEK-BAGIMSIZ	yer_id/merkez yolu kökten bağımsız kapatıyor	0		Bağdat		1623-11-28 Bağdat'ın Safevîlere kaybı
1623-11-28	Fellûce	yerlesimler.js	GUN-MASKELI	merkez	BAGIMSIZ	GERCEK-BAGIMSIZ	yer_id/merkez yolu kökten bağımsız kapatıyor	0		Bağdat		1623-11-28 Bağdat'ın Safevîlere kaybı
1623-11-28	Hille	yerlesimler.js	GUN-MASKELI	merkez	BAGIMSIZ	GERCEK-BAGIMSIZ	yer_id/merkez yolu kökten bağımsız kapatıyor	0		Bağdat		1623-11-28 Bağdat'ın Safevîlere kaybı
1623-11-28	Hânekîn	yerlesimler.js	GUN-MASKELI	merkez	BAGIMSIZ	GERCEK-BAGIMSIZ	yer_id/merkez yolu kökten bağımsız kapatıyor	0		Bağdat		1623-11-28 Bağdat'ın Safevîlere kaybı
1623-11-28	Hît	yerlesimler.js	GUN-MASKELI	merkez	BAGIMSIZ	GERCEK-BAGIMSIZ	yer_id/merkez yolu kökten bağımsız kapatıyor	0		Bağdat		1623-11-28 Bağdat'ın Safevîlere kaybı
1623-11-28	Kerbelâ	yerlesimler.js	GUN-MASKELI	merkez	BAGIMSIZ	GERCEK-BAGIMSIZ	yer_id/merkez yolu kökten bağımsız kapatıyor	0		Bağdat		1623-11-28 Bağdat'ın Safevîlere kaybı
1623-11-28	Kûfe	yerlesimler.js	GUN-MASKELI	merkez	BAGIMSIZ	GERCEK-BAGIMSIZ	yer_id/merkez yolu kökten bağımsız kapatıyor	0		Bağdat		1623-11-28 Bağdat'ın Safevîlere kaybı
1623-11-28	Kût el-Amâre	yerlesimler.js	GUN-MASKELI	merkez	BAGIMSIZ	GERCEK-BAGIMSIZ	yer_id/merkez yolu kökten bağımsız kapatıyor	0		Bağdat		1623-11-28 Bağdat'ın Safevîlere kaybı
1623-11-28	Necef	yerlesimler.js	GUN-MASKELI	merkez	BAGIMSIZ	GERCEK-BAGIMSIZ	yer_id/merkez yolu kökten bağımsız kapatıyor	0		Bağdat		1623-11-28 Bağdat'ın Safevîlere kaybı
1623-11-28	Sâmerrâ	yerlesimler.js	GUN-MASKELI	merkez	BAGIMSIZ	GERCEK-BAGIMSIZ	yer_id/merkez yolu kökten bağımsız kapatıyor	0		Bağdat		1623-11-28 Bağdat'ın Safevîlere kaybı
1623-11-28	Tikrit	yerlesimler.js	GUN-MASKELI	merkez	BAGIMSIZ	GERCEK-BAGIMSIZ	yer_id/merkez yolu kökten bağımsız kapatıyor	0		Bağdat		1623-11-28 Bağdat'ın Safevîlere kaybı
1623-11-28	Vâsıt	yerlesimler.js	GUN-MASKELI	merkez	BAGIMSIZ	GERCEK-BAGIMSIZ	yer_id/merkez yolu kökten bağımsız kapatıyor	0		Bağdat		1623-11-28 Bağdat'ın Safevîlere kaybı
1623-11-28	Âne	yerlesimler.js	GUN-MASKELI	merkez	BAGIMSIZ	GERCEK-BAGIMSIZ	yer_id/merkez yolu kökten bağımsız kapatıyor	0		Bağdat		1623-11-28 Bağdat'ın Safevîlere kaybı
1624-01-01	Kerkük	yerlesimler.js	OCAK1	kok	BUYUK-HARF	OKUNMADI	büyük harfli özel ad eşleşmesi — tek tek okunmadı	1	b	Kerkuk	Musul ve Kerkuk'un Safevi eline gecmesi - Bagdat'in dus	1624-01-01 Musul ve Kerkük'ün Safevî eline geçmesi — Bağdat'ın düşüşünün ardından
1624-01-01	Musul	yerlesimler.js	OCAK1	yer_id	BAGIMSIZ	GERCEK-BAGIMSIZ	yer_id/merkez yolu kökten bağımsız kapatıyor	1				1624-01-01 Musul ve Kerkük'ün Safevî eline geçmesi — Bağdat'ın düşüşünün ardından
1625-01-01	Kerkük	yerlesimler.js	OCAK1	kok	BUYUK-HARF	OKUNMADI	büyük harfli özel ad eşleşmesi — tek tek okunmadı	0	yer	Kerkuk	fiz Ahmed Pasa'nin Bagdat seferi Musul, Kerkuk, Altinkopru IV. Murad, Veziriazam Hafiz	1625-01-01 Musul'un Safevîlerden kurtarılması — Hâfız Ahmed Paşa'nın Bağdat sefer
1625-01-01	Musul	yerlesimler.js	OCAK1	yer_id	BAGIMSIZ	GERCEK-BAGIMSIZ	yer_id/merkez yolu kökten bağımsız kapatıyor	0				1625-01-01 Musul'un Safevîlerden kurtarılması — Hâfız Ahmed Paşa'nın Bağdat sefer
1629-01-01	Taiz	yerlesimler.js	OCAK1	yer_id	BAGIMSIZ	GERCEK-BAGIMSIZ	yer_id/merkez yolu kökten bağımsız kapatıyor	0				1629-01-01 Taiz'in kaybı
1630-03-16	Şehrizor	yerlesimler.js	GUN-KAPALI	yer_id	BAGIMSIZ	GERCEK-BAGIMSIZ	yer_id/merkez yolu kökten bağımsız kapatıyor	0				1630-03-16 Hüsrev Paşa'nın Şehrizor'da Gülanber Kalesi'ni yeniden kurması — Şehri
1631-01-01	Bratsk ostrogu	yerlesimler_ek13.js	OCAK1	yer_id	BAGIMSIZ	GERCEK-BAGIMSIZ	yer_id/merkez yolu kökten bağımsız kapatıyor	0				1631-01-01 Angara boyunda Rus Bratsk kalesi kuruldu
1635-01-01	Aden	yerlesimler.js	OCAK1	kok	BUYUK-HARF	OKUNMADI	büyük harfli özel ad eşleşmesi — tek tek okunmadı	1	yer	Aden	imi imamlarinin hakimiyeti Sana, Zebid, Aden Yemen 1538'den beri Osmanli eyaletiydi;	1635-01-01 Yemen'in kaybı — Kāsımî imamlarının hâkimiyeti
1635-01-01	Ferasan (Farasan)	yerlesimler.js	OCAK1	merkez	BAGIMSIZ	GERCEK-BAGIMSIZ	yer_id/merkez yolu kökten bağımsız kapatıyor	1		Sana		1635-01-01 Yemen'in kaybı — Kāsımî imamlarının hâkimiyeti
1635-01-01	Kemeran (Kamaran)	yerlesimler.js	OCAK1	merkez	BAGIMSIZ	GERCEK-BAGIMSIZ	yer_id/merkez yolu kökten bağımsız kapatıyor	1		Sana		1635-01-01 Yemen'in kaybı — Kāsımî imamlarının hâkimiyeti
1635-01-01	Sana	yerlesimler.js	OCAK1	yer_id	BAGIMSIZ	GERCEK-BAGIMSIZ	yer_id/merkez yolu kökten bağımsız kapatıyor	1				1635-01-01 Yemen'in kaybı — Kāsımî imamlarının hâkimiyeti
1635-01-01	Zebîd	yerlesimler.js	OCAK1	kok	BUYUK-HARF	OKUNMADI	büyük harfli özel ad eşleşmesi — tek tek okunmadı	1	yer	Zebid	i - Kasimi imamlarinin hakimiyeti Sana, Zebid, Aden Yemen 1538'den beri Osmanli eyale	1635-01-01 Yemen'in kaybı — Kāsımî imamlarının hâkimiyeti
1635-10-22	Moha	yerlesimler.js	GUN-MASKELI	yer_id	BAGIMSIZ	GERCEK-BAGIMSIZ	yer_id/merkez yolu kökten bağımsız kapatıyor	0				1635-10-22 Moha'nın tahliyesi
1636-01-01	Cetin (Cetingrad)	yerlesimler_ek29.js	OCAK1	yer_id	BAGIMSIZ	GERCEK-BAGIMSIZ	yer_id/merkez yolu kökten bağımsız kapatıyor	0				1636-01-01 Cetin Kalesi'nin Osmanlılarca alınması
1637-06-18	Azak	yerlesimler.js	GUN-KAPALI	yer_id	BAGIMSIZ	GERCEK-BAGIMSIZ	yer_id/merkez yolu kökten bağımsız kapatıyor	0				1637-06-18 Azak Kalesi'nin Don Kazaklarına kaybı
1638-01-01	Cetin (Cetingrad)	yerlesimler_ek29.js	OCAK1	yer_id	BAGIMSIZ	GERCEK-BAGIMSIZ	yer_id/merkez yolu kökten bağımsız kapatıyor	0				1638-01-01 Cetin Kalesi'nin Habsburg tarafına geri geçmesi
1638-01-01	Çuguyev	yerlesimler_ok106.js	OCAK1	yer_id	BAGIMSIZ	GERCEK-BAGIMSIZ	yer_id/merkez yolu kökten bağımsız kapatıyor	0				1638-01-01 Moskova'nın bozkır savunma hattının ileri sürülmesi — Çuguyev
1638-12-24	Bağdat	yerlesimler.js	GUN-MASKELI	kok+yer_id	BAGIMSIZ	GERCEK-BAGIMSIZ	yer_id/merkez yolu kökten bağımsız kapatıyor	0	d	Bagdat	zam oldu - mali islahat donemi basladi  Bagdat Seferi'nde Tayyar Mehmed Pasa'nin sehid	1638-12-24 Kemankeş Kara Mustafa Paşa sadrazam oldu — mali ıslahat dönemi başladı
1638-12-24	Dîvâniye	yerlesimler.js	GUN-MASKELI	merkez	BAGIMSIZ	GERCEK-BAGIMSIZ	yer_id/merkez yolu kökten bağımsız kapatıyor	0		Bağdat		1638-12-24 Bağdat'ın geri fethi
1638-12-24	Fellûce	yerlesimler.js	GUN-MASKELI	merkez	BAGIMSIZ	GERCEK-BAGIMSIZ	yer_id/merkez yolu kökten bağımsız kapatıyor	0		Bağdat		1638-12-24 Bağdat'ın geri fethi
1638-12-24	Hille	yerlesimler.js	GUN-MASKELI	merkez	BAGIMSIZ	GERCEK-BAGIMSIZ	yer_id/merkez yolu kökten bağımsız kapatıyor	0		Bağdat		1638-12-24 Bağdat'ın geri fethi
1638-12-24	Hânekîn	yerlesimler.js	GUN-MASKELI	merkez	BAGIMSIZ	GERCEK-BAGIMSIZ	yer_id/merkez yolu kökten bağımsız kapatıyor	0		Bağdat		1638-12-24 Bağdat'ın geri fethi
1638-12-24	Hît	yerlesimler.js	GUN-MASKELI	merkez	BAGIMSIZ	GERCEK-BAGIMSIZ	yer_id/merkez yolu kökten bağımsız kapatıyor	0		Bağdat		1638-12-24 Bağdat'ın geri fethi
1638-12-24	Kerbelâ	yerlesimler.js	GUN-MASKELI	merkez	BAGIMSIZ	GERCEK-BAGIMSIZ	yer_id/merkez yolu kökten bağımsız kapatıyor	0		Bağdat		1638-12-24 Bağdat'ın geri fethi
1638-12-24	Kûfe	yerlesimler.js	GUN-MASKELI	merkez	BAGIMSIZ	GERCEK-BAGIMSIZ	yer_id/merkez yolu kökten bağımsız kapatıyor	0		Bağdat		1638-12-24 Bağdat'ın geri fethi
1638-12-24	Kût el-Amâre	yerlesimler.js	GUN-MASKELI	merkez	BAGIMSIZ	GERCEK-BAGIMSIZ	yer_id/merkez yolu kökten bağımsız kapatıyor	0		Bağdat		1638-12-24 Bağdat'ın geri fethi
1638-12-24	Necef	yerlesimler.js	GUN-MASKELI	merkez	BAGIMSIZ	GERCEK-BAGIMSIZ	yer_id/merkez yolu kökten bağımsız kapatıyor	0		Bağdat		1638-12-24 Bağdat'ın geri fethi
1638-12-24	Sâmerrâ	yerlesimler.js	GUN-MASKELI	merkez	BAGIMSIZ	GERCEK-BAGIMSIZ	yer_id/merkez yolu kökten bağımsız kapatıyor	0		Bağdat		1638-12-24 Bağdat'ın geri fethi
1638-12-24	Tikrit	yerlesimler.js	GUN-MASKELI	merkez	BAGIMSIZ	GERCEK-BAGIMSIZ	yer_id/merkez yolu kökten bağımsız kapatıyor	0		Bağdat		1638-12-24 Bağdat'ın geri fethi
1638-12-24	Vâsıt	yerlesimler.js	GUN-MASKELI	merkez	BAGIMSIZ	GERCEK-BAGIMSIZ	yer_id/merkez yolu kökten bağımsız kapatıyor	0		Bağdat		1638-12-24 Bağdat'ın geri fethi
1638-12-24	Âne	yerlesimler.js	GUN-MASKELI	merkez	BAGIMSIZ	GERCEK-BAGIMSIZ	yer_id/merkez yolu kökten bağımsız kapatıyor	0		Bağdat		1638-12-24 Bağdat'ın geri fethi
1639-05-17	Kotur	yerlesimler_ek_ferhadpasa.js	GUN-KAPALI	kok	BUYUK-HARF	GERCEK-OKUNDU	bağlam elle okundu (bayraklı ya da kısa/eşsesli kök)	0	d	Kotur	'da, Avroman ve Mihriban Iran'da kaldi; Kotur, Maku ve Magazberd kaleleri iki tarafca	1639-05-17 Kasr-ı Şirin Antlaşması
1640-12-01	Lizbon	yerlesimler.js	GUN-KAPALI	yer_id	BAGIMSIZ	GERCEK-BAGIMSIZ	yer_id/merkez yolu kökten bağımsız kapatıyor	1				1640-12-01 Restauração: Portekiz bağımsızlığını geri aldı
1642-02-26	Azak	yerlesimler.js	GUN-KAPALI	yer_id	BAGIMSIZ	GERCEK-BAGIMSIZ	yer_id/merkez yolu kökten bağımsız kapatıyor	0				1642-02-26 Azak Kalesi'nin Kazaklardan geri alınışı
1645-08-22	Hanya	yerlesimler.js	GUN-KAPALI	yer_id	BAGIMSIZ	GERCEK-BAGIMSIZ	yer_id/merkez yolu kökten bağımsız kapatıyor	0				1645-08-22 Girit seferinin başlaması ve Hanya'nın fethi
1646-11-13	Girit (Resmo)	yerlesimler.js	GUN-KAPALI	yer_id	BAGIMSIZ	GERCEK-BAGIMSIZ	yer_id/merkez yolu kökten bağımsız kapatıyor	0				1646-11-13 Resmo'nun fethi — Girit'in ikiye bölünmesi
1648-03-31	Klis	yerlesimler_ek.js	GUN-KAPALI	yer_id	BAGIMSIZ	GERCEK-BAGIMSIZ	yer_id/merkez yolu kökten bağımsız kapatıyor	1				1648-03-31 Klis'in Venedik'e kaybı
1652-01-01	Sumı	yerlesimler_ok106.js	OCAK1	yer_id	BAGIMSIZ	GERCEK-BAGIMSIZ	yer_id/merkez yolu kökten bağımsız kapatıyor	0				1652-01-01 Slobodskaya Ukrayna'nın kuruluşu — Sumı ve bozkır yerleşim kuşağı
1654-01-08	Novgorod-Seversk	yerlesimler_ek17.js	GUN-KAPALI	kok	BUYUK-HARF	OKUNMADI	büyük harfli özel ad eşleşmesi — tek tek okunmadı	1	yer	Novgorod-Seversk	s carina baglilik yemini etti Cernigov, Novgorod-Seversk, Baturin 1648'den beri Lehistan-Litvany	1654-01-08 Pereyaslav Radası — Zaporojye Kazakları Rus çarına bağlılık yemini ett
1654-01-08	Çernigov	yerlesimler_ek17.js	GUN-KAPALI	yer_id	BAGIMSIZ	GERCEK-BAGIMSIZ	yer_id/merkez yolu kökten bağımsız kapatıyor	1				1654-01-08 Pereyaslav Radası — Zaporojye Kazakları Rus çarına bağlılık yemini ett
1654-10-03	Smolensk	yerlesimler.js	GUN-KAPALI	yer_id	BAGIMSIZ	GERCEK-BAGIMSIZ	yer_id/merkez yolu kökten bağımsız kapatıyor	1				1654-10-03 Smolensk'in Rusya tarafından geri alınışı
1656-07-13	Bozcaada	yerlesimler.js	GUN-KAPALI	kok	BUYUK-HARF	OKUNMADI	büyük harfli özel ad eşleşmesi — tek tek okunmadı	0	b	Bozcaada	Canakkale bozgunu ve Bozcaada ile Limni'nin kaybi Canakkale Bogazi - 	1656-07-13 Çanakkale bozgunu ve Bozcaada ile Limni'nin kaybı
1656-07-13	Limni	yerlesimler.js	GUN-KAPALI	kok	BUYUK-HARF	OKUNMADI	büyük harfli özel ad eşleşmesi — tek tek okunmadı	0	b	Limni	Canakkale bozgunu ve Bozcaada ile Limni'nin kaybi Canakkale Bogazi - Bozcaada, 	1656-07-13 Çanakkale bozgunu ve Bozcaada ile Limni'nin kaybı
1656-07-13	Semadirek	yerlesimler.js	GUN-KAPALI	kok	BUYUK-HARF	OKUNMADI	büyük harfli özel ad eşleşmesi — tek tek okunmadı	0	d	Semadirek	 imha etti; ardindan Bozcaada, Limni ve Semadirek isgal edildi. Bogazin Venedik ablukasin	1656-07-13 Çanakkale bozgunu ve Bozcaada ile Limni'nin kaybı
1657-08-25	Bozcaada	yerlesimler.js	GUN-KAPALI	yer_id	BAGIMSIZ	GERCEK-BAGIMSIZ	yer_id/merkez yolu kökten bağımsız kapatıyor	0				1657-08-25 Çanakkale zaferi ve Bozcaada'nın geri alınışı
1657-11-15	Limni	yerlesimler.js	GUN-KAPALI	yer_id	BAGIMSIZ	GERCEK-BAGIMSIZ	yer_id/merkez yolu kökten bağımsız kapatıyor	0				1657-11-15 Limni ve Semadirek'in geri alınışı
1657-11-15	Semadirek	yerlesimler.js	GUN-KAPALI	kok	BUYUK-HARF	OKUNMADI	büyük harfli özel ad eşleşmesi — tek tek okunmadı	0	b	Semadirek	Limni ve Semadirek'in geri alinisi Limni, Semadirek (kuzey	1657-11-15 Limni ve Semadirek'in geri alınışı
1658-02-26	Kristianstad	yerlesimler_ek7.js	GUN-KAPALI	yer_id	BAGIMSIZ	GERCEK-BAGIMSIZ	yer_id/merkez yolu kökten bağımsız kapatıyor	1				1658-02-26 Roskilde Antlaşması — Skåne, Halland, Blekinge ve Bornholm İsveç'e geç
1659-01-01	Fas (Fez)	yerlesimler.js	OCAK1	kok	BUYUK-HARF	ES-AD-BOLGE	Fas = ülke	0	b	Fas	Sa'di hanedaninin sonu - Fas'ta Alevi (Filali) devrinin baslamasi Me	1659-01-01 Sa’dî hânedanının sonu — Fas’ta Alevî (Filâlî) devrinin başlaması
1659-01-01	Merakeş	yerlesimler.js	OCAK1	yer_id	BAGIMSIZ	GERCEK-BAGIMSIZ	yer_id/merkez yolu kökten bağımsız kapatıyor	0				1659-01-01 Sa’dî hânedanının sonu — Fas’ta Alevî (Filâlî) devrinin başlaması
1662-01-30	Tanca	yerlesimler.js	GUN-KAPALI	yer_id	BAGIMSIZ	GERCEK-BAGIMSIZ	yer_id/merkez yolu kökten bağımsız kapatıyor	1				1662-01-30 Tanca İngiltere'ye devredildi
1663-01-01	Penza	yerlesimler_ek17.js	OCAK1	yer_id	BAGIMSIZ	GERCEK-BAGIMSIZ	yer_id/merkez yolu kökten bağımsız kapatıyor	1				1663-01-01 Rusya Sura boyunda Penza kalesini kurdu
1663-09-24	Uyvar	yerlesimler.js	GUN-MASKELI	yer_id	BAGIMSIZ	GERCEK-BAGIMSIZ	yer_id/merkez yolu kökten bağımsız kapatıyor	0				1663-09-24 Uyvar'ın fethi
1667-02-09	Kiev	yerlesimler.js	GUN-KAPALI	yer_id	BAGIMSIZ	GERCEK-BAGIMSIZ	yer_id/merkez yolu kökten bağımsız kapatıyor	1				1667-02-09 Andrusovo Mütarekesi — Kiev ve Sol Yaka Ukrayna Rusya'ya geçti
1668-01-01	Sault Ste. Marie	yerlesimler_kamerika.js	OCAK1	yer_id	BAGIMSIZ	GERCEK-BAGIMSIZ	yer_id/merkez yolu kökten bağımsız kapatıyor	0				1668-01-01 Marquette Sault Ste. Marie'de Fransız misyonunu kurdu
1668-01-01	Waskaganish (Rupert House)	yerlesimler_kamerika.js	OCAK1	yer_id	BAGIMSIZ	GERCEK-BAGIMSIZ	yer_id/merkez yolu kökten bağımsız kapatıyor	0				1668-01-01 Hudson's Bay Company'nin ilk karakolu (Waskaganish) kuruldu
1669-09-06	Kandiye (Girit)	yerlesimler.js	GUN-KAPALI	yer_id	BAGIMSIZ	GERCEK-BAGIMSIZ	yer_id/merkez yolu kökten bağımsız kapatıyor	0				1669-09-06 Girit'in fethi tamamlandı
1669-09-27	Sitiye (Sitia)	yerlesimler.js	GUN-KAPALI	merkez	BAGIMSIZ	GERCEK-BAGIMSIZ	yer_id/merkez yolu kökten bağımsız kapatıyor	0		Kandiye (Girit)		1669-09-06 Girit'in fethi tamamlandı
1669-09-27	İsfakiye (Sfakia)	yerlesimler.js	GUN-KAPALI	merkez	BAGIMSIZ	GERCEK-BAGIMSIZ	yer_id/merkez yolu kökten bağımsız kapatıyor	0		Kandiye (Girit)		1669-09-06 Girit'in fethi tamamlandı
1670-01-01	Cetin (Cetingrad)	yerlesimler_ek29.js	OCAK1	yer_id	BAGIMSIZ	GERCEK-BAGIMSIZ	yer_id/merkez yolu kökten bağımsız kapatıyor	0				1670-01-01 Cetin'in yeniden Osmanlı kalesi olması
1670-01-01	Lahsa	yerlesimler.js	OCAK1	yer_id	BAGIMSIZ	GERCEK-BAGIMSIZ	yer_id/merkez yolu kökten bağımsız kapatıyor	1				1670-01-01 Lahsa'nın Benî Hâlid Emirliği'ne kaybı
1672-08-27	Bar (Podolya)	yerlesimler.js	GUN-KAPALI	merkez	BAGIMSIZ	GERCEK-BAGIMSIZ	yer_id/merkez yolu kökten bağımsız kapatıyor	0		Kamaniçe		1672-08-27 Kamaniçe'nin fethi ve Podolya Eyaleti'nin kurulması
1672-08-27	Kamaniçe	yerlesimler.js	GUN-KAPALI	yer_id	BAGIMSIZ	GERCEK-BAGIMSIZ	yer_id/merkez yolu kökten bağımsız kapatıyor	0				1672-08-27 Kamaniçe'nin fethi ve Podolya Eyaleti'nin kurulması
1672-08-27	Meciboj (Mejibuji)	yerlesimler.js	GUN-KAPALI	merkez	BAGIMSIZ	GERCEK-BAGIMSIZ	yer_id/merkez yolu kökten bağımsız kapatıyor	0		Kamaniçe		1672-08-27 Kamaniçe'nin fethi ve Podolya Eyaleti'nin kurulması
1672-08-27	Yazlofça (Yazlovets)	yerlesimler.js	GUN-KAPALI	merkez	BAGIMSIZ	GERCEK-BAGIMSIZ	yer_id/merkez yolu kökten bağımsız kapatıyor	0		Kamaniçe		1672-08-27 Kamaniçe'nin fethi ve Podolya Eyaleti'nin kurulması
1674-01-01	Uman	yerlesimler_ok106.js	OCAK1	yer_id	BAGIMSIZ	GERCEK-BAGIMSIZ	yer_id/merkez yolu kökten bağımsız kapatıyor	0				1674-01-01 Kara Mustafa Paşa Uman'ı Lehistan'dan teslim aldı
1678-08-21	Çehrin (Çigirin)	yerlesimler.js	GUN-KAPALI	yer_id	BAGIMSIZ	GERCEK-BAGIMSIZ	yer_id/merkez yolu kökten bağımsız kapatıyor	0				1678-08-21 Çehrin Kalesi'nin fethi
1683-10-27	Estergon	yerlesimler.js	GUN-KAPALI	yer_id	BAGIMSIZ	GERCEK-BAGIMSIZ	yer_id/merkez yolu kökten bağımsız kapatıyor	0				1683-10-09 Parkan bozgunu ve Estergon'un kaybı
1684-06-27	Vaç (Vác)	yerlesimler.js	GUN-KAPALI	merkez	BAGIMSIZ	GERCEK-BAGIMSIZ	yer_id/merkez yolu kökten bağımsız kapatıyor	0		Budin		1684-07-14 Birinci Budin savunması
1684-08-06	Ayamavra (Lefkada)	yerlesimler.js	GUN-KAPALI	yer_id	BAGIMSIZ	GERCEK-BAGIMSIZ	yer_id/merkez yolu kökten bağımsız kapatıyor	1				1684-08-06 Ayamavra'nın (Lefkada) Venedik'e kaybı
1684-09-29	Preveze	yerlesimler.js	GUN-KAPALI	yer_id	BAGIMSIZ	GERCEK-BAGIMSIZ	yer_id/merkez yolu kökten bağımsız kapatıyor	1				1684-09-29 Preveze ve Vonitsa'nın Venedik'e kaybı — Epir kıyısının açılışı
1684-09-29	Vonitsa	yerlesimler.js	GUN-KAPALI	kok	BUYUK-HARF	OKUNMADI	büyük harfli özel ad eşleşmesi — tek tek okunmadı	1	b	Vonitsa	Preveze ve Vonitsa'nin Venedik'e kaybi - Epir kiyisinin ac	1684-09-29 Preveze ve Vonitsa'nın Venedik'e kaybı — Epir kıyısının açılışı
1685-08-11	Koron	yerlesimler.js	GUN-KAPALI	yer_id	BAGIMSIZ	GERCEK-BAGIMSIZ	yer_id/merkez yolu kökten bağımsız kapatıyor	1				1685-08-11 Koron'un Venedik'e kaybı
1685-08-19	Uyvar	yerlesimler.js	GUN-MASKELI	yer_id	BAGIMSIZ	GERCEK-BAGIMSIZ	yer_id/merkez yolu kökten bağımsız kapatıyor	0				1685-08-19 Uyvar'ın kaybı
1685-10-15	Eperjes (Prešov)	yerlesimler_ek.js	GUN-KAPALI	kok	BUYUK-HARF	OKUNMADI	büyük harfli özel ad eşleşmesi — tek tek okunmadı	1	yer	Eperjes	tan kaleleri teslim oldu Varad · Kassa, Eperjes, Tokaj, Ungvar - Yukari Macaristan Viya	1685-10-15 Tököli'nin Varad'da tutuklanması — Orta Macar Krallığı dağıldı, Yukarı
1685-10-15	Fülek (Fiľakovo)	yerlesimler_ek_macaristan.js	GUN-KAPALI	merkez	BAGIMSIZ	GERCEK-BAGIMSIZ	yer_id/merkez yolu kökten bağımsız kapatıyor	1		Kassa (Košice)		1685-10-15 Tököli'nin Varad'da tutuklanması — Orta Macar Krallığı dağıldı, Yukarı
1685-10-15	Kassa (Košice)	yerlesimler_ek.js	GUN-KAPALI	yer_id	BAGIMSIZ	GERCEK-BAGIMSIZ	yer_id/merkez yolu kökten bağımsız kapatıyor	1				1685-10-15 Tököli'nin Varad'da tutuklanması — Orta Macar Krallığı dağıldı, Yukarı
1685-10-15	Tokaj	yerlesimler_ek.js	GUN-KAPALI	kok	BUYUK-HARF	OKUNMADI	büyük harfli özel ad eşleşmesi — tek tek okunmadı	1	yer	Tokaj	eri teslim oldu Varad · Kassa, Eperjes, Tokaj, Ungvar - Yukari Macaristan Viyana bozg	1685-10-15 Tököli'nin Varad'da tutuklanması — Orta Macar Krallığı dağıldı, Yukarı
1685-10-15	Ungvár (Uzhhorod)	yerlesimler_ek_macaristan.js	GUN-KAPALI	kok	BUYUK-HARF	OKUNMADI	büyük harfli özel ad eşleşmesi — tek tek okunmadı	1	yer	Ungvar	lim oldu Varad · Kassa, Eperjes, Tokaj, Ungvar - Yukari Macaristan Viyana bozgunundan 	1685-10-15 Tököli'nin Varad'da tutuklanması — Orta Macar Krallığı dağıldı, Yukarı
1685-10-19	Solnok (Szolnok)	yerlesimler.js	GUN-KAPALI	yer_id	BAGIMSIZ	GERCEK-BAGIMSIZ	yer_id/merkez yolu kökten bağımsız kapatıyor	1				1685-10-19 Solnok'un kaybı — Tisa hattının çözülmesi
1686-06-01	Modon	yerlesimler.js	GUN-KAPALI	yer_id	BAGIMSIZ	GERCEK-BAGIMSIZ	yer_id/merkez yolu kökten bağımsız kapatıyor	1				1686-06-01 Modon'un Venedik'e kaybı
1686-08-30	Anabolu (Nauplion)	yerlesimler.js	GUN-KAPALI	yer_id	BAGIMSIZ	GERCEK-BAGIMSIZ	yer_id/merkez yolu kökten bağımsız kapatıyor	1				1686-08-30 Anabolu'nun (Nauplion) Venedik'e kaybı — Mora Savaşı'nın dönüm noktası
1686-09-02	Budin	yerlesimler.js	GUN-KAPALI	yer_id	BAGIMSIZ	GERCEK-BAGIMSIZ	yer_id/merkez yolu kökten bağımsız kapatıyor	0				1686-09-02 Budin'in kaybı — 145 yıllık Macar başkenti
1686-09-02	Hatvan	yerlesimler.js	GUN-KAPALI	merkez	BAGIMSIZ	GERCEK-BAGIMSIZ	yer_id/merkez yolu kökten bağımsız kapatıyor	0		Budin		1686-09-02 Budin'in kaybı — 145 yıllık Macar başkenti
1686-09-02	Kalocsa	yerlesimler.js	GUN-KAPALI	merkez	BAGIMSIZ	GERCEK-BAGIMSIZ	yer_id/merkez yolu kökten bağımsız kapatıyor	0		Budin		1686-09-02 Budin'in kaybı — 145 yıllık Macar başkenti
1686-09-02	Peşte	yerlesimler.js	GUN-KAPALI	kok	BUYUK-HARF	GERCEK-OKUNDU	bağlam elle okundu (bayraklı ya da kısa/eşsesli kök)	0	d	Peste	 tarihte elden cikan diger yerlesimler: Peste.	1686-09-02 Budin'in kaybı — 145 yıllık Macar başkenti
1686-09-02	Şimontorna	yerlesimler.js	GUN-KAPALI	merkez	BAGIMSIZ	GERCEK-BAGIMSIZ	yer_id/merkez yolu kökten bağımsız kapatıyor	0		Budin		1686-09-02 Budin'in kaybı — 145 yıllık Macar başkenti
1686-10-14	Peçuy	yerlesimler.js	GUN-KAPALI	kok+yer_id	BAGIMSIZ	GERCEK-BAGIMSIZ	yer_id/merkez yolu kökten bağımsız kapatıyor	0	d	Pecuy	aletine giden yolu tutuyordu. Budin ile Pecuy'un ayni sonbaharda dusmesinden sonra ku	1686-10-23 Segedin'in kaybı
1686-10-23	Segedin (Szeged)	yerlesimler.js	GUN-KAPALI	yer_id	BAGIMSIZ	GERCEK-BAGIMSIZ	yer_id/merkez yolu kökten bağımsız kapatıyor	0				1686-10-23 Segedin'in kaybı
1687-07-01	Balyabadra (Patras)	yerlesimler.js	GUN-KAPALI	yer_id	BAGIMSIZ	GERCEK-BAGIMSIZ	yer_id/merkez yolu kökten bağımsız kapatıyor	0				1687-07-01 Balyabadra'nın (Patras) kaybı — Mora'nın kuzey kapısı
1687-08-12	Erdel (Kaloşvar)	yerlesimler.js	GUN-MASKELI	kok	BUYUK-HARF	ES-AD-BOLGE	Erdel = bölge (Transilvanya), yerleşim Kaloşvar	0	b	Erdel	Ikinci Mohac (Harsan) bozgunu - Erdel'in ve Mohac'in kaybi Harsan dagi, Mohac	1687-08-12 İkinci Mohaç (Harşan) bozgunu — Erdel'in ve Mohaç'ın kaybı
1687-08-12	Mohaç	yerlesimler.js	GUN-MASKELI	kok+yer_id	BAGIMSIZ	GERCEK-BAGIMSIZ	yer_id/merkez yolu kökten bağımsız kapatıyor	0	d	Mohac	i - hal'inin arifesindeki son cirpinis  Mohac bozgunundan (Agustos 1687) sonra ulufes	1687-08-01 IV. Mehmed avdan vazgeçti — hal'inin arifesindeki son çırpınış
1687-09-26	Atina	yerlesimler.js	GUN-KAPALI	yer_id	BAGIMSIZ	GERCEK-BAGIMSIZ	yer_id/merkez yolu kökten bağımsız kapatıyor	0				1687-09-26 Atina'nın kaybı ve Parthenon patlaması
1687-12-17	Eğri	yerlesimler.js	GUN-KAPALI	yer_id	BAGIMSIZ	GERCEK-BAGIMSIZ	yer_id/merkez yolu kökten bağımsız kapatıyor	0				1687-12-17 Eğri'nin kaybı
1688-01-17	Munkács (Mukacheve)	yerlesimler_ek_macaristan.js	GUN-KAPALI	yer_id	BAGIMSIZ	GERCEK-BAGIMSIZ	yer_id/merkez yolu kökten bağımsız kapatıyor	0				1688-01-17 Munkács (Mukacheve) kalesinin üç yıllık kuşatma sonrası Avusturya'ya t
1688-04-01	Atina	yerlesimler.js	GUN-KAPALI	yer_id	BAGIMSIZ	GERCEK-BAGIMSIZ	yer_id/merkez yolu kökten bağımsız kapatıyor	1				1688-04-01 Atina'nın geri alınışı — Venedik'in çekilişi
1688-05-19	İstolni Belgrad	yerlesimler.js	GUN-KAPALI	yer_id	BAGIMSIZ	GERCEK-BAGIMSIZ	yer_id/merkez yolu kökten bağımsız kapatıyor	0				1688-05-19 İstolni Belgrad'ın kaybı — Macar krallarının taç şehri
1688-09-06	Belgrad	yerlesimler.js	GUN-KAPALI	yer_id	BAGIMSIZ	GERCEK-BAGIMSIZ	yer_id/merkez yolu kökten bağımsız kapatıyor	0				1688-09-06 Belgrad'ın ilk kez kaybı — Kutsal İttifak kuşatması
1688-09-11	Knin	yerlesimler_ek.js	GUN-KAPALI	yer_id	BAGIMSIZ	GERCEK-BAGIMSIZ	yer_id/merkez yolu kökten bağımsız kapatıyor	1				1688-09-11 Knin'in Venedik'e kaybı — 166 yıllık Dalmaçya sınır kalesi düştü
1688-10-01	Semendire	yerlesimler.js	GUN-KAPALI	merkez	BAGIMSIZ	GERCEK-BAGIMSIZ	yer_id/merkez yolu kökten bağımsız kapatıyor	0		Belgrad		1688-09-06 Belgrad'ın ilk kez kaybı — Kutsal İttifak kuşatması
1689-01-01	Gospić	yerlesimler_ek29.js	OCAK1	kok	BUYUK-HARF	OKUNMADI	büyük harfli özel ad eşleşmesi — tek tek okunmadı	0	b	Gospic	Lika ve Krbava'nin kaybi - Udbina ve Gospic Habsburg sinir kuvvetlerinin eline gect	1689-01-01 Lika ve Krbava'nın kaybı — Udbina ve Gospić Habsburg sınır kuvvetlerin
1689-01-01	Udbina	yerlesimler_ek29.js	OCAK1	yer_id	BAGIMSIZ	GERCEK-BAGIMSIZ	yer_id/merkez yolu kökten bağımsız kapatıyor	0				1689-01-01 Lika ve Krbava'nın kaybı — Udbina ve Gospić Habsburg sınır kuvvetlerin
1689-02-11	Zigetvar	yerlesimler.js	GUN-KAPALI	yer_id	BAGIMSIZ	GERCEK-BAGIMSIZ	yer_id/merkez yolu kökten bağımsız kapatıyor	0				1689-02-11 Zigetvar'ın kaybı
1689-07-15	Orsova (Eski Orsova)	yerlesimler.js	GUN-MASKELI	yer_id	BAGIMSIZ	GERCEK-BAGIMSIZ	yer_id/merkez yolu kökten bağımsız kapatıyor	0				1689-07-15 Orsova'nın Thököly ve Osmanlı kuvvetlerince geri alınışı
1689-09-24	Niş	yerlesimler.js	GUN-KAPALI	kok+yer_id	BAGIMSIZ	GERCEK-BAGIMSIZ	yer_id/merkez yolu kökten bağımsız kapatıyor	1	d	Nis	n Avusturya'ya dususu - Ekim 1689 Vidin Nis'in 24 Eylul'de dusmesinden sonra Baden 	1689-10-01 Vidin'in Avusturya'ya düşüşü — Ekim 1689
1689-10-01	Vidin	yerlesimler.js	GUN-KAPALI	kok+yer_id	BAGIMSIZ	GERCEK-BAGIMSIZ	yer_id/merkez yolu kökten bağımsız kapatıyor	1	b	Vidin	Nis ve Vidin'in kaybi - en kritik yil Nis, Vidin Avu	1689-09-24 Niş ve Vidin'in kaybı — en kritik yıl
1690-04-13	Kanije	yerlesimler.js	GUN-KAPALI	yer_id	BAGIMSIZ	GERCEK-BAGIMSIZ	yer_id/merkez yolu kökten bağımsız kapatıyor	0				1690-04-13 Kanije Kalesi'nin Avusturya'ya kaybı
1690-09-09	Belgrad	yerlesimler.js	GUN-MASKELI	kok	BUYUK-HARF	OKUNMADI	büyük harfli özel ad eşleşmesi — tek tek okunmadı	0	b	Belgrad	Nis, Vidin ve Belgrad geri alindi Sirbistan, Sehirkoy (Pirot)	1690-09-09 Niş, Vidin ve Belgrad geri alındı
1690-09-09	Kragujevac	yerlesimler.js	GUN-MASKELI	merkez	BAGIMSIZ	GERCEK-BAGIMSIZ	yer_id/merkez yolu kökten bağımsız kapatıyor	0		Belgrad		1690-09-09 Niş, Vidin ve Belgrad geri alındı
1690-09-09	Niş	yerlesimler.js	GUN-MASKELI	yer_id	BAGIMSIZ	GERCEK-BAGIMSIZ	yer_id/merkez yolu kökten bağımsız kapatıyor	0				1690-09-09 Niş, Vidin ve Belgrad geri alındı
1690-09-09	Semendire	yerlesimler.js	GUN-MASKELI	merkez	BAGIMSIZ	GERCEK-BAGIMSIZ	yer_id/merkez yolu kökten bağımsız kapatıyor	0		Belgrad		1690-09-09 Niş, Vidin ve Belgrad geri alındı
1690-09-09	Vidin	yerlesimler.js	GUN-MASKELI	kok	BUYUK-HARF	OKUNMADI	büyük harfli özel ad eşleşmesi — tek tek okunmadı	0	b	Vidin	Nis, Vidin ve Belgrad geri alindi Sirbistan, Sehir	1690-09-09 Niş, Vidin ve Belgrad geri alındı
1690-09-09	Çaçak	yerlesimler.js	GUN-MASKELI	merkez	BAGIMSIZ	GERCEK-BAGIMSIZ	yer_id/merkez yolu kökten bağımsız kapatıyor	0		Belgrad		1690-09-09 Niş, Vidin ve Belgrad geri alındı
1690-09-09	Şehirköy (Pirot)	yerlesimler_serhat.js	GUN-MASKELI	kok	BUYUK-HARF	OKUNMADI	büyük harfli özel ad eşleşmesi — tek tek okunmadı	0	yer	Sehirkoy	Vidin ve Belgrad geri alindi Sirbistan, Sehirkoy (Pirot) Fazil Mustafa Pasa'nin karsi ta	1690-09-09 Niş, Vidin ve Belgrad geri alındı
1692-06-05	Debrecen	yerlesimler_kdmacar.js	GUN-KAPALI	merkez	BAGIMSIZ	GERCEK-BAGIMSIZ	yer_id/merkez yolu kökten bağımsız kapatıyor	0		Varad (Oradea)		1692-06-05 Varad'ın kaybı
1692-06-05	Varad (Oradea)	yerlesimler.js	GUN-KAPALI	yer_id	BAGIMSIZ	GERCEK-BAGIMSIZ	yer_id/merkez yolu kökten bağımsız kapatıyor	0				1692-06-05 Varad'ın kaybı
1693-01-01	Yanova (Ineu)	yerlesimler.js	OCAK1	yer_id	BAGIMSIZ	GERCEK-BAGIMSIZ	yer_id/merkez yolu kökten bağımsız kapatıyor	0				1693-01-01 Yanova'nın kaybı — Erdel yolunun kapanması
1694-09-21	Sakız	yerlesimler.js	GUN-KAPALI	yer_id	BAGIMSIZ	GERCEK-BAGIMSIZ	yer_id/merkez yolu kökten bağımsız kapatıyor	0				1694-09-21 Sakız adasının kaybı
1695-01-01	Darfur	yerlesimler.js	OCAK1	yer_id	BAGIMSIZ	GERCEK-BAGIMSIZ	yer_id/merkez yolu kökten bağımsız kapatıyor	1				1695-01-01 Dârfûr Sultanlığı'nın kuruluşu — Keyra hânedanı ve Süleyman Solonc
1695-02-22	Sakız	yerlesimler.js	GUN-KAPALI	yer_id	BAGIMSIZ	GERCEK-BAGIMSIZ	yer_id/merkez yolu kökten bağımsız kapatıyor	0				1695-02-22 Sakız'ın geri alınışı
1695-09-01	Lugos (Lugoj)	yerlesimler.js	GUN-KAPALI	kok	BUYUK-HARF	OKUNMADI	büyük harfli özel ad eşleşmesi — tek tek okunmadı	0	b	Lugos	Lugos zaferi - II. Him seferi Lugos, Banat Pa	1695-09-22 Lugoş zaferi — II. Him seferi
1696-07-19	Azak	yerlesimler.js	GUN-KAPALI	yer_id	BAGIMSIZ	GERCEK-BAGIMSIZ	yer_id/merkez yolu kökten bağımsız kapatıyor	0				1696-07-19 Azak Kalesi'nin kaybı
1697-01-01	Cetinje	yerlesimler.js	OCAK1	yer_id	BAGIMSIZ	GERCEK-BAGIMSIZ	yer_id/merkez yolu kökten bağımsız kapatıyor	1				1697-01-01 Karadağ'da vladika idaresinin kurulması — Cetinje'nin fiilî kopuşu
1700-01-01	Pitic (Hermosillo)	yerlesimler_amerika3.js	OCAK1	yer_id	BAGIMSIZ	GERCEK-BAGIMSIZ	yer_id/merkez yolu kökten bağımsız kapatıyor	0				1700-01-01 İspanyol sömürge yönetimi Pitic'i (Hermosillo) kurdu
1701-01-18	Königsberg	yerlesimler.js	GUN-KAPALI	yer_id	BAGIMSIZ	GERCEK-BAGIMSIZ	yer_id/merkez yolu kökten bağımsız kapatıyor	1				1701-01-18 Prusya Krallığı ilan edildi — I. Friedrich Königsberg'de taç giydi
1703-05-27	St. Petersburg	yerlesimler.js	GUN-KAPALI	yer_id	BAGIMSIZ	GERCEK-BAGIMSIZ	yer_id/merkez yolu kökten bağımsız kapatıyor	1				1703-05-27 St. Petersburg'un kuruluşu — Rusya'nın Batı'ya açılan penceresi
1708-04-04	Mersa'l-Kebîr	yerlesimler_ek3.js	GUN-KAPALI	merkez	BAGIMSIZ	GERCEK-BAGIMSIZ	yer_id/merkez yolu kökten bağımsız kapatıyor	0		Oran		1708-04-04 Vahran (Oran) ve Mersalkebîr'in İspanyollardan alınışı
1708-04-04	Oran	yerlesimler.js	GUN-KAPALI	yer_id	BAGIMSIZ	GERCEK-BAGIMSIZ	yer_id/merkez yolu kökten bağımsız kapatıyor	0				1708-04-04 Vahran (Oran) ve Mersalkebîr'in İspanyollardan alınışı
1708-09-29	Menorka (Mahon)	yerlesimler.js	GUN-KAPALI	yer_id	BAGIMSIZ	GERCEK-BAGIMSIZ	yer_id/merkez yolu kökten bağımsız kapatıyor	1				1708-09-29 Menorka'nın İngiltere-Hollanda kuvvetlerince ele geçirilişi
1711-07-21	Azak	yerlesimler.js	GUN-KAPALI	kok	BUYUK-HARF	OKUNMADI	büyük harfli özel ad eşleşmesi — tek tek okunmadı	0	d	Azak	ak zorunda kaldi. Imzalanan antlasmayla Azak geri alindi; ordunun imha edilmemesi ve	1711-07-19 Prut Zaferi
1714-03-07	Milano	yerlesimler.js	GUN-KAPALI	yer_id	BAGIMSIZ	GERCEK-BAGIMSIZ	yer_id/merkez yolu kökten bağımsız kapatıyor	1				1714-03-07 Rastatt Antlaşması — İspanyol Veraset Savaşı sona erdi, İspanyol Holla
1715-06-05	İstendil (Tinos)	yerlesimler.js	GUN-KAPALI	yer_id	BAGIMSIZ	GERCEK-BAGIMSIZ	yer_id/merkez yolu kökten bağımsız kapatıyor	1				1715-06-05 İstendil (Tinos): Venedik'in Ege'deki son adasının teslimi
1715-07-01	Balyabadra (Patras)	yerlesimler.js	GUN-KAPALI	kok	BUYUK-HARF	GERCEK-OKUNDU	bağlam elle okundu (bayraklı ya da kısa/eşsesli kök)	1	d	Balyabadra	ndi. Ayni tarihte katilan oteki yerler: Balyabadra (Patras), Inebahti.	1715-07-01 Mora'nın geri alınışı
1715-07-01	Elafonisos (Cervi)	yerlesimler_ek_adalar.js	GUN-KAPALI	merkez	BAGIMSIZ	GERCEK-BAGIMSIZ	yer_id/merkez yolu kökten bağımsız kapatıyor	1		Mora (Tripoliçe)		1715-07-01 Mora'nın geri alınışı
1715-07-01	Mora (Tripoliçe)	yerlesimler.js	GUN-KAPALI	kok+yer_id	BAGIMSIZ	GERCEK-BAGIMSIZ	yer_id/merkez yolu kökten bağımsız kapatıyor	1	d	Mora	eslimi Istendil (Tinos), Kiklad Adalari Mora seferine cikan donanma, yol uzerinde Ve	1715-06-05 İstendil (Tinos): Venedik'in Ege'deki son adasının teslimi
1715-07-01	İnebahtı	yerlesimler.js	GUN-KAPALI	kok	BUYUK-HARF	OKUNMADI	büyük harfli özel ad eşleşmesi — tek tek okunmadı	1	d	Inebahti	ilan oteki yerler: Balyabadra (Patras), Inebahti.	1715-07-01 Mora'nın geri alınışı
1715-07-20	Anabolu (Nauplion)	yerlesimler.js	GUN-KAPALI	kok+merkez+yer_id	BAGIMSIZ	GERCEK-BAGIMSIZ	yer_id/merkez yolu kökten bağımsız kapatıyor	0	d	Anabolu	Modon'un teslimi Modon (Methoni), Mora Anabolu'nun dusmesinden sonra Mora'nin guneybat	1715-08-01 Modon'un teslimi
1715-07-20	Damala (Troizen)	yerlesimler.js	GUN-KAPALI	merkez	BAGIMSIZ	GERCEK-BAGIMSIZ	yer_id/merkez yolu kökten bağımsız kapatıyor	0		Mora (Tripoliçe)		1715-07-01 Mora'nın geri alınışı
1715-07-20	Ermiyoni (Hermione)	yerlesimler.js	GUN-KAPALI	merkez	BAGIMSIZ	GERCEK-BAGIMSIZ	yer_id/merkez yolu kökten bağımsız kapatıyor	0		Mora (Tripoliçe)		1715-07-01 Mora'nın geri alınışı
1715-07-20	Kranidi	yerlesimler.js	GUN-KAPALI	merkez	BAGIMSIZ	GERCEK-BAGIMSIZ	yer_id/merkez yolu kökten bağımsız kapatıyor	0		Mora (Tripoliçe)		1715-07-01 Mora'nın geri alınışı
1715-07-20	Methana	yerlesimler.js	GUN-KAPALI	merkez	BAGIMSIZ	GERCEK-BAGIMSIZ	yer_id/merkez yolu kökten bağımsız kapatıyor	0		Mora (Tripoliçe)		1715-07-01 Mora'nın geri alınışı
1715-08-01	Modon	yerlesimler.js	GUN-KAPALI	yer_id	BAGIMSIZ	GERCEK-BAGIMSIZ	yer_id/merkez yolu kökten bağımsız kapatıyor	0				1715-08-01 Modon'un teslimi
1715-08-16	Koron	yerlesimler.js	GUN-KAPALI	yer_id	BAGIMSIZ	GERCEK-BAGIMSIZ	yer_id/merkez yolu kökten bağımsız kapatıyor	0				1715-08-16 Koron'un teslimi — Mora seferinin tamamlanması
1715-09-07	Ayamavra (Lefkada)	yerlesimler.js	GUN-KAPALI	kok	BUYUK-HARF	OKUNMADI	büyük harfli özel ad eşleşmesi — tek tek okunmadı	0	d	Ayamavra	aminda, 1715 Eylulunde Iyon denizindeki Ayamavra (Lefkada) adasi da Venedik'ten alindi. 	1715-08-16 Koron'un teslimi — Mora seferinin tamamlanması
1715-09-07	Çuha Adası (Kythira)	yerlesimler.js	GUN-KAPALI	yer_id	BAGIMSIZ	GERCEK-BAGIMSIZ	yer_id/merkez yolu kökten bağımsız kapatıyor	0				1715-09-07 Çuha Adası'nın (Kythira) alınışı
1716-01-01	Omsk	yerlesimler_ek18.js	OCAK1	yer_id	BAGIMSIZ	GERCEK-BAGIMSIZ	yer_id/merkez yolu kökten bağımsız kapatıyor	0				1716-01-01 İrtiş-Om kavşağında Rus Omsk kalesi kuruldu
1716-10-13	Temeşvar	yerlesimler.js	GUN-KAPALI	yer_id	BAGIMSIZ	GERCEK-BAGIMSIZ	yer_id/merkez yolu kökten bağımsız kapatıyor	0				1716-10-13 Temeşvar'ın (Timişvar) Avusturya'ya kaybı
1717-01-01	Manama (Bahreyn)	yerlesimler.js	OCAK1	yer_id	BAGIMSIZ	GERCEK-BAGIMSIZ	yer_id/merkez yolu kökten bağımsız kapatıyor	1				1717-01-01 Ummanlılar'ın Bahreyn'i istilâsı — Safevî hâkimiyetinin sonu
1717-08-17	Böğürdelen (Šabac)	yerlesimler.js	GUN-KAPALI	merkez	BAGIMSIZ	GERCEK-BAGIMSIZ	yer_id/merkez yolu kökten bağımsız kapatıyor	0		Belgrad		1717-08-18 Belgrad'ın ikinci kez kaybı — Prens Eugen'in kuşatması
1717-08-18	Belgrad	yerlesimler.js	GUN-MASKELI	yer_id	BAGIMSIZ	GERCEK-BAGIMSIZ	yer_id/merkez yolu kökten bağımsız kapatıyor	0				1717-08-18 Belgrad'ın ikinci kez kaybı — Prens Eugen'in kuşatması
1717-08-18	Kragujevac	yerlesimler.js	GUN-MASKELI	merkez	BAGIMSIZ	GERCEK-BAGIMSIZ	yer_id/merkez yolu kökten bağımsız kapatıyor	0		Belgrad		1717-08-18 Belgrad'ın ikinci kez kaybı — Prens Eugen'in kuşatması
1717-08-18	Semendire	yerlesimler.js	GUN-MASKELI	kok	BUYUK-HARF	GERCEK-OKUNDU	bağlam elle okundu (bayraklı ya da kısa/eşsesli kök)	0	d	Semendire	 tarihte elden cikan diger yerlesimler: Semendire.	1717-08-18 Belgrad'ın ikinci kez kaybı — Prens Eugen'in kuşatması
1717-08-18	Çaçak	yerlesimler.js	GUN-MASKELI	merkez	BAGIMSIZ	GERCEK-BAGIMSIZ	yer_id/merkez yolu kökten bağımsız kapatıyor	0		Belgrad		1717-08-18 Belgrad'ın ikinci kez kaybı — Prens Eugen'in kuşatması
1718-05-01	San Antonio (Misyon San Antonio de Valero)	yerlesimler_amerika.js	GUN-KAPALI	yer_id	BAGIMSIZ	GERCEK-BAGIMSIZ	yer_id/merkez yolu kökten bağımsız kapatıyor	0				1718-05-01 San Antonio de Valero misyonu kuruldu — İspanyol Teksas'ının çekirdeği
1720-02-24	Kalyari (Cagliari)	yerlesimler.js	GUN-KAPALI	yer_id	BAGIMSIZ	GERCEK-BAGIMSIZ	yer_id/merkez yolu kökten bağımsız kapatıyor	1				1720-02-24 Sardinya İspanya'dan Savoy hânedanına geçti — Sardinya Krallığı doğdu
1721-01-01	Los Adaes	yerlesimler_kamerika.js	OCAK1	yer_id	BAGIMSIZ	GERCEK-BAGIMSIZ	yer_id/merkez yolu kökten bağımsız kapatıyor	0				1721-01-01 Aguayo seferi Los Adaes presidyosunu kurdu
1721-08-30	Cēsis (Wenden)	yerlesimler_ek7.js	GUN-KAPALI	kok	BUYUK-HARF	OKUNMADI	büyük harfli özel ad eşleşmesi — tek tek okunmadı	1	yer	Cesis	Tallinn (Reval), Tartu (Dorpat), Parnu, Cesis (Wenden), Narva, Lappeenranta 21 yil su	1721-08-30 Nystad Antlaşması — Büyük Kuzey Savaşı sona erdi, Baltık kıyıları Rusy
1721-08-30	Lappeenranta	yerlesimler_ek7.js	GUN-KAPALI	kok	BUYUK-HARF	OKUNMADI	büyük harfli özel ad eşleşmesi — tek tek okunmadı	1	yer	Lappeenranta	(Dorpat), Parnu, Cesis (Wenden), Narva, Lappeenranta 21 yil suren Buyuk Kuzey Savasi'ni sona	1721-08-30 Nystad Antlaşması — Büyük Kuzey Savaşı sona erdi, Baltık kıyıları Rusy
1721-08-30	Narva	yerlesimler_ek11.js	GUN-KAPALI	kok	BUYUK-HARF	OKUNMADI	büyük harfli özel ad eşleşmesi — tek tek okunmadı	1	yer	Narva	 Tartu (Dorpat), Parnu, Cesis (Wenden), Narva, Lappeenranta 21 yil suren Buyuk Kuzey 	1721-08-30 Nystad Antlaşması — Büyük Kuzey Savaşı sona erdi, Baltık kıyıları Rusy
1721-08-30	Pärnu	yerlesimler_ek11.js	GUN-KAPALI	kok	BUYUK-HARF	OKUNMADI	büyük harfli özel ad eşleşmesi — tek tek okunmadı	1	yer	Parnu	 Riga, Tallinn (Reval), Tartu (Dorpat), Parnu, Cesis (Wenden), Narva, Lappeenranta 21	1721-08-30 Nystad Antlaşması — Büyük Kuzey Savaşı sona erdi, Baltık kıyıları Rusy
1721-08-30	Riga	yerlesimler.js	GUN-KAPALI	yer_id	BAGIMSIZ	GERCEK-BAGIMSIZ	yer_id/merkez yolu kökten bağımsız kapatıyor	1				1721-08-30 Nystad Antlaşması — Büyük Kuzey Savaşı sona erdi, Baltık kıyıları Rusy
1721-08-30	Tallinn (Reval)	yerlesimler_ek11.js	GUN-KAPALI	kok	BUYUK-HARF	OKUNMADI	büyük harfli özel ad eşleşmesi — tek tek okunmadı	1	yer	Tallinn	i, Baltik kiyilari Rusya'ya gecti Riga, Tallinn (Reval), Tartu (Dorpat), Parnu, Cesis (	1721-08-30 Nystad Antlaşması — Büyük Kuzey Savaşı sona erdi, Baltık kıyıları Rusy
1721-08-30	Tartu (Dorpat)	yerlesimler_ek11.js	GUN-KAPALI	kok	BUYUK-HARF	OKUNMADI	büyük harfli özel ad eşleşmesi — tek tek okunmadı	1	yer	Tartu	i Rusya'ya gecti Riga, Tallinn (Reval), Tartu (Dorpat), Parnu, Cesis (Wenden), Narva,	1721-08-30 Nystad Antlaşması — Büyük Kuzey Savaşı sona erdi, Baltık kıyıları Rusy
1722-01-01	Kainsk (Baraba)	yerlesimler_ek18.js	OCAK1	yer_id	BAGIMSIZ	GERCEK-BAGIMSIZ	yer_id/merkez yolu kökten bağımsız kapatıyor	0				1722-01-01 Baraba bozkırında Rus Kainsk karakolu kuruldu
1722-09-03	Derbend	yerlesimler.js	GUN-KAPALI	yer_id	BAGIMSIZ	GERCEK-BAGIMSIZ	yer_id/merkez yolu kökten bağımsız kapatıyor	0				1722-09-03 Rus kuvvetlerinin Derbend'i alması: I. Petro'nun Hazar seferi
1723-01-01	Bender Enzeli	yerlesimler.js	OCAK1	kok	BUYUK-HARF	OKUNMADI	büyük harfli özel ad eşleşmesi — tek tek okunmadı	0	yer	Bender Enzeli	mesi - Gilan isgalinin baslangici Rest, Bender Enzeli (Gilan) Derbend'in alinmasindan sonra A	1723-01-01 Rus kuvvetlerinin Enzeli'ye çıkıp Reşt'e yerleşmesi — Gîlân işgalinin 
1723-01-01	Reşt	yerlesimler.js	OCAK1	yer_id	BAGIMSIZ	GERCEK-BAGIMSIZ	yer_id/merkez yolu kökten bağımsız kapatıyor	0				1723-01-01 Rus kuvvetlerinin Enzeli'ye çıkıp Reşt'e yerleşmesi — Gîlân işgalinin 
1723-08-06	Bakü	yerlesimler.js	GUN-KAPALI	merkez+yer_id	BAGIMSIZ	GERCEK-BAGIMSIZ	yer_id/merkez yolu kökten bağımsız kapatıyor	1		Şamahı		1723-08-01 1723 İran Seferi: Şirvan ve Gürcistan'a giriş
1725-01-01	Lâhîcan	yerlesimler.js	OCAK1	yer_id	BAGIMSIZ	GERCEK-BAGIMSIZ	yer_id/merkez yolu kökten bağımsız kapatıyor	0				1725-01-01 Rus kuvvetlerinin Lâhîcân'ı işgali — Gîlân'da en doğu nokta
1730-08-12	Kasr-ı Şîrîn	yerlesimler.js	GUN-KAPALI	kok	BUYUK-HARF	OKUNMADI	büyük harfli özel ad eşleşmesi — tek tek okunmadı	0	b	Kasr-i Sirin	Nahcivan, Hemedan, Kirmansah, Meraga ve Kasr-i Sirin'in kaybi Hemedan, Kirmansah, Kasr-i Sir	1730-08-12 Nâdir'in taarruzu: Tebriz, Nahçıvan, Hemedan, Kirmanşah, Merâga ve Kas
1732-07-01	Mersa'l-Kebîr	yerlesimler_ek3.js	GUN-KAPALI	merkez	BAGIMSIZ	GERCEK-BAGIMSIZ	yer_id/merkez yolu kökten bağımsız kapatıyor	1		Oran		1732-07-01 Vahran'ın (Oran) yeniden İspanya'ya kaybı
1732-07-01	Oran	yerlesimler.js	GUN-KAPALI	yer_id	BAGIMSIZ	GERCEK-BAGIMSIZ	yer_id/merkez yolu kökten bağımsız kapatıyor	1				1732-07-01 Vahran'ın (Oran) yeniden İspanya'ya kaybı
1732-09-02	Astara	yerlesimler.js	GUN-KAPALI	kok	BUYUK-HARF	OKUNMADI	büyük harfli özel ad eşleşmesi — tek tek okunmadı	0	yer	Astara	Rest, Lahican, Bender Enzeli, Lenkeran, Astara Rest Antlasmasi'nin teslim suresi dolar	1732-09-02 Rus kuvvetlerinin Gîlân ve Tâliş'i boşaltması — Levaşov Kura'yı geçti
1732-09-02	Bender Enzeli	yerlesimler.js	GUN-KAPALI	kok	BUYUK-HARF	OKUNMADI	büyük harfli özel ad eşleşmesi — tek tek okunmadı	0	yer	Bender Enzeli	 - Levasov Kura'yi gecti Rest, Lahican, Bender Enzeli, Lenkeran, Astara Rest Antlasmasi'nin t	1732-09-02 Rus kuvvetlerinin Gîlân ve Tâliş'i boşaltması — Levaşov Kura'yı geçti
1732-09-02	Lenkeran	yerlesimler.js	GUN-KAPALI	kok	BUYUK-HARF	OKUNMADI	büyük harfli özel ad eşleşmesi — tek tek okunmadı	0	yer	Lenkeran	'yi gecti Rest, Lahican, Bender Enzeli, Lenkeran, Astara Rest Antlasmasi'nin teslim sure	1732-09-02 Rus kuvvetlerinin Gîlân ve Tâliş'i boşaltması — Levaşov Kura'yı geçti
1732-09-02	Lâhîcan	yerlesimler.js	GUN-KAPALI	kok	BUYUK-HARF	OKUNMADI	büyük harfli özel ad eşleşmesi — tek tek okunmadı	0	yer	Lahican	osaltmasi - Levasov Kura'yi gecti Rest, Lahican, Bender Enzeli, Lenkeran, Astara Rest A	1732-09-02 Rus kuvvetlerinin Gîlân ve Tâliş'i boşaltması — Levaşov Kura'yı geçti
1732-09-02	Reşt	yerlesimler.js	GUN-KAPALI	yer_id	BAGIMSIZ	GERCEK-BAGIMSIZ	yer_id/merkez yolu kökten bağımsız kapatıyor	0				1732-09-02 Rus kuvvetlerinin Gîlân ve Tâliş'i boşaltması — Levaşov Kura'yı geçti
1735-03-21	Bakü	yerlesimler.js	GUN-MASKELI	kok	BUYUK-HARF	OKUNMADI	büyük harfli özel ad eşleşmesi — tek tek okunmadı	0	b	Baku	Gence Antlasmasi: Derbend ve Baku'nun Iran'a iadesi Derbend, Baku Osmanli	1735-03-21 Gence Antlaşması: Derbend ve Bakü'nün İran'a iadesi
1735-03-21	Derbend	yerlesimler.js	GUN-MASKELI	yer_id	BAGIMSIZ	GERCEK-BAGIMSIZ	yer_id/merkez yolu kökten bağımsız kapatıyor	0				1735-03-21 Gence Antlaşması: Derbend ve Bakü'nün İran'a iadesi
1737-07-11	Özi	yerlesimler.js	GUN-KAPALI	yer_id	BAGIMSIZ	GERCEK-BAGIMSIZ	yer_id/merkez yolu kökten bağımsız kapatıyor	1				1737-07-11 Özi (Ochakov) Kalesi'nin Ruslara düşüşü
1738-05-08	Orsova (Eski Orsova)	yerlesimler.js	GUN-KAPALI	yer_id	BAGIMSIZ	GERCEK-BAGIMSIZ	yer_id/merkez yolu kökten bağımsız kapatıyor	0				1738-05-08 Orsova palankasının Osmanlı'ya geçişi — muhafızın Adakale'ye çekilmesi
1738-08-01	Semendire	yerlesimler.js	GUN-KAPALI	yer_id	BAGIMSIZ	GERCEK-BAGIMSIZ	yer_id/merkez yolu kökten bağımsız kapatıyor	1				1738-08-01 Semendire'nin Avusturya'dan geri alınışı — 1737-39 Savaşı
1738-08-01	Özi	yerlesimler.js	GUN-KAPALI	yer_id	BAGIMSIZ	GERCEK-BAGIMSIZ	yer_id/merkez yolu kökten bağımsız kapatıyor	0				1738-08-01 Özi'nin geri alınışı ve Kırım'ın Rus istilâsından kurtarılması
1739-09-18	Azak	yerlesimler.js	GUN-MASKELI	kok+yer_id	BAGIMSIZ	GERCEK-BAGIMSIZ	yer_id/merkez yolu kökten bağımsız kapatıyor	1	d	Azak	d ve Kuzey Sirbistan geri alindi; Rusya Azak'i silahsizlandirmayi ve Karadeniz'de do	1739-09-18 Belgrad Antlaşması — Belgrad, Semendire ve kuzey Sırbistan'ın geri alı
1739-09-18	Belgrad	yerlesimler.js	GUN-MASKELI	kok+yer_id	BAGIMSIZ	GERCEK-BAGIMSIZ	yer_id/merkez yolu kökten bağımsız kapatıyor	0	d	Belgrad	nlarinin durdurulmasi Nis Avusturya'nin Belgrad'da barisa razi olmasiyla yalniz kalan R	1739-10-03 Niş Antlaşması — Rusya ile barış, Azak'ın tarafsızlaştırılması ve Kırı
1739-09-18	Böğürdelen (Šabac)	yerlesimler.js	GUN-MASKELI	merkez	BAGIMSIZ	GERCEK-BAGIMSIZ	yer_id/merkez yolu kökten bağımsız kapatıyor	0		Belgrad		1739-09-18 Belgrad Antlaşması — Belgrad, Semendire ve kuzey Sırbistan'ın geri alı
1739-09-18	Kragujevac	yerlesimler.js	GUN-MASKELI	merkez	BAGIMSIZ	GERCEK-BAGIMSIZ	yer_id/merkez yolu kökten bağımsız kapatıyor	0		Belgrad		1739-09-18 Belgrad Antlaşması — Belgrad, Semendire ve kuzey Sırbistan'ın geri alı
1739-09-18	Çaçak	yerlesimler.js	GUN-MASKELI	merkez	BAGIMSIZ	GERCEK-BAGIMSIZ	yer_id/merkez yolu kökten bağımsız kapatıyor	0		Belgrad		1739-09-18 Belgrad Antlaşması — Belgrad, Semendire ve kuzey Sırbistan'ın geri alı
1741-06-12	Tabarka	yerlesimler_afrika.js	GUN-KAPALI	yer_id	BAGIMSIZ	GERCEK-BAGIMSIZ	yer_id/merkez yolu kökten bağımsız kapatıyor	0				1741-06-12 Tabarka'nın Cenevizlilerden alınması — Lomellini mercan imtiyazının so
1742-06-11	Breslau (Wrocław)	yerlesimler.js	GUN-KAPALI	kok	BUYUK-HARF	OKUNMADI	büyük harfli özel ad eşleşmesi — tek tek okunmadı	1	b	Breslau	Breslau on barisi: Silezya Prusya'ya birakildi 	1742-06-11 Breslau ön barışı: Silezya Prusya'ya bırakıldı
1743-01-01	Troitsk	yerlesimler_sibirya2.js	OCAK1	yer_id	BAGIMSIZ	GERCEK-BAGIMSIZ	yer_id/merkez yolu kökten bağımsız kapatıyor	0				1743-01-01 Uy ırmağı kıyısında Rus Troitsk kalesi kuruldu
1744-01-01	Dir'iye (Necid)	yerlesimler.js	OCAK1	yer_id	BAGIMSIZ	GERCEK-BAGIMSIZ	yer_id/merkez yolu kökten bağımsız kapatıyor	0				1744-01-01 Dir'iye İttifakı — Necid'de ilk Suûdî Emirliği'nin kuruluşu
1749-12-15	Rostov (Don)	yerlesimler.js	GUN-KAPALI	yer_id	BAGIMSIZ	GERCEK-BAGIMSIZ	yer_id/merkez yolu kökten bağımsız kapatıyor	0				1749-12-15 Elizaveta'nın fermanıyla Don ağzında Temernik gümrüğü kuruldu (Rostov'
1750-01-01	York (Toronto)	yerlesimler_kamerika.js	OCAK1	yer_id	BAGIMSIZ	GERCEK-BAGIMSIZ	yer_id/merkez yolu kökten bağımsız kapatıyor	0				1750-01-01 Fransızlar Toronto'da Humber üzerinde ticaret karakolu kurdu
1751-01-01	Belh	yerlesimler_ek16.js	OCAK1	yer_id	BAGIMSIZ	GERCEK-BAGIMSIZ	yer_id/merkez yolu kökten bağımsız kapatıyor	1				1751-01-01 Ahmed Şah Dürrânî Belh'i ülkesine kattı
1752-01-01	Petropavlovsk (Kızılcar)	yerlesimler_ortaasya3.js	OCAK1	yer_id	BAGIMSIZ	GERCEK-BAGIMSIZ	yer_id/merkez yolu kökten bağımsız kapatıyor	1				1752-01-01 İşim boyunda Rus Petropavlovsk kalesi kuruldu
1753-01-01	Manama (Bahreyn)	yerlesimler.js	OCAK1	yer_id	BAGIMSIZ	GERCEK-BAGIMSIZ	yer_id/merkez yolu kökten bağımsız kapatıyor	1				1753-01-01 Bahreyn'in Bûşehr'deki Âl-i Mezkûr idaresine geçmesi
1754-01-01	Yelisavetgrad (Aziz Yelizaveta Kalesi)	yerlesimler_ok106.js	OCAK1	yer_id	BAGIMSIZ	GERCEK-BAGIMSIZ	yer_id/merkez yolu kökten bağımsız kapatıyor	1				1754-01-01 Aziz Yelizaveta Kalesi — Rusya'nın güney sınırının Osmanlı-Kırım akın 
1768-05-15	Ayacyo (Ajaccio)	yerlesimler.js	GUN-KAPALI	yer_id	BAGIMSIZ	GERCEK-BAGIMSIZ	yer_id/merkez yolu kökten bağımsız kapatıyor	1				1768-05-15 Korsika Ceneviz'den Fransa'ya satıldı — Versailles Antlaşması
1772-08-05	Daugavpils (Dünaburg)	yerlesimler_ek7.js	GUN-MASKELI	kok	BUYUK-HARF	OKUNMADI	büyük harfli özel ad eşleşmesi — tek tek okunmadı	1	yer	Daugavpils	mi - Rusya ve Avusturya'ya toprak kaybi Daugavpils (Dunaburg), Polotsk, Vitebsk, Lvov, Yaz	1772-08-05 Polonya'nın Birinci Paylaşımı — Rusya ve Avusturya'ya toprak kaybı
1772-08-05	Lvov	yerlesimler.js	GUN-MASKELI	yer_id	BAGIMSIZ	GERCEK-BAGIMSIZ	yer_id/merkez yolu kökten bağımsız kapatıyor	1				1772-08-05 Polonya'nın Birinci Paylaşımı — Rusya ve Avusturya'ya toprak kaybı
1772-08-05	Polotsk	yerlesimler_ek7.js	GUN-MASKELI	kok	BUYUK-HARF	OKUNMADI	büyük harfli özel ad eşleşmesi — tek tek okunmadı	1	yer	Polotsk	'ya toprak kaybi Daugavpils (Dunaburg), Polotsk, Vitebsk, Lvov, Yazlofca (Yazlovets) Ru	1772-08-05 Polonya'nın Birinci Paylaşımı — Rusya ve Avusturya'ya toprak kaybı
1772-08-05	Vitebsk	yerlesimler_ek7.js	GUN-MASKELI	kok	BUYUK-HARF	OKUNMADI	büyük harfli özel ad eşleşmesi — tek tek okunmadı	1	yer	Vitebsk	k kaybi Daugavpils (Dunaburg), Polotsk, Vitebsk, Lvov, Yazlofca (Yazlovets) Rusya, Prus	1772-08-05 Polonya'nın Birinci Paylaşımı — Rusya ve Avusturya'ya toprak kaybı
1772-08-05	Yazlofça (Yazlovets)	yerlesimler.js	GUN-MASKELI	kok	BUYUK-HARF	OKUNMADI	büyük harfli özel ad eşleşmesi — tek tek okunmadı	1	yer	Yazlofca	ils (Dunaburg), Polotsk, Vitebsk, Lvov, Yazlofca (Yazlovets) Rusya, Prusya ve Avusturya 	1772-08-05 Polonya'nın Birinci Paylaşımı — Rusya ve Avusturya'ya toprak kaybı
1774-01-01	Matamoros (Refugio)	yerlesimler_kamerika.js	OCAK1	yer_id	BAGIMSIZ	GERCEK-BAGIMSIZ	yer_id/merkez yolu kökten bağımsız kapatıyor	0				1774-01-01 Refugio (bugünkü Matamoros) kuruldu — Rio Grande ağzının iskânı
1774-07-21	Akmescid	yerlesimler_kirim.js	GUN-MASKELI	merkez	BAGIMSIZ	GERCEK-BAGIMSIZ	yer_id/merkez yolu kökten bağımsız kapatıyor	0		Bahçesaray		1774-07-21 Küçük Kaynarca Antlaşması
1774-07-21	Bahçesaray	yerlesimler.js	GUN-MASKELI	yer_id	BAGIMSIZ	GERCEK-BAGIMSIZ	yer_id/merkez yolu kökten bağımsız kapatıyor	0				1774-07-21 Küçük Kaynarca Antlaşması
1774-07-21	Eski Kırım (Solhat)	yerlesimler_kirim.js	GUN-MASKELI	merkez	BAGIMSIZ	GERCEK-BAGIMSIZ	yer_id/merkez yolu kökten bağımsız kapatıyor	0		Bahçesaray		1774-07-21 Küçük Kaynarca Antlaşması
1774-07-21	Gözleve (Kezlev)	yerlesimler_kirim.js	GUN-MASKELI	merkez	BAGIMSIZ	GERCEK-BAGIMSIZ	yer_id/merkez yolu kökten bağımsız kapatıyor	0		Bahçesaray		1774-07-21 Küçük Kaynarca Antlaşması
1774-07-21	Karasubazar	yerlesimler_kirim.js	GUN-MASKELI	merkez	BAGIMSIZ	GERCEK-BAGIMSIZ	yer_id/merkez yolu kökten bağımsız kapatıyor	0		Bahçesaray		1774-07-21 Küçük Kaynarca Antlaşması
1774-07-21	Or Kapı (Ferahkirman)	yerlesimler_kirim.js	GUN-MASKELI	merkez	BAGIMSIZ	GERCEK-BAGIMSIZ	yer_id/merkez yolu kökten bağımsız kapatıyor	0		Bahçesaray		1774-07-21 Küçük Kaynarca Antlaşması
1776-04-16	Basra	yerlesimler.js	GUN-KAPALI	yer_id	BAGIMSIZ	GERCEK-BAGIMSIZ	yer_id/merkez yolu kökten bağımsız kapatıyor	0				1776-04-16 Basra'nın İran işgaline uğraması
1779-01-01	Hâil	yerlesimler.js	OCAK1	yer_id	BAGIMSIZ	GERCEK-BAGIMSIZ	yer_id/merkez yolu kökten bağımsız kapatıyor	0				1779-01-01 Suûdî-Vehhâbî güçlerinin Hâil emirliğini ele geçirmesi — yönetim Abde 
1779-04-01	Basra	yerlesimler.js	GUN-KAPALI	yer_id	BAGIMSIZ	GERCEK-BAGIMSIZ	yer_id/merkez yolu kökten bağımsız kapatıyor	0				1779-04-01 Basra'nın İran işgalinden geri alınışı
1781-01-01	Anapa	yerlesimler.js	OCAK1	yer_id	BAGIMSIZ	GERCEK-BAGIMSIZ	yer_id/merkez yolu kökten bağımsız kapatıyor	0				1781-01-01 Anapa Kalesi'nin inşası — Kafkas savunma hattı
1783-01-01	Manama (Bahreyn)	yerlesimler.js	OCAK1	yer_id	BAGIMSIZ	GERCEK-BAGIMSIZ	yer_id/merkez yolu kökten bağımsız kapatıyor	1				1783-01-01 Âl-i Halîfe'nin Bahreyn'i fethi — bugüne kadar süren hanedanın kuruluş
1783-04-19	Akmescid	yerlesimler_kirim.js	GUN-KAPALI	merkez	BAGIMSIZ	GERCEK-BAGIMSIZ	yer_id/merkez yolu kökten bağımsız kapatıyor	1		Bahçesaray		1783-04-19 Kırım'ın Rusya'ya ilhakı
1783-04-19	Bahçesaray	yerlesimler.js	GUN-KAPALI	yer_id	BAGIMSIZ	GERCEK-BAGIMSIZ	yer_id/merkez yolu kökten bağımsız kapatıyor	1				1783-04-19 Kırım'ın Rusya'ya ilhakı
1783-04-19	Eski Kırım (Solhat)	yerlesimler_kirim.js	GUN-KAPALI	merkez	BAGIMSIZ	GERCEK-BAGIMSIZ	yer_id/merkez yolu kökten bağımsız kapatıyor	1		Bahçesaray		1783-04-19 Kırım'ın Rusya'ya ilhakı
1783-04-19	Gözleve (Kezlev)	yerlesimler_kirim.js	GUN-KAPALI	merkez	BAGIMSIZ	GERCEK-BAGIMSIZ	yer_id/merkez yolu kökten bağımsız kapatıyor	1		Bahçesaray		1783-04-19 Kırım'ın Rusya'ya ilhakı
1783-04-19	Karasubazar	yerlesimler_kirim.js	GUN-KAPALI	merkez	BAGIMSIZ	GERCEK-BAGIMSIZ	yer_id/merkez yolu kökten bağımsız kapatıyor	1		Bahçesaray		1783-04-19 Kırım'ın Rusya'ya ilhakı
1783-04-19	Or Kapı (Ferahkirman)	yerlesimler_kirim.js	GUN-KAPALI	merkez	BAGIMSIZ	GERCEK-BAGIMSIZ	yer_id/merkez yolu kökten bağımsız kapatıyor	1		Bahçesaray		1783-04-19 Kırım'ın Rusya'ya ilhakı
1788-12-17	Özi	yerlesimler.js	GUN-KAPALI	yer_id	BAGIMSIZ	GERCEK-BAGIMSIZ	yer_id/merkez yolu kökten bağımsız kapatıyor	0				1788-12-17 Özi'nin düşüşü
1792-01-09	Hacıbey (Odessa)	yerlesimler.js	GUN-KAPALI	yer_id	BAGIMSIZ	GERCEK-BAGIMSIZ	yer_id/merkez yolu kökten bağımsız kapatıyor	1				1792-01-10 Yaş Antlaşması — Kırım'ın kesin kaybı ve Turla sınırı
1792-09-22	Paris	yerlesimler.js	GUN-KAPALI	yer_id	BAGIMSIZ	GERCEK-BAGIMSIZ	yer_id/merkez yolu kökten bağımsız kapatıyor	1				1792-09-22 Fransa'da Birinci Cumhuriyet'in ilânı — krallığın sonu
1793-01-23	Bar (Podolya)	yerlesimler.js	GUN-KAPALI	kok	BUYUK-HARF	GERCEK-OKUNDU	bağlam elle okundu (bayraklı ya da kısa/eşsesli kök)	1	yer	Bar	asimi - Rusya ve Prusya'ya toprak kaybi Bar (Podolya), Kamanice, Meciboj (Mejibuji)	1793-01-23 Polonya'nın İkinci Paylaşımı — Rusya ve Prusya'ya toprak kaybı
1793-01-23	Gdansk	yerlesimler.js	GUN-KAPALI	kok	BUYUK-HARF	OKUNMADI	büyük harfli özel ad eşleşmesi — tek tek okunmadı	1	yer	Gdansk	oj (Mejibuji), Minsk, Cehrin (Cigirin), Gdansk, Poznan 1791 anayasa reformlarinin Rusy	1793-01-23 Polonya'nın İkinci Paylaşımı — Rusya ve Prusya'ya toprak kaybı
1793-01-23	Kamaniçe	yerlesimler.js	GUN-KAPALI	kok	BUYUK-HARF	OKUNMADI	büyük harfli özel ad eşleşmesi — tek tek okunmadı	1	yer	Kamanice	e Prusya'ya toprak kaybi Bar (Podolya), Kamanice, Meciboj (Mejibuji), Minsk, Cehrin (Cig	1793-01-23 Polonya'nın İkinci Paylaşımı — Rusya ve Prusya'ya toprak kaybı
1793-01-23	Meciboj (Mejibuji)	yerlesimler.js	GUN-KAPALI	kok	BUYUK-HARF	OKUNMADI	büyük harfli özel ad eşleşmesi — tek tek okunmadı	1	yer	Meciboj	a toprak kaybi Bar (Podolya), Kamanice, Meciboj (Mejibuji), Minsk, Cehrin (Cigirin), Gd	1793-01-23 Polonya'nın İkinci Paylaşımı — Rusya ve Prusya'ya toprak kaybı
1793-01-23	Minsk	yerlesimler.js	GUN-KAPALI	yer_id	BAGIMSIZ	GERCEK-BAGIMSIZ	yer_id/merkez yolu kökten bağımsız kapatıyor	1				1793-01-23 Polonya'nın İkinci Paylaşımı — Rusya ve Prusya'ya toprak kaybı
1793-01-23	Poznan	yerlesimler.js	GUN-KAPALI	kok	BUYUK-HARF	OKUNMADI	büyük harfli özel ad eşleşmesi — tek tek okunmadı	1	yer	Poznan	buji), Minsk, Cehrin (Cigirin), Gdansk, Poznan 1791 anayasa reformlarinin Rusya ve Pru	1793-01-23 Polonya'nın İkinci Paylaşımı — Rusya ve Prusya'ya toprak kaybı
1793-01-23	Çehrin (Çigirin)	yerlesimler.js	GUN-KAPALI	kok	BUYUK-HARF	OKUNMADI	büyük harfli özel ad eşleşmesi — tek tek okunmadı	1	yer	Cehrin	), Kamanice, Meciboj (Mejibuji), Minsk, Cehrin (Cigirin), Gdansk, Poznan 1791 anayasa 	1793-01-23 Polonya'nın İkinci Paylaşımı — Rusya ve Prusya'ya toprak kaybı
1794-01-01	Kirman	yerlesimler.js	OCAK1	kok	BUYUK-HARF	OKUNMADI	büyük harfli özel ad eşleşmesi — tek tek okunmadı	1	yer	Kirman	daninin sonu - Iran'da Kacar hakimiyeti Kirman Zend hanedaninin son hukumdari Lutf Ali	1794-01-01 Zend hânedanının sonu — İran'da Kaçar hâkimiyeti
1794-01-01	Tahran	yerlesimler.js	OCAK1	kok	BUYUK-HARF	OKUNMADI	büyük harfli özel ad eşleşmesi — tek tek okunmadı	1	d	Tahran	su iki yil sonraya, Aga Muhammed Han'in Tahran'da sehinsahlik tacini giymesine (1796) 	1794-01-01 Zend hânedanının sonu — İran'da Kaçar hâkimiyeti
1795-04-01	Kuveyt	yerlesimler.js	GUN-MASKELI	yer_id	BAGIMSIZ	GERCEK-BAGIMSIZ	yer_id/merkez yolu kökten bağımsız kapatıyor	0				1795-04-01 Kuveyt'te Sabah emirliğinin Osmanlı himayesine girmesi
1795-04-01	Lahsa	yerlesimler.js	GUN-MASKELI	kok	BUYUK-HARF	GERCEK-OKUNDU	bağlam elle okundu (bayraklı ya da kısa/eşsesli kök)	0	d	Lahsa	il sonlarina dogru idareyi devralmisti. Lahsa'nin Suudilerin eline gectigi ayni yilla	1795-04-01 Kuveyt'te Sabah emirliğinin Osmanlı himayesine girmesi
1795-10-24	Kaunas	yerlesimler_ek7.js	GUN-MASKELI	kok	BUYUK-HARF	OKUNMADI	büyük harfli özel ad eşleşmesi — tek tek okunmadı	0	yer	Kaunas	imi - devletin tamamen ortadan kalkmasi Kaunas, Krakov, Varsova, Vilnius, Siauliai Rus	1795-10-24 Polonya'nın Üçüncü Paylaşımı — devletin tamamen ortadan kalkması
1795-10-24	Krakov	yerlesimler.js	GUN-MASKELI	kok	BUYUK-HARF	OKUNMADI	büyük harfli özel ad eşleşmesi — tek tek okunmadı	1	yer	Krakov	vletin tamamen ortadan kalkmasi Kaunas, Krakov, Varsova, Vilnius, Siauliai Rusya, Prus	1795-10-24 Polonya'nın Üçüncü Paylaşımı — devletin tamamen ortadan kalkması
1795-10-24	Varşova	yerlesimler.js	GUN-MASKELI	yer_id	BAGIMSIZ	GERCEK-BAGIMSIZ	yer_id/merkez yolu kökten bağımsız kapatıyor	0				1795-10-24 Polonya'nın Üçüncü Paylaşımı — devletin tamamen ortadan kalkması
1795-10-24	Vilnius	yerlesimler.js	GUN-MASKELI	kok	BUYUK-HARF	OKUNMADI	büyük harfli özel ad eşleşmesi — tek tek okunmadı	0	yer	Vilnius	tadan kalkmasi Kaunas, Krakov, Varsova, Vilnius, Siauliai Rusya, Prusya ve Avusturya, 2	1795-10-24 Polonya'nın Üçüncü Paylaşımı — devletin tamamen ortadan kalkması
1795-10-24	Šiauliai	yerlesimler_ek7.js	GUN-MASKELI	kok	BUYUK-HARF	OKUNMADI	büyük harfli özel ad eşleşmesi — tek tek okunmadı	0	yer	Siauliai	kmasi Kaunas, Krakov, Varsova, Vilnius, Siauliai Rusya, Prusya ve Avusturya, 24 Ekim 179	1795-10-24 Polonya'nın Üçüncü Paylaşımı — devletin tamamen ortadan kalkması
1797-05-12	Venedik	yerlesimler.js	GUN-KAPALI	yer_id	BAGIMSIZ	GERCEK-BAGIMSIZ	yer_id/merkez yolu kökten bağımsız kapatıyor	1				1797-05-12 Venedik Cumhuriyeti'nin sonu — Büyük Meclis kendini feshetti
1797-06-14	Cenova	yerlesimler.js	GUN-KAPALI	yer_id	BAGIMSIZ	GERCEK-BAGIMSIZ	yer_id/merkez yolu kökten bağımsız kapatıyor	0				1797-06-14 Cenova Cumhuriyeti'nin sonu — Napolyon Ligurya Cumhuriyeti'ni kurdu
1797-10-17	Ayamavra (Lefkada)	yerlesimler.js	GUN-KAPALI	kok	BUYUK-HARF	OKUNMADI	büyük harfli özel ad eşleşmesi — tek tek okunmadı	1	yer	Ayamavra	 Korfu, Kefalonya, Zaklise (Zakynthos), Ayamavra (Lefkada), Preveze, Parga Napolyon Bona	1797-10-17 Campo Formio Antlaşması — Venedik'in Avusturya ve Fransa arasında payl
1797-10-17	Kefalonya	yerlesimler.js	GUN-KAPALI	kok	BUYUK-HARF	OKUNMADI	büyük harfli özel ad eşleşmesi — tek tek okunmadı	1	yer	Kefalonya	rovnik cevresi, Kotor (Cattaro), Korfu, Kefalonya, Zaklise (Zakynthos), Ayamavra (Lefkada	1797-10-17 Campo Formio Antlaşması — Venedik'in Avusturya ve Fransa arasında payl
1797-10-17	Korfu	yerlesimler.js	GUN-KAPALI	kok	BUYUK-HARF	OKUNMADI	büyük harfli özel ad eşleşmesi — tek tek okunmadı	1	yer	Korfu	o), Dubrovnik cevresi, Kotor (Cattaro), Korfu, Kefalonya, Zaklise (Zakynthos), Ayamav	1797-10-17 Campo Formio Antlaşması — Venedik'in Avusturya ve Fransa arasında payl
1797-10-17	Kotor (Cattaro)	yerlesimler_ek.js	GUN-KAPALI	kok	BUYUK-HARF	OKUNMADI	büyük harfli özel ad eşleşmesi — tek tek okunmadı	1	yer	Kotor	 Sibenik (Sebenico), Dubrovnik cevresi, Kotor (Cattaro), Korfu, Kefalonya, Zaklise (Z	1797-10-17 Campo Formio Antlaşması — Venedik'in Avusturya ve Fransa arasında payl
1797-10-17	Parga	yerlesimler.js	GUN-KAPALI	kok	BUYUK-HARF	OKUNMADI	büyük harfli özel ad eşleşmesi — tek tek okunmadı	1	yer	Parga	akynthos), Ayamavra (Lefkada), Preveze, Parga Napolyon Bonapart ile Avusturya temsilc	1797-10-17 Campo Formio Antlaşması — Venedik'in Avusturya ve Fransa arasında payl
1797-10-17	Preveze	yerlesimler.js	GUN-KAPALI	kok	BUYUK-HARF	OKUNMADI	büyük harfli özel ad eşleşmesi — tek tek okunmadı	1	yer	Preveze	aklise (Zakynthos), Ayamavra (Lefkada), Preveze, Parga Napolyon Bonapart ile Avusturya 	1797-10-17 Campo Formio Antlaşması — Venedik'in Avusturya ve Fransa arasında payl
1797-10-17	Split (Spalato)	yerlesimler_ek.js	GUN-KAPALI	yer_id	BAGIMSIZ	GERCEK-BAGIMSIZ	yer_id/merkez yolu kökten bağımsız kapatıyor	1				1797-10-17 Campo Formio Antlaşması — Venedik'in Avusturya ve Fransa arasında payl
1797-10-17	Zadar (Zara)	yerlesimler_ek.js	GUN-KAPALI	kok	BUYUK-HARF	OKUNMADI	büyük harfli özel ad eşleşmesi — tek tek okunmadı	1	yer	Zadar	 arasinda paylasilmasi Split (Spalato), Zadar (Zara), Sibenik (Sebenico), Dubrovnik c	1797-10-17 Campo Formio Antlaşması — Venedik'in Avusturya ve Fransa arasında payl
1797-10-17	Zaklise (Zakynthos)	yerlesimler.js	GUN-KAPALI	kok	BUYUK-HARF	OKUNMADI	büyük harfli özel ad eşleşmesi — tek tek okunmadı	1	yer	Zaklise	esi, Kotor (Cattaro), Korfu, Kefalonya, Zaklise (Zakynthos), Ayamavra (Lefkada), Prevez	1797-10-17 Campo Formio Antlaşması — Venedik'in Avusturya ve Fransa arasında payl
1797-10-17	Şibenik (Sebenico)	yerlesimler_ek.js	GUN-KAPALI	kok	BUYUK-HARF	OKUNMADI	büyük harfli özel ad eşleşmesi — tek tek okunmadı	1	yer	Sibenik	asilmasi Split (Spalato), Zadar (Zara), Sibenik (Sebenico), Dubrovnik cevresi, Kotor (C	1797-10-17 Campo Formio Antlaşması — Venedik'in Avusturya ve Fransa arasında payl
1798-06-12	Malta	yerlesimler.js	GUN-KAPALI	yer_id	BAGIMSIZ	GERCEK-BAGIMSIZ	yer_id/merkez yolu kökten bağımsız kapatıyor	0				1798-06-12 Malta şövalyelerinin tasfiyesi — Fransız donanmasının yoldaki durağı
1798-10-23	Preveze	yerlesimler.js	GUN-MASKELI	yer_id	BAGIMSIZ	GERCEK-BAGIMSIZ	yer_id/merkez yolu kökten bağımsız kapatıyor	0				1798-10-23 Preveze'nin Fransızlardan alınışı — Nikopolis Muharebesi
1798-10-23	Vonitsa	yerlesimler.js	GUN-MASKELI	kok	BUYUK-HARF	OKUNMADI	büyük harfli özel ad eşleşmesi — tek tek okunmadı	0	d	Vonitsa	yon adalari ve karadaki Preveze, Parga, Vonitsa Fransa'nin eline gecti. Yanya valisi Te	1798-10-23 Preveze'nin Fransızlardan alınışı — Nikopolis Muharebesi
1800-09-05	Malta	yerlesimler.js	GUN-KAPALI	yer_id	BAGIMSIZ	GERCEK-BAGIMSIZ	yer_id/merkez yolu kökten bağımsız kapatıyor	1				1800-09-05 Malta'nın İngiltere'ye teslimi — iki yıllık Fransız kuşatmasının sonu
1801-01-01	Hurma (Tâif doğusu)	yerlesimler_nokta_ortadogu_0917.js	OCAK1	kok	BUYUK-HARF	GERCEK-OKUNDU	bağlam elle okundu (bayraklı ya da kısa/eşsesli kök)	0	b	Hurma	leri Vehhabi nufuzuna girdi - Turabe ve Hurma Mekke Serifligi'nden koptu Taif cevresi	1801-01-01 Tâif çevresi kabileleri Vehhâbî nüfuzuna girdi — Türabe ve Hurma Mekke
1801-01-01	Türabe	yerlesimler_nokta_ortadogu_0917.js	OCAK1	yer_id	BAGIMSIZ	GERCEK-BAGIMSIZ	yer_id/merkez yolu kökten bağımsız kapatıyor	0				1801-01-01 Tâif çevresi kabileleri Vehhâbî nüfuzuna girdi — Türabe ve Hurma Mekke
1802-03-25	Menorka (Mahon)	yerlesimler.js	GUN-KAPALI	yer_id	BAGIMSIZ	GERCEK-BAGIMSIZ	yer_id/merkez yolu kökten bağımsız kapatıyor	1				1802-03-25 Amiens Antlaşması — Menorka İspanya'ya geri verildi
1803-01-01	Chicago (Fort Dearborn)	yerlesimler_kamerika.js	OCAK1	yer_id	BAGIMSIZ	GERCEK-BAGIMSIZ	yer_id/merkez yolu kökten bağımsız kapatıyor	0				1803-01-01 Fort Dearborn kuruldu — Chicago geçidinde ABD karakolu
1803-01-01	Chisasibi (Fort George)	yerlesimler_kamerika.js	OCAK1	yer_id	BAGIMSIZ	GERCEK-BAGIMSIZ	yer_id/merkez yolu kökten bağımsız kapatıyor	0				1803-01-01 Fort George (Chisasibi) kuruldu — James Körfezi'nin doğu kıyısı
1803-01-01	Fort William (Thunder Bay)	yerlesimler_kamerika.js	OCAK1	yer_id	BAGIMSIZ	GERCEK-BAGIMSIZ	yer_id/merkez yolu kökten bağımsız kapatıyor	0				1803-01-01 Fort William kuruldu — Kuzeybatı Şirketi'nin iç merkezi
1803-02-01	Tâif	yerlesimler.js	GUN-KAPALI	yer_id	BAGIMSIZ	GERCEK-BAGIMSIZ	yer_id/merkez yolu kökten bağımsız kapatıyor	0				1803-02-01 Vehhâbîlerin Tâif'i ele geçirmesi
1803-04-30	Mekke	yerlesimler.js	GUN-MASKELI	yer_id	BAGIMSIZ	GERCEK-BAGIMSIZ	yer_id/merkez yolu kökten bağımsız kapatıyor	0				1803-04-30 Vehhâbîlerin Mekke'yi ilk kez ele geçirmesi
1803-08-06	Mekke	yerlesimler.js	GUN-KAPALI	yer_id	BAGIMSIZ	GERCEK-BAGIMSIZ	yer_id/merkez yolu kökten bağımsız kapatıyor	0				1803-08-06 Şerif Gālib'in Mekke'yi geri alması
1805-06-01	Hayber	yerlesimler_ok101.js	GUN-KAPALI	merkez	BAGIMSIZ	GERCEK-BAGIMSIZ	yer_id/merkez yolu kökten bağımsız kapatıyor	0		Medine		1805-06-01 Vehhâbîlerin Medine'yi işgali
1805-06-01	Medine	yerlesimler.js	GUN-KAPALI	yer_id	BAGIMSIZ	GERCEK-BAGIMSIZ	yer_id/merkez yolu kökten bağımsız kapatıyor	0				1805-06-01 Vehhâbîlerin Medine'yi işgali
1806-01-01	Cres (Cherso)	yerlesimler.js	OCAK1	kok	BUYUK-HARF	GERCEK-OKUNDU	bağlam elle okundu (bayraklı ya da kısa/eşsesli kök)	0	yer	Cres	'nin Rus idaresine gecisi Krk (Veglia), Cres (Cherso), Rab (Arbe), Herseknovi (Herce	1806-01-01 Kvarner adalarının Napolyon İtalya Krallığı'na, Boka Kotorska'nın Rus 
1806-01-01	Herseknovi (Herceg Novi)	yerlesimler_ek.js	OCAK1	kok	BUYUK-HARF	OKUNMADI	büyük harfli özel ad eşleşmesi — tek tek okunmadı	0	yer	Herseknovi	rk (Veglia), Cres (Cherso), Rab (Arbe), Herseknovi (Herceg Novi), Kotor (Cattaro), Boka Ko	1806-01-01 Kvarner adalarının Napolyon İtalya Krallığı'na, Boka Kotorska'nın Rus 
1806-01-01	Kotor (Cattaro)	yerlesimler_ek.js	OCAK1	kok	BUYUK-HARF	OKUNMADI	büyük harfli özel ad eşleşmesi — tek tek okunmadı	0	yer	Kotor	, Rab (Arbe), Herseknovi (Herceg Novi), Kotor (Cattaro), Boka Kotorska, Kvarner Pojun	1806-01-01 Kvarner adalarının Napolyon İtalya Krallığı'na, Boka Kotorska'nın Rus 
1806-01-01	Krk (Veglia)	yerlesimler.js	OCAK1	yer_id	BAGIMSIZ	GERCEK-BAGIMSIZ	yer_id/merkez yolu kökten bağımsız kapatıyor	0				1806-01-01 Kvarner adalarının Napolyon İtalya Krallığı'na, Boka Kotorska'nın Rus 
1806-01-01	Mekke	yerlesimler.js	OCAK1	yer_id	BAGIMSIZ	GERCEK-BAGIMSIZ	yer_id/merkez yolu kökten bağımsız kapatıyor	0				1806-01-01 Mekke'nin Vehhâbîlere kaybı
1806-01-01	Rab (Arbe)	yerlesimler.js	OCAK1	kok	BUYUK-HARF	GERCEK-OKUNDU	bağlam elle okundu (bayraklı ya da kısa/eşsesli kök)	0	yer	Rab	ine gecisi Krk (Veglia), Cres (Cherso), Rab (Arbe), Herseknovi (Herceg Novi), Kotor	1806-01-01 Kvarner adalarının Napolyon İtalya Krallığı'na, Boka Kotorska'nın Rus 
1806-01-01	Zaria (Zazzau)	yerlesimler_e9353f.js	OCAK1	yer_id	BAGIMSIZ	GERCEK-BAGIMSIZ	yer_id/merkez yolu kökten bağımsız kapatıyor	0				1806-01-01 Osman b. Fûdî'nin cihad ordusu Zaria'yı aldı
1806-01-26	Böğürdelen (Šabac)	yerlesimler.js	GUN-KAPALI	yer_id	BAGIMSIZ	GERCEK-BAGIMSIZ	yer_id/merkez yolu kökten bağımsız kapatıyor	0				1806-01-26 Böğürdelen'in Kara Yorgi'ye teslimi — Birinci Sırp İsyanı'nda ilk kale
1806-02-01	Brakya (Brač)	yerlesimler.js	GUN-KAPALI	kok	BUYUK-HARF	GERCEK-OKUNDU	bağlam elle okundu (bayraklı ya da kısa/eşsesli kök)	1	yer	Brakya	 Klis, Pag (Pago), Uzunada (Dugi Otok), Brakya (Brac), Hvar (Lesina), Vis (Lissa), Kor	1806-02-01 Dalmaçya'nın Fransız idaresine geçişi — Pojun (Bratislava) Antlaşması'
1806-02-01	Hvar (Lesina)	yerlesimler.js	GUN-KAPALI	kok	BUYUK-HARF	OKUNMADI	büyük harfli özel ad eşleşmesi — tek tek okunmadı	1	yer	Hvar	o), Uzunada (Dugi Otok), Brakya (Brac), Hvar (Lesina), Vis (Lissa), Korcula (Kurzola	1806-02-01 Dalmaçya'nın Fransız idaresine geçişi — Pojun (Bratislava) Antlaşması'
1806-02-01	Klis	yerlesimler_ek.js	GUN-KAPALI	kok	BUYUK-HARF	OKUNMADI	büyük harfli özel ad eşleşmesi — tek tek okunmadı	1	yer	Klis	Knin, Nadin, Vrana (Urana), Sin (Sinj), Klis, Pag (Pago), Uzunada (Dugi Otok), Braky	1806-02-01 Dalmaçya'nın Fransız idaresine geçişi — Pojun (Bratislava) Antlaşması'
1806-02-01	Knin	yerlesimler_ek.js	GUN-KAPALI	kok	BUYUK-HARF	OKUNMADI	büyük harfli özel ad eşleşmesi — tek tek okunmadı	1	yer	Knin	), Split (Spalato), Sibenik (Sebenico), Knin, Nadin, Vrana (Urana), Sin (Sinj), Klis	1806-02-01 Dalmaçya'nın Fransız idaresine geçişi — Pojun (Bratislava) Antlaşması'
1806-02-01	Korçula (Kurzola)	yerlesimler.js	GUN-KAPALI	kok	BUYUK-HARF	OKUNMADI	büyük harfli özel ad eşleşmesi — tek tek okunmadı	1	yer	Korcula	kya (Brac), Hvar (Lesina), Vis (Lissa), Korcula (Kurzola), Mliyet (Mljet), Dalmacya 26 	1806-02-01 Dalmaçya'nın Fransız idaresine geçişi — Pojun (Bratislava) Antlaşması'
1806-02-01	Mliyet (Mljet)	yerlesimler.js	GUN-KAPALI	kok	BUYUK-HARF	GERCEK-OKUNDU	bağlam elle okundu (bayraklı ya da kısa/eşsesli kök)	1	yer	Mliyet	esina), Vis (Lissa), Korcula (Kurzola), Mliyet (Mljet), Dalmacya 26 Aralik 1805 Pojun 	1806-02-01 Dalmaçya'nın Fransız idaresine geçişi — Pojun (Bratislava) Antlaşması'
1806-02-01	Nadin	yerlesimler_ek.js	GUN-KAPALI	kok	BUYUK-HARF	OKUNMADI	büyük harfli özel ad eşleşmesi — tek tek okunmadı	1	yer	Nadin	it (Spalato), Sibenik (Sebenico), Knin, Nadin, Vrana (Urana), Sin (Sinj), Klis, Pag (	1806-02-01 Dalmaçya'nın Fransız idaresine geçişi — Pojun (Bratislava) Antlaşması'
1806-02-01	Pag (Pago)	yerlesimler.js	GUN-KAPALI	kok	BUYUK-HARF	GERCEK-OKUNDU	bağlam elle okundu (bayraklı ya da kısa/eşsesli kök)	1	yer	Pag	Nadin, Vrana (Urana), Sin (Sinj), Klis, Pag (Pago), Uzunada (Dugi Otok), Brakya (Br	1806-02-01 Dalmaçya'nın Fransız idaresine geçişi — Pojun (Bratislava) Antlaşması'
1806-02-01	Sin (Sinj)	yerlesimler_ek.js	GUN-KAPALI	kok	BUYUK-HARF	GERCEK-OKUNDU	bağlam elle okundu (bayraklı ya da kısa/eşsesli kök)	1	yer	Sin	(Sebenico), Knin, Nadin, Vrana (Urana), Sin (Sinj), Klis, Pag (Pago), Uzunada (Dugi	1806-02-01 Dalmaçya'nın Fransız idaresine geçişi — Pojun (Bratislava) Antlaşması'
1806-02-01	Split (Spalato)	yerlesimler_ek.js	GUN-KAPALI	kok	BUYUK-HARF	OKUNMADI	büyük harfli özel ad eşleşmesi — tek tek okunmadı	1	yer	Split	ntlasmasi'nin uygulanmasi Zadar (Zara), Split (Spalato), Sibenik (Sebenico), Knin, Na	1806-02-01 Dalmaçya'nın Fransız idaresine geçişi — Pojun (Bratislava) Antlaşması'
1806-02-01	Uzunada (Dugi Otok)	yerlesimler.js	GUN-KAPALI	kok	BUYUK-HARF	OKUNMADI	büyük harfli özel ad eşleşmesi — tek tek okunmadı	1	yer	Uzunada	 (Urana), Sin (Sinj), Klis, Pag (Pago), Uzunada (Dugi Otok), Brakya (Brac), Hvar (Lesin	1806-02-01 Dalmaçya'nın Fransız idaresine geçişi — Pojun (Bratislava) Antlaşması'
1806-02-01	Vis (Lissa)	yerlesimler.js	GUN-KAPALI	kok	BUYUK-HARF	GERCEK-OKUNDU	bağlam elle okundu (bayraklı ya da kısa/eşsesli kök)	1	yer	Vis	gi Otok), Brakya (Brac), Hvar (Lesina), Vis (Lissa), Korcula (Kurzola), Mliyet (Mlj	1806-02-01 Dalmaçya'nın Fransız idaresine geçişi — Pojun (Bratislava) Antlaşması'
1806-02-01	Vrana (Urana)	yerlesimler_ek.js	GUN-KAPALI	kok	BUYUK-HARF	OKUNMADI	büyük harfli özel ad eşleşmesi — tek tek okunmadı	1	yer	Vrana	lato), Sibenik (Sebenico), Knin, Nadin, Vrana (Urana), Sin (Sinj), Klis, Pag (Pago), 	1806-02-01 Dalmaçya'nın Fransız idaresine geçişi — Pojun (Bratislava) Antlaşması'
1806-02-01	Zadar (Zara)	yerlesimler_ek.js	GUN-KAPALI	yer_id	BAGIMSIZ	GERCEK-BAGIMSIZ	yer_id/merkez yolu kökten bağımsız kapatıyor	1				1806-02-01 Dalmaçya'nın Fransız idaresine geçişi — Pojun (Bratislava) Antlaşması'
1806-02-01	Şibenik (Sebenico)	yerlesimler_ek.js	GUN-KAPALI	kok	BUYUK-HARF	OKUNMADI	büyük harfli özel ad eşleşmesi — tek tek okunmadı	1	yer	Sibenik	ulanmasi Zadar (Zara), Split (Spalato), Sibenik (Sebenico), Knin, Nadin, Vrana (Urana),	1806-02-01 Dalmaçya'nın Fransız idaresine geçişi — Pojun (Bratislava) Antlaşması'
1806-05-27	Dubrovnik	yerlesimler.js	GUN-KAPALI	yer_id	BAGIMSIZ	GERCEK-BAGIMSIZ	yer_id/merkez yolu kökten bağımsız kapatıyor	0				1806-05-27 Dubrovnik Cumhuriyeti'nin sonu — Fransız işgali
1807-07-09	Białystok	yerlesimler_p0037.js	GUN-KAPALI	kok	BUYUK-HARF	OKUNMADI	büyük harfli özel ad eşleşmesi — tek tek okunmadı	1	d	Białystok	kincilerden Varsova Dukaligi kuruldu ve Białystok cevresi Rusya'ya verildi. Prusya nufusu	1807-07-09 Tilsit Antlaşması — Prusya topraklarının yarısını kaybetti, Varşova Du
1807-07-09	Poznan	yerlesimler.js	GUN-KAPALI	kok	BUYUK-HARF	GERCEK-OKUNDU	bağlam elle okundu (bayraklı ya da kısa/eşsesli kök)	1	d	Poznan	, ordusu 42.000 ile sinirlandi. Atlasta Poznan ve Torun bu gunden itibaren Varsova Duk	1807-07-09 Tilsit Antlaşması — Prusya topraklarının yarısını kaybetti, Varşova Du
1807-07-09	Torun (Toruń)	yerlesimler.js	GUN-KAPALI	kok	BUYUK-HARF	OKUNMADI	büyük harfli özel ad eşleşmesi — tek tek okunmadı	1	d	Torun	2.000 ile sinirlandi. Atlasta Poznan ve Torun bu gunden itibaren Varsova Dukaligi'na,	1807-07-09 Tilsit Antlaşması — Prusya topraklarının yarısını kaybetti, Varşova Du
1808-01-01	Erâk (Sultânâbâd)	yerlesimler.js	OCAK1	yer_id	BAGIMSIZ	GERCEK-BAGIMSIZ	yer_id/merkez yolu kökten bağımsız kapatıyor	0				1808-01-01 Sultânâbâd (Erâk) şehri kuruldu
1809-09-17	Helsinki	yerlesimler.js	GUN-KAPALI	yer_id	BAGIMSIZ	GERCEK-BAGIMSIZ	yer_id/merkez yolu kökten bağımsız kapatıyor	1				1809-09-17 Fredrikshamn (Hamina) Antlaşması — İsveç'in Finlandiya'yı Rusya'ya bır
1809-09-17	Jyväskylä	yerlesimler_ek7.js	GUN-KAPALI	kok	BUYUK-HARF	OKUNMADI	büyük harfli özel ad eşleşmesi — tek tek okunmadı	1	yer	Jyvaskyla	pio, Vaasa, Mikkeli, Hameenlinna, Pori, Jyvaskyla 1808-1809 Rus-Isvec Savasi'ni sona erdi	1809-09-17 Fredrikshamn (Hamina) Antlaşması — İsveç'in Finlandiya'yı Rusya'ya bır
1809-09-17	Kuopio	yerlesimler_ek7.js	GUN-KAPALI	kok	BUYUK-HARF	OKUNMADI	büyük harfli özel ad eşleşmesi — tek tek okunmadı	1	yer	Kuopio	i Helsinki, Turku (Abo), Tampere, Oulu, Kuopio, Vaasa, Mikkeli, Hameenlinna, Pori, Jyv	1809-09-17 Fredrikshamn (Hamina) Antlaşması — İsveç'in Finlandiya'yı Rusya'ya bır
1809-09-17	Mikkeli	yerlesimler_ek7.js	GUN-KAPALI	kok	BUYUK-HARF	OKUNMADI	büyük harfli özel ad eşleşmesi — tek tek okunmadı	1	yer	Mikkeli	ku (Abo), Tampere, Oulu, Kuopio, Vaasa, Mikkeli, Hameenlinna, Pori, Jyvaskyla 1808-1809	1809-09-17 Fredrikshamn (Hamina) Antlaşması — İsveç'in Finlandiya'yı Rusya'ya bır
1809-09-17	Oulu	yerlesimler_ek8.js	GUN-KAPALI	kok	BUYUK-HARF	OKUNMADI	büyük harfli özel ad eşleşmesi — tek tek okunmadı	1	yer	Oulu	irakisi Helsinki, Turku (Abo), Tampere, Oulu, Kuopio, Vaasa, Mikkeli, Hameenlinna, P	1809-09-17 Fredrikshamn (Hamina) Antlaşması — İsveç'in Finlandiya'yı Rusya'ya bır
1809-09-17	Pori	yerlesimler_ek7.js	GUN-KAPALI	kok	BUYUK-HARF	OKUNMADI	büyük harfli özel ad eşleşmesi — tek tek okunmadı	1	yer	Pori	u, Kuopio, Vaasa, Mikkeli, Hameenlinna, Pori, Jyvaskyla 1808-1809 Rus-Isvec Savasi'n	1809-09-17 Fredrikshamn (Hamina) Antlaşması — İsveç'in Finlandiya'yı Rusya'ya bır
1809-09-17	Tampere	yerlesimler_ek7.js	GUN-KAPALI	kok	BUYUK-HARF	OKUNMADI	büyük harfli özel ad eşleşmesi — tek tek okunmadı	1	yer	Tampere	usya'ya birakisi Helsinki, Turku (Abo), Tampere, Oulu, Kuopio, Vaasa, Mikkeli, Hameenli	1809-09-17 Fredrikshamn (Hamina) Antlaşması — İsveç'in Finlandiya'yı Rusya'ya bır
1809-09-17	Vaasa	yerlesimler_ek7.js	GUN-KAPALI	kok	BUYUK-HARF	OKUNMADI	büyük harfli özel ad eşleşmesi — tek tek okunmadı	1	yer	Vaasa	ki, Turku (Abo), Tampere, Oulu, Kuopio, Vaasa, Mikkeli, Hameenlinna, Pori, Jyvaskyla 	1809-09-17 Fredrikshamn (Hamina) Antlaşması — İsveç'in Finlandiya'yı Rusya'ya bır
1809-10-14	Lublin	yerlesimler_p0037.js	GUN-MASKELI	kok	BUYUK-HARF	OKUNMADI	büyük harfli özel ad eşleşmesi — tek tek okunmadı	1	d	Lublin	enilgisinden sonra Avusturya, Krakow ve Lublin dahil Bati Galicya'yi Varsova Buyuk Duk	1809-10-14 Schönbrunn Barışı: Batı Galiçya Varşova Dukalığı'na, Tarnopol Rusya'ya
1810-02-20	Kutaisi	yerlesimler.js	GUN-KAPALI	yer_id	BAGIMSIZ	GERCEK-BAGIMSIZ	yer_id/merkez yolu kökten bağımsız kapatıyor	1				1810-02-20 İmereti Krallığı'nın ilhakı — Kral II. Solomon tahttan indirildi
1810-07-11	Sohum	yerlesimler.js	GUN-KAPALI	yer_id	BAGIMSIZ	GERCEK-BAGIMSIZ	yer_id/merkez yolu kökten bağımsız kapatıyor	0				1810-07-11 Sohum'un Ruslara kaybı — Doğu Karadeniz kıyısının açılması
1812-05-28	Akkirman	yerlesimler.js	GUN-MASKELI	kok	BUYUK-HARF	GERCEK-OKUNDU	bağlam elle okundu (bayraklı ya da kısa/eşsesli kök)	0	d	Akkirman	 tarihte elden cikan diger yerlesimler: Akkirman, Kili, Hotin, Bender, Ismail.	1812-05-28 Bükreş Antlaşması — Besarabya'nın kaybı
1812-05-28	Bender	yerlesimler.js	GUN-MASKELI	yer_id	BAGIMSIZ	GERCEK-BAGIMSIZ	yer_id/merkez yolu kökten bağımsız kapatıyor	0				1812-05-28 Bükreş Antlaşması — Besarabya'nın kaybı
1812-05-28	Hotin	yerlesimler.js	GUN-MASKELI	kok	BUYUK-HARF	OKUNMADI	büyük harfli özel ad eşleşmesi — tek tek okunmadı	0	d	Hotin	ikan diger yerlesimler: Akkirman, Kili, Hotin, Bender, Ismail.	1812-05-28 Bükreş Antlaşması — Besarabya'nın kaybı
1812-05-28	Kili	yerlesimler.js	GUN-MASKELI	kok	BUYUK-HARF	OKUNMADI	büyük harfli özel ad eşleşmesi — tek tek okunmadı	0	d	Kili	lden cikan diger yerlesimler: Akkirman, Kili, Hotin, Bender, Ismail.	1812-05-28 Bükreş Antlaşması — Besarabya'nın kaybı
1812-05-28	İsmail	yerlesimler.js	GUN-MASKELI	kok	BUYUK-HARF	GERCEK-OKUNDU	bağlam elle okundu (bayraklı ya da kısa/eşsesli kök)	0	d	Ismail	esimler: Akkirman, Kili, Hotin, Bender, Ismail.	1812-05-28 Bükreş Antlaşması — Besarabya'nın kaybı
1812-12-03	Hayber	yerlesimler_ok101.js	GUN-KAPALI	merkez	BAGIMSIZ	GERCEK-BAGIMSIZ	yer_id/merkez yolu kökten bağımsız kapatıyor	0		Medine		1812-12-03 Medine geri alındı
1812-12-03	Medine	yerlesimler.js	GUN-KAPALI	yer_id	BAGIMSIZ	GERCEK-BAGIMSIZ	yer_id/merkez yolu kökten bağımsız kapatıyor	0				1812-12-03 Medine geri alındı
1813-01-01	Brakya (Brač)	yerlesimler.js	OCAK1	kok	BUYUK-HARF	GERCEK-OKUNDU	bağlam elle okundu (bayraklı ya da kısa/eşsesli kök)	1	yer	Brakya	 Klis, Pag (Pago), Uzunada (Dugi Otok), Brakya (Brac), Hvar (Lesina), Vis (Lissa), Kor	1813-01-01 Avusturya'nın İlirya Eyaletleri'ni ve Dalmaçya'yı geri alması — Napoly
1813-01-01	Cetin (Cetingrad)	yerlesimler_ek29.js	OCAK1	kok	BUYUK-HARF	GERCEK-OKUNDU	bağlam elle okundu (bayraklı ya da kısa/eşsesli kök)	0	yer	Cetin	Gospic, Udbina, Dreznik (Dreznik Grad), Cetin (Cetingrad), Kostaynice (Kostajnica), L	1813-01-01 Avusturya'nın İlirya Eyaletleri'ni ve Dalmaçya'yı geri alması — Napoly
1813-01-01	Cres (Cherso)	yerlesimler.js	OCAK1	kok	BUYUK-HARF	GERCEK-OKUNDU	bağlam elle okundu (bayraklı ya da kısa/eşsesli kök)	1	yer	Cres	Kurzola), Mliyet (Mljet), Krk (Veglia), Cres (Cherso), Rab (Arbe), Karlovac, Sisak, 	1813-01-01 Avusturya'nın İlirya Eyaletleri'ni ve Dalmaçya'yı geri alması — Napoly
1813-01-01	Drežnik (Drežnik Grad)	yerlesimler_ek29.js	OCAK1	kok	BUYUK-HARF	OKUNMADI	büyük harfli özel ad eşleşmesi — tek tek okunmadı	0	yer	Dreznik	Arbe), Karlovac, Sisak, Gospic, Udbina, Dreznik (Dreznik Grad), Cetin (Cetingrad), Kost	1813-01-01 Avusturya'nın İlirya Eyaletleri'ni ve Dalmaçya'yı geri alması — Napoly
1813-01-01	Gospić	yerlesimler_ek29.js	OCAK1	kok	BUYUK-HARF	OKUNMADI	büyük harfli özel ad eşleşmesi — tek tek okunmadı	0	yer	Gospic	 (Cherso), Rab (Arbe), Karlovac, Sisak, Gospic, Udbina, Dreznik (Dreznik Grad), Cetin 	1813-01-01 Avusturya'nın İlirya Eyaletleri'ni ve Dalmaçya'yı geri alması — Napoly
1813-01-01	Hvar (Lesina)	yerlesimler.js	OCAK1	kok	BUYUK-HARF	OKUNMADI	büyük harfli özel ad eşleşmesi — tek tek okunmadı	1	yer	Hvar	o), Uzunada (Dugi Otok), Brakya (Brac), Hvar (Lesina), Vis (Lissa), Korcula (Kurzola	1813-01-01 Avusturya'nın İlirya Eyaletleri'ni ve Dalmaçya'yı geri alması — Napoly
1813-01-01	Karlovac	yerlesimler_ek29.js	OCAK1	kok	BUYUK-HARF	OKUNMADI	büyük harfli özel ad eşleşmesi — tek tek okunmadı	0	yer	Karlovac	rk (Veglia), Cres (Cherso), Rab (Arbe), Karlovac, Sisak, Gospic, Udbina, Dreznik (Drezni	1813-01-01 Avusturya'nın İlirya Eyaletleri'ni ve Dalmaçya'yı geri alması — Napoly
1813-01-01	Klis	yerlesimler_ek.js	OCAK1	kok	BUYUK-HARF	OKUNMADI	büyük harfli özel ad eşleşmesi — tek tek okunmadı	1	yer	Klis	Knin, Nadin, Vrana (Urana), Sin (Sinj), Klis, Pag (Pago), Uzunada (Dugi Otok), Braky	1813-01-01 Avusturya'nın İlirya Eyaletleri'ni ve Dalmaçya'yı geri alması — Napoly
1813-01-01	Knin	yerlesimler_ek.js	OCAK1	kok	BUYUK-HARF	OKUNMADI	büyük harfli özel ad eşleşmesi — tek tek okunmadı	1	yer	Knin	), Split (Spalato), Sibenik (Sebenico), Knin, Nadin, Vrana (Urana), Sin (Sinj), Klis	1813-01-01 Avusturya'nın İlirya Eyaletleri'ni ve Dalmaçya'yı geri alması — Napoly
1813-01-01	Korçula (Kurzola)	yerlesimler.js	OCAK1	kok	BUYUK-HARF	OKUNMADI	büyük harfli özel ad eşleşmesi — tek tek okunmadı	1	yer	Korcula	kya (Brac), Hvar (Lesina), Vis (Lissa), Korcula (Kurzola), Mliyet (Mljet), Krk (Veglia)	1813-01-01 Avusturya'nın İlirya Eyaletleri'ni ve Dalmaçya'yı geri alması — Napoly
1813-01-01	Kostayniçe (Kostajnica)	yerlesimler_ek29.js	OCAK1	kok	BUYUK-HARF	OKUNMADI	büyük harfli özel ad eşleşmesi — tek tek okunmadı	0	yer	Kostaynice	znik (Dreznik Grad), Cetin (Cetingrad), Kostaynice (Kostajnica), Ljubljana, Trieste, Iliry	1813-01-01 Avusturya'nın İlirya Eyaletleri'ni ve Dalmaçya'yı geri alması — Napoly
1813-01-01	Krk (Veglia)	yerlesimler.js	OCAK1	kok	BUYUK-HARF	GERCEK-OKUNDU	bağlam elle okundu (bayraklı ya da kısa/eşsesli kök)	1	yer	Krk	sa), Korcula (Kurzola), Mliyet (Mljet), Krk (Veglia), Cres (Cherso), Rab (Arbe), Ka	1813-01-01 Avusturya'nın İlirya Eyaletleri'ni ve Dalmaçya'yı geri alması — Napoly
1813-01-01	Ljubljana	yerlesimler.js	OCAK1	kok	BUYUK-HARF	OKUNMADI	büyük harfli özel ad eşleşmesi — tek tek okunmadı	1	yer	Ljubljana	n (Cetingrad), Kostaynice (Kostajnica), Ljubljana, Trieste, Ilirya Eyaletleri, Dalmacya 1	1813-01-01 Avusturya'nın İlirya Eyaletleri'ni ve Dalmaçya'yı geri alması — Napoly
1813-01-01	Mliyet (Mljet)	yerlesimler.js	OCAK1	kok	BUYUK-HARF	GERCEK-OKUNDU	bağlam elle okundu (bayraklı ya da kısa/eşsesli kök)	1	yer	Mliyet	esina), Vis (Lissa), Korcula (Kurzola), Mliyet (Mljet), Krk (Veglia), Cres (Cherso), R	1813-01-01 Avusturya'nın İlirya Eyaletleri'ni ve Dalmaçya'yı geri alması — Napoly
1813-01-01	Nadin	yerlesimler_ek.js	OCAK1	kok	BUYUK-HARF	OKUNMADI	büyük harfli özel ad eşleşmesi — tek tek okunmadı	1	yer	Nadin	it (Spalato), Sibenik (Sebenico), Knin, Nadin, Vrana (Urana), Sin (Sinj), Klis, Pag (	1813-01-01 Avusturya'nın İlirya Eyaletleri'ni ve Dalmaçya'yı geri alması — Napoly
1813-01-01	Pag (Pago)	yerlesimler.js	OCAK1	kok	BUYUK-HARF	GERCEK-OKUNDU	bağlam elle okundu (bayraklı ya da kısa/eşsesli kök)	1	yer	Pag	Nadin, Vrana (Urana), Sin (Sinj), Klis, Pag (Pago), Uzunada (Dugi Otok), Brakya (Br	1813-01-01 Avusturya'nın İlirya Eyaletleri'ni ve Dalmaçya'yı geri alması — Napoly
1813-01-01	Rab (Arbe)	yerlesimler.js	OCAK1	kok	BUYUK-HARF	GERCEK-OKUNDU	bağlam elle okundu (bayraklı ya da kısa/eşsesli kök)	1	yer	Rab	t (Mljet), Krk (Veglia), Cres (Cherso), Rab (Arbe), Karlovac, Sisak, Gospic, Udbina	1813-01-01 Avusturya'nın İlirya Eyaletleri'ni ve Dalmaçya'yı geri alması — Napoly
1813-01-01	Sin (Sinj)	yerlesimler_ek.js	OCAK1	kok	BUYUK-HARF	GERCEK-OKUNDU	bağlam elle okundu (bayraklı ya da kısa/eşsesli kök)	1	yer	Sin	(Sebenico), Knin, Nadin, Vrana (Urana), Sin (Sinj), Klis, Pag (Pago), Uzunada (Dugi	1813-01-01 Avusturya'nın İlirya Eyaletleri'ni ve Dalmaçya'yı geri alması — Napoly
1813-01-01	Sisak	yerlesimler_ek29.js	OCAK1	kok	BUYUK-HARF	OKUNMADI	büyük harfli özel ad eşleşmesi — tek tek okunmadı	0	yer	Sisak	), Cres (Cherso), Rab (Arbe), Karlovac, Sisak, Gospic, Udbina, Dreznik (Dreznik Grad)	1813-01-01 Avusturya'nın İlirya Eyaletleri'ni ve Dalmaçya'yı geri alması — Napoly
1813-01-01	Split (Spalato)	yerlesimler_ek.js	OCAK1	kok	BUYUK-HARF	OKUNMADI	büyük harfli özel ad eşleşmesi — tek tek okunmadı	1	yer	Split	 Napolyon idaresinin sonu Zadar (Zara), Split (Spalato), Sibenik (Sebenico), Knin, Na	1813-01-01 Avusturya'nın İlirya Eyaletleri'ni ve Dalmaçya'yı geri alması — Napoly
1813-01-01	Udbina	yerlesimler_ek29.js	OCAK1	kok	BUYUK-HARF	OKUNMADI	büyük harfli özel ad eşleşmesi — tek tek okunmadı	0	yer	Udbina	), Rab (Arbe), Karlovac, Sisak, Gospic, Udbina, Dreznik (Dreznik Grad), Cetin (Cetingr	1813-01-01 Avusturya'nın İlirya Eyaletleri'ni ve Dalmaçya'yı geri alması — Napoly
1813-01-01	Uzunada (Dugi Otok)	yerlesimler.js	OCAK1	kok	BUYUK-HARF	OKUNMADI	büyük harfli özel ad eşleşmesi — tek tek okunmadı	1	yer	Uzunada	 (Urana), Sin (Sinj), Klis, Pag (Pago), Uzunada (Dugi Otok), Brakya (Brac), Hvar (Lesin	1813-01-01 Avusturya'nın İlirya Eyaletleri'ni ve Dalmaçya'yı geri alması — Napoly
1813-01-01	Vis (Lissa)	yerlesimler.js	OCAK1	kok	BUYUK-HARF	GERCEK-OKUNDU	bağlam elle okundu (bayraklı ya da kısa/eşsesli kök)	1	yer	Vis	gi Otok), Brakya (Brac), Hvar (Lesina), Vis (Lissa), Korcula (Kurzola), Mliyet (Mlj	1813-01-01 Avusturya'nın İlirya Eyaletleri'ni ve Dalmaçya'yı geri alması — Napoly
1813-01-01	Vrana (Urana)	yerlesimler_ek.js	OCAK1	kok	BUYUK-HARF	OKUNMADI	büyük harfli özel ad eşleşmesi — tek tek okunmadı	1	yer	Vrana	lato), Sibenik (Sebenico), Knin, Nadin, Vrana (Urana), Sin (Sinj), Klis, Pag (Pago), 	1813-01-01 Avusturya'nın İlirya Eyaletleri'ni ve Dalmaçya'yı geri alması — Napoly
1813-01-01	Zadar (Zara)	yerlesimler_ek.js	OCAK1	yer_id	BAGIMSIZ	GERCEK-BAGIMSIZ	yer_id/merkez yolu kökten bağımsız kapatıyor	1				1813-01-01 Avusturya'nın İlirya Eyaletleri'ni ve Dalmaçya'yı geri alması — Napoly
1813-01-01	Şibenik (Sebenico)	yerlesimler_ek.js	OCAK1	kok	BUYUK-HARF	OKUNMADI	büyük harfli özel ad eşleşmesi — tek tek okunmadı	1	yer	Sibenik	nin sonu Zadar (Zara), Split (Spalato), Sibenik (Sebenico), Knin, Nadin, Vrana (Urana),	1813-01-01 Avusturya'nın İlirya Eyaletleri'ni ve Dalmaçya'yı geri alması — Napoly
1813-01-23	Mekke	yerlesimler.js	GUN-KAPALI	yer_id	BAGIMSIZ	GERCEK-BAGIMSIZ	yer_id/merkez yolu kökten bağımsız kapatıyor	0				1813-01-23 Mekke geri alındı — hac yolu açıldı
1813-05-02	Tâif	yerlesimler.js	GUN-KAPALI	yer_id	BAGIMSIZ	GERCEK-BAGIMSIZ	yer_id/merkez yolu kökten bağımsız kapatıyor	0				1813-05-02 Tâif'in geri alınması — Hicaz seferinin tamamlanışı
1813-10-05	Böğürdelen (Šabac)	yerlesimler.js	GUN-KAPALI	merkez	BAGIMSIZ	GERCEK-BAGIMSIZ	yer_id/merkez yolu kökten bağımsız kapatıyor	0		Belgrad		1813-10-05 Belgrad'ın geri alınışı ve Birinci Sırp İsyanı'nın bastırılması
1813-10-24	Bakü	yerlesimler.js	GUN-KAPALI	kok	BUYUK-HARF	OKUNMADI	büyük harfli özel ad eşleşmesi — tek tek okunmadı	1	d	Baku	 (md. II) ile Iran Gence, Seki, Sirvan, Baku, Karabag, Derbend, Kuba ve Talis hanlik	1813-10-24 Gülistan Antlaşması: Kafkasya'daki hanlıklar Rusya'ya bırakıldı
1813-10-24	Derbend	yerlesimler.js	GUN-KAPALI	kok	BUYUK-HARF	OKUNMADI	büyük harfli özel ad eşleşmesi — tek tek okunmadı	1	d	Derbend	ran Gence, Seki, Sirvan, Baku, Karabag, Derbend, Kuba ve Talis hanliklarini Rusya'ya bi	1813-10-24 Gülistan Antlaşması: Kafkasya'daki hanlıklar Rusya'ya bırakıldı
1813-10-24	Gence	yerlesimler.js	GUN-KAPALI	kok	BUYUK-HARF	GERCEK-OKUNDU	bağlam elle okundu (bayraklı ya da kısa/eşsesli kök)	1	d	Gence	n Gulistan Antlasmasi (md. II) ile Iran Gence, Seki, Sirvan, Baku, Karabag, Derbend, 	1813-10-24 Gülistan Antlaşması: Kafkasya'daki hanlıklar Rusya'ya bırakıldı
1813-10-24	Kuba	yerlesimler.js	GUN-KAPALI	kok	BUYUK-HARF	GERCEK-OKUNDU	bağlam elle okundu (bayraklı ya da kısa/eşsesli kök)	1	d	Kuba	, Seki, Sirvan, Baku, Karabag, Derbend, Kuba ve Talis hanliklarini Rusya'ya birakti 	1813-10-24 Gülistan Antlaşması: Kafkasya'daki hanlıklar Rusya'ya bırakıldı
1813-10-24	Şeki (Nuha)	yerlesimler.js	GUN-KAPALI	kok	BUYUK-HARF	GERCEK-OKUNDU	bağlam elle okundu (bayraklı ya da kısa/eşsesli kök)	1	d	Seki	tan Antlasmasi (md. II) ile Iran Gence, Seki, Sirvan, Baku, Karabag, Derbend, Kuba v	1813-10-24 Gülistan Antlaşması: Kafkasya'daki hanlıklar Rusya'ya bırakıldı
1814-01-14	Alta	yerlesimler_ek8.js	GUN-KAPALI	kok	BUYUK-HARF	GERCEK-OKUNDU	bağlam elle okundu (bayraklı ya da kısa/eşsesli kök)	1	yer	Alta	ø, Alesund, Hamar, Kristiansund, Molde, Alta, Vardø, Kristiansand, Haugesund, Lilleh	1814-01-14 Kiel Antlaşması — Danimarka'nın Norveç'i İsveç'e bırakışı
1814-01-14	Bodø	yerlesimler_ek8.js	GUN-KAPALI	kok	BUYUK-HARF	OKUNMADI	büyük harfli özel ad eşleşmesi — tek tek okunmadı	1	yer	Bodø	en, Trondheim, Oslo, Stavanger, Tromsø, Bodø, Alesund, Hamar, Kristiansund, Molde, A	1814-01-14 Kiel Antlaşması — Danimarka'nın Norveç'i İsveç'e bırakışı
1814-01-14	Hamar	yerlesimler_ek7.js	GUN-KAPALI	kok	BUYUK-HARF	GERCEK-OKUNDU	bağlam elle okundu (bayraklı ya da kısa/eşsesli kök)	1	yer	Hamar	Oslo, Stavanger, Tromsø, Bodø, Alesund, Hamar, Kristiansund, Molde, Alta, Vardø, Kris	1814-01-14 Kiel Antlaşması — Danimarka'nın Norveç'i İsveç'e bırakışı
1814-01-14	Haugesund	yerlesimler_ek7.js	GUN-KAPALI	kok	BUYUK-HARF	OKUNMADI	büyük harfli özel ad eşleşmesi — tek tek okunmadı	1	yer	Haugesund	sund, Molde, Alta, Vardø, Kristiansand, Haugesund, Lillehammer, Skien, Sogndal, Tønsberg,	1814-01-14 Kiel Antlaşması — Danimarka'nın Norveç'i İsveç'e bırakışı
1814-01-14	Kristiansund	yerlesimler_ek7.js	GUN-KAPALI	kok	BUYUK-HARF	OKUNMADI	büyük harfli özel ad eşleşmesi — tek tek okunmadı	1	yer	Kristiansund	tavanger, Tromsø, Bodø, Alesund, Hamar, Kristiansund, Molde, Alta, Vardø, Kristiansand, Haug	1814-01-14 Kiel Antlaşması — Danimarka'nın Norveç'i İsveç'e bırakışı
1814-01-14	Lillehammer	yerlesimler_ek7.js	GUN-KAPALI	kok	BUYUK-HARF	OKUNMADI	büyük harfli özel ad eşleşmesi — tek tek okunmadı	1	yer	Lillehammer	, Alta, Vardø, Kristiansand, Haugesund, Lillehammer, Skien, Sogndal, Tønsberg, Mosjøen, Rør	1814-01-14 Kiel Antlaşması — Danimarka'nın Norveç'i İsveç'e bırakışı
1814-01-14	Molde	yerlesimler_ek7.js	GUN-KAPALI	kok	BUYUK-HARF	GERCEK-OKUNDU	bağlam elle okundu (bayraklı ya da kısa/eşsesli kök)	1	yer	Molde	sø, Bodø, Alesund, Hamar, Kristiansund, Molde, Alta, Vardø, Kristiansand, Haugesund, 	1814-01-14 Kiel Antlaşması — Danimarka'nın Norveç'i İsveç'e bırakışı
1814-01-14	Mosjøen	yerlesimler_ek8.js	GUN-KAPALI	kok	BUYUK-HARF	OKUNMADI	büyük harfli özel ad eşleşmesi — tek tek okunmadı	1	yer	Mosjøen	 Lillehammer, Skien, Sogndal, Tønsberg, Mosjøen, Røros Napolyon'un Leipzig'de yenilgisi	1814-01-14 Kiel Antlaşması — Danimarka'nın Norveç'i İsveç'e bırakışı
1814-01-14	Oslo	yerlesimler.js	GUN-KAPALI	yer_id	BAGIMSIZ	GERCEK-BAGIMSIZ	yer_id/merkez yolu kökten bağımsız kapatıyor	1				1814-01-14 Kiel Antlaşması — Danimarka'nın Norveç'i İsveç'e bırakışı
1814-01-14	Røros	yerlesimler_ek7.js	GUN-KAPALI	kok	BUYUK-HARF	OKUNMADI	büyük harfli özel ad eşleşmesi — tek tek okunmadı	1	yer	Røros	mer, Skien, Sogndal, Tønsberg, Mosjøen, Røros Napolyon'un Leipzig'de yenilgisinin ard	1814-01-14 Kiel Antlaşması — Danimarka'nın Norveç'i İsveç'e bırakışı
1814-01-14	Skien	yerlesimler_ek7.js	GUN-KAPALI	kok	BUYUK-HARF	OKUNMADI	büyük harfli özel ad eşleşmesi — tek tek okunmadı	1	yer	Skien	, Kristiansand, Haugesund, Lillehammer, Skien, Sogndal, Tønsberg, Mosjøen, Røros Napo	1814-01-14 Kiel Antlaşması — Danimarka'nın Norveç'i İsveç'e bırakışı
1814-01-14	Sogndal	yerlesimler_ek7.js	GUN-KAPALI	kok	BUYUK-HARF	OKUNMADI	büyük harfli özel ad eşleşmesi — tek tek okunmadı	1	yer	Sogndal	iansand, Haugesund, Lillehammer, Skien, Sogndal, Tønsberg, Mosjøen, Røros Napolyon'un L	1814-01-14 Kiel Antlaşması — Danimarka'nın Norveç'i İsveç'e bırakışı
1814-01-14	Tromsø	yerlesimler_ek8.js	GUN-KAPALI	kok	BUYUK-HARF	OKUNMADI	büyük harfli özel ad eşleşmesi — tek tek okunmadı	1	yer	Tromsø	isi Bergen, Trondheim, Oslo, Stavanger, Tromsø, Bodø, Alesund, Hamar, Kristiansund, Mo	1814-01-14 Kiel Antlaşması — Danimarka'nın Norveç'i İsveç'e bırakışı
1814-01-14	Vardø	yerlesimler_ek8.js	GUN-KAPALI	kok	BUYUK-HARF	OKUNMADI	büyük harfli özel ad eşleşmesi — tek tek okunmadı	1	yer	Vardø	sund, Hamar, Kristiansund, Molde, Alta, Vardø, Kristiansand, Haugesund, Lillehammer, 	1814-01-14 Kiel Antlaşması — Danimarka'nın Norveç'i İsveç'e bırakışı
1814-01-14	Ålesund	yerlesimler_ek7.js	GUN-KAPALI	kok	BUYUK-HARF	OKUNMADI	büyük harfli özel ad eşleşmesi — tek tek okunmadı	1	yer	Alesund	ondheim, Oslo, Stavanger, Tromsø, Bodø, Alesund, Hamar, Kristiansund, Molde, Alta, Vard	1814-01-14 Kiel Antlaşması — Danimarka'nın Norveç'i İsveç'e bırakışı
1814-01-28	Dubrovnik	yerlesimler.js	GUN-KAPALI	yer_id	BAGIMSIZ	GERCEK-BAGIMSIZ	yer_id/merkez yolu kökten bağımsız kapatıyor	1				1814-01-28 Dubrovnik'te Fransız idaresinin sonu — eski Osmanlı haraçgüzârı şehre 
1814-02-04	Gdansk	yerlesimler.js	GUN-KAPALI	yer_id	BAGIMSIZ	GERCEK-BAGIMSIZ	yer_id/merkez yolu kökten bağımsız kapatıyor	1				1814-02-04 Danzig'de Rus-Prusya ikili iktidarı sona erdi — Napolyon'un serbest şe
1814-06-03	Innsbruck	yerlesimler_a78_avrupa.js	GUN-KAPALI	yer_id	BAGIMSIZ	GERCEK-BAGIMSIZ	yer_id/merkez yolu kökten bağımsız kapatıyor	1				1814-06-03 Paris antlaşması: Tirol Avusturya'ya döndü
1815-05-03	Krakov	yerlesimler.js	GUN-KAPALI	yer_id	BAGIMSIZ	GERCEK-BAGIMSIZ	yer_id/merkez yolu kökten bağımsız kapatıyor	1				1815-05-03 Viyana'da Krakov serbest, bağımsız ve tarafsız şehir ilân edildi
1815-06-09	Cenova	yerlesimler.js	GUN-MASKELI	kok	BUYUK-HARF	GERCEK-OKUNDU	bağlam elle okundu (bayraklı ya da kısa/eşsesli kök)	1	yer	Cenova	amur, Mons, Tournai, Liege, Luksemburg, Cenova, Varsova, Stralsund, Ypres Napolyon Sav	1815-06-09 Viyana Kongresi Nihai Senedi — Napolyon sonrası Avrupa haritası yenide
1815-06-09	Varşova	yerlesimler.js	GUN-MASKELI	kok	BUYUK-HARF	OKUNMADI	büyük harfli özel ad eşleşmesi — tek tek okunmadı	1	yer	Varsova	ns, Tournai, Liege, Luksemburg, Cenova, Varsova, Stralsund, Ypres Napolyon Savaslari'ni	1815-06-09 Viyana Kongresi Nihai Senedi — Napolyon sonrası Avrupa haritası yenide
1815-11-05	Ayamavra (Lefkada)	yerlesimler.js	GUN-KAPALI	yer_id	BAGIMSIZ	GERCEK-BAGIMSIZ	yer_id/merkez yolu kökten bağımsız kapatıyor	1				1815-11-05 Ayamavra ve İyon Adaları'nın İngiliz himayesine geçişi — Napolyon sonr
1816-01-01	Türabe	yerlesimler_nokta_ortadogu_0917.js	OCAK1	yer_id	BAGIMSIZ	GERCEK-BAGIMSIZ	yer_id/merkez yolu kökten bağımsız kapatıyor	0				1816-01-01 Mısır garnizonları güney Hicaz'da Türabe, Bîşe ve Rânye'den çekildi
1818-01-01	Beaufort West	yerlesimler_afrika2.js	OCAK1	yer_id	BAGIMSIZ	GERCEK-BAGIMSIZ	yer_id/merkez yolu kökten bağımsız kapatıyor	0				1818-01-01 Beaufort (Beaufort West) kasabası kuruldu
1818-09-09	Dir'iye (Necid)	yerlesimler.js	GUN-MASKELI	yer_id	BAGIMSIZ	GERCEK-BAGIMSIZ	yer_id/merkez yolu kökten bağımsız kapatıyor	0				1818-09-09 Dir'iye düştü — ilk Suûdî Devleti sona erdi
1819-05-10	Parga	yerlesimler.js	GUN-KAPALI	yer_id	BAGIMSIZ	GERCEK-BAGIMSIZ	yer_id/merkez yolu kökten bağımsız kapatıyor	0				1819-05-10 Parga'nın Osmanlı idaresine bırakılması
1819-08-13	Dilem (Harc)	yerlesimler_nokta_ortadogu_0917.js	GUN-MASKELI	yer_id	BAGIMSIZ	GERCEK-BAGIMSIZ	yer_id/merkez yolu kökten bağımsız kapatıyor	0				1819-08-13 Mısır garnizonu Harc'taki Süleymiye'den çekilip Menfûha'ya ulaştı — Ne
1820-01-08	Abu Dabi	yerlesimler.js	GUN-KAPALI	kok	BUYUK-HARF	OKUNMADI	büyük harfli özel ad eşleşmesi — tek tek okunmadı	1	yer	Abu Dabi	 basladi Ras el-Hayme (Culfar), Sarika, Abu Dabi Ingiltere, 1819'da Ras el-Hayme'yi bomb	1820-01-08 Genel Deniz Antlaşması — Umman'ın Korsan Kıyısı üzerindeki hâkimiyeti 
1820-01-08	Ras el-Hayme (Cülfâr)	yerlesimler.js	GUN-KAPALI	kok	BUYUK-HARF	OKUNMADI	büyük harfli özel ad eşleşmesi — tek tek okunmadı	1	yer	Ras el-Hayme	i sona erdi, Ingiltere himayeye basladi Ras el-Hayme (Culfar), Sarika, Abu Dabi Ingiltere, 1	1820-01-08 Genel Deniz Antlaşması — Umman'ın Korsan Kıyısı üzerindeki hâkimiyeti 
1820-01-08	Şârika	yerlesimler.js	GUN-KAPALI	yer_id	BAGIMSIZ	GERCEK-BAGIMSIZ	yer_id/merkez yolu kökten bağımsız kapatıyor	1				1820-01-08 Genel Deniz Antlaşması — Umman'ın Korsan Kıyısı üzerindeki hâkimiyeti 
1821-01-04	Dongola	yerlesimler.js	GUN-MASKELI	yer_id	BAGIMSIZ	GERCEK-BAGIMSIZ	yer_id/merkez yolu kökten bağımsız kapatıyor	0				1821-01-04 Dongola alındı — Kölemen bakiyesi dağıtıldı
1821-03-25	Atina	yerlesimler.js	GUN-MASKELI	kok	BUYUK-HARF	GERCEK-OKUNDU	bağlam elle okundu (bayraklı ya da kısa/eşsesli kök)	0	d	Atina	 tarihte elden cikan diger yerlesimler: Atina, Balyabadra (Patras), Istefe (Tebai), L	1821-03-25 Yunan İsyanı başladı
1821-03-25	Balyabadra (Patras)	yerlesimler.js	GUN-MASKELI	kok	BUYUK-HARF	OKUNMADI	büyük harfli özel ad eşleşmesi — tek tek okunmadı	0	d	Balyabadra	e elden cikan diger yerlesimler: Atina, Balyabadra (Patras), Istefe (Tebai), Livadya.	1821-03-25 Yunan İsyanı başladı
1821-03-25	Damala (Troizen)	yerlesimler.js	GUN-MASKELI	merkez	BAGIMSIZ	GERCEK-BAGIMSIZ	yer_id/merkez yolu kökten bağımsız kapatıyor	0		Mora (Tripoliçe)		1821-03-25 Yunan İsyanı başladı
1821-03-25	Elafonisos (Cervi)	yerlesimler_ek_adalar.js	GUN-MASKELI	merkez	BAGIMSIZ	GERCEK-BAGIMSIZ	yer_id/merkez yolu kökten bağımsız kapatıyor	0		Mora (Tripoliçe)		1821-03-25 Yunan İsyanı başladı
1821-03-25	Ermiyoni (Hermione)	yerlesimler.js	GUN-MASKELI	merkez	BAGIMSIZ	GERCEK-BAGIMSIZ	yer_id/merkez yolu kökten bağımsız kapatıyor	0		Mora (Tripoliçe)		1821-03-25 Yunan İsyanı başladı
1821-03-25	Kranidi	yerlesimler.js	GUN-MASKELI	merkez	BAGIMSIZ	GERCEK-BAGIMSIZ	yer_id/merkez yolu kökten bağımsız kapatıyor	0		Mora (Tripoliçe)		1821-03-25 Yunan İsyanı başladı
1821-03-25	Livadya	yerlesimler.js	GUN-MASKELI	kok	BUYUK-HARF	OKUNMADI	büyük harfli özel ad eşleşmesi — tek tek okunmadı	0	d	Livadya	a, Balyabadra (Patras), Istefe (Tebai), Livadya.	1821-03-25 Yunan İsyanı başladı
1821-03-25	Methana	yerlesimler.js	GUN-MASKELI	merkez	BAGIMSIZ	GERCEK-BAGIMSIZ	yer_id/merkez yolu kökten bağımsız kapatıyor	0		Mora (Tripoliçe)		1821-03-25 Yunan İsyanı başladı
1821-03-25	Modon	yerlesimler.js	GUN-MASKELI	merkez	BAGIMSIZ	GERCEK-BAGIMSIZ	yer_id/merkez yolu kökten bağımsız kapatıyor	0		Mora (Tripoliçe)		1821-03-25 Yunan İsyanı başladı
1821-03-25	Mora (Tripoliçe)	yerlesimler.js	GUN-MASKELI	yer_id	BAGIMSIZ	GERCEK-BAGIMSIZ	yer_id/merkez yolu kökten bağımsız kapatıyor	0				1821-03-25 Yunan İsyanı başladı
1821-03-25	Çamlıca (Hidra)	yerlesimler.js	GUN-MASKELI	merkez	BAGIMSIZ	GERCEK-BAGIMSIZ	yer_id/merkez yolu kökten bağımsız kapatıyor	0		Mora (Tripoliçe)		1821-03-25 Yunan İsyanı başladı
1821-03-25	İstefe (Tebai)	yerlesimler.js	GUN-MASKELI	kok	BUYUK-HARF	OKUNMADI	büyük harfli özel ad eşleşmesi — tek tek okunmadı	0	d	Istefe	erlesimler: Atina, Balyabadra (Patras), Istefe (Tebai), Livadya.	1821-03-25 Yunan İsyanı başladı
1821-06-14	Hartum	yerlesimler.js	GUN-KAPALI	kok	BUYUK-HARF	OKUNMADI	büyük harfli özel ad eşleşmesi — tek tek okunmadı	1	d	Hartum	gah, kisa surede Sudan'in idare merkezi Hartum'a donustu. Ayni tarihte katilan oteki y	1821-06-14 Sennâr (Fûnc) Sultanlığı teslim oldu
1821-06-14	Sennar	yerlesimler.js	GUN-KAPALI	yer_id	BAGIMSIZ	GERCEK-BAGIMSIZ	yer_id/merkez yolu kökten bağımsız kapatıyor	1				1821-06-14 Sennâr (Fûnc) Sultanlığı teslim oldu
1821-08-19	Kordofan	yerlesimler.js	GUN-MASKELI	kok	BUYUK-HARF	OKUNMADI	büyük harfli özel ad eşleşmesi — tek tek okunmadı	0	b	Kordofan	Kordofan ele gecirildi Ubeyyid, Kordofan Batiya 	1821-08-19 Kordofan ele geçirildi
1821-08-19	Kordofan (Ubeyyid)	yerlesimler.js	GUN-MASKELI	yer_id	BAGIMSIZ	GERCEK-BAGIMSIZ	yer_id/merkez yolu kökten bağımsız kapatıyor	0				1821-08-19 Kordofan ele geçirildi
1821-09-15	Antigua Guatemala (Santiago de los Caballeros)	yerlesimler_amerika.js	GUN-KAPALI	yer_id	BAGIMSIZ	GERCEK-BAGIMSIZ	yer_id/merkez yolu kökten bağımsız kapatıyor	1				1821-09-15 Orta Amerika Bağımsızlık Bildirisi — Guatemala Genel Kaptanlığı İspany
1821-09-15	Nojpetén (Tayasal / Flores)	yerlesimler_amerika.js	GUN-KAPALI	kok	BUYUK-HARF	OKUNMADI	büyük harfli özel ad eşleşmesi — tek tek okunmadı	1	yer	Nojpeten	Guatemala (Santiago de los Caballeros), Nojpeten (Tayasal / Flores), Guatemala Genel Kap	1821-09-15 Orta Amerika Bağımsızlık Bildirisi — Guatemala Genel Kaptanlığı İspany
1822-12-12	Anabolu (Nauplion)	yerlesimler.js	GUN-KAPALI	yer_id	BAGIMSIZ	GERCEK-BAGIMSIZ	yer_id/merkez yolu kökten bağımsız kapatıyor	0				1822-12-12 Anabolu'nun (Nauplion) isyancılara kaybı
1824-06-01	Dir'iye (Necid)	yerlesimler.js	GUN-MASKELI	kok	BUYUK-HARF	GERCEK-OKUNDU	bağlam elle okundu (bayraklı ya da kısa/eşsesli kök)	0	d	Dir'iye	eti'nin Riyad'da kurulmasi Riyad, Necid Dir'iye'nin 1818'de dusmesi ve ilk Suudi Devlet	1824-06-01 İkinci Suûdî Devleti'nin Riyad'da kurulması
1824-06-01	Riyad	yerlesimler.js	GUN-MASKELI	yer_id	BAGIMSIZ	GERCEK-BAGIMSIZ	yer_id/merkez yolu kökten bağımsız kapatıyor	0				1824-06-01 İkinci Suûdî Devleti'nin Riyad'da kurulması
1826-01-01	Belh	yerlesimler_ek16.js	OCAK1	yer_id	BAGIMSIZ	GERCEK-BAGIMSIZ	yer_id/merkez yolu kökten bağımsız kapatıyor	1				1826-01-01 Belh Buhara emîrinin işgaline uğradı
1828-02-22	Astara	yerlesimler.js	GUN-KAPALI	kok	BUYUK-HARF	OKUNMADI	büyük harfli özel ad eşleşmesi — tek tek okunmadı	1	yer	Astara	van (Erivan), Nahcivan, Talis (Lenkeran-Astara) 1826-1828 Rus-Iran Savasi Iran'in agir	1828-02-22 Türkmençay Antlaşması: Revan ve Talış'ın Rusya'ya geçişi
1828-02-22	Lenkeran	yerlesimler.js	GUN-KAPALI	kok	BUYUK-HARF	OKUNMADI	büyük harfli özel ad eşleşmesi — tek tek okunmadı	1	yer	Lenkeran	gecisi Revan (Erivan), Nahcivan, Talis (Lenkeran-Astara) 1826-1828 Rus-Iran Savasi Iran'	1828-02-22 Türkmençay Antlaşması: Revan ve Talış'ın Rusya'ya geçişi
1828-02-22	Nahçıvan	yerlesimler.js	GUN-KAPALI	kok	BUYUK-HARF	OKUNMADI	büyük harfli özel ad eşleşmesi — tek tek okunmadı	1	yer	Nahcivan	alis'in Rusya'ya gecisi Revan (Erivan), Nahcivan, Talis (Lenkeran-Astara) 1826-1828 Rus-	1828-02-22 Türkmençay Antlaşması: Revan ve Talış'ın Rusya'ya geçişi
1828-02-22	Ordubad	yerlesimler.js	GUN-KAPALI	merkez	BAGIMSIZ	GERCEK-BAGIMSIZ	yer_id/merkez yolu kökten bağımsız kapatıyor	1		Nahçıvan		1828-02-22 Türkmençay Antlaşması: Revan ve Talış'ın Rusya'ya geçişi
1828-02-22	Revan	yerlesimler.js	GUN-KAPALI	kok+yer_id	BAGIMSIZ	GERCEK-BAGIMSIZ	yer_id/merkez yolu kökten bağımsız kapatıyor	1	b	Revan	Turkmencay Antlasmasi: Revan ve Nahcivan Rusya'ya, Aras sinir oldu  	1828-02-22 Türkmençay Antlaşması: Revan ve Nahçıvan Rusya'ya, Aras sınır oldu
1828-10-05	Koron	yerlesimler.js	GUN-KAPALI	kok	BUYUK-HARF	OKUNMADI	büyük harfli özel ad eşleşmesi — tek tek okunmadı	0	d	Koron	e elden cikan diger yerlesimler: Modon, Koron.	1828-10-05 Mısır kuvvetleri Mora'yı boşalttı
1829-01-01	Fort Halkett (Liard)	yerlesimler_kamerika.js	OCAK1	yer_id	BAGIMSIZ	GERCEK-BAGIMSIZ	yer_id/merkez yolu kökten bağımsız kapatıyor	0				1829-01-01 Fort Halkett kuruldu — Liard boyunca kürk hattı
1829-01-01	Fort Pitt	yerlesimler_kamerika.js	OCAK1	yer_id	BAGIMSIZ	GERCEK-BAGIMSIZ	yer_id/merkez yolu kökten bağımsız kapatıyor	0				1829-01-01 Fort Pitt kuruldu — Kuzey Saskatchewan'da bizon eti ve kürk merkezi
1829-01-01	Springfield (Missouri, Ozark)	yerlesimler_kamerika.js	OCAK1	yer_id	BAGIMSIZ	GERCEK-BAGIMSIZ	yer_id/merkez yolu kökten bağımsız kapatıyor	0				1829-01-01 Springfield kuruldu — Ozark yaylasında ilk kalıcı yerleşim
1829-05-01	Eğriboz	yerlesimler.js	GUN-KAPALI	kok	BUYUK-HARF	OKUNMADI	büyük harfli özel ad eşleşmesi — tek tek okunmadı	1	b	Egriboz	Inebahti, Egriboz ve Karistos'un Yunanistan'a birakilmasi	1829-05-01 İnebahtı, Eğriboz ve Karistos'un Yunanistan'a bırakılması
1829-05-01	Karistos (Kızılhisar)	yerlesimler.js	GUN-KAPALI	kok	BUYUK-HARF	OKUNMADI	büyük harfli özel ad eşleşmesi — tek tek okunmadı	1	b	Karistos	Inebahti, Egriboz ve Karistos'un Yunanistan'a birakilmasi Inebahti, E	1829-05-01 İnebahtı, Eğriboz ve Karistos'un Yunanistan'a bırakılması
1829-05-01	Oreoi (İstiaia)	yerlesimler.js	GUN-KAPALI	merkez	BAGIMSIZ	GERCEK-BAGIMSIZ	yer_id/merkez yolu kökten bağımsız kapatıyor	1		Eğriboz		1829-05-01 İnebahtı, Eğriboz ve Karistos'un Yunanistan'a bırakılması
1829-05-01	İnebahtı	yerlesimler.js	GUN-KAPALI	yer_id	BAGIMSIZ	GERCEK-BAGIMSIZ	yer_id/merkez yolu kökten bağımsız kapatıyor	1				1829-05-01 İnebahtı, Eğriboz ve Karistos'un Yunanistan'a bırakılması
1829-09-14	Ahıska	yerlesimler.js	GUN-MASKELI	kok+yer_id	BAGIMSIZ	GERCEK-BAGIMSIZ	yer_id/merkez yolu kökten bağımsız kapatıyor	1	d	Ahiska	cikan diger yerlesimler: Ibrail, Anapa, Ahiska. Antlasma topragi geri verse de isgali 	1829-09-14 Edirne Antlaşması
1829-09-14	Anapa	yerlesimler.js	GUN-MASKELI	kok	BUYUK-HARF	OKUNMADI	büyük harfli özel ad eşleşmesi — tek tek okunmadı	1	d	Anapa	 elden cikan diger yerlesimler: Ibrail, Anapa, Ahiska. Antlasma topragi geri verse de	1829-09-14 Edirne Antlaşması
1830-01-01	Akmola (Akmolinsk)	yerlesimler_ortaasya3.js	OCAK1	yer_id	BAGIMSIZ	GERCEK-BAGIMSIZ	yer_id/merkez yolu kökten bağımsız kapatıyor	1				1830-01-01 Rusya İşim üzerinde Akmola kalesini kurdu
1830-02-03	Andros	yerlesimler.js	GUN-KAPALI	yer_id	BAGIMSIZ	GERCEK-BAGIMSIZ	yer_id/merkez yolu kökten bağımsız kapatıyor	1				1830-02-03 Londra Protokolü — Yunanistan'ın bağımsızlığının tanınması
1830-07-05	Blida	yerlesimler_afrika.js	GUN-KAPALI	merkez	BAGIMSIZ	GERCEK-BAGIMSIZ	yer_id/merkez yolu kökten bağımsız kapatıyor	0		Cezayir		1830-07-05 Cezayir'in Fransız işgali — üç yüz yıllık ocağın sonu
1830-07-05	Cezayir	yerlesimler.js	GUN-KAPALI	kok+yer_id	BAGIMSIZ	GERCEK-BAGIMSIZ	yer_id/merkez yolu kökten bağımsız kapatıyor	0	b	Cezayir	Sidi Ferruc cikarmasi - Fransiz ordusu Cezayir topraginda Sidi Ferruc, Cezayir Uc yill	1830-06-14 Sîdî Ferruc çıkarması — Fransız ordusu Cezayir toprağında
1830-07-05	Medea (Titteri)	yerlesimler.js	GUN-KAPALI	kok+merkez	BAGIMSIZ	GERCEK-BAGIMSIZ	yer_id/merkez yolu kökten bağımsız kapatıyor	0	yer	Medea	 ocagin sonu Cezayir, Tilimsan, Sersel, Medea Bir alacak anlasmazligindan dogan yelpa	1830-07-05 Cezayir'in Fransız işgali — üç yüz yıllık ocağın sonu
1830-07-05	Miliana	yerlesimler_afrika.js	GUN-KAPALI	merkez	BAGIMSIZ	GERCEK-BAGIMSIZ	yer_id/merkez yolu kökten bağımsız kapatıyor	0		Cezayir		1830-07-05 Cezayir'in Fransız işgali — üç yüz yıllık ocağın sonu
1830-07-05	Tilimsan	yerlesimler.js	GUN-KAPALI	kok+merkez	BAGIMSIZ	GERCEK-BAGIMSIZ	yer_id/merkez yolu kökten bağımsız kapatıyor	0	yer	Tilimsan	li - uc yuz yillik ocagin sonu Cezayir, Tilimsan, Sersel, Medea Bir alacak anlasmazligin	1830-07-05 Cezayir'in Fransız işgali — üç yüz yıllık ocağın sonu
1830-07-05	Şerşel (Cherchell)	yerlesimler.js	GUN-KAPALI	kok+merkez	BAGIMSIZ	GERCEK-BAGIMSIZ	yer_id/merkez yolu kökten bağımsız kapatıyor	0	yer	Sersel	z yillik ocagin sonu Cezayir, Tilimsan, Sersel, Medea Bir alacak anlasmazligindan doga	1830-07-05 Cezayir'in Fransız işgali — üç yüz yıllık ocağın sonu
1831-01-04	Mersa'l-Kebîr	yerlesimler_ek3.js	GUN-KAPALI	merkez	BAGIMSIZ	GERCEK-BAGIMSIZ	yer_id/merkez yolu kökten bağımsız kapatıyor	0		Oran		1831-01-04 Vehrân'ın (Oran) Fransızlarca işgali
1831-01-04	Oran	yerlesimler.js	GUN-KAPALI	yer_id	BAGIMSIZ	GERCEK-BAGIMSIZ	yer_id/merkez yolu kökten bağımsız kapatıyor	0				1831-01-04 Vehrân'ın (Oran) Fransızlarca işgali
1832-01-01	İzdin (Lamia)	yerlesimler.js	OCAK1	yer_id	BAGIMSIZ	GERCEK-BAGIMSIZ	yer_id/merkez yolu kökten bağımsız kapatıyor	1				1832-01-01 İzdin (Lamia) Yunanistan sınırları içinde kaldı — Arta-Volos hattı
1832-03-01	Annaba	yerlesimler.js	GUN-KAPALI	yer_id	BAGIMSIZ	GERCEK-BAGIMSIZ	yer_id/merkez yolu kökten bağımsız kapatıyor	0				1832-03-01 Annaba'nın (Bône) işgali
1832-11-22	Ayn Temûşent	yerlesimler_afrika.js	GUN-KAPALI	merkez	BAGIMSIZ	GERCEK-BAGIMSIZ	yer_id/merkez yolu kökten bağımsız kapatıyor	1		Cezayir		1832-11-22 Emîr Abdülkādir'in devletinin kuruluşu — batı Cezayir'de direnişin mer
1832-11-22	Bû Sa'âde	yerlesimler_afrika.js	GUN-KAPALI	merkez	BAGIMSIZ	GERCEK-BAGIMSIZ	yer_id/merkez yolu kökten bağımsız kapatıyor	1		Cezayir		1832-11-22 Emîr Abdülkādir'in devletinin kuruluşu — batı Cezayir'de direnişin mer
1832-11-22	Dellîs	yerlesimler_afrika.js	GUN-KAPALI	merkez	BAGIMSIZ	GERCEK-BAGIMSIZ	yer_id/merkez yolu kökten bağımsız kapatıyor	1		Cezayir		1832-11-22 Emîr Abdülkādir'in devletinin kuruluşu — batı Cezayir'de direnişin mer
1832-11-22	Mesîle	yerlesimler_afrika.js	GUN-KAPALI	merkez	BAGIMSIZ	GERCEK-BAGIMSIZ	yer_id/merkez yolu kökten bağımsız kapatıyor	1		Cezayir		1832-11-22 Emîr Abdülkādir'in devletinin kuruluşu — batı Cezayir'de direnişin mer
1832-11-22	Muaskar	yerlesimler_afrika.js	GUN-KAPALI	yer_id	BAGIMSIZ	GERCEK-BAGIMSIZ	yer_id/merkez yolu kökten bağımsız kapatıyor	1				1832-11-22 Emîr Abdülkādir'in devletinin kuruluşu — batı Cezayir'de direnişin mer
1832-11-22	Mustagānim	yerlesimler_afrika.js	GUN-KAPALI	merkez	BAGIMSIZ	GERCEK-BAGIMSIZ	yer_id/merkez yolu kökten bağımsız kapatıyor	1		Cezayir		1832-11-22 Emîr Abdülkādir'in devletinin kuruluşu — batı Cezayir'de direnişin mer
1832-11-22	Nedrûme	yerlesimler_afrika.js	GUN-KAPALI	merkez	BAGIMSIZ	GERCEK-BAGIMSIZ	yer_id/merkez yolu kökten bağımsız kapatıyor	1		Cezayir		1832-11-22 Emîr Abdülkādir'in devletinin kuruluşu — batı Cezayir'de direnişin mer
1832-11-22	Sîdî Bel Abbès	yerlesimler_afrika.js	GUN-KAPALI	merkez	BAGIMSIZ	GERCEK-BAGIMSIZ	yer_id/merkez yolu kökten bağımsız kapatıyor	1		Cezayir		1832-11-22 Emîr Abdülkādir'in devletinin kuruluşu — batı Cezayir'de direnişin mer
1832-11-22	Tenes	yerlesimler_afrika.js	GUN-KAPALI	merkez	BAGIMSIZ	GERCEK-BAGIMSIZ	yer_id/merkez yolu kökten bağımsız kapatıyor	1		Cezayir		1832-11-22 Emîr Abdülkādir'in devletinin kuruluşu — batı Cezayir'de direnişin mer
1832-11-22	Şelif	yerlesimler_afrika.js	GUN-KAPALI	merkez	BAGIMSIZ	GERCEK-BAGIMSIZ	yer_id/merkez yolu kökten bağımsız kapatıyor	1		Cezayir		1832-11-22 Emîr Abdülkādir'in devletinin kuruluşu — batı Cezayir'de direnişin mer
1833-09-29	Bicâye	yerlesimler.js	GUN-KAPALI	yer_id	BAGIMSIZ	GERCEK-BAGIMSIZ	yer_id/merkez yolu kökten bağımsız kapatıyor	0				1833-09-29 Bicâye'nin (Bougie) işgali
1837-10-13	Kalme (Guelma)	yerlesimler_afrika.js	GUN-KAPALI	merkez	BAGIMSIZ	GERCEK-BAGIMSIZ	yer_id/merkez yolu kökten bağımsız kapatıyor	0		Cezayir		1837-10-13 Konstantin'in düşüşü — doğu Cezayir beyliğinin sonu
1837-10-13	Konstantin	yerlesimler.js	GUN-KAPALI	yer_id	BAGIMSIZ	GERCEK-BAGIMSIZ	yer_id/merkez yolu kökten bağımsız kapatıyor	0				1837-10-13 Konstantin'in düşüşü — doğu Cezayir beyliğinin sonu
1837-10-13	Mîle	yerlesimler_afrika.js	GUN-KAPALI	merkez	BAGIMSIZ	GERCEK-BAGIMSIZ	yer_id/merkez yolu kökten bağımsız kapatıyor	0		Cezayir		1837-10-13 Konstantin'in düşüşü — doğu Cezayir beyliğinin sonu
1838-01-01	Soçi (Sâşe)	yerlesimler.js	OCAK1	yer_id	BAGIMSIZ	GERCEK-BAGIMSIZ	yer_id/merkez yolu kökten bağımsız kapatıyor	1				1838-01-01 Ruslar Çerkez kıyısında Soçi ve Tuapse limanlarını aldı
1838-01-01	Tuapse	yerlesimler.js	OCAK1	kok	BUYUK-HARF	OKUNMADI	büyük harfli özel ad eşleşmesi — tek tek okunmadı	1	b	Tuapse	Ruslar Cerkez kiyisinda Soci ve Tuapse limanlarini aldi Soci, Tuapse (Cerkez k	1838-01-01 Ruslar Çerkez kıyısında Soçi ve Tuapse limanlarını aldı
1838-10-13	Berc Bû Areric	yerlesimler_afrika.js	GUN-KAPALI	merkez	BAGIMSIZ	GERCEK-BAGIMSIZ	yer_id/merkez yolu kökten bağımsız kapatıyor	0		Cezayir		1838-10-13 Setif'in işgali
1838-10-13	Kolo	yerlesimler_afrika.js	GUN-KAPALI	merkez	BAGIMSIZ	GERCEK-BAGIMSIZ	yer_id/merkez yolu kökten bağımsız kapatıyor	0		Cezayir		1838-10-13 Setif'in işgali
1838-10-13	Setif	yerlesimler.js	GUN-KAPALI	yer_id	BAGIMSIZ	GERCEK-BAGIMSIZ	yer_id/merkez yolu kökten bağımsız kapatıyor	0				1838-10-13 Setif'in işgali
1838-10-13	Sikikde	yerlesimler_afrika.js	GUN-KAPALI	merkez	BAGIMSIZ	GERCEK-BAGIMSIZ	yer_id/merkez yolu kökten bağımsız kapatıyor	0		Cezayir		1838-10-13 Setif'in işgali
1839-01-01	Sutter's Fort (Sacramento)	yerlesimler_kamerika.js	OCAK1	yer_id	BAGIMSIZ	GERCEK-BAGIMSIZ	yer_id/merkez yolu kökten bağımsız kapatıyor	1				1839-01-01 Nueva Helvetia kuruldu — Meksika, Sacramento vadisini iskâna açtı
1839-01-19	Aden	yerlesimler.js	GUN-KAPALI	yer_id	BAGIMSIZ	GERCEK-BAGIMSIZ	yer_id/merkez yolu kökten bağımsız kapatıyor	1				1839-01-19 İngilizlerin Aden'e yerleşmesi
1841-10-01	Cübeyl	yerlesimler.js	GUN-KAPALI	kok	BUYUK-HARF	OKUNMADI	büyük harfli özel ad eşleşmesi — tek tek okunmadı	0	d	Cubeyl	e dogu Arabistan'i (Ahsa, Katif, Ukayr, Cubeyl dahil) isgal etmisti; 1840 Londra Bogaz	1841-10-01 Mısır kuvvetleri Ahsâ (Lahsa) bölgesinden çekildi
1841-10-01	Katîf	yerlesimler.js	GUN-KAPALI	kok	BUYUK-HARF	OKUNMADI	büyük harfli özel ad eşleşmesi — tek tek okunmadı	0	d	Katif	836'da Necid ve dogu Arabistan'i (Ahsa, Katif, Ukayr, Cubeyl dahil) isgal etmisti; 18	1841-10-01 Mısır kuvvetleri Ahsâ (Lahsa) bölgesinden çekildi
1841-10-01	Lahsa	yerlesimler.js	GUN-KAPALI	yer_id	BAGIMSIZ	GERCEK-BAGIMSIZ	yer_id/merkez yolu kökten bağımsız kapatıyor	0				1841-10-01 Mısır kuvvetleri Ahsâ (Lahsa) bölgesinden çekildi
1841-10-01	Ukayr (Uceyr)	yerlesimler.js	GUN-KAPALI	kok	BUYUK-HARF	OKUNMADI	büyük harfli özel ad eşleşmesi — tek tek okunmadı	0	d	Ukayr	Necid ve dogu Arabistan'i (Ahsa, Katif, Ukayr, Cubeyl dahil) isgal etmisti; 1840 Lond	1841-10-01 Mısır kuvvetleri Ahsâ (Lahsa) bölgesinden çekildi
1843-01-01	Tenes	yerlesimler_afrika.js	OCAK1	kok	BUYUK-HARF	OKUNMADI	büyük harfli özel ad eşleşmesi — tek tek okunmadı	0	b	Tenes	Selif vadisi ve Tenes'in isgali - Orleansville'in kurulmasi S	1843-01-01 Şelif vadisi ve Tenes'in işgali — Orléansville'in kurulması
1843-01-01	Şelif	yerlesimler_afrika.js	OCAK1	yer_id	BAGIMSIZ	GERCEK-BAGIMSIZ	yer_id/merkez yolu kökten bağımsız kapatıyor	0				1843-01-01 Şelif vadisi ve Tenes'in işgali — Orléansville'in kurulması
1843-06-12	Sîdî Bel Abbès	yerlesimler_afrika.js	GUN-KAPALI	yer_id	BAGIMSIZ	GERCEK-BAGIMSIZ	yer_id/merkez yolu kökten bağımsız kapatıyor	0				1843-06-12 Sîdî Bel Abbès müstahkem kampının kurulması
1844-01-01	Nedrûme	yerlesimler_afrika.js	OCAK1	yer_id	BAGIMSIZ	GERCEK-BAGIMSIZ	yer_id/merkez yolu kökten bağımsız kapatıyor	0				1844-01-01 Nedrûme ve Fas sınır kuşağının Fransız denetimine geçişi
1844-03-04	Biskra	yerlesimler.js	GUN-MASKELI	yer_id	BAGIMSIZ	GERCEK-BAGIMSIZ	yer_id/merkez yolu kökten bağımsız kapatıyor	0				1844-03-04 Biskra'nın işgali — Sahra kapısının kaybı
1846-11-11	Krakov	yerlesimler.js	GUN-KAPALI	yer_id	BAGIMSIZ	GERCEK-BAGIMSIZ	yer_id/merkez yolu kökten bağımsız kapatıyor	1				1846-11-11 Krakov Serbest Şehri kaldırıldı, Avusturya'ya katıldı
1847-01-01	Kopal (Kapal)	yerlesimler_ortaasya3.js	OCAK1	yer_id	BAGIMSIZ	GERCEK-BAGIMSIZ	yer_id/merkez yolu kökten bağımsız kapatıyor	1				1847-01-01 Kopal tahkimatı kuruldu — Kuzey Yedisu Rusya'ya bağlanmaya başladı
1849-01-01	Hudeyde	yerlesimler.js	OCAK1	yer_id	BAGIMSIZ	GERCEK-BAGIMSIZ	yer_id/merkez yolu kökten bağımsız kapatıyor	0				1849-01-01 Tihâme sahiline dönüş: Hudeyde, Zebîd ve Moha'nın alınması
1849-01-01	Moha	yerlesimler.js	OCAK1	kok	BUYUK-HARF	GERCEK-OKUNDU	bağlam elle okundu (bayraklı ya da kısa/eşsesli kök)	0	b	Moha	ihame sahiline donus: Hudeyde, Zebid ve Moha'nin alinmasi Hudeyde, Zebid, Moha (Tiha	1849-01-01 Tihâme sahiline dönüş: Hudeyde, Zebîd ve Moha'nın alınması
1849-01-01	Zebîd	yerlesimler.js	OCAK1	kok	BUYUK-HARF	OKUNMADI	büyük harfli özel ad eşleşmesi — tek tek okunmadı	0	b	Zebid	Tihame sahiline donus: Hudeyde, Zebid ve Moha'nin alinmasi Hudeyde, Zebid, Mo	1849-01-01 Tihâme sahiline dönüş: Hudeyde, Zebîd ve Moha'nın alınması
1851-09-17	Crow Agency (Apsáalooke)	yerlesimler_kamerika.js	GUN-MASKELI	yer_id	BAGIMSIZ	GERCEK-BAGIMSIZ	yer_id/merkez yolu kökten bağımsız kapatıyor	0				1851-09-17 Fort Laramie Antlaşması — Kuzey Ovalar'da sınırlar çizildi
1852-01-01	Tabora (Kazeh)	yerlesimler_afrika2.js	OCAK1	yer_id	BAGIMSIZ	GERCEK-BAGIMSIZ	yer_id/merkez yolu kökten bağımsız kapatıyor	0				1852-01-01 Kıyı tüccarları Kazeh'e (Tabora) yerleşti
1852-12-04	Ağvât	yerlesimler_afrika.js	GUN-MASKELI	yer_id	BAGIMSIZ	GERCEK-BAGIMSIZ	yer_id/merkez yolu kökten bağımsız kapatıyor	0				1852-12-04 Ağvât'ın (Laghouat) düşüşü — Sahra kapısının açılması
1853-07-28	Ak-Meçit (Perovsk)	yerlesimler_ortaasya3.js	GUN-KAPALI	yer_id	BAGIMSIZ	GERCEK-BAGIMSIZ	yer_id/merkez yolu kökten bağımsız kapatıyor	1				1853-07-28 Ak-Meçit Kalesi Rus kuvvetlerince alındı — Hokand Hanlığı'nın Sirderya
1854-12-02	Tuggurt	yerlesimler.js	GUN-KAPALI	yer_id	BAGIMSIZ	GERCEK-BAGIMSIZ	yer_id/merkez yolu kökten bağımsız kapatıyor	0				1854-12-02 Tuggurt'un işgali — Cezayir'in tamamının elden çıkışı
1856-03-30	Bolgrad (Bolhrad)	yerlesimler_p0037.js	GUN-MASKELI	kok	BUYUK-HARF	OKUNMADI	büyük harfli özel ad eşleşmesi — tek tek okunmadı	0	yer	Bolgrad	 sistemine kabulu Paris, Ismail, Kahul, Bolgrad (Guney Besarabya) Kirim Savasi'ni bitir	1856-03-30 Paris Antlaşması: Kırım Savaşı'nın sonu ve Osmanlı'nın Avrupa devletle
1856-03-30	Kahul (Cahul)	yerlesimler_p0037.js	GUN-MASKELI	kok	BUYUK-HARF	OKUNMADI	büyük harfli özel ad eşleşmesi — tek tek okunmadı	0	yer	Kahul	vletler sistemine kabulu Paris, Ismail, Kahul, Bolgrad (Guney Besarabya) Kirim Savasi	1856-03-30 Paris Antlaşması: Kırım Savaşı'nın sonu ve Osmanlı'nın Avrupa devletle
1856-03-30	İsmail	yerlesimler.js	GUN-MASKELI	yer_id	BAGIMSIZ	GERCEK-BAGIMSIZ	yer_id/merkez yolu kökten bağımsız kapatıyor	0				1856-03-30 Paris Antlaşması: Kırım Savaşı'nın sonu ve Osmanlı'nın Avrupa devletle
1861-01-01	Cenne (Djenné)	yerlesimler_e9353f.js	OCAK1	yer_id	BAGIMSIZ	GERCEK-BAGIMSIZ	yer_id/merkez yolu kökten bağımsız kapatıyor	0				1861-01-01 El-Hâc Ömer'in Fûlânîleri Cenne'yi aldı
1861-02-13	Brindisi	yerlesimler.js	GUN-MASKELI	kok	BUYUK-HARF	OKUNMADI	büyük harfli özel ad eşleşmesi — tek tek okunmadı	0	yer	Brindisi	cilya Kralligi'nin cokusu Napoli, Bari, Brindisi, Lecce, Foggia, Taranto, Reggio Calabri	1861-02-13 Gaeta Kuşatması'nın sonu — İki Sicilya Krallığı'nın çöküşü
1861-02-13	Lecce	yerlesimler.js	GUN-MASKELI	kok	BUYUK-HARF	OKUNMADI	büyük harfli özel ad eşleşmesi — tek tek okunmadı	0	yer	Lecce	ligi'nin cokusu Napoli, Bari, Brindisi, Lecce, Foggia, Taranto, Reggio Calabria, Kata	1861-02-13 Gaeta Kuşatması'nın sonu — İki Sicilya Krallığı'nın çöküşü
1861-02-13	Messina	yerlesimler.js	GUN-MASKELI	kok	BUYUK-HARF	OKUNMADI	büyük harfli özel ad eşleşmesi — tek tek okunmadı	0	yer	Messina	o Calabria, Katanya (Catania), Palermo, Messina, Cosenza, L'Aquila, Sirakuza Garibaldi'	1861-02-13 Gaeta Kuşatması'nın sonu — İki Sicilya Krallığı'nın çöküşü
1861-02-13	Napoli	yerlesimler.js	GUN-MASKELI	yer_id	BAGIMSIZ	GERCEK-BAGIMSIZ	yer_id/merkez yolu kökten bağımsız kapatıyor	0				1861-02-13 Gaeta Kuşatması'nın sonu — İki Sicilya Krallığı'nın çöküşü
1861-02-13	Palermo	yerlesimler.js	GUN-MASKELI	kok	BUYUK-HARF	OKUNMADI	büyük harfli özel ad eşleşmesi — tek tek okunmadı	0	yer	Palermo	to, Reggio Calabria, Katanya (Catania), Palermo, Messina, Cosenza, L'Aquila, Sirakuza G	1861-02-13 Gaeta Kuşatması'nın sonu — İki Sicilya Krallığı'nın çöküşü
1861-02-13	Sirakuza	yerlesimler.js	GUN-MASKELI	kok	BUYUK-HARF	OKUNMADI	büyük harfli özel ad eşleşmesi — tek tek okunmadı	0	yer	Sirakuza	), Palermo, Messina, Cosenza, L'Aquila, Sirakuza Garibaldi'nin Mayis 1860'ta Sicilya'ya 	1861-02-13 Gaeta Kuşatması'nın sonu — İki Sicilya Krallığı'nın çöküşü
1861-02-13	Taranto	yerlesimler.js	GUN-MASKELI	kok	BUYUK-HARF	OKUNMADI	büyük harfli özel ad eşleşmesi — tek tek okunmadı	0	yer	Taranto	 Napoli, Bari, Brindisi, Lecce, Foggia, Taranto, Reggio Calabria, Katanya (Catania), Pa	1861-02-13 Gaeta Kuşatması'nın sonu — İki Sicilya Krallığı'nın çöküşü
1861-03-17	Cenova	yerlesimler.js	GUN-KAPALI	kok	BUYUK-HARF	GERCEK-OKUNDU	bağlam elle okundu (bayraklı ya da kısa/eşsesli kök)	1	yer	Cenova	y Italya'nin birlesmesi Torino, Milano, Cenova, Floransa, Pisa, Siena, Elba, Bolonya, 	1861-03-17 İtalya Krallığı'nın ilânı — Sardinya, Toskana ve güney İtalya'nın birl
1861-03-17	Floransa	yerlesimler.js	GUN-KAPALI	kok	BUYUK-HARF	OKUNMADI	büyük harfli özel ad eşleşmesi — tek tek okunmadı	1	yer	Floransa	'nin birlesmesi Torino, Milano, Cenova, Floransa, Pisa, Siena, Elba, Bolonya, Ferrara, A	1861-03-17 İtalya Krallığı'nın ilânı — Sardinya, Toskana ve güney İtalya'nın birl
1861-03-17	Kalyari (Cagliari)	yerlesimler.js	GUN-KAPALI	kok	BUYUK-HARF	OKUNMADI	büyük harfli özel ad eşleşmesi — tek tek okunmadı	1	yer	Kalyari	nya, Ferrara, Ancona, Bergamo, Brescia, Kalyari (Cagliari), Sasari (Sassari) Italyan pa	1861-03-17 İtalya Krallığı'nın ilânı — Sardinya, Toskana ve güney İtalya'nın birl
1861-03-17	Milano	yerlesimler.js	GUN-KAPALI	kok	BUYUK-HARF	OKUNMADI	büyük harfli özel ad eşleşmesi — tek tek okunmadı	1	yer	Milano	 ve guney Italya'nin birlesmesi Torino, Milano, Cenova, Floransa, Pisa, Siena, Elba, B	1861-03-17 İtalya Krallığı'nın ilânı — Sardinya, Toskana ve güney İtalya'nın birl
1861-03-17	Sasari (Sassari)	yerlesimler.js	GUN-KAPALI	kok	BUYUK-HARF	OKUNMADI	büyük harfli özel ad eşleşmesi — tek tek okunmadı	1	yer	Sasari	, Bergamo, Brescia, Kalyari (Cagliari), Sasari (Sassari) Italyan parlamentosunun Torin	1861-03-17 İtalya Krallığı'nın ilânı — Sardinya, Toskana ve güney İtalya'nın birl
1861-03-17	Torino	yerlesimler.js	GUN-KAPALI	kok+yer_id	BAGIMSIZ	GERCEK-BAGIMSIZ	yer_id/merkez yolu kökten bağımsız kapatıyor	1	b	Torino	Torino sinir sozlesmesi - Savoy ve Nice'in dev	1861-03-07 Torino sınır sözleşmesi — Savoy ve Nice'in devrinden sonra Fransa–Sard
1861-05-31	Manama (Bahreyn)	yerlesimler.js	GUN-KAPALI	yer_id	BAGIMSIZ	GERCEK-BAGIMSIZ	yer_id/merkez yolu kökten bağımsız kapatıyor	1				1861-05-31 Bahreyn'in İngiltere ile antlaşması — körfezde himaye düzenine giriş
1862-05-16	Hamdullahi	yerlesimler_afrika2.js	GUN-KAPALI	yer_id	BAGIMSIZ	GERCEK-BAGIMSIZ	yer_id/merkez yolu kökten bağımsız kapatıyor	1				1862-05-16 El-Hâc Ömer Hamdullahi'yi aldı — Mâsînâ Devleti'nin sonu
1866-10-18	Cizzah	yerlesimler_ek14.js	GUN-KAPALI	yer_id	BAGIMSIZ	GERCEK-BAGIMSIZ	yer_id/merkez yolu kökten bağımsız kapatıyor	1				1866-10-18 Cizzah'ın (Jizzakh) Rusya'ya düşüşü — Buhara Emirliği'nin Sirderya hat
1867-07-01	Quebec	yerlesimler_amerika.js	GUN-KAPALI	kok	BUYUK-HARF	OKUNMADI	büyük harfli özel ad eşleşmesi — tek tek okunmadı	1	d	Quebec	baslangicta Nova Scotia, New Brunswick, Quebec ve Ontario'dan olusuyordu. Bu yuzden AB	1867-07-01 Kanada Dominyonu kuruldu — ABD ile doğu sınırı yeni devlete geçti
1868-01-01	Doha (Katar)	yerlesimler.js	OCAK1	yer_id	BAGIMSIZ	GERCEK-BAGIMSIZ	yer_id/merkez yolu kökten bağımsız kapatıyor	1				1868-01-01 Katar'da Âl-i Sânî öne çıktı — İngiliz müdahalesi ve Bahreyn'e vergi
1870-09-20	Roma	yerlesimler.js	GUN-KAPALI	yer_id	BAGIMSIZ	GERCEK-BAGIMSIZ	yer_id/merkez yolu kökten bağımsız kapatıyor	1				1870-09-20 İtalyan birlikleri Roma'ya girdi — Papalık Devleti'nin sonu ve İtalyan
1871-01-01	Ebha (Asir)	yerlesimler.js	OCAK1	yer_id	BAGIMSIZ	GERCEK-BAGIMSIZ	yer_id/merkez yolu kökten bağımsız kapatıyor	0				1871-01-01 Asîr'in doğrudan idareye alınması
1871-04-20	Cübeyl	yerlesimler.js	GUN-KAPALI	merkez	BAGIMSIZ	GERCEK-BAGIMSIZ	yer_id/merkez yolu kökten bağımsız kapatıyor	0		Basra		1871-04-20 Midhat Paşa'nın Necid seferi: Lahsâ'da Osmanlı hâkimiyetinin yeniden k
1871-04-20	Katîf	yerlesimler.js	GUN-KAPALI	merkez	BAGIMSIZ	GERCEK-BAGIMSIZ	yer_id/merkez yolu kökten bağımsız kapatıyor	0		Basra		1871-04-20 Midhat Paşa'nın Necid seferi: Lahsâ'da Osmanlı hâkimiyetinin yeniden k
1871-04-20	Lahsa	yerlesimler.js	GUN-KAPALI	yer_id	BAGIMSIZ	GERCEK-BAGIMSIZ	yer_id/merkez yolu kökten bağımsız kapatıyor	0				1871-04-20 Midhat Paşa'nın Necid seferi: Lahsâ'da Osmanlı hâkimiyetinin yeniden k
1871-04-20	Ukayr (Uceyr)	yerlesimler.js	GUN-KAPALI	merkez	BAGIMSIZ	GERCEK-BAGIMSIZ	yer_id/merkez yolu kökten bağımsız kapatıyor	0		Basra		1871-04-20 Midhat Paşa'nın Necid seferi: Lahsâ'da Osmanlı hâkimiyetinin yeniden k
1871-09-20	Doha (Katar)	yerlesimler.js	GUN-KAPALI	yer_id	BAGIMSIZ	GERCEK-BAGIMSIZ	yer_id/merkez yolu kökten bağımsız kapatıyor	1				1871-09-20 Katar'da Osmanlı kontrolünün kurulması
1872-01-01	Kerene	yerlesimler_afrika.js	OCAK1	yer_id	BAGIMSIZ	GERCEK-BAGIMSIZ	yer_id/merkez yolu kökten bağımsız kapatıyor	0				1872-01-01 Bogos (Kerene) bölgesinin Mısır'a ilhakı
1872-04-01	Kevkebân	yerlesimler_ok104.js	GUN-KAPALI	merkez	BAGIMSIZ	GERCEK-BAGIMSIZ	yer_id/merkez yolu kökten bağımsız kapatıyor	1		Sana		1872-04-01 San'a'nın alınışı: Yemen'de Osmanlı otoritesinin yeniden kurulması
1872-04-01	Sa'de	yerlesimler_ok104.js	GUN-KAPALI	merkez	BAGIMSIZ	GERCEK-BAGIMSIZ	yer_id/merkez yolu kökten bağımsız kapatıyor	1		Sana		1872-04-01 San'a'nın alınışı: Yemen'de Osmanlı otoritesinin yeniden kurulması
1872-04-01	Sana	yerlesimler.js	GUN-KAPALI	yer_id	BAGIMSIZ	GERCEK-BAGIMSIZ	yer_id/merkez yolu kökten bağımsız kapatıyor	1				1872-04-01 San'a'nın alınışı: Yemen'de Osmanlı otoritesinin yeniden kurulması
1872-04-01	Taiz	yerlesimler.js	GUN-KAPALI	kok	BUYUK-HARF	OKUNMADI	büyük harfli özel ad eşleşmesi — tek tek okunmadı	1	d	Taiz	yni tarihte katilan oteki yerler: Sana, Taiz.	1872-04-01 San'a'nın alınışı: Yemen'de Osmanlı otoritesinin yeniden kurulması
1872-04-01	Şehâre	yerlesimler_ok104.js	GUN-KAPALI	merkez	BAGIMSIZ	GERCEK-BAGIMSIZ	yer_id/merkez yolu kökten bağımsız kapatıyor	1		Sana		1872-04-01 San'a'nın alınışı: Yemen'de Osmanlı otoritesinin yeniden kurulması
1874-11-02	Cenîne	yerlesimler_afrika.js	GUN-KAPALI	merkez	BAGIMSIZ	GERCEK-BAGIMSIZ	yer_id/merkez yolu kökten bağımsız kapatıyor	1		El-Fâşir		1874-11-02 Darfur Sultanlığı'nın Mısır'a ilhakı — Zübeyr Paşa El-Fâşir'e girdi
1874-11-02	El-Fâşir	yerlesimler_afrika.js	GUN-KAPALI	yer_id	BAGIMSIZ	GERCEK-BAGIMSIZ	yer_id/merkez yolu kökten bağımsız kapatıyor	1				1874-11-02 Darfur Sultanlığı'nın Mısır'a ilhakı — Zübeyr Paşa El-Fâşir'e girdi
1874-11-02	Nyala	yerlesimler_afrika.js	GUN-KAPALI	merkez	BAGIMSIZ	GERCEK-BAGIMSIZ	yer_id/merkez yolu kökten bağımsız kapatıyor	1		El-Fâşir		1874-11-02 Darfur Sultanlığı'nın Mısır'a ilhakı — Zübeyr Paşa El-Fâşir'e girdi
1877-05-09	Buzău	yerlesimler.js	GUN-KAPALI	merkez	BAGIMSIZ	GERCEK-BAGIMSIZ	yer_id/merkez yolu kökten bağımsız kapatıyor	1		Bükreş		1877-05-09 Romanya'nın bağımsızlığını ilân etmesi — Eflak-Boğdan tâbiliğinin sonu
1877-05-09	Bükreş	yerlesimler.js	GUN-KAPALI	yer_id	BAGIMSIZ	GERCEK-BAGIMSIZ	yer_id/merkez yolu kökten bağımsız kapatıyor	1				1877-05-09 Romanya'nın bağımsızlığını ilân etmesi — Eflak-Boğdan tâbiliğinin sonu
1877-05-09	Krayova (Craiova)	yerlesimler.js	GUN-KAPALI	merkez	BAGIMSIZ	GERCEK-BAGIMSIZ	yer_id/merkez yolu kökten bağımsız kapatıyor	1		Bükreş		1877-05-09 Romanya'nın bağımsızlığını ilân etmesi — Eflak-Boğdan tâbiliğinin sonu
1877-05-09	Kımpulung (Câmpulung)	yerlesimler.js	GUN-KAPALI	merkez	BAGIMSIZ	GERCEK-BAGIMSIZ	yer_id/merkez yolu kökten bağımsız kapatıyor	1		Bükreş		1877-05-09 Romanya'nın bağımsızlığını ilân etmesi — Eflak-Boğdan tâbiliğinin sonu
1877-05-09	Piteşti	yerlesimler.js	GUN-KAPALI	merkez	BAGIMSIZ	GERCEK-BAGIMSIZ	yer_id/merkez yolu kökten bağımsız kapatıyor	1		Bükreş		1877-05-09 Romanya'nın bağımsızlığını ilân etmesi — Eflak-Boğdan tâbiliğinin sonu
1877-05-09	Rimnik (Râmnicu Vâlcea)	yerlesimler.js	GUN-KAPALI	merkez	BAGIMSIZ	GERCEK-BAGIMSIZ	yer_id/merkez yolu kökten bağımsız kapatıyor	1		Bükreş		1877-05-09 Romanya'nın bağımsızlığını ilân etmesi — Eflak-Boğdan tâbiliğinin sonu
1877-05-09	Rimnik-i Sârat (Râmnicu Sărat)	yerlesimler.js	GUN-KAPALI	merkez	BAGIMSIZ	GERCEK-BAGIMSIZ	yer_id/merkez yolu kökten bağımsız kapatıyor	1		Bükreş		1877-05-09 Romanya'nın bağımsızlığını ilân etmesi — Eflak-Boğdan tâbiliğinin sonu
1877-05-09	Slatina	yerlesimler.js	GUN-KAPALI	merkez	BAGIMSIZ	GERCEK-BAGIMSIZ	yer_id/merkez yolu kökten bağımsız kapatıyor	1		Bükreş		1877-05-09 Romanya'nın bağımsızlığını ilân etmesi — Eflak-Boğdan tâbiliğinin sonu
1877-05-09	Turnu Severin	yerlesimler.js	GUN-KAPALI	merkez	BAGIMSIZ	GERCEK-BAGIMSIZ	yer_id/merkez yolu kökten bağımsız kapatıyor	1		Bükreş		1877-05-09 Romanya'nın bağımsızlığını ilân etmesi — Eflak-Boğdan tâbiliğinin sonu
1877-05-09	Tırgovişte	yerlesimler.js	GUN-KAPALI	merkez	BAGIMSIZ	GERCEK-BAGIMSIZ	yer_id/merkez yolu kökten bağımsız kapatıyor	1		Bükreş		1877-05-09 Romanya'nın bağımsızlığını ilân etmesi — Eflak-Boğdan tâbiliğinin sonu
1877-05-09	Tırgu Jiu	yerlesimler.js	GUN-KAPALI	merkez	BAGIMSIZ	GERCEK-BAGIMSIZ	yer_id/merkez yolu kökten bağımsız kapatıyor	1		Bükreş		1877-05-09 Romanya'nın bağımsızlığını ilân etmesi — Eflak-Boğdan tâbiliğinin sonu
1877-05-17	Ardahan	yerlesimler.js	GUN-KAPALI	kok	BUYUK-HARF	OKUNMADI	büyük harfli özel ad eşleşmesi — tek tek okunmadı	1	d	Ardahan	uda Ahmed Muhtar Pasa'nin 55.000 askeri Ardahan-Dogubayazit arasinda mevzilenmisti. Bu 	1877-04-24 Rusya'nın savaş ilânı — Doksanüç Harbi'nin başlaması
1877-07-16	Niğbolu	yerlesimler.js	GUN-KAPALI	kok	BUYUK-HARF	OKUNMADI	büyük harfli özel ad eşleşmesi — tek tek okunmadı	0	d	Nigbolu	e iki koldan ilerledi. Tuna, Ruscuk ile Nigbolu arasindan gecildi ve 27 Haziran'da Zist	1877-06-27 Rus ordusunun Tuna'yı geçmesi — Ziştovi ve Tırnova'nın düşüşü
1877-11-18	Kars	yerlesimler.js	GUN-KAPALI	yer_id	BAGIMSIZ	GERCEK-BAGIMSIZ	yer_id/merkez yolu kökten bağımsız kapatıyor	0				1877-11-18 Kars'ın düşüşü — Doğu cephesinin çözülmesi ve Aziziye tabyaları
1877-12-10	Plevne	yerlesimler.js	GUN-KAPALI	kok+yer_id	BAGIMSIZ	GERCEK-BAGIMSIZ	yer_id/merkez yolu kökten bağımsız kapatıyor	0	d	Plevne	ofya'nin Rus kuvvetlerince isgali Sofya Plevne'nin dususunden sonra Balkanlar'i asan R	1878-01-04 Sofya'nın Rus kuvvetlerince işgali
1878-01-11	Niş	yerlesimler.js	GUN-KAPALI	merkez	BAGIMSIZ	GERCEK-BAGIMSIZ	yer_id/merkez yolu kökten bağımsız kapatıyor	0		Sofya		1878-01-04 Sofya'nın Rus kuvvetlerince işgali
1878-06-04	Baf (Paphos)	yerlesimler.js	GUN-KAPALI	merkez	BAGIMSIZ	GERCEK-BAGIMSIZ	yer_id/merkez yolu kökten bağımsız kapatıyor	0		Lefkoşa		1878-06-04 Kıbrıs'ın İngiliz idaresine bırakılması
1878-06-04	Girne (Kyrenia)	yerlesimler.js	GUN-KAPALI	merkez	BAGIMSIZ	GERCEK-BAGIMSIZ	yer_id/merkez yolu kökten bağımsız kapatıyor	0		Lefkoşa		1878-06-04 Kıbrıs'ın İngiliz idaresine bırakılması
1878-06-04	Lefkoşa	yerlesimler.js	GUN-KAPALI	yer_id	BAGIMSIZ	GERCEK-BAGIMSIZ	yer_id/merkez yolu kökten bağımsız kapatıyor	0				1878-06-04 Kıbrıs'ın İngiliz idaresine bırakılması
1878-06-04	Limasol	yerlesimler.js	GUN-KAPALI	merkez	BAGIMSIZ	GERCEK-BAGIMSIZ	yer_id/merkez yolu kökten bağımsız kapatıyor	0		Lefkoşa		1878-06-04 Kıbrıs'ın İngiliz idaresine bırakılması
1878-06-04	Magosa	yerlesimler.js	GUN-KAPALI	kok	BUYUK-HARF	OKUNMADI	büyük harfli özel ad eşleşmesi — tek tek okunmadı	0	d	Magosa	elden cikan diger yerlesimler: Lefkosa, Magosa.	1878-06-04 Kıbrıs'ın İngiliz idaresine bırakılması
1878-06-04	Tuzla (Larnaka)	yerlesimler.js	GUN-KAPALI	merkez	BAGIMSIZ	GERCEK-BAGIMSIZ	yer_id/merkez yolu kökten bağımsız kapatıyor	0		Lefkoşa		1878-06-04 Kıbrıs'ın İngiliz idaresine bırakılması
1878-07-13	Batum	yerlesimler.js	GUN-MASKELI	kok	BUYUK-HARF	OKUNMADI	büyük harfli özel ad eşleşmesi — tek tek okunmadı	1	d	Batum	 Kibris Ingiliz idaresine, Kars-Ardahan-Batum Rusya'ya birakildi. Rumeli'deki bes yuz	1878-07-13 Berlin Antlaşması
1878-07-13	Köstence	yerlesimler.js	GUN-MASKELI	kok	BUYUK-HARF	OKUNMADI	büyük harfli özel ad eşleşmesi — tek tek okunmadı	0	d	Kostence	, Sumnu, Silistre, Ruscuk, Bukres, Yas, Kostence.	1878-07-13 Berlin Antlaşması
1878-07-13	İsmail	yerlesimler.js	GUN-MASKELI	yer_id	BAGIMSIZ	GERCEK-BAGIMSIZ	yer_id/merkez yolu kökten bağımsız kapatıyor	1				1878-08-03 Berlin Antlaşması yürürlüğe girdi: Güney Besarabya Rusya'ya döndü
1880-06-13	Fransvil (Franceville)	yerlesimler_afrika2.js	GUN-KAPALI	yer_id	BAGIMSIZ	GERCEK-BAGIMSIZ	yer_id/merkez yolu kökten bağımsız kapatıyor	0				1880-06-13 Brazza Franceville'i kurdu
1880-09-01	Iglulik	yerlesimler_kamerika.js	GUN-KAPALI	yer_id	BAGIMSIZ	GERCEK-BAGIMSIZ	yer_id/merkez yolu kökten bağımsız kapatıyor	1				1880-09-01 Britanya, Arktik Takımadalar'ı Kanada'ya devretti
1881-01-30	Dihistan ovası (Meşhed-i Misriyân)	yerlesimler.js	GUN-KAPALI	yer_id	BAGIMSIZ	GERCEK-BAGIMSIZ	yer_id/merkez yolu kökten bağımsız kapatıyor	1				1881-01-24 Göktepe Muharebesi — Ahal Tekke Türkmenleri Rusya'ya yenildi
1881-01-30	Ebîverd	yerlesimler.js	GUN-KAPALI	kok	BUYUK-HARF	OKUNMADI	büyük harfli özel ad eşleşmesi — tek tek okunmadı	1	d	Ebiverd	rinin direnisini kirdi; Dihistan ovasi, Ebiverd ve Nesa dahil Hazar otesi Turkmen bolge	1881-01-24 Göktepe Muharebesi — Ahal Tekke Türkmenleri Rusya'ya yenildi
1881-01-30	Nesâ	yerlesimler.js	GUN-KAPALI	kok	BUYUK-HARF	OKUNMADI	büyük harfli özel ad eşleşmesi — tek tek okunmadı	1	d	Nesa	isini kirdi; Dihistan ovasi, Ebiverd ve Nesa dahil Hazar otesi Turkmen bolgesi Rus I	1881-01-24 Göktepe Muharebesi — Ahal Tekke Türkmenleri Rusya'ya yenildi
1881-03-26	Babadağı (Babadag)	yerlesimler_ek29.js	GUN-KAPALI	kok	BUYUK-HARF	OKUNMADI	büyük harfli özel ad eşleşmesi — tek tek okunmadı	1	d	Babadagi	n tac giymesiyle Kralliga donusturuldu; Babadagi, Birlad, Buzau ve bassehir Bukres dahil	1881-03-26 Romanya Krallığı ilan edildi — Prenslik Krallığa dönüştü
1881-03-26	Birlad (Bârlad)	yerlesimler.js	GUN-KAPALI	kok	BUYUK-HARF	OKUNMADI	büyük harfli özel ad eşleşmesi — tek tek okunmadı	1	d	Birlad	esiyle Kralliga donusturuldu; Babadagi, Birlad, Buzau ve bassehir Bukres dahil butun u	1881-03-26 Romanya Krallığı ilan edildi — Prenslik Krallığa dönüştü
1881-03-26	Buzău	yerlesimler.js	GUN-KAPALI	kok	BUYUK-HARF	OKUNMADI	büyük harfli özel ad eşleşmesi — tek tek okunmadı	1	d	Buzau	ralliga donusturuldu; Babadagi, Birlad, Buzau ve bassehir Bukres dahil butun ulke ida	1881-03-26 Romanya Krallığı ilan edildi — Prenslik Krallığa dönüştü
1881-03-26	Bükreş	yerlesimler.js	GUN-KAPALI	yer_id	BAGIMSIZ	GERCEK-BAGIMSIZ	yer_id/merkez yolu kökten bağımsız kapatıyor	1				1881-03-26 Romanya Krallığı ilan edildi — Prenslik Krallığa dönüştü
1881-03-26	Krayova (Craiova)	yerlesimler.js	GUN-KAPALI	merkez	BAGIMSIZ	GERCEK-BAGIMSIZ	yer_id/merkez yolu kökten bağımsız kapatıyor	1		Bükreş		1881-03-26 Romanya Krallığı ilan edildi — Prenslik Krallığa dönüştü
1881-03-26	Kımpulung (Câmpulung)	yerlesimler.js	GUN-KAPALI	merkez	BAGIMSIZ	GERCEK-BAGIMSIZ	yer_id/merkez yolu kökten bağımsız kapatıyor	1		Bükreş		1881-03-26 Romanya Krallığı ilan edildi — Prenslik Krallığa dönüştü
1881-03-26	Piteşti	yerlesimler.js	GUN-KAPALI	merkez	BAGIMSIZ	GERCEK-BAGIMSIZ	yer_id/merkez yolu kökten bağımsız kapatıyor	1		Bükreş		1881-03-26 Romanya Krallığı ilan edildi — Prenslik Krallığa dönüştü
1881-03-26	Rimnik (Râmnicu Vâlcea)	yerlesimler.js	GUN-KAPALI	merkez	BAGIMSIZ	GERCEK-BAGIMSIZ	yer_id/merkez yolu kökten bağımsız kapatıyor	1		Bükreş		1881-03-26 Romanya Krallığı ilan edildi — Prenslik Krallığa dönüştü
1881-03-26	Rimnik-i Sârat (Râmnicu Sărat)	yerlesimler.js	GUN-KAPALI	merkez	BAGIMSIZ	GERCEK-BAGIMSIZ	yer_id/merkez yolu kökten bağımsız kapatıyor	1		Bükreş		1881-03-26 Romanya Krallığı ilan edildi — Prenslik Krallığa dönüştü
1881-03-26	Slatina	yerlesimler.js	GUN-KAPALI	merkez	BAGIMSIZ	GERCEK-BAGIMSIZ	yer_id/merkez yolu kökten bağımsız kapatıyor	1		Bükreş		1881-03-26 Romanya Krallığı ilan edildi — Prenslik Krallığa dönüştü
1881-03-26	Turnu Severin	yerlesimler.js	GUN-KAPALI	merkez	BAGIMSIZ	GERCEK-BAGIMSIZ	yer_id/merkez yolu kökten bağımsız kapatıyor	1		Bükreş		1881-03-26 Romanya Krallığı ilan edildi — Prenslik Krallığa dönüştü
1881-03-26	Tırgovişte	yerlesimler.js	GUN-KAPALI	merkez	BAGIMSIZ	GERCEK-BAGIMSIZ	yer_id/merkez yolu kökten bağımsız kapatıyor	1		Bükreş		1881-03-26 Romanya Krallığı ilan edildi — Prenslik Krallığa dönüştü
1881-03-26	Tırgu Jiu	yerlesimler.js	GUN-KAPALI	merkez	BAGIMSIZ	GERCEK-BAGIMSIZ	yer_id/merkez yolu kökten bağımsız kapatıyor	1		Bükreş		1881-03-26 Romanya Krallığı ilan edildi — Prenslik Krallığa dönüştü
1881-07-02	Arta	yerlesimler.js	GUN-KAPALI	kok	BUYUK-HARF	GERCEK-OKUNDU	bağlam elle okundu (bayraklı ya da kısa/eşsesli kök)	1	d	Arta	 tarihte elden cikan diger yerlesimler: Arta, Yenisehir (Larissa), Tirhala, Izdin (L	1881-07-02 Teselya'nın Yunanistan'a bırakılması
1881-07-02	Tırhala	yerlesimler.js	GUN-KAPALI	yer_id	BAGIMSIZ	GERCEK-BAGIMSIZ	yer_id/merkez yolu kökten bağımsız kapatıyor	1				1881-07-02 Teselya'nın Yunanistan'a bırakılması
1881-07-02	Yenişehir (Larissa)	yerlesimler.js	GUN-KAPALI	kok	BUYUK-HARF	OKUNMADI	büyük harfli özel ad eşleşmesi — tek tek okunmadı	1	d	Yenisehir	te elden cikan diger yerlesimler: Arta, Yenisehir (Larissa), Tirhala, Izdin (Lamia).	1881-07-02 Teselya'nın Yunanistan'a bırakılması
1882-03-06	Alacahisar (Kruševac)	yerlesimler_serhat.js	GUN-KAPALI	merkez	BAGIMSIZ	GERCEK-BAGIMSIZ	yer_id/merkez yolu kökten bağımsız kapatıyor	1		Belgrad		1882-03-06 Sırbistan Krallığı'nın ilânı — eski Osmanlı tâbii prenslik krallığa dö
1882-03-06	Belgrad	yerlesimler.js	GUN-KAPALI	yer_id	BAGIMSIZ	GERCEK-BAGIMSIZ	yer_id/merkez yolu kökten bağımsız kapatıyor	1				1882-03-06 Sırbistan Krallığı'nın ilânı — eski Osmanlı tâbii prenslik krallığa dö
1882-03-06	Böğürdelen (Šabac)	yerlesimler.js	GUN-KAPALI	merkez	BAGIMSIZ	GERCEK-BAGIMSIZ	yer_id/merkez yolu kökten bağımsız kapatıyor	1		Belgrad		1882-03-06 Sırbistan Krallığı'nın ilânı — eski Osmanlı tâbii prenslik krallığa dö
1882-03-06	Kragujevac	yerlesimler.js	GUN-KAPALI	kok	BUYUK-HARF	OKUNMADI	büyük harfli özel ad eşleşmesi — tek tek okunmadı	1	yer	Kragujevac	alliga donustu Belgrad, Nis, Semendire, Kragujevac 1878'de bagimsizligini kazanan ve ayni 	1882-03-06 Sırbistan Krallığı'nın ilânı — eski Osmanlı tâbii prenslik krallığa dö
1882-03-06	Niş	yerlesimler.js	GUN-KAPALI	kok	BUYUK-HARF	OKUNMADI	büyük harfli özel ad eşleşmesi — tek tek okunmadı	1	yer	Nis	abii prenslik kralliga donustu Belgrad, Nis, Semendire, Kragujevac 1878'de bagimsiz	1882-03-06 Sırbistan Krallığı'nın ilânı — eski Osmanlı tâbii prenslik krallığa dö
1882-03-06	Semendire	yerlesimler.js	GUN-KAPALI	kok	BUYUK-HARF	OKUNMADI	büyük harfli özel ad eşleşmesi — tek tek okunmadı	1	yer	Semendire	prenslik kralliga donustu Belgrad, Nis, Semendire, Kragujevac 1878'de bagimsizligini kaza	1882-03-06 Sırbistan Krallığı'nın ilânı — eski Osmanlı tâbii prenslik krallığa dö
1882-03-06	Çaçak	yerlesimler.js	GUN-KAPALI	merkez	BAGIMSIZ	GERCEK-BAGIMSIZ	yer_id/merkez yolu kökten bağımsız kapatıyor	1		Belgrad		1882-03-06 Sırbistan Krallığı'nın ilânı — eski Osmanlı tâbii prenslik krallığa dö
1882-03-10	Aseb	yerlesimler_afrika.js	GUN-KAPALI	yer_id	BAGIMSIZ	GERCEK-BAGIMSIZ	yer_id/merkez yolu kökten bağımsız kapatıyor	1				1882-03-10 Assab'ın İtalyan devlet mülkiyetine geçişi — İtalya'nın ilk sömürgesin
1883-12-23	Cenîne	yerlesimler_afrika.js	GUN-KAPALI	merkez	BAGIMSIZ	GERCEK-BAGIMSIZ	yer_id/merkez yolu kökten bağımsız kapatıyor	1		El-Fâşir		1883-12-23 Darfur'un Mehdî kuvvetlerine geçişi — Slatin Paşa'nın teslimi
1883-12-23	El-Fâşir	yerlesimler_afrika.js	GUN-KAPALI	kok	BUYUK-HARF	OKUNMADI	büyük harfli özel ad eşleşmesi — tek tek okunmadı	1	yer	El-Fasir	- Slatin Pasa'nin teslimi Darfur, Dara, El-Fasir Darfur genel valisi Slatin Pasa, 1882'd	1883-12-23 Darfur'un Mehdî kuvvetlerine geçişi — Slatin Paşa'nın teslimi
1883-12-23	Nyala	yerlesimler_afrika.js	GUN-KAPALI	merkez	BAGIMSIZ	GERCEK-BAGIMSIZ	yer_id/merkez yolu kökten bağımsız kapatıyor	1		El-Fâşir		1883-12-23 Darfur'un Mehdî kuvvetlerine geçişi — Slatin Paşa'nın teslimi
1884-01-01	Tokar	yerlesimler_afrika.js	OCAK1	yer_id	BAGIMSIZ	GERCEK-BAGIMSIZ	yer_id/merkez yolu kökten bağımsız kapatıyor	1				1884-01-01 Doğu Sudan'ın Mehdî kuvvetlerine geçişi — Tokar'ın kaybı
1884-01-01	Zeyla	yerlesimler.js	OCAK1	kok+merkez+yer_id	BAGIMSIZ	GERCEK-BAGIMSIZ	yer_id/merkez yolu kökten bağımsız kapatıyor	1	d	Zeyla	 tarihte elden cikan diger yerlesimler: Zeyla.	1884-01-01 Reji İdaresi kuruldu (tütün tekeli)
1884-02-01	Sevâkin	yerlesimler.js	GUN-KAPALI	yer_id	BAGIMSIZ	GERCEK-BAGIMSIZ	yer_id/merkez yolu kökten bağımsız kapatıyor	0				1884-02-01 Sevâkin — Mehdî'ye düşmeyen tek liman
1884-05-01	Berber	yerlesimler_afrika.js	GUN-KAPALI	yer_id	BAGIMSIZ	GERCEK-BAGIMSIZ	yer_id/merkez yolu kökten bağımsız kapatıyor	1				1884-05-01 Berber'in Mehdî kuvvetlerinin eline geçmesi — Nil yolunun kesilmesi
1884-06-03	Kerene	yerlesimler_afrika.js	GUN-KAPALI	kok	BUYUK-HARF	GERCEK-OKUNDU	bağlam elle okundu (bayraklı ya da kısa/eşsesli kök)	1	d	Kerene	vva uzerinden tahliyesine yol aciyordu. Kerene boylece on iki yillik Misir idaresinden	1884-06-03 Hewett (Adua) Antlaşması — Bogos'un Habeşistan'a bırakılması
1884-07-18	Berbera	yerlesimler.js	GUN-KAPALI	yer_id	BAGIMSIZ	GERCEK-BAGIMSIZ	yer_id/merkez yolu kökten bağımsız kapatıyor	1				1884-07-18 Britanya'nın kuzey Somali kıyısında himaye kurması — Somaliland'ın baş
1884-07-18	Bulhar	yerlesimler_afrika.js	GUN-KAPALI	kok	BUYUK-HARF	OKUNMADI	büyük harfli özel ad eşleşmesi — tek tek okunmadı	1	yer	Bulhar	asi - Somaliland'in baslangici Berbera, Bulhar, Hargeysa, Burao, Erigavo, Borama, Lasa	1884-07-18 Britanya'nın kuzey Somali kıyısında himaye kurması — Somaliland'ın baş
1884-07-18	Burao	yerlesimler_afrika.js	GUN-KAPALI	kok	BUYUK-HARF	OKUNMADI	büyük harfli özel ad eşleşmesi — tek tek okunmadı	1	yer	Burao	n baslangici Berbera, Bulhar, Hargeysa, Burao, Erigavo, Borama, Lasanod, Odveyne, Buh	1884-07-18 Britanya'nın kuzey Somali kıyısında himaye kurması — Somaliland'ın baş
1884-07-18	Erigavo	yerlesimler_afrika.js	GUN-KAPALI	kok	BUYUK-HARF	OKUNMADI	büyük harfli özel ad eşleşmesi — tek tek okunmadı	1	yer	Erigavo	ngici Berbera, Bulhar, Hargeysa, Burao, Erigavo, Borama, Lasanod, Odveyne, Buhodle, Cee	1884-07-18 Britanya'nın kuzey Somali kıyısında himaye kurması — Somaliland'ın baş
1884-07-18	Hargeysa	yerlesimler_afrika.js	GUN-KAPALI	kok	BUYUK-HARF	OKUNMADI	büyük harfli özel ad eşleşmesi — tek tek okunmadı	1	yer	Hargeysa	maliland'in baslangici Berbera, Bulhar, Hargeysa, Burao, Erigavo, Borama, Lasanod, Odvey	1884-07-18 Britanya'nın kuzey Somali kıyısında himaye kurması — Somaliland'ın baş
1884-07-18	Lasanod	yerlesimler_afrika.js	GUN-KAPALI	kok	BUYUK-HARF	OKUNMADI	büyük harfli özel ad eşleşmesi — tek tek okunmadı	1	yer	Lasanod	lhar, Hargeysa, Burao, Erigavo, Borama, Lasanod, Odveyne, Buhodle, Ceel Afveyn, His, La	1884-07-18 Britanya'nın kuzey Somali kıyısında himaye kurması — Somaliland'ın baş
1885-01-26	Debbe	yerlesimler_afrika.js	GUN-KAPALI	merkez	BAGIMSIZ	GERCEK-BAGIMSIZ	yer_id/merkez yolu kökten bağımsız kapatıyor	0		Hartum		1885-01-26 Hartum'un düşüşü — Sudan'ın tamamının kaybı
1885-01-26	Dongola	yerlesimler.js	GUN-KAPALI	kok	BUYUK-HARF	OKUNMADI	büyük harfli özel ad eşleşmesi — tek tek okunmadı	0	yer	Dongola	udan'in tamaminin kaybi Hartum, Sennar, Dongola, Kordofan On ay suren kusatmanin ardind	1885-01-26 Hartum'un düşüşü — Sudan'ın tamamının kaybı
1885-01-26	Ebû Hamed	yerlesimler_afrika.js	GUN-KAPALI	merkez	BAGIMSIZ	GERCEK-BAGIMSIZ	yer_id/merkez yolu kökten bağımsız kapatıyor	0		Hartum		1885-01-26 Hartum'un düşüşü — Sudan'ın tamamının kaybı
1885-01-26	Ed-Düveym	yerlesimler_afrika.js	GUN-KAPALI	merkez	BAGIMSIZ	GERCEK-BAGIMSIZ	yer_id/merkez yolu kökten bağımsız kapatıyor	0		Hartum		1885-01-26 Hartum'un düşüşü — Sudan'ın tamamının kaybı
1885-01-26	Fâzûğlî	yerlesimler_afrika.js	GUN-KAPALI	merkez	BAGIMSIZ	GERCEK-BAGIMSIZ	yer_id/merkez yolu kökten bağımsız kapatıyor	0		Hartum		1885-01-26 Hartum'un düşüşü — Sudan'ın tamamının kaybı
1885-01-26	Hartum	yerlesimler.js	GUN-KAPALI	yer_id	BAGIMSIZ	GERCEK-BAGIMSIZ	yer_id/merkez yolu kökten bağımsız kapatıyor	0				1885-01-26 Hartum'un düşüşü — Sudan'ın tamamının kaybı
1885-01-26	Kadârif	yerlesimler_afrika.js	GUN-KAPALI	merkez	BAGIMSIZ	GERCEK-BAGIMSIZ	yer_id/merkez yolu kökten bağımsız kapatıyor	0		Hartum		1885-01-26 Hartum'un düşüşü — Sudan'ın tamamının kaybı
1885-01-26	Kerma	yerlesimler_afrika.js	GUN-KAPALI	merkez	BAGIMSIZ	GERCEK-BAGIMSIZ	yer_id/merkez yolu kökten bağımsız kapatıyor	0		Hartum		1885-01-26 Hartum'un düşüşü — Sudan'ın tamamının kaybı
1885-01-26	Kesela	yerlesimler_afrika.js	GUN-KAPALI	merkez	BAGIMSIZ	GERCEK-BAGIMSIZ	yer_id/merkez yolu kökten bağımsız kapatıyor	0		Hartum		1885-01-26 Hartum'un düşüşü — Sudan'ın tamamının kaybı
1885-01-26	Kosti	yerlesimler_afrika.js	GUN-KAPALI	merkez	BAGIMSIZ	GERCEK-BAGIMSIZ	yer_id/merkez yolu kökten bağımsız kapatıyor	0		Hartum		1885-01-26 Hartum'un düşüşü — Sudan'ın tamamının kaybı
1885-01-26	Merevî	yerlesimler_afrika.js	GUN-KAPALI	merkez	BAGIMSIZ	GERCEK-BAGIMSIZ	yer_id/merkez yolu kökten bağımsız kapatıyor	0		Hartum		1885-01-26 Hartum'un düşüşü — Sudan'ın tamamının kaybı
1885-01-26	Nühûd	yerlesimler_afrika.js	GUN-KAPALI	merkez	BAGIMSIZ	GERCEK-BAGIMSIZ	yer_id/merkez yolu kökten bağımsız kapatıyor	0		Hartum		1885-01-26 Hartum'un düşüşü — Sudan'ın tamamının kaybı
1885-01-26	Rusayris	yerlesimler_afrika.js	GUN-KAPALI	merkez	BAGIMSIZ	GERCEK-BAGIMSIZ	yer_id/merkez yolu kökten bağımsız kapatıyor	0		Hartum		1885-01-26 Hartum'un düşüşü — Sudan'ın tamamının kaybı
1885-01-26	Sennar	yerlesimler.js	GUN-KAPALI	kok	BUYUK-HARF	OKUNMADI	büyük harfli özel ad eşleşmesi — tek tek okunmadı	0	yer	Sennar	susu - Sudan'in tamaminin kaybi Hartum, Sennar, Dongola, Kordofan On ay suren kusatman	1885-01-26 Hartum'un düşüşü — Sudan'ın tamamının kaybı
1885-01-26	Vad Medenî	yerlesimler_afrika.js	GUN-KAPALI	merkez	BAGIMSIZ	GERCEK-BAGIMSIZ	yer_id/merkez yolu kökten bağımsız kapatıyor	0		Hartum		1885-01-26 Hartum'un düşüşü — Sudan'ın tamamının kaybı
1885-01-26	Şendî	yerlesimler_afrika.js	GUN-KAPALI	merkez	BAGIMSIZ	GERCEK-BAGIMSIZ	yer_id/merkez yolu kökten bağımsız kapatıyor	0		Hartum		1885-01-26 Hartum'un düşüşü — Sudan'ın tamamının kaybı
1885-02-05	Akīk	yerlesimler_afrika.js	GUN-KAPALI	merkez	BAGIMSIZ	GERCEK-BAGIMSIZ	yer_id/merkez yolu kökten bağımsız kapatıyor	0		Sevâkin		1885-02-05 Masavva'nın İtalyan işgali — Kızıldeniz'in batı kıyısının kaybı
1885-02-05	Arkîko	yerlesimler_afrika.js	GUN-KAPALI	merkez	BAGIMSIZ	GERCEK-BAGIMSIZ	yer_id/merkez yolu kökten bağımsız kapatıyor	0		Sevâkin		1885-02-05 Masavva'nın İtalyan işgali — Kızıldeniz'in batı kıyısının kaybı
1885-02-05	Dahlak	yerlesimler.js	GUN-KAPALI	kok	BUYUK-HARF	GERCEK-OKUNDU	bağlam elle okundu (bayraklı ya da kısa/eşsesli kök)	0	yer	Dahlak	 bati kiyisinin kaybi Masavva, Sevakin, Dahlak adalari Habes eyaletinin merkezi olan M	1885-02-05 Masavva'nın İtalyan işgali — Kızıldeniz'in batı kıyısının kaybı
1885-02-05	Halâib	yerlesimler_afrika.js	GUN-KAPALI	merkez	BAGIMSIZ	GERCEK-BAGIMSIZ	yer_id/merkez yolu kökten bağımsız kapatıyor	0		Sevâkin		1885-02-05 Masavva'nın İtalyan işgali — Kızıldeniz'in batı kıyısının kaybı
1885-02-05	Masavva	yerlesimler.js	GUN-KAPALI	yer_id	BAGIMSIZ	GERCEK-BAGIMSIZ	yer_id/merkez yolu kökten bağımsız kapatıyor	0				1885-02-05 Masavva'nın İtalyan işgali — Kızıldeniz'in batı kıyısının kaybı
1885-02-05	Sinkat	yerlesimler_afrika.js	GUN-KAPALI	merkez	BAGIMSIZ	GERCEK-BAGIMSIZ	yer_id/merkez yolu kökten bağımsız kapatıyor	0		Sevâkin		1885-02-05 Masavva'nın İtalyan işgali — Kızıldeniz'in batı kıyısının kaybı
1885-09-18	Filibe	yerlesimler.js	GUN-KAPALI	yer_id	BAGIMSIZ	GERCEK-BAGIMSIZ	yer_id/merkez yolu kökten bağımsız kapatıyor	1				1885-09-18 Doğu Rumeli'nin Bulgaristan'a katılması
1887-01-06	Cîcîga	yerlesimler_afrika.js	GUN-KAPALI	kok	BUYUK-HARF	OKUNMADI	büyük harfli özel ad eşleşmesi — tek tek okunmadı	0	d	Ciciga	erinden birini ortadan kaldirdi. Harar, Ciciga ve Dagahbur boylece Habesistan'a katild	1887-01-07 Çelenko Savaşı — Harar Emirliği'nin sonu ve Habeş işgali
1887-01-06	Harar	yerlesimler.js	GUN-KAPALI	yer_id	BAGIMSIZ	GERCEK-BAGIMSIZ	yer_id/merkez yolu kökten bağımsız kapatıyor	0				1887-01-07 Çelenko Savaşı — Harar Emirliği'nin sonu ve Habeş işgali
1888-01-01	Mukalla	yerlesimler.js	OCAK1	yer_id	BAGIMSIZ	GERCEK-BAGIMSIZ	yer_id/merkez yolu kökten bağımsız kapatıyor	0				1888-01-01 Hadramut sahili (Mükellâ) İngiliz himayesine girdi
1889-01-01	Asmara	yerlesimler.js	OCAK1	yer_id	BAGIMSIZ	GERCEK-BAGIMSIZ	yer_id/merkez yolu kökten bağımsız kapatıyor	1				1889-01-01 İtalya, Asmara ve Keren dahil Eritre yaylasını ilhak etti
1889-11-15	Cotegipe (Campo Largo)	yerlesimler_a78_amerika.js	GUN-KAPALI	kok	BUYUK-HARF	SAHTE	'Loizaga-Cotegipe Antlaşması' — kişi/antlaşma adı	1	d	Cotegipe	le sinir degismedi. Bu hat 1872 Loizaga-Cotegipe Antlasmasi'yla cizilmis ve 1874'te isar	1889-11-15 Brezilya'da cumhuriyet ilan edildi — 1872 Paraguay sınırı Brezilya Cum
1889-11-15	Tabatinga	yerlesimler_amerika3.js	GUN-KAPALI	kok	BUYUK-HARF	OKUNMADI	büyük harfli özel ad eşleşmesi — tek tek okunmadı	1	b	Tabatinga	ya'da cumhuriyet ilan edildi - Peru ile Tabatinga-Apaporis hatti Brezilya Cumhuriyeti'ne 	1889-11-15 Brezilya'da cumhuriyet ilan edildi — Peru ile Tabatinga–Apaporis hattı
1890-01-01	Linguère (Colof)	yerlesimler_afrika2.js	OCAK1	yer_id	BAGIMSIZ	GERCEK-BAGIMSIZ	yer_id/merkez yolu kökten bağımsız kapatıyor	1				1890-01-01 Fransızlar Colof'un tamamına hâkim oldu
1891-01-01	Buraydâ (Kasîm)	yerlesimler.js	OCAK1	kok	BUYUK-HARF	OKUNMADI	büyük harfli özel ad eşleşmesi — tek tek okunmadı	0	yer	Burayda	sidiler'e gecti Riyad, Dir'iye (Necid), Burayda (Kasim), Uneyze, Sakra, Necid ici, Neci	1891-01-01 Müleydâ Savaşı — İkinci Suud Devleti'nin sonu, Necid Râşidîler'e geçti
1891-01-01	Dir'iye (Necid)	yerlesimler.js	OCAK1	kok	BUYUK-HARF	OKUNMADI	büyük harfli özel ad eşleşmesi — tek tek okunmadı	0	yer	Dir'iye	in sonu, Necid Rasidiler'e gecti Riyad, Dir'iye (Necid), Burayda (Kasim), Uneyze, Sakra	1891-01-01 Müleydâ Savaşı — İkinci Suud Devleti'nin sonu, Necid Râşidîler'e geçti
1891-01-01	Necid içi	yerlesimler.js	OCAK1	kok	BUYUK-HARF	OKUNMADI	büyük harfli özel ad eşleşmesi — tek tek okunmadı	0	yer	Necid ici	Necid), Burayda (Kasim), Uneyze, Sakra, Necid ici, Necid guneyi, Necid guneybatisi Zekat 	1891-01-01 Müleydâ Savaşı — İkinci Suud Devleti'nin sonu, Necid Râşidîler'e geçti
1891-01-01	Riyad	yerlesimler.js	OCAK1	yer_id	BAGIMSIZ	GERCEK-BAGIMSIZ	yer_id/merkez yolu kökten bağımsız kapatıyor	0				1891-01-01 Müleydâ Savaşı — İkinci Suud Devleti'nin sonu, Necid Râşidîler'e geçti
1891-01-01	Uneyze	yerlesimler.js	OCAK1	kok	BUYUK-HARF	OKUNMADI	büyük harfli özel ad eşleşmesi — tek tek okunmadı	0	yer	Uneyze	iyad, Dir'iye (Necid), Burayda (Kasim), Uneyze, Sakra, Necid ici, Necid guneyi, Necid 	1891-01-01 Müleydâ Savaşı — İkinci Suud Devleti'nin sonu, Necid Râşidîler'e geçti
1891-01-01	Şakrâ	yerlesimler.js	OCAK1	kok	BUYUK-HARF	GERCEK-OKUNDU	bağlam elle okundu (bayraklı ya da kısa/eşsesli kök)	0	yer	Sakra	r'iye (Necid), Burayda (Kasim), Uneyze, Sakra, Necid ici, Necid guneyi, Necid guneyba	1891-01-01 Müleydâ Savaşı — İkinci Suud Devleti'nin sonu, Necid Râşidîler'e geçti
1891-02-06	Tokar	yerlesimler_afrika.js	GUN-KAPALI	yer_id	BAGIMSIZ	GERCEK-BAGIMSIZ	yer_id/merkez yolu kökten bağımsız kapatıyor	0				1891-02-06 Tokar'ın İngiliz-Mısır kuvvetlerince geri alınışı — Osman Digna'nın çe
1893-01-01	Cenne (Djenné)	yerlesimler_e9353f.js	OCAK1	yer_id	BAGIMSIZ	GERCEK-BAGIMSIZ	yer_id/merkez yolu kökten bağımsız kapatıyor	0				1893-01-01 Cenne Fransızlarca işgal edildi
1893-01-01	Dikva (Dikeo)	yerlesimler_ok107.js	OCAK1	yer_id	BAGIMSIZ	GERCEK-BAGIMSIZ	yer_id/merkez yolu kökten bağımsız kapatıyor	1				1893-01-01 Bornu, Râbih b. Zübeyr'in hâkimiyetine girdi
1893-01-01	Kukava (Kukawa)	yerlesimler_ok107.js	OCAK1	kok	BUYUK-HARF	OKUNMADI	büyük harfli özel ad eşleşmesi — tek tek okunmadı	1	yer	Kukava	 b. Zubeyr'in hakimiyetine girdi Bornu (Kukava, Dikeo) Bagirmi ve Veday'i sarsan Sudan	1893-01-01 Bornu, Râbih b. Zübeyr'in hâkimiyetine girdi
1894-01-01	Gveru	yerlesimler_afrika2.js	OCAK1	yer_id	BAGIMSIZ	GERCEK-BAGIMSIZ	yer_id/merkez yolu kökten bağımsız kapatıyor	0				1894-01-01 Gweru askerî karakol olarak kuruldu
1895-07-01	Garissa	yerlesimler_afrika2.js	GUN-KAPALI	yer_id	BAGIMSIZ	GERCEK-BAGIMSIZ	yer_id/merkez yolu kökten bağımsız kapatıyor	1				1895-07-01 Kenya'nın kuzeydoğu bölgesi (Garissa-Marsabit hattı) İngiliz Doğu Afri
1895-07-01	Kitui	yerlesimler_afrika2.js	GUN-KAPALI	kok	BUYUK-HARF	OKUNMADI	büyük harfli özel ad eşleşmesi — tek tek okunmadı	1	d	Kitui	iliz Dogu Afrika Protektorasi, Garissa, Kitui, Marsabit ve Vacir (Wajir) gibi kuzeydo	1895-07-01 Kenya'nın kuzeydoğu bölgesi (Garissa-Marsabit hattı) İngiliz Doğu Afri
1895-07-01	Marsabit	yerlesimler_afrika2.js	GUN-KAPALI	kok	BUYUK-HARF	GERCEK-OKUNDU	bağlam elle okundu (bayraklı ya da kısa/eşsesli kök)	1	b	Marsabit	Kenya'nin kuzeydogu bolgesi (Garissa-Marsabit hatti) Ingiliz Dogu Afrika Protektorasi	1895-07-01 Kenya'nın kuzeydoğu bölgesi (Garissa-Marsabit hattı) İngiliz Doğu Afri
1895-07-01	Vacir (Wajir)	yerlesimler_afrika2.js	GUN-KAPALI	kok	BUYUK-HARF	GERCEK-OKUNDU	bağlam elle okundu (bayraklı ya da kısa/eşsesli kök)	1	d	Vacir	otektorasi, Garissa, Kitui, Marsabit ve Vacir (Wajir) gibi kuzeydogu bolgelerini de k	1895-07-01 Kenya'nın kuzeydoğu bölgesi (Garissa-Marsabit hattı) İngiliz Doğu Afri
1897-01-01	Buna (Bouna)	yerlesimler_afrika2.js	OCAK1	kok	BUYUK-HARF	SAHTE	'Buna tepki gösteren' — cümle başı zamir	1	d	Buna	le zorunlu bir himaye antlasmasi yapti. Buna tepki gosteren Rabih Bagirmi'yi isgale 	1897-01-01 Bagirmi Sultanlığı Fransız himayesine girdi
1897-01-01	Massenya	yerlesimler_afrika2.js	OCAK1	yer_id	BAGIMSIZ	GERCEK-BAGIMSIZ	yer_id/merkez yolu kökten bağımsız kapatıyor	1				1897-01-01 Bagirmi Sultanlığı Fransız himayesine girdi
1897-02-16	İlorin	yerlesimler_afrika2.js	GUN-KAPALI	yer_id	BAGIMSIZ	GERCEK-BAGIMSIZ	yer_id/merkez yolu kökten bağımsız kapatıyor	0				1897-02-16 İlorin Emirliği, Kraliyet Nijer Şirketi kuvvetlerince ele geçirildi
1897-10-01	Bonga (Kaffa)	yerlesimler_afrika.js	GUN-KAPALI	yer_id	BAGIMSIZ	GERCEK-BAGIMSIZ	yer_id/merkez yolu kökten bağımsız kapatıyor	1				1897-10-01 Kaffa Krallığı Habeşistan'a katıldı — son kral Gaki Şeroço esir düştü
1898-01-01	Gao	yerlesimler_e9353f.js	OCAK1	yer_id	BAGIMSIZ	GERCEK-BAGIMSIZ	yer_id/merkez yolu kökten bağımsız kapatıyor	0				1898-01-01 Gao Fransızlarca işgal edildi
1899-01-01	Nairobi	yerlesimler_afrika2.js	OCAK1	yer_id	BAGIMSIZ	GERCEK-BAGIMSIZ	yer_id/merkez yolu kökten bağımsız kapatıyor	0				1899-01-01 Uganda Demiryolu'nun Nairobi ikmal deposu kuruldu
1899-04-09	Hoima (Bunyoro)	yerlesimler_afrika2.js	GUN-KAPALI	yer_id	BAGIMSIZ	GERCEK-BAGIMSIZ	yer_id/merkez yolu kökten bağımsız kapatıyor	0				1899-04-09 Bunyoro Kralı Kabalega esir alındı, krallık İngiliz Uganda Protektoras
1899-04-09	Masindi	yerlesimler_afrika2.js	GUN-KAPALI	kok	BUYUK-HARF	OKUNMADI	büyük harfli özel ad eşleşmesi — tek tek okunmadı	0	d	Masindi	e surgune gonderildi; bassehir Hoima ve Masindi dahil krallik topraklari Ingiliz Uganda	1899-04-09 Bunyoro Kralı Kabalega esir alındı, krallık İngiliz Uganda Protektoras
1900-01-01	Dikva (Dikeo)	yerlesimler_ok107.js	OCAK1	yer_id	BAGIMSIZ	GERCEK-BAGIMSIZ	yer_id/merkez yolu kökten bağımsız kapatıyor	1				1900-01-01 Râbih b. Zübeyr Fransızlara yenilip öldürüldü — Bornu'daki hâkimiyeti 
1900-06-26	Fort Portal (Toro)	yerlesimler_afrika2.js	GUN-KAPALI	yer_id	BAGIMSIZ	GERCEK-BAGIMSIZ	yer_id/merkez yolu kökten bağımsız kapatıyor	1				1900-06-26 Toro Antlaşması — Toro Krallığı İngiliz Uganda Protektorası'nın özerk 
1901-01-01	Yola	yerlesimler_afrika2.js	OCAK1	yer_id	BAGIMSIZ	GERCEK-BAGIMSIZ	yer_id/merkez yolu kökten bağımsız kapatıyor	0				1901-01-01 Adamava paylaşıldı — Yola İngiliz Kuzey Nijerya'sında kaldı
1901-09-02	Banyo	yerlesimler_afrika2.js	GUN-KAPALI	kok	BUYUK-HARF	GERCEK-OKUNDU	bağlam elle okundu (bayraklı ya da kısa/eşsesli kök)	1	d	Banyo	unda ikiye bolundu: dogu kesimi (Garua, Banyo, Marua, Ngaunder dahil) Alman Kamerun'a	1901-09-02 Adamava Emirliği Almanya ile İngiltere arasında paylaşıldı
1901-09-02	Garua (Garoua)	yerlesimler_afrika2.js	GUN-KAPALI	yer_id	BAGIMSIZ	GERCEK-BAGIMSIZ	yer_id/merkez yolu kökten bağımsız kapatıyor	1				1901-09-02 Adamava Emirliği Almanya ile İngiltere arasında paylaşıldı
1901-09-02	Marua (Maroua)	yerlesimler_afrika2.js	GUN-KAPALI	kok	BUYUK-HARF	OKUNMADI	büyük harfli özel ad eşleşmesi — tek tek okunmadı	1	d	Marua	iye bolundu: dogu kesimi (Garua, Banyo, Marua, Ngaunder dahil) Alman Kamerun'a, bati 	1901-09-02 Adamava Emirliği Almanya ile İngiltere arasında paylaşıldı
1901-09-02	Ngaunder (Ngaoundéré)	yerlesimler_afrika2.js	GUN-KAPALI	kok	BUYUK-HARF	OKUNMADI	büyük harfli özel ad eşleşmesi — tek tek okunmadı	1	d	Ngaunder	undu: dogu kesimi (Garua, Banyo, Marua, Ngaunder dahil) Alman Kamerun'a, bati kesimi (ba	1901-09-02 Adamava Emirliği Almanya ile İngiltere arasında paylaşıldı
1902-01-15	Riyad	yerlesimler.js	GUN-MASKELI	yer_id	BAGIMSIZ	GERCEK-BAGIMSIZ	yer_id/merkez yolu kökten bağımsız kapatıyor	0				1902-01-15 Abdülazîz b. Suûd'un Riyad'ı Reşîdîler'den geri alması
1902-05-07	Abalessa	yerlesimler_afrika2.js	GUN-KAPALI	yer_id	BAGIMSIZ	GERCEK-BAGIMSIZ	yer_id/merkez yolu kökten bağımsız kapatıyor	0				1902-05-07 Tit Muharebesi — Ahaggar Tuaregi Fransız kuvvetlerine yenildi
1902-05-07	İdeles	yerlesimler_afrika2.js	GUN-KAPALI	kok	BUYUK-HARF	OKUNMADI	büyük harfli özel ad eşleşmesi — tek tek okunmadı	0	d	Ideles	e yendi; Ahaggar'in merkezi Abalessa ve Ideles dahil Sahra'nin bu ic bolgesi Fransiz C	1902-05-07 Tit Muharebesi — Ahaggar Tuaregi Fransız kuvvetlerine yenildi
1903-01-01	Bambari	yerlesimler_afrika2.js	OCAK1	yer_id	BAGIMSIZ	GERCEK-BAGIMSIZ	yer_id/merkez yolu kökten bağımsız kapatıyor	0				1903-01-01 Fransız kuvvetleri Ubangi-Şari'nin iç kesimlerini (Bambari-Bria hattı)
1903-01-01	Batangafo	yerlesimler_afrika2.js	OCAK1	kok	BUYUK-HARF	OKUNMADI	büyük harfli özel ad eşleşmesi — tek tek okunmadı	0	d	Batangafo	 seferleri, 1900'lerin basinda Bambari, Batangafo, Bossangoa ve Bria'yi kapsayan Ubangi-S	1903-01-01 Fransız kuvvetleri Ubangi-Şari'nin iç kesimlerini (Bambari-Bria hattı)
1903-01-01	Bossangoa	yerlesimler_afrika2.js	OCAK1	kok	BUYUK-HARF	OKUNMADI	büyük harfli özel ad eşleşmesi — tek tek okunmadı	0	d	Bossangoa	 1900'lerin basinda Bambari, Batangafo, Bossangoa ve Bria'yi kapsayan Ubangi-Sari ic bolg	1903-01-01 Fransız kuvvetleri Ubangi-Şari'nin iç kesimlerini (Bambari-Bria hattı)
1903-01-01	Bria	yerlesimler_afrika2.js	OCAK1	kok	BUYUK-HARF	GERCEK-OKUNDU	bağlam elle okundu (bayraklı ya da kısa/eşsesli kök)	0	b	Bria	Ubangi-Sari'nin ic kesimlerini (Bambari-Bria hatti) ele gecirdi  Fransiz Kongo'sunun	1903-01-01 Fransız kuvvetleri Ubangi-Şari'nin iç kesimlerini (Bambari-Bria hattı)
1903-07-27	Bauci (Bauchi)	yerlesimler_afrika2.js	GUN-KAPALI	yer_id	BAGIMSIZ	GERCEK-BAGIMSIZ	yer_id/merkez yolu kökten bağımsız kapatıyor	1				1903-07-27 Burmi Savaşı — Sokoto Halifeliği'nin siyasî hâkimiyeti sona erdi
1904-01-01	Nakuru	yerlesimler_afrika2.js	OCAK1	yer_id	BAGIMSIZ	GERCEK-BAGIMSIZ	yer_id/merkez yolu kökten bağımsız kapatıyor	0				1904-01-01 Nakuru resmen kasaba olarak kuruldu
1905-01-01	Baydoa	yerlesimler_afrika.js	OCAK1	kok	BUYUK-HARF	OKUNMADI	büyük harfli özel ad eşleşmesi — tek tek okunmadı	1	yer	Baydoa	in tasfiyesi Mogadisu, Afgoye, Bardere, Baydoa, Beledveyne, Berave, Bulo Burte, Cadale	1905-01-01 İtalyan Somalisi'nin doğrudan devlet yönetimine geçişi — Benadir Şirke
1905-01-01	Beledveyne	yerlesimler_afrika.js	OCAK1	kok	BUYUK-HARF	OKUNMADI	büyük harfli özel ad eşleşmesi — tek tek okunmadı	1	yer	Beledveyne	yesi Mogadisu, Afgoye, Bardere, Baydoa, Beledveyne, Berave, Bulo Burte, Cadale, Ceel Barde	1905-01-01 İtalyan Somalisi'nin doğrudan devlet yönetimine geçişi — Benadir Şirke
1905-01-01	Merka	yerlesimler_afrika.js	OCAK1	kok	BUYUK-HARF	GERCEK-OKUNDU	bağlam elle okundu (bayraklı ya da kısa/eşsesli kök)	1	yer	Merka	lib, Diinsoor, Garbaharey, Hudur, Luuk, Merka, Vanlaveyn TDV'nin Somali maddesine gor	1905-01-01 İtalyan Somalisi'nin doğrudan devlet yönetimine geçişi — Benadir Şirke
1905-01-01	Mogadişu	yerlesimler.js	OCAK1	yer_id	BAGIMSIZ	GERCEK-BAGIMSIZ	yer_id/merkez yolu kökten bağımsız kapatıyor	1				1905-01-01 İtalyan Somalisi'nin doğrudan devlet yönetimine geçişi — Benadir Şirke
1905-04-01	Sana	yerlesimler.js	GUN-KAPALI	yer_id	BAGIMSIZ	GERCEK-BAGIMSIZ	yer_id/merkez yolu kökten bağımsız kapatıyor	0				1905-04-01 San'a'nın İmam Yahyâ'ya kaybı
1905-06-07	Alta	yerlesimler_ek8.js	GUN-KAPALI	kok	BUYUK-HARF	GERCEK-OKUNDU	bağlam elle okundu (bayraklı ya da kısa/eşsesli kök)	1	yer	Alta	ø, Alesund, Hamar, Kristiansund, Molde, Alta, Vardø, Kristiansand, Haugesund, Lilleh	1905-06-07 Norveç-İsveç Birliği'nin feshi — Storting'in tek taraflı bağımsızlık i
1905-06-07	Bodø	yerlesimler_ek8.js	GUN-KAPALI	kok	BUYUK-HARF	OKUNMADI	büyük harfli özel ad eşleşmesi — tek tek okunmadı	1	yer	Bodø	en, Trondheim, Oslo, Stavanger, Tromsø, Bodø, Alesund, Hamar, Kristiansund, Molde, A	1905-06-07 Norveç-İsveç Birliği'nin feshi — Storting'in tek taraflı bağımsızlık i
1905-06-07	Hamar	yerlesimler_ek7.js	GUN-KAPALI	kok	BUYUK-HARF	GERCEK-OKUNDU	bağlam elle okundu (bayraklı ya da kısa/eşsesli kök)	1	yer	Hamar	Oslo, Stavanger, Tromsø, Bodø, Alesund, Hamar, Kristiansund, Molde, Alta, Vardø, Kris	1905-06-07 Norveç-İsveç Birliği'nin feshi — Storting'in tek taraflı bağımsızlık i
1905-06-07	Haugesund	yerlesimler_ek7.js	GUN-KAPALI	kok	BUYUK-HARF	OKUNMADI	büyük harfli özel ad eşleşmesi — tek tek okunmadı	1	yer	Haugesund	sund, Molde, Alta, Vardø, Kristiansand, Haugesund, Lillehammer, Skien, Sogndal, Tønsberg,	1905-06-07 Norveç-İsveç Birliği'nin feshi — Storting'in tek taraflı bağımsızlık i
1905-06-07	Kristiansund	yerlesimler_ek7.js	GUN-KAPALI	kok	BUYUK-HARF	OKUNMADI	büyük harfli özel ad eşleşmesi — tek tek okunmadı	1	yer	Kristiansund	tavanger, Tromsø, Bodø, Alesund, Hamar, Kristiansund, Molde, Alta, Vardø, Kristiansand, Haug	1905-06-07 Norveç-İsveç Birliği'nin feshi — Storting'in tek taraflı bağımsızlık i
1905-06-07	Lillehammer	yerlesimler_ek7.js	GUN-KAPALI	kok	BUYUK-HARF	OKUNMADI	büyük harfli özel ad eşleşmesi — tek tek okunmadı	1	yer	Lillehammer	, Alta, Vardø, Kristiansand, Haugesund, Lillehammer, Skien, Sogndal, Tønsberg, Mosjøen, Rør	1905-06-07 Norveç-İsveç Birliği'nin feshi — Storting'in tek taraflı bağımsızlık i
1905-06-07	Molde	yerlesimler_ek7.js	GUN-KAPALI	kok	BUYUK-HARF	GERCEK-OKUNDU	bağlam elle okundu (bayraklı ya da kısa/eşsesli kök)	1	yer	Molde	sø, Bodø, Alesund, Hamar, Kristiansund, Molde, Alta, Vardø, Kristiansand, Haugesund, 	1905-06-07 Norveç-İsveç Birliği'nin feshi — Storting'in tek taraflı bağımsızlık i
1905-06-07	Mosjøen	yerlesimler_ek8.js	GUN-KAPALI	kok	BUYUK-HARF	OKUNMADI	büyük harfli özel ad eşleşmesi — tek tek okunmadı	1	yer	Mosjøen	 Lillehammer, Skien, Sogndal, Tønsberg, Mosjøen, Røros Norvec hukumetinin ayri konsolos	1905-06-07 Norveç-İsveç Birliği'nin feshi — Storting'in tek taraflı bağımsızlık i
1905-06-07	Oslo	yerlesimler.js	GUN-KAPALI	yer_id	BAGIMSIZ	GERCEK-BAGIMSIZ	yer_id/merkez yolu kökten bağımsız kapatıyor	1				1905-06-07 Norveç-İsveç Birliği'nin feshi — Storting'in tek taraflı bağımsızlık i
1905-06-07	Røros	yerlesimler_ek7.js	GUN-KAPALI	kok	BUYUK-HARF	OKUNMADI	büyük harfli özel ad eşleşmesi — tek tek okunmadı	1	yer	Røros	mer, Skien, Sogndal, Tønsberg, Mosjøen, Røros Norvec hukumetinin ayri konsolosluk kur	1905-06-07 Norveç-İsveç Birliği'nin feshi — Storting'in tek taraflı bağımsızlık i
1905-06-07	Skien	yerlesimler_ek7.js	GUN-KAPALI	kok	BUYUK-HARF	OKUNMADI	büyük harfli özel ad eşleşmesi — tek tek okunmadı	1	yer	Skien	, Kristiansand, Haugesund, Lillehammer, Skien, Sogndal, Tønsberg, Mosjøen, Røros Norv	1905-06-07 Norveç-İsveç Birliği'nin feshi — Storting'in tek taraflı bağımsızlık i
1905-06-07	Sogndal	yerlesimler_ek7.js	GUN-KAPALI	kok	BUYUK-HARF	OKUNMADI	büyük harfli özel ad eşleşmesi — tek tek okunmadı	1	yer	Sogndal	iansand, Haugesund, Lillehammer, Skien, Sogndal, Tønsberg, Mosjøen, Røros Norvec hukume	1905-06-07 Norveç-İsveç Birliği'nin feshi — Storting'in tek taraflı bağımsızlık i
1905-06-07	Tromsø	yerlesimler_ek8.js	GUN-KAPALI	kok	BUYUK-HARF	OKUNMADI	büyük harfli özel ad eşleşmesi — tek tek okunmadı	1	yer	Tromsø	ani Bergen, Trondheim, Oslo, Stavanger, Tromsø, Bodø, Alesund, Hamar, Kristiansund, Mo	1905-06-07 Norveç-İsveç Birliği'nin feshi — Storting'in tek taraflı bağımsızlık i
1905-06-07	Vardø	yerlesimler_ek8.js	GUN-KAPALI	kok	BUYUK-HARF	OKUNMADI	büyük harfli özel ad eşleşmesi — tek tek okunmadı	1	yer	Vardø	sund, Hamar, Kristiansund, Molde, Alta, Vardø, Kristiansand, Haugesund, Lillehammer, 	1905-06-07 Norveç-İsveç Birliği'nin feshi — Storting'in tek taraflı bağımsızlık i
1905-06-07	Ålesund	yerlesimler_ek7.js	GUN-KAPALI	kok	BUYUK-HARF	OKUNMADI	büyük harfli özel ad eşleşmesi — tek tek okunmadı	1	yer	Alesund	ondheim, Oslo, Stavanger, Tromsø, Bodø, Alesund, Hamar, Kristiansund, Molde, Alta, Vard	1905-06-07 Norveç-İsveç Birliği'nin feshi — Storting'in tek taraflı bağımsızlık i
1905-09-01	Sana	yerlesimler.js	GUN-KAPALI	yer_id	BAGIMSIZ	GERCEK-BAGIMSIZ	yer_id/merkez yolu kökten bağımsız kapatıyor	0				1905-09-01 San'a'nın geri alınması: İmam Yahyâ isyanının bastırılması
1908-10-05	Banaluka	yerlesimler.js	GUN-KAPALI	merkez	BAGIMSIZ	GERCEK-BAGIMSIZ	yer_id/merkez yolu kökten bağımsız kapatıyor	1		Saraybosna		1908-10-05 Bulgaristan'ın bağımsızlığı ve Bosna'nın ilhakı
1908-10-05	Eski Zağra (Stara Zagora)	yerlesimler.js	GUN-KAPALI	merkez	BAGIMSIZ	GERCEK-BAGIMSIZ	yer_id/merkez yolu kökten bağımsız kapatıyor	1		Sofya		1908-10-05 Bulgaristan'ın bağımsızlığı ve Bosna'nın ilhakı
1908-10-05	Filibe	yerlesimler.js	GUN-KAPALI	merkez	BAGIMSIZ	GERCEK-BAGIMSIZ	yer_id/merkez yolu kökten bağımsız kapatıyor	1		Sofya		1908-10-05 Bulgaristan'ın bağımsızlığı ve Bosna'nın ilhakı
1908-10-05	Foça (Foča)	yerlesimler.js	GUN-KAPALI	merkez	BAGIMSIZ	GERCEK-BAGIMSIZ	yer_id/merkez yolu kökten bağımsız kapatıyor	1		Saraybosna		1908-10-05 Bulgaristan'ın bağımsızlığı ve Bosna'nın ilhakı
1908-10-05	Koniçe (Konjic)	yerlesimler_ek2.js	GUN-KAPALI	merkez	BAGIMSIZ	GERCEK-BAGIMSIZ	yer_id/merkez yolu kökten bağımsız kapatıyor	1		Saraybosna		1908-10-05 Bulgaristan'ın bağımsızlığı ve Bosna'nın ilhakı
1908-10-05	Köstendil	yerlesimler.js	GUN-KAPALI	merkez	BAGIMSIZ	GERCEK-BAGIMSIZ	yer_id/merkez yolu kökten bağımsız kapatıyor	1		Sofya		1908-10-05 Bulgaristan'ın bağımsızlığı ve Bosna'nın ilhakı
1908-10-05	Livno (İhlevne)	yerlesimler.js	GUN-KAPALI	merkez	BAGIMSIZ	GERCEK-BAGIMSIZ	yer_id/merkez yolu kökten bağımsız kapatıyor	1		Saraybosna		1908-10-05 Bulgaristan'ın bağımsızlığı ve Bosna'nın ilhakı
1908-10-05	Mostar	yerlesimler.js	GUN-KAPALI	merkez	BAGIMSIZ	GERCEK-BAGIMSIZ	yer_id/merkez yolu kökten bağımsız kapatıyor	1		Saraybosna		1908-10-05 Bulgaristan'ın bağımsızlığı ve Bosna'nın ilhakı
1908-10-05	Niğbolu	yerlesimler.js	GUN-KAPALI	merkez	BAGIMSIZ	GERCEK-BAGIMSIZ	yer_id/merkez yolu kökten bağımsız kapatıyor	1		Sofya		1908-10-05 Bulgaristan'ın bağımsızlığı ve Bosna'nın ilhakı
1908-10-05	Plevne	yerlesimler.js	GUN-KAPALI	merkez	BAGIMSIZ	GERCEK-BAGIMSIZ	yer_id/merkez yolu kökten bağımsız kapatıyor	1		Sofya		1908-10-05 Bulgaristan'ın bağımsızlığı ve Bosna'nın ilhakı
1908-10-05	Saraybosna	yerlesimler.js	GUN-KAPALI	kok+yer_id	BAGIMSIZ	GERCEK-BAGIMSIZ	yer_id/merkez yolu kökten bağımsız kapatıyor	1	yer	Saraybosna	bagimsizligi ve Bosna'nin ilhaki Sofya, Saraybosna Mesrutiyet karmasasinda Bulgaristan bag	1908-10-05 Bulgaristan'ın bağımsızlığı ve Bosna'nın ilhakı
1908-10-05	Sofya	yerlesimler.js	GUN-KAPALI	yer_id	BAGIMSIZ	GERCEK-BAGIMSIZ	yer_id/merkez yolu kökten bağımsız kapatıyor	1				1908-10-05 Bulgaristan'ın bağımsızlığı ve Bosna'nın ilhakı
1908-10-05	Srebrenik	yerlesimler.js	GUN-KAPALI	merkez	BAGIMSIZ	GERCEK-BAGIMSIZ	yer_id/merkez yolu kökten bağımsız kapatıyor	1		Saraybosna		1908-10-05 Bulgaristan'ın bağımsızlığı ve Bosna'nın ilhakı
1908-10-05	Tatarpazarcığı	yerlesimler.js	GUN-KAPALI	merkez	BAGIMSIZ	GERCEK-BAGIMSIZ	yer_id/merkez yolu kökten bağımsız kapatıyor	1		Sofya		1908-10-05 Bulgaristan'ın bağımsızlığı ve Bosna'nın ilhakı
1908-10-05	Travnik	yerlesimler.js	GUN-KAPALI	merkez	BAGIMSIZ	GERCEK-BAGIMSIZ	yer_id/merkez yolu kökten bağımsız kapatıyor	1		Saraybosna		1908-10-05 Bulgaristan'ın bağımsızlığı ve Bosna'nın ilhakı
1908-10-05	Trebinye	yerlesimler_seyrek.js	GUN-KAPALI	merkez	BAGIMSIZ	GERCEK-BAGIMSIZ	yer_id/merkez yolu kökten bağımsız kapatıyor	1		Saraybosna		1908-10-05 Bulgaristan'ın bağımsızlığı ve Bosna'nın ilhakı
1908-10-05	Tuzla (Bosna)	yerlesimler_seyrek.js	GUN-KAPALI	merkez	BAGIMSIZ	GERCEK-BAGIMSIZ	yer_id/merkez yolu kökten bağımsız kapatıyor	1		Saraybosna		1908-10-05 Bulgaristan'ın bağımsızlığı ve Bosna'nın ilhakı
1908-10-05	Tırnova	yerlesimler.js	GUN-KAPALI	merkez	BAGIMSIZ	GERCEK-BAGIMSIZ	yer_id/merkez yolu kökten bağımsız kapatıyor	1		Sofya		1908-10-05 Bulgaristan'ın bağımsızlığı ve Bosna'nın ilhakı
1908-10-05	Vidin	yerlesimler.js	GUN-KAPALI	merkez	BAGIMSIZ	GERCEK-BAGIMSIZ	yer_id/merkez yolu kökten bağımsız kapatıyor	1		Sofya		1908-10-05 Bulgaristan'ın bağımsızlığı ve Bosna'nın ilhakı
1908-10-05	Visoko	yerlesimler_ek2.js	GUN-KAPALI	merkez	BAGIMSIZ	GERCEK-BAGIMSIZ	yer_id/merkez yolu kökten bağımsız kapatıyor	1		Saraybosna		1908-10-05 Bulgaristan'ın bağımsızlığı ve Bosna'nın ilhakı
1908-10-05	Vişegrad	yerlesimler_seyrek.js	GUN-KAPALI	merkez	BAGIMSIZ	GERCEK-BAGIMSIZ	yer_id/merkez yolu kökten bağımsız kapatıyor	1		Saraybosna		1908-10-05 Bulgaristan'ın bağımsızlığı ve Bosna'nın ilhakı
1908-10-05	Yayça (Jajce)	yerlesimler.js	GUN-KAPALI	merkez	BAGIMSIZ	GERCEK-BAGIMSIZ	yer_id/merkez yolu kökten bağımsız kapatıyor	1		Saraybosna		1908-10-05 Bulgaristan'ın bağımsızlığı ve Bosna'nın ilhakı
1908-10-05	İhtiman	yerlesimler.js	GUN-KAPALI	merkez	BAGIMSIZ	GERCEK-BAGIMSIZ	yer_id/merkez yolu kökten bağımsız kapatıyor	1		Sofya		1908-10-05 Bulgaristan'ın bağımsızlığı ve Bosna'nın ilhakı
1908-10-05	İzvornik (Zvornik)	yerlesimler.js	GUN-KAPALI	merkez	BAGIMSIZ	GERCEK-BAGIMSIZ	yer_id/merkez yolu kökten bağımsız kapatıyor	1		Saraybosna		1908-10-05 Bulgaristan'ın bağımsızlığı ve Bosna'nın ilhakı
1909-06-02	Abeşe (Abéché)	yerlesimler_afrika2.js	GUN-MASKELI	yer_id	BAGIMSIZ	GERCEK-BAGIMSIZ	yer_id/merkez yolu kökten bağımsız kapatıyor	0				1909-06-02 Fransızlar Abeşe'yi aldı — Vedây Sultanlığı'nın sonu
1911-01-01	Cânet (Djanet)	yerlesimler_afrika2.js	OCAK1	yer_id	BAGIMSIZ	GERCEK-BAGIMSIZ	yer_id/merkez yolu kökten bağımsız kapatıyor	0				1911-01-01 Fransızlar Canet'i (Djanet) işgal etti
1911-04-12	Ndele (Dâru'l-Kûtî)	yerlesimler_afrika2.js	GUN-KAPALI	yer_id	BAGIMSIZ	GERCEK-BAGIMSIZ	yer_id/merkez yolu kökten bağımsız kapatıyor	1				1911-04-12 Sultan Mohammed es-Senûsî'nin Dâru'l-Kûtî Sultanlığı Fransız kuvvetler
1912-10-07	Bozcaada	yerlesimler.js	GUN-KAPALI	merkez	BAGIMSIZ	GERCEK-BAGIMSIZ	yer_id/merkez yolu kökten bağımsız kapatıyor	0		Edirne		1912-11-03 Edirne kuşatması başladı
1912-10-18	Benî Velîd	yerlesimler_afrika.js	GUN-KAPALI	merkez	BAGIMSIZ	GERCEK-BAGIMSIZ	yer_id/merkez yolu kökten bağımsız kapatıyor	1		Trablus		1912-10-18 Uşi Antlaşması: Trablusgarp ve Bingazi'nin İtalya'ya terki
1912-10-18	Beyzâ (Kirene)	yerlesimler_afrika.js	GUN-KAPALI	merkez	BAGIMSIZ	GERCEK-BAGIMSIZ	yer_id/merkez yolu kökten bağımsız kapatıyor	1		Bingazi		1912-10-18 Uşi Antlaşması: Trablusgarp ve Bingazi'nin İtalya'ya terki
1912-10-18	Bingazi	yerlesimler.js	GUN-KAPALI	kok	BUYUK-HARF	OKUNMADI	büyük harfli özel ad eşleşmesi — tek tek okunmadı	1	b	Bingazi	Usi Antlasmasi: Trablusgarp ve Bingazi'nin Italya'ya terki Usi (Ouchy), Lozan 	1912-10-18 Uşi Antlaşması: Trablusgarp ve Bingazi'nin İtalya'ya terki
1912-10-18	Cağbûb	yerlesimler_afrika.js	GUN-KAPALI	merkez	BAGIMSIZ	GERCEK-BAGIMSIZ	yer_id/merkez yolu kökten bağımsız kapatıyor	1		Bingazi		1912-10-18 Uşi Antlaşması: Trablusgarp ve Bingazi'nin İtalya'ya terki
1912-10-18	Câlû	yerlesimler_afrika.js	GUN-KAPALI	merkez	BAGIMSIZ	GERCEK-BAGIMSIZ	yer_id/merkez yolu kökten bağımsız kapatıyor	1		Bingazi		1912-10-18 Uşi Antlaşması: Trablusgarp ve Bingazi'nin İtalya'ya terki
1912-10-18	Derne	yerlesimler.js	GUN-KAPALI	merkez	BAGIMSIZ	GERCEK-BAGIMSIZ	yer_id/merkez yolu kökten bağımsız kapatıyor	1		Bingazi		1912-10-18 Uşi Antlaşması: Trablusgarp ve Bingazi'nin İtalya'ya terki
1912-10-18	Ecdâbiye	yerlesimler_afrika.js	GUN-KAPALI	merkez	BAGIMSIZ	GERCEK-BAGIMSIZ	yer_id/merkez yolu kökten bağımsız kapatıyor	1		Bingazi		1912-10-18 Uşi Antlaşması: Trablusgarp ve Bingazi'nin İtalya'ya terki
1912-10-18	Garyân	yerlesimler_afrika.js	GUN-KAPALI	merkez	BAGIMSIZ	GERCEK-BAGIMSIZ	yer_id/merkez yolu kökten bağımsız kapatıyor	1		Trablus		1912-10-18 Uşi Antlaşması: Trablusgarp ve Bingazi'nin İtalya'ya terki
1912-10-18	Hums (Lebde)	yerlesimler_afrika.js	GUN-KAPALI	merkez	BAGIMSIZ	GERCEK-BAGIMSIZ	yer_id/merkez yolu kökten bağımsız kapatıyor	1		Trablus		1912-10-18 Uşi Antlaşması: Trablusgarp ve Bingazi'nin İtalya'ya terki
1912-10-18	Merc	yerlesimler_afrika.js	GUN-KAPALI	merkez	BAGIMSIZ	GERCEK-BAGIMSIZ	yer_id/merkez yolu kökten bağımsız kapatıyor	1		Bingazi		1912-10-18 Uşi Antlaşması: Trablusgarp ve Bingazi'nin İtalya'ya terki
1912-10-18	Misrata	yerlesimler.js	GUN-KAPALI	merkez	BAGIMSIZ	GERCEK-BAGIMSIZ	yer_id/merkez yolu kökten bağımsız kapatıyor	1		Trablus		1912-10-18 Uşi Antlaşması: Trablusgarp ve Bingazi'nin İtalya'ya terki
1912-10-18	Mızde	yerlesimler_afrika.js	GUN-KAPALI	merkez	BAGIMSIZ	GERCEK-BAGIMSIZ	yer_id/merkez yolu kökten bağımsız kapatıyor	1		Trablus		1912-10-18 Uşi Antlaşması: Trablusgarp ve Bingazi'nin İtalya'ya terki
1912-10-18	Nâlût	yerlesimler_afrika.js	GUN-KAPALI	merkez	BAGIMSIZ	GERCEK-BAGIMSIZ	yer_id/merkez yolu kökten bağımsız kapatıyor	1		Trablus		1912-10-18 Uşi Antlaşması: Trablusgarp ve Bingazi'nin İtalya'ya terki
1912-10-18	Sirte	yerlesimler_afrika.js	GUN-KAPALI	merkez	BAGIMSIZ	GERCEK-BAGIMSIZ	yer_id/merkez yolu kökten bağımsız kapatıyor	1		Trablus		1912-10-18 Uşi Antlaşması: Trablusgarp ve Bingazi'nin İtalya'ya terki
1912-10-18	Sokna	yerlesimler_afrika.js	GUN-KAPALI	merkez	BAGIMSIZ	GERCEK-BAGIMSIZ	yer_id/merkez yolu kökten bağımsız kapatıyor	1		Trablus		1912-10-18 Uşi Antlaşması: Trablusgarp ve Bingazi'nin İtalya'ya terki
1912-10-18	Tobruk	yerlesimler_afrika.js	GUN-KAPALI	merkez	BAGIMSIZ	GERCEK-BAGIMSIZ	yer_id/merkez yolu kökten bağımsız kapatıyor	1		Bingazi		1912-10-18 Uşi Antlaşması: Trablusgarp ve Bingazi'nin İtalya'ya terki
1912-10-18	Trablus	yerlesimler.js	GUN-KAPALI	yer_id	BAGIMSIZ	GERCEK-BAGIMSIZ	yer_id/merkez yolu kökten bağımsız kapatıyor	1				1912-10-18 Uşi Antlaşması: Trablusgarp ve Bingazi'nin İtalya'ya terki
1912-10-18	Yefren	yerlesimler_afrika.js	GUN-KAPALI	merkez	BAGIMSIZ	GERCEK-BAGIMSIZ	yer_id/merkez yolu kökten bağımsız kapatıyor	1		Trablus		1912-10-18 Uşi Antlaşması: Trablusgarp ve Bingazi'nin İtalya'ya terki
1912-10-18	Zilten	yerlesimler_afrika.js	GUN-KAPALI	merkez	BAGIMSIZ	GERCEK-BAGIMSIZ	yer_id/merkez yolu kökten bağımsız kapatıyor	1		Trablus		1912-10-18 Uşi Antlaşması: Trablusgarp ve Bingazi'nin İtalya'ya terki
1912-10-18	Zuvâre	yerlesimler_afrika.js	GUN-KAPALI	merkez	BAGIMSIZ	GERCEK-BAGIMSIZ	yer_id/merkez yolu kökten bağımsız kapatıyor	1		Trablus		1912-10-18 Uşi Antlaşması: Trablusgarp ve Bingazi'nin İtalya'ya terki
1912-10-18	Zâviye	yerlesimler_afrika.js	GUN-KAPALI	merkez	BAGIMSIZ	GERCEK-BAGIMSIZ	yer_id/merkez yolu kökten bağımsız kapatıyor	1		Trablus		1912-10-18 Uşi Antlaşması: Trablusgarp ve Bingazi'nin İtalya'ya terki
1912-10-18	Ğadâmis	yerlesimler_afrika.js	GUN-KAPALI	merkez	BAGIMSIZ	GERCEK-BAGIMSIZ	yer_id/merkez yolu kökten bağımsız kapatıyor	1		Trablus		1912-10-18 Uşi Antlaşması: Trablusgarp ve Bingazi'nin İtalya'ya terki
1912-10-22	Priştine	yerlesimler.js	GUN-KAPALI	yer_id	BAGIMSIZ	GERCEK-BAGIMSIZ	yer_id/merkez yolu kökten bağımsız kapatıyor	0				1912-10-02 Priştine'nin Sırp ordusunun eline geçmesi
1912-10-23	Yenipazar (Novi Pazar)	yerlesimler.js	GUN-KAPALI	yer_id	BAGIMSIZ	GERCEK-BAGIMSIZ	yer_id/merkez yolu kökten bağımsız kapatıyor	0				1912-10-08 I. Balkan Savaşı'nın başlaması — Karadağ'ın savaş ilânı
1912-10-24	Kırklareli	yerlesimler.js	GUN-KAPALI	merkez	BAGIMSIZ	GERCEK-BAGIMSIZ	yer_id/merkez yolu kökten bağımsız kapatıyor	0		Edirne		1912-11-03 Edirne kuşatması başladı
1912-11-01	Tekirdağ	yerlesimler.js	GUN-KAPALI	merkez	BAGIMSIZ	GERCEK-BAGIMSIZ	yer_id/merkez yolu kökten bağımsız kapatıyor	0		Edirne		1912-11-03 Edirne kuşatması başladı
1912-11-01	İmroz	yerlesimler.js	GUN-KAPALI	merkez	BAGIMSIZ	GERCEK-BAGIMSIZ	yer_id/merkez yolu kökten bağımsız kapatıyor	0		Edirne		1912-11-03 Edirne kuşatması başladı
1912-11-11	Sisam	yerlesimler.js	GUN-KAPALI	yer_id	BAGIMSIZ	GERCEK-BAGIMSIZ	yer_id/merkez yolu kökten bağımsız kapatıyor	0				1912-11-11 Sisam'ın Osmanlı idaresinden çıkışı
1912-11-19	Manastır	yerlesimler.js	GUN-KAPALI	kok+yer_id	BAGIMSIZ	GERCEK-BAGIMSIZ	yer_id/merkez yolu kökten bağımsız kapatıyor	0	d	Manastir	yetinin sona ermesi Ohri, Debre (Dibra) Manastir'in dususunden on bir gun sonra Sirp ord	1912-11-29 Ohri ve Debre'de Osmanlı hâkimiyetinin sona ermesi
1912-11-28	Akçahisar (Kruja)	yerlesimler.js	GUN-KAPALI	kok	BUYUK-HARF	OKUNMADI	büyük harfli özel ad eşleşmesi — tek tek okunmadı	1	yer	Akcahisar	ani - Avlonya'da Ismail Kemali Avlonya, Akcahisar (Kruja), Ayasaranda (Sarande), Berat, B	1912-11-28 Arnavutluk'un istiklâlinin ilânı — Avlonya'da İsmâil Kemali
1912-11-28	Avlonya	yerlesimler.js	GUN-KAPALI	yer_id	BAGIMSIZ	GERCEK-BAGIMSIZ	yer_id/merkez yolu kökten bağımsız kapatıyor	1				1912-11-28 Arnavutluk'un istiklâlinin ilânı — Avlonya'da İsmâil Kemali
1912-11-28	Ayasaranda (Sarandë)	yerlesimler_epir.js	GUN-KAPALI	kok	BUYUK-HARF	OKUNMADI	büyük harfli özel ad eşleşmesi — tek tek okunmadı	1	yer	Ayasaranda	mail Kemali Avlonya, Akcahisar (Kruja), Ayasaranda (Sarande), Berat, Butrint (Butrinto), D	1912-11-28 Arnavutluk'un istiklâlinin ilânı — Avlonya'da İsmâil Kemali
1912-11-28	Berat	yerlesimler.js	GUN-KAPALI	kok	BUYUK-HARF	GERCEK-OKUNDU	bağlam elle okundu (bayraklı ya da kısa/eşsesli kök)	1	yer	Berat	kcahisar (Kruja), Ayasaranda (Sarande), Berat, Butrint (Butrinto), Delvine, Drac, Erg	1912-11-28 Arnavutluk'un istiklâlinin ilânı — Avlonya'da İsmâil Kemali
1912-11-28	Butrint (Butrinto)	yerlesimler_epir.js	GUN-KAPALI	kok	BUYUK-HARF	OKUNMADI	büyük harfli özel ad eşleşmesi — tek tek okunmadı	1	yer	Butrint	r (Kruja), Ayasaranda (Sarande), Berat, Butrint (Butrinto), Delvine, Drac, Ergiri (Ergi	1912-11-28 Arnavutluk'un istiklâlinin ilânı — Avlonya'da İsmâil Kemali
1912-11-28	Delvine	yerlesimler_epir.js	GUN-KAPALI	kok	BUYUK-HARF	OKUNMADI	büyük harfli özel ad eşleşmesi — tek tek okunmadı	1	yer	Delvine	a (Sarande), Berat, Butrint (Butrinto), Delvine, Drac, Ergiri (Ergirikasri), Himara (Hi	1912-11-28 Arnavutluk'un istiklâlinin ilânı — Avlonya'da İsmâil Kemali
1912-11-28	Draç	yerlesimler.js	GUN-KAPALI	kok	BUYUK-HARF	OKUNMADI	büyük harfli özel ad eşleşmesi — tek tek okunmadı	1	yer	Drac	e), Berat, Butrint (Butrinto), Delvine, Drac, Ergiri (Ergirikasri), Himara (Himare),	1912-11-28 Arnavutluk'un istiklâlinin ilânı — Avlonya'da İsmâil Kemali
1912-11-28	Ergiri (Ergirikasrı)	yerlesimler_epir.js	GUN-KAPALI	kok	BUYUK-HARF	OKUNMADI	büyük harfli özel ad eşleşmesi — tek tek okunmadı	1	yer	Ergiri	rat, Butrint (Butrinto), Delvine, Drac, Ergiri (Ergirikasri), Himara (Himare), Kanina,	1912-11-28 Arnavutluk'un istiklâlinin ilânı — Avlonya'da İsmâil Kemali
1912-11-28	Hımara (Himarë)	yerlesimler_epir.js	GUN-KAPALI	kok	BUYUK-HARF	OKUNMADI	büyük harfli özel ad eşleşmesi — tek tek okunmadı	1	yer	Himara	), Delvine, Drac, Ergiri (Ergirikasri), Himara (Himare), Kanina, Les (Alessio), Mat (M	1912-11-28 Arnavutluk'un istiklâlinin ilânı — Avlonya'da İsmâil Kemali
1912-11-28	Kanina	yerlesimler.js	GUN-KAPALI	kok	BUYUK-HARF	OKUNMADI	büyük harfli özel ad eşleşmesi — tek tek okunmadı	1	yer	Kanina	 Ergiri (Ergirikasri), Himara (Himare), Kanina, Les (Alessio), Mat (Mati), Ilbasan (El	1912-11-28 Arnavutluk'un istiklâlinin ilânı — Avlonya'da İsmâil Kemali
1912-11-28	Leş (Alessio)	yerlesimler_ok104.js	GUN-KAPALI	kok	BUYUK-HARF	GERCEK-OKUNDU	bağlam elle okundu (bayraklı ya da kısa/eşsesli kök)	1	yer	Les	(Ergirikasri), Himara (Himare), Kanina, Les (Alessio), Mat (Mati), Ilbasan (Elbasan	1912-11-28 Arnavutluk'un istiklâlinin ilânı — Avlonya'da İsmâil Kemali
1912-11-28	Mat (Mati)	yerlesimler_ok104.js	GUN-KAPALI	kok	BUYUK-HARF	GERCEK-OKUNDU	bağlam elle okundu (bayraklı ya da kısa/eşsesli kök)	1	yer	Mat	Himara (Himare), Kanina, Les (Alessio), Mat (Mati), Ilbasan (Elbasan), Arnavutluk B	1912-11-28 Arnavutluk'un istiklâlinin ilânı — Avlonya'da İsmâil Kemali
1912-11-28	İlbasan (Elbasan)	yerlesimler.js	GUN-KAPALI	kok	BUYUK-HARF	OKUNMADI	büyük harfli özel ad eşleşmesi — tek tek okunmadı	1	yer	Ilbasan	re), Kanina, Les (Alessio), Mat (Mati), Ilbasan (Elbasan), Arnavutluk Balkan Savasi ord	1912-11-28 Arnavutluk'un istiklâlinin ilânı — Avlonya'da İsmâil Kemali
1912-11-29	Debre (Dibra)	yerlesimler_ok104.js	GUN-KAPALI	kok	BUYUK-HARF	OKUNMADI	büyük harfli özel ad eşleşmesi — tek tek okunmadı	0	b	Debre	Ohri ve Debre'de Osmanli hakimiyetinin sona ermesi Oh	1912-11-29 Ohri ve Debre'de Osmanlı hâkimiyetinin sona ermesi
1912-11-29	Ohri	yerlesimler.js	GUN-KAPALI	yer_id	BAGIMSIZ	GERCEK-BAGIMSIZ	yer_id/merkez yolu kökten bağımsız kapatıyor	0				1912-11-29 Ohri ve Debre'de Osmanlı hâkimiyetinin sona ermesi
1913-03-26	Demirköy	yerlesimler_ek24.js	GUN-MASKELI	merkez	BAGIMSIZ	GERCEK-BAGIMSIZ	yer_id/merkez yolu kökten bağımsız kapatıyor	0		Edirne		1913-03-26 Edirne'nin Bulgarlara düşüşü
1913-03-26	Dereköy (Kırklareli)	yerlesimler_ek24.js	GUN-MASKELI	merkez	BAGIMSIZ	GERCEK-BAGIMSIZ	yer_id/merkez yolu kökten bağımsız kapatıyor	0		Edirne		1913-03-26 Edirne'nin Bulgarlara düşüşü
1913-03-26	Edirne	yerlesimler.js	GUN-MASKELI	yer_id	BAGIMSIZ	GERCEK-BAGIMSIZ	yer_id/merkez yolu kökten bağımsız kapatıyor	0				1913-03-26 Edirne'nin Bulgarlara düşüşü
1913-03-26	Havsa	yerlesimler_ek24.js	GUN-MASKELI	merkez	BAGIMSIZ	GERCEK-BAGIMSIZ	yer_id/merkez yolu kökten bağımsız kapatıyor	0		Edirne		1913-03-26 Edirne'nin Bulgarlara düşüşü
1913-03-26	Kofçaz	yerlesimler_ek24.js	GUN-MASKELI	merkez	BAGIMSIZ	GERCEK-BAGIMSIZ	yer_id/merkez yolu kökten bağımsız kapatıyor	0		Edirne		1913-03-26 Edirne'nin Bulgarlara düşüşü
1913-03-26	Lalapaşa	yerlesimler_ek24.js	GUN-MASKELI	merkez	BAGIMSIZ	GERCEK-BAGIMSIZ	yer_id/merkez yolu kökten bağımsız kapatıyor	0		Edirne		1913-03-26 Edirne'nin Bulgarlara düşüşü
1913-03-26	Meriç (İpsala kuzeyi)	yerlesimler_ek24.js	GUN-MASKELI	merkez	BAGIMSIZ	GERCEK-BAGIMSIZ	yer_id/merkez yolu kökten bağımsız kapatıyor	0		Edirne		1913-03-26 Edirne'nin Bulgarlara düşüşü
1913-03-26	Uzunköprü	yerlesimler_ek24.js	GUN-MASKELI	merkez	BAGIMSIZ	GERCEK-BAGIMSIZ	yer_id/merkez yolu kökten bağımsız kapatıyor	0		Edirne		1913-03-26 Edirne'nin Bulgarlara düşüşü
1913-03-26	İğneada	yerlesimler_ek24.js	GUN-MASKELI	merkez	BAGIMSIZ	GERCEK-BAGIMSIZ	yer_id/merkez yolu kökten bağımsız kapatıyor	0		Edirne		1913-03-26 Edirne'nin Bulgarlara düşüşü
1913-04-23	İşkodra	yerlesimler.js	GUN-KAPALI	yer_id	BAGIMSIZ	GERCEK-BAGIMSIZ	yer_id/merkez yolu kökten bağımsız kapatıyor	0				1913-04-23 İşkodra'nın Karadağlılar tarafından işgali
1913-07-08	Cübeyl	yerlesimler.js	GUN-KAPALI	kok	BUYUK-HARF	OKUNMADI	büyük harfli özel ad eşleşmesi — tek tek okunmadı	0	yer	Cubeyl	onu Lahsa, Hufuf, Katif, Ukayr (Uceyr), Cubeyl Necid emiri Abdulaziz b. Suud, Osmanli 	1913-07-08 İbn Suud Lahsa'yı aldı — Osmanlı'nın Körfez kıyısındaki hâkimiyetinin 
1913-07-08	Katîf	yerlesimler.js	GUN-KAPALI	kok	BUYUK-HARF	OKUNMADI	büyük harfli özel ad eşleşmesi — tek tek okunmadı	0	yer	Katif	indaki hakimiyetinin sonu Lahsa, Hufuf, Katif, Ukayr (Uceyr), Cubeyl Necid emiri Abdu	1913-07-08 İbn Suud Lahsa'yı aldı — Osmanlı'nın Körfez kıyısındaki hâkimiyetinin 
1913-07-08	Lahsa	yerlesimler.js	GUN-KAPALI	yer_id	BAGIMSIZ	GERCEK-BAGIMSIZ	yer_id/merkez yolu kökten bağımsız kapatıyor	0				1913-07-08 İbn Suud Lahsa'yı aldı — Osmanlı'nın Körfez kıyısındaki hâkimiyetinin 
1913-07-08	Ukayr (Uceyr)	yerlesimler.js	GUN-KAPALI	kok	BUYUK-HARF	OKUNMADI	büyük harfli özel ad eşleşmesi — tek tek okunmadı	0	yer	Ukayr	hakimiyetinin sonu Lahsa, Hufuf, Katif, Ukayr (Uceyr), Cubeyl Necid emiri Abdulaziz b	1913-07-08 İbn Suud Lahsa'yı aldı — Osmanlı'nın Körfez kıyısındaki hâkimiyetinin 
1913-07-14	Kırcaali	yerlesimler_seyrek.js	GUN-KAPALI	merkez	BAGIMSIZ	GERCEK-BAGIMSIZ	yer_id/merkez yolu kökten bağımsız kapatıyor	1		Edirne		1913-07-21 Edirne'nin geri alınışı
1913-07-21	Demirköy	yerlesimler_ek24.js	GUN-KAPALI	merkez	BAGIMSIZ	GERCEK-BAGIMSIZ	yer_id/merkez yolu kökten bağımsız kapatıyor	1		Edirne		1913-07-21 Edirne'nin geri alınışı
1913-07-21	Dereköy (Kırklareli)	yerlesimler_ek24.js	GUN-KAPALI	merkez	BAGIMSIZ	GERCEK-BAGIMSIZ	yer_id/merkez yolu kökten bağımsız kapatıyor	1		Edirne		1913-07-21 Edirne'nin geri alınışı
1913-07-21	Edirne	yerlesimler.js	GUN-KAPALI	kok+yer_id	BAGIMSIZ	GERCEK-BAGIMSIZ	yer_id/merkez yolu kökten bağımsız kapatıyor	1	d	Edirne	dye-Enez hattini asti ve Dogu Trakya'yi Edirne ile birlikte geri aldi.	1913-06-29 II. Balkan Savaşı'nın başlaması: müttefiklerin paylaşım kavgası
1913-07-21	Havsa	yerlesimler_ek24.js	GUN-KAPALI	merkez	BAGIMSIZ	GERCEK-BAGIMSIZ	yer_id/merkez yolu kökten bağımsız kapatıyor	1		Edirne		1913-07-21 Edirne'nin geri alınışı
1913-07-21	Kofçaz	yerlesimler_ek24.js	GUN-KAPALI	merkez	BAGIMSIZ	GERCEK-BAGIMSIZ	yer_id/merkez yolu kökten bağımsız kapatıyor	1		Edirne		1913-07-21 Edirne'nin geri alınışı
1913-07-21	Kırklareli	yerlesimler.js	GUN-KAPALI	kok	BUYUK-HARF	GERCEK-OKUNDU	bağlam elle okundu (bayraklı ya da kısa/eşsesli kök)	1	d	Kirklareli	ldi. Ayni tarihte katilan oteki yerler: Kirklareli, Tekirdag.	1913-07-21 Edirne'nin geri alınışı
1913-07-21	Lalapaşa	yerlesimler_ek24.js	GUN-KAPALI	merkez	BAGIMSIZ	GERCEK-BAGIMSIZ	yer_id/merkez yolu kökten bağımsız kapatıyor	1		Edirne		1913-07-21 Edirne'nin geri alınışı
1913-07-21	Meriç (İpsala kuzeyi)	yerlesimler_ek24.js	GUN-KAPALI	kok	BUYUK-HARF	OKUNMADI	büyük harfli özel ad eşleşmesi — tek tek okunmadı	1	d	Meric	inisi Edirne II. Balkan Savasi'nda ordu Meric'i gecerek Edirne'yi savassiz geri aldi.	1913-07-21 Edirne'nin geri alınışı
1913-07-21	Tekirdağ	yerlesimler.js	GUN-KAPALI	kok	BUYUK-HARF	OKUNMADI	büyük harfli özel ad eşleşmesi — tek tek okunmadı	1	d	Tekirdag	rihte katilan oteki yerler: Kirklareli, Tekirdag.	1913-07-21 Edirne'nin geri alınışı
1913-07-21	Uzunköprü	yerlesimler_ek24.js	GUN-KAPALI	merkez	BAGIMSIZ	GERCEK-BAGIMSIZ	yer_id/merkez yolu kökten bağımsız kapatıyor	1		Edirne		1913-07-21 Edirne'nin geri alınışı
1913-07-21	İğneada	yerlesimler_ek24.js	GUN-KAPALI	merkez	BAGIMSIZ	GERCEK-BAGIMSIZ	yer_id/merkez yolu kökten bağımsız kapatıyor	1		Edirne		1913-07-21 Edirne'nin geri alınışı
1913-07-29	Doha (Katar)	yerlesimler.js	GUN-KAPALI	yer_id	BAGIMSIZ	GERCEK-BAGIMSIZ	yer_id/merkez yolu kökten bağımsız kapatıyor	1				1913-07-29 Katar'dan Osmanlı feragati — Londra Sözleşmesi
1913-07-29	Katar Yarımadası (iç, dolgu)	yerlesimler_ek_korfez.js	GUN-KAPALI	kok	BUYUK-HARF	OKUNMADI	büyük harfli özel ad eşleşmesi — tek tek okunmadı	1	d	Katar yarimadasi	-Osmanli sozlesmesiyle Osmanli Devleti, Katar yarimadasi uzerindeki butun taleplerinden feragat 	1913-07-29 Katar'dan Osmanlı feragati — Londra Sözleşmesi
1913-08-10	Drama	yerlesimler.js	GUN-KAPALI	kok+merkez	BAGIMSIZ	GERCEK-BAGIMSIZ	yer_id/merkez yolu kökten bağımsız kapatıyor	1	yer	Drama	garistan'dan Yunanistan'a gecti Kavala, Drama, Serez, Praviste (Eleftheroupoli), Make	1913-08-10 Bükreş Antlaşması — Batı Trakya ve Kavala havzası Bulgaristan'dan Yuna
1913-08-10	Hacıoğlupazarcığı (Dobrich)	yerlesimler_ek29.js	GUN-KAPALI	yer_id	BAGIMSIZ	GERCEK-BAGIMSIZ	yer_id/merkez yolu kökten bağımsız kapatıyor	1				1913-08-10 Bükreş Antlaşması: Güney Dobruca Romanya'ya geçti
1913-08-10	Kavala	yerlesimler.js	GUN-KAPALI	merkez+yer_id	BAGIMSIZ	GERCEK-BAGIMSIZ	yer_id/merkez yolu kökten bağımsız kapatıyor	1				1913-08-10 Bükreş Antlaşması — Batı Trakya ve Kavala havzası Bulgaristan'dan Yuna
1913-08-10	Praviște (Eleftheroupoli)	yerlesimler_ek29.js	GUN-KAPALI	kok	BUYUK-HARF	OKUNMADI	büyük harfli özel ad eşleşmesi — tek tek okunmadı	1	yer	Praviste	unanistan'a gecti Kavala, Drama, Serez, Praviste (Eleftheroupoli), Makedonya Ikinci Balk	1913-08-10 Bükreş Antlaşması — Batı Trakya ve Kavala havzası Bulgaristan'dan Yuna
1913-08-10	Serez	yerlesimler.js	GUN-KAPALI	kok+merkez	BAGIMSIZ	GERCEK-BAGIMSIZ	yer_id/merkez yolu kökten bağımsız kapatıyor	1	yer	Serez	n'dan Yunanistan'a gecti Kavala, Drama, Serez, Praviste (Eleftheroupoli), Makedonya I	1913-08-10 Bükreş Antlaşması — Batı Trakya ve Kavala havzası Bulgaristan'dan Yuna
1913-08-10	Silistre	yerlesimler.js	GUN-KAPALI	kok	BUYUK-HARF	OKUNMADI	büyük harfli özel ad eşleşmesi — tek tek okunmadı	1	d	Silistre	; Dobric (Hacioglupazarcigi), Balcik ve Silistre Romanya'ya birakildi. Berlin'den beri s	1913-08-10 Bükreş Antlaşması: Güney Dobruca Romanya'ya geçti
1913-08-31	Gümülcine	yerlesimler.js	GUN-KAPALI	kok+yer_id	BAGIMSIZ	GERCEK-BAGIMSIZ	yer_id/merkez yolu kökten bağımsız kapatıyor	1	d	Gumulcine	dir. Ayni tarihte katilan oteki yerler: Gumulcine.	1913-09-29 İstanbul Antlaşması: Bulgaristan ile barış ve Edirne'nin tescili
1913-09-29	Ahtapolu (Ahtopol)	yerlesimler_ek24.js	GUN-KAPALI	merkez	BAGIMSIZ	GERCEK-BAGIMSIZ	yer_id/merkez yolu kökten bağımsız kapatıyor	1		Edirne		1913-09-29 İstanbul Antlaşması: Bulgaristan ile barış ve Edirne'nin tescili
1913-09-29	Malko Tırnova	yerlesimler_ek24.js	GUN-KAPALI	merkez	BAGIMSIZ	GERCEK-BAGIMSIZ	yer_id/merkez yolu kökten bağımsız kapatıyor	1		Edirne		1913-09-29 İstanbul Antlaşması: Bulgaristan ile barış ve Edirne'nin tescili
1913-09-29	Mustafapaşa (Svilengrad)	yerlesimler_ek24.js	GUN-KAPALI	merkez+yer_id	BAGIMSIZ	GERCEK-BAGIMSIZ	yer_id/merkez yolu kökten bağımsız kapatıyor	1		Edirne		1913-09-29 İstanbul Antlaşması: Bulgaristan ile barış ve Edirne'nin tescili
1913-09-29	Rezve (Rezovo)	yerlesimler_ek24.js	GUN-KAPALI	kok+merkez	BAGIMSIZ	GERCEK-BAGIMSIZ	yer_id/merkez yolu kökten bağımsız kapatıyor	1	d	Rezve	 tarif etti ve Edirne Osmanli'da kaldi. Rezve'den Tunca'ya kadarki kesim bugunku Turk	1913-09-29 İstanbul Antlaşması — Osmanlı-Bulgar sınırının tarifi
1913-10-25	Gümülcine	yerlesimler.js	GUN-KAPALI	kok	BUYUK-HARF	GERCEK-OKUNDU	bağlam elle okundu (bayraklı ya da kısa/eşsesli kök)	1	d	Gumulcine	dir. Ayni tarihte katilan oteki yerler: Gumulcine.	1913-09-29 İstanbul Antlaşması: Bulgaristan ile barış ve Edirne'nin tescili
1913-11-01	Bozcaada	yerlesimler.js	GUN-KAPALI	yer_id	BAGIMSIZ	GERCEK-BAGIMSIZ	yer_id/merkez yolu kökten bağımsız kapatıyor	1				1913-11-01 Bozcaada ve İmroz'un geri alınışı — Atina Antlaşması
1913-11-01	İmroz	yerlesimler.js	GUN-KAPALI	kok	BUYUK-HARF	OKUNMADI	büyük harfli özel ad eşleşmesi — tek tek okunmadı	1	b	Imroz	Bozcaada ve Imroz'un geri alinisi - Atina Antlasmasi Bozc	1913-11-01 Bozcaada ve İmroz'un geri alınışı — Atina Antlaşması
1913-11-14	Aydonat (Paramythia)	yerlesimler_epir.js	GUN-KAPALI	merkez	BAGIMSIZ	GERCEK-BAGIMSIZ	yer_id/merkez yolu kökten bağımsız kapatıyor	1		Yanya		1913-11-14 Atina Antlaşması: Yunanistan ile barış ve Selanik-Yanya'nın devri
1913-11-14	Aynaroz (Athos)	yerlesimler.js	GUN-KAPALI	merkez	BAGIMSIZ	GERCEK-BAGIMSIZ	yer_id/merkez yolu kökten bağımsız kapatıyor	1		Selanik		1913-11-14 Atina Antlaşması: Yunanistan ile barış ve Selanik-Yanya'nın devri
1913-11-14	Filat (Filiates)	yerlesimler_epir.js	GUN-KAPALI	merkez	BAGIMSIZ	GERCEK-BAGIMSIZ	yer_id/merkez yolu kökten bağımsız kapatıyor	1		Yanya		1913-11-14 Atina Antlaşması: Yunanistan ile barış ve Selanik-Yanya'nın devri
1913-11-14	Kesendire (Kassandra)	yerlesimler.js	GUN-KAPALI	merkez	BAGIMSIZ	GERCEK-BAGIMSIZ	yer_id/merkez yolu kökten bağımsız kapatıyor	1		Selanik		1913-11-14 Atina Antlaşması: Yunanistan ile barış ve Selanik-Yanya'nın devri
1913-11-14	Margiliç (Margariti)	yerlesimler_epir.js	GUN-KAPALI	merkez	BAGIMSIZ	GERCEK-BAGIMSIZ	yer_id/merkez yolu kökten bağımsız kapatıyor	1		Yanya		1913-11-14 Atina Antlaşması: Yunanistan ile barış ve Selanik-Yanya'nın devri
1913-11-14	Parga	yerlesimler.js	GUN-KAPALI	merkez	BAGIMSIZ	GERCEK-BAGIMSIZ	yer_id/merkez yolu kökten bağımsız kapatıyor	1		Yanya		1913-11-14 Atina Antlaşması: Yunanistan ile barış ve Selanik-Yanya'nın devri
1913-11-14	Preveze	yerlesimler.js	GUN-KAPALI	merkez	BAGIMSIZ	GERCEK-BAGIMSIZ	yer_id/merkez yolu kökten bağımsız kapatıyor	1		Yanya		1913-11-14 Atina Antlaşması: Yunanistan ile barış ve Selanik-Yanya'nın devri
1913-11-14	Selanik	yerlesimler.js	GUN-KAPALI	yer_id	BAGIMSIZ	GERCEK-BAGIMSIZ	yer_id/merkez yolu kökten bağımsız kapatıyor	1				1913-11-14 Atina Antlaşması: Yunanistan ile barış ve Selanik-Yanya'nın devri
1913-11-14	Souli (Sûli)	yerlesimler_epir.js	GUN-KAPALI	merkez	BAGIMSIZ	GERCEK-BAGIMSIZ	yer_id/merkez yolu kökten bağımsız kapatıyor	1		Yanya		1913-11-14 Atina Antlaşması: Yunanistan ile barış ve Selanik-Yanya'nın devri
1913-11-14	Vonitsa	yerlesimler.js	GUN-KAPALI	merkez	BAGIMSIZ	GERCEK-BAGIMSIZ	yer_id/merkez yolu kökten bağımsız kapatıyor	1		Yanya		1913-11-14 Atina Antlaşması: Yunanistan ile barış ve Selanik-Yanya'nın devri
1913-11-14	Yanya	yerlesimler.js	GUN-KAPALI	kok	BUYUK-HARF	OKUNMADI	büyük harfli özel ad eşleşmesi — tek tek okunmadı	1	b	Yanya	asmasi: Yunanistan ile baris ve Selanik-Yanya'nin devri Atina / Selanik, Yanya, Girit	1913-11-14 Atina Antlaşması: Yunanistan ile barış ve Selanik-Yanya'nın devri
1913-11-14	İgumenitsa (Gomenice)	yerlesimler_epir.js	GUN-KAPALI	merkez	BAGIMSIZ	GERCEK-BAGIMSIZ	yer_id/merkez yolu kökten bağımsız kapatıyor	1		Yanya		1913-11-14 Atina Antlaşması: Yunanistan ile barış ve Selanik-Yanya'nın devri
1914-01-01	Anchorage	yerlesimler_kamerika.js	OCAK1	yer_id	BAGIMSIZ	GERCEK-BAGIMSIZ	yer_id/merkez yolu kökten bağımsız kapatıyor	0				1914-01-01 Anchorage Alaska Demiryolu merkezi olarak kuruldu
1914-08-03	Częstochowa	yerlesimler.js	GUN-KAPALI	yer_id	BAGIMSIZ	GERCEK-BAGIMSIZ	yer_id/merkez yolu kökten bağımsız kapatıyor	0				1914-08-03 Alman birlikleri Częstochowa'ya girdi
1914-11-22	Basra	yerlesimler.js	GUN-KAPALI	yer_id	BAGIMSIZ	GERCEK-BAGIMSIZ	yer_id/merkez yolu kökten bağımsız kapatıyor	1				1914-11-22 Şattülarap çıkarması — Basra'nın düşüşü ve Irak cephesinin açılması
1914-11-22	Fâv	yerlesimler.js	GUN-KAPALI	kok	BUYUK-HARF	GERCEK-OKUNDU	bağlam elle okundu (bayraklı ya da kısa/eşsesli kök)	1	yer	Fav	susu ve Irak cephesinin acilmasi Basra, Fav, Kurne, Ammare, Nasiriye, Semave, Kuvey	1914-11-22 Şattülarap çıkarması — Basra'nın düşüşü ve Irak cephesinin açılması
1914-11-22	Kuveyt	yerlesimler.js	GUN-KAPALI	kok	BUYUK-HARF	GERCEK-OKUNDU	bağlam elle okundu (bayraklı ya da kısa/eşsesli kök)	0	yer	Kuveyt	, Fav, Kurne, Ammare, Nasiriye, Semave, Kuveyt, Sattularap I. Dunya Savasi'nin acilisi	1914-11-22 Şattülarap çıkarması — Basra'nın düşüşü ve Irak cephesinin açılması
1914-11-22	Kürne	yerlesimler.js	GUN-KAPALI	kok	BUYUK-HARF	OKUNMADI	büyük harfli özel ad eşleşmesi — tek tek okunmadı	1	yer	Kurne	ve Irak cephesinin acilmasi Basra, Fav, Kurne, Ammare, Nasiriye, Semave, Kuveyt, Satt	1914-11-22 Şattülarap çıkarması — Basra'nın düşüşü ve Irak cephesinin açılması
1914-11-22	Nâsıriye	yerlesimler.js	GUN-KAPALI	kok	BUYUK-HARF	OKUNMADI	büyük harfli özel ad eşleşmesi — tek tek okunmadı	1	yer	Nasiriye	nin acilmasi Basra, Fav, Kurne, Ammare, Nasiriye, Semave, Kuveyt, Sattularap I. Dunya Sa	1914-11-22 Şattülarap çıkarması — Basra'nın düşüşü ve Irak cephesinin açılması
1914-11-22	Semâve	yerlesimler.js	GUN-KAPALI	kok	BUYUK-HARF	OKUNMADI	büyük harfli özel ad eşleşmesi — tek tek okunmadı	1	yer	Semave	si Basra, Fav, Kurne, Ammare, Nasiriye, Semave, Kuveyt, Sattularap I. Dunya Savasi'nin	1914-11-22 Şattülarap çıkarması — Basra'nın düşüşü ve Irak cephesinin açılması
1914-12-06	Łódź	yerlesimler.js	GUN-KAPALI	yer_id	BAGIMSIZ	GERCEK-BAGIMSIZ	yer_id/merkez yolu kökten bağımsız kapatıyor	0				1914-12-06 Alman ordusu Łódź'u aldı
1914-12-18	Ahmîm	yerlesimler_afrika.js	GUN-KAPALI	merkez	BAGIMSIZ	GERCEK-BAGIMSIZ	yer_id/merkez yolu kökten bağımsız kapatıyor	1		Kahire		1914-12-18 Mısır'ın İngiliz himayesine alınarak sultanlık ilan edilmesi
1914-12-18	Asvan	yerlesimler.js	GUN-KAPALI	merkez	BAGIMSIZ	GERCEK-BAGIMSIZ	yer_id/merkez yolu kökten bağımsız kapatıyor	1		Kahire		1914-12-18 Mısır'ın İngiliz himayesine alınarak sultanlık ilan edilmesi
1914-12-18	Asyut	yerlesimler.js	GUN-KAPALI	merkez	BAGIMSIZ	GERCEK-BAGIMSIZ	yer_id/merkez yolu kökten bağımsız kapatıyor	1		Kahire		1914-12-18 Mısır'ın İngiliz himayesine alınarak sultanlık ilan edilmesi
1914-12-18	Atfîh	yerlesimler_afrika.js	GUN-KAPALI	merkez	BAGIMSIZ	GERCEK-BAGIMSIZ	yer_id/merkez yolu kökten bağımsız kapatıyor	1		Kahire		1914-12-18 Mısır'ın İngiliz himayesine alınarak sultanlık ilan edilmesi
1914-12-18	Bahriye (Bâvîtî)	yerlesimler_afrika.js	GUN-KAPALI	merkez	BAGIMSIZ	GERCEK-BAGIMSIZ	yer_id/merkez yolu kökten bağımsız kapatıyor	1		Kahire		1914-12-18 Mısır'ın İngiliz himayesine alınarak sultanlık ilan edilmesi
1914-12-18	Behnesâ	yerlesimler_afrika.js	GUN-KAPALI	merkez	BAGIMSIZ	GERCEK-BAGIMSIZ	yer_id/merkez yolu kökten bağımsız kapatıyor	1		Kahire		1914-12-18 Mısır'ın İngiliz himayesine alınarak sultanlık ilan edilmesi
1914-12-18	Benhâ (Kalyûbiye)	yerlesimler_afrika.js	GUN-KAPALI	merkez	BAGIMSIZ	GERCEK-BAGIMSIZ	yer_id/merkez yolu kökten bağımsız kapatıyor	1		Kahire		1914-12-18 Mısır'ın İngiliz himayesine alınarak sultanlık ilan edilmesi
1914-12-18	Benî Süveyf	yerlesimler_afrika.js	GUN-KAPALI	merkez	BAGIMSIZ	GERCEK-BAGIMSIZ	yer_id/merkez yolu kökten bağımsız kapatıyor	1		Kahire		1914-12-18 Mısır'ın İngiliz himayesine alınarak sultanlık ilan edilmesi
1914-12-18	Bilbîs (Şarkiye)	yerlesimler_afrika.js	GUN-KAPALI	merkez	BAGIMSIZ	GERCEK-BAGIMSIZ	yer_id/merkez yolu kökten bağımsız kapatıyor	1		Kahire		1914-12-18 Mısır'ın İngiliz himayesine alınarak sultanlık ilan edilmesi
1914-12-18	Bürüllüs (Baltîm)	yerlesimler_afrika.js	GUN-KAPALI	merkez	BAGIMSIZ	GERCEK-BAGIMSIZ	yer_id/merkez yolu kökten bağımsız kapatıyor	1		Kahire		1914-12-18 Mısır'ın İngiliz himayesine alınarak sultanlık ilan edilmesi
1914-12-18	Cirge (Girga)	yerlesimler_afrika.js	GUN-KAPALI	merkez	BAGIMSIZ	GERCEK-BAGIMSIZ	yer_id/merkez yolu kökten bağımsız kapatıyor	1		Kahire		1914-12-18 Mısır'ın İngiliz himayesine alınarak sultanlık ilan edilmesi
1914-12-18	Demenhûr (Damanhur)	yerlesimler_afrika.js	GUN-KAPALI	merkez	BAGIMSIZ	GERCEK-BAGIMSIZ	yer_id/merkez yolu kökten bağımsız kapatıyor	1		Kahire		1914-12-18 Mısır'ın İngiliz himayesine alınarak sultanlık ilan edilmesi
1914-12-18	Dessûk	yerlesimler_afrika.js	GUN-KAPALI	merkez	BAGIMSIZ	GERCEK-BAGIMSIZ	yer_id/merkez yolu kökten bağımsız kapatıyor	1		Kahire		1914-12-18 Mısır'ın İngiliz himayesine alınarak sultanlık ilan edilmesi
1914-12-18	Deyrût	yerlesimler_afrika.js	GUN-KAPALI	merkez	BAGIMSIZ	GERCEK-BAGIMSIZ	yer_id/merkez yolu kökten bağımsız kapatıyor	1		Kahire		1914-12-18 Mısır'ın İngiliz himayesine alınarak sultanlık ilan edilmesi
1914-12-18	Dimyat	yerlesimler.js	GUN-KAPALI	merkez	BAGIMSIZ	GERCEK-BAGIMSIZ	yer_id/merkez yolu kökten bağımsız kapatıyor	1		Kahire		1914-12-18 Mısır'ın İngiliz himayesine alınarak sultanlık ilan edilmesi
1914-12-18	Dâhile	yerlesimler_afrika.js	GUN-KAPALI	merkez	BAGIMSIZ	GERCEK-BAGIMSIZ	yer_id/merkez yolu kökten bağımsız kapatıyor	1		Kahire		1914-12-18 Mısır'ın İngiliz himayesine alınarak sultanlık ilan edilmesi
1914-12-18	Ebû Ramâd (Şalâtîn)	yerlesimler_afrika.js	GUN-KAPALI	merkez	BAGIMSIZ	GERCEK-BAGIMSIZ	yer_id/merkez yolu kökten bağımsız kapatıyor	1		Kahire		1914-12-18 Mısır'ın İngiliz himayesine alınarak sultanlık ilan edilmesi
1914-12-18	Ebûkîr	yerlesimler_afrika.js	GUN-KAPALI	merkez	BAGIMSIZ	GERCEK-BAGIMSIZ	yer_id/merkez yolu kökten bağımsız kapatıyor	1		Kahire		1914-12-18 Mısır'ın İngiliz himayesine alınarak sultanlık ilan edilmesi
1914-12-18	Edfû	yerlesimler_afrika.js	GUN-KAPALI	merkez	BAGIMSIZ	GERCEK-BAGIMSIZ	yer_id/merkez yolu kökten bağımsız kapatıyor	1		Kahire		1914-12-18 Mısır'ın İngiliz himayesine alınarak sultanlık ilan edilmesi
1914-12-18	El-Arîş	yerlesimler_afrika.js	GUN-KAPALI	merkez	BAGIMSIZ	GERCEK-BAGIMSIZ	yer_id/merkez yolu kökten bağımsız kapatıyor	1		Kahire		1914-12-18 Mısır'ın İngiliz himayesine alınarak sultanlık ilan edilmesi
1914-12-18	Esna	yerlesimler_afrika.js	GUN-KAPALI	merkez	BAGIMSIZ	GERCEK-BAGIMSIZ	yer_id/merkez yolu kökten bağımsız kapatıyor	1		Kahire		1914-12-18 Mısır'ın İngiliz himayesine alınarak sultanlık ilan edilmesi
1914-12-18	Ferâfire	yerlesimler_afrika.js	GUN-KAPALI	merkez	BAGIMSIZ	GERCEK-BAGIMSIZ	yer_id/merkez yolu kökten bağımsız kapatıyor	1		Kahire		1914-12-18 Mısır'ın İngiliz himayesine alınarak sultanlık ilan edilmesi
1914-12-18	Ferşût	yerlesimler_afrika.js	GUN-KAPALI	merkez	BAGIMSIZ	GERCEK-BAGIMSIZ	yer_id/merkez yolu kökten bağımsız kapatıyor	1		Kahire		1914-12-18 Mısır'ın İngiliz himayesine alınarak sultanlık ilan edilmesi
1914-12-18	Feyyûm	yerlesimler_afrika.js	GUN-KAPALI	merkez	BAGIMSIZ	GERCEK-BAGIMSIZ	yer_id/merkez yolu kökten bağımsız kapatıyor	1		Kahire		1914-12-18 Mısır'ın İngiliz himayesine alınarak sultanlık ilan edilmesi
1914-12-18	Fâkûs	yerlesimler_afrika.js	GUN-KAPALI	merkez	BAGIMSIZ	GERCEK-BAGIMSIZ	yer_id/merkez yolu kökten bağımsız kapatıyor	1		Kahire		1914-12-18 Mısır'ın İngiliz himayesine alınarak sultanlık ilan edilmesi
1914-12-18	Hârice (Vâhât)	yerlesimler_afrika.js	GUN-KAPALI	merkez	BAGIMSIZ	GERCEK-BAGIMSIZ	yer_id/merkez yolu kökten bağımsız kapatıyor	1		Kahire		1914-12-18 Mısır'ın İngiliz himayesine alınarak sultanlık ilan edilmesi
1914-12-18	Kafrüşşeyh	yerlesimler_afrika.js	GUN-KAPALI	merkez	BAGIMSIZ	GERCEK-BAGIMSIZ	yer_id/merkez yolu kökten bağımsız kapatıyor	1		Kahire		1914-12-18 Mısır'ın İngiliz himayesine alınarak sultanlık ilan edilmesi
1914-12-18	Kahire	yerlesimler.js	GUN-KAPALI	yer_id	BAGIMSIZ	GERCEK-BAGIMSIZ	yer_id/merkez yolu kökten bağımsız kapatıyor	1				1914-12-18 Mısır'ın İngiliz himayesine alınarak sultanlık ilan edilmesi
1914-12-18	Katye	yerlesimler_afrika.js	GUN-KAPALI	merkez	BAGIMSIZ	GERCEK-BAGIMSIZ	yer_id/merkez yolu kökten bağımsız kapatıyor	1		Kahire		1914-12-18 Mısır'ın İngiliz himayesine alınarak sultanlık ilan edilmesi
1914-12-18	Kusayr	yerlesimler_afrika.js	GUN-KAPALI	merkez	BAGIMSIZ	GERCEK-BAGIMSIZ	yer_id/merkez yolu kökten bağımsız kapatıyor	1		Kahire		1914-12-18 Mısır'ın İngiliz himayesine alınarak sultanlık ilan edilmesi
1914-12-18	Kûm Ombo	yerlesimler_afrika.js	GUN-KAPALI	merkez	BAGIMSIZ	GERCEK-BAGIMSIZ	yer_id/merkez yolu kökten bağımsız kapatıyor	1		Kahire		1914-12-18 Mısır'ın İngiliz himayesine alınarak sultanlık ilan edilmesi
1914-12-18	Kûs	yerlesimler_afrika.js	GUN-KAPALI	merkez	BAGIMSIZ	GERCEK-BAGIMSIZ	yer_id/merkez yolu kökten bağımsız kapatıyor	1		Kahire		1914-12-18 Mısır'ın İngiliz himayesine alınarak sultanlık ilan edilmesi
1914-12-18	Kına	yerlesimler_afrika.js	GUN-KAPALI	merkez	BAGIMSIZ	GERCEK-BAGIMSIZ	yer_id/merkez yolu kökten bağımsız kapatıyor	1		Kahire		1914-12-18 Mısır'ın İngiliz himayesine alınarak sultanlık ilan edilmesi
1914-12-18	Mahalletülkübrâ	yerlesimler_afrika.js	GUN-KAPALI	merkez	BAGIMSIZ	GERCEK-BAGIMSIZ	yer_id/merkez yolu kökten bağımsız kapatıyor	1		Kahire		1914-12-18 Mısır'ın İngiliz himayesine alınarak sultanlık ilan edilmesi
1914-12-18	Mansûre	yerlesimler_afrika.js	GUN-KAPALI	merkez	BAGIMSIZ	GERCEK-BAGIMSIZ	yer_id/merkez yolu kökten bağımsız kapatıyor	1		Kahire		1914-12-18 Mısır'ın İngiliz himayesine alınarak sultanlık ilan edilmesi
1914-12-18	Mellevî	yerlesimler_afrika.js	GUN-KAPALI	merkez	BAGIMSIZ	GERCEK-BAGIMSIZ	yer_id/merkez yolu kökten bağımsız kapatıyor	1		Kahire		1914-12-18 Mısır'ın İngiliz himayesine alınarak sultanlık ilan edilmesi
1914-12-18	Menzile	yerlesimler_afrika.js	GUN-KAPALI	merkez	BAGIMSIZ	GERCEK-BAGIMSIZ	yer_id/merkez yolu kökten bağımsız kapatıyor	1		Kahire		1914-12-18 Mısır'ın İngiliz himayesine alınarak sultanlık ilan edilmesi
1914-12-18	Mersâ Matruh	yerlesimler_afrika.js	GUN-KAPALI	merkez	BAGIMSIZ	GERCEK-BAGIMSIZ	yer_id/merkez yolu kökten bağımsız kapatıyor	1		Kahire		1914-12-18 Mısır'ın İngiliz himayesine alınarak sultanlık ilan edilmesi
1914-12-18	Minye	yerlesimler_afrika.js	GUN-KAPALI	merkez	BAGIMSIZ	GERCEK-BAGIMSIZ	yer_id/merkez yolu kökten bağımsız kapatıyor	1		Kahire		1914-12-18 Mısır'ın İngiliz himayesine alınarak sultanlık ilan edilmesi
1914-12-18	Mît Gamr	yerlesimler_afrika.js	GUN-KAPALI	merkez	BAGIMSIZ	GERCEK-BAGIMSIZ	yer_id/merkez yolu kökten bağımsız kapatıyor	1		Kahire		1914-12-18 Mısır'ın İngiliz himayesine alınarak sultanlık ilan edilmesi
1914-12-18	Portsaid	yerlesimler_afrika.js	GUN-KAPALI	merkez	BAGIMSIZ	GERCEK-BAGIMSIZ	yer_id/merkez yolu kökten bağımsız kapatıyor	1		Kahire		1914-12-18 Mısır'ın İngiliz himayesine alınarak sultanlık ilan edilmesi
1914-12-18	Reşîd (Rosetta)	yerlesimler.js	GUN-KAPALI	merkez	BAGIMSIZ	GERCEK-BAGIMSIZ	yer_id/merkez yolu kökten bağımsız kapatıyor	1		Kahire		1914-12-18 Mısır'ın İngiliz himayesine alınarak sultanlık ilan edilmesi
1914-12-18	Sefâce	yerlesimler_afrika.js	GUN-KAPALI	merkez	BAGIMSIZ	GERCEK-BAGIMSIZ	yer_id/merkez yolu kökten bağımsız kapatıyor	1		Kahire		1914-12-18 Mısır'ın İngiliz himayesine alınarak sultanlık ilan edilmesi
1914-12-18	Sellûm	yerlesimler_afrika.js	GUN-KAPALI	merkez	BAGIMSIZ	GERCEK-BAGIMSIZ	yer_id/merkez yolu kökten bağımsız kapatıyor	1		Kahire		1914-12-18 Mısır'ın İngiliz himayesine alınarak sultanlık ilan edilmesi
1914-12-18	Sina güneyi	yerlesimler.js	GUN-KAPALI	merkez	BAGIMSIZ	GERCEK-BAGIMSIZ	yer_id/merkez yolu kökten bağımsız kapatıyor	1		Kahire		1914-12-18 Mısır'ın İngiliz himayesine alınarak sultanlık ilan edilmesi
1914-12-18	Sâlihiyye	yerlesimler_afrika.js	GUN-KAPALI	merkez	BAGIMSIZ	GERCEK-BAGIMSIZ	yer_id/merkez yolu kökten bağımsız kapatıyor	1		Kahire		1914-12-18 Mısır'ın İngiliz himayesine alınarak sultanlık ilan edilmesi
1914-12-18	Sîva (Siwa)	yerlesimler_p0043libya.js	GUN-KAPALI	merkez	BAGIMSIZ	GERCEK-BAGIMSIZ	yer_id/merkez yolu kökten bağımsız kapatıyor	1		Kahire		1914-12-18 Mısır'ın İngiliz himayesine alınarak sultanlık ilan edilmesi
1914-12-18	Süveyş	yerlesimler.js	GUN-KAPALI	kok+merkez+yer_id	BAGIMSIZ	GERCEK-BAGIMSIZ	yer_id/merkez yolu kökten bağımsız kapatıyor	1	d	Suveys	li kuvvetleri Sina'ya ilerleyip iki kez Suveys Kanali'ni gecmeye calisti.	1914-12-18 İngiltere Mısır'da Osmanlı hükümranlığını kaldırdı — Refah (1906) hatt
1914-12-18	Tahtâ	yerlesimler_afrika.js	GUN-KAPALI	merkez	BAGIMSIZ	GERCEK-BAGIMSIZ	yer_id/merkez yolu kökten bağımsız kapatıyor	1		Kahire		1914-12-18 Mısır'ın İngiliz himayesine alınarak sultanlık ilan edilmesi
1914-12-18	Tanta	yerlesimler_afrika.js	GUN-KAPALI	merkez	BAGIMSIZ	GERCEK-BAGIMSIZ	yer_id/merkez yolu kökten bağımsız kapatıyor	1		Kahire		1914-12-18 Mısır'ın İngiliz himayesine alınarak sultanlık ilan edilmesi
1914-12-18	Tûr (Sînâ)	yerlesimler_afrika.js	GUN-KAPALI	merkez	BAGIMSIZ	GERCEK-BAGIMSIZ	yer_id/merkez yolu kökten bağımsız kapatıyor	1		Kahire		1914-12-18 Mısır'ın İngiliz himayesine alınarak sultanlık ilan edilmesi
1914-12-18	Uksur (Luksor)	yerlesimler_afrika.js	GUN-KAPALI	merkez	BAGIMSIZ	GERCEK-BAGIMSIZ	yer_id/merkez yolu kökten bağımsız kapatıyor	1		Kahire		1914-12-18 Mısır'ın İngiliz himayesine alınarak sultanlık ilan edilmesi
1914-12-18	Vâdî Halfâ	yerlesimler_afrika.js	GUN-KAPALI	merkez	BAGIMSIZ	GERCEK-BAGIMSIZ	yer_id/merkez yolu kökten bağımsız kapatıyor	1		Kahire		1914-12-18 Mısır'ın İngiliz himayesine alınarak sultanlık ilan edilmesi
1914-12-18	İbrim	yerlesimler.js	GUN-KAPALI	merkez	BAGIMSIZ	GERCEK-BAGIMSIZ	yer_id/merkez yolu kökten bağımsız kapatıyor	1		Kahire		1914-12-18 Mısır'ın İngiliz himayesine alınarak sultanlık ilan edilmesi
1914-12-18	İskenderiye	yerlesimler.js	GUN-KAPALI	merkez	BAGIMSIZ	GERCEK-BAGIMSIZ	yer_id/merkez yolu kökten bağımsız kapatıyor	1		Kahire		1914-12-18 Mısır'ın İngiliz himayesine alınarak sultanlık ilan edilmesi
1914-12-18	İsmâiliye	yerlesimler_afrika.js	GUN-KAPALI	merkez	BAGIMSIZ	GERCEK-BAGIMSIZ	yer_id/merkez yolu kökten bağımsız kapatıyor	1		Kahire		1914-12-18 Mısır'ın İngiliz himayesine alınarak sultanlık ilan edilmesi
1914-12-18	Şibînülkûm (Menûfiye)	yerlesimler_afrika.js	GUN-KAPALI	merkez	BAGIMSIZ	GERCEK-BAGIMSIZ	yer_id/merkez yolu kökten bağımsız kapatıyor	1		Kahire		1914-12-18 Mısır'ın İngiliz himayesine alınarak sultanlık ilan edilmesi
1915-02-23	Hopa	yerlesimler_ek27.js	GUN-KAPALI	yer_id	BAGIMSIZ	GERCEK-BAGIMSIZ	yer_id/merkez yolu kökten bağımsız kapatıyor	0				1915-02-23 Hopa'nın Rus işgali
1915-05-13	Kielce	yerlesimler.js	GUN-KAPALI	yer_id	BAGIMSIZ	GERCEK-BAGIMSIZ	yer_id/merkez yolu kökten bağımsız kapatıyor	0				1915-05-13 Ruslar Kielce'yi tahliye etti, Alman ordusu şehre girdi
1915-07-01	Radom (Polonya)	yerlesimler.js	GUN-KAPALI	yer_id	BAGIMSIZ	GERCEK-BAGIMSIZ	yer_id/merkez yolu kökten bağımsız kapatıyor	1				1915-07-01 Radom Avusturya birliklerince işgal edildi (Temmuz 1915)
1915-07-01	Zamość	yerlesimler_p0037.js	GUN-KAPALI	yer_id	BAGIMSIZ	GERCEK-BAGIMSIZ	yer_id/merkez yolu kökten bağımsız kapatıyor	0				1915-07-01 Mackensen'in birlikleri Zamość'u aldı
1915-08-01	Chełm (Kholm)	yerlesimler_p0037.js	GUN-KAPALI	yer_id	BAGIMSIZ	GERCEK-BAGIMSIZ	yer_id/merkez yolu kökten bağımsız kapatıyor	1				1915-08-01 Ruslar çekildi, Avusturya birlikleri Chełm'e girdi (Ağustos 1915)
1915-08-05	Varşova	yerlesimler.js	GUN-KAPALI	yer_id	BAGIMSIZ	GERCEK-BAGIMSIZ	yer_id/merkez yolu kökten bağımsız kapatıyor	0				1915-08-05 Alman ordusu Varşova'ya girdi
1915-09-01	Zamość	yerlesimler_p0037.js	GUN-KAPALI	yer_id	BAGIMSIZ	GERCEK-BAGIMSIZ	yer_id/merkez yolu kökten bağımsız kapatıyor	1				1915-09-01 Zamość bölgesi Avusturya işgal idaresine geçti (Eylül 1915)
1915-09-26	Kût el-Amâre	yerlesimler.js	GUN-KAPALI	yer_id	BAGIMSIZ	GERCEK-BAGIMSIZ	yer_id/merkez yolu kökten bağımsız kapatıyor	0				1915-09-26 Kûtülamâre'nin İngiliz işgali
1915-10-01	Kielce	yerlesimler.js	GUN-KAPALI	yer_id	BAGIMSIZ	GERCEK-BAGIMSIZ	yer_id/merkez yolu kökten bağımsız kapatıyor	1				1915-10-01 Kielce Avusturya-Macaristan Genel Valiliği idaresine geçti
1916-02-16	Erzurum	yerlesimler.js	GUN-MASKELI	kok+yer_id	BAGIMSIZ	GERCEK-BAGIMSIZ	yer_id/merkez yolu kökten bağımsız kapatıyor	0	d	Erzurum	Askale'nin Rus isgali Askale Erzurum'u 16 Subat 1916'da alan Rus kuvvetleri 	1916-02-24 Aşkale'nin Rus işgali
1916-02-24	Aşkale	yerlesimler_ek29.js	GUN-KAPALI	yer_id	BAGIMSIZ	GERCEK-BAGIMSIZ	yer_id/merkez yolu kökten bağımsız kapatıyor	0				1916-02-24 Aşkale'nin Rus işgali
1916-03-01	Bitlis	yerlesimler.js	GUN-KAPALI	yer_id	BAGIMSIZ	GERCEK-BAGIMSIZ	yer_id/merkez yolu kökten bağımsız kapatıyor	0				1916-03-01 Bitlis'in Rus işgali
1916-03-08	Rize	yerlesimler.js	GUN-KAPALI	yer_id	BAGIMSIZ	GERCEK-BAGIMSIZ	yer_id/merkez yolu kökten bağımsız kapatıyor	0				1916-03-08 Rize'nin Rus işgali: Doğu Karadeniz kıyısının düşüşü
1916-04-18	Trabzon	yerlesimler.js	GUN-KAPALI	yer_id	BAGIMSIZ	GERCEK-BAGIMSIZ	yer_id/merkez yolu kökten bağımsız kapatıyor	0				1916-04-18 Trabzon'un Rus işgali
1916-04-29	Kût el-Amâre	yerlesimler.js	GUN-KAPALI	yer_id	BAGIMSIZ	GERCEK-BAGIMSIZ	yer_id/merkez yolu kökten bağımsız kapatıyor	0				1916-04-29 Kûtülamâre Zaferi
1916-06-10	Mekke	yerlesimler.js	GUN-MASKELI	yer_id	BAGIMSIZ	GERCEK-BAGIMSIZ	yer_id/merkez yolu kökten bağımsız kapatıyor	0				1916-06-10 Şerif Hüseyin isyanı
1916-06-16	Cidde	yerlesimler.js	GUN-MASKELI	merkez	BAGIMSIZ	GERCEK-BAGIMSIZ	yer_id/merkez yolu kökten bağımsız kapatıyor	0		Mekke		1916-06-10 Şerif Hüseyin isyanı
1916-07-16	Bayburt	yerlesimler_anadolu_0914.js	GUN-KAPALI	yer_id	BAGIMSIZ	GERCEK-BAGIMSIZ	yer_id/merkez yolu kökten bağımsız kapatıyor	0				1916-07-16 Bayburt ve Gümüşhane'nin Rus işgali
1916-07-22	Kelkit	yerlesimler_ek29.js	GUN-KAPALI	kok+merkez	BAGIMSIZ	GERCEK-BAGIMSIZ	yer_id/merkez yolu kökten bağımsız kapatıyor	0	yer	Kelkit	hane'nin Rus isgali Bayburt, Gumushane, Kelkit Kop savunmasinin kirilmasiyla Rus birli	1916-07-16 Bayburt ve Gümüşhane'nin Rus işgali
1916-07-24	Erzincan	yerlesimler.js	GUN-KAPALI	kok+yer_id	BAGIMSIZ	GERCEK-BAGIMSIZ	yer_id/merkez yolu kökten bağımsız kapatıyor	0	d	Erzincan	e'yi, 22 Temmuz'da Kelkit'i isgal etti; Erzincan bunlarin ardindan, 24 Temmuz'da dustu.	1916-07-16 Bayburt ve Gümüşhane'nin Rus işgali
1916-07-27	Yenbu	yerlesimler.js	GUN-MASKELI	yer_id	BAGIMSIZ	GERCEK-BAGIMSIZ	yer_id/merkez yolu kökten bağımsız kapatıyor	0				1916-07-27 Yenbu'nun Şerif Hüseyin kuvvetlerine kaybı
1916-08-08	Bitlis	yerlesimler.js	GUN-KAPALI	yer_id	BAGIMSIZ	GERCEK-BAGIMSIZ	yer_id/merkez yolu kökten bağımsız kapatıyor	0				1916-08-08 Bitlis'in Rus işgalinden kurtarılması
1916-09-17	Tâif	yerlesimler.js	GUN-KAPALI	yer_id	BAGIMSIZ	GERCEK-BAGIMSIZ	yer_id/merkez yolu kökten bağımsız kapatıyor	0				1916-09-17 Tâif'in Şerif Hüseyin kuvvetlerine geçmesi
1917-03-07	Necef	yerlesimler.js	GUN-KAPALI	merkez+yer_id	BAGIMSIZ	GERCEK-BAGIMSIZ	yer_id/merkez yolu kökten bağımsız kapatıyor	0		Bağdat		1917-03-11 Bağdat'ın kaybı
1917-03-11	Bağdat	yerlesimler.js	GUN-MASKELI	kok+yer_id	BAGIMSIZ	GERCEK-BAGIMSIZ	yer_id/merkez yolu kökten bağımsız kapatıyor	0	d	Bagdat	ali Necef Osmanlilarin son devirlerinde Bagdat vilayetinin Kerbela sancagina bagli bir	1917-03-07 Necef'in İngiliz işgali
1917-03-11	Dîvâniye	yerlesimler.js	GUN-MASKELI	merkez	BAGIMSIZ	GERCEK-BAGIMSIZ	yer_id/merkez yolu kökten bağımsız kapatıyor	0		Bağdat		1917-03-11 Bağdat'ın kaybı
1917-03-11	Fellûce	yerlesimler.js	GUN-MASKELI	merkez	BAGIMSIZ	GERCEK-BAGIMSIZ	yer_id/merkez yolu kökten bağımsız kapatıyor	0		Bağdat		1917-03-11 Bağdat'ın kaybı
1917-03-11	Hille	yerlesimler.js	GUN-MASKELI	merkez	BAGIMSIZ	GERCEK-BAGIMSIZ	yer_id/merkez yolu kökten bağımsız kapatıyor	0		Bağdat		1917-03-11 Bağdat'ın kaybı
1917-03-11	Hânekîn	yerlesimler.js	GUN-MASKELI	merkez	BAGIMSIZ	GERCEK-BAGIMSIZ	yer_id/merkez yolu kökten bağımsız kapatıyor	0		Bağdat		1917-03-11 Bağdat'ın kaybı
1917-03-11	Hît	yerlesimler.js	GUN-MASKELI	merkez	BAGIMSIZ	GERCEK-BAGIMSIZ	yer_id/merkez yolu kökten bağımsız kapatıyor	0		Bağdat		1917-03-11 Bağdat'ın kaybı
1917-03-11	Kerbelâ	yerlesimler.js	GUN-MASKELI	kok	BUYUK-HARF	GERCEK-OKUNDU	bağlam elle okundu (bayraklı ya da kısa/eşsesli kök)	0	d	Kerbela	 tarihte elden cikan diger yerlesimler: Kerbela.	1917-03-11 Bağdat'ın kaybı
1917-03-11	Kûfe	yerlesimler.js	GUN-MASKELI	merkez	BAGIMSIZ	GERCEK-BAGIMSIZ	yer_id/merkez yolu kökten bağımsız kapatıyor	0		Bağdat		1917-03-11 Bağdat'ın kaybı
1917-03-11	Kût el-Amâre	yerlesimler.js	GUN-MASKELI	merkez	BAGIMSIZ	GERCEK-BAGIMSIZ	yer_id/merkez yolu kökten bağımsız kapatıyor	0		Bağdat		1917-03-11 Bağdat'ın kaybı
1917-03-11	Ramâdi	yerlesimler.js	GUN-MASKELI	merkez	BAGIMSIZ	GERCEK-BAGIMSIZ	yer_id/merkez yolu kökten bağımsız kapatıyor	0		Bağdat		1917-03-11 Bağdat'ın kaybı
1917-03-11	Sâmerrâ	yerlesimler.js	GUN-MASKELI	merkez	BAGIMSIZ	GERCEK-BAGIMSIZ	yer_id/merkez yolu kökten bağımsız kapatıyor	0		Bağdat		1917-03-11 Bağdat'ın kaybı
1917-03-11	Tikrit	yerlesimler.js	GUN-MASKELI	merkez	BAGIMSIZ	GERCEK-BAGIMSIZ	yer_id/merkez yolu kökten bağımsız kapatıyor	0		Bağdat		1917-03-11 Bağdat'ın kaybı
1917-03-11	Vâsıt	yerlesimler.js	GUN-MASKELI	merkez	BAGIMSIZ	GERCEK-BAGIMSIZ	yer_id/merkez yolu kökten bağımsız kapatıyor	0		Bağdat		1917-03-11 Bağdat'ın kaybı
1917-03-11	Âne	yerlesimler.js	GUN-MASKELI	merkez	BAGIMSIZ	GERCEK-BAGIMSIZ	yer_id/merkez yolu kökten bağımsız kapatıyor	0		Bağdat		1917-03-11 Bağdat'ın kaybı
1917-11-07	Gazze	yerlesimler.js	GUN-MASKELI	kok+yer_id	BAGIMSIZ	GERCEK-BAGIMSIZ	yer_id/merkez yolu kökten bağımsız kapatıyor	0	d	Gazze	1917'de Birussebi yoresini ele gecirdi; Gazze de ayni yil dustu ve Filistin'de Ingili	1917-10-31 Birüssebi'nin düşüşü — Refah hattının iki yakası İngiliz elinde, hat f
1917-11-07	Han Yûnus	yerlesimler.js	GUN-MASKELI	kok	BUYUK-HARF	OKUNMADI	büyük harfli özel ad eşleşmesi — tek tek okunmadı	0	b	Han Yunus	Ucuncu Gazze Muharebesi - Gazze ve Han Yunus'un kaybi Gazze, Han Yunus, Filistin Iki	1917-11-07 Üçüncü Gazze Muharebesi — Gazze ve Han Yûnus'un kaybı
1917-11-07	Petsamo (Peçenga)	yerlesimler_ek8.js	GUN-MASKELI	kok	BUYUK-HARF	GERCEK-OKUNDU	bağlam elle okundu (bayraklı ya da kısa/eşsesli kök)	0	d	Petsamo	rasi donemleri ayni belgelerle anlatir. Petsamo kesimi ise 1920'ye kadar Rusya'da kaldi	1917-12-06 Finlandiya bağımsızlığını ilan etti — İsveç ve Norveç ile sınırlar Fin
1917-11-16	Yafa	yerlesimler.js	GUN-KAPALI	merkez	BAGIMSIZ	GERCEK-BAGIMSIZ	yer_id/merkez yolu kökten bağımsız kapatıyor	0		Kudüs		1917-12-09 Kudüs'ün kaybı
1917-12-06	Helsinki	yerlesimler.js	GUN-KAPALI	yer_id	BAGIMSIZ	GERCEK-BAGIMSIZ	yer_id/merkez yolu kökten bağımsız kapatıyor	1				1918-01-04 Sovyet Rusya Finlandiya'nın bağımsızlığını tanıdı
1917-12-09	Kudüs	yerlesimler.js	GUN-KAPALI	yer_id	BAGIMSIZ	GERCEK-BAGIMSIZ	yer_id/merkez yolu kökten bağımsız kapatıyor	0				1917-12-09 Kudüs'ün kaybı
1918-01-01	Kerak	yerlesimler.js	OCAK1	merkez	BAGIMSIZ	GERCEK-BAGIMSIZ	yer_id/merkez yolu kökten bağımsız kapatıyor	0		Kudüs		1917-12-09 Kudüs'ün kaybı
1918-02-17	Kelkit	yerlesimler_ek29.js	GUN-KAPALI	kok+merkez	BAGIMSIZ	GERCEK-BAGIMSIZ	yer_id/merkez yolu kökten bağımsız kapatıyor	0	yer	Kelkit	shane'nin kurtulusu Bayburt, Gumushane, Kelkit Erzincan Mutarekesi'nin feshiyle baslay	1918-02-19 Bayburt ve Gümüşhane'nin kurtuluşu
1918-02-19	Bayburt	yerlesimler_anadolu_0914.js	GUN-KAPALI	yer_id	BAGIMSIZ	GERCEK-BAGIMSIZ	yer_id/merkez yolu kökten bağımsız kapatıyor	0				1918-02-19 Bayburt ve Gümüşhane'nin kurtuluşu
1918-02-24	Trabzon	yerlesimler.js	GUN-MASKELI	yer_id	BAGIMSIZ	GERCEK-BAGIMSIZ	yer_id/merkez yolu kökten bağımsız kapatıyor	0				1918-02-24 Trabzon'un Rus işgalinden kurtuluşu
1918-02-26	Erzincan	yerlesimler.js	GUN-KAPALI	kok+merkez+yer_id	BAGIMSIZ	GERCEK-BAGIMSIZ	yer_id/merkez yolu kökten bağımsız kapatıyor	0	d	Erzincan	in kurtulusu Bayburt, Gumushane, Kelkit Erzincan Mutarekesi'nin feshiyle baslayan ileri 	1918-02-19 Bayburt ve Gümüşhane'nin kurtuluşu
1918-03-02	Rize	yerlesimler.js	GUN-KAPALI	merkez+yer_id	BAGIMSIZ	GERCEK-BAGIMSIZ	yer_id/merkez yolu kökten bağımsız kapatıyor	0		Trabzon		1918-02-24 Trabzon'un Rus işgalinden kurtuluşu
1918-03-12	Erzurum	yerlesimler.js	GUN-KAPALI	yer_id	BAGIMSIZ	GERCEK-BAGIMSIZ	yer_id/merkez yolu kökten bağımsız kapatıyor	0				1918-03-12 Erzurum'un kurtuluşu
1918-03-14	Hopa	yerlesimler_ek27.js	GUN-KAPALI	kok+merkez	BAGIMSIZ	GERCEK-BAGIMSIZ	yer_id/merkez yolu kökten bağımsız kapatıyor	0	yer	Hopa	iz kiyisinin geri alinisi Rize, Cayeli, Hopa Ruslarin cekilmesiyle Turk birlikleri k	1918-03-02 Rize'nin kurtuluşu: Doğu Karadeniz kıyısının geri alınışı
1918-04-14	Batum	yerlesimler.js	GUN-MASKELI	yer_id	BAGIMSIZ	GERCEK-BAGIMSIZ	yer_id/merkez yolu kökten bağımsız kapatıyor	0				1918-04-14 Batum'un geri alınışı
1918-05-07	Kerkük	yerlesimler.js	GUN-KAPALI	yer_id	BAGIMSIZ	GERCEK-BAGIMSIZ	yer_id/merkez yolu kökten bağımsız kapatıyor	0				1918-05-07 Kerkük'ün İngiliz işgali
1918-05-25	Ardahan	yerlesimler.js	GUN-KAPALI	kok	BUYUK-HARF	OKUNMADI	büyük harfli özel ad eşleşmesi — tek tek okunmadı	1	b	Ardahan	Elviye-i Selase: Kars ve Ardahan'in geri alinisi Kars, Ardahan Brest-Lit	1918-05-25 Elviye-i Selâse: Kars ve Ardahan'ın geri alınışı
1918-05-25	Kars	yerlesimler.js	GUN-KAPALI	yer_id	BAGIMSIZ	GERCEK-BAGIMSIZ	yer_id/merkez yolu kökten bağımsız kapatıyor	1				1918-05-25 Elviye-i Selâse: Kars ve Ardahan'ın geri alınışı
1918-05-25	Sarıkamış	yerlesimler_ek28.js	GUN-KAPALI	merkez	BAGIMSIZ	GERCEK-BAGIMSIZ	yer_id/merkez yolu kökten bağımsız kapatıyor	0		Kars		1918-05-25 Elviye-i Selâse: Kars ve Ardahan'ın geri alınışı
1918-05-26	Kutaisi	yerlesimler.js	GUN-KAPALI	yer_id	BAGIMSIZ	GERCEK-BAGIMSIZ	yer_id/merkez yolu kökten bağımsız kapatıyor	1				1918-05-26 Gürcistan bağımsızlığını ilân etti — Transkafkasya Seymi dağıldı
1918-05-26	Tiflis	yerlesimler.js	GUN-KAPALI	kok	BUYUK-HARF	OKUNMADI	büyük harfli özel ad eşleşmesi — tek tek okunmadı	1	yer	Tiflis	 - Transkafkasya Seymi dagildi Kutaisi, Tiflis, Gurcistan Brest-Litovsk sonrasinda kur	1918-05-26 Gürcistan bağımsızlığını ilân etti — Transkafkasya Seymi dağıldı
1918-05-26	Zagem (Kaheti)	yerlesimler.js	GUN-KAPALI	merkez	BAGIMSIZ	GERCEK-BAGIMSIZ	yer_id/merkez yolu kökten bağımsız kapatıyor	1		Tiflis		1918-05-26 Gürcistan bağımsızlığını ilân etti — Transkafkasya Seymi dağıldı
1918-05-27	Kerkük	yerlesimler.js	GUN-KAPALI	yer_id	BAGIMSIZ	GERCEK-BAGIMSIZ	yer_id/merkez yolu kökten bağımsız kapatıyor	0				1918-05-07 Kerkük'ün İngiliz işgali
1918-05-28	Gence	yerlesimler.js	GUN-KAPALI	yer_id	BAGIMSIZ	GERCEK-BAGIMSIZ	yer_id/merkez yolu kökten bağımsız kapatıyor	1				1918-05-28 Azerbaycan Demokratik Cumhuriyeti ilân edildi
1918-05-28	Revan	yerlesimler.js	GUN-KAPALI	kok	BUYUK-HARF	OKUNMADI	büyük harfli özel ad eşleşmesi — tek tek okunmadı	1	yer	Revan	ti ilan edildi Gence, Baku, Azerbaycan, Revan Gurcistan'in ayrilmasindan iki gun sonr	1918-05-28 Azerbaycan Demokratik Cumhuriyeti ilân edildi
1918-09-15	Bakü	yerlesimler.js	GUN-KAPALI	yer_id	BAGIMSIZ	GERCEK-BAGIMSIZ	yer_id/merkez yolu kökten bağımsız kapatıyor	0				1918-09-15 Kafkas İslâm Ordusu'nun Bakü'yü alması
1918-09-23	Akkâ	yerlesimler.js	GUN-KAPALI	merkez	BAGIMSIZ	GERCEK-BAGIMSIZ	yer_id/merkez yolu kökten bağımsız kapatıyor	0		Şam		1918-10-01 Şam'ın kaybı
1918-09-25	Amman	yerlesimler.js	GUN-KAPALI	merkez	BAGIMSIZ	GERCEK-BAGIMSIZ	yer_id/merkez yolu kökten bağımsız kapatıyor	0		Şam		1918-10-01 Şam'ın kaybı
1918-10-01	Hama	yerlesimler.js	GUN-KAPALI	kok	BUYUK-HARF	GERCEK-OKUNDU	bağlam elle okundu (bayraklı ya da kısa/eşsesli kök)	0	d	Hama	 tarihte elden cikan diger yerlesimler: Hama, Sam, Humus.	1918-10-30 Mondros Mütarekesi
1918-10-01	Humus	yerlesimler.js	GUN-KAPALI	kok	BUYUK-HARF	OKUNMADI	büyük harfli özel ad eşleşmesi — tek tek okunmadı	0	d	Humus	den cikan diger yerlesimler: Hama, Sam, Humus.	1918-10-30 Mondros Mütarekesi
1918-10-01	Tedmür (Palmyra)	yerlesimler_seyrek.js	GUN-KAPALI	merkez	BAGIMSIZ	GERCEK-BAGIMSIZ	yer_id/merkez yolu kökten bağımsız kapatıyor	0		Şam		1918-10-01 Şam'ın kaybı
1918-10-01	Şam	yerlesimler.js	GUN-KAPALI	kok+yer_id	BAGIMSIZ	GERCEK-BAGIMSIZ	yer_id/merkez yolu kökten bağımsız kapatıyor	0	d	Sam	te elden cikan diger yerlesimler: Hama, Sam, Humus.	1918-10-30 Mondros Mütarekesi
1918-10-06	Sayda	yerlesimler.js	GUN-KAPALI	merkez	BAGIMSIZ	GERCEK-BAGIMSIZ	yer_id/merkez yolu kökten bağımsız kapatıyor	0		Şam		1918-10-01 Şam'ın kaybı
1918-10-07	Beyrut	yerlesimler.js	GUN-KAPALI	merkez	BAGIMSIZ	GERCEK-BAGIMSIZ	yer_id/merkez yolu kökten bağımsız kapatıyor	0		Şam		1918-10-01 Şam'ın kaybı
1918-10-08	Ba'lebek (Baalbek)	yerlesimler_ek29.js	GUN-MASKELI	merkez	BAGIMSIZ	GERCEK-BAGIMSIZ	yer_id/merkez yolu kökten bağımsız kapatıyor	0		Şam		1918-10-01 Şam'ın kaybı
1918-10-26	Antakya	yerlesimler.js	GUN-MASKELI	merkez	BAGIMSIZ	GERCEK-BAGIMSIZ	yer_id/merkez yolu kökten bağımsız kapatıyor	0		Halep		1918-10-27 Halep'in Arap ve İngiliz kuvvetlerince işgali
1918-10-26	Deyrizor	yerlesimler.js	GUN-MASKELI	merkez	BAGIMSIZ	GERCEK-BAGIMSIZ	yer_id/merkez yolu kökten bağımsız kapatıyor	0		Halep		1918-10-27 Halep'in Arap ve İngiliz kuvvetlerince işgali
1918-10-27	Halep	yerlesimler.js	GUN-KAPALI	yer_id	BAGIMSIZ	GERCEK-BAGIMSIZ	yer_id/merkez yolu kökten bağımsız kapatıyor	0				1918-10-27 Halep'in Arap ve İngiliz kuvvetlerince işgali
1918-10-30	Ayn el-Arab (Kobani)	yerlesimler_ek25.js	GUN-MASKELI	merkez	BAGIMSIZ	GERCEK-BAGIMSIZ	yer_id/merkez yolu kökten bağımsız kapatıyor	0		Halep		1918-10-27 Halep'in Arap ve İngiliz kuvvetlerince işgali
1918-10-30	Azez (A'zâz)	yerlesimler_ek25.js	GUN-MASKELI	merkez	BAGIMSIZ	GERCEK-BAGIMSIZ	yer_id/merkez yolu kökten bağımsız kapatıyor	0		Halep		1918-10-27 Halep'in Arap ve İngiliz kuvvetlerince işgali
1918-10-30	Cerablus	yerlesimler_ek25.js	GUN-MASKELI	merkez	BAGIMSIZ	GERCEK-BAGIMSIZ	yer_id/merkez yolu kökten bağımsız kapatıyor	0		Halep		1918-10-27 Halep'in Arap ve İngiliz kuvvetlerince işgali
1918-10-30	Münbiç	yerlesimler_ek25.js	GUN-MASKELI	merkez	BAGIMSIZ	GERCEK-BAGIMSIZ	yer_id/merkez yolu kökten bağımsız kapatıyor	0		Halep		1918-10-27 Halep'in Arap ve İngiliz kuvvetlerince işgali
1918-10-30	İskenderun	yerlesimler_ek27.js	GUN-MASKELI	kok+merkez	BAGIMSIZ	GERCEK-BAGIMSIZ	yer_id/merkez yolu kökten bağımsız kapatıyor	0	d	Iskenderun	aylasimin hukuki kilifi yapildi: Musul, Iskenderun, ardindan Izmir ve Istanbul isgal edild	1918-10-30 Mondros Mütarekesi
1918-11-08	Musul	yerlesimler.js	GUN-MASKELI	kok	BUYUK-HARF	GERCEK-OKUNDU	bağlam elle okundu (bayraklı ya da kısa/eşsesli kök)	0	d	Musul	fiili paylasimin hukuki kilifi yapildi: Musul, Iskenderun, ardindan Izmir ve Istanbul	1918-10-30 Mondros Mütarekesi
1918-11-11	Banaluka	yerlesimler.js	GUN-KAPALI	merkez	BAGIMSIZ	GERCEK-BAGIMSIZ	yer_id/merkez yolu kökten bağımsız kapatıyor	1		Saraybosna		1918-10-29 Sloven-Hırvat-Sırp Devleti'nin ilânı — Hırvat Saboru Habsburg bağların
1918-11-11	Brassó (Braşov)	yerlesimler_ek29.js	GUN-KAPALI	yer_id	BAGIMSIZ	GERCEK-BAGIMSIZ	yer_id/merkez yolu kökten bağımsız kapatıyor	1				1918-12-01 Romen ordusu Brașov'a (Brassó) girdi ve törenle karşılandı
1918-11-11	Bratislava	yerlesimler.js	GUN-KAPALI	kok	BUYUK-HARF	OKUNMADI	büyük harfli özel ad eşleşmesi — tek tek okunmadı	1	yer	Bratislava	sburg mirasindan ilk ardil devlet Prag, Bratislava, Kassa (Kosice) Avusturya-Macaristan'in	1918-10-28 Çekoslovakya'nın bağımsızlık ilânı — Habsburg mirasından ilk ardıl dev
1918-11-11	Eperjes (Prešov)	yerlesimler_ek.js	GUN-KAPALI	merkez	BAGIMSIZ	GERCEK-BAGIMSIZ	yer_id/merkez yolu kökten bağımsız kapatıyor	1		Kassa (Košice)		1918-10-28 Çekoslovakya'nın bağımsızlık ilânı — Habsburg mirasından ilk ardıl dev
1918-11-11	Erdel (Kaloşvar)	yerlesimler.js	GUN-KAPALI	kok	BUYUK-HARF	ES-AD-BOLGE	Erdel = bölge (Transilvanya), yerleşim Kaloşvar	1	yer	Erdel	iki devlet Belgrad, Zagreb, Saraybosna, Erdel, Sucava, Cernovitz Avusturya-Macaristan	1918-12-01 Sırp-Hırvat-Sloven Krallığı ile Büyük Romanya'nın kuruluşu — aynı gün,
1918-11-11	Foça (Foča)	yerlesimler.js	GUN-KAPALI	merkez	BAGIMSIZ	GERCEK-BAGIMSIZ	yer_id/merkez yolu kökten bağımsız kapatıyor	1		Saraybosna		1918-10-29 Sloven-Hırvat-Sırp Devleti'nin ilânı — Hırvat Saboru Habsburg bağların
1918-11-11	Fülek (Fiľakovo)	yerlesimler_ek_macaristan.js	GUN-KAPALI	merkez	BAGIMSIZ	GERCEK-BAGIMSIZ	yer_id/merkez yolu kökten bağımsız kapatıyor	1		Kassa (Košice)		1918-10-28 Çekoslovakya'nın bağımsızlık ilânı — Habsburg mirasından ilk ardıl dev
1918-11-11	Kassa (Košice)	yerlesimler_ek.js	GUN-KAPALI	kok	BUYUK-HARF	OKUNMADI	büyük harfli özel ad eşleşmesi — tek tek okunmadı	1	yer	Kassa	ndan ilk ardil devlet Prag, Bratislava, Kassa (Kosice) Avusturya-Macaristan'in savast	1918-10-28 Çekoslovakya'nın bağımsızlık ilânı — Habsburg mirasından ilk ardıl dev
1918-11-11	Koniçe (Konjic)	yerlesimler_ek2.js	GUN-KAPALI	merkez	BAGIMSIZ	GERCEK-BAGIMSIZ	yer_id/merkez yolu kökten bağımsız kapatıyor	1		Saraybosna		1918-10-29 Sloven-Hırvat-Sırp Devleti'nin ilânı — Hırvat Saboru Habsburg bağların
1918-11-11	Livno (İhlevne)	yerlesimler.js	GUN-KAPALI	merkez	BAGIMSIZ	GERCEK-BAGIMSIZ	yer_id/merkez yolu kökten bağımsız kapatıyor	1		Saraybosna		1918-10-29 Sloven-Hırvat-Sırp Devleti'nin ilânı — Hırvat Saboru Habsburg bağların
1918-11-11	Ljubljana	yerlesimler.js	GUN-KAPALI	kok	BUYUK-HARF	OKUNMADI	büyük harfli özel ad eşleşmesi — tek tek okunmadı	1	yer	Ljubljana	boru Habsburg baglarini kopardi Zagreb, Ljubljana, Saraybosna Hirvat Saboru 29 Ekim 1918'	1918-10-29 Sloven-Hırvat-Sırp Devleti'nin ilânı — Hırvat Saboru Habsburg bağların
1918-11-11	Mostar	yerlesimler.js	GUN-KAPALI	merkez	BAGIMSIZ	GERCEK-BAGIMSIZ	yer_id/merkez yolu kökten bağımsız kapatıyor	1		Saraybosna		1918-10-29 Sloven-Hırvat-Sırp Devleti'nin ilânı — Hırvat Saboru Habsburg bağların
1918-11-11	Munkács (Mukacheve)	yerlesimler_ek_macaristan.js	GUN-KAPALI	merkez	BAGIMSIZ	GERCEK-BAGIMSIZ	yer_id/merkez yolu kökten bağımsız kapatıyor	1		Kassa (Košice)		1918-10-28 Çekoslovakya'nın bağımsızlık ilânı — Habsburg mirasından ilk ardıl dev
1918-11-11	Peçuy	yerlesimler.js	GUN-KAPALI	yer_id	BAGIMSIZ	GERCEK-BAGIMSIZ	yer_id/merkez yolu kökten bağımsız kapatıyor	1				1918-11-14 Sırp ordusu Pécs'i (Peçuy) işgal etti — Baranya'nın Sırp işgali başlad
1918-11-11	Prag	yerlesimler.js	GUN-KAPALI	kok	BUYUK-HARF	OKUNMADI	büyük harfli özel ad eşleşmesi — tek tek okunmadı	1	yer	Prag	 - Habsburg mirasindan ilk ardil devlet Prag, Bratislava, Kassa (Kosice) Avusturya-M	1918-10-28 Çekoslovakya'nın bağımsızlık ilânı — Habsburg mirasından ilk ardıl dev
1918-11-11	Saraybosna	yerlesimler.js	GUN-KAPALI	kok	BUYUK-HARF	OKUNMADI	büyük harfli özel ad eşleşmesi — tek tek okunmadı	1	yer	Saraybosna	rg baglarini kopardi Zagreb, Ljubljana, Saraybosna Hirvat Saboru 29 Ekim 1918'de Hirvatist	1918-10-29 Sloven-Hırvat-Sırp Devleti'nin ilânı — Hırvat Saboru Habsburg bağların
1918-11-11	Srebrenik	yerlesimler.js	GUN-KAPALI	merkez	BAGIMSIZ	GERCEK-BAGIMSIZ	yer_id/merkez yolu kökten bağımsız kapatıyor	1		Saraybosna		1918-10-29 Sloven-Hırvat-Sırp Devleti'nin ilânı — Hırvat Saboru Habsburg bağların
1918-11-11	Tokaj	yerlesimler_ek.js	GUN-KAPALI	merkez	BAGIMSIZ	GERCEK-BAGIMSIZ	yer_id/merkez yolu kökten bağımsız kapatıyor	1		Kassa (Košice)		1918-10-28 Çekoslovakya'nın bağımsızlık ilânı — Habsburg mirasından ilk ardıl dev
1918-11-11	Travnik	yerlesimler.js	GUN-KAPALI	merkez	BAGIMSIZ	GERCEK-BAGIMSIZ	yer_id/merkez yolu kökten bağımsız kapatıyor	1		Saraybosna		1918-10-29 Sloven-Hırvat-Sırp Devleti'nin ilânı — Hırvat Saboru Habsburg bağların
1918-11-11	Trebinye	yerlesimler_seyrek.js	GUN-KAPALI	merkez	BAGIMSIZ	GERCEK-BAGIMSIZ	yer_id/merkez yolu kökten bağımsız kapatıyor	1		Saraybosna		1918-10-29 Sloven-Hırvat-Sırp Devleti'nin ilânı — Hırvat Saboru Habsburg bağların
1918-11-11	Tuzla (Bosna)	yerlesimler_seyrek.js	GUN-KAPALI	merkez	BAGIMSIZ	GERCEK-BAGIMSIZ	yer_id/merkez yolu kökten bağımsız kapatıyor	1		Saraybosna		1918-10-29 Sloven-Hırvat-Sırp Devleti'nin ilânı — Hırvat Saboru Habsburg bağların
1918-11-11	Ungvár (Uzhhorod)	yerlesimler_ek_macaristan.js	GUN-KAPALI	merkez	BAGIMSIZ	GERCEK-BAGIMSIZ	yer_id/merkez yolu kökten bağımsız kapatıyor	1		Kassa (Košice)		1918-10-28 Çekoslovakya'nın bağımsızlık ilânı — Habsburg mirasından ilk ardıl dev
1918-11-11	Varşova	yerlesimler.js	GUN-KAPALI	yer_id	BAGIMSIZ	GERCEK-BAGIMSIZ	yer_id/merkez yolu kökten bağımsız kapatıyor	1				1918-11-11 Polonya'nın bağımsızlığı — Naiplik Konseyi ordunun komutasını Piłsudsk
1918-11-11	Visoko	yerlesimler_ek2.js	GUN-KAPALI	merkez	BAGIMSIZ	GERCEK-BAGIMSIZ	yer_id/merkez yolu kökten bağımsız kapatıyor	1		Saraybosna		1918-10-29 Sloven-Hırvat-Sırp Devleti'nin ilânı — Hırvat Saboru Habsburg bağların
1918-11-11	Vişegrad	yerlesimler_seyrek.js	GUN-KAPALI	merkez	BAGIMSIZ	GERCEK-BAGIMSIZ	yer_id/merkez yolu kökten bağımsız kapatıyor	1		Saraybosna		1918-10-29 Sloven-Hırvat-Sırp Devleti'nin ilânı — Hırvat Saboru Habsburg bağların
1918-11-11	Yayça (Jajce)	yerlesimler.js	GUN-KAPALI	merkez	BAGIMSIZ	GERCEK-BAGIMSIZ	yer_id/merkez yolu kökten bağımsız kapatıyor	1		Saraybosna		1918-10-29 Sloven-Hırvat-Sırp Devleti'nin ilânı — Hırvat Saboru Habsburg bağların
1918-11-11	Zagreb	yerlesimler.js	GUN-KAPALI	kok	BUYUK-HARF	OKUNMADI	büyük harfli özel ad eşleşmesi — tek tek okunmadı	1	yer	Zagreb	irvat Saboru Habsburg baglarini kopardi Zagreb, Ljubljana, Saraybosna Hirvat Saboru 29	1918-10-29 Sloven-Hırvat-Sırp Devleti'nin ilânı — Hırvat Saboru Habsburg bağların
1918-11-11	Zigetvar	yerlesimler.js	GUN-KAPALI	yer_id	BAGIMSIZ	GERCEK-BAGIMSIZ	yer_id/merkez yolu kökten bağımsız kapatıyor	1				1918-11-19 Sırp birlikleri Szigetvár'a girdi — Güney Somogy'un işgali
1918-11-11	İzvornik (Zvornik)	yerlesimler.js	GUN-KAPALI	merkez	BAGIMSIZ	GERCEK-BAGIMSIZ	yer_id/merkez yolu kökten bağımsız kapatıyor	1		Saraybosna		1918-10-29 Sloven-Hırvat-Sırp Devleti'nin ilânı — Hırvat Saboru Habsburg bağların
1918-11-12	Graz	yerlesimler.js	GUN-KAPALI	kok	BUYUK-HARF	OKUNMADI	büyük harfli özel ad eşleşmesi — tek tek okunmadı	1	yer	Graz	sburg mirasinin Alman cekirdegi Viyana, Graz 29 Ekim'de Prag'da Cekoslovakya'nin, Za	1918-10-30 Avusturya Cumhuriyeti'nin kuruluşu — Habsburg mirasının Alman çekirdeğ
1918-11-12	Viyana	yerlesimler.js	GUN-KAPALI	kok+yer_id	BAGIMSIZ	GERCEK-BAGIMSIZ	yer_id/merkez yolu kökten bağımsız kapatıyor	1	yer	Viyana	su - Habsburg mirasinin Alman cekirdegi Viyana, Graz 29 Ekim'de Prag'da Cekoslovakya'n	1918-10-30 Avusturya Cumhuriyeti'nin kuruluşu — Habsburg mirasının Alman çekirdeğ
1918-11-26	Podgorica	yerlesimler.js	GUN-KAPALI	kok+yer_id	BAGIMSIZ	GERCEK-BAGIMSIZ	yer_id/merkez yolu kökten bağımsız kapatıyor	1	d	Podgorica	orfu Bildirgesi'nde atilmis, 26 Ekim'de Podgorica, 28 Ekim'de Bosna-Hersek, 25 Kasim'da N	1918-12-01 Sırp-Hırvat-Sloven Krallığı ile Büyük Romanya'nın kuruluşu — aynı gün,
1918-11-28	Suçava (Suceava)	yerlesimler.js	GUN-KAPALI	kok	BUYUK-HARF	OKUNMADI	büyük harfli özel ad eşleşmesi — tek tek okunmadı	1	yer	Sucava	let Belgrad, Zagreb, Saraybosna, Erdel, Sucava, Cernovitz Avusturya-Macaristan'in dagi	1918-12-01 Sırp-Hırvat-Sloven Krallığı ile Büyük Romanya'nın kuruluşu — aynı gün,
1918-11-28	Çernovitz (Çernivtsi)	yerlesimler.js	GUN-KAPALI	kok	BUYUK-HARF	OKUNMADI	büyük harfli özel ad eşleşmesi — tek tek okunmadı	1	yer	Cernovitz	rad, Zagreb, Saraybosna, Erdel, Sucava, Cernovitz Avusturya-Macaristan'in dagilmasiyla im	1918-12-01 Sırp-Hırvat-Sloven Krallığı ile Büyük Romanya'nın kuruluşu — aynı gün,
1918-12-01	Alacahisar (Kruševac)	yerlesimler_serhat.js	GUN-MASKELI	merkez	BAGIMSIZ	GERCEK-BAGIMSIZ	yer_id/merkez yolu kökten bağımsız kapatıyor	1		Belgrad		1918-12-01 Sırp-Hırvat-Sloven Krallığı ile Büyük Romanya'nın kuruluşu — aynı gün,
1918-12-01	Banaluka	yerlesimler.js	GUN-MASKELI	merkez	BAGIMSIZ	GERCEK-BAGIMSIZ	yer_id/merkez yolu kökten bağımsız kapatıyor	1		Saraybosna		1918-12-01 Sırp-Hırvat-Sloven Krallığı ile Büyük Romanya'nın kuruluşu — aynı gün,
1918-12-01	Belgrad	yerlesimler.js	GUN-MASKELI	kok+yer_id	BAGIMSIZ	GERCEK-BAGIMSIZ	yer_id/merkez yolu kökten bağımsız kapatıyor	1	yer	Belgrad	nya'nin kurulusu - ayni gun, iki devlet Belgrad, Zagreb, Saraybosna, Erdel, Sucava, Cer	1918-12-01 Sırp-Hırvat-Sloven Krallığı ile Büyük Romanya'nın kuruluşu — aynı gün,
1918-12-01	Böğürdelen (Šabac)	yerlesimler.js	GUN-MASKELI	merkez	BAGIMSIZ	GERCEK-BAGIMSIZ	yer_id/merkez yolu kökten bağımsız kapatıyor	1		Belgrad		1918-12-01 Sırp-Hırvat-Sloven Krallığı ile Büyük Romanya'nın kuruluşu — aynı gün,
1918-12-01	Foça (Foča)	yerlesimler.js	GUN-MASKELI	merkez	BAGIMSIZ	GERCEK-BAGIMSIZ	yer_id/merkez yolu kökten bağımsız kapatıyor	1		Saraybosna		1918-12-01 Sırp-Hırvat-Sloven Krallığı ile Büyük Romanya'nın kuruluşu — aynı gün,
1918-12-01	Koniçe (Konjic)	yerlesimler_ek2.js	GUN-MASKELI	merkez	BAGIMSIZ	GERCEK-BAGIMSIZ	yer_id/merkez yolu kökten bağımsız kapatıyor	1		Saraybosna		1918-12-01 Sırp-Hırvat-Sloven Krallığı ile Büyük Romanya'nın kuruluşu — aynı gün,
1918-12-01	Kragujevac	yerlesimler.js	GUN-MASKELI	merkez	BAGIMSIZ	GERCEK-BAGIMSIZ	yer_id/merkez yolu kökten bağımsız kapatıyor	1		Belgrad		1918-12-01 Sırp-Hırvat-Sloven Krallığı ile Büyük Romanya'nın kuruluşu — aynı gün,
1918-12-01	Livno (İhlevne)	yerlesimler.js	GUN-MASKELI	merkez	BAGIMSIZ	GERCEK-BAGIMSIZ	yer_id/merkez yolu kökten bağımsız kapatıyor	1		Saraybosna		1918-12-01 Sırp-Hırvat-Sloven Krallığı ile Büyük Romanya'nın kuruluşu — aynı gün,
1918-12-01	Mostar	yerlesimler.js	GUN-MASKELI	merkez	BAGIMSIZ	GERCEK-BAGIMSIZ	yer_id/merkez yolu kökten bağımsız kapatıyor	1		Saraybosna		1918-12-01 Sırp-Hırvat-Sloven Krallığı ile Büyük Romanya'nın kuruluşu — aynı gün,
1918-12-01	Saraybosna	yerlesimler.js	GUN-MASKELI	kok	BUYUK-HARF	OKUNMADI	büyük harfli özel ad eşleşmesi — tek tek okunmadı	1	yer	Saraybosna	- ayni gun, iki devlet Belgrad, Zagreb, Saraybosna, Erdel, Sucava, Cernovitz Avusturya-Mac	1918-12-01 Sırp-Hırvat-Sloven Krallığı ile Büyük Romanya'nın kuruluşu — aynı gün,
1918-12-01	Semendire	yerlesimler.js	GUN-MASKELI	merkez	BAGIMSIZ	GERCEK-BAGIMSIZ	yer_id/merkez yolu kökten bağımsız kapatıyor	1		Belgrad		1918-12-01 Sırp-Hırvat-Sloven Krallığı ile Büyük Romanya'nın kuruluşu — aynı gün,
1918-12-01	Srebrenik	yerlesimler.js	GUN-MASKELI	merkez	BAGIMSIZ	GERCEK-BAGIMSIZ	yer_id/merkez yolu kökten bağımsız kapatıyor	1		Saraybosna		1918-12-01 Sırp-Hırvat-Sloven Krallığı ile Büyük Romanya'nın kuruluşu — aynı gün,
1918-12-01	Travnik	yerlesimler.js	GUN-MASKELI	merkez	BAGIMSIZ	GERCEK-BAGIMSIZ	yer_id/merkez yolu kökten bağımsız kapatıyor	1		Saraybosna		1918-12-01 Sırp-Hırvat-Sloven Krallığı ile Büyük Romanya'nın kuruluşu — aynı gün,
1918-12-01	Trebinye	yerlesimler_seyrek.js	GUN-MASKELI	merkez	BAGIMSIZ	GERCEK-BAGIMSIZ	yer_id/merkez yolu kökten bağımsız kapatıyor	1		Saraybosna		1918-12-01 Sırp-Hırvat-Sloven Krallığı ile Büyük Romanya'nın kuruluşu — aynı gün,
1918-12-01	Tuzla (Bosna)	yerlesimler_seyrek.js	GUN-MASKELI	merkez	BAGIMSIZ	GERCEK-BAGIMSIZ	yer_id/merkez yolu kökten bağımsız kapatıyor	1		Saraybosna		1918-12-01 Sırp-Hırvat-Sloven Krallığı ile Büyük Romanya'nın kuruluşu — aynı gün,
1918-12-01	Visoko	yerlesimler_ek2.js	GUN-MASKELI	merkez	BAGIMSIZ	GERCEK-BAGIMSIZ	yer_id/merkez yolu kökten bağımsız kapatıyor	1		Saraybosna		1918-12-01 Sırp-Hırvat-Sloven Krallığı ile Büyük Romanya'nın kuruluşu — aynı gün,
1918-12-01	Vişegrad	yerlesimler_seyrek.js	GUN-MASKELI	merkez	BAGIMSIZ	GERCEK-BAGIMSIZ	yer_id/merkez yolu kökten bağımsız kapatıyor	1		Saraybosna		1918-12-01 Sırp-Hırvat-Sloven Krallığı ile Büyük Romanya'nın kuruluşu — aynı gün,
1918-12-01	Yayça (Jajce)	yerlesimler.js	GUN-MASKELI	merkez	BAGIMSIZ	GERCEK-BAGIMSIZ	yer_id/merkez yolu kökten bağımsız kapatıyor	1		Saraybosna		1918-12-01 Sırp-Hırvat-Sloven Krallığı ile Büyük Romanya'nın kuruluşu — aynı gün,
1918-12-01	Çaçak	yerlesimler.js	GUN-MASKELI	merkez	BAGIMSIZ	GERCEK-BAGIMSIZ	yer_id/merkez yolu kökten bağımsız kapatıyor	1		Belgrad		1918-12-01 Sırp-Hırvat-Sloven Krallığı ile Büyük Romanya'nın kuruluşu — aynı gün,
1918-12-01	İzvornik (Zvornik)	yerlesimler.js	GUN-MASKELI	merkez	BAGIMSIZ	GERCEK-BAGIMSIZ	yer_id/merkez yolu kökten bağımsız kapatıyor	1		Saraybosna		1918-12-01 Sırp-Hırvat-Sloven Krallığı ile Büyük Romanya'nın kuruluşu — aynı gün,
1919-01-10	Hayber	yerlesimler_ok101.js	GUN-KAPALI	merkez	BAGIMSIZ	GERCEK-BAGIMSIZ	yer_id/merkez yolu kökten bağımsız kapatıyor	0		Medine		1919-01-10 Medine'nin teslimi
1919-01-10	Medine	yerlesimler.js	GUN-KAPALI	yer_id	BAGIMSIZ	GERCEK-BAGIMSIZ	yer_id/merkez yolu kökten bağımsız kapatıyor	0				1919-01-10 Medine'nin teslimi
1920-01-10	Gdansk	yerlesimler.js	GUN-KAPALI	yer_id	BAGIMSIZ	GERCEK-BAGIMSIZ	yer_id/merkez yolu kökten bağımsız kapatıyor	0				1920-01-10 Danzig Müttefik emanetine geçti: Almanya şehirden vazgeçti
1920-01-10	Klaipėda (Memel)	yerlesimler_ek7.js	GUN-KAPALI	yer_id	BAGIMSIZ	GERCEK-BAGIMSIZ	yer_id/merkez yolu kökten bağımsız kapatıyor	0				1920-01-10 Memel Müttefik emanetine geçti: Almanya bölgeden vazgeçti
1920-04-23	Adapazarı	yerlesimler.js	GUN-KAPALI	merkez	BAGIMSIZ	GERCEK-BAGIMSIZ	yer_id/merkez yolu kökten bağımsız kapatıyor	1		İstanbul		1920-04-11 Son Osmanlı Meclis-i Mebusanı'nın dağıtılması
1920-04-23	Akyazı	yerlesimler.js	GUN-KAPALI	merkez	BAGIMSIZ	GERCEK-BAGIMSIZ	yer_id/merkez yolu kökten bağımsız kapatıyor	1		İstanbul		1920-04-11 Son Osmanlı Meclis-i Mebusanı'nın dağıtılması
1920-04-23	Akçakoca	yerlesimler.js	GUN-KAPALI	merkez	BAGIMSIZ	GERCEK-BAGIMSIZ	yer_id/merkez yolu kökten bağımsız kapatıyor	1		Ankara		1920-04 TBMM'nin açılışı ve Sevr
1920-04-23	Amasra	yerlesimler.js	GUN-KAPALI	merkez	BAGIMSIZ	GERCEK-BAGIMSIZ	yer_id/merkez yolu kökten bağımsız kapatıyor	1		Ankara		1920-04 TBMM'nin açılışı ve Sevr
1920-04-23	Anadolu Hisarı	yerlesimler.js	GUN-KAPALI	merkez	BAGIMSIZ	GERCEK-BAGIMSIZ	yer_id/merkez yolu kökten bağımsız kapatıyor	1		İstanbul		1920-04-11 Son Osmanlı Meclis-i Mebusanı'nın dağıtılması
1920-04-23	Ankara	yerlesimler.js	GUN-KAPALI	kok+yer_id	BAGIMSIZ	GERCEK-BAGIMSIZ	yer_id/merkez yolu kökten bağımsız kapatıyor	1	d	Ankara	 sona erisini simgelemistir. Kapatilma, Ankara'da yeni bir milli meclisin toplanmasi i	1920-04-11 Son Osmanlı Meclis-i Mebusanı'nın dağıtılması
1920-04-23	Bartın	yerlesimler.js	GUN-KAPALI	merkez	BAGIMSIZ	GERCEK-BAGIMSIZ	yer_id/merkez yolu kökten bağımsız kapatıyor	1		Ankara		1920-04 TBMM'nin açılışı ve Sevr
1920-04-23	Beykoz	yerlesimler_ek23.js	GUN-KAPALI	merkez	BAGIMSIZ	GERCEK-BAGIMSIZ	yer_id/merkez yolu kökten bağımsız kapatıyor	1		İstanbul		1920-04-11 Son Osmanlı Meclis-i Mebusanı'nın dağıtılması
1920-04-23	Birecik	yerlesimler_ek_bosluk.js	GUN-KAPALI	merkez	BAGIMSIZ	GERCEK-BAGIMSIZ	yer_id/merkez yolu kökten bağımsız kapatıyor	1		Urfa		1920-04-11 Urfa'nın kurtuluşu — Fransız garnizonu şehri terk etti
1920-04-23	Bolu	yerlesimler.js	GUN-KAPALI	merkez	BAGIMSIZ	GERCEK-BAGIMSIZ	yer_id/merkez yolu kökten bağımsız kapatıyor	1		Ankara		1920-04 TBMM'nin açılışı ve Sevr
1920-04-23	Devrek	yerlesimler.js	GUN-KAPALI	merkez	BAGIMSIZ	GERCEK-BAGIMSIZ	yer_id/merkez yolu kökten bağımsız kapatıyor	1		Ankara		1920-04 TBMM'nin açılışı ve Sevr
1920-04-23	Eflani	yerlesimler.js	GUN-KAPALI	merkez	BAGIMSIZ	GERCEK-BAGIMSIZ	yer_id/merkez yolu kökten bağımsız kapatıyor	1		Ankara		1920-04 TBMM'nin açılışı ve Sevr
1920-04-23	Gebze	yerlesimler.js	GUN-KAPALI	merkez	BAGIMSIZ	GERCEK-BAGIMSIZ	yer_id/merkez yolu kökten bağımsız kapatıyor	1		İstanbul		1920-04-11 Son Osmanlı Meclis-i Mebusanı'nın dağıtılması
1920-04-23	Hereke	yerlesimler.js	GUN-KAPALI	merkez	BAGIMSIZ	GERCEK-BAGIMSIZ	yer_id/merkez yolu kökten bağımsız kapatıyor	1		İstanbul		1920-04-11 Son Osmanlı Meclis-i Mebusanı'nın dağıtılması
1920-04-23	Kandıra	yerlesimler.js	GUN-KAPALI	merkez	BAGIMSIZ	GERCEK-BAGIMSIZ	yer_id/merkez yolu kökten bağımsız kapatıyor	1		İstanbul		1920-04-11 Son Osmanlı Meclis-i Mebusanı'nın dağıtılması
1920-04-23	Karadeniz Ereğli	yerlesimler.js	GUN-KAPALI	merkez	BAGIMSIZ	GERCEK-BAGIMSIZ	yer_id/merkez yolu kökten bağımsız kapatıyor	1		Ankara		1920-04 TBMM'nin açılışı ve Sevr
1920-04-23	Kastamonu	yerlesimler.js	GUN-KAPALI	merkez	BAGIMSIZ	GERCEK-BAGIMSIZ	yer_id/merkez yolu kökten bağımsız kapatıyor	1		Ankara		1920-04 TBMM'nin açılışı ve Sevr
1920-04-23	Konurapa (Düzce)	yerlesimler.js	GUN-KAPALI	merkez	BAGIMSIZ	GERCEK-BAGIMSIZ	yer_id/merkez yolu kökten bağımsız kapatıyor	1		Ankara		1920-04 TBMM'nin açılışı ve Sevr
1920-04-23	Kırşehir	yerlesimler.js	GUN-KAPALI	merkez	BAGIMSIZ	GERCEK-BAGIMSIZ	yer_id/merkez yolu kökten bağımsız kapatıyor	1		Ankara		1920-04 TBMM'nin açılışı ve Sevr
1920-04-23	Mudurnu	yerlesimler.js	GUN-KAPALI	merkez	BAGIMSIZ	GERCEK-BAGIMSIZ	yer_id/merkez yolu kökten bağımsız kapatıyor	1		Ankara		1920-04 TBMM'nin açılışı ve Sevr
1920-04-23	Ordu (Bayramlı)	yerlesimler.js	GUN-KAPALI	kok	BUYUK-HARF	SAHTE	'Kızıl Ordu' — askerî birlik adı	1	b	Ordu	Kizil Ordu Azerbaycan'i isgal etti - Demokratik Cu	1920-04-27 Kızıl Ordu Azerbaycan'ı işgal etti — Demokratik Cumhuriyet'in sonu
1920-04-23	Pelekanon (Eskihisar)	yerlesimler.js	GUN-KAPALI	merkez	BAGIMSIZ	GERCEK-BAGIMSIZ	yer_id/merkez yolu kökten bağımsız kapatıyor	1		İstanbul		1920-04-11 Son Osmanlı Meclis-i Mebusanı'nın dağıtılması
1920-04-23	Rumeli Hisarı	yerlesimler.js	GUN-KAPALI	merkez	BAGIMSIZ	GERCEK-BAGIMSIZ	yer_id/merkez yolu kökten bağımsız kapatıyor	1		İstanbul		1920-04-11 Son Osmanlı Meclis-i Mebusanı'nın dağıtılması
1920-04-23	Safranbolu	yerlesimler.js	GUN-KAPALI	merkez	BAGIMSIZ	GERCEK-BAGIMSIZ	yer_id/merkez yolu kökten bağımsız kapatıyor	1		Ankara		1920-04 TBMM'nin açılışı ve Sevr
1920-04-23	Samandıra	yerlesimler.js	GUN-KAPALI	merkez	BAGIMSIZ	GERCEK-BAGIMSIZ	yer_id/merkez yolu kökten bağımsız kapatıyor	1		İstanbul		1920-04-11 Son Osmanlı Meclis-i Mebusanı'nın dağıtılması
1920-04-23	Sinop	yerlesimler.js	GUN-KAPALI	merkez	BAGIMSIZ	GERCEK-BAGIMSIZ	yer_id/merkez yolu kökten bağımsız kapatıyor	1		Ankara		1920-04 TBMM'nin açılışı ve Sevr
1920-04-23	Siverek	yerlesimler.js	GUN-KAPALI	merkez	BAGIMSIZ	GERCEK-BAGIMSIZ	yer_id/merkez yolu kökten bağımsız kapatıyor	1		Urfa		1920-04-11 Urfa'nın kurtuluşu — Fransız garnizonu şehri terk etti
1920-04-23	Sivrihisar	yerlesimler.js	GUN-KAPALI	merkez	BAGIMSIZ	GERCEK-BAGIMSIZ	yer_id/merkez yolu kökten bağımsız kapatıyor	1		Ankara		1920-04 TBMM'nin açılışı ve Sevr
1920-04-23	Urfa	yerlesimler.js	GUN-KAPALI	yer_id	BAGIMSIZ	GERCEK-BAGIMSIZ	yer_id/merkez yolu kökten bağımsız kapatıyor	1				1920-04-11 Urfa'nın kurtuluşu — Fransız garnizonu şehri terk etti
1920-04-23	Çankırı	yerlesimler.js	GUN-KAPALI	merkez	BAGIMSIZ	GERCEK-BAGIMSIZ	yer_id/merkez yolu kökten bağımsız kapatıyor	1		Ankara		1920-04 TBMM'nin açılışı ve Sevr
1920-04-23	Çatalca	yerlesimler_serhat.js	GUN-KAPALI	merkez	BAGIMSIZ	GERCEK-BAGIMSIZ	yer_id/merkez yolu kökten bağımsız kapatıyor	1		İstanbul		1920-04-11 Son Osmanlı Meclis-i Mebusanı'nın dağıtılması
1920-04-23	Çorum	yerlesimler.js	GUN-KAPALI	merkez	BAGIMSIZ	GERCEK-BAGIMSIZ	yer_id/merkez yolu kökten bağımsız kapatıyor	1		Ankara		1920-04 TBMM'nin açılışı ve Sevr
1920-04-23	İstanbul	yerlesimler.js	GUN-KAPALI	kok+yer_id	BAGIMSIZ	GERCEK-BAGIMSIZ	yer_id/merkez yolu kökten bağımsız kapatıyor	1	d	Istanbul	TBMM'nin acilisi ve Sevr Ankara / Sevr Istanbul'un resmen isgali ve Meclis-i Meb'usan'i	1920-04 TBMM'nin açılışı ve Sevr
1920-04-23	İzmit	yerlesimler.js	GUN-KAPALI	merkez	BAGIMSIZ	GERCEK-BAGIMSIZ	yer_id/merkez yolu kökten bağımsız kapatıyor	1		İstanbul		1920-04-11 Son Osmanlı Meclis-i Mebusanı'nın dağıtılması
1920-04-26	Hîve	yerlesimler.js	GUN-KAPALI	kok	BUYUK-HARF	GERCEK-OKUNDU	bağlam elle okundu (bayraklı ya da kısa/eşsesli kök)	1	yer	Hive	Harizm Halk Cumhuriyeti ilan edildi Hive 1917 Ekim Ihtilali sonrasi Hive Hani'ni	1920-04-26 Hârizm Halk Cumhuriyeti ilan edildi
1920-04-27	Bakü	yerlesimler.js	GUN-KAPALI	yer_id	BAGIMSIZ	GERCEK-BAGIMSIZ	yer_id/merkez yolu kökten bağımsız kapatıyor	1				1920-04-27 Kızıl Ordu Azerbaycan'ı işgal etti — Demokratik Cumhuriyet'in sonu
1920-04-27	Gence	yerlesimler.js	GUN-KAPALI	kok	BUYUK-HARF	OKUNMADI	büyük harfli özel ad eşleşmesi — tek tek okunmadı	1	yer	Gence	i - Demokratik Cumhuriyet'in sonu Baku, Gence, Azerbaycan Kizil Ordu Azerbaycan'a gir	1920-04-27 Kızıl Ordu Azerbaycan'ı işgal etti — Demokratik Cumhuriyet'in sonu
1920-05-27	Gümülcine	yerlesimler.js	GUN-KAPALI	yer_id	BAGIMSIZ	GERCEK-BAGIMSIZ	yer_id/merkez yolu kökten bağımsız kapatıyor	1				1920-05-27 Gümülcine'nin işgali — Batı Trakya'nın kaybı
1920-06-04	Erdel (Kaloşvar)	yerlesimler.js	GUN-KAPALI	kok	BUYUK-HARF	ES-AD-BOLGE	Erdel = bölge (Transilvanya), yerleşim Kaloşvar	1	d	Erdel	aipligi bu kuculmus sinirlarla gorunur; Erdel ve Yukari Macaristan da tam bu gun Roma	1920-06-04 Trianon Antlaşması — Macaristan toprağının üçte ikisini kaybetti
1920-07-01	Akkâ	yerlesimler.js	GUN-KAPALI	kok+merkez	BAGIMSIZ	GERCEK-BAGIMSIZ	yer_id/merkez yolu kökten bağımsız kapatıyor	1	yer	Akka	keri yonetimin sonu Kudus, Gazze, Yafa, Akka, Nablus 1917'de General Allenby'nin Gaz	1920-07-01 Filistin'de İngiliz sivil manda idaresi kuruldu — Osmanlı'dan alınan t
1920-07-01	Gazze	yerlesimler.js	GUN-KAPALI	kok	BUYUK-HARF	OKUNMADI	büyük harfli özel ad eşleşmesi — tek tek okunmadı	1	yer	Gazze	opraklarda askeri yonetimin sonu Kudus, Gazze, Yafa, Akka, Nablus 1917'de General All	1920-07-01 Filistin'de İngiliz sivil manda idaresi kuruldu — Osmanlı'dan alınan t
1920-07-01	Han Yûnus	yerlesimler.js	GUN-KAPALI	merkez	BAGIMSIZ	GERCEK-BAGIMSIZ	yer_id/merkez yolu kökten bağımsız kapatıyor	1		Kudüs		1920-07-01 Filistin'de İngiliz sivil manda idaresi kuruldu — Osmanlı'dan alınan t
1920-07-01	Kudüs	yerlesimler.js	GUN-KAPALI	yer_id	BAGIMSIZ	GERCEK-BAGIMSIZ	yer_id/merkez yolu kökten bağımsız kapatıyor	1				1920-07-01 Filistin'de İngiliz sivil manda idaresi kuruldu — Osmanlı'dan alınan t
1920-07-01	Nablus	yerlesimler.js	GUN-KAPALI	kok	BUYUK-HARF	OKUNMADI	büyük harfli özel ad eşleşmesi — tek tek okunmadı	1	yer	Nablus	onetimin sonu Kudus, Gazze, Yafa, Akka, Nablus 1917'de General Allenby'nin Gazze'yi ve	1920-07-01 Filistin'de İngiliz sivil manda idaresi kuruldu — Osmanlı'dan alınan t
1920-07-01	Yafa	yerlesimler.js	GUN-KAPALI	kok	BUYUK-HARF	OKUNMADI	büyük harfli özel ad eşleşmesi — tek tek okunmadı	1	yer	Yafa	rda askeri yonetimin sonu Kudus, Gazze, Yafa, Akka, Nablus 1917'de General Allenby'n	1920-07-01 Filistin'de İngiliz sivil manda idaresi kuruldu — Osmanlı'dan alınan t
1920-07-24	Antakya	yerlesimler.js	GUN-KAPALI	kok	BUYUK-HARF	OKUNMADI	büyük harfli özel ad eşleşmesi — tek tek okunmadı	1	yer	Antakya	 gecti Sam, Halep, Beyrut, Humus, Hama, Antakya, Iskenderun, Deyrizor, Rakka, Munbic, C	1920-07-01 Han Meyselûn — Faysal dönemi bitti, Suriye Fransız mandasına geçti
1920-07-24	Ayn el-Arab (Kobani)	yerlesimler_ek25.js	GUN-KAPALI	kok	BUYUK-HARF	OKUNMADI	büyük harfli özel ad eşleşmesi — tek tek okunmadı	1	yer	Ayn el-Arab	 Rakka, Munbic, Cerablus, Azez (A'zaz), Ayn el-Arab (Kobani), Malikiye (Derik), Tedmur (Pal	1920-07-01 Han Meyselûn — Faysal dönemi bitti, Suriye Fransız mandasına geçti
1920-07-24	Azez (A'zâz)	yerlesimler_ek25.js	GUN-KAPALI	kok	BUYUK-HARF	OKUNMADI	büyük harfli özel ad eşleşmesi — tek tek okunmadı	1	yer	Azez	run, Deyrizor, Rakka, Munbic, Cerablus, Azez (A'zaz), Ayn el-Arab (Kobani), Malikiye	1920-07-01 Han Meyselûn — Faysal dönemi bitti, Suriye Fransız mandasına geçti
1920-07-24	Ba'lebek (Baalbek)	yerlesimler_ek29.js	GUN-KAPALI	kok	BUYUK-HARF	OKUNMADI	büyük harfli özel ad eşleşmesi — tek tek okunmadı	1	yer	Ba'lebek	almyra), Trablussam, Sayda, Sur (Tyre), Ba'lebek (Baalbek), Deyrulkamer (Dayr al-Kamer) 	1920-07-01 Han Meyselûn — Faysal dönemi bitti, Suriye Fransız mandasına geçti
1920-07-24	Beyrut	yerlesimler.js	GUN-KAPALI	kok	BUYUK-HARF	OKUNMADI	büyük harfli özel ad eşleşmesi — tek tek okunmadı	1	yer	Beyrut	iye Fransiz mandasina gecti Sam, Halep, Beyrut, Humus, Hama, Antakya, Iskenderun, Deyr	1920-07-01 Han Meyselûn — Faysal dönemi bitti, Suriye Fransız mandasına geçti
1920-07-24	Cerablus	yerlesimler_ek25.js	GUN-KAPALI	kok	BUYUK-HARF	OKUNMADI	büyük harfli özel ad eşleşmesi — tek tek okunmadı	1	yer	Cerablus	a, Iskenderun, Deyrizor, Rakka, Munbic, Cerablus, Azez (A'zaz), Ayn el-Arab (Kobani), Ma	1920-07-01 Han Meyselûn — Faysal dönemi bitti, Suriye Fransız mandasına geçti
1920-07-24	Deyrizor	yerlesimler.js	GUN-KAPALI	kok	BUYUK-HARF	OKUNMADI	büyük harfli özel ad eşleşmesi — tek tek okunmadı	1	yer	Deyrizor	yrut, Humus, Hama, Antakya, Iskenderun, Deyrizor, Rakka, Munbic, Cerablus, Azez (A'zaz),	1920-07-01 Han Meyselûn — Faysal dönemi bitti, Suriye Fransız mandasına geçti
1920-07-24	Deyrülkamer (Dayr al-Kamer)	yerlesimler_ek29.js	GUN-KAPALI	kok	BUYUK-HARF	OKUNMADI	büyük harfli özel ad eşleşmesi — tek tek okunmadı	1	yer	Deyrulkamer	 Sayda, Sur (Tyre), Ba'lebek (Baalbek), Deyrulkamer (Dayr al-Kamer) Beyrut-Sam yolundaki Ha	1920-07-01 Han Meyselûn — Faysal dönemi bitti, Suriye Fransız mandasına geçti
1920-07-24	Halep	yerlesimler.js	GUN-KAPALI	kok	BUYUK-HARF	OKUNMADI	büyük harfli özel ad eşleşmesi — tek tek okunmadı	1	yer	Halep	ti, Suriye Fransiz mandasina gecti Sam, Halep, Beyrut, Humus, Hama, Antakya, Iskender	1920-07-01 Han Meyselûn — Faysal dönemi bitti, Suriye Fransız mandasına geçti
1920-07-24	Hama	yerlesimler.js	GUN-KAPALI	kok	BUYUK-HARF	OKUNMADI	büyük harfli özel ad eşleşmesi — tek tek okunmadı	1	yer	Hama	dasina gecti Sam, Halep, Beyrut, Humus, Hama, Antakya, Iskenderun, Deyrizor, Rakka, 	1920-07-01 Han Meyselûn — Faysal dönemi bitti, Suriye Fransız mandasına geçti
1920-07-24	Humus	yerlesimler.js	GUN-KAPALI	kok	BUYUK-HARF	OKUNMADI	büyük harfli özel ad eşleşmesi — tek tek okunmadı	1	yer	Humus	siz mandasina gecti Sam, Halep, Beyrut, Humus, Hama, Antakya, Iskenderun, Deyrizor, R	1920-07-01 Han Meyselûn — Faysal dönemi bitti, Suriye Fransız mandasına geçti
1920-07-24	Malikiye (Derik)	yerlesimler_ek25.js	GUN-KAPALI	kok	BUYUK-HARF	OKUNMADI	büyük harfli özel ad eşleşmesi — tek tek okunmadı	1	yer	Malikiye	us, Azez (A'zaz), Ayn el-Arab (Kobani), Malikiye (Derik), Tedmur (Palmyra), Trablussam, 	1920-07-01 Han Meyselûn — Faysal dönemi bitti, Suriye Fransız mandasına geçti
1920-07-24	Münbiç	yerlesimler_ek25.js	GUN-KAPALI	kok	BUYUK-HARF	OKUNMADI	büyük harfli özel ad eşleşmesi — tek tek okunmadı	1	yer	Munbic	, Antakya, Iskenderun, Deyrizor, Rakka, Munbic, Cerablus, Azez (A'zaz), Ayn el-Arab (K	1920-07-01 Han Meyselûn — Faysal dönemi bitti, Suriye Fransız mandasına geçti
1920-07-24	Rakka	yerlesimler.js	GUN-KAPALI	kok	BUYUK-HARF	OKUNMADI	büyük harfli özel ad eşleşmesi — tek tek okunmadı	1	yer	Rakka	s, Hama, Antakya, Iskenderun, Deyrizor, Rakka, Munbic, Cerablus, Azez (A'zaz), Ayn el	1920-07-01 Han Meyselûn — Faysal dönemi bitti, Suriye Fransız mandasına geçti
1920-07-24	Sayda	yerlesimler.js	GUN-KAPALI	kok	BUYUK-HARF	OKUNMADI	büyük harfli özel ad eşleşmesi — tek tek okunmadı	1	yer	Sayda	 (Derik), Tedmur (Palmyra), Trablussam, Sayda, Sur (Tyre), Ba'lebek (Baalbek), Deyrul	1920-07-01 Han Meyselûn — Faysal dönemi bitti, Suriye Fransız mandasına geçti
1920-07-24	Sûr (Tyre) — Lübnan	yerlesimler_ek29.js	GUN-KAPALI	merkez	BAGIMSIZ	GERCEK-BAGIMSIZ	yer_id/merkez yolu kökten bağımsız kapatıyor	1		Sayda		1920-07-01 Han Meyselûn — Faysal dönemi bitti, Suriye Fransız mandasına geçti
1920-07-24	Tedmür (Palmyra)	yerlesimler_seyrek.js	GUN-KAPALI	kok	BUYUK-HARF	OKUNMADI	büyük harfli özel ad eşleşmesi — tek tek okunmadı	1	yer	Tedmur	Ayn el-Arab (Kobani), Malikiye (Derik), Tedmur (Palmyra), Trablussam, Sayda, Sur (Tyre	1920-07-01 Han Meyselûn — Faysal dönemi bitti, Suriye Fransız mandasına geçti
1920-07-24	Trablusşam	yerlesimler.js	GUN-KAPALI	kok	BUYUK-HARF	OKUNMADI	büyük harfli özel ad eşleşmesi — tek tek okunmadı	1	yer	Trablussam	i), Malikiye (Derik), Tedmur (Palmyra), Trablussam, Sayda, Sur (Tyre), Ba'lebek (Baalbek),	1920-07-01 Han Meyselûn — Faysal dönemi bitti, Suriye Fransız mandasına geçti
1920-07-24	İskenderun	yerlesimler_ek27.js	GUN-KAPALI	kok	BUYUK-HARF	OKUNMADI	büyük harfli özel ad eşleşmesi — tek tek okunmadı	1	yer	Iskenderun	m, Halep, Beyrut, Humus, Hama, Antakya, Iskenderun, Deyrizor, Rakka, Munbic, Cerablus, Aze	1920-07-01 Han Meyselûn — Faysal dönemi bitti, Suriye Fransız mandasına geçti
1920-07-24	Şam	yerlesimler.js	GUN-KAPALI	yer_id	BAGIMSIZ	GERCEK-BAGIMSIZ	yer_id/merkez yolu kökten bağımsız kapatıyor	1				1920-07-01 Han Meyselûn — Faysal dönemi bitti, Suriye Fransız mandasına geçti
1920-08-11	Abrene (Pıtalovo)	yerlesimler_a78_avrupa.js	GUN-KAPALI	kok	BUYUK-HARF	OKUNMADI	büyük harfli özel ad eşleşmesi — tek tek okunmadı	1	d	Abrene	i devlet arasindaki siniri belirledi ve Abrene (Pitalovo) bolgesini Letonya'ya birakti	1920-08-11 Riga Barışı: Letonya–Sovyet Rusya sınırı
1920-09-02	Karşi (Nahşeb)	yerlesimler_ek14.js	GUN-MASKELI	kok	KUCUK-HARF	SAHTE	'Ermenistan'a karşı' — edat (küçük harf)	1	b	karsi	 basladi - Kazim Karabekir Ermenistan'a karsi taarruza gecti Soganli dagi gecitleri, 	1920-09-28 Doğu Cephesi harekâtı başladı — Kâzım Karabekir Ermenistan'a karşı taa
1920-11-12	Cres (Cherso)	yerlesimler.js	GUN-KAPALI	kok	BUYUK-HARF	GERCEK-OKUNDU	bağlam elle okundu (bayraklı ya da kısa/eşsesli kök)	1	d	Cres	akilarak bir anklav oldu; md. 3 Cherso (Cres) ve Lussin adalarini, Lagosta ve Pelago	1920-11-12 Rapallo Antlaşması — İtalya ile SHS Krallığı arasında Julian Alpleri s
1920-11-12	Zadar (Zara)	yerlesimler_ek.js	GUN-KAPALI	kok	BUYUK-HARF	OKUNMADI	büyük harfli özel ad eşleşmesi — tek tek okunmadı	1	d	Zadar	inin su bolumuyle Castua'ya indi. Zara (Zadar) md. 2 ile Italya'ya birakilarak bir an	1920-11-12 Rapallo Antlaşması — İtalya ile SHS Krallığı arasında Julian Alpleri s
1920-11-15	Gdansk	yerlesimler.js	GUN-KAPALI	yer_id	BAGIMSIZ	GERCEK-BAGIMSIZ	yer_id/merkez yolu kökten bağımsız kapatıyor	1				1920-11-15 Danzig Serbest Şehri Milletler Cemiyeti koruması altında kuruldu
1921-02-01	Amman	yerlesimler.js	GUN-KAPALI	yer_id	BAGIMSIZ	GERCEK-BAGIMSIZ	yer_id/merkez yolu kökten bağımsız kapatıyor	1				1921-02-01 Şarkî Ürdün Emirliği kuruldu — Abdullah b. Hüseyin emîrliğini ilân ett
1921-02-01	Kerak	yerlesimler.js	GUN-KAPALI	kok	BUYUK-HARF	GERCEK-OKUNDU	bağlam elle okundu (bayraklı ya da kısa/eşsesli kök)	1	yer	Kerak	 b. Huseyin emirligini ilan etti Amman, Kerak, Sarki Urdun Serif Huseyin'in oglu Abdu	1921-02-01 Şarkî Ürdün Emirliği kuruldu — Abdullah b. Hüseyin emîrliğini ilân ett
1921-02-25	Tiflis	yerlesimler.js	GUN-KAPALI	kok+yer_id	BAGIMSIZ	GERCEK-BAGIMSIZ	yer_id/merkez yolu kökten bağımsız kapatıyor	1	d	Tiflis	cistan Sovyet Sosyalist Cumhuriyeti'nin Tiflis vilayetine baglandi. Dogu siniri, yedi 	1921-03-16 Moskova Antlaşması — TBMM ile Sovyet Rusya doğu sınırını belirledi
1921-02-25	Zagem (Kaheti)	yerlesimler.js	GUN-KAPALI	merkez	BAGIMSIZ	GERCEK-BAGIMSIZ	yer_id/merkez yolu kökten bağımsız kapatıyor	1		Tiflis		1921-02-25 Kızıl Ordu'nun Tiflis'e girişi: Gürcistan Demokratik Cumhuriyeti'nin d
1921-03-16	Batum	yerlesimler.js	GUN-KAPALI	kok+yer_id	BAGIMSIZ	GERCEK-BAGIMSIZ	yer_id/merkez yolu kökten bağımsız kapatıyor	1	d	Batum	r maddesi bu hamleyle Curuksu, Acara ve Batum kazalari disinda kalan elviye-i selase 	1921-02-23 Ardahan ve Artvin'in kurtuluşu
1921-08-23	Bağdat	yerlesimler.js	GUN-KAPALI	yer_id	BAGIMSIZ	GERCEK-BAGIMSIZ	yer_id/merkez yolu kökten bağımsız kapatıyor	1				1921-08-23 Irak Krallığı kuruldu — 1913/14 Osmanlı-İran sınırı Irak'a geçti
1921-08-23	Dîvâniye	yerlesimler.js	GUN-KAPALI	merkez	BAGIMSIZ	GERCEK-BAGIMSIZ	yer_id/merkez yolu kökten bağımsız kapatıyor	1		Bağdat		1921-08-23 Irak Krallığı kuruldu — 1913/14 Osmanlı-İran sınırı Irak'a geçti
1921-08-23	Fellûce	yerlesimler.js	GUN-KAPALI	merkez	BAGIMSIZ	GERCEK-BAGIMSIZ	yer_id/merkez yolu kökten bağımsız kapatıyor	1		Bağdat		1921-08-23 Irak Krallığı kuruldu — 1913/14 Osmanlı-İran sınırı Irak'a geçti
1921-08-23	Hille	yerlesimler.js	GUN-KAPALI	merkez	BAGIMSIZ	GERCEK-BAGIMSIZ	yer_id/merkez yolu kökten bağımsız kapatıyor	1		Bağdat		1921-08-23 Irak Krallığı kuruldu — 1913/14 Osmanlı-İran sınırı Irak'a geçti
1921-08-23	Hânekîn	yerlesimler.js	GUN-KAPALI	merkez	BAGIMSIZ	GERCEK-BAGIMSIZ	yer_id/merkez yolu kökten bağımsız kapatıyor	1		Bağdat		1921-08-23 Irak Krallığı kuruldu — 1913/14 Osmanlı-İran sınırı Irak'a geçti
1921-08-23	Hît	yerlesimler.js	GUN-KAPALI	merkez	BAGIMSIZ	GERCEK-BAGIMSIZ	yer_id/merkez yolu kökten bağımsız kapatıyor	1		Bağdat		1921-08-23 Irak Krallığı kuruldu — 1913/14 Osmanlı-İran sınırı Irak'a geçti
1921-08-23	Kerbelâ	yerlesimler.js	GUN-KAPALI	merkez	BAGIMSIZ	GERCEK-BAGIMSIZ	yer_id/merkez yolu kökten bağımsız kapatıyor	1		Bağdat		1921-08-23 Irak Krallığı kuruldu — 1913/14 Osmanlı-İran sınırı Irak'a geçti
1921-08-23	Kûfe	yerlesimler.js	GUN-KAPALI	merkez	BAGIMSIZ	GERCEK-BAGIMSIZ	yer_id/merkez yolu kökten bağımsız kapatıyor	1		Bağdat		1921-08-23 Irak Krallığı kuruldu — 1913/14 Osmanlı-İran sınırı Irak'a geçti
1921-08-23	Kût el-Amâre	yerlesimler.js	GUN-KAPALI	merkez	BAGIMSIZ	GERCEK-BAGIMSIZ	yer_id/merkez yolu kökten bağımsız kapatıyor	1		Bağdat		1921-08-23 Irak Krallığı kuruldu — 1913/14 Osmanlı-İran sınırı Irak'a geçti
1921-08-23	Necef	yerlesimler.js	GUN-KAPALI	merkez	BAGIMSIZ	GERCEK-BAGIMSIZ	yer_id/merkez yolu kökten bağımsız kapatıyor	1		Bağdat		1921-08-23 Irak Krallığı kuruldu — 1913/14 Osmanlı-İran sınırı Irak'a geçti
1921-08-23	Ramâdi	yerlesimler.js	GUN-KAPALI	merkez	BAGIMSIZ	GERCEK-BAGIMSIZ	yer_id/merkez yolu kökten bağımsız kapatıyor	1		Bağdat		1921-08-23 Irak Krallığı kuruldu — 1913/14 Osmanlı-İran sınırı Irak'a geçti
1921-08-23	Sâmerrâ	yerlesimler.js	GUN-KAPALI	merkez	BAGIMSIZ	GERCEK-BAGIMSIZ	yer_id/merkez yolu kökten bağımsız kapatıyor	1		Bağdat		1921-08-23 Irak Krallığı kuruldu — 1913/14 Osmanlı-İran sınırı Irak'a geçti
1921-08-23	Tikrit	yerlesimler.js	GUN-KAPALI	merkez	BAGIMSIZ	GERCEK-BAGIMSIZ	yer_id/merkez yolu kökten bağımsız kapatıyor	1		Bağdat		1921-08-23 Irak Krallığı kuruldu — 1913/14 Osmanlı-İran sınırı Irak'a geçti
1921-08-23	Vâsıt	yerlesimler.js	GUN-KAPALI	merkez	BAGIMSIZ	GERCEK-BAGIMSIZ	yer_id/merkez yolu kökten bağımsız kapatıyor	1		Bağdat		1921-08-23 Irak Krallığı kuruldu — 1913/14 Osmanlı-İran sınırı Irak'a geçti
1921-08-23	Âne	yerlesimler.js	GUN-KAPALI	merkez	BAGIMSIZ	GERCEK-BAGIMSIZ	yer_id/merkez yolu kökten bağımsız kapatıyor	1		Bağdat		1921-08-23 Irak Krallığı kuruldu — 1913/14 Osmanlı-İran sınırı Irak'a geçti
1921-10-20	Mersin	yerlesimler_ek27.js	GUN-KAPALI	merkez	BAGIMSIZ	GERCEK-BAGIMSIZ	yer_id/merkez yolu kökten bağımsız kapatıyor	1		Adana		1921-10-20 Ankara İtilâfnâmesi: Fransa ile barış ve güney cephesinin kapanması
1922-03-15	Ahmîm	yerlesimler_afrika.js	GUN-KAPALI	merkez	BAGIMSIZ	GERCEK-BAGIMSIZ	yer_id/merkez yolu kökten bağımsız kapatıyor	1		Kahire		1922-03-15 Mısır Krallığı ilan edildi — Sultan Ahmed Fuâd kral unvanını aldı
1922-03-15	Asvan	yerlesimler.js	GUN-KAPALI	merkez	BAGIMSIZ	GERCEK-BAGIMSIZ	yer_id/merkez yolu kökten bağımsız kapatıyor	1		Kahire		1922-03-15 Mısır Krallığı ilan edildi — Sultan Ahmed Fuâd kral unvanını aldı
1922-03-15	Asyut	yerlesimler.js	GUN-KAPALI	merkez	BAGIMSIZ	GERCEK-BAGIMSIZ	yer_id/merkez yolu kökten bağımsız kapatıyor	1		Kahire		1922-03-15 Mısır Krallığı ilan edildi — Sultan Ahmed Fuâd kral unvanını aldı
1922-03-15	Atfîh	yerlesimler_afrika.js	GUN-KAPALI	merkez	BAGIMSIZ	GERCEK-BAGIMSIZ	yer_id/merkez yolu kökten bağımsız kapatıyor	1		Kahire		1922-03-15 Mısır Krallığı ilan edildi — Sultan Ahmed Fuâd kral unvanını aldı
1922-03-15	Bahriye (Bâvîtî)	yerlesimler_afrika.js	GUN-KAPALI	merkez	BAGIMSIZ	GERCEK-BAGIMSIZ	yer_id/merkez yolu kökten bağımsız kapatıyor	1		Kahire		1922-03-15 Mısır Krallığı ilan edildi — Sultan Ahmed Fuâd kral unvanını aldı
1922-03-15	Behnesâ	yerlesimler_afrika.js	GUN-KAPALI	merkez	BAGIMSIZ	GERCEK-BAGIMSIZ	yer_id/merkez yolu kökten bağımsız kapatıyor	1		Kahire		1922-03-15 Mısır Krallığı ilan edildi — Sultan Ahmed Fuâd kral unvanını aldı
1922-03-15	Benhâ (Kalyûbiye)	yerlesimler_afrika.js	GUN-KAPALI	merkez	BAGIMSIZ	GERCEK-BAGIMSIZ	yer_id/merkez yolu kökten bağımsız kapatıyor	1		Kahire		1922-03-15 Mısır Krallığı ilan edildi — Sultan Ahmed Fuâd kral unvanını aldı
1922-03-15	Benî Süveyf	yerlesimler_afrika.js	GUN-KAPALI	merkez	BAGIMSIZ	GERCEK-BAGIMSIZ	yer_id/merkez yolu kökten bağımsız kapatıyor	1		Kahire		1922-03-15 Mısır Krallığı ilan edildi — Sultan Ahmed Fuâd kral unvanını aldı
1922-03-15	Bilbîs (Şarkiye)	yerlesimler_afrika.js	GUN-KAPALI	merkez	BAGIMSIZ	GERCEK-BAGIMSIZ	yer_id/merkez yolu kökten bağımsız kapatıyor	1		Kahire		1922-03-15 Mısır Krallığı ilan edildi — Sultan Ahmed Fuâd kral unvanını aldı
1922-03-15	Bürüllüs (Baltîm)	yerlesimler_afrika.js	GUN-KAPALI	merkez	BAGIMSIZ	GERCEK-BAGIMSIZ	yer_id/merkez yolu kökten bağımsız kapatıyor	1		Kahire		1922-03-15 Mısır Krallığı ilan edildi — Sultan Ahmed Fuâd kral unvanını aldı
1922-03-15	Cirge (Girga)	yerlesimler_afrika.js	GUN-KAPALI	merkez	BAGIMSIZ	GERCEK-BAGIMSIZ	yer_id/merkez yolu kökten bağımsız kapatıyor	1		Kahire		1922-03-15 Mısır Krallığı ilan edildi — Sultan Ahmed Fuâd kral unvanını aldı
1922-03-15	Demenhûr (Damanhur)	yerlesimler_afrika.js	GUN-KAPALI	merkez	BAGIMSIZ	GERCEK-BAGIMSIZ	yer_id/merkez yolu kökten bağımsız kapatıyor	1		Kahire		1922-03-15 Mısır Krallığı ilan edildi — Sultan Ahmed Fuâd kral unvanını aldı
1922-03-15	Dessûk	yerlesimler_afrika.js	GUN-KAPALI	merkez	BAGIMSIZ	GERCEK-BAGIMSIZ	yer_id/merkez yolu kökten bağımsız kapatıyor	1		Kahire		1922-03-15 Mısır Krallığı ilan edildi — Sultan Ahmed Fuâd kral unvanını aldı
1922-03-15	Deyrût	yerlesimler_afrika.js	GUN-KAPALI	merkez	BAGIMSIZ	GERCEK-BAGIMSIZ	yer_id/merkez yolu kökten bağımsız kapatıyor	1		Kahire		1922-03-15 Mısır Krallığı ilan edildi — Sultan Ahmed Fuâd kral unvanını aldı
1922-03-15	Dimyat	yerlesimler.js	GUN-KAPALI	merkez	BAGIMSIZ	GERCEK-BAGIMSIZ	yer_id/merkez yolu kökten bağımsız kapatıyor	1		Kahire		1922-03-15 Mısır Krallığı ilan edildi — Sultan Ahmed Fuâd kral unvanını aldı
1922-03-15	Dâhile	yerlesimler_afrika.js	GUN-KAPALI	merkez	BAGIMSIZ	GERCEK-BAGIMSIZ	yer_id/merkez yolu kökten bağımsız kapatıyor	1		Kahire		1922-03-15 Mısır Krallığı ilan edildi — Sultan Ahmed Fuâd kral unvanını aldı
1922-03-15	Ebû Ramâd (Şalâtîn)	yerlesimler_afrika.js	GUN-KAPALI	merkez	BAGIMSIZ	GERCEK-BAGIMSIZ	yer_id/merkez yolu kökten bağımsız kapatıyor	1		Kahire		1922-03-15 Mısır Krallığı ilan edildi — Sultan Ahmed Fuâd kral unvanını aldı
1922-03-15	Ebûkîr	yerlesimler_afrika.js	GUN-KAPALI	merkez	BAGIMSIZ	GERCEK-BAGIMSIZ	yer_id/merkez yolu kökten bağımsız kapatıyor	1		Kahire		1922-03-15 Mısır Krallığı ilan edildi — Sultan Ahmed Fuâd kral unvanını aldı
1922-03-15	Edfû	yerlesimler_afrika.js	GUN-KAPALI	merkez	BAGIMSIZ	GERCEK-BAGIMSIZ	yer_id/merkez yolu kökten bağımsız kapatıyor	1		Kahire		1922-03-15 Mısır Krallığı ilan edildi — Sultan Ahmed Fuâd kral unvanını aldı
1922-03-15	El-Arîş	yerlesimler_afrika.js	GUN-KAPALI	merkez	BAGIMSIZ	GERCEK-BAGIMSIZ	yer_id/merkez yolu kökten bağımsız kapatıyor	1		Kahire		1922-03-15 Mısır Krallığı ilan edildi — Sultan Ahmed Fuâd kral unvanını aldı
1922-03-15	Esna	yerlesimler_afrika.js	GUN-KAPALI	merkez	BAGIMSIZ	GERCEK-BAGIMSIZ	yer_id/merkez yolu kökten bağımsız kapatıyor	1		Kahire		1922-03-15 Mısır Krallığı ilan edildi — Sultan Ahmed Fuâd kral unvanını aldı
1922-03-15	Ferâfire	yerlesimler_afrika.js	GUN-KAPALI	merkez	BAGIMSIZ	GERCEK-BAGIMSIZ	yer_id/merkez yolu kökten bağımsız kapatıyor	1		Kahire		1922-03-15 Mısır Krallığı ilan edildi — Sultan Ahmed Fuâd kral unvanını aldı
1922-03-15	Ferşût	yerlesimler_afrika.js	GUN-KAPALI	merkez	BAGIMSIZ	GERCEK-BAGIMSIZ	yer_id/merkez yolu kökten bağımsız kapatıyor	1		Kahire		1922-03-15 Mısır Krallığı ilan edildi — Sultan Ahmed Fuâd kral unvanını aldı
1922-03-15	Feyyûm	yerlesimler_afrika.js	GUN-KAPALI	merkez	BAGIMSIZ	GERCEK-BAGIMSIZ	yer_id/merkez yolu kökten bağımsız kapatıyor	1		Kahire		1922-03-15 Mısır Krallığı ilan edildi — Sultan Ahmed Fuâd kral unvanını aldı
1922-03-15	Fâkûs	yerlesimler_afrika.js	GUN-KAPALI	merkez	BAGIMSIZ	GERCEK-BAGIMSIZ	yer_id/merkez yolu kökten bağımsız kapatıyor	1		Kahire		1922-03-15 Mısır Krallığı ilan edildi — Sultan Ahmed Fuâd kral unvanını aldı
1922-03-15	Hârice (Vâhât)	yerlesimler_afrika.js	GUN-KAPALI	merkez	BAGIMSIZ	GERCEK-BAGIMSIZ	yer_id/merkez yolu kökten bağımsız kapatıyor	1		Kahire		1922-03-15 Mısır Krallığı ilan edildi — Sultan Ahmed Fuâd kral unvanını aldı
1922-03-15	Kafrüşşeyh	yerlesimler_afrika.js	GUN-KAPALI	merkez	BAGIMSIZ	GERCEK-BAGIMSIZ	yer_id/merkez yolu kökten bağımsız kapatıyor	1		Kahire		1922-03-15 Mısır Krallığı ilan edildi — Sultan Ahmed Fuâd kral unvanını aldı
1922-03-15	Kahire	yerlesimler.js	GUN-KAPALI	yer_id	BAGIMSIZ	GERCEK-BAGIMSIZ	yer_id/merkez yolu kökten bağımsız kapatıyor	1				1922-03-15 Mısır Krallığı ilan edildi — Sultan Ahmed Fuâd kral unvanını aldı
1922-03-15	Katye	yerlesimler_afrika.js	GUN-KAPALI	merkez	BAGIMSIZ	GERCEK-BAGIMSIZ	yer_id/merkez yolu kökten bağımsız kapatıyor	1		Kahire		1922-03-15 Mısır Krallığı ilan edildi — Sultan Ahmed Fuâd kral unvanını aldı
1922-03-15	Kusayr	yerlesimler_afrika.js	GUN-KAPALI	merkez	BAGIMSIZ	GERCEK-BAGIMSIZ	yer_id/merkez yolu kökten bağımsız kapatıyor	1		Kahire		1922-03-15 Mısır Krallığı ilan edildi — Sultan Ahmed Fuâd kral unvanını aldı
1922-03-15	Kûm Ombo	yerlesimler_afrika.js	GUN-KAPALI	merkez	BAGIMSIZ	GERCEK-BAGIMSIZ	yer_id/merkez yolu kökten bağımsız kapatıyor	1		Kahire		1922-03-15 Mısır Krallığı ilan edildi — Sultan Ahmed Fuâd kral unvanını aldı
1922-03-15	Kûs	yerlesimler_afrika.js	GUN-KAPALI	merkez	BAGIMSIZ	GERCEK-BAGIMSIZ	yer_id/merkez yolu kökten bağımsız kapatıyor	1		Kahire		1922-03-15 Mısır Krallığı ilan edildi — Sultan Ahmed Fuâd kral unvanını aldı
1922-03-15	Kına	yerlesimler_afrika.js	GUN-KAPALI	merkez	BAGIMSIZ	GERCEK-BAGIMSIZ	yer_id/merkez yolu kökten bağımsız kapatıyor	1		Kahire		1922-03-15 Mısır Krallığı ilan edildi — Sultan Ahmed Fuâd kral unvanını aldı
1922-03-15	Mahalletülkübrâ	yerlesimler_afrika.js	GUN-KAPALI	merkez	BAGIMSIZ	GERCEK-BAGIMSIZ	yer_id/merkez yolu kökten bağımsız kapatıyor	1		Kahire		1922-03-15 Mısır Krallığı ilan edildi — Sultan Ahmed Fuâd kral unvanını aldı
1922-03-15	Mansûre	yerlesimler_afrika.js	GUN-KAPALI	merkez	BAGIMSIZ	GERCEK-BAGIMSIZ	yer_id/merkez yolu kökten bağımsız kapatıyor	1		Kahire		1922-03-15 Mısır Krallığı ilan edildi — Sultan Ahmed Fuâd kral unvanını aldı
1922-03-15	Mellevî	yerlesimler_afrika.js	GUN-KAPALI	merkez	BAGIMSIZ	GERCEK-BAGIMSIZ	yer_id/merkez yolu kökten bağımsız kapatıyor	1		Kahire		1922-03-15 Mısır Krallığı ilan edildi — Sultan Ahmed Fuâd kral unvanını aldı
1922-03-15	Menzile	yerlesimler_afrika.js	GUN-KAPALI	merkez	BAGIMSIZ	GERCEK-BAGIMSIZ	yer_id/merkez yolu kökten bağımsız kapatıyor	1		Kahire		1922-03-15 Mısır Krallığı ilan edildi — Sultan Ahmed Fuâd kral unvanını aldı
1922-03-15	Mersâ Matruh	yerlesimler_afrika.js	GUN-KAPALI	merkez	BAGIMSIZ	GERCEK-BAGIMSIZ	yer_id/merkez yolu kökten bağımsız kapatıyor	1		Kahire		1922-03-15 Mısır Krallığı ilan edildi — Sultan Ahmed Fuâd kral unvanını aldı
1922-03-15	Minye	yerlesimler_afrika.js	GUN-KAPALI	merkez	BAGIMSIZ	GERCEK-BAGIMSIZ	yer_id/merkez yolu kökten bağımsız kapatıyor	1		Kahire		1922-03-15 Mısır Krallığı ilan edildi — Sultan Ahmed Fuâd kral unvanını aldı
1922-03-15	Mît Gamr	yerlesimler_afrika.js	GUN-KAPALI	merkez	BAGIMSIZ	GERCEK-BAGIMSIZ	yer_id/merkez yolu kökten bağımsız kapatıyor	1		Kahire		1922-03-15 Mısır Krallığı ilan edildi — Sultan Ahmed Fuâd kral unvanını aldı
1922-03-15	Portsaid	yerlesimler_afrika.js	GUN-KAPALI	merkez	BAGIMSIZ	GERCEK-BAGIMSIZ	yer_id/merkez yolu kökten bağımsız kapatıyor	1		Kahire		1922-03-15 Mısır Krallığı ilan edildi — Sultan Ahmed Fuâd kral unvanını aldı
1922-03-15	Reşîd (Rosetta)	yerlesimler.js	GUN-KAPALI	merkez	BAGIMSIZ	GERCEK-BAGIMSIZ	yer_id/merkez yolu kökten bağımsız kapatıyor	1		Kahire		1922-03-15 Mısır Krallığı ilan edildi — Sultan Ahmed Fuâd kral unvanını aldı
1922-03-15	Sefâce	yerlesimler_afrika.js	GUN-KAPALI	merkez	BAGIMSIZ	GERCEK-BAGIMSIZ	yer_id/merkez yolu kökten bağımsız kapatıyor	1		Kahire		1922-03-15 Mısır Krallığı ilan edildi — Sultan Ahmed Fuâd kral unvanını aldı
1922-03-15	Sellûm	yerlesimler_afrika.js	GUN-KAPALI	merkez	BAGIMSIZ	GERCEK-BAGIMSIZ	yer_id/merkez yolu kökten bağımsız kapatıyor	1		Kahire		1922-03-15 Mısır Krallığı ilan edildi — Sultan Ahmed Fuâd kral unvanını aldı
1922-03-15	Sina güneyi	yerlesimler.js	GUN-KAPALI	merkez	BAGIMSIZ	GERCEK-BAGIMSIZ	yer_id/merkez yolu kökten bağımsız kapatıyor	1		Kahire		1922-03-15 Mısır Krallığı ilan edildi — Sultan Ahmed Fuâd kral unvanını aldı
1922-03-15	Sâlihiyye	yerlesimler_afrika.js	GUN-KAPALI	merkez	BAGIMSIZ	GERCEK-BAGIMSIZ	yer_id/merkez yolu kökten bağımsız kapatıyor	1		Kahire		1922-03-15 Mısır Krallığı ilan edildi — Sultan Ahmed Fuâd kral unvanını aldı
1922-03-15	Sîva (Siwa)	yerlesimler_p0043libya.js	GUN-KAPALI	merkez	BAGIMSIZ	GERCEK-BAGIMSIZ	yer_id/merkez yolu kökten bağımsız kapatıyor	1		Kahire		1922-03-15 Mısır Krallığı ilan edildi — Sultan Ahmed Fuâd kral unvanını aldı
1922-03-15	Süveyş	yerlesimler.js	GUN-KAPALI	merkez	BAGIMSIZ	GERCEK-BAGIMSIZ	yer_id/merkez yolu kökten bağımsız kapatıyor	1		Kahire		1922-03-15 Mısır Krallığı ilan edildi — Sultan Ahmed Fuâd kral unvanını aldı
1922-03-15	Tahtâ	yerlesimler_afrika.js	GUN-KAPALI	merkez	BAGIMSIZ	GERCEK-BAGIMSIZ	yer_id/merkez yolu kökten bağımsız kapatıyor	1		Kahire		1922-03-15 Mısır Krallığı ilan edildi — Sultan Ahmed Fuâd kral unvanını aldı
1922-03-15	Tanta	yerlesimler_afrika.js	GUN-KAPALI	merkez	BAGIMSIZ	GERCEK-BAGIMSIZ	yer_id/merkez yolu kökten bağımsız kapatıyor	1		Kahire		1922-03-15 Mısır Krallığı ilan edildi — Sultan Ahmed Fuâd kral unvanını aldı
1922-03-15	Tûr (Sînâ)	yerlesimler_afrika.js	GUN-KAPALI	merkez	BAGIMSIZ	GERCEK-BAGIMSIZ	yer_id/merkez yolu kökten bağımsız kapatıyor	1		Kahire		1922-03-15 Mısır Krallığı ilan edildi — Sultan Ahmed Fuâd kral unvanını aldı
1922-03-15	Uksur (Luksor)	yerlesimler_afrika.js	GUN-KAPALI	merkez	BAGIMSIZ	GERCEK-BAGIMSIZ	yer_id/merkez yolu kökten bağımsız kapatıyor	1		Kahire		1922-03-15 Mısır Krallığı ilan edildi — Sultan Ahmed Fuâd kral unvanını aldı
1922-03-15	Vâdî Halfâ	yerlesimler_afrika.js	GUN-KAPALI	merkez	BAGIMSIZ	GERCEK-BAGIMSIZ	yer_id/merkez yolu kökten bağımsız kapatıyor	1		Kahire		1922-03-15 Mısır Krallığı ilan edildi — Sultan Ahmed Fuâd kral unvanını aldı
1922-03-15	İbrim	yerlesimler.js	GUN-KAPALI	merkez	BAGIMSIZ	GERCEK-BAGIMSIZ	yer_id/merkez yolu kökten bağımsız kapatıyor	1		Kahire		1922-03-15 Mısır Krallığı ilan edildi — Sultan Ahmed Fuâd kral unvanını aldı
1922-03-15	İskenderiye	yerlesimler.js	GUN-KAPALI	kok	BUYUK-HARF	OKUNMADI	büyük harfli özel ad eşleşmesi — tek tek okunmadı	1	yer	Iskenderiye	n Ahmed Fuad kral unvanini aldi Kahire, Iskenderiye Ingiltere 18 Aralik 1914'te Osmanli Dev	1922-03-15 Mısır Krallığı ilan edildi — Sultan Ahmed Fuâd kral unvanını aldı
1922-03-15	İsmâiliye	yerlesimler_afrika.js	GUN-KAPALI	merkez	BAGIMSIZ	GERCEK-BAGIMSIZ	yer_id/merkez yolu kökten bağımsız kapatıyor	1		Kahire		1922-03-15 Mısır Krallığı ilan edildi — Sultan Ahmed Fuâd kral unvanını aldı
1922-03-15	Şibînülkûm (Menûfiye)	yerlesimler_afrika.js	GUN-KAPALI	merkez	BAGIMSIZ	GERCEK-BAGIMSIZ	yer_id/merkez yolu kökten bağımsız kapatıyor	1		Kahire		1922-03-15 Mısır Krallığı ilan edildi — Sultan Ahmed Fuâd kral unvanını aldı
1922-12-06	Dublin	yerlesimler.js	GUN-KAPALI	yer_id	BAGIMSIZ	GERCEK-BAGIMSIZ	yer_id/merkez yolu kökten bağımsız kapatıyor	1				1922-12-06 İrlanda Serbest Devleti kuruldu — Kuzey İrlanda ile sınır uluslararası
1923-02-16	Klaipėda (Memel)	yerlesimler_ek7.js	GUN-KAPALI	yer_id	BAGIMSIZ	GERCEK-BAGIMSIZ	yer_id/merkez yolu kökten bağımsız kapatıyor	1				1923-02-16 Büyükelçiler Konferansı Memel bölgesini Litvanya'ya bıraktı
1923-07-24	Semadirek	yerlesimler.js	GUN-MASKELI	merkez	BAGIMSIZ	GERCEK-BAGIMSIZ	yer_id/merkez yolu kökten bağımsız kapatıyor	0		Edirne		1923-07-24 Lozan Antlaşması — Türk-Yunan sınırı Meriç ve Karaağaç dirseğiyle beli
