dosya	sira	t	b	taraflar	taraf_pencere	kunye_alani	atif_0929	sinif_0929	atif_0929_pencere	aday_kunye	pencere	sinif	E_aile_pencerede
KRONOLOJI_CIN	0	1281-06-23	İkinci Japonya seferi tayfunla dağıldı ("kamikaze")	yuan-hanedani	yuan-hanedani✓		yuan-hanedani	ZINCIR	yuan-hanedani✓	yuan-hanedani	✓	A-TARAF-PENCEREDE	
KRONOLOJI_CIN	1	1287-01-01	Pagan Krallığı'na (Birmanya) Yuan seferi	yuan-hanedani	yuan-hanedani✓		yuan-hanedani	ZINCIR	yuan-hanedani✓	yuan-hanedani	✓	A-TARAF-PENCEREDE	
KRONOLOJI_CIN	2	1281-01-01	Guo Shoujing'in Shoushi takvimi kabul edildi	yuan-hanedani	yuan-hanedani✓		yuan-hanedani	ZINCIR	yuan-hanedani✓	yuan-hanedani	✓	A-TARAF-PENCEREDE	
KRONOLOJI_CIN	3	1291-01-01	Marco Polo, İlhanlı prensesini götürmek üzere Çin'den ayrıldı	yuan-hanedani	yuan-hanedani✓		yuan-hanedani	ZINCIR	yuan-hanedani✓	yuan-hanedani	✓	A-TARAF-PENCEREDE	
KRONOLOJI_CIN	4	1294-02-18	Kubilay Han öldü	yuan-hanedani	yuan-hanedani✓		yuan-hanedani	ZINCIR	yuan-hanedani✓	yuan-hanedani	✓	A-TARAF-PENCEREDE	
KRONOLOJI_CIN	5	1294-01-01	Montecorvinolu Giovanni Pekin'e ulaştı — ilk Katolik misyonu	yuan-hanedani	yuan-hanedani✓		yuan-hanedani	ZINCIR	yuan-hanedani✓	yuan-hanedani	✓	A-TARAF-PENCEREDE	
KRONOLOJI_CIN	6	1313-01-01	Konfüçyüsçü sınav sistemi (keju) yeniden ilan edildi	yuan-hanedani	yuan-hanedani✓		yuan-hanedani	ZINCIR	yuan-hanedani✓	yuan-hanedani	✓	A-TARAF-PENCEREDE	
KRONOLOJI_CIN	7	1313-01-01	Wang Zhen'in Nong Shu (Tarım Kitabı) tamamlandı	yuan-hanedani	yuan-hanedani✓		yuan-hanedani	ZINCIR	yuan-hanedani✓	yuan-hanedani	✓	A-TARAF-PENCEREDE	
KRONOLOJI_CIN	8	1351-05-01	Kızıl Sarıklılar isyanı başladı	yuan-hanedani	yuan-hanedani✓		yuan-hanedani	ZINCIR	yuan-hanedani✓	yuan-hanedani	✓	A-TARAF-PENCEREDE	
KRONOLOJI_CIN	9	1351-01-01	Sarı Nehir'in Jia Lu'ya yönlendirilmesi				yuan-hanedani	ZINCIR	yuan-hanedani✓	yuan-hanedani	✓	B-TARAFSIZ-0929-ATIF-PENCEREDE	
KRONOLOJI_CIN	10	1356-04-10	Zhu Yuanzhang Nanjing'i ele geçirdi	yuan-hanedani	yuan-hanedani✓		yuan-hanedani	ZINCIR	yuan-hanedani✓	yuan-hanedani	✓	A-TARAF-PENCEREDE	
KRONOLOJI_CIN	11	1368-01-23	Zhu Yuanzhang, Hongwu unvanıyla imparator ilan edildi	yuan-hanedani,ming-hanedani	yuan-hanedani✓,ming-hanedani✓			BELIRSIZ		yuan-hanedani,ming-hanedani	✓	A-TARAF-PENCEREDE	
KRONOLOJI_CIN	12	1368-09-14	Ming orduları Pekin'i aldı, Yuan sarayı kuzeye çekildi	ming-hanedani	ming-hanedani✓		ming-hanedani	ZINCIR	ming-hanedani✓	ming-hanedani	✓	A-TARAF-PENCEREDE	
KRONOLOJI_CIN	13	1370-01-01	İmparatorluk sınav sistemi Ming altında yeniden düzenlendi	ming-hanedani	ming-hanedani✓		ming-hanedani	ZINCIR	ming-hanedani✓	ming-hanedani	✓	A-TARAF-PENCEREDE	
KRONOLOJI_CIN	14	1380-01-01	Hu Weiyong davası — başbakanlık makamı kaldırıldı	ming-hanedani	ming-hanedani✓		ming-hanedani	ZINCIR	ming-hanedani✓	ming-hanedani	✓	A-TARAF-PENCEREDE	
KRONOLOJI_CIN	15	1381-01-01	Sarı Kayıtlar ve Lijia hane sistemi kuruldu	ming-hanedani	ming-hanedani✓		ming-hanedani	ZINCIR	ming-hanedani✓	ming-hanedani	✓	A-TARAF-PENCEREDE	
KRONOLOJI_CIN	16	1392-07-17	Goryeo çöktü, Joseon Kore kuruldu — Ming'e tâbi	ming-hanedani	ming-hanedani✓		ming-hanedani	ZINCIR	ming-hanedani✓	ming-hanedani	✓	A-TARAF-PENCEREDE	
KRONOLOJI_CIN	17	1398-06-24	Hongwu İmparatoru öldü	ming-hanedani	ming-hanedani✓		ming-hanedani	ZINCIR	ming-hanedani✓	ming-hanedani	✓	A-TARAF-PENCEREDE	
KRONOLOJI_CIN	18	1402-07-13	Jingnan seferi bitti — Yongle tahta çıktı	ming-hanedani	ming-hanedani✓		ming-hanedani	ZINCIR	ming-hanedani✓	ming-hanedani	✓	A-TARAF-PENCEREDE	
KRONOLOJI_CIN	19	1403-01-01	Yongle Ansiklopedisi'nin derlenmesi başladı	ming-hanedani	ming-hanedani✓		ming-hanedani	ZINCIR	ming-hanedani✓	ming-hanedani	✓	A-TARAF-PENCEREDE	
KRONOLOJI_CIN	20	1406-01-01	Ming, Đại Ngu'yu (Vietnam) işgal etti	ming-hanedani	ming-hanedani✓		ming-hanedani	ZINCIR	ming-hanedani✓	ming-hanedani	✓	A-TARAF-PENCEREDE	
KRONOLOJI_CIN	21	1405-07-11	Zheng He'nin ilk deniz seferi başladı	ming-hanedani	ming-hanedani✓		ming-hanedani	ZINCIR	ming-hanedani✓	ming-hanedani	✓	A-TARAF-PENCEREDE	
KRONOLOJI_CIN	22	1414-01-01	Zheng He'nin dördüncü seferi Hürmüz ve Doğu Afrika'ya ulaştı	ming-hanedani	ming-hanedani✓		ming-hanedani	ZINCIR	ming-hanedani✓	ming-hanedani	✓	A-TARAF-PENCEREDE	
KRONOLOJI_CIN	23	1410-01-01	Yongle'nin Moğollara karşı ilk şahsi seferi	ming-hanedani	ming-hanedani✓		ming-hanedani	ZINCIR	ming-hanedani✓	ming-hanedani	✓	A-TARAF-PENCEREDE	
KRONOLOJI_CIN	24	1420-01-01	Yasak Şehir tamamlandı, başkent Pekin'e taşındı	ming-hanedani	ming-hanedani✓		ming-hanedani	ZINCIR	ming-hanedani✓	ming-hanedani	✓	A-TARAF-PENCEREDE	
KRONOLOJI_CIN	25	1424-08-12	Yongle, Moğol seferinde döneşte öldü	ming-hanedani	ming-hanedani✓		ming-hanedani	ZINCIR	ming-hanedani✓	ming-hanedani	✓	A-TARAF-PENCEREDE	
KRONOLOJI_CIN	26	1427-01-01	Ming, Vietnam'dan çekildi — Lê hanedanı kuruldu	ming-hanedani	ming-hanedani✓		ming-hanedani	ZINCIR	ming-hanedani✓	ming-hanedani	✓	A-TARAF-PENCEREDE	
KRONOLOJI_CIN	27	1449-09-01	Tumu Krizi — Oyratlar Ming imparatorunu esir aldı	ming-hanedani	ming-hanedani✓		ming-hanedani	ZINCIR	ming-hanedani✓	ming-hanedani	✓	A-TARAF-PENCEREDE	
KRONOLOJI_CIN	28	1457-02-11	Tianshun restorasyonu — Zhengtong tahta geri döndü	ming-hanedani	ming-hanedani✓		ming-hanedani	ZINCIR	ming-hanedani✓	ming-hanedani	✓	A-TARAF-PENCEREDE	
KRONOLOJI_CIN	29	1472-01-01	Wang Yangming doğdu	ming-hanedani	ming-hanedani✓		ming-hanedani	ZINCIR	ming-hanedani✓	ming-hanedani	✓	A-TARAF-PENCEREDE	
KRONOLOJI_CIN	30	1494-01-01	Liu Daxia'nın Sarı Nehir ıslah projesi	ming-hanedani	ming-hanedani✓		ming-hanedani	ZINCIR	ming-hanedani✓	ming-hanedani	✓	A-TARAF-PENCEREDE	
KRONOLOJI_CIN	31	1517-01-01	Portekizliler ilk kez Kanton'a ulaştı	ming-hanedani	ming-hanedani✓		ming-hanedani	ZINCIR	ming-hanedani✓	ming-hanedani	✓	A-TARAF-PENCEREDE	
KRONOLOJI_CIN	32	1521-09-07	Tunmen Muharebesi — Ming donanması Portekizlileri yendi	ming-hanedani	ming-hanedani✓		ming-hanedani	ZINCIR	ming-hanedani✓	ming-hanedani	✓	A-TARAF-PENCEREDE	
KRONOLOJI_CIN	33	1521-04-19	Jiajing İmparatoru tahta çıktı	ming-hanedani	ming-hanedani✓		ming-hanedani	ZINCIR	ming-hanedani✓	ming-hanedani	✓	A-TARAF-PENCEREDE	
KRONOLOJI_CIN	34	1529-01-09	Wang Yangming öldü	ming-hanedani	ming-hanedani✓		ming-hanedani	ZINCIR	ming-hanedani✓	ming-hanedani	✓	A-TARAF-PENCEREDE	
KRONOLOJI_CIN	35	1550-08-01	Altan Han'ın Moğolları Pekin'i kuşattı	ming-hanedani	ming-hanedani✓		ming-hanedani	ZINCIR	ming-hanedani✓	ming-hanedani	✓	A-TARAF-PENCEREDE	
KRONOLOJI_CIN	36	1557-01-01	Portekizliler Makao'da yerleşim hakkı aldı	ming-hanedani	ming-hanedani✓		ming-hanedani	ZINCIR	ming-hanedani✓	ming-hanedani	✓	A-TARAF-PENCEREDE	
KRONOLOJI_CIN	37	1561-01-01	Qi Jiguang'ın Wokou korsanlarına karşı seferleri	ming-hanedani	ming-hanedani✓		ming-hanedani	ZINCIR	ming-hanedani✓	ming-hanedani	✓	A-TARAF-PENCEREDE	
KRONOLOJI_CIN	38	1567-01-01	Longqing kaihai — deniz ticareti kısmen serbest bırakıldı	ming-hanedani	ming-hanedani✓		ming-hanedani	ZINCIR	ming-hanedani✓	ming-hanedani	✓	A-TARAF-PENCEREDE	
KRONOLOJI_CIN	39	1571-01-01	Manila galyon ticareti başladı — Amerika gümüşü Çin'e aktı	ming-hanedani	ming-hanedani✓		ming-hanedani	ZINCIR	ming-hanedani✓	ming-hanedani	✓	A-TARAF-PENCEREDE	
KRONOLOJI_CIN	40	1572-07-05	Wanli İmparatoru tahta çıktı, Zhang Juzheng reformları başladı	ming-hanedani	ming-hanedani✓		ming-hanedani	ZINCIR	ming-hanedani✓	ming-hanedani	✓	A-TARAF-PENCEREDE	
KRONOLOJI_CIN	41	1581-01-01	Tek Kırbaç (Single Whip) vergi reformu genelleştirildi	ming-hanedani	ming-hanedani✓		ming-hanedani	ZINCIR	ming-hanedani✓	ming-hanedani	✓	A-TARAF-PENCEREDE	
KRONOLOJI_CIN	42	1583-09-10	Matteo Ricci Zhaoqing'e yerleşti	ming-hanedani	ming-hanedani✓		ming-hanedani	ZINCIR	ming-hanedani✓	ming-hanedani	✓	A-TARAF-PENCEREDE	
KRONOLOJI_CIN	43	1592-01-01	Wu Cheng'en'in Batı'ya Seyahat'i (Xiyou Ji) yaygınlaştı	ming-hanedani	ming-hanedani✓		ming-hanedani	ZINCIR	ming-hanedani✓	ming-hanedani	✓	A-TARAF-PENCEREDE	
KRONOLOJI_CIN	44	1592-05-23	Japonya'nın Kore'yi işgali — Ming müdahale etti	ming-hanedani	ming-hanedani✓		ming-hanedani	ZINCIR	ming-hanedani✓	ming-hanedani	✓	A-TARAF-PENCEREDE	
KRONOLOJI_CIN	45	1596-01-01	Li Shizhen'in Bencao Gangmu'su yayımlandı	ming-hanedani	ming-hanedani✓		ming-hanedani	ZINCIR	ming-hanedani✓	ming-hanedani	✓	A-TARAF-PENCEREDE	
KRONOLOJI_CIN	46	1601-01-24	Matteo Ricci Pekin'e ulaştı, Wanli'ye hediyeler sundu	ming-hanedani	ming-hanedani✓		ming-hanedani	ZINCIR	ming-hanedani✓	ming-hanedani	✓	A-TARAF-PENCEREDE	
KRONOLOJI_CIN	47	1602-01-01	Ricci'nin dünya haritası (Kunyu Wanguo Quantu) basıldı	ming-hanedani	ming-hanedani✓		ming-hanedani	ZINCIR	ming-hanedani✓	ming-hanedani	✓	A-TARAF-PENCEREDE	
KRONOLOJI_CIN	48	1607-01-01	Öklid'in Elementler'i Çinceye çevrildi	ming-hanedani	ming-hanedani✓		ming-hanedani	ZINCIR	ming-hanedani✓	ming-hanedani	✓	A-TARAF-PENCEREDE	
KRONOLOJI_CIN	49	1616-05-15	Nurhaci "Sonraki Jin"i (Qing'in öncülü) ilan etti	ming-hanedani	ming-hanedani✓		ming-hanedani	ZINCIR	ming-hanedani✓	ming-hanedani	✓	A-TARAF-PENCEREDE	
KRONOLOJI_CIN	50	1619-04-14	Sarhu Muharebesi — Ming, Nurhaci karşısında ağır yenilgi aldı	ming-hanedani	ming-hanedani✓		ming-hanedani	ZINCIR	ming-hanedani✓	ming-hanedani	✓	A-TARAF-PENCEREDE	
KRONOLOJI_CIN	51	1630-01-01	Adam Schall von Bell Pekin'de Ming takvim reformuna katıldı	ming-hanedani	ming-hanedani✓		ming-hanedani	ZINCIR	ming-hanedani✓	ming-hanedani	✓	A-TARAF-PENCEREDE	
KRONOLOJI_CIN	52	1636-05-15	Hong Taiji hanedan adını "Qing" ilan etti					BELIRSIZ			✗	E-ATIFSIZ	ming-hanedani,qing-hanedani
KRONOLOJI_CIN	53	1642-09-01	Kaifeng sedleri bilerek yıkıldı — Sarı Nehir felaketi	ming-hanedani	ming-hanedani✓			BELIRSIZ		ming-hanedani	✓	A-TARAF-PENCEREDE	
KRONOLOJI_CIN	54	1644-04-25	Li Zicheng Pekin'i aldı, son Ming imparatoru intihar etti				qing-hanedani	ZINCIR	qing-hanedani✓	qing-hanedani	✓	B-TARAFSIZ-0929-ATIF-PENCEREDE	
KRONOLOJI_CIN	55	1644-06-06	Qing orduları Pekin'i aldı, Dorgon nâip oldu				qing-hanedani	ZINCIR	qing-hanedani✓	qing-hanedani	✓	B-TARAFSIZ-0929-ATIF-PENCEREDE	
KRONOLOJI_CIN	56	1645-07-21	Saç örgüsü (queue) fermanı yayımlandı	qing-hanedani	qing-hanedani✓		qing-hanedani	ZINCIR	qing-hanedani✓	qing-hanedani	✓	A-TARAF-PENCEREDE	
KRONOLOJI_CIN	57	1645-06-08	Nanjing düştü — Güney Ming direnişi güneye çekildi	qing-hanedani	qing-hanedani✓		qing-hanedani	ZINCIR	qing-hanedani✓	qing-hanedani	✓	A-TARAF-PENCEREDE	
KRONOLOJI_CIN	58	1661-02-05	Kangxi İmparatoru tahta çıktı	qing-hanedani	qing-hanedani✓		qing-hanedani	ZINCIR	qing-hanedani✓	qing-hanedani	✓	A-TARAF-PENCEREDE	
KRONOLOJI_CIN	59	1662-01-01	Yongli yakalanıp idam edildi — Güney Ming direnişi bitti				qing-hanedani	ZINCIR	qing-hanedani✓	qing-hanedani	✓	B-TARAFSIZ-0929-ATIF-PENCEREDE	
KRONOLOJI_CIN	60	1662-02-01	Koxinga Tayvan'ı Hollandalılardan aldı	qing-hanedani	qing-hanedani✓		qing-hanedani	ZINCIR	qing-hanedani✓	qing-hanedani	✓	A-TARAF-PENCEREDE	
KRONOLOJI_CIN	61	1673-12-01	Üç Senyörlük İsyanı (San Fan) başladı	qing-hanedani	qing-hanedani✓		qing-hanedani	ZINCIR	qing-hanedani✓	qing-hanedani	✓	A-TARAF-PENCEREDE	
KRONOLOJI_CIN	62	1683-08-01	Qing, Tayvan'ı fethetti — Zheng hanedanı teslim oldu	qing-hanedani	qing-hanedani✓		qing-hanedani	ZINCIR	qing-hanedani✓	qing-hanedani	✓	A-TARAF-PENCEREDE	
KRONOLOJI_CIN	63	1685-01-01	Dört gümrük limanı açıldı (Kanton · Xiamen · Ningbo · Şanghay)	qing-hanedani	qing-hanedani✓		qing-hanedani	ZINCIR	qing-hanedani✓	qing-hanedani	✓	A-TARAF-PENCEREDE	
KRONOLOJI_CIN	64	1689-09-07	Nerçinsk Antlaşması — Rusya ile sınır çizildi	qing-hanedani	qing-hanedani✓		qing-hanedani	ZINCIR	qing-hanedani✓	qing-hanedani	✓	A-TARAF-PENCEREDE	
KRONOLOJI_CIN	65	1690-09-03	Ulan Butung Muharebesi — Galdan'a karşı ilk büyük zafer	qing-hanedani	qing-hanedani✓		qing-hanedani	ZINCIR	qing-hanedani✓	qing-hanedani	✓	A-TARAF-PENCEREDE	
KRONOLOJI_CIN	66	1691-05-30	Halha Moğolları Dolonnor'da Qing'e tâbi oldu	qing-hanedani	qing-hanedani✓		qing-hanedani	ZINCIR	qing-hanedani✓	qing-hanedani	✓	A-TARAF-PENCEREDE	
KRONOLOJI_CIN	67	1700-01-01	Çin Ayinleri Tartışması (Rites Controversy) doruğa çıktı	qing-hanedani	qing-hanedani✓		qing-hanedani	ZINCIR	qing-hanedani✓	qing-hanedani	✓	A-TARAF-PENCEREDE	
KRONOLOJI_CIN	68	1708-01-01	Kangxi Atlası için Cizvit haritalama seferi başladı	qing-hanedani	qing-hanedani✓		qing-hanedani	ZINCIR	qing-hanedani✓	qing-hanedani	✓	A-TARAF-PENCEREDE	
KRONOLOJI_CIN	69	1711-01-01	Kangxi toprak vergisi nüfusunu dondurdu	qing-hanedani	qing-hanedani✓		qing-hanedani	ZINCIR	qing-hanedani✓	qing-hanedani	✓	A-TARAF-PENCEREDE	
KRONOLOJI_CIN	70	1716-01-01	Kangxi Sözlüğü yayımlandı	qing-hanedani	qing-hanedani✓		qing-hanedani	ZINCIR	qing-hanedani✓	qing-hanedani	✓	A-TARAF-PENCEREDE	
KRONOLOJI_CIN	71	1720-09-01	Qing kuvvetleri Lhasa'ya girdi — Tibet himayeye alındı	qing-hanedani	qing-hanedani✓		qing-hanedani	ZINCIR	qing-hanedani✓	qing-hanedani	✓	A-TARAF-PENCEREDE	
KRONOLOJI_CIN	72	1722-12-20	Kangxi öldü, Yongzheng tahta çıktı	qing-hanedani	qing-hanedani✓		qing-hanedani	ZINCIR	qing-hanedani✓	qing-hanedani	✓	A-TARAF-PENCEREDE	
KRONOLOJI_CIN	73	1727-08-20	Kyakhta Antlaşması — Rusya sınırı ve ticareti düzenlendi	qing-hanedani	qing-hanedani✓		qing-hanedani	ZINCIR	qing-hanedani✓	qing-hanedani	✓	A-TARAF-PENCEREDE	
KRONOLOJI_CIN	74	1729-01-01	Askerî Danışma Kurulu (Grand Council) kuruldu				qing-hanedani	ZINCIR	qing-hanedani✓	qing-hanedani	✓	B-TARAFSIZ-0929-ATIF-PENCEREDE	
KRONOLOJI_CIN	75	1735-10-08	Yongzheng öldü, Qianlong tahta çıktı	qing-hanedani	qing-hanedani✓		qing-hanedani	ZINCIR	qing-hanedani✓	qing-hanedani	✓	A-TARAF-PENCEREDE	
KRONOLOJI_CIN	76	1755-01-01	Qianlong'un Cungar seferleri başladı	qing-hanedani	qing-hanedani✓		qing-hanedani	ZINCIR	qing-hanedani✓	qing-hanedani	✓	A-TARAF-PENCEREDE	
KRONOLOJI_CIN	77	1757-01-01	Kanton Sistemi — dış ticaret tek limana kısıtlandı	qing-hanedani	qing-hanedani✓		qing-hanedani	ZINCIR	qing-hanedani✓	qing-hanedani	✓	A-TARAF-PENCEREDE	
KRONOLOJI_CIN	78	1759-01-01	Doğu Türkistan (Altışehir) fethi tamamlandı	qing-hanedani	qing-hanedani✓		qing-hanedani	ZINCIR	qing-hanedani✓	qing-hanedani	✓	A-TARAF-PENCEREDE	
KRONOLOJI_CIN	79	1759-01-01	Flint Olayı — ticaret kısıtlamaları sıkılaştırıldı	qing-hanedani	qing-hanedani✓		qing-hanedani	ZINCIR	qing-hanedani✓	qing-hanedani	✓	A-TARAF-PENCEREDE	
KRONOLOJI_CIN	80	1774-01-01	Wang Lun Ayaklanması — Beyaz Lotus'un habercisi	qing-hanedani	qing-hanedani✓		qing-hanedani	ZINCIR	qing-hanedani✓	qing-hanedani	✓	A-TARAF-PENCEREDE	
KRONOLOJI_CIN	81	1782-01-01	Siku Quanshu (Dört Hazine Külliyatı) tamamlandı	qing-hanedani	qing-hanedani✓		qing-hanedani	ZINCIR	qing-hanedani✓	qing-hanedani	✓	A-TARAF-PENCEREDE	
KRONOLOJI_CIN	82	1791-01-01	Kızıl Konak Rüyası (Hongloumeng) ilk kez basıldı	qing-hanedani	qing-hanedani✓		qing-hanedani	ZINCIR	qing-hanedani✓	qing-hanedani	✓	A-TARAF-PENCEREDE	
KRONOLOJI_CIN	83	1792-01-01	Gorkha-Tibet Savaşı'na Qing müdahalesi	qing-hanedani	qing-hanedani✓		qing-hanedani	ZINCIR	qing-hanedani✓	qing-hanedani	✓	A-TARAF-PENCEREDE	
KRONOLOJI_CIN	84	1793-09-14	Makartney Elçiliği Qianlong huzuruna kabul edildi	qing-hanedani	qing-hanedani✓		qing-hanedani	ZINCIR	qing-hanedani✓	qing-hanedani	✓	A-TARAF-PENCEREDE	
KRONOLOJI_CIN	85	1796-02-09	Qianlong tahttan çekildi, Jiaqing'e devretti	qing-hanedani	qing-hanedani✓		qing-hanedani	ZINCIR	qing-hanedani✓	qing-hanedani	✓	A-TARAF-PENCEREDE	
KRONOLOJI_CIN	86	1796-02-01	Beyaz Lotus Ayaklanması başladı	qing-hanedani	qing-hanedani✓		qing-hanedani	ZINCIR	qing-hanedani✓	qing-hanedani	✓	A-TARAF-PENCEREDE	
KRONOLOJI_CIN	87	1799-02-22	Qianlong öldü, Heshen tutuklanıp idam edildi	qing-hanedani	qing-hanedani✓		qing-hanedani	ZINCIR	qing-hanedani✓	qing-hanedani	✓	A-TARAF-PENCEREDE	
KRONOLOJI_CIN	88	1813-01-01	Sekiz Trigram Ayaklanması Yasak Şehir'e sıçradı	qing-hanedani	qing-hanedani✓		qing-hanedani	ZINCIR	qing-hanedani✓	qing-hanedani	✓	A-TARAF-PENCEREDE	
KRONOLOJI_CIN	89	1834-01-01	İngiliz Doğu Hindistan Şirketi'nin Çin tekeli sona erdi	qing-hanedani	qing-hanedani✓		qing-hanedani	ZINCIR	qing-hanedani✓	qing-hanedani	✓	A-TARAF-PENCEREDE	
KRONOLOJI_CIN	90	1839-06-03	Lin Zexu Humen'de afyonu imha etti	qing-hanedani	qing-hanedani✓		qing-hanedani	ZINCIR	qing-hanedani✓	qing-hanedani	✓	A-TARAF-PENCEREDE	
KRONOLOJI_CIN	91	1840-06-01	Birinci Afyon Savaşı başladı	qing-hanedani	qing-hanedani✓		qing-hanedani	ZINCIR	qing-hanedani✓	qing-hanedani	✓	A-TARAF-PENCEREDE	
KRONOLOJI_CIN	92	1842-08-29	Nanking Antlaşması imzalandı	qing-hanedani	qing-hanedani✓		qing-hanedani	ZINCIR	qing-hanedani✓	qing-hanedani	✓	A-TARAF-PENCEREDE	
KRONOLOJI_CIN	93	1850-01-01	Xianfeng İmparatoru tahta çıktı	qing-hanedani	qing-hanedani✓		qing-hanedani	ZINCIR	qing-hanedani✓	qing-hanedani	✓	A-TARAF-PENCEREDE	
KRONOLOJI_CIN	94	1851-01-11	Hong Xiuquan, Taiping İsyanı'nı ilan etti	qing-hanedani	qing-hanedani✓		qing-hanedani	ZINCIR	qing-hanedani✓	qing-hanedani	✓	A-TARAF-PENCEREDE	
KRONOLOJI_CIN	95	1853-03-19	Taiping, Nanjing'i alıp "Tianjing" başkenti ilan etti	qing-hanedani	qing-hanedani✓		qing-hanedani	ZINCIR	qing-hanedani✓	qing-hanedani	✓	A-TARAF-PENCEREDE	
KRONOLOJI_CIN	96	1856-10-08	Arrow Olayı — İkinci Afyon Savaşı'nın kıvılcımı	qing-hanedani	qing-hanedani✓		qing-hanedani	ZINCIR	qing-hanedani✓	qing-hanedani	✓	A-TARAF-PENCEREDE	
KRONOLOJI_CIN	97	1860-10-18	Yazlık Saray (Yuanmingyuan) İngiliz-Fransız kuvvetlerince yakıldı	qing-hanedani	qing-hanedani✓		qing-hanedani	ZINCIR	qing-hanedani✓	qing-hanedani	✓	A-TARAF-PENCEREDE	
KRONOLOJI_CIN	98	1860-10-24	Pekin Sözleşmesi — Kowloon devredildi, afyon meşrulaştı				qing-hanedani	ZINCIR	qing-hanedani✓	qing-hanedani	✓	B-TARAFSIZ-0929-ATIF-PENCEREDE	
KRONOLOJI_CIN	99	1861-01-20	Zongli Yamen kuruldu — ilk modern dışişleri organı	qing-hanedani	qing-hanedani✓		qing-hanedani	ZINCIR	qing-hanedani✓	qing-hanedani	✓	A-TARAF-PENCEREDE	
KRONOLOJI_CIN	100	1861-11-01	Xianfeng öldü — Cixi'nin nâiplik dönemi başladı	qing-hanedani	qing-hanedani✓		qing-hanedani	ZINCIR	qing-hanedani✓	qing-hanedani	✓	A-TARAF-PENCEREDE	
KRONOLOJI_CIN	101	1862-01-01	Kendini Güçlendirme Hareketi (Yangwu) başladı	qing-hanedani	qing-hanedani✓		qing-hanedani	ZINCIR	qing-hanedani✓	qing-hanedani	✓	A-TARAF-PENCEREDE	
KRONOLOJI_CIN	102	1862-01-01	Tongwen Guan (Yabancı Diller Okulu) kuruldu	qing-hanedani	qing-hanedani✓		qing-hanedani	ZINCIR	qing-hanedani✓	qing-hanedani	✓	A-TARAF-PENCEREDE	
KRONOLOJI_CIN	103	1864-07-19	Nanjing geri alındı — Taiping İsyanı bastırıldı	qing-hanedani	qing-hanedani✓		qing-hanedani	ZINCIR	qing-hanedani✓	qing-hanedani	✓	A-TARAF-PENCEREDE	
KRONOLOJI_CIN	104	1865-01-01	Jiangnan Tersanesi ve Cephanesi kuruldu				qing-hanedani	ZINCIR	qing-hanedani✓	qing-hanedani	✓	B-TARAFSIZ-0929-ATIF-PENCEREDE	
KRONOLOJI_CIN	105	1871-01-01	İli Krizi — Rusya bölgeyi işgal etti	qing-hanedani	qing-hanedani✓		qing-hanedani	ZINCIR	qing-hanedani✓	qing-hanedani	✓	A-TARAF-PENCEREDE	
KRONOLOJI_CIN	106	1872-01-01	İlk Çinli öğrenci grubu Amerika'ya gönderildi	qing-hanedani	qing-hanedani✓		qing-hanedani	ZINCIR	qing-hanedani✓	qing-hanedani	✓	A-TARAF-PENCEREDE	
KRONOLOJI_CIN	107	1875-02-25	Guangxu İmparatoru çocuk yaşta tahta çıktı	qing-hanedani	qing-hanedani✓		qing-hanedani	ZINCIR	qing-hanedani✓	qing-hanedani	✓	A-TARAF-PENCEREDE	
KRONOLOJI_CIN	108	1876-01-01	Woosung Demiryolu — Çin'in ilk demiryolu açıldı ve söküldü	qing-hanedani	qing-hanedani✓		qing-hanedani	ZINCIR	qing-hanedani✓	qing-hanedani	✓	A-TARAF-PENCEREDE	
KRONOLOJI_CIN	109	1878-03-16	Zuo Zongtang Doğu Türkistan'ı yeniden fethetti	qing-hanedani	qing-hanedani✓		qing-hanedani	ZINCIR	qing-hanedani✓	qing-hanedani	✓	A-TARAF-PENCEREDE	
KRONOLOJI_CIN	110	1884-08-23	Çin-Fransız Savaşı — Fuzhou donanması imha edildi	qing-hanedani	qing-hanedani✓		qing-hanedani	ZINCIR	qing-hanedani✓	qing-hanedani	✓	A-TARAF-PENCEREDE	
KRONOLOJI_CIN	111	1888-01-01	Beiyang Filosu resmen kuruldu	qing-hanedani	qing-hanedani✓		qing-hanedani	ZINCIR	qing-hanedani✓	qing-hanedani	✓	A-TARAF-PENCEREDE	
KRONOLOJI_CIN	112	1894-07-25	Birinci Çin-Japon Savaşı başladı	qing-hanedani	qing-hanedani✓		qing-hanedani	ZINCIR	qing-hanedani✓	qing-hanedani	✓	A-TARAF-PENCEREDE	
KRONOLOJI_CIN	113	1895-04-17	Şimonoseki Antlaşması imzalandı	qing-hanedani	qing-hanedani✓		qing-hanedani	ZINCIR	qing-hanedani✓	qing-hanedani	✓	A-TARAF-PENCEREDE	
KRONOLOJI_CIN	114	1898-06-11	Yüz Gün Reformu başladı	qing-hanedani	qing-hanedani✓		qing-hanedani	ZINCIR	qing-hanedani✓	qing-hanedani	✓	A-TARAF-PENCEREDE	
KRONOLOJI_CIN	115	1898-09-21	Cixi darbe yaptı — Guangxu hapsedildi	qing-hanedani	qing-hanedani✓		qing-hanedani	ZINCIR	qing-hanedani✓	qing-hanedani	✓	A-TARAF-PENCEREDE	
KRONOLOJI_CIN	116	1898-03-06	Almanya Jiaozhou Körfezi'ni (Qingdao) 99 yıllığına kiraladı	qing-hanedani	qing-hanedani✓		qing-hanedani	ZINCIR	qing-hanedani✓	qing-hanedani	✓	A-TARAF-PENCEREDE	
KRONOLOJI_CIN	117	1899-10-18	Boksör Ayaklanması yayılmaya başladı	qing-hanedani	qing-hanedani✓		qing-hanedani	ZINCIR	qing-hanedani✓	qing-hanedani	✓	A-TARAF-PENCEREDE	
KRONOLOJI_CIN	118	1900-06-20	Sekiz Ülke İttifakı'na karşı savaş ilan edildi, elçilikler kuşatıldı	qing-hanedani	qing-hanedani✓		qing-hanedani	ZINCIR	qing-hanedani✓	qing-hanedani	✓	A-TARAF-PENCEREDE	
KRONOLOJI_CIN	119	1901-09-07	Boksör Protokolü imzalandı	qing-hanedani	qing-hanedani✓		qing-hanedani	ZINCIR	qing-hanedani✓	qing-hanedani	✓	A-TARAF-PENCEREDE	
KRONOLOJI_CIN	120	1901-01-29	Yeni Politikalar (Xinzheng) reformları ilan edildi	qing-hanedani	qing-hanedani✓		qing-hanedani	ZINCIR	qing-hanedani✓	qing-hanedani	✓	A-TARAF-PENCEREDE	
KRONOLOJI_CIN	121	1905-09-02	İmparatorluk sınav sistemi (keju) kaldırıldı	qing-hanedani	qing-hanedani✓		qing-hanedani	ZINCIR	qing-hanedani✓	qing-hanedani	✓	A-TARAF-PENCEREDE	
KRONOLOJI_CIN	122	1908-11-14	Guangxu ve Cixi bir gün arayla öldü, Puyi tahta çıktı	qing-hanedani	qing-hanedani✓		qing-hanedani	ZINCIR	qing-hanedani✓	qing-hanedani	✓	A-TARAF-PENCEREDE	
KRONOLOJI_CIN	123	1911-05-09	Demiryolları millîleştirme kararı isyanı ateşledi	qing-hanedani	qing-hanedani✓		qing-hanedani	ZINCIR	qing-hanedani✓	qing-hanedani	✓	A-TARAF-PENCEREDE	
KRONOLOJI_CIN	124	1911-10-10	Wuchang Ayaklanması — Xinhai Devrimi başladı					BELIRSIZ			✗	E-ATIFSIZ	qing-hanedani,cin-cumhuriyeti
KRONOLOJI_CIN	125	1911-12-29	Sun Yat-sen geçici cumhurbaşkanı seçildi	cin-cumhuriyeti	cin-cumhuriyeti✓			BELIRSIZ		cin-cumhuriyeti	✓	A-TARAF-PENCEREDE	
KRONOLOJI_CIN	126	1912-02-12	Puyi tahttan feragat etti — Qing hanedanı sona erdi				cin-cumhuriyeti	ZINCIR	cin-cumhuriyeti✓	cin-cumhuriyeti	✓	B-TARAFSIZ-0929-ATIF-PENCEREDE	
KRONOLOJI_CIN	127	1912-02-15	Yuan Shikai cumhurbaşkanı oldu	cin-cumhuriyeti	cin-cumhuriyeti✓		cin-cumhuriyeti	ZINCIR	cin-cumhuriyeti✓	cin-cumhuriyeti	✓	A-TARAF-PENCEREDE	
KRONOLOJI_CIN	128	1912-11-01	Dış Moğolistan ve Tibet fiilî bağımsızlıklarını ilan etti				cin-cumhuriyeti	ZINCIR	cin-cumhuriyeti✓	cin-cumhuriyeti	✓	B-TARAFSIZ-0929-ATIF-PENCEREDE	
KRONOLOJI_CIN	129	1913-07-12	İkinci Devrim — Yuan Shikai'ye karşı ayaklanma bastırıldı	cin-cumhuriyeti	cin-cumhuriyeti✓		cin-cumhuriyeti	ZINCIR	cin-cumhuriyeti✓	cin-cumhuriyeti	✓	A-TARAF-PENCEREDE	
KRONOLOJI_CIN	130	1915-12-12	Yuan Shikai kendini imparator ilan etti (Hongxian)	cin-cumhuriyeti	cin-cumhuriyeti✓		cin-cumhuriyeti	ZINCIR	cin-cumhuriyeti✓	cin-cumhuriyeti	✓	A-TARAF-PENCEREDE	
KRONOLOJI_CIN	131	1916-06-06	Yuan Shikai öldü — savaş ağaları dönemi başladı				cin-cumhuriyeti	ZINCIR	cin-cumhuriyeti✓	cin-cumhuriyeti	✓	B-TARAFSIZ-0929-ATIF-PENCEREDE	
KRONOLOJI_CIN	132	1917-07-01	Zhang Xun'un on iki günlük restorasyon girişimi	cin-cumhuriyeti	cin-cumhuriyeti✓		cin-cumhuriyeti	ZINCIR	cin-cumhuriyeti✓	cin-cumhuriyeti	✓	A-TARAF-PENCEREDE	
KRONOLOJI_CIN	133	1919-05-04	4 Mayıs Hareketi başladı	cin-cumhuriyeti	cin-cumhuriyeti✓		cin-cumhuriyeti	ZINCIR	cin-cumhuriyeti✓	cin-cumhuriyeti	✓	A-TARAF-PENCEREDE	
KRONOLOJI_CIN	134	1921-07-23	Çin Komünist Partisi kuruldu	cin-cumhuriyeti	cin-cumhuriyeti✓		cin-cumhuriyeti	ZINCIR	cin-cumhuriyeti✓	cin-cumhuriyeti	✓	A-TARAF-PENCEREDE	
KRONOLOJI_CIN	135	1923-01-26	Sun Yat-sen — Sovyet Rusya iş birliği bildirisi (Sun-Ioffe)	cin-cumhuriyeti	cin-cumhuriyeti✓		cin-cumhuriyeti	ZINCIR	cin-cumhuriyeti✓	cin-cumhuriyeti	✓	A-TARAF-PENCEREDE	
KRONOLOJI_HINDISTAN	0	1290-06-13	Celâlüddin Fîrûz Halacî, Delhi'de Halacî hanedanını kurdu	delhi-sultanligi	delhi-sultanligi✓		delhi-sultanligi	ONEK	delhi-sultanligi✓	delhi-sultanligi	✓	A-TARAF-PENCEREDE	
KRONOLOJI_HINDISTAN	1	1296-07-19	Alâeddin Halacî amcası Celâlüddin'i öldürterek tahta geçti	delhi-sultanligi	delhi-sultanligi✓		delhi-sultanligi	ONEK	delhi-sultanligi✓	delhi-sultanligi	✓	A-TARAF-PENCEREDE	
KRONOLOJI_HINDISTAN	2	1298-01-01	Alâeddin Halacî Gucerât'ı fethetti	delhi-sultanligi	delhi-sultanligi✓		delhi-sultanligi	ONEK	delhi-sultanligi✓	delhi-sultanligi	✓	A-TARAF-PENCEREDE	
KRONOLOJI_HINDISTAN	3	1303-08-26	Alâeddin Halacî Çitor'u (Mevar) kuşatıp aldı	delhi-sultanligi	delhi-sultanligi✓		delhi-sultanligi	ONEK	delhi-sultanligi✓	delhi-sultanligi	✓	A-TARAF-PENCEREDE	
KRONOLOJI_HINDISTAN	4	1303-01-01	Moğol ordusu Delhi'yi kuşattı, Alâeddin şehri savundu	delhi-sultanligi	delhi-sultanligi✓		delhi-sultanligi	ONEK	delhi-sultanligi✓	delhi-sultanligi	✓	A-TARAF-PENCEREDE	
KRONOLOJI_HINDISTAN	5	1305-01-01	Alâeddin Halacî Mâlvâ'yı fethetti	delhi-sultanligi	delhi-sultanligi✓		delhi-sultanligi	ONEK	delhi-sultanligi✓	delhi-sultanligi	✓	A-TARAF-PENCEREDE	
KRONOLOJI_HINDISTAN	6	1310-02-26	Malik Kâfûr Dekken'de Varangal'ı (Kakatiya) kuşatıp haraca bağladı	delhi-sultanligi	delhi-sultanligi✓		delhi-sultanligi	ONEK	delhi-sultanligi✓	delhi-sultanligi	✓	A-TARAF-PENCEREDE	
KRONOLOJI_HINDISTAN	7	1311-01-01	Malik Kâfûr'un Dekken seferi Mâbâr'a (Pandya) kadar ulaştı	delhi-sultanligi	delhi-sultanligi✓		delhi-sultanligi	ONEK	delhi-sultanligi✓	delhi-sultanligi	✓	A-TARAF-PENCEREDE	
KRONOLOJI_HINDISTAN	8	1316-01-04	Alâeddin Halacî öldü, iktidar mücadelesi başladı	delhi-sultanligi	delhi-sultanligi✓		delhi-sultanligi	ONEK	delhi-sultanligi✓	delhi-sultanligi	✓	A-TARAF-PENCEREDE	
KRONOLOJI_HINDISTAN	9	1320-09-06	Gıyâsüddin Tuğluk tahta çıktı, Tuğluk hanedanı kuruldu	delhi-sultanligi	delhi-sultanligi✓		delhi-sultanligi	ONEK	delhi-sultanligi✓	delhi-sultanligi	✓	A-TARAF-PENCEREDE	
KRONOLOJI_HINDISTAN	10	1327-01-01	Muhammed b. Tuğluk başkenti Devagiri'ye (Devletâbâd) taşıdı	delhi-sultanligi	delhi-sultanligi✓		delhi-sultanligi	ONEK	delhi-sultanligi✓	delhi-sultanligi	✓	A-TARAF-PENCEREDE	
KRONOLOJI_HINDISTAN	11	1329-01-01	Muhammed b. Tuğluk bakır/pirinç sikkeyi gümüş değerinde tedavüle soktu	delhi-sultanligi	delhi-sultanligi✓		delhi-sultanligi	ONEK	delhi-sultanligi✓	delhi-sultanligi	✓	A-TARAF-PENCEREDE	
KRONOLOJI_HINDISTAN	12	1334-01-01	İbn Battûta Delhi'ye geldi, Muhammed b. Tuğluk onu kadı tayin etti	delhi-sultanligi	delhi-sultanligi✓		delhi-sultanligi	ONEK	delhi-sultanligi✓	delhi-sultanligi	✓	A-TARAF-PENCEREDE	
KRONOLOJI_HINDISTAN	13	1325-10-18	Şair Emîr Hüsrev-i Dihlevî öldü	delhi-sultanligi	delhi-sultanligi✓		delhi-sultanligi	ONEK	delhi-sultanligi✓	delhi-sultanligi	✓	A-TARAF-PENCEREDE	
KRONOLOJI_HINDISTAN	14	1334-01-01	Mâbâr (Madurai) Sultanlığı Delhi'den bağımsızlığını ilan etti	delhi-sultanligi	delhi-sultanligi✓		delhi-sultanligi	ONEK	delhi-sultanligi✓	delhi-sultanligi	✓	A-TARAF-PENCEREDE	
KRONOLOJI_HINDISTAN	15	1351-03-23	Fîrûz Şah Tuğluk tahta çıktı	delhi-sultanligi	delhi-sultanligi✓		delhi-sultanligi	ONEK	delhi-sultanligi✓	delhi-sultanligi	✓	A-TARAF-PENCEREDE	
KRONOLOJI_HINDISTAN	16	1356-01-01	Fîrûz Şah, Topra ve Meerut'taki Aşoka sütunlarını Delhi'ye taşıttı	delhi-sultanligi	delhi-sultanligi✓		delhi-sultanligi	ONEK	delhi-sultanligi✓	delhi-sultanligi	✓	A-TARAF-PENCEREDE	
KRONOLOJI_HINDISTAN	17	1398-12-17	Timur Delhi'yi işgal edip yağmaladı	delhi-sultanligi	delhi-sultanligi✓		delhi-sultanligi	ONEK	delhi-sultanligi✓	delhi-sultanligi	✓	A-TARAF-PENCEREDE	
KRONOLOJI_HINDISTAN	18	1414-05-28	Hızır Han Seyyid hanedanını kurdu	delhi-sultanligi	delhi-sultanligi✓		delhi-sultanligi	ONEK	delhi-sultanligi✓	delhi-sultanligi	✓	A-TARAF-PENCEREDE	
KRONOLOJI_HINDISTAN	19	1451-04-19	Behlûl Lûdî Delhi'de Lûdî hanedanını kurdu	delhi-sultanligi	delhi-sultanligi✓		delhi-sultanligi	ONEK	delhi-sultanligi✓	delhi-sultanligi	✓	A-TARAF-PENCEREDE	
KRONOLOJI_HINDISTAN	20	1504-01-01	Sultan İskender Lûdî Agra şehrini kurdu	delhi-sultanligi	delhi-sultanligi✓		delhi-sultanligi	ONEK	delhi-sultanligi✓	delhi-sultanligi	✓	A-TARAF-PENCEREDE	
KRONOLOJI_HINDISTAN	21	1526-04-21	Birinci Pânipat Savaşı: Bâbür, Delhi Sultanlığı'na son verdi				babur-imparatorlugu	ONEK	babur-imparatorlugu✓	babur-imparatorlugu	✓	B-TARAFSIZ-0929-ATIF-PENCEREDE	
KRONOLOJI_HINDISTAN	22	1527-03-16	Bâbür, Khanwa'da Racput ittifakını yendi	babur-imparatorlugu	babur-imparatorlugu✓		babur-imparatorlugu	ONEK	babur-imparatorlugu✓	babur-imparatorlugu	✓	A-TARAF-PENCEREDE	
KRONOLOJI_HINDISTAN	23	1530-12-26	Bâbür öldü, Hümâyun tahta çıktı	babur-imparatorlugu	babur-imparatorlugu✓		babur-imparatorlugu	ONEK	babur-imparatorlugu✓	babur-imparatorlugu	✓	A-TARAF-PENCEREDE	
KRONOLOJI_HINDISTAN	24	1539-06-26	Çausa Savaşı'nda Şîr Şah Sûrî Hümâyun'u yendi	babur-imparatorlugu	babur-imparatorlugu✓			BELIRSIZ		babur-imparatorlugu	✓	A-TARAF-PENCEREDE	
KRONOLOJI_HINDISTAN	25	1540-05-17	Kannauc Savaşı: Şîr Şah Sûrî Hindistan'a hâkim oldu, Hümâyun sürgüne gitti	babur-imparatorlugu	babur-imparatorlugu✓		babur-imparatorlugu,sur-hanedani	ONEK	babur-imparatorlugu✓,sur-hanedani✓	babur-imparatorlugu	✓	A-TARAF-PENCEREDE	
KRONOLOJI_HINDISTAN	26	1542-01-01	Şîr Şah Sûrî Delhi-Bengal karayolunu (bugünkü Grand Trunk Road) yeniden imar etti				sur-hanedani	ONEK	sur-hanedani✓	sur-hanedani	✓	B-TARAFSIZ-0929-ATIF-PENCEREDE	
KRONOLOJI_HINDISTAN	27	1555-07-23	Hümâyun, Safevî desteğiyle Delhi'yi geri aldı	babur-imparatorlugu	babur-imparatorlugu✓		babur-imparatorlugu	ONEK	babur-imparatorlugu✓	babur-imparatorlugu	✓	A-TARAF-PENCEREDE	
KRONOLOJI_HINDISTAN	28	1556-01-27	Hümâyun kütüphane merdiveninden düşerek öldü, Ekber tahta çıktı	babur-imparatorlugu	babur-imparatorlugu✓		babur-imparatorlugu	ONEK	babur-imparatorlugu✓	babur-imparatorlugu	✓	A-TARAF-PENCEREDE	
KRONOLOJI_HINDISTAN	29	1556-11-05	İkinci Pânipat Savaşı: Bayram Han, Hemu'yu yenip Delhi'yi kurtardı	babur-imparatorlugu	babur-imparatorlugu✓		babur-imparatorlugu	ONEK	babur-imparatorlugu✓	babur-imparatorlugu	✓	A-TARAF-PENCEREDE	
KRONOLOJI_HINDISTAN	30	1564-01-01	Ekber Şah gayrimüslimlerden alınan cizyeyi kaldırdı	babur-imparatorlugu	babur-imparatorlugu✓		babur-imparatorlugu	ONEK	babur-imparatorlugu✓	babur-imparatorlugu	✓	A-TARAF-PENCEREDE	
KRONOLOJI_HINDISTAN	31	1568-02-23	Ekber Şah Çitor Kalesi'ni fethetti	babur-imparatorlugu	babur-imparatorlugu✓		babur-imparatorlugu	ONEK	babur-imparatorlugu✓	babur-imparatorlugu	✓	A-TARAF-PENCEREDE	
KRONOLOJI_HINDISTAN	32	1571-01-01	Ekber Şah yeni başkent Fetihpûr Sikri'yi kurmaya başladı	babur-imparatorlugu	babur-imparatorlugu✓		babur-imparatorlugu	ONEK	babur-imparatorlugu✓	babur-imparatorlugu	✓	A-TARAF-PENCEREDE	
KRONOLOJI_HINDISTAN	33	1573-08-20	Ekber Şah Gucerât'ı fethetti	babur-imparatorlugu	babur-imparatorlugu✓		babur-imparatorlugu	ONEK	babur-imparatorlugu✓	babur-imparatorlugu	✓	A-TARAF-PENCEREDE	
KRONOLOJI_HINDISTAN	34	1575-01-01	Ekber Şah Fetihpûr Sikri'de İbâdethâne'yi kurdu	babur-imparatorlugu	babur-imparatorlugu✓		babur-imparatorlugu	ONEK	babur-imparatorlugu✓	babur-imparatorlugu	✓	A-TARAF-PENCEREDE	
KRONOLOJI_HINDISTAN	35	1576-04-03	Ekber Şah Bengal Sultanlığı'na son verdi	babur-imparatorlugu	babur-imparatorlugu✓		babur-imparatorlugu	ONEK	babur-imparatorlugu✓	babur-imparatorlugu	✓	A-TARAF-PENCEREDE	
KRONOLOJI_HINDISTAN	36	1579-06-22	Ekber Şah Mahzar Fermanı'nı yayımladı	babur-imparatorlugu	babur-imparatorlugu✓		babur-imparatorlugu	ONEK	babur-imparatorlugu✓	babur-imparatorlugu	✓	A-TARAF-PENCEREDE	
KRONOLOJI_HINDISTAN	37	1582-01-01	Ekber Şah Dîn-i İlâhî'yi ilan etti	babur-imparatorlugu	babur-imparatorlugu✓		babur-imparatorlugu	ONEK	babur-imparatorlugu✓	babur-imparatorlugu	✓	A-TARAF-PENCEREDE	
KRONOLOJI_HINDISTAN	38	1590-01-01	Ebü'l-Fazl, Âîn-i Ekberî'yi tamamladı	babur-imparatorlugu	babur-imparatorlugu✓		babur-imparatorlugu	ONEK	babur-imparatorlugu✓	babur-imparatorlugu	✓	A-TARAF-PENCEREDE	
KRONOLOJI_HINDISTAN	39	1586-01-01	Ekber Şah Keşmir'i ilhak etti	babur-imparatorlugu	babur-imparatorlugu✓		babur-imparatorlugu	ONEK	babur-imparatorlugu✓	babur-imparatorlugu	✓	A-TARAF-PENCEREDE	
KRONOLOJI_HINDISTAN	40	1600-12-31	İngiliz Doğu Hindistan Şirketi Londra'da imtiyaz fermanıyla kuruldu	babur-imparatorlugu	babur-imparatorlugu✓		babur-imparatorlugu	ONEK	babur-imparatorlugu✓	babur-imparatorlugu	✓	A-TARAF-PENCEREDE	
KRONOLOJI_HINDISTAN	41	1604-08-16	Guru Arjan, Altın Tapınak'ta Âdi Grânth'ı tamamladı	babur-imparatorlugu	babur-imparatorlugu✓		babur-imparatorlugu	ONEK	babur-imparatorlugu✓	babur-imparatorlugu	✓	A-TARAF-PENCEREDE	
KRONOLOJI_HINDISTAN	42	1605-10-27	Ekber Şah öldü, Cihangir tahta çıktı	babur-imparatorlugu	babur-imparatorlugu✓		babur-imparatorlugu	ONEK	babur-imparatorlugu✓	babur-imparatorlugu	✓	A-TARAF-PENCEREDE	
KRONOLOJI_HINDISTAN	43	1611-05-25	Cihangir, Nur Cihan ile evlendi	babur-imparatorlugu	babur-imparatorlugu✓		babur-imparatorlugu	ONEK	babur-imparatorlugu✓	babur-imparatorlugu	✓	A-TARAF-PENCEREDE	
KRONOLOJI_HINDISTAN	44	1622-06-01	Safevîler Kandehar'ı Bâbürlülerden geri aldı	babur-imparatorlugu	babur-imparatorlugu✓		babur-imparatorlugu	ONEK	babur-imparatorlugu✓	babur-imparatorlugu	✓	A-TARAF-PENCEREDE	
KRONOLOJI_HINDISTAN	45	1627-11-08	Cihangir öldü, Şah Cihan tahta çıktı	babur-imparatorlugu	babur-imparatorlugu✓		babur-imparatorlugu	ONEK	babur-imparatorlugu✓	babur-imparatorlugu	✓	A-TARAF-PENCEREDE	
KRONOLOJI_HINDISTAN	46	1631-06-17	Mümtaz Mahal doğumda öldü	babur-imparatorlugu	babur-imparatorlugu✓		babur-imparatorlugu	ONEK	babur-imparatorlugu✓	babur-imparatorlugu	✓	A-TARAF-PENCEREDE	
KRONOLOJI_HINDISTAN	47	1632-01-01	Tâc Mahal'in inşaatı başladı	babur-imparatorlugu	babur-imparatorlugu✓		babur-imparatorlugu	ONEK	babur-imparatorlugu✓	babur-imparatorlugu	✓	A-TARAF-PENCEREDE	
KRONOLOJI_HINDISTAN	48	1638-01-01	Şah Cihan başkenti Şahcihanâbâd'a (Yeni Delhi) taşımaya karar verdi	babur-imparatorlugu	babur-imparatorlugu✓		babur-imparatorlugu	ONEK	babur-imparatorlugu✓	babur-imparatorlugu	✓	A-TARAF-PENCEREDE	
KRONOLOJI_HINDISTAN	49	1648-04-19	Şah Cihan sarayını Şahcihanâbâd'a (Kızıl Kale) taşıdı	babur-imparatorlugu	babur-imparatorlugu✓		babur-imparatorlugu	ONEK	babur-imparatorlugu✓	babur-imparatorlugu	✓	A-TARAF-PENCEREDE	
KRONOLOJI_HINDISTAN	50	1657-09-06	Şah Cihan'ın hastalığı üzerine oğulları arasında taht mücadelesi başladı	babur-imparatorlugu	babur-imparatorlugu✓		babur-imparatorlugu	ONEK	babur-imparatorlugu✓	babur-imparatorlugu	✓	A-TARAF-PENCEREDE	
KRONOLOJI_HINDISTAN	51	1658-07-31	Evrengzîb Delhi'de tahta çıktı, babasını hapsetti	babur-imparatorlugu	babur-imparatorlugu✓		babur-imparatorlugu	ONEK	babur-imparatorlugu✓	babur-imparatorlugu	✓	A-TARAF-PENCEREDE	
KRONOLOJI_HINDISTAN	52	1659-08-30	Evrengzîb kardeşi Dârâ Şükûh'u idam ettirdi	babur-imparatorlugu	babur-imparatorlugu✓		babur-imparatorlugu	ONEK	babur-imparatorlugu✓	babur-imparatorlugu	✓	A-TARAF-PENCEREDE	
KRONOLOJI_HINDISTAN	53	1666-01-22	Şah Cihan Agra Kalesi'nde hapiste öldü	babur-imparatorlugu	babur-imparatorlugu✓		babur-imparatorlugu	ONEK	babur-imparatorlugu✓	babur-imparatorlugu	✓	A-TARAF-PENCEREDE	
KRONOLOJI_HINDISTAN	54	1669-09-02	Evrengzîb, Benâres'teki Vişvanâth Tapınağı'nın yıkılmasını emretti	babur-imparatorlugu	babur-imparatorlugu✓		babur-imparatorlugu	ONEK	babur-imparatorlugu✓	babur-imparatorlugu	✓	A-TARAF-PENCEREDE	
KRONOLOJI_HINDISTAN	55	1679-04-02	Evrengzîb gayrimüslimlerden cizyeyi yeniden koydu	babur-imparatorlugu	babur-imparatorlugu✓		babur-imparatorlugu	ONEK	babur-imparatorlugu✓	babur-imparatorlugu	✓	A-TARAF-PENCEREDE	
KRONOLOJI_HINDISTAN	56	1681-01-01	Evrengzîb, Dekken seferine bizzat çıktı	babur-imparatorlugu	babur-imparatorlugu✓		babur-imparatorlugu	ONEK	babur-imparatorlugu✓	babur-imparatorlugu	✓	A-TARAF-PENCEREDE	
KRONOLOJI_HINDISTAN	57	1686-09-12	Evrengzîb Bîcâpur Sultanlığı'nı ilhak etti	babur-imparatorlugu	babur-imparatorlugu✓		babur-imparatorlugu	ONEK	babur-imparatorlugu✓	babur-imparatorlugu	✓	A-TARAF-PENCEREDE	
KRONOLOJI_HINDISTAN	58	1687-09-21	Evrengzîb Golkonda Sultanlığı'nı ilhak etti	babur-imparatorlugu	babur-imparatorlugu✓		babur-imparatorlugu	ONEK	babur-imparatorlugu✓	babur-imparatorlugu	✓	A-TARAF-PENCEREDE	
KRONOLOJI_HINDISTAN	59	1689-03-11	Evrengzîb, Şivâcî'nin oğlu Sambâjî'yi idam ettirdi	babur-imparatorlugu,maratha	babur-imparatorlugu✓,maratha✓		babur-imparatorlugu,maratha	ONEK	babur-imparatorlugu✓,maratha✓	babur-imparatorlugu,maratha	✓	A-TARAF-PENCEREDE	
KRONOLOJI_HINDISTAN	60	1699-04-13	Guru Gobind Singh, Khalsa'yı kurdu	babur-imparatorlugu	babur-imparatorlugu✓		babur-imparatorlugu	ONEK	babur-imparatorlugu✓	babur-imparatorlugu	✓	A-TARAF-PENCEREDE	
KRONOLOJI_HINDISTAN	61	1707-03-03	Evrengzîb öldü	babur-imparatorlugu	babur-imparatorlugu✓		babur-imparatorlugu	ONEK	babur-imparatorlugu✓	babur-imparatorlugu	✓	A-TARAF-PENCEREDE	
KRONOLOJI_HINDISTAN	62	1719-02-28	Seyyid Kardeşler İmparator Ferruhsiyer'i tahttan indirip öldürttü	babur-imparatorlugu	babur-imparatorlugu✓		babur-imparatorlugu	ONEK	babur-imparatorlugu✓	babur-imparatorlugu	✓	A-TARAF-PENCEREDE	
KRONOLOJI_HINDISTAN	63	1724-01-01	Nizamülmülk Haydarâbâd Nizamlığı'nı fiilen bağımsız kurdu	babur-imparatorlugu	babur-imparatorlugu✓		babur-imparatorlugu	ONEK	babur-imparatorlugu✓	babur-imparatorlugu	✓	A-TARAF-PENCEREDE	
KRONOLOJI_HINDISTAN	64	1739-03-13	Nadir Şah Delhi'yi işgal edip yağmaladı	babur-imparatorlugu	babur-imparatorlugu✓		babur-imparatorlugu	ONEK	babur-imparatorlugu✓	babur-imparatorlugu	✓	A-TARAF-PENCEREDE	
KRONOLOJI_HINDISTAN	65	1757-06-23	Plasi Savaşı: İngiliz Doğu Hindistan Şirketi Bengal'e hâkim oldu	babur-imparatorlugu	babur-imparatorlugu✓		babur-imparatorlugu	ONEK	babur-imparatorlugu✓	babur-imparatorlugu	✓	A-TARAF-PENCEREDE	
KRONOLOJI_HINDISTAN	66	1761-01-14	Üçüncü Pânipat Savaşı: Ahmed Şah Dürrânî Marathaları bozguna uğrattı			maratha,afgan-durrani	maratha,afgan-durrani	KUNYE	maratha✓,afgan-durrani✓	maratha,afgan-durrani	✓	B-TARAFSIZ-0929-ATIF-PENCEREDE	
KRONOLOJI_HINDISTAN	67	1764-10-23	Buksar Savaşı: İngilizler, Bâbürlü-Avad-Bengal ittifakını yendi	babur-imparatorlugu	babur-imparatorlugu✓		babur-imparatorlugu	ONEK	babur-imparatorlugu✓	babur-imparatorlugu	✓	A-TARAF-PENCEREDE	
KRONOLOJI_HINDISTAN	68	1765-08-12	Allahâbâd Antlaşması: Şirket, Bengal-Bihar-Orissa'nın vergi toplama hakkını (Divânî) aldı	babur-imparatorlugu	babur-imparatorlugu✓		babur-imparatorlugu	ONEK	babur-imparatorlugu✓	babur-imparatorlugu	✓	A-TARAF-PENCEREDE	
KRONOLOJI_HINDISTAN	69	1786-01-01	Tîpû Sultan, Osmanlı Sultanı I. Abdülhamid'e ittifak için elçi gönderdi	meysur	meysur✓	meysur	meysur	KUNYE	meysur✓	meysur	✓	A-TARAF-PENCEREDE	
KRONOLOJI_HINDISTAN	70	1792-03-18	Üçüncü Anglo-Mysore Savaşı, Seringapatam Antlaşması'yla sona erdi	meysur	meysur✓		meysur	ONEK	meysur✓	meysur	✓	A-TARAF-PENCEREDE	
KRONOLOJI_HINDISTAN	71	1793-01-01	Bengal'de Daimi Arazi Tesviyesi (Permanent Settlement) uygulandı	babur-imparatorlugu	babur-imparatorlugu✓		babur-imparatorlugu	ONEK	babur-imparatorlugu✓	babur-imparatorlugu	✓	A-TARAF-PENCEREDE	
KRONOLOJI_HINDISTAN	72	1799-05-04	Dördüncü Anglo-Mysore Savaşı: Seringapatam düştü, Tîpû Sultan savaşarak öldü				meysur,meysur-racaligi	ONEK	meysur✓,meysur-racaligi✓	meysur,meysur-racaligi	✓	B-TARAFSIZ-0929-ATIF-PENCEREDE	
KRONOLOJI_HINDISTAN	73	1347-08-03	Alâeddin Hasan Behmen Şah, Behmenî Sultanlığı'nı kurdu	behmeni	behmeni✓		behmeni	ONEK	behmeni✓	behmeni	✓	A-TARAF-PENCEREDE	
KRONOLOJI_HINDISTAN	74	1425-01-01	Behmenî başkenti Gülberge'den Bîdar'a taşındı				behmeni	ONEK	behmeni✓	behmeni	✓	B-TARAFSIZ-0929-ATIF-PENCEREDE	
KRONOLOJI_HINDISTAN	75	1481-04-05	Behmenî veziri Mahmud Gâvân idam edildi	behmeni	behmeni✓		behmeni	ONEK	behmeni✓	behmeni	✓	A-TARAF-PENCEREDE	
KRONOLOJI_HINDISTAN	76	1490-01-01	Behmenî valileri Bîcâpur, Ahmednagar ve Berâr'da fiilen bağımsızlaştı	behmeni	behmeni✓		behmeni	ONEK	behmeni✓	behmeni	✓	A-TARAF-PENCEREDE	
KRONOLOJI_HINDISTAN	77	1518-01-01	Kutbülmülk, Golkonda Kutubşâhî Sultanlığı'nı kurdu	golkonda	golkonda✓		golkonda	ONEK	golkonda✓	golkonda	✓	A-TARAF-PENCEREDE	
KRONOLOJI_HINDISTAN	78	1591-01-01	Muhammed Kulî Kutub Şah, Haydarâbâd şehrini kurdu				golkonda	ONEK	golkonda✓	golkonda	✓	B-TARAFSIZ-0929-ATIF-PENCEREDE	
KRONOLOJI_HINDISTAN	79	1565-01-26	Talikota Savaşı: Dekken sultanlıkları ittifakı Vijayanagara'yı yendi	bicapur,ahmednagar,golkonda	bicapur✓,ahmednagar✓,golkonda✓		bicapur,ahmednagar,golkonda	ONEK	bicapur✓,ahmednagar✓,golkonda✓	bicapur,ahmednagar,golkonda	✓	A-TARAF-PENCEREDE	
KRONOLOJI_HINDISTAN	80	1509-01-01	Krişnadevarâya, Vijayanagara tahtına çıktı				vijayanagara	ONEK	vijayanagara✓	vijayanagara	✓	B-TARAFSIZ-0929-ATIF-PENCEREDE	
KRONOLOJI_HINDISTAN	81	1595-01-01	Ahmednagar Sultanlığı, Çand Bîbî önderliğinde Bâbürlü kuşatmasına direndi	ahmednagar	ahmednagar✓		ahmednagar	ONEK	ahmednagar✓	ahmednagar	✓	A-TARAF-PENCEREDE	
KRONOLOJI_HINDISTAN	82	1656-01-01	Bîcâpur'da Gol Gumbaz'ın inşası tamamlandı	bicapur	bicapur✓		bicapur	ONEK	bicapur✓	bicapur	✓	A-TARAF-PENCEREDE	
KRONOLOJI_HINDISTAN	83	1339-01-01	Şah Mîr, Keşmir Sultanlığı'nı kurdu				kesmir	ONEK	kesmir✓	kesmir	✓	B-TARAFSIZ-0929-ATIF-PENCEREDE	
KRONOLOJI_HINDISTAN	84	1420-01-01	Zeynelâbidin, Keşmir'de tahta çıktı				kesmir	ONEK	kesmir✓	kesmir	✓	B-TARAFSIZ-0929-ATIF-PENCEREDE	
KRONOLOJI_HINDISTAN	85	1407-01-01	Zafer Han (I. Muzaffer Şah), bağımsız Gucerât Sultanlığı'nı kurdu				gucerat-sultanligi	ONEK	gucerat-sultanligi✓	gucerat-sultanligi	✓	B-TARAFSIZ-0929-ATIF-PENCEREDE	
KRONOLOJI_HINDISTAN	86	1411-01-01	Ahmed Şah, Ahmedâbâd şehrini kurdu				gucerat-sultanligi	ONEK	gucerat-sultanligi✓	gucerat-sultanligi	✓	B-TARAFSIZ-0929-ATIF-PENCEREDE	
KRONOLOJI_HINDISTAN	87	1509-02-03	Diu deniz savaşı: Portekiz, Gucerât-Memlûk-Kalikut donanmasını yendi	gucerat-sultanligi	gucerat-sultanligi✓		gucerat-sultanligi	ONEK	gucerat-sultanligi✓	gucerat-sultanligi	✓	A-TARAF-PENCEREDE	
KRONOLOJI_HINDISTAN	88	1538-09-04	Osmanlı-Gucerât ittifakı Diu'yu kuşattı	gucerat-sultanligi	gucerat-sultanligi✓		gucerat-sultanligi	ONEK	gucerat-sultanligi✓	gucerat-sultanligi	✓	A-TARAF-PENCEREDE	
KRONOLOJI_HINDISTAN	89	1573-08-20	Gucerât Sultanlığı, Ekber Şah tarafından ilhak edildi					BELIRSIZ			✗	E-ATIFSIZ	babur-imparatorlugu,golkonda,bicapur,ahmednagar,vijayanagara,kesmir,bengal-sultanligi,sind
KRONOLOJI_HINDISTAN	90	1401-01-01	Dilâver Han, Mâlvâ Sultanlığı'nı kurdu	malva-sultanligi	malva-sultanligi✓		malva-sultanligi	ONEK	malva-sultanligi✓	malva-sultanligi	✓	A-TARAF-PENCEREDE	
KRONOLOJI_HINDISTAN	91	1531-01-01	Gucerât Sultanı Bahadır Şah, Mâlvâ'yı ilhak etti				malva-sultanligi	ONEK	malva-sultanligi✓	malva-sultanligi	✓	B-TARAFSIZ-0929-ATIF-PENCEREDE	
KRONOLOJI_HINDISTAN	92	1414-01-01	Racâ Ganeş, Bengal Sultanlığı'nda kısa süreliğine iktidarı ele geçirdi	bengal-sultanligi	bengal-sultanligi✓		bengal-sultanligi	ONEK	bengal-sultanligi✓	bengal-sultanligi	✓	A-TARAF-PENCEREDE	
KRONOLOJI_HINDISTAN	93	1442-01-01	Bengal Sultanı Gıyâsüddin Âzam Şah, Çin ve Mekke ile elçi teatisinde bulundu	bengal-sultanligi	bengal-sultanligi✓		bengal-sultanligi	ONEK	bengal-sultanligi✓	bengal-sultanligi	✓	A-TARAF-PENCEREDE	
KRONOLOJI_HINDISTAN	94	1538-04-06	Şîr Şah Sûrî, Bengal Sultanlığı'nı fethetti				bengal-sultanligi	ONEK	bengal-sultanligi✓	bengal-sultanligi	✓	B-TARAFSIZ-0929-ATIF-PENCEREDE	
KRONOLOJI_HINDISTAN	95	1554-01-01	Erguniler yıkılıp Sind'de Tarhan hanedanı kuruldu	sind	sind✓		sind	ONEK	sind✓	sind	✓	A-TARAF-PENCEREDE	
KRONOLOJI_HINDISTAN	96	1674-06-06	Şivâcî, Raygad'da kral olarak taç giydi				maratha	ONEK	maratha✓	maratha	✓	B-TARAFSIZ-0929-ATIF-PENCEREDE	
KRONOLOJI_HINDISTAN	97	1680-04-03	Şivâcî öldü	maratha	maratha✓		maratha	ONEK	maratha✓	maratha	✓	A-TARAF-PENCEREDE	
KRONOLOJI_HINDISTAN	98	1707-01-01	Maratha gücü Peşvalar önderliğinde gevşek bir konfederasyona dönüştü				maratha	ONEK	maratha✓	maratha	✓	B-TARAFSIZ-0929-ATIF-PENCEREDE	
KRONOLOJI_HINDISTAN	99	1737-03-29	Marathalar Delhi'ye akın düzenledi	maratha	maratha✓		maratha	ONEK	maratha✓	maratha	✓	A-TARAF-PENCEREDE	
KRONOLOJI_HINDISTAN	100	1761-01-14	Marathalar Üçüncü Pânipat'ta ağır yenilgi aldı			maratha,afgan-durrani	maratha,afgan-durrani	KUNYE	maratha✓,afgan-durrani✓	maratha,afgan-durrani	✓	B-TARAFSIZ-0929-ATIF-PENCEREDE	
KRONOLOJI_HINDISTAN	101	1775-01-01	Birinci Anglo-Maratha Savaşı başladı	maratha	maratha✓		maratha	ONEK	maratha✓	maratha	✓	A-TARAF-PENCEREDE	
KRONOLOJI_HINDISTAN	102	1799-07-07	Rançit Singh Lahor'u ele geçirdi			sih-imparatorlugu		BELIRSIZ			✗	E-ATIFSIZ	babur-imparatorlugu,maratha,afgan-durrani,meysur-racaligi,sind
KRONOLOJI_HINDISTAN	103	1801-04-12	Rançit Singh, Mahâracâ unvanıyla taç giydi			sih-imparatorlugu	sih-imparatorlugu	KUNYE	sih-imparatorlugu✓	sih-imparatorlugu	✓	B-TARAFSIZ-0929-ATIF-PENCEREDE	
KRONOLOJI_HINDISTAN	104	1830-01-01	Rançit Singh, Altın Tapınak'ı altın kaplattı	sih-imparatorlugu	sih-imparatorlugu✓	sih-imparatorlugu	sih-imparatorlugu	KUNYE	sih-imparatorlugu✓	sih-imparatorlugu	✓	A-TARAF-PENCEREDE	
KRONOLOJI_HINDISTAN	105	1839-06-27	Rançit Singh öldü			sih-imparatorlugu	sih-imparatorlugu	KUNYE	sih-imparatorlugu✓	sih-imparatorlugu	✓	B-TARAFSIZ-0929-ATIF-PENCEREDE	
KRONOLOJI_HINDISTAN	106	1846-03-09	Birinci Anglo-Sih Savaşı, Lahor Antlaşması'yla sona erdi				sih-imparatorlugu	ONEK	sih-imparatorlugu✓	sih-imparatorlugu	✓	B-TARAFSIZ-0929-ATIF-PENCEREDE	
KRONOLOJI_HINDISTAN	107	1849-03-29	İkinci Anglo-Sih Savaşı sonunda İngilizler Pencap'ı ilhak etti	sih-imparatorlugu	sih-imparatorlugu✓		sih-imparatorlugu	ONEK	sih-imparatorlugu✓	sih-imparatorlugu	✓	A-TARAF-PENCEREDE	
KRONOLOJI_HINDISTAN	108	1761-01-01	Haydar Ali, Meysûr'da fiilî iktidarı ele geçirdi			meysur	meysur	KUNYE	meysur✓	meysur	✓	B-TARAFSIZ-0929-ATIF-PENCEREDE	
KRONOLOJI_HINDISTAN	109	1780-01-01	İkinci Anglo-Mysore Savaşı'nda Haydar Ali, İngilizlere ağır kayıplar verdirdi	meysur	meysur✓		meysur	ONEK	meysur✓	meysur	✓	A-TARAF-PENCEREDE	
KRONOLOJI_HINDISTAN	110	1782-12-07	Haydar Ali öldü, yerine oğlu Tîpû Sultan geçti			meysur	meysur	KUNYE	meysur✓	meysur	✓	B-TARAFSIZ-0929-ATIF-PENCEREDE	
KRONOLOJI_HINDISTAN	111	1780-01-01	Tîpû Sultan'ın ordusunda roket topçuluğu (Mysore roketleri) geliştirildi	meysur	meysur✓	meysur	meysur	KUNYE	meysur✓	meysur	✓	A-TARAF-PENCEREDE	
KRONOLOJI_HINDISTAN	112	1325-04-03	Sûfî şeyhi Nizâmeddin Evliyâ öldü	delhi-sultanligi	delhi-sultanligi✓		delhi-sultanligi	ONEK	delhi-sultanligi✓	delhi-sultanligi	✓	A-TARAF-PENCEREDE	
KRONOLOJI_HINDISTAN	113	1499-01-01	Guru Nanak, Sihizm'in temellerini attı					BELIRSIZ			✗	E-ATIFSIZ	delhi-sultanligi,behmeni,bicapur,ahmednagar,vijayanagara,kesmir,gucerat-sultanligi,malva-sultanligi,bengal-sultanligi,sind
KRONOLOJI_HINDISTAN	114	1518-01-01	Bhaktî şairi Kabîr öldü					BELIRSIZ			✗	E-ATIFSIZ	delhi-sultanligi,behmeni,golkonda,bicapur,ahmednagar,vijayanagara,kesmir,gucerat-sultanligi,malva-sultanligi,bengal-sultanligi,sind
KRONOLOJI_HINDISTAN	115	1545-05-22	Şîr Şah Sûrî'nin türbesi Sâsârâm'da tamamlandı				sur-hanedani	ONEK	sur-hanedani✓	sur-hanedani	✓	B-TARAFSIZ-0929-ATIF-PENCEREDE	
KRONOLOJI_HINDISTAN	116	1562-01-01	Müzisyen Tansen, Ekber Şah'ın sarayına katıldı				babur-imparatorlugu	ONEK	babur-imparatorlugu✓	babur-imparatorlugu	✓	B-TARAFSIZ-0929-ATIF-PENCEREDE	
KRONOLOJI_HINDISTAN	117	1570-01-01	Hümâyun'un Türbesi Delhi'de tamamlandı	babur-imparatorlugu	babur-imparatorlugu✓		babur-imparatorlugu	ONEK	babur-imparatorlugu✓	babur-imparatorlugu	✓	A-TARAF-PENCEREDE	
KRONOLOJI_HINDISTAN	118	1574-01-01	Tulsîdâs, Râmçeritmânas'ı yazmaya başladı					BELIRSIZ			✗	E-ATIFSIZ	babur-imparatorlugu,golkonda,bicapur,ahmednagar,vijayanagara,kesmir,bengal-sultanligi,sind
KRONOLOJI_HINDISTAN	119	1613-01-11	İngiliz Doğu Hindistan Şirketi Sûrat'ta ilk ticaret fabrikasını açtı	babur-imparatorlugu	babur-imparatorlugu✓		babur-imparatorlugu	ONEK	babur-imparatorlugu✓	babur-imparatorlugu	✓	A-TARAF-PENCEREDE	
KRONOLOJI_HINDISTAN	120	1615-01-10	Sir Thomas Roe, Cihangir'in sarayına İngiliz elçisi olarak kabul edildi	babur-imparatorlugu	babur-imparatorlugu✓		babur-imparatorlugu	ONEK	babur-imparatorlugu✓	babur-imparatorlugu	✓	A-TARAF-PENCEREDE	
KRONOLOJI_HINDISTAN	121	1628-01-01	İtimâdüddevle Türbesi Agra'da tamamlandı	babur-imparatorlugu	babur-imparatorlugu✓		babur-imparatorlugu	ONEK	babur-imparatorlugu✓	babur-imparatorlugu	✓	A-TARAF-PENCEREDE	
KRONOLOJI_HINDISTAN	122	1630-01-01	Dekken'de büyük kıtlık başladı	babur-imparatorlugu	babur-imparatorlugu✓		babur-imparatorlugu	ONEK	babur-imparatorlugu✓	babur-imparatorlugu	✓	A-TARAF-PENCEREDE	
KRONOLOJI_HINDISTAN	123	1674-07-04	Fransızlar Pondişeri'yi kurdu					BELIRSIZ			✗	E-ATIFSIZ	babur-imparatorlugu,maratha,golkonda,bicapur,sind
KRONOLOJI_HINDISTAN	124	1690-08-24	Job Charnock, Kalküta'yı İngiliz ticaret yerleşimi olarak kurdu	babur-imparatorlugu	babur-imparatorlugu✓		babur-imparatorlugu	ONEK	babur-imparatorlugu✓	babur-imparatorlugu	✓	A-TARAF-PENCEREDE	
KRONOLOJI_HINDISTAN	125	1700-01-01	Velî Deccanî, Urduca gazeller yazarak dîvân oluşturdu					BELIRSIZ			✗	E-ATIFSIZ	babur-imparatorlugu,maratha,sind
KRONOLOJI_HINDISTAN	126	1724-01-01	Racâ Jai Singh II, Delhi'de Jantar Mantar rasathanesini kurdu	babur-imparatorlugu	babur-imparatorlugu✓		babur-imparatorlugu	ONEK	babur-imparatorlugu✓	babur-imparatorlugu	✓	A-TARAF-PENCEREDE	
KRONOLOJI_HINDISTAN	127	1651-01-01	Fransız gezgin Tavernier, Golkonda elmas madenlerini ziyaret etti	golkonda	golkonda✓		golkonda	ONEK	golkonda✓	golkonda	✓	A-TARAF-PENCEREDE	
KRONOLOJI_HINDISTAN	128	1666-01-01	Dakka muslini Avrupa pazarlarında 'dokunmuş hava' olarak ün kazandı	babur-imparatorlugu	babur-imparatorlugu✓		babur-imparatorlugu	ONEK	babur-imparatorlugu✓	babur-imparatorlugu	✓	A-TARAF-PENCEREDE	
KRONOLOJI_HINDISTAN	129	1770-01-01	Büyük Bengal Kıtlığı başladı	babur-imparatorlugu	babur-imparatorlugu✓		babur-imparatorlugu	ONEK	babur-imparatorlugu✓	babur-imparatorlugu	✓	A-TARAF-PENCEREDE	
KRONOLOJI_HINDISTAN	130	1590-01-01	Jahangir döneminde Bâbürlü minyatür resim okulu doğa gözlemine yöneldi	babur-imparatorlugu	babur-imparatorlugu✓		babur-imparatorlugu	ONEK	babur-imparatorlugu✓	babur-imparatorlugu	✓	A-TARAF-PENCEREDE	
KRONOLOJI_JAPONYA	0	1281-08-15	İkinci Moğol istilası "kamikaze" tayfunuyla dağıldı	kamakura	kamakura✓		kamakura	ONEK	kamakura✓	kamakura	✓	A-TARAF-PENCEREDE	
KRONOLOJI_JAPONYA	1	1297-01-01	Kamakura Şogunluğu, samuraylar için borç affı (Tokusei-rei) ilan etti	kamakura	kamakura✓		kamakura	ONEK	kamakura✓	kamakura	✓	A-TARAF-PENCEREDE	
KRONOLOJI_JAPONYA	2	1333-07-04	Kamakura Şogunluğu yıkıldı, İmparator Go-Daigo doğrudan iktidara döndü				kamakura,kenmu	ONEK	kamakura✓,kenmu✓	kamakura,kenmu	✓	B-TARAFSIZ-0929-ATIF-PENCEREDE	
KRONOLOJI_JAPONYA	3	1336-11-07	Ashikaga Takauji, Muromachi Şogunluğu'nu kurdu — Nanboku-chō bölünmesi başladı	muromachi	muromachi✓		kenmu,muromachi	ONEK	kenmu✓,muromachi✓	muromachi	✓	A-TARAF-PENCEREDE	
KRONOLOJI_JAPONYA	4	1392-11-19	Nanboku-chō bölünmesi sona erdi, saraylar birleşti	muromachi	muromachi✓		muromachi	ONEK	muromachi✓	muromachi	✓	A-TARAF-PENCEREDE	
KRONOLOJI_JAPONYA	5	1397-01-01	Yoshimitsu, Kinkaku-ji'yi (Altın Köşk) inşa ettirdi	muromachi	muromachi✓		muromachi	ONEK	muromachi✓	muromachi	✓	A-TARAF-PENCEREDE	
KRONOLOJI_JAPONYA	6	1401-01-01	Yoshimitsu, Ming Çin'iyle mühürlü tabaka (kangō) ticaretini başlattı	muromachi	muromachi✓		muromachi	ONEK	muromachi✓	muromachi	✓	A-TARAF-PENCEREDE	
KRONOLOJI_JAPONYA	7	1467-05-20	Ōnin Savaşı başladı — Sengoku (Savaşan Beylikler) dönemi açıldı	muromachi	muromachi✓		muromachi	ONEK	muromachi✓	muromachi	✓	A-TARAF-PENCEREDE	
KRONOLOJI_JAPONYA	8	1489-01-01	Yoshimasa, Ginkaku-ji'yi (Gümüş Köşk) inşa ettirdi	muromachi	muromachi✓		muromachi	ONEK	muromachi✓	muromachi	✓	A-TARAF-PENCEREDE	
KRONOLOJI_JAPONYA	9	1543-08-25	Portekizliler Tanegaşima'ya ulaşıp ateşli silahı Japonya'ya tanıttı	muromachi	muromachi✓		muromachi	ONEK	muromachi✓	muromachi	✓	A-TARAF-PENCEREDE	
KRONOLOJI_JAPONYA	10	1549-08-15	Francis Xavier, Kagoşima'ya ulaşıp Hıristiyan misyonerliğini başlattı	muromachi	muromachi✓		muromachi	ONEK	muromachi✓	muromachi	✓	A-TARAF-PENCEREDE	
KRONOLOJI_JAPONYA	11	1568-10-18	Oda Nobunaga Kyoto'ya girdi, birleşme süreci başladı	azuchi-momoyama	azuchi-momoyama✓		azuchi-momoyama	ONEK	azuchi-momoyama✓	azuchi-momoyama	✓	A-TARAF-PENCEREDE	
KRONOLOJI_JAPONYA	12	1571-10-01	Nobunaga, Enryaku-ji manastırını yakıp yıktı	azuchi-momoyama	azuchi-momoyama✓		azuchi-momoyama	ONEK	azuchi-momoyama✓	azuchi-momoyama	✓	A-TARAF-PENCEREDE	
KRONOLOJI_JAPONYA	13	1575-06-28	Nagashino Savaşı: Nobunaga'nın tüfekli piyadesi Takeda süvarisini ezdi	azuchi-momoyama	azuchi-momoyama✓		azuchi-momoyama	ONEK	azuchi-momoyama✓	azuchi-momoyama	✓	A-TARAF-PENCEREDE	
KRONOLOJI_JAPONYA	14	1582-02-20	Tenshō Elçilik Heyeti dört genç Hıristiyan samurayı Avrupa'ya gönderdi	azuchi-momoyama	azuchi-momoyama✓		azuchi-momoyama	ONEK	azuchi-momoyama✓	azuchi-momoyama	✓	A-TARAF-PENCEREDE	
KRONOLOJI_JAPONYA	15	1582-06-21	Honnō-ji Vakası: Nobunaga suikaste kurban gitti				azuchi-momoyama	ONEK	azuchi-momoyama✓	azuchi-momoyama	✓	B-TARAFSIZ-0929-ATIF-PENCEREDE	
KRONOLOJI_JAPONYA	16	1588-08-29	Hideyoshi "Kılıç Avı" fermanını çıkardı	azuchi-momoyama	azuchi-momoyama✓		azuchi-momoyama	ONEK	azuchi-momoyama✓	azuchi-momoyama	✓	A-TARAF-PENCEREDE	
KRONOLOJI_JAPONYA	17	1592-05-23	Hideyoshi Kore'yi işgal etti — Ming müdahale etti (Imjin Savaşı)	azuchi-momoyama	azuchi-momoyama✓		azuchi-momoyama	ONEK	azuchi-momoyama✓	azuchi-momoyama	✓	A-TARAF-PENCEREDE	
KRONOLOJI_JAPONYA	18	1597-02-05	Nagazaki'de 26 Hıristiyan çarmıha gerilerek idam edildi	azuchi-momoyama	azuchi-momoyama✓		azuchi-momoyama	ONEK	azuchi-momoyama✓	azuchi-momoyama	✓	A-TARAF-PENCEREDE	
KRONOLOJI_JAPONYA	19	1598-09-18	Hideyoshi öldü, Kore'den çekilme başladı	azuchi-momoyama	azuchi-momoyama✓		azuchi-momoyama	ONEK	azuchi-momoyama✓	azuchi-momoyama	✓	A-TARAF-PENCEREDE	
KRONOLOJI_JAPONYA	20	1600-10-21	Sekigahara Savaşı: Tokugawa Ieyasu üstünlüğü kesin olarak ele geçirdi				azuchi-momoyama	ZINCIR	azuchi-momoyama✓	azuchi-momoyama	✓	B-TARAFSIZ-0929-ATIF-PENCEREDE	
KRONOLOJI_JAPONYA	21	1603-03-24	Tokugawa Ieyasu, Edo'da şogunluğunu kurdu				edo-bakufu	ONEK	edo-bakufu✓	edo-bakufu	✓	B-TARAFSIZ-0929-ATIF-PENCEREDE	
KRONOLOJI_JAPONYA	22	1614-01-27	Tokugawa şogunluğu Hıristiyanlığı tamamen yasakladı	edo-bakufu	edo-bakufu✓		edo-bakufu	ONEK	edo-bakufu✓	edo-bakufu	✓	A-TARAF-PENCEREDE	
KRONOLOJI_JAPONYA	23	1615-06-04	Osaka Kalesi düştü, Toyotomi hanesi tükendi	edo-bakufu	edo-bakufu✓		edo-bakufu	ONEK	edo-bakufu✓	edo-bakufu	✓	A-TARAF-PENCEREDE	
KRONOLOJI_JAPONYA	24	1635-06-21	Sankin-kōtai (dönüşümlü ikamet) sistemi resmileştirildi	edo-bakufu	edo-bakufu✓		edo-bakufu	ONEK	edo-bakufu✓	edo-bakufu	✓	A-TARAF-PENCEREDE	
KRONOLOJI_JAPONYA	25	1637-12-17	Shimabara İsyanı patlak verdi	edo-bakufu	edo-bakufu✓		edo-bakufu	ONEK	edo-bakufu✓	edo-bakufu	✓	A-TARAF-PENCEREDE	
KRONOLOJI_JAPONYA	26	1639-07-05	"Sakoku" fermanıyla ülke neredeyse tamamen dışa kapatıldı	edo-bakufu	edo-bakufu✓		edo-bakufu	ONEK	edo-bakufu✓	edo-bakufu	✓	A-TARAF-PENCEREDE	
KRONOLOJI_JAPONYA	27	1641-06-25	Hollanda ticaret istasyonu Nagazaki'deki Dejima adacığına taşındı	edo-bakufu	edo-bakufu✓		edo-bakufu	ONEK	edo-bakufu✓	edo-bakufu	✓	A-TARAF-PENCEREDE	
KRONOLOJI_JAPONYA	28	1657-03-02	Meireki Büyük Yangını Edo'yu kül etti	edo-bakufu	edo-bakufu✓		edo-bakufu	ONEK	edo-bakufu✓	edo-bakufu	✓	A-TARAF-PENCEREDE	
KRONOLOJI_JAPONYA	29	1689-05-16	Matsuo Bashō, "Oku no Hosomichi" yolculuğuna çıktı	edo-bakufu	edo-bakufu✓		edo-bakufu	ONEK	edo-bakufu✓	edo-bakufu	✓	A-TARAF-PENCEREDE	
KRONOLOJI_JAPONYA	30	1703-03-20	47 Ronin'in intikamı — Akō Vakası sona erdi	edo-bakufu	edo-bakufu✓		edo-bakufu	ONEK	edo-bakufu✓	edo-bakufu	✓	A-TARAF-PENCEREDE	
KRONOLOJI_JAPONYA	31	1720-01-01	Şogun Yoshimune, Hıristiyanlık dışı Batı kitaplarının ithal yasağını gevşetti	edo-bakufu	edo-bakufu✓		edo-bakufu	ONEK	edo-bakufu✓	edo-bakufu	✓	A-TARAF-PENCEREDE	
KRONOLOJI_JAPONYA	32	1774-08-01	Sugita Genpaku, "Kaitai Şinşo"yu (Yeni Anatomi Kitabı) yayımladı	edo-bakufu	edo-bakufu✓		edo-bakufu	ONEK	edo-bakufu✓	edo-bakufu	✓	A-TARAF-PENCEREDE	
KRONOLOJI_JAPONYA	33	1782-01-01	Tenmei Kıtlığı başladı	edo-bakufu	edo-bakufu✓		edo-bakufu	ONEK	edo-bakufu✓	edo-bakufu	✓	A-TARAF-PENCEREDE	
KRONOLOJI_JAPONYA	34	1798-01-01	Motoori Norinaga, "Kojiki-den"i tamamladı	edo-bakufu	edo-bakufu✓		edo-bakufu	ONEK	edo-bakufu✓	edo-bakufu	✓	A-TARAF-PENCEREDE	
KRONOLOJI_JAPONYA	35	1831-01-01	Katsushika Hokusai, "Fuji Dağı'nın Otuz Altı Manzarası" serisini yayımladı	edo-bakufu	edo-bakufu✓		edo-bakufu	ONEK	edo-bakufu✓	edo-bakufu	✓	A-TARAF-PENCEREDE	
KRONOLOJI_JAPONYA	36	1837-06-01	Ōşio Heihaçirō, Osaka'da ayaklandı	edo-bakufu	edo-bakufu✓		edo-bakufu	ONEK	edo-bakufu✓	edo-bakufu	✓	A-TARAF-PENCEREDE	
KRONOLOJI_JAPONYA	37	1853-07-08	Komodor Perry'nin "Kara Gemileri" Uraga'ya demirledi				edo-bakufu	ONEK	edo-bakufu✓	edo-bakufu	✓	B-TARAFSIZ-0929-ATIF-PENCEREDE	
KRONOLOJI_JAPONYA	38	1858-07-29	ABD ile "eşitsiz" Ansei Ticaret Antlaşması imzalandı	edo-bakufu	edo-bakufu✓		edo-bakufu	ONEK	edo-bakufu✓	edo-bakufu	✓	A-TARAF-PENCEREDE	
KRONOLOJI_JAPONYA	39	1860-03-24	Şogunluk baş danışmanı Ii Naosuke suikaste kurban gitti	edo-bakufu	edo-bakufu✓		edo-bakufu	ONEK	edo-bakufu✓	edo-bakufu	✓	A-TARAF-PENCEREDE	
KRONOLOJI_JAPONYA	40	1866-03-07	Satsuma-Chōshū İttifakı gizlice kuruldu	edo-bakufu	edo-bakufu✓		edo-bakufu	ONEK	edo-bakufu✓	edo-bakufu	✓	A-TARAF-PENCEREDE	
KRONOLOJI_JAPONYA	41	1867-11-09	Şogun Yoshinobu iktidarı imparatora iade etti (Taisei Hōkan)	edo-bakufu	edo-bakufu✓		edo-bakufu	ONEK	edo-bakufu✓	edo-bakufu	✓	A-TARAF-PENCEREDE	
KRONOLOJI_JAPONYA	42	1868-01-03	Meiji Restorasyonu ilan edildi, şogunluk kaldırıldı				meiji-japonya	ONEK	meiji-japonya✓	meiji-japonya	✓	B-TARAFSIZ-0929-ATIF-PENCEREDE	
KRONOLOJI_JAPONYA	43	1868-04-06	Beş Maddelik Yemin (Charter Oath) ilan edildi	meiji-japonya	meiji-japonya✓		meiji-japonya	ONEK	meiji-japonya✓	meiji-japonya	✓	A-TARAF-PENCEREDE	
KRONOLOJI_JAPONYA	44	1872-08-03	Gakusei (Eğitim Sistemi) fermanıyla zorunlu ilköğretim getirildi	meiji-japonya	meiji-japonya✓		meiji-japonya	ONEK	meiji-japonya✓	meiji-japonya	✓	A-TARAF-PENCEREDE	
KRONOLOJI_JAPONYA	45	1872-10-04	Tomioka İpek Fabrikası açıldı	meiji-japonya	meiji-japonya✓		meiji-japonya	ONEK	meiji-japonya✓	meiji-japonya	✓	A-TARAF-PENCEREDE	
KRONOLOJI_JAPONYA	46	1885-03-16	Fukuzawa Yukichi, "Datsu-A Ron" (Asya'dan Çıkış) makalesini yayımladı	meiji-japonya	meiji-japonya✓		meiji-japonya	ONEK	meiji-japonya✓	meiji-japonya	✓	A-TARAF-PENCEREDE	
KRONOLOJI_JAPONYA	47	1889-02-05	Tokyo Sanat Okulu (bugünkü Tokyo Sanat Üniversitesi) kuruldu	meiji-japonya	meiji-japonya✓		meiji-japonya	ONEK	meiji-japonya✓	meiji-japonya	✓	A-TARAF-PENCEREDE	
KRONOLOJI_JAPONYA	48	1890-12-01	Kitasato Şibasaburō, Tokyo'da kendi Bulaşıcı Hastalıklar Enstitüsü'nü kurdu	meiji-japonya	meiji-japonya✓		meiji-japonya	ONEK	meiji-japonya✓	meiji-japonya	✓	A-TARAF-PENCEREDE	
KRONOLOJI_JAPONYA	49	1871-08-29	Han sistemi kaldırılıp vilayetler (ken) kuruldu	meiji-japonya	meiji-japonya✓		meiji-japonya	ONEK	meiji-japonya✓	meiji-japonya	✓	A-TARAF-PENCEREDE	
KRONOLOJI_JAPONYA	50	1871-12-23	Iwakura Heyeti, Batı'yı incelemek üzere yola çıktı	meiji-japonya	meiji-japonya✓		meiji-japonya	ONEK	meiji-japonya✓	meiji-japonya	✓	A-TARAF-PENCEREDE	
KRONOLOJI_JAPONYA	51	1872-10-14	Japonya'nın ilk demiryolu (Tokyo-Yokohama) açıldı	meiji-japonya	meiji-japonya✓		meiji-japonya	ONEK	meiji-japonya✓	meiji-japonya	✓	A-TARAF-PENCEREDE	
KRONOLOJI_JAPONYA	52	1873-01-10	Askerlik yasası ile evrensel zorunlu askerlik getirildi	meiji-japonya	meiji-japonya✓		meiji-japonya	ONEK	meiji-japonya✓	meiji-japonya	✓	A-TARAF-PENCEREDE	
KRONOLOJI_JAPONYA	53	1877-02-15	Satsuma İsyanı: Saigō Takamori son samuray direnişini başlattı	meiji-japonya	meiji-japonya✓		meiji-japonya	ONEK	meiji-japonya✓	meiji-japonya	✓	A-TARAF-PENCEREDE	
KRONOLOJI_JAPONYA	54	1877-04-12	Tokyo İmparatorluk Üniversitesi kuruldu	meiji-japonya	meiji-japonya✓		meiji-japonya	ONEK	meiji-japonya✓	meiji-japonya	✓	A-TARAF-PENCEREDE	
KRONOLOJI_JAPONYA	55	1889-02-11	Meiji Anayasası kabul edildi	meiji-japonya	meiji-japonya✓		meiji-japonya	ONEK	meiji-japonya✓	meiji-japonya	✓	A-TARAF-PENCEREDE	
KRONOLOJI_JAPONYA	56	1890-09-16	Ertuğrul Fırkateyni Kuşimoto açıklarında battı	meiji-japonya	meiji-japonya✓		meiji-japonya	ONEK	meiji-japonya✓	meiji-japonya	✓	A-TARAF-PENCEREDE	
KRONOLOJI_JAPONYA	57	1892-01-01	Yamada Torajirō, Ertuğrul yardım bağışlarını İstanbul'a götürdü	meiji-japonya	meiji-japonya✓		meiji-japonya	ONEK	meiji-japonya✓	meiji-japonya	✓	A-TARAF-PENCEREDE	
KRONOLOJI_JAPONYA	58	1894-07-25	Birinci Çin-Japon Savaşı başladı	meiji-japonya	meiji-japonya✓		meiji-japonya	ONEK	meiji-japonya✓	meiji-japonya	✓	A-TARAF-PENCEREDE	
KRONOLOJI_JAPONYA	59	1895-04-17	Şimonoseki Antlaşması imzalandı — Tayvan Japonya'ya geçti				meiji-japonya	ONEK	meiji-japonya✓	meiji-japonya	✓	B-TARAFSIZ-0929-ATIF-PENCEREDE	
KRONOLOJI_JAPONYA	60	1902-01-30	İngiliz-Japon İttifakı imzalandı	meiji-japonya	meiji-japonya✓		meiji-japonya	ONEK	meiji-japonya✓	meiji-japonya	✓	A-TARAF-PENCEREDE	
KRONOLOJI_JAPONYA	61	1904-02-08	Rus-Japon Savaşı başladı	meiji-japonya	meiji-japonya✓		meiji-japonya	ONEK	meiji-japonya✓	meiji-japonya	✓	A-TARAF-PENCEREDE	
KRONOLOJI_JAPONYA	62	1905-05-27	Tsushima Deniz Muharebesi: Rus Baltık Filosu yok edildi	meiji-japonya	meiji-japonya✓		meiji-japonya	ONEK	meiji-japonya✓	meiji-japonya	✓	A-TARAF-PENCEREDE	
KRONOLOJI_JAPONYA	63	1905-09-05	Portsmouth Antlaşması Rus-Japon Savaşı'nı sona erdirdi				meiji-japonya	ONEK	meiji-japonya✓	meiji-japonya	✓	B-TARAFSIZ-0929-ATIF-PENCEREDE	
KRONOLOJI_JAPONYA	64	1910-08-29	Japonya Kore'yi ilhak etti				meiji-japonya	ONEK	meiji-japonya✓	meiji-japonya	✓	B-TARAFSIZ-0929-ATIF-PENCEREDE	
KRONOLOJI_JAPONYA	65	1911-02-21	ABD ile yeni antlaşmayla gümrük özerkliği geri kazanıldı	meiji-japonya	meiji-japonya✓		meiji-japonya	ONEK	meiji-japonya✓	meiji-japonya	✓	A-TARAF-PENCEREDE	
KRONOLOJI_JAPONYA	66	1912-07-30	Meiji İmparatoru öldü, Taishō dönemi başladı	meiji-japonya	meiji-japonya✓		meiji-japonya	ONEK	meiji-japonya✓	meiji-japonya	✓	A-TARAF-PENCEREDE	
KRONOLOJI_JAPONYA	67	1914-08-23	Japonya, İtilaf Devletleri yanında I. Dünya Savaşı'na girdi	meiji-japonya	meiji-japonya✓		meiji-japonya	ONEK	meiji-japonya✓	meiji-japonya	✓	A-TARAF-PENCEREDE	
KRONOLOJI_JAPONYA	68	1918-08-03	Pirinç Ayaklanmaları ülke çapına yayıldı	meiji-japonya	meiji-japonya✓		meiji-japonya	ONEK	meiji-japonya✓	meiji-japonya	✓	A-TARAF-PENCEREDE	
KRONOLOJI_JAPONYA	69	1919-01-18	Japonya, Paris Barış Konferansı'nda ırksal eşitlik önergesini sundu — reddedildi	meiji-japonya	meiji-japonya✓		meiji-japonya	ONEK	meiji-japonya✓	meiji-japonya	✓	A-TARAF-PENCEREDE	
KRONOLOJI_JAPONYA	70	1923-09-01	Büyük Kantō Depremi Tokyo ve Yokohama'yı yerle bir etti	meiji-japonya	meiji-japonya✓		meiji-japonya	ONEK	meiji-japonya✓	meiji-japonya	✓	A-TARAF-PENCEREDE	
KRONOLOJI_MISIR	0	1517-01-22	Ridâniye — Memlük Devleti'nin sonu, Mısır'ın Osmanlı'ya katılışı				memluk	ZINCIR	memluk✓	memluk	✓	B-TARAFSIZ-0929-ATIF-PENCEREDE	
KRONOLOJI_MISIR	1	1517-01-22	Süveyş'in Osmanlı idaresine geçişi — Kızıldeniz kapısı				memluk	ZINCIR	memluk✓	memluk	✓	B-TARAFSIZ-0929-ATIF-PENCEREDE	
KRONOLOJI_MISIR	2	1517-01-24	Osmanlı birliklerinin Kahire'ye ilk girişi				memluk	ZINCIR	memluk✓	memluk	✓	B-TARAFSIZ-0929-ATIF-PENCEREDE	
KRONOLOJI_MISIR	3	1517-02-08	Canbirdi Gazâlî'nin Osmanlı hizmetine alınması — Memlük kadrolarının sisteme dâhili				memluk	ZINCIR	memluk✓	memluk	✓	B-TARAFSIZ-0929-ATIF-PENCEREDE	
KRONOLOJI_MISIR	4	1517-05-19	İskenderiye'nin teslimi — Mısır fethinin tamamlanması	misir-eyaleti	misir-eyaleti✓	misir-eyaleti	misir-eyaleti	KUNYE	misir-eyaleti✓	misir-eyaleti	✓	A-TARAF-PENCEREDE	
KRONOLOJI_MISIR	5	1517-07-06	Hicaz'ın Kahire üzerinden savaşsız katılışı	misir-eyaleti	misir-eyaleti✓	misir-eyaleti	misir-eyaleti	KUNYE	misir-eyaleti✓	misir-eyaleti	✓	A-TARAF-PENCEREDE	
KRONOLOJI_MISIR	6	1524-01-01	Hâin Ahmed Paşa'nın kendini sultan ilan etmesi ve isyanının bastırılması	misir-eyaleti	misir-eyaleti✓	misir-eyaleti	misir-eyaleti	KUNYE	misir-eyaleti✓	misir-eyaleti	✓	A-TARAF-PENCEREDE	
KRONOLOJI_MISIR	7	1525-01-01	İbrahim Paşa Kanunnâmesi — Mısır'ın ikili idare çerçevesinin kurulması	misir-eyaleti	misir-eyaleti✓	misir-eyaleti	misir-eyaleti	KUNYE	misir-eyaleti✓	misir-eyaleti	✓	A-TARAF-PENCEREDE	
KRONOLOJI_MISIR	8	1711-01-01	Büyük Fitne — Kāsımiyye-Zülfikāriyye çatışması ve beylerbeyinin azli	misir-eyaleti	misir-eyaleti✓	misir-eyaleti	misir-eyaleti	KUNYE	misir-eyaleti✓	misir-eyaleti	✓	A-TARAF-PENCEREDE	
KRONOLOJI_MISIR	9	1723-01-01	Kāsımiyye fırkasından Çerkez Mehmed'in şeyhülbeledliğe gelmesi	misir-eyaleti	misir-eyaleti✓	misir-eyaleti	misir-eyaleti	KUNYE	misir-eyaleti✓	misir-eyaleti	✓	A-TARAF-PENCEREDE	
KRONOLOJI_MISIR	10	1729-01-01	Çerkez Mehmed'in ölümü — Kazdağlı hizbinin yükselişinin başlaması	misir-eyaleti	misir-eyaleti✓	misir-eyaleti	misir-eyaleti	KUNYE	misir-eyaleti✓	misir-eyaleti	✓	A-TARAF-PENCEREDE	
KRONOLOJI_MISIR	11	1760-01-01	Kazdağlıların Bulutkapan Ali Bey'i şeyhülbeledliğe ataması	misir-eyaleti	misir-eyaleti✓	misir-eyaleti	misir-eyaleti	KUNYE	misir-eyaleti✓	misir-eyaleti	✓	A-TARAF-PENCEREDE	
KRONOLOJI_MISIR	12	1768-01-01	Ali Bey'in Ebu'z-Zeheb aracılığıyla rakiplerini tasfiyesi	misir-eyaleti	misir-eyaleti✓	misir-eyaleti	misir-eyaleti	KUNYE	misir-eyaleti✓	misir-eyaleti	✓	A-TARAF-PENCEREDE	
KRONOLOJI_MISIR	13	1769-06-01	Ali Bey'in Osmanlı'ya bağlılığı fiilen reddetmesi	misir-eyaleti	misir-eyaleti✓	misir-eyaleti	misir-eyaleti	KUNYE	misir-eyaleti✓	misir-eyaleti	✓	A-TARAF-PENCEREDE	
KRONOLOJI_MISIR	14	1770-11-01	Ali Bey'in Zâhir el-Ömer ile ittifak kurup Suriye seferini başlatması	misir-eyaleti	misir-eyaleti✓	misir-eyaleti	misir-eyaleti	KUNYE	misir-eyaleti✓	misir-eyaleti	✓	A-TARAF-PENCEREDE	
KRONOLOJI_MISIR	15	1771-06-01	Şam'ın Ali Bey/Ebu'z-Zeheb kuvvetlerince ele geçirilmesi	misir-eyaleti	misir-eyaleti✓	misir-eyaleti	misir-eyaleti	KUNYE	misir-eyaleti✓	misir-eyaleti	✓	A-TARAF-PENCEREDE	
KRONOLOJI_MISIR	16	1771-06-11	Ebu'z-Zeheb'in ihaneti — Şam'dan Mısır'a ani dönüşü	misir-eyaleti	misir-eyaleti✓	misir-eyaleti	misir-eyaleti	KUNYE	misir-eyaleti✓	misir-eyaleti	✓	A-TARAF-PENCEREDE	
KRONOLOJI_MISIR	17	1772-04-01	Ebu'z-Zeheb'in Ali Bey'i Kahire'den kovması	misir-eyaleti	misir-eyaleti✓	misir-eyaleti	misir-eyaleti	KUNYE	misir-eyaleti✓	misir-eyaleti	✓	A-TARAF-PENCEREDE	
KRONOLOJI_MISIR	18	1773-04-01	Sâlihiye Muharebesi — Ali Bey'in Ebu'z-Zeheb tarafından bozguna uğratılması	misir-eyaleti	misir-eyaleti✓	misir-eyaleti	misir-eyaleti	KUNYE	misir-eyaleti✓	misir-eyaleti	✓	A-TARAF-PENCEREDE	
KRONOLOJI_MISIR	19	1773-05-08	Ali Bey el-Kebir'in ölümü	misir-eyaleti	misir-eyaleti✓	misir-eyaleti	misir-eyaleti	KUNYE	misir-eyaleti✓	misir-eyaleti	✓	A-TARAF-PENCEREDE	
KRONOLOJI_MISIR	20	1775-06-01	Ebu'z-Zeheb'in Zâhir el-Ömer'e karşı seferde ölümü	misir-eyaleti	misir-eyaleti✓	misir-eyaleti	misir-eyaleti	KUNYE	misir-eyaleti✓	misir-eyaleti	✓	A-TARAF-PENCEREDE	
KRONOLOJI_MISIR	21	1775-01-01	Ebu'z-Zeheb sonrası Muhammediyye-Aleviyye fırka mücadelesi	misir-eyaleti	misir-eyaleti✓	misir-eyaleti		(0929'da yok)		misir-eyaleti	✓	A-TARAF-PENCEREDE	
KRONOLOJI_MISIR	22	1786-06-09	Cezayirli Gazi Hasan Paşa'nın Mısır'a gönderilmesi — merkezin son ciddi müdahalesi	misir-eyaleti	misir-eyaleti✓	misir-eyaleti		(0929'da yok)		misir-eyaleti	✓	A-TARAF-PENCEREDE	
KRONOLOJI_MISIR	23	1798-07-01	Napolyon'un Mısır'ı işgali — Avrupa'nın Osmanlı çekirdek toprağına ilk doğrudan saldırısı	misir-eyaleti	misir-eyaleti✓	misir-eyaleti	misir-eyaleti	KUNYE	misir-eyaleti✓	misir-eyaleti	✓	A-TARAF-PENCEREDE	
KRONOLOJI_MISIR	24	1798-07-21	Ehramlar (İmbâbe) Muharebesi — Kölemen süvarisinin dağılması			misir-eyaleti	misir-eyaleti	KUNYE	misir-eyaleti✓	misir-eyaleti	✓	B-TARAFSIZ-0929-ATIF-PENCEREDE	
KRONOLOJI_MISIR	25	1798-09-09	Osmanlı'nın Fransa'ya savaş ilanı — İngiltere ve Rusya ile ittifak	misir-eyaleti	misir-eyaleti✓	misir-eyaleti	misir-eyaleti	KUNYE	misir-eyaleti✓	misir-eyaleti	✓	A-TARAF-PENCEREDE	
KRONOLOJI_MISIR	26	1799-05-20	Napolyon'un Akkâ'da durdurulması — Mısır işgalinin en uç noktası	misir-eyaleti	misir-eyaleti✓	misir-eyaleti	misir-eyaleti	KUNYE	misir-eyaleti✓	misir-eyaleti	✓	A-TARAF-PENCEREDE	
KRONOLOJI_MISIR	27	1801-03-08	Kavalalı Mehmed Ali Mısır'a çıktı	misir-eyaleti	misir-eyaleti✓	misir-eyaleti	misir-eyaleti	KUNYE	misir-eyaleti✓	misir-eyaleti	✓	A-TARAF-PENCEREDE	
KRONOLOJI_MISIR	28	1801-10-09	Mısır'ın Fransızlardan tahliyesi	misir-eyaleti	misir-eyaleti✓	misir-eyaleti	misir-eyaleti	KUNYE	misir-eyaleti✓	misir-eyaleti	✓	A-TARAF-PENCEREDE	
KRONOLOJI_MISIR	29	1802-06-25	Paris Antlaşması — Fransa ile barışın kurulması	misir-eyaleti	misir-eyaleti✓	misir-eyaleti	misir-eyaleti	KUNYE	misir-eyaleti✓	misir-eyaleti	✓	A-TARAF-PENCEREDE	
KRONOLOJI_MISIR	30	1803-01-01	Arnavut askerlerinin valiyi devirmesi — üçlü iktidar mücadelesi	misir-eyaleti	misir-eyaleti✓	misir-eyaleti		(0929'da yok)		misir-eyaleti	✓	A-TARAF-PENCEREDE	
KRONOLOJI_MISIR	31	1805-05-01	Kahire ulemâsının Mehmed Ali'yi vali ilan etmesi	misir-eyaleti	misir-eyaleti✓	misir-eyaleti		(0929'da yok)		misir-eyaleti	✓	A-TARAF-PENCEREDE	
KRONOLOJI_MISIR	32	1805-07-03	Bâbıâli'nin Mehmed Ali'ye vezirlik rütbesiyle valilik fermanı				misir-eyaleti,misir-kavalali	ZINCIR	misir-eyaleti✓,misir-kavalali✓	misir-eyaleti,misir-kavalali	✓	B-TARAFSIZ-0929-ATIF-PENCEREDE	
KRONOLOJI_MISIR	33	1807-03-17	İngiliz Fraser seferinin İskenderiye'ye çıkması	misir-kavalali	misir-kavalali✓		misir-kavalali	ZINCIR	misir-kavalali✓	misir-kavalali	✓	A-TARAF-PENCEREDE	
KRONOLOJI_MISIR	34	1807-04-21	Reşid bozgunu — İngilizlerin püskürtülmesi	misir-kavalali	misir-kavalali✓		misir-kavalali	ZINCIR	misir-kavalali✓	misir-kavalali	✓	A-TARAF-PENCEREDE	
KRONOLOJI_MISIR	35	1811-03-01	Kal'a Vakası — Kölemen beylerinin tasfiyesi	misir-kavalali	misir-kavalali✓		misir-kavalali	ZINCIR	misir-kavalali✓	misir-kavalali	✓	A-TARAF-PENCEREDE	
KRONOLOJI_MISIR	36	1811-09-03	Hicaz seferinin başlaması — Tosun Paşa Yenbu'ya çıktı	misir-kavalali	misir-kavalali✓		misir-kavalali	ZINCIR	misir-kavalali✓	misir-kavalali	✓	A-TARAF-PENCEREDE	
KRONOLOJI_MISIR	37	1812-12-03	Medine'nin geri alınması	misir-kavalali	misir-kavalali✓		misir-kavalali	ZINCIR	misir-kavalali✓	misir-kavalali	✓	A-TARAF-PENCEREDE	
KRONOLOJI_MISIR	38	1813-01-23	Mekke'nin geri alınması — hac yolunun açılması	misir-kavalali	misir-kavalali✓		misir-kavalali	ZINCIR	misir-kavalali✓	misir-kavalali	✓	A-TARAF-PENCEREDE	
KRONOLOJI_MISIR	39	1813-05-02	Tâif'in geri alınması — Hicaz seferinin tamamlanışı	misir-kavalali	misir-kavalali✓		misir-kavalali	ZINCIR	misir-kavalali✓	misir-kavalali	✓	A-TARAF-PENCEREDE	
KRONOLOJI_MISIR	40	1815-01-20	Bisel Muharebesi — Suûdî kuvvetlerinin bozguna uğraması	misir-kavalali	misir-kavalali✓		misir-kavalali	ZINCIR	misir-kavalali✓	misir-kavalali	✓	A-TARAF-PENCEREDE	
KRONOLOJI_MISIR	41	1818-09-09	Dir'iye'nin düşüşü — İlk Suûdî Devleti'nin sonu	misir-kavalali	misir-kavalali✓		misir-kavalali	ZINCIR	misir-kavalali✓	misir-kavalali	✓	A-TARAF-PENCEREDE	
KRONOLOJI_MISIR	42	1820-07-20	Sudan seferinin başlaması	misir-kavalali	misir-kavalali✓		misir-kavalali	ZINCIR	misir-kavalali✓	misir-kavalali	✓	A-TARAF-PENCEREDE	
KRONOLOJI_MISIR	43	1821-01-04	Dongola'nın alınması	misir-kavalali	misir-kavalali✓		misir-kavalali	ZINCIR	misir-kavalali✓	misir-kavalali	✓	A-TARAF-PENCEREDE	
KRONOLOJI_MISIR	44	1821-06-01	Jumel pamuğunun Mısır tarımına girmesi	misir-kavalali	misir-kavalali✓		misir-kavalali	ZINCIR	misir-kavalali✓	misir-kavalali	✓	A-TARAF-PENCEREDE	
KRONOLOJI_MISIR	45	1821-06-14	Sennâr (Fûnc) Sultanlığı'nın teslimi	misir-kavalali	misir-kavalali✓		misir-kavalali	ZINCIR	misir-kavalali✓	misir-kavalali	✓	A-TARAF-PENCEREDE	
KRONOLOJI_MISIR	46	1821-08-19	Kordofan'ın ele geçirilmesi	misir-kavalali	misir-kavalali✓		misir-kavalali	ZINCIR	misir-kavalali✓	misir-kavalali	✓	A-TARAF-PENCEREDE	
KRONOLOJI_MISIR	47	1821-11-14	Bulak Matbaası'nın resmî açılışı	misir-kavalali	misir-kavalali✓		misir-kavalali	ZINCIR	misir-kavalali✓	misir-kavalali	✓	A-TARAF-PENCEREDE	
KRONOLOJI_MISIR	48	1822-06-28	Girit'e Mısır kuvvetlerinin çıkması	misir-kavalali	misir-kavalali✓		misir-kavalali	ZINCIR	misir-kavalali✓	misir-kavalali	✓	A-TARAF-PENCEREDE	
KRONOLOJI_MISIR	49	1822-10-24	İsmâil Paşa'nın Şendî'de öldürülmesi	misir-kavalali	misir-kavalali✓		misir-kavalali	ZINCIR	misir-kavalali✓	misir-kavalali	✓	A-TARAF-PENCEREDE	
KRONOLOJI_MISIR	50	1824-07-19	II. Mahmud'un Mora için Mehmed Ali'den yardım istemesi	misir-kavalali	misir-kavalali✓		misir-kavalali	ZINCIR	misir-kavalali✓	misir-kavalali	✓	A-TARAF-PENCEREDE	
KRONOLOJI_MISIR	51	1825-02-24	İbrâhim Paşa'nın Mora'ya çıkması	misir-kavalali	misir-kavalali✓		misir-kavalali	ZINCIR	misir-kavalali✓	misir-kavalali	✓	A-TARAF-PENCEREDE	
KRONOLOJI_MISIR	52	1825-06-22	Tripoliçe'nin geri alınması — Mora'nın merkezinin düşüşü	misir-kavalali	misir-kavalali✓		misir-kavalali	ZINCIR	misir-kavalali✓	misir-kavalali	✓	A-TARAF-PENCEREDE	
KRONOLOJI_MISIR	53	1826-01-01	Mehmed Ali'nin Paris'e ilk büyük öğrenci heyetini göndermesi	misir-kavalali	misir-kavalali✓		misir-kavalali	ZINCIR	misir-kavalali✓	misir-kavalali	✓	A-TARAF-PENCEREDE	
KRONOLOJI_MISIR	54	1826-04-22	Missolonghi'nin düşüşü	misir-kavalali	misir-kavalali✓		misir-kavalali	ZINCIR	misir-kavalali✓	misir-kavalali	✓	A-TARAF-PENCEREDE	
KRONOLOJI_MISIR	55	1827-06-01	Kasrü'l-Aynî Tıp Mektebi'nin kuruluşu	misir-kavalali	misir-kavalali✓		misir-kavalali	ZINCIR	misir-kavalali✓	misir-kavalali	✓	A-TARAF-PENCEREDE	
KRONOLOJI_MISIR	56	1827-10-20	Navarin Baskını — Mısır donanmasının yakılması	misir-kavalali	misir-kavalali✓		misir-kavalali	ZINCIR	misir-kavalali✓	misir-kavalali	✓	A-TARAF-PENCEREDE	
KRONOLOJI_MISIR	57	1828-01-01	Vekâyi-i Mısır'ın yayın hayatına başlaması	misir-kavalali	misir-kavalali✓		misir-kavalali	ZINCIR	misir-kavalali✓	misir-kavalali	✓	A-TARAF-PENCEREDE	
KRONOLOJI_MISIR	58	1828-08-06	İskenderiye Sözleşmesi — Mısır'ın Mora'dan çekilme kararı	misir-kavalali	misir-kavalali✓		misir-kavalali	ZINCIR	misir-kavalali✓	misir-kavalali	✓	A-TARAF-PENCEREDE	
KRONOLOJI_MISIR	59	1828-10-05	Mısır kuvvetlerinin Mora'yı boşaltması	misir-kavalali	misir-kavalali✓		misir-kavalali	ZINCIR	misir-kavalali✓	misir-kavalali	✓	A-TARAF-PENCEREDE	
KRONOLOJI_MISIR	60	1830-01-01	Girit'in idaresinin Mehmed Ali'ye bırakılması	misir-kavalali	misir-kavalali✓			(0929'da yok)		misir-kavalali	✓	A-TARAF-PENCEREDE	
KRONOLOJI_MISIR	61	1831-10-31	İbrâhim Paşa'nın Suriye'ye girmesi — Birinci Mısır Meselesi başladı				misir-kavalali	ZINCIR	misir-kavalali✓	misir-kavalali	✓	B-TARAFSIZ-0929-ATIF-PENCEREDE	
KRONOLOJI_MISIR	62	1831-11-27	Akkâ kuşatmasının başlaması	misir-kavalali	misir-kavalali✓		misir-kavalali	ZINCIR	misir-kavalali✓	misir-kavalali	✓	A-TARAF-PENCEREDE	
KRONOLOJI_MISIR	63	1832-05-27	Akkâ'nın düşmesi — Bâbıâli Mehmed Ali'yi âsi ilan etti	misir-kavalali	misir-kavalali✓		misir-kavalali	ZINCIR	misir-kavalali✓	misir-kavalali	✓	A-TARAF-PENCEREDE	
KRONOLOJI_MISIR	64	1832-06-15	Şam'ın teslim olması	misir-kavalali	misir-kavalali✓		misir-kavalali	ZINCIR	misir-kavalali✓	misir-kavalali	✓	A-TARAF-PENCEREDE	
KRONOLOJI_MISIR	65	1832-06-25	Halep'in ele geçirilmesi	misir-kavalali	misir-kavalali✓		misir-kavalali	ZINCIR	misir-kavalali✓	misir-kavalali	✓	A-TARAF-PENCEREDE	
KRONOLOJI_MISIR	66	1832-07-08	Humus Muharebesi — Osmanlı ordusunun bozgunu	misir-kavalali	misir-kavalali✓		misir-kavalali	ZINCIR	misir-kavalali✓	misir-kavalali	✓	A-TARAF-PENCEREDE	
KRONOLOJI_MISIR	67	1832-07-29	Belen Geçidi bozgunu — Çukurova'nın açılması	misir-kavalali	misir-kavalali✓		misir-kavalali	ZINCIR	misir-kavalali✓	misir-kavalali	✓	A-TARAF-PENCEREDE	
KRONOLOJI_MISIR	68	1832-11-21	Mısır ordusunun Konya'ya girmesi	misir-kavalali	misir-kavalali✓		misir-kavalali	ZINCIR	misir-kavalali✓	misir-kavalali	✓	A-TARAF-PENCEREDE	
KRONOLOJI_MISIR	69	1832-12-21	Konya Meydan Muharebesi — Osmanlı sadrazamının esir alınması	misir-kavalali	misir-kavalali✓		misir-kavalali	ZINCIR	misir-kavalali✓	misir-kavalali	✓	A-TARAF-PENCEREDE	
KRONOLOJI_MISIR	70	1833-01-01	Telhîsu'l-İbrîz'in Bulak'ta basılması — Tahtâvî'nin Paris izlenimleri	misir-kavalali	misir-kavalali✓		misir-kavalali	ZINCIR	misir-kavalali✓	misir-kavalali	✓	A-TARAF-PENCEREDE	
KRONOLOJI_MISIR	71	1833-02-02	Mısır ordusunun Kütahya'ya ulaşması	misir-kavalali	misir-kavalali✓		misir-kavalali	ZINCIR	misir-kavalali✓	misir-kavalali	✓	A-TARAF-PENCEREDE	
KRONOLOJI_MISIR	72	1833-05-14	Kütahya Sözleşmesi — Suriye ve Adana Mehmed Ali'ye bırakıldı	misir-kavalali	misir-kavalali✓		misir-kavalali	ZINCIR	misir-kavalali✓	misir-kavalali	✓	A-TARAF-PENCEREDE	
KRONOLOJI_MISIR	73	1834-01-01	Mühendishâne'nin kurulması	misir-kavalali	misir-kavalali✓		misir-kavalali	ZINCIR	misir-kavalali✓	misir-kavalali	✓	A-TARAF-PENCEREDE	
KRONOLOJI_MISIR	74	1834-05-19	Filistin-Nablus isyanı Mısır idaresine karşı	misir-kavalali	misir-kavalali✓		misir-kavalali	ZINCIR	misir-kavalali✓	misir-kavalali	✓	A-TARAF-PENCEREDE	
KRONOLOJI_MISIR	75	1835-01-01	Tercüme okulunun Medresetü'l-elsün'e dönüştürülmesi	misir-kavalali	misir-kavalali✓		misir-kavalali	ZINCIR	misir-kavalali✓	misir-kavalali	✓	A-TARAF-PENCEREDE	
KRONOLOJI_MISIR	76	1837-10-15	Cebel-i Dürûz ayaklanması	misir-kavalali	misir-kavalali✓		misir-kavalali	ZINCIR	misir-kavalali✓	misir-kavalali	✓	A-TARAF-PENCEREDE	
KRONOLOJI_MISIR	77	1838-05-25	Mehmed Ali'nin bağımsızlık niyetini bildirmesi	misir-kavalali	misir-kavalali✓		misir-kavalali	ZINCIR	misir-kavalali✓	misir-kavalali	✓	A-TARAF-PENCEREDE	
KRONOLOJI_MISIR	78	1839-06-24	Nizip Muharebesi — İkinci Mısır Meselesi'nin zirvesi	misir-kavalali	misir-kavalali✓		misir-kavalali	ZINCIR	misir-kavalali✓	misir-kavalali	✓	A-TARAF-PENCEREDE	
KRONOLOJI_MISIR	79	1839-07-14	Osmanlı donanmasının Mısır'a teslimi	misir-kavalali	misir-kavalali✓		misir-kavalali	ZINCIR	misir-kavalali✓	misir-kavalali	✓	A-TARAF-PENCEREDE	
KRONOLOJI_MISIR	80	1839-07-27	Büyük devletlerin ortak notası — Mısır Meselesi'nin Avrupalılaşması	misir-kavalali	misir-kavalali✓		misir-kavalali	ZINCIR	misir-kavalali✓	misir-kavalali	✓	A-TARAF-PENCEREDE	
KRONOLOJI_MISIR	81	1840-07-15	Londra Antlaşması — Mehmed Ali'ye ültimatom	misir-kavalali	misir-kavalali✓		misir-kavalali	ZINCIR	misir-kavalali✓	misir-kavalali	✓	A-TARAF-PENCEREDE	
KRONOLOJI_MISIR	82	1840-09-11	Beyrut bombardımanı — müttefik çıkarması	misir-kavalali	misir-kavalali✓		misir-kavalali	ZINCIR	misir-kavalali✓	misir-kavalali	✓	A-TARAF-PENCEREDE	
KRONOLOJI_MISIR	83	1840-10-10	Beyrut ve sahil şehirlerinin elden çıkması	misir-kavalali	misir-kavalali✓		misir-kavalali	ZINCIR	misir-kavalali✓	misir-kavalali	✓	A-TARAF-PENCEREDE	
KRONOLOJI_MISIR	84	1840-11-03	Akkâ'nın iki saatte düşmesi	misir-kavalali	misir-kavalali✓		misir-kavalali	ZINCIR	misir-kavalali✓	misir-kavalali	✓	A-TARAF-PENCEREDE	
KRONOLOJI_MISIR	85	1840-11-27	İskenderiye Konvansiyonu — Mehmed Ali'nin geri adımı	misir-kavalali	misir-kavalali✓		misir-kavalali	ZINCIR	misir-kavalali✓	misir-kavalali	✓	A-TARAF-PENCEREDE	
KRONOLOJI_MISIR	86	1841-02-25	Mısır ordusunun Suriye ve Çukurova'yı boşaltması	misir-kavalali	misir-kavalali✓		misir-kavalali	ZINCIR	misir-kavalali✓	misir-kavalali	✓	A-TARAF-PENCEREDE	
KRONOLOJI_MISIR	87	1841-05-24	Ferman: Mısır valiliğinin Kavalalı ailesine irsî bırakılması	misir-kavalali	misir-kavalali✓		misir-kavalali	ZINCIR	misir-kavalali✓	misir-kavalali	✓	A-TARAF-PENCEREDE	
KRONOLOJI_MISIR	88	1841-01-01	Tahtâvî'nin resmî gazete idaresine getirilmesi	misir-kavalali	misir-kavalali✓			(0929'da yok)		misir-kavalali	✓	A-TARAF-PENCEREDE	
KRONOLOJI_MISIR	89	1848-09-01	İbrâhim Paşa'nın fiilen Mısır valisi olması	misir-kavalali	misir-kavalali✓		misir-kavalali	ZINCIR	misir-kavalali✓	misir-kavalali	✓	A-TARAF-PENCEREDE	
KRONOLOJI_MISIR	90	1849-08-02	Kavalalı Mehmed Ali Paşa'nın ölümü	misir-kavalali	misir-kavalali✓		misir-kavalali	ZINCIR	misir-kavalali✓	misir-kavalali	✓	A-TARAF-PENCEREDE	
KRONOLOJI_MISIR	91	1858-06-01	Antikiteler Servisi'nin kuruluşu — Mısırbilimin kurumsallaşması	misir-kavalali	misir-kavalali✓		misir-kavalali	ZINCIR	misir-kavalali✓	misir-kavalali	✓	A-TARAF-PENCEREDE	
KRONOLOJI_MISIR	92	1859-04-25	Süveyş Kanalı kazısının başlaması ve Port Said'in kuruluşu	misir-kavalali	misir-kavalali✓		misir-kavalali	ZINCIR	misir-kavalali✓	misir-kavalali	✓	A-TARAF-PENCEREDE	
KRONOLOJI_MISIR	93	1861-06-01	Amerikan İç Savaşı'nın Mısır pamuğuna talebi patlatması	misir-kavalali	misir-kavalali✓		misir-kavalali	ZINCIR	misir-kavalali✓	misir-kavalali	✓	A-TARAF-PENCEREDE	
KRONOLOJI_MISIR	94	1863-04-03	İsmâiliye'nin kuruluşu — Hidiv İsmail'in Süveyş berzahındaki yatırımı	misir-kavalali	misir-kavalali✓		misir-kavalali	ZINCIR	misir-kavalali✓	misir-kavalali	✓	A-TARAF-PENCEREDE	
KRONOLOJI_MISIR	95	1865-01-01	Sevâkin, Masavva ve Dahlak'ın Mısır'a bağlanması	misir-kavalali	misir-kavalali✓		misir-kavalali	ZINCIR	misir-kavalali✓	misir-kavalali	✓	A-TARAF-PENCEREDE	
KRONOLOJI_MISIR	96	1867-01-01	Hidiv İsmail'in Paris ziyareti ve Kahire'yi yeniden imar kararı	misir-kavalali	misir-kavalali✓			(0929'da yok)		misir-kavalali	✓	A-TARAF-PENCEREDE	
KRONOLOJI_MISIR	97	1867-06-08	Mısır valilerine 'hidiv' unvanının verilmesi	misir-kavalali	misir-kavalali✓		misir-kavalali	ZINCIR	misir-kavalali✓	misir-kavalali	✓	A-TARAF-PENCEREDE	
KRONOLOJI_MISIR	98	1869-11-17	Süveyş Kanalı'nın açılışı	misir-kavalali	misir-kavalali✓		misir-kavalali	ZINCIR	misir-kavalali✓	misir-kavalali	✓	A-TARAF-PENCEREDE	
KRONOLOJI_MISIR	99	1870-03-23	Dârü'l-Kütübi'l-Mısriyye'nin kuruluşu	misir-kavalali	misir-kavalali✓		misir-kavalali	ZINCIR	misir-kavalali✓	misir-kavalali	✓	A-TARAF-PENCEREDE	
KRONOLOJI_MISIR	100	1871-03-01	Cemâleddin Efgânî'nin Kahire'ye gelişi	misir-kavalali	misir-kavalali✓		misir-kavalali	ZINCIR	misir-kavalali✓	misir-kavalali	✓	A-TARAF-PENCEREDE	
KRONOLOJI_MISIR	101	1871-01-01	Kasrünnîl Köprüsü'nün inşası	misir-kavalali	misir-kavalali✓			(0929'da yok)		misir-kavalali	✓	A-TARAF-PENCEREDE	
KRONOLOJI_MISIR	102	1872-01-01	Bogos (Kerene) bölgesinin Mısır'a ilhakı	misir-kavalali	misir-kavalali✓		misir-kavalali	ZINCIR	misir-kavalali✓	misir-kavalali	✓	A-TARAF-PENCEREDE	
KRONOLOJI_MISIR	103	1874-01-01	İsmail Paşa'nın Ezbekiye'ye taşınması — yeni şehir merkezinin doğuşu	misir-kavalali	misir-kavalali✓			(0929'da yok)		misir-kavalali	✓	A-TARAF-PENCEREDE	
KRONOLOJI_MISIR	104	1874-11-02	Darfur Sultanlığı'nın Mısır'a ilhakı	misir-kavalali	misir-kavalali✓		misir-kavalali	ZINCIR	misir-kavalali✓	misir-kavalali	✓	A-TARAF-PENCEREDE	
KRONOLOJI_MISIR	105	1875-08-05	El-Ahrâm gazetesinin kuruluşu	misir-kavalali	misir-kavalali✓		misir-kavalali	ZINCIR	misir-kavalali✓	misir-kavalali	✓	A-TARAF-PENCEREDE	
KRONOLOJI_MISIR	106	1876-01-01	Düyûn-ı Umûmiyye — Mısır'ın mali iflası ve Avrupa denetimi	misir-kavalali	misir-kavalali✓		misir-kavalali	ZINCIR	misir-kavalali✓	misir-kavalali	✓	A-TARAF-PENCEREDE	
KRONOLOJI_MISIR	107	1878-01-01	Muhammed Abduh'un Ezher'de müderrisliğe başlaması	misir-kavalali	misir-kavalali✓			(0929'da yok)		misir-kavalali	✓	A-TARAF-PENCEREDE	
KRONOLOJI_MISIR	108	1879-06-26	İsmail Paşa'nın azli	misir-kavalali	misir-kavalali✓		misir-kavalali	ZINCIR	misir-kavalali✓	misir-kavalali	✓	A-TARAF-PENCEREDE	
KRONOLOJI_MISIR	109	1879-08-26	Cemâleddin Efgânî'nin Mısır'dan sürgün edilmesi	misir-kavalali	misir-kavalali✓		misir-kavalali	ZINCIR	misir-kavalali✓	misir-kavalali	✓	A-TARAF-PENCEREDE	
KRONOLOJI_MISIR	110	1882-07-11	İskenderiye'nin bombardımanı — İngiliz işgalinin ilk adımı	misir-kavalali	misir-kavalali✓		misir-kavalali	ZINCIR	misir-kavalali✓	misir-kavalali	✓	A-TARAF-PENCEREDE	
KRONOLOJI_MISIR	111	1882-09-13	Tel el-Kebîr Muharebesi — Urâbî ordusunun dağılması	misir-kavalali	misir-kavalali✓		misir-kavalali	ZINCIR	misir-kavalali✓	misir-kavalali	✓	A-TARAF-PENCEREDE	
KRONOLOJI_MISIR	112	1883-11-05	Şeykan bozgunu — Sudan'daki Mısır idaresinin çöküşünün başlangıcı	misir-kavalali	misir-kavalali✓		misir-kavalali	ZINCIR	misir-kavalali✓	misir-kavalali	✓	A-TARAF-PENCEREDE	
KRONOLOJI_MISIR	113	1885-01-26	Hartum'un düşüşü — Sudan'ın tamamının kaybı	misir-kavalali	misir-kavalali✓		misir-kavalali	ZINCIR	misir-kavalali✓	misir-kavalali	✓	A-TARAF-PENCEREDE	
KRONOLOJI_MISIR	114	1896-09-23	Dongola'nın geri alınışı — Sudan'ın yeniden fethinin başlaması	misir-kavalali	misir-kavalali✓		misir-kavalali	ZINCIR	misir-kavalali✓	misir-kavalali	✓	A-TARAF-PENCEREDE	
KRONOLOJI_MISIR	115	1898-09-02	Ümmüdurman Muharebesi — Mehdî devletinin yıkılışı	misir-kavalali	misir-kavalali✓		misir-kavalali	ZINCIR	misir-kavalali✓	misir-kavalali	✓	A-TARAF-PENCEREDE	
KRONOLOJI_MISIR	116	1899-01-19	Kondominyum Antlaşması — Sudan'ın İngiliz-Mısır ortak idaresi				misir-kavalali	ZINCIR	misir-kavalali✓	misir-kavalali	✓	B-TARAFSIZ-0929-ATIF-PENCEREDE	
KRONOLOJI_MISIR	117	1899-01-01	Muhammed Abduh'un Mısır Baş Müftülüğü'ne atanması	misir-kavalali	misir-kavalali✓			(0929'da yok)		misir-kavalali	✓	A-TARAF-PENCEREDE	
KRONOLOJI_MISIR	118	1914-12-18	Mısır'ın İngiliz himayesine alınması — Osmanlı hükümranlığının sonu			misir-kavalali	misir-kavalali	KUNYE	misir-kavalali✓	misir-kavalali	✓	B-TARAFSIZ-0929-ATIF-PENCEREDE	
KRONOLOJI_MISIR	119	1915-01-14	Birinci Kanal Harekâtı — Osmanlı'nın Süveyş'e taarruzu	misir-sultanligi	misir-sultanligi✓		misir-sultanligi	ZINCIR	misir-sultanligi✓	misir-sultanligi	✓	A-TARAF-PENCEREDE	
KRONOLOJI_OZBEK	0	1500-01-01	Şeybânî Han Buhara'yı ele geçirdi, Şeybânî devletinin kuruluşu				buhara	ETIKET	buhara✓	buhara	✓	B-TARAFSIZ-0929-ATIF-PENCEREDE	
KRONOLOJI_OZBEK	1	1501-01-01	Semerkant'ın fethi — Bâbür Mirza'nın kovulması	buhara	buhara✓		buhara	ETIKET	buhara✓	buhara	✓	A-TARAF-PENCEREDE	
KRONOLOJI_OZBEK	2	1507-01-01	Herat'ın fethi — Horasan Şeybânî hâkimiyetine girdi	buhara	buhara✓		buhara	ETIKET	buhara✓	buhara	✓	A-TARAF-PENCEREDE	
KRONOLOJI_OZBEK	3	1510-12-02	Şeybânî Han'ın Merv'de yenilip öldürülmesi ⭐ (dunya paylaşılan olay)	buhara	buhara✓		buhara	ETIKET	buhara✓	buhara	✓	A-TARAF-PENCEREDE	
KRONOLOJI_OZBEK	4	1525-01-01	Ubeydullah Han Merv'i fethetti	buhara	buhara✓		buhara	ETIKET	buhara✓	buhara	✓	A-TARAF-PENCEREDE	
KRONOLOJI_OZBEK	5	1529-01-01	Ubeydullah Han Herat'ı fethetti	buhara	buhara✓		buhara	ETIKET	buhara✓	buhara	✓	A-TARAF-PENCEREDE	
KRONOLOJI_OZBEK	6	1533-01-01	Ubeydullah Han bütün Mâverâünnehir Şeybânîlerinin lideri oldu	buhara	buhara✓		buhara	ETIKET	buhara✓	buhara	✓	A-TARAF-PENCEREDE	
KRONOLOJI_OZBEK	7	1536-01-01	Mîr-i Arab Medresesi tamamlandı	buhara	buhara✓		buhara	ETIKET	buhara✓	buhara	✓	A-TARAF-PENCEREDE	
KRONOLOJI_OZBEK	8	1538-01-01	Ubeydullah Han Harzem (Hîve) topraklarını işgal etti	buhara	buhara✓		buhara,hive	ETIKET	buhara✓,hive✓	buhara	✓	A-TARAF-PENCEREDE	
KRONOLOJI_OZBEK	9	1539-01-01	Ubeydullah Han'ın ölümü	buhara	buhara✓		buhara	ETIKET	buhara✓	buhara	✓	A-TARAF-PENCEREDE	
KRONOLOJI_OZBEK	10	1557-05-01	II. Abdullah Han Buhara'yı ele geçirip başkent yaptı	buhara	buhara✓		buhara	ETIKET	buhara✓	buhara	✓	A-TARAF-PENCEREDE	
KRONOLOJI_OZBEK	11	1561-05-01	İskender Han nominal Şeybânî tahtına çıkarıldı	buhara	buhara✓		buhara	ETIKET	buhara✓	buhara	✓	A-TARAF-PENCEREDE	
KRONOLOJI_OZBEK	12	1574-01-01	Belh'in fethi	buhara	buhara✓		buhara	ETIKET	buhara✓	buhara	✓	A-TARAF-PENCEREDE	
KRONOLOJI_OZBEK	13	1578-01-01	Semerkant'ın ele geçirilmesi	buhara	buhara✓		buhara	ETIKET	buhara✓	buhara	✓	A-TARAF-PENCEREDE	
KRONOLOJI_OZBEK	14	1582-01-01	Taşkent ve kuzey Seyhun bölgesinin fethi	buhara	buhara✓		buhara	ETIKET	buhara✓	buhara	✓	A-TARAF-PENCEREDE	
KRONOLOJI_OZBEK	15	1583-06-22	II. Abdullah Han resmen tahta çıktı	buhara	buhara✓		buhara	ETIKET	buhara✓	buhara	✓	A-TARAF-PENCEREDE	
KRONOLOJI_OZBEK	16	1588-01-01	Taşkent isyanının bastırılması ve Herat'ın yeniden fethi	buhara	buhara✓		buhara	ETIKET	buhara✓	buhara	✓	A-TARAF-PENCEREDE	
KRONOLOJI_OZBEK	17	1594-01-01	Osmanlı payitahtına elçi gönderilmesi	buhara	buhara✓		buhara	ETIKET	buhara✓	buhara	✓	A-TARAF-PENCEREDE	
KRONOLOJI_OZBEK	18	1596-01-01	Harzem'in (Hîve) yeniden fethi	buhara	buhara✓		buhara,hive	ETIKET	buhara✓,hive✓	buhara	✓	A-TARAF-PENCEREDE	
KRONOLOJI_OZBEK	19	1598-01-01	II. Abdullah Han'ın ölümü ve taht kavgaları	buhara	buhara✓		buhara	ETIKET	buhara✓	buhara	✓	A-TARAF-PENCEREDE	
KRONOLOJI_OZBEK	20	1599-01-01	Şeybânî hanedanının sonu — Canoğulları (Astrahanlılar) iktidara geldi				buhara	ETIKET	buhara✓	buhara	✓	B-TARAFSIZ-0929-ATIF-PENCEREDE	
KRONOLOJI_OZBEK	21	1611-01-01	İmam Kulı Han döneminde hanlık zirveye ulaştı	buhara	buhara✓		buhara	ETIKET	buhara✓	buhara	✓	A-TARAF-PENCEREDE	
KRONOLOJI_OZBEK	22	1636-01-01	Şîrdâr Medresesi tamamlandı (Semerkant, Registan)	buhara	buhara✓		buhara	ETIKET	buhara✓	buhara	✓	A-TARAF-PENCEREDE	
KRONOLOJI_OZBEK	23	1660-01-01	Tillâkârî Medresesi tamamlandı — Registan üçlemesi tamam	buhara	buhara✓		buhara	ETIKET	buhara✓	buhara	✓	A-TARAF-PENCEREDE	
KRONOLOJI_OZBEK	24	1710-01-01	Hokand ayrılıp bağımsız hanlık kurdu	buhara	buhara✓		buhara,hokand	ETIKET	buhara✓,hokand✓	buhara	✓	A-TARAF-PENCEREDE	
KRONOLOJI_OZBEK	25	1740-01-01	Nâdir Şah'ın istilası — Buhara ve Hîve nominal vassal oldu	buhara	buhara✓		buhara,hive	ETIKET	buhara✓,hive✓	buhara	✓	A-TARAF-PENCEREDE	
KRONOLOJI_OZBEK	26	1785-01-01	Canoğulları hanedanının sonu — Mangıt emirliğinin kuruluşu				buhara	ETIKET	buhara✓	buhara	✓	B-TARAFSIZ-0929-ATIF-PENCEREDE	
KRONOLOJI_OZBEK	27	1800-01-01	Şah Murad'ın ölümü, Emir Haydar'ın tahta çıkışı	buhara	buhara✓		buhara	ETIKET	buhara✓	buhara	✓	A-TARAF-PENCEREDE	
KRONOLOJI_OZBEK	28	1826-01-01	Nasrullah Han'ın kanlı taht kavgasıyla iktidara gelişi	buhara	buhara✓		buhara	ETIKET	buhara✓	buhara	✓	A-TARAF-PENCEREDE	
KRONOLOJI_OZBEK	29	1842-06-24	Nasrullah Han, İngiliz subayları Stoddart ve Conolly'yi idam ettirdi	buhara	buhara✓		buhara	ETIKET	buhara✓	buhara	✓	A-TARAF-PENCEREDE	
KRONOLOJI_OZBEK	30	1842-01-01	Nasrullah Han'ın Hokand'ı geçici olarak ilhakı	buhara	buhara✓		buhara,hokand	ETIKET	buhara✓,hokand✓	buhara	✓	A-TARAF-PENCEREDE	
KRONOLOJI_OZBEK	31	1860-01-01	Nasrullah Han'ın ölümü, Muzafferüddin'in tahta çıkışı	buhara	buhara✓		buhara	ETIKET	buhara✓	buhara	✓	A-TARAF-PENCEREDE	
KRONOLOJI_OZBEK	32	1868-06-02	Buhara Emirliği Rus himayesine girdi ⭐ (dunya paylaşılan olay)	buhara	buhara✓		buhara	ETIKET	buhara✓	buhara	✓	A-TARAF-PENCEREDE	
KRONOLOJI_OZBEK	33	1885-01-01	Muzafferüddin'in ölümü, Abdülahad Han'ın tahta çıkışı	buhara	buhara✓		buhara	ETIKET	buhara✓	buhara	✓	A-TARAF-PENCEREDE	
KRONOLOJI_OZBEK	34	1900-01-01	Buhara'da ilk usûl-i cedîd okulları açıldı	buhara	buhara✓		buhara	ETIKET	buhara✓	buhara	✓	A-TARAF-PENCEREDE	
KRONOLOJI_OZBEK	35	1910-01-01	Abdülahad Han'ın ölümü — son emir Alim Han tahta çıktı	buhara	buhara✓		buhara	ETIKET	buhara✓	buhara	✓	A-TARAF-PENCEREDE	
KRONOLOJI_OZBEK	36	1910-01-01	Buhara ulemasının Osmanlı'ya yardım çağrısı	buhara	buhara✓		buhara	ETIKET	buhara✓	buhara	✓	A-TARAF-PENCEREDE	
KRONOLOJI_OZBEK	37	1920-09-02	Kızıl Ordu Buhara'yı ele geçirdi, emirlik sona erdi			buhara	buhara	KUNYE	buhara✓	buhara	✓	B-TARAFSIZ-0929-ATIF-PENCEREDE	
KRONOLOJI_OZBEK	38	1512-01-01	Yadigâroğulları Harzem'i (Hîve) fethetti — hanlığın kuruluşu				hive	ETIKET	hive✓	hive	✓	B-TARAFSIZ-0929-ATIF-PENCEREDE	
KRONOLOJI_OZBEK	39	1603-01-01	Başkentin Ürgenç'ten Hîve'ye taşınması	hive	hive✓		hive	ETIKET	hive✓	hive	✓	A-TARAF-PENCEREDE	
KRONOLOJI_OZBEK	40	1626-01-01	Ebulgazi'nin iktidar mücadelesinde başarısızlığı	hive	hive✓		hive	ETIKET	hive✓	hive	✓	A-TARAF-PENCEREDE	
KRONOLOJI_OZBEK	41	1629-01-01	Ebulgazi başkent Hîve'yi geçici olarak ele geçirdi	hive	hive✓		hive	ETIKET	hive✓	hive	✓	A-TARAF-PENCEREDE	
KRONOLOJI_OZBEK	42	1639-01-01	Ebulgazi'nin on yıllık İran esaretinden kaçışı	hive	hive✓		hive	ETIKET	hive✓	hive	✓	A-TARAF-PENCEREDE	
KRONOLOJI_OZBEK	43	1642-01-01	Ebulgazi Bahadır Han'ın Gürgenç'te han ilan edilmesi	hive	hive✓		hive	ETIKET	hive✓	hive	✓	A-TARAF-PENCEREDE	
KRONOLOJI_OZBEK	44	1645-01-01	Ebulgazi tüm Harzem'in hâkimi oldu	hive	hive✓		hive	ETIKET	hive✓	hive	✓	A-TARAF-PENCEREDE	
KRONOLOJI_OZBEK	45	1648-01-01	Ebulgazi'nin Türkmen ve Kalmuklara karşı seferleri (1648-1656)	hive	hive✓		hive	ETIKET	hive✓	hive	✓	A-TARAF-PENCEREDE	
KRONOLOJI_OZBEK	46	1655-01-01	Ebulgazi'nin Buhara Özbek Hanlığı'na karşı akınları	hive	hive✓		hive,buhara	ETIKET	hive✓,buhara✓	hive	✓	A-TARAF-PENCEREDE	
KRONOLOJI_OZBEK	47	1659-01-01	Ebulgazi Bahadır Han'ın Şecere-i Terâkime'yi tamamlaması	hive	hive✓		hive	ETIKET	hive✓	hive	✓	A-TARAF-PENCEREDE	
KRONOLOJI_OZBEK	48	1663-01-01	Ebulgazi Bahadır Han'ın ölümü	hive	hive✓		hive	ETIKET	hive✓	hive	✓	A-TARAF-PENCEREDE	
KRONOLOJI_OZBEK	49	1825-01-01	Allahkulı Han döneminde hanlığın parlak çağı	hive	hive✓		hive	ETIKET	hive✓	hive	✓	A-TARAF-PENCEREDE	
KRONOLOJI_OZBEK	50	1855-01-01	Serahs'ta Türkmenlere yenilgi, Muhammed Emin Han'ın ölümü	hive	hive✓		hive	ETIKET	hive✓	hive	✓	A-TARAF-PENCEREDE	
KRONOLOJI_OZBEK	51	1864-01-01	Seyyid Muhammed Rahim Bahadır Han'ın tahta çıkışı	hive	hive✓		hive	ETIKET	hive✓	hive	✓	A-TARAF-PENCEREDE	
KRONOLOJI_OZBEK	52	1873-08-12	Hîve Hanlığı Rus himayesine girdi ⭐ (dunya paylaşılan olay)	hive	hive✓		hive	ETIKET	hive✓	hive	✓	A-TARAF-PENCEREDE	
KRONOLOJI_OZBEK	53	1873-01-01	Osmanlı'nın Hîve'ye ittifak girişimi	hive	hive✓		hive	ETIKET	hive✓	hive	✓	A-TARAF-PENCEREDE	
KRONOLOJI_OZBEK	54	1920-02-02	Son Han Seyyid Abdullah'ın tahttan çekilmesi	hive	hive✓		hive	ETIKET	hive✓	hive	✓	A-TARAF-PENCEREDE	
KRONOLOJI_OZBEK	55	1920-04-26	Harezm Halk Cumhuriyeti ilan edildi				hive	ETIKET	hive✓	hive	✓	B-TARAFSIZ-0929-ATIF-PENCEREDE	
KRONOLOJI_OZBEK	56	1710-01-01	Şahruh Bey Hokand'ı kurdu				hokand	ETIKET	hokand✓	hokand	✓	B-TARAFSIZ-0929-ATIF-PENCEREDE	
KRONOLOJI_OZBEK	57	1721-01-01	Şahruh Bey'in ölümü, Abdülkerim'in tahta çıkışı	hokand	hokand✓		hokand	ETIKET	hokand✓	hokand	✓	A-TARAF-PENCEREDE	
KRONOLOJI_OZBEK	58	1758-01-01	Erdene Bey döneminde sınırların genişlemesi	hokand	hokand✓		hokand	ETIKET	hokand✓	hokand	✓	A-TARAF-PENCEREDE	
KRONOLOJI_OZBEK	59	1808-01-01	Âlim Han, Taşkent'i fethetti				hokand	ETIKET	hokand✓	hokand	✓	B-TARAFSIZ-0929-ATIF-PENCEREDE	
KRONOLOJI_OZBEK	60	1812-01-01	Muhammed Ömer Han'ın Rusya ile diplomatik ilişki başlatması	hokand	hokand✓		hokand	ETIKET	hokand✓	hokand	✓	A-TARAF-PENCEREDE	
KRONOLOJI_OZBEK	61	1822-01-01	Muhammed Ali Han'ın tahta çıkışı	hokand	hokand✓		hokand	ETIKET	hokand✓	hokand	✓	A-TARAF-PENCEREDE	
KRONOLOJI_OZBEK	62	1826-01-01	Doğu Türkistan'a askerî destek gönderilmesi	hokand	hokand✓		hokand	ETIKET	hokand✓	hokand	✓	A-TARAF-PENCEREDE	
KRONOLOJI_OZBEK	63	1831-01-01	Çin (Qing) ile antlaşma — Doğu Türkistan'dan çekiliş	hokand	hokand✓		hokand	ETIKET	hokand✓	hokand	✓	A-TARAF-PENCEREDE	
KRONOLOJI_OZBEK	64	1840-01-01	Buhara'ya karşı yenilgi	hokand	hokand✓		hokand,buhara	ETIKET	hokand✓,buhara✓	hokand	✓	A-TARAF-PENCEREDE	
KRONOLOJI_OZBEK	65	1842-06-01	Muhammed Ali Han'ın Buhara Emiri tarafından idamı	hokand	hokand✓		hokand,buhara	ETIKET	hokand✓,buhara✓	hokand	✓	A-TARAF-PENCEREDE	
KRONOLOJI_OZBEK	66	1864-01-01	Rus ilerleyişi — Evliyaata ve Çimkent'in kaybı	hokand	hokand✓		hokand	ETIKET	hokand✓	hokand	✓	A-TARAF-PENCEREDE	
KRONOLOJI_OZBEK	67	1865-06-29	Taşkent'in fethi ⭐ (dunya paylaşılan olay)	hokand	hokand✓		hokand	ETIKET	hokand✓	hokand	✓	A-TARAF-PENCEREDE	
KRONOLOJI_OZBEK	68	1868-01-01	Hudayâr Han, Rusya ile antlaşma imzaladı				hokand	ETIKET	hokand✓	hokand	✓	B-TARAFSIZ-0929-ATIF-PENCEREDE	
KRONOLOJI_OZBEK	69	1873-01-01	Hokand'da büyük halk ayaklanması başladı	hokand	hokand✓		hokand	ETIKET	hokand✓	hokand	✓	A-TARAF-PENCEREDE	
KRONOLOJI_OZBEK	70	1876-02-19	Hokand Hanlığı ilhak edildi ⭐ (dunya paylaşılan olay)				hokand	ETIKET	hokand✓	hokand	✓	B-TARAFSIZ-0929-ATIF-PENCEREDE	
KRONOLOJI_OZBEK	71	1569-01-01	Osmanlı'nın Astrahan/Don-Volga seferi ⭐ (dunya paylaşılan olay)				buhara	ETIKET	buhara✓	buhara	✓	B-TARAFSIZ-0929-ATIF-PENCEREDE	
KRONOLOJI_OZBEK	72	1779-01-01	Buhara'dan Osmanlı'ya ilk büyük elçilik				buhara	ETIKET	buhara✓	buhara	✓	B-TARAFSIZ-0929-ATIF-PENCEREDE	
KRONOLOJI_ANADOLU	0	1256-01-01	Karaman Bey, Ermenek-Mut yöresinde beyliğin temelini attı				karaman	KAYNAK	karaman✓	karaman	✓	B-TARAFSIZ-0929-ATIF-PENCEREDE	
KRONOLOJI_ANADOLU	1	1263-01-01	Karaman Bey, Ermeni Krallığı'na karşı savaşta aldığı yaralardan öldü	karaman	karaman✓		karaman	KAYNAK	karaman✓	karaman	✓	A-TARAF-PENCEREDE	
KRONOLOJI_ANADOLU	2	1276-01-01	Şemseddin Mehmed Bey, Ermenek subaşılığına getirildi	karaman	karaman✓		karaman	KAYNAK	karaman✓	karaman	✓	A-TARAF-PENCEREDE	
KRONOLOJI_ANADOLU	3	1277-05-13	Mehmed Bey Konya'yı ele geçirip Türkçeyi resmî dil ilan etti				karaman	KAYNAK	karaman✓	karaman	✓	B-TARAFSIZ-0929-ATIF-PENCEREDE	
KRONOLOJI_ANADOLU	4	1277-11-01	Mehmed Bey, Moğollara karşı İç İl'de savaşırken öldü	karaman	karaman✓		karaman	KAYNAK	karaman✓	karaman	✓	A-TARAF-PENCEREDE	
KRONOLOJI_ANADOLU	5	1281-01-01	Güneri Bey beyliğin başına geçti	karaman	karaman✓		karaman	KAYNAK	karaman✓	karaman	✓	A-TARAF-PENCEREDE	
KRONOLOJI_ANADOLU	6	1286-01-01	Güneri Bey, Lârende'yi (Karaman şehri) ele geçirdi	karaman	karaman✓		karaman	KAYNAK	karaman✓	karaman	✓	A-TARAF-PENCEREDE	
KRONOLOJI_ANADOLU	7	1300-04-17	Güneri Bey öldü; topraklar Lârende, Ereğli ve Alâiye'yi kapsıyordu	karaman	karaman✓		karaman	KAYNAK	karaman✓	karaman	✓	A-TARAF-PENCEREDE	
KRONOLOJI_ANADOLU	8	1302-01-01	Mecdüddin Mahmud Bey, Ermenek Ulucamii'ni tamamlattı	karaman	karaman✓		karaman	KAYNAK	karaman✓	karaman	✓	A-TARAF-PENCEREDE	
KRONOLOJI_ANADOLU	9	1307-01-01	Mahmud Bey öldü	karaman	karaman✓		karaman	KAYNAK	karaman✓	karaman	✓	A-TARAF-PENCEREDE	
KRONOLOJI_ANADOLU	10	1314-12-01	Yahşi Bey Konya'yı ele geçirdi, İlhanlı kuvvetlerince yakalandı	karaman	karaman✓		karaman	KAYNAK	karaman✓	karaman	✓	A-TARAF-PENCEREDE	
KRONOLOJI_ANADOLU	11	1318-01-01	Bedreddin İbrâhim Bey, Lârende'yi başkent yapıp saray inşa ettirdi	karaman	karaman✓		karaman	KAYNAK	karaman✓	karaman	✓	A-TARAF-PENCEREDE	
KRONOLOJI_ANADOLU	12	1328-01-01	Karamanlılar Konya, Gevele Kalesi ve Beyşehir'i yeniden aldı	karaman	karaman✓		karaman	KAYNAK	karaman✓	karaman	✓	A-TARAF-PENCEREDE	
KRONOLOJI_ANADOLU	13	1334-01-01	İbrâhim Bey Lârende'den, oğlu Ahmed Bey Konya'dan yönetti	karaman	karaman✓		karaman	KAYNAK	karaman✓	karaman	✓	A-TARAF-PENCEREDE	
KRONOLOJI_ANADOLU	14	1336-01-01	Aksaray Zinciriye Medresesi tamamlandı	karaman	karaman✓		karaman	KAYNAK	karaman✓	karaman	✓	A-TARAF-PENCEREDE	
KRONOLOJI_ANADOLU	15	1340-01-01	Ermenek Tol Medresesi inşa edildi	karaman	karaman✓		karaman	KAYNAK	karaman✓	karaman	✓	A-TARAF-PENCEREDE	
KRONOLOJI_ANADOLU	16	1340-06-01	Halil Bey merkezini Beyşehir'den Konya'ya taşıdı	karaman	karaman✓		karaman	KAYNAK	karaman✓	karaman	✓	A-TARAF-PENCEREDE	
KRONOLOJI_ANADOLU	17	1341-01-01	İbrâhim Bey'in Kahire'ye giden elçisi Memlük hil'at ve sikke kalıplarıyla döndü	karaman	karaman✓		karaman	KAYNAK	karaman✓	karaman	✓	A-TARAF-PENCEREDE	
KRONOLOJI_ANADOLU	18	1361-01-01	Süleyman Bey akrabaları tarafından öldürüldü, Alâeddin Bey iktidara geçti	karaman	karaman✓		karaman	KAYNAK	karaman✓	karaman	✓	A-TARAF-PENCEREDE	
KRONOLOJI_ANADOLU	19	1366-01-01	Alâeddin Bey, Konya'yı kalıcı olarak ele geçirip başkent yaptı				karaman	KAYNAK	karaman✓	karaman	✓	B-TARAFSIZ-0929-ATIF-PENCEREDE	
KRONOLOJI_ANADOLU	20	1375-01-01	Ermeni Krallığı'nın Memlüklere düşmesiyle Çukurova'ya doğru genişledi	karaman	karaman✓		karaman	KAYNAK	karaman✓	karaman	✓	A-TARAF-PENCEREDE	
KRONOLOJI_ANADOLU	21	1381-06-01	Nefîse Sultan, Karaman'da Hatuniye Medresesi'ni yaptırdı	karaman	karaman✓		karaman	KAYNAK	karaman✓	karaman	✓	A-TARAF-PENCEREDE	
KRONOLOJI_ANADOLU	22	1386-01-01	Alâeddin Bey İfrenk Yazısı'nda I. Murad'a yenilip Beyşehir'i kaybetti	karaman	karaman✓		karaman	KAYNAK	karaman✓	karaman	✓	A-TARAF-PENCEREDE	
KRONOLOJI_ANADOLU	23	1389-07-01	I. Kosova sonrası zayıflayan Osmanlı'dan Beyşehir geri alındı	karaman	karaman✓		karaman	KAYNAK	karaman✓	karaman	✓	A-TARAF-PENCEREDE	
KRONOLOJI_ANADOLU	24	1391-01-01	Yıldırım Bayezid ile barış; batı toprakları bırakıldı	karaman	karaman✓		karaman	KAYNAK	karaman✓	karaman	✓	A-TARAF-PENCEREDE	
KRONOLOJI_ANADOLU	25	1397-01-01	Akçay'da yenilgi; Konya kuşatılıp alındı				karaman	KAYNAK	karaman✓	karaman	✓	B-TARAFSIZ-0929-ATIF-PENCEREDE	
KRONOLOJI_ANADOLU	26	1398-01-01	Alâeddin Bey idam edildi; beyliğin çoğu Osmanlı'ya katıldı	karaman	karaman✓		karaman	KAYNAK	karaman✓	karaman	✓	A-TARAF-PENCEREDE	
KRONOLOJI_ANADOLU	27	1402-07-28	Ankara Savaşı sonrası Timur, Alâeddin'in oğullarına toprakları geri verdi				karaman	KAYNAK	karaman✓	karaman	✓	B-TARAFSIZ-0929-ATIF-PENCEREDE	
KRONOLOJI_ANADOLU	28	1413-01-01	II. Mehmed Bey Bursa'yı kuşattı, Memlüklerden Tarsus'u aldı	karaman	karaman✓		karaman	KAYNAK	karaman✓	karaman	✓	A-TARAF-PENCEREDE	
KRONOLOJI_ANADOLU	29	1414-06-01	Beyşehir, Seydişehir ve Akşehir Çelebi Mehmed'e bırakıldı	karaman	karaman✓		karaman	KAYNAK	karaman✓	karaman	✓	A-TARAF-PENCEREDE	
KRONOLOJI_ANADOLU	30	1419-01-01	Memlük kuvvetleri Kayseri'yi işgal etti, Mehmed Bey Mısır'da hapsedildi	karaman	karaman✓		karaman	KAYNAK	karaman✓	karaman	✓	A-TARAF-PENCEREDE	
KRONOLOJI_ANADOLU	31	1421-01-01	Memlük sultanının ölümüyle Mehmed Bey serbest kalıp döndü	karaman	karaman✓		karaman	KAYNAK	karaman✓	karaman	✓	A-TARAF-PENCEREDE	
KRONOLOJI_ANADOLU	32	1423-01-01	II. Mehmed Bey, Antalya'yı kuşatırken top güllesiyle öldü	karaman	karaman✓		karaman	KAYNAK	karaman✓	karaman	✓	A-TARAF-PENCEREDE	
KRONOLOJI_ANADOLU	33	1432-01-01	Tâceddin İbrâhim Bey, Karaman'da büyük külliyesini tamamlattı	karaman	karaman✓		karaman	KAYNAK	karaman✓	karaman	✓	A-TARAF-PENCEREDE	
KRONOLOJI_ANADOLU	34	1433-01-01	İbrâhim Bey, Hamîdoğulları'ndan Eğirdir ve Isparta'yı aldı	karaman	karaman✓		karaman	KAYNAK	karaman✓	karaman	✓	A-TARAF-PENCEREDE	
KRONOLOJI_ANADOLU	35	1435-01-01	Antlaşmayla Hamîd toprakları Osmanlı sancağı sayıldı; Dulkadirlilardan Kayseri alındı	karaman	karaman✓		karaman	KAYNAK	karaman✓	karaman	✓	A-TARAF-PENCEREDE	
KRONOLOJI_ANADOLU	36	1442-01-01	Macar saldırılarıyla eşzamanlı akın; II. Murad karşılık verdi	karaman	karaman✓		karaman	KAYNAK	karaman✓	karaman	✓	A-TARAF-PENCEREDE	
KRONOLOJI_ANADOLU	37	1444-08-01	İbrâhim Bey ile II. Murad arasında antlaşma; Osmanlı üstünlüğü kabul edildi	karaman	karaman✓		karaman	KAYNAK	karaman✓	karaman	✓	A-TARAF-PENCEREDE	
KRONOLOJI_ANADOLU	38	1448-01-01	İbrâhim Bey Kıbrıs'tan Körkes Kalesi'ni aldı, Konya'yı yeniden başkent yaptı	karaman	karaman✓		karaman	KAYNAK	karaman✓	karaman	✓	A-TARAF-PENCEREDE	
KRONOLOJI_ANADOLU	39	1464-01-01	Tâceddin İbrâhim Bey, Gevele Kalesi'ne giderken öldü	karaman	karaman✓		karaman	KAYNAK	karaman✓	karaman	✓	A-TARAF-PENCEREDE	
KRONOLOJI_ANADOLU	40	1465-01-01	Pîr Ahmed, Osmanlı desteğiyle kardeşi İshak'ı yenip beyliğin tamamına hâkim oldu	karaman	karaman✓		karaman	KAYNAK	karaman✓	karaman	✓	A-TARAF-PENCEREDE	
KRONOLOJI_ANADOLU	41	1468-04-01	Osmanlılar Gevele ve Konya'yı aldı, Pîr Ahmed dağlara çekildi	karaman	karaman✓		karaman	KAYNAK	karaman✓	karaman	✓	A-TARAF-PENCEREDE	
KRONOLOJI_ANADOLU	42	1471-01-01	Kasım Bey, Akkoyunlu desteğiyle Konya'yı kısa süre geri aldı	karaman	karaman✓		karaman	KAYNAK	karaman✓	karaman	✓	A-TARAF-PENCEREDE	
KRONOLOJI_ANADOLU	43	1474-01-01	Osmanlı seferi dağlık ve kıyı bölgeleri de tam denetime aldı	karaman	karaman✓		karaman	KAYNAK	karaman✓	karaman	✓	A-TARAF-PENCEREDE	
KRONOLOJI_ANADOLU	44	1483-01-01	Kasım Bey öldü; İç İl'de Turgutoğlu Mahmud bey seçildi	karaman	karaman✓		karaman	KAYNAK	karaman✓	karaman	✓	A-TARAF-PENCEREDE	
KRONOLOJI_ANADOLU	45	1487-01-01	Mahmud Bey Halep'e kaçtı; Karamanoğulları tarihe karıştı				karaman	KAYNAK	karaman✓	karaman	✓	B-TARAFSIZ-0929-ATIF-PENCEREDE	
KRONOLOJI_ANADOLU	46	1380-01-01	Alâeddin Bey'in siparişiyle Yârcânî "Karamannâme"yi kaleme aldı	karaman	karaman✓		karaman	KAYNAK	karaman✓	karaman	✓	A-TARAF-PENCEREDE	
KRONOLOJI_ANADOLU	47	1400-01-01	Bölge tahıl, yün, deri, halı ve at ihraç ediyordu	karaman	karaman✓		karaman	KAYNAK	karaman✓	karaman	✓	A-TARAF-PENCEREDE	
KRONOLOJI_ANADOLU	48	1350-01-01	Türkmen oymak konfederasyonlarına dayanan toplumsal yapı	karaman	karaman✓		karaman	KAYNAK	karaman✓	karaman	✓	A-TARAF-PENCEREDE	
KRONOLOJI_ANADOLU	49	1431-01-01	Aksaray Ulucamii tamamlandı	karaman	karaman✓		karaman	KAYNAK	karaman✓	karaman	✓	A-TARAF-PENCEREDE	
KRONOLOJI_ANADOLU	50	1441-01-01	Mut'ta Lâl Ağa Camii yaptırıldı	karaman	karaman✓		karaman	KAYNAK	karaman✓	karaman	✓	A-TARAF-PENCEREDE	
KRONOLOJI_ANADOLU	51	1071-08-26	Malazgirt zaferi Anadolu'nun kapısını açtı					BELIRSIZ			✗	E-ATIFSIZ	YOK
KRONOLOJI_ANADOLU	52	1075-01-01	I. Süleyman Şah tarafından kuruldu, İznik başkent oldu	selcuklu	selcuklu✓		selcuklu	KAYNAK	selcuklu✓	selcuklu	✓	A-TARAF-PENCEREDE	
KRONOLOJI_ANADOLU	53	1080-01-01	Fetih sonrası nüfus ve iskân politikası	selcuklu	selcuklu✓		selcuklu	KAYNAK	selcuklu✓	selcuklu	✓	A-TARAF-PENCEREDE	
KRONOLOJI_ANADOLU	54	1081-01-01	Süleyman Şah - Bizans barış antlaşması (Drakon Çayı sınırı)	selcuklu	selcuklu✓		selcuklu	KAYNAK	selcuklu✓	selcuklu	✓	A-TARAF-PENCEREDE	
KRONOLOJI_ANADOLU	55	1082-01-01	Süleyman Şah sultan unvanını aldı	selcuklu	selcuklu✓		selcuklu	KAYNAK	selcuklu✓	selcuklu	✓	A-TARAF-PENCEREDE	
KRONOLOJI_ANADOLU	56	1082-06-01	Çukurova seferi: Tarsus, Adana, Misis'in fethi	selcuklu	selcuklu✓		selcuklu	KAYNAK	selcuklu✓	selcuklu	✓	A-TARAF-PENCEREDE	
KRONOLOJI_ANADOLU	57	1084-12-12	Antakya'nın fethi	selcuklu	selcuklu✓		selcuklu	KAYNAK	selcuklu✓	selcuklu	✓	A-TARAF-PENCEREDE	
KRONOLOJI_ANADOLU	58	1086-06-04	Süleyman Şah'ın Ayn Seylem'de ölümü				selcuklu	KAYNAK	selcuklu✓	selcuklu	✓	B-TARAFSIZ-0929-ATIF-PENCEREDE	
KRONOLOJI_ANADOLU	59	1092-01-01	I. Kılıcarslan'ın İznik'e dönüp tahta çıkışı	selcuklu	selcuklu✓		selcuklu	KAYNAK	selcuklu✓	selcuklu	✓	A-TARAF-PENCEREDE	
KRONOLOJI_ANADOLU	60	1096-10-21	Halk Haçlı Seferi'nin (Pierre l'Ermite) imhası	selcuklu	selcuklu✓		selcuklu	KAYNAK	selcuklu✓	selcuklu	✓	A-TARAF-PENCEREDE	
KRONOLOJI_ANADOLU	61	1097-06-19	I. Haçlı Seferi İznik'i aldı, başkent Konya'ya taşındı	selcuklu	selcuklu✓		selcuklu	KAYNAK	selcuklu✓	selcuklu	✓	A-TARAF-PENCEREDE	
KRONOLOJI_ANADOLU	62	1097-07-01	Eskişehir yenilgisi ve Konya'nın başkent oluşu	selcuklu	selcuklu✓		selcuklu	KAYNAK	selcuklu✓	selcuklu	✓	A-TARAF-PENCEREDE	
KRONOLOJI_ANADOLU	63	1101-01-01	Niksar'da Haçlı ordusunun yok edilmesi	selcuklu	selcuklu✓		selcuklu	KAYNAK	selcuklu✓	selcuklu	✓	A-TARAF-PENCEREDE	
KRONOLOJI_ANADOLU	64	1103-01-01	Elbistan ve Maraş Ermenilerinin Haçlılardan kurtarılması	selcuklu	selcuklu✓		selcuklu	KAYNAK	selcuklu✓	selcuklu	✓	A-TARAF-PENCEREDE	
KRONOLOJI_ANADOLU	65	1106-09-02	Malatya'nın fethi	selcuklu	selcuklu✓		selcuklu	KAYNAK	selcuklu✓	selcuklu	✓	A-TARAF-PENCEREDE	
KRONOLOJI_ANADOLU	66	1107-01-01	I. Kılıcarslan'ın Habur Nehri'nde ölümü	selcuklu	selcuklu✓		selcuklu	KAYNAK	selcuklu✓	selcuklu	✓	A-TARAF-PENCEREDE	
KRONOLOJI_ANADOLU	67	1110-01-01	Melikşah (Şâhinşah)'ın Konya'da tahta çıkışı	selcuklu	selcuklu✓		selcuklu	KAYNAK	selcuklu✓	selcuklu	✓	A-TARAF-PENCEREDE	
KRONOLOJI_ANADOLU	68	1116-01-01	I. Mesud'un kardeşinden tahtı alması	selcuklu	selcuklu✓		selcuklu	KAYNAK	selcuklu✓	selcuklu	✓	A-TARAF-PENCEREDE	
KRONOLOJI_ANADOLU	69	1134-01-01	Emîr Gazi'nin ölümü, Ankara ve Kastamonu'nun ilhakı	selcuklu	selcuklu✓		selcuklu	KAYNAK	selcuklu✓	selcuklu	✓	A-TARAF-PENCEREDE	
KRONOLOJI_ANADOLU	70	1140-01-01	İlk Selçuklu parasının basılması	selcuklu	selcuklu✓		selcuklu	KAYNAK	selcuklu✓	selcuklu	✓	A-TARAF-PENCEREDE	
KRONOLOJI_ANADOLU	71	1146-01-01	Bizans İmparatoru Manuel'in Konya seferinin püskürtülmesi	selcuklu	selcuklu✓		selcuklu	KAYNAK	selcuklu✓	selcuklu	✓	A-TARAF-PENCEREDE	
KRONOLOJI_ANADOLU	72	1147-10-26	Dorylaeum'da (Eskişehir) Alman Haçlı ordusunun yenilgisi	selcuklu	selcuklu✓		selcuklu	KAYNAK	selcuklu✓	selcuklu	✓	A-TARAF-PENCEREDE	
KRONOLOJI_ANADOLU	73	1149-01-01	Maraş'ın Haçlılardan (Josselin) alınması	selcuklu	selcuklu✓		selcuklu	KAYNAK	selcuklu✓	selcuklu	✓	A-TARAF-PENCEREDE	
KRONOLOJI_ANADOLU	74	1155-01-01	I. Mesud'un ölümü, II. Kılıcarslan'ın tahta çıkışı	selcuklu	selcuklu✓		selcuklu	KAYNAK	selcuklu✓	selcuklu	✓	A-TARAF-PENCEREDE	
KRONOLOJI_ANADOLU	75	1162-01-01	II. Kılıcarslan'ın İstanbul'da Bizans ile barışı	selcuklu	selcuklu✓		selcuklu	KAYNAK	selcuklu✓	selcuklu	✓	A-TARAF-PENCEREDE	
KRONOLOJI_ANADOLU	76	1174-01-01	Sivas, Niksar, Tokat'ın Danişmendlilerden alınması	selcuklu	selcuklu✓		selcuklu	KAYNAK	selcuklu✓	selcuklu	✓	A-TARAF-PENCEREDE	
KRONOLOJI_ANADOLU	77	1176-09-17	II. Kılıçarslan, Myriokephalon'da Bizans'ı yendi	selcuklu	selcuklu✓		selcuklu	KAYNAK	selcuklu✓	selcuklu	✓	A-TARAF-PENCEREDE	
KRONOLOJI_ANADOLU	78	1178-01-01	Danişmendli topraklarının Selçuklu Devleti'ne ilhakı	selcuklu	selcuklu✓		selcuklu	KAYNAK	selcuklu✓	selcuklu	✓	A-TARAF-PENCEREDE	
KRONOLOJI_ANADOLU	79	1184-01-01	II. Kılıcarslan'ın ülkeyi on bir oğlu arasında taksimi	selcuklu	selcuklu✓		selcuklu	KAYNAK	selcuklu✓	selcuklu	✓	A-TARAF-PENCEREDE	
KRONOLOJI_ANADOLU	80	1185-01-01	Amisos (Samsun) limanının fethi	selcuklu	selcuklu✓		selcuklu	KAYNAK	selcuklu✓	selcuklu	✓	A-TARAF-PENCEREDE	
KRONOLOJI_ANADOLU	81	1192-08-26	II. Kılıcarslan'ın ölümü	selcuklu	selcuklu✓		selcuklu	KAYNAK	selcuklu✓	selcuklu	✓	A-TARAF-PENCEREDE	
KRONOLOJI_ANADOLU	82	1196-01-01	II. Süleyman Şah'ın kardeşini tahttan indirmesi	selcuklu	selcuklu✓		selcuklu	KAYNAK	selcuklu✓	selcuklu	✓	A-TARAF-PENCEREDE	
KRONOLOJI_ANADOLU	83	1202-01-01	II. Süleyman Şah'ın Gürcistan seferi	selcuklu	selcuklu✓		selcuklu	KAYNAK	selcuklu✓	selcuklu	✓	A-TARAF-PENCEREDE	
KRONOLOJI_ANADOLU	84	1204-01-01	II. Süleyman Şah'ın ölümü, III. Kılıcarslan'ın tahta çıkışı	selcuklu	selcuklu✓		selcuklu	KAYNAK	selcuklu✓	selcuklu	✓	A-TARAF-PENCEREDE	
KRONOLOJI_ANADOLU	85	1204-06-01	I. Keyhusrev'in İstanbul'a sığınması	selcuklu	selcuklu✓		selcuklu	KAYNAK	selcuklu✓	selcuklu	✓	A-TARAF-PENCEREDE	
KRONOLOJI_ANADOLU	86	1205-01-01	I. Keyhusrev'in ikinci kez tahta çıkışı	selcuklu	selcuklu✓		selcuklu	KAYNAK	selcuklu✓	selcuklu	✓	A-TARAF-PENCEREDE	
KRONOLOJI_ANADOLU	87	1206-01-01	Kayseri Gevher Nesibe Darüşşifası ve Tıp Medresesi'nin kuruluşu	selcuklu	selcuklu✓			BELIRSIZ		selcuklu	✓	A-TARAF-PENCEREDE	
KRONOLOJI_ANADOLU	88	1207-01-01	Antalya'nın fethi	selcuklu	selcuklu✓		selcuklu	KAYNAK	selcuklu✓	selcuklu	✓	A-TARAF-PENCEREDE	
KRONOLOJI_ANADOLU	89	1211-01-01	I. Keyhusrev'in Alaşehir'de ölümü	selcuklu	selcuklu✓		selcuklu	KAYNAK	selcuklu✓	selcuklu	✓	A-TARAF-PENCEREDE	
KRONOLOJI_ANADOLU	90	1214-01-01	I. Keykâvus'un fütüvvet teşkilatına girişi	selcuklu	selcuklu✓		selcuklu	KAYNAK	selcuklu✓	selcuklu	✓	A-TARAF-PENCEREDE	
KRONOLOJI_ANADOLU	91	1214-11-02	Sinop'un fethi	selcuklu	selcuklu✓		selcuklu	KAYNAK	selcuklu✓	selcuklu	✓	A-TARAF-PENCEREDE	
KRONOLOJI_ANADOLU	92	1216-01-22	Antalya'nın Franklardan geri alınması	selcuklu	selcuklu✓		selcuklu	KAYNAK	selcuklu✓	selcuklu	✓	A-TARAF-PENCEREDE	
KRONOLOJI_ANADOLU	93	1216-06-01	Çukurova Ermeni Krallığı ile tâbiiyet antlaşması	selcuklu	selcuklu✓		selcuklu	KAYNAK	selcuklu✓	selcuklu	✓	A-TARAF-PENCEREDE	
KRONOLOJI_ANADOLU	94	1217-01-01	Sivas Keykâvus Darüşşifası'nın inşası	selcuklu	selcuklu✓			BELIRSIZ		selcuklu	✓	A-TARAF-PENCEREDE	
KRONOLOJI_ANADOLU	95	1220-01-01	I. Keykâvus'un ölümü, I. Alâeddin Keykubad'ın tahta çıkışı	selcuklu	selcuklu✓		selcuklu	KAYNAK	selcuklu✓	selcuklu	✓	A-TARAF-PENCEREDE	
KRONOLOJI_ANADOLU	96	1222-01-01	Alanya (Kalonoros)'ın fethi ve tersanenin kuruluşu	selcuklu	selcuklu✓		selcuklu	KAYNAK	selcuklu✓	selcuklu	✓	A-TARAF-PENCEREDE	
KRONOLOJI_ANADOLU	97	1223-01-01	Venedik ve Kıbrıs Frankları ile ticarî antlaşmalar	selcuklu	selcuklu✓		selcuklu	KAYNAK	selcuklu✓	selcuklu	✓	A-TARAF-PENCEREDE	
KRONOLOJI_ANADOLU	98	1224-01-01	Suğdak seferi	selcuklu	selcuklu✓		selcuklu	KAYNAK	selcuklu✓	selcuklu	✓	A-TARAF-PENCEREDE	
KRONOLOJI_ANADOLU	99	1224-06-01	I. Keykubad'ın Konya'da hastane ve ulucamiler yaptırması	selcuklu	selcuklu✓		selcuklu	KAYNAK	selcuklu✓	selcuklu	✓	A-TARAF-PENCEREDE	
KRONOLOJI_ANADOLU	100	1226-01-01	Kâhta, Hısnımansûr ve Çemişkezek'in Artuklulardan alınması	selcuklu	selcuklu✓		selcuklu	KAYNAK	selcuklu✓	selcuklu	✓	A-TARAF-PENCEREDE	
KRONOLOJI_ANADOLU	101	1227-01-01	Bahâeddin Veled ve ailesinin (Mevlânâ) Konya'ya yerleşmesi	selcuklu	selcuklu✓			BELIRSIZ		selcuklu	✓	A-TARAF-PENCEREDE	
KRONOLOJI_ANADOLU	102	1228-01-01	Mengücükoğulları Beyliği'nin ilhakı	selcuklu	selcuklu✓		selcuklu	KAYNAK	selcuklu✓	selcuklu	✓	A-TARAF-PENCEREDE	
KRONOLOJI_ANADOLU	103	1229-01-01	Sultan Hanı kervansaraylarının inşası	selcuklu	selcuklu✓		selcuklu	KAYNAK	selcuklu✓	selcuklu	✓	A-TARAF-PENCEREDE	
KRONOLOJI_ANADOLU	104	1230-01-01	Yassıçemen Savaşı				selcuklu	KAYNAK	selcuklu✓	selcuklu	✓	B-TARAFSIZ-0929-ATIF-PENCEREDE	
KRONOLOJI_ANADOLU	105	1230-06-01	Ahi Evran'ın esnaf teşkilatını kurması	selcuklu	selcuklu✓		selcuklu	KAYNAK	selcuklu✓	selcuklu	✓	A-TARAF-PENCEREDE	
KRONOLOJI_ANADOLU	106	1231-02-23	Bahâeddin Veled'in Konya'da vefatı	selcuklu	selcuklu✓			BELIRSIZ		selcuklu	✓	A-TARAF-PENCEREDE	
KRONOLOJI_ANADOLU	107	1234-01-01	Muhyiddin İbnü'l-Arabî'nin Malatya ve Konya'daki faaliyetleri	selcuklu	selcuklu✓			BELIRSIZ		selcuklu	✓	A-TARAF-PENCEREDE	
KRONOLOJI_ANADOLU	108	1235-01-01	Çankırı Atabey Ferruh Hastahanesi'nin inşası	selcuklu	selcuklu✓			BELIRSIZ		selcuklu	✓	A-TARAF-PENCEREDE	
KRONOLOJI_ANADOLU	109	1237-05-31	I. Alâeddin Keykubad'ın ölümü	selcuklu	selcuklu✓		selcuklu	KAYNAK	selcuklu✓	selcuklu	✓	A-TARAF-PENCEREDE	
KRONOLOJI_ANADOLU	110	1240-01-01	Babaîler İsyanı	selcuklu	selcuklu✓			BELIRSIZ		selcuklu	✓	A-TARAF-PENCEREDE	
KRONOLOJI_ANADOLU	111	1240-06-01	Âmid (Diyarbakır)'in Selçuklu topraklarına katılması	selcuklu	selcuklu✓		selcuklu	KAYNAK	selcuklu✓	selcuklu	✓	A-TARAF-PENCEREDE	
KRONOLOJI_ANADOLU	112	1241-01-01	Sadreddin Konevî'nin Konya'ya yerleşmesi	selcuklu	selcuklu✓			BELIRSIZ		selcuklu	✓	A-TARAF-PENCEREDE	
KRONOLOJI_ANADOLU	113	1243-06-26	Kösedağ Savaşı'nda Moğollara ağır yenilgi	selcuklu	selcuklu✓		selcuklu	KAYNAK	selcuklu✓	selcuklu	✓	A-TARAF-PENCEREDE	
KRONOLOJI_ANADOLU	114	1243-07-15	Kösedağ sonrası Moğollara tâbiiyet antlaşması	selcuklu	selcuklu✓		selcuklu	KAYNAK	selcuklu✓	selcuklu	✓	A-TARAF-PENCEREDE	
KRONOLOJI_ANADOLU	115	1244-01-01	Mevlânâ'nın Şems-i Tebrîzî ile karşılaşması	selcuklu	selcuklu✓			BELIRSIZ		selcuklu	✓	A-TARAF-PENCEREDE	
KRONOLOJI_ANADOLU	116	1246-01-01	II. Gıyâseddin Keyhusrev'in ölümü, II. İzzeddin Keykâvus'un tahta çıkışı	selcuklu	selcuklu✓		selcuklu	KAYNAK	selcuklu✓	selcuklu	✓	A-TARAF-PENCEREDE	
KRONOLOJI_ANADOLU	117	1249-01-01	Üç kardeşin müşterek saltanatının başlaması	selcuklu	selcuklu✓		selcuklu	KAYNAK	selcuklu✓	selcuklu	✓	A-TARAF-PENCEREDE	
KRONOLOJI_ANADOLU	118	1251-01-01	Karatay Medresesi'nin inşası	selcuklu	selcuklu✓			BELIRSIZ		selcuklu	✓	A-TARAF-PENCEREDE	
KRONOLOJI_ANADOLU	119	1254-01-01	IV. Kılıcarslan'ın Ahmedhisarı'nda yenilgisi	selcuklu	selcuklu✓		selcuklu	KAYNAK	selcuklu✓	selcuklu	✓	A-TARAF-PENCEREDE	
KRONOLOJI_ANADOLU	120	1257-05-01	II. Keykâvus'un yeniden tahta çıkışı	selcuklu	selcuklu✓		selcuklu	KAYNAK	selcuklu✓	selcuklu	✓	A-TARAF-PENCEREDE	
KRONOLOJI_ANADOLU	121	1259-01-01	Ülkenin Mengü Han kararıyla ikiye bölünmesi	selcuklu	selcuklu✓		selcuklu	KAYNAK	selcuklu✓	selcuklu	✓	A-TARAF-PENCEREDE	
KRONOLOJI_ANADOLU	122	1262-01-01	II. Keykâvus'un Bizans'a sığınması ve Dobruca'ya Türkmen yerleşimi	selcuklu	selcuklu✓		selcuklu	KAYNAK	selcuklu✓	selcuklu	✓	A-TARAF-PENCEREDE	
KRONOLOJI_ANADOLU	123	1264-01-01	İnce Minareli Medrese (Sahip Ata Dârülhadisi)'nin inşası	selcuklu	selcuklu✓			BELIRSIZ		selcuklu	✓	A-TARAF-PENCEREDE	
KRONOLOJI_ANADOLU	124	1266-01-01	IV. Kılıcarslan'ın Moğollar tarafından öldürtülmesi	selcuklu	selcuklu✓		selcuklu	KAYNAK	selcuklu✓	selcuklu	✓	A-TARAF-PENCEREDE	
KRONOLOJI_ANADOLU	125	1272-01-01	Kastamonu Ali b. Pervâne Hastahanesi'nin inşası	selcuklu	selcuklu✓			BELIRSIZ		selcuklu	✓	A-TARAF-PENCEREDE	
KRONOLOJI_ANADOLU	126	1273-12-17	Mevlânâ Celâleddîn-i Rûmî'nin vefatı	selcuklu	selcuklu✓			BELIRSIZ		selcuklu	✓	A-TARAF-PENCEREDE	
KRONOLOJI_ANADOLU	127	1274-01-01	Sadreddin Konevî'nin vefatı	selcuklu	selcuklu✓			BELIRSIZ		selcuklu	✓	A-TARAF-PENCEREDE	
KRONOLOJI_ANADOLU	128	1275-01-01	Tokat Gökmedrese (Pervâne Darüşşifası)'nin inşası	selcuklu	selcuklu✓			BELIRSIZ		selcuklu	✓	A-TARAF-PENCEREDE	
KRONOLOJI_ANADOLU	129	1277-04-01	Elbistan Savaşı: Baybars'ın Moğolları yenmesi	selcuklu	selcuklu✓		selcuklu	KAYNAK	selcuklu✓	selcuklu	✓	A-TARAF-PENCEREDE	
KRONOLOJI_ANADOLU	130	1277-05-14	Cimri hadisesi: Karamanoğlu'nun Konya'yı ele geçirmesi	selcuklu	selcuklu✓		selcuklu	KAYNAK	selcuklu✓	selcuklu	✓	A-TARAF-PENCEREDE	
KRONOLOJI_ANADOLU	131	1277-06-20	Karamanoğlu Mehmed Bey'in öldürülmesi	selcuklu	selcuklu✓		selcuklu	KAYNAK	selcuklu✓	selcuklu	✓	A-TARAF-PENCEREDE	
KRONOLOJI_ANADOLU	132	1279-05-30	Cimri (Alâeddin Siyavuş)'nin öldürülmesi	selcuklu	selcuklu✓		selcuklu	KAYNAK	selcuklu✓	selcuklu	✓	A-TARAF-PENCEREDE	
KRONOLOJI_ANADOLU	133	1284-01-01	II. Mesud'un Konya'da tahta çıkışı	selcuklu	selcuklu✓		selcuklu	KAYNAK	selcuklu✓	selcuklu	✓	A-TARAF-PENCEREDE	
KRONOLOJI_ANADOLU	134	1285-01-01	Mevlevîlik tarikatının Sultan Veled tarafından teşkilatlanması	selcuklu	selcuklu✓			BELIRSIZ		selcuklu	✓	A-TARAF-PENCEREDE	
KRONOLOJI_ANADOLU	135	1298-01-01	III. Alâeddin Keykubad'ın tahta çıkışı ve Osman Gazi'ye beylik verilmesi	selcuklu	selcuklu✓		selcuklu	KAYNAK	selcuklu✓	selcuklu	✓	A-TARAF-PENCEREDE	
KRONOLOJI_ANADOLU	136	1302-01-01	II. Mesud'un ikinci kez tahta çıkışı	selcuklu	selcuklu✓		selcuklu	KAYNAK	selcuklu✓	selcuklu	✓	A-TARAF-PENCEREDE	
KRONOLOJI_ANADOLU	137	1308-01-01	Son Selçuklu sultanının ölümüyle devlet fiilen sona erdi				selcuklu	KAYNAK	selcuklu✓	selcuklu	✓	B-TARAFSIZ-0929-ATIF-PENCEREDE	
KRONOLOJI_ANADOLU	138	1063-01-01	Artuk Bey Sultan Alparslan'ın hizmetine girdi					BELIRSIZ			✗	E-ATIFSIZ	YOK
KRONOLOJI_ANADOLU	139	1102-01-01	Sökmen Bey Hasankeyf'i ele geçirip Artuklu kolunu kurdu				artuklu	KAYNAK	artuklu✓	artuklu	✓	B-TARAFSIZ-0929-ATIF-PENCEREDE	
KRONOLOJI_ANADOLU	140	1106-01-01	Necmeddin İlgazi Mardin'i ele geçirip Mardin kolunu kurdu	artuklu	artuklu✓		artuklu	KAYNAK	artuklu✓	artuklu	✓	A-TARAF-PENCEREDE	
KRONOLOJI_ANADOLU	141	1112-01-01	Belek b. Behrâm Harput'a hâkim oldu, Harput kolu doğdu	artuklu	artuklu✓			BELIRSIZ		artuklu	✓	A-TARAF-PENCEREDE	
KRONOLOJI_ANADOLU	142	1117-05-01	İlgazi Halep'in idaresini ele aldı	artuklu	artuklu✓		artuklu	KAYNAK	artuklu✓	artuklu	✓	A-TARAF-PENCEREDE	
KRONOLOJI_ANADOLU	143	1119-06-28	Tel İfrîn (Sarmada) Savaşı'nda Haçlı ordusu imha edildi	artuklu	artuklu✓		artuklu	KAYNAK	artuklu✓	artuklu	✓	A-TARAF-PENCEREDE	
KRONOLOJI_ANADOLU	144	1122-11-19	Necmeddin İlgazi vefat etti, Timurtaş tahta çıktı	artuklu	artuklu✓		artuklu	KAYNAK	artuklu✓	artuklu	✓	A-TARAF-PENCEREDE	
KRONOLOJI_ANADOLU	145	1144-01-01	Fahreddin Kara Arslan Hasankeyf tahtına çıktı	artuklu	artuklu✓			BELIRSIZ		artuklu	✓	A-TARAF-PENCEREDE	
KRONOLOJI_ANADOLU	146	1146-01-01	Harput Ulu Camii Fahreddin Kara Arslan tarafından yaptırıldı	artuklu	artuklu✓			BELIRSIZ		artuklu	✓	A-TARAF-PENCEREDE	
KRONOLOJI_ANADOLU	147	1147-01-01	Malabadi (Silvan) Köprüsü Timurtaş tarafından yaptırıldı	artuklu	artuklu✓			BELIRSIZ		artuklu	✓	A-TARAF-PENCEREDE	
KRONOLOJI_ANADOLU	148	1147-06-01	Musul Atabegi Seyfeddin Gazi Mardin'e saldırdı	artuklu	artuklu✓			BELIRSIZ		artuklu	✓	A-TARAF-PENCEREDE	
KRONOLOJI_ANADOLU	149	1150-01-01	Kara Arslan Harput ve Gerger'i Artuklu topraklarına kattı	artuklu	artuklu✓		artuklu	KAYNAK	artuklu✓	artuklu	✓	A-TARAF-PENCEREDE	
KRONOLOJI_ANADOLU	150	1152-01-01	Necmeddin Alpı Mardin tahtına çıktı	artuklu	artuklu✓		artuklu	KAYNAK	artuklu✓	artuklu	✓	A-TARAF-PENCEREDE	
KRONOLOJI_ANADOLU	151	1155-01-01	Hasankeyf Dicle Köprüsü Kara Arslan tarafından yaptırıldı	artuklu	artuklu✓			BELIRSIZ		artuklu	✓	A-TARAF-PENCEREDE	
KRONOLOJI_ANADOLU	152	1167-01-01	Nûreddin Muhammed Hasankeyf tahtına çıktı	artuklu	artuklu✓			BELIRSIZ		artuklu	✓	A-TARAF-PENCEREDE	
KRONOLOJI_ANADOLU	153	1176-01-01	II. Kutbüddin İlgazi Mardin tahtına çıktı	artuklu	artuklu✓		artuklu	KAYNAK	artuklu✓	artuklu	✓	A-TARAF-PENCEREDE	
KRONOLOJI_ANADOLU	154	1177-01-01	Mardin Ulu Camii'nin minaresi bu döneme tarihlenir	artuklu	artuklu✓			BELIRSIZ		artuklu	✓	A-TARAF-PENCEREDE	
KRONOLOJI_ANADOLU	155	1183-01-01	Âmid, Selâhaddin tarafından fethedilip Hasankeyf koluna verildi	artuklu	artuklu✓		artuklu	KAYNAK	artuklu✓	artuklu	✓	A-TARAF-PENCEREDE	
KRONOLOJI_ANADOLU	156	1184-01-01	II. Kutbüddin İlgazi öldü, Hüsâmeddin Yavlak Arslan tahta çıktı	artuklu	artuklu✓		artuklu	KAYNAK	artuklu✓	artuklu	✓	A-TARAF-PENCEREDE	
KRONOLOJI_ANADOLU	157	1185-01-01	Kutbüddin II. Sökmen Hasankeyf tahtına çıktı	artuklu	artuklu✓			BELIRSIZ		artuklu	✓	A-TARAF-PENCEREDE	
KRONOLOJI_ANADOLU	158	1185-06-01	İmâdüddin Ebû Bekir Harput'ta bağımsız beylik kurdu	artuklu	artuklu✓			BELIRSIZ		artuklu	✓	A-TARAF-PENCEREDE	
KRONOLOJI_ANADOLU	159	1199-01-01	Eyyûbîler Mardin kuşatmasından çekildi	artuklu	artuklu✓		artuklu	KAYNAK	artuklu✓	artuklu	✓	A-TARAF-PENCEREDE	
KRONOLOJI_ANADOLU	160	1200-01-01	Nâsırüddin Mahmud Hasankeyf-Âmid tahtına çıktı	artuklu	artuklu✓			BELIRSIZ		artuklu	✓	A-TARAF-PENCEREDE	
KRONOLOJI_ANADOLU	161	1202-01-01	El-Melikü'l-Eşref'in kuşatmasıyla Mardin Eyyûbî hâkimiyetini tanıdı	artuklu	artuklu✓		artuklu	KAYNAK	artuklu✓	artuklu	✓	A-TARAF-PENCEREDE	
KRONOLOJI_ANADOLU	162	1204-01-01	Kızıltepe (Dunaysır) Ulu Camii yaptırıldı	artuklu	artuklu✓		artuklu	KAYNAK	artuklu✓	artuklu	✓	A-TARAF-PENCEREDE	
KRONOLOJI_ANADOLU	163	1205-01-01	El-Cezerî otomatlar kitabını tamamladı	artuklu	artuklu✓			BELIRSIZ		artuklu	✓	A-TARAF-PENCEREDE	
KRONOLOJI_ANADOLU	164	1208-01-01	Yedi Kardeş Burcu inşa edildi	artuklu	artuklu✓			BELIRSIZ		artuklu	✓	A-TARAF-PENCEREDE	
KRONOLOJI_ANADOLU	165	1222-01-01	Melik Mesud Hasankeyf-Âmid tahtına çıktı	artuklu	artuklu✓			BELIRSIZ		artuklu	✓	A-TARAF-PENCEREDE	
KRONOLOJI_ANADOLU	166	1232-01-01	El-Melikü'l-Kâmil Hasankeyf'i ilhak etti, Hasankeyf kolu sona erdi					BELIRSIZ			✗	E-ATIFSIZ	selcuklu,artuklu,kilikya-ermeni
KRONOLOJI_ANADOLU	167	1234-08-01	Anadolu Selçukluları Harput Kalesi'ni fethetti, Harput kolu sona erdi	artuklu	artuklu✓			BELIRSIZ		artuklu	✓	A-TARAF-PENCEREDE	
KRONOLOJI_ANADOLU	168	1239-01-01	Artuk Arslan öldü, I. Necmeddin Gazi Mardin tahtına çıktı	artuklu	artuklu✓		artuklu	KAYNAK	artuklu✓	artuklu	✓	A-TARAF-PENCEREDE	
KRONOLOJI_ANADOLU	169	1257-01-01	Moğollar bölgeye girdi, Hülâgû Meyyâfârikīn'in fethini emretti	artuklu	artuklu✓		artuklu	KAYNAK	artuklu✓	artuklu	✓	A-TARAF-PENCEREDE	
KRONOLOJI_ANADOLU	170	1260-01-01	Necmeddin Gazi öldü, Kara Arslan Mardin tahtına çıktı	artuklu	artuklu✓		artuklu	KAYNAK	artuklu✓	artuklu	✓	A-TARAF-PENCEREDE	
KRONOLOJI_ANADOLU	171	1293-01-01	Kara Arslan öldü, Şemseddin Dâvud ve ardından II. Necmeddin Gazi tahta çıktı	artuklu	artuklu✓		artuklu	KAYNAK	artuklu✓	artuklu	✓	A-TARAF-PENCEREDE	
KRONOLOJI_ANADOLU	172	1293-06-01	Deyrülzafaran Manastırı Süryani Ortodoks Patrikhanesi merkezi oldu	artuklu	artuklu✓			BELIRSIZ		artuklu	✓	A-TARAF-PENCEREDE	
KRONOLOJI_ANADOLU	173	1312-01-01	El-Melikü's-Sâlih Mardin tahtına çıktı	artuklu	artuklu✓		artuklu	KAYNAK	artuklu✓	artuklu	✓	A-TARAF-PENCEREDE	
KRONOLOJI_ANADOLU	174	1315-01-01	Memlük valisi Mardin'i yağmalattı	artuklu	artuklu✓		artuklu	KAYNAK	artuklu✓	artuklu	✓	A-TARAF-PENCEREDE	
KRONOLOJI_ANADOLU	175	1350-01-01	Dicle üzerindeki köprüler ticaret yolunu güvence altına aldı	artuklu	artuklu✓			BELIRSIZ		artuklu	✓	A-TARAF-PENCEREDE	
KRONOLOJI_ANADOLU	176	1385-01-01	Sultan Îsâ Medresesi tamamlandı	artuklu	artuklu✓			BELIRSIZ		artuklu	✓	A-TARAF-PENCEREDE	
KRONOLOJI_ANADOLU	177	1394-01-01	Timur Mardin'i ilk kez kuşattı	artuklu	artuklu✓			BELIRSIZ		artuklu	✓	A-TARAF-PENCEREDE	
KRONOLOJI_ANADOLU	178	1395-06-01	Memlük Sultanı Berkuk, Mecdüddin Îsâ'ya hil'at gönderdi	artuklu	artuklu✓		artuklu	KAYNAK	artuklu✓	artuklu	✓	A-TARAF-PENCEREDE	
KRONOLOJI_ANADOLU	179	1400-06-01	Timur Mardin'i ikinci kez kuşattı	artuklu	artuklu✓			BELIRSIZ		artuklu	✓	A-TARAF-PENCEREDE	
KRONOLOJI_ANADOLU	180	1403-01-01	Timur Mardin'i üçüncü kez kuşattı, Îsâ affedildi	artuklu	artuklu✓		artuklu	KAYNAK	artuklu✓	artuklu	✓	A-TARAF-PENCEREDE	
KRONOLOJI_ANADOLU	181	1406-01-01	Mecdüddin Îsâ, Akkoyunlu Kara Osman'a karşı savaşta öldürüldü	artuklu	artuklu✓		artuklu	KAYNAK	artuklu✓	artuklu	✓	A-TARAF-PENCEREDE	
KRONOLOJI_ANADOLU	182	1409-01-01	Mardin Karakoyunlu Kara Yûsuf'a teslim edildi, Artuklu Beyliği sona erdi				artuklu	KAYNAK	artuklu✓	artuklu	✓	B-TARAFSIZ-0929-ATIF-PENCEREDE	
KRONOLOJI_ANADOLU	183	1337-01-01	Zeyneddin Karaca Bey tarafından kuruldu	dulkadir	dulkadir✓		dulkadir	KAYNAK	dulkadir✓	dulkadir	✓	A-TARAF-PENCEREDE	
KRONOLOJI_ANADOLU	184	1338-01-01	Elbistan beyliğin başkenti oldu					BELIRSIZ			✗	E-ATIFSIZ	karaman,artuklu,dulkadir,aydin,kilikya-ermeni
KRONOLOJI_ANADOLU	185	1339-01-01	Hurman yolunda Çavlı Han kervansarayı kuruldu	dulkadir	dulkadir✓			BELIRSIZ		dulkadir	✓	A-TARAF-PENCEREDE	
KRONOLOJI_ANADOLU	186	1343-01-01	Halep kervanı Dulkadır topraklarında soyuldu	dulkadir	dulkadir✓		dulkadir	KAYNAK	dulkadir✓	dulkadir	✓	A-TARAF-PENCEREDE	
KRONOLOJI_ANADOLU	187	1353-12-11	Karaca Bey idam edildi, Halil Bey tahta çıktı	dulkadir	dulkadir✓		dulkadir	KAYNAK	dulkadir✓	dulkadir	✓	A-TARAF-PENCEREDE	
KRONOLOJI_ANADOLU	188	1379-01-01	Ayas Savaşı'nda Memlükler yenildi	dulkadir	dulkadir✓		dulkadir	KAYNAK	dulkadir✓	dulkadir	✓	A-TARAF-PENCEREDE	
KRONOLOJI_ANADOLU	189	1381-01-01	Memlükler Maraş'ı ele geçirdi	dulkadir	dulkadir✓			BELIRSIZ		dulkadir	✓	A-TARAF-PENCEREDE	
KRONOLOJI_ANADOLU	190	1384-01-01	Halil Bey Maraş'ı geri aldı	dulkadir	dulkadir✓			BELIRSIZ		dulkadir	✓	A-TARAF-PENCEREDE	
KRONOLOJI_ANADOLU	191	1386-01-01	Halil Bey hançerlenerek öldürüldü	dulkadir	dulkadir✓		dulkadir	KAYNAK	dulkadir✓	dulkadir	✓	A-TARAF-PENCEREDE	
KRONOLOJI_ANADOLU	192	1395-01-01	Sevli Bey, Memlük Sultanı Berkuk'un emriyle öldürüldü	dulkadir	dulkadir✓		dulkadir	KAYNAK	dulkadir✓	dulkadir	✓	A-TARAF-PENCEREDE	
KRONOLOJI_ANADOLU	193	1399-01-01	Yıldırım Bayezid desteğiyle Nasîrüddin Mehmed Bey tahta çıktı	dulkadir	dulkadir✓		dulkadir	KAYNAK	dulkadir✓	dulkadir	✓	A-TARAF-PENCEREDE	
KRONOLOJI_ANADOLU	194	1400-01-01	Timur'un Anadolu seferi karşısında direniş	dulkadir	dulkadir✓		dulkadir	KAYNAK	dulkadir✓	dulkadir	✓	A-TARAF-PENCEREDE	
KRONOLOJI_ANADOLU	195	1437-01-01	Kayseri Dulkadırlılar tarafından alındı	dulkadir	dulkadir✓		dulkadir	KAYNAK	dulkadir✓	dulkadir	✓	A-TARAF-PENCEREDE	
KRONOLOJI_ANADOLU	196	1440-01-01	Mehmed Bey'in kızı Memlük Sultanı Çakmak ile evlendirildi	dulkadir	dulkadir✓		dulkadir	KAYNAK	dulkadir✓	dulkadir	✓	A-TARAF-PENCEREDE	
KRONOLOJI_ANADOLU	197	1442-01-01	Nasîrüddin Mehmed Bey vefat etti, Süleyman Bey tahta çıktı	dulkadir	dulkadir✓		dulkadir	KAYNAK	dulkadir✓	dulkadir	✓	A-TARAF-PENCEREDE	
KRONOLOJI_ANADOLU	198	1442-06-01	Maraş Ulucami'nin inşasına başlandı	dulkadir	dulkadir✓			BELIRSIZ		dulkadir	✓	A-TARAF-PENCEREDE	
KRONOLOJI_ANADOLU	199	1450-01-01	Sitti Hatun, Şehzade Mehmed ile evlendirildi	dulkadir	dulkadir✓		dulkadir	KAYNAK	dulkadir✓	dulkadir	✓	A-TARAF-PENCEREDE	
KRONOLOJI_ANADOLU	200	1454-01-01	Süleyman Bey öldü, Melik Arslan Bey tahta çıktı	dulkadir	dulkadir✓		dulkadir	KAYNAK	dulkadir✓	dulkadir	✓	A-TARAF-PENCEREDE	
KRONOLOJI_ANADOLU	201	1464-01-01	Melik Arslan Bey Kayseri'yi kaybetti, Şehsuvar Bey tahta çıktı	dulkadir	dulkadir✓		dulkadir	KAYNAK	dulkadir✓	dulkadir	✓	A-TARAF-PENCEREDE	
KRONOLOJI_ANADOLU	202	1471-01-01	Memlük kumandanı Yeşbek'in seferinde Elbistan yağmalandı	dulkadir	dulkadir✓			BELIRSIZ		dulkadir	✓	A-TARAF-PENCEREDE	
KRONOLOJI_ANADOLU	203	1472-01-01	Şehsuvar Bey Memlükler tarafından idam edildi	dulkadir	dulkadir✓		dulkadir	KAYNAK	dulkadir✓	dulkadir	✓	A-TARAF-PENCEREDE	
KRONOLOJI_ANADOLU	204	1480-01-01	Alâüddevle Bozkurt Bey, kardeşi Şahbudak'ı yenerek tahta çıktı	dulkadir	dulkadir✓		dulkadir	KAYNAK	dulkadir✓	dulkadir	✓	A-TARAF-PENCEREDE	
KRONOLOJI_ANADOLU	205	1481-01-01	Elbistan'da iki cami ve medrese yaptırıldı	dulkadir	dulkadir✓			BELIRSIZ		dulkadir	✓	A-TARAF-PENCEREDE	
KRONOLOJI_ANADOLU	206	1501-01-01	Maraş Ulucami, Alâüddevle Bozkurt tarafından yenilendi	dulkadir	dulkadir✓			BELIRSIZ		dulkadir	✓	A-TARAF-PENCEREDE	
KRONOLOJI_ANADOLU	207	1505-01-01	Beylik merkezi Maraş'a taşındı	dulkadir	dulkadir✓			BELIRSIZ		dulkadir	✓	A-TARAF-PENCEREDE	
KRONOLOJI_ANADOLU	208	1507-01-01	Şah İsmâil'in Safevî ordusu Elbistan'ı yağmaladı	dulkadir	dulkadir✓		dulkadir	KAYNAK	dulkadir✓	dulkadir	✓	A-TARAF-PENCEREDE	
KRONOLOJI_ANADOLU	209	1509-01-01	Maraş Hatuniye Camii yaptırıldı	dulkadir	dulkadir✓			BELIRSIZ		dulkadir	✓	A-TARAF-PENCEREDE	
KRONOLOJI_ANADOLU	210	1510-01-01	Maraş'ta Taşmedrese ve diğer medreseler inşa edildi	dulkadir	dulkadir✓			BELIRSIZ		dulkadir	✓	A-TARAF-PENCEREDE	
KRONOLOJI_ANADOLU	211	1514-01-01	Alâüddevle Çaldıran seferine asker göndermedi	dulkadir	dulkadir✓		dulkadir	KAYNAK	dulkadir✓	dulkadir	✓	A-TARAF-PENCEREDE	
KRONOLOJI_ANADOLU	212	1515-06-12	Turnadağ Savaşı'nda Alâüddevle Yavuz'a yenilip öldürüldü				dulkadir	KAYNAK	dulkadir✓	dulkadir	✓	B-TARAFSIZ-0929-ATIF-PENCEREDE	
KRONOLOJI_ANADOLU	213	1515-06-13	Şehsuvaroğlu Ali Bey Osmanlı'ya tâbi oldu	dulkadir	dulkadir✓		dulkadir	KAYNAK	dulkadir✓	dulkadir	✓	A-TARAF-PENCEREDE	
KRONOLOJI_ANADOLU	214	1516-08-24	Ali Bey Mercidâbık Savaşı'na katıldı	dulkadir	dulkadir✓		dulkadir	KAYNAK	dulkadir✓	dulkadir	✓	A-TARAF-PENCEREDE	
KRONOLOJI_ANADOLU	215	1517-01-22	Ali Bey Ridâniye Savaşı'na katıldı, Memlük Sultanlığı sona erdi	dulkadir	dulkadir✓		dulkadir	KAYNAK	dulkadir✓	dulkadir	✓	A-TARAF-PENCEREDE	
KRONOLOJI_ANADOLU	216	1519-01-01	Bozoklu Şeyh Celâl isyanının bastırılmasına katkı	dulkadir	dulkadir✓		dulkadir	KAYNAK	dulkadir✓	dulkadir	✓	A-TARAF-PENCEREDE	
KRONOLOJI_ANADOLU	217	1521-01-27	Canbirdi Gazâlî isyanının bastırılmasına katkı	dulkadir	dulkadir✓			BELIRSIZ		dulkadir	✓	A-TARAF-PENCEREDE	
KRONOLOJI_ANADOLU	218	1522-01-01	Maraş merkezli Osmanlı eyaleti kuruldu				dulkadir	KAYNAK	dulkadir✓	dulkadir	✓	B-TARAFSIZ-0929-ATIF-PENCEREDE	
KRONOLOJI_ANADOLU	219	1307-01-01	Birgi'nin fethi					BELIRSIZ			✗	E-ATIFSIZ	karaman,selcuklu,artuklu,kilikya-ermeni
KRONOLOJI_ANADOLU	220	1308-01-01	Aydınoğulları Beyliği'nin kuruluşu				aydin	KAYNAK	aydin✓	aydin	✓	B-TARAFSIZ-0929-ATIF-PENCEREDE	
KRONOLOJI_ANADOLU	221	1312-01-01	Mehmed Bey Ulu Camii ve külliyesinin inşası	aydin	aydin✓			BELIRSIZ		aydin	✓	A-TARAF-PENCEREDE	
KRONOLOJI_ANADOLU	222	1319-01-01	Sakız (Chios) adasına akın	aydin	aydin✓		aydin	KAYNAK	aydin✓	aydin	✓	A-TARAF-PENCEREDE	
KRONOLOJI_ANADOLU	223	1329-01-01	İzmir Liman Kalesi'nin (Aşağı Kale) fethi				aydin	KAYNAK	aydin✓	aydin	✓	B-TARAFSIZ-0929-ATIF-PENCEREDE	
KRONOLOJI_ANADOLU	224	1334-01-01	Mehmed Bey'in ölümü, Umur Bey'in cülûsu	aydin	aydin✓		aydin	KAYNAK	aydin✓	aydin	✓	A-TARAF-PENCEREDE	
KRONOLOJI_ANADOLU	225	1334-09-01	Umur Bey'in Haçlı donanmasını İzmir önünde püskürtmesi	aydin	aydin✓		aydin	KAYNAK	aydin✓	aydin	✓	A-TARAF-PENCEREDE	
KRONOLOJI_ANADOLU	226	1335-01-01	Umur Bey'in Mora seferi ve Alaşehir'in fethi	aydin	aydin✓		aydin	KAYNAK	aydin✓	aydin	✓	A-TARAF-PENCEREDE	
KRONOLOJI_ANADOLU	227	1341-06-15	Umur Bey'in Kantakuzenos'un başlıca destekçisi olması	aydin	aydin✓		aydin	KAYNAK	aydin✓	aydin	✓	A-TARAF-PENCEREDE	
KRONOLOJI_ANADOLU	228	1342-01-01	Umur Bey'in 380 gemi ve 20.000 askerle Trakya seferi	aydin	aydin✓		aydin	KAYNAK	aydin✓	aydin	✓	A-TARAF-PENCEREDE	
KRONOLOJI_ANADOLU	229	1344-10-28	İzmir Liman Kalesi'nin Haçlılar tarafından alınması				aydin	KAYNAK	aydin✓	aydin	✓	B-TARAFSIZ-0929-ATIF-PENCEREDE	
KRONOLOJI_ANADOLU	230	1345-01-17	Umur Bey'in müttefik Türk donanmalarıyla Haçlı filosunu yenmesi	aydin	aydin✓		aydin	KAYNAK	aydin✓	aydin	✓	A-TARAF-PENCEREDE	
KRONOLOJI_ANADOLU	231	1348-03-01	Umur Bey'in İzmir Aşağı Kale kuşatmasında şehid düşmesi	aydin	aydin✓		aydin	KAYNAK	aydin✓	aydin	✓	A-TARAF-PENCEREDE	
KRONOLOJI_ANADOLU	232	1348-08-18	Hızır Bey'in Latinlerle ağır şartlı barış antlaşması	aydin	aydin✓		aydin	KAYNAK	aydin✓	aydin	✓	A-TARAF-PENCEREDE	
KRONOLOJI_ANADOLU	233	1353-04-01	Venedik ile ticaret antlaşmasının kesinleşmesi	aydin	aydin✓		aydin	KAYNAK	aydin✓	aydin	✓	A-TARAF-PENCEREDE	
KRONOLOJI_ANADOLU	234	1371-01-01	İsa Bey'in Venedik antlaşmasını yenilemesi	aydin	aydin✓		aydin	KAYNAK	aydin✓	aydin	✓	A-TARAF-PENCEREDE	
KRONOLOJI_ANADOLU	235	1374-01-01	İsa Bey Camii'nin Ayasuluk'ta inşası	aydin	aydin✓			BELIRSIZ		aydin	✓	A-TARAF-PENCEREDE	
KRONOLOJI_ANADOLU	236	1375-01-01	Hacı Paşa'nın Ayasuluk kadılığına ve saray hekimliğine tayini	aydin	aydin✓			BELIRSIZ		aydin	✓	A-TARAF-PENCEREDE	
KRONOLOJI_ANADOLU	237	1385-01-01	Hacı Paşa'nın Şifâü'l-eskâm'ı kaleme alması	aydin	aydin✓			BELIRSIZ		aydin	✓	A-TARAF-PENCEREDE	
KRONOLOJI_ANADOLU	238	1389-06-15	Aydınoğulları yardımcı kuvvetlerinin I. Kosova Savaşı'na katılması	aydin	aydin✓		aydin	KAYNAK	aydin✓	aydin	✓	A-TARAF-PENCEREDE	
KRONOLOJI_ANADOLU	239	1390-01-01	İsa Bey'in Yıldırım Bayezid'e tabi olması, ilk ilhak				aydin	KAYNAK	aydin✓	aydin	✓	B-TARAFSIZ-0929-ATIF-PENCEREDE	
KRONOLOJI_ANADOLU	240	1390-06-01	Tire'nin İsa Bey'e bırakılan idari merkez olması	aydin	aydin✓		aydin	KAYNAK	aydin✓	aydin	✓	A-TARAF-PENCEREDE	
KRONOLOJI_ANADOLU	241	1402-07-28	Ankara Savaşı sonrası Timur'un toprakları iadesi, yeniden kuruluş				aydin	KAYNAK	aydin✓	aydin	✓	B-TARAFSIZ-0929-ATIF-PENCEREDE	
KRONOLOJI_ANADOLU	242	1403-01-01	Musa Bey'in ölümü, II. Umur'un cülûsu	aydin	aydin✓		aydin	KAYNAK	aydin✓	aydin	✓	A-TARAF-PENCEREDE	
KRONOLOJI_ANADOLU	243	1405-01-01	II. Umur'un ölümü, Cüneyd Bey'in tek başına hâkimiyeti	aydin	aydin✓		aydin	KAYNAK	aydin✓	aydin	✓	A-TARAF-PENCEREDE	
KRONOLOJI_ANADOLU	244	1414-01-01	Çelebi Mehmed'in İzmir'i alması, Cüneyd Bey'in Niğbolu'ya sürgünü	aydin	aydin✓		aydin	KAYNAK	aydin✓	aydin	✓	A-TARAF-PENCEREDE	
KRONOLOJI_ANADOLU	245	1419-01-01	Cüneyd Bey'in Düzmece Mustafa isyanına katılması	aydin	aydin✓		aydin	KAYNAK	aydin✓	aydin	✓	A-TARAF-PENCEREDE	
KRONOLOJI_ANADOLU	246	1422-01-01	Cüneyd Bey'in II. Murad'a destek sözüyle beyliği yeniden ele geçirmesi	aydin	aydin✓		aydin	KAYNAK	aydin✓	aydin	✓	A-TARAF-PENCEREDE	
KRONOLOJI_ANADOLU	247	1424-01-01	Hacı Paşa'nın Birgi'de vefatı	aydin	aydin✓			BELIRSIZ		aydin	✓	A-TARAF-PENCEREDE	
KRONOLOJI_ANADOLU	248	1425-06-01	Cüneyd Bey'in yakalanıp idam edilmesi, kesin Osmanlı ilhakı	aydin	aydin✓		aydin	KAYNAK	aydin✓	aydin	✓	A-TARAF-PENCEREDE	
KRONOLOJI_ANADOLU	249	1199-01-06	Levon (I/II), Tarsus'ta taç giyip ilk kral oldu					BELIRSIZ			✗	E-ATIFSIZ	selcuklu,artuklu,kilikya-ermeni
KRONOLOJI_ANADOLU	250	1201-01-01	Cenevizlilerle ticaret antlaşması, ayrıcalıklar Venedik'e de genişletildi	kilikya-ermeni	kilikya-ermeni✓			BELIRSIZ		kilikya-ermeni	✓	A-TARAF-PENCEREDE	
KRONOLOJI_ANADOLU	251	1219-01-01	I. Levon öldü, Zabel'in tahtı büyük bir veraset krizine yol açtı	kilikya-ermeni	kilikya-ermeni✓			BELIRSIZ		kilikya-ermeni	✓	A-TARAF-PENCEREDE	
KRONOLOJI_ANADOLU	252	1226-01-01	Hetum I kral oldu, Hetumid hanedanı başladı	kilikya-ermeni	kilikya-ermeni✓			BELIRSIZ		kilikya-ermeni	✓	A-TARAF-PENCEREDE	
KRONOLOJI_ANADOLU	253	1226-06-01	Sis ve Tarsus darphaneleri gümüş dram sikkelerini bastı	kilikya-ermeni	kilikya-ermeni✓			BELIRSIZ		kilikya-ermeni	✓	A-TARAF-PENCEREDE	
KRONOLOJI_ANADOLU	254	1243-01-01	Moğol kumandanı Baycu ile ön anlaşma	kilikya-ermeni	kilikya-ermeni✓			BELIRSIZ		kilikya-ermeni	✓	A-TARAF-PENCEREDE	
KRONOLOJI_ANADOLU	255	1247-01-01	Kral Hetum I, Karakurum'a elçi gönderip Moğollarla ilk temas kurdu					BELIRSIZ			✗	E-ATIFSIZ	selcuklu,artuklu,kilikya-ermeni
KRONOLOJI_ANADOLU	256	1251-01-01	Korikos deniz kalesi Hetum I döneminde genişletildi	kilikya-ermeni	kilikya-ermeni✓			BELIRSIZ		kilikya-ermeni	✓	A-TARAF-PENCEREDE	
KRONOLOJI_ANADOLU	257	1254-09-13	Hetum I bizzat Karakurum'da Möngke Han'ın huzurunda	kilikya-ermeni	kilikya-ermeni✓			BELIRSIZ		kilikya-ermeni	✓	A-TARAF-PENCEREDE	
KRONOLOJI_ANADOLU	258	1256-01-01	Toros Roslin'in ilk imzalı minyatürlü İncil'i	kilikya-ermeni	kilikya-ermeni✓			BELIRSIZ		kilikya-ermeni	✓	A-TARAF-PENCEREDE	
KRONOLOJI_ANADOLU	259	1260-01-01	Ayn Câlût sonrası Memlük akınları başladı					BELIRSIZ			✗	E-ATIFSIZ	karaman,selcuklu,artuklu,kilikya-ermeni
KRONOLOJI_ANADOLU	260	1260-06-01	Sparapet Sempat, Antakya hukuk kodeksini Ermeniceye çevirdi	kilikya-ermeni	kilikya-ermeni✓			BELIRSIZ		kilikya-ermeni	✓	A-TARAF-PENCEREDE	
KRONOLOJI_ANADOLU	261	1266-08-24	Mari Bozgunu — Memlük akını Kilikya'yı yakıp yıktı	kilikya-ermeni	kilikya-ermeni✓			BELIRSIZ		kilikya-ermeni	✓	A-TARAF-PENCEREDE	
KRONOLOJI_ANADOLU	262	1270-10-28	Hetum I öldü, III. Levon tahta çıktı	kilikya-ermeni	kilikya-ermeni✓			BELIRSIZ		kilikya-ermeni	✓	A-TARAF-PENCEREDE	
KRONOLOJI_ANADOLU	263	1289-01-01	III. Levon zehirlendi, II. Hetum tahta geçti	kilikya-ermeni	kilikya-ermeni✓			BELIRSIZ		kilikya-ermeni	✓	A-TARAF-PENCEREDE	
KRONOLOJI_ANADOLU	264	1293-04-01	II. Hetum tahttan çekildi, Fransisken keşiş oldu	kilikya-ermeni	kilikya-ermeni✓			BELIRSIZ		kilikya-ermeni	✓	A-TARAF-PENCEREDE	
KRONOLOJI_ANADOLU	265	1296-01-01	Sempat, kardeşlerini alaşağı etti: Toros boğduruldu, Hetum kör edildi	kilikya-ermeni	kilikya-ermeni✓			BELIRSIZ		kilikya-ermeni	✓	A-TARAF-PENCEREDE	
KRONOLOJI_ANADOLU	266	1299-01-01	II. Hetum yeniden tahtta, Gazan Han'ın Suriye seferine katıldı	kilikya-ermeni	kilikya-ermeni✓			BELIRSIZ		kilikya-ermeni	✓	A-TARAF-PENCEREDE	
KRONOLOJI_ANADOLU	267	1307-01-01	Sis Konsili: Ermeni Kilisesi Roma ile birliği kabul etti	kilikya-ermeni	kilikya-ermeni✓			BELIRSIZ		kilikya-ermeni	✓	A-TARAF-PENCEREDE	
KRONOLOJI_ANADOLU	268	1307-11-17	II. Hetum ve kral II. Levon, Moğol kumandanı Bilarga tarafından öldürüldü	kilikya-ermeni	kilikya-ermeni✓			BELIRSIZ		kilikya-ermeni	✓	A-TARAF-PENCEREDE	
KRONOLOJI_ANADOLU	269	1308-01-01	Adana Konsili: 1307 kilise birliği reddedildi	kilikya-ermeni	kilikya-ermeni✓			BELIRSIZ		kilikya-ermeni	✓	A-TARAF-PENCEREDE	
KRONOLOJI_ANADOLU	270	1308-06-01	Oşin, Bilarga'yı yenip tahta çıktı	kilikya-ermeni	kilikya-ermeni✓			BELIRSIZ		kilikya-ermeni	✓	A-TARAF-PENCEREDE	
KRONOLOJI_ANADOLU	271	1320-07-20	Oşin öldü, IV. Levon tahta geçti	kilikya-ermeni	kilikya-ermeni✓			BELIRSIZ		kilikya-ermeni	✓	A-TARAF-PENCEREDE	
KRONOLOJI_ANADOLU	272	1322-01-01	Memlükler Malatya'yı ele geçirdi	kilikya-ermeni	kilikya-ermeni✓			BELIRSIZ		kilikya-ermeni	✓	A-TARAF-PENCEREDE	
KRONOLOJI_ANADOLU	273	1325-01-01	Ayas limanı yeniden inşa edildi	kilikya-ermeni	kilikya-ermeni✓			BELIRSIZ		kilikya-ermeni	✓	A-TARAF-PENCEREDE	
KRONOLOJI_ANADOLU	274	1337-01-01	Ayas limanı Memlüklerin eline geçti	kilikya-ermeni	kilikya-ermeni✓			BELIRSIZ		kilikya-ermeni	✓	A-TARAF-PENCEREDE	
KRONOLOJI_ANADOLU	275	1341-08-28	IV. Levon kendi baronları tarafından öldürüldü	kilikya-ermeni	kilikya-ermeni✓			BELIRSIZ		kilikya-ermeni	✓	A-TARAF-PENCEREDE	
KRONOLOJI_ANADOLU	276	1342-01-01	Guy de Lusignan, II. Konstantin adıyla taç giydi	kilikya-ermeni	kilikya-ermeni✓			BELIRSIZ		kilikya-ermeni	✓	A-TARAF-PENCEREDE	
KRONOLOJI_ANADOLU	277	1344-04-17	II. Konstantin bir ayaklanmada öldürüldü	kilikya-ermeni	kilikya-ermeni✓			BELIRSIZ		kilikya-ermeni	✓	A-TARAF-PENCEREDE	
KRONOLOJI_ANADOLU	278	1375-04-14	Memlûk fethiyle krallık sona erdi	kilikya-ermeni	kilikya-ermeni✓			BELIRSIZ		kilikya-ermeni	✓	A-TARAF-PENCEREDE	
KRONOLOJI_ANADOLU	279	1375-06-01	Kilikya Ermenilerinin Kıbrıs'a göçü					BELIRSIZ			✗	E-ATIFSIZ	karaman,artuklu,dulkadir,aydin
KRONOLOJI_ANADOLU	280	1382-10-01	VI. Levon Kahire esaretinden fidyeyle kurtuldu					BELIRSIZ			✗	E-ATIFSIZ	karaman,artuklu,dulkadir,aydin
KRONOLOJI_ARABISTAN	0	0897-01-01	Zeydî imametinin kuruluşu — İmam Hâdî-İlelhak Sa'de'ye geldi	yemen-zeydi	yemen-zeydi✓			BELIRSIZ		yemen-zeydi	✓	A-TARAF-PENCEREDE	
KRONOLOJI_ARABISTAN	1	0901-01-01	İmam Hâdî San'a'yı ilk kez ele geçirdi	yemen-zeydi	yemen-zeydi✓			BELIRSIZ		yemen-zeydi	✓	A-TARAF-PENCEREDE	
KRONOLOJI_ARABISTAN	2	1538-08-03	Osmanlı, Aden'i alarak Tâhirî hâkimiyetine son verdi	yemen-zeydi	yemen-zeydi✓			BELIRSIZ		yemen-zeydi	✓	A-TARAF-PENCEREDE	
KRONOLOJI_ARABISTAN	3	1547-01-01	Osmanlı San'a'yı ele geçirdi — imamet başkentini kaybetti	yemen-zeydi	yemen-zeydi✓			BELIRSIZ		yemen-zeydi	✓	A-TARAF-PENCEREDE	
KRONOLOJI_ARABISTAN	4	1567-01-01	Mutahhar isyanı — Yemen ikiye bölündü	yemen-zeydi	yemen-zeydi✓			BELIRSIZ		yemen-zeydi	✓	A-TARAF-PENCEREDE	
KRONOLOJI_ARABISTAN	5	1571-03-01	Sinan Paşa'nın büyük seferiyle isyan bastırıldı, eyalet yeniden birleşti	yemen-zeydi	yemen-zeydi✓			BELIRSIZ		yemen-zeydi	✓	A-TARAF-PENCEREDE	
KRONOLOJI_ARABISTAN	6	1608-01-01	İmam Kāsım b. Muhammed ile on yıllık antlaşma	yemen-zeydi	yemen-zeydi✓			BELIRSIZ		yemen-zeydi	✓	A-TARAF-PENCEREDE	
KRONOLOJI_ARABISTAN	7	1619-01-01	Mehmed Paşa - Zeydîler arasında ikinci on yıllık antlaşma	yemen-zeydi	yemen-zeydi✓			BELIRSIZ		yemen-zeydi	✓	A-TARAF-PENCEREDE	
KRONOLOJI_ARABISTAN	8	1626-01-01	İmam Müeyyed barışı bozdu, San'a kuşatıldı	yemen-zeydi	yemen-zeydi✓			BELIRSIZ		yemen-zeydi	✓	A-TARAF-PENCEREDE	
KRONOLOJI_ARABISTAN	9	1629-01-01	Taiz imametin eline geçti	yemen-zeydi	yemen-zeydi✓			BELIRSIZ		yemen-zeydi	✓	A-TARAF-PENCEREDE	
KRONOLOJI_ARABISTAN	10	1630-08-01	Kansu Paşa ile İmam Müeyyed arasında geçici anlaşma	yemen-zeydi	yemen-zeydi✓			BELIRSIZ		yemen-zeydi	✓	A-TARAF-PENCEREDE	
KRONOLOJI_ARABISTAN	11	1635-10-22	Osmanlı çekilişi tamamlandı — imamet bağımsızlığını kazandı	yemen-zeydi	yemen-zeydi✓			BELIRSIZ		yemen-zeydi	✓	A-TARAF-PENCEREDE	
KRONOLOJI_ARABISTAN	12	1644-01-01	Mütevekkil İsmâil b. Kāsım tahta çıktı — Kāsımî imametin altın çağı	yemen-zeydi	yemen-zeydi✓			BELIRSIZ		yemen-zeydi	✓	A-TARAF-PENCEREDE	
KRONOLOJI_ARABISTAN	13	1681-01-01	Ahmed b. Hasan'ın nominal Osmanlı bağı iddiası	yemen-zeydi	yemen-zeydi✓			BELIRSIZ		yemen-zeydi	✓	A-TARAF-PENCEREDE	
KRONOLOJI_ARABISTAN	14	1702-01-01	Osmanlı, İmam Mehdî'ye elçi gönderdi	yemen-zeydi	yemen-zeydi✓			BELIRSIZ		yemen-zeydi	✓	A-TARAF-PENCEREDE	
KRONOLOJI_ARABISTAN	15	1849-01-01	İkinci Osmanlı dönemi başladı — Tihâme kıyısı yeniden alındı					BELIRSIZ			✗	E-ATIFSIZ	yemen-zeydi,umman
KRONOLOJI_ARABISTAN	16	1872-04-01	Ahmed Muhtar Paşa San'a'yı aldı — Yemen vilâyeti kuruldu	yemen-zeydi	yemen-zeydi✓			BELIRSIZ		yemen-zeydi	✓	A-TARAF-PENCEREDE	
KRONOLOJI_ARABISTAN	17	1889-01-01	Zeydîler isyan etti	yemen-zeydi	yemen-zeydi✓			BELIRSIZ		yemen-zeydi	✓	A-TARAF-PENCEREDE	
KRONOLOJI_ARABISTAN	18	1895-01-01	Hüseyin Hilmi Paşa isyanı bastırdı	yemen-zeydi	yemen-zeydi✓			BELIRSIZ		yemen-zeydi	✓	A-TARAF-PENCEREDE	
KRONOLOJI_ARABISTAN	19	1902-01-01	İmam Yahyâ Hamîdüddin ayaklanmayı başlattı	yemen-zeydi	yemen-zeydi✓			BELIRSIZ		yemen-zeydi	✓	A-TARAF-PENCEREDE	
KRONOLOJI_ARABISTAN	20	1905-04-01	İmam Yahyâ San'a'yı kuşatıp ele geçirdi	yemen-zeydi	yemen-zeydi✓			BELIRSIZ		yemen-zeydi	✓	A-TARAF-PENCEREDE	
KRONOLOJI_ARABISTAN	21	1905-09-01	Ahmed Feyzi Paşa San'a'yı geri aldı	yemen-zeydi	yemen-zeydi✓			BELIRSIZ		yemen-zeydi	✓	A-TARAF-PENCEREDE	
KRONOLOJI_ARABISTAN	22	1911-10-13	Da'an Antlaşması — imamete geniş özerklik tanındı	yemen-zeydi	yemen-zeydi✓			BELIRSIZ		yemen-zeydi	✓	A-TARAF-PENCEREDE	
KRONOLOJI_ARABISTAN	23	1918-10-30	Mondros sonrası Osmanlı çekildi — imamet tam bağımsızlığını kazandı	yemen-zeydi	yemen-zeydi✓			BELIRSIZ		yemen-zeydi	✓	A-TARAF-PENCEREDE	
KRONOLOJI_ARABISTAN	24	1920-01-01	İmam Yahyâ, Mütevekkilî Krallığı'nı ilan etti	yemen-zeydi	yemen-zeydi✓			BELIRSIZ		yemen-zeydi	✓	A-TARAF-PENCEREDE	
KRONOLOJI_ARABISTAN	25	1507-01-01	Portekiz, Uman kıyı şehirlerini işgale başladı				nebhani	KAYNAK	nebhani✓	nebhani	✓	B-TARAFSIZ-0929-ATIF-PENCEREDE	
KRONOLOJI_ARABISTAN	26	1620-01-01	Nâsır b. Mürşid'e biat edildi — Ya'rubî imameti kuruldu					BELIRSIZ			✗	E-ATIFSIZ	yemen-zeydi
KRONOLOJI_ARABISTAN	27	1630-01-01	Portekiz ile barış antlaşması	umman	umman✓		umman	KAYNAK	umman✓	umman	✓	A-TARAF-PENCEREDE	
KRONOLOJI_ARABISTAN	28	1633-01-01	Culfâr'da İran birliklerine karşı zafer	umman	umman✓		umman	KAYNAK	umman✓	umman	✓	A-TARAF-PENCEREDE	
KRONOLOJI_ARABISTAN	29	1650-01-26	Maskat, Portekiz'den geri alındı				umman	KAYNAK	umman✓	umman	✓	B-TARAFSIZ-0929-ATIF-PENCEREDE	
KRONOLOJI_ARABISTAN	30	1680-01-01	I. Sultân b. Seyf'in ölümü, Bel'arab yönetimi devraldı	umman	umman✓		umman	KAYNAK	umman✓	umman	✓	A-TARAF-PENCEREDE	
KRONOLOJI_ARABISTAN	31	1692-01-01	Seyf b. Sultân iktidara geçti, merkez Rustâk'a taşındı	umman	umman✓		umman	KAYNAK	umman✓	umman	✓	A-TARAF-PENCEREDE	
KRONOLOJI_ARABISTAN	32	1711-01-01	Seyf b. Sultân vefat etti, II. Sultân tahta çıktı	umman	umman✓		umman	KAYNAK	umman✓	umman	✓	A-TARAF-PENCEREDE	
KRONOLOJI_ARABISTAN	33	1720-01-01	II. Sultân'ın ölümü — on iki yaşındaki II. Seyf döneminde veraset krizi	umman	umman✓		umman	KAYNAK	umman✓	umman	✓	A-TARAF-PENCEREDE	
KRONOLOJI_ARABISTAN	34	1728-01-01	İç savaş sona erdi, II. Seyf'in imameti kabul edildi	umman	umman✓		umman	KAYNAK	umman✓	umman	✓	A-TARAF-PENCEREDE	
KRONOLOJI_ARABISTAN	35	1743-01-01	II. Seyf'in ölümü — Ahmed b. Saîd iktidarı ele geçirdi	umman	umman✓		umman	KAYNAK	umman✓	umman	✓	A-TARAF-PENCEREDE	
KRONOLOJI_ARABISTAN	36	1749-06-10	Bû Saîd hanedanı resmen kuruldu				umman	KAYNAK	umman✓	umman	✓	B-TARAFSIZ-0929-ATIF-PENCEREDE	
KRONOLOJI_ARABISTAN	37	1775-01-01	Kerim Han Zend'in Basra kuşatmasında Osmanlı'ya yardım	umman	umman✓		umman	KAYNAK	umman✓	umman	✓	A-TARAF-PENCEREDE	
KRONOLOJI_ARABISTAN	38	1798-01-18	İngiltere ile 'kavilnâme' — Maskat'ta İngiliz temsilciliği açıldı				umman	KAYNAK	umman✓	umman	✓	B-TARAFSIZ-0929-ATIF-PENCEREDE	
KRONOLOJI_ARABISTAN	39	1804-01-01	Saîd b. Sultân tahta çıktı	umman	umman✓		umman	KAYNAK	umman✓	umman	✓	A-TARAF-PENCEREDE	
KRONOLOJI_ARABISTAN	40	1806-01-01	Kuzeni Bedr b. Seyf bertaraf edildi	umman	umman✓		umman	KAYNAK	umman✓	umman	✓	A-TARAF-PENCEREDE	
KRONOLOJI_ARABISTAN	41	1821-01-01	Kardeşi Sâlim'in ölümüyle tek hükümdar oldu	umman	umman✓		umman	KAYNAK	umman✓	umman	✓	A-TARAF-PENCEREDE	
KRONOLOJI_ARABISTAN	42	1824-01-01	Hac ziyareti — Kavalalı Mehmed Ali Paşa tarafından ağırlandı	umman	umman✓		umman	KAYNAK	umman✓	umman	✓	A-TARAF-PENCEREDE	
KRONOLOJI_ARABISTAN	43	1828-01-01	Zengibar'a yerleşti	umman	umman✓		umman	KAYNAK	umman✓	umman	✓	A-TARAF-PENCEREDE	
KRONOLOJI_ARABISTAN	44	1837-01-01	Mombasa, Mazrui hanedanından alındı	umman	umman✓		umman	KAYNAK	umman✓	umman	✓	A-TARAF-PENCEREDE	
KRONOLOJI_ARABISTAN	45	1840-01-01	Zengibar resmen başkent ilan edildi	umman	umman✓		umman	KAYNAK	umman✓	umman	✓	A-TARAF-PENCEREDE	
KRONOLOJI_ARABISTAN	46	1850-01-01	Osmanlı'nın Cidde valisi Hasib Paşa'yı ziyaret etti	umman	umman✓		umman	KAYNAK	umman✓	umman	✓	A-TARAF-PENCEREDE	
KRONOLOJI_ARABISTAN	47	1856-01-01	Saîd b. Sultân'ın ölümü — ülke Maskat ve Zengibar arasında bölündü				umman	KAYNAK	umman✓	umman	✓	B-TARAFSIZ-0929-ATIF-PENCEREDE	
KRONOLOJI_ARABISTAN	48	1862-01-01	Zengibar ve Uman ayrı devletler olarak tanındı				umman	KAYNAK	umman✓	umman	✓	B-TARAFSIZ-0929-ATIF-PENCEREDE	
KRONOLOJI_ARABISTAN	49	1866-01-01	Sultan Süveynî, oğlu Salim tarafından öldürüldü	umman	umman✓		umman	KAYNAK	umman✓	umman	✓	A-TARAF-PENCEREDE	
KRONOLOJI_ARABISTAN	50	1868-01-01	Azzam b. Kays, Bû Saîd hattından son imam oldu	umman	umman✓		umman	KAYNAK	umman✓	umman	✓	A-TARAF-PENCEREDE	
KRONOLOJI_ARABISTAN	51	1547-01-01	Osmanlı, Lahsa'yı Basra beylerbeyiliğine bağladı					BELIRSIZ			✗	E-ATIFSIZ	yemen-zeydi
KRONOLOJI_ARABISTAN	52	1553-01-01	Lahsa beylerbeyiliğe yükseltildi					BELIRSIZ			✗	E-ATIFSIZ	yemen-zeydi
KRONOLOJI_ARABISTAN	53	1670-01-01	Berrâk b. Guraybir, Hufuf'u alarak Benî Hâlid emirliğini kurdu					BELIRSIZ			✗	E-ATIFSIZ	yemen-zeydi,umman,benihalid
KRONOLOJI_ARABISTAN	54	1691-01-01	Muhammed b. Berrâk, Necid'e akınlarını sürdürdü				benihalid	KAYNAK	benihalid✓	benihalid	✓	B-TARAFSIZ-0929-ATIF-PENCEREDE	
KRONOLOJI_ARABISTAN	55	1744-01-01	Muhammed b. Abdülvehhâb'ın Dir'iye'ye sığınması — Suûdîlerle husumet başladı				benihalid	KAYNAK	benihalid✓	benihalid	✓	B-TARAFSIZ-0929-ATIF-PENCEREDE	
KRONOLOJI_ARABISTAN	56	1752-01-01	Süleyman el-Hamîdî tahttan indirildi — iç çekişmeler başladı				benihalid	KAYNAK	benihalid✓	benihalid	✓	B-TARAFSIZ-0929-ATIF-PENCEREDE	
KRONOLOJI_ARABISTAN	57	1795-01-01	Abdülazîz b. Suûd, Lahsa'yı alıp emirliği ilk kez tasfiye etti					BELIRSIZ			✗	E-ATIFSIZ	yemen-zeydi,umman,benihalid
KRONOLOJI_ARABISTAN	58	1818-01-01	İbrâhim Paşa'nın Vehhâbî seferinin ardından emirlik geçici olarak yeniden kuruldu					BELIRSIZ			✗	E-ATIFSIZ	yemen-zeydi,umman,benihalid
KRONOLOJI_ARABISTAN	59	1830-01-01	Mâcid el-Ureyyir'in ölümü — emirlik kesin olarak sona erdi				benihalid	KAYNAK	benihalid✓	benihalid	✓	B-TARAFSIZ-0929-ATIF-PENCEREDE	
KRONOLOJI_BALKAN	0	1356-01-01	Balšić ailesi Sırp Krallığı'nın dağılmasında bağımsızlaştı				zeta	KAYNAK	zeta✓	zeta	✓	B-TARAFSIZ-0929-ATIF-PENCEREDE	
KRONOLOJI_BALKAN	1	1385-01-01	Osmanlı ile ilk çarpışma				zeta	KAYNAK	zeta✓	zeta	✓	B-TARAFSIZ-0929-ATIF-PENCEREDE	
KRONOLOJI_BALKAN	2	1421-01-01	Son Balšić hükümdarı Zeta'yı Sırp despotuna miras bıraktı	zeta	zeta✓		zeta	KAYNAK	zeta✓	zeta	✓	A-TARAF-PENCEREDE	
KRONOLOJI_BALKAN	3	1451-01-01	Crnojević ailesi Zeta'nın başına geçti	zeta	zeta✓		zeta	KAYNAK	zeta✓	zeta	✓	A-TARAF-PENCEREDE	
KRONOLOJI_BALKAN	4	1465-01-01	İvan Crnojević Zeta hükümdarı oldu	zeta	zeta✓			BELIRSIZ		zeta	✓	A-TARAF-PENCEREDE	
KRONOLOJI_BALKAN	5	1479-01-25	İşkodra Venedik'ten Osmanlı'ya geçti — Zeta'nın kuzey komşusu değişti	zeta	zeta✓		zeta	KAYNAK	zeta✓	zeta	✓	A-TARAF-PENCEREDE	
KRONOLOJI_BALKAN	6	1482-01-01	İvan Crnojević merkezi Cetine'ye taşıdı				zeta	KAYNAK	zeta✓	zeta	✓	B-TARAFSIZ-0929-ATIF-PENCEREDE	
KRONOLOJI_BALKAN	7	1482-06-01	Stanko Crnojević İstanbul'a gönderildi, İslam'a girip İskender Bey oldu	zeta	zeta✓		zeta	KAYNAK	zeta✓	zeta	✓	A-TARAF-PENCEREDE	
KRONOLOJI_BALKAN	8	1484-01-01	Cetinje Manastırı kuruldu	zeta	zeta✓		zeta	KAYNAK	zeta✓	zeta	✓	A-TARAF-PENCEREDE	
KRONOLOJI_BALKAN	9	1490-01-01	Đurađ Crnojević babasının yerine geçti	zeta	zeta✓			BELIRSIZ		zeta	✓	A-TARAF-PENCEREDE	
KRONOLOJI_BALKAN	10	1493-01-01	Đurađ Crnojević, Balkanlar'ın ilk Kiril matbaasını Cetine'de kurdu	zeta	zeta✓		zeta	KAYNAK	zeta✓	zeta	✓	A-TARAF-PENCEREDE	
KRONOLOJI_BALKAN	11	1494-01-04	İlk basılı kitap: Oktoih (Osmoglasnik)	zeta	zeta✓			BELIRSIZ		zeta	✓	A-TARAF-PENCEREDE	
KRONOLOJI_BALKAN	12	1496-01-01	Đurađ Crnojević Venedik'e kaçtı, kardeşi Stefan Osmanlı'nın eline geçti	zeta	zeta✓			BELIRSIZ		zeta	✓	A-TARAF-PENCEREDE	
KRONOLOJI_BALKAN	13	1499-01-01	Zeta İşkodra Sancağı'na bağlandı	zeta	zeta✓		zeta	KAYNAK	zeta✓	zeta	✓	A-TARAF-PENCEREDE	
KRONOLOJI_BALKAN	14	1514-01-01	İskender Bey yönetiminde Karadağ ayrı bir sancak olarak kuruldu — Zeta'nın sonu				zeta	KAYNAK	zeta✓	zeta	✓	B-TARAFSIZ-0929-ATIF-PENCEREDE	
KRONOLOJI_BALKAN	15	1528-01-01	İskender Bey öldü, Karadağ Sancağı İşkodra'ya bağlı özerk birim oldu	karadag	karadag✓		karadag	KAYNAK	karadag✓	karadag	✓	A-TARAF-PENCEREDE	
KRONOLOJI_BALKAN	16	1530-01-01	Karadağ'ın vergi düzeni: maktû sistem ve tuz madenlerinde angarya	karadag	karadag✓		karadag	KAYNAK	karadag✓	karadag	✓	A-TARAF-PENCEREDE	
KRONOLOJI_BALKAN	17	1614-01-01	Karadağ'ın Osmanlı dönemi nüfus ve idari yapısı: beş nahiye, doksan köy	karadag	karadag✓		karadag	KAYNAK	karadag✓	karadag	✓	A-TARAF-PENCEREDE	
KRONOLOJI_BALKAN	18	1683-09-12	II. Viyana bozgunu Karadağ-Osmanlı ilişkisinin dönüm noktası oldu	karadag	karadag✓		karadag	KAYNAK	karadag✓	karadag	✓	A-TARAF-PENCEREDE	
KRONOLOJI_BALKAN	19	1688-01-01	Karadağlılar Venedik himayesine girdi	karadag	karadag✓		karadag	KAYNAK	karadag✓	karadag	✓	A-TARAF-PENCEREDE	
KRONOLOJI_BALKAN	20	1692-01-01	Osmanlı kuvvetleri Çetine'yi tahrip etti	karadag	karadag✓		karadag	KAYNAK	karadag✓	karadag	✓	A-TARAF-PENCEREDE	
KRONOLOJI_BALKAN	21	1697-01-01	Danilo I Petrović-Njegoš vladika seçildi — kalıtsal piskopos-prenslik başladı	karadag	karadag✓		karadag	KAYNAK	karadag✓	karadag	✓	A-TARAF-PENCEREDE	
KRONOLOJI_BALKAN	22	1704-01-01	Çetine yeniden imar edildi	karadag	karadag✓		karadag	KAYNAK	karadag✓	karadag	✓	A-TARAF-PENCEREDE	
KRONOLOJI_BALKAN	23	1711-01-01	Rusya Karadağ'a elçi gönderip Osmanlı'ya karşı kışkırttı	karadag	karadag✓		karadag	KAYNAK	karadag✓	karadag	✓	A-TARAF-PENCEREDE	
KRONOLOJI_BALKAN	24	1714-01-01	Köprülüzâde Nûman Paşa Çetine'yi ikinci kez tahrip etti	karadag	karadag✓		karadag	KAYNAK	karadag✓	karadag	✓	A-TARAF-PENCEREDE	
KRONOLOJI_BALKAN	25	1718-07-21	Pasarofça Antlaşması — Karadağ'da geçici sükûnet	karadag	karadag✓		karadag	KAYNAK	karadag✓	karadag	✓	A-TARAF-PENCEREDE	
KRONOLOJI_BALKAN	26	1785-01-01	Buşatlı Kara Mahmud Paşa Karadağ'ı tam kontrol altına almaya girişti	karadag	karadag✓		karadag	KAYNAK	karadag✓	karadag	✓	A-TARAF-PENCEREDE	
KRONOLOJI_BALKAN	27	1795-01-01	Kara Mahmud Paşa Kruse Savaşı'nda öldü, doğu Zeta kabileleri Karadağ'a katıldı	karadag	karadag✓		karadag	KAYNAK	karadag✓	karadag	✓	A-TARAF-PENCEREDE	
KRONOLOJI_BALKAN	28	1798-01-01	Petar I Petrović-Njegoš Karadağ'ın ilk yazılı kanunu Zakonik'i çıkardı	karadag	karadag✓		karadag	KAYNAK	karadag✓	karadag	✓	A-TARAF-PENCEREDE	
KRONOLOJI_BALKAN	29	1830-01-01	Petar II Petrović-Njegoš 'Karadağlılar'ın hükümdarı' unvanını ilk kez aldı	karadag	karadag✓		karadag	KAYNAK	karadag✓	karadag	✓	A-TARAF-PENCEREDE	
KRONOLOJI_BALKAN	30	1831-10-01	Praviteljstvujušči Senat (Yönetici Meclis) kuruldu	karadag	karadag✓			BELIRSIZ		karadag	✓	A-TARAF-PENCEREDE	
KRONOLOJI_BALKAN	31	1838-01-01	Grahova tarafsız bölge ilan edildi	karadag	karadag✓		karadag	KAYNAK	karadag✓	karadag	✓	A-TARAF-PENCEREDE	
KRONOLOJI_BALKAN	32	1847-02-01	Njegoš'un 'Dağlar Tacı' (Gorski vijenac) Viyana'da basıldı	karadag	karadag✓		karadag	KAYNAK	karadag✓	karadag	✓	A-TARAF-PENCEREDE	
KRONOLOJI_BALKAN	33	1852-01-01	II. Danilo dinî unvanı bırakıp laik kalıtsal prensliğe dönüştü				karadag	KAYNAK	karadag✓	karadag	✓	B-TARAFSIZ-0929-ATIF-PENCEREDE	
KRONOLOJI_BALKAN	34	1852-06-01	Ömer Paşa'nın Karadağ seferi ve Avusturya'nın müdahalesi	karadag	karadag✓		karadag	KAYNAK	karadag✓	karadag	✓	A-TARAF-PENCEREDE	
KRONOLOJI_BALKAN	35	1853-03-01	Sınırların mevcut durumuyla teyidi	karadag	karadag✓		karadag	KAYNAK	karadag✓	karadag	✓	A-TARAF-PENCEREDE	
KRONOLOJI_BALKAN	36	1856-03-30	Paris Kongresi'nde bağımsızlık talebi reddedildi	karadag	karadag✓		karadag	KAYNAK	karadag✓	karadag	✓	A-TARAF-PENCEREDE	
KRONOLOJI_BALKAN	37	1858-05-13	Grahova Savaşı — Osmanlı kuvvetleri yenildi				karadag	KAYNAK	karadag✓	karadag	✓	B-TARAFSIZ-0929-ATIF-PENCEREDE	
KRONOLOJI_BALKAN	38	1859-01-01	İstanbul'da Grahova'nın Karadağ'a bırakılması kabul edildi	karadag	karadag✓		karadag	KAYNAK	karadag✓	karadag	✓	A-TARAF-PENCEREDE	
KRONOLOJI_BALKAN	39	1862-04-01	Hersek isyanını destekleyen Karadağ'a Osmanlı iki koldan girdi	karadag	karadag✓		karadag	KAYNAK	karadag✓	karadag	✓	A-TARAF-PENCEREDE	
KRONOLOJI_BALKAN	40	1876-06-30	Sırbistan'ın müttefiki olarak Osmanlı'ya savaş ilan etti	karadag	karadag✓		karadag	KAYNAK	karadag✓	karadag	✓	A-TARAF-PENCEREDE	
KRONOLOJI_BALKAN	41	1876-07-18	Vučji Do Savaşı — Osman ve Selim Paşa'nın esir düşmesi	karadag	karadag✓		karadag	KAYNAK	karadag✓	karadag	✓	A-TARAF-PENCEREDE	
KRONOLOJI_BALKAN	42	1877-09-01	Nikšić, Podgorica ve Bar alındı, Ülgün ele geçirildi	karadag	karadag✓		karadag	KAYNAK	karadag✓	karadag	✓	A-TARAF-PENCEREDE	
KRONOLOJI_BALKAN	43	1878-03-03	Ayastefanos Antlaşması — bağımsızlık ilk kez tanındı	karadag	karadag✓			BELIRSIZ		karadag	✓	A-TARAF-PENCEREDE	
KRONOLOJI_BALKAN	44	1878-07-13	Berlin Kongresi — bağımsızlık kesinleşti, topraklar genişledi				karadag	KAYNAK	karadag✓	karadag	✓	B-TARAFSIZ-0929-ATIF-PENCEREDE	
KRONOLOJI_BALKAN	45	1878-08-01	Bağımsızlık sonrası Müslüman göçü hızlandı	karadag	karadag✓		karadag	KAYNAK	karadag✓	karadag	✓	A-TARAF-PENCEREDE	
KRONOLOJI_BALKAN	46	1905-12-19	İlk anayasa (Ustav) ilan edildi — meşruti prenslik	karadag	karadag✓		karadag	KAYNAK	karadag✓	karadag	✓	A-TARAF-PENCEREDE	
KRONOLOJI_BALKAN	47	1910-08-28	I. Nikola kral ilan edildi — prenslik krallığa dönüştü					BELIRSIZ			✗	E-ATIFSIZ	karadag,sirbistan-kralligi,bulgaristan-kralligi,yunanistan,girit-devleti
KRONOLOJI_BALKAN	48	1912-08-01	Karadağ-Bulgaristan ittifakı imzalandı	karadag	karadag✓			BELIRSIZ		karadag	✓	A-TARAF-PENCEREDE	
KRONOLOJI_BALKAN	49	1912-10-06	Karadağ-Sırbistan ittifakı imzalandı	karadag	karadag✓			BELIRSIZ		karadag	✓	A-TARAF-PENCEREDE	
KRONOLOJI_BALKAN	50	1912-10-08	Osmanlı'ya savaş ilan eden ilk Balkan devleti oldu — I. Balkan Savaşı başladı	karadag	karadag✓			BELIRSIZ		karadag	✓	A-TARAF-PENCEREDE	
KRONOLOJI_BALKAN	51	1918-11-26	Podgorica Meclisi Sırbistan'la birleşmeyi oyladı — Karadağ Krallığı sona erdi				karadag	KAYNAK	karadag✓	karadag	✓	B-TARAFSIZ-0929-ATIF-PENCEREDE	
KRONOLOJI_BALKAN	52	1185-01-01	Asen kardeşler Bizans'a isyan etti — İkinci Bulgar İmparatorluğu kuruldu				bulgar-carligi	KAYNAK	bulgar-carligi✓	bulgar-carligi	✓	B-TARAFSIZ-0929-ATIF-PENCEREDE	
KRONOLOJI_BALKAN	53	1205-04-14	Edirne Savaşı — Çar Kaloyan Latin İmparator Baldwin'i esir aldı	bulgar-carligi	bulgar-carligi✓		bulgar-carligi	KAYNAK	bulgar-carligi✓	bulgar-carligi	✓	A-TARAF-PENCEREDE	
KRONOLOJI_BALKAN	54	1230-03-09	Klokotnitsa Zaferi — II. İvan Asen döneminde en geniş sınırlara ulaşıldı				bulgar-carligi	KAYNAK	bulgar-carligi✓	bulgar-carligi	✓	B-TARAFSIZ-0929-ATIF-PENCEREDE	
KRONOLOJI_BALKAN	55	1235-01-01	Bulgar (Tırnova) Patrikliği kuruldu	bulgar-carligi	bulgar-carligi✓			BELIRSIZ		bulgar-carligi	✓	A-TARAF-PENCEREDE	
KRONOLOJI_BALKAN	56	1277-01-01	İvaylo Ayaklanması — köylü çar	bulgar-carligi	bulgar-carligi✓		bulgar-carligi	KAYNAK	bulgar-carligi✓	bulgar-carligi	✓	A-TARAF-PENCEREDE	
KRONOLOJI_BALKAN	57	1371-09-26	Çirmen (Meriç) Savaşı — Bulgar knezlikleri de Osmanlı vassalı oldu	bulgar-carligi	bulgar-carligi✓		sirbistan-nemanjic	KAYNAK	sirbistan-nemanjic✓	bulgar-carligi	✓	A-TARAF-PENCEREDE	
KRONOLOJI_BALKAN	58	1371-01-01	İvan Aleksandır'ın ölümü — devlet Tırnova ve Vidin çarlıklarına bölündü				bulgar-carligi	KAYNAK	bulgar-carligi✓	bulgar-carligi	✓	B-TARAFSIZ-0929-ATIF-PENCEREDE	
KRONOLOJI_BALKAN	59	1375-01-01	Evtimiy Tırnova Patrikliği'ne getirildi — Tırnova Edebiyat Okulu zirvede	bulgar-carligi	bulgar-carligi✓		bulgar-carligi	KAYNAK	bulgar-carligi✓	bulgar-carligi	✓	A-TARAF-PENCEREDE	
KRONOLOJI_BALKAN	60	1388-01-01	Şumnu Osmanlı'ya teslim oldu	bulgar-carligi	bulgar-carligi✓			BELIRSIZ		bulgar-carligi	✓	A-TARAF-PENCEREDE	
KRONOLOJI_BALKAN	61	1393-07-17	Tırnova'nın düşüşü — Bulgar Krallığı'na son verildi				bulgar-carligi	KAYNAK	bulgar-carligi✓	bulgar-carligi	✓	B-TARAFSIZ-0929-ATIF-PENCEREDE	
KRONOLOJI_BALKAN	62	1395-06-03	Niğbolu kalesi Osmanlı'ya geçti	bulgar-carligi	bulgar-carligi✓			BELIRSIZ		bulgar-carligi	✓	A-TARAF-PENCEREDE	
KRONOLOJI_BALKAN	63	1396-09-25	NİĞBOLU — Avrupa'nın son büyük haçlı seferi bozguna uğradı					BELIRSIZ			✗	E-ATIFSIZ	zeta,sirbistan-nemanjic,bosna-kralligi
KRONOLOJI_BALKAN	64	1396-10-01	Vidin'in düşüşü — Bulgar Çarlığı sona erdi					BELIRSIZ			✗	E-ATIFSIZ	zeta,sirbistan-nemanjic,bosna-kralligi
KRONOLOJI_BALKAN	65	1444-11-10	Varna Savaşı — Haçlı ordusu Bulgaristan topraklarında bozguna uğradı					BELIRSIZ			✗	E-ATIFSIZ	zeta,bosna-kralligi,hersek
KRONOLOJI_BALKAN	66	1688-09-01	Chiprovtsi (Kiprovça) İsyanı — Katolik Bulgarların ayaklanması					BELIRSIZ			✗	E-ATIFSIZ	karadag
KRONOLOJI_BALKAN	67	1762-01-01	Paisiy Hilendarski 'Slav-Bulgar Tarihi'ni yazdı — millî uyanışın başlangıcı					BELIRSIZ			✗	E-ATIFSIZ	karadag
KRONOLOJI_BALKAN	68	1835-01-02	Aprilov Mektebi (Gabrovo) açıldı — ilk modern Bulgar okulu					BELIRSIZ			✗	E-ATIFSIZ	karadag,yunanistan
KRONOLOJI_BALKAN	69	1860-04-03	Bulgar-Rum kilise ayrılığı fiilen başladı					BELIRSIZ			✗	E-ATIFSIZ	karadag,yunanistan
KRONOLOJI_BALKAN	70	1864-10-01	Midhat Paşa Tuna Vilâyeti valisi oldu — reform dönemi başladı					BELIRSIZ			✗	E-ATIFSIZ	karadag,yunanistan
KRONOLOJI_BALKAN	71	1870-03-11	Bulgar Eksarhlığı kuruldu — Bulgar kilisesi bağımsızlığını kazandı					BELIRSIZ			✗	E-ATIFSIZ	karadag,yunanistan
KRONOLOJI_BALKAN	72	1873-02-18	Vasil Levski Sofya'da idam edildi					BELIRSIZ			✗	E-ATIFSIZ	karadag,yunanistan
KRONOLOJI_BALKAN	73	1876-05-02	Nisan İsyanı — Batak katliamı ve Avrupa kamuoyunun tepkisi					BELIRSIZ			✗	E-ATIFSIZ	karadag,yunanistan
KRONOLOJI_BALKAN	74	1877-04-24	93 Harbi başladı — Rusya Osmanlı'ya savaş ilan etti					BELIRSIZ			✗	E-ATIFSIZ	karadag,yunanistan
KRONOLOJI_BALKAN	75	1877-08-21	Şıpka Geçidi Savunması — Bulgar gönüllüleri ve Rus ordusu geçidi tuttu					BELIRSIZ			✗	E-ATIFSIZ	karadag,yunanistan
KRONOLOJI_BALKAN	76	1877-12-10	Plevne'nin düşüşü — Gazi Osman Paşa teslim oldu					BELIRSIZ			✗	E-ATIFSIZ	karadag,yunanistan
KRONOLOJI_BALKAN	77	1878-01-04	Sofya Rus kuvvetlerince işgal edildi					BELIRSIZ			✗	E-ATIFSIZ	karadag,yunanistan
KRONOLOJI_BALKAN	78	1878-03-03	Ayastefanos Antlaşması — 'Büyük Bulgaristan' kısa ömürlü ilan edildi					BELIRSIZ			✗	E-ATIFSIZ	karadag,yunanistan
KRONOLOJI_BALKAN	79	1878-07-13	Berlin Antlaşması — Bulgaristan Prensliği resmen kuruldu					BELIRSIZ			✗	E-ATIFSIZ	karadag,bulgaristan-prensligi,yunanistan
KRONOLOJI_BALKAN	80	1879-04-16	Tırnova Anayasası kabul edildi	bulgaristan-prensligi	bulgaristan-prensligi✓		bulgaristan-prensligi	KAYNAK	bulgaristan-prensligi✓	bulgaristan-prensligi	✓	A-TARAF-PENCEREDE	
KRONOLOJI_BALKAN	81	1879-04-29	Aleksandr Battenberg Bulgaristan Prensi seçildi	bulgaristan-prensligi	bulgaristan-prensligi✓			BELIRSIZ		bulgaristan-prensligi	✓	A-TARAF-PENCEREDE	
KRONOLOJI_BALKAN	82	1885-09-18	Doğu Rumeli ilhak edildi — Bulgaristan birleşti				bulgaristan-prensligi	KAYNAK	bulgaristan-prensligi✓	bulgaristan-prensligi	✓	B-TARAFSIZ-0929-ATIF-PENCEREDE	
KRONOLOJI_BALKAN	83	1885-11-14	Sırp-Bulgar Savaşı başladı	bulgaristan-prensligi	bulgaristan-prensligi✓		sirbistan-kralligi	KAYNAK	sirbistan-kralligi✓	bulgaristan-prensligi	✓	A-TARAF-PENCEREDE	
KRONOLOJI_BALKAN	84	1886-03-03	Bükreş Barışı — Sırp-Bulgar Savaşı sona erdi	bulgaristan-prensligi	bulgaristan-prensligi✓			BELIRSIZ		bulgaristan-prensligi	✓	A-TARAF-PENCEREDE	
KRONOLOJI_BALKAN	85	1887-07-07	Ferdinand Bulgaristan Prensi seçildi	bulgaristan-prensligi	bulgaristan-prensligi✓			BELIRSIZ		bulgaristan-prensligi	✓	A-TARAF-PENCEREDE	
KRONOLOJI_BALKAN	86	1888-10-01	Sofya Yüksek Okulu kuruldu — Bulgaristan'ın ilk üniversitesi	bulgaristan-prensligi	bulgaristan-prensligi✓		bulgaristan-prensligi	KAYNAK	bulgaristan-prensligi✓	bulgaristan-prensligi	✓	A-TARAF-PENCEREDE	
KRONOLOJI_BALKAN	87	1908-10-05	Bağımsızlık ilan edildi — Ferdinand 'Çar' unvanını aldı				bulgaristan-prensligi,bulgaristan-kralligi	KAYNAK	bulgaristan-prensligi✓,bulgaristan-kralligi✓	bulgaristan-prensligi,bulgaristan-kralligi	✓	B-TARAFSIZ-0929-ATIF-PENCEREDE	
KRONOLOJI_BALKAN	88	1912-03-13	Sırp-Bulgar İttifak Antlaşması — Balkan İttifakı'nın çekirdeği kuruldu	bulgaristan-kralligi	bulgaristan-kralligi✓		bulgaristan-kralligi	KAYNAK	bulgaristan-kralligi✓	bulgaristan-kralligi	✓	A-TARAF-PENCEREDE	
KRONOLOJI_BALKAN	89	1912-10-08	Birinci Balkan Savaşı'na giriş				bulgaristan-kralligi	KAYNAK	bulgaristan-kralligi✓	bulgaristan-kralligi	✓	B-TARAFSIZ-0929-ATIF-PENCEREDE	
KRONOLOJI_BALKAN	90	1912-10-24	Kırkkilise (Kırklareli) Savaşı — Bulgar ordusunun büyük zaferi	bulgaristan-kralligi	bulgaristan-kralligi✓			BELIRSIZ		bulgaristan-kralligi	✓	A-TARAF-PENCEREDE	
KRONOLOJI_BALKAN	91	1913-03-26	Edirne'nin düşüşü — Bulgar-Sırp ortak kuşatması sonuçlandı	bulgaristan-kralligi	bulgaristan-kralligi✓			BELIRSIZ		bulgaristan-kralligi	✓	A-TARAF-PENCEREDE	
KRONOLOJI_BALKAN	92	1913-05-30	Londra Antlaşması — I. Balkan Savaşı sona erdi				bulgaristan-kralligi	KAYNAK	bulgaristan-kralligi✓	bulgaristan-kralligi	✓	B-TARAFSIZ-0929-ATIF-PENCEREDE	
KRONOLOJI_BALKAN	93	1913-06-29	İkinci Balkan Savaşı başladı — Bulgaristan eski müttefiklerine saldırdı				bulgaristan-kralligi	KAYNAK	bulgaristan-kralligi✓	bulgaristan-kralligi	✓	B-TARAFSIZ-0929-ATIF-PENCEREDE	
KRONOLOJI_BALKAN	94	1913-07-21	Edirne Osmanlı tarafından geri alındı	bulgaristan-kralligi	bulgaristan-kralligi✓			BELIRSIZ		bulgaristan-kralligi	✓	A-TARAF-PENCEREDE	
KRONOLOJI_BALKAN	95	1913-08-10	Bükreş Antlaşması — İkinci Balkan Savaşı sona erdi, Güney Dobruca kaybedildi				bulgaristan-kralligi	KAYNAK	bulgaristan-kralligi✓	bulgaristan-kralligi	✓	B-TARAFSIZ-0929-ATIF-PENCEREDE	
KRONOLOJI_BALKAN	96	1915-10-14	Bulgaristan I. Dünya Savaşı'na Merkezi Devletler yanında girdi				bulgaristan-kralligi	KAYNAK	bulgaristan-kralligi✓	bulgaristan-kralligi	✓	B-TARAFSIZ-0929-ATIF-PENCEREDE	
KRONOLOJI_BALKAN	97	1918-09-29	Selanik Mütarekesi — Bulgaristan savaştan çekildi				bulgaristan-kralligi	KAYNAK	bulgaristan-kralligi✓	bulgaristan-kralligi	✓	B-TARAFSIZ-0929-ATIF-PENCEREDE	
KRONOLOJI_BALKAN	98	1918-10-03	Ferdinand tahttan çekildi — III. Boris çar oldu				bulgaristan-kralligi	KAYNAK	bulgaristan-kralligi✓	bulgaristan-kralligi	✓	B-TARAFSIZ-0929-ATIF-PENCEREDE	
KRONOLOJI_BALKAN	99	1919-11-27	Neuilly Antlaşması — Batı Trakya ve Ege kıyısı kaybedildi				bulgaristan-kralligi	KAYNAK	bulgaristan-kralligi✓	bulgaristan-kralligi	✓	B-TARAFSIZ-0929-ATIF-PENCEREDE	
KRONOLOJI_BALKAN	100	1923-06-09	9 Haziran Darbesi — Stamboliyski hükümeti devrildi	bulgaristan-kralligi	bulgaristan-kralligi✓		bulgaristan-kralligi	KAYNAK	bulgaristan-kralligi✓	bulgaristan-kralligi	✓	A-TARAF-PENCEREDE	
KRONOLOJI_BALKAN	101	1377-01-01	Tvrtko I'in taç giymesi — Bosna Krallığı'nın ilanı				bosna-kralligi	KAYNAK	bosna-kralligi✓	bosna-kralligi	✓	B-TARAFSIZ-0929-ATIF-PENCEREDE	
KRONOLOJI_BALKAN	102	1382-01-01	Herseknovi'nin kuruluşu — Adriyatik kıyısına açılış	bosna-kralligi	bosna-kralligi✓			BELIRSIZ		bosna-kralligi	✓	A-TARAF-PENCEREDE	
KRONOLOJI_BALKAN	103	1388-08-27	Bileća Meydan Savaşı — Osmanlı akınının ilk büyük yenilgisi	bosna-kralligi	bosna-kralligi✓			BELIRSIZ		bosna-kralligi	✓	A-TARAF-PENCEREDE	
KRONOLOJI_BALKAN	104	1389-06-15	I. Kosova Savaşı'na katılım — Balkan ittifakının çöküşü	bosna-kralligi	bosna-kralligi✓			BELIRSIZ		bosna-kralligi	✓	A-TARAF-PENCEREDE	
KRONOLOJI_BALKAN	105	1390-06-01	Kral unvanının genişlemesi — Dalmaçya kıyı şehirlerinin alınışı	bosna-kralligi	bosna-kralligi✓		bosna-kralligi	KAYNAK	bosna-kralligi✓	bosna-kralligi	✓	A-TARAF-PENCEREDE	
KRONOLOJI_BALKAN	106	1391-01-01	Tvrtko I'in ölümü — taht kavgalarının başlaması					BELIRSIZ			✗	E-ATIFSIZ	zeta,bulgar-carligi,sirbistan-nemanjic,bosna-kralligi
KRONOLOJI_BALKAN	107	1394-07-01	Đakovo Antlaşması — Macar veraseti kabul edildi, sonra tanınmadı	bosna-kralligi	bosna-kralligi✓			BELIRSIZ		bosna-kralligi	✓	A-TARAF-PENCEREDE	
KRONOLOJI_BALKAN	108	1395-09-08	Kraliçe Jelena'nın seçilmesi — Bosna'nın tek kadın hükümdarı	bosna-kralligi	bosna-kralligi✓			BELIRSIZ		bosna-kralligi	✓	A-TARAF-PENCEREDE	
KRONOLOJI_BALKAN	109	1400-01-01	Stećci mezar taşları geleneğinin altın çağı	bosna-kralligi	bosna-kralligi✓			BELIRSIZ		bosna-kralligi	✓	A-TARAF-PENCEREDE	
KRONOLOJI_BALKAN	110	1404-01-01	Büyük Dük Hrvoje Vukčić Hrvatinić'in yükselişi — derebeylerin krallar üzerindeki gücü	bosna-kralligi	bosna-kralligi✓			BELIRSIZ		bosna-kralligi	✓	A-TARAF-PENCEREDE	
KRONOLOJI_BALKAN	111	1414-01-01	Osmanlı'ya ilk haraç kabulü				bosna-kralligi	KAYNAK	bosna-kralligi✓	bosna-kralligi	✓	B-TARAFSIZ-0929-ATIF-PENCEREDE	
KRONOLOJI_BALKAN	112	1420-01-01	II. Tvrtko'nun ikinci ve kalıcı saltanatının başlaması	bosna-kralligi	bosna-kralligi✓		bosna-kralligi	KAYNAK	bosna-kralligi✓	bosna-kralligi	✓	A-TARAF-PENCEREDE	
KRONOLOJI_BALKAN	113	1428-01-01	Haracın pekiştirilmesi — Osmanlı garnizonlarının şehirlere yerleşmesi	bosna-kralligi	bosna-kralligi✓		bosna-kralligi	KAYNAK	bosna-kralligi✓	bosna-kralligi	✓	A-TARAF-PENCEREDE	
KRONOLOJI_BALKAN	114	1430-01-01	Ortodoks Sırp göçünün hızlanması — üç dinli bir krallık	bosna-kralligi	bosna-kralligi✓			BELIRSIZ		bosna-kralligi	✓	A-TARAF-PENCEREDE	
KRONOLOJI_BALKAN	115	1435-01-01	Stjepan Vukčić Kosača'nın fiilî özerkliği — krallığın parçalanması hızlanıyor	bosna-kralligi	bosna-kralligi✓		hersek	KAYNAK	hersek✓	bosna-kralligi	✓	A-TARAF-PENCEREDE	
KRONOLOJI_BALKAN	116	1443-01-01	Stjepan Tomaš'ın tahta çıkışı — Batı'ya yaslanma, Osmanlı'ya haraç birlikte	bosna-kralligi	bosna-kralligi✓		bosna-kralligi	KAYNAK	bosna-kralligi✓	bosna-kralligi	✓	A-TARAF-PENCEREDE	
KRONOLOJI_BALKAN	117	1448-01-20	Stjepan Vukčić Kosača'nın 'Herceg' unvanı — Hersek Dukalığı'nın doğuşu	bosna-kralligi	bosna-kralligi✓		bosna-kralligi	KAYNAK	bosna-kralligi✓	bosna-kralligi	✓	A-TARAF-PENCEREDE	
KRONOLOJI_BALKAN	118	1450-01-01	Gümüş madenciliği ve Dubrovnik ticareti — krallığın iktisadi omurgası	bosna-kralligi	bosna-kralligi✓		bosna-kralligi	KAYNAK	bosna-kralligi✓	bosna-kralligi	✓	A-TARAF-PENCEREDE	
KRONOLOJI_BALKAN	119	1459-01-01	Bosna Kilisesi'nin tasfiyesi — Papalık baskısıyla zorunlu ihtida	bosna-kralligi	bosna-kralligi✓		bosna-kralligi	KAYNAK	bosna-kralligi✓	bosna-kralligi	✓	A-TARAF-PENCEREDE	
KRONOLOJI_BALKAN	120	1461-11-01	Stjepan Tomašević'in tahta çıkışı — haracı reddedip Papalık'tan yardım istemesi				bosna-kralligi	KAYNAK	bosna-kralligi✓	bosna-kralligi	✓	B-TARAFSIZ-0929-ATIF-PENCEREDE	
KRONOLOJI_BALKAN	121	1463-05-01	Bosna Krallığı'nın yıkılışı — Bobovac, Ključ ve Kral Tomašević'in idamı				bosna-kralligi	KAYNAK	bosna-kralligi✓	bosna-kralligi	✓	B-TARAFSIZ-0929-ATIF-PENCEREDE	
KRONOLOJI_BALKAN	122	1821-02-22	İpsilantis'in Eflak-Boğdan'a girişi					BELIRSIZ			✗	E-ATIFSIZ	karadag
KRONOLOJI_BALKAN	123	1821-03-25	Mora İsyanı başladı	yunanistan	yunanistan✓		yunanistan	KAYNAK	yunanistan✓	yunanistan	✓	A-TARAF-PENCEREDE	
KRONOLOJI_BALKAN	124	1821-04-22	Patrik V. Grigorios'un idamı	yunanistan	yunanistan✓		yunanistan	KAYNAK	yunanistan✓	yunanistan	✓	A-TARAF-PENCEREDE	
KRONOLOJI_BALKAN	125	1822-04-02	Sakız katliamı	yunanistan	yunanistan✓		yunanistan	KAYNAK	yunanistan✓	yunanistan	✓	A-TARAF-PENCEREDE	
KRONOLOJI_BALKAN	126	1825-06-22	Tripoliçe'nin Mısır kuvvetlerince geri alınması	yunanistan	yunanistan✓			BELIRSIZ		yunanistan	✓	A-TARAF-PENCEREDE	
KRONOLOJI_BALKAN	127	1826-04-22	Missolonghi'nin düşüşü	yunanistan	yunanistan✓			BELIRSIZ		yunanistan	✓	A-TARAF-PENCEREDE	
KRONOLOJI_BALKAN	128	1827-07-06	Londra Protokolü imzalandı	yunanistan	yunanistan✓		yunanistan	KAYNAK	yunanistan✓	yunanistan	✓	A-TARAF-PENCEREDE	
KRONOLOJI_BALKAN	129	1827-10-20	Navarin Deniz Savaşı					BELIRSIZ			✗	E-ATIFSIZ	karadag,yunanistan
KRONOLOJI_BALKAN	130	1829-09-14	Edirne Antlaşması	yunanistan	yunanistan✓		yunanistan	KAYNAK	yunanistan✓	yunanistan	✓	A-TARAF-PENCEREDE	
KRONOLOJI_BALKAN	131	1830-02-03	Bağımsızlığın Londra Protokolü ile tanınması				yunanistan	KAYNAK	yunanistan✓	yunanistan	✓	B-TARAFSIZ-0929-ATIF-PENCEREDE	
KRONOLOJI_BALKAN	132	1831-10-09	Kapodistrias'ın suikastı	yunanistan	yunanistan✓		yunanistan	KAYNAK	yunanistan✓	yunanistan	✓	A-TARAF-PENCEREDE	
KRONOLOJI_BALKAN	133	1832-05-07	Otto'nun Yunanistan kralı seçilmesi	yunanistan	yunanistan✓		yunanistan	KAYNAK	yunanistan✓	yunanistan	✓	A-TARAF-PENCEREDE	
KRONOLOJI_BALKAN	134	1832-07-21	İstanbul Antlaşması — Arta-Volos sınırının çizilmesi	yunanistan	yunanistan✓		yunanistan	KAYNAK	yunanistan✓	yunanistan	✓	A-TARAF-PENCEREDE	
KRONOLOJI_BALKAN	135	1833-02-06	Otto'nun Yunanistan'a gelişi	yunanistan	yunanistan✓		yunanistan	KAYNAK	yunanistan✓	yunanistan	✓	A-TARAF-PENCEREDE	
KRONOLOJI_BALKAN	136	1833-07-25	Yunan Kilisesi'nin özerkliğini ilan etmesi	yunanistan	yunanistan✓		yunanistan	KAYNAK	yunanistan✓	yunanistan	✓	A-TARAF-PENCEREDE	
KRONOLOJI_BALKAN	137	1834-09-18	Atina'nın başkent ilan edilmesi	yunanistan	yunanistan✓		yunanistan	KAYNAK	yunanistan✓	yunanistan	✓	A-TARAF-PENCEREDE	
KRONOLOJI_BALKAN	138	1837-05-03	Atina Üniversitesi'nin kuruluşu	yunanistan	yunanistan✓		yunanistan	KAYNAK	yunanistan✓	yunanistan	✓	A-TARAF-PENCEREDE	
KRONOLOJI_BALKAN	139	1843-09-03	Anayasa ayaklanması	yunanistan	yunanistan✓		yunanistan	KAYNAK	yunanistan✓	yunanistan	✓	A-TARAF-PENCEREDE	
KRONOLOJI_BALKAN	140	1844-03-30	1844 Anayasası'nın kabulü	yunanistan	yunanistan✓			BELIRSIZ		yunanistan	✓	A-TARAF-PENCEREDE	
KRONOLOJI_BALKAN	141	1850-06-29	Fener Patrikhânesi'nin Yunan Kilisesi'nin özerkliğini tanıması	yunanistan	yunanistan✓		yunanistan	KAYNAK	yunanistan✓	yunanistan	✓	A-TARAF-PENCEREDE	
KRONOLOJI_BALKAN	142	1862-10-10	Kral Otto'nun tahttan indirilmesi	yunanistan	yunanistan✓		yunanistan	KAYNAK	yunanistan✓	yunanistan	✓	A-TARAF-PENCEREDE	
KRONOLOJI_BALKAN	143	1863-03-30	Prens Georgios'un Yunanistan kralı seçilmesi	yunanistan	yunanistan✓		yunanistan	KAYNAK	yunanistan✓	yunanistan	✓	A-TARAF-PENCEREDE	
KRONOLOJI_BALKAN	144	1864-01-01	1864 Anayasası'nın kabulü	yunanistan	yunanistan✓		yunanistan	KAYNAK	yunanistan✓	yunanistan	✓	A-TARAF-PENCEREDE	
KRONOLOJI_BALKAN	145	1864-05-21	İyon adalarının Yunanistan'a katılması	yunanistan	yunanistan✓		yunanistan	KAYNAK	yunanistan✓	yunanistan	✓	A-TARAF-PENCEREDE	
KRONOLOJI_BALKAN	146	1823-01-01	Solomos'un 'Özgürlüğe İlahi' şiirini yazması	yunanistan	yunanistan✓		yunanistan	KAYNAK	yunanistan✓	yunanistan	✓	A-TARAF-PENCEREDE	
KRONOLOJI_BALKAN	147	1865-01-01	'Özgürlüğe İlahi'nin millî marş olarak kabulü	yunanistan	yunanistan✓			BELIRSIZ		yunanistan	✓	A-TARAF-PENCEREDE	
KRONOLOJI_BALKAN	148	1881-05-24	Tesalya'nın Yunanistan'a devri	yunanistan	yunanistan✓		yunanistan	KAYNAK	yunanistan✓	yunanistan	✓	A-TARAF-PENCEREDE	
KRONOLOJI_BALKAN	149	1893-08-06	Korint Kanalı'nın açılması	yunanistan	yunanistan✓		yunanistan	KAYNAK	yunanistan✓	yunanistan	✓	A-TARAF-PENCEREDE	
KRONOLOJI_BALKAN	150	1893-12-10	Trikoupis'in iflası ilan etmesi	yunanistan	yunanistan✓		yunanistan	KAYNAK	yunanistan✓	yunanistan	✓	A-TARAF-PENCEREDE	
KRONOLOJI_BALKAN	151	1896-04-06	İlk modern Olimpiyat Oyunları'nın Atina'da açılması	yunanistan	yunanistan✓		yunanistan	KAYNAK	yunanistan✓	yunanistan	✓	A-TARAF-PENCEREDE	
KRONOLOJI_BALKAN	152	1897-04-17	1897 Osmanlı-Yunan Savaşı'nın başlaması	yunanistan	yunanistan✓			BELIRSIZ		yunanistan	✓	A-TARAF-PENCEREDE	
KRONOLOJI_BALKAN	153	1897-05-17	Dömeke Savaşı	yunanistan	yunanistan✓		yunanistan	KAYNAK	yunanistan✓	yunanistan	✓	A-TARAF-PENCEREDE	
KRONOLOJI_BALKAN	154	1897-12-18	Girit'in özerkliğinin ilanı	yunanistan	yunanistan✓			BELIRSIZ		yunanistan	✓	A-TARAF-PENCEREDE	
KRONOLOJI_BALKAN	155	1898-12-22	Prens George'un Girit fevkalade komiseri olması	yunanistan	yunanistan✓		girit-devleti	KAYNAK	girit-devleti✓	yunanistan	✓	A-TARAF-PENCEREDE	
KRONOLOJI_BALKAN	156	1901-11-08	Evangelika — İncil çevirisi ayaklanması	yunanistan	yunanistan✓		yunanistan	KAYNAK	yunanistan✓	yunanistan	✓	A-TARAF-PENCEREDE	
KRONOLOJI_BALKAN	157	1908-10-06	Girit Millî Meclisi'nin Yunanistan'a katılımı (enosis) ilanı	yunanistan	yunanistan✓		girit-devleti	KAYNAK	girit-devleti✓	yunanistan	✓	A-TARAF-PENCEREDE	
KRONOLOJI_BALKAN	158	1909-08-28	Gudi (Goudi) Darbesi	yunanistan	yunanistan✓		yunanistan	KAYNAK	yunanistan✓	yunanistan	✓	A-TARAF-PENCEREDE	
KRONOLOJI_BALKAN	159	1910-05-09	Girit Millî Meclisi'nin Yunan kralı adına açılması	yunanistan	yunanistan✓		girit-devleti	KAYNAK	girit-devleti✓	yunanistan	✓	A-TARAF-PENCEREDE	
KRONOLOJI_BALKAN	160	1910-10-06	Venizelos'un başbakan olması	yunanistan	yunanistan✓		yunanistan	KAYNAK	yunanistan✓	yunanistan	✓	A-TARAF-PENCEREDE	
KRONOLOJI_BALKAN	161	1912-10-08	Balkan Savaşları'na giriş					BELIRSIZ			✗	E-ATIFSIZ	karadag,sirbistan-kralligi,bulgaristan-kralligi,yunanistan,girit-devleti
KRONOLOJI_BALKAN	162	1912-11-08	Selanik'in alınması	yunanistan	yunanistan✓			BELIRSIZ		yunanistan	✓	A-TARAF-PENCEREDE	
KRONOLOJI_BALKAN	163	1913-03-06	Yanya'nın alınması	yunanistan	yunanistan✓			BELIRSIZ		yunanistan	✓	A-TARAF-PENCEREDE	
KRONOLOJI_BALKAN	164	1913-03-18	Kral I. Georgios'un suikastı	yunanistan	yunanistan✓		yunanistan	KAYNAK	yunanistan✓	yunanistan	✓	A-TARAF-PENCEREDE	
KRONOLOJI_BALKAN	165	1913-05-30	Londra Antlaşması	yunanistan	yunanistan✓		yunanistan	KAYNAK	yunanistan✓	yunanistan	✓	A-TARAF-PENCEREDE	
KRONOLOJI_BALKAN	166	1913-08-10	Bükreş Antlaşması				yunanistan	KAYNAK	yunanistan✓	yunanistan	✓	B-TARAFSIZ-0929-ATIF-PENCEREDE	
KRONOLOJI_BALKAN	167	1913-11-14	Atina Antlaşması — Girit'in resmî ilhakı	yunanistan	yunanistan✓			BELIRSIZ		yunanistan	✓	A-TARAF-PENCEREDE	
KRONOLOJI_BALKAN	168	1917-08-18	Büyük Selanik Yangını	yunanistan	yunanistan✓		yunanistan	KAYNAK	yunanistan✓	yunanistan	✓	A-TARAF-PENCEREDE	
KRONOLOJI_BALKAN	169	1919-05-15	İzmir'in işgali					BELIRSIZ			✗	E-ATIFSIZ	bulgaristan-kralligi,yunanistan
KRONOLOJI_BALKAN	170	1920-08-10	Sevr Antlaşması	yunanistan	yunanistan✓			BELIRSIZ		yunanistan	✓	A-TARAF-PENCEREDE	
KRONOLOJI_BALKAN	171	1920-10-25	Kral Aleksandros'un ölümü	yunanistan	yunanistan✓		yunanistan	KAYNAK	yunanistan✓	yunanistan	✓	A-TARAF-PENCEREDE	
KRONOLOJI_BALKAN	172	1922-08-26	Büyük Taarruz'un başlaması	yunanistan	yunanistan✓			BELIRSIZ		yunanistan	✓	A-TARAF-PENCEREDE	
KRONOLOJI_BALKAN	173	1922-09-09	İzmir'in Türk ordusunca geri alınması — 'Küçükasya Felâketi'	yunanistan	yunanistan✓		yunanistan	KAYNAK	yunanistan✓	yunanistan	✓	A-TARAF-PENCEREDE	
KRONOLOJI_BALKAN	174	1922-09-27	Kral Konstantin'in ikinci kez tahttan çekilmesi	yunanistan	yunanistan✓		yunanistan	KAYNAK	yunanistan✓	yunanistan	✓	A-TARAF-PENCEREDE	
KRONOLOJI_BALKAN	175	1923-01-30	Nüfus mübadelesi sözleşmesinin imzalanması	yunanistan	yunanistan✓		yunanistan	KAYNAK	yunanistan✓	yunanistan	✓	A-TARAF-PENCEREDE	
KRONOLOJI_BALKAN	176	1923-07-24	Lozan Antlaşması'nın imzalanması				yunanistan	KAYNAK	yunanistan✓	yunanistan	✓	B-TARAFSIZ-0929-ATIF-PENCEREDE	
KRONOLOJI_DOGU_AFRIKA	0	1285-01-01	Ali b. Ömer Veleşma', Şüve Emirliği'ni ilhak ederek Evfât Emirliği'ni kurdu				evfat	KAYNAK	evfat✓	evfat	✓	B-TARAFSIZ-0929-ATIF-PENCEREDE	
KRONOLOJI_DOGU_AFRIKA	1	1300-01-01	Sabrüddin Muhammed'in Evfât tahtına çıkışı	evfat	evfat✓		evfat	KAYNAK	evfat✓	evfat	✓	A-TARAF-PENCEREDE	
KRONOLOJI_DOGU_AFRIKA	2	1300-01-02	Evfât'ın kervan yolları üzerindeki tekeli ve altı tâbi sultanlık	evfat	evfat✓		evfat	KAYNAK	evfat✓	evfat	✓	A-TARAF-PENCEREDE	
KRONOLOJI_DOGU_AFRIKA	3	1328-01-01	Evfât sultanı Habeş kralına yenildi ve esir düştü	evfat	evfat✓		evfat	KAYNAK	evfat✓	evfat	✓	A-TARAF-PENCEREDE	
KRONOLOJI_DOGU_AFRIKA	4	1332-01-01	Amda Sion Zeyla' limanını ve Evfât topraklarının büyük kısmını aldı					BELIRSIZ			✗	E-ATIFSIZ	evfat,habesistan,svahili-sehirleri,makdisu-sultanligi,sidamo-kralliklari,buganda
KRONOLOJI_DOGU_AFRIKA	5	1332-01-02	Evfât emirlerinin Memlük Sultanı Nâsır Muhammed'e yardım heyeti	evfat	evfat✓		evfat	KAYNAK	evfat✓	evfat	✓	A-TARAF-PENCEREDE	
KRONOLOJI_DOGU_AFRIKA	6	1350-01-01	Ömerî'nin kaydettiği yedi müslüman emirlik ve aralarındaki bölünme	evfat	evfat✓		habesistan	KAYNAK	habesistan✓	evfat	✓	A-TARAF-PENCEREDE	
KRONOLOJI_DOGU_AFRIKA	7	1372-01-01	Nevaya Krestos Memlük kervanlarına Habeş sınırını kapattı	evfat	evfat✓		habesistan	KAYNAK	habesistan✓	evfat	✓	A-TARAF-PENCEREDE	
KRONOLOJI_DOGU_AFRIKA	8	1376-01-01	Evfât'ta taht kavgası ve II. Hakkuddin'in bağımsızlık iddiası	evfat	evfat✓		evfat	KAYNAK	evfat✓	evfat	✓	A-TARAF-PENCEREDE	
KRONOLOJI_DOGU_AFRIKA	9	1386-01-01	II. Hakkuddin Habeş kralına yenilerek öldürüldü				evfat	KAYNAK	evfat✓	evfat	✓	B-TARAFSIZ-0929-ATIF-PENCEREDE	
KRONOLOJI_DOGU_AFRIKA	10	1397-01-01	Dehlek adasının Habeşistan'a bağlanması	evfat	evfat✓		habesistan	KAYNAK	habesistan✓	evfat	✓	A-TARAF-PENCEREDE	
KRONOLOJI_DOGU_AFRIKA	11	1403-01-01	Sultan II. Sa'deddin Zeyla'a sığındı	evfat	evfat✓			BELIRSIZ		evfat	✓	A-TARAF-PENCEREDE	
KRONOLOJI_DOGU_AFRIKA	12	1415-01-01	II. Sa'deddin Zeyla' adasında öldürüldü — Evfât Emirliği sona erdi				evfat	KAYNAK	evfat✓	evfat	✓	B-TARAFSIZ-0929-ATIF-PENCEREDE	
KRONOLOJI_DOGU_AFRIKA	13	1415-01-02	Adal Sultanlığı Evfât'ın yerini aldı	adal	adal✓			BELIRSIZ		adal	✓	A-TARAF-PENCEREDE	
KRONOLOJI_DOGU_AFRIKA	14	1480-01-01	Emîr Mahfûz'un Adal genişlemesini başlatması	adal	adal✓		habesistan	KAYNAK	habesistan✓	adal	✓	A-TARAF-PENCEREDE	
KRONOLOJI_DOGU_AFRIKA	15	1508-01-01	Lebna Dengel'in tahta çıkışı ve Adal akınlarının durdurulması	adal	adal✓		habesistan	KAYNAK	habesistan✓	adal	✓	A-TARAF-PENCEREDE	
KRONOLOJI_DOGU_AFRIKA	16	1520-01-01	Adal başkentinin Zeyla'dan Harar'a taşınması	adal	adal✓		adal	KAYNAK	adal✓	adal	✓	A-TARAF-PENCEREDE	
KRONOLOJI_DOGU_AFRIKA	17	1506-01-01	Ahmed el-Mücâhid'in (Ahmed Gran) doğumu	adal	adal✓		adal	KAYNAK	adal✓	adal	✓	A-TARAF-PENCEREDE	
KRONOLOJI_DOGU_AFRIKA	18	1527-01-01	Ahmed el-Mücâhid Habeşistan Krallığı'na cihad açtı	adal	adal✓		adal	KAYNAK	adal✓	adal	✓	A-TARAF-PENCEREDE	
KRONOLOJI_DOGU_AFRIKA	19	1529-03-09	Şimbra Kure Muharebesi — Habeş ordusunun bozguna uğratılması				adal	KAYNAK	adal✓	adal	✓	B-TARAFSIZ-0929-ATIF-PENCEREDE	
KRONOLOJI_DOGU_AFRIKA	20	1530-01-01	Fatagar ve Evfât bölgelerinin fethi	adal	adal✓		adal	KAYNAK	adal✓	adal	✓	A-TARAF-PENCEREDE	
KRONOLOJI_DOGU_AFRIKA	21	1531-01-01	Davâro ve Şüve eyaletlerinin fethi	adal	adal✓		adal	KAYNAK	adal✓	adal	✓	A-TARAF-PENCEREDE	
KRONOLOJI_DOGU_AFRIKA	22	1531-01-02	Başkent Aksum'un ele geçirilmesi	adal	adal✓		habesistan	KAYNAK	habesistan✓	adal	✓	A-TARAF-PENCEREDE	
KRONOLOJI_DOGU_AFRIKA	23	1532-01-01	Amhare ve Lasta'nın fethi	adal	adal✓		adal	KAYNAK	adal✓	adal	✓	A-TARAF-PENCEREDE	
KRONOLOJI_DOGU_AFRIKA	24	1535-01-01	Tigre topraklarının fethi ve Lebna Dengel'in Portekiz'den yardım istemesi	adal	adal✓		adal	KAYNAK	adal✓	adal	✓	A-TARAF-PENCEREDE	
KRONOLOJI_DOGU_AFRIKA	25	1528-01-01	Portekiz donanması Zeyla' ve Berberâ'yı yağmaladı	adal	adal✓			BELIRSIZ		adal	✓	A-TARAF-PENCEREDE	
KRONOLOJI_DOGU_AFRIKA	26	1541-01-01	Portekiz'in 400-500 kişilik ateşli silâhlı yardımı Habeş ordusuna ulaştı	adal	adal✓		adal	KAYNAK	adal✓	adal	✓	A-TARAF-PENCEREDE	
KRONOLOJI_DOGU_AFRIKA	27	1542-01-01	Osmanlı-Adal ittifakı: Yemen Beylerbeyi Mustafa Paşa'nın yardım kuvveti	adal	adal✓			BELIRSIZ		adal	✓	A-TARAF-PENCEREDE	
KRONOLOJI_DOGU_AFRIKA	28	1542-08-28	Ahmed el-Mücâhid, Habeş-Portekiz ordusunu bozguna uğrattı	adal	adal✓		adal	KAYNAK	adal✓	adal	✓	A-TARAF-PENCEREDE	
KRONOLOJI_DOGU_AFRIKA	29	1543-02-21	Wayna Daga Muharebesi — Ahmed el-Mücâhid öldürüldü, istilâ çöktü				habesistan	KAYNAK	habesistan✓	habesistan	✓	B-TARAFSIZ-0929-ATIF-PENCEREDE	
KRONOLOJI_DOGU_AFRIKA	30	1543-02-22	Adal Sultanlığı'nın dağılması, müslüman varlığının sahile çekilmesi	adal	adal✓		somali	KAYNAK	somali✓	adal	✓	A-TARAF-PENCEREDE	
KRONOLOJI_DOGU_AFRIKA	31	1550-01-01	Harar Habeş melikinin baskınına uğradı, Emîr Nûr ilk savaşını kaybetti	adal	adal✓		adal	KAYNAK	adal✓	adal	✓	A-TARAF-PENCEREDE	
KRONOLOJI_DOGU_AFRIKA	32	1551-01-01	Emîr Nûr'un Harar surlarını yaptırması	adal	adal✓		adal	KAYNAK	adal✓	adal	✓	A-TARAF-PENCEREDE	
KRONOLOJI_DOGU_AFRIKA	33	1554-01-01	Emîr Nûr'un yeniden cihad ilânı ve kaybedilen yerlerin geri alınması	adal	adal✓		adal	KAYNAK	adal✓	adal	✓	A-TARAF-PENCEREDE	
KRONOLOJI_DOGU_AFRIKA	34	1559-01-01	Fatagar zaferi — Habeş Meliki Galawdeos öldürüldü	adal	adal✓		adal	KAYNAK	adal✓	adal	✓	A-TARAF-PENCEREDE	
KRONOLOJI_DOGU_AFRIKA	35	1567-01-01	Oromo akınlarının yeniden başlaması ve Emîr Nûr'un tifüsten ölümü	adal	adal✓		adal	KAYNAK	adal✓	adal	✓	A-TARAF-PENCEREDE	
KRONOLOJI_DOGU_AFRIKA	36	1569-01-01	Harar'da hızlı emîr değişimleri — Osman, Talha ve Muhammed	adal	adal✓		adal	KAYNAK	adal✓	adal	✓	A-TARAF-PENCEREDE	
KRONOLOJI_DOGU_AFRIKA	37	1577-01-01	Vebi nehri bozgunu — Harar Emirliği'nin ileri gelenleri öldürüldü				adal	KAYNAK	adal✓	adal	✓	B-TARAFSIZ-0929-ATIF-PENCEREDE	
KRONOLOJI_DOGU_AFRIKA	38	1577-01-02	Merkezin Aussa'ya nakli ve Harar Sultanlığı'nın Galla göçebelerince yıkılışı	adal	adal✓		habesistan	KAYNAK	habesistan✓	adal	✓	A-TARAF-PENCEREDE	
KRONOLOJI_DOGU_AFRIKA	39	1647-01-01	Harar'ın yeniden bağımsız emirlik oluşu	adal	adal✓		adal	KAYNAK	adal✓	adal	✓	A-TARAF-PENCEREDE	
KRONOLOJI_DOGU_AFRIKA	40	1856-01-01	Muhammed Abdüşşekûr'ün Harar'ı ele geçirmesi ve ticaretin canlanması	adal	adal✓		adal	KAYNAK	adal✓	adal	✓	A-TARAF-PENCEREDE	
KRONOLOJI_DOGU_AFRIKA	41	1875-10-11	Harar'ın Mısır Hidivliği'ne teslimi ve emîrin öldürülmesi	adal	adal✓		adal	KAYNAK	adal✓	adal	✓	A-TARAF-PENCEREDE	
KRONOLOJI_DOGU_AFRIKA	42	1885-05-20	Mısır kuvvetlerinin Harar'dan çekilmesi ve Emîr Abdullah'ın tayini	adal	adal✓		adal	KAYNAK	adal✓	adal	✓	A-TARAF-PENCEREDE	
KRONOLOJI_DOGU_AFRIKA	43	1886-11-01	Habeş ordusunun 20.000 askerle Harar üzerine yürümesi	adal	adal✓		adal	KAYNAK	adal✓	adal	✓	A-TARAF-PENCEREDE	
KRONOLOJI_DOGU_AFRIKA	44	1887-01-07	Şeleneko Muharebesi — Harar Emirliği'nin sonu					BELIRSIZ			✗	E-ATIFSIZ	habesistan,somali,kaffa-kralligi,cimma-sultanligi,sidamo-kralliklari,buganda
KRONOLOJI_DOGU_AFRIKA	45	1911-01-01	Harar'da Osmanlı maslahatgüzarlığının açılması					BELIRSIZ			✗	E-ATIFSIZ	habesistan,somali,cimma-sultanligi,buganda
KRONOLOJI_DOGU_AFRIKA	46	1913-01-01	Osmanlı temsilciliğinin Harar'dan Adisababa'ya nakli					BELIRSIZ			✗	E-ATIFSIZ	habesistan,somali,cimma-sultanligi,buganda
KRONOLOJI_DOGU_AFRIKA	47	1270-01-01	Yekuno Amlak Zagwe hânedanına son verip Süleymanî hânedanını yeniden kurdu				habesistan	KAYNAK	habesistan✓	habesistan	✓	B-TARAFSIZ-0929-ATIF-PENCEREDE	
KRONOLOJI_DOGU_AFRIKA	48	1312-01-01	Amda Sion dönemi başladı — Etiyopya'da İslâmiyet'in zayıfladığı devir	habesistan	habesistan✓		habesistan	KAYNAK	habesistan✓	habesistan	✓	A-TARAF-PENCEREDE	
KRONOLOJI_DOGU_AFRIKA	49	1382-01-01	Kral David'in tahta çıkışı ve Memlüklerle ilişkilerin düzelmesi	habesistan	habesistan✓		habesistan	KAYNAK	habesistan✓	habesistan	✓	A-TARAF-PENCEREDE	
KRONOLOJI_DOGU_AFRIKA	50	1434-01-01	Zar'a Ya'kūb dönemi — krallığın en geniş sınırları	habesistan	habesistan✓		habesistan	KAYNAK	habesistan✓	habesistan	✓	A-TARAF-PENCEREDE	
KRONOLOJI_DOGU_AFRIKA	51	1438-01-01	Zar'a Ya'kūb'dan Memlük Sultanı Barsbay'a dostane mektup	habesistan	habesistan✓			BELIRSIZ		habesistan	✓	A-TARAF-PENCEREDE	
KRONOLOJI_DOGU_AFRIKA	52	1441-01-01	Zar'a Ya'kūb'dan Sultan Çakmak'a Nil tehdidi içeren protesto	habesistan	habesistan✓			BELIRSIZ		habesistan	✓	A-TARAF-PENCEREDE	
KRONOLOJI_DOGU_AFRIKA	53	1520-01-02	Portekiz elçilik heyetinin Masavva'a çıkışı ve Lebna Dengel ile teması	habesistan	habesistan✓			BELIRSIZ		habesistan	✓	A-TARAF-PENCEREDE	
KRONOLOJI_DOGU_AFRIKA	54	1541-04-10	Cristóvão da Gama'nın Habeşistan'a yardım kuvveti çıkarması	habesistan	habesistan✓		adal	KAYNAK	adal✓	habesistan	✓	A-TARAF-PENCEREDE	
KRONOLOJI_DOGU_AFRIKA	55	1552-01-01	Pîrî Reis donanmasının Portekiz'e üstünlük kuramaması	habesistan	habesistan✓		habesistan	KAYNAK	habesistan✓	habesistan	✓	A-TARAF-PENCEREDE	
KRONOLOJI_DOGU_AFRIKA	56	1554-04-01	Özdemir Paşa'nın İstanbul'a çağrılması — Habeş siyasetinin kurulması	habesistan	habesistan✓			BELIRSIZ		habesistan	✓	A-TARAF-PENCEREDE	
KRONOLOJI_DOGU_AFRIKA	57	1554-04-10	Sevâkin'e ilk sancak beyi olarak Abdülbâki Bey'in tayini	habesistan	habesistan✓			BELIRSIZ		habesistan	✓	A-TARAF-PENCEREDE	
KRONOLOJI_DOGU_AFRIKA	58	1555-07-05	Habeş Beylerbeyiliği resmen kuruldu — Özdemir Paşa beylerbeyi tayin edildi	habesistan	habesistan✓			BELIRSIZ		habesistan	✓	A-TARAF-PENCEREDE	
KRONOLOJI_DOGU_AFRIKA	59	1555-11-17	Habeş eyaletine ilk nâzır-ı emvâl tayini (Ahmed Bey)	habesistan	habesistan✓			BELIRSIZ		habesistan	✓	A-TARAF-PENCEREDE	
KRONOLOJI_DOGU_AFRIKA	60	1555-11-30	Habeş eyaletine ilk kadı tayini (Abdülvehhâb)	habesistan	habesistan✓			BELIRSIZ		habesistan	✓	A-TARAF-PENCEREDE	
KRONOLOJI_DOGU_AFRIKA	61	1557-04-02	Masavva'ın fethi — Habeşistan'ın denize açılan kapısı kapandı	habesistan	habesistan✓			BELIRSIZ		habesistan	✓	A-TARAF-PENCEREDE	
KRONOLOJI_DOGU_AFRIKA	62	1558-01-01	Osmanlı ordusunun Tigre bölgesine hâkim olması	habesistan	habesistan✓			BELIRSIZ		habesistan	✓	A-TARAF-PENCEREDE	
KRONOLOJI_DOGU_AFRIKA	63	1559-01-01	Debârvâ'nın alınması ve müstahkem üsse dönüştürülmesi	habesistan	habesistan✓			BELIRSIZ		habesistan	✓	A-TARAF-PENCEREDE	
KRONOLOJI_DOGU_AFRIKA	64	1559-01-02	Zeyla' iskelesinin Habeş Eyaleti'ne bağlanması ve sancak merkezi yapılması	habesistan	habesistan✓			BELIRSIZ		habesistan	✓	A-TARAF-PENCEREDE	
KRONOLOJI_DOGU_AFRIKA	65	1560-01-01	Özdemir Paşa'nın Debârvâ'da vefatı	habesistan	habesistan✓			BELIRSIZ		habesistan	✓	A-TARAF-PENCEREDE	
KRONOLOJI_DOGU_AFRIKA	66	1561-01-01	Özdemiroğlu Osman Paşa'nın Habeş beylerbeyiliğine tayini	habesistan	habesistan✓			BELIRSIZ		habesistan	✓	A-TARAF-PENCEREDE	
KRONOLOJI_DOGU_AFRIKA	67	1562-01-01	Debârvâ ve çevresinin yeniden Osmanlı hâkimiyetine alınması	habesistan	habesistan✓			BELIRSIZ		habesistan	✓	A-TARAF-PENCEREDE	
KRONOLOJI_DOGU_AFRIKA	68	1562-04-20	Enderta Muharebesi — Habeş Kralı Minas'ın bozguna uğratılması	habesistan	habesistan✓			BELIRSIZ		habesistan	✓	A-TARAF-PENCEREDE	
KRONOLOJI_DOGU_AFRIKA	69	1563-01-01	Sevâkin'e beylerbeyinden ayrı bir sancak beyi tayini	habesistan	habesistan✓			BELIRSIZ		habesistan	✓	A-TARAF-PENCEREDE	
KRONOLOJI_DOGU_AFRIKA	70	1564-01-01	Masavva'a müstakil sancak beyi gönderilmesi	habesistan	habesistan✓			BELIRSIZ		habesistan	✓	A-TARAF-PENCEREDE	
KRONOLOJI_DOGU_AFRIKA	71	1565-01-01	Habeş eyaletine ilk defterdarın gönderilmesi	habesistan	habesistan✓			BELIRSIZ		habesistan	✓	A-TARAF-PENCEREDE	
KRONOLOJI_DOGU_AFRIKA	72	1573-07-26	İbrim sancağının Habeş eyaletine dâhil edilmesi	habesistan	habesistan✓			BELIRSIZ		habesistan	✓	A-TARAF-PENCEREDE	
KRONOLOJI_DOGU_AFRIKA	73	1574-01-01	Habeş ordusunun Debârvâ ve Arkiko harekâtlarının püskürtülmesi	habesistan	habesistan✓			BELIRSIZ		habesistan	✓	A-TARAF-PENCEREDE	
KRONOLOJI_DOGU_AFRIKA	74	1578-01-01	Habeş Eyaleti âzami sınırlarına ulaştı — genişleme imkânının tükenmesi	habesistan	habesistan✓			BELIRSIZ		habesistan	✓	A-TARAF-PENCEREDE	
KRONOLOJI_DOGU_AFRIKA	75	1579-01-01	Addi Karro Muharebesi — Osmanlı yenilgisi ve toprak kaybı	habesistan	habesistan✓			BELIRSIZ		habesistan	✓	A-TARAF-PENCEREDE	
KRONOLOJI_DOGU_AFRIKA	76	1579-12-13	Hızır Paşa'nın Arkiko'yu kurtarması ve Habeş baskısını kırması	habesistan	habesistan✓			BELIRSIZ		habesistan	✓	A-TARAF-PENCEREDE	
KRONOLOJI_DOGU_AFRIKA	77	1582-12-21	Mustafa Paşa'nın tayini ve Habeşistan Krallığı ile diplomatik ilişki kurulması	habesistan	habesistan✓			BELIRSIZ		habesistan	✓	A-TARAF-PENCEREDE	
KRONOLOJI_DOGU_AFRIKA	78	1584-02-13	İbrim'in ayrı eyalet olarak teşkilâtlandırılması	habesistan	habesistan✓			BELIRSIZ		habesistan	✓	A-TARAF-PENCEREDE	
KRONOLOJI_DOGU_AFRIKA	79	1584-12-26	İbrim'in tekrar sancak yapılarak Habeş eyaletine bağlanması	habesistan	habesistan✓			BELIRSIZ		habesistan	✓	A-TARAF-PENCEREDE	
KRONOLOJI_DOGU_AFRIKA	80	1589-01-01	Osmanlı-Habeşistan dostluğunun sona ermesi	habesistan	habesistan✓			BELIRSIZ		habesistan	✓	A-TARAF-PENCEREDE	
KRONOLOJI_DOGU_AFRIKA	81	1626-01-01	Kral Susenyos'un Katolikliğe geçmesi	habesistan	habesistan✓		habesistan	KAYNAK	habesistan✓	habesistan	✓	A-TARAF-PENCEREDE	
KRONOLOJI_DOGU_AFRIKA	82	1632-01-01	Fasilidas'ın tahta çıkışı, Ortodoksluğun iadesi ve Cizvitlerin sürülmesi	habesistan	habesistan✓		habesistan	KAYNAK	habesistan✓	habesistan	✓	A-TARAF-PENCEREDE	
KRONOLOJI_DOGU_AFRIKA	83	1632-01-02	Fasilidas'ın Habeş beylerbeyi ile misyoner yasağı anlaşması	habesistan	habesistan✓			BELIRSIZ		habesistan	✓	A-TARAF-PENCEREDE	
KRONOLOJI_DOGU_AFRIKA	84	1636-01-01	Gondar'ın başkent yapılması				habesistan	KAYNAK	habesistan✓	habesistan	✓	B-TARAFSIZ-0929-ATIF-PENCEREDE	
KRONOLOJI_DOGU_AFRIKA	85	1648-01-01	Yemen Zeydî İmamı Mütevekkil-Alellah'ın Fasilidas'a elçilik heyeti	habesistan	habesistan✓			BELIRSIZ		habesistan	✓	A-TARAF-PENCEREDE	
KRONOLOJI_DOGU_AFRIKA	86	1665-01-01	Fasilidas'ın Bâbürlü Hükümdarı Evrengzîb'den İslâmî kitap ve cami tamiri için yardım istemesi	habesistan	habesistan✓		habesistan	KAYNAK	habesistan✓	habesistan	✓	A-TARAF-PENCEREDE	
KRONOLOJI_DOGU_AFRIKA	87	1667-01-01	I. Yohannes'in müslümanları ayrı mahallelere mecbur etmesi	habesistan	habesistan✓		habesistan	KAYNAK	habesistan✓	habesistan	✓	A-TARAF-PENCEREDE	
KRONOLOJI_DOGU_AFRIKA	88	1672-01-01	Evliya Çelebi'nin Habeş Eyaleti'ni gezmesi	habesistan	habesistan✓			BELIRSIZ		habesistan	✓	A-TARAF-PENCEREDE	
KRONOLOJI_DOGU_AFRIKA	89	1673-01-01	Evliya Çelebi'nin Zeyla'da bir ay kalması	habesistan	habesistan✓			BELIRSIZ		habesistan	✓	A-TARAF-PENCEREDE	
KRONOLOJI_DOGU_AFRIKA	90	1698-01-01	Habeş Eyaleti'nin güney kısımlarının mahallî âmillere terki	habesistan	habesistan✓			BELIRSIZ		habesistan	✓	A-TARAF-PENCEREDE	
KRONOLOJI_DOGU_AFRIKA	91	1699-01-01	Habeş Eyaleti'nin surre yükümlülüğünden muaf tutulması	habesistan	habesistan✓		habesistan	KAYNAK	habesistan✓	habesistan	✓	A-TARAF-PENCEREDE	
KRONOLOJI_DOGU_AFRIKA	92	1701-10-01	Habeş beylerbeyiliğinin Cidde sancağı ve Mekke şeyhülharemliğiyle birleştirilmesi	habesistan	habesistan✓			BELIRSIZ		habesistan	✓	A-TARAF-PENCEREDE	
KRONOLOJI_DOGU_AFRIKA	93	1769-01-01	Zemene Mesafint (Prensler Çağı) başladı — merkezî otoritenin çöküşü				habesistan	KAYNAK	habesistan✓	habesistan	✓	B-TARAFSIZ-0929-ATIF-PENCEREDE	
KRONOLOJI_DOGU_AFRIKA	94	1846-01-01	Masavva ve Sevâkin'in Kavalalı Mehmed Ali Paşa'ya sâlyâne olarak verilmesi	habesistan	habesistan✓			BELIRSIZ		habesistan	✓	A-TARAF-PENCEREDE	
KRONOLOJI_DOGU_AFRIKA	95	1849-08-02	Mehmed Ali'nin ölümü üzerine Sevâkin ve Masavva'ın Hicaz valisine geçmesi	habesistan	habesistan✓			BELIRSIZ		habesistan	✓	A-TARAF-PENCEREDE	
KRONOLOJI_DOGU_AFRIKA	96	1849-01-01	Kıbrıslı Tevfik Paşa seferi ve Zeyla'ın Hudeyde sancağına bağlanması	habesistan	habesistan✓			BELIRSIZ		habesistan	✓	A-TARAF-PENCEREDE	
KRONOLOJI_DOGU_AFRIKA	97	1853-01-01	Kassa'nın feodal beyleri yenerek Begamder, Tigre ve Şüve'yi ele geçirmesi	habesistan	habesistan✓		habesistan	KAYNAK	habesistan✓	habesistan	✓	A-TARAF-PENCEREDE	
KRONOLOJI_DOGU_AFRIKA	98	1855-02-11	II. Tewodros'un taç giymesi — Etiyopya'nın yeniden birleşmesi				habesistan	KAYNAK	habesistan✓	habesistan	✓	B-TARAFSIZ-0929-ATIF-PENCEREDE	
KRONOLOJI_DOGU_AFRIKA	99	1864-01-01	Tewodros'un İngiliz heyetini Mekdelâ Kalesi'ne hapsetmesi	habesistan	habesistan✓		habesistan	KAYNAK	habesistan✓	habesistan	✓	A-TARAF-PENCEREDE	
KRONOLOJI_DOGU_AFRIKA	100	1865-01-01	Masavva ve Sevâkin'in Mısır Hidivi İsmâil Paşa'ya verilmesi	habesistan	habesistan✓			BELIRSIZ		habesistan	✓	A-TARAF-PENCEREDE	
KRONOLOJI_DOGU_AFRIKA	101	1868-01-01	İngiliz Mekdelâ seferi ve Tewodros'un intiharı	habesistan	habesistan✓		habesistan	KAYNAK	habesistan✓	habesistan	✓	A-TARAF-PENCEREDE	
KRONOLOJI_DOGU_AFRIKA	102	1872-01-01	IV. Yohannes'in İngiliz desteğiyle imparator olması	habesistan	habesistan✓		habesistan	KAYNAK	habesistan✓	habesistan	✓	A-TARAF-PENCEREDE	
KRONOLOJI_DOGU_AFRIKA	103	1872-01-02	Hidiv İsmâil Paşa'nın Mavi Nil kaynaklarını ilhak teşebbüsünün başarısızlığı	habesistan	habesistan✓		habesistan	KAYNAK	habesistan✓	habesistan	✓	A-TARAF-PENCEREDE	
KRONOLOJI_DOGU_AFRIKA	104	1873-01-01	Masavva'ın Doğu Sudan vilâyetine bağlanması	habesistan	habesistan✓			BELIRSIZ		habesistan	✓	A-TARAF-PENCEREDE	
KRONOLOJI_DOGU_AFRIKA	105	1874-01-01	Mısır'ın Masavva üzerinden Etiyopya'ya üç askerî seferi	habesistan	habesistan✓			BELIRSIZ		habesistan	✓	A-TARAF-PENCEREDE	
KRONOLOJI_DOGU_AFRIKA	106	1877-01-01	İngiltere-Mısır antlaşması: Osmanlı'nın Bâbülmendep-Zeyla' sahilindeki hakkının tanınması	habesistan	habesistan✓		habesistan	KAYNAK	habesistan✓	habesistan	✓	A-TARAF-PENCEREDE	
KRONOLOJI_DOGU_AFRIKA	107	1879-09-30	II. Abdülhamid'in Zeyla'-Re'sülhâfun sahiline Osmanlı bayrağı dikilmesi emri	habesistan	habesistan✓			BELIRSIZ		habesistan	✓	A-TARAF-PENCEREDE	
KRONOLOJI_DOGU_AFRIKA	108	1884-06-03	Hewett (Adve) Antlaşması — Bogos'un Habeşistan'a bırakılması	habesistan	habesistan✓		habesistan	KAYNAK	habesistan✓	habesistan	✓	A-TARAF-PENCEREDE	
KRONOLOJI_DOGU_AFRIKA	109	1884-01-01	Osmanlı'nın Zeyla'-Masavva arasındaki sahilde idareyi yeniden kurması	habesistan	habesistan✓			BELIRSIZ		habesistan	✓	A-TARAF-PENCEREDE	
KRONOLOJI_DOGU_AFRIKA	110	1885-02-05	İtalya'nın Masavva'ı işgali — Osmanlı bayrağının Kızıldeniz batı kıyısından inişi	habesistan	habesistan✓			BELIRSIZ		habesistan	✓	A-TARAF-PENCEREDE	
KRONOLOJI_DOGU_AFRIKA	111	1885-01-01	Habeş sahilinin Yemen vilâyeti tarafından idaresine karar verilmesi	habesistan	habesistan✓			BELIRSIZ		habesistan	✓	A-TARAF-PENCEREDE	
KRONOLOJI_DOGU_AFRIKA	112	1886-01-01	Dehlek adalarının İtalya tarafından işgali	habesistan	habesistan✓			BELIRSIZ		habesistan	✓	A-TARAF-PENCEREDE	
KRONOLOJI_DOGU_AFRIKA	113	1887-01-01	İtalya-Etiyopya çatışması ve İtalyan birliklerinin yenilgisi	habesistan	habesistan✓			BELIRSIZ		habesistan	✓	A-TARAF-PENCEREDE	
KRONOLOJI_DOGU_AFRIKA	114	1888-03-01	Mehdî kuvvetlerinin Gondar'ı yakması ve Habeş ordusunun geri çekilmesi	habesistan	habesistan✓		habesistan	KAYNAK	habesistan✓	habesistan	✓	A-TARAF-PENCEREDE	
KRONOLOJI_DOGU_AFRIKA	115	1889-03-09	IV. Yohannes'in Metemme'de Mehdî kuvvetlerine karşı savaşırken ölmesi	habesistan	habesistan✓		habesistan	KAYNAK	habesistan✓	habesistan	✓	A-TARAF-PENCEREDE	
KRONOLOJI_DOGU_AFRIKA	116	1889-05-02	Wichale (Uccialli) Antlaşması — Menelik'in İtalya ile anlaşması				habesistan	KAYNAK	habesistan✓	habesistan	✓	B-TARAFSIZ-0929-ATIF-PENCEREDE	
KRONOLOJI_DOGU_AFRIKA	117	1889-06-01	Ras Mangasya'nın yenilgisi ve Menelik'in imparatorluğunun kabulü	habesistan	habesistan✓		habesistan	KAYNAK	habesistan✓	habesistan	✓	A-TARAF-PENCEREDE	
KRONOLOJI_DOGU_AFRIKA	118	1889-01-01	Menelik'in Kudüs'teki kilise meselesiyle Osmanlı hükümetine heyet göndermesi	habesistan	habesistan✓		habesistan	KAYNAK	habesistan✓	habesistan	✓	A-TARAF-PENCEREDE	
KRONOLOJI_DOGU_AFRIKA	119	1890-01-01	Adisababa'nın başkent yapılması	habesistan	habesistan✓		habesistan	KAYNAK	habesistan✓	habesistan	✓	A-TARAF-PENCEREDE	
KRONOLOJI_DOGU_AFRIKA	120	1896-03-01	Adva Muharebesi — İtalya'nın yenilgisi ve Etiyopya bağımsızlığının korunması				habesistan	KAYNAK	habesistan✓	habesistan	✓	B-TARAFSIZ-0929-ATIF-PENCEREDE	
KRONOLOJI_DOGU_AFRIKA	121	1896-10-26	Adisababa Antlaşması — Wichale'nin feshi ve hükümranlığın tanınması	habesistan	habesistan✓		habesistan	KAYNAK	habesistan✓	habesistan	✓	A-TARAF-PENCEREDE	
KRONOLOJI_DOGU_AFRIKA	122	1902-01-01	Sâdık Müeyyed Paşa'nın elçilik heyeti ve Adisababa'da Osmanlı başşehbenderliği	habesistan	habesistan✓		habesistan	KAYNAK	habesistan✓	habesistan	✓	A-TARAF-PENCEREDE	
KRONOLOJI_DOGU_AFRIKA	123	1906-01-01	İngiltere-Fransa-İtalya üçlü antlaşması: Etiyopya'nın nüfuz bölgelerine ayrılması	habesistan	habesistan✓		habesistan	KAYNAK	habesistan✓	habesistan	✓	A-TARAF-PENCEREDE	
KRONOLOJI_DOGU_AFRIKA	124	1907-01-01	Menelik'in idareyi bırakması ve Lidj Yassou'yu vâris tayin etmesi	habesistan	habesistan✓		habesistan	KAYNAK	habesistan✓	habesistan	✓	A-TARAF-PENCEREDE	
KRONOLOJI_DOGU_AFRIKA	125	1913-01-02	Menelik'in ölümü ve Lidj Yassou'nun Alman desteğiyle tahta geçmesi	habesistan	habesistan✓		habesistan	KAYNAK	habesistan✓	habesistan	✓	A-TARAF-PENCEREDE	
KRONOLOJI_DOGU_AFRIKA	126	1917-09-27	Lidj Yassou'nun tahttan indirilmesi — Zaoditou imparatoriçe, Ras Tafari nâib	habesistan	habesistan✓		habesistan	KAYNAK	habesistan✓	habesistan	✓	A-TARAF-PENCEREDE	
KRONOLOJI_DOGU_AFRIKA	127	1922-01-01	İngiliz basınının kölelik meselesiyle Zaoditou ve Ras Tafari aleyhine tavır alması	habesistan	habesistan✓		habesistan	KAYNAK	habesistan✓	habesistan	✓	A-TARAF-PENCEREDE	
KRONOLOJI_DOGU_AFRIKA	128	1923-09-28	Etiyopya'nın Milletler Cemiyeti'ne girişi	habesistan	habesistan✓		habesistan	KAYNAK	habesistan✓	habesistan	✓	A-TARAF-PENCEREDE	
KRONOLOJI_DOGU_AFRIKA	129	1310-01-01	Husuni Kubwa Sarayı'nın Sultan Hasan b. Süleyman adına yapımı	svahili-sehirleri	svahili-sehirleri✓			BELIRSIZ		svahili-sehirleri	✓	A-TARAF-PENCEREDE	
KRONOLOJI_DOGU_AFRIKA	130	1331-01-01	İbn Battûta'nın Kilve, Mombasa ve Makdişu'yu ziyareti	svahili-sehirleri	svahili-sehirleri✓			BELIRSIZ		svahili-sehirleri	✓	A-TARAF-PENCEREDE	
KRONOLOJI_DOGU_AFRIKA	131	1412-01-01	Kilve Büyük Camii'nin Sultan Süleyman zamanında tamamlanması	svahili-sehirleri	svahili-sehirleri✓			BELIRSIZ		svahili-sehirleri	✓	A-TARAF-PENCEREDE	
KRONOLOJI_DOGU_AFRIKA	132	1498-04-07	Vasco da Gama'nın Mombasa önüne gelmesi — Portekiz çağının başlangıcı	svahili-sehirleri	svahili-sehirleri✓			BELIRSIZ		svahili-sehirleri	✓	A-TARAF-PENCEREDE	
KRONOLOJI_DOGU_AFRIKA	133	1499-01-01	Vasco da Gama'nın Makdişu saldırısının başarısızlığı	svahili-sehirleri	svahili-sehirleri✓		makdisu-sultanligi	KAYNAK	makdisu-sultanligi✓	svahili-sehirleri	✓	A-TARAF-PENCEREDE	
KRONOLOJI_DOGU_AFRIKA	134	1500-01-01	Pedro Alvares Cabral'ın Kilve ve Mombasa'ya gelişi	svahili-sehirleri	svahili-sehirleri✓			BELIRSIZ		svahili-sehirleri	✓	A-TARAF-PENCEREDE	
KRONOLOJI_DOGU_AFRIKA	135	1505-07-24	Francisco d'Almeida'nın Kilve'yi işgali ve yağmalaması	svahili-sehirleri	svahili-sehirleri✓			BELIRSIZ		svahili-sehirleri	✓	A-TARAF-PENCEREDE	
KRONOLOJI_DOGU_AFRIKA	136	1505-08-14	Mombasa'nın top ateşiyle yağmalanması	svahili-sehirleri	svahili-sehirleri✓			BELIRSIZ		svahili-sehirleri	✓	A-TARAF-PENCEREDE	
KRONOLOJI_DOGU_AFRIKA	137	1506-01-01	Kilve Sultanlığı'nın Mombasa gemilerinden vergi aldığının kaydedilmesi	svahili-sehirleri	svahili-sehirleri✓			BELIRSIZ		svahili-sehirleri	✓	A-TARAF-PENCEREDE	
KRONOLOJI_DOGU_AFRIKA	138	1507-01-01	İkinci Portekiz Makdişu saldırısının başarısızlığı	svahili-sehirleri	svahili-sehirleri✓			BELIRSIZ		svahili-sehirleri	✓	A-TARAF-PENCEREDE	
KRONOLOJI_DOGU_AFRIKA	139	1508-01-01	Doğu Afrika Portekiz sömürgesinin üç eyalete bölünmesi	svahili-sehirleri	svahili-sehirleri✓			BELIRSIZ		svahili-sehirleri	✓	A-TARAF-PENCEREDE	
KRONOLOJI_DOGU_AFRIKA	140	1513-01-01	Portekizlilerin Kilve'yi tamamen harabeye çevirmesi	svahili-sehirleri	svahili-sehirleri✓			BELIRSIZ		svahili-sehirleri	✓	A-TARAF-PENCEREDE	
KRONOLOJI_DOGU_AFRIKA	141	1513-01-02	Portekizlilerin Dehlek'e çıkışı	svahili-sehirleri	svahili-sehirleri✓			BELIRSIZ		svahili-sehirleri	✓	A-TARAF-PENCEREDE	
KRONOLOJI_DOGU_AFRIKA	142	1516-01-01	Duarte Barbosa'nın Mombasa tasviri — taş evler, bal, bal mumu ve fildişi ihracı	svahili-sehirleri	svahili-sehirleri✓			BELIRSIZ		svahili-sehirleri	✓	A-TARAF-PENCEREDE	
KRONOLOJI_DOGU_AFRIKA	143	1528-01-02	Mombasa sultanının Nuno da Cunha'ya karşı 5000 yerli okçuyla savunması	svahili-sehirleri	svahili-sehirleri✓			BELIRSIZ		svahili-sehirleri	✓	A-TARAF-PENCEREDE	
KRONOLOJI_DOGU_AFRIKA	144	1530-01-01	Kilve tarihinin João de Barros tarafından tercümesi — 'Kilve Kroniği'					BELIRSIZ			✗	E-ATIFSIZ	habesistan,adal,somali,svahili-sehirleri,kaffa-kralligi,sidamo-kralliklari,buganda
KRONOLOJI_DOGU_AFRIKA	145	1532-01-01	Estevão da Gama'nın gemi satın almak üzere Makdişu'ya gelişi	svahili-sehirleri	svahili-sehirleri✓			BELIRSIZ		svahili-sehirleri	✓	A-TARAF-PENCEREDE	
KRONOLOJI_DOGU_AFRIKA	146	1570-01-01	Mombasa'da Mandhry Camii'nin yapımı	svahili-sehirleri	svahili-sehirleri✓			BELIRSIZ		svahili-sehirleri	✓	A-TARAF-PENCEREDE	
KRONOLOJI_DOGU_AFRIKA	147	1585-01-01	Emîr Ali Bey'in ilk Doğu Afrika seferi — Makdişu'dan Mombasa'ya sahil şehirlerinin Osmanlı'ya bağlan	svahili-sehirleri	svahili-sehirleri✓			BELIRSIZ		svahili-sehirleri	✓	A-TARAF-PENCEREDE	
KRONOLOJI_DOGU_AFRIKA	148	1588-01-01	Zimba kabilesinin Kilve'ye çıkması ve binlerce müslümanın öldürülmesi	svahili-sehirleri	svahili-sehirleri✓			BELIRSIZ		svahili-sehirleri	✓	A-TARAF-PENCEREDE	
KRONOLOJI_DOGU_AFRIKA	149	1589-01-01	Emîr Ali Bey'in ikinci seferi — sahil sultanlarının Osmanlı'ya biat etmesi	svahili-sehirleri	svahili-sehirleri✓			BELIRSIZ		svahili-sehirleri	✓	A-TARAF-PENCEREDE	
KRONOLOJI_DOGU_AFRIKA	150	1589-03-05	Portekiz donanmasının Mombasa'da Osmanlı filosunu yakması	svahili-sehirleri	svahili-sehirleri✓			BELIRSIZ		svahili-sehirleri	✓	A-TARAF-PENCEREDE	
KRONOLOJI_DOGU_AFRIKA	151	1592-01-01	Fort Jesus'un (Îsâ Kalesi) inşasına başlanması	svahili-sehirleri	svahili-sehirleri✓			BELIRSIZ		svahili-sehirleri	✓	A-TARAF-PENCEREDE	
KRONOLOJI_DOGU_AFRIKA	152	1594-01-01	Mombasa adasının Portekiz ile sultan arasında ikiye bölünmesi	svahili-sehirleri	svahili-sehirleri✓			BELIRSIZ		svahili-sehirleri	✓	A-TARAF-PENCEREDE	
KRONOLOJI_DOGU_AFRIKA	153	1597-01-01	Mombasa'da Augustin manastırının kurulması	svahili-sehirleri	svahili-sehirleri✓			BELIRSIZ		svahili-sehirleri	✓	A-TARAF-PENCEREDE	
KRONOLOJI_DOGU_AFRIKA	154	1609-01-01	Mombasa sultanının ölümü ve Pemba anlaşmazlığı	svahili-sehirleri	svahili-sehirleri✓			BELIRSIZ		svahili-sehirleri	✓	A-TARAF-PENCEREDE	
KRONOLOJI_DOGU_AFRIKA	155	1631-01-01	Muhammed Yûsuf'un isyanı — Portekiz kaptanının öldürülmesi ve İslâm'a dönüşü	svahili-sehirleri	svahili-sehirleri✓			BELIRSIZ		svahili-sehirleri	✓	A-TARAF-PENCEREDE	
KRONOLOJI_DOGU_AFRIKA	156	1632-01-03	Mombasa'nın Goa'daki Portekiz idarî merkezine bağlanması	svahili-sehirleri	svahili-sehirleri✓			BELIRSIZ		svahili-sehirleri	✓	A-TARAF-PENCEREDE	
KRONOLOJI_DOGU_AFRIKA	157	1650-01-01	Ya'rubî hânedanının Maskat'ı Portekizlilerden alması ve Svahili kıyısının umut kapısı	svahili-sehirleri	svahili-sehirleri✓			BELIRSIZ		svahili-sehirleri	✓	A-TARAF-PENCEREDE	
KRONOLOJI_DOGU_AFRIKA	158	1698-12-13	Fort Jesus'un düşüşü — Portekiz çağının sonu, Svahili kıyısının Umman nüfuzuna girmesi					BELIRSIZ			✗	E-ATIFSIZ	habesistan,adal,somali,svahili-sehirleri,kaffa-kralligi,sidamo-kralliklari,buganda
KRONOLOJI_DOGU_AFRIKA	159	1281-01-01	Makdişu'nun Ebû Bekir b. Fahreddin hânedanı altında ticaret merkezi olması					BELIRSIZ			✗	E-ATIFSIZ	habesistan,svahili-sehirleri,makdisu-sultanligi,sidamo-kralliklari
KRONOLOJI_DOGU_AFRIKA	160	1329-01-01	İbn Battûta'nın Somali kıyısı tasviri — Berber halkı, deve ve balıkçılık	makdisu-sultanligi	makdisu-sultanligi✓			BELIRSIZ		makdisu-sultanligi	✓	A-TARAF-PENCEREDE	
KRONOLOJI_DOGU_AFRIKA	161	1331-01-02	İbn Battûta'nın Sultan Ebû Bekir b. Ömer dönemindeki Makdişu'yu ziyareti	makdisu-sultanligi	makdisu-sultanligi✓		makdisu-sultanligi	KAYNAK	makdisu-sultanligi✓	makdisu-sultanligi	✓	A-TARAF-PENCEREDE	
KRONOLOJI_DOGU_AFRIKA	162	1500-01-01	Ecuran (Ajuran) Sultanlığı'nın güney Somali'de hâkimiyet kurması				somali	KAYNAK	somali✓	somali	✓	B-TARAFSIZ-0929-ATIF-PENCEREDE	
KRONOLOJI_DOGU_AFRIKA	163	1585-01-02	Makdişu'nun Emîr Ali Bey eliyle Osmanlı Devleti'ne bağlanması	somali	somali✓			BELIRSIZ		somali	✓	A-TARAF-PENCEREDE	
KRONOLOJI_DOGU_AFRIKA	164	1700-01-01	Ecuran Sultanlığı'nın dağılması ve Geledi ile yerel sultanlıkların doğuşu				somali	KAYNAK	somali✓	somali	✓	B-TARAFSIZ-0929-ATIF-PENCEREDE	
KRONOLOJI_DOGU_AFRIKA	165	1700-01-02	İngiliz deniz filosunun Makdişu önünde asker çıkaramadan geri dönmesi	somali	somali✓			BELIRSIZ		somali	✓	A-TARAF-PENCEREDE	
KRONOLOJI_DOGU_AFRIKA	166	1752-01-01	Makdişu-Cap Delgado arasının Umman adına 'Arap bölgesi' ilân edilmesi	somali	somali✓			BELIRSIZ		somali	✓	A-TARAF-PENCEREDE	
KRONOLOJI_DOGU_AFRIKA	167	1823-01-01	Makdişu'nun ismen Seyyid Saîd b. Sultân'a bağlanması	somali	somali✓			BELIRSIZ		somali	✓	A-TARAF-PENCEREDE	
KRONOLOJI_DOGU_AFRIKA	168	1828-01-01	Umman Sultanlığı'nın ikiye bölünmesi ve güney Somali limanlarının Zengibar'a tâbi olması	somali	somali✓		somali	KAYNAK	somali✓	somali	✓	A-TARAF-PENCEREDE	
KRONOLOJI_DOGU_AFRIKA	169	1840-01-01	İngiltere ile Zeyla' idarecisi arasında Berberâ demirleme antlaşması	somali	somali✓			BELIRSIZ		somali	✓	A-TARAF-PENCEREDE	
KRONOLOJI_DOGU_AFRIKA	170	1843-01-01	Makdişu'ya ilk Somali asıllı valinin tayin edilmesi	somali	somali✓			BELIRSIZ		somali	✓	A-TARAF-PENCEREDE	
KRONOLOJI_DOGU_AFRIKA	171	1848-01-01	Zeyla'ın Yemen'in Muhâ İskelesi'ne bağlanması	somali	somali✓			BELIRSIZ		somali	✓	A-TARAF-PENCEREDE	
KRONOLOJI_DOGU_AFRIKA	172	1854-10-01	Richard Burton'un Zeyla'a gelişi	somali	somali✓			BELIRSIZ		somali	✓	A-TARAF-PENCEREDE	
KRONOLOJI_DOGU_AFRIKA	173	1859-01-01	Fransa'nın Ubûk'u (Obock) sömürge ilân etmesi	somali	somali✓		somali	KAYNAK	somali✓	somali	✓	A-TARAF-PENCEREDE	
KRONOLOJI_DOGU_AFRIKA	174	1864-01-01	Zeyla'da Osmanlı idaresinin yeniden kurulması ve Ebû Bekir Şüheymî'nin tayini	somali	somali✓			BELIRSIZ		somali	✓	A-TARAF-PENCEREDE	
KRONOLOJI_DOGU_AFRIKA	175	1865-01-02	Somali kıyılarının Mısır vilâyetine bağlandığına dair Osmanlı fermanı	somali	somali✓		somali	KAYNAK	somali✓	somali	✓	A-TARAF-PENCEREDE	
KRONOLOJI_DOGU_AFRIKA	176	1875-06-01	Zeyla' ve civarının fermanla Mısır Hidivliği'ne devri	somali	somali✓			BELIRSIZ		somali	✓	A-TARAF-PENCEREDE	
KRONOLOJI_DOGU_AFRIKA	177	1875-01-01	Mısır'ın İngiliz teşvikiyle Berberâ'yı işgali	somali	somali✓			BELIRSIZ		somali	✓	A-TARAF-PENCEREDE	
KRONOLOJI_DOGU_AFRIKA	178	1877-01-02	Berberâ'nın serbest liman ilân edilmesi ve Osmanlı hâkimiyet iddiasının tanınması	somali	somali✓			BELIRSIZ		somali	✓	A-TARAF-PENCEREDE	
KRONOLOJI_DOGU_AFRIKA	179	1883-01-01	Mısır birliklerinin Mehdî isyanı sebebiyle Somali'den çekilmesi	somali	somali✓		somali	KAYNAK	somali✓	somali	✓	A-TARAF-PENCEREDE	
KRONOLOJI_DOGU_AFRIKA	180	1884-07-18	İngiltere'nin Zeyla' ve Berberâ'yı işgali — İngiliz Somalisi'nin başlangıcı	somali	somali✓			BELIRSIZ		somali	✓	A-TARAF-PENCEREDE	
KRONOLOJI_DOGU_AFRIKA	181	1887-01-02	Berberâ merkezli İngiliz Somalisi himaye idaresinin kurulması	somali	somali✓			BELIRSIZ		somali	✓	A-TARAF-PENCEREDE	
KRONOLOJI_DOGU_AFRIKA	182	1888-01-01	Fransa'nın Zeyla' yöresini işgali ve Osmanlı idaresinin sona ermesi	somali	somali✓			BELIRSIZ		somali	✓	A-TARAF-PENCEREDE	
KRONOLOJI_DOGU_AFRIKA	183	1889-01-02	Muhammed b. Abdullah Hasan hareketinin başlaması — Derviş direnişi	somali	somali✓		somali	KAYNAK	somali✓	somali	✓	A-TARAF-PENCEREDE	
KRONOLOJI_DOGU_AFRIKA	184	1891-03-02	İngiliz-İtalyan antlaşması — Berâve ve Merkâ'nın İtalya'da kalması	somali	somali✓		somali	KAYNAK	somali✓	somali	✓	A-TARAF-PENCEREDE	
KRONOLOJI_DOGU_AFRIKA	185	1892-01-01	Makdişu'nun 160.000 rupi karşılığında İtalya'ya kiralanması	somali	somali✓			BELIRSIZ		somali	✓	A-TARAF-PENCEREDE	
KRONOLOJI_DOGU_AFRIKA	186	1897-01-01	Somali-Habeşistan sınırını çizme teşebbüsü	somali	somali✓			BELIRSIZ		somali	✓	A-TARAF-PENCEREDE	
KRONOLOJI_DOGU_AFRIKA	187	1902-01-02	Zengibar Sultanlığı'nın İtalya'nın Benâdir hâkimiyetini kabulü	somali	somali✓			BELIRSIZ		somali	✓	A-TARAF-PENCEREDE	
KRONOLOJI_DOGU_AFRIKA	188	1905-01-01	Makdişu'nun İtalya'ya satılması ve İngiliz Somalisi'nin Aden'e bağlanması	somali	somali✓			BELIRSIZ		somali	✓	A-TARAF-PENCEREDE	
KRONOLOJI_DOGU_AFRIKA	189	1911-01-02	İtalya'nın Somali'yi sömürge ilân etmesi ve Makdişu'yu başşehir yapması	somali	somali✓			BELIRSIZ		somali	✓	A-TARAF-PENCEREDE	
KRONOLOJI_DOGU_AFRIKA	190	1916-01-01	Osmanlı'nın Zeyla'daki hâkimiyetinin fiilen sona ermesi	somali	somali✓			BELIRSIZ		somali	✓	A-TARAF-PENCEREDE	
KRONOLOJI_DOGU_AFRIKA	191	1920-01-01	Muhammed Abdullah Hasan'ın ölümü — Derviş Devleti'nin sonu	somali	somali✓		somali	KAYNAK	somali✓	somali	✓	A-TARAF-PENCEREDE	
KRONOLOJI_DOGU_AFRIKA	192	1390-01-01	Minjo hânedanının Kaffa Krallığı'nı kurması				kaffa-kralligi	KAYNAK	kaffa-kralligi✓	kaffa-kralligi	✓	B-TARAFSIZ-0929-ATIF-PENCEREDE	
KRONOLOJI_DOGU_AFRIKA	193	1830-01-01	Cimma (Jimma) Sultanlığı'nın kurulması				cimma-sultanligi	KAYNAK	cimma-sultanligi✓	cimma-sultanligi	✓	B-TARAFSIZ-0929-ATIF-PENCEREDE	
KRONOLOJI_DOGU_AFRIKA	194	1894-01-17	Vollayta (Wolaita) Krallığı'nın Menelik tarafından ilhakı					BELIRSIZ			✗	E-ATIFSIZ	habesistan,somali,kaffa-kralligi,cimma-sultanligi,sidamo-kralliklari,buganda
KRONOLOJI_DOGU_AFRIKA	195	1897-01-01	Sidamo krallıklarının Etiyopya'ya katılması				sidamo-kralliklari	KAYNAK	sidamo-kralliklari✓	sidamo-kralliklari	✓	B-TARAFSIZ-0929-ATIF-PENCEREDE	
KRONOLOJI_DOGU_AFRIKA	196	1897-09-10	Kaffa Krallığı'nın düşüşü — son kral Gaki Şeroço'nun esir alınması				kaffa-kralligi	KAYNAK	kaffa-kralligi✓	kaffa-kralligi	✓	B-TARAFSIZ-0929-ATIF-PENCEREDE	
KRONOLOJI_DOGU_AFRIKA	197	1300-01-01	Kintu hânedanının Buganda Krallığı'nı kurması					BELIRSIZ			✗	E-ATIFSIZ	evfat,habesistan,svahili-sehirleri,makdisu-sultanligi,sidamo-kralliklari,buganda
KRONOLOJI_DOGU_AFRIKA	198	1822-01-01	Toro Krallığı'nın Bunyoro'dan ayrılması	buganda	buganda✓			BELIRSIZ		buganda	✓	A-TARAF-PENCEREDE	
KRONOLOJI_DOGU_AFRIKA	199	1836-01-01	Suna Kalema Kansinge dönemi — Zengibarlı Arap tüccarların Buganda'ya gelişi	buganda	buganda✓			BELIRSIZ		buganda	✓	A-TARAF-PENCEREDE	
KRONOLOJI_DOGU_AFRIKA	200	1854-01-01	I. Mutasa'nın (Mutesa) tahta çıkışı ve Kur'an'dan sûreler ezberlemesi	buganda	buganda✓			BELIRSIZ		buganda	✓	A-TARAF-PENCEREDE	
KRONOLOJI_DOGU_AFRIKA	201	1867-01-01	I. Mutasa'nın müslümanlara karşı iyi davranmaya başlaması	buganda	buganda✓			BELIRSIZ		buganda	✓	A-TARAF-PENCEREDE	
KRONOLOJI_DOGU_AFRIKA	202	1869-01-01	Kabarega'nın Bunyoro tahtına çıkışı ve krallığı toparlaması	buganda	buganda✓			BELIRSIZ		buganda	✓	A-TARAF-PENCEREDE	
KRONOLOJI_DOGU_AFRIKA	203	1872-01-03	Hidiv İsmâil Paşa'nın Samuel Baker eliyle Buganda'ya asker göndermesi	buganda	buganda✓			BELIRSIZ		buganda	✓	A-TARAF-PENCEREDE	
KRONOLOJI_DOGU_AFRIKA	204	1874-06-20	Gordon Paşa'nın elçisi Chaille-Long'un I. Mutasa'ya ulaşması	buganda	buganda✓			BELIRSIZ		buganda	✓	A-TARAF-PENCEREDE	
KRONOLOJI_DOGU_AFRIKA	205	1875-04-12	Ernest de Bellefonds'un Hidiv adına Buganda'ya elçiliği	buganda	buganda✓			BELIRSIZ		buganda	✓	A-TARAF-PENCEREDE	
KRONOLOJI_DOGU_AFRIKA	206	1875-10-01	Stanley'in İslâm aleyhtarı propagandası ve yetmiş müslümanın diri diri yakılması	buganda	buganda✓			BELIRSIZ		buganda	✓	A-TARAF-PENCEREDE	
KRONOLOJI_DOGU_AFRIKA	207	1877-01-02	İngiliz Protestan misyonerlerinin Büyük Göller bölgesine gelişi	buganda	buganda✓			BELIRSIZ		buganda	✓	A-TARAF-PENCEREDE	
KRONOLOJI_DOGU_AFRIKA	208	1877-01-03	Emin Paşa'nın Gordon Paşa adına Buganda ziyaretleri	buganda	buganda✓			BELIRSIZ		buganda	✓	A-TARAF-PENCEREDE	
KRONOLOJI_DOGU_AFRIKA	209	1884-01-02	I. Mutasa'nın ölümü, Muvanga'nın kral ilân edilmesi ve himaye antlaşması	buganda	buganda✓			BELIRSIZ		buganda	✓	A-TARAF-PENCEREDE	
KRONOLOJI_DOGU_AFRIKA	210	1888-01-02	Muvanga'nın tahttan indirilip sürgüne gönderilmesi	buganda	buganda✓			BELIRSIZ		buganda	✓	A-TARAF-PENCEREDE	
KRONOLOJI_DOGU_AFRIKA	211	1890-01-02	Almanya-İngiltere antlaşması ile Doğu Afrika'nın paylaşılması	buganda	buganda✓			BELIRSIZ		buganda	✓	A-TARAF-PENCEREDE	
KRONOLOJI_DOGU_AFRIKA	212	1892-01-01	Buganda'da Katolik-Protestan iç savaşı ve İngiliz sömürgeciliğinin başlaması	buganda	buganda✓			BELIRSIZ		buganda	✓	A-TARAF-PENCEREDE	
KRONOLOJI_DOGU_AFRIKA	213	1894-06-18	İngiltere ile himaye antlaşmasının imzalanması					BELIRSIZ			✗	E-ATIFSIZ	habesistan,somali,kaffa-kralligi,cimma-sultanligi,sidamo-kralliklari,buganda
KRONOLOJI_DOGU_AFRIKA	214	1900-01-01	Buganda Antlaşması — toprakların resmen sömürgeleştirilmesi	buganda	buganda✓			BELIRSIZ		buganda	✓	A-TARAF-PENCEREDE	
KRONOLOJI_DOGU_AFRIKA	215	1903-01-01	Muvanga'nın Seyşeller'de sürgünde ölmesi ve II. Daudi Chwa'nın tahta çıkışı	buganda	buganda✓			BELIRSIZ		buganda	✓	A-TARAF-PENCEREDE	
KRONOLOJI_DOGU_AFRIKA	216	1903-01-02	Uganda'da pamuk tarımının başlaması	buganda	buganda✓			BELIRSIZ		buganda	✓	A-TARAF-PENCEREDE	
KRONOLOJI_DOGU_AFRIKA	217	1913-01-03	Nuhu Mbogo'nun 600 cami ve okul için arazi tahsisi talebi	buganda	buganda✓			BELIRSIZ		buganda	✓	A-TARAF-PENCEREDE	
KRONOLOJI_GUNEY_ASYA	0	1281-01-01	Sind'de Sûmrâ hânedanının hâkimiyeti sürüyordu	sind	sind✓		sind	ONEK	sind✓	sind	✓	A-TARAF-PENCEREDE	
KRONOLOJI_GUNEY_ASYA	1	1298-01-01	Sind üzerinden gelen Moğol akınları Delhi Sultanlığı'nı zorladı	sind	sind✓		sind	ONEK	sind✓	sind	✓	A-TARAF-PENCEREDE	
KRONOLOJI_GUNEY_ASYA	2	1333-09-12	İbn Battûta İndus'u geçerek Sind'e girdi	sind	sind✓		sind	ONEK	sind✓	sind	✓	A-TARAF-PENCEREDE	
KRONOLOJI_GUNEY_ASYA	3	1351-03-20	Sultan Muhammed b. Tuğluk, Semmâ isyanını bastırmak için çıktığı Sind seferinde öldü	sind,delhi-sultanligi	sind✓,delhi-sultanligi✓		sind,delhi-sultanligi	ONEK	sind✓,delhi-sultanligi✓	sind,delhi-sultanligi	✓	A-TARAF-PENCEREDE	
KRONOLOJI_GUNEY_ASYA	4	1351-01-01	Semmâ hânedanı Sind'de hâkimiyeti ele geçirdi				sind	ONEK	sind✓	sind	✓	B-TARAFSIZ-0929-ATIF-PENCEREDE	
KRONOLOJI_GUNEY_ASYA	5	1362-01-01	Fîrûz Şah Tuğluk'un birinci Sind seferi başarısızlıkla sonuçlandı	sind	sind✓		sind	ONEK	sind✓	sind	✓	A-TARAF-PENCEREDE	
KRONOLOJI_GUNEY_ASYA	6	1367-01-01	İkinci sefer sonunda Semmâ Câmı Delhi'nin üstünlüğünü kabul etti	sind	sind✓		sind	ONEK	sind✓	sind	✓	A-TARAF-PENCEREDE	
KRONOLOJI_GUNEY_ASYA	7	1398-01-01	Timur'un Hindistan seferi Sind'i Delhi'nin denetiminden büsbütün kopardı	sind	sind✓		sind	ONEK	sind✓	sind	✓	A-TARAF-PENCEREDE	
KRONOLOJI_GUNEY_ASYA	8	1461-01-01	Câm Nizâmeddin (Câm Nindo) Semmâ tahtına çıktı	sind	sind✓		sind	ONEK	sind✓	sind	✓	A-TARAF-PENCEREDE	
KRONOLOJI_GUNEY_ASYA	9	1508-01-01	Câm Nizâmeddin öldü, Semmâ hânedanı çözülmeye başladı	sind	sind✓		sind	ONEK	sind✓	sind	✓	A-TARAF-PENCEREDE	
KRONOLOJI_GUNEY_ASYA	10	1520-01-01	Şah Beg Ergun Tatta'yı ele geçirdi; Sind Türk asıllı Ergun hânedanına geçti				sind	ONEK	sind✓	sind	✓	B-TARAFSIZ-0929-ATIF-PENCEREDE	
KRONOLOJI_GUNEY_ASYA	11	1522-01-01	Şah Beg Ergun öldü, yerine oğlu Şah Hasan geçti	sind	sind✓		sind	ONEK	sind✓	sind	✓	A-TARAF-PENCEREDE	
KRONOLOJI_GUNEY_ASYA	12	1541-01-01	Hümâyun, Şîr Şah'a yenildikten sonra Sind'e sığındı	sind,babur-imparatorlugu	sind✓,babur-imparatorlugu✓		sind,babur-imparatorlugu	ONEK	sind✓,babur-imparatorlugu✓	sind,babur-imparatorlugu	✓	A-TARAF-PENCEREDE	
KRONOLOJI_GUNEY_ASYA	13	1542-10-14	Ekber Şah, Sind'deki Ömerkût Kalesi'nde doğdu	sind,babur-imparatorlugu	sind✓,babur-imparatorlugu✓		sind,babur-imparatorlugu	ONEK	sind✓,babur-imparatorlugu✓	sind,babur-imparatorlugu	✓	A-TARAF-PENCEREDE	
KRONOLOJI_GUNEY_ASYA	14	1554-01-01	Mirza Îsâ Han Tarhan Sind'de idareyi ele aldı	sind	sind✓		sind	ONEK	sind✓	sind	✓	A-TARAF-PENCEREDE	
KRONOLOJI_GUNEY_ASYA	15	1555-01-01	Portekiz filosu Tatta'yı yağmalayıp yaktı	sind	sind✓		sind	ONEK	sind✓	sind	✓	A-TARAF-PENCEREDE	
KRONOLOJI_GUNEY_ASYA	16	1558-01-01	Tatta'da Dabgîr Camii inşa edildi	sind	sind✓		sind	ONEK	sind✓	sind	✓	A-TARAF-PENCEREDE	
KRONOLOJI_GUNEY_ASYA	17	1573-01-01	Ekber Şah, merkezi Bakkar olan Yukarı Sind'i Bâbürlü topraklarına kattı	sind,babur-imparatorlugu	sind✓,babur-imparatorlugu✓		sind,babur-imparatorlugu	ONEK	sind✓,babur-imparatorlugu✓	sind,babur-imparatorlugu	✓	A-TARAF-PENCEREDE	
KRONOLOJI_GUNEY_ASYA	18	1591-01-01	Aşağı Sind (Tatta) Bâbürlü topraklarına katıldı	sind,babur-imparatorlugu	sind✓,babur-imparatorlugu✓		sind,babur-imparatorlugu	ONEK	sind✓,babur-imparatorlugu✓	sind,babur-imparatorlugu	✓	A-TARAF-PENCEREDE	
KRONOLOJI_GUNEY_ASYA	19	1643-01-01	Tatta'da Cami-i Mescid'in inşasına başlandı	sind,babur-imparatorlugu	sind✓,babur-imparatorlugu✓		sind,babur-imparatorlugu	ONEK	sind✓,babur-imparatorlugu✓	sind,babur-imparatorlugu	✓	A-TARAF-PENCEREDE	
KRONOLOJI_GUNEY_ASYA	20	1701-01-01	Kalhora hânedanı Sind'de fiilî iktidara yükseldi	sind	sind✓		sind	ONEK	sind✓	sind	✓	A-TARAF-PENCEREDE	
KRONOLOJI_GUNEY_ASYA	21	1740-01-01	Nâdir Şah Sind'i hâkimiyeti altına aldı	sind	sind✓		sind	ONEK	sind✓	sind	✓	A-TARAF-PENCEREDE	
KRONOLOJI_GUNEY_ASYA	22	1752-01-01	Sindî şairi Şah Abdüllatîf Bhitâî öldü	sind	sind✓		sind	ONEK	sind✓	sind	✓	A-TARAF-PENCEREDE	
KRONOLOJI_GUNEY_ASYA	23	1754-01-01	Ahmed Şah Dürrânî Sind'i ele geçirdi	sind	sind✓		sind	ONEK	sind✓	sind	✓	A-TARAF-PENCEREDE	
KRONOLOJI_GUNEY_ASYA	24	1772-01-01	İngiliz Doğu Hindistan Şirketi Sind'de ilk fabrikasını kurdu	sind	sind✓		sind	ONEK	sind✓	sind	✓	A-TARAF-PENCEREDE	
KRONOLOJI_GUNEY_ASYA	25	1783-01-01	Talpur sülâlesinden Mîr Feth Ali Han Sind'e hâkim oldu				sind	ONEK	sind✓	sind	✓	B-TARAFSIZ-0929-ATIF-PENCEREDE	
KRONOLOJI_GUNEY_ASYA	26	1827-01-01	Sindî şairi Sachal Sarmast öldü	sind	sind✓		sind	ONEK	sind✓	sind	✓	A-TARAF-PENCEREDE	
KRONOLOJI_GUNEY_ASYA	27	1839-02-01	İngiliz kuvvetleri Karaçi'yi işgal etti	sind	sind✓		sind	ONEK	sind✓	sind	✓	A-TARAF-PENCEREDE	
KRONOLOJI_GUNEY_ASYA	28	1843-02-17	Miyânî Muharebesi: Talpur ordusu Napier karşısında bozguna uğradı				sind	ONEK	sind✓	sind	✓	B-TARAFSIZ-0929-ATIF-PENCEREDE	
KRONOLOJI_GUNEY_ASYA	29	1843-03-24	Dubba Muharebesi Sind'in fethini tamamladı					BELIRSIZ			✗	E-ATIFSIZ	babur-imparatorlugu,nepal,racput,travankur,manipur
KRONOLOJI_GUNEY_ASYA	30	1300-01-01	Nepal, Alâeddin Halacî döneminde Delhi Sultanlığı'nın himayesine girdi	nepal	nepal✓		nepal	ONEK	nepal✓	nepal	✓	A-TARAF-PENCEREDE	
KRONOLOJI_GUNEY_ASYA	31	1351-01-01	Bengal Sultanı Şemseddin İlyas Şah Katmandu'yu ele geçirdi	nepal	nepal✓		nepal	ONEK	nepal✓	nepal	✓	A-TARAF-PENCEREDE	
KRONOLOJI_GUNEY_ASYA	32	1360-01-01	Nepal, III. Fîrûz Şah Tuğluk'un hâkimiyetini kabul etti	nepal	nepal✓		nepal	ONEK	nepal✓	nepal	✓	A-TARAF-PENCEREDE	
KRONOLOJI_GUNEY_ASYA	33	1382-01-01	Cayasthiti Malla vadinin tek hükümdarı oldu	nepal	nepal✓		nepal	ONEK	nepal✓	nepal	✓	A-TARAF-PENCEREDE	
KRONOLOJI_GUNEY_ASYA	34	1390-01-01	Cayasthiti Malla kast ve hukuk düzenini kanunlaştırdı	nepal	nepal✓		nepal	ONEK	nepal✓	nepal	✓	A-TARAF-PENCEREDE	
KRONOLOJI_GUNEY_ASYA	35	1428-01-01	Yakşa Malla tahta çıktı; Nepal en geniş sınırlarına ulaştı	nepal	nepal✓		nepal	ONEK	nepal✓	nepal	✓	A-TARAF-PENCEREDE	
KRONOLOJI_GUNEY_ASYA	36	1482-01-01	Yakşa Malla'nın ölümüyle vadi üç bağımsız krallığa bölündü	nepal	nepal✓		nepal	ONEK	nepal✓	nepal	✓	A-TARAF-PENCEREDE	
KRONOLOJI_GUNEY_ASYA	37	1500-01-01	Müslüman tüccarlar Katmandu'ya yerleşmeye başladı	nepal	nepal✓		nepal	ONEK	nepal✓	nepal	✓	A-TARAF-PENCEREDE	
KRONOLOJI_GUNEY_ASYA	38	1600-01-01	Bâbürlü etkisi Nepal sarayının kılık kıyafet ve âdetlerine girdi	nepal	nepal✓		nepal	ONEK	nepal✓	nepal	✓	A-TARAF-PENCEREDE	
KRONOLOJI_GUNEY_ASYA	39	1641-01-01	Pratap Malla Katmandu tahtına çıktı	nepal	nepal✓		nepal	ONEK	nepal✓	nepal	✓	A-TARAF-PENCEREDE	
KRONOLOJI_GUNEY_ASYA	40	1650-01-01	Nepal-Tibet ticaret ve darphane antlaşması	nepal	nepal✓		nepal	ONEK	nepal✓	nepal	✓	A-TARAF-PENCEREDE	
KRONOLOJI_GUNEY_ASYA	41	1743-01-01	Pritvi Narayan Şah Gorkha tahtına çıktı	nepal	nepal✓		nepal	ONEK	nepal✓	nepal	✓	A-TARAF-PENCEREDE	
KRONOLOJI_GUNEY_ASYA	42	1767-01-01	Kinloch kumandasındaki İngiliz seferi Gorkha kuvvetleri karşısında geri püskürtüldü	nepal	nepal✓		nepal	ONEK	nepal✓	nepal	✓	A-TARAF-PENCEREDE	
KRONOLOJI_GUNEY_ASYA	43	1768-09-25	Pritvi Narayan Şah Katmandu'yu ele geçirdi				nepal	ONEK	nepal✓	nepal	✓	B-TARAFSIZ-0929-ATIF-PENCEREDE	
KRONOLOJI_GUNEY_ASYA	44	1769-01-01	Patan ve Bhaktapur da alındı; vadi tek yönetimde birleşti				nepal	ONEK	nepal✓	nepal	✓	B-TARAFSIZ-0929-ATIF-PENCEREDE	
KRONOLOJI_GUNEY_ASYA	45	1788-01-01	Nepal-Tibet savaşı başladı	nepal	nepal✓		nepal	ONEK	nepal✓	nepal	✓	A-TARAF-PENCEREDE	
KRONOLOJI_GUNEY_ASYA	46	1792-10-02	Betravati Antlaşması: Çin ordusu Nepal'i barışa zorladı	nepal	nepal✓		nepal	ONEK	nepal✓	nepal	✓	A-TARAF-PENCEREDE	
KRONOLOJI_GUNEY_ASYA	47	1806-04-01	Bhimsen Thapa muhtâr (başvezir) olarak iktidarı ele aldı	nepal	nepal✓		nepal	ONEK	nepal✓	nepal	✓	A-TARAF-PENCEREDE	
KRONOLOJI_GUNEY_ASYA	48	1814-11-01	İngiliz-Nepal (Gorkha) Savaşı başladı	nepal	nepal✓		nepal	ONEK	nepal✓	nepal	✓	A-TARAF-PENCEREDE	
KRONOLOJI_GUNEY_ASYA	49	1816-03-04	Sugauli Antlaşması onaylandı; Terai'nin büyük kısmı İngilizler'e geçti				nepal	ONEK	nepal✓	nepal	✓	B-TARAFSIZ-0929-ATIF-PENCEREDE	
KRONOLOJI_GUNEY_ASYA	50	1846-09-14	Kot Katliamı: Jung Bahadur Rana iktidarı ele geçirdi	nepal	nepal✓		nepal	ONEK	nepal✓	nepal	✓	A-TARAF-PENCEREDE	
KRONOLOJI_GUNEY_ASYA	51	1854-01-01	Muluki Ain: Nepal'in ilk genel kanunnâmesi yürürlüğe girdi	nepal	nepal✓		nepal	ONEK	nepal✓	nepal	✓	A-TARAF-PENCEREDE	
KRONOLOJI_GUNEY_ASYA	52	1856-03-24	Thapathali Antlaşması Nepal-Tibet savaşını bitirdi				nepal	ONEK	nepal✓	nepal	✓	B-TARAFSIZ-0929-ATIF-PENCEREDE	
KRONOLOJI_GUNEY_ASYA	53	1857-12-01	Nepal birlikleri Hindistan ayaklanmasında İngilizler'in yanında savaştı	nepal	nepal✓		nepal	ONEK	nepal✓	nepal	✓	A-TARAF-PENCEREDE	
KRONOLOJI_GUNEY_ASYA	54	1901-06-26	Dev Şemşer'in devrilmesiyle Rana idaresinde reform denemesi sona erdi	nepal	nepal✓		nepal	ONEK	nepal✓	nepal	✓	A-TARAF-PENCEREDE	
KRONOLOJI_GUNEY_ASYA	55	1923-10-29	Nepal, İngiltere ile tam bağımsızlığını tanıyan antlaşmayı müzakere ediyordu	nepal	nepal✓		nepal	ONEK	nepal✓	nepal	✓	A-TARAF-PENCEREDE	
KRONOLOJI_GUNEY_ASYA	56	1301-07-11	Alâeddin Halacî Ranthambor'u aldı; Hammîradeva öldürüldü	racput	racput✓		racput	ONEK	racput✓	racput	✓	A-TARAF-PENCEREDE	
KRONOLOJI_GUNEY_ASYA	57	1303-08-26	Çitor Kalesi Alâeddin Halacî'nin eline geçti	racput	racput✓		racput	ONEK	racput✓	racput	✓	A-TARAF-PENCEREDE	
KRONOLOJI_GUNEY_ASYA	58	1311-01-01	Calor'un düşmesiyle Racputana'nın batı direnişi kırıldı	racput	racput✓		racput	ONEK	racput✓	racput	✓	A-TARAF-PENCEREDE	
KRONOLOJI_GUNEY_ASYA	59	1326-01-01	Hammîr Singh Çitor'u geri alarak Sisodiya hânedanını kurdu	racput	racput✓		racput	ONEK	racput✓	racput	✓	A-TARAF-PENCEREDE	
KRONOLOJI_GUNEY_ASYA	60	1437-01-01	Rânâ Kumbha, Mâlvâ sultanını Sârangpûr'da yendi	racput	racput✓		racput	ONEK	racput✓	racput	✓	A-TARAF-PENCEREDE	
KRONOLOJI_GUNEY_ASYA	61	1448-01-01	Çitor'da Vijaya Stambha (Zafer Kulesi) tamamlandı	racput	racput✓		racput	ONEK	racput✓	racput	✓	A-TARAF-PENCEREDE	
KRONOLOJI_GUNEY_ASYA	62	1509-01-01	Rânâ Sangâ Mevâr tahtına çıktı	racput	racput✓		racput	ONEK	racput✓	racput	✓	A-TARAF-PENCEREDE	
KRONOLOJI_GUNEY_ASYA	63	1527-03-16	Hânüvâ Meydan Savaşı: Bâbür, Rânâ Sangâ'yı bozguna uğrattı	racput,babur-imparatorlugu	racput✓,babur-imparatorlugu✓		racput,babur-imparatorlugu	ONEK	racput✓,babur-imparatorlugu✓	racput,babur-imparatorlugu	✓	A-TARAF-PENCEREDE	
KRONOLOJI_GUNEY_ASYA	64	1535-01-01	Gucerât Sultanı Bahadır Şah Çitor'u aldı; kalede ikinci cevher yaşandı	racput	racput✓		racput	ONEK	racput✓	racput	✓	A-TARAF-PENCEREDE	
KRONOLOJI_GUNEY_ASYA	65	1562-01-01	Amber Racası Bhâra Mel kızını Ekber Şah'a vererek Bâbürlü ittifakını kurdu	racput	racput✓		racput,babur-imparatorlugu	ONEK	racput✓,babur-imparatorlugu✓	racput	✓	A-TARAF-PENCEREDE	
KRONOLOJI_GUNEY_ASYA	66	1568-02-23	Ekber Şah Çitor'u fethetti	racput,babur-imparatorlugu	racput✓,babur-imparatorlugu✓		racput,babur-imparatorlugu	ONEK	racput✓,babur-imparatorlugu✓	racput,babur-imparatorlugu	✓	A-TARAF-PENCEREDE	
KRONOLOJI_GUNEY_ASYA	67	1559-01-01	Rânâ Udey Singh Udeypûr'u kurdu	racput	racput✓		racput	ONEK	racput✓	racput	✓	A-TARAF-PENCEREDE	
KRONOLOJI_GUNEY_ASYA	68	1576-06-18	Haldigâtî Muharebesi: Mahârânâ Pratap ile Bâbürlü ordusu çarpıştı	racput,babur-imparatorlugu	racput✓,babur-imparatorlugu✓		racput,babur-imparatorlugu	ONEK	racput✓,babur-imparatorlugu✓	racput,babur-imparatorlugu	✓	A-TARAF-PENCEREDE	
KRONOLOJI_GUNEY_ASYA	69	1597-01-19	Mahârânâ Pratap öldü	racput	racput✓		racput	ONEK	racput✓	racput	✓	A-TARAF-PENCEREDE	
KRONOLOJI_GUNEY_ASYA	70	1605-01-01	Çâvend'de Râgamâlâ dizisi resmedildi; Mevâr minyatür ekolü doğdu	racput	racput✓		racput	ONEK	racput✓	racput	✓	A-TARAF-PENCEREDE	
KRONOLOJI_GUNEY_ASYA	71	1615-02-05	Mevâr, Cihangir'le antlaşma yaparak Bâbürlü üstünlüğünü kabul etti	racput,babur-imparatorlugu	racput✓,babur-imparatorlugu✓		racput,babur-imparatorlugu	ONEK	racput✓,babur-imparatorlugu✓	racput,babur-imparatorlugu	✓	A-TARAF-PENCEREDE	
KRONOLOJI_GUNEY_ASYA	72	1659-03-23	Dârâ Şükûh, Ecmîr yakınlarındaki Deorâî'de bozguna uğradı	racput,babur-imparatorlugu	racput✓,babur-imparatorlugu✓		racput,babur-imparatorlugu	ONEK	racput✓,babur-imparatorlugu✓	racput,babur-imparatorlugu	✓	A-TARAF-PENCEREDE	
KRONOLOJI_GUNEY_ASYA	73	1679-04-02	Evrengzîb cizyeyi yeniden koydu	babur-imparatorlugu,racput	babur-imparatorlugu✓,racput✓		babur-imparatorlugu,racput	ONEK	babur-imparatorlugu✓,racput✓	babur-imparatorlugu,racput	✓	A-TARAF-PENCEREDE	
KRONOLOJI_GUNEY_ASYA	74	1679-01-01	Mârvâr'ın ilhakı üzerine Bâbürlü-Racput Savaşı başladı	racput,babur-imparatorlugu	racput✓,babur-imparatorlugu✓		racput,babur-imparatorlugu	ONEK	racput✓,babur-imparatorlugu✓	racput,babur-imparatorlugu	✓	A-TARAF-PENCEREDE	
KRONOLOJI_GUNEY_ASYA	75	1681-01-01	Evrengzîb, Rânâ Râc Singh'le barış antlaşması imzaladı	racput,babur-imparatorlugu	racput✓,babur-imparatorlugu✓		racput,babur-imparatorlugu	ONEK	racput✓,babur-imparatorlugu✓	racput,babur-imparatorlugu	✓	A-TARAF-PENCEREDE	
KRONOLOJI_GUNEY_ASYA	76	1707-01-01	Acît Singh Codhpûr'u geri aldı	racput	racput✓		racput	ONEK	racput✓	racput	✓	A-TARAF-PENCEREDE	
KRONOLOJI_GUNEY_ASYA	77	1708-01-01	Mevâr, Mârvâr ve Amber üçlü Racput ittifakını kurdu	racput	racput✓		racput	ONEK	racput✓	racput	✓	A-TARAF-PENCEREDE	
KRONOLOJI_GUNEY_ASYA	78	1724-01-01	Savâî Cey Singh II Delhi'de ilk rasathanesini kurdu	racput	racput✓		racput	ONEK	racput✓	racput	✓	A-TARAF-PENCEREDE	
KRONOLOJI_GUNEY_ASYA	79	1727-11-18	Caypûr şehri kuruldu	racput	racput✓		racput	ONEK	racput✓	racput	✓	A-TARAF-PENCEREDE	
KRONOLOJI_GUNEY_ASYA	80	1732-01-01	Zîc-i Muhammed Şâhî tamamlandı	racput	racput✓		racput	ONEK	racput✓	racput	✓	A-TARAF-PENCEREDE	
KRONOLOJI_GUNEY_ASYA	81	1734-07-17	Hurda Konferansı: Racput devletleri Maratha baskısına karşı birleşme kararı aldı	racput	racput✓		racput	ONEK	racput✓	racput	✓	A-TARAF-PENCEREDE	
KRONOLOJI_GUNEY_ASYA	82	1818-01-06	Mevâr İngilizler'le tâbilik antlaşması imzaladı	racput	racput✓		racput	ONEK	racput✓	racput	✓	A-TARAF-PENCEREDE	
KRONOLOJI_GUNEY_ASYA	83	1857-06-01	Racput devletleri Hindistan ayaklanmasında İngiliz idaresine bağlı kaldı	racput	racput✓		racput	ONEK	racput✓	racput	✓	A-TARAF-PENCEREDE	
KRONOLOJI_GUNEY_ASYA	84	1281-01-01	Ladakh, Maryul krallığı olarak Batı Tibet hânedanının elindeydi	ladak	ladak✓		ladak	ONEK	ladak✓	ladak	✓	A-TARAF-PENCEREDE	
KRONOLOJI_GUNEY_ASYA	85	1460-01-01	Lhaçen Bhagan Namgyal hânedanını kurdu				ladak	ONEK	ladak✓	ladak	✓	B-TARAFSIZ-0929-ATIF-PENCEREDE	
KRONOLOJI_GUNEY_ASYA	86	1532-01-01	Mirza Haydar Duglat'ın seferi Ladakh'ı yağmaladı	ladak	ladak✓		ladak	ONEK	ladak✓	ladak	✓	A-TARAF-PENCEREDE	
KRONOLOJI_GUNEY_ASYA	87	1600-01-01	Skardu emîri Ali Mîr Şîr Han Ladakh'ı yendi; Camyang Namgyal esir düştü	ladak	ladak✓		ladak	ONEK	ladak✓	ladak	✓	A-TARAF-PENCEREDE	
KRONOLOJI_GUNEY_ASYA	88	1616-01-01	Senge Namgyal tahta çıktı	ladak	ladak✓		ladak	ONEK	ladak✓	ladak	✓	A-TARAF-PENCEREDE	
KRONOLOJI_GUNEY_ASYA	89	1630-01-01	Hemis Manastırı kuruldu	ladak	ladak✓		ladak	ONEK	ladak✓	ladak	✓	A-TARAF-PENCEREDE	
KRONOLOJI_GUNEY_ASYA	90	1639-01-01	Keşmir valisi Zafer Han'ın seferi Ladakh'ı Bâbürlü tâbiiyetine soktu	ladak,babur-imparatorlugu	ladak✓,babur-imparatorlugu✓		ladak,babur-imparatorlugu	ONEK	ladak✓,babur-imparatorlugu✓	ladak,babur-imparatorlugu	✓	A-TARAF-PENCEREDE	
KRONOLOJI_GUNEY_ASYA	91	1679-01-01	Tibet-Ladakh-Bâbürlü Savaşı başladı	ladak	ladak✓		ladak	ONEK	ladak✓	ladak	✓	A-TARAF-PENCEREDE	
KRONOLOJI_GUNEY_ASYA	92	1683-01-01	Bâbürlü yardımı Basgo kuşatmasını kaldırdı	ladak,babur-imparatorlugu	ladak✓,babur-imparatorlugu✓		ladak,babur-imparatorlugu	ONEK	ladak✓,babur-imparatorlugu✓	ladak,babur-imparatorlugu	✓	A-TARAF-PENCEREDE	
KRONOLOJI_GUNEY_ASYA	93	1684-01-01	Tingmosgang Antlaşması Ladakh-Tibet sınırını çizdi				ladak	ONEK	ladak✓	ladak	✓	B-TARAFSIZ-0929-ATIF-PENCEREDE	
KRONOLOJI_GUNEY_ASYA	94	1834-01-01	Zorâver Singh'in Dogra ordusu Ladakh'ı fethetti				ladak	ONEK	ladak✓	ladak	✓	B-TARAFSIZ-0929-ATIF-PENCEREDE	
KRONOLOJI_GUNEY_ASYA	95	1299-01-01	Ravi Varma Kulaşekhara Venâd tahtına çıktı	travankur	travankur✓		travankur	ONEK	travankur✓	travankur	✓	A-TARAF-PENCEREDE	
KRONOLOJI_GUNEY_ASYA	96	1312-01-01	Ravi Varma Kulaşekhara Kançi'de imparatorluk tacını giydi	travankur	travankur✓		travankur	ONEK	travankur✓	travankur	✓	A-TARAF-PENCEREDE	
KRONOLOJI_GUNEY_ASYA	97	1503-01-01	Portekizliler Kolam'da ticaret merkezi kurdu	travankur	travankur✓		travankur	ONEK	travankur✓	travankur	✓	A-TARAF-PENCEREDE	
KRONOLOJI_GUNEY_ASYA	98	1661-01-01	Hollandalılar Kolam'ı Portekizliler'den aldı	travankur	travankur✓		travankur	ONEK	travankur✓	travankur	✓	A-TARAF-PENCEREDE	
KRONOLOJI_GUNEY_ASYA	99	1729-01-01	Marthanda Varma tahta çıktı; Travankur Krallığı kuruldu				travankur	ONEK	travankur✓	travankur	✓	B-TARAFSIZ-0929-ATIF-PENCEREDE	
KRONOLOJI_GUNEY_ASYA	100	1741-08-10	Kolaçel Muharebesi: Travankur, Hollanda Doğu Hindistan Şirketi'ni yendi				travankur	ONEK	travankur✓	travankur	✓	B-TARAFSIZ-0929-ATIF-PENCEREDE	
KRONOLOJI_GUNEY_ASYA	101	1745-01-01	De Lannoy Travankur ordusunu Avrupa usulünde yeniden düzenledi	travankur	travankur✓		travankur	ONEK	travankur✓	travankur	✓	A-TARAF-PENCEREDE	
KRONOLOJI_GUNEY_ASYA	102	1750-01-03	Trippadidânam: kral ülkeyi Padmanâbha tapınağına bağışladı	travankur	travankur✓		travankur	ONEK	travankur✓	travankur	✓	A-TARAF-PENCEREDE	
KRONOLOJI_GUNEY_ASYA	103	1789-12-29	Tipu Sultan'ın ordusu Nedumkotta hattına saldırdı	travankur,meysur	travankur✓,meysur✓		travankur,meysur	ONEK	travankur✓,meysur✓	travankur,meysur	✓	A-TARAF-PENCEREDE	
KRONOLOJI_GUNEY_ASYA	104	1805-01-01	Travankur İngilizler'le tâbilik antlaşması imzaladı				travankur	ONEK	travankur✓	travankur	✓	B-TARAFSIZ-0929-ATIF-PENCEREDE	
KRONOLOJI_GUNEY_ASYA	105	1809-01-11	Velu Thampi Dalavâ Kundara Bildirisi'ni okuyarak İngilizler'e karşı ayaklandı	travankur	travankur✓		travankur	ONEK	travankur✓	travankur	✓	A-TARAF-PENCEREDE	
KRONOLOJI_GUNEY_ASYA	106	1817-06-01	Rani Gouri Parvati Bai eğitim fermanını ilân etti	travankur	travankur✓		travankur	ONEK	travankur✓	travankur	✓	A-TARAF-PENCEREDE	
KRONOLOJI_GUNEY_ASYA	107	1859-07-26	Çannâr Bildirisi: alt kastlı kadınlara üst beden örtünme hakkı tanındı	travankur	travankur✓		travankur	ONEK	travankur✓	travankur	✓	A-TARAF-PENCEREDE	
KRONOLOJI_GUNEY_ASYA	108	1888-01-01	Travankur Kanun Meclisi kuruldu	travankur	travankur✓		travankur	ONEK	travankur✓	travankur	✓	A-TARAF-PENCEREDE	
KRONOLOJI_GUNEY_ASYA	109	1891-01-01	Malayâlî Muhtırası devlet görevlerinde yerli halka pay istedi	travankur	travankur✓		travankur	ONEK	travankur✓	travankur	✓	A-TARAF-PENCEREDE	
KRONOLOJI_GUNEY_ASYA	110	1281-01-01	Manipûr vadisi Ningthouca hânedanının idaresindeydi	manipur	manipur✓		manipur	ONEK	manipur✓	manipur	✓	A-TARAF-PENCEREDE	
KRONOLOJI_GUNEY_ASYA	111	1467-01-01	Kyamba tahta çıktı	manipur	manipur✓		manipur	ONEK	manipur✓	manipur	✓	A-TARAF-PENCEREDE	
KRONOLOJI_GUNEY_ASYA	112	1470-01-01	Manipûr ile Pong (Şan) krallığı Kyang Khampat'ı birlikte aldı	manipur	manipur✓		manipur	ONEK	manipur✓	manipur	✓	A-TARAF-PENCEREDE	
KRONOLOJI_GUNEY_ASYA	113	1606-01-01	Khagemba doğudan gelen istilâyı püskürttü; müslüman esirler vadiye yerleştirildi	manipur	manipur✓		manipur	ONEK	manipur✓	manipur	✓	A-TARAF-PENCEREDE	
KRONOLOJI_GUNEY_ASYA	114	1709-01-01	Pamheiba (Garîb Nevâz) tahta çıktı	manipur	manipur✓		manipur	ONEK	manipur✓	manipur	✓	A-TARAF-PENCEREDE	
KRONOLOJI_GUNEY_ASYA	115	1717-01-01	Garîb Nevâz Vaişnava Hinduizmini devlet dini yaptı	manipur	manipur✓		manipur	ONEK	manipur✓	manipur	✓	A-TARAF-PENCEREDE	
KRONOLOJI_GUNEY_ASYA	116	1738-01-01	Manipûr ordusu Burma başşehri Ava'nın önlerine kadar ilerledi	manipur	manipur✓		manipur	ONEK	manipur✓	manipur	✓	A-TARAF-PENCEREDE	
KRONOLOJI_GUNEY_ASYA	117	1758-01-01	Konbaung hânedanının karşı seferleri Manipûr'u yıprattı	manipur	manipur✓		manipur	ONEK	manipur✓	manipur	✓	A-TARAF-PENCEREDE	
KRONOLOJI_GUNEY_ASYA	118	1762-09-14	Manipûr, İngilizler'le ilk antlaşmasını imzaladı	manipur	manipur✓		manipur	ONEK	manipur✓	manipur	✓	A-TARAF-PENCEREDE	
KRONOLOJI_GUNEY_ASYA	119	1819-01-01	Yedi Yıllık Yıkım (Çahi Taret Khuntakpa) başladı: Burma işgali				manipur	ONEK	manipur✓	manipur	✓	B-TARAFSIZ-0929-ATIF-PENCEREDE	
KRONOLOJI_GUNEY_ASYA	120	1826-02-24	Yandabo Antlaşması Manipûr'un bağımsızlığını tanıdı				manipur	ONEK	manipur✓	manipur	✓	B-TARAFSIZ-0929-ATIF-PENCEREDE	
KRONOLOJI_GUNEY_ASYA	121	1834-01-01	Kabav vadisi İngiliz hakemliğiyle Burma'ya bırakıldı	manipur	manipur✓		manipur	ONEK	manipur✓	manipur	✓	A-TARAF-PENCEREDE	
KRONOLOJI_GUNEY_ASYA	122	1891-03-24	Saray darbesi İngiliz müdahalesini tetikledi	manipur	manipur✓		manipur	ONEK	manipur✓	manipur	✓	A-TARAF-PENCEREDE	
KRONOLOJI_GUNEY_ASYA	123	1891-04-23	Khongcom Muharebesi: Manipûr direnişi kırıldı	manipur	manipur✓		manipur	ONEK	manipur✓	manipur	✓	A-TARAF-PENCEREDE	
KRONOLOJI_GUNEY_ASYA	124	1891-08-13	Tikendracît Singh ve Thangal General idam edildi				manipur	ONEK	manipur✓	manipur	✓	B-TARAFSIZ-0929-ATIF-PENCEREDE	
KRONOLOJI_GUNEY_ASYA	125	1904-10-01	Birinci Nupi Lan: kadınların angarya isyanı	manipur	manipur✓		manipur	ONEK	manipur✓	manipur	✓	A-TARAF-PENCEREDE	
KRONOLOJI_GUNEY_ASYA	126	1917-01-01	Kuki ayaklanması başladı	manipur	manipur✓		manipur	ONEK	manipur✓	manipur	✓	A-TARAF-PENCEREDE	
KRONOLOJI_GUNEY_ASYA	127	1509-01-01	Makli nekropolü Semmâ döneminde büyük anıt mezarlarla genişledi	sind	sind✓		sind	ONEK	sind✓	sind	✓	A-TARAF-PENCEREDE	
KRONOLOJI_GUNEY_ASYA	128	1592-01-01	Tatta, Bâbürlü döneminde bir ilim ve tercüme merkezi hâline geldi	sind,babur-imparatorlugu	sind✓,babur-imparatorlugu✓		sind,babur-imparatorlugu	ONEK	sind✓,babur-imparatorlugu✓	sind,babur-imparatorlugu	✓	A-TARAF-PENCEREDE	
KRONOLOJI_GUNEY_ASYA	129	1620-01-01	Deniz İpek yolu Sind limanlarını Basra körfezine bağladı	sind,babur-imparatorlugu	sind✓,babur-imparatorlugu✓		sind,babur-imparatorlugu	ONEK	sind✓,babur-imparatorlugu✓	sind,babur-imparatorlugu	✓	A-TARAF-PENCEREDE	
KRONOLOJI_GUNEY_ASYA	130	1853-01-01	Sindî için Arap alfabesine dayalı resmî yazı düzeni kabul edildi					BELIRSIZ			✗	E-ATIFSIZ	babur-imparatorlugu,nepal,racput,travankur,manipur
KRONOLOJI_GUNEY_ASYA	131	1488-01-01	Rao Bîka Bîkâner'i kurdu	racput	racput✓		racput	ONEK	racput✓	racput	✓	A-TARAF-PENCEREDE	
KRONOLOJI_GUNEY_ASYA	132	1547-01-01	Mîrâ Bâî'nin bhakti şiiri Racputana'da yayıldı	racput	racput✓		racput	ONEK	racput✓	racput	✓	A-TARAF-PENCEREDE	
KRONOLOJI_GUNEY_ASYA	133	1592-01-01	Man Singh Amber Sarayı'nı inşa ettirdi	racput	racput✓		racput	ONEK	racput✓	racput	✓	A-TARAF-PENCEREDE	
KRONOLOJI_GUNEY_ASYA	134	1760-01-01	Kişangarh ekolünde Bani Thani üslûbu doğdu	racput	racput✓		racput	ONEK	racput✓	racput	✓	A-TARAF-PENCEREDE	
KRONOLOJI_GUNEY_ASYA	135	1868-01-01	Racputana'da büyük kıtlık yaşandı	racput	racput✓		racput	ONEK	racput✓	racput	✓	A-TARAF-PENCEREDE	
KRONOLOJI_GUNEY_ASYA	136	1650-01-01	Ladakh, Tibet yünü ile Keşmir şal sanayii arasındaki tekeli elinde tuttu	ladak	ladak✓		ladak	ONEK	ladak✓	ladak	✓	A-TARAF-PENCEREDE	
KRONOLOJI_GUNEY_ASYA	137	1666-01-01	Leh'te Cuma Camii yapıldı	ladak	ladak✓		ladak	ONEK	ladak✓	ladak	✓	A-TARAF-PENCEREDE	
KRONOLOJI_GUNEY_ASYA	138	1702-01-01	Bhaktapur'da Nyatapola Tapınağı tamamlandı	nepal	nepal✓		nepal	ONEK	nepal✓	nepal	✓	A-TARAF-PENCEREDE	
KRONOLOJI_GUNEY_ASYA	139	1854-06-01	Durbar Okulu açıldı: Nepal'de modern eğitimin başlangıcı	nepal	nepal✓		nepal	ONEK	nepal✓	nepal	✓	A-TARAF-PENCEREDE	
KRONOLOJI_GUNEY_ASYA	140	1889-01-01	Bîr Hastahanesi kuruldu: Nepal'in ilk modern hastahanesi	nepal	nepal✓		nepal	ONEK	nepal✓	nepal	✓	A-TARAF-PENCEREDE	
KRONOLOJI_GUNEY_ASYA	141	1901-05-06	Gorkhapatra gazetesi çıkmaya başladı	nepal	nepal✓		nepal	ONEK	nepal✓	nepal	✓	A-TARAF-PENCEREDE	
KRONOLOJI_GUNEY_ASYA	142	1918-01-01	Tri-Chandra Koleji açıldı: Nepal'in ilk yüksek öğretim kurumu	nepal	nepal✓		nepal	ONEK	nepal✓	nepal	✓	A-TARAF-PENCEREDE	
KRONOLOJI_GUNEY_ASYA	143	1920-07-01	Nepal'de sati (dul yakma) yasaklandı	nepal	nepal✓		nepal	ONEK	nepal✓	nepal	✓	A-TARAF-PENCEREDE	
KRONOLOJI_GUNEY_ASYA	144	1601-01-01	Padmanâbhapuram Sarayı'nın ahşap yapıları yükseldi	travankur	travankur✓		travankur	ONEK	travankur✓	travankur	✓	A-TARAF-PENCEREDE	
KRONOLOJI_GUNEY_ASYA	145	1650-01-01	Kottârakkara'da Râmanâttam doğdu: Kathakali'nin başlangıcı	travankur	travankur✓		travankur	ONEK	travankur✓	travankur	✓	A-TARAF-PENCEREDE	
KRONOLOJI_GUNEY_ASYA	146	1813-01-01	Travankur'da çiçek aşısı uygulaması başladı	travankur	travankur✓		travankur	ONEK	travankur✓	travankur	✓	A-TARAF-PENCEREDE	
KRONOLOJI_GUNEY_ASYA	147	1821-10-01	Kottayam'da matbaa kuruldu; Malayalam basılı kitapla tanıştı	travankur	travankur✓		travankur	ONEK	travankur✓	travankur	✓	A-TARAF-PENCEREDE	
KRONOLOJI_GUNEY_ASYA	148	1837-01-01	Trivandrum Rasathanesi kuruldu	travankur	travankur✓		travankur	ONEK	travankur✓	travankur	✓	A-TARAF-PENCEREDE	
KRONOLOJI_GUNEY_ASYA	149	1846-01-01	Svâti Tirunal'in ölümüyle Karnatik müziğinde bir dönem kapandı	travankur	travankur✓		travankur	ONEK	travankur✓	travankur	✓	A-TARAF-PENCEREDE	
KRONOLOJI_GUNEY_ASYA	150	1779-01-01	Bhâgyaçandra Ras Lîlâ dansını oluşturdu: Manipûrî klasik dansı doğdu	manipur	manipur✓		manipur	ONEK	manipur✓	manipur	✓	A-TARAF-PENCEREDE	
KRONOLOJI_GUNEY_ASYA	151	1859-01-01	Manipûr'un Sagol Kangcei oyunu modern poloya kaynaklık etti	manipur	manipur✓		manipur	ONEK	manipur✓	manipur	✓	A-TARAF-PENCEREDE	
KRONOLOJI_GUNEY_ASYA	152	1891-01-01	Çeitharol Kumbaba vakayinâmesi kesintisiz kaydını sürdürdü				manipur	ONEK	manipur✓	manipur	✓	B-TARAFSIZ-0929-ATIF-PENCEREDE	
KRONOLOJI_IRAN_ARDILLARI	0	1253-01-01	Büyük Han Mengü, kardeşi Hülâgû'yu batıya görevlendirdi					BELIRSIZ			✗	E-ATIFSIZ	kert,lur-i-buzurg,lur-i-kucek
KRONOLOJI_IRAN_ARDILLARI	1	1256-01-01	Alamut Kalesi'nin zaptı ve İlhanlılığın ilânı				ilhanli	KAYNAK	ilhanli✓	ilhanli	✓	B-TARAFSIZ-0929-ATIF-PENCEREDE	
KRONOLOJI_IRAN_ARDILLARI	2	1258-02-10	Bağdat'ın zaptı — Abbâsî hilâfetinin sonu	ilhanli	ilhanli✓		ilhanli	KAYNAK	ilhanli✓	ilhanli	✓	A-TARAF-PENCEREDE	
KRONOLOJI_IRAN_ARDILLARI	3	1259-01-01	Merâga Rasathanesi kuruldu — Nasîrüddin Tûsî'nin yönetiminde	ilhanli	ilhanli✓		ilhanli	KAYNAK	ilhanli✓	ilhanli	✓	A-TARAF-PENCEREDE	
KRONOLOJI_IRAN_ARDILLARI	4	1260-09-03	Aynicâlût Savaşı — Moğol ilerleyişi Memlükler karşısında durdu	ilhanli	ilhanli✓		ilhanli	KAYNAK	ilhanli✓	ilhanli	✓	A-TARAF-PENCEREDE	
KRONOLOJI_IRAN_ARDILLARI	5	1265-02-08	Hülâgû'nun ölümü — devlet Amuderya'dan Fırat'a uzanıyordu	ilhanli	ilhanli✓		ilhanli	KAYNAK	ilhanli✓	ilhanli	✓	A-TARAF-PENCEREDE	
KRONOLOJI_IRAN_ARDILLARI	6	1265-01-01	Abaka İlhanlı Kurultayı tarafından seçildi					(0929'da yok)			✗	E-ATIFSIZ	ilhanli,kert,lur-i-buzurg,lur-i-kucek
KRONOLOJI_IRAN_ARDILLARI	7	1277-04-15	Elbistan Savaşı — Baybars Anadolu'da İlhanlı ordusunu yendi	ilhanli	ilhanli✓		ilhanli	KAYNAK	ilhanli✓	ilhanli	✓	A-TARAF-PENCEREDE	
KRONOLOJI_IRAN_ARDILLARI	8	1282-01-01	Ahmed Teküder tahta çıktı — ilk müslüman ilhan	ilhanli	ilhanli✓			(0929'da yok)		ilhanli	✓	A-TARAF-PENCEREDE	
KRONOLOJI_IRAN_ARDILLARI	9	1284-08-10	Argun, Ahmed Teküder'i tahttan indirip öldürttü	ilhanli	ilhanli✓		ilhanli	KAYNAK	ilhanli✓	ilhanli	✓	A-TARAF-PENCEREDE	
KRONOLOJI_IRAN_ARDILLARI	10	1289-01-01	Vezir Sa'düddevle'nin malî düzenlemeleri huzursuzluk doğurdu	ilhanli	ilhanli✓		ilhanli	KAYNAK	ilhanli✓	ilhanli	✓	A-TARAF-PENCEREDE	
KRONOLOJI_IRAN_ARDILLARI	11	1291-07-23	Geyhatu kurultayla hükümdar seçildi	ilhanli	ilhanli✓		ilhanli	KAYNAK	ilhanli✓	ilhanli	✓	A-TARAF-PENCEREDE	
KRONOLOJI_IRAN_ARDILLARI	12	1292-01-01	Karamanoğulları ve Türkmenlere ağır darbe	ilhanli	ilhanli✓		ilhanli	KAYNAK	ilhanli✓	ilhanli	✓	A-TARAF-PENCEREDE	
KRONOLOJI_IRAN_ARDILLARI	13	1294-01-01	Kâğıt para (çav) denemesi — dört ay sonra kaldırıldı	ilhanli	ilhanli✓		ilhanli	KAYNAK	ilhanli✓	ilhanli	✓	A-TARAF-PENCEREDE	
KRONOLOJI_IRAN_ARDILLARI	14	1295-03-24	Geyhatu öldürüldü, Baydu tahta geçti	ilhanli	ilhanli✓		ilhanli	KAYNAK	ilhanli✓	ilhanli	✓	A-TARAF-PENCEREDE	
KRONOLOJI_IRAN_ARDILLARI	15	1295-06-19	Gāzân Han Lâr vadisinde müslüman oldu ve Mahmud adını aldı	ilhanli	ilhanli✓		ilhanli	KAYNAK	ilhanli✓	ilhanli	✓	A-TARAF-PENCEREDE	
KRONOLOJI_IRAN_ARDILLARI	16	1295-10-04	Gāzân Han Tebriz'de törenle karşılandı — Baydu'nun sonu	ilhanli	ilhanli✓		ilhanli	KAYNAK	ilhanli✓	ilhanli	✓	A-TARAF-PENCEREDE	
KRONOLOJI_IRAN_ARDILLARI	17	1295-11-03	Gāzân Han Karabağ'da cülûs etti — İslâm devletin resmî dini oldu	ilhanli	ilhanli✓		ilhanli	KAYNAK	ilhanli✓	ilhanli	✓	A-TARAF-PENCEREDE	
KRONOLOJI_IRAN_ARDILLARI	18	1296-01-01	Tuğaçar isyanı bastırıldı	ilhanli	ilhanli✓		ilhanli	KAYNAK	ilhanli✓	ilhanli	✓	A-TARAF-PENCEREDE	
KRONOLOJI_IRAN_ARDILLARI	19	1297-10-05	Şenb-i Gāzân (Gāzâniyye) külliyesinin temeli atıldı	ilhanli	ilhanli✓		ilhanli	KAYNAK	ilhanli✓	ilhanli	✓	A-TARAF-PENCEREDE	
KRONOLOJI_IRAN_ARDILLARI	20	1297-01-01	Baltu isyanı — Anadolu valiliği meselesi	ilhanli	ilhanli✓		ilhanli	KAYNAK	ilhanli✓	ilhanli	✓	A-TARAF-PENCEREDE	
KRONOLOJI_IRAN_ARDILLARI	21	1299-01-01	Sülemiş isyanı bastırıldı	ilhanli	ilhanli✓		ilhanli	KAYNAK	ilhanli✓	ilhanli	✓	A-TARAF-PENCEREDE	
KRONOLOJI_IRAN_ARDILLARI	22	1299-12-22	Vâdilhâzindâr Savaşı — Moğol ordusu Dımaşk'a girdi	ilhanli	ilhanli✓		ilhanli	KAYNAK	ilhanli✓	ilhanli	✓	A-TARAF-PENCEREDE	
KRONOLOJI_IRAN_ARDILLARI	23	1301-01-01	Altın Orda Hanı Taktaga'nın Kuzey Azerbaycan teşebbüsü boşa çıktı	ilhanli	ilhanli✓		ilhanli	KAYNAK	ilhanli✓	ilhanli	✓	A-TARAF-PENCEREDE	
KRONOLOJI_IRAN_ARDILLARI	24	1302-04-12	Gāzân Han Papa VIII. Bonifacius'a mektup yazdı	ilhanli	ilhanli✓		ilhanli	KAYNAK	ilhanli✓	ilhanli	✓	A-TARAF-PENCEREDE	
KRONOLOJI_IRAN_ARDILLARI	25	1303-04-20	Dımaşk yenilgisi — Suriye ümidi kesin olarak bitti	ilhanli	ilhanli✓		ilhanli	KAYNAK	ilhanli✓	ilhanli	✓	A-TARAF-PENCEREDE	
KRONOLOJI_IRAN_ARDILLARI	26	1303-08-01	Gāzân Han'ın toprak tahriri ve iktâ dağıtımı	ilhanli	ilhanli✓			BELIRSIZ		ilhanli	✓	A-TARAF-PENCEREDE	
KRONOLOJI_IRAN_ARDILLARI	27	1300-01-01	Gāzân Han'ın vergi ve posta reformu — menzilhâneler	ilhanli	ilhanli✓		ilhanli	KAYNAK	ilhanli✓	ilhanli	✓	A-TARAF-PENCEREDE	
KRONOLOJI_IRAN_ARDILLARI	28	1304-05-17	Gāzân Han Kazvin civarında öldü	ilhanli	ilhanli✓		ilhanli	KAYNAK	ilhanli✓	ilhanli	✓	A-TARAF-PENCEREDE	
KRONOLOJI_IRAN_ARDILLARI	29	1283-01-01	Tebriz dönemin en önemli ticaret merkezlerinden biri hâline geldi	ilhanli	ilhanli✓			BELIRSIZ		ilhanli	✓	A-TARAF-PENCEREDE	
KRONOLOJI_IRAN_ARDILLARI	30	1295-01-01	Kefe-Trabzon-Tebriz ticaret yolu önem kazandı					BELIRSIZ			✗	E-ATIFSIZ	ilhanli,kert,lur-i-buzurg,lur-i-kucek
KRONOLOJI_IRAN_ARDILLARI	31	1300-01-01	Gāzân Han Tebriz'in surlarını genişletti — şehir büyüdü	ilhanli	ilhanli✓			(0929'da yok)		ilhanli	✓	A-TARAF-PENCEREDE	
KRONOLOJI_IRAN_ARDILLARI	32	1310-01-01	Rab'-ı Reşîdî mahallesi kuruldu — bir kitap ve ilim şehri	ilhanli	ilhanli✓			(0929'da yok)		ilhanli	✓	A-TARAF-PENCEREDE	
KRONOLOJI_IRAN_ARDILLARI	33	1320-01-01	Tebriz üzerinden Avrupa'ya uzanan lüks ticareti	ilhanli	ilhanli✓			(0929'da yok)		ilhanli	✓	A-TARAF-PENCEREDE	
KRONOLOJI_IRAN_ARDILLARI	34	1304-05-21	Olcaytu tahta çıktı ve Şiîliği kabul etti	ilhanli	ilhanli✓		ilhanli	KAYNAK	ilhanli✓	ilhanli	✓	A-TARAF-PENCEREDE	
KRONOLOJI_IRAN_ARDILLARI	35	1305-01-01	Sultâniye şehri kuruldu ve devlet merkezi oraya taşındı	ilhanli	ilhanli✓		ilhanli	KAYNAK	ilhanli✓	ilhanli	✓	A-TARAF-PENCEREDE	
KRONOLOJI_IRAN_ARDILLARI	36	1313-01-01	Olcaytu Türbesi (Sultâniye Kümbeti) yapıldı	ilhanli	ilhanli✓			BELIRSIZ		ilhanli	✓	A-TARAF-PENCEREDE	
KRONOLOJI_IRAN_ARDILLARI	37	1310-01-01	Reşîdüddin Fazlullāh Câmiu't-tevârîh'i tamamlayıp Olcaytu'ya sundu	ilhanli	ilhanli✓		ilhanli	KAYNAK	ilhanli✓	ilhanli	✓	A-TARAF-PENCEREDE	
KRONOLOJI_IRAN_ARDILLARI	38	1305-01-01	Bizans ile evlilik ittifakı — Andronikos'un kızıyla nikâh	ilhanli	ilhanli✓		ilhanli	KAYNAK	ilhanli✓	ilhanli	✓	A-TARAF-PENCEREDE	
KRONOLOJI_IRAN_ARDILLARI	39	1316-12-16	Olcaytu öldü — Ebû Said Bahadır Han çocuk yaşta tahta çıktı	ilhanli	ilhanli✓		ilhanli	KAYNAK	ilhanli✓	ilhanli	✓	A-TARAF-PENCEREDE	
KRONOLOJI_IRAN_ARDILLARI	40	1318-01-01	Emîr Çoban beylerbeyi oldu — emîrler devrinin başlangıcı	ilhanli	ilhanli✓		ilhanli	KAYNAK	ilhanli✓	ilhanli	✓	A-TARAF-PENCEREDE	
KRONOLOJI_IRAN_ARDILLARI	41	1323-01-01	Memlüklerle barış antlaşması — altmış yıllık savaş bitti	ilhanli	ilhanli✓		ilhanli	KAYNAK	ilhanli✓	ilhanli	✓	A-TARAF-PENCEREDE	
KRONOLOJI_IRAN_ARDILLARI	42	1327-01-01	Emîr Çoban ve oğlu Herat'ta öldürüldü — Çobanlı ailesinin tasfiyesi	ilhanli	ilhanli✓		kert	KAYNAK	kert✓	ilhanli	✓	A-TARAF-PENCEREDE	
KRONOLOJI_IRAN_ARDILLARI	43	1333-01-01	Hasan-ı Büzürg affedilip Anadolu valiliğine tayin edildi	ilhanli	ilhanli✓			BELIRSIZ		ilhanli	✓	A-TARAF-PENCEREDE	
KRONOLOJI_IRAN_ARDILLARI	44	1335-11-30	Ebû Said Bahadır Han'ın ölümü — İlhanlı Devleti fiilen dağıldı	ilhanli	ilhanli✓			(0929'da yok)		ilhanli	✓	A-TARAF-PENCEREDE	
KRONOLOJI_IRAN_ARDILLARI	45	1335-12-15	Arpa Han ilhan ilân edildi — kukla ilhanlar devri başladı				ilhanli	KAYNAK	ilhanli✓	ilhanli	✓	B-TARAFSIZ-0929-ATIF-PENCEREDE	
KRONOLOJI_IRAN_ARDILLARI	46	1336-01-01	Arpa Han, İncûlu Şerefeddin Mahmud Şah'ı öldürttü					BELIRSIZ			✗	E-ATIFSIZ	ilhanli,kert,muzafferi,incu,lur-i-buzurg,lur-i-kucek
KRONOLOJI_IRAN_ARDILLARI	47	1336-01-01	Aladağ Savaşı — Hasan-ı Büzürg, Uyrat Ali Pâdişah'ı yendi					(0929'da yok)			✗	E-ATIFSIZ	ilhanli,kert,muzafferi,incu,lur-i-buzurg,lur-i-kucek
KRONOLOJI_IRAN_ARDILLARI	48	1336-01-01	Hasan-ı Büzürg Tebriz'i pâyitaht yaptı — beş emîr onu metbû tanıdı					(0929'da yok)			✗	E-ATIFSIZ	ilhanli,kert,muzafferi,incu,lur-i-buzurg,lur-i-kucek
KRONOLOJI_IRAN_ARDILLARI	49	1337-01-01	Horasan emîrleri Toğa Timur'u ilhan seçti — doğuda rakip taht				ilhanli	KAYNAK	ilhanli✓	ilhanli	✓	B-TARAFSIZ-0929-ATIF-PENCEREDE	
KRONOLOJI_IRAN_ARDILLARI	50	1337-01-01	Merâga bozgunu — Hasan-ı Büzürg, Toğa Timur ve Mûsâ'yı yendi					(0929'da yok)			✗	E-ATIFSIZ	ilhanli,kert,muzafferi,incu,lur-i-buzurg,lur-i-kucek
KRONOLOJI_IRAN_ARDILLARI	51	1338-01-01	Şehrinev Savaşı — Hasan-ı Kûçek Tebriz ve Sultâniye'yi yağmaladı					BELIRSIZ			✗	E-ATIFSIZ	ilhanli,kert,serbedariler,muzafferi,incu,lur-i-buzurg,lur-i-kucek
KRONOLOJI_IRAN_ARDILLARI	52	1338-01-01	Hasan-ı Büzürg Azerbaycan'ı terk etti — Bağdat'a çekiliş					(0929'da yok)			✗	E-ATIFSIZ	ilhanli,kert,serbedariler,muzafferi,incu,lur-i-buzurg,lur-i-kucek
KRONOLOJI_IRAN_ARDILLARI	53	1339-01-01	Sâtî Beg Hatun ilhan ilân edildi — Çobanlı adayı bir kadın hükümdar				ilhanli	KAYNAK	ilhanli✓	ilhanli	✓	B-TARAFSIZ-0929-ATIF-PENCEREDE	
KRONOLOJI_IRAN_ARDILLARI	54	1340-01-01	CELÂYİRLİ DEVLETİ'NİN KURULUŞU — Hasan-ı Büzürg Bağdat'ta				celayirli	KAYNAK	celayirli✓	celayirli	✓	B-TARAFSIZ-0929-ATIF-PENCEREDE	
KRONOLOJI_IRAN_ARDILLARI	55	1340-01-01	Celâyirliler Memlük sultanı adına hutbe okutup sikke kestirdi					(0929'da yok)			✗	E-ATIFSIZ	ilhanli,kert,celayirli,serbedariler,muzafferi,incu,lur-i-buzurg,lur-i-kucek
KRONOLOJI_IRAN_ARDILLARI	56	1340-01-01	Çobanî Pîr Hüseyin Şîraz'ı aldı					(0929'da yok)			✗	E-ATIFSIZ	ilhanli,kert,celayirli,serbedariler,muzafferi,incu,lur-i-buzurg,lur-i-kucek
KRONOLOJI_IRAN_ARDILLARI	57	1341-01-01	Ebû İshak, Melik Eşref'in yardımıyla Şîraz'ı geri aldı					BELIRSIZ			✗	E-ATIFSIZ	ilhanli,kert,celayirli,serbedariler,muzafferi,incu,lur-i-buzurg,lur-i-kucek
KRONOLOJI_IRAN_ARDILLARI	58	1343-01-01	Mesud Şah öldürüldü — İncû hânedanında iç savaşın sonu					BELIRSIZ			✗	E-ATIFSIZ	ilhanli,kert,celayirli,serbedariler,muzafferi,incu,lur-i-buzurg,lur-i-kucek
KRONOLOJI_IRAN_ARDILLARI	59	1343-01-01	Hasan-ı Kûçek öldü — Melik Eşref Çobanlıların başına geçti					(0929'da yok)			✗	E-ATIFSIZ	ilhanli,kert,celayirli,serbedariler,muzafferi,incu,lur-i-buzurg,lur-i-kucek
KRONOLOJI_IRAN_ARDILLARI	60	1344-01-01	Nûşirevân son kukla ilhan olarak tahta çıkarıldı				ilhanli	KAYNAK	ilhanli✓	ilhanli	✓	B-TARAFSIZ-0929-ATIF-PENCEREDE	
KRONOLOJI_IRAN_ARDILLARI	61	1347-01-01	Kara Ölüm İran'a ulaştı — Tebriz ve Bağdat'ta veba				serbedariler	KAYNAK	serbedariler✓	serbedariler	✓	B-TARAFSIZ-0929-ATIF-PENCEREDE	
KRONOLOJI_IRAN_ARDILLARI	62	1353-12-13	Toğa Timur öldürüldü — Cengiz soyunun İran'daki saltanatı bitti				serbedariler	KAYNAK	serbedariler✓	serbedariler	✓	B-TARAFSIZ-0929-ATIF-PENCEREDE	
KRONOLOJI_IRAN_ARDILLARI	63	1355-01-01	Melik Eşref dönemi kapandı — Çobanlıların Azerbaycan hâkimiyeti sona erdi				celayirli	KAYNAK	celayirli✓	celayirli	✓	B-TARAFSIZ-0929-ATIF-PENCEREDE	
KRONOLOJI_IRAN_ARDILLARI	64	1356-01-01	Hasan-ı Büzürg öldü, Şeyh Üveys tahta geçti	celayirli	celayirli✓		celayirli	KAYNAK	celayirli✓	celayirli	✓	A-TARAF-PENCEREDE	
KRONOLOJI_IRAN_ARDILLARI	65	1358-01-01	Şeyh Üveys Azerbaycan ve Tebriz'i ele geçirdi	celayirli	celayirli✓		celayirli	KAYNAK	celayirli✓	celayirli	✓	A-TARAF-PENCEREDE	
KRONOLOJI_IRAN_ARDILLARI	66	1364-01-01	Musul ve Diyarbekir alındı	celayirli	celayirli✓		celayirli	KAYNAK	celayirli✓	celayirli	✓	A-TARAF-PENCEREDE	
KRONOLOJI_IRAN_ARDILLARI	67	1366-01-01	Sultan Üveys Musul'u Karakoyunlulardan geri aldı	celayirli	celayirli✓		karakoyunlu	KAYNAK	karakoyunlu✓	celayirli	✓	A-TARAF-PENCEREDE	
KRONOLOJI_IRAN_ARDILLARI	68	1374-01-01	Şeyh Hüseyin tahta çıktı — Muzafferî ve Karakoyunlu ile mücadele	celayirli	celayirli✓		celayirli	KAYNAK	celayirli✓	celayirli	✓	A-TARAF-PENCEREDE	
KRONOLOJI_IRAN_ARDILLARI	69	1382-01-01	Hüseyin'in ölümü — devlet Ahmed ile Bayezid arasında bölündü				celayirli	KAYNAK	celayirli✓	celayirli	✓	B-TARAFSIZ-0929-ATIF-PENCEREDE	
KRONOLOJI_IRAN_ARDILLARI	70	1384-01-01	Ahmed, kardeşi Bayezid'i esir aldı — birlik yeniden kuruldu	celayirli	celayirli✓		celayirli	KAYNAK	celayirli✓	celayirli	✓	A-TARAF-PENCEREDE	
KRONOLOJI_IRAN_ARDILLARI	71	1393-08-29	Timur Bağdat'ı zaptetti — Celâyirliler Anadolu'ya kaçtı	celayirli	celayirli✓		celayirli	KAYNAK	celayirli✓	celayirli	✓	A-TARAF-PENCEREDE	
KRONOLOJI_IRAN_ARDILLARI	72	1394-01-01	Ahmed Celâyir Memlük yardımıyla Bağdat'a döndü	celayirli	celayirli✓		celayirli	KAYNAK	celayirli✓	celayirli	✓	A-TARAF-PENCEREDE	
KRONOLOJI_IRAN_ARDILLARI	73	1400-01-01	Ahmed ve Kara Yûsuf Timur'a yenilip Mısır'a kaçtı	celayirli	celayirli✓		celayirli	KAYNAK	celayirli✓	celayirli	✓	A-TARAF-PENCEREDE	
KRONOLOJI_IRAN_ARDILLARI	74	1402-07-28	Ankara Savaşı — Celâyirli ve Karakoyunlu sığınmacıları savaşın sebeplerinden	celayirli	celayirli✓		celayirli	KAYNAK	celayirli✓	celayirli	✓	A-TARAF-PENCEREDE	
KRONOLOJI_IRAN_ARDILLARI	75	1405-01-01	Timur'un ölümünden sonra Ahmed yeniden Bağdat'a hâkim oldu					(0929'da yok)			✗	E-ATIFSIZ	celayirli,karakoyunlu,lur-i-buzurg,lur-i-kucek
KRONOLOJI_IRAN_ARDILLARI	76	1410-08-30	Sultan Ahmed Celâyir yakalanıp öldürüldü	celayirli	celayirli✓		celayirli	KAYNAK	celayirli✓	celayirli	✓	A-TARAF-PENCEREDE	
KRONOLOJI_IRAN_ARDILLARI	77	1411-01-01	Şah Veled tahta çıktı — Bağdat Karakoyunlu eline geçti	celayirli	celayirli✓		celayirli	KAYNAK	celayirli✓	celayirli	✓	A-TARAF-PENCEREDE	
KRONOLOJI_IRAN_ARDILLARI	78	1415-01-01	II. Üveys tahta çıktı	celayirli	celayirli✓		celayirli	KAYNAK	celayirli✓	celayirli	✓	A-TARAF-PENCEREDE	
KRONOLOJI_IRAN_ARDILLARI	79	1421-01-01	Muhammed tahta çıktı	celayirli	celayirli✓		celayirli	KAYNAK	celayirli✓	celayirli	✓	A-TARAF-PENCEREDE	
KRONOLOJI_IRAN_ARDILLARI	80	1424-01-01	II. Hüseyin — son Celâyirli hükümdarı tahta çıktı	celayirli	celayirli✓		celayirli	KAYNAK	celayirli✓	celayirli	✓	A-TARAF-PENCEREDE	
KRONOLOJI_IRAN_ARDILLARI	81	1431-01-01	Hille Kalesi düştü — Celâyirli hânedanı son buldu				celayirli	KAYNAK	celayirli✓	celayirli	✓	B-TARAFSIZ-0929-ATIF-PENCEREDE	
KRONOLOJI_IRAN_ARDILLARI	82	1370-01-01	Celâyirli döneminde Irak'ta Türkçe ikinci dil hâline geldi	celayirli	celayirli✓		celayirli	KAYNAK	celayirli✓	celayirli	✓	A-TARAF-PENCEREDE	
KRONOLOJI_IRAN_ARDILLARI	83	1350-01-01	Hasan-ı Büzürg Necef'teki türbeyi yeniden imar ettirdi	celayirli	celayirli✓		celayirli	KAYNAK	celayirli✓	celayirli	✓	A-TARAF-PENCEREDE	
KRONOLOJI_IRAN_ARDILLARI	84	1291-01-01	Şerefeddin Muzaffer, Gāzân Han'ın hizmetine girdi					BELIRSIZ			✗	E-ATIFSIZ	ilhanli,kert,lur-i-buzurg,lur-i-kucek
KRONOLOJI_IRAN_ARDILLARI	85	1313-01-01	Şerefeddin Muzaffer öldü — aile bölgede itibar kazanmıştı					BELIRSIZ			✗	E-ATIFSIZ	ilhanli,kert,lur-i-buzurg,lur-i-kucek
KRONOLOJI_IRAN_ARDILLARI	86	1318-01-01	Mübârizüddin Muhammed'e Yezd emirliği verildi — hânedanın kuruluşu				muzafferi	KAYNAK	muzafferi✓	muzafferi	✓	B-TARAFSIZ-0929-ATIF-PENCEREDE	
KRONOLOJI_IRAN_ARDILLARI	87	1320-01-01	Sîstan isyanı bastırıldı	muzafferi	muzafferi✓		muzafferi	KAYNAK	muzafferi✓	muzafferi	✓	A-TARAF-PENCEREDE	
KRONOLOJI_IRAN_ARDILLARI	88	1340-01-01	İlhanlı'nın çöküşü Muzafferîleri İncûlularla karşı karşıya getirdi	muzafferi	muzafferi✓		muzafferi	KAYNAK	muzafferi✓	muzafferi	✓	A-TARAF-PENCEREDE	
KRONOLOJI_IRAN_ARDILLARI	89	1350-01-01	İncûlu Ebû İshak Yezd'i dört ay kuşattı ve alamadı	muzafferi	muzafferi✓			BELIRSIZ		muzafferi	✓	A-TARAF-PENCEREDE	
KRONOLOJI_IRAN_ARDILLARI	90	1352-01-01	Ebû İshak'ın Kirman saldırısı ağır kayıpla sonuçlandı	muzafferi	muzafferi✓			BELIRSIZ		muzafferi	✓	A-TARAF-PENCEREDE	
KRONOLOJI_IRAN_ARDILLARI	91	1353-01-01	Muzafferîler Şîraz'ı ele geçirdi	muzafferi	muzafferi✓		muzafferi	KAYNAK	muzafferi✓	muzafferi	✓	A-TARAF-PENCEREDE	
KRONOLOJI_IRAN_ARDILLARI	92	1357-05-12	Ebû İshak öldürüldü — İncû hânedanı sona erdi	muzafferi	muzafferi✓			BELIRSIZ		muzafferi	✓	A-TARAF-PENCEREDE	
KRONOLOJI_IRAN_ARDILLARI	93	1357-01-01	Kirman Muzafferî topraklarına katıldı — Kutluğhanlı prensesle evlilik					(0929'da yok)			✗	E-ATIFSIZ	kert,celayirli,serbedariler,karakoyunlu,muzafferi,incu,lur-i-buzurg,lur-i-kucek
KRONOLOJI_IRAN_ARDILLARI	94	1358-01-01	Mübârizüddin Tebriz'i istilâ etti ama elinde tutamadı				muzafferi	KAYNAK	muzafferi✓	muzafferi	✓	B-TARAFSIZ-0929-ATIF-PENCEREDE	
KRONOLOJI_IRAN_ARDILLARI	95	1358-01-01	Şah Şücâ' babasını hal'edip gözlerine mil çektirdi					(0929'da yok)			✗	E-ATIFSIZ	kert,celayirli,serbedariler,karakoyunlu,muzafferi,lur-i-buzurg,lur-i-kucek
KRONOLOJI_IRAN_ARDILLARI	96	1359-01-01	Şah Şücâ' Şîraz'ı merkez yaptı ve kardeşlerini valiliklere dağıttı	muzafferi	muzafferi✓		muzafferi	KAYNAK	muzafferi✓	muzafferi	✓	A-TARAF-PENCEREDE	
KRONOLOJI_IRAN_ARDILLARI	97	1365-01-01	Hâfız-ı Şîrâzî Muzafferî sarayında görevlendirildi	muzafferi	muzafferi✓		muzafferi	KAYNAK	muzafferi✓	muzafferi	✓	A-TARAF-PENCEREDE	
KRONOLOJI_IRAN_ARDILLARI	98	1360-01-01	Muzafferî mimarisi: Kirman, Yezd ve Meybüz'de cami ve medreseler	muzafferi	muzafferi✓		muzafferi	KAYNAK	muzafferi✓	muzafferi	✓	A-TARAF-PENCEREDE	
KRONOLOJI_IRAN_ARDILLARI	99	1362-01-01	Hâcû-yi Kirmânî eserlerini Mübârizüddin'e ithaf etti	muzafferi	muzafferi✓		muzafferi	KAYNAK	muzafferi✓	muzafferi	✓	A-TARAF-PENCEREDE	
KRONOLOJI_IRAN_ARDILLARI	100	1384-01-01	Şah Şücâ' öldü — Zeynelâbidîn tahta oturdu	muzafferi	muzafferi✓		muzafferi	KAYNAK	muzafferi✓	muzafferi	✓	A-TARAF-PENCEREDE	
KRONOLOJI_IRAN_ARDILLARI	101	1385-01-01	Timur'un elçisi Kirman'da saygıyla karşılandı	muzafferi	muzafferi✓		muzafferi	KAYNAK	muzafferi✓	muzafferi	✓	A-TARAF-PENCEREDE	
KRONOLOJI_IRAN_ARDILLARI	102	1387-11-18	Timur İsfahan'da katliam yaptı	muzafferi	muzafferi✓			(0929'da yok)		muzafferi	✓	A-TARAF-PENCEREDE	
KRONOLOJI_IRAN_ARDILLARI	103	1391-01-01	Şah Mansûr, Zeynelâbidîn'i Rey'de yakalatıp gözlerine mil çektirdi	muzafferi	muzafferi✓		muzafferi	KAYNAK	muzafferi✓	muzafferi	✓	A-TARAF-PENCEREDE	
KRONOLOJI_IRAN_ARDILLARI	104	1393-01-01	Şah Mansûr Şîraz önünde yenildi — Muzafferî hânedanının sonu				muzafferi	KAYNAK	muzafferi✓	muzafferi	✓	B-TARAFSIZ-0929-ATIF-PENCEREDE	
KRONOLOJI_IRAN_ARDILLARI	105	1303-01-01	Şerefeddin Mahmud Şah incû arazilerinin idaresiyle görevlendirildi					BELIRSIZ			✗	E-ATIFSIZ	ilhanli,kert,lur-i-buzurg,lur-i-kucek
KRONOLOJI_IRAN_ARDILLARI	106	1325-01-01	Şerefeddin Mahmud Şah fiilen bağımsız hükümdar oldu					BELIRSIZ			✗	E-ATIFSIZ	ilhanli,kert,muzafferi,incu,lur-i-buzurg,lur-i-kucek
KRONOLOJI_IRAN_ARDILLARI	107	1338-01-01	Gıyâseddin Keyhusrev'in ölümüyle kardeş kavgası bir aşama kapandı	incu	incu✓			BELIRSIZ		incu	✓	A-TARAF-PENCEREDE	
KRONOLOJI_IRAN_ARDILLARI	108	1343-01-01	Ebû İshak Fars'ın tamamına hâkim oldu	incu	incu✓			(0929'da yok)		incu	✓	A-TARAF-PENCEREDE	
KRONOLOJI_IRAN_ARDILLARI	109	1348-01-01	Ebû İshak Muzafferîlerle dostluk antlaşması yaptı — arkasında bir plan vardı	incu	incu✓			BELIRSIZ		incu	✓	A-TARAF-PENCEREDE	
KRONOLOJI_IRAN_ARDILLARI	110	1355-01-01	Ebû İshak şair ve âlimleri himaye etti — Hâfız'a maaş bağladı	incu	incu✓			BELIRSIZ		incu	✓	A-TARAF-PENCEREDE	
KRONOLOJI_IRAN_ARDILLARI	111	1337-03-13	Abdürrezzâk Baştın'da isyan etti — Serbedârî hareketinin doğuşu					BELIRSIZ			✗	E-ATIFSIZ	ilhanli,kert,muzafferi,incu,lur-i-buzurg,lur-i-kucek
KRONOLOJI_IRAN_ARDILLARI	112	1337-09-09	Sebzevâr ele geçirildi — Abdürrezzâk emîr unvanını aldı	serbedariler	serbedariler✓		serbedariler	KAYNAK	serbedariler✓	serbedariler	✓	A-TARAF-PENCEREDE	
KRONOLOJI_IRAN_ARDILLARI	113	1338-07-01	Abdürrezzâk kardeşi Vecîhüddin Mes'ûd tarafından öldürüldü	serbedariler	serbedariler✓		serbedariler	KAYNAK	serbedariler✓	serbedariler	✓	A-TARAF-PENCEREDE	
KRONOLOJI_IRAN_ARDILLARI	114	1339-01-01	Mes'ûd, Şiî şeyhi Hasan-ı Cûrî ile ittifak yaptı	serbedariler	serbedariler✓		serbedariler	KAYNAK	serbedariler✓	serbedariler	✓	A-TARAF-PENCEREDE	
KRONOLOJI_IRAN_ARDILLARI	115	1340-01-01	Nîşâbur ele geçirildi	serbedariler	serbedariler✓			(0929'da yok)		serbedariler	✓	A-TARAF-PENCEREDE	
KRONOLOJI_IRAN_ARDILLARI	116	1342-02-01	Gürgân nehri savaşı — Toğa Timur bozguna uğradı	serbedariler	serbedariler✓		serbedariler	KAYNAK	serbedariler✓	serbedariler	✓	A-TARAF-PENCEREDE	
KRONOLOJI_IRAN_ARDILLARI	117	1342-07-18	Hasan-ı Cûrî Kertlere karşı savaşta öldürüldü	serbedariler	serbedariler✓		serbedariler	KAYNAK	serbedariler✓	serbedariler	✓	A-TARAF-PENCEREDE	
KRONOLOJI_IRAN_ARDILLARI	118	1344-01-01	Mes'ûd Mâzenderan akınında öldürüldü	serbedariler	serbedariler✓		serbedariler	KAYNAK	serbedariler✓	serbedariler	✓	A-TARAF-PENCEREDE	
KRONOLOJI_IRAN_ARDILLARI	119	1346-05-01	Muhammed Aytimur dervişlerin tahrikiyle öldürüldü	serbedariler	serbedariler✓		serbedariler	KAYNAK	serbedariler✓	serbedariler	✓	A-TARAF-PENCEREDE	
KRONOLOJI_IRAN_ARDILLARI	120	1347-11-21	Hâce Şemseddin Ali hükümdar oldu — kararsız dönem kapandı	serbedariler	serbedariler✓		serbedariler	KAYNAK	serbedariler✓	serbedariler	✓	A-TARAF-PENCEREDE	
KRONOLOJI_IRAN_ARDILLARI	121	1348-01-01	İlk bağımsız Serbedârî sikkesi basıldı	serbedariler	serbedariler✓		serbedariler	KAYNAK	serbedariler✓	serbedariler	✓	A-TARAF-PENCEREDE	
KRONOLOJI_IRAN_ARDILLARI	122	1351-01-01	Hâce Şemseddin Ali kendi adamları tarafından öldürüldü	serbedariler	serbedariler✓		serbedariler	KAYNAK	serbedariler✓	serbedariler	✓	A-TARAF-PENCEREDE	
KRONOLOJI_IRAN_ARDILLARI	123	1358-01-01	Emîr Velî Esterâbâd'da kendi adına para bastırdı	serbedariler	serbedariler✓		serbedariler	KAYNAK	serbedariler✓	serbedariler	✓	A-TARAF-PENCEREDE	
KRONOLOJI_IRAN_ARDILLARI	124	1361-05-01	Hasan Dâmegānî, Emîr Lutfullah'ı öldürtüp iktidarı aldı	serbedariler	serbedariler✓		serbedariler	KAYNAK	serbedariler✓	serbedariler	✓	A-TARAF-PENCEREDE	
KRONOLOJI_IRAN_ARDILLARI	125	1361-01-01	Derviş Azîz Meşhed'de isyan etti ve Tûs'u aldı	serbedariler	serbedariler✓			(0929'da yok)		serbedariler	✓	A-TARAF-PENCEREDE	
KRONOLOJI_IRAN_ARDILLARI	126	1362-01-01	Hâce Ali b. Müeyyed Sebzevâr'ı ele geçirdi, Hasan Dâmegānî öldürüldü	serbedariler	serbedariler✓		serbedariler	KAYNAK	serbedariler✓	serbedariler	✓	A-TARAF-PENCEREDE	
KRONOLOJI_IRAN_ARDILLARI	127	1363-01-01	Hâce Ali müttefiki Derviş Azîz'i öldürttü	serbedariler	serbedariler✓		serbedariler	KAYNAK	serbedariler✓	serbedariler	✓	A-TARAF-PENCEREDE	
KRONOLOJI_IRAN_ARDILLARI	128	1370-01-01	Hâce Ali, Şehîd-i Evvel'i Sebzevâr'a davet etti — İmâmiyye fıkhının yayılması	serbedariler	serbedariler✓		serbedariler	KAYNAK	serbedariler✓	serbedariler	✓	A-TARAF-PENCEREDE	
KRONOLOJI_IRAN_ARDILLARI	129	1376-01-01	Rükneddin Muzafferî desteğiyle Sebzevâr'ı ele geçirdi	serbedariler	serbedariler✓		serbedariler	KAYNAK	serbedariler✓	serbedariler	✓	A-TARAF-PENCEREDE	
KRONOLOJI_IRAN_ARDILLARI	130	1379-01-01	Hâce Ali, Emîr Velî'nin yardımıyla Sebzevâr'ı geri aldı	serbedariler	serbedariler✓		serbedariler	KAYNAK	serbedariler✓	serbedariler	✓	A-TARAF-PENCEREDE	
KRONOLOJI_IRAN_ARDILLARI	131	1381-01-01	Timur Sebzevâr'a yürüdü — Hâce Ali itaat ederek iktidarını korudu				serbedariler	KAYNAK	serbedariler✓	serbedariler	✓	B-TARAFSIZ-0929-ATIF-PENCEREDE	
KRONOLOJI_IRAN_ARDILLARI	132	1386-01-01	Hâce Ali öldürüldü — Serbedârî hânedanı sona erdi				serbedariler	KAYNAK	serbedariler✓	serbedariler	✓	B-TARAFSIZ-0929-ATIF-PENCEREDE	
KRONOLOJI_IRAN_ARDILLARI	133	1405-01-01	Sultan Ali'nin diriltme girişimi Herat'ta bastırıldı					BELIRSIZ			✗	E-ATIFSIZ	celayirli,karakoyunlu,lur-i-buzurg,lur-i-kucek
KRONOLOJI_IRAN_ARDILLARI	134	1355-01-01	Serbedârî bayındırlık işleri: Tûs su kanalları ve Sebzevâr Mescid-i Câmi'i	serbedariler	serbedariler✓		serbedariler	KAYNAK	serbedariler✓	serbedariler	✓	A-TARAF-PENCEREDE	
KRONOLOJI_IRAN_ARDILLARI	135	1245-01-01	Şemseddin Muhammed melik unvanını aldı — Kert hânedanının kuruluşu				kert	KAYNAK	kert✓	kert	✓	B-TARAFSIZ-0929-ATIF-PENCEREDE	
KRONOLOJI_IRAN_ARDILLARI	136	1246-01-01	Şemseddin, Mültan'ı 100.000 dinar karşılığında yağmadan kurtardı	kert	kert✓		kert	KAYNAK	kert✓	kert	✓	A-TARAF-PENCEREDE	
KRONOLOJI_IRAN_ARDILLARI	137	1250-01-01	Herat yeniden imar edildi — ilim ve ticaret merkezi oldu	kert	kert✓		kert	KAYNAK	kert✓	kert	✓	A-TARAF-PENCEREDE	
KRONOLOJI_IRAN_ARDILLARI	138	1257-01-01	Mültan Valisi Kaşlu Han, Şemseddin'in aracılığıyla Moğol hâkimiyetine girdi	kert	kert✓		kert	KAYNAK	kert✓	kert	✓	A-TARAF-PENCEREDE	
KRONOLOJI_IRAN_ARDILLARI	139	1265-01-01	Şemseddin, Hülâgû'nun yanında yer aldı ve Muhammed Karluk'a saldırdı	kert	kert✓		kert	KAYNAK	kert✓	kert	✓	A-TARAF-PENCEREDE	
KRONOLOJI_IRAN_ARDILLARI	140	1285-01-01	Şemseddin öldü — torunu Fahreddin tahta geçti	kert	kert✓		kert	KAYNAK	kert✓	kert	✓	A-TARAF-PENCEREDE	
KRONOLOJI_IRAN_ARDILLARI	141	1329-01-01	II. Şemseddin öldü — Kert tahtında hızlı geçişler	kert	kert✓		kert	KAYNAK	kert✓	kert	✓	A-TARAF-PENCEREDE	
KRONOLOJI_IRAN_ARDILLARI	142	1331-01-01	Melik Hâfız öldü — Muizzüddin Hüseyin tahta çıktı	kert	kert✓		kert	KAYNAK	kert✓	kert	✓	A-TARAF-PENCEREDE	
KRONOLOJI_IRAN_ARDILLARI	143	1335-01-01	Muizzüddin Hüseyin, Delhi Sultanı Muhammed b. Tuğluk'a bağlılık bildirdi	kert	kert✓			(0929'da yok)		kert	✓	A-TARAF-PENCEREDE	
KRONOLOJI_IRAN_ARDILLARI	144	1370-01-01	Muizzüddin Hüseyin öldü — Kert toprakları iki oğul arasında bölündü	kert	kert✓		kert	KAYNAK	kert✓	kert	✓	A-TARAF-PENCEREDE	
KRONOLOJI_IRAN_ARDILLARI	145	1381-01-01	Timur Herat'ı işgal etti — Kert hânedanı vasal oldu					(0929'da yok)			✗	E-ATIFSIZ	kert,celayirli,serbedariler,karakoyunlu,muzafferi,lur-i-buzurg,lur-i-kucek
KRONOLOJI_IRAN_ARDILLARI	146	1389-01-01	Timur Kert hânedanını ortadan kaldırdı				kert	KAYNAK	kert✓	kert	✓	B-TARAFSIZ-0929-ATIF-PENCEREDE	
KRONOLOJI_IRAN_ARDILLARI	147	1305-01-01	Kal'a-i İhtiyârüddin ve Herat'ın Kert dönemi mimarisi	kert	kert✓		kert	KAYNAK	kert✓	kert	✓	A-TARAF-PENCEREDE	
KRONOLOJI_IRAN_ARDILLARI	148	1155-01-01	Lur-ı Büzürg Atabegliği (Hazaraspîler) kuruldu					BELIRSIZ			✗	E-ATIFSIZ	lur-i-buzurg
KRONOLOJI_IRAN_ARDILLARI	149	1184-01-01	Lur-ı Küçek Atabegliği kuruldu — Bersekiyân idaresinin sonu					BELIRSIZ			✗	E-ATIFSIZ	lur-i-buzurg,lur-i-kucek
KRONOLOJI_IRAN_ARDILLARI	150	1300-01-01	Lur atabeglikleri zaman zaman İlhanlı vilâyeti statüsüne girdi	lur-i-buzurg	lur-i-buzurg✓			BELIRSIZ		lur-i-buzurg	✓	A-TARAF-PENCEREDE	
KRONOLOJI_IRAN_ARDILLARI	151	1393-01-01	Timur Luristan'a hâkim oldu ve Şûs'ta ikamet etti					(0929'da yok)			✗	E-ATIFSIZ	celayirli,karakoyunlu,muzafferi,lur-i-buzurg,lur-i-kucek
KRONOLOJI_IRAN_ARDILLARI	152	1424-01-01	Lur-ı Büzürg Atabegliği sona erdi					BELIRSIZ			✗	E-ATIFSIZ	celayirli,karakoyunlu,lur-i-buzurg,lur-i-kucek
KRONOLOJI_IRAN_ARDILLARI	153	1590-01-01	İstanbul Antlaşması'yla Luristan Osmanlı idaresine bağlandı	lur-i-kucek	lur-i-kucek✓			BELIRSIZ		lur-i-kucek	✓	A-TARAF-PENCEREDE	
KRONOLOJI_IRAN_ARDILLARI	154	1603-01-01	Şah I. Abbas Luristan'ı Safevîlere tam olarak bağladı					BELIRSIZ			✗	E-ATIFSIZ	YOK
KRONOLOJI_ITALYA_SEHIR	0	1281-01-01	XIII. yüzyıl sonunda Cenova — Batı Akdeniz'in ve Karadeniz'in efendisi	cenova	cenova✓		cenova	YER	cenova✓	cenova	✓	A-TARAF-PENCEREDE	
KRONOLOJI_ITALYA_SEHIR	1	1284-08-06	Meloria Deniz Savaşı — Tirreni'de tek rakibin tasfiyesi					BELIRSIZ			✗	E-ATIFSIZ	cenova,ferrara,siena
KRONOLOJI_ITALYA_SEHIR	2	1291-05-01	Vivaldi kardeşlerin Atlantik seferi — Hindistan'a deniz yolu arayışının ilk denemesi	cenova	cenova✓		cenova	YER	cenova✓	cenova	✓	A-TARAF-PENCEREDE	
KRONOLOJI_ITALYA_SEHIR	3	1298-09-08	Curzola deniz zaferi — Venedik rekabetinin zirvesi	cenova	cenova✓			BELIRSIZ		cenova	✓	A-TARAF-PENCEREDE	
KRONOLOJI_ITALYA_SEHIR	4	1299-05-25	Milano Barışı — Venedik ile ilk büyük savaşın sonu	cenova	cenova✓			BELIRSIZ		cenova	✓	A-TARAF-PENCEREDE	
KRONOLOJI_ITALYA_SEHIR	5	1306-01-01	Cenevizlilerin Trabzon'dan çıkarılması	cenova	cenova✓			BELIRSIZ		cenova	✓	A-TARAF-PENCEREDE	
KRONOLOJI_ITALYA_SEHIR	6	1308-01-01	Kefe'nin geçici olarak terk edilmesi — Altın Orda ile ilk büyük kriz	cenova	cenova✓			BELIRSIZ		cenova	✓	A-TARAF-PENCEREDE	
KRONOLOJI_ITALYA_SEHIR	7	1311-01-01	Cenova'nın İmparator VII. Henry'ye teslim olması — bağımsızlığın ilk askıya alınışı	cenova	cenova✓		cenova	YER	cenova✓	cenova	✓	A-TARAF-PENCEREDE	
KRONOLOJI_ITALYA_SEHIR	8	1312-01-01	Lanzarotto Malocello'nun Kanarya Adaları'na ulaşması	cenova	cenova✓		cenova	YER	cenova✓	cenova	✓	A-TARAF-PENCEREDE	
KRONOLOJI_ITALYA_SEHIR	9	1318-01-01	Şehrin Napoli Kralı Robert'a ve Papa'ya bırakılması	cenova	cenova✓		cenova	YER	cenova✓	cenova	✓	A-TARAF-PENCEREDE	
KRONOLOJI_ITALYA_SEHIR	10	1339-09-23	Simone Boccanegra'nın ilk 'doge' seçilmesi — halk rejiminin kuruluşu	cenova	cenova✓		cenova	YER	cenova✓	cenova	✓	A-TARAF-PENCEREDE	
KRONOLOJI_ITALYA_SEHIR	11	1344-01-01	Ceneviz kadırgalarının Portekiz ve Kastilya donanmalarını kurması	cenova	cenova✓		cenova	YER	cenova✓	cenova	✓	A-TARAF-PENCEREDE	
KRONOLOJI_ITALYA_SEHIR	12	1346-06-15	Sakız Adası'nın alınması ve Maona şirketinin kurulması — devlet adına şirket idaresi	cenova	cenova✓			BELIRSIZ		cenova	✓	A-TARAF-PENCEREDE	
KRONOLOJI_ITALYA_SEHIR	13	1347-01-01	Kefe'den taşınan Kara Ölüm'ün Cenova limanına girmesi				cenova	YER	cenova✓	cenova	✓	B-TARAFSIZ-0929-ATIF-PENCEREDE	
KRONOLOJI_ITALYA_SEHIR	14	1347-10-23	Bilinen en eski deniz sigortası poliçesinin Cenova'da düzenlenmesi	cenova	cenova✓		cenova	YER	cenova✓	cenova	✓	A-TARAF-PENCEREDE	
KRONOLOJI_ITALYA_SEHIR	15	1348-01-01	Galata Kulesi'nin inşası — koloninin surla çevrilmesi	cenova	cenova✓			BELIRSIZ		cenova	✓	A-TARAF-PENCEREDE	
KRONOLOJI_ITALYA_SEHIR	16	1349-05-01	Bizans ile Galata savaşı — gümrük gelirinin zorla alınması	cenova	cenova✓			BELIRSIZ		cenova	✓	A-TARAF-PENCEREDE	
KRONOLOJI_ITALYA_SEHIR	17	1352-02-13	Boğaz Savaşı — Venedik-Bizans-Aragon ittifakına karşı direniş	cenova	cenova✓			BELIRSIZ		cenova	✓	A-TARAF-PENCEREDE	
KRONOLOJI_ITALYA_SEHIR	18	1352-05-01	Orhan Gazi ile antlaşma — Osmanlı ile ilk resmî bağ	cenova	cenova✓			BELIRSIZ		cenova	✓	A-TARAF-PENCEREDE	
KRONOLOJI_ITALYA_SEHIR	19	1353-08-27	Alghero bozgunu ve Milano'ya teslim olma	cenova	cenova✓		cenova	YER	cenova✓	cenova	✓	A-TARAF-PENCEREDE	
KRONOLOJI_ITALYA_SEHIR	20	1356-11-15	Bağımsızlığın geri alınması ve Boccanegra'nın ikinci dogeliği	cenova	cenova✓		cenova	YER	cenova✓	cenova	✓	A-TARAF-PENCEREDE	
KRONOLOJI_ITALYA_SEHIR	21	1373-10-01	Magosa'nın ele geçirilmesi — Kıbrıs'ın ticaret kapısının alınması	cenova	cenova✓			BELIRSIZ		cenova	✓	A-TARAF-PENCEREDE	
KRONOLOJI_ITALYA_SEHIR	22	1376-01-01	Andronikos'un Ceneviz yardımıyla tahta çıkarılması	cenova	cenova✓			BELIRSIZ		cenova	✓	A-TARAF-PENCEREDE	
KRONOLOJI_ITALYA_SEHIR	23	1379-08-16	Chioggia'nın ele geçirilmesi — Venedik lagününe girilmesi	cenova	cenova✓			BELIRSIZ		cenova	✓	A-TARAF-PENCEREDE	
KRONOLOJI_ITALYA_SEHIR	24	1380-06-24	Chioggia'da Ceneviz ordusunun teslim olması — üstünlüğün kırıldığı gün					BELIRSIZ			✗	E-ATIFSIZ	cenova,ferrara,siena
KRONOLOJI_ITALYA_SEHIR	25	1381-08-08	Torino Barışı — Bozcaada meselesinin kapanması					BELIRSIZ			✗	E-ATIFSIZ	cenova,ferrara,siena
KRONOLOJI_ITALYA_SEHIR	26	1387-06-08	I. Murad ile dostluk ve ticaret antlaşması — Osmanlı topraklarında serbest ticaret	cenova	cenova✓			BELIRSIZ		cenova	✓	A-TARAF-PENCEREDE	
KRONOLOJI_ITALYA_SEHIR	27	1396-09-25	Niğbolu bozgunu ve Cenova'nın ödediği fidye	cenova	cenova✓			BELIRSIZ		cenova	✓	A-TARAF-PENCEREDE	
KRONOLOJI_ITALYA_SEHIR	28	1396-11-25	Cenova'nın Fransa Kralı VI. Charles'a teslim edilmesi	cenova	cenova✓		cenova	YER	cenova✓	cenova	✓	A-TARAF-PENCEREDE	
KRONOLOJI_ITALYA_SEHIR	29	1402-07-28	Ankara Savaşı'nda Ceneviz gemilerinin Osmanlı'yı Rumeli'ye geçirmesi	cenova	cenova✓			BELIRSIZ		cenova	✓	A-TARAF-PENCEREDE	
KRONOLOJI_ITALYA_SEHIR	30	1403-01-20	Gelibolu Antlaşması'na Cenova'nın taraf olması	cenova	cenova✓			BELIRSIZ		cenova	✓	A-TARAF-PENCEREDE	
KRONOLOJI_ITALYA_SEHIR	31	1407-04-27	Casa di San Giorgio'nun kurulması — Avrupa'nın ilk büyük devlet bankası	cenova	cenova✓		cenova	YER	cenova✓	cenova	✓	A-TARAF-PENCEREDE	
KRONOLOJI_ITALYA_SEHIR	32	1409-09-06	Fransız idaresinin devrilmesi ve Montferrat markisine teslim	cenova	cenova✓		cenova	YER	cenova✓	cenova	✓	A-TARAF-PENCEREDE	
KRONOLOJI_ITALYA_SEHIR	33	1421-11-02	Milano'ya yeniden teslim olma — Filippo Maria Visconti dönemi	cenova	cenova✓			BELIRSIZ		cenova	✓	A-TARAF-PENCEREDE	
KRONOLOJI_ITALYA_SEHIR	34	1423-01-01	Pammatone Hastanesi'nin kurulması — şehir hayır sisteminin merkezileşmesi	cenova	cenova✓		cenova	YER	cenova✓	cenova	✓	A-TARAF-PENCEREDE	
KRONOLOJI_ITALYA_SEHIR	35	1435-08-05	Ponza Deniz Savaşı — Aragon kralının esir alınması	cenova	cenova✓			BELIRSIZ		cenova	✓	A-TARAF-PENCEREDE	
KRONOLOJI_ITALYA_SEHIR	36	1435-12-27	Milano'ya karşı ayaklanma ve cumhuriyetin yeniden ilanı	cenova	cenova✓		cenova	YER	cenova✓	cenova	✓	A-TARAF-PENCEREDE	
KRONOLOJI_ITALYA_SEHIR	37	1447-08-13	Ambrosian Cumhuriyeti'nin ilanı sırasında Cenova'nın Milano'dan kopması	cenova	cenova✓			BELIRSIZ		cenova	✓	A-TARAF-PENCEREDE	
KRONOLOJI_ITALYA_SEHIR	38	1451-01-01	Kristof Kolomb'un Cenova'da doğması	cenova	cenova✓		cenova	YER	cenova✓	cenova	✓	A-TARAF-PENCEREDE	
KRONOLOJI_ITALYA_SEHIR	39	1453-05-29	Galata'nın anahtarlarının teslim edilmesi — koloninin sonu, ticaretin devamı					BELIRSIZ			✗	E-ATIFSIZ	cenova,ferrara,siena
KRONOLOJI_ITALYA_SEHIR	40	1453-06-01	Galata ahidnâmesi — imtiyazların Osmanlı tarafından yenilenmesi	cenova	cenova✓			BELIRSIZ		cenova	✓	A-TARAF-PENCEREDE	
KRONOLOJI_ITALYA_SEHIR	41	1453-06-28	Podestalığın resmen sona ermesi — Franco Giustiniani'nin görevinin bitişi	cenova	cenova✓			BELIRSIZ		cenova	✓	A-TARAF-PENCEREDE	
KRONOLOJI_ITALYA_SEHIR	42	1453-11-15	Karadeniz kolonilerinin Banco di San Giorgio'ya devredilmesi	cenova	cenova✓			BELIRSIZ		cenova	✓	A-TARAF-PENCEREDE	
KRONOLOJI_ITALYA_SEHIR	43	1455-12-01	Eski ve Yeni Foça'nın kaybedilmesi — şap tekelinin sonu	cenova	cenova✓			BELIRSIZ		cenova	✓	A-TARAF-PENCEREDE	
KRONOLOJI_ITALYA_SEHIR	44	1456-01-01	Enez'in kaybedilmesi	cenova	cenova✓			BELIRSIZ		cenova	✓	A-TARAF-PENCEREDE	
KRONOLOJI_ITALYA_SEHIR	45	1458-05-11	Cenova'nın yeniden Fransa'ya teslim edilmesi	cenova	cenova✓		cenova	YER	cenova✓	cenova	✓	A-TARAF-PENCEREDE	
KRONOLOJI_ITALYA_SEHIR	46	1461-03-09	Fransızların kovulması — cumhuriyetin yeniden kurulması	cenova	cenova✓		cenova	YER	cenova✓	cenova	✓	A-TARAF-PENCEREDE	
KRONOLOJI_ITALYA_SEHIR	47	1461-08-15	Amasra kolonisinin Osmanlı'ya düşmesi					BELIRSIZ			✗	E-ATIFSIZ	cenova,ferrara,siena
KRONOLOJI_ITALYA_SEHIR	48	1462-09-15	Midilli'nin kaybedilmesi — Gattilusio beyliğinin sonu	cenova	cenova✓			BELIRSIZ		cenova	✓	A-TARAF-PENCEREDE	
KRONOLOJI_ITALYA_SEHIR	49	1464-01-13	Magosa'nın Kıbrıs'a iadesi ve şehrin Milano'ya teslimi	cenova	cenova✓			BELIRSIZ		cenova	✓	A-TARAF-PENCEREDE	
KRONOLOJI_ITALYA_SEHIR	50	1471-01-01	Cenova'da yüksek öğretimin kurumsallaşması	cenova	cenova✓		cenova	YER	cenova✓	cenova	✓	A-TARAF-PENCEREDE	
KRONOLOJI_ITALYA_SEHIR	51	1475-06-06	Kefe'nin düşüşü — Ceneviz Karadeniz imparatorluğunun sonu	cenova	cenova✓			BELIRSIZ		cenova	✓	A-TARAF-PENCEREDE	
KRONOLOJI_ITALYA_SEHIR	52	1478-11-01	Milano hâkimiyetinden çıkış — kısa bir bağımsızlık aralığı	cenova	cenova✓		cenova	YER	cenova✓	cenova	✓	A-TARAF-PENCEREDE	
KRONOLOJI_ITALYA_SEHIR	53	1488-01-01	Cenova'nın yeniden Milano'ya bağlanması	cenova	cenova✓			BELIRSIZ		cenova	✓	A-TARAF-PENCEREDE	
KRONOLOJI_ITALYA_SEHIR	54	1492-10-12	Cenevizli Kolomb'un Amerika'ya ulaşması — cumhuriyetin dışında kalan çağ	cenova	cenova✓		cenova	YER	cenova✓	cenova	✓	A-TARAF-PENCEREDE	
KRONOLOJI_ITALYA_SEHIR	55	1499-10-06	Fransız hâkimiyetine geçiş — XII. Louis'nin Milano'yu alması	cenova	cenova✓		cenova	YER	cenova✓	cenova	✓	A-TARAF-PENCEREDE	
KRONOLOJI_ITALYA_SEHIR	56	1506-09-01	Halk ayaklanması — zanaatkârların soylulara karşı isyanı	cenova	cenova✓		cenova	YER	cenova✓	cenova	✓	A-TARAF-PENCEREDE	
KRONOLOJI_ITALYA_SEHIR	57	1507-04-28	XII. Louis'nin Cenova'ya girmesi ve şehrin cezalandırılması	cenova	cenova✓		cenova	YER	cenova✓	cenova	✓	A-TARAF-PENCEREDE	
KRONOLOJI_ITALYA_SEHIR	58	1522-05-30	Cenova'nın yağmalanması — İmparatorluk ordusunun şehri basması	cenova	cenova✓		cenova	YER	cenova✓	cenova	✓	A-TARAF-PENCEREDE	
KRONOLOJI_ITALYA_SEHIR	59	1528-09-12	Andrea Doria'nın anayasası — oligarşik cumhuriyetin doğuşu				cenova	YER	cenova✓	cenova	✓	B-TARAFSIZ-0929-ATIF-PENCEREDE	
KRONOLOJI_ITALYA_SEHIR	60	1528-09-13	İspanya ile fiilî ittifak — Ceneviz sermayesinin Habsburg maliyesine bağlanması	cenova	cenova✓		cenova	YER	cenova✓	cenova	✓	A-TARAF-PENCEREDE	
KRONOLOJI_ITALYA_SEHIR	61	1529-01-01	Villa del Principe'nin tamamlanması — Ceneviz saray mimarisinin başlangıcı	cenova	cenova✓		cenova	YER	cenova✓	cenova	✓	A-TARAF-PENCEREDE	
KRONOLOJI_ITALYA_SEHIR	62	1535-06-14	Tunus seferine Ceneviz donanmasının katılması	cenova	cenova✓			BELIRSIZ		cenova	✓	A-TARAF-PENCEREDE	
KRONOLOJI_ITALYA_SEHIR	63	1538-09-28	Preveze'de Doria'nın çekilmesi — Akdeniz'in Osmanlı'ya bırakılması	cenova	cenova✓		cenova	YER	cenova✓	cenova	✓	A-TARAF-PENCEREDE	
KRONOLOJI_ITALYA_SEHIR	64	1543-01-01	Lanterna'nın yeniden inşası — Akdeniz'in en yüksek deniz fenerinin dikilmesi	cenova	cenova✓		cenova	YER	cenova✓	cenova	✓	A-TARAF-PENCEREDE	
KRONOLOJI_ITALYA_SEHIR	65	1547-01-02	Fieschi Komplosu — Doria düzenine karşı başarısız darbe	cenova	cenova✓		cenova	YER	cenova✓	cenova	✓	A-TARAF-PENCEREDE	
KRONOLOJI_ITALYA_SEHIR	66	1548-05-01	Giulio Cybo komplosunun bastırılması ve Doria düzeninin pekişmesi	cenova	cenova✓		cenova	YER	cenova✓	cenova	✓	A-TARAF-PENCEREDE	
KRONOLOJI_ITALYA_SEHIR	67	1552-08-05	Ponza'da Turgut Reis'in Doria filosunu bozması	cenova	cenova✓			BELIRSIZ		cenova	✓	A-TARAF-PENCEREDE	
KRONOLOJI_ITALYA_SEHIR	68	1558-01-01	Strada Nuova'nın açılması — Avrupa'nın ilk planlı saray caddesi	cenova	cenova✓		cenova	YER	cenova✓	cenova	✓	A-TARAF-PENCEREDE	
KRONOLOJI_ITALYA_SEHIR	69	1560-05-11	Cerbe bozgunu — Ceneviz kadırgalarının Osmanlı donanmasına kaybedilmesi	cenova	cenova✓			BELIRSIZ		cenova	✓	A-TARAF-PENCEREDE	
KRONOLOJI_ITALYA_SEHIR	70	1560-11-25	Andrea Doria'nın ölümü — kurucu neslin sonu	cenova	cenova✓		cenova	YER	cenova✓	cenova	✓	A-TARAF-PENCEREDE	
KRONOLOJI_ITALYA_SEHIR	71	1566-04-14	Sakız Adası'nın Osmanlı'ya ilhakı — son koloninin kaybı					BELIRSIZ			✗	E-ATIFSIZ	cenova,ferrara
KRONOLOJI_ITALYA_SEHIR	72	1571-10-07	İnebahtı'da Ceneviz filosunun sağ kanadı	cenova	cenova✓		cenova	YER	cenova✓	cenova	✓	A-TARAF-PENCEREDE	
KRONOLOJI_ITALYA_SEHIR	73	1575-04-01	Eski ve yeni soylular arasında iç savaş	cenova	cenova✓		cenova	YER	cenova✓	cenova	✓	A-TARAF-PENCEREDE	
KRONOLOJI_ITALYA_SEHIR	74	1576-03-17	Leges Novae — cumhuriyetin ikinci anayasası	cenova	cenova✓		cenova	YER	cenova✓	cenova	✓	A-TARAF-PENCEREDE	
KRONOLOJI_ITALYA_SEHIR	75	1579-01-01	Piacenza panayırlarının kurulması — Avrupa kredi piyasasının merkezi	cenova	cenova✓			BELIRSIZ		cenova	✓	A-TARAF-PENCEREDE	
KRONOLOJI_ITALYA_SEHIR	76	1590-01-01	Büyük kıtlık ve tahıl ithalatının Baltık'a kayması	cenova	cenova✓		cenova	YER	cenova✓	cenova	✓	A-TARAF-PENCEREDE	
KRONOLOJI_ITALYA_SEHIR	77	1607-11-09	İspanyol iflası — Ceneviz bankerlerinin ilk büyük yıkımı	cenova	cenova✓		cenova	YER	cenova✓	cenova	✓	A-TARAF-PENCEREDE	
KRONOLOJI_ITALYA_SEHIR	78	1607-01-01	Rubens'in Cenova'ya gelişi — Barok resmin şehre girmesi	cenova	cenova✓		cenova	YER	cenova✓	cenova	✓	A-TARAF-PENCEREDE	
KRONOLOJI_ITALYA_SEHIR	79	1621-01-01	Van Dyck'in Cenova yılları — aristokrat portreciliğin zirvesi	cenova	cenova✓		cenova	YER	cenova✓	cenova	✓	A-TARAF-PENCEREDE	
KRONOLOJI_ITALYA_SEHIR	80	1625-03-28	Savoya-Fransız saldırısının püskürtülmesi	cenova	cenova✓		cenova	YER	cenova✓	cenova	✓	A-TARAF-PENCEREDE	
KRONOLOJI_ITALYA_SEHIR	81	1632-01-01	Mura Nuove'nin tamamlanması — Avrupa'nın en uzun şehir surlarından biri	cenova	cenova✓		cenova	YER	cenova✓	cenova	✓	A-TARAF-PENCEREDE	
KRONOLOJI_ITALYA_SEHIR	82	1637-03-25	Meryem Ana'nın Cenova Kraliçesi ilan edilmesi — taçsız cumhuriyetin tacı	cenova	cenova✓		cenova	YER	cenova✓	cenova	✓	A-TARAF-PENCEREDE	
KRONOLOJI_ITALYA_SEHIR	83	1656-07-01	Büyük veba — nüfusun yarısının ölümü	cenova	cenova✓		cenova	YER	cenova✓	cenova	✓	A-TARAF-PENCEREDE	
KRONOLOJI_ITALYA_SEHIR	84	1684-05-17	Fransız donanmasının Cenova'yı bombalaması	cenova	cenova✓		cenova	YER	cenova✓	cenova	✓	A-TARAF-PENCEREDE	
KRONOLOJI_ITALYA_SEHIR	85	1685-05-15	Doge Lercari'nin Versailles'da özür dilemesi — cumhuriyetin diz çökmesi	cenova	cenova✓		cenova	YER	cenova✓	cenova	✓	A-TARAF-PENCEREDE	
KRONOLOJI_ITALYA_SEHIR	86	1729-12-01	Korsika isyanının başlaması — kırk yıllık sömürge savaşı	cenova	cenova✓			BELIRSIZ		cenova	✓	A-TARAF-PENCEREDE	
KRONOLOJI_ITALYA_SEHIR	87	1735-01-30	Korsikalıların bağımsızlık ilanı — Corte anayasası	cenova	cenova✓			BELIRSIZ		cenova	✓	A-TARAF-PENCEREDE	
KRONOLOJI_ITALYA_SEHIR	88	1746-09-06	Avusturya ordusunun Cenova'yı işgali	cenova	cenova✓		cenova	YER	cenova✓	cenova	✓	A-TARAF-PENCEREDE	
KRONOLOJI_ITALYA_SEHIR	89	1746-12-05	Balilla İsyanı — bir çocuğun attığı taşla başlayan ayaklanma				cenova	YER	cenova✓	cenova	✓	B-TARAFSIZ-0929-ATIF-PENCEREDE	
KRONOLOJI_ITALYA_SEHIR	90	1747-07-06	Avusturya kuşatmasının kaldırılması — bağımsızlığın korunması	cenova	cenova✓		cenova	YER	cenova✓	cenova	✓	A-TARAF-PENCEREDE	
KRONOLOJI_ITALYA_SEHIR	91	1755-11-18	Paoli'nin Korsika Cumhuriyeti ve anayasası	cenova	cenova✓			BELIRSIZ		cenova	✓	A-TARAF-PENCEREDE	
KRONOLOJI_ITALYA_SEHIR	92	1768-05-15	Korsika'nın Fransa'ya devredilmesi — son toprağın satılması					BELIRSIZ			✗	E-ATIFSIZ	cenova,ferrara
KRONOLOJI_ITALYA_SEHIR	93	1782-10-27	Niccolò Paganini'nin Cenova'da doğması	cenova	cenova✓		cenova	YER	cenova✓	cenova	✓	A-TARAF-PENCEREDE	
KRONOLOJI_ITALYA_SEHIR	94	1797-06-14	Cumhuriyetin ilgası — Ligurya Cumhuriyeti'nin kurulması				cenova	YER	cenova✓	cenova	✓	B-TARAFSIZ-0929-ATIF-PENCEREDE	
KRONOLOJI_ITALYA_SEHIR	95	1805-06-04	Ligurya'nın Fransa'ya ilhakı — devlet olarak varlığın bitişi					BELIRSIZ			✗	E-ATIFSIZ	ferrara
KRONOLOJI_ITALYA_SEHIR	96	1815-06-09	Viyana Kongresi — Cenova'nın Sardinya-Piyemonte'ye verilmesi					BELIRSIZ			✗	E-ATIFSIZ	ferrara
KRONOLOJI_ITALYA_SEHIR	97	1311-01-02	Pietro Vesconte'nin portolan haritası — imzalı ve tarihli ilk deniz haritası	cenova	cenova✓		cenova	YER	cenova✓	cenova	✓	A-TARAF-PENCEREDE	
KRONOLOJI_ITALYA_SEHIR	98	1320-01-01	Ceneviz kadife ve ipekçiliğinin kurumsallaşması	cenova	cenova✓		cenova	YER	cenova✓	cenova	✓	A-TARAF-PENCEREDE	
KRONOLOJI_ITALYA_SEHIR	99	1381-09-01	Savaş borçlarının tek bir gövdede toplanması — 'compere' sisteminin olgunlaşması	cenova	cenova✓		cenova	YER	cenova✓	cenova	✓	A-TARAF-PENCEREDE	
KRONOLOJI_ITALYA_SEHIR	100	1410-01-01	Cenevizli sermayenin Atlantik şeker plantasyonlarını kurması	cenova	cenova✓		cenova	YER	cenova✓	cenova	✓	A-TARAF-PENCEREDE	
KRONOLOJI_ITALYA_SEHIR	101	1456-01-01	Antonio da Noli'nin Yeşilburun Adaları'na ulaşması	cenova	cenova✓		cenova	YER	cenova✓	cenova	✓	A-TARAF-PENCEREDE	
KRONOLOJI_ITALYA_SEHIR	102	1457-01-02	Cenova dünya haritası — Asya'nın Batı'da yeniden çizilmesi	cenova	cenova✓		cenova	YER	cenova✓	cenova	✓	A-TARAF-PENCEREDE	
KRONOLOJI_ITALYA_SEHIR	103	1471-06-01	Cenova'da matbaanın kurulması	cenova	cenova✓		cenova	YER	cenova✓	cenova	✓	A-TARAF-PENCEREDE	
KRONOLOJI_ITALYA_SEHIR	104	1492-08-02	İspanya'dan sürülen Yahudilerin Cenova limanına gelmesi	cenova	cenova✓		cenova	YER	cenova✓	cenova	✓	A-TARAF-PENCEREDE	
KRONOLOJI_ITALYA_SEHIR	105	1510-09-15	Cenovalı Katerina'nın ölümü — hastane hizmetinin azizeye dönüşmesi	cenova	cenova✓		cenova	YER	cenova✓	cenova	✓	A-TARAF-PENCEREDE	
KRONOLOJI_ITALYA_SEHIR	106	1528-10-01	Yirmi sekiz 'albergo' — soyluluğun mühendislikle yeniden kurulması	cenova	cenova✓		cenova	YER	cenova✓	cenova	✓	A-TARAF-PENCEREDE	
KRONOLOJI_ITALYA_SEHIR	107	1535-01-02	Besançon panayırlarının kurulması — Ceneviz kredisinin Avrupa'ya açılması	cenova	cenova✓			BELIRSIZ		cenova	✓	A-TARAF-PENCEREDE	
KRONOLOJI_ITALYA_SEHIR	108	1550-04-02	Yahudilerin cumhuriyet topraklarından çıkarılması	cenova	cenova✓		cenova	YER	cenova✓	cenova	✓	A-TARAF-PENCEREDE	
KRONOLOJI_ITALYA_SEHIR	109	1552-01-02	Carignano Bazilikası'nın inşasına başlanması — Alessi'nin merkezî planı	cenova	cenova✓		cenova	YER	cenova✓	cenova	✓	A-TARAF-PENCEREDE	
KRONOLOJI_ITALYA_SEHIR	110	1565-01-01	Luca Cambiaso'nun freskleri — Ceneviz resim okulunun doğuşu	cenova	cenova✓		cenova	YER	cenova✓	cenova	✓	A-TARAF-PENCEREDE	
KRONOLOJI_ITALYA_SEHIR	111	1590-06-01	Serbest liman uygulaması — tahılın gümrüksüz girişi	cenova	cenova✓		cenova	YER	cenova✓	cenova	✓	A-TARAF-PENCEREDE	
KRONOLOJI_ITALYA_SEHIR	112	1600-01-01	Ceneviz bankerlerinin İspanyol asientolarındaki tekeli	cenova	cenova✓		cenova	YER	cenova✓	cenova	✓	A-TARAF-PENCEREDE	
KRONOLOJI_ITALYA_SEHIR	113	1627-01-31	İkinci İspanyol iflası — Ceneviz finans üstünlüğünün kırılması	cenova	cenova✓		cenova	YER	cenova✓	cenova	✓	A-TARAF-PENCEREDE	
KRONOLOJI_ITALYA_SEHIR	114	1630-01-02	Bernardo Strozzi'nin Venedik'e gitmesi — Ceneviz Barok'unun ihracı	cenova	cenova✓		cenova	YER	cenova✓	cenova	✓	A-TARAF-PENCEREDE	
KRONOLOJI_ITALYA_SEHIR	115	1638-01-02	Baliani'nin 'De motu naturali gravium' kitabı — emme tulumbasının sınırı	cenova	cenova✓		cenova	YER	cenova✓	cenova	✓	A-TARAF-PENCEREDE	
KRONOLOJI_ITALYA_SEHIR	116	1647-10-01	Üçüncü İspanyol iflasının Cenova'ya yansıması	cenova	cenova✓		cenova	YER	cenova✓	cenova	✓	A-TARAF-PENCEREDE	
KRONOLOJI_ITALYA_SEHIR	117	1660-01-02	Getto düzeniyle Yahudi cemaatinin geri dönüşü	cenova	cenova✓		cenova	YER	cenova✓	cenova	✓	A-TARAF-PENCEREDE	
KRONOLOJI_ITALYA_SEHIR	118	1667-02-04	Alessandro Magnasco'nun doğumu — geç Ceneviz resminin son büyük adı	cenova	cenova✓		cenova	YER	cenova✓	cenova	✓	A-TARAF-PENCEREDE	
KRONOLOJI_ITALYA_SEHIR	119	1684-06-01	Bombardıman sonrası şehrin yeniden inşası	cenova	cenova✓		cenova	YER	cenova✓	cenova	✓	A-TARAF-PENCEREDE	
KRONOLOJI_ITALYA_SEHIR	120	1704-01-02	İspanya Veraset Savaşı'nda tarafsızlık kararı	cenova	cenova✓		cenova	YER	cenova✓	cenova	✓	A-TARAF-PENCEREDE	
KRONOLOJI_ITALYA_SEHIR	121	1713-01-02	Finale Ligure'nin satın alınması — cumhuriyetin son toprak kazancı	cenova	cenova✓		cenova	YER	cenova✓	cenova	✓	A-TARAF-PENCEREDE	
KRONOLOJI_ITALYA_SEHIR	122	1751-01-02	Accademia Ligustica'nın kurulması — sanat eğitiminin kurumsallaşması	cenova	cenova✓		cenova	YER	cenova✓	cenova	✓	A-TARAF-PENCEREDE	
KRONOLOJI_ITALYA_SEHIR	123	1786-01-02	Cumhuriyetin son nüfus ve gelir dökümü — küçülmüş bir devletin bilançosu	cenova	cenova✓		cenova	YER	cenova✓	cenova	✓	A-TARAF-PENCEREDE	
KRONOLOJI_ITALYA_SEHIR	124	1281-01-02	XIII. yüzyıl sonunda Este Devleti — Po ovasının efendisi	ferrara	ferrara✓		ferrara	YER	ferrara✓	ferrara	✓	A-TARAF-PENCEREDE	
KRONOLOJI_ITALYA_SEHIR	125	1288-06-01	Modena'nın Este hâkimiyetine girmesi — iki başlı devletin doğuşu	ferrara	ferrara✓		ferrara	YER	ferrara✓	ferrara	✓	A-TARAF-PENCEREDE	
KRONOLOJI_ITALYA_SEHIR	126	1308-09-01	Ferrara Savaşı — Venedik'in şehri işgali	ferrara	ferrara✓		ferrara	YER	ferrara✓	ferrara	✓	A-TARAF-PENCEREDE	
KRONOLOJI_ITALYA_SEHIR	127	1309-03-27	Venedik'in aforoz edilmesi ve Ferrara'dan çıkarılması	ferrara	ferrara✓		ferrara	YER	ferrara✓	ferrara	✓	A-TARAF-PENCEREDE	
KRONOLOJI_ITALYA_SEHIR	128	1332-01-02	Este'lerin papalık vekili olarak tanınması — hukukî statünün kurulması	ferrara	ferrara✓		ferrara	YER	ferrara✓	ferrara	✓	A-TARAF-PENCEREDE	
KRONOLOJI_ITALYA_SEHIR	129	1391-03-04	Ferrara Üniversitesi'nin kurulması	ferrara	ferrara✓		ferrara	YER	ferrara✓	ferrara	✓	A-TARAF-PENCEREDE	
KRONOLOJI_ITALYA_SEHIR	130	1425-05-21	Parisina Malatesta ve Ugo d'Este'nin idamı — hânedan içi trajedi	ferrara	ferrara✓		ferrara	YER	ferrara✓	ferrara	✓	A-TARAF-PENCEREDE	
KRONOLOJI_ITALYA_SEHIR	131	1429-01-02	Guarino da Verona'nın Ferrara'ya çağrılması — hümanist sarayın kuruluşu	ferrara	ferrara✓		ferrara	YER	ferrara✓	ferrara	✓	A-TARAF-PENCEREDE	
KRONOLOJI_ITALYA_SEHIR	132	1438-01-08	Ferrara Konsili'nin açılması — Doğu ve Batı kiliselerinin şehirde buluşması	ferrara	ferrara✓		ferrara	YER	ferrara✓	ferrara	✓	A-TARAF-PENCEREDE	
KRONOLOJI_ITALYA_SEHIR	133	1452-05-18	Borso d'Este'nin Modena ve Reggio dükü ilan edilmesi	ferrara	ferrara✓		ferrara	YER	ferrara✓	ferrara	✓	A-TARAF-PENCEREDE	
KRONOLOJI_ITALYA_SEHIR	134	1470-01-02	Schifanoia Sarayı'nın Aylar Salonu — Rönesans'ın en büyük seküler fresk döngüsü	ferrara	ferrara✓		ferrara	YER	ferrara✓	ferrara	✓	A-TARAF-PENCEREDE	
KRONOLOJI_ITALYA_SEHIR	135	1471-04-14	Ferrara dükalığının papalıkça tanınması	ferrara	ferrara✓		ferrara	YER	ferrara✓	ferrara	✓	A-TARAF-PENCEREDE	
KRONOLOJI_ITALYA_SEHIR	136	1482-05-03	Tuz Savaşı — Venedik ve Papalığın Ferrara'ya saldırması	ferrara	ferrara✓		ferrara	YER	ferrara✓	ferrara	✓	A-TARAF-PENCEREDE	
KRONOLOJI_ITALYA_SEHIR	137	1484-08-07	Bagnolo Barışı — Polesine'nin Venedik'e bırakılması	ferrara	ferrara✓		ferrara	YER	ferrara✓	ferrara	✓	A-TARAF-PENCEREDE	
KRONOLOJI_ITALYA_SEHIR	138	1492-09-02	Addizione Erculea — Avrupa'nın ilk modern şehir genişletme planı	ferrara	ferrara✓		ferrara	YER	ferrara✓	ferrara	✓	A-TARAF-PENCEREDE	
KRONOLOJI_ITALYA_SEHIR	139	1492-11-20	İspanya'dan sürülen Yahudilerin Ferrara'ya kabul edilmesi	ferrara	ferrara✓		ferrara	YER	ferrara✓	ferrara	✓	A-TARAF-PENCEREDE	
KRONOLOJI_ITALYA_SEHIR	140	1493-01-02	Palazzo dei Diamanti'nin inşası — cephe mimarisinde bir buluş	ferrara	ferrara✓		ferrara	YER	ferrara✓	ferrara	✓	A-TARAF-PENCEREDE	
KRONOLOJI_ITALYA_SEHIR	141	1502-02-02	Lucrezia Borgia'nın Ferrara'ya gelin gelmesi	ferrara	ferrara✓		ferrara	YER	ferrara✓	ferrara	✓	A-TARAF-PENCEREDE	
KRONOLOJI_ITALYA_SEHIR	142	1503-05-31	Kopernik'in Ferrara'da doktora alması	ferrara	ferrara✓		ferrara	YER	ferrara✓	ferrara	✓	A-TARAF-PENCEREDE	
KRONOLOJI_ITALYA_SEHIR	143	1509-12-22	Polesella Deniz Savaşı — Venedik nehir filosunun topla imhası	ferrara	ferrara✓		ferrara	YER	ferrara✓	ferrara	✓	A-TARAF-PENCEREDE	
KRONOLOJI_ITALYA_SEHIR	144	1512-04-11	Ravenna Savaşı'nda Ferrara topçusunun belirleyici rolü	ferrara	ferrara✓		ferrara	YER	ferrara✓	ferrara	✓	A-TARAF-PENCEREDE	
KRONOLOJI_ITALYA_SEHIR	145	1516-04-22	Ariosto'nun 'Çılgın Orlando'sunun Ferrara'da basılması	ferrara	ferrara✓		ferrara	YER	ferrara✓	ferrara	✓	A-TARAF-PENCEREDE	
KRONOLOJI_ITALYA_SEHIR	146	1528-06-28	Fransa Prensesi Renée'nin gelin gelmesi — sarayda Protestan sığınağı	ferrara	ferrara✓		ferrara	YER	ferrara✓	ferrara	✓	A-TARAF-PENCEREDE	
KRONOLOJI_ITALYA_SEHIR	147	1541-01-02	Canano'nun anatomi atlası — kasların bakırbaskıyla resmedilmesi	ferrara	ferrara✓		ferrara	YER	ferrara✓	ferrara	✓	A-TARAF-PENCEREDE	
KRONOLOJI_ITALYA_SEHIR	148	1570-11-17	Ferrara depremi — şehrin ve sarayın sarsılması	ferrara	ferrara✓		ferrara	YER	ferrara✓	ferrara	✓	A-TARAF-PENCEREDE	
KRONOLOJI_ITALYA_SEHIR	149	1581-01-02	Tasso'nun 'Kurtarılmış Kudüs'ü ve şairin Ferrara'da hapsi	ferrara	ferrara✓		ferrara	YER	ferrara✓	ferrara	✓	A-TARAF-PENCEREDE	
KRONOLOJI_ITALYA_SEHIR	150	1594-01-02	Concerto delle donne — profesyonel kadın şarkıcı topluluğunun kurumsallaşması	ferrara	ferrara✓		ferrara	YER	ferrara✓	ferrara	✓	A-TARAF-PENCEREDE	
KRONOLOJI_ITALYA_SEHIR	151	1598-01-28	Ferrara'nın papalığa devri — devletin başkentini kaybetmesi	ferrara	ferrara✓		ferrara	YER	ferrara✓	ferrara	✓	A-TARAF-PENCEREDE	
KRONOLOJI_ITALYA_SEHIR	152	1598-02-01	Modena'nın başkent olması — küçülmüş Este devletinin yeniden kurulması	ferrara	ferrara✓		ferrara	YER	ferrara✓	ferrara	✓	A-TARAF-PENCEREDE	
KRONOLOJI_ITALYA_SEHIR	153	1634-01-02	Modena Dük Sarayı'nın inşasına başlanması	ferrara	ferrara✓		ferrara	YER	ferrara✓	ferrara	✓	A-TARAF-PENCEREDE	
KRONOLOJI_ITALYA_SEHIR	154	1650-01-02	Bernini'nin Francesco I büstü — Barok portre heykelinin şaheseri	ferrara	ferrara✓		ferrara	YER	ferrara✓	ferrara	✓	A-TARAF-PENCEREDE	
KRONOLOJI_ITALYA_SEHIR	155	1702-08-15	Luzzara Muharebesi — Este topraklarının savaş alanına dönmesi	ferrara	ferrara✓		ferrara	YER	ferrara✓	ferrara	✓	A-TARAF-PENCEREDE	
KRONOLOJI_ITALYA_SEHIR	156	1737-01-02	Muratori ve Este Kütüphanesi — modern tarih yönteminin doğduğu yer	ferrara	ferrara✓		ferrara	YER	ferrara✓	ferrara	✓	A-TARAF-PENCEREDE	
KRONOLOJI_ITALYA_SEHIR	157	1796-06-19	Napolyon'un Modena'yı işgali ve Cispadan Cumhuriyeti	ferrara	ferrara✓		ferrara	YER	ferrara✓	ferrara	✓	A-TARAF-PENCEREDE	
KRONOLOJI_ITALYA_SEHIR	158	1814-07-15	Este-Habsburg hânedanının Modena'da restorasyonu	ferrara	ferrara✓		ferrara	YER	ferrara✓	ferrara	✓	A-TARAF-PENCEREDE	
KRONOLOJI_ITALYA_SEHIR	159	1831-02-04	Modena ayaklanması ve Ciro Menotti'nin idamı	ferrara	ferrara✓		ferrara	YER	ferrara✓	ferrara	✓	A-TARAF-PENCEREDE	
KRONOLOJI_ITALYA_SEHIR	160	1859-06-11	Son dükün kaçışı — Este devletinin sonu					BELIRSIZ			✗	E-ATIFSIZ	YOK
KRONOLOJI_ITALYA_SEHIR	161	1281-01-03	XIII. yüzyıl sonunda Siena — Dokuzlar rejiminin arifesinde bir banker cumhuriyeti	siena	siena✓		siena	YER	siena✓	siena	✓	A-TARAF-PENCEREDE	
KRONOLOJI_ITALYA_SEHIR	162	1287-01-02	Dokuzlar hükümetinin kurulması — Siena'nın altın çağı	siena	siena✓		siena	YER	siena✓	siena	✓	A-TARAF-PENCEREDE	
KRONOLOJI_ITALYA_SEHIR	163	1298-10-01	Gran Tavola'nın iflası — ortaçağın en büyük bankasının çöküşü	siena	siena✓		siena	YER	siena✓	siena	✓	A-TARAF-PENCEREDE	
KRONOLOJI_ITALYA_SEHIR	164	1309-11-02	1309 Costituto'su — halkın okuyabilmesi için İtalyanca yazılan ilk devlet anayasası	siena	siena✓		siena	YER	siena✓	siena	✓	A-TARAF-PENCEREDE	
KRONOLOJI_ITALYA_SEHIR	165	1311-06-09	Duccio'nun Maestà'sının katedrale taşınması — şehrin tabloyla yürüyüşü	siena	siena✓		siena	YER	siena✓	siena	✓	A-TARAF-PENCEREDE	
KRONOLOJI_ITALYA_SEHIR	166	1315-06-01	Simone Martini'nin Palazzo Pubblico Maestà'sı — dinî resmin devlet dairesine girmesi	siena	siena✓		siena	YER	siena✓	siena	✓	A-TARAF-PENCEREDE	
KRONOLOJI_ITALYA_SEHIR	167	1338-02-01	Lorenzetti'nin İyi ve Kötü Yönetim freskleri — siyaset felsefesinin duvara yazılması	siena	siena✓		siena	YER	siena✓	siena	✓	A-TARAF-PENCEREDE	
KRONOLOJI_ITALYA_SEHIR	168	1339-01-23	Duomo Nuovo'nun başlaması — Hıristiyan âleminin en büyük katedrali iddiası	siena	siena✓		siena	YER	siena✓	siena	✓	A-TARAF-PENCEREDE	
KRONOLOJI_ITALYA_SEHIR	169	1348-06-01	Kara Ölüm'ün Siena'yı vurması — Dokuzlar rejiminin can damarının kesilmesi	siena	siena✓		siena	YER	siena✓	siena	✓	A-TARAF-PENCEREDE	
KRONOLOJI_ITALYA_SEHIR	170	1355-03-25	Dokuzlar rejiminin devrilmesi — altın çağın sonu	siena	siena✓		siena	YER	siena✓	siena	✓	A-TARAF-PENCEREDE	
KRONOLOJI_ITALYA_SEHIR	171	1377-01-02	Sienalı Katerina'nın papalığı Roma'ya döndürmesi	siena	siena✓		siena	YER	siena✓	siena	✓	A-TARAF-PENCEREDE	
KRONOLOJI_ITALYA_SEHIR	172	1399-09-11	Şehrin Milano dükü Gian Galeazzo Visconti'ye teslim olması	siena	siena✓		siena	YER	siena✓	siena	✓	A-TARAF-PENCEREDE	
KRONOLOJI_ITALYA_SEHIR	173	1419-10-20	Jacopo della Quercia'nın Fonte Gaia'sı — Campo'nun anıtsal çeşmesi	siena	siena✓		siena	YER	siena✓	siena	✓	A-TARAF-PENCEREDE	
KRONOLOJI_ITALYA_SEHIR	174	1427-08-15	Bernardino'nun Campo vaazları — meydanın açık hava mahkemesine dönmesi	siena	siena✓		siena	YER	siena✓	siena	✓	A-TARAF-PENCEREDE	
KRONOLOJI_ITALYA_SEHIR	175	1433-01-02	Taccola'nın 'De ingeneis' defterleri — makine mühendisliğinin resimli doğuşu	siena	siena✓		siena	YER	siena✓	siena	✓	A-TARAF-PENCEREDE	
KRONOLOJI_ITALYA_SEHIR	176	1458-08-19	Sienalı Piccolomini'nin papa seçilmesi — II. Pius	siena	siena✓		siena	YER	siena✓	siena	✓	A-TARAF-PENCEREDE	
KRONOLOJI_ITALYA_SEHIR	177	1472-03-04	Monte dei Paschi'nin kurulması — bugün ayakta olan en eski banka	siena	siena✓		siena	YER	siena✓	siena	✓	A-TARAF-PENCEREDE	
KRONOLOJI_ITALYA_SEHIR	178	1480-01-02	Francesco di Giorgio'nun mimarlık ve mühendislik risalesi	siena	siena✓		siena	YER	siena✓	siena	✓	A-TARAF-PENCEREDE	
KRONOLOJI_ITALYA_SEHIR	179	1487-07-22	Pandolfo Petrucci'nin iktidarı ele geçirmesi — cumhuriyetin perde arkası hükümdarı	siena	siena✓		siena	YER	siena✓	siena	✓	A-TARAF-PENCEREDE	
KRONOLOJI_ITALYA_SEHIR	180	1502-01-02	Pinturicchio'nun Piccolomini Kütüphanesi freskleri	siena	siena✓		siena	YER	siena✓	siena	✓	A-TARAF-PENCEREDE	
KRONOLOJI_ITALYA_SEHIR	181	1526-07-25	Camollia Muharebesi — küçük cumhuriyetin Papalık ordusunu yenmesi	siena	siena✓		siena	YER	siena✓	siena	✓	A-TARAF-PENCEREDE	
KRONOLOJI_ITALYA_SEHIR	182	1552-07-26	İspanyol garnizonunun kovulması — son bağımsızlık hamlesi	siena	siena✓		siena	YER	siena✓	siena	✓	A-TARAF-PENCEREDE	
KRONOLOJI_ITALYA_SEHIR	183	1554-01-26	Siena kuşatmasının başlaması — on beş aylık açlık	siena	siena✓		siena	YER	siena✓	siena	✓	A-TARAF-PENCEREDE	
KRONOLOJI_ITALYA_SEHIR	184	1555-04-17	Siena'nın teslim olması — bir cumhuriyetin sonu				siena	YER	siena✓	siena	✓	B-TARAFSIZ-0929-ATIF-PENCEREDE	
KRONOLOJI_ITALYA_SEHIR	185	1559-08-03	Montalcino'daki son cumhuriyetin sona ermesi ve Siena'nın Floransa'ya devri					BELIRSIZ			✗	E-ATIFSIZ	cenova,ferrara
KRONOLOJI_KUZEYAFRIKA	0	1196-01-01	Abdülhak b. Mahyû, Zenâte Merînî boyunun beyliğini kurdu				merini	KAYNAK	merini✓	merini	✓	B-TARAFSIZ-0929-ATIF-PENCEREDE	
KRONOLOJI_KUZEYAFRIKA	1	1216-01-01	Tâze'de Muvahhid ordusuna zafer	merini	merini✓		merini	KAYNAK	merini✓	merini	✓	A-TARAF-PENCEREDE	
KRONOLOJI_KUZEYAFRIKA	2	1255-01-01	Fas yakınlarında ikinci büyük Muvahhid zaferi	merini	merini✓		merini	KAYNAK	merini✓	merini	✓	A-TARAF-PENCEREDE	
KRONOLOJI_KUZEYAFRIKA	3	1258-01-01	Ebû Yûsuf Ya'kūb saltanata geçti	merini	merini✓		merini	KAYNAK	merini✓	merini	✓	A-TARAF-PENCEREDE	
KRONOLOJI_KUZEYAFRIKA	4	1270-01-01	Merakeş alınarak Muvahhidler Devleti sona erdirildi	merini	merini✓		merini	KAYNAK	merini✓	merini	✓	A-TARAF-PENCEREDE	
KRONOLOJI_KUZEYAFRIKA	5	1274-01-01	Tanca ve Sebte zaptedildi				merini	KAYNAK	merini✓	merini	✓	B-TARAFSIZ-0929-ATIF-PENCEREDE	
KRONOLOJI_KUZEYAFRIKA	6	1275-09-08	İsticce'de Kastilya ordusuna zafer (Endülüs seferi)	merini	merini✓		merini	KAYNAK	merini✓	merini	✓	A-TARAF-PENCEREDE	
KRONOLOJI_KUZEYAFRIKA	7	1340-10-30	Rio Salado'da (Tarîf) Kastilya-Portekiz ittifakına yenilgi	merini	merini✓		merini	KAYNAK	merini✓	merini	✓	A-TARAF-PENCEREDE	
KRONOLOJI_KUZEYAFRIKA	8	1270-01-01	Abdülvâdîler (Zeyyânîler) bağımsızlaşarak Tilimsan'ı kurdu	merini	merini✓		merini	KAYNAK	merini✓	merini	✓	A-TARAF-PENCEREDE	
KRONOLOJI_KUZEYAFRIKA	9	1307-01-01	Sekiz yıllık Tilimsan kuşatması ve sultanın suikastle ölümü	merini	merini✓		merini	KAYNAK	merini✓	merini	✓	A-TARAF-PENCEREDE	
KRONOLOJI_KUZEYAFRIKA	10	1337-01-01	Tilimsan ele geçirilerek Abdülvâdîler hâkimiyeti (geçici) sona erdi	merini	merini✓		merini	KAYNAK	merini✓	merini	✓	A-TARAF-PENCEREDE	
KRONOLOJI_KUZEYAFRIKA	11	1347-01-01	Tunus'a girilip Hafsî toprakları alındı	merini	merini✓		merini	KAYNAK	merini✓	merini	✓	A-TARAF-PENCEREDE	
KRONOLOJI_KUZEYAFRIKA	12	1348-01-01	Merînîler on yıllık Tilimsan hâkimiyetini kaybetti	merini	merini✓		merini	KAYNAK	merini✓	merini	✓	A-TARAF-PENCEREDE	
KRONOLOJI_KUZEYAFRIKA	13	1352-01-01	Ebû İnân Tilimsan'a girdi, Abdülvâdîlerin ikinci hükümranlığı sona erdi	merini	merini✓		merini	KAYNAK	merini✓	merini	✓	A-TARAF-PENCEREDE	
KRONOLOJI_KUZEYAFRIKA	14	1350-01-01	Ebû İnân babasını tahttan feragate zorladı	merini	merini✓		merini	KAYNAK	merini✓	merini	✓	A-TARAF-PENCEREDE	
KRONOLOJI_KUZEYAFRIKA	15	1358-01-01	Ebû İnân boğularak öldürüldü	merini	merini✓		merini	KAYNAK	merini✓	merini	✓	A-TARAF-PENCEREDE	
KRONOLOJI_KUZEYAFRIKA	16	1409-01-01	Hafsî sultanının Fas'a yürüyüşü, Merînîler istiklâlini kaybetti	merini	merini✓		merini	KAYNAK	merini✓	merini	✓	A-TARAF-PENCEREDE	
KRONOLOJI_KUZEYAFRIKA	17	1415-01-01	Portekiz Sebte'yi işgal etti				merini	KAYNAK	merini✓	merini	✓	B-TARAFSIZ-0929-ATIF-PENCEREDE	
KRONOLOJI_KUZEYAFRIKA	18	1458-01-01	Kasrüssagīr Portekizlilerin eline geçti	merini	merini✓		merini	KAYNAK	merini✓	merini	✓	A-TARAF-PENCEREDE	
KRONOLOJI_KUZEYAFRIKA	19	1465-01-01	Tanca Portekiz'e düştü, son Merînî sultanı öldürülerek hanedan sona erdi	merini	merini✓		merini	KAYNAK	merini✓	merini	✓	A-TARAF-PENCEREDE	
KRONOLOJI_KUZEYAFRIKA	20	1299-01-01	Mansûre şehri kuruldu (Tilimsan kuşatması karargâhı)	merini	merini✓		merini	KAYNAK	merini✓	merini	✓	A-TARAF-PENCEREDE	
KRONOLOJI_KUZEYAFRIKA	21	1323-01-01	Medresetü'l-Attârîn inşa edildi	merini	merini✓		merini	KAYNAK	merini✓	merini	✓	A-TARAF-PENCEREDE	
KRONOLOJI_KUZEYAFRIKA	22	1304-01-01	İlk resmî hac kafilesi yola çıktı	merini	merini✓		merini	KAYNAK	merini✓	merini	✓	A-TARAF-PENCEREDE	
KRONOLOJI_KUZEYAFRIKA	23	1511-01-01	Muhammed b. Abdurrahman es-Sa'dî Sûs'ta cihad emîri ilân edildi				sadi	KAYNAK	sadi✓	sadi	✓	B-TARAFSIZ-0929-ATIF-PENCEREDE	
KRONOLOJI_KUZEYAFRIKA	24	1517-01-01	Kurucunun vefatı, Ahmed el-A'rec tahta geçti	sadi	sadi✓		sadi	KAYNAK	sadi✓	sadi	✓	A-TARAF-PENCEREDE	
KRONOLOJI_KUZEYAFRIKA	25	1524-01-01	Merakeş'e girilip başşehir yapıldı	sadi	sadi✓		sadi	KAYNAK	sadi✓	sadi	✓	A-TARAF-PENCEREDE	
KRONOLOJI_KUZEYAFRIKA	26	1536-01-01	Ukbâ savaşı sonrası Vattâsîlerle sınır antlaşması	sadi	sadi✓		sadi	KAYNAK	sadi✓	sadi	✓	A-TARAF-PENCEREDE	
KRONOLOJI_KUZEYAFRIKA	27	1537-01-01	Portekiz ile üç yıllık antlaşma	sadi	sadi✓		sadi	KAYNAK	sadi✓	sadi	✓	A-TARAF-PENCEREDE	
KRONOLOJI_KUZEYAFRIKA	28	1541-01-01	Agadir ele geçirildi, Safî ve Azemmûr Portekiz'ce boşaltıldı	sadi	sadi✓		sadi	KAYNAK	sadi✓	sadi	✓	A-TARAF-PENCEREDE	
KRONOLOJI_KUZEYAFRIKA	29	1549-01-01	Fas şehrine girilip Vattâsî hâkimiyetine son verildi				sadi	KAYNAK	sadi✓	sadi	✓	B-TARAFSIZ-0929-ATIF-PENCEREDE	
KRONOLOJI_KUZEYAFRIKA	30	1554-01-01	Osmanlı ordusu Sâdîleri Fas'tan çıkardı, Ebû Hassûn'u tahta oturttu	sadi	sadi✓		sadi	KAYNAK	sadi✓	sadi	✓	A-TARAF-PENCEREDE	
KRONOLOJI_KUZEYAFRIKA	31	1557-01-01	Muhammed eş-Şeyh Osmanlı ordusunca öldürüldü, Abdullah tahta geçti	sadi	sadi✓		sadi	KAYNAK	sadi✓	sadi	✓	A-TARAF-PENCEREDE	
KRONOLOJI_KUZEYAFRIKA	32	1564-01-01	İspanyollar Bâdis'i ele geçirdi	sadi	sadi✓		sadi	KAYNAK	sadi✓	sadi	✓	A-TARAF-PENCEREDE	
KRONOLOJI_KUZEYAFRIKA	33	1576-01-01	Osmanlı desteğiyle Abdülmelik Fas'a girdi	sadi	sadi✓		sadi	KAYNAK	sadi✓	sadi	✓	A-TARAF-PENCEREDE	
KRONOLOJI_KUZEYAFRIKA	34	1578-08-04	Vâdilmehâzin (Üç Kral) Savaşı — Portekiz Haçlı ordusu imha edildi	sadi	sadi✓		sadi	KAYNAK	sadi✓	sadi	✓	A-TARAF-PENCEREDE	
KRONOLOJI_KUZEYAFRIKA	35	1588-01-01	Ahmed el-Mansûr Osmanlı'ya vergiyi kesti	sadi	sadi✓		sadi	KAYNAK	sadi✓	sadi	✓	A-TARAF-PENCEREDE	
KRONOLOJI_KUZEYAFRIKA	36	1591-04-13	Tondibi zaferiyle Songhay İmparatorluğu yıkıldı, Sudan fethedildi				sadi	KAYNAK	sadi✓	sadi	✓	B-TARAFSIZ-0929-ATIF-PENCEREDE	
KRONOLOJI_KUZEYAFRIKA	37	1591-06-01	Sudan seferinden ganimet: 20.000 köle, altın, fildişi	sadi	sadi✓		sadi	KAYNAK	sadi✓	sadi	✓	A-TARAF-PENCEREDE	
KRONOLOJI_KUZEYAFRIKA	38	1602-01-01	Veliahtın isyanı bastırıldı	sadi	sadi✓		sadi	KAYNAK	sadi✓	sadi	✓	A-TARAF-PENCEREDE	
KRONOLOJI_KUZEYAFRIKA	39	1603-01-01	Ahmed el-Mansûr vebadan öldü, taht kavgaları başladı	sadi	sadi✓		sadi	KAYNAK	sadi✓	sadi	✓	A-TARAF-PENCEREDE	
KRONOLOJI_KUZEYAFRIKA	40	1610-01-01	Ülke Fas ve Merakeş emirlikleri olarak fiilen ikiye bölündü	sadi	sadi✓		sadi	KAYNAK	sadi✓	sadi	✓	A-TARAF-PENCEREDE	
KRONOLOJI_KUZEYAFRIKA	41	1659-01-01	Ahmed el-Abbas öldürülerek Sâdî hanedanı sona erdi				sadi	KAYNAK	sadi✓	sadi	✓	B-TARAFSIZ-0929-ATIF-PENCEREDE	
KRONOLOJI_KUZEYAFRIKA	42	1580-01-01	Osmanlı ordu teşkilâtı örnek alınarak reform	sadi	sadi✓		sadi	KAYNAK	sadi✓	sadi	✓	A-TARAF-PENCEREDE	
KRONOLOJI_KUZEYAFRIKA	43	1593-01-01	Kasrü'l-bedî' Sarayı inşa edildi	sadi	sadi✓		sadi	KAYNAK	sadi✓	sadi	✓	A-TARAF-PENCEREDE	
KRONOLOJI_KUZEYAFRIKA	44	1595-01-01	Fransa, İngiltere, Hollanda ile ticarî ilişkiler kuruldu	sadi	sadi✓		sadi	KAYNAK	sadi✓	sadi	✓	A-TARAF-PENCEREDE	
KRONOLOJI_KUZEYAFRIKA	45	1229-01-01	Ebû Zekeriyyâ Tunus'u fethetti, Hafsî hanedanı kuruldu				hafsi	KAYNAK	hafsi✓	hafsi	✓	B-TARAFSIZ-0929-ATIF-PENCEREDE	
KRONOLOJI_KUZEYAFRIKA	46	1249-01-01	Şemmâiyye Medresesi inşa edildi				hafsi	KAYNAK	hafsi✓	hafsi	✓	B-TARAFSIZ-0929-ATIF-PENCEREDE	
KRONOLOJI_KUZEYAFRIKA	47	1270-07-18	Sekizinci Haçlı Seferi püskürtüldü	hafsi	hafsi✓		hafsi	KAYNAK	hafsi✓	hafsi	✓	A-TARAF-PENCEREDE	
KRONOLOJI_KUZEYAFRIKA	48	1287-01-01	Mehdiye Pizalı-Cenevizli korsanlarca yağmalandı	hafsi	hafsi✓		hafsi	KAYNAK	hafsi✓	hafsi	✓	A-TARAF-PENCEREDE	
KRONOLOJI_KUZEYAFRIKA	49	1334-01-01	Cerbe adası geri alındı	hafsi	hafsi✓		hafsi	KAYNAK	hafsi✓	hafsi	✓	A-TARAF-PENCEREDE	
KRONOLOJI_KUZEYAFRIKA	50	1370-01-01	I. Ebü'l-Abbas Ahmed el-Müstansır Hafsîlere yeniden itibar kazandırdı	hafsi	hafsi✓		hafsi	KAYNAK	hafsi✓	hafsi	✓	A-TARAF-PENCEREDE	
KRONOLOJI_KUZEYAFRIKA	51	1437-01-01	Müntasıriyye Medresesi inşa edildi	hafsi	hafsi✓		hafsi	KAYNAK	hafsi✓	hafsi	✓	A-TARAF-PENCEREDE	
KRONOLOJI_KUZEYAFRIKA	52	1488-01-01	Ebû Amr Osman'ın ölümü ve ikinci parlak dönemin sonu	hafsi	hafsi✓		hafsi	KAYNAK	hafsi✓	hafsi	✓	A-TARAF-PENCEREDE	
KRONOLOJI_KUZEYAFRIKA	53	1534-08-16	Barbaros Hayreddin Paşa Tunus'u fethetti	hafsi	hafsi✓		hafsi	KAYNAK	hafsi✓	hafsi	✓	A-TARAF-PENCEREDE	
KRONOLOJI_KUZEYAFRIKA	54	1535-07-21	V. Karl (Şarlken) donanmasıyla Tunus'u geri aldı	hafsi	hafsi✓		hafsi	KAYNAK	hafsi✓	hafsi	✓	A-TARAF-PENCEREDE	
KRONOLOJI_KUZEYAFRIKA	55	1574-08-24	Sinan Paşa ve Kılıç Ali Paşa Tunus'u kesin olarak fethetti	hafsi	hafsi✓			BELIRSIZ		hafsi	✓	A-TARAF-PENCEREDE	
KRONOLOJI_KUZEYAFRIKA	56	1235-01-01	Yağmurasen b. Zeyyân Tilimsan'da hanedanını kurdu					BELIRSIZ			✗	E-ATIFSIZ	merini,hafsi
KRONOLOJI_KUZEYAFRIKA	57	1299-01-01	Merînî kuşatması — şehir 120.000 can pahasına düşmedi	zeyyani	zeyyani✓		zeyyani	KAYNAK	zeyyani✓	zeyyani	✓	A-TARAF-PENCEREDE	
KRONOLOJI_KUZEYAFRIKA	58	1307-01-01	Kuşatma sonrası yeniden imar	zeyyani	zeyyani✓		zeyyani	KAYNAK	zeyyani✓	zeyyani	✓	A-TARAF-PENCEREDE	
KRONOLOJI_KUZEYAFRIKA	59	1318-01-01	I. Ebû Taşfin döneminde mimari gelişme	zeyyani	zeyyani✓		zeyyani	KAYNAK	zeyyani✓	zeyyani	✓	A-TARAF-PENCEREDE	
KRONOLOJI_KUZEYAFRIKA	60	1337-01-01	Merînîler Tilimsan'ı ele geçirdi				zeyyani	KAYNAK	zeyyani✓	zeyyani	✓	B-TARAFSIZ-0929-ATIF-PENCEREDE	
KRONOLOJI_KUZEYAFRIKA	61	1348-01-01	Abdülvâdîler Tilimsan'ı geri aldı	zeyyani	zeyyani✓		zeyyani	KAYNAK	zeyyani✓	zeyyani	✓	A-TARAF-PENCEREDE	
KRONOLOJI_KUZEYAFRIKA	62	1352-01-01	Merînîler Tilimsan'ı ikinci kez aldı	zeyyani	zeyyani✓		zeyyani	KAYNAK	zeyyani✓	zeyyani	✓	A-TARAF-PENCEREDE	
KRONOLOJI_KUZEYAFRIKA	63	1360-01-01	Merînî harekâtı başarısız kaldı, Abdülvâdîler kalıcı bağımsızlığını kazandı	zeyyani	zeyyani✓		zeyyani	KAYNAK	zeyyani✓	zeyyani	✓	A-TARAF-PENCEREDE	
KRONOLOJI_KUZEYAFRIKA	64	1430-01-01	İç kale surları yeniden yaptırıldı	zeyyani	zeyyani✓		zeyyani	KAYNAK	zeyyani✓	zeyyani	✓	A-TARAF-PENCEREDE	
KRONOLOJI_KUZEYAFRIKA	65	1511-01-01	Şehir İspanyollar tarafından ele geçirildi	zeyyani	zeyyani✓		zeyyani	KAYNAK	zeyyani✓	zeyyani	✓	A-TARAF-PENCEREDE	
KRONOLOJI_KUZEYAFRIKA	66	1517-01-01	Oruç Reis şehri İspanyol işgalinden kurtardı	zeyyani	zeyyani✓		zeyyani	KAYNAK	zeyyani✓	zeyyani	✓	A-TARAF-PENCEREDE	
KRONOLOJI_KUZEYAFRIKA	67	1529-01-01	Hızır Reis (Barbaros) şehri zaptedip yerel hanedana bıraktı	zeyyani	zeyyani✓		zeyyani	KAYNAK	zeyyani✓	zeyyani	✓	A-TARAF-PENCEREDE	
KRONOLOJI_KUZEYAFRIKA	68	1541-01-01	Taht kavgası, İspanya müdahale etti	zeyyani	zeyyani✓		zeyyani	KAYNAK	zeyyani✓	zeyyani	✓	A-TARAF-PENCEREDE	
KRONOLOJI_KUZEYAFRIKA	69	1543-01-01	İspanyollar şehri yirmi gün yağmaladı	zeyyani	zeyyani✓		zeyyani	KAYNAK	zeyyani✓	zeyyani	✓	A-TARAF-PENCEREDE	
KRONOLOJI_KUZEYAFRIKA	70	1554-01-01	Sâlih Reis Tilimsan'ı kesin olarak fethetti, hanedan sona erdi				zeyyani	KAYNAK	zeyyani✗		✗	C-0929-ATIF-PENCERE-DISI	
KRONOLOJI_KUZEYAFRIKA	71	1551-08-15	Sinan Paşa'nın donanması Trablus'u fethetti				trablusgarp-ocagi	KAYNAK	trablusgarp-ocagi✓	trablusgarp-ocagi	✓	B-TARAFSIZ-0929-ATIF-PENCEREDE	
KRONOLOJI_KUZEYAFRIKA	72	1556-01-01	Turgut Reis beylerbeyi atandı	trablusgarp-ocagi	trablusgarp-ocagi✓		trablusgarp-ocagi	KAYNAK	trablusgarp-ocagi✓	trablusgarp-ocagi	✓	A-TARAF-PENCEREDE	
KRONOLOJI_KUZEYAFRIKA	73	1711-01-01	Ahmed Karamanlı özerk hanedanlığını kurdu	trablusgarp-ocagi	trablusgarp-ocagi✓		trablusgarp-ocagi	KAYNAK	trablusgarp-ocagi✓	trablusgarp-ocagi	✓	A-TARAF-PENCEREDE	
KRONOLOJI_KUZEYAFRIKA	74	1801-05-14	ABD ile Birinci Barbary Savaşı başladı	trablusgarp-ocagi	trablusgarp-ocagi✓		trablusgarp-ocagi	KAYNAK	trablusgarp-ocagi✓	trablusgarp-ocagi	✓	A-TARAF-PENCEREDE	
KRONOLOJI_KUZEYAFRIKA	75	1805-06-10	Barbary Savaşı Trablus lehine sona erdi	trablusgarp-ocagi	trablusgarp-ocagi✓		trablusgarp-ocagi	KAYNAK	trablusgarp-ocagi✓	trablusgarp-ocagi	✓	A-TARAF-PENCEREDE	
KRONOLOJI_KUZEYAFRIKA	76	1835-01-01	Osmanlı doğrudan idareyi yeniden tesis etti	trablusgarp-ocagi	trablusgarp-ocagi✓		trablusgarp-ocagi	KAYNAK	trablusgarp-ocagi✓	trablusgarp-ocagi	✓	A-TARAF-PENCEREDE	
KRONOLOJI_KUZEYAFRIKA	77	1911-09-29	İtalya Osmanlı'ya savaş ilan etti	trablusgarp-ocagi	trablusgarp-ocagi✓		trablusgarp-ocagi	KAYNAK	trablusgarp-ocagi✓	trablusgarp-ocagi	✓	A-TARAF-PENCEREDE	
KRONOLOJI_KUZEYAFRIKA	78	1911-10-09	Trablus şehri İtalyan işgaline düştü				trablusgarp-ocagi	KAYNAK	trablusgarp-ocagi✓	trablusgarp-ocagi	✓	B-TARAFSIZ-0929-ATIF-PENCEREDE	
KRONOLOJI_KUZEYAFRIKA	79	1911-10-16	Derne İtalyan işgaline girdi					BELIRSIZ			✗	E-ATIFSIZ	YOK
KRONOLOJI_KUZEYAFRIKA	80	1911-10-21	Bingazi İtalyan işgaline girdi					BELIRSIZ			✗	E-ATIFSIZ	YOK
KRONOLOJI_KUZEYAFRIKA	81	1911-12-01	Enver Bey direniş karargâhını üstlendi					BELIRSIZ			✗	E-ATIFSIZ	YOK
KRONOLOJI_KUZEYAFRIKA	82	1912-10-18	Uşi Antlaşması — Osmanlı hâkimiyeti resmen sona erdi					BELIRSIZ			✗	E-ATIFSIZ	YOK
KRONOLOJI_ORTA_ASYA	0	1438-01-01	Uluğ Muhammed Belev'de II. Vasili'yi yendi — Kazan'a giden yol açıldı	kazan	kazan✓		kazan	KAYNAK	kazan✓	kazan	✓	A-TARAF-PENCEREDE	
KRONOLOJI_ORTA_ASYA	1	1439-01-01	Uluğ Muhammed'in ilk Moskova seferi netice vermedi	kazan	kazan✓		kazan	KAYNAK	kazan✓	kazan	✓	A-TARAF-PENCEREDE	
KRONOLOJI_ORTA_ASYA	2	1445-07-07	SUZDAL SAVAŞI — Büyük Knez II. Vasili esir düştü	kazan	kazan✓		kazan	KAYNAK	kazan✓	kazan	✓	A-TARAF-PENCEREDE	
KRONOLOJI_ORTA_ASYA	3	1445-08-01	Kāsım Hanlığı'nın kurulmasına Moskova rıza gösterdi	kazan	kazan✓		kazan	KAYNAK	kazan✓	kazan	✓	A-TARAF-PENCEREDE	
KRONOLOJI_ORTA_ASYA	4	1445-09-01	Mahmud (Mahmutek) tahta çıktı — hanlığın kuruluş süreci tamamlandı	kazan	kazan✓		kazan	KAYNAK	kazan✓	kazan	✓	A-TARAF-PENCEREDE	
KRONOLOJI_ORTA_ASYA	5	1462-01-01	Halil Han tahta çıktı	kazan	kazan✓		kazan	KAYNAK	kazan✓	kazan	✓	A-TARAF-PENCEREDE	
KRONOLOJI_ORTA_ASYA	6	1467-01-01	İbrâhim Han kardeşini indirdi — Kazan'da taht kavgaları başladı	kazan	kazan✓		kazan	KAYNAK	kazan✓	kazan	✓	A-TARAF-PENCEREDE	
KRONOLOJI_ORTA_ASYA	7	1467-10-01	Kāsım'ın ve III. İvan'ın Kazan hücumu püskürtüldü	kazan	kazan✓		kazan	KAYNAK	kazan✓	kazan	✓	A-TARAF-PENCEREDE	
KRONOLOJI_ORTA_ASYA	8	1468-01-01	Nijniy Novgorod bozgunu — İbrâhim Rus baskınını ağır yenilgiyle cevapladı	kazan	kazan✓		kazan	KAYNAK	kazan✓	kazan	✓	A-TARAF-PENCEREDE	
KRONOLOJI_ORTA_ASYA	9	1487-07-09	KAZAN İLK DEFA RUS İŞGALİNE UĞRADI — başşehir düştü	kazan	kazan✓		kazan	KAYNAK	kazan✓	kazan	✓	A-TARAF-PENCEREDE	
KRONOLOJI_ORTA_ASYA	10	1487-07-10	Han seçme hakkı Moskova'nın onayına bağlandı	kazan	kazan✓		kazan	KAYNAK	kazan✓	kazan	✓	A-TARAF-PENCEREDE	
KRONOLOJI_ORTA_ASYA	11	1502-01-02	Muhammed Emin üçüncü defa Kazan tahtına çıkarıldı	kazan	kazan✓		kazan	KAYNAK	kazan✓	kazan	✓	A-TARAF-PENCEREDE	
KRONOLOJI_ORTA_ASYA	12	1505-01-01	Muhammed Emin beklenmedik biçimde Moskova'ya karşı sefer açtı	kazan	kazan✓		kazan	KAYNAK	kazan✓	kazan	✓	A-TARAF-PENCEREDE	
KRONOLOJI_ORTA_ASYA	13	1506-05-22	Rus ordusu Kazan önünde bozguna uğradı	kazan	kazan✓		kazan	KAYNAK	kazan✓	kazan	✓	A-TARAF-PENCEREDE	
KRONOLOJI_ORTA_ASYA	14	1506-06-22	İkinci Rus ordusu da mağlûp edildi	kazan	kazan✓		kazan	KAYNAK	kazan✓	kazan	✓	A-TARAF-PENCEREDE	
KRONOLOJI_ORTA_ASYA	15	1507-01-01	Kazan'da Türkçe bir tefsir kitabı yazıldı	kazan	kazan✓		kazan	KAYNAK	kazan✓	kazan	✓	A-TARAF-PENCEREDE	
KRONOLOJI_ORTA_ASYA	16	1519-01-01	Şah Ali tahta geçti — Moskova'nın adayı geri döndü	kazan	kazan✓		kazan	KAYNAK	kazan✓	kazan	✓	A-TARAF-PENCEREDE	
KRONOLOJI_ORTA_ASYA	17	1523-01-02	Kırım-Kazan iş birliği sona erdi	kazan	kazan✓		kazan	KAYNAK	kazan✓	kazan	✓	A-TARAF-PENCEREDE	
KRONOLOJI_ORTA_ASYA	18	1524-01-01	Rus kuşatması sonuçsuz kaldı	kazan	kazan✓		kazan	KAYNAK	kazan✓	kazan	✓	A-TARAF-PENCEREDE	
KRONOLOJI_ORTA_ASYA	19	1530-01-01	İkinci kuşatma Kazan'ı vergiye bağladı	kazan	kazan✓		kazan	KAYNAK	kazan✓	kazan	✓	A-TARAF-PENCEREDE	
KRONOLOJI_ORTA_ASYA	20	1539-01-01	Muhammed Yâr'ın Tuhfe-i Merdân'ı yazıldı	kazan	kazan✓		kazan	KAYNAK	kazan✓	kazan	✓	A-TARAF-PENCEREDE	
KRONOLOJI_ORTA_ASYA	21	1542-01-01	Muhammed Yâr'ın Nûr-i Sudûr'u tamamlandı	kazan	kazan✓		kazan	KAYNAK	kazan✓	kazan	✓	A-TARAF-PENCEREDE	
KRONOLOJI_ORTA_ASYA	22	1548-01-01	Çocuk han Ütemiş Giray tahta çıkarıldı, idare Süyünbike'ye kaldı	kazan	kazan✓		kazan	KAYNAK	kazan✓	kazan	✓	A-TARAF-PENCEREDE	
KRONOLOJI_ORTA_ASYA	23	1550-01-01	Süyünbike Kazan'da bir kütüphane kurdu	kazan	kazan✓		kazan	KAYNAK	kazan✓	kazan	✓	A-TARAF-PENCEREDE	
KRONOLOJI_ORTA_ASYA	24	1551-01-01	Süyünbike ile oğlu Ütemiş Giray Moskova'ya teslim edildi	kazan	kazan✓		kazan	KAYNAK	kazan✓	kazan	✓	A-TARAF-PENCEREDE	
KRONOLOJI_ORTA_ASYA	25	1551-06-01	Sviyajsk kalesi kuruldu — Kazan'ın karşı yakasına Rus üssü	kazan	kazan✓			BELIRSIZ		kazan	✓	A-TARAF-PENCEREDE	
KRONOLOJI_ORTA_ASYA	26	1552-01-15	Yâdigâr Han Kazan tahtına davet edildi — son direniş	kazan	kazan✓		kazan	KAYNAK	kazan✓	kazan	✓	A-TARAF-PENCEREDE	
KRONOLOJI_ORTA_ASYA	27	1552-08-20	IV. İvan 150.000 asker ve 150 topla Kazan'a ulaştı	kazan	kazan✓		kazan	KAYNAK	kazan✓	kazan	✓	A-TARAF-PENCEREDE	
KRONOLOJI_ORTA_ASYA	28	1552-10-15	Kazan'ın düşüşü — Orta İdil'de dokuz asırlık Türk hâkimiyeti bitti					BELIRSIZ			✗	E-ATIFSIZ	astarhan,nogay,sibir-hanligi,kazak-hanligi,mogulistan,yarkent-hanligi
KRONOLOJI_ORTA_ASYA	29	1552-10-16	Kazan direnişi şehrin düşüşünden sonra da sürdü					BELIRSIZ			✗	E-ATIFSIZ	astarhan,nogay,sibir-hanligi,kazak-hanligi,mogulistan,yarkent-hanligi
KRONOLOJI_ORTA_ASYA	30	1466-01-02	Kāsım Han'ın saltanatı başladı — hanlığın en uzun huzur devri	astarhan	astarhan✓		astarhan	KAYNAK	astarhan✓	astarhan	✓	A-TARAF-PENCEREDE	
KRONOLOJI_ORTA_ASYA	31	1490-01-01	Abdülkerim Han tahta çıktı	astarhan	astarhan✓		astarhan	KAYNAK	astarhan✓	astarhan	✓	A-TARAF-PENCEREDE	
KRONOLOJI_ORTA_ASYA	32	1502-06-01	Saray'ın yıkılışından sonra Astarhan Kırım nüfuzuna girdi	astarhan	astarhan✓		astarhan	KAYNAK	astarhan✓	astarhan	✓	A-TARAF-PENCEREDE	
KRONOLOJI_ORTA_ASYA	33	1554-01-01	Derviş Han Rus desteğiyle Astarhan tahtına oturtuldu	astarhan	astarhan✓		astarhan	KAYNAK	astarhan✓	astarhan	✓	A-TARAF-PENCEREDE	
KRONOLOJI_ORTA_ASYA	34	1556-06-02	Astarhan hanedanı Buhara'ya sığındı — Canoğulları hânedanı doğdu					BELIRSIZ			✗	E-ATIFSIZ	nogay,sibir-hanligi,kazak-hanligi,mogulistan,yarkent-hanligi
KRONOLOJI_ORTA_ASYA	35	1557-01-01	Hac yolu kapandı — Orta Asya müslümanları İstanbul'a elçi gönderdi					BELIRSIZ			✗	E-ATIFSIZ	nogay,sibir-hanligi,kazak-hanligi,mogulistan,yarkent-hanligi
KRONOLOJI_ORTA_ASYA	36	1569-04-01	Don-Volga kanalı projesi arazide çöktü					BELIRSIZ			✗	E-ATIFSIZ	nogay,sibir-hanligi,kazak-hanligi,mogulistan,yarkent-hanligi
KRONOLOJI_ORTA_ASYA	37	1578-01-01	III. Murad'ın Rus çarı nezdindeki teşebbüsleri sonuç vermedi					BELIRSIZ			✗	E-ATIFSIZ	nogay,sibir-hanligi,kazak-hanligi,mogulistan,yarkent-hanligi
KRONOLOJI_ORTA_ASYA	38	1420-06-01	Edige'nin ölümü — oğulları Mangıt beyliğini kurdu					BELIRSIZ			✗	E-ATIFSIZ	mogulistan
KRONOLOJI_ORTA_ASYA	39	1500-01-01	Mûsâ Mirza Nogayların beyi olarak anılmaya başlandı	nogay	nogay✓		nogay	KAYNAK	nogay✓	nogay	✓	A-TARAF-PENCEREDE	
KRONOLOJI_ORTA_ASYA	40	1554-01-01	Yûsuf Mirza öldürüldü — orda Osmanlı ve Moskova taraftarı diye ikiye bölündü	nogay	nogay✓		nogay	KAYNAK	nogay✓	nogay	✓	A-TARAF-PENCEREDE	
KRONOLOJI_ORTA_ASYA	41	1557-01-01	KÜÇÜK NOGAY ORDASI kuruldu — Kadı Mirza İdil'i geçti				nogay	KAYNAK	nogay✓	nogay	✓	B-TARAFSIZ-0929-ATIF-PENCEREDE	
KRONOLOJI_ORTA_ASYA	42	1560-01-01	BUCAK ORDASI kuruldu — Nogaylar Basarabya'ya taşındı	nogay	nogay✓		nogay	KAYNAK	nogay✓	nogay	✓	A-TARAF-PENCEREDE	
KRONOLOJI_ORTA_ASYA	43	1563-01-01	İsmâil ve Tin Ahmed Mirza devrinde Rus baskısı sürdü	nogay	nogay✓		nogay	KAYNAK	nogay✓	nogay	✓	A-TARAF-PENCEREDE	
KRONOLOJI_ORTA_ASYA	44	1569-06-01	Nogaylar Astarhan seferini istediler ama yardım etmediler	nogay	nogay✓		nogay	KAYNAK	nogay✓	nogay	✓	A-TARAF-PENCEREDE	
KRONOLOJI_ORTA_ASYA	45	1578-01-02	Urus Mirza Rus baskısına direndi	nogay	nogay✓		nogay	KAYNAK	nogay✓	nogay	✓	A-TARAF-PENCEREDE	
KRONOLOJI_ORTA_ASYA	46	1586-01-01	Moskova, Nogayları kuşatmak için Samara ve Ufa'yı kurdu				nogay	KAYNAK	nogay✓	nogay	✓	B-TARAFSIZ-0929-ATIF-PENCEREDE	
KRONOLOJI_ORTA_ASYA	47	1589-01-01	Tsaritsyn kalesi kuruldu	nogay	nogay✓		nogay	KAYNAK	nogay✓	nogay	✓	A-TARAF-PENCEREDE	
KRONOLOJI_ORTA_ASYA	48	1590-01-01	Saratov kalesi kuruldu — İdil hattı tamamlandı	nogay	nogay✓		nogay	KAYNAK	nogay✓	nogay	✓	A-TARAF-PENCEREDE	
KRONOLOJI_ORTA_ASYA	49	1600-01-01	İşterek Mirza Kırım'ı atlayıp doğrudan Osmanlı ile görüşmek istedi	nogay	nogay✓		nogay	KAYNAK	nogay✓	nogay	✓	A-TARAF-PENCEREDE	
KRONOLOJI_ORTA_ASYA	50	1630-01-01	Kalmuk istilâsı Nogayları böldü	nogay	nogay✓		nogay	KAYNAK	nogay✓	nogay	✓	A-TARAF-PENCEREDE	
KRONOLOJI_ORTA_ASYA	51	1644-01-01	Kabarda seferi — Kafkas ve Nogay güçleri Kalmukları yendi	nogay	nogay✓		nogay	KAYNAK	nogay✓	nogay	✓	A-TARAF-PENCEREDE	
KRONOLOJI_ORTA_ASYA	52	1700-01-01	Nogaylar dört ayrı ordaya bölünmüş hâlde Kırım'a bağlandı	nogay	nogay✓		nogay	KAYNAK	nogay✓	nogay	✓	A-TARAF-PENCEREDE	
KRONOLOJI_ORTA_ASYA	53	1783-07-01	SUVAROV KIYIMI — Nogay direnişi ezildi					BELIRSIZ			✗	E-ATIFSIZ	kazak-hanligi,turkmen
KRONOLOJI_ORTA_ASYA	54	1850-01-01	Kuban ve Stavropol Nogaylarının Osmanlı topraklarına göçü başladı					BELIRSIZ			✗	E-ATIFSIZ	turkmen
KRONOLOJI_ORTA_ASYA	55	1865-01-01	Kitlesel göç sona erdi — Nogaylar Anadolu'ya iskân edildi					BELIRSIZ			✗	E-ATIFSIZ	yakub-beg,turkmen
KRONOLOJI_ORTA_ASYA	56	1922-04-01	Nogay kurultayı Açikulak'ta toplandı — Dağıstan'da kalma kararı					BELIRSIZ			✗	E-ATIFSIZ	YOK
KRONOLOJI_ORTA_ASYA	57	1420-01-02	Şeybânî Hacı Muhammed Tura'da hanlığı kurdu					BELIRSIZ			✗	E-ATIFSIZ	mogulistan
KRONOLOJI_ORTA_ASYA	58	1481-01-01	İbak Han, Büyük Orda Hanı Ahmed ile mücadeleye girdi	sibir-hanligi	sibir-hanligi✓		sibir-hanligi	KAYNAK	sibir-hanligi✓	sibir-hanligi	✓	A-TARAF-PENCEREDE	
KRONOLOJI_ORTA_ASYA	59	1483-01-01	İbak Han III. İvan ile ittifak antlaşması imzaladı	sibir-hanligi	sibir-hanligi✓		sibir-hanligi	KAYNAK	sibir-hanligi✓	sibir-hanligi	✓	A-TARAF-PENCEREDE	
KRONOLOJI_ORTA_ASYA	60	1493-01-01	İbak Han öldürüldü — taht Şeybânîlerden Tayboğa soyuna geçti	sibir-hanligi	sibir-hanligi✓		sibir-hanligi	KAYNAK	sibir-hanligi✓	sibir-hanligi	✓	A-TARAF-PENCEREDE	
KRONOLOJI_ORTA_ASYA	61	1495-01-01	Başşehir İsker'e taşındı — hanlık artık SİBİR HANLIĞI	sibir-hanligi	sibir-hanligi✓		sibir-hanligi	KAYNAK	sibir-hanligi✓	sibir-hanligi	✓	A-TARAF-PENCEREDE	
KRONOLOJI_ORTA_ASYA	62	1552-11-01	Ediger Han Moskova'ya elçi gönderip Rus hâkimiyetini kabul etti	sibir-hanligi	sibir-hanligi✓		sibir-hanligi	KAYNAK	sibir-hanligi✓	sibir-hanligi	✓	A-TARAF-PENCEREDE	
KRONOLOJI_ORTA_ASYA	63	1563-01-01	KÜÇÜM HAN İsker'i ele geçirdi — Şeybânî hânedanı geri döndü				sibir-hanligi	KAYNAK	sibir-hanligi✓	sibir-hanligi	✓	B-TARAFSIZ-0929-ATIF-PENCEREDE	
KRONOLOJI_ORTA_ASYA	64	1570-01-01	Küçüm Han Kazan'dan din âlimleri getirtti — Sibirya'nın İslâmlaşması	sibir-hanligi	sibir-hanligi✓		sibir-hanligi	KAYNAK	sibir-hanligi✓	sibir-hanligi	✓	A-TARAF-PENCEREDE	
KRONOLOJI_ORTA_ASYA	65	1572-01-01	Küçüm Han Ruslara vergi ödemeyi kabul etti	sibir-hanligi	sibir-hanligi✓		sibir-hanligi	KAYNAK	sibir-hanligi✓	sibir-hanligi	✓	A-TARAF-PENCEREDE	
KRONOLOJI_ORTA_ASYA	66	1573-01-01	Çarlık elçisi öldürüldü, Muhammed Kul Perm'e gönderildi	sibir-hanligi	sibir-hanligi✓		sibir-hanligi	KAYNAK	sibir-hanligi✓	sibir-hanligi	✓	A-TARAF-PENCEREDE	
KRONOLOJI_ORTA_ASYA	67	1581-07-01	Babahasan çarpışması — tüfekli Kazaklar karşısında ilk yenilgi	sibir-hanligi	sibir-hanligi✓		sibir-hanligi	KAYNAK	sibir-hanligi✓	sibir-hanligi	✓	A-TARAF-PENCEREDE	
KRONOLOJI_ORTA_ASYA	68	1581-09-14	Yermak Atık şehrini istilâ etti	sibir-hanligi	sibir-hanligi✓		sibir-hanligi	KAYNAK	sibir-hanligi✓	sibir-hanligi	✓	A-TARAF-PENCEREDE	
KRONOLOJI_ORTA_ASYA	69	1581-10-23	ÇUAŞ BURNU SAVAŞI — Küçüm'ün ordusu dağıldı	sibir-hanligi	sibir-hanligi✓		sibir-hanligi	KAYNAK	sibir-hanligi✓	sibir-hanligi	✓	A-TARAF-PENCEREDE	
KRONOLOJI_ORTA_ASYA	70	1581-12-22	Yermak Moskova'ya heyet gönderip Sibirya'yı çara sundu	sibir-hanligi	sibir-hanligi✓		sibir-hanligi	KAYNAK	sibir-hanligi✓	sibir-hanligi	✓	A-TARAF-PENCEREDE	
KRONOLOJI_ORTA_ASYA	71	1584-08-06	Küçüm Han baskınla Yermak'ı öldürdü	sibir-hanligi	sibir-hanligi✓		sibir-hanligi	KAYNAK	sibir-hanligi✓	sibir-hanligi	✓	A-TARAF-PENCEREDE	
KRONOLOJI_ORTA_ASYA	72	1586-07-29	Ruslar Tara yakınına yerleşti; Tümen ve Tobolsk kuruldu	sibir-hanligi	sibir-hanligi✓		sibir-hanligi	KAYNAK	sibir-hanligi✓	sibir-hanligi	✓	A-TARAF-PENCEREDE	
KRONOLOJI_ORTA_ASYA	73	1591-08-01	Küçüm'ün ordusu dağıtıldı, oğlu Ebülhayr esir alındı	sibir-hanligi	sibir-hanligi✓		sibir-hanligi	KAYNAK	sibir-hanligi✓	sibir-hanligi	✓	A-TARAF-PENCEREDE	
KRONOLOJI_ORTA_ASYA	74	1592-01-01	Pilim, Berezov ve Surgut kuruldu — kale hattı kuzeye uzandı	sibir-hanligi	sibir-hanligi✓		sibir-hanligi	KAYNAK	sibir-hanligi✓	sibir-hanligi	✓	A-TARAF-PENCEREDE	
KRONOLOJI_ORTA_ASYA	75	1595-03-17	Baraba bozkırı işgal edildi	sibir-hanligi	sibir-hanligi✓		sibir-hanligi	KAYNAK	sibir-hanligi✓	sibir-hanligi	✓	A-TARAF-PENCEREDE	
KRONOLOJI_ORTA_ASYA	76	1598-08-20	KÜÇÜM HAN'IN SON SAVAŞI — Sibir Hanlığı sona erdi				sibir-hanligi	KAYNAK	sibir-hanligi✓	sibir-hanligi	✓	B-TARAFSIZ-0929-ATIF-PENCEREDE	
KRONOLOJI_ORTA_ASYA	77	1601-01-01	Küçüm Han Nogayların yanında öldürüldü					BELIRSIZ			✗	E-ATIFSIZ	nogay,kazak-hanligi,mogulistan,yarkent-hanligi,turkmen
KRONOLOJI_ORTA_ASYA	78	1590-01-02	Seyfi Çelebi Küçüm Han'ı Osmanlı sarayına tanıttı	sibir-hanligi	sibir-hanligi✓		sibir-hanligi	KAYNAK	sibir-hanligi✓	sibir-hanligi	✓	A-TARAF-PENCEREDE	
KRONOLOJI_ORTA_ASYA	79	1604-01-01	Sibirya'nın zaptı tamamlandı — çarın unvanına yeni bir ibare eklendi					BELIRSIZ			✗	E-ATIFSIZ	nogay,kazak-hanligi,mogulistan,yarkent-hanligi,turkmen
KRONOLOJI_ORTA_ASYA	80	1560-01-02	Sibir Hanlığı'nın ticaret ağı: Orta Asya'dan kumaş, hanlıktan kürk	sibir-hanligi	sibir-hanligi✓		sibir-hanligi	KAYNAK	sibir-hanligi✓	sibir-hanligi	✓	A-TARAF-PENCEREDE	
KRONOLOJI_ORTA_ASYA	81	1465-01-02	Ebülhayr'a tâbi olmayan boylar Çu ile Talas arasına çekildi — Kazak adı doğdu	kazak-hanligi	kazak-hanligi✓			BELIRSIZ		kazak-hanligi	✓	A-TARAF-PENCEREDE	
KRONOLOJI_ORTA_ASYA	82	1480-01-01	Burunduk Han'ın merkezî idare kurma teşebbüsü başarısız oldu	kazak-hanligi	kazak-hanligi✓		kazak-hanligi	KAYNAK	kazak-hanligi✓	kazak-hanligi	✓	A-TARAF-PENCEREDE	
KRONOLOJI_ORTA_ASYA	83	1503-01-01	KASIM HAN birliği sağladı — ilk birleşik Kazak Hanlığı	kazak-hanligi	kazak-hanligi✓			BELIRSIZ		kazak-hanligi	✓	A-TARAF-PENCEREDE	
KRONOLOJI_ORTA_ASYA	84	1523-01-01	Tâhir Han devrinde merkezî idare bozuldu — üç cüz yeniden ayrıldı	kazak-hanligi	kazak-hanligi✓		kazak-hanligi	KAYNAK	kazak-hanligi✓	kazak-hanligi	✓	A-TARAF-PENCEREDE	
KRONOLOJI_ORTA_ASYA	85	1538-01-01	HAK NAZAR HAN cüzleri yeniden merkezî otorite altında topladı	kazak-hanligi	kazak-hanligi✓		kazak-hanligi	KAYNAK	kazak-hanligi✓	kazak-hanligi	✓	A-TARAF-PENCEREDE	
KRONOLOJI_ORTA_ASYA	86	1570-01-01	Hak Nazar Taşkent'i işgal etti — Özbeklere karşı üstünlük	kazak-hanligi	kazak-hanligi✓		kazak-hanligi	KAYNAK	kazak-hanligi✓	kazak-hanligi	✓	A-TARAF-PENCEREDE	
KRONOLOJI_ORTA_ASYA	87	1575-01-01	Oyratların ilk büyük Kazak seferi püskürtüldü	kazak-hanligi	kazak-hanligi✓		kazak-hanligi	KAYNAK	kazak-hanligi✓	kazak-hanligi	✓	A-TARAF-PENCEREDE	
KRONOLOJI_ORTA_ASYA	88	1583-01-01	Tevekkel Han tahta çıktı — güneye genişleme siyaseti sürdü	kazak-hanligi	kazak-hanligi✓		kazak-hanligi	KAYNAK	kazak-hanligi✓	kazak-hanligi	✓	A-TARAF-PENCEREDE	
KRONOLOJI_ORTA_ASYA	89	1594-01-01	Tevekkel Han Taşkent, Yesi ve Semerkant'ı ele geçirdi	kazak-hanligi	kazak-hanligi✓		kazak-hanligi	KAYNAK	kazak-hanligi✓	kazak-hanligi	✓	A-TARAF-PENCEREDE	
KRONOLOJI_ORTA_ASYA	90	1598-01-02	Tevekkel Han Buhara önünde II. Abdullah'a yenildi	kazak-hanligi	kazak-hanligi✓		kazak-hanligi	KAYNAK	kazak-hanligi✓	kazak-hanligi	✓	A-TARAF-PENCEREDE	
KRONOLOJI_ORTA_ASYA	91	1598-06-01	Oras Muhammed Han Batı Sibirya'da esir düştü — Ruslar Kazakları Küçüm'e karşı kullandı	kazak-hanligi	kazak-hanligi✓		kazak-hanligi	KAYNAK	kazak-hanligi✓	kazak-hanligi	✓	A-TARAF-PENCEREDE	
KRONOLOJI_ORTA_ASYA	92	1598-12-01	İşim Han tahta çıktı — Oyrat ve Rus baskısının başladığı devir	kazak-hanligi	kazak-hanligi✓		kazak-hanligi	KAYNAK	kazak-hanligi✓	kazak-hanligi	✓	A-TARAF-PENCEREDE	
KRONOLOJI_ORTA_ASYA	93	1635-01-02	Khu Urluk'un Kalmukları Kazak bozkırını yağmaladı	kazak-hanligi	kazak-hanligi✓		kazak-hanligi	KAYNAK	kazak-hanligi✓	kazak-hanligi	✓	A-TARAF-PENCEREDE	
KRONOLOJI_ORTA_ASYA	94	1680-01-02	TAVKE HAN — Jeti Jargı ile Türk töresi yazıya geçirildi	kazak-hanligi	kazak-hanligi✓		kazak-hanligi	KAYNAK	kazak-hanligi✓	kazak-hanligi	✓	A-TARAF-PENCEREDE	
KRONOLOJI_ORTA_ASYA	95	1710-01-02	Cungarlar Doğu Türkistan ve Taşkent'i alarak Kazakların üzerine döndü	kazak-hanligi	kazak-hanligi✓		kazak-hanligi	KAYNAK	kazak-hanligi✓	kazak-hanligi	✓	A-TARAF-PENCEREDE	
KRONOLOJI_ORTA_ASYA	96	1723-01-01	BÜYÜK CÜZ Kalmuklara boyun eğdi — Aktaban Şubırındı yılları	kazak-hanligi	kazak-hanligi✓		kazak-hanligi	KAYNAK	kazak-hanligi✓	kazak-hanligi	✓	A-TARAF-PENCEREDE	
KRONOLOJI_ORTA_ASYA	97	1731-10-10	HAN ŞÛRASI — Rus himayesi reddedildi ama kale izni verildi	kazak-hanligi	kazak-hanligi✓		kazak-hanligi	KAYNAK	kazak-hanligi✓	kazak-hanligi	✓	A-TARAF-PENCEREDE	
KRONOLOJI_ORTA_ASYA	98	1735-01-01	ORENBURG KALESİ tamamlandı — ve amaç dışı kullanıldı	kazak-hanligi	kazak-hanligi✓		kazak-hanligi	KAYNAK	kazak-hanligi✓	kazak-hanligi	✓	A-TARAF-PENCEREDE	
KRONOLOJI_ORTA_ASYA	99	1739-01-01	Abılay Han Çin tehdidine karşı Ruslardan yardım istedi	kazak-hanligi	kazak-hanligi✓		kazak-hanligi	KAYNAK	kazak-hanligi✓	kazak-hanligi	✓	A-TARAF-PENCEREDE	
KRONOLOJI_ORTA_ASYA	100	1748-01-01	Ebülhayr Han öldürüldü — yerine Nur Ali geçti	kazak-hanligi	kazak-hanligi✓		kazak-hanligi	KAYNAK	kazak-hanligi✓	kazak-hanligi	✓	A-TARAF-PENCEREDE	
KRONOLOJI_ORTA_ASYA	101	1756-09-02	Kazakların Ural'ın sağ yakasına geçmesi yasaklandı	kazak-hanligi	kazak-hanligi✓		kazak-hanligi	KAYNAK	kazak-hanligi✓	kazak-hanligi	✓	A-TARAF-PENCEREDE	
KRONOLOJI_ORTA_ASYA	102	1760-01-01	Ural kıyıları yasak bölge ilân edildi — küçük cüzde düşmanlık açığa çıktı	kazak-hanligi	kazak-hanligi✓		kazak-hanligi	KAYNAK	kazak-hanligi✓	kazak-hanligi	✓	A-TARAF-PENCEREDE	
KRONOLOJI_ORTA_ASYA	103	1773-10-01	Kazaklar Pugaçev isyanını desteklediler	kazak-hanligi	kazak-hanligi✓		kazak-hanligi	KAYNAK	kazak-hanligi✓	kazak-hanligi	✓	A-TARAF-PENCEREDE	
KRONOLOJI_ORTA_ASYA	104	1775-01-01	Abılay Han Sayram, Çimkent ve Suzak'ı yönetimine aldı	kazak-hanligi	kazak-hanligi✓		kazak-hanligi	KAYNAK	kazak-hanligi✓	kazak-hanligi	✓	A-TARAF-PENCEREDE	
KRONOLOJI_ORTA_ASYA	105	1781-01-02	Abılay Han vefat etti — huzur dönemi bitti	kazak-hanligi	kazak-hanligi✓		kazak-hanligi	KAYNAK	kazak-hanligi✓	kazak-hanligi	✓	A-TARAF-PENCEREDE	
KRONOLOJI_ORTA_ASYA	106	1782-04-20	Abdullah Han bir seyahat sırasında Ruslar tarafından esir alındı	kazak-hanligi	kazak-hanligi✓		kazak-hanligi	KAYNAK	kazak-hanligi✓	kazak-hanligi	✓	A-TARAF-PENCEREDE	
KRONOLOJI_ORTA_ASYA	107	1783-09-01	SIRIM BATUR ayaklanması ilk zaferini kazandı	kazak-hanligi	kazak-hanligi✓		kazak-hanligi	KAYNAK	kazak-hanligi✓	kazak-hanligi	✓	A-TARAF-PENCEREDE	
KRONOLOJI_ORTA_ASYA	108	1785-01-01	Igelstrom kurultayı — Sırım Batur başkanlığında taht şûrası kuruldu	kazak-hanligi	kazak-hanligi✓		kazak-hanligi	KAYNAK	kazak-hanligi✓	kazak-hanligi	✓	A-TARAF-PENCEREDE	
KRONOLOJI_ORTA_ASYA	109	1796-12-01	Kış salgını hayvanları kırdı — planlanan sefer yapılamadı	kazak-hanligi	kazak-hanligi✓		kazak-hanligi	KAYNAK	kazak-hanligi✓	kazak-hanligi	✓	A-TARAF-PENCEREDE	
KRONOLOJI_ORTA_ASYA	110	1799-08-13	Kazaklar Rus mahkemelerine bağlandı — töre hukuku kırıldı	kazak-hanligi	kazak-hanligi✓		kazak-hanligi	KAYNAK	kazak-hanligi✓	kazak-hanligi	✓	A-TARAF-PENCEREDE	
KRONOLOJI_ORTA_ASYA	111	1800-01-01	Han seçimleri Rus hükümetinin tasdikine bağlandı	kazak-hanligi	kazak-hanligi✓		kazak-hanligi	KAYNAK	kazak-hanligi✓	kazak-hanligi	✓	A-TARAF-PENCEREDE	
KRONOLOJI_ORTA_ASYA	112	1810-05-25	Küçük cüzün bölünmesi için han seçimi emri çıkarıldı	kazak-hanligi	kazak-hanligi✓		kazak-hanligi	KAYNAK	kazak-hanligi✓	kazak-hanligi	✓	A-TARAF-PENCEREDE	
KRONOLOJI_ORTA_ASYA	113	1812-01-01	Bökey Han hanlığını ilân etti — orta cüz iki hanlı kaldı	kazak-hanligi	kazak-hanligi✓		kazak-hanligi	KAYNAK	kazak-hanligi✓	kazak-hanligi	✓	A-TARAF-PENCEREDE	
KRONOLOJI_ORTA_ASYA	114	1822-06-22	SİBİRYA KAZAKLARI NİZAMNAMESİ — 319 madde, hanlık kaldırıldı	kazak-hanligi	kazak-hanligi✓			BELIRSIZ		kazak-hanligi	✓	A-TARAF-PENCEREDE	
KRONOLOJI_ORTA_ASYA	115	1824-01-01	1824 düzenlemesi küçük cüzde de hanlığı kaldırdı	kazak-hanligi	kazak-hanligi✓		kazak-hanligi	KAYNAK	kazak-hanligi✓	kazak-hanligi	✓	A-TARAF-PENCEREDE	
KRONOLOJI_ORTA_ASYA	116	1837-01-02	KENASARI KASIMOĞLU ayaklanması başladı — 20.000 silâhlı	kazak-hanligi	kazak-hanligi✓		kazak-hanligi	KAYNAK	kazak-hanligi✓	kazak-hanligi	✓	A-TARAF-PENCEREDE	
KRONOLOJI_ORTA_ASYA	117	1837-11-15	İsatay Tayman ayaklanması ilk savaşı kazandı	kazak-hanligi	kazak-hanligi✓		kazak-hanligi	KAYNAK	kazak-hanligi✓	kazak-hanligi	✓	A-TARAF-PENCEREDE	
KRONOLOJI_ORTA_ASYA	118	1838-01-02	Kenasarı Irgız ve Turgay bölgelerini Ruslardan geri aldı	kazak-hanligi	kazak-hanligi✓		kazak-hanligi	KAYNAK	kazak-hanligi✓	kazak-hanligi	✓	A-TARAF-PENCEREDE	
KRONOLOJI_ORTA_ASYA	119	1838-07-12	İsatay Tayman ayaklanması bastırıldı	kazak-hanligi	kazak-hanligi✓		kazak-hanligi	KAYNAK	kazak-hanligi✓	kazak-hanligi	✓	A-TARAF-PENCEREDE	
KRONOLOJI_ORTA_ASYA	120	1843-06-05	General Lebedev ve Bisyanov'un saldırısı püskürtüldü	kazak-hanligi	kazak-hanligi✓		kazak-hanligi	KAYNAK	kazak-hanligi✓	kazak-hanligi	✓	A-TARAF-PENCEREDE	
KRONOLOJI_ORTA_ASYA	121	1844-08-14	Kenasarı büyük zafer kazandı — Buhara ve Hîve onu Kazakların hanı tanıdı	kazak-hanligi	kazak-hanligi✓		kazak-hanligi	KAYNAK	kazak-hanligi✓	kazak-hanligi	✓	A-TARAF-PENCEREDE	
KRONOLOJI_ORTA_ASYA	122	1845-05-01	Kenasarı Rus hâkimiyetini tanımayı reddetti	kazak-hanligi	kazak-hanligi✓		kazak-hanligi	KAYNAK	kazak-hanligi✓	kazak-hanligi	✓	A-TARAF-PENCEREDE	
KRONOLOJI_ORTA_ASYA	123	1845-09-01	Kenasarı Karatav'ı boşaltmak zorunda kaldı	kazak-hanligi	kazak-hanligi✓		kazak-hanligi	KAYNAK	kazak-hanligi✓	kazak-hanligi	✓	A-TARAF-PENCEREDE	
KRONOLOJI_ORTA_ASYA	124	1847-01-01	KENASARI KIRGIZLAR TARAFINDAN ÖLDÜRÜLDÜ — Kazak Hanlığı bitti				kazak-hanligi	KAYNAK	kazak-hanligi✓	kazak-hanligi	✓	B-TARAFSIZ-0929-ATIF-PENCEREDE	
KRONOLOJI_ORTA_ASYA	125	1848-01-01	Sultan Sâdık 20.000 aile ile Hokand Hanlığı'na katıldı					BELIRSIZ			✗	E-ATIFSIZ	turkmen
KRONOLOJI_ORTA_ASYA	126	1854-06-22	I. NİKOLA FERMANI — bütün Kazak toprakları Rusya'ya bağlandı					BELIRSIZ			✗	E-ATIFSIZ	turkmen
KRONOLOJI_ORTA_ASYA	127	1873-06-01	Sultan Sâdık Kâşgar'dan Hîve'ye geçip Ruslara karşı savundu					BELIRSIZ			✗	E-ATIFSIZ	yakub-beg,turkmen
KRONOLOJI_ORTA_ASYA	128	1868-01-01	1867-1868 nizamnameleri — toprak devlet malı ilân edildi					BELIRSIZ			✗	E-ATIFSIZ	yakub-beg,turkmen
KRONOLOJI_ORTA_ASYA	129	1870-01-01	Orenburg'da dinî okullar açıldı — İslâm Kazaklar arasında yaygınlaştı					BELIRSIZ			✗	E-ATIFSIZ	yakub-beg,turkmen
KRONOLOJI_ORTA_ASYA	130	1891-01-01	1891 nizamnamesi — Rus idaresinin son çerçevesi					BELIRSIZ			✗	E-ATIFSIZ	YOK
KRONOLOJI_ORTA_ASYA	131	1905-11-01	1905 Rus devrimi Kazak siyasî hayatını açtı					BELIRSIZ			✗	E-ATIFSIZ	YOK
KRONOLOJI_ORTA_ASYA	132	1916-07-01	1916 AYAKLANMASI — seferberlik fermanı bozkırı ateşe verdi					BELIRSIZ			✗	E-ATIFSIZ	YOK
KRONOLOJI_ORTA_ASYA	133	1917-04-01	Orenburg'da ilk Umumi Kazak Kurultayı toplandı					BELIRSIZ			✗	E-ATIFSIZ	YOK
KRONOLOJI_ORTA_ASYA	134	1917-12-13	ALAŞ ORDA — Kazakistan muhtariyetini ilân etti					BELIRSIZ			✗	E-ATIFSIZ	YOK
KRONOLOJI_ORTA_ASYA	135	1919-01-01	Kızılordu Kazakistan'ı işgal etti — Alaş Orda dağıtıldı					BELIRSIZ			✗	E-ATIFSIZ	YOK
KRONOLOJI_ORTA_ASYA	136	1207-01-01	Kırgızlar Cengiz Han'a itaat eden ilk Türk kavmi oldu					BELIRSIZ			✗	E-ATIFSIZ	YOK
KRONOLOJI_ORTA_ASYA	137	1218-01-01	Cuci Kırgız direnişini bastırdı					BELIRSIZ			✗	E-ATIFSIZ	YOK
KRONOLOJI_ORTA_ASYA	138	1580-01-01	Seyfi Çelebi Kırgızları Osmanlı okuruna tanıttı					BELIRSIZ			✗	E-ATIFSIZ	nogay,sibir-hanligi,kazak-hanligi,mogulistan,yarkent-hanligi
KRONOLOJI_ORTA_ASYA	139	1650-01-01	Kırgızların İslâmlaşması tamamlandı					BELIRSIZ			✗	E-ATIFSIZ	nogay,kazak-hanligi,mogulistan,yarkent-hanligi,cungar,turkmen
KRONOLOJI_ORTA_ASYA	140	1862-01-01	Kırgız kumandanı Sâdık Bey Kâşgar'a girdi					BELIRSIZ			✗	E-ATIFSIZ	turkmen
KRONOLOJI_ORTA_ASYA	141	1864-01-01	Kırgızlar Rus hâkimiyetine girdi					BELIRSIZ			✗	E-ATIFSIZ	turkmen
KRONOLOJI_ORTA_ASYA	142	1911-01-01	İlk Kırgızca kitaplar basıldı					BELIRSIZ			✗	E-ATIFSIZ	YOK
KRONOLOJI_ORTA_ASYA	143	1916-06-25	II. Nikola'nın fermanı Kırgız ayaklanmasını başlattı					BELIRSIZ			✗	E-ATIFSIZ	YOK
KRONOLOJI_ORTA_ASYA	144	1347-01-02	Tuğluk Timur Çağatay ulusunun doğu kanadında han ilân edildi — Moğulistan doğdu	mogulistan	mogulistan✓			BELIRSIZ		mogulistan	✓	A-TARAF-PENCEREDE	
KRONOLOJI_ORTA_ASYA	145	1399-01-01	Mirza İskender Kâşgar, Yârkend ve Aksu'yu zaptetti	mogulistan	mogulistan✓			BELIRSIZ		mogulistan	✓	A-TARAF-PENCEREDE	
KRONOLOJI_ORTA_ASYA	146	1403-01-01	Ankara Savaşı'ndan getirilen Kara Tatarlar Kâşgar taraflarına yerleştirildi	mogulistan	mogulistan✓			BELIRSIZ		mogulistan	✓	A-TARAF-PENCEREDE	
KRONOLOJI_ORTA_ASYA	147	1416-01-01	Uluğ Bey Kâşgar'a hâkim oldu, Duğlatlar Tarım'dan uzaklaştırıldı	mogulistan	mogulistan✓			BELIRSIZ		mogulistan	✓	A-TARAF-PENCEREDE	
KRONOLOJI_ORTA_ASYA	148	1514-01-02	SULTAN SAİD HAN Yarkent (Sa'îdiyye) Hanlığı'nı kurdu	mogulistan,yarkent-hanligi	mogulistan✓,yarkent-hanligi✓			BELIRSIZ		mogulistan,yarkent-hanligi	✓	A-TARAF-PENCEREDE	
KRONOLOJI_ORTA_ASYA	149	1606-01-01	Emîr İsmâil Kâşgar'ın idaresini ele aldı	mogulistan	mogulistan✓			BELIRSIZ		mogulistan	✓	A-TARAF-PENCEREDE	
KRONOLOJI_ORTA_ASYA	150	1678-01-01	ÂFÂK HOCA Kalmuk desteğiyle emîr oldu — HOCALAR DÖNEMİ başladı					BELIRSIZ			✗	E-ATIFSIZ	nogay,kazak-hanligi,mogulistan,yarkent-hanligi,cungar,turkmen
KRONOLOJI_ORTA_ASYA	151	1682-01-01	Galdan Han Kâşgar'ı ve bütün Moğolistan'ı fethetti	yarkent-hanligi	yarkent-hanligi✓			BELIRSIZ		yarkent-hanligi	✓	A-TARAF-PENCEREDE	
KRONOLOJI_ORTA_ASYA	152	1705-01-01	Yarkent Hanlığı fiilen sona erdi					BELIRSIZ			✗	E-ATIFSIZ	nogay,kazak-hanligi,yarkent-hanligi,cungar,turkmen
KRONOLOJI_ORTA_ASYA	153	1759-06-01	Çin Tarım havzasını işgal etti, merkezi Yârkend olan yönetim kuruldu					BELIRSIZ			✗	E-ATIFSIZ	nogay,kazak-hanligi,turkmen
KRONOLOJI_ORTA_ASYA	154	1865-01-15	YÂKUB BEG 1000 kişiyle Kâşgar'a gönderildi	yakub-beg	yakub-beg✓		yakub-beg	KAYNAK	yakub-beg✓	yakub-beg	✓	A-TARAF-PENCEREDE	
KRONOLOJI_ORTA_ASYA	155	1866-01-01	Yenihisar, Yârkend ve Hoten ele geçirildi	yakub-beg	yakub-beg✓		yakub-beg	KAYNAK	yakub-beg✓	yakub-beg	✓	A-TARAF-PENCEREDE	
KRONOLOJI_ORTA_ASYA	156	1867-01-01	Yâkub Beg kendini ATALIK GAZİ BA-DEVLET ilân etti				yakub-beg	KAYNAK	yakub-beg✓	yakub-beg	✓	B-TARAFSIZ-0929-ATIF-PENCEREDE	
KRONOLOJI_ORTA_ASYA	157	1870-01-01	Dunganlar Urumçi'den uzaklaştırıldı	yakub-beg	yakub-beg✓		yakub-beg	KAYNAK	yakub-beg✓	yakub-beg	✓	A-TARAF-PENCEREDE	
KRONOLOJI_ORTA_ASYA	158	1871-06-01	Ruslar Kulca'yı işgal etti — Yâkub Beg dışında kalan tek bölge	yakub-beg	yakub-beg✓		yakub-beg	KAYNAK	yakub-beg✓	yakub-beg	✓	A-TARAF-PENCEREDE	
KRONOLOJI_ORTA_ASYA	159	1872-01-01	Kâşgar elçilik heyeti İstanbul'a geldi — Abdülaziz'e biat					BELIRSIZ			✗	E-ATIFSIZ	yakub-beg,turkmen
KRONOLOJI_ORTA_ASYA	160	1872-06-08	Rusya ile ticaret antlaşması imzalandı	yakub-beg	yakub-beg✓		yakub-beg	KAYNAK	yakub-beg✓	yakub-beg	✓	A-TARAF-PENCEREDE	
KRONOLOJI_ORTA_ASYA	161	1872-09-01	Hutbe Sultan Abdülaziz adına okundu, paralara adı yazıldı	yakub-beg	yakub-beg✓			BELIRSIZ		yakub-beg	✓	A-TARAF-PENCEREDE	
KRONOLOJI_ORTA_ASYA	162	1874-02-02	Hindistan'daki İngiliz idaresiyle antlaşma imzalandı	yakub-beg	yakub-beg✓		yakub-beg	KAYNAK	yakub-beg✓	yakub-beg	✓	A-TARAF-PENCEREDE	
KRONOLOJI_ORTA_ASYA	163	1875-01-01	Emirliğin babadan oğula geçmesi kabul edildi	yakub-beg	yakub-beg✓			BELIRSIZ		yakub-beg	✓	A-TARAF-PENCEREDE	
KRONOLOJI_ORTA_ASYA	164	1877-05-16	Çin ordusu Turfan'ı ele geçirdi	yakub-beg	yakub-beg✓		yakub-beg	KAYNAK	yakub-beg✓	yakub-beg	✓	A-TARAF-PENCEREDE	
KRONOLOJI_ORTA_ASYA	165	1877-05-29	YÂKUB BEG VEFAT ETTİ — cevabı öğrenemeden				yakub-beg	KAYNAK	yakub-beg✓	yakub-beg	✓	B-TARAFSIZ-0929-ATIF-PENCEREDE	
KRONOLOJI_ORTA_ASYA	166	1877-12-16	Çin orduları Kâşgar'a girdi	yakub-beg	yakub-beg✓		yakub-beg	KAYNAK	yakub-beg✓	yakub-beg	✓	A-TARAF-PENCEREDE	
KRONOLOJI_ORTA_ASYA	167	1884-11-18	Çin Doğu Türkistan (Sinkiang) vilâyetini kurdu					BELIRSIZ			✗	E-ATIFSIZ	YOK
KRONOLOJI_ORTA_ASYA	168	1416-01-02	TOGAN HAN bütün Oyratları tek devlet otoritesi altında topladı					BELIRSIZ			✗	E-ATIFSIZ	mogulistan
KRONOLOJI_ORTA_ASYA	169	1418-01-01	Togan Han Çağatay Hanı Muhammed Veys'i üç defa yendi					BELIRSIZ			✗	E-ATIFSIZ	mogulistan
KRONOLOJI_ORTA_ASYA	170	1434-01-01	Togan Han, Halha lideri Arugtay'ı öldürdü					BELIRSIZ			✗	E-ATIFSIZ	sibir-hanligi,mogulistan
KRONOLOJI_ORTA_ASYA	171	1439-01-01	ESEN TAYŞİ bütün Moğolları birleştirdi — Oyrat Hanlığı zirvede					BELIRSIZ			✗	E-ATIFSIZ	kazan,sibir-hanligi,mogulistan
KRONOLOJI_ORTA_ASYA	172	1447-01-01	Esen Tayşi Özbek Hanı Ebülhayr'ı vergiye bağladı, İli Kazaklarını sürdü					BELIRSIZ			✗	E-ATIFSIZ	kazan,nogay,sibir-hanligi,mogulistan
KRONOLOJI_ORTA_ASYA	173	1604-01-01	Torgut beyi Horluk Hârizm'i istilâ etti — batıya göç başladı					BELIRSIZ			✗	E-ATIFSIZ	nogay,kazak-hanligi,mogulistan,yarkent-hanligi,turkmen
KRONOLOJI_ORTA_ASYA	174	1632-01-01	İDİL KALMUKLARI HANLIĞI kuruldu					BELIRSIZ			✗	E-ATIFSIZ	nogay,kazak-hanligi,mogulistan,yarkent-hanligi,turkmen
KRONOLOJI_ORTA_ASYA	175	1634-01-02	Hara Hula Cungarya'da Oyrat Hanlığı'nı yeniden canlandırdı	cungar	cungar✓			BELIRSIZ		cungar	✓	A-TARAF-PENCEREDE	
KRONOLOJI_ORTA_ASYA	176	1697-01-01	Sevang Rabdan tahta çıktı — Taşkent dahil bütün Orta Asya					BELIRSIZ			✗	E-ATIFSIZ	nogay,kazak-hanligi,yarkent-hanligi,cungar,turkmen
KRONOLOJI_ORTA_ASYA	177	1724-01-01	İdil Kalmukları Rusya'ya bağlandı	cungar	cungar✓			BELIRSIZ		cungar	✓	A-TARAF-PENCEREDE	
KRONOLOJI_ORTA_ASYA	178	1727-01-01	Galdan Sereng tahta çıktı	cungar	cungar✓			BELIRSIZ		cungar	✓	A-TARAF-PENCEREDE	
KRONOLOJI_ORTA_ASYA	179	1758-01-01	CUNGAR HALKININ İMHASI — 500.000'den fazla kişi kılıçtan geçirildi					BELIRSIZ			✗	E-ATIFSIZ	nogay,kazak-hanligi,cungar,turkmen
KRONOLOJI_ORTA_ASYA	180	1770-01-01	UBAŞİ GÖÇÜ — 300.000 Kalmuk yola çıktı, 70.000'i vardı					BELIRSIZ			✗	E-ATIFSIZ	nogay,kazak-hanligi,turkmen
KRONOLOJI_ORTA_ASYA	181	1774-01-01	Geride kalan Kalmuklar Pugaçev ayaklanmasına katıldı					BELIRSIZ			✗	E-ATIFSIZ	nogay,kazak-hanligi,turkmen
KRONOLOJI_ORTA_ASYA	182	1890-01-01	Sart Kalmuklar İslâm'a girip Isık Göl civarına yerleşti					BELIRSIZ			✗	E-ATIFSIZ	YOK
KRONOLOJI_ORTA_ASYA	183	1920-11-04	Astarhan yöresinde özerk Kalmuk bölgesi kuruldu					BELIRSIZ			✗	E-ATIFSIZ	YOK
KRONOLOJI_ORTA_ASYA	184	1314-01-01	Ersarı Bay, Şeyh Şeref'e Muînü'l-mürîd'i yazdırdı					BELIRSIZ			✗	E-ATIFSIZ	YOK
KRONOLOJI_ORTA_ASYA	185	1500-01-02	Mangışlak Salurları İçki ve Taşkı diye ikiye ayrıldı					BELIRSIZ			✗	E-ATIFSIZ	kazan,astarhan,nogay,sibir-hanligi,kazak-hanligi,mogulistan
KRONOLOJI_ORTA_ASYA	186	1560-01-03	Nogay akınları Teke ve Yomutları Küren dağına göçürdü					BELIRSIZ			✗	E-ATIFSIZ	nogay,sibir-hanligi,kazak-hanligi,mogulistan,yarkent-hanligi
KRONOLOJI_ORTA_ASYA	187	1575-01-01	CEYHUN YATAK DEĞİŞTİRDİ — bütün Türkmenlerin ekonomisi darbe yedi					BELIRSIZ			✗	E-ATIFSIZ	nogay,sibir-hanligi,kazak-hanligi,mogulistan,yarkent-hanligi
KRONOLOJI_ORTA_ASYA	188	1600-01-02	Şah Abbas, Eymir beyi Ali Yâr'ı Esterâbâd valiliğine tayin etti	turkmen	turkmen✓		turkmen	KAYNAK	turkmen✓	turkmen	✓	A-TARAF-PENCEREDE	
KRONOLOJI_ORTA_ASYA	189	1639-01-01	Kalmuk akınları Mangışlak'ı Türkmen yurdu olmaktan çıkardı	turkmen	turkmen✓		turkmen	KAYNAK	turkmen✓	turkmen	✓	A-TARAF-PENCEREDE	
KRONOLOJI_ORTA_ASYA	190	1750-01-01	Yomutlar Esterâbâd'da Oklu'ların yerini aldı, Kaçarlara destek verdi	turkmen	turkmen✓		turkmen	KAYNAK	turkmen✓	turkmen	✓	A-TARAF-PENCEREDE	
KRONOLOJI_ORTA_ASYA	191	1819-01-01	MURAVYEV LİSTESİ — Türkmen nüfusu 285.000 çadır sayıldı	turkmen	turkmen✓		turkmen	KAYNAK	turkmen✓	turkmen	✓	A-TARAF-PENCEREDE	
KRONOLOJI_ORTA_ASYA	192	1824-01-02	Teke ve Salurlar Hîve hanlarından yeni Merv'i aldı	turkmen	turkmen✓		turkmen	KAYNAK	turkmen✓	turkmen	✓	A-TARAF-PENCEREDE	
KRONOLOJI_ORTA_ASYA	193	1855-06-01	Kuşid Han Serahs'ta Hîve hanını yendi — han savaş meydanında kaldı	turkmen	turkmen✓		turkmen	KAYNAK	turkmen✓	turkmen	✓	A-TARAF-PENCEREDE	
KRONOLOJI_ORTA_ASYA	194	1860-01-01	Kuşid Han toplu Kaçar ordusuna karşı parlak zafer kazandı	turkmen	turkmen✓		turkmen	KAYNAK	turkmen✓	turkmen	✓	A-TARAF-PENCEREDE	
KRONOLOJI_ORTA_ASYA	195	1863-01-01	VÁMBÉRY LİSTESİ — nüfus 196.500 çadıra düşmüştü	turkmen	turkmen✓		turkmen	KAYNAK	turkmen✓	turkmen	✓	A-TARAF-PENCEREDE	
KRONOLOJI_ORTA_ASYA	196	1873-06-10	Rusların Hîve'yi alması Türkmenlerin dengesini bozdu	turkmen	turkmen✓		turkmen	KAYNAK	turkmen✓	turkmen	✓	A-TARAF-PENCEREDE	
KRONOLOJI_ORTA_ASYA	197	1879-09-01	BİRİNCİ GÖKTEPE — Türkmenler Rus ordusunu ağır yenilgiye uğrattı				turkmen	KAYNAK	turkmen✓	turkmen	✓	B-TARAFSIZ-0929-ATIF-PENCEREDE	
KRONOLOJI_ORTA_ASYA	198	1881-01-01	Ruslar Türkmen elini imparatorluklarına kattı	turkmen	turkmen✓		turkmen	KAYNAK	turkmen✓	turkmen	✓	A-TARAF-PENCEREDE	
KRONOLOJI_ORTA_ASYA	199	1250-01-01	Kâşgar'da Mesûdiye Medresesi yaptırıldı					BELIRSIZ			✗	E-ATIFSIZ	YOK
KRONOLOJI_ORTA_ASYA	200	1733-01-01	MAHTUMKULU doğdu — Türkmen edebî dilinin kurucusu					BELIRSIZ			✗	E-ATIFSIZ	nogay,kazak-hanligi,cungar,turkmen
KRONOLOJI_ORTA_ASYA	201	1783-01-02	Mahtumkulu'nun ölümü — beş yüz şiir, tek bir halkın sesi					BELIRSIZ			✗	E-ATIFSIZ	kazak-hanligi,turkmen
KRONOLOJI_ORTA_ASYA	202	1842-01-01	Mahtumkulu'nun şiirlerinin yayımlanması başladı					BELIRSIZ			✗	E-ATIFSIZ	kazak-hanligi,turkmen
KRONOLOJI_ORTA_ASYA	203	1856-01-01	Çokan Velihanoğlu MANAS DESTANI'nın bir varyantını derledi					BELIRSIZ			✗	E-ATIFSIZ	turkmen
KRONOLOJI_ORTA_ASYA	204	1885-01-01	Radloff Manas derlemelerini Petersburg'da yayımladı					BELIRSIZ			✗	E-ATIFSIZ	YOK
KRONOLOJI_SIRBISTAN	0	1217-01-01	Sırbistan Krallığı ilan edildi (Stefan İlk-Taçlı)				sirbistan-nemanjic	ZINCIR	sirbistan-nemanjic✓	sirbistan-nemanjic	✓	B-TARAFSIZ-0929-ATIF-PENCEREDE	
KRONOLOJI_SIRBISTAN	1	1331-01-01	Stefan Duşan tahta çıktı	sirbistan-nemanjic	sirbistan-nemanjic✓		sirbistan-nemanjic	ZINCIR	sirbistan-nemanjic✓	sirbistan-nemanjic	✓	A-TARAF-PENCEREDE	
KRONOLOJI_SIRBISTAN	2	1346-04-16	Duşan imparatorluk tacı giydi (Üsküp meclisi)				sirbistan-nemanjic	ZINCIR	sirbistan-nemanjic✓	sirbistan-nemanjic	✓	B-TARAFSIZ-0929-ATIF-PENCEREDE	
KRONOLOJI_SIRBISTAN	3	1355-12-20	Duşan'ın ani ölümü, imparatorluğun parçalanması başladı				sirbistan-nemanjic	ZINCIR	sirbistan-nemanjic✓	sirbistan-nemanjic	✓	B-TARAFSIZ-0929-ATIF-PENCEREDE	
KRONOLOJI_SIRBISTAN	4	1371-09-26	Çirmen (Meriç) Savaşı — ağır yenilgi				sirbistan-nemanjic	ZINCIR	sirbistan-nemanjic✓	sirbistan-nemanjic	✓	B-TARAFSIZ-0929-ATIF-PENCEREDE	
KRONOLOJI_SIRBISTAN	5	1389-06-15	I. Kosova Savaşı — Sırp Krallığı Osmanlı tâbiiyetine girdi				sirbistan-nemanjic	ZINCIR	sirbistan-nemanjic✓	sirbistan-nemanjic	✓	B-TARAFSIZ-0929-ATIF-PENCEREDE	
KRONOLOJI_SIRBISTAN	6	1402-01-01	Sırp Despotluğu'nun kuruluşu (Stefan Lazareviç)				sirbistan-nemanjic,sirp-despotlugu	ZINCIR	sirbistan-nemanjic✓,sirp-despotlugu✓	sirbistan-nemanjic,sirp-despotlugu	✓	B-TARAFSIZ-0929-ATIF-PENCEREDE	
KRONOLOJI_SIRBISTAN	7	1427-01-01	Đurađ Branković despot oldu, başkent Semendire'ye taşındı				sirp-despotlugu	ZINCIR	sirp-despotlugu✓	sirp-despotlugu	✓	B-TARAFSIZ-0929-ATIF-PENCEREDE	
KRONOLOJI_SIRBISTAN	8	1439-08-18	Semendire'nin ilk düşüşü	sirp-despotlugu	sirp-despotlugu✓		sirp-despotlugu	ZINCIR	sirp-despotlugu✓	sirp-despotlugu	✓	A-TARAF-PENCEREDE	
KRONOLOJI_SIRBISTAN	9	1444-08-15	Edirne-Segedin Antlaşması ile Semendire ve despotluk toprakları iade edildi				sirp-despotlugu	ZINCIR	sirp-despotlugu✓	sirp-despotlugu	✓	B-TARAFSIZ-0929-ATIF-PENCEREDE	
KRONOLOJI_SIRBISTAN	10	1448-10-17	II. Kosova Savaşı — despotluğun tarafsızlığı	sirp-despotlugu	sirp-despotlugu✓		sirp-despotlugu	ZINCIR	sirp-despotlugu✓	sirp-despotlugu	✓	A-TARAF-PENCEREDE	
KRONOLOJI_SIRBISTAN	11	1459-06-20	Semendire'nin düşüşü — Sırp Despotluğu'nun sonu			sirp-despotlugu	sirp-despotlugu	KUNYE	sirp-despotlugu✓	sirp-despotlugu	✓	B-TARAFSIZ-0929-ATIF-PENCEREDE	
KRONOLOJI_SIRBISTAN	12	1463-01-01	Peç (İpek) Patrikliği kaldırıldı	sirbistan-eyaleti	sirbistan-eyaleti✓	sirbistan-eyaleti	sirbistan-eyaleti	KUNYE	sirbistan-eyaleti✓	sirbistan-eyaleti	✓	A-TARAF-PENCEREDE	
KRONOLOJI_SIRBISTAN	13	1557-01-01	Peç Patrikliği ihya edildi (Sokollu Mehmed Paşa)	sirbistan-eyaleti	sirbistan-eyaleti✓	sirbistan-eyaleti	sirbistan-eyaleti	KUNYE	sirbistan-eyaleti✓	sirbistan-eyaleti	✓	A-TARAF-PENCEREDE	
KRONOLOJI_SIRBISTAN	14	1690-01-01	Büyük Sırp Göçü (Arsenije III Crnojević)	sirbistan-eyaleti	sirbistan-eyaleti✓	sirbistan-eyaleti	sirbistan-eyaleti	KUNYE	sirbistan-eyaleti✓	sirbistan-eyaleti	✓	A-TARAF-PENCEREDE	
KRONOLOJI_SIRBISTAN	15	1739-09-18	Belgrad Antlaşması — kuzey Sırbistan yeniden Osmanlı'ya döndü			sirbistan-eyaleti	sirbistan-eyaleti	KUNYE	sirbistan-eyaleti✓	sirbistan-eyaleti	✓	B-TARAFSIZ-0929-ATIF-PENCEREDE	
KRONOLOJI_SIRBISTAN	16	1766-01-01	Peç Patrikliği kalıcı olarak kaldırıldı	sirbistan-eyaleti	sirbistan-eyaleti✓	sirbistan-eyaleti	sirbistan-eyaleti	KUNYE	sirbistan-eyaleti✓	sirbistan-eyaleti	✓	A-TARAF-PENCEREDE	
KRONOLOJI_SIRBISTAN	17	1804-02-14	Birinci Sırp Ayaklanması başladı (Kara Yorgi)				sirbistan-eyaleti,sirbistan-prensligi	ZINCIR	sirbistan-eyaleti✓,sirbistan-prensligi✓	sirbistan-eyaleti,sirbistan-prensligi	✓	B-TARAFSIZ-0929-ATIF-PENCEREDE	
KRONOLOJI_SIRBISTAN	18	1806-01-01	Belgrad'ın Sırp isyancılarca ele geçirilmesi	sirbistan-prensligi	sirbistan-prensligi✓		sirbistan-prensligi	ZINCIR	sirbistan-prensligi✓	sirbistan-prensligi	✓	A-TARAF-PENCEREDE	
KRONOLOJI_SIRBISTAN	19	1813-01-01	Ayaklanmanın bastırılması, Belgrad'ın geri alınışı	sirbistan-prensligi	sirbistan-prensligi✓		sirbistan-prensligi	ZINCIR	sirbistan-prensligi✓	sirbistan-prensligi	✓	A-TARAF-PENCEREDE	
KRONOLOJI_SIRBISTAN	20	1815-04-23	İkinci Sırp Ayaklanması (Miloš Obrenović)				sirbistan-prensligi	ZINCIR	sirbistan-prensligi✓	sirbistan-prensligi	✓	B-TARAFSIZ-0929-ATIF-PENCEREDE	
KRONOLOJI_SIRBISTAN	21	1826-10-07	Akkerman Sözleşmesi — Sırp haklarının genişletilmesi garanti edildi	sirbistan-prensligi	sirbistan-prensligi✓		sirbistan-prensligi	ZINCIR	sirbistan-prensligi✓	sirbistan-prensligi	✓	A-TARAF-PENCEREDE	
KRONOLOJI_SIRBISTAN	22	1829-09-14	Edirne Antlaşması — Osmanlı-Rus savaşının sonu, Sırp özerkliğinin yolu açıldı	sirbistan-prensligi	sirbistan-prensligi✓		sirbistan-prensligi	ZINCIR	sirbistan-prensligi✓	sirbistan-prensligi	✓	A-TARAF-PENCEREDE	
KRONOLOJI_SIRBISTAN	23	1830-10-17	Özerklik fermanı (Hatt-ı Şerif) yayımlandı				sirbistan-prensligi	ZINCIR	sirbistan-prensligi✓	sirbistan-prensligi	✓	B-TARAFSIZ-0929-ATIF-PENCEREDE	
KRONOLOJI_SIRBISTAN	24	1867-01-01	Osmanlı garnizonları Sırp kalelerinden çekildi	sirbistan-prensligi	sirbistan-prensligi✓		sirbistan-prensligi	ZINCIR	sirbistan-prensligi✓	sirbistan-prensligi	✓	A-TARAF-PENCEREDE	
KRONOLOJI_SIRBISTAN	25	1876-06-30	Sırbistan Osmanlı Devleti'ne savaş ilan etti	sirbistan-prensligi	sirbistan-prensligi✓		sirbistan-prensligi	ZINCIR	sirbistan-prensligi✓	sirbistan-prensligi	✓	A-TARAF-PENCEREDE	
KRONOLOJI_SIRBISTAN	26	1878-03-03	Ayastefanos (San Stefano) Antlaşması — bağımsızlık ilk kez tanındı	sirbistan-prensligi	sirbistan-prensligi✓		sirbistan-prensligi	ZINCIR	sirbistan-prensligi✓	sirbistan-prensligi	✓	A-TARAF-PENCEREDE	
KRONOLOJI_SIRBISTAN	27	1878-07-13	Berlin Antlaşması — bağımsızlık kesinleşti, Niş ve Pirot katıldı				sirbistan-prensligi	ZINCIR	sirbistan-prensligi✓	sirbistan-prensligi	✓	B-TARAFSIZ-0929-ATIF-PENCEREDE	
KRONOLOJI_SIRBISTAN	28	1882-03-06	Sırbistan Krallığı ilan edildi (I. Milan)				sirbistan-prensligi,sirbistan-kralligi	ZINCIR	sirbistan-prensligi✓,sirbistan-kralligi✓	sirbistan-prensligi,sirbistan-kralligi	✓	B-TARAFSIZ-0929-ATIF-PENCEREDE	
KRONOLOJI_SIRBISTAN	29	1885-11-14	Sırp-Bulgar Savaşı başladı	sirbistan-kralligi	sirbistan-kralligi✓		sirbistan-kralligi	ZINCIR	sirbistan-kralligi✓	sirbistan-kralligi	✓	A-TARAF-PENCEREDE	
KRONOLOJI_SIRBISTAN	30	1903-06-11	Mayıs Darbesi — Obrenović hanedanının sonu, Karađorđević'e geçiş	sirbistan-kralligi	sirbistan-kralligi✓		sirbistan-kralligi	ZINCIR	sirbistan-kralligi✓	sirbistan-kralligi	✓	A-TARAF-PENCEREDE	
KRONOLOJI_SIRBISTAN	31	1908-10-06	Bosna-Hersek'in ilhakı — Sırbistan'ın savaş tehdidi				sirbistan-kralligi	ZINCIR	sirbistan-kralligi✓	sirbistan-kralligi	✓	B-TARAFSIZ-0929-ATIF-PENCEREDE	
KRONOLOJI_SIRBISTAN	32	1912-10-08	Birinci Balkan Savaşı'na giriş — Kosova ve Vardar Makedonyası alındı				sirbistan-kralligi	ZINCIR	sirbistan-kralligi✓	sirbistan-kralligi	✓	B-TARAFSIZ-0929-ATIF-PENCEREDE	
KRONOLOJI_SIRBISTAN	33	1913-08-10	Bükreş Antlaşması — İkinci Balkan Savaşı'nın sonu, toprak kazanımları kesinleşti				sirbistan-kralligi	ZINCIR	sirbistan-kralligi✓	sirbistan-kralligi	✓	B-TARAFSIZ-0929-ATIF-PENCEREDE	
KRONOLOJI_SIRBISTAN	34	1918-12-01	Sırp-Hırvat-Sloven Krallığı'nın kuruluşuyla birleşme			sirbistan-kralligi	sirbistan-kralligi	KUNYE	sirbistan-kralligi✓	sirbistan-kralligi	✓	B-TARAFSIZ-0929-ATIF-PENCEREDE	
