evren,ad,lat,lon,atlas_tur,atlas_donem,giris_kova,sinirda_4_5,cok_katman_bayrak,tanik_nesneleri,karar,gerekce,zayif_bayrak
4300,Aachen,50.776,6.084,sehir,1281-01-01..1923-10-29,TEMİZ-ÖLÇÜLDÜ,,,"Pl 108749 ""Aquae Granni"" settlement [precise] konum:-30..640 0.02km",TEMİZ-TEK-KATMAN,,DÖNEM-DIŞI-TEK-TANIK
4300,Abrî (Mahas),20.803,30.352,sehir,1281-01-01..1923-10-29,TEMİZ-ÖLÇÜLDÜ,,,"Pl 795772 ""Abri"" cemetery [precise] konum:-750..640 1.97km",TEMİZ-TEK-KATMAN,,DÖNEM-DIŞI-TEK-TANIK;YUVARLAK-KOORD(795772)
4300,Abâdân,30.3392,48.3042,liman,1281-01-01..1923-10-29,TEMİZ-ÖLÇÜLDÜ,,P-UZUNSURE(211425280),"Ṯ ABBADAN_482E303N_S ""ʿAbbādān"" towns 2.93km || Pl 211425280 ""Ābādān (settlement)"" settlement, settlement-modern [precise] konum:- 3.21km",TEMİZ-ÇOK-DÖNEM-SÜREKLİ,çok dönemli/çok konumlu kayıt ama mekânsal ayrışma kanıtı yok (çoğu DARMC 10 km doğruluklu kopya konum),
4300,Adana,37.0,35.321,sehir,1281-01-01..1923-10-29,TEMİZ-ÖLÇÜLDÜ,,P-COKKONUM(648548:2.2km);P-UZUNSURE(648548),"Pl 648548 ""Adana/Antiochia ad Sarum"" settlement, settlement-modern [precise] konum:1700..2100 1.17km",TEMİZ-ÇOK-DÖNEM-SÜREKLİ,çok dönemli/çok konumlu kayıt ama mekânsal ayrışma kanıtı yok (çoğu DARMC 10 km doğruluklu kopya konum),YALNIZ-MODERN-KONUM
4300,Aden,12.786,45.019,liman,1281-01-01..1923-10-29,TEMİZ-ÖLÇÜLDÜ,,P-UZUNSURE(39269),"Ṯ ADAN_450E127N_S ""ʿAdan"" towns 2.37km || Pl 39269 ""Adane/Athenae/Eudaimon Arabia"" settlement [precise] konum:-30..300 2.69km",TEMİZ-ÇOK-DÖNEM-SÜREKLİ,çok dönemli/çok konumlu kayıt ama mekânsal ayrışma kanıtı yok (çoğu DARMC 10 km doğruluklu kopya konum),
4300,Ahar (Karadağ),38.4772,47.07,sehir,1281-01-01..1923-10-29,TEMİZ-ÖLÇÜLDÜ,,,"Pl 884111 ""Aharawan"" settlement [precise] konum:300..640 1.23km || Ṯ AHAR_471E384N_S ""Ahar"" towns 7.00km",TEMİZ-TEK-KATMAN,,DÖNEM-DIŞI-TEK-TANIK
4300,Ahmîm,26.564,31.745,sehir,1281-01-01..1923-10-29,TEMİZ-ÖLÇÜLDÜ,,,"Ṯ AKHMIM_317E265N_S ""Aḫmīm"" towns 1.54km || Pl 756613 ""Panopolis/Schmin"" settlement [precise] konum:-330..640 0.10km",TEMİZ-TEK-KATMAN,,
4300,Ahvaz,31.32,48.6692,sehir,1281-01-01..1923-10-29,TEMİZ-ÖLÇÜLDÜ,,P-UZUNSURE(912865),"Ṯ AHWAZ_486E313N_S ""al-Ahwāz"" metropoles 2.31km || Pl 912865 ""Hurmizd Ardashir/[Suq al-Ahwaz]"" settlement [precise] konum:-30..640 1.49km",TEMİZ-ÇOK-DÖNEM-SÜREKLİ,çok dönemli/çok konumlu kayıt ama mekânsal ayrışma kanıtı yok (çoğu DARMC 10 km doğruluklu kopya konum),
4300,Aix-en-Provence,43.53,5.447,sehir,1281-01-01..1923-10-29,TEMİZ-ÖLÇÜLDÜ,,,"Pl 148053 ""Col. Aquae Sextiae"" settlement [precise] konum:-330..640 0.44km",TEMİZ-TEK-KATMAN,,DÖNEM-DIŞI-TEK-TANIK
4300,Akbû (Benî Abbâs),36.457,4.531,kale,1281-01-01..1923-10-29,TEMİZ-ÖLÇÜLDÜ,,,"Pl 86063779 ""Akbou mausoleum"" tomb [precise] konum:-30..300 1.21km",ÖLÇÜLEMEDİ-TÜR,"tek tanık Pl 86063779 Akbou mausoleum = Roma mezar anıtı (tomb) 1,21; yerleşim değil",DÖNEM-DIŞI-TEK-TANIK
4300,Akkirman,46.1968,30.3431,kale,1281-01-01..1923-10-29,TEMİZ-ÖLÇÜLDÜ,,,"Pl 226800 ""Tyras/Ophioussa"" settlement [precise] konum:-550..640 0.70km",TEMİZ-TEK-KATMAN,,DÖNEM-DIŞI-TEK-TANIK
4300,Akkâ,32.928,35.082,kale,1281-01-01..1923-10-29,TEMİZ-ÖLÇÜLDÜ,,P-COKKONUM(678010:2.1km);P-UZUNSURE(678010),"Ṯ AKKA_350E329N_S ""ʿAkkaŧ"" towns 0.60km || Pl 678010 ""Ake/Ptolemais"" settlement [precise] konum:-2000..2000 0.77km",TEMİZ-ÇOK-KATMAN-AYNI-NESNE,"Ṯ ʿAkka 0,6 = ortaçağ Akkâ; Pl Tel Akko konumu 1,1 (höyük, ayrı nesne)",
4300,Aksaray,38.3687,34.037,sehir,1281-01-01..1923-10-29,TEMİZ-ÖLÇÜLDÜ,,,"Pl 619164 ""Garsaura/Col. Claudia Archelais/Koloneia"" settlement, settlement-modern [precise] konum:2000..2099 0.90km",TEMİZ-TEK-KATMAN,,YALNIZ-MODERN-KONUM
4300,Aksum,14.128,38.723,sehir,1281-01-01..1923-10-29,TEMİZ-ÖLÇÜLDÜ,,,"Pl 39303 ""A(u)xoume"" cultural-landscape, settlement [precise] konum:- 0.68km",TEMİZ-TEK-KATMAN,,
4300,Akşehir,38.357,31.416,sehir,1281-01-01..1923-10-29,TEMİZ-ÖLÇÜLDÜ,,,"Pl 609501 ""Philomelion"" settlement [precise] konum:-330..640 1.21km",TEMİZ-TEK-KATMAN,,DÖNEM-DIŞI-TEK-TANIK
4300,Alanya,36.5502,31.9997,liman,1281-01-01..1923-10-29,TEMİZ-ÖLÇÜLDÜ,,,"Pl 638933 ""Korakesion"" settlement [precise] konum:-330..640 1.92km",TEMİZ-TEK-KATMAN,,DÖNEM-DIŞI-TEK-TANIK
4300,Aluşta,44.6764,34.4103,kale,1281-01-01..1923-10-29,TEMİZ-ÖLÇÜLDÜ,,,"Pl 176176629 ""Alouston"" findspot [precise] konum:None..None 0.10km",TEMİZ-TEK-KATMAN,,
4300,Amasya,40.65,35.833,sehir,1281-01-01..1923-10-29,TEMİZ-ÖLÇÜLDÜ,,P-COKKONUM(857018:2.6km);P-UZUNSURE(857018),"Pl 857018 ""Amaseia"" settlement [precise] konum:-330..640 1.92km",TEMİZ-ÇOK-DÖNEM-SÜREKLİ,çok dönemli/çok konumlu kayıt ama mekânsal ayrışma kanıtı yok (çoğu DARMC 10 km doğruluklu kopya konum),DÖNEM-DIŞI-TEK-TANIK
4300,Amiens,49.895,2.302,sehir,1281-01-01..1923-10-29,TEMİZ-ÖLÇÜLDÜ,,,"Pl 109321 ""Samarobriva Ambianorum"" settlement [precise] konum:-330..640 0.33km",TEMİZ-TEK-KATMAN,,DÖNEM-DIŞI-TEK-TANIK
4300,Amman,31.949,35.933,sehir,1281-01-01..1923-10-29,TEMİZ-ÖLÇÜLDÜ,,P-UZUNSURE(697728),"Ṯ AMMAN_359E319N_S ""ʿAmmān"" towns 2.38km || Pl 697728 ""Amman/Philadelpheia"" settlement, hill [precise] konum:-330..640 0.68km",TEMİZ-ÇOK-DÖNEM-SÜREKLİ,çok dönemli/çok konumlu kayıt ama mekânsal ayrışma kanıtı yok (çoğu DARMC 10 km doğruluklu kopya konum),
4300,Anabolu (Nauplion),37.567,22.8,kale,1281-01-01..1923-10-29,TEMİZ-ÖLÇÜLDÜ,,P-TANIM(570501:deserted),"Pl 570501 ""Nauplia"" harbor, settlement [precise] konum:-750..-30 0.78km",TEMİZ-ÇOK-DÖNEM-SÜREKLİ,çok dönemli/çok konumlu kayıt ama mekânsal ayrışma kanıtı yok (çoğu DARMC 10 km doğruluklu kopya konum),DÖNEM-DIŞI-TEK-TANIK
4300,Ancona,43.617,13.517,liman,1281-01-01..1923-10-29,TEMİZ-ÖLÇÜLDÜ,,,"Pl 413014 ""Ancon(a)"" urban, settlement, port [precise] konum:-550..640 0.23km",TEMİZ-TEK-KATMAN,,DÖNEM-DIŞI-TEK-TANIK
4300,Angers,47.474,-0.554,sehir,1281-01-01..1923-10-29,TEMİZ-ÖLÇÜLDÜ,,,"Pl 138400 ""Iuliomagus"" settlement [precise] konum:-30..640 0.65km",TEMİZ-TEK-KATMAN,,DÖNEM-DIŞI-TEK-TANIK
4300,Angkor (Siem Reap),13.412,103.867,sehir,1281-01-01..1923-10-29,TEMİZ-ÖLÇÜLDÜ,evet,P-TANIM(531398484:abandon),"Pl 531398484 ""Angkor"" settlement [precise] konum:800..1499 4.35km",TEMİZ-SINIRDA-GERÇEK,"Pl 531398484 Angkor (800-1499, UNESCO temsil noktası) 4,35 = 1281-1431 başkenti, nesne aynı ⇒ fark gerçek, eşik altı. 1431 sonrası Siem Reap kasabası için tanık yok (kısmî)",YUVARLAK-KOORD(531398484)
4300,Ankara,39.933,32.86,sehir,1134-01-01..1923-10-29,TEMİZ-ÖLÇÜLDÜ,,P-UZUNSURE(619103),"Pl 619103 ""Ancyra (Galatia)"" settlement [precise] konum:-330..640 1.20km",TEMİZ-ÇOK-DÖNEM-SÜREKLİ,çok dönemli/çok konumlu kayıt ama mekânsal ayrışma kanıtı yok (çoğu DARMC 10 km doğruluklu kopya konum),DÖNEM-DIŞI-TEK-TANIK
4300,Annaba,36.9,7.766,liman,1281-01-01..1923-10-29,TEMİZ-ÖLÇÜLDÜ,,,"Pl 305090 ""Hippo Regius"" settlement, port, archaeological-site [precise] konum:- 2.40km",ÖLÇÜLEMEDİ-KATMAN,"Pl 305090 Hippo Regius = antik şehir ören yeri 2,4 km; atlas 1281+ Bûna/Bône (ayrı kurulmuş ortaçağ şehri); Bône için kayıt yok",
4300,Antakya,36.202,36.161,sehir,1084-12-12..1923-10-29,TEMİZ-ÖLÇÜLDÜ,,P-COKKONUM(658381:5.8km);P-UZUNSURE(658381),"Ṯ ANTAKIYYA_361E361N_S ""Anṭākiyyaŧ"" towns 2.15km || Pl 658381 ""Antiochia/Theoupolis"" urban, settlement, amphitheatre [precise] konum:-750..640 3.03km",TEMİZ-ÇOK-KATMAN-AYNI-NESNE,"Ṯ 2,15 + Pl DARE 0,41",
4300,Antalya,36.887,30.703,liman,1207-03-05..1923-10-29,TEMİZ-ÖLÇÜLDÜ,,P-UZUNSURE(638778),"Pl 638778 ""Attalea"" settlement [precise] konum:-330..640 0.46km",TEMİZ-ÇOK-DÖNEM-SÜREKLİ,çok dönemli/çok konumlu kayıt ama mekânsal ayrışma kanıtı yok (çoğu DARMC 10 km doğruluklu kopya konum),DÖNEM-DIŞI-TEK-TANIK
4300,Antep,37.066,37.383,sehir,1281-01-01..1923-10-29,TEMİZ-ÖLÇÜLDÜ,,P-UZUNSURE(534964140),"Pl 534964140 ""Gaziantep"" settlement, settlement-modern [precise] konum:2000..2099 0.63km",TEMİZ-ÇOK-DÖNEM-SÜREKLİ,çok dönemli/çok konumlu kayıt ama mekânsal ayrışma kanıtı yok (çoğu DARMC 10 km doğruluklu kopya konum),YALNIZ-MODERN-KONUM
4300,Anvers (Antwerpen),51.22,4.4,liman,1281-01-01..1923-10-29,TEMİZ-ÖLÇÜLDÜ,,,"Pl 108747 ""Anvers"" settlement [precise] konum:-30..300 0.06km",TEMİZ-TEK-KATMAN,,DÖNEM-DIŞI-TEK-TANIK
4300,Aosta,45.737,7.32,sehir,1281-01-01..1923-10-29,TEMİZ-ÖLÇÜLDÜ,,,"Pl 383579 ""Augusta Praetoria"" settlement [precise] konum:-30..640 0.30km",TEMİZ-TEK-KATMAN,,DÖNEM-DIŞI-TEK-TANIK
4300,Arlon,49.683,5.817,sehir,1281-01-01..1923-10-29,TEMİZ-ÖLÇÜLDÜ,,,"Pl 109232 ""Orolaunum"" settlement [precise] konum:-30..640 0.10km",TEMİZ-TEK-KATMAN,,DÖNEM-DIŞI-TEK-TANIK
4300,Arras,50.291,2.777,sehir,1281-01-01..1923-10-29,TEMİZ-ÖLÇÜLDÜ,,,"Pl 109194 ""Nemetacum"" settlement [precise] konum:-330..640 0.23km",TEMİZ-TEK-KATMAN,,DÖNEM-DIŞI-TEK-TANIK
4300,Arta,39.161,20.985,sehir,1281-01-01..1923-10-29,TEMİZ-ÖLÇÜLDÜ,,,"Pl 530794 ""Ambracia"" settlement [precise] konum:-750..300 0.81km",TEMİZ-TEK-KATMAN,,DÖNEM-DIŞI-TEK-TANIK
4300,Arzila (Asilah),35.466,-6.036,liman,1281-01-01..1923-10-29,TEMİZ-ÖLÇÜLDÜ,,,"Pl 275594 ""Asilah"" settlement, port [precise] konum:-30..640 0.43km",TEMİZ-TEK-KATMAN,,DÖNEM-DIŞI-TEK-TANIK
4300,Askalân,31.6648,34.55052,sehir,..,TEMİZ-ÖLÇÜLDÜ,,P-UZUNSURE(687839),"Ṯ ASQALAN_345E316N_S ""ʿAsqalān"" towns 0.39km || Pl 687839 ""Ashqelon/Ascalon"" basilica, settlement-modern, archaeologi [precise] konum:None..None 0.00km",TEMİZ-ÇOK-DÖNEM-SÜREKLİ,çok dönemli/çok konumlu kayıt ama mekânsal ayrışma kanıtı yok (çoğu DARMC 10 km doğruluklu kopya konum),
4300,Asvan,24.089,32.899,sehir,1281-01-01..1923-10-29,TEMİZ-ÖLÇÜLDÜ,,P-COKKONUM(786123:1.8km);P-UZUNSURE(786123),"Ṯ USWAN_329E241N_S ""Uswān"" capitals 8.74km || Pl 786123 ""Syene"" settlement [precise] konum:-750..640 0.26km",TEMİZ-ÇOK-DÖNEM-SÜREKLİ,çok dönemli/çok konumlu kayıt ama mekânsal ayrışma kanıtı yok (çoğu DARMC 10 km doğruluklu kopya konum),DÖNEM-DIŞI-TEK-TANIK
4300,Asyut,27.181,31.183,sehir,1281-01-01..1923-10-29,TEMİZ-ÖLÇÜLDÜ,,P-UZUNSURE(756593),"Ṯ ASYUT_311E271N_S ""Asyūṭ"" towns 0.27km || Pl 756593 ""Lykopolis/Siout"" settlement [precise] konum:-330..640 0.06km",TEMİZ-ÇOK-DÖNEM-SÜREKLİ,çok dönemli/çok konumlu kayıt ama mekânsal ayrışma kanıtı yok (çoğu DARMC 10 km doğruluklu kopya konum),
4300,Augsburg,48.371,10.898,sehir,1281-01-01..1923-10-29,TEMİZ-ÖLÇÜLDÜ,,,"Pl 118580 ""Augusta Vindelicum/Aelia Augusta"" settlement, amphitheatre [precise] konum:-30..640 0.66km",TEMİZ-TEK-KATMAN,,DÖNEM-DIŞI-TEK-TANIK
4300,Avignon,43.949,4.806,sehir,1281-01-01..1923-10-29,TEMİZ-ÖLÇÜLDÜ,,,"Pl 148004 ""Avennio"" settlement [precise] konum:-750..640 0.19km",TEMİZ-TEK-KATMAN,,DÖNEM-DIŞI-TEK-TANIK
4300,Avlonya,40.466,19.489,liman,1281-01-01..1923-10-29,TEMİZ-ÖLÇÜLDÜ,,,"Pl 481750 ""Aulon"" settlement [precise] konum:-30..640 2.49km",TEMİZ-TEK-KATMAN,,DÖNEM-DIŞI-TEK-TANIK
4300,Ayamavra (Lefkada),38.716,20.643,kale,1281-01-01..1923-10-29,TEMİZ-ÖLÇÜLDÜ,,,"Pl 530975 ""Leucas (island)"" island [precise] konum:- 2.13km",ÖLÇÜLEMEDİ-ADA,"tanık 530975 Leucas (island) = ADA (alan) 2.13 km; atlas tür=kale ⇒ nesne farklı, nokta-konum testi değil",
4300,Ayasuluk (Selçuk),37.951,27.368,sehir,1281-01-01..1923-10-29,TEMİZ-ÖLÇÜLDÜ,,P-UZUNSURE(599612),"Pl 599612 ""Ephesus/Arsinoe(ia)"" settlement, archaeological-site [precise] konum:- 2.55km",TEMİZ-DÜZELTİLDİ,"LAB Ephesus (antik liman şehri, 2,55 km) ile kıyaslamış = YANLIŞ NESNE. Doğru nesne: Pl 964353020 Grand Fortress of Selçuk (640-2099) 0,49 · Pl 336873086 Ayasuluk Hill 0,50 · St. John bazilikası 0,13",
4300,Aydonat (Paramythia),39.4667,20.5167,sehir,1281-01-01..1923-10-29,TEMİZ-ÖLÇÜLDÜ,,,"Pl 531044 ""Paramythia"" settlement [precise] konum:-750..640 1.09km",TEMİZ-TEK-KATMAN,,DÖNEM-DIŞI-TEK-TANIK
4300,Aydın,37.845,27.84,sehir,1281-01-01..1923-10-29,TEMİZ-ÖLÇÜLDÜ,,P-UZUNSURE(599987),"Pl 599987 ""Tralles/Dia/Seleuceia ad Maeandrum/Kaisa"" settlement [precise] konum:-550..640 1.72km",TEMİZ-ÇOK-DÖNEM-SÜREKLİ,çok dönemli/çok konumlu kayıt ama mekânsal ayrışma kanıtı yok (çoğu DARMC 10 km doğruluklu kopya konum),DÖNEM-DIŞI-TEK-TANIK
4300,Azak,47.113,39.423,kale,1281-01-01..1923-10-29,TEMİZ-ÖLÇÜLDÜ,,P-TANIM(707913355:modern town),"Pl 707913355 ""Azov"" settlement [precise] konum:- 2.98km",TEMİZ-ÇOK-DÖNEM-SÜREKLİ,çok dönemli/çok konumlu kayıt ama mekânsal ayrışma kanıtı yok (çoğu DARMC 10 km doğruluklu kopya konum),
4300,Aşkale,39.9214,40.6939,kasaba,1281-01-01..1923-10-29,TEMİZ-ÖLÇÜLDÜ,,,"Pl 874698 ""Sinara"" station [precise] konum:300..640 0.18km",TEMİZ-TEK-KATMAN,,DÖNEM-DIŞI-TEK-TANIK
4300,Ba'lebek (Baalbek),34.0059,36.2181,kasaba,1260-01-01..1923-10-29,TEMİZ-ÖLÇÜLDÜ,,P-UZUNSURE(678179),"Ṯ BALABAKK_361E340N_S ""Baʿlabakk"" towns 2.50km || Pl 678179 ""Heliopolis/Col. Iulia Augusta Felix"" settlement, archaeological-site, temple- [precise] konum:-330..640 1.31km",TEMİZ-ÇOK-DÖNEM-SÜREKLİ,çok dönemli/çok konumlu kayıt ama mekânsal ayrışma kanıtı yok (çoğu DARMC 10 km doğruluklu kopya konum),
4300,Babadağı (Babadag),44.8917,28.7169,kasaba,1281-01-01..1923-10-29,TEMİZ-ÖLÇÜLDÜ,,,"Pl 216724 ""Babadag"" settlement [precise] konum:-30..640 0.07km",TEMİZ-TEK-KATMAN,,DÖNEM-DIŞI-TEK-TANIK
4300,Badajoz,38.879,-6.97,sehir,1281-01-01..1923-10-29,TEMİZ-ÖLÇÜLDÜ,,,"Pl 931117398 ""Badajoz"" settlement [precise] konum:640..2100 0.41km",TEMİZ-TEK-KATMAN,,
4300,Baf (Paphos),34.776,32.424,kale,1281-01-01..1923-10-29,TEMİZ-ÖLÇÜLDÜ,,,"Pl 707586 ""(Nea) Paphos"" settlement, archaeological-site [precise] konum:-550..640 2.63km",TEMİZ-ÇOK-KATMAN-AYNI-NESNE,"Pl Chrysopolitissa (300-1453) 2,21 + Nea Paphos (-550..1599) 2,63: ortaçağ liman kenti tanıklı; atlas noktası Ktima; iki nesne de <5",DÖNEM-DIŞI-TEK-TANIK
4300,Bakü,40.372,49.867,liman,1281-01-01..1923-10-29,TEMİZ-ÖLÇÜLDÜ,,,"Ṯ BAKUH_498E403N_S ""Bākūh"" towns 0.81km || Pl 46154574 ""Baku"" settlement [precise] konum:-30..2100 2.89km",TEMİZ-TEK-KATMAN,,
4300,Balasagun (Ak-Beşim),42.76,75.24,sehir,1281-01-01..1923-10-29,TEMİZ-ÖLÇÜLDÜ,,,,ÖLÇÜLEMEDİ-KATMAN,"yalnız TGN 8724271 Burana (arkeolojik alan) 1,7 km; atlas adı Ak-Beşim diyor, Ak-Beşim ayrı ören (~6 km KB, bilgi, tanıksız); Balasagun kimliği tartışmalı ⇒ nesne belirsiz",
4300,Balat (Palatia),37.51,27.278,liman,1281-01-01..1923-10-29,TEMİZ-ÖLÇÜLDÜ,,P-UZUNSURE(599799),"Pl 599799 ""Miletus"" settlement, port, archaeological-site [precise] konum:-750..640 2.28km",TEMİZ-ÇOK-KATMAN-AYNI-NESNE,"Pl Miletus kaydı -1750..2000, reprPoint tiyatro üstünde (Palatia kalesinin yeri) 2,28; nesne aynı alan",DÖNEM-DIŞI-TEK-TANIK
4300,Balyabadra (Patras),38.246,21.735,liman,1281-01-01..1923-10-29,TEMİZ-ÖLÇÜLDÜ,,,"Pl 570567 ""Patra(e)"" settlement [precise] konum:-750..300 0.43km",TEMİZ-TEK-KATMAN,,DÖNEM-DIŞI-TEK-TANIK
4300,Bangalor,12.972,77.594,sehir,1537-01-01..1923-10-29,TEMİZ-ÖLÇÜLDÜ,,,"Pl 49896 ""Bangalore"" settlement [precise] konum:-30..300 0.54km",TEMİZ-TEK-KATMAN,,DÖNEM-DIŞI-TEK-TANIK
4300,Bargiri (Muradiye),38.9931,43.7669,kale,1281-01-01..1923-10-29,TEMİZ-ÖLÇÜLDÜ,,,"Pl 875298456 ""Muradiye"" findspot [precise] konum:None..None 0.47km",TEMİZ-TEK-KATMAN,,
4300,Bari,41.117,16.871,liman,1281-01-01..1923-10-29,TEMİZ-ÖLÇÜLDÜ,,,"Pl 442500 ""Barium"" settlement [precise] konum:-750..640 1.36km",TEMİZ-TEK-KATMAN,,DÖNEM-DIŞI-TEK-TANIK
4300,Barselona,41.387,2.17,liman,1281-01-01..1923-10-29,TEMİZ-ÖLÇÜLDÜ,,,"Pl 246343 ""Col. Barcino"" settlement, amphitheatre [precise] konum:-30..640 0.10km",TEMİZ-TEK-KATMAN,,DÖNEM-DIŞI-TEK-TANIK
4300,Basel,47.559,7.588,sehir,1281-01-01..1923-10-29,TEMİZ-ÖLÇÜLDÜ,,,"Pl 177468 ""Basilia"" settlement [precise] konum:-330..640 0.16km",TEMİZ-TEK-KATMAN,,DÖNEM-DIŞI-TEK-TANIK
4300,Batnoz (Patmos),37.32,26.55,kale,1281-01-01..1923-10-29,TEMİZ-ÖLÇÜLDÜ,,,"Pl 599872 ""Patmos (island)"" island [precise] konum:- 1.20km",ÖLÇÜLEMEDİ-ADA,"tanık 599872 Patmos (island) = ADA (alan) 1.20 km; atlas tür=kale ⇒ nesne farklı, nokta-konum testi değil",
4300,Bayburt,40.2552,40.2249,kale,1202-01-01..1923-10-29,TEMİZ-ÖLÇÜLDÜ,,,"Pl 857322 ""Sinoria/Baiberdon"" fort [precise] konum:-330..640 0.35km",TEMİZ-TEK-KATMAN,,DÖNEM-DIŞI-TEK-TANIK
4300,Bayonne,43.493,-1.475,liman,1281-01-01..1923-10-29,TEMİZ-ÖLÇÜLDÜ,,,"Pl 246461 ""Lapurdum"" settlement [precise] konum:-30..640 0.03km",TEMİZ-TEK-KATMAN,,DÖNEM-DIŞI-TEK-TANIK
4300,Bağdat,33.34,44.361,sehir,1258-02-10..1923-10-29,TEMİZ-ÖLÇÜLDÜ,,P-UZUNSURE(893952),"Pl 893952 ""Bagdata"" settlement, settlement-modern [precise] konum:- 2.21km",TEMİZ-ÇOK-KATMAN-AYNI-NESNE,"Pl 893952 Bagdata -1600..2099 settlement-modern dahil, doğu yakası 2,2",
4300,Başkale,38.045,44.01,kale,1281-01-01..1923-10-29,TEMİZ-ÖLÇÜLDÜ,,,"Pl 705365883 ""Başkale"" settlement, settlement-modern [precise] konum:2000..2099 0.71km",TEMİZ-TEK-KATMAN,,YALNIZ-MODERN-KONUM
4300,Behisni (Besni),37.693,37.86,kale,1281-01-01..1923-10-29,TEMİZ-ÖLÇÜLDÜ,,,"Pl 658555 ""‘Octacuscum’"" settlement [precise] konum:300..640 0.17km",TEMİZ-TEK-KATMAN,,DÖNEM-DIŞI-TEK-TANIK
4300,Behnesâ,28.535,30.65,sehir,1281-01-01..1923-10-29,TEMİZ-ÖLÇÜLDÜ,,,"Ṯ BAHNASA_306E286N_R ""Bahnasá"" regions 7.44km || Pl 736983 ""Oxyrhynchus/Pemje"" settlement [precise] konum:-550..640 0.86km",TEMİZ-TEK-KATMAN,,DÖNEM-DIŞI-TEK-TANIK
4300,Behramkale (Assos),39.4897,26.3376,kale,1281-01-01..1923-10-29,TEMİZ-ÖLÇÜLDÜ,,,"Pl 550463 ""Assos/Apollonia"" settlement, archaeological-site [precise] konum:-750..640 0.12km",TEMİZ-TEK-KATMAN,,DÖNEM-DIŞI-TEK-TANIK
4300,Belgrad,44.818,20.457,kale,1281-01-01..1923-10-29,TEMİZ-ÖLÇÜLDÜ,,P-COKKONUM(207443:2.6km),"Pl 207443 ""Singidunum"" settlement [precise] konum:-30..640 0.56km",TEMİZ-ÇOK-DÖNEM-SÜREKLİ,çok dönemli/çok konumlu kayıt ama mekânsal ayrışma kanıtı yok (çoğu DARMC 10 km doğruluklu kopya konum),DÖNEM-DIŞI-TEK-TANIK
4300,Belh,36.758,66.897,sehir,1198-01-01..1923-10-29,TEMİZ-ÖLÇÜLDÜ,,P-UZUNSURE(961886),"Ṯ BALKH_668E367N_S ""Balḫ"" capitals 3.25km || Pl 961886 ""Bactra/Zariaspa"" settlement [precise] konum:- 1.16km",TEMİZ-ÇOK-KATMAN-AYNI-NESNE,"Pl Bactra kaydı -2000..2000 (ortaçağ dahil) 1,2 + Ṯ Balḫ 3,25: aynı sur içi kompleks",
4300,Bender Abbas (Gamrûn),27.2,56.274,liman,1622-05-01..1923-10-29,TEMİZ-ÖLÇÜLDÜ,,,"Pl 360094477 ""Bandar-e ʿAbbās"" settlement, settlement-modern [precise] konum:1700..2100 2.33km",TEMİZ-TEK-KATMAN,,YALNIZ-MODERN-KONUM
4300,Benhâ (Kalyûbiye),30.466,31.184,sehir,1281-01-01..1923-10-29,TEMİZ-ÖLÇÜLDÜ,,P-UZUNSURE(727078);P-TANIM(727078:Tell),"Pl 727078 ""Athribis (Lower Egypt)"" settlement [precise] konum:-750..640 0.52km",TEMİZ-ÇOK-DÖNEM-SÜREKLİ,çok dönemli/çok konumlu kayıt ama mekânsal ayrışma kanıtı yok (çoğu DARMC 10 km doğruluklu kopya konum),DÖNEM-DIŞI-TEK-TANIK
4300,Benî Velîd,31.746,13.983,sehir,1281-01-01..1923-10-29,TEMİZ-ÖLÇÜLDÜ,,P-TANIM(198812462:modern city),"Pl 198812462 ""Bani Walid"" settlement-modern [precise] konum:2000..2099 3.30km",TEMİZ-ÇOK-DÖNEM-SÜREKLİ,çok dönemli/çok konumlu kayıt ama mekânsal ayrışma kanıtı yok (çoğu DARMC 10 km doğruluklu kopya konum),YALNIZ-MODERN-KONUM
4300,Bergama,39.121,27.18,sehir,1281-01-01..1923-10-29,TEMİZ-ÖLÇÜLDÜ,,P-UZUNSURE(550812),"Pl 550812 ""Pergamum"" settlement [precise] konum:-750..640 1.33km",TEMİZ-ÇOK-DÖNEM-SÜREKLİ,çok dönemli/çok konumlu kayıt ama mekânsal ayrışma kanıtı yok (çoğu DARMC 10 km doğruluklu kopya konum),DÖNEM-DIŞI-TEK-TANIK
4300,Bergamo,45.698,9.677,sehir,1281-01-01..1923-10-29,TEMİZ-ÖLÇÜLDÜ,,,"Pl 383589 ""Bergomum"" settlement [precise] konum:-550..640 0.65km",TEMİZ-TEK-KATMAN,,DÖNEM-DIŞI-TEK-TANIK
4300,Bern,46.948,7.447,sehir,1281-01-01..1923-10-29,TEMİZ-ÖLÇÜLDÜ,,,"Pl 177471 ""Bern"" settlement [precise] konum:-330..640 3.29km",ÖLÇÜLEMEDİ-KATMAN,"Pl 177471 Bern reprPoint = Engehalbinsel Roma vicus + amfitiyatro 3,1-3,3 km; atlas 1281+ ortaçağ Bern (1191 kuruluş); tanık yok",DÖNEM-DIŞI-TEK-TANIK
4300,Besançon,47.238,6.024,sehir,1281-01-01..1923-10-29,TEMİZ-ÖLÇÜLDÜ,,,"Pl 177657 ""Vesontio"" settlement [precise] konum:-330..640 0.31km",TEMİZ-TEK-KATMAN,,DÖNEM-DIŞI-TEK-TANIK
4300,Beyrut,33.888,35.495,liman,1281-01-01..1923-10-29,TEMİZ-ÖLÇÜLDÜ,,P-COKKONUM(678060:1.9km);P-UZUNSURE(678060),"Ṯ BAYRUT_355E339N_S ""Bayrūt"" towns 2.00km || Pl 678060 ""Beirut"" settlement [precise] konum:-330..640 1.91km",TEMİZ-ÇOK-DÖNEM-SÜREKLİ,çok dönemli/çok konumlu kayıt ama mekânsal ayrışma kanıtı yok (çoğu DARMC 10 km doğruluklu kopya konum),
4300,Bicâye,36.751,5.056,liman,1281-01-01..1923-10-29,TEMİZ-ÖLÇÜLDÜ,,,"Ṯ BAJAYA_050E367N_S ""Baǧāyaŧ"" towns 5.50km || Pl 305142 ""Saldae"" settlement, port [precise] konum:-330..640 1.14km",TEMİZ-TEK-KATMAN,,DÖNEM-DIŞI-TEK-TANIK
4300,Bilbîs (Şarkiye),30.417,31.567,sehir,1281-01-01..1923-10-29,TEMİZ-ÖLÇÜLDÜ,,,"Ṯ BILBAYS_315E304N_S ""Bilbays"" capitals 0.39km || Pl 727084 ""Bilbeis"" settlement [precise] konum:-30..300 0.88km",TEMİZ-TEK-KATMAN,,
4300,Bingazi,32.117,20.068,liman,1551-08-15..1923-10-29,TEMİZ-ÖLÇÜLDÜ,,,"Pl 373757 ""Berenice"" settlement, port [precise] konum:-330..640 0.91km",TEMİZ-TEK-KATMAN,,DÖNEM-DIŞI-TEK-TANIK
4300,Birecik,37.025,37.977,sehir,1281-01-01..1923-10-29,TEMİZ-ÖLÇÜLDÜ,,,"Pl 658412 ""Birtha"" settlement [precise] konum:300..640 0.16km",TEMİZ-TEK-KATMAN,,DÖNEM-DIŞI-TEK-TANIK
4300,Birgi,38.256,28.07,sehir,1281-01-01..1923-10-29,TEMİZ-ÖLÇÜLDÜ,,,"Pl 550515 ""Dios Hieron"" settlement [precise] konum:-30..640 3.36km",ÖLÇÜLEMEDİ-TÜR,"Pl 550515 Dios Hieron 3,4 km güneyde; Dios Hieron = Birgi (Pyrgion) özdeşliği kayıtta yok ⇒ nesne belirsiz",DÖNEM-DIŞI-TEK-TANIK
4300,Biskra,34.85,5.728,kale,1281-01-01..1923-10-29,TEMİZ-ÖLÇÜLDÜ,,,"Ṯ BISKARA_057E348N_S ""Biskaraŧ"" towns 0.32km || Pl 334663 ""Vescera"" settlement [precise] konum:-330..640 0.73km",TEMİZ-TEK-KATMAN,,
4300,Bistâm,36.4831,55.01,sehir,1281-01-01..1923-10-29,TEMİZ-ÖLÇÜLDÜ,,,"Ṯ BISTAM_550E364N_S ""Bisṭām"" towns 6.14km || Pl 942250 ""[Bistam]"" settlement [precise] konum:-30..640 2.50km",TEMİZ-TEK-KATMAN,,DÖNEM-DIŞI-TEK-TANIK
4300,Bitlis,38.401,42.108,sehir,1209-01-01..1923-10-29,TEMİZ-ÖLÇÜLDÜ,,P-UZUNSURE(874438),"Pl 874438 ""Cymiza/*Balaleisa/‘Balouos’"" settlement, findspot [precise] konum:None..None 0.07km",TEMİZ-ÇOK-DÖNEM-SÜREKLİ,çok dönemli/çok konumlu kayıt ama mekânsal ayrışma kanıtı yok (çoğu DARMC 10 km doğruluklu kopya konum),
4300,Bodrum,37.034,27.43,kale,1402-01-01..1923-10-29,TEMİZ-ÖLÇÜLDÜ,,,"Pl 599636 ""Halicarnassus/Halikarnassos"" settlement, port, monument [precise] konum:None..None 1.00km",TEMİZ-TEK-KATMAN,,
4300,Bolu,40.736,31.606,sehir,1281-01-01..1923-10-29,TEMİZ-ÖLÇÜLDÜ,,P-COKKONUM(844879:7.5km);P-UZUNSURE(844879),"Pl 844879 ""Bithynion/Claudiopolis/Hadriana"" settlement [precise] konum:-330..640 2.81km",TEMİZ-ÇOK-DÖNEM-SÜREKLİ,çok dönemli/çok konumlu kayıt ama mekânsal ayrışma kanıtı yok (çoğu DARMC 10 km doğruluklu kopya konum),DÖNEM-DIŞI-TEK-TANIK
4300,Bourges,47.081,2.399,sehir,1281-01-01..1923-10-29,TEMİZ-ÖLÇÜLDÜ,,,"Pl 138207 ""Avaricum/Biturigae"" settlement [precise] konum:-330..640 0.19km",TEMİZ-TEK-KATMAN,,DÖNEM-DIŞI-TEK-TANIK
4300,Bozcaada,39.833,26.045,kale,1281-01-01..1923-10-29,TEMİZ-ÖLÇÜLDÜ,,,"Pl 550912 ""Tenedos (island)"" island [precise] konum:- 1.61km",ÖLÇÜLEMEDİ-ADA,"tanık 550912 Tenedos (island) = ADA (alan) 1.61 km; atlas tür=kale ⇒ nesne farklı, nokta-konum testi değil",
4300,Brakya (Brač),43.323,16.644,kale,1281-01-01..1923-10-29,TEMİZ-ÖLÇÜLDÜ,,,"Pl 197178 ""Brattia (island)"" island [precise] konum:1700..2100 0.82km",ÖLÇÜLEMEDİ-ADA,"tanık 197178 Brattia (island) = ADA (alan) 0.82 km; atlas tür=kale ⇒ nesne farklı, nokta-konum testi değil",YALNIZ-MODERN-KONUM
4300,Brescia,45.539,10.221,sehir,1281-01-01..1923-10-29,TEMİZ-ÖLÇÜLDÜ,,,"Pl 383603 ""Brixia"" settlement [precise] konum:-550..640 0.19km",TEMİZ-TEK-KATMAN,,DÖNEM-DIŞI-TEK-TANIK
4300,Brindisi,40.639,17.945,liman,1281-01-01..1923-10-29,TEMİZ-ÖLÇÜLDÜ,,,"Pl 442509 ""Brundisium/Brentesion"" settlement, port [precise] konum:-750..640 0.18km",TEMİZ-TEK-KATMAN,,DÖNEM-DIŞI-TEK-TANIK
4300,Brixen (Bressanone),46.715,11.656,sehir,1281-01-01..1923-10-29,TEMİZ-ÖLÇÜLDÜ,,,"Pl 187322 ""Bressanone"" settlement [precise] konum:-330..300 0.14km",TEMİZ-TEK-KATMAN,,DÖNEM-DIŞI-TEK-TANIK
4300,Broaç (Bharuch),21.7153,72.995,liman,1281-01-01..1923-10-29,TEMİZ-ÖLÇÜLDÜ,,,"Pl 59737 ""Barygaza"" settlement [precise] konum:-330..300 2.03km",TEMİZ-TEK-KATMAN,,DÖNEM-DIŞI-TEK-TANIK
4300,Brüj (Brugge),51.209,3.225,liman,1281-01-01..1923-10-29,TEMİZ-ÖLÇÜLDÜ,,,"Pl 108830 ""Brugge"" settlement [precise] konum:-30..640 0.03km",TEMİZ-TEK-KATMAN,,DÖNEM-DIŞI-TEK-TANIK
4300,Budin,47.498,19.04,sehir,1281-01-01..1923-10-29,TEMİZ-ÖLÇÜLDÜ,,,"Pl 197181 ""Buda"" fort [precise] konum:-30..300 0.08km",TEMİZ-TEK-KATMAN,,DÖNEM-DIŞI-TEK-TANIK
4300,Buhara,39.7681,64.421,sehir,1281-01-01..1923-10-29,TEMİZ-ÖLÇÜLDÜ,,UZAK-TANIK(T:BUKHARA_644E398N_S:10.08),"Ṯ BUKHARA_644E398N_S ""Buḫāraŧ"" capitals 10.08km || Pl 762205391 ""Bukhara"" settlement, settlement-modern [precise] konum:1700..2100 0.19km",TEMİZ-ÇOK-KATMAN-AYNI-NESNE,"Pl 762205391 Bukhara (şehir kaydı; konum OSM modern, §9.4 notu) 0,19; Ṯ 10,08 tek-Ṯ eşiğinde ama Pl ile çelişki",YALNIZ-MODERN-KONUM
4300,Bulgar (Bolgar),54.976,49.03,sehir,1281-01-01..1923-10-29,TEMİZ-ÖLÇÜLDÜ,,UZAK-TANIK(T:BULGHAR_492E548N_S:18.57),"Pl 611914644 ""Bolgar"" fortified-settlement [precise] konum:- 1.68km",TEMİZ-ÇOK-KATMAN-AYNI-NESNE,"Pl 611914644 Bolgar (10.-16. yy) 1,68 = aynı nesne; Ṯ 18,6 Ṯ hatası",
4300,Burdur,37.72,30.29,sehir,1281-01-01..1923-10-29,TEMİZ-ÖLÇÜLDÜ,,P-COKKONUM(639070:4.4km);P-UZUNSURE(639070),"Pl 639070 ""[Praetoria]"" settlement [precise] konum:300..640 1.76km",TEMİZ-ÇOK-DÖNEM-SÜREKLİ,çok dönemli/çok konumlu kayıt ama mekânsal ayrışma kanıtı yok (çoğu DARMC 10 km doğruluklu kopya konum),DÖNEM-DIŞI-TEK-TANIK
4300,Burgos,42.344,-3.697,sehir,1281-01-01..1923-10-29,TEMİZ-ÖLÇÜLDÜ,,,"Pl 345254116 ""Burgos"" settlement, settlement-modern [precise] konum:1700..2100 0.01km",TEMİZ-TEK-KATMAN,,YALNIZ-MODERN-KONUM
4300,Bursa,40.188,29.061,sehir,1281-01-01..1923-10-29,TEMİZ-ÖLÇÜLDÜ,,P-UZUNSURE(511384),"Pl 511384 ""Prusa"" settlement [precise] konum:-30..640 0.62km",TEMİZ-ÇOK-DÖNEM-SÜREKLİ,çok dönemli/çok konumlu kayıt ama mekânsal ayrışma kanıtı yok (çoğu DARMC 10 km doğruluklu kopya konum),DÖNEM-DIŞI-TEK-TANIK
4300,Butrint (Butrinto),39.7458,20.0206,kale,1281-01-01..1923-10-29,TEMİZ-ÖLÇÜLDÜ,,,"Pl 530824 ""Bouthroton"" settlement, port, theatre, archaeologica [precise] konum:- 0.02km",TEMİZ-TEK-KATMAN,,
4300,Bâce (Béja),36.733,9.183,sehir,1281-01-01..1923-10-29,TEMİZ-ÖLÇÜLDÜ,,,"Ṯ BAJA_092E366N_S ""Bāǧaŧ"" towns 6.51km || Pl 315253 ""Vaga"" settlement [precise] konum:-330..640 0.72km",TEMİZ-TEK-KATMAN,,DÖNEM-DIŞI-TEK-TANIK
4300,Bîdar,17.913,77.52,kale,1281-01-01..1923-10-29,TEMİZ-ÖLÇÜLDÜ,,,,ÖLÇÜLEMEDİ-§9.4,"tek dayanak TGN 7001691 Bidar = inhabited places, 17.9/77.55 yuvarlak ⇒ §9.4",
4300,Böğürdelen (Šabac),44.75,19.694,kale,1281-01-01..1923-10-29,TEMİZ-ÖLÇÜLDÜ,,,"Pl 207405 ""Šabac"" fort-2 [precise] konum:300..640 0.65km",TEMİZ-TEK-KATMAN,,DÖNEM-DIŞI-TEK-TANIK
4300,Caen,49.183,-0.37,sehir,1281-01-01..1923-10-29,TEMİZ-ÖLÇÜLDÜ,,,"Pl 69483 ""Caen"" settlement [precise] konum:-30..640 0.69km",TEMİZ-TEK-KATMAN,,DÖNEM-DIŞI-TEK-TANIK
4300,Cahors,44.448,1.441,sehir,1281-01-01..1923-10-29,TEMİZ-ÖLÇÜLDÜ,,,"Pl 138329 ""Divona"" settlement [precise] konum:-30..640 0.20km",TEMİZ-TEK-KATMAN,,DÖNEM-DIŞI-TEK-TANIK
4300,Cardiff,51.482,-3.179,liman,1281-01-01..1923-10-29,TEMİZ-ÖLÇÜLDÜ,,,"Pl 79706 ""Tamion?"" fort-2, fort [precise] konum:-30..640 0.14km",TEMİZ-TEK-KATMAN,,DÖNEM-DIŞI-TEK-TANIK
4300,Cartagena,37.606,-0.986,liman,1281-01-01..1923-10-29,TEMİZ-ÖLÇÜLDÜ,,P-TANIM(265849:New City),"Pl 265849 ""Carthago Nova/Col. Urbs Iulia"" settlement [precise] konum:-330..640 0.40km",TEMİZ-ÇOK-DÖNEM-SÜREKLİ,çok dönemli/çok konumlu kayıt ama mekânsal ayrışma kanıtı yok (çoğu DARMC 10 km doğruluklu kopya konum),DÖNEM-DIŞI-TEK-TANIK
4300,Cebelitarık (Gibraltar),36.14,-5.353,kale,1281-01-01..1923-10-29,TEMİZ-ÖLÇÜLDÜ,,,"Pl 256045 ""Calpe (mountain)"" mountain, cape [precise] konum:1700..2100 1.49km",TEMİZ-ÇOK-KATMAN-AYNI-NESNE,"Pl Calpe = Kaya (dağ) 1,49; kale Kaya'nın üstünde ⇒ sınır <5",YALNIZ-MODERN-KONUM
4300,Cenova,44.4087,8.9347,liman,1281-01-01..1923-10-29,TEMİZ-ÖLÇÜLDÜ,,,"Pl 383664 ""Genua"" settlement, port [precise] konum:-550..640 0.37km",TEMİZ-TEK-KATMAN,,DÖNEM-DIŞI-TEK-TANIK
4300,Cerablus,36.825,38.014,kasaba,1281-01-01..1923-10-29,TEMİZ-ÖLÇÜLDÜ,,,"Ṯ JARABULUS_380E368N_S ""Ǧarabuluṣ"" towns 1.27km",TEMİZ-TEK-KATMAN,,
4300,Cerbe (Djerba),33.807,10.856,kale,1281-01-01..1923-10-29,TEMİZ-ÖLÇÜLDÜ,,,"Pl 344440 ""Meninx/Lotophagitis/Girba (island)"" island [precise] konum:1700..2100 3.84km",ÖLÇÜLEMEDİ-ADA,"tanık 344440 Meninx/Lotophagitis/Girba (island) = ADA (alan) 3.84 km; atlas tür=kale ⇒ nesne farklı, nokta-konum testi değil",YALNIZ-MODERN-KONUM
4300,Cezayir,36.753,3.059,liman,1281-01-01..1923-10-29,TEMİZ-ÖLÇÜLDÜ,,,"Pl 295276 ""Icosium"" settlement [precise] konum:-550..640 1.84km",TEMİZ-TEK-KATMAN,,DÖNEM-DIŞI-TEK-TANIK
4300,Cherbourg,49.64,-1.616,liman,1281-01-01..1923-10-29,TEMİZ-ÖLÇÜLDÜ,,,"Pl 69493 ""Coriallum"" settlement [precise] konum:-30..640 0.28km",TEMİZ-TEK-KATMAN,,DÖNEM-DIŞI-TEK-TANIK
4300,Cilfe (Djelfa),34.673,3.263,sehir,1281-01-01..1923-10-29,TEMİZ-ÖLÇÜLDÜ,,,"Pl 334537 ""Djelfa"" fort [precise] konum:-30..640 1.60km",TEMİZ-TEK-KATMAN,,DÖNEM-DIŞI-TEK-TANIK
4300,Cirge (Girga),26.34,31.891,sehir,1281-01-01..1923-10-29,TEMİZ-ÖLÇÜLDÜ,evet,,"Pl 756659 ""This"" settlement [precise] konum:-330..640 4.90km",ÖLÇÜLEMEDİ-KATMAN,"Pl 756659 This (Thinis): Pleiades açıklaması ""kesin yeri belirsiz""; antik başkent ≠ Memlük/Osmanlı Cirge; tanık yok",DÖNEM-DIŞI-TEK-TANIK
4300,Cizre,37.33,42.19,sehir,1261-01-01..1923-10-29,TEMİZ-ÖLÇÜLDÜ,,,"Pl 874296 ""Ad flumen Tigrim"" station, settlement-modern [precise] konum:1700..2100 0.55km",TEMİZ-TEK-KATMAN,,YALNIZ-MODERN-KONUM
4300,Clermont-Ferrand,45.777,3.087,sehir,1281-01-01..1923-10-29,TEMİZ-ÖLÇÜLDÜ,,,"Pl 138202 ""Augustonemetum"" settlement [precise] konum:-30..640 0.21km",TEMİZ-TEK-KATMAN,,DÖNEM-DIŞI-TEK-TANIK
4300,Cosenza,39.298,16.253,sehir,1281-01-01..1923-10-29,TEMİZ-ÖLÇÜLDÜ,,,"Pl 452308 ""Consentia"" settlement [precise] konum:-550..640 0.29km",TEMİZ-TEK-KATMAN,,DÖNEM-DIŞI-TEK-TANIK
4300,Cuenca,40.071,-2.134,sehir,1281-01-01..1923-10-29,TEMİZ-ÖLÇÜLDÜ,,,"Pl 503948792 ""Cuenca"" settlement, settlement-modern [precise] konum:640..2100 0.33km",TEMİZ-TEK-KATMAN,,
4300,Cádiz,36.527,-6.289,liman,1281-01-01..1923-10-29,TEMİZ-ÖLÇÜLDÜ,,,"Pl 256177 ""Gadeira/Gades/Col. Augusta Gaditana"" settlement [precise] konum:-750..640 0.45km",TEMİZ-TEK-KATMAN,,DÖNEM-DIŞI-TEK-TANIK
4300,Damala (Troizen),37.508,23.339,kasaba,1281-01-01..1923-10-29,TEMİZ-ÖLÇÜLDÜ,,,"Pl 570756 ""Troizen"" settlement [precise] konum:- 1.00km",TEMİZ-TEK-KATMAN,,
4300,Darende,38.55,37.5,sehir,1281-01-01..1923-10-29,TEMİZ-ÖLÇÜLDÜ,,P-COKKONUM(629092:1.9km),"Pl 629092 ""Taranta"" settlement [precise] konum:300..640 0.47km",TEMİZ-ÇOK-DÖNEM-SÜREKLİ,çok dönemli/çok konumlu kayıt ama mekânsal ayrışma kanıtı yok (çoğu DARMC 10 km doğruluklu kopya konum),DÖNEM-DIŞI-TEK-TANIK
4300,Demenhûr (Damanhur),31.034,30.47,sehir,1281-01-01..1923-10-29,TEMİZ-ÖLÇÜLDÜ,,P-UZUNSURE(727123),"Ṯ DAMANHUR_304E310N_S ""Damanhūr"" towns 1.19km || Pl 727123 ""Hermopolis Mikra"" settlement [precise] konum:-750..640 0.08km",TEMİZ-ÇOK-DÖNEM-SÜREKLİ,çok dönemli/çok konumlu kayıt ama mekânsal ayrışma kanıtı yok (çoğu DARMC 10 km doğruluklu kopya konum),
4300,Denizli,37.783,29.094,sehir,1281-01-01..1923-10-29,TEMİZ-ÖLÇÜLDÜ,,P-UZUNSURE(755967974),"Pl 755967974 ""Denizli"" settlement, settlement-modern [precise] konum:2000..2099 0.23km",TEMİZ-ÇOK-DÖNEM-SÜREKLİ,çok dönemli/çok konumlu kayıt ama mekânsal ayrışma kanıtı yok (çoğu DARMC 10 km doğruluklu kopya konum),YALNIZ-MODERN-KONUM
4300,Derbend,42.058,48.29,kale,1239-01-01..1923-10-29,TEMİZ-ÖLÇÜLDÜ,,,"Pl 863911 ""Tzon/Tzur"" settlement [precise] konum:-750..1453 0.55km",TEMİZ-TEK-KATMAN,,
4300,Derne,32.766,22.639,liman,1281-01-01..1923-10-29,TEMİZ-ÖLÇÜLDÜ,,,"Pl 373780 ""Darnis"" settlement [precise] konum:-750..640 0.14km",TEMİZ-TEK-KATMAN,,DÖNEM-DIŞI-TEK-TANIK
4300,Devagiri (Devletâbâd),19.943,75.22,kale,1281-01-01..1923-10-29,TEMİZ-ÖLÇÜLDÜ,,,,ÖLÇÜLEMEDİ-§9.4,tek dayanak TGN 8724514 Daulatabad = inhabited places (modern köy) ⇒ §9.4 tarihî site tanığı değil,
4300,Dijon,47.322,5.041,sehir,1281-01-01..1923-10-29,TEMİZ-ÖLÇÜLDÜ,,,"Pl 177489 ""Castrum Divionense"" settlement [precise] konum:-30..640 0.62km",TEMİZ-TEK-KATMAN,,DÖNEM-DIŞI-TEK-TANIK
4300,Dimetoka,41.348,26.497,kale,1230-01-01..1923-10-29,TEMİZ-ÖLÇÜLDÜ,,,"Pl 501572 ""Plotino(u)polis"" settlement, archaeological-site, estate [precise] konum:None..None 0.75km",TEMİZ-TEK-KATMAN,,
4300,Dimyat,31.418,31.814,liman,1250-01-01..1923-10-29,TEMİZ-ÖLÇÜLDÜ,,,"Ṯ DIMYAT_317E314N_S ""Dimyāṭ"" towns 3.05km || Pl 727235 ""Tamiathis"" settlement [precise] konum:300..640 0.17km",ÖLÇÜLEMEDİ-KATMAN,Pl Tamiathis (geç antik konum) ve Ṯ Dimyāṭ (10. yy) 1250 öncesi şehri gösteriyor; atlas 1250 sonrası yeniden kurulan şehri çiziyor; yeni şehir için tanık yok,
4300,Diyarbakır,37.911,40.237,sehir,1281-01-01..1923-10-29,TEMİZ-ÖLÇÜLDÜ,,P-UZUNSURE(874298);UZAK-TANIK(T:DIYARBAKR_406E378N_R:39.43),"Pl 874298 ""Ad Tygrem/Amida"" settlement [precise] konum:300..640 0.34km",TEMİZ-ÇOK-DÖNEM-SÜREKLİ,çok dönemli/çok konumlu kayıt ama mekânsal ayrışma kanıtı yok (çoğu DARMC 10 km doğruluklu kopya konum),DÖNEM-DIŞI-TEK-TANIK
4300,Dizfûl,32.3831,48.4014,sehir,1281-01-01..1923-10-29,TEMİZ-ÖLÇÜLDÜ,,P-UZUNSURE(903015),"Ṯ DIZ_484E323N_S ""al-Diz"" towns 2.09km || Pl 903015 ""Dezful/[Qantara al-Rum]"" settlement [precise] konum:-30..640 0.30km",TEMİZ-ÇOK-DÖNEM-SÜREKLİ,çok dönemli/çok konumlu kayıt ama mekânsal ayrışma kanıtı yok (çoğu DARMC 10 km doğruluklu kopya konum),
4300,Dvin,40.01186,44.58079,sehir,..,TEMİZ-ÖLÇÜLDÜ,,P-COKKONUM(863780:2.0km),"Pl 863780 ""Doubios"" settlement [precise] konum:-330..640 0.00km",TEMİZ-ÇOK-KATMAN-AYNI-NESNE,"Pl Doubios 0,0 (ören)",DÖNEM-DIŞI-TEK-TANIK
4300,Dâmgan,36.1683,54.3481,sehir,1281-01-01..1923-10-29,TEMİZ-ÖLÇÜLDÜ,evet,P-UZUNSURE(942260),"Ṯ DAMGHAN_543E361N_S ""al-Damġān"" capitals 4.81km || Pl 942260 ""[Damghan]/[(Medinat) Qumis]"" settlement [precise] konum:300..640 0.25km",TEMİZ-ÇOK-KATMAN-AYNI-NESNE,"Ṯ 4,81 aynı nesne; Pl kaydı Kumis ile birleşik + dakika-yuvarlak",YUVARLAK-KOORD(942260)
4300,Dénia,38.841,0.107,liman,1281-01-01..1923-10-29,TEMİZ-ÖLÇÜLDÜ,,,"Ṯ DANIYA_001E388N_S ""Dāniyaŧ"" towns 0.30km || Pl 265880 ""Dianium/Hemeroskopeion"" settlement [precise] konum:-550..640 0.20km",TEMİZ-TEK-KATMAN,,
4300,Ebrekûh,31.1281,53.2814,sehir,1281-01-01..1923-10-29,TEMİZ-ÖLÇÜLDÜ,,,"Ṯ ABARQUH_532E311N_S ""Abarqūh"" towns 3.42km",TEMİZ-TEK-KATMAN,,
4300,Ecdâbiye,30.755,20.225,sehir,1551-08-15..1923-10-29,TEMİZ-ÖLÇÜLDÜ,,UZAK-TANIK(T:AJDABIYYA_202E304N_S:32.1),,KOVA-TUTARSIZ,"5 km içinde hiçbir tanık yok; yalnız Ṯ 32,1 km ⇒ kural gereği tek-Ṯ ≥10 = ADAY (ya da Ṯ hatası); elle TEMİZ dayanaksız",
4300,Edfû,24.978,32.874,sehir,1281-01-01..1923-10-29,TEMİZ-ÖLÇÜLDÜ,,,"Pl 785974 ""Apollonopolis Magna"" settlement, archaeological-site [precise] konum:None..None 0.16km",TEMİZ-TEK-KATMAN,,
4300,Edirne,41.677,26.556,sehir,1281-01-01..1923-10-29,TEMİZ-ÖLÇÜLDÜ,,P-COKKONUM(501428:2.1km);P-UZUNSURE(501428),"Pl 501428 ""Hadrianoupolis"" settlement [precise] konum:-30..640 0.58km",TEMİZ-ÇOK-DÖNEM-SÜREKLİ,çok dönemli/çok konumlu kayıt ama mekânsal ayrışma kanıtı yok (çoğu DARMC 10 km doğruluklu kopya konum),DÖNEM-DIŞI-TEK-TANIK
4300,Egina (Aegina),37.736,23.493,kale,1281-01-01..1923-10-29,TEMİZ-ÖLÇÜLDÜ,,,"Pl 579844 ""Aegina (island)"" island [precise] konum:- 0.36km",ÖLÇÜLEMEDİ-ADA,"tanık 579844 Aegina (island) = ADA (alan) 0.36 km; atlas tür=kale ⇒ nesne farklı, nokta-konum testi değil",
4300,El-Arîş,31.132,33.798,kale,1281-01-01..1923-10-29,TEMİZ-ÖLÇÜLDÜ,,P-UZUNSURE(688016),"Ṯ ARISH_338E311N_S ""al-ʿArīš"" towns 1.27km || Pl 688016 ""Rhinocolura"" settlement [precise] konum:-330..640 2.25km",TEMİZ-ÇOK-DÖNEM-SÜREKLİ,çok dönemli/çok konumlu kayıt ama mekânsal ayrışma kanıtı yok (çoğu DARMC 10 km doğruluklu kopya konum),
4300,Elafonisos (Cervi),36.4936,22.9756,kasaba,1281-01-01..1923-10-29,TEMİZ-ÖLÇÜLDÜ,evet,,"Pl 570533 ""Onougnathos (promontory)"" cape [precise] konum:1700..2100 4.98km",ÖLÇÜLEMEDİ-TÜR,"Pl 570533 Onougnathos = burun (cape), konum OSM Akra Agia Maria; atlas tür=kale ⇒ nesne türü farklı",YALNIZ-MODERN-KONUM
4300,Elba,42.784,10.285,kale,1281-01-01..1923-10-29,TEMİZ-ÖLÇÜLDÜ,,,"Pl 403222 ""Ilva/Aethalia (island)"" island [precise] konum:- 1.76km",ÖLÇÜLEMEDİ-ADA,"tanık 403222 Ilva/Aethalia (island) = ADA (alan) 1.76 km; atlas tür=kale ⇒ nesne farklı, nokta-konum testi değil",
4300,Elbistan,38.207,37.194,sehir,1202-01-01..1923-10-29,TEMİZ-ÖLÇÜLDÜ,,,"Pl 628917 ""Ablastha"" settlement [precise] konum:-30..640 0.68km",TEMİZ-TEK-KATMAN,,DÖNEM-DIŞI-TEK-TANIK
4300,Enez,40.724,26.075,liman,1281-01-01..1923-10-29,TEMİZ-ÖLÇÜLDÜ,,,"Pl 501337 ""Ainos"" settlement [precise] konum:-550..640 0.91km",TEMİZ-TEK-KATMAN,,DÖNEM-DIŞI-TEK-TANIK
4300,Eperjes (Prešov),48.999,21.236,sehir,1281-01-01..1923-10-29,TEMİZ-ÖLÇÜLDÜ,,,"Pl 128495 ""Prešov"" settlement [precise] konum:-30..640 0.49km",TEMİZ-TEK-KATMAN,,DÖNEM-DIŞI-TEK-TANIK
4300,Erbil,36.1911,44.0092,sehir,1281-01-01..1923-10-29,TEMİZ-ÖLÇÜLDÜ,,P-TELL(874341);P-UZUNSURE(874341),"Ṯ IRBIL_440E361N_S ""Irbīl"" towns 0.02km || Pl 874341 ""Arbela/Arba-ilu"" fortified-settlement, settlement, tell,  [precise] konum:- 0.03km",TEMİZ-ÇOK-DÖNEM-SÜREKLİ,çok dönemli/çok konumlu kayıt ama mekânsal ayrışma kanıtı yok (çoğu DARMC 10 km doğruluklu kopya konum),
4300,Erciş,39.026,43.36,kale,1281-01-01..1923-10-29,TEMİZ-ÖLÇÜLDÜ,,UZAK-TANIK(P:874356:9.36),"Ṯ ARJISH_433E390N_S ""Arǧīš"" towns 0.42km || Pl 874356 ""Arsesa/Elegosine"" label [precise] konum:- 9.36km",ÖLÇÜLEMEDİ-KATMAN,"Ṯ Arǧīš koordinatı modern Erciş (Cornu); Pl *Elegoana geç antik; Pl Arsesa = BAtlas ""label"" (konum değil); eski Erciş (göl kıyısı) için kayıt yok; atlas 1281-1923 = eski Erciş dönemi",
4300,Erdebil,38.249,48.294,sehir,1281-01-01..1923-10-29,TEMİZ-ÖLÇÜLDÜ,,P-UZUNSURE(884119),"Ṯ ARDABIL_483E382N_S ""Ardabīl"" metropoles 1.81km || Pl 884119 ""Ardabil"" settlement [precise] konum:300..640 0.30km",TEMİZ-ÇOK-DÖNEM-SÜREKLİ,çok dönemli/çok konumlu kayıt ama mekânsal ayrışma kanıtı yok (çoğu DARMC 10 km doğruluklu kopya konum),
4300,Erdek,40.399,27.795,liman,1281-01-01..1923-10-29,TEMİZ-ÖLÇÜLDÜ,,P-UZUNSURE(511158),"Pl 511158 ""Artace"" settlement [precise] konum:-550..300 0.45km",TEMİZ-ÇOK-DÖNEM-SÜREKLİ,çok dönemli/çok konumlu kayıt ama mekânsal ayrışma kanıtı yok (çoğu DARMC 10 km doğruluklu kopya konum),DÖNEM-DIŞI-TEK-TANIK
4300,Erdistan,33.3769,52.3697,sehir,1281-01-01..1923-10-29,TEMİZ-ÖLÇÜLDÜ,,,"Ṯ ARDISTAN_523E333N_S ""Ardistān"" towns 0.28km",TEMİZ-TEK-KATMAN,,
4300,Ermenek,36.64,32.891,kale,1281-01-01..1923-10-29,TEMİZ-ÖLÇÜLDÜ,,P-COKKONUM(648635:1.9km),"Pl 648635 ""Germanicopolis/Clibanus?"" settlement [precise] konum:-30..640 1.03km",TEMİZ-ÇOK-DÖNEM-SÜREKLİ,çok dönemli/çok konumlu kayıt ama mekânsal ayrışma kanıtı yok (çoğu DARMC 10 km doğruluklu kopya konum),DÖNEM-DIŞI-TEK-TANIK
4300,Ermiyoni (Hermione),37.3884,23.2486,liman,1281-01-01..1923-10-29,TEMİZ-ÖLÇÜLDÜ,,,"Pl 570292 ""Hermion(e)"" settlement, port [precise] konum:-750..300 0.57km",TEMİZ-TEK-KATMAN,,DÖNEM-DIŞI-TEK-TANIK
4300,Erzincan,39.75,39.492,sehir,1142-01-01..1923-10-29,TEMİZ-ÖLÇÜLDÜ,,P-UZUNSURE(874467),"Pl 874467 ""Eriza"" settlement [precise] konum:-30..640 0.68km",ÖLÇÜLEMEDİ-KATMAN,"Pl Eriza 39.75,39.50 dakika-yuvarlak (§9.4); Roma Eriza ≠ 1142-1923 eski Erzincan (1939 sonrası şehir yer değiştirdi, bilgi); tanık yok",DÖNEM-DIŞI-TEK-TANIK;YUVARLAK-KOORD(874467)
4300,Erzurum,39.905,41.266,sehir,1071-01-01..1923-10-29,TEMİZ-ÖLÇÜLDÜ,,P-UZUNSURE(874373);P-TANIM(874373:modern city),"Pl 874373 ""Erzurum"" fort-2, settlement [precise] konum:300..640 0.92km",TEMİZ-ÇOK-DÖNEM-SÜREKLİ,çok dönemli/çok konumlu kayıt ama mekânsal ayrışma kanıtı yok (çoğu DARMC 10 km doğruluklu kopya konum),DÖNEM-DIŞI-TEK-TANIK
4300,Eski Zağra (Stara Zagora),42.425,25.633,sehir,1281-01-01..1923-10-29,TEMİZ-ÖLÇÜLDÜ,,,"Pl 216731 ""Beroe/Augusta Traiana"" settlement [precise] konum:-330..640 0.67km",TEMİZ-TEK-KATMAN,,DÖNEM-DIŞI-TEK-TANIK
4300,Eskişehir,39.776,30.52,sehir,1281-01-01..1923-10-29,TEMİZ-ÖLÇÜLDÜ,,P-UZUNSURE(609367),"Pl 609367 ""Dorylaion"" settlement [precise] konum:-330..640 0.30km",TEMİZ-ÇOK-DÖNEM-SÜREKLİ,çok dönemli/çok konumlu kayıt ama mekânsal ayrışma kanıtı yok (çoğu DARMC 10 km doğruluklu kopya konum),DÖNEM-DIŞI-TEK-TANIK
4300,Esna,25.293,32.554,sehir,1281-01-01..1923-10-29,TEMİZ-ÖLÇÜLDÜ,,P-UZUNSURE(786059),"Ṯ ASNA_325E253N_S ""Asnā"" towns 3.22km || Pl 786059 ""Latopolis"" settlement [precise] konum:-330..300 0.11km",TEMİZ-ÇOK-DÖNEM-SÜREKLİ,çok dönemli/çok konumlu kayıt ama mekânsal ayrışma kanıtı yok (çoğu DARMC 10 km doğruluklu kopya konum),
4300,Estergon,47.795,18.74,kale,1281-01-01..1923-10-29,TEMİZ-ÖLÇÜLDÜ,,,"Pl 197519 ""Solva"" fort [precise] konum:-30..640 0.10km",TEMİZ-TEK-KATMAN,,DÖNEM-DIŞI-TEK-TANIK
4300,Exeter,50.718,-3.534,sehir,1281-01-01..1923-10-29,TEMİZ-ÖLÇÜLDÜ,,,"Pl 79531 ""Isca Dumnoniorum"" fort-2, settlement, settlement-modern [precise] konum:1700..2100 0.98km",TEMİZ-TEK-KATMAN,,YALNIZ-MODERN-KONUM
4300,Faro,37.019,-7.93,liman,1281-01-01..1923-10-29,TEMİZ-ÖLÇÜLDÜ,,,"Pl 256345 ""Ossonoba"" settlement [precise] konum:-750..640 0.61km",TEMİZ-TEK-KATMAN,,DÖNEM-DIŞI-TEK-TANIK
4300,Fas (Fez),34.034,-5.0,sehir,1248-01-01..1923-10-29,TEMİZ-ÖLÇÜLDÜ,evet,,"Ṯ FAS_050W340N_S ""Fās"" capitals 4.54km",TEMİZ-ÇOK-KATMAN-AYNI-NESNE,"Ṯ Fās 4,54 aynı nesne (Ṯ hata bandı)",
4300,Ferecik (Feres),40.897,26.172,sehir,1281-01-01..1923-10-29,TEMİZ-ÖLÇÜLDÜ,,P-TANIM(907598626:modern town),"Pl 907598626 ""Bera/Feres"" settlement [precise] konum:None..None 0.36km",TEMİZ-ÇOK-DÖNEM-SÜREKLİ,çok dönemli/çok konumlu kayıt ama mekânsal ayrışma kanıtı yok (çoğu DARMC 10 km doğruluklu kopya konum),
4300,Ferrara,44.836,11.619,sehir,1281-01-01..1923-10-29,TEMİZ-ÖLÇÜLDÜ,,,"Pl 393422 ""[Feraria]"" settlement [precise] konum:300..640 0.25km",TEMİZ-TEK-KATMAN,,DÖNEM-DIŞI-TEK-TANIK
4300,Fesâ,28.9383,53.6483,sehir,1281-01-01..1923-10-29,TEMİZ-ÖLÇÜLDÜ,,P-UZUNSURE(29781);P-TANIM(29781:Tell),"Ṯ FASA_536E289N_S ""Fasā"" towns 2.43km || Pl 29781 ""Tell-i Zohak/Pasa?/Bashiyan?"" settlement [precise] konum:-550..640 0.94km",TEMİZ-ÇOK-DÖNEM-SÜREKLİ,çok dönemli/çok konumlu kayıt ama mekânsal ayrışma kanıtı yok (çoğu DARMC 10 km doğruluklu kopya konum),
4300,Fethiye (Makri),36.622,29.116,liman,1281-01-01..1923-10-29,TEMİZ-ÖLÇÜLDÜ,,,"Pl 638976 ""Macris/Makra (island)"" island [precise] konum:- 3.43km",TEMİZ-DÜZELTİLDİ,"LAB Makri ADASI (3,43) ile kıyaslamış = yanlış nesne. Doğru nesne: Pl 639137 Telmessos (-550..2100, settlement-modern) 0,92",
4300,Feyyûm,29.309,30.842,sehir,1281-01-01..1923-10-29,TEMİZ-ÖLÇÜLDÜ,,P-COKKONUM(736948:1.5km);P-UZUNSURE(736948),"Ṯ FAYYUM_308E293N_R ""al-Fayyūm"" regions 5.58km || Pl 736948 ""Krokodilopolis/Ptolemais Euergetis"" settlement [precise] konum:-550..640 0.69km",TEMİZ-ÇOK-DÖNEM-SÜREKLİ,çok dönemli/çok konumlu kayıt ama mekânsal ayrışma kanıtı yok (çoğu DARMC 10 km doğruluklu kopya konum),DÖNEM-DIŞI-TEK-TANIK
4300,Filat (Filiates),39.6053,20.3175,sehir,1281-01-01..1923-10-29,TEMİZ-ÖLÇÜLDÜ,,,"Pl 531059 ""Philiates"" fort [precise] konum:-550..-30 3.25km",TEMİZ-TEK-KATMAN,,DÖNEM-DIŞI-TEK-TANIK
4300,Filibe,42.144,24.75,sehir,1281-01-01..1923-10-29,TEMİZ-ÖLÇÜLDÜ,,,"Pl 216927 ""Philippopolis/Trimontium"" settlement [precise] konum:-330..640 0.18km",TEMİZ-TEK-KATMAN,,DÖNEM-DIŞI-TEK-TANIK
4300,Firûzâbâd,28.8438,52.5713,sehir,1281-01-01..1923-10-29,TEMİZ-ÖLÇÜLDÜ,,,"Pl 922643 ""Firuzabad"" bridge, settlement, settlement-modern, m [precise] konum:1700..2100 0.05km",TEMİZ-ÇOK-KATMAN-AYNI-NESNE,"iki nesne de tanıklı: Pl 922643 modern Firuzabad 0,05 · Pl 922617 Gur/Ardaşir-Hurra (-30..2100) 3,89 ⇒ hangisi çizilirse çizilsin <5",YALNIZ-MODERN-KONUM
4300,Fornoz (Fourni),37.5795,26.4764,kale,1281-01-01..1923-10-29,TEMİZ-ÖLÇÜLDÜ,,,"Pl 599726 ""Korsiai (islands)"" archipelago [precise] konum:1700..2100 1.83km",ÖLÇÜLEMEDİ-ADA,"tanık 599726 Korsiai (islands) = ADA (alan) 1.83 km; atlas tür=kale ⇒ nesne farklı, nokta-konum testi değil",YALNIZ-MODERN-KONUM
4300,Frankfurt,50.11,8.682,sehir,1281-01-01..1923-10-29,TEMİZ-ÖLÇÜLDÜ,,,"Pl 108992 ""Frankfurt"" settlement [precise] konum:-30..300 0.20km",TEMİZ-TEK-KATMAN,,DÖNEM-DIŞI-TEK-TANIK
4300,Fâkûs,30.729,31.797,sehir,1281-01-01..1923-10-29,TEMİZ-ÖLÇÜLDÜ,,P-TANIM(727194:modern city),"Ṯ FAQUS_317E307N_S ""Fāqūs"" towns 2.05km || Pl 727194 ""Phakoussa"" settlement, settlement-modern, findspot [precise] konum:None..None 0.23km",TEMİZ-ÇOK-DÖNEM-SÜREKLİ,çok dönemli/çok konumlu kayıt ama mekânsal ayrışma kanıtı yok (çoğu DARMC 10 km doğruluklu kopya konum),
4300,Gabes,33.881,10.098,liman,1281-01-01..1923-10-29,TEMİZ-ÖLÇÜLDÜ,,,"Pl 344496 ""Tacape"" settlement [precise] konum:-330..640 1.22km",TEMİZ-TEK-KATMAN,,DÖNEM-DIŞI-TEK-TANIK
4300,Garyân,32.172,13.02,sehir,1281-01-01..1923-10-29,TEMİZ-ÖLÇÜLDÜ,,,"Pl 344361 ""Garian"" temple [precise] konum:-30..640 0.37km",TEMİZ-TEK-KATMAN,,DÖNEM-DIŞI-TEK-TANIK
4300,Gazne,33.551,68.423,sehir,1281-01-01..1923-10-29,TEMİZ-ÖLÇÜLDÜ,,UZAK-TANIK(P:59694:6.65),"Ṯ GHAZNA_684E335N_S ""Ġaznaŧ"" capitals 2.06km || Pl 59694 ""Arachosiorum Oppidum/Alexandria"" settlement [precise] konum:-330..300 6.65km",TEMİZ-ÇOK-KATMAN-AYNI-NESNE,"Ṯ Ġazna 2,06 aynı nesne; Pl Arachosiorum Oppidum 6,65 başka/antik",
4300,Gazze,31.502,34.466,sehir,1281-01-01..1923-10-29,TEMİZ-ÖLÇÜLDÜ,,P-COKKONUM(687902:2.4km);P-UZUNSURE(687902),"Ṯ GHAZZA_344E314N_S ""Ġazzaŧ"" towns 1.07km || Pl 687902 ""Gaza"" settlement, port [precise] konum:-330..640 2.44km",TEMİZ-ÇOK-DÖNEM-SÜREKLİ,çok dönemli/çok konumlu kayıt ama mekânsal ayrışma kanıtı yok (çoğu DARMC 10 km doğruluklu kopya konum),
4300,Gelibolu,40.4156,26.6636,liman,1204-04-13..1923-10-29,TEMİZ-ÖLÇÜLDÜ,,,"Pl 501450 ""Kallipo(u)lis"" settlement, port [precise] konum:-330..640 1.47km",TEMİZ-TEK-KATMAN,,DÖNEM-DIŞI-TEK-TANIK
4300,Gemlik (Kios),40.43,29.157,liman,1281-01-01..1923-10-29,TEMİZ-ÖLÇÜLDÜ,,,"Pl 511385 ""Prusias ad Mare/Kios"" settlement, port [precise] konum:-750..640 0.28km",TEMİZ-TEK-KATMAN,,DÖNEM-DIŞI-TEK-TANIK
4300,Geyve,40.508,30.288,kale,1281-01-01..1923-10-29,TEMİZ-ÖLÇÜLDÜ,,,"Pl 511282 ""Kabia"" settlement [precise] konum:-30..300 1.34km",TEMİZ-TEK-KATMAN,,DÖNEM-DIŞI-TEK-TANIK;YUVARLAK-KOORD(511282)
4300,Giresun,40.918,38.389,liman,1204-01-01..1923-10-29,TEMİZ-ÖLÇÜLDÜ,,,"Pl 857185 ""Kerasous/Pharnakeia"" settlement [precise] konum:-550..640 0.76km",TEMİZ-TEK-KATMAN,,DÖNEM-DIŞI-TEK-TANIK
4300,Girit (Resmo),35.365,24.482,kale,1204-08-12..1923-10-29,TEMİZ-ÖLÇÜLDÜ,,,"Pl 590028 ""Rhithymna/Arsinoe"" settlement [precise] konum:-550..300 1.07km",TEMİZ-TEK-KATMAN,,DÖNEM-DIŞI-TEK-TANIK
4300,Girne (Kyrenia),35.3375,33.3187,kale,1281-01-01..1923-10-29,TEMİZ-ÖLÇÜLDÜ,,,"Pl 707531 ""Keryn(e)ia/Keraunia"" settlement [precise] konum:-750..640 0.25km",TEMİZ-TEK-KATMAN,,DÖNEM-DIŞI-TEK-TANIK
4300,Girona,41.983,2.824,sehir,1281-01-01..1923-10-29,TEMİZ-ÖLÇÜLDÜ,,,"Pl 246406 ""Gerunda"" settlement [precise] konum:-330..640 0.53km",TEMİZ-TEK-KATMAN,,DÖNEM-DIŞI-TEK-TANIK
4300,Granada,37.177,-3.599,sehir,1281-01-01..1923-10-29,TEMİZ-ÖLÇÜLDÜ,,,"Pl 265921 ""Iliberri"" settlement [precise] konum:-330..640 0.11km",TEMİZ-TEK-KATMAN,,DÖNEM-DIŞI-TEK-TANIK
4300,Grenoble,45.188,5.724,sehir,1281-01-01..1923-10-29,TEMİZ-ÖLÇÜLDÜ,,,"Pl 167734 ""Cularo/Gratianopolis"" settlement [precise] konum:-550..640 0.79km",TEMİZ-TEK-KATMAN,,DÖNEM-DIŞI-TEK-TANIK
4300,Gümülcine,41.122,25.406,sehir,1281-01-01..1923-10-29,TEMİZ-ÖLÇÜLDÜ,,,"Pl 501475 ""Komotene"" settlement [precise] konum:300..640 3.39km",TEMİZ-TEK-KATMAN,,DÖNEM-DIŞI-TEK-TANIK
4300,Gürün,38.7223,37.271,sehir,1281-01-01..1923-10-29,TEMİZ-ÖLÇÜLDÜ,,P-COKKONUM(628982:2.9km),"Pl 628982 ""Gauraina"" settlement [precise] konum:-30..640 1.17km",TEMİZ-ÇOK-DÖNEM-SÜREKLİ,çok dönemli/çok konumlu kayıt ama mekânsal ayrışma kanıtı yok (çoğu DARMC 10 km doğruluklu kopya konum),DÖNEM-DIŞI-TEK-TANIK
4300,Halep,36.202,37.161,sehir,1260-01-01..1923-10-29,TEMİZ-ÖLÇÜLDÜ,,P-UZUNSURE(658409);P-TANIM(658409:modern city),"Pl 658409 ""Beroia"" settlement, mosque, plaza [precise] konum:- 0.33km",TEMİZ-ÇOK-DÖNEM-SÜREKLİ,çok dönemli/çok konumlu kayıt ama mekânsal ayrışma kanıtı yok (çoğu DARMC 10 km doğruluklu kopya konum),
4300,Hama,35.132,36.75,sehir,1281-01-01..1923-10-29,TEMİZ-ÖLÇÜLDÜ,,P-UZUNSURE(668182),"Ṯ HAMA_367E351N_S ""Ḥamāŧ"" towns 1.83km || Pl 668182 ""Amathe/Epiphaneia"" settlement, settlement-modern [precise] konum:-550..640 0.15km",TEMİZ-ÇOK-DÖNEM-SÜREKLİ,çok dönemli/çok konumlu kayıt ama mekânsal ayrışma kanıtı yok (çoğu DARMC 10 km doğruluklu kopya konum),
4300,Hanya,35.512,24.019,kale,1281-01-01..1923-10-29,TEMİZ-ÖLÇÜLDÜ,,P-UZUNSURE(589886),"Pl 589886 ""Kydonia"" settlement [precise] konum:-750..640 0.42km",TEMİZ-ÇOK-DÖNEM-SÜREKLİ,çok dönemli/çok konumlu kayıt ama mekânsal ayrışma kanıtı yok (çoğu DARMC 10 km doğruluklu kopya konum),DÖNEM-DIŞI-TEK-TANIK
4300,Harput (Elazığ),38.714,39.245,kale,1281-01-01..1923-10-29,TEMİZ-ÖLÇÜLDÜ,,,"Pl 217446454 ""Harput"" ruin [precise] konum:None..None 1.57km",TEMİZ-ÇOK-KATMAN-AYNI-NESNE,"Pl 217446454 Harput ören (1500-1599) 1,57: atlas noktası Harput'ta, Elazığ'da değil",
4300,Hasankeyf,37.714,41.412,kale,1085-01-01..1923-10-29,TEMİZ-ÖLÇÜLDÜ,,,"Ṯ HISNKAYFA_414E377N_S ""Ḥiṣn Kayfā"" towns 1.73km || Pl 874664 ""(Ris)Kepha(s)"" fort-2 [precise] konum:None..None 0.21km",TEMİZ-ÇOK-KATMAN-AYNI-NESNE,"Pl (Ris)Kepha 0,21 + Ṯ 1,73: aynı kale-şehir (2020 yeni yerleşim atlas dönemi dışında)",
4300,Hatvan,47.667,19.68,kale,1281-01-01..1923-10-29,TEMİZ-ÖLÇÜLDÜ,,,"Pl 207167 ""Hatvan"" fort [precise] konum:300..640 0.77km",TEMİZ-TEK-KATMAN,,DÖNEM-DIŞI-TEK-TANIK
4300,Hayber,25.6981,39.292,sehir,1281-01-01..1923-10-29,TEMİZ-ÖLÇÜLDÜ,,UZAK-TANIK(T:KHAYBAR_392E257N_S:10.13),"Ṯ KHAYBAR_392E257N_S ""Ḫaybar"" towns 10.13km || Pl 814683 ""Khaybar"" fortified-settlement, settlement, settle [precise] konum:2000..2099 0.86km",TEMİZ-ÇOK-KATMAN-AYNI-NESNE,"Pl 814683 Khaybar (vaha, tarih öncesinden bugüne; konum OSM modern) 0,86; Ṯ 10,13",YALNIZ-MODERN-KONUM
4300,Hemedan,34.799,48.515,sehir,1281-01-01..1923-10-29,TEMİZ-ÖLÇÜLDÜ,,P-UZUNSURE(903021),"Pl 903021 ""Ecbatana/Hagmatana/Achmeta/Epiphaneia/Ah"" settlement, archaeological-site [precise] konum:None..None 0.74km",TEMİZ-ÇOK-DÖNEM-SÜREKLİ,çok dönemli/çok konumlu kayıt ama mekânsal ayrışma kanıtı yok (çoğu DARMC 10 km doğruluklu kopya konum),
4300,Herat,34.342,62.203,sehir,1175-01-01..1923-10-29,TEMİZ-ÖLÇÜLDÜ,,P-UZUNSURE(961874),"Pl 961874 ""Alexandria Ariorum/Artacavan/Harey"" settlement, archaeological-site [precise] konum:-1000..-1 1.33km",TEMİZ-ÇOK-DÖNEM-SÜREKLİ,çok dönemli/çok konumlu kayıt ama mekânsal ayrışma kanıtı yok (çoğu DARMC 10 km doğruluklu kopya konum),DÖNEM-DIŞI-TEK-TANIK
4300,Herke (Halki),36.229,27.568,kale,1281-01-01..1923-10-29,TEMİZ-ÖLÇÜLDÜ,,,"Pl 589742 ""Chalke Island"" island [precise] konum:1700..2100 0.37km",ÖLÇÜLEMEDİ-ADA,"tanık 589742 Chalke Island = ADA (alan) 0.37 km; atlas tür=kale ⇒ nesne farklı, nokta-konum testi değil",YALNIZ-MODERN-KONUM
4300,Hille,32.4828,44.4353,sehir,1281-01-01..1923-10-29,TEMİZ-ÖLÇÜLDÜ,,P-TANIM(77002491:modern city),"Pl 77002491 ""Al-Ḥilah"" findspot [precise] konum:None..None 0.19km",TEMİZ-ÇOK-DÖNEM-SÜREKLİ,çok dönemli/çok konumlu kayıt ama mekânsal ayrışma kanıtı yok (çoğu DARMC 10 km doğruluklu kopya konum),
4300,Hisar,38.52,68.55,kale,1281-01-01..1923-10-29,TEMİZ-ÖLÇÜLDÜ,,,"Pl 971797 ""Khisor"" settlement [precise] konum:None..None 2.38km",TEMİZ-TEK-KATMAN,,
4300,Hoy,38.5503,44.9521,sehir,1281-01-01..1923-10-29,TEMİZ-ÖLÇÜLDÜ,,,"Pl 874420 ""Chauon/Kaputa/Gobdi"" settlement [precise] konum:-330..640 0.45km",TEMİZ-TEK-KATMAN,,DÖNEM-DIŞI-TEK-TANIK
4300,Hradec Králové,50.209,15.833,sehir,1281-01-01..1923-10-29,TEMİZ-ÖLÇÜLDÜ,,,"Pl 128412 ""Hradec Králové"" settlement [precise] konum:-30..300 0.05km",TEMİZ-TEK-KATMAN,,DÖNEM-DIŞI-TEK-TANIK
4300,Hucend,40.284,69.622,sehir,1219-01-01..1923-10-29,TEMİZ-ÖLÇÜLDÜ,evet,,"Ṯ KHUJANDA_696E402N_S ""Ḫuǧandaŧ"" towns 4.29km || Pl 59672 ""Alexandria Eschate"" settlement [precise] konum:-330..640 2.65km",TEMİZ-ÇOK-KATMAN-AYNI-NESNE,"Ṯ 4,29 + Pl Alexandria Eschate 2,65",
4300,Hudeyde,14.798,42.954,liman,1281-01-01..1923-10-29,TEMİZ-ÖLÇÜLDÜ,,,"Pl 39270 ""Adedou Kome"" settlement [precise] konum:-30..300 0.64km",TEMİZ-TEK-KATMAN,,DÖNEM-DIŞI-TEK-TANIK
4300,Humus,34.73,36.71,sehir,1281-01-01..1923-10-29,TEMİZ-ÖLÇÜLDÜ,,P-COKKONUM(668261:3.3km);P-UZUNSURE(668261),"Ṯ HIMS_367E347N_S ""Ḥimṣ"" capitals 1.57km || Pl 668261 ""(H)Emesa"" settlement [precise] konum:-330..640 1.20km",TEMİZ-ÇOK-DÖNEM-SÜREKLİ,çok dönemli/çok konumlu kayıt ama mekânsal ayrışma kanıtı yok (çoğu DARMC 10 km doğruluklu kopya konum),
4300,Hvar (Lesina),43.164,16.699,kale,1281-01-01..1923-10-29,TEMİZ-ÖLÇÜLDÜ,,,"Pl 197434 ""Pharus (island)"" island [precise] konum:- 1.79km",ÖLÇÜLEMEDİ-ADA,"tanık 197434 Pharus (island) = ADA (alan) 1.79 km; atlas tür=kale ⇒ nesne farklı, nokta-konum testi değil",
4300,Hît,33.6414,42.8253,sehir,1281-01-01..1923-10-29,TEMİZ-ÖLÇÜLDÜ,,P-UZUNSURE(894008),"Ṯ HIT_428E336N_S ""Hīt"" towns 1.78km || Pl 894008 ""Idu/Diacira/Hit"" settlement [precise] konum:-750..640 0.43km",TEMİZ-ÇOK-DÖNEM-SÜREKLİ,çok dönemli/çok konumlu kayıt ama mekânsal ayrışma kanıtı yok (çoğu DARMC 10 km doğruluklu kopya konum),
4300,Hısn-ı Mansûr (Adıyaman),37.764,38.278,sehir,1281-01-01..1923-10-29,TEMİZ-ÖLÇÜLDÜ,,UZAK-TANIK(T:HISNMANSUR_380E378N_S:20.3),"Pl 658574 ""Pordonnium"" station [precise] konum:300..640 0.33km",TEMİZ-ÇOK-DÖNEM-SÜREKLİ,çok dönemli/çok konumlu kayıt ama mekânsal ayrışma kanıtı yok (çoğu DARMC 10 km doğruluklu kopya konum),DÖNEM-DIŞI-TEK-TANIK
4300,Ilgın,38.2792,31.9139,kasaba,1281-01-01..1923-10-29,TEMİZ-ÖLÇÜLDÜ,,,"Pl 609448 ""*Lageina"" settlement [precise] konum:-30..300 0.61km",TEMİZ-TEK-KATMAN,,DÖNEM-DIŞI-TEK-TANIK
4300,Isfahan,32.654,51.668,sehir,1235-01-01..1923-10-29,TEMİZ-ÖLÇÜLDÜ,,P-UZUNSURE(902990),"Ṯ ISBAHAN_516E326N_S ""Iṣbahān"" capitals 2.34km || Pl 902990 ""Aspadana/(I)Spahan/Gay/Gabai?"" settlement [precise] konum:-750..640 1.06km",TEMİZ-ÇOK-DÖNEM-SÜREKLİ,çok dönemli/çok konumlu kayıt ama mekânsal ayrışma kanıtı yok (çoğu DARMC 10 km doğruluklu kopya konum),
4300,Isparta,37.765,30.554,sehir,1204-01-01..1923-10-29,TEMİZ-ÖLÇÜLDÜ,,,"Pl 638790 ""Baris"" settlement [precise] konum:-30..640 2.66km",TEMİZ-TEK-KATMAN,,DÖNEM-DIŞI-TEK-TANIK
4300,Jaén,37.779,-3.79,sehir,1281-01-01..1923-10-29,TEMİZ-ÖLÇÜLDÜ,,,"Ṯ JAYYAN_038W377N_S ""Ǧayyān"" towns 1.66km || Pl 302942693 ""Jaén"" settlement, settlement-modern [precise] konum:640..2100 0.70km",TEMİZ-TEK-KATMAN,,
4300,Kafsa,34.425,8.784,sehir,1281-01-01..1923-10-29,TEMİZ-ÖLÇÜLDÜ,,,"Ṯ QAFSA_088E344N_S ""Qafṣaŧ"" towns 3.90km || Pl 324684 ""Capsa (Iustiniana)"" settlement, settlement-modern [precise] konum:2000..2099 0.52km",TEMİZ-TEK-KATMAN,,
4300,Kahire,30.047,31.243,sehir,1252-01-01..1923-10-29,TEMİZ-ÖLÇÜLDÜ,evet,P-UZUNSURE(727082),"Ṯ QAHIRA_312E300N_S ""al-Qāhiraŧ"" quarters 0.76km || Pl 727082 ""Babylon/al-Fusṭāṭ/Old Cairo"" fortified-settlement, settlement [precise] konum:-330..640 4.75km",TEMİZ-ÇOK-KATMAN-AYNI-NESNE,"Ṯ al-Qāhira (quarters) 0,76 = Fatımî/Memlük Kahire, atlas nesnesiyle aynı; Pl Babylon/Fustat 4,75 BAŞKA nesne, fark bulgu değil",
4300,Kalyari (Cagliari),39.22,9.12,liman,1281-01-01..1923-10-29,TEMİZ-ÖLÇÜLDÜ,,,"Pl 471899 ""Caralis"" settlement [precise] konum:-750..640 1.07km",TEMİZ-TEK-KATMAN,,DÖNEM-DIŞI-TEK-TANIK
4300,Kandehar,31.61,65.71,sehir,1281-01-01..1923-10-29,TEMİZ-ÖLÇÜLDÜ,evet,,"Ṯ QANDAHAR_656E316N_R ""Qandahār"" regions 4.16km || Pl 59669 ""Alexandria/Alexandropolis/Cufis"" settlement, archaeological-site, settlem [precise] konum:None..None 4.87km",TEMİZ-SINIRDA-GERÇEK,"Pl 59669 Eski Kandehar 4,87 + Pl 630721027 Old Kandahar citadel 4,91 (aynı nesne, 1281-1738 şehri). Atlas noktası 1761 sonrası modern Kandehar'da ⇒ 1281-1738 için fark gerçek, eşik altı. Ṯ Qandahār bölge (_R) kaydı, tanık değil",
4300,Kandiye (Girit),35.339,25.133,liman,1281-01-01..1923-10-29,TEMİZ-ÖLÇÜLDÜ,,,"Pl 589802 ""Heraklion"" settlement, port, settlement-modern, arc [precise] konum:None..None 0.16km",TEMİZ-TEK-KATMAN,,
4300,Kandy,7.291,80.636,sehir,1281-01-01..1923-10-29,TEMİZ-ÖLÇÜLDÜ,,,"Pl 50034 ""Kandy"" findspot, settlement-modern [precise] konum:300..640 3.23km",TEMİZ-TEK-KATMAN,,DÖNEM-DIŞI-TEK-TANIK
4300,Karaferye (Veria),40.524,22.203,sehir,1281-01-01..1923-10-29,TEMİZ-ÖLÇÜLDÜ,,,"Pl 491546 ""Ber(r)oia"" settlement [precise] konum:-550..640 0.24km",TEMİZ-TEK-KATMAN,,DÖNEM-DIŞI-TEK-TANIK
4300,Karahisâr-ı Şarkî (Şebinkarahisar),40.2886,38.4247,kale,1281-01-01..1923-10-29,TEMİZ-ÖLÇÜLDÜ,,,"Pl 857194 ""Koloneia"" settlement [precise] konum:-330..640 2.26km",TEMİZ-TEK-KATMAN,,DÖNEM-DIŞI-TEK-TANIK
4300,Karakurum,47.198,102.833,sehir,1281-01-01..1923-10-29,TEMİZ-ÖLÇÜLDÜ,,,,TEMİZ-ÇOK-KATMAN-AYNI-NESNE,"TGN 6002973 Har Horin (deserted settlements) 3,9 km; dakika-yuvarlak",
4300,Karaman,37.181,33.215,sehir,1256-01-01..1923-10-29,TEMİZ-ÖLÇÜLDÜ,,,"Pl 648693 ""Laranda"" settlement [precise] konum:-550..640 0.18km",TEMİZ-TEK-KATMAN,,DÖNEM-DIŞI-TEK-TANIK
4300,Karamürsel,40.69,29.617,liman,1281-01-01..1923-10-29,TEMİZ-ÖLÇÜLDÜ,,,"Pl 511372 ""Prainetos"" settlement [precise] konum:-30..640 0.16km",TEMİZ-TEK-KATMAN,,DÖNEM-DIŞI-TEK-TANIK
4300,Karistos (Kızılhisar),38.0182,24.4165,kale,1281-01-01..1923-10-29,TEMİZ-ÖLÇÜLDÜ,,P-TANIM(570336:acropolis),"Pl 570336 ""Karystos"" fort-2, settlement [precise] konum:- 2.26km",TEMİZ-ÇOK-DÖNEM-SÜREKLİ,çok dönemli/çok konumlu kayıt ama mekânsal ayrışma kanıtı yok (çoğu DARMC 10 km doğruluklu kopya konum),
4300,Kars,40.602,43.095,kale,1239-01-01..1923-10-29,TEMİZ-ÖLÇÜLDÜ,,,"Pl 692712721 ""Kars"" settlement, settlement-modern [precise] konum:- 0.77km",TEMİZ-TEK-KATMAN,,
4300,Karşi (Nahşeb),38.86,65.795,sehir,1281-01-01..1923-10-29,TEMİZ-ÖLÇÜLDÜ,,,"Pl 60105 ""Xenippa"" settlement [precise] konum:-330..-30 0.99km",TEMİZ-ÇOK-KATMAN-AYNI-NESNE,"Pl Xenippa -330..1599 (Pleiades süreklilik veriyor) 1,0",DÖNEM-DIŞI-TEK-TANIK
4300,Kasr-ı Şîrîn,34.515,45.5772,kale,1281-01-01..1923-10-29,TEMİZ-ÖLÇÜLDÜ,evet,,"Ṯ QASRSHIRIN_456E344N_S ""Qaṣr Šīrīn"" villages 4.82km || Pl 894071 ""Qasr-i Shirin"" settlement [precise] konum:300..640 0.14km",TEMİZ-ÇOK-KATMAN-AYNI-NESNE,"Pl 0,14 + Ṯ 4,82",
4300,Kastamonu,41.377,33.777,sehir,1281-01-01..1923-10-29,TEMİZ-ÖLÇÜLDÜ,,P-COKKONUM(844974:5.0km);P-UZUNSURE(844974),"Pl 844974 ""Kastamonu"" settlement [precise] konum:-550..-330 2.54km",TEMİZ-ÇOK-DÖNEM-SÜREKLİ,çok dönemli/çok konumlu kayıt ama mekânsal ayrışma kanıtı yok (çoğu DARMC 10 km doğruluklu kopya konum),DÖNEM-DIŞI-TEK-TANIK
4300,Katanya (Catania),37.502,15.087,liman,1281-01-01..1923-10-29,TEMİZ-ÖLÇÜLDÜ,,,"Ṯ QATANIYA_151E375N_S ""Qaṭāniyaŧ"" towns 3.39km || Pl 462270 ""Katane/Catina"" settlement [precise] konum:-750..300 0.15km",TEMİZ-TEK-KATMAN,,
4300,Katîf,26.557,49.9873,liman,1281-01-01..1923-10-29,TEMİZ-ÖLÇÜLDÜ,,UZAK-TANIK(P:932479:6.23),"Ṯ QATIF_499E265N_S ""al-Qaṭīf"" towns 3.20km || Pl 932479 ""Qatif"" settlement, port [precise] konum:-330..640 6.23km",TEMİZ-ÇOK-KATMAN-AYNI-NESNE,"Ṯ 3,2 aynı nesne; Pl Qatif 6,2 DARMC 10 km doğruluk",
4300,Kavala,40.9451,24.4101,liman,1242-01-01..1923-10-29,TEMİZ-ÖLÇÜLDÜ,,,"Pl 501523 ""Neapolis (Kavalla)"" settlement, port [precise] konum:-750..300 1.24km",TEMİZ-TEK-KATMAN,,DÖNEM-DIŞI-TEK-TANIK
4300,Kayrevan,35.678,10.096,sehir,1281-01-01..1923-10-29,TEMİZ-ÖLÇÜLDÜ,evet,,"Ṯ QAYRAWAN_101E357N_S ""al-Qayrawān"" capitals 4.80km",TEMİZ-ÇOK-KATMAN-AYNI-NESNE,"Ṯ 4,8 aynı nesne (hata bandı)",
4300,Kayseri,38.734,35.48,sehir,1143-01-01..1923-10-29,TEMİZ-ÖLÇÜLDÜ,,P-COKKONUM(629035:2.5km);P-UZUNSURE(629035),"Pl 629035 ""Mazaka/Eusebeia/Caesarea"" settlement, findspot [precise] konum:None..None 0.98km",TEMİZ-ÇOK-DÖNEM-SÜREKLİ,çok dönemli/çok konumlu kayıt ama mekânsal ayrışma kanıtı yok (çoğu DARMC 10 km doğruluklu kopya konum),
4300,Kazvin,36.269,50.004,sehir,1281-01-01..1923-10-29,TEMİZ-ÖLÇÜLDÜ,,P-UZUNSURE(884204),"Ṯ QAZWIN_500E362N_S ""Qazwīn"" towns 1.09km || Pl 884204 ""Shad Shapur"" settlement [precise] konum:300..640 0.24km",TEMİZ-ÇOK-DÖNEM-SÜREKLİ,çok dönemli/çok konumlu kayıt ama mekânsal ayrışma kanıtı yok (çoğu DARMC 10 km doğruluklu kopya konum),
4300,Kaş (Antiphellos),36.202,29.639,liman,1281-01-01..1923-10-29,TEMİZ-ÖLÇÜLDÜ,,,"Pl 638749 ""Antiphellos/Habesos"" settlement [precise] konum:-550..640 0.43km",TEMİZ-TEK-KATMAN,,DÖNEM-DIŞI-TEK-TANIK
4300,Kaşot (Kasos),35.396,26.928,kale,1281-01-01..1923-10-29,TEMİZ-ÖLÇÜLDÜ,,,"Pl 589846 ""Kasos (island)"" island [precise] konum:- 0.80km",ÖLÇÜLEMEDİ-ADA,"tanık 589846 Kasos (island) = ADA (alan) 0.80 km; atlas tür=kale ⇒ nesne farklı, nokta-konum testi değil",
4300,Kefe,45.032,35.382,liman,1281-01-01..1923-10-29,TEMİZ-ÖLÇÜLDÜ,,,"Pl 854743 ""Theodosia"" settlement [precise] konum:-550..640 1.59km",TEMİZ-TEK-KATMAN,,DÖNEM-DIŞI-TEK-TANIK
4300,Kemah,39.6,39.03,kale,1228-01-01..1923-10-29,TEMİZ-ÖLÇÜLDÜ,,,"Ṯ KAMAKH_390E395N_S ""Kamaḫ"" waystations 1.59km || Pl 874322 ""Ani"" settlement [precise] konum:-30..640 0.57km",TEMİZ-TEK-KATMAN,,
4300,Kemeran (Kamaran),15.353,42.587,kale,1281-01-01..1923-10-29,TEMİZ-ÖLÇÜLDÜ,,,"Pl 39318 ""Camarum (island)"" island [precise] konum:- 2.84km",ÖLÇÜLEMEDİ-ADA,"tanık 39318 Camarum (island) = ADA (alan) 2.84 km; atlas tür=kale ⇒ nesne farklı, nokta-konum testi değil",
4300,Kerak,31.181,35.703,kale,1281-01-01..1923-10-29,TEMİZ-ÖLÇÜLDÜ,,P-UZUNSURE(697648),"Ṯ KARAK_356E311N_S ""Karak"" villages 1.24km || Pl 697648 ""Characmoba"" settlement [precise] konum:-330..640 0.24km",TEMİZ-ÇOK-DÖNEM-SÜREKLİ,çok dönemli/çok konumlu kayıt ama mekânsal ayrışma kanıtı yok (çoğu DARMC 10 km doğruluklu kopya konum),
4300,Kerbelâ,32.616,44.025,sehir,1281-01-01..1923-10-29,TEMİZ-ÖLÇÜLDÜ,,,"Ṯ KARBALA_440E326N_S ""Karbalāʾ"" towns 1.15km",TEMİZ-TEK-KATMAN,,
4300,Kerkene (Kerkennah),34.741,11.224,kale,1281-01-01..1923-10-29,TEMİZ-ÖLÇÜLDÜ,,,"Pl 324690 ""Cercina (island)"" archipelago, island [precise] konum:- 1.53km",ÖLÇÜLEMEDİ-ADA,"tanık 324690 Cercina (island) = ADA (alan) 1.53 km; atlas tür=kale ⇒ nesne farklı, nokta-konum testi değil",
4300,Kerkük,35.468,44.392,sehir,1281-01-01..1923-10-29,TEMİZ-ÖLÇÜLDÜ,,P-UZUNSURE(893941),"Pl 893941 ""Arrapha/Karkha de Beth Seluk"" settlement, archaeological-site, citadel [precise] konum:-750..640 0.36km",TEMİZ-ÇOK-DÖNEM-SÜREKLİ,çok dönemli/çok konumlu kayıt ama mekânsal ayrışma kanıtı yok (çoğu DARMC 10 km doğruluklu kopya konum),DÖNEM-DIŞI-TEK-TANIK
4300,Keşan,40.848,26.633,sehir,1281-01-01..1923-10-29,TEMİZ-ÖLÇÜLDÜ,,,"Pl 501668 ""*Zorlanae"" station [precise] konum:300..640 1.20km",TEMİZ-TEK-KATMAN,,DÖNEM-DIŞI-TEK-TANIK
4300,Kilis,36.716,37.115,kasaba,1281-01-01..1923-10-29,TEMİZ-ÖLÇÜLDÜ,,,"Pl 658442 ""Ciliza/Urmagiganti"" settlement [precise] konum:-30..640 0.09km",TEMİZ-TEK-KATMAN,,DÖNEM-DIŞI-TEK-TANIK
4300,Kimolos (Argentiera),36.815,24.562,kale,1281-01-01..1923-10-29,TEMİZ-ÖLÇÜLDÜ,,,"Pl 589868 ""Kimolos (island)"" island [precise] konum:- 0.33km",ÖLÇÜLEMEDİ-ADA,"tanık 589868 Kimolos (island) = ADA (alan) 0.33 km; atlas tür=kale ⇒ nesne farklı, nokta-konum testi değil",
4300,Kirman,30.28,57.08,sehir,1281-01-01..1923-10-29,TEMİZ-ÖLÇÜLDÜ,,P-UZUNSURE(29802),"Pl 29802 ""Veh Ardashir/[Bardasir]/[Govasir]"" settlement [precise] konum:-30..640 1.34km",TEMİZ-ÇOK-DÖNEM-SÜREKLİ,çok dönemli/çok konumlu kayıt ama mekânsal ayrışma kanıtı yok (çoğu DARMC 10 km doğruluklu kopya konum),DÖNEM-DIŞI-TEK-TANIK
4300,Kirmanşah,34.314,47.065,sehir,1281-01-01..1923-10-29,TEMİZ-ÖLÇÜLDÜ,,P-UZUNSURE(903102),"Pl 903102 ""[Qirmisin]/[Kermanshahan]"" settlement, findspot [precise] konum:None..None 0.68km",TEMİZ-ÇOK-DÖNEM-SÜREKLİ,çok dönemli/çok konumlu kayıt ama mekânsal ayrışma kanıtı yok (çoğu DARMC 10 km doğruluklu kopya konum),
4300,Kiş (Kish),26.526,53.979,kale,1281-01-01..1923-10-29,TEMİZ-ÖLÇÜLDÜ,,,"Pl 29630 ""Kish"" island [precise] konum:- 1.34km",ÖLÇÜLEMEDİ-ADA,"tanık 29630 Kish = ADA (alan) 1.34 km; atlas tür=kale ⇒ nesne farklı, nokta-konum testi değil",
4300,Kolombo,6.927,79.861,liman,1281-01-01..1923-10-29,TEMİZ-ÖLÇÜLDÜ,,,"Pl 49952 ""Colombo"" settlement, settlement-modern [precise] konum:- 1.10km",TEMİZ-TEK-KATMAN,,
4300,Konya,37.872,32.492,sehir,1097-01-01..1923-10-29,TEMİZ-ÖLÇÜLDÜ,,P-UZUNSURE(648647),"Pl 648647 ""Iconium/Claudiconium"" settlement, archaeological-site [precise] konum:-550..640 0.06km",TEMİZ-ÇOK-DÖNEM-SÜREKLİ,çok dönemli/çok konumlu kayıt ama mekânsal ayrışma kanıtı yok (çoğu DARMC 10 km doğruluklu kopya konum),DÖNEM-DIŞI-TEK-TANIK
4300,Korfu,39.624,19.922,kale,1281-01-01..1923-10-29,TEMİZ-ÖLÇÜLDÜ,,,"Pl 530834 ""Corcyra (settlement)"" settlement [precise] konum:-750..640 2.20km",ÖLÇÜLEMEDİ-KATMAN,"atlas tür=kale (Eski Kale); Pl 530834 Corcyra reprPoint = Palaiopolis (antik polis, Kanoni) 2,2 km; Venedik kalesi için kayıt yok",DÖNEM-DIŞI-TEK-TANIK
4300,Koron,36.796,21.955,kale,1281-01-01..1923-10-29,TEMİZ-ÖLÇÜLDÜ,,P-TANIM(570125:modern settlement),"Pl 570125 ""Asine"" castle, settlement [precise] konum:1200..2099 0.75km",TEMİZ-ÇOK-DÖNEM-SÜREKLİ,çok dönemli/çok konumlu kayıt ama mekânsal ayrışma kanıtı yok (çoğu DARMC 10 km doğruluklu kopya konum),
4300,Kotor (Cattaro),42.421,18.768,liman,1281-01-01..1923-10-29,TEMİZ-ÖLÇÜLDÜ,,,"Pl 197097 ""*Agruvium"" settlement [precise] konum:-330..640 0.08km",TEMİZ-TEK-KATMAN,,DÖNEM-DIŞI-TEK-TANIK
4300,Kotur,38.475,44.3958,kale,1281-01-01..1923-10-29,TEMİZ-ÖLÇÜLDÜ,,,"Pl 874560 ""Kotor(odz)"" settlement [precise] konum:300..640 2.10km",TEMİZ-TEK-KATMAN,,DÖNEM-DIŞI-TEK-TANIK
4300,Koçbaba (Serifos),37.162,24.484,kale,1281-01-01..1923-10-29,TEMİZ-ÖLÇÜLDÜ,,,"Pl 590044 ""Seriphos (island)"" island [precise] konum:- 0.67km",ÖLÇÜLEMEDİ-ADA,"tanık 590044 Seriphos (island) = ADA (alan) 0.67 km; atlas tür=kale ⇒ nesne farklı, nokta-konum testi değil",
4300,Krk (Veglia),45.075,14.615,kale,1281-01-01..1923-10-29,TEMİZ-ÖLÇÜLDÜ,,,"Pl 197234 ""Curicta (island)"" island [precise] konum:- 1.10km",ÖLÇÜLEMEDİ-ADA,"tanık 197234 Curicta (island) = ADA (alan) 1.10 km; atlas tür=kale ⇒ nesne farklı, nokta-konum testi değil",
4300,Kudüs,31.777,35.234,sehir,1281-01-01..1923-10-29,TEMİZ-ÖLÇÜLDÜ,,P-UZUNSURE(687928),"Ṯ BAYTMAQDIS_352E317N_S ""Bayt al-Maqdis"" towns 2.89km || Pl 687928 ""Ierusalem/Hierosolyma/Col. Aelia Capitol"" settlement, archaeological-site, findspo [precise] konum:-330..640 0.09km",TEMİZ-ÇOK-DÖNEM-SÜREKLİ,çok dönemli/çok konumlu kayıt ama mekânsal ayrışma kanıtı yok (çoğu DARMC 10 km doğruluklu kopya konum),
4300,Kulluk (Salamis),37.94,23.482,kale,1281-01-01..1923-10-29,TEMİZ-ÖLÇÜLDÜ,,,"Pl 580101 ""Salamis (island)"" island [precise] konum:- 0.36km",ÖLÇÜLEMEDİ-ADA,"tanık 580101 Salamis (island) = ADA (alan) 0.36 km; atlas tür=kale ⇒ nesne farklı, nokta-konum testi değil",
4300,Kum,34.64,50.876,sehir,1281-01-01..1923-10-29,TEMİZ-ÖLÇÜLDÜ,,P-UZUNSURE(903036),"Ṯ QUMM_509E346N_S ""Qumm"" capitals 2.92km || Pl 903036 ""Goyman/Kumandan/Eran-vinard-Kavad"" settlement [precise] konum:-30..640 1.30km",TEMİZ-ÇOK-DÖNEM-SÜREKLİ,çok dönemli/çok konumlu kayıt ama mekânsal ayrışma kanıtı yok (çoğu DARMC 10 km doğruluklu kopya konum),YUVARLAK-KOORD(903036)
4300,Kurtuba (Córdoba),37.888,-4.779,sehir,1281-01-01..1923-10-29,TEMİZ-ÖLÇÜLDÜ,,,"Ṯ QURTUBA_047W379N_S ""Qurṭubaŧ"" metropoles 3.45km || Pl 256128 ""Corduba/Col. Patricia"" tomb, settlement [precise] konum:-330..640 0.37km",TEMİZ-TEK-KATMAN,,
4300,Kutaisi,42.268,42.695,sehir,1281-01-01..1923-10-29,TEMİZ-ÖLÇÜLDÜ,,P-COKKONUM(863830:2.0km),"Pl 863830 ""Kotais"" settlement [precise] konum:-550..640 1.01km",TEMİZ-ÇOK-DÖNEM-SÜREKLİ,çok dönemli/çok konumlu kayıt ama mekânsal ayrışma kanıtı yok (çoğu DARMC 10 km doğruluklu kopya konum),DÖNEM-DIŞI-TEK-TANIK
4300,Kâbil,34.528,69.172,sehir,1281-01-01..1923-10-29,TEMİZ-ÖLÇÜLDÜ,,P-COKKONUM(59885:1.6km);P-UZUNSURE(59885);P-TANIM(59885:modern settlement),"Ṯ KABUL_691E345N_S ""Kābul"" towns 0.45km || Pl 59885 ""Kabul"" settlement, settlement-modern [precise] konum:-330..640 0.81km",TEMİZ-ÇOK-DÖNEM-SÜREKLİ,çok dönemli/çok konumlu kayıt ama mekânsal ayrışma kanıtı yok (çoğu DARMC 10 km doğruluklu kopya konum),
4300,Kâzerûn,29.6186,51.6542,sehir,1281-01-01..1923-10-29,TEMİZ-ÖLÇÜLDÜ,,,"Ṯ KAZARUN_516E296N_S ""Kāzarūn"" towns 3.15km || Pl 922666 ""Kazerun"" temple [precise] konum:-30..640 0.40km",TEMİZ-TEK-KATMAN,,
4300,Köln,50.938,6.96,sehir,1281-01-01..1923-10-29,TEMİZ-ÖLÇÜLDÜ,,,"Pl 108751 ""Ara Ubiorum/Col. Claudia Ara Agrippinens"" settlement [precise] konum:-30..640 0.30km",TEMİZ-TEK-KATMAN,,DÖNEM-DIŞI-TEK-TANIK
4300,Köstendil,42.283,22.69,sehir,1281-01-01..1923-10-29,TEMİZ-ÖLÇÜLDÜ,,,"Pl 481949 ""Pautalia"" fort-2, settlement [precise] konum:300..640 0.93km",TEMİZ-TEK-KATMAN,,DÖNEM-DIŞI-TEK-TANIK
4300,Kûfe,32.03,44.4009,sehir,1281-01-01..1923-10-29,TEMİZ-ÖLÇÜLDÜ,,UZAK-TANIK(P:912808:6.48),"Ṯ KUFA_443E320N_S ""al-Kūfaŧ"" capitals 1.13km || Pl 912808 ""Aqola/[al-Kufa]"" settlement [precise] konum:300..640 6.48km",TEMİZ-ÇOK-KATMAN-AYNI-NESNE,"Ṯ al-Kūfa 1,13 aynı nesne; Pl Aqola 6,5 antik katman",
4300,Kûm Ombo,24.476,32.943,sehir,1281-01-01..1923-10-29,TEMİZ-ÖLÇÜLDÜ,,,"Pl 786079 ""Omboi"" settlement, architecturalcomplex, temple [precise] konum:- 3.04km",ÖLÇÜLEMEDİ-KATMAN,"Pl 786079 Omboi = tapınak/antik yerleşim 3,0 km; atlas tür=şehir (Kom Ombo kasabası); kasaba için kayıt yok",
4300,Kûs,25.915,32.76,sehir,1281-01-01..1923-10-29,TEMİZ-ÖLÇÜLDÜ,evet,P-COKKONUM(785975:8.6km),"Ṯ QUS_327E259N_S ""Qūṣ"" towns 1.70km || Pl 785975 ""Apollonopolis Parva/Diocletianopolis"" settlement, settlement-modern [precise] konum:1700..2100 4.07km",TEMİZ-ÇOK-KATMAN-AYNI-NESNE,"Ṯ Qūṣ 1,7 + Pl OSM modern Qus konumu 0,31; Pl DARMC 8,4 (10 km doğruluk) antik",
4300,Kütahya,39.424,29.983,sehir,1233-01-01..1923-10-29,TEMİZ-ÖLÇÜLDÜ,,P-UZUNSURE(609444),"Pl 609444 ""Kotiaeion"" settlement [precise] konum:-330..640 0.66km",TEMİZ-ÇOK-DÖNEM-SÜREKLİ,çok dönemli/çok konumlu kayıt ama mekânsal ayrışma kanıtı yok (çoğu DARMC 10 km doğruluklu kopya konum),DÖNEM-DIŞI-TEK-TANIK
4300,Kıbillî (Nefzâve),33.704,8.969,sehir,1281-01-01..1923-10-29,TEMİZ-ÖLÇÜLDÜ,,UZAK-TANIK(T:NAFZAWA_092E336N_R:30.77),"Pl 344412 ""Kebili"" settlement [precise] konum:-330..640 0.17km",TEMİZ-ÇOK-DÖNEM-SÜREKLİ,çok dönemli/çok konumlu kayıt ama mekânsal ayrışma kanıtı yok (çoğu DARMC 10 km doğruluklu kopya konum),DÖNEM-DIŞI-TEK-TANIK
4300,Kına,26.164,32.716,sehir,1281-01-01..1923-10-29,TEMİZ-ÖLÇÜLDÜ,,P-COKKONUM(786047:7.9km);P-UZUNSURE(786047),"Ṯ QINA_327E261N_S ""Qinā"" villages 1.84km || Pl 786047 ""Kaine/Maximianopolis"" settlement [precise] konum:-30..640 2.11km",TEMİZ-ÇOK-DÖNEM-SÜREKLİ,çok dönemli/çok konumlu kayıt ama mekânsal ayrışma kanıtı yok (çoğu DARMC 10 km doğruluklu kopya konum),
4300,Kırklareli,41.735,27.225,sehir,1281-01-01..1923-10-29,TEMİZ-ÖLÇÜLDÜ,,,"Pl 558465760 ""Saranta Ekklēsiai"" settlement [precise] konum:300..2100 2.21km",TEMİZ-TEK-KATMAN,,
4300,Lagos (Algarve),37.102,-8.674,liman,1281-01-01..1923-10-29,TEMİZ-ÖLÇÜLDÜ,,,"Pl 256255 ""Lagos"" settlement [precise] konum:-30..300 0.07km",TEMİZ-TEK-KATMAN,,DÖNEM-DIŞI-TEK-TANIK
4300,Lalibela,12.032,39.047,sehir,1281-01-01..1923-10-29,TEMİZ-ÖLÇÜLDÜ,,,"Pl 403627900 ""Lalibela"" settlement, settlement-modern [precise] konum:1700..2100 0.41km",TEMİZ-TEK-KATMAN,,YALNIZ-MODERN-KONUM
4300,Le Mans,48.006,0.199,sehir,1281-01-01..1923-10-29,TEMİZ-ÖLÇÜLDÜ,,,"Pl 109236 ""Ouindinon/Subdinnum"" fortified-settlement, settlement [precise] konum:-30..640 0.13km",TEMİZ-TEK-KATMAN,,DÖNEM-DIŞI-TEK-TANIK
4300,Lecce,40.352,18.169,sehir,1281-01-01..1923-10-29,TEMİZ-ÖLÇÜLDÜ,,,"Pl 442642 ""Lupia(e)"" settlement [precise] konum:-330..640 0.29km",TEMİZ-TEK-KATMAN,,DÖNEM-DIŞI-TEK-TANIK
4300,Lefkoşa,35.17,33.36,sehir,1281-01-01..1923-10-29,TEMİZ-ÖLÇÜLDÜ,,P-UZUNSURE(707558),"Pl 707558 ""Ledroi/Leuke Ousia"" settlement [precise] konum:-750..640 1.84km",TEMİZ-ÇOK-DÖNEM-SÜREKLİ,çok dönemli/çok konumlu kayıt ama mekânsal ayrışma kanıtı yok (çoğu DARMC 10 km doğruluklu kopya konum),DÖNEM-DIŞI-TEK-TANIK
4300,León,42.599,-5.567,sehir,1281-01-01..1923-10-29,TEMİZ-ÖLÇÜLDÜ,,,"Ṯ LIYUN_055W426N_S ""Liyūn"" towns 2.17km || Pl 236512 ""Legio VII Gemina"" fort-2, amphitheatre [precise] konum:-30..640 0.20km",TEMİZ-TEK-KATMAN,,
4300,Limasol,34.707,33.023,liman,1281-01-01..1923-10-29,TEMİZ-ÖLÇÜLDÜ,,,"Pl 707587 ""Neapolis/Theodosias"" settlement [precise] konum:-750..640 3.74km",TEMİZ-TEK-KATMAN,,DÖNEM-DIŞI-TEK-TANIK
4300,Limoges,45.834,1.262,sehir,1281-01-01..1923-10-29,TEMİZ-ÖLÇÜLDÜ,,,"Pl 138203 ""Augustoritum"" settlement, amphitheatre [precise] konum:-30..640 0.63km",TEMİZ-TEK-KATMAN,,DÖNEM-DIŞI-TEK-TANIK
4300,Lindos,36.092,28.088,kale,1281-01-01..1923-10-29,TEMİZ-ÖLÇÜLDÜ,,,"Pl 589913 ""Lindos"" settlement, acropolis [precise] konum:-750..640 0.08km",TEMİZ-TEK-KATMAN,,DÖNEM-DIŞI-TEK-TANIK
4300,Linz,48.306,14.286,sehir,1281-01-01..1923-10-29,TEMİZ-ÖLÇÜLDÜ,,,"Pl 118803 ""Lentia"" fort-2 [precise] konum:-30..640 0.24km",TEMİZ-TEK-KATMAN,,DÖNEM-DIŞI-TEK-TANIK
4300,Ljubljana,46.056,14.506,sehir,1281-01-01..1923-10-29,TEMİZ-ÖLÇÜLDÜ,,,"Pl 197258 ""Emona"" settlement [precise] konum:-330..640 0.51km",TEMİZ-TEK-KATMAN,,DÖNEM-DIŞI-TEK-TANIK
4300,Londra,51.507,-0.128,sehir,1281-01-01..1923-10-29,TEMİZ-ÖLÇÜLDÜ,,,"Pl 79574 ""Londinium/Augusta"" urban, settlement [precise] konum:-30..640 2.79km",TEMİZ-TEK-KATMAN,,DÖNEM-DIŞI-TEK-TANIK
4300,Lyon,45.76,4.836,sehir,1281-01-01..1923-10-29,TEMİZ-ÖLÇÜLDÜ,,,"Pl 167717 ""Col. Lugdunum"" settlement [precise] konum:-550..640 1.29km",TEMİZ-TEK-KATMAN,,DÖNEM-DIŞI-TEK-TANIK
4300,Maan,30.192,35.734,kale,1281-01-01..1923-10-29,TEMİZ-ÖLÇÜLDÜ,,,"Ṯ MAAN_357E301N_S ""Maʿān"" towns 1.06km",TEMİZ-TEK-KATMAN,,
4300,Maastricht,50.851,5.691,sehir,1281-01-01..1923-10-29,TEMİZ-ÖLÇÜLDÜ,,,"Pl 109386 ""Traiectus?"" settlement [precise] konum:-30..640 0.22km",TEMİZ-TEK-KATMAN,,DÖNEM-DIŞI-TEK-TANIK
4300,Madurai,9.925,78.119,sehir,1281-01-01..1923-10-29,TEMİZ-ÖLÇÜLDÜ,,,"Pl 50138 ""Modoura"" settlement [precise] konum:-30..300 1.89km",TEMİZ-TEK-KATMAN,,DÖNEM-DIŞI-TEK-TANIK
4300,Magosa,35.125,33.94,kale,1281-01-01..1923-10-29,TEMİZ-ÖLÇÜLDÜ,,,"Pl 707485 ""Arsinoe?/Ammochostos?"" settlement [precise] konum:-330..640 0.76km",TEMİZ-TEK-KATMAN,,DÖNEM-DIŞI-TEK-TANIK
4300,Mainz,49.999,8.273,sehir,1281-01-01..1923-10-29,TEMİZ-ÖLÇÜLDÜ,,,"Pl 109169 ""Mogontiacum"" settlement [precise] konum:-30..1453 0.06km",TEMİZ-TEK-KATMAN,,
4300,Malatya,38.353,38.334,sehir,1281-01-01..1923-10-29,TEMİZ-ÖLÇÜLDÜ,evet,P-UZUNSURE(629040),"Ṯ MALATIN_383E383N_S ""Malaṭīn"" towns 2.14km || Pl 629040 ""Melitene"" settlement [precise] konum:-750..640 4.02km",ÖLÇÜLEMEDİ-KATMAN,§6.2 hükmü: Pl 629040 = Arslantepe höyüğü (DARE -750..640); Ṯ = modern merkez; 1281-1839 Battalgazi tanıksız,
4300,Manisa,38.614,27.429,sehir,1204-04-13..1923-10-29,TEMİZ-ÖLÇÜLDÜ,,P-UZUNSURE(550706),"Pl 550706 ""Magnesia ad Sipylum"" settlement, settlement-modern [precise] konum:2000..2099 0.41km",TEMİZ-ÇOK-DÖNEM-SÜREKLİ,çok dönemli/çok konumlu kayıt ama mekânsal ayrışma kanıtı yok (çoğu DARMC 10 km doğruluklu kopya konum),YALNIZ-MODERN-KONUM
4300,Mansûre,31.038,31.38,sehir,1281-01-01..1923-10-29,TEMİZ-ÖLÇÜLDÜ,,P-UZUNSURE(727122),"Pl 727122 ""Hermopolis"" settlement [precise] konum:-30..640 0.06km",TEMİZ-ÇOK-DÖNEM-SÜREKLİ,çok dönemli/çok konumlu kayıt ama mekânsal ayrışma kanıtı yok (çoğu DARMC 10 km doğruluklu kopya konum),DÖNEM-DIŞI-TEK-TANIK
4300,Mantova,45.156,10.791,sehir,1281-01-01..1923-10-29,TEMİZ-ÖLÇÜLDÜ,,,"Pl 383704 ""Mantua"" settlement [precise] konum:-550..640 0.73km",TEMİZ-TEK-KATMAN,,DÖNEM-DIŞI-TEK-TANIK
4300,Maraş,37.575,36.937,sehir,1281-01-01..1923-10-29,TEMİZ-ÖLÇÜLDÜ,,P-UZUNSURE(658474),"Ṯ MARASH_369E375N_S ""Marʿaš"" waystations 1.10km || Pl 658474 ""Germanikeia"" settlement, archaeological-site [precise] konum:None..None 1.38km",TEMİZ-ÇOK-DÖNEM-SÜREKLİ,çok dönemli/çok konumlu kayıt ama mekânsal ayrışma kanıtı yok (çoğu DARMC 10 km doğruluklu kopya konum),
4300,Mardin,37.312,40.735,kale,1085-01-01..1923-10-29,TEMİZ-ÖLÇÜLDÜ,,P-COKKONUM(874588:2.1km);P-UZUNSURE(874588),"Ṯ MARDIN_407E373N_S ""Mārdīn"" towns 2.39km || Pl 874588 ""Marde/Margdis"" findspot, fort [precise] konum:-30..640 1.04km",TEMİZ-ÇOK-DÖNEM-SÜREKLİ,çok dönemli/çok konumlu kayıt ama mekânsal ayrışma kanıtı yok (çoğu DARMC 10 km doğruluklu kopya konum),
4300,Marmara Adası,40.625,27.62,kale,1281-01-01..1923-10-29,TEMİZ-ÖLÇÜLDÜ,,,"Pl 511379 ""Proconnesus (island)"" island [precise] konum:1700..2100 0.97km",ÖLÇÜLEMEDİ-ADA,"tanık 511379 Proconnesus (island) = ADA (alan) 0.97 km; atlas tür=kale ⇒ nesne farklı, nokta-konum testi değil",YALNIZ-MODERN-KONUM;YUVARLAK-KOORD(511379)
4300,Marsilya,43.297,5.37,liman,1281-01-01..1923-10-29,TEMİZ-ÖLÇÜLDÜ,,,"Pl 148127 ""Massalia/Massilia"" settlement [precise] konum:-750..640 1.01km",TEMİZ-TEK-KATMAN,,DÖNEM-DIŞI-TEK-TANIK
4300,Martigny (Martinach),46.103,7.073,sehir,1281-01-01..1923-10-29,TEMİZ-ÖLÇÜLDÜ,,,"Pl 167859 ""Octodurus/Forum Claudii Vallensium"" settlement [precise] konum:-330..640 0.25km",TEMİZ-TEK-KATMAN,,DÖNEM-DIŞI-TEK-TANIK
4300,Masulipatnam,16.19,81.13,liman,1281-01-01..1923-10-29,TEMİZ-ÖLÇÜLDÜ,,P-TANIM(25660908:modern city),"Pl 25660908 ""Machilipatnam"" settlement, settlement-modern [precise] konum:2000..2099 1.05km",TEMİZ-ÇOK-DÖNEM-SÜREKLİ,çok dönemli/çok konumlu kayıt ama mekânsal ayrışma kanıtı yok (çoğu DARMC 10 km doğruluklu kopya konum),YALNIZ-MODERN-KONUM
4300,Mathura,27.492,77.673,sehir,1281-01-01..1923-10-29,TEMİZ-ÖLÇÜLDÜ,,,"Pl 59931 ""Methora"" settlement [precise] konum:-330..300 1.10km",TEMİZ-TEK-KATMAN,,DÖNEM-DIŞI-TEK-TANIK
4300,Maydos (Eceabat),40.1876,26.3462,kale,1281-01-01..1923-10-29,TEMİZ-ÖLÇÜLDÜ,,P-TANIM(501503:modern town),"Pl 501503 ""Madytos"" settlement [precise] konum:- 0.90km",TEMİZ-ÇOK-DÖNEM-SÜREKLİ,çok dönemli/çok konumlu kayıt ama mekânsal ayrışma kanıtı yok (çoğu DARMC 10 km doğruluklu kopya konum),
4300,Maykop (Çerkezya),44.609,40.101,bolge,1281-01-01..1923-10-29,TEMİZ-ÖLÇÜLDÜ,,P-TELL(825324),"Pl 825324 ""Maykop"" tumulus [precise] konum:-750..-550 0.97km",ÖLÇÜLEMEDİ-TÜR,"Pl 825324 Maykop = kurgan (tumulus, -750..-550) 0,97; atlas 1281+ yerleşim/1857 kalesi ⇒ nesne türü farklı",DÖNEM-DIŞI-TEK-TANIK
4300,Mayorka (Palma),39.57,2.65,liman,1281-01-01..1923-10-29,TEMİZ-ÖLÇÜLDÜ,,,"Pl 265998 ""Palma"" settlement [precise] konum:-330..640 0.06km",TEMİZ-TEK-KATMAN,,DÖNEM-DIŞI-TEK-TANIK
4300,Medine,24.47,39.612,sehir,1281-01-01..1923-10-29,TEMİZ-ÖLÇÜLDÜ,,P-COKKONUM(814688:1.6km);P-UZUNSURE(814688),"Ṯ MADINA_396E244N_S ""al-Madīnaŧ"" towns 0.92km || Pl 814688 ""Iathrippa"" settlement, settlement-modern [precise] konum:2000..2099 0.66km",TEMİZ-ÇOK-DÖNEM-SÜREKLİ,çok dönemli/çok konumlu kayıt ama mekânsal ayrışma kanıtı yok (çoğu DARMC 10 km doğruluklu kopya konum),
4300,Medâin-i Sâlih (el-Hicr),26.7917,37.9542,kale,1281-01-01..1923-10-29,TEMİZ-ÖLÇÜLDÜ,,,"Ṯ HIJRSALIH_379E268N_S ""Ḥiǧr Ṣāliḥ"" towns 7.86km || Pl 427224440 ""Erroneous Duplicate: Al-Hijr (Madâin Sâl"" settlement, cemetery [precise] konum:- 0.71km",TEMİZ-DÜZELTİLDİ,"LAB Pleiades'in ""Erroneous Duplicate"" kaydıyla eşleşmiş (geçersiz kayıt). Doğru kayıt: Pl 814675 Egra/Meda'in Salih 0,75",
4300,Mehdiye,35.505,11.062,liman,1281-01-01..1923-10-29,TEMİZ-ÖLÇÜLDÜ,,,"Ṯ MAHDIYYA_110E354N_S ""Mahdiyyaŧ"" towns 1.56km",TEMİZ-TEK-KATMAN,,
4300,Mekke,21.423,39.826,sehir,1281-01-01..1923-10-29,TEMİZ-ÖLÇÜLDÜ,,P-UZUNSURE(29652),"Ṯ MAKKA_398E213N_S ""Makkaŧ"" metropoles 3.68km || Pl 29652 ""Macoraba"" settlement [precise] konum:-330..300 1.17km",TEMİZ-ÇOK-DÖNEM-SÜREKLİ,çok dönemli/çok konumlu kayıt ama mekânsal ayrışma kanıtı yok (çoğu DARMC 10 km doğruluklu kopya konum),
4300,Melîle (Melilla),35.292,-2.938,liman,1281-01-01..1923-10-29,TEMİZ-ÖLÇÜLDÜ,,,"Ṯ AMLIL_029W352N_S ""Amlīl"" towns 2.85km",TEMİZ-TEK-KATMAN,,
4300,Menorka (Mahon),39.89,4.26,liman,1281-01-01..1923-10-29,TEMİZ-ÖLÇÜLDÜ,,,"Pl 265960 ""Mago"" settlement, settlement-modern [precise] konum:2000..2099 0.41km",TEMİZ-TEK-KATMAN,,YALNIZ-MODERN-KONUM
4300,Merend,38.4328,45.775,sehir,1281-01-01..1923-10-29,TEMİZ-ÖLÇÜLDÜ,,P-UZUNSURE(874608),"Ṯ MARAND_458E384N_S ""Marand"" towns 3.91km || Pl 874608 ""Mor(o)unda"" settlement [precise] konum:-550..640 0.97km",TEMİZ-ÇOK-DÖNEM-SÜREKLİ,çok dönemli/çok konumlu kayıt ama mekânsal ayrışma kanıtı yok (çoğu DARMC 10 km doğruluklu kopya konum),
4300,Mersin,36.8,34.633,liman,1671-01-01..1923-10-29,TEMİZ-ÖLÇÜLDÜ,,P-UZUNSURE(648810),"Pl 648810 ""Zephyrion/Hadrianopolis"" settlement [precise] konum:-550..640 1.06km",TEMİZ-ÇOK-DÖNEM-SÜREKLİ,çok dönemli/çok konumlu kayıt ama mekânsal ayrışma kanıtı yok (çoğu DARMC 10 km doğruluklu kopya konum),DÖNEM-DIŞI-TEK-TANIK
4300,Merâde,29.23,19.213,bolge,1281-01-01..1923-10-29,TEMİZ-ÖLÇÜLDÜ,,,"Pl 363995 ""Marada"" settlement [precise] konum:-330..640 0.54km",TEMİZ-TEK-KATMAN,,DÖNEM-DIŞI-TEK-TANIK
4300,Messina,38.194,15.554,liman,1281-01-01..1923-10-29,TEMİZ-ÖLÇÜLDÜ,,,"Ṯ MASSINA_155E381N_S ""Massīnaŧ"" towns 3.21km || Pl 462538 ""Zancle/Messana"" settlement [precise] konum:-750..640 0.30km",TEMİZ-TEK-KATMAN,,
4300,Mesîle,35.705,4.542,sehir,1281-01-01..1923-10-29,TEMİZ-ÖLÇÜLDÜ,evet,,"Ṯ MASILA_045E356N_S ""al-Masīlaŧ"" towns 4.74km",TEMİZ-ÇOK-KATMAN-AYNI-NESNE,"Ṯ 4,74 aynı nesne",
4300,Methana,37.588,23.38,kasaba,1281-01-01..1923-10-29,TEMİZ-ÖLÇÜLDÜ,,P-TANIM(570482:modern village),"Pl 570482 ""Methana/Arsinoe"" cape, settlement [precise] konum:-750..300 0.63km",TEMİZ-ÇOK-DÖNEM-SÜREKLİ,çok dönemli/çok konumlu kayıt ama mekânsal ayrışma kanıtı yok (çoğu DARMC 10 km doğruluklu kopya konum),DÖNEM-DIŞI-TEK-TANIK
4300,Metz,49.12,6.176,sehir,1281-01-01..1923-10-29,TEMİZ-ÖLÇÜLDÜ,,,"Pl 108927 ""Divodurum/Mettis"" settlement, amphitheatre [precise] konum:-30..640 0.25km",TEMİZ-TEK-KATMAN,,DÖNEM-DIŞI-TEK-TANIK
4300,Meşkinşehr (Hiyav),38.4,47.68,sehir,1281-01-01..1923-10-29,TEMİZ-ÖLÇÜLDÜ,,,"Pl 884183 ""Mishkinshahr"" settlement [precise] konum:300..640 0.96km",TEMİZ-TEK-KATMAN,,DÖNEM-DIŞI-TEK-TANIK
4300,Midyat,37.418,41.372,kasaba,1281-01-01..1923-10-29,TEMİZ-ÖLÇÜLDÜ,,,"Pl 708431252 ""Matiātu"" settlement, settlement-modern [precise] konum:1700..2100 0.73km",TEMİZ-TEK-KATMAN,,YALNIZ-MODERN-KONUM
4300,Miknâs (Meknes),33.895,-5.555,sehir,1281-01-01..1923-10-29,TEMİZ-ÖLÇÜLDÜ,,,"Ṯ MIKNASA_055W339N_S ""Miknāsaŧ"" towns 2.41km",TEMİZ-TEK-KATMAN,,
4300,Mikonos,37.456,25.376,kale,1281-01-01..1923-10-29,TEMİZ-ÖLÇÜLDÜ,,,"Pl 599808 ""Mykonos (island)"" island [precise] konum:- 0.46km",ÖLÇÜLEMEDİ-ADA,"tanık 599808 Mykonos (island) = ADA (alan) 0.46 km; atlas tür=kale ⇒ nesne farklı, nokta-konum testi değil",
4300,Milano,45.464,9.19,sehir,1281-01-01..1923-10-29,TEMİZ-ÖLÇÜLDÜ,,,"Pl 383706 ""Mediolan(i)um"" settlement, urban [precise] konum:-550..640 0.15km",TEMİZ-TEK-KATMAN,,DÖNEM-DIŞI-TEK-TANIK
4300,Milas,37.316,27.783,sehir,1281-01-01..1923-10-29,TEMİZ-ÖLÇÜLDÜ,,P-COKKONUM(599809:4.8km),"Pl 599809 ""Mylasa"" settlement [precise] konum:-550..640 1.61km",TEMİZ-ÇOK-DÖNEM-SÜREKLİ,çok dönemli/çok konumlu kayıt ama mekânsal ayrışma kanıtı yok (çoğu DARMC 10 km doğruluklu kopya konum),DÖNEM-DIŞI-TEK-TANIK
4300,Miliana,36.305,2.229,sehir,1281-01-01..1923-10-29,TEMİZ-ÖLÇÜLDÜ,evet,,"Ṯ MILIYANA_022E362N_S ""Miliyānaŧ"" towns 2.99km || Pl 295304 ""Manliana"" settlement [precise] konum:-30..640 4.97km",TEMİZ-ÇOK-KATMAN-AYNI-NESNE,"Ṯ 2,99; Pl Manliana 4,97 başka nesne",
4300,Minye,28.109,30.75,sehir,1281-01-01..1923-10-29,TEMİZ-ÖLÇÜLDÜ,,,"Pl 737080 ""*Thallos"" settlement [precise] konum:-30..640 3.99km",ÖLÇÜLEMEDİ-TÜR,"Pl 737080 *Thallos başka bir yerleşim (3,99 km, Minya'nın güneyi); Minya için kayıt yok",DÖNEM-DIŞI-TEK-TANIK
4300,Mliyet (Mljet),42.753,17.522,kale,1281-01-01..1923-10-29,TEMİZ-ÖLÇÜLDÜ,,,"Pl 197376 ""Melite (island)"" island [precise] konum:- 0.63km",ÖLÇÜLEMEDİ-ADA,"tanık 197376 Melite (island) = ADA (alan) 0.63 km; atlas tür=kale ⇒ nesne farklı, nokta-konum testi değil",
4300,Modena,44.647,10.925,sehir,1281-01-01..1923-10-29,TEMİZ-ÖLÇÜLDÜ,,,"Pl 383715 ""Mutina"" settlement [precise] konum:-30..640 0.02km",TEMİZ-TEK-KATMAN,,DÖNEM-DIŞI-TEK-TANIK
4300,Moha,13.319,43.25,liman,1281-01-01..1923-10-29,TEMİZ-ÖLÇÜLDÜ,,,"Ṯ MUKHA_432E133N_S ""Muḫā"" towns 1.61km || Pl 122069607 ""Mokha"" port [precise] konum:- 2.02km",TEMİZ-TEK-KATMAN,,
4300,Multan,30.198,71.475,sehir,1281-01-01..1923-10-29,TEMİZ-ÖLÇÜLDÜ,,,"Ṯ MULTAN_714E301N_S ""al-Mūltān"" towns 7.56km",KOVA-TUTARSIZ,"5 km içinde tanık yok; yalnız Ṯ 7,56 km ⇒ kural gereği GÜRÜLTÜ",
4300,Munastır,35.778,10.826,kale,1281-01-01..1923-10-29,TEMİZ-ÖLÇÜLDÜ,,,"Ṯ MUNASTIR_108E357N_S ""Munastīr"" towns 3.19km",TEMİZ-TEK-KATMAN,,
4300,Murcia,37.984,-1.129,sehir,1281-01-01..1923-10-29,TEMİZ-ÖLÇÜLDÜ,,,"Pl 810796636 ""Murcia"" settlement, settlement-modern [precise] konum:640..2100 0.94km",TEMİZ-TEK-KATMAN,,
4300,Musul,36.34,43.13,sehir,1281-01-01..1923-10-29,TEMİZ-ÖLÇÜLDÜ,,P-UZUNSURE(874609),"Pl 874609 ""Mosul/‘Mespila’?"" settlement [precise] konum:-550..640 0.81km",TEMİZ-ÇOK-DÖNEM-SÜREKLİ,çok dönemli/çok konumlu kayıt ama mekânsal ayrışma kanıtı yok (çoğu DARMC 10 km doğruluklu kopya konum),DÖNEM-DIŞI-TEK-TANIK
4300,Málaga,36.721,-4.421,liman,1281-01-01..1923-10-29,TEMİZ-ÖLÇÜLDÜ,,,"Pl 265963 ""Malaca"" settlement [precise] konum:-750..640 0.17km",TEMİZ-TEK-KATMAN,,DÖNEM-DIŞI-TEK-TANIK
4300,Mâtir (Mateur),37.04,9.664,sehir,1281-01-01..1923-10-29,TEMİZ-ÖLÇÜLDÜ,,,"Pl 315071 ""*Matar"" settlement [precise] konum:-330..640 0.39km",TEMİZ-TEK-KATMAN,,DÖNEM-DIŞI-TEK-TANIK
4300,Mîle,36.45,6.264,sehir,1281-01-01..1923-10-29,TEMİZ-ÖLÇÜLDÜ,,,"Ṯ MILA_062E364N_S ""Mīlā"" towns 3.54km || Pl 305109 ""Milev"" settlement [precise] konum:-30..640 0.36km",TEMİZ-TEK-KATMAN,,
4300,Münbiç,36.528,37.955,kasaba,1281-01-01..1923-10-29,TEMİZ-ÖLÇÜLDÜ,,P-UZUNSURE(658480),"Ṯ MANBIJ_379E365N_S ""Manbiǧ"" towns 3.71km || Pl 658480 ""Hierapolis/Bambyke"" settlement [precise] konum:-330..640 0.20km",TEMİZ-ÇOK-DÖNEM-SÜREKLİ,çok dönemli/çok konumlu kayıt ama mekânsal ayrışma kanıtı yok (çoğu DARMC 10 km doğruluklu kopya konum),
4300,Mızde,31.45,12.983,sehir,1281-01-01..1923-10-29,TEMİZ-ÖLÇÜLDÜ,,,"Pl 344444 ""Mizda"" settlement [precise] konum:-30..640 1.90km",TEMİZ-TEK-KATMAN,,DÖNEM-DIŞI-TEK-TANIK
4300,Nablus,32.221,35.254,sehir,1281-01-01..1923-10-29,TEMİZ-ÖLÇÜLDÜ,,P-TANIM(678301:new town),"Ṯ NABULUS_352E322N_S ""Nābulus"" towns 1.09km || Pl 678301 ""Neapolis"" settlement, amphitheatre [precise] konum:-750..640 0.88km",TEMİZ-ÇOK-DÖNEM-SÜREKLİ,çok dönemli/çok konumlu kayıt ama mekânsal ayrışma kanıtı yok (çoğu DARMC 10 km doğruluklu kopya konum),
4300,Nagapatnam,10.766,79.843,liman,1281-01-01..1923-10-29,TEMİZ-ÖLÇÜLDÜ,,,"Pl 50168 ""Nagappattinam"" settlement, settlement-modern [precise] konum:2000..2099 0.13km",TEMİZ-TEK-KATMAN,,YALNIZ-MODERN-KONUM
4300,Nahçıvan,39.209,45.412,sehir,1281-01-01..1923-10-29,TEMİZ-ÖLÇÜLDÜ,,,"Pl 874619 ""‘Naxouana’"" settlement [precise] konum:-30..300 3.89km",TEMİZ-ÇOK-KATMAN-AYNI-NESNE,"Pl Naxouana -30..2099 3,89 (BAtlas, zayıf)",DÖNEM-DIŞI-TEK-TANIK
4300,Namfi (Anafi),36.374,25.783,kale,1281-01-01..1923-10-29,TEMİZ-ÖLÇÜLDÜ,,,"Pl 599492 ""Anaphe (island)"" island [precise] konum:- 0.95km",ÖLÇÜLEMEDİ-ADA,"tanık 599492 Anaphe (island) = ADA (alan) 0.95 km; atlas tür=kale ⇒ nesne farklı, nokta-konum testi değil",
4300,Namur,50.467,4.867,sehir,1281-01-01..1923-10-29,TEMİZ-ÖLÇÜLDÜ,,,"Pl 109188 ""Namur"" settlement [precise] konum:-330..640 0.77km",TEMİZ-TEK-KATMAN,,DÖNEM-DIŞI-TEK-TANIK
4300,Nantes,47.218,-1.554,liman,1281-01-01..1923-10-29,TEMİZ-ÖLÇÜLDÜ,,,"Pl 138298 ""Civitas Namnetum/Kondeouinkon?"" settlement, port, settlement-modern [precise] konum:2000..2099 0.06km",TEMİZ-TEK-KATMAN,,YALNIZ-MODERN-KONUM
4300,Napoli,40.852,14.268,liman,1281-01-01..1923-10-29,TEMİZ-ÖLÇÜLDÜ,,,"Pl 433014 ""Parthenope/Neapolis"" urban, settlement [precise] konum:-750..640 1.84km",TEMİZ-TEK-KATMAN,,DÖNEM-DIŞI-TEK-TANIK
4300,Narbonne,43.184,3.003,sehir,1281-01-01..1923-10-29,TEMİZ-ÖLÇÜLDÜ,,,"Pl 246347 ""Col. Narbo Martius"" settlement [precise] konum:-750..300 0.11km",TEMİZ-TEK-KATMAN,,DÖNEM-DIŞI-TEK-TANIK
4300,Necef,31.9956,44.3153,sehir,1281-01-01..1923-10-29,TEMİZ-ÖLÇÜLDÜ,,,"Ṯ NAJAF_443E319N_S ""Naǧāf"" villages 2.53km",TEMİZ-TEK-KATMAN,,
4300,Nefta,33.873,7.878,sehir,1281-01-01..1923-10-29,TEMİZ-ÖLÇÜLDÜ,,,"Ṯ NAFTA_079E338N_S ""Nafṭaŧ"" towns 2.29km",TEMİZ-TEK-KATMAN,,
4300,Nesâ,37.9667,58.1833,sehir,1281-01-01..1923-10-29,TEMİZ-ÖLÇÜLDÜ,,UZAK-TANIK(T:NASA_582E378N_S:12.5),"Pl 952093 ""Nisa(ia)/Parthaunisa/Mithradatkert/Shahr"" settlement [related] konum:- 2.09km",ÖLÇÜLEMEDİ-KATMAN,"Pl Nisa = Part kalesi (iki höyük), hassasiyet ""related"" ⇒ konum tanığı değil; Ṯ 12,5 km (ortaçağ Nasā) tek-Ṯ ≥10 sinyal ama nesne/hassasiyet çözülmeden kova verilemez",
4300,Nice,43.71,7.262,liman,1281-01-01..1923-10-29,TEMİZ-ÖLÇÜLDÜ,,,"Pl 157894 ""Nicaea"" settlement [precise] konum:-750..640 0.81km",TEMİZ-TEK-KATMAN,,DÖNEM-DIŞI-TEK-TANIK
4300,Nihâvend,34.1911,48.3767,sehir,1281-01-01..1923-10-29,TEMİZ-ÖLÇÜLDÜ,,P-UZUNSURE(903088),"Ṯ NIHAWAND_483E342N_S ""Nihāwand"" capitals 3.05km || Pl 903088 ""Nemavand/Laodicea/Niphaunda"" settlement, findspot [precise] konum:None..None 0.25km",TEMİZ-ÇOK-DÖNEM-SÜREKLİ,çok dönemli/çok konumlu kayıt ama mekânsal ayrışma kanıtı yok (çoğu DARMC 10 km doğruluklu kopya konum),
4300,Nijmegen,51.843,5.852,sehir,1281-01-01..1923-10-29,TEMİZ-ÖLÇÜLDÜ,,,"Pl 98921 ""Batavodurum/(Ulpia) Noviomagus"" settlement, amphitheatre [precise] konum:-30..640 0.48km",TEMİZ-TEK-KATMAN,,DÖNEM-DIŞI-TEK-TANIK
4300,Nikarya (İkarya),37.6,26.15,kale,1281-01-01..1923-10-29,TEMİZ-ÖLÇÜLDÜ,,,"Pl 599667 ""Ikaros (island)"" island [precise] konum:- 3.66km",ÖLÇÜLEMEDİ-ADA,"tanık 599667 Ikaros (island) = ADA (alan) 3.66 km; atlas tür=kale ⇒ nesne farklı, nokta-konum testi değil",
4300,Nio (İos),36.723,25.33,kale,1281-01-01..1923-10-29,TEMİZ-ÖLÇÜLDÜ,,,"Pl 599673 ""Ios (island)"" island [precise] konum:1700..2100 0.76km",ÖLÇÜLEMEDİ-ADA,"tanık 599673 Ios (island) = ADA (alan) 0.76 km; atlas tür=kale ⇒ nesne farklı, nokta-konum testi değil",YALNIZ-MODERN-KONUM;YUVARLAK-KOORD(599673)
4300,Niş,43.321,21.896,sehir,1281-01-01..1923-10-29,TEMİZ-ÖLÇÜLDÜ,,,"Pl 207303 ""Naissus"" settlement [precise] konum:-30..640 0.55km",TEMİZ-TEK-KATMAN,,DÖNEM-DIŞI-TEK-TANIK
4300,Nusaybin,37.077,41.215,kasaba,1281-01-01..1923-10-29,TEMİZ-ÖLÇÜLDÜ,,,"Ṯ NASIBIN_412E370N_S ""Naṣībīn"" towns 2.50km || Pl 874623 ""Nisibis/Antiochia"" settlement [precise] konum:None..None 1.06km",TEMİZ-TEK-KATMAN,,
4300,Nâin,32.8597,53.085,sehir,1281-01-01..1923-10-29,TEMİZ-ÖLÇÜLDÜ,,,"Ṯ NAIN_531E328N_S ""Nāʾīn"" waystations 3.23km",TEMİZ-TEK-KATMAN,,
4300,Nâsik,19.998,73.79,sehir,1281-01-01..1923-10-29,TEMİZ-ÖLÇÜLDÜ,,,"Pl 50162 ""Nasika"" settlement [precise] konum:-30..300 1.39km",TEMİZ-TEK-KATMAN,,DÖNEM-DIŞI-TEK-TANIK
4300,Nîşâbur,36.2133,58.7958,sehir,1281-01-01..1923-10-29,TEMİZ-ÖLÇÜLDÜ,,UZAK-TANIK(T:NAYSABUR_587E361N_S:10.22),"Ṯ NAYSABUR_587E361N_S ""Naysābūr"" metropoles 10.22km || Pl 952092 ""Nev-Shapur/Nishapur"" settlement [precise] konum:-30..640 1.23km",ÖLÇÜLEMEDİ-KATMAN,"Pl 952092 konumu DARMC -30..640 (Sasani Nev-Shapur); Ṯ 10,2 km Moğol öncesi Naysābūr; atlas 1281+ Moğol sonrası şehri çiziyor; o nesne için tanık yok",DÖNEM-DIŞI-TEK-TANIK
4300,Ohri,41.1194,20.8028,sehir,1281-01-01..1923-10-29,TEMİZ-ÖLÇÜLDÜ,,,"Pl 481900 ""Lychnidos"" settlement [precise] konum:-550..640 0.92km",TEMİZ-TEK-KATMAN,,DÖNEM-DIŞI-TEK-TANIK
4300,Orléans,47.902,1.909,sehir,1281-01-01..1923-10-29,TEMİZ-ÖLÇÜLDÜ,,,"Pl 138281 ""Cenabum"" settlement [precise] konum:-330..640 0.21km",TEMİZ-TEK-KATMAN,,DÖNEM-DIŞI-TEK-TANIK
4300,Osmancık,40.98,34.8,kale,1281-01-01..1923-10-29,TEMİZ-ÖLÇÜLDÜ,,,"Pl 845039 ""Pimolisa"" settlement, settlement-modern [precise] konum:2000..2099 0.57km",TEMİZ-TEK-KATMAN,,YALNIZ-MODERN-KONUM
4300,Otranto,40.146,18.489,kale,1281-01-01..1923-10-29,TEMİZ-ÖLÇÜLDÜ,,,"Pl 442615 ""Hydruntum/Hydrous"" settlement, port [precise] konum:-750..640 0.18km",TEMİZ-TEK-KATMAN,,DÖNEM-DIŞI-TEK-TANIK
4300,Oviedo,43.362,-5.849,sehir,1281-01-01..1923-10-29,TEMİZ-ÖLÇÜLDÜ,,,"Pl 475092090 ""Oviedo"" settlement, settlement-modern [precise] konum:1700..2100 0.05km",TEMİZ-TEK-KATMAN,,YALNIZ-MODERN-KONUM
4300,Padova,45.407,11.876,sehir,1281-01-01..1923-10-29,TEMİZ-ÖLÇÜLDÜ,,,"Pl 393473 ""Patavium"" settlement [precise] konum:-750..640 0.29km",TEMİZ-TEK-KATMAN,,DÖNEM-DIŞI-TEK-TANIK
4300,Paksos (Paxos),39.1975,20.1867,kale,1281-01-01..1923-10-29,TEMİZ-ÖLÇÜLDÜ,,,"Pl 531049 ""Paxos (island)"" island [precise] konum:- 2.41km",ÖLÇÜLEMEDİ-ADA,"tanık 531049 Paxos (island) = ADA (alan) 2.41 km; atlas tür=kale ⇒ nesne farklı, nokta-konum testi değil",
4300,Palermo,38.116,13.361,liman,1281-01-01..1923-10-29,TEMİZ-ÖLÇÜLDÜ,,,"Pl 462410 ""Pan(h)ormus"" settlement, settlement-modern [precise] konum:1700..2100 0.92km",TEMİZ-TEK-KATMAN,,YALNIZ-MODERN-KONUM
4300,Palu,38.694,39.937,kale,1281-01-01..1923-10-29,TEMİZ-ÖLÇÜLDÜ,,,"Pl 311985510 ""Palu"" fort-2, monument [precise] konum:None..None 1.70km",TEMİZ-TEK-KATMAN,,
4300,Pamplona,42.813,-1.646,sehir,1281-01-01..1923-10-29,TEMİZ-ÖLÇÜLDÜ,,,"Pl 246567 ""Pompelo"" settlement [precise] konum:-330..640 0.57km",TEMİZ-TEK-KATMAN,,DÖNEM-DIŞI-TEK-TANIK
4300,Pandua (Hazret Pandua),25.135,88.15,sehir,1281-01-01..1923-10-29,TEMİZ-ÖLÇÜLDÜ,,,,TEMİZ-ÇOK-KATMAN-AYNI-NESNE,TGN 7553323 Ruins of Pandua (ruins) 0 km; dakika-yuvarlak ama tür doğru,
4300,Pantelerya,36.792,11.99,kale,1281-01-01..1923-10-29,TEMİZ-ÖLÇÜLDÜ,,,"Pl 462168 ""Pantelleria (island)"" island [precise] konum:- 0.06km",ÖLÇÜLEMEDİ-ADA,"tanık 462168 Pantelleria (island) = ADA (alan) 0.06 km; atlas tür=kale ⇒ nesne farklı, nokta-konum testi değil",
4300,Paris,48.857,2.352,sehir,1281-01-01..1923-10-29,TEMİZ-ÖLÇÜLDÜ,,,"Pl 109126 ""Lutetia"" settlement [precise] konum:-330..640 0.52km",TEMİZ-TEK-KATMAN,,DÖNEM-DIŞI-TEK-TANIK
4300,Parma,44.801,10.328,sehir,1281-01-01..1923-10-29,TEMİZ-ÖLÇÜLDÜ,,,"Pl 383737 ""Parma"" settlement [precise] konum:-30..640 0.06km",TEMİZ-TEK-KATMAN,,DÖNEM-DIŞI-TEK-TANIK
4300,Paros,37.063,25.196,kale,1281-01-01..1923-10-29,TEMİZ-ÖLÇÜLDÜ,,,"Pl 599868 ""Paros (island)"" island [precise] konum:1700..2100 0.21km",ÖLÇÜLEMEDİ-ADA,"tanık 599868 Paros (island) = ADA (alan) 0.21 km; atlas tür=kale ⇒ nesne farklı, nokta-konum testi değil",YALNIZ-MODERN-KONUM
4300,Perugia,43.111,12.389,sehir,1281-01-01..1923-10-29,TEMİZ-ÖLÇÜLDÜ,,,"Pl 413248 ""Perusia"" settlement [precise] konum:-750..640 0.08km",TEMİZ-TEK-KATMAN,,DÖNEM-DIŞI-TEK-TANIK
4300,Peşâver,34.008,71.578,sehir,1281-01-01..1923-10-29,TEMİZ-ÖLÇÜLDÜ,,,"Pl 569531631 ""Peshawar"" settlement [precise] konum:1700..2100 0.49km",TEMİZ-TEK-KATMAN,,YALNIZ-MODERN-KONUM
4300,Pisa,43.716,10.397,sehir,1281-01-01..1923-10-29,TEMİZ-ÖLÇÜLDÜ,,,"Pl 403253 ""Pisae"" settlement [precise] konum:-550..640 0.45km",TEMİZ-TEK-KATMAN,,DÖNEM-DIŞI-TEK-TANIK
4300,Poitiers,46.58,0.34,sehir,1281-01-01..1923-10-29,TEMİZ-ÖLÇÜLDÜ,,,"Pl 138422 ""Limonum"" settlement [precise] konum:-330..640 0.61km",TEMİZ-TEK-KATMAN,,DÖNEM-DIŞI-TEK-TANIK
4300,Prizren,42.214,20.741,sehir,1281-01-01..1923-10-29,TEMİZ-ÖLÇÜLDÜ,,,"Pl 481837 ""*Gabuleum"" station, settlement-modern [precise] konum:2000..2099 0.40km",TEMİZ-TEK-KATMAN,,YALNIZ-MODERN-KONUM
4300,Périgueux,45.184,0.721,sehir,1281-01-01..1923-10-29,TEMİZ-ÖLÇÜLDÜ,,,"Pl 138650 ""Vesunna"" settlement [precise] konum:-30..640 0.05km",TEMİZ-TEK-KATMAN,,DÖNEM-DIŞI-TEK-TANIK
4300,Quimper,47.996,-4.102,sehir,1281-01-01..1923-10-29,TEMİZ-ÖLÇÜLDÜ,,,"Pl 138529 ""Quimper"" settlement [precise] konum:-30..640 0.21km",TEMİZ-TEK-KATMAN,,DÖNEM-DIŞI-TEK-TANIK
4300,Rab (Arbe),44.7636,14.7702,kale,1281-01-01..1923-10-29,TEMİZ-ÖLÇÜLDÜ,,,"Pl 197134 ""Arba"" settlement [precise] konum:-550..640 1.21km",TEMİZ-TEK-KATMAN,,DÖNEM-DIŞI-TEK-TANIK
4300,Rabat,34.021,-6.841,liman,1150-01-01..1923-10-29,TEMİZ-ÖLÇÜLDÜ,,,"Ṯ RIBAT_068W339N_S ""Ribāṭ"" villages 5.33km || Pl 275696 ""Sala"" settlement [precise] konum:-330..640 2.39km",ÖLÇÜLEMEDİ-KATMAN,"Pl 275696 Sala = Chellah 2,4 km; Ṯ Ribāṭ 5,3 (villages, gürültü bandı); atlas 1150+ Ribât el-Feth; tanık yok",DÖNEM-DIŞI-TEK-TANIK
4300,Rakka,35.953,39.008,sehir,1260-09-03..1923-10-29,TEMİZ-ÖLÇÜLDÜ,evet,P-COKKONUM(668318:6.0km),"Ṯ RAQQA_390E359N_S ""al-Raqqaŧ"" capitals 3.92km || Pl 668318 ""Nicephorium/Callinicum/Leontopolis"" settlement [precise] konum:-330..640 4.42km",TEMİZ-ÇOK-KATMAN-AYNI-NESNE,"Ṯ al-Raqqa 3,92 = Abbasi Rakka (atlas nesnesi); Pl Kallinikos 4,42 antik katman; Ṯ hata bandında",
4300,Ravenna,44.418,12.203,sehir,1281-01-01..1923-10-29,TEMİZ-ÖLÇÜLDÜ,,,"Pl 393480 ""Ravenna"" settlement [precise] konum:-550..640 0.57km",TEMİZ-TEK-KATMAN,,DÖNEM-DIŞI-TEK-TANIK
4300,Regensburg,49.019,12.097,sehir,1281-01-01..1923-10-29,TEMİZ-ÖLÇÜLDÜ,,,"Pl 118929 ""Reginum/Castra Regina"" defensive-wall, fort [precise] konum:-30..640 0.14km",TEMİZ-TEK-KATMAN,,DÖNEM-DIŞI-TEK-TANIK
4300,Reims,49.258,4.031,sehir,1281-01-01..1923-10-29,TEMİZ-ÖLÇÜLDÜ,,,"Pl 108945 ""Durocortorum"" settlement [precise] konum:-330..640 0.48km",TEMİZ-TEK-KATMAN,,DÖNEM-DIŞI-TEK-TANIK
4300,Rennes,48.114,-1.68,sehir,1281-01-01..1923-10-29,TEMİZ-ÖLÇÜLDÜ,,,"Pl 69491 ""Condate Redonum"" settlement [precise] konum:-330..640 0.34km",TEMİZ-TEK-KATMAN,,DÖNEM-DIŞI-TEK-TANIK
4300,Revan,40.183,44.515,kale,1281-01-01..1923-10-29,TEMİZ-ÖLÇÜLDÜ,,,"Pl 863922 ""Yerevan"" settlement [precise] konum:-550..-30 0.29km",TEMİZ-TEK-KATMAN,,DÖNEM-DIŞI-TEK-TANIK
4300,Reşîd (Rosetta),31.399,30.417,liman,1281-01-01..1923-10-29,TEMİZ-ÖLÇÜLDÜ,,,"Ṯ RASHID_303E314N_S ""Rašīd"" towns 3.85km || Pl 727085 ""Bolbitine"" settlement [precise] konum:-550..640 0.31km",TEMİZ-TEK-KATMAN,,
4300,Rimini,44.06,12.565,liman,1281-01-01..1923-10-29,TEMİZ-ÖLÇÜLDÜ,,,"Pl 393379 ""Ariminum"" settlement [precise] konum:-550..640 0.19km",TEMİZ-TEK-KATMAN,,DÖNEM-DIŞI-TEK-TANIK
4300,Rize,41.02,40.523,liman,1204-01-01..1923-10-29,TEMİZ-ÖLÇÜLDÜ,,P-UZUNSURE(857297),"Pl 857297 ""Rhizaion"" settlement [precise] konum:-30..640 1.87km",TEMİZ-ÇOK-DÖNEM-SÜREKLİ,çok dönemli/çok konumlu kayıt ama mekânsal ayrışma kanıtı yok (çoğu DARMC 10 km doğruluklu kopya konum),DÖNEM-DIŞI-TEK-TANIK
4300,Rodos,36.443,28.226,kale,1281-01-01..1923-10-29,TEMİZ-ÖLÇÜLDÜ,,P-UZUNSURE(590030),"Pl 590030 ""Rhodos (settlement)"" settlement [precise] konum:-550..640 0.14km",TEMİZ-ÇOK-DÖNEM-SÜREKLİ,çok dönemli/çok konumlu kayıt ama mekânsal ayrışma kanıtı yok (çoğu DARMC 10 km doğruluklu kopya konum),DÖNEM-DIŞI-TEK-TANIK
4300,Ronda,36.742,-5.167,sehir,1281-01-01..1923-10-29,TEMİZ-ÖLÇÜLDÜ,,,"Pl 255992 ""Arunda"" settlement [precise] konum:-30..300 0.05km",TEMİZ-TEK-KATMAN,,DÖNEM-DIŞI-TEK-TANIK
4300,Rouen,49.443,1.099,sehir,1281-01-01..1923-10-29,TEMİZ-ÖLÇÜLDÜ,,,"Pl 109287 ""Rotomagus"" settlement [precise] konum:-30..640 0.30km",TEMİZ-TEK-KATMAN,,DÖNEM-DIŞI-TEK-TANIK
4300,Rusçuk,43.856,25.971,kale,1281-01-01..1923-10-29,TEMİZ-ÖLÇÜLDÜ,,,"Pl 216982 ""Sexaginta Prista"" fort-2, station, fort [precise] konum:-30..640 2.31km",TEMİZ-TEK-KATMAN,,DÖNEM-DIŞI-TEK-TANIK
4300,Râmhürmüz,31.2803,49.6039,sehir,1281-01-01..1923-10-29,TEMİZ-ÖLÇÜLDÜ,,,"Ṯ RAMHURMUZ_496E312N_S ""Rām Hurmuz"" capitals 0.66km || Pl 912926 ""Ram Hurmizd"" settlement [precise] konum:-30..640 0.49km",TEMİZ-TEK-KATMAN,,
4300,Sa'de,16.94,43.764,sehir,1281-01-01..1923-10-29,TEMİZ-ÖLÇÜLDÜ,,P-UZUNSURE(282851782),"Ṯ SADA_437E169N_S ""Ṣaʿdaŧ"" towns 0.59km || Pl 282851782 ""Ṣaʿda"" settlement, settlement-modern [precise] konum:2000..2099 0.15km",TEMİZ-ÇOK-DÖNEM-SÜREKLİ,çok dönemli/çok konumlu kayıt ama mekânsal ayrışma kanıtı yok (çoğu DARMC 10 km doğruluklu kopya konum),
4300,Saarbrücken,49.233,6.997,sehir,1281-01-01..1923-10-29,TEMİZ-ÖLÇÜLDÜ,,,"Pl 109298 ""Saarbrücken"" settlement, archaeological-site [precise] konum:-30..640 2.22km",TEMİZ-TEK-KATMAN,,DÖNEM-DIŞI-TEK-TANIK
4300,Salamanca,40.965,-5.664,sehir,1281-01-01..1923-10-29,TEMİZ-ÖLÇÜLDÜ,,,"Pl 236642 ""Salmantica"" settlement [precise] konum:-750..640 0.08km",TEMİZ-TEK-KATMAN,,DÖNEM-DIŞI-TEK-TANIK
4300,Samsun,41.286,36.331,liman,1281-01-01..1923-10-29,TEMİZ-ÖLÇÜLDÜ,,P-UZUNSURE(857024),"Pl 857024 ""Amisus/Peiraieus"" settlement [precise] konum:-550..640 0.75km",TEMİZ-ÇOK-DÖNEM-SÜREKLİ,çok dönemli/çok konumlu kayıt ama mekânsal ayrışma kanıtı yok (çoğu DARMC 10 km doğruluklu kopya konum),DÖNEM-DIŞI-TEK-TANIK
4300,Sana,15.369,44.191,sehir,1281-01-01..1923-10-29,TEMİZ-ÖLÇÜLDÜ,,P-UZUNSURE(104811110);P-TANIM(104811110:Old City),"Ṯ SANA_442E153N_S ""Ṣanʿāʾ"" capitals 1.28km || Pl 104811110 ""Ṣanʿāʾ"" settlement [precise] konum:1700..2100 3.16km",TEMİZ-ÇOK-KATMAN-AYNI-NESNE,"Ṯ 1,28",
4300,Santorini,36.416,25.432,kale,1281-01-01..1923-10-29,TEMİZ-ÖLÇÜLDÜ,,,"Pl 599973 ""Thera (island)"" island [precise] konum:1700..2100 0.14km",ÖLÇÜLEMEDİ-ADA,"tanık 599973 Thera (island) = ADA (alan) 0.14 km; atlas tür=kale ⇒ nesne farklı, nokta-konum testi değil",YALNIZ-MODERN-KONUM;YUVARLAK-KOORD(599973)
4300,Sarıkamış,40.328,42.578,kasaba,1281-01-01..1923-10-29,TEMİZ-ÖLÇÜLDÜ,,,"Pl 308320791 ""Sarıkamış"" findspot [precise] konum:None..None 0.78km",TEMİZ-TEK-KATMAN,,
4300,Sayda,33.563,35.369,liman,1281-01-01..1923-10-29,TEMİZ-ÖLÇÜLDÜ,,P-UZUNSURE(678393),"Pl 678393 ""Sidon/Col. Aurelia Pia"" settlement, archaeological-site, settlem [precise] konum:None..None 0.37km || Ṯ SAYDA_353E335N_S ""Ṣaydāʾ"" towns 0.65km",TEMİZ-ÇOK-DÖNEM-SÜREKLİ,çok dönemli/çok konumlu kayıt ama mekânsal ayrışma kanıtı yok (çoğu DARMC 10 km doğruluklu kopya konum),
4300,Sebte (Ceuta),35.889,-5.318,liman,1273-01-01..1923-10-29,TEMİZ-ÖLÇÜLDÜ,,,"Ṯ SABTA_053W358N_S ""Sabtaŧ"" towns 3.40km || Pl 275703 ""Septem"" settlement, port [precise] konum:-30..640 0.15km",TEMİZ-TEK-KATMAN,,
4300,Selanik,40.64,22.944,liman,1281-01-01..1923-10-29,TEMİZ-ÖLÇÜLDÜ,,,"Pl 491741 ""Thessalonica"" settlement [precise] konum:-750..640 1.50km",TEMİZ-TEK-KATMAN,,DÖNEM-DIŞI-TEK-TANIK
4300,Selmâs (Dilman),38.1983,44.7654,sehir,1281-01-01..1923-10-29,TEMİZ-ÖLÇÜLDÜ,,,"Ṯ SALAMAS_448E382N_S ""Salamās"" towns 6.13km || Pl 874671 ""Sal(a)mas"" settlement [precise] konum:300..640 0.22km",ÖLÇÜLEMEDİ-KATMAN,"Pl Sal(a)mas 38.2,44.7667 dakika-yuvarlak (§9.4); Ṯ 6,1 gürültü; eski Selmas / Dilman / 1930 sonrası Selmas ayrı nesneler; tanık yok",DÖNEM-DIŞI-TEK-TANIK;YUVARLAK-KOORD(874671)
4300,Semerkant,39.6542,66.9758,sehir,1220-01-01..1923-10-29,TEMİZ-ÖLÇÜLDÜ,,,"Pl 59915 ""Marakanda"" settlement [precise] konum:-330..300 2.46km",ÖLÇÜLEMEDİ-KATMAN,"Pl 59915 Marakanda = Afrasiyab (Moğol öncesi), eşleşme skoru 0,89 (eşik altı); atlas 1220 sonrası Timur şehri; tanık yok",
4300,Serahs,36.5386,61.1611,sehir,1193-01-01..1923-10-29,TEMİZ-ÖLÇÜLDÜ,,,"Ṯ SARAKHS_611E365N_S ""Saraḫs"" towns 3.32km || Pl 961963 ""Serakhs"" settlement [precise] konum:300..640 1.15km",TEMİZ-TEK-KATMAN,,YUVARLAK-KOORD(961963)
4300,Setif,36.19,5.41,sehir,1281-01-01..1923-10-29,TEMİZ-ÖLÇÜLDÜ,,,"Ṯ SATIF_054E361N_S ""Saṭīf"" towns 3.49km || Pl 305153 ""Sitifis"" settlement, archaeological-site [precise] konum:- 0.57km",TEMİZ-TEK-KATMAN,,
4300,Sevilla,37.389,-5.984,sehir,1281-01-01..1923-10-29,TEMİZ-ÖLÇÜLDÜ,,,"Pl 256210 ""Hispalis/Col. Romula"" settlement [precise] konum:-750..640 1.29km",TEMİZ-TEK-KATMAN,,DÖNEM-DIŞI-TEK-TANIK
4300,Sevâkin,19.106,37.332,liman,1281-01-01..1923-10-29,TEMİZ-ÖLÇÜLDÜ,,,"Ṯ SUWAKIN_373E191N_S ""Suwākin"" villages 0.80km",TEMİZ-TEK-KATMAN,,
4300,Sfaks,34.74,10.76,liman,1281-01-01..1923-10-29,TEMİZ-ÖLÇÜLDÜ,,,"Ṯ ASFAQUS_108E347N_S ""Asfāqus"" towns 5.39km || Pl 324822 ""Taparura"" settlement [precise] konum:-330..640 0.27km",TEMİZ-TEK-KATMAN,,DÖNEM-DIŞI-TEK-TANIK
4300,Sicilmâse (Tâfilelt),31.281,-4.283,sehir,1274-01-01..1923-10-29,TEMİZ-ÖLÇÜLDÜ,evet,,"Ṯ SIJILMASA_042W312N_S ""Siǧilmāsaŧ"" capitals 4.36km",TEMİZ-ÇOK-KATMAN-AYNI-NESNE,"Ṯ 4,36 = ortaçağ Sicilmâse; ~1400 sonrası Tâfilelt/Rissani nesnesi tanıksız (kısmî)",
4300,Siena,43.319,11.331,sehir,1281-01-01..1923-10-29,TEMİZ-ÖLÇÜLDÜ,,,"Pl 413293 ""Saena"" settlement, settlement-modern [precise] konum:-330..640 0.04km",TEMİZ-TEK-KATMAN,,DÖNEM-DIŞI-TEK-TANIK
4300,Sifnos (Yavuzca),36.978,24.707,kale,1281-01-01..1923-10-29,TEMİZ-ÖLÇÜLDÜ,,,"Pl 590049 ""Siphnos (island)"" island [precise] konum:- 1.20km",ÖLÇÜLEMEDİ-ADA,"tanık 590049 Siphnos (island) = ADA (alan) 1.20 km; atlas tür=kale ⇒ nesne farklı, nokta-konum testi değil",
4300,Silistre,44.117,27.26,kale,1281-01-01..1923-10-29,TEMİZ-ÖLÇÜLDÜ,,,"Pl 216800 ""Durostorum"" settlement [precise] konum:-30..640 0.23km",TEMİZ-TEK-KATMAN,,DÖNEM-DIŞI-TEK-TANIK
4300,Silivri,41.0791,28.2493,kale,1281-01-01..1923-10-29,TEMİZ-ÖLÇÜLDÜ,,,"Pl 511414 ""Sely(m)bria/Eudoxiopolis"" settlement [precise] konum:-550..640 0.15km",TEMİZ-TEK-KATMAN,,DÖNEM-DIŞI-TEK-TANIK
4300,Simav,39.09,28.98,kale,1281-01-01..1923-10-29,TEMİZ-ÖLÇÜLDÜ,,,"Pl 609537 ""Synaos"" settlement [precise] konum:-30..640 0.28km",TEMİZ-TEK-KATMAN,,DÖNEM-DIŞI-TEK-TANIK
4300,Simnân,35.5769,53.3972,sehir,1221-01-01..1923-10-29,TEMİZ-ÖLÇÜLDÜ,,P-UZUNSURE(942322),"Ṯ SIMNAN_534E354N_S ""Simnān"" towns 9.15km || Pl 942322 ""[Semnan]/Semina"" settlement [precise] konum:-30..640 0.52km",TEMİZ-ÇOK-DÖNEM-SÜREKLİ,çok dönemli/çok konumlu kayıt ama mekânsal ayrışma kanıtı yok (çoğu DARMC 10 km doğruluklu kopya konum),DÖNEM-DIŞI-TEK-TANIK
4300,Sincar,36.3222,41.8689,sehir,1281-01-01..1923-10-29,TEMİZ-ÖLÇÜLDÜ,,P-UZUNSURE(874699),"Ṯ SINJAR_418E363N_S ""Sinǧār"" towns 2.00km || Pl 874699 ""Singara"" settlement [precise] konum:-30..640 0.62km",TEMİZ-ÇOK-DÖNEM-SÜREKLİ,çok dönemli/çok konumlu kayıt ama mekânsal ayrışma kanıtı yok (çoğu DARMC 10 km doğruluklu kopya konum),
4300,Sinop,42.027,35.151,liman,1214-01-01..1923-10-29,TEMİZ-ÖLÇÜLDÜ,,P-UZUNSURE(857321),"Pl 857321 ""Sinope"" settlement, port [precise] konum:-750..640 0.67km",TEMİZ-ÇOK-DÖNEM-SÜREKLİ,çok dönemli/çok konumlu kayıt ama mekânsal ayrışma kanıtı yok (çoğu DARMC 10 km doğruluklu kopya konum),DÖNEM-DIŞI-TEK-TANIK
4300,Sinâvin,31.007,10.616,sehir,1281-01-01..1923-10-29,TEMİZ-ÖLÇÜLDÜ,,,"Pl 344485 ""Sinawen"" settlement [precise] konum:-30..640 2.92km",TEMİZ-TEK-KATMAN,,DÖNEM-DIŞI-TEK-TANIK
4300,Sircân,29.45,55.68,sehir,1281-01-01..1923-10-29,TEMİZ-ÖLÇÜLDÜ,,,"Ṯ SIRJAN_557E294N_S ""al-Sīrǧān"" metropoles 6.75km || Pl 29756 ""Shiragan/Sirjan"" settlement [precise] konum:300..640 1.86km",TEMİZ-TEK-KATMAN,,DÖNEM-DIŞI-TEK-TANIK
4300,Sire (Syros),37.436,24.918,kale,1281-01-01..1923-10-29,TEMİZ-ÖLÇÜLDÜ,,,"Pl 590067 ""Syros (island)"" island [precise] konum:- 0.83km",ÖLÇÜLEMEDİ-ADA,"tanık 590067 Syros (island) = ADA (alan) 0.83 km; atlas tür=kale ⇒ nesne farklı, nokta-konum testi değil",
4300,Sisak,45.4658,16.3783,kale,1281-01-01..1923-10-29,TEMİZ-ÖLÇÜLDÜ,,,"Pl 197504 ""Segestica/Siscia"" settlement [precise] konum:-550..640 2.01km",TEMİZ-TEK-KATMAN,,DÖNEM-DIŞI-TEK-TANIK
4300,Sitiye (Sitia),35.208,26.104,kale,1281-01-01..1923-10-29,TEMİZ-ÖLÇÜLDÜ,,,"Pl 590045 ""*Setaea/Etis"" settlement, settlement-modern [precise] konum:-330..640 0.39km",TEMİZ-TEK-KATMAN,,DÖNEM-DIŞI-TEK-TANIK
4300,Sivas,39.75,37.015,sehir,1184-01-01..1923-10-29,TEMİZ-ÖLÇÜLDÜ,,P-UZUNSURE(629075),"Pl 629075 ""Sebasteia/Megalopolis?/Talaura?"" settlement [precise] konum:-750..640 0.18km",TEMİZ-ÇOK-DÖNEM-SÜREKLİ,çok dönemli/çok konumlu kayıt ama mekânsal ayrışma kanıtı yok (çoğu DARMC 10 km doğruluklu kopya konum),DÖNEM-DIŞI-TEK-TANIK
4300,Sivrihisar,39.45,31.535,sehir,1281-01-01..1923-10-29,TEMİZ-ÖLÇÜLDÜ,,P-COKKONUM(609533:2.6km),"Pl 609533 ""Spaleia"" settlement [precise] konum:300..640 2.11km",TEMİZ-ÇOK-DÖNEM-SÜREKLİ,çok dönemli/çok konumlu kayıt ama mekânsal ayrışma kanıtı yok (çoğu DARMC 10 km doğruluklu kopya konum),DÖNEM-DIŞI-TEK-TANIK
4300,Sofya,42.698,23.322,sehir,1281-01-01..1923-10-29,TEMİZ-ÖLÇÜLDÜ,,,"Pl 207439 ""Serdica"" settlement, amphitheatre, archaeological [precise] konum:-30..640 3.25km",TEMİZ-TEK-KATMAN,,DÖNEM-DIŞI-TEK-TANIK
4300,Sohum,43.001,41.023,liman,1281-01-01..1923-10-29,TEMİZ-ÖLÇÜLDÜ,,P-COKKONUM(857107:1.7km),"Pl 857107 ""Dioscurias/Sebastopolis"" settlement, settlement-modern [precise] konum:1700..2100 1.01km",TEMİZ-ÇOK-DÖNEM-SÜREKLİ,çok dönemli/çok konumlu kayıt ama mekânsal ayrışma kanıtı yok (çoğu DARMC 10 km doğruluklu kopya konum),YALNIZ-MODERN-KONUM
4300,Sokotra,12.51,53.872,kale,1281-01-01..1923-10-29,TEMİZ-ÖLÇÜLDÜ,evet,,"Pl 39338 ""Diosko(u)rides (island)"" island [precise] konum:- 4.63km",ÖLÇÜLEMEDİ-ADA,"tanık 39338 Diosko(u)rides (island) = ADA (alan) 4.63 km; atlas tür=kale ⇒ nesne farklı, nokta-konum testi değil",
4300,Split (Spalato),43.511,16.439,liman,1281-01-01..1923-10-29,TEMİZ-ÖLÇÜLDÜ,,,"Pl 197524 ""Spalatum"" settlement [precise] konum:-30..640 0.54km",TEMİZ-TEK-KATMAN,,DÖNEM-DIŞI-TEK-TANIK
4300,Stuttgart,48.776,9.183,sehir,1281-01-01..1923-10-29,TEMİZ-ÖLÇÜLDÜ,evet,,"Pl 118980 ""Stuttgart"" settlement [precise] konum:-30..300 4.62km",ÖLÇÜLEMEDİ-KATMAN,"Pl 118980 konum başlığı ""Bad Cannstatt arkeolojik alanı"" (Roma, -30..300) 4,6 km; atlas 1281+ ortaçağ Stuttgart; tanık yok",DÖNEM-DIŞI-TEK-TANIK
4300,Sudak (Suğdak),44.8494,34.9747,liman,1281-01-01..1923-10-29,TEMİZ-ÖLÇÜLDÜ,,,"Pl 226521 ""Athenaion/Skythotauron Limen"" settlement, settlement-modern [precise] konum:1700..2100 0.29km",TEMİZ-TEK-KATMAN,,YALNIZ-MODERN-KONUM
4300,Suhâr,24.3472,56.7092,liman,1281-01-01..1923-10-29,TEMİZ-ÖLÇÜLDÜ,evet,,"Ṯ SUHAR_566E243N_S ""Ṣuḥār"" capitals 1.93km || Pl 29766 ""[Sohar]"" settlement [precise] konum:-30..640 4.08km",TEMİZ-ÇOK-KATMAN-AYNI-NESNE,"Ṯ 1,93",
4300,Suruç,36.976,38.427,kasaba,1281-01-01..1923-10-29,TEMİZ-ÖLÇÜLDÜ,,,"Ṯ SARUJ_384E369N_S ""Sarūǧ"" villages 1.04km || Pl 658405 ""Batnae/Markopolis"" settlement [precise] konum:-330..640 0.24km",TEMİZ-TEK-KATMAN,,
4300,Sâmerrâ,34.1983,43.8742,sehir,1281-01-01..1923-10-29,TEMİZ-ÖLÇÜLDÜ,,P-UZUNSURE(894082),"Ṯ SAMARRA_438E342N_S ""Sāmarrāʾ"" capitals 1.42km || Pl 894082 ""[Samarra]/‘Sumere’"" settlement, archaeological-site, findspo [precise] konum:-750..640 0.31km",TEMİZ-ÇOK-DÖNEM-SÜREKLİ,çok dönemli/çok konumlu kayıt ama mekânsal ayrışma kanıtı yok (çoğu DARMC 10 km doğruluklu kopya konum),
4300,Sârî,36.5633,53.0601,sehir,1281-01-01..1923-10-29,TEMİZ-ÖLÇÜLDÜ,,,"Ṯ SARIYA_531E365N_S ""Sāriyaŧ"" towns 6.23km || Pl 942321 ""[Sari(ya)]/Zadrakarta?"" settlement [precise] konum:-330..640 0.23km",TEMİZ-TEK-KATMAN,,DÖNEM-DIŞI-TEK-TANIK
4300,Sâve,35.0213,50.3566,sehir,1281-01-01..1923-10-29,TEMİZ-ÖLÇÜLDÜ,,,"Ṯ SAWA_504E349N_S ""Sāwaŧ"" towns 8.03km || Pl 903111 ""[Saveh]"" settlement [precise] konum:-30..640 2.46km",TEMİZ-TEK-KATMAN,,DÖNEM-DIŞI-TEK-TANIK
4300,Sömbeki (Simi),36.585,27.831,kale,1281-01-01..1923-10-29,TEMİZ-ÖLÇÜLDÜ,,,"Pl 599951 ""Syme (island)"" island [precise] konum:- 0.70km",ÖLÇÜLEMEDİ-ADA,"tanık 599951 Syme (island) = ADA (alan) 0.70 km; atlas tür=kale ⇒ nesne farklı, nokta-konum testi değil",
4300,Sûr (Tyre) — Lübnan,33.2704,35.2038,liman,1281-01-01..1923-10-29,TEMİZ-ÖLÇÜLDÜ,,P-UZUNSURE(678437),"Pl 678437 ""Tyrus/Col. Septimia Severa"" settlement, settlement-modern, findspot [precise] konum:-550..640 0.22km || Ṯ SUR_352E332N_S ""Ṣūr"" towns 0.41km",TEMİZ-ÇOK-DÖNEM-SÜREKLİ,çok dönemli/çok konumlu kayıt ama mekânsal ayrışma kanıtı yok (çoğu DARMC 10 km doğruluklu kopya konum),
4300,Sûrat,21.17,72.831,liman,1281-01-01..1923-10-29,TEMİZ-ÖLÇÜLDÜ,,,"Pl 50290 ""Surat"" settlement [precise] konum:-30..300 2.20km",TEMİZ-TEK-KATMAN,,DÖNEM-DIŞI-TEK-TANIK
4300,Sûse,35.826,10.638,liman,1281-01-01..1923-10-29,TEMİZ-ÖLÇÜLDÜ,,,"Ṯ SUSA_106E358N_S ""Sūsaŧ"" towns 2.66km || Pl 324716 ""Hadrumetum/Iustinianopolis"" settlement, port [precise] konum:-330..640 0.07km",TEMİZ-TEK-KATMAN,,
4300,Sübaytıla,35.235,9.12,sehir,1281-01-01..1923-10-29,TEMİZ-ÖLÇÜLDÜ,,,"Ṯ SUBAYTILA_092E352N_S ""Subayṭilaŧ"" capitals 9.32km || Pl 324816 ""Sufetula"" settlement, archaeological-site [precise] konum:-30..640 0.68km",TEMİZ-TEK-KATMAN,,DÖNEM-DIŞI-TEK-TANIK
4300,Süveyş,29.974,32.548,liman,1281-01-01..1923-10-29,TEMİZ-ÖLÇÜLDÜ,,,"Ṯ SUWAYS_325E299N_S ""Suways"" villages 0.39km",TEMİZ-TEK-KATMAN,,
4300,Tabarka,36.954,8.758,kale,1281-01-01..1923-10-29,TEMİZ-ÖLÇÜLDÜ,,,"Ṯ TABARQA_088E369N_S ""Ṭabarqaŧ"" towns 6.42km || Pl 315192 ""Thabraca"" settlement [precise] konum:-330..640 0.80km",TEMİZ-TEK-KATMAN,,DÖNEM-DIŞI-TEK-TANIK
4300,Taganrog,47.237,38.897,liman,1698-09-12..1923-10-29,TEMİZ-ÖLÇÜLDÜ,evet,,"Pl 825396 ""Taganrog"" settlement [precise] konum:-750..-30 4.62km",ÖLÇÜLEMEDİ-KATMAN,"Pl 825396 = antik Yunan yerleşimi (-750..-30, DARMC doğruluk 10 km); atlas 1698+ kurulan şehir; tanık yok",DÖNEM-DIŞI-TEK-TANIK
4300,Tanca,35.777,-5.804,liman,1273-01-01..1923-10-29,TEMİZ-ÖLÇÜLDÜ,,,"Ṯ TANJA_058W357N_S ""Tanǧaŧ"" towns 3.77km || Pl 275736 ""Tingi"" settlement, port [precise] konum:-550..640 1.30km",TEMİZ-TEK-KATMAN,,
4300,Tancûr (Thanjavur),10.787,79.138,sehir,1281-01-01..1923-10-29,TEMİZ-ÖLÇÜLDÜ,,,"Pl 50303 ""Thanjavur"" settlement [precise] konum:-30..300 0.53km",TEMİZ-TEK-KATMAN,,DÖNEM-DIŞI-TEK-TANIK
4300,Tarragona,41.119,1.245,liman,1281-01-01..1923-10-29,TEMİZ-ÖLÇÜLDÜ,,,"Pl 246349 ""Col. Tarraco"" settlement [precise] konum:-550..640 1.14km",TEMİZ-TEK-KATMAN,,DÖNEM-DIŞI-TEK-TANIK
4300,Tarsus,36.917,34.895,sehir,1281-01-01..1923-10-29,TEMİZ-ÖLÇÜLDÜ,,P-UZUNSURE(648789),"Ṯ TARSUS_349E369N_S ""Ṭarsūs"" towns 5.45km || Pl 648789 ""Tarsus/Antiochia ad Cydnum"" city-center, settlement, archaeological- [precise] konum:-330..-30 0.35km",TEMİZ-ÇOK-DÖNEM-SÜREKLİ,çok dönemli/çok konumlu kayıt ama mekânsal ayrışma kanıtı yok (çoğu DARMC 10 km doğruluklu kopya konum),DÖNEM-DIŞI-TEK-TANIK
4300,Tatta (Thatta),24.747,67.924,sehir,1281-01-01..1923-10-29,TEMİZ-ÖLÇÜLDÜ,,,,ÖLÇÜLEMEDİ-§9.4,tek dayanak TGN 1083827 Thatta = inhabited places (atlas noktası TGN ile birebir aynı) ⇒ §9.4,
4300,Tebesse,35.404,8.124,sehir,1281-01-01..1923-10-29,TEMİZ-ÖLÇÜLDÜ,,,"Ṯ TABASSA_081E353N_S ""Tabassā"" towns 3.32km",TEMİZ-TEK-KATMAN,,
4300,Tebriz,38.08,46.292,sehir,1231-01-01..1923-10-29,TEMİZ-ÖLÇÜLDÜ,,P-UZUNSURE(430344981);P-TANIM(430344981:modern city),"Ṯ TABRIZ_463E380N_S ""Tabrīz"" towns 3.87km || Pl 430344981 ""Tabrīz"" settlement, settlement-modern [precise] konum:- 1.18km",TEMİZ-ÇOK-KATMAN-AYNI-NESNE,"Ṯ 3,87 + Pl 1,18",
4300,Tebük,28.384,36.566,kale,1281-01-01..1923-10-29,TEMİZ-ÖLÇÜLDÜ,,P-UZUNSURE(814662),"Ṯ TABUK_365E283N_S ""Tabūk"" towns 6.02km || Pl 814662 ""Baclanaza"" settlement [precise] konum:-330..300 0.80km",TEMİZ-ÇOK-DÖNEM-SÜREKLİ,çok dönemli/çok konumlu kayıt ama mekânsal ayrışma kanıtı yok (çoğu DARMC 10 km doğruluklu kopya konum),DÖNEM-DIŞI-TEK-TANIK
4300,Tedmür (Palmyra),34.55,38.27,sehir,1281-01-01..1923-10-29,TEMİZ-ÖLÇÜLDÜ,,P-UZUNSURE(668331),"Ṯ TADMUR_382E345N_S ""Tadmur"" towns 1.63km || Pl 668331 ""Palmyra"" urban, oasis, station, archaeological-si [precise] konum:None..None 0.56km",TEMİZ-ÇOK-DÖNEM-SÜREKLİ,çok dönemli/çok konumlu kayıt ama mekânsal ayrışma kanıtı yok (çoğu DARMC 10 km doğruluklu kopya konum),
4300,Telafer,36.3775,42.4508,sehir,1281-01-01..1923-10-29,TEMİZ-ÖLÇÜLDÜ,evet,P-TANIM(874720:Tel),"Ṯ TALLAFAR_424E363N_S ""Tall Aʿfar"" towns 4.19km || Pl 874720 ""Tel Afar/Ad Pontem?"" settlement, settlement-modern [precise] konum:2000..2099 0.76km",TEMİZ-ÇOK-KATMAN-AYNI-NESNE,"Ṯ 4,19 + Pl OSM 0,76 (höyük üstü kasaba)",
4300,Temeşvar,45.76,21.23,kale,1281-01-01..1923-10-29,TEMİZ-ÖLÇÜLDÜ,,,"Pl 412344813 ""Timișoara"" settlement [precise] konum:- 2.34km",TEMİZ-TEK-KATMAN,,
4300,Terhûne,32.435,13.633,sehir,1281-01-01..1923-10-29,TEMİZ-ÖLÇÜLDÜ,,,"Pl 344499 ""Tarhuna"" cemetery [precise] konum:-330..640 0.21km",TEMİZ-TEK-KATMAN,,DÖNEM-DIŞI-TEK-TANIK
4300,Termiye (Kythnos),37.398,24.419,kale,1281-01-01..1923-10-29,TEMİZ-ÖLÇÜLDÜ,,,"Pl 570403 ""Kythnos (island)"" island [precise] konum:- 1.27km",ÖLÇÜLEMEDİ-ADA,"tanık 570403 Kythnos (island) = ADA (alan) 1.27 km; atlas tür=kale ⇒ nesne farklı, nokta-konum testi değil",
4300,Teymâ,27.632,38.545,sehir,1836-01-01..1923-10-29,TEMİZ-ÖLÇÜLDÜ,,P-UZUNSURE(814739),"Ṯ TAYMA_385E275N_S ""Taymāʾ"" towns 6.20km || Pl 814739 ""Thaima"" settlement, archaeological-site, findspo [precise] konum:None..None 1.23km",TEMİZ-ÇOK-DÖNEM-SÜREKLİ,çok dönemli/çok konumlu kayıt ama mekânsal ayrışma kanıtı yok (çoğu DARMC 10 km doğruluklu kopya konum),
4300,Tiflis,41.716,44.783,sehir,1281-01-01..1923-10-29,TEMİZ-ÖLÇÜLDÜ,,P-UZUNSURE(863903);UZAK-TANIK(T:TIFLIS_448E420N_S:41.18),"Pl 863903 ""Tbilisi"" settlement, settlement-modern [precise] konum:-30..640 0.28km",TEMİZ-ÇOK-DÖNEM-SÜREKLİ,çok dönemli/çok konumlu kayıt ama mekânsal ayrışma kanıtı yok (çoğu DARMC 10 km doğruluklu kopya konum),DÖNEM-DIŞI-TEK-TANIK
4300,Tikrit,34.6072,43.6786,sehir,1257-01-01..1923-10-29,TEMİZ-ÖLÇÜLDÜ,,P-COKKONUM(894099:2.1km);P-UZUNSURE(894099),"Ṯ TAKRIT_436E345N_S ""Takrīt"" towns 2.32km || Pl 894099 ""Takrit/Birta"" settlement, findspot [precise] konum:None..None 0.16km",TEMİZ-ÇOK-DÖNEM-SÜREKLİ,çok dönemli/çok konumlu kayıt ama mekânsal ayrışma kanıtı yok (çoğu DARMC 10 km doğruluklu kopya konum),
4300,Tilimsan,34.882,-1.315,sehir,1236-01-01..1923-10-29,TEMİZ-ÖLÇÜLDÜ,,,"Ṯ TILIMSAN_013W348N_S ""Tilimsān"" towns 0.79km || Pl 285501 ""Pomaria"" settlement [precise] konum:-30..640 0.31km",TEMİZ-ÇOK-KATMAN-AYNI-NESNE,"Ṯ 0,79 + Pl Pomaria (Agadir katmanı) 0,31",
4300,Tire,38.089,27.735,sehir,1281-01-01..1923-10-29,TEMİZ-ÖLÇÜLDÜ,,,"Pl 599981 ""Thyaira"" settlement [precise] konum:-30..640 0.87km",TEMİZ-TEK-KATMAN,,DÖNEM-DIŞI-TEK-TANIK
4300,Tobruk,32.077,23.971,liman,1556-01-01..1923-10-29,TEMİZ-ÖLÇÜLDÜ,,,"Pl 716525 ""Antipyrgos"" settlement [precise] konum:-330..640 0.91km",TEMİZ-TEK-KATMAN,,DÖNEM-DIŞI-TEK-TANIK
4300,Tokat,40.314,36.554,sehir,1074-01-01..1923-10-29,TEMİZ-ÖLÇÜLDÜ,,,"Pl 857105 ""Dazimon"" fort [precise] konum:-330..300 1.06km",TEMİZ-TEK-KATMAN,,DÖNEM-DIŞI-TEK-TANIK
4300,Toledo,39.863,-4.028,sehir,1281-01-01..1923-10-29,TEMİZ-ÖLÇÜLDÜ,,,"Pl 266066 ""Toletum"" settlement [precise] konum:-330..640 0.76km",TEMİZ-TEK-KATMAN,,DÖNEM-DIŞI-TEK-TANIK
4300,Torino,45.07,7.687,sehir,1281-01-01..1923-10-29,TEMİZ-ÖLÇÜLDÜ,,,"Pl 383580 ""Augusta Taurinorum"" settlement [precise] konum:-30..640 0.21km",TEMİZ-TEK-KATMAN,,DÖNEM-DIŞI-TEK-TANIK
4300,Toulouse,43.604,1.444,sehir,1281-01-01..1923-10-29,TEMİZ-ÖLÇÜLDÜ,,,"Pl 246694 ""Tolosa"" settlement [precise] konum:-330..640 0.06km",TEMİZ-TEK-KATMAN,,DÖNEM-DIŞI-TEK-TANIK
4300,Tournai,50.607,3.389,sehir,1281-01-01..1923-10-29,TEMİZ-ÖLÇÜLDÜ,,,"Pl 109398 ""Turnacum"" settlement [precise] konum:-30..640 0.16km",TEMİZ-TEK-KATMAN,,DÖNEM-DIŞI-TEK-TANIK
4300,Tours,47.394,0.685,sehir,1281-01-01..1923-10-29,TEMİZ-ÖLÇÜLDÜ,,,"Pl 138255 ""Caesarodunum"" settlement [precise] konum:-30..640 0.51km",TEMİZ-TEK-KATMAN,,DÖNEM-DIŞI-TEK-TANIK
4300,Tozer,33.92,8.134,sehir,1281-01-01..1923-10-29,TEMİZ-ÖLÇÜLDÜ,,,"Pl 334643 ""Thusuros"" oasis [precise] konum:-30..640 0.92km",TEMİZ-TEK-KATMAN,,DÖNEM-DIŞI-TEK-TANIK
4300,Trablus,32.897,13.191,liman,1281-01-01..1923-10-29,TEMİZ-ÖLÇÜLDÜ,,,"Ṯ ATRABULUS_131E328N_S ""Aṭrābulus"" towns 2.11km",TEMİZ-TEK-KATMAN,,
4300,Trablusşam,34.436,35.844,liman,1281-01-01..1923-10-29,TEMİZ-ÖLÇÜLDÜ,,P-UZUNSURE(668394),"Pl 668394 ""Tripolis"" urban, theatre, fort-group, pass, cemete [precise] konum:-550..640 3.27km",ÖLÇÜLEMEDİ-KATMAN,"Pl 668394 Tripolis reprPoint = antik/haçlı liman şehri (el-Mina) 3,3 km; atlas 1281+ = 1289 sonrası iç kesimde kurulan Memlük Trablus; tanık yok",DÖNEM-DIŞI-TEK-TANIK
4300,Trabzon,41.005,39.723,liman,1204-01-01..1923-10-29,TEMİZ-ÖLÇÜLDÜ,,P-UZUNSURE(857359),"Pl 857359 ""Trapezus"" settlement [precise] konum:-750..640 0.09km",TEMİZ-ÇOK-DÖNEM-SÜREKLİ,çok dönemli/çok konumlu kayıt ama mekânsal ayrışma kanıtı yok (çoğu DARMC 10 km doğruluklu kopya konum),DÖNEM-DIŞI-TEK-TANIK
4300,Trapani,38.017,12.537,liman,1281-01-01..1923-10-29,TEMİZ-ÖLÇÜLDÜ,,,"Pl 462521 ""Trapani"" quarry [precise] konum:-30..300 1.68km",TEMİZ-TEK-KATMAN,,DÖNEM-DIŞI-TEK-TANIK
4300,Trencsén (Trenčín),48.8945,18.0444,kale,1281-01-01..1923-10-29,TEMİZ-ÖLÇÜLDÜ,,,"Pl 128442 ""Laugaricio"" fort [precise] konum:-30..300 0.46km",TEMİZ-TEK-KATMAN,,DÖNEM-DIŞI-TEK-TANIK
4300,Trento,46.067,11.121,sehir,1281-01-01..1923-10-29,TEMİZ-ÖLÇÜLDÜ,,,"Pl 383804 ""Trident(i)um"" settlement [precise] konum:-330..640 0.15km",TEMİZ-TEK-KATMAN,,DÖNEM-DIŞI-TEK-TANIK
4300,Trieste,45.65,13.77,liman,1281-01-01..1923-10-29,TEMİZ-ÖLÇÜLDÜ,,,"Pl 187578 ""Tergeste"" urban, settlement, vicus, fort [precise] konum:-330..640 0.16km",TEMİZ-TEK-KATMAN,,DÖNEM-DIŞI-TEK-TANIK
4300,Troyes,48.297,4.074,sehir,1281-01-01..1923-10-29,TEMİZ-ÖLÇÜLDÜ,,,"Pl 108775 ""Augustobona"" settlement [precise] konum:-30..640 0.08km",TEMİZ-TEK-KATMAN,,DÖNEM-DIŞI-TEK-TANIK
4300,Tunus,36.8,10.18,liman,1229-01-01..1923-10-29,TEMİZ-ÖLÇÜLDÜ,,,"Ṯ TUNIS_101E367N_S ""Tūnis"" towns 3.27km || Pl 315233 ""Tunes"" settlement [precise] konum:-330..640 0.75km",TEMİZ-TEK-KATMAN,,
4300,Tuz Hurmatu,34.8828,44.6381,sehir,1281-01-01..1923-10-29,TEMİZ-ÖLÇÜLDÜ,,,"Pl 320150993 ""Ṭūz Khūrmātū"" findspot [precise] konum:None..None 1.18km",TEMİZ-TEK-KATMAN,,
4300,Tuzla (Larnaka),34.917,33.63,liman,1281-01-01..1923-10-29,TEMİZ-ÖLÇÜLDÜ,,,"Pl 707556 ""Larnaka"" cemetery [precise] konum:-750..-30 0.31km",TEMİZ-TEK-KATMAN,,DÖNEM-DIŞI-TEK-TANIK;YUVARLAK-KOORD(707556)
4300,Tâhert (Tiaret),35.371,1.322,sehir,1281-01-01..1923-10-29,TEMİZ-ÖLÇÜLDÜ,,,"Ṯ TAHIRT_013E353N_S ""Tāhirt"" capitals 3.91km || Pl 285536 ""Tiaret"" settlement [precise] konum:-30..640 0.51km",TEMİZ-TEK-KATMAN,,
4300,Tâze (Taza),34.21,-4.01,sehir,1281-01-01..1923-10-29,TEMİZ-ÖLÇÜLDÜ,,,"Ṯ TIZA_040W342N_S ""Tīzā"" towns 2.15km",TEMİZ-TEK-KATMAN,,
4300,Türabe,21.214,41.633,kasaba,1281-01-01..1923-10-29,TEMİZ-ÖLÇÜLDÜ,evet,,"Ṯ TURABA_416E212N_S ""Turabaŧ"" villages 4.38km",TEMİZ-ÇOK-KATMAN-AYNI-NESNE,"Ṯ 4,38",
4300,Tırhala,39.555,21.768,sehir,1281-01-01..1923-10-29,TEMİZ-ÖLÇÜLDÜ,,,"Pl 541163 ""Trikka"" settlement [precise] konum:-750..640 2.01km",TEMİZ-TEK-KATMAN,,DÖNEM-DIŞI-TEK-TANIK
4300,Uksur (Luksor),25.687,32.64,sehir,1281-01-01..1923-10-29,TEMİZ-ÖLÇÜLDÜ,evet,P-COKKONUM(786017:7.4km);P-UZUNSURE(786017),"Ṯ AQSUR_326E257N_S ""al-Aqṣūr"" towns 4.64km || Pl 786017 ""Diospolis Magna/Thebai"" settlement [precise] konum:-750..640 2.60km",TEMİZ-ÇOK-KATMAN-AYNI-NESNE,"Ṯ al-Uqṣur 4,64 aynı nesne (Ṯ hata bandı); Pl Teb geniş antik şehir",
4300,Urfa,37.159,38.796,sehir,1281-01-01..1923-10-29,TEMİZ-ÖLÇÜLDÜ,,P-UZUNSURE(658457),"Pl 658457 ""Edessa/Antiochia ad Callirhoem"" settlement [precise] konum:-330..640 1.42km",TEMİZ-ÇOK-DÖNEM-SÜREKLİ,çok dönemli/çok konumlu kayıt ama mekânsal ayrışma kanıtı yok (çoğu DARMC 10 km doğruluklu kopya konum),DÖNEM-DIŞI-TEK-TANIK
4300,Urmiye,37.553,45.076,sehir,1281-01-01..1923-10-29,TEMİZ-ÖLÇÜLDÜ,,,"Ṯ URMIYA_450E375N_S ""Urmīyaŧ"" towns 3.66km || Pl 874631 ""Ormi/[Urmia]"" settlement [precise] konum:300..640 2.14km",TEMİZ-TEK-KATMAN,,YUVARLAK-KOORD(874631)
4300,Utrecht,52.091,5.121,sehir,1281-01-01..1923-10-29,TEMİZ-ÖLÇÜLDÜ,,,"Pl 99046 ""Traiectum"" fortified-settlement, fort [precise] konum:-30..640 0.08km",TEMİZ-TEK-KATMAN,,DÖNEM-DIŞI-TEK-TANIK
4300,Valladolid,41.652,-4.724,sehir,1281-01-01..1923-10-29,TEMİZ-ÖLÇÜLDÜ,,,"Pl 789812439 ""Valladolid"" settlement, settlement-modern [precise] konum:1700..2100 0.38km",TEMİZ-TEK-KATMAN,,YALNIZ-MODERN-KONUM
4300,Van,38.502,43.393,kale,1232-01-01..1923-10-29,TEMİZ-ÖLÇÜLDÜ,evet,P-UZUNSURE(874771),"Ṯ WAN_433E385N_S ""Wān"" villages 9.20km || Pl 874771 ""Thospia/Bouana/‘Ospa’/Ṭušpa"" settlement, fort [precise] konum:- 4.74km",TEMİZ-SINIRDA-GERÇEK,"atlas tür=kale. Pl 964673805 Van Fortress (-900..2100, bütün dönemlerde aynı nesne) 4,60 · Tušpa 4,74. Nesne AYNI ⇒ fark gerçek: atlas noktası kalenin/eski Van'ın 4,6 km doğusunda (modern Van). Eşik 5 km'nin 0,4 km altı; Ṯ Wān 9,2 (villages) gürültü",
4300,Vannes,47.658,-2.76,liman,1281-01-01..1923-10-29,TEMİZ-ÖLÇÜLDÜ,,,"Pl 138323 ""Darioritum"" settlement [precise] konum:-30..640 0.36km",TEMİZ-TEK-KATMAN,,DÖNEM-DIŞI-TEK-TANIK
4300,Varna,43.214,27.915,liman,1281-01-01..1923-10-29,TEMİZ-ÖLÇÜLDÜ,,P-COKKONUM(216904:1.5km),"Pl 216904 ""Odessus"" settlement [precise] konum:-550..640 0.88km",TEMİZ-ÇOK-DÖNEM-SÜREKLİ,çok dönemli/çok konumlu kayıt ama mekânsal ayrışma kanıtı yok (çoğu DARMC 10 km doğruluklu kopya konum),DÖNEM-DIŞI-TEK-TANIK
4300,Vigo,42.24,-8.72,liman,1281-01-01..1923-10-29,TEMİZ-ÖLÇÜLDÜ,,,"Pl 236716 ""Vicus Spacorum"" settlement, port [precise] konum:-330..300 1.15km",TEMİZ-TEK-KATMAN,,DÖNEM-DIŞI-TEK-TANIK
4300,Vijayanagara (Hampi),15.335,76.462,sehir,1336-01-01..1923-10-29,TEMİZ-ÖLÇÜLDÜ,,,,TEMİZ-ÇOK-KATMAN-AYNI-NESNE,"TGN 7274856 Vijayanagar (deserted settlements) 0,5 km; dakika-yuvarlak",
4300,Vis (Lissa),43.054,16.148,kale,1281-01-01..1923-10-29,TEMİZ-ÖLÇÜLDÜ,,,"Pl 197329 ""Issa (island)"" island [precise] konum:- 1.09km",ÖLÇÜLEMEDİ-ADA,"tanık 197329 Issa (island) = ADA (alan) 1.09 km; atlas tür=kale ⇒ nesne farklı, nokta-konum testi değil",
4300,Viyana,48.208,16.373,sehir,1281-01-01..1923-10-29,TEMİZ-ÖLÇÜLDÜ,,,"Pl 128537 ""Vindobona"" fort-2, settlement-modern [precise] konum:- 0.09km",TEMİZ-TEK-KATMAN,,
4300,Vize,41.5714,27.7658,kale,1281-01-01..1923-10-29,TEMİZ-ÖLÇÜLDÜ,,,"Pl 511190 ""Bizye"" settlement [precise] konum:-330..640 0.15km",TEMİZ-TEK-KATMAN,,DÖNEM-DIŞI-TEK-TANIK
4300,Vişegrad,43.783,19.288,sehir,1281-01-01..1923-10-29,TEMİZ-ÖLÇÜLDÜ,,,"Pl 207558 ""Višegrad"" settlement [precise] konum:-30..640 0.49km",TEMİZ-TEK-KATMAN,,DÖNEM-DIŞI-TEK-TANIK
4300,Vodina (Edessa),40.803,22.047,sehir,1246-01-01..1923-10-29,TEMİZ-ÖLÇÜLDÜ,,,"Pl 491585 ""Edessa (Macedonia)"" settlement [precise] konum:-550..640 0.69km",TEMİZ-TEK-KATMAN,,DÖNEM-DIŞI-TEK-TANIK
4300,Vâsıt,32.19,46.295,sehir,1258-01-01..1923-10-29,TEMİZ-ÖLÇÜLDÜ,,,"Ṯ WASIT_463E321N_S ""Wāsiṭ"" capitals 2.70km",TEMİZ-TEK-KATMAN,,
4300,Yafa,32.054,34.755,liman,1281-01-01..1923-10-29,TEMİZ-ÖLÇÜLDÜ,,P-UZUNSURE(687931),"Ṯ YAFA_347E320N_S ""Yāfā"" towns 0.94km || Pl 687931 ""Ioppe"" settlement, port [precise] konum:-330..640 0.49km",TEMİZ-ÇOK-DÖNEM-SÜREKLİ,çok dönemli/çok konumlu kayıt ama mekânsal ayrışma kanıtı yok (çoğu DARMC 10 km doğruluklu kopya konum),
4300,Yafna (Jaffna),9.661,80.026,sehir,1281-01-01..1923-10-29,TEMİZ-ÖLÇÜLDÜ,,,"Pl 50011 ""Jaffna"" settlement [precise] konum:300..640 2.08km",TEMİZ-TEK-KATMAN,,DÖNEM-DIŞI-TEK-TANIK
4300,Yalvaç,38.294,31.18,sehir,1281-01-01..1923-10-29,TEMİZ-ÖLÇÜLDÜ,,,"Pl 609307 ""Antiochia/Col. Caesarea"" settlement, archaeological-site [precise] konum:-330..640 1.53km",TEMİZ-TEK-KATMAN,,DÖNEM-DIŞI-TEK-TANIK
4300,Yamurgi (Amorgos),36.848,25.905,kale,1281-01-01..1923-10-29,TEMİZ-ÖLÇÜLDÜ,,,"Pl 599484 ""Amorgos (island)"" island [precise] konum:- 0.64km",ÖLÇÜLEMEDİ-ADA,"tanık 599484 Amorgos (island) = ADA (alan) 0.64 km; atlas tür=kale ⇒ nesne farklı, nokta-konum testi değil",
4300,Yanya,39.665,20.852,sehir,1281-01-01..1923-10-29,TEMİZ-ÖLÇÜLDÜ,,,"Pl 530900 ""Ioannina"" settlement [precise] konum:300..640 0.67km",TEMİZ-TEK-KATMAN,,DÖNEM-DIŞI-TEK-TANIK
4300,Yenipazar (Novi Pazar),43.14,20.517,sehir,1281-01-01..1923-10-29,TEMİZ-ÖLÇÜLDÜ,,,"Pl 207312 ""Novi Pazar"" settlement [precise] konum:-30..640 0.32km",TEMİZ-TEK-KATMAN,,DÖNEM-DIŞI-TEK-TANIK
4300,Yenişehir (Larissa),39.639,22.418,sehir,1281-01-01..1923-10-29,TEMİZ-ÖLÇÜLDÜ,,P-COKKONUM(540905:2.6km),"Pl 540905 ""Larissa"" settlement [precise] konum:-750..640 0.53km",TEMİZ-ÇOK-DÖNEM-SÜREKLİ,çok dönemli/çok konumlu kayıt ama mekânsal ayrışma kanıtı yok (çoğu DARMC 10 km doğruluklu kopya konum),DÖNEM-DIŞI-TEK-TANIK
4300,Yezd,31.9,54.37,sehir,1281-01-01..1923-10-29,TEMİZ-ÖLÇÜLDÜ,,P-UZUNSURE(29811),"Ṯ YAZD_543E319N_R ""Yazd"" regions 2.78km || Pl 29811 ""Yazd"" settlement [precise] konum:300..640 1.37km",TEMİZ-ÇOK-DÖNEM-SÜREKLİ,çok dönemli/çok konumlu kayıt ama mekânsal ayrışma kanıtı yok (çoğu DARMC 10 km doğruluklu kopya konum),
4300,York,53.959,-1.081,sehir,1281-01-01..1923-10-29,TEMİZ-ÖLÇÜLDÜ,,,"Pl 89175 ""Eburacum"" settlement [precise] konum:-30..640 0.17km",TEMİZ-TEK-KATMAN,,DÖNEM-DIŞI-TEK-TANIK
4300,Zadar (Zara),44.124,15.232,liman,1281-01-01..1923-10-29,TEMİZ-ÖLÇÜLDÜ,,,"Pl 197312 ""Iader"" urban, settlement, port, plaza [precise] konum:-30..300 1.15km",TEMİZ-TEK-KATMAN,,DÖNEM-DIŞI-TEK-TANIK
4300,Zamość,50.7178,23.2478,kale,1580-04-10..1923-10-29,TEMİZ-ÖLÇÜLDÜ,,,"Pl 128549 ""Zamość"" settlement [precise] konum:300..640 0.66km",TEMİZ-TEK-KATMAN,,DÖNEM-DIŞI-TEK-TANIK
4300,Zaragoza,41.649,-0.888,sehir,1281-01-01..1923-10-29,TEMİZ-ÖLÇÜLDÜ,,,"Pl 246344 ""Col. Caesaraugusta"" settlement [precise] konum:-30..640 1.06km",TEMİZ-TEK-KATMAN,,DÖNEM-DIŞI-TEK-TANIK
4300,Zağvân,36.402,10.143,sehir,1281-01-01..1923-10-29,TEMİZ-ÖLÇÜLDÜ,,,"Ṯ ZAGHWAN_101E364N_S ""Zaġwān"" towns 0.63km",TEMİZ-TEK-KATMAN,,
4300,Zebîd,14.195,43.317,sehir,1281-01-01..1923-10-29,TEMİZ-ÖLÇÜLDÜ,,,"Ṯ ZABID_433E142N_S ""Zabīd"" capitals 1.77km || Pl 39439 ""Zabida"" settlement, settlement-modern [precise] konum:300..640 0.14km",TEMİZ-TEK-KATMAN,,
4300,Zencan,36.673,48.478,sehir,1281-01-01..1923-10-29,TEMİZ-ÖLÇÜLDÜ,,,"Ṯ ZANJAN_485E366N_S ""Zanǧān"" towns 2.71km",TEMİZ-TEK-KATMAN,,
4300,Zilten,32.467,14.568,sehir,1281-01-01..1923-10-29,TEMİZ-ÖLÇÜLDÜ,,,"Pl 344573 ""Dar Buk-Ammarah"" villa [precise] konum:- 3.60km",ÖLÇÜLEMEDİ-TÜR,"eşleşen Pl 344573 Dar Buk-Ammarah = Roma villası 3,6 km (kasaba değil); 0,13 km'deki Sugolin = Roma istasyonu; kasaba için kayıt yok",
4300,Âmül,36.4697,52.3508,sehir,1281-01-01..1923-10-29,TEMİZ-ÖLÇÜLDÜ,,,"Ṯ AMUL_524E364N_S ""Āmul"" capitals 7.36km || Pl 884116 ""Amol"" settlement [precise] konum:300..640 0.63km",TEMİZ-TEK-KATMAN,,DÖNEM-DIŞI-TEK-TANIK
4300,Çamlıca (Hidra),37.338,23.474,kale,1281-01-01..1923-10-29,TEMİZ-ÖLÇÜLDÜ,,,"Pl 570299 ""Hydroussa/Hydrea (island)"" island [precise] konum:- 0.35km",ÖLÇÜLEMEDİ-ADA,"tanık 570299 Hydroussa/Hydrea (island) = ADA (alan) 0.35 km; atlas tür=kale ⇒ nesne farklı, nokta-konum testi değil",
4300,Çankırı,40.601,33.616,sehir,1142-01-01..1923-10-29,TEMİZ-ÖLÇÜLDÜ,,,"Pl 844926 ""Gangra"" settlement [precise] konum:-330..640 0.22km",TEMİZ-TEK-KATMAN,,DÖNEM-DIŞI-TEK-TANIK
4300,Çemişgezek,39.062,38.912,sehir,1281-01-01..1923-10-29,TEMİZ-ÖLÇÜLDÜ,,P-COKKONUM(628955:2.9km),"Pl 628955 ""Chosomachon"" fort [precise] konum:-30..640 2.00km",TEMİZ-ÇOK-DÖNEM-SÜREKLİ,çok dönemli/çok konumlu kayıt ama mekânsal ayrışma kanıtı yok (çoğu DARMC 10 km doğruluklu kopya konum),DÖNEM-DIŞI-TEK-TANIK
4300,Çorlu,41.158,27.8,sehir,1281-01-01..1923-10-29,TEMİZ-ÖLÇÜLDÜ,,,"Pl 511456 ""Tzouroulon/Silta?"" settlement [precise] konum:- 1.04km",TEMİZ-TEK-KATMAN,,
4300,Çuha Adası (Kythira),36.24,22.99,kale,1281-01-01..1923-10-29,TEMİZ-ÖLÇÜLDÜ,,,"Pl 570186 ""Cythera (island)"" island [precise] konum:- 0.64km",ÖLÇÜLEMEDİ-ADA,"tanık 570186 Cythera (island) = ADA (alan) 0.64 km; atlas tür=kale ⇒ nesne farklı, nokta-konum testi değil",
4300,Évora,38.571,-7.907,sehir,1281-01-01..1923-10-29,TEMİZ-ÖLÇÜLDÜ,,,"Pl 256151 ""Ebora"" settlement [precise] konum:-30..640 0.15km",TEMİZ-TEK-KATMAN,,DÖNEM-DIŞI-TEK-TANIK
4300,Ösek (Osijek),45.554,18.695,kale,1281-01-01..1923-10-29,TEMİZ-ÖLÇÜLDÜ,,,"Pl 197389 ""Mursa"" settlement [precise] konum:-30..640 1.64km",TEMİZ-TEK-KATMAN,,DÖNEM-DIŞI-TEK-TANIK
4300,Ünye,41.128,37.283,liman,1281-01-01..1923-10-29,TEMİZ-ÖLÇÜLDÜ,,,"Pl 857254 ""Oinoe/‘Caena’"" settlement, port [precise] konum:1700..2100 0.28km",TEMİZ-TEK-KATMAN,,YALNIZ-MODERN-KONUM
4300,Ğadâmis,30.133,9.5,sehir,1281-01-01..1923-10-29,TEMİZ-ÖLÇÜLDÜ,,,"Ṯ GHADAMIS_094E301N_S ""Ġadāmis"" towns 2.35km",TEMİZ-TEK-KATMAN,,
4300,İgumenitsa (Gomenice),39.5042,20.265,sehir,1281-01-01..1923-10-29,TEMİZ-ÖLÇÜLDÜ,,,"Pl 530897 ""Igoumenitsa"" settlement [precise] konum:-30..640 0.54km",TEMİZ-TEK-KATMAN,,DÖNEM-DIŞI-TEK-TANIK
4300,İlbasan (Elbasan),41.113,20.083,kale,1466-06-01..1923-10-29,TEMİZ-ÖLÇÜLDÜ,,,"Pl 481982 ""‘Scampis’"" station [precise] konum:-30..640 0.91km",TEMİZ-TEK-KATMAN,,DÖNEM-DIŞI-TEK-TANIK
4300,İleryoz (Leros),37.15,26.832,kale,1281-01-01..1923-10-29,TEMİZ-ÖLÇÜLDÜ,,,"Pl 599764 ""Leros (island)"" island [precise] konum:- 0.10km",ÖLÇÜLEMEDİ-ADA,"tanık 599764 Leros (island) = ADA (alan) 0.10 km; atlas tür=kale ⇒ nesne farklı, nokta-konum testi değil",
4300,İmroz,40.163,25.905,kale,1281-01-01..1923-10-29,TEMİZ-ÖLÇÜLDÜ,evet,,"Pl 501439 ""Imbros (island)"" island [precise] konum:- 4.10km",ÖLÇÜLEMEDİ-ADA,"tanık 501439 Imbros (island) = ADA (alan) 4.10 km; atlas tür=kale ⇒ nesne farklı, nokta-konum testi değil",
4300,İnebahtı,38.399,21.827,kale,1281-01-01..1923-10-29,TEMİZ-ÖLÇÜLDÜ,,,"Pl 540960 ""Naupactus"" settlement [precise] konum:-550..640 0.38km",TEMİZ-TEK-KATMAN,,DÖNEM-DIŞI-TEK-TANIK
4300,İnegöl,40.08,29.512,sehir,1281-01-01..1923-10-29,TEMİZ-ÖLÇÜLDÜ,,,"Pl 511409 ""Sarkotyle"" settlement [precise] konum:-30..300 1.22km",TEMİZ-TEK-KATMAN,,DÖNEM-DIŞI-TEK-TANIK
4300,İpsala,40.914,26.383,sehir,1281-01-01..1923-10-29,TEMİZ-ÖLÇÜLDÜ,,,"Pl 501489 ""Kypsela"" settlement [precise] konum:-550..640 1.39km",TEMİZ-TEK-KATMAN,,DÖNEM-DIŞI-TEK-TANIK
4300,İpsara (Psara),38.576,25.578,kale,1281-01-01..1923-10-29,TEMİZ-ÖLÇÜLDÜ,,,"Pl 550846 ""Psyra (island)"" island [precise] konum:- 0.35km",ÖLÇÜLEMEDİ-ADA,"tanık 550846 Psyra (island) = ADA (alan) 0.35 km; atlas tür=kale ⇒ nesne farklı, nokta-konum testi değil",
4300,İskenderiye,31.2,29.919,liman,1281-01-01..1923-10-29,TEMİZ-ÖLÇÜLDÜ,,P-UZUNSURE(727070),"Ṯ ISKANDARIYYA_299E311N_S ""al-Iskandariyyaŧ"" capitals 1.04km || Pl 727070 ""Alexandria"" settlement, port [precise] konum:-330..640 0.89km",TEMİZ-ÇOK-DÖNEM-SÜREKLİ,çok dönemli/çok konumlu kayıt ama mekânsal ayrışma kanıtı yok (çoğu DARMC 10 km doğruluklu kopya konum),
4300,İskenderun,36.587,36.173,liman,1098-06-03..1923-10-29,TEMİZ-ÖLÇÜLDÜ,,P-COKKONUM(658371:1.7km);P-UZUNSURE(658371),"Ṯ ISKANDARUNA_361E365N_S ""Iskandarūnaŧ"" towns 2.20km || Pl 658371 ""Alexandria ad Issum"" settlement [precise] konum:-330..640 0.31km",TEMİZ-ÇOK-DÖNEM-SÜREKLİ,çok dönemli/çok konumlu kayıt ama mekânsal ayrışma kanıtı yok (çoğu DARMC 10 km doğruluklu kopya konum),
4300,İskeçe,41.14,24.89,sehir,1281-01-01..1923-10-29,TEMİZ-ÖLÇÜLDÜ,,,"Pl 630785464 ""Xantheia/Xanthi"" settlement, settlement-modern [precise] konum:2000..2099 0.37km",TEMİZ-TEK-KATMAN,,YALNIZ-MODERN-KONUM
4300,İskiathos,39.1686,23.4922,kale,1281-01-01..1923-10-29,TEMİZ-ÖLÇÜLDÜ,,,"Pl 541104 ""Skiathos (settlement)"" settlement, settlement-modern [precise] konum:2000..2099 0.39km",TEMİZ-TEK-KATMAN,,YALNIZ-MODERN-KONUM
4300,İskiros (Skyros),38.9,24.57,kale,1281-01-01..1923-10-29,TEMİZ-ÖLÇÜLDÜ,,P-TANIM(541108:modern settlement),"Pl 541108 ""Skyros (settlement)"" settlement [precise] konum:-750..640 0.52km",TEMİZ-ÇOK-DÖNEM-SÜREKLİ,çok dönemli/çok konumlu kayıt ama mekânsal ayrışma kanıtı yok (çoğu DARMC 10 km doğruluklu kopya konum),DÖNEM-DIŞI-TEK-TANIK
4300,İskopelos,39.12,23.72,kale,1281-01-01..1923-10-29,TEMİZ-ÖLÇÜLDÜ,,,"Pl 541024 ""Peparethus (island)"" island [precise] konum:- 3.44km",ÖLÇÜLEMEDİ-ADA,"tanık 541024 Peparethus (island) = ADA (alan) 3.44 km; atlas tür=kale ⇒ nesne farklı, nokta-konum testi değil",
4300,İsmail,45.351,28.836,kale,1281-01-01..1923-10-29,TEMİZ-ÖLÇÜLDÜ,,,"Pl 216852 ""Ismail"" fort [precise] konum:-30..300 0.08km",TEMİZ-TEK-KATMAN,,DÖNEM-DIŞI-TEK-TANIK
4300,İstanbul,41.008,28.98,sehir,0330-05-11..1923-10-29,TEMİZ-ÖLÇÜLDÜ,,P-UZUNSURE(77402394),"Pl 77402394 ""İstanbul"" settlement, settlement-modern [precise] konum:2000..2099 0.39km",TEMİZ-ÇOK-DÖNEM-SÜREKLİ,çok dönemli/çok konumlu kayıt ama mekânsal ayrışma kanıtı yok (çoğu DARMC 10 km doğruluklu kopya konum),YALNIZ-MODERN-KONUM
4300,İstanbulya (Astipalya),36.572,26.35,kale,1281-01-01..1923-10-29,TEMİZ-ÖLÇÜLDÜ,,,"Pl 599536 ""Astypalaia (island)"" island [precise] konum:- 1.53km",ÖLÇÜLEMEDİ-ADA,"tanık 599536 Astypalaia (island) = ADA (alan) 1.53 km; atlas tür=kale ⇒ nesne farklı, nokta-konum testi değil",
4300,İstanköy,36.893,27.288,kale,1258-01-01..1923-10-29,TEMİZ-ÖLÇÜLDÜ,,,"Pl 599728 ""Kos (settlement)"" settlement [precise] konum:-750..640 0.18km",TEMİZ-TEK-KATMAN,,DÖNEM-DIŞI-TEK-TANIK
4300,İstefe (Tebai),38.322,23.319,sehir,1205-01-01..1923-10-29,TEMİZ-ÖLÇÜLDÜ,,,"Pl 541138 ""Thebai/Thebae"" settlement, archaeological-site, findspo [precise] konum:None..None 0.26km",TEMİZ-TEK-KATMAN,,
4300,İstendil (Tinos),37.57,25.17,kale,1281-01-01..1923-10-29,TEMİZ-ÖLÇÜLDÜ,,,"Pl 590073 ""Tenos (settlement)"" settlement, settlement-modern [precise] konum:1700..2100 3.58km",TEMİZ-DÜZELTİLDİ,"LAB Tenos modern kasabası (3,58) ile kıyaslamış; atlas tür=kale. Doğru nesne: Pl 853662205 Exomvourgo (kale) 0,87",YALNIZ-MODERN-KONUM
4300,İzdin (Lamia),38.9,22.434,kale,1281-01-01..1923-10-29,TEMİZ-ÖLÇÜLDÜ,,,"Pl 540902 ""Lamia"" settlement [precise] konum:-550..640 0.81km",TEMİZ-TEK-KATMAN,,DÖNEM-DIŞI-TEK-TANIK
4300,İzmir,38.419,27.129,liman,1281-01-01..1923-10-29,TEMİZ-ÖLÇÜLDÜ,,,"Pl 550893 ""Smyrna/Eurydikeia"" settlement, settlement-modern [precise] konum:-330..640 1.10km",TEMİZ-TEK-KATMAN,,DÖNEM-DIŞI-TEK-TANIK
4300,İzmit,40.766,29.917,sehir,1228-01-01..1923-10-29,TEMİZ-ÖLÇÜLDÜ,,P-UZUNSURE(511337),"Pl 511337 ""Nicomedia"" settlement [precise] konum:-330..640 0.26km",TEMİZ-ÇOK-DÖNEM-SÜREKLİ,çok dönemli/çok konumlu kayıt ama mekânsal ayrışma kanıtı yok (çoğu DARMC 10 km doğruluklu kopya konum),DÖNEM-DIŞI-TEK-TANIK
4300,İzvornik (Zvornik),44.386,19.103,kale,1281-01-01..1923-10-29,TEMİZ-ÖLÇÜLDÜ,,,"Pl 206877 ""Ad Drinum"" station, settlement-modern [precise] konum:2000..2099 0.07km",TEMİZ-TEK-KATMAN,,YALNIZ-MODERN-KONUM
4300,İşkodra,42.069,19.513,kale,1281-01-01..1923-10-29,TEMİZ-ÖLÇÜLDÜ,,,"Pl 481986 ""Scodra"" settlement [precise] konum:-330..640 0.98km",TEMİZ-TEK-KATMAN,,DÖNEM-DIŞI-TEK-TANIK
4300,Şam,33.513,36.292,sehir,1281-01-01..1923-10-29,TEMİZ-ÖLÇÜLDÜ,,P-UZUNSURE(678106),"Pl 678106 ""Damascus"" settlement [precise] konum:-550..640 1.59km",TEMİZ-ÇOK-DÖNEM-SÜREKLİ,çok dönemli/çok konumlu kayıt ama mekânsal ayrışma kanıtı yok (çoğu DARMC 10 km doğruluklu kopya konum),DÖNEM-DIŞI-TEK-TANIK
4300,Şamahı,40.632,48.641,sehir,1281-01-01..1923-10-29,TEMİZ-ÖLÇÜLDÜ,,,"Ṯ SHAMAKHIYYA_486E406N_S ""al-Šamāḫiyyaŧ"" villages 6.39km || Pl 863891 ""Shemakha"" settlement [precise] konum:-330..640 2.95km",TEMİZ-TEK-KATMAN,,DÖNEM-DIŞI-TEK-TANIK
4300,Şehrisebz (Kiş),39.058,66.833,sehir,1281-01-01..1923-10-29,TEMİZ-ÖLÇÜLDÜ,,UZAK-TANIK(P:752130724:10.83),"Ṯ KISHSH_668E390N_S ""Kišš"" capitals 3.07km || Pl 752130724 ""Padaytak tepe"" oasis, settlement [precise] konum:None..None 10.83km",TEMİZ-ÇOK-DÖNEM-SÜREKLİ,çok dönemli/çok konumlu kayıt ama mekânsal ayrışma kanıtı yok (çoğu DARMC 10 km doğruluklu kopya konum),
4300,Şerşel (Cherchell),36.6015,2.1921,liman,1281-01-01..1923-10-29,TEMİZ-ÖLÇÜLDÜ,,,"Ṯ ASHRASHAL_022E365N_S ""Ašrašāl"" towns 8.72km || Pl 295279 ""Iol Caesarea"" settlement, port [precise] konum:-550..640 0.62km",TEMİZ-TEK-KATMAN,,DÖNEM-DIŞI-TEK-TANIK
4300,Şiraz,29.591,52.584,sehir,1281-01-01..1923-10-29,TEMİZ-ÖLÇÜLDÜ,,P-COKKONUM(922706:10.0km);P-UZUNSURE(922706),"Ṯ SHIRAZ_525E296N_S ""Šīrāz"" metropoles 6.18km || Pl 922706 ""Qasr-i Abu Nasr/Seraz/Tirazzish?/Shiraz("" settlement [precise] konum:-550..640 0.81km",ÖLÇÜLEMEDİ-KATMAN,"Pl 922706 Qasr-i Abu Nasr ile Şiraz'ı tek kayıtta birleştiriyor (konumları 4,4/5,7 km, reprPoint 0,8); ayrı Qaṣr-i Abūnaṣr kaydı 4,0 km; Ṯ Šīrāz 6,2 gürültü ⇒ ortaçağ Şiraz için geçerli tanık yok",DÖNEM-DIŞI-TEK-TANIK
4300,Şüşter,32.045,48.8564,sehir,1281-01-01..1923-10-29,TEMİZ-ÖLÇÜLDÜ,,P-UZUNSURE(912941),"Ṯ TUSTAR_488E320N_S ""Tustar"" capitals 0.70km || Pl 912941 ""Sostrate/Shushtar"" settlement [precise] konum:-30..640 0.82km",TEMİZ-ÇOK-DÖNEM-SÜREKLİ,çok dönemli/çok konumlu kayıt ama mekânsal ayrışma kanıtı yok (çoğu DARMC 10 km doğruluklu kopya konum),YUVARLAK-KOORD(912941)
89,Ahlat,38.75,42.49,sehir (LAB-B),1000..1280 (B-YOK listesi),TEMİZ-ÖLÇÜLDÜ,,,"Pl 874409 ""Calata"" settlement [precise] konum:300..640 0.49km || Ṯ AKHLAT_425E387N_S ""Aḫlāṭ"" towns 2.47km",TEMİZ-ÇOK-KATMAN-AYNI-NESNE,"Ṯ 2,47 + Pl Calata 0,49",
89,Silvan (Meyyâfârikîn),38.14,41.01,sehir (LAB-B),1000..1280 (B-YOK listesi),TEMİZ-ÖLÇÜLDÜ,,,"Pl 874573 ""Maipa/Martyropolis/Ioustinianopolis"" settlement [precise] konum:-30..640 0.67km || Ṯ MAYYAFARIQIN_410E381N_S ""Mayyāfāriqīn"" towns 0.40km",TEMİZ-TEK-KATMAN,,
89,Sis (Kozan),37.45,35.82,sehir (LAB-B),1000..1280 (B-YOK listesi),TEMİZ-ÖLÇÜLDÜ,,P-UZUNSURE(34546779),"Pl 34546779 ""Sissû"" settlement [precise] konum:1700..2100 0.35km",TEMİZ-ÇOK-KATMAN-AYNI-NESNE,"Pl Sissû 0,35 (konum modern)",YALNIZ-MODERN-KONUM
89,Mistra,37.07,22.37,sehir (LAB-B),1000..1280 (B-YOK listesi),TEMİZ-ÖLÇÜLDÜ,,,"Pl 410249370 ""Mystras"" settlement, archaeological-site [precise] konum:- 0.33km",TEMİZ-TEK-KATMAN,,
89,Misivri,42.66,27.73,sehir (LAB-B),1000..1280 (B-YOK listesi),TEMİZ-ÖLÇÜLDÜ,,P-UZUNSURE(216882),"Pl 216882 ""Mesembria"" settlement [precise] konum:-550..640 0.46km",TEMİZ-ÇOK-DÖNEM-SÜREKLİ,çok dönemli/çok konumlu kayıt ama mekânsal ayrışma kanıtı yok (çoğu DARMC 10 km doğruluklu kopya konum),DÖNEM-DIŞI-TEK-TANIK
89,Lazkiye,35.52,35.78,sehir (LAB-B),1000..1280 (B-YOK listesi),TEMİZ-ÖLÇÜLDÜ,,,"Pl 668290 ""Laodicea"" settlement, port, settlement-modern [precise] konum:1700..2100 0.33km || Ṯ LADHIQIYYA_358E355N_S ""al-Lāḏiqiyyaŧ"" towns 2.50km",TEMİZ-TEK-KATMAN,,
89,Kayseriye (Filistin),32.5,34.89,sehir (LAB-B),1000..1280 (B-YOK listesi),TEMİZ-ÖLÇÜLDÜ,,UZAK-TANIK(P:688007:71.24),"Pl 678401 ""Stratonos Pyrgos/Caesarea"" settlement [precise] konum:-330..640 0.31km || Ṯ QAYSARIYYA_348E324N_S ""Qaysariyyaŧ"" towns 1.13km",TEMİZ-ÇOK-KATMAN-AYNI-NESNE,"Pl Caesarea eski şehir 0,31 + Ṯ 1,13",
89,Taberiye,32.79,35.53,sehir (LAB-B),1000..1280 (B-YOK listesi),TEMİZ-ÖLÇÜLDÜ,,UZAK-TANIK(P:976889442:17.04;P:678419:17.42),"Pl 678431 ""Tiberias"" settlement [precise] konum:-30..640 1.18km || Ṯ TABARIYYA_355E327N_S ""Ṭabariyyaŧ"" capitals 2.15km",TEMİZ-ÇOK-KATMAN-AYNI-NESNE,"Ṯ Ṭabariyya 2,15 = ortaçağ şehri (Herod şehri Pl 1,18 ayrı katman)",
89,Busra,32.52,36.48,sehir (LAB-B),1000..1280 (B-YOK listesi),TEMİZ-ÖLÇÜLDÜ,evet,P-UZUNSURE(678073);UZAK-TANIK(P:678072:37.77),"Pl 678073 ""Bostra/Col. Nova Traiana Alexandriana"" settlement, mosque, temple-2 [precise] konum:- 0.13km || Ṯ BUSRA_364E325N_S ""Buṣrá"" towns 4.65km",TEMİZ-ÇOK-KATMAN-AYNI-NESNE,"Pl Bostra 0,13 + Ṯ 4,65",
89,Tartus,34.89,35.88,sehir (LAB-B),1000..1280 (B-YOK listesi),TEMİZ-ÖLÇÜLDÜ,,P-COKKONUM(668190:3.0km),"Pl 9832296 ""Ṭarṭūs"" findspot [precise] konum:None..None 0.75km || Pl 668190 ""Antarados/Constantia"" settlement [precise] konum:-30..640 0.89km || Ṯ ANTARTUS_359E348N_S ""Anṭarṭūs"" towns 2.41km",TEMİZ-ÇOK-DÖNEM-SÜREKLİ,çok dönemli/çok konumlu kayıt ama mekânsal ayrışma kanıtı yok (çoğu DARMC 10 km doğruluklu kopya konum),
89,Ayla (Akabe),29.53,35.0,sehir (LAB-B),1000..1280 (B-YOK listesi),TEMİZ-ÖLÇÜLDÜ,,P-UZUNSURE(746700),"Pl 746700 ""Aelana/Aila"" fortified-settlement, settlement, port [precise] konum:-750..640 0.07km || Ṯ AYLA_349E295N_S ""Aylaŧ"" towns 7.08km",TEMİZ-ÇOK-KATMAN-AYNI-NESNE,"Pl Aila 0,07 = erken İslam Ayla (1000-1116 dönemiyle aynı)",DÖNEM-DIŞI-TEK-TANIK
89,Sîrâf,27.67,52.34,sehir (LAB-B),1000..1280 (B-YOK listesi),TEMİZ-ÖLÇÜLDÜ,,,"Pl 29762 ""[Siraf]"" settlement [precise] konum:-30..640 0.31km || Ṯ SIRAF_523E276N_S ""Sīrāf"" capitals 2.98km",TEMİZ-TEK-KATMAN,,
89,Bâmiyân,34.82,67.83,sehir (LAB-B),1000..1280 (B-YOK listesi),TEMİZ-ÖLÇÜLDÜ,,P-UZUNSURE(60476),"Pl 60476 ""Cartana/Karnasa/Tetrogonis"" unlocated, settlement, settlement-modern [precise] konum:2000..2099 0.68km || Ṯ BAMIYAN_678E348N_S ""al-Bāmiyān"" capitals 3.97km || Ṯ BAMIYAN_678E348N_R ""al-Bāmiyān"" regions 3.97km",TEMİZ-ÇOK-KATMAN-AYNI-NESNE,"Ṯ 4,0 + Pl modern konum 0,7",
89,Kumbi Salih,15.77,-7.97,sehir (LAB-B),1000..1280 (B-YOK listesi),TEMİZ-ÖLÇÜLDÜ,,,"Pl 41177950 ""Koumbi Saleh"" archaeological-site [precise] konum:- 0.50km",TEMİZ-TEK-KATMAN,,
89,Mârida (Mérida),38.92,-6.34,sehir (LAB-B),1000..1280 (B-YOK listesi),TEMİZ-ÖLÇÜLDÜ,,,"Pl 256155 ""Emerita Augusta"" settlement [related] konum:- 0.28km || Pl 257469 ""Roman bridge, Mérida"" bridge [precise] konum:- 1.26km || Ṯ MARIDA_063W388N_S ""Māridaŧ"" towns 2.92km",TEMİZ-TEK-KATMAN,,
89,Chartres,48.45,1.49,sehir (LAB-B),1000..1280 (B-YOK listesi),TEMİZ-ÖLÇÜLDÜ,,,"Pl 108778 ""Autricum"" settlement [precise] konum:-30..640 0.58km",TEMİZ-TEK-KATMAN,,DÖNEM-DIŞI-TEK-TANIK
89,Carcassonne,43.21,2.35,sehir (LAB-B),1000..1280 (B-YOK listesi),TEMİZ-ÖLÇÜLDÜ,,,"Pl 246294 ""Carcas(s)o/Col. Iulia"" settlement [precise] konum:-330..640 1.23km",TEMİZ-ÇOK-KATMAN-AYNI-NESNE,"Pl 1,23 (Cité/Bastide)",DÖNEM-DIŞI-TEK-TANIK
89,Worms,49.63,8.36,sehir (LAB-B),1000..1280 (B-YOK listesi),TEMİZ-ÖLÇÜLDÜ,,,"Pl 108820 ""Borbetomagus"" settlement [precise] konum:-30..640 0.09km",TEMİZ-TEK-KATMAN,,DÖNEM-DIŞI-TEK-TANIK
89,Speyer,49.32,8.43,sehir (LAB-B),1000..1280 (B-YOK listesi),TEMİZ-ÖLÇÜLDÜ,,,"Pl 109224 ""Noviomagus/Nemetae"" settlement [precise] konum:-30..640 0.57km",TEMİZ-TEK-KATMAN,,DÖNEM-DIŞI-TEK-TANIK
89,Salzburg,47.8,13.04,sehir (LAB-B),1000..1280 (B-YOK listesi),TEMİZ-ÖLÇÜLDÜ,,,"Pl 187432 ""Iuvavum"" settlement [precise] konum:-30..640 0.42km",TEMİZ-TEK-KATMAN,,DÖNEM-DIŞI-TEK-TANIK
89,Salerno,40.68,14.77,sehir (LAB-B),1000..1280 (B-YOK listesi),TEMİZ-ÖLÇÜLDÜ,,,"Pl 433075 ""Salernum"" settlement [precise] konum:-330..640 0.41km",TEMİZ-TEK-KATMAN,,DÖNEM-DIŞI-TEK-TANIK
89,Melfi,40.99,15.65,sehir (LAB-B),1000..1280 (B-YOK listesi),TEMİZ-ÖLÇÜLDÜ,,,"Pl 442651 ""Melfi"" settlement [precise] konum:-750..300 0.98km",TEMİZ-TEK-KATMAN,,DÖNEM-DIŞI-TEK-TANIK
89,Benevento,41.13,14.78,sehir (LAB-B),1000..1280 (B-YOK listesi),TEMİZ-ÖLÇÜLDÜ,,,"Pl 432721 ""Beneventum/Maleventum"" settlement [precise] konum:-330..640 0.11km",TEMİZ-TEK-KATMAN,,DÖNEM-DIŞI-TEK-TANIK
89,Gaeta,41.21,13.57,sehir (LAB-B),1000..1280 (B-YOK listesi),TEMİZ-ÖLÇÜLDÜ,,UZAK-TANIK(P:432733:66.55),"Pl 432734 ""Caieta"" settlement, port [precise] konum:-330..640 0.46km || Pl 432735 ""Caieta Pr."" cape [precise] konum:1700..2100 1.62km",TEMİZ-ÇOK-DÖNEM-SÜREKLİ,çok dönemli/çok konumlu kayıt ama mekânsal ayrışma kanıtı yok (çoğu DARMC 10 km doğruluklu kopya konum),DÖNEM-DIŞI-TEK-TANIK
89,Cremona,45.13,10.03,sehir (LAB-B),1000..1280 (B-YOK listesi),TEMİZ-ÖLÇÜLDÜ,,,"Pl 383628 ""Cremona"" settlement [precise] konum:-30..640 0.50km",TEMİZ-TEK-KATMAN,,DÖNEM-DIŞI-TEK-TANIK
89,Kançipuram,12.83,79.7,sehir (LAB-B),1000..1280 (B-YOK listesi),TEMİZ-ÖLÇÜLDÜ,,,"Pl 839190400 ""Kanchipuram"" settlement, settlement-modern [precise] konum:2000..2099 0.92km",TEMİZ-TEK-KATMAN,,YALNIZ-MODERN-KONUM
89,Polonnaruva,7.94,81.0,sehir (LAB-B),1000..1280 (B-YOK listesi),TEMİZ-ÖLÇÜLDÜ,,,"Pl 348371058 ""Polonnaruwa"" settlement, archaeological-site [precise] konum:- 0.85km",TEMİZ-TEK-KATMAN,,
89,Malazgirt,39.14,42.54,sehir (LAB-B),1000..1280 (B-YOK listesi),TEMİZ-ÖLÇÜLDÜ,,,"Pl 733857263 ""Malazgirt"" findspot [precise] konum:None..None 0.68km || Ṯ MALAZKIRD_425E391N_S ""Malāzkird"" towns 1.53km",TEMİZ-TEK-KATMAN,,
89,Adilcevaz,38.8,42.73,sehir (LAB-B),1000..1280 (B-YOK listesi),TEMİZ-ÖLÇÜLDÜ,,UZAK-TANIK(P:874356:68.47;T:ARJISH_433E390N_S:59.77),"Pl 533939000 ""Adilcevaz"" castle, archaeological-site [precise] konum:None..None 0.18km",TEMİZ-ÇOK-KATMAN-AYNI-NESNE,"Pl 533939000 Adilcevaz KALESİ (ortaçağ) 0,18 = doğru nesne",
89,Kalatü Caber,35.9,38.48,sehir (LAB-B),1000..1280 (B-YOK listesi),TEMİZ-ÖLÇÜLDÜ,,,"Pl 668235 ""Dausara"" castle, fort [precise] konum:None..None 0.31km || Ṯ DAWSAR_384E359N_S ""Dawsar"" waystations 3.07km",TEMİZ-TEK-KATMAN,,
89,Rahbe,35.02,40.45,sehir (LAB-B),1000..1280 (B-YOK listesi),TEMİZ-ÖLÇÜLDÜ,,,,TEMİZ-ÇOK-KATMAN-AYNI-NESNE,"Ṯ Raḥbat Mālik b. Ṭawq 3,61 (KASA ①) = şehir; Rahbe kalesi ayrı nesne, ölçülmedi",
89,Afâmiye (Apamea),35.42,36.4,sehir (LAB-B),1000..1280 (B-YOK listesi),TEMİZ-ÖLÇÜLDÜ,,,"Pl 668335 ""Pella/Apamea"" settlement, archaeological-site [precise] konum:-550..640 0.27km || Ṯ FAMIYYA_364E354N_S ""Fāmiyyaŧ"" towns 0.55km",TEMİZ-ÇOK-KATMAN-AYNI-NESNE,"Pl Apamea 0,3 + Ṯ Fāmiya 0,6 (Kalatülmudîk bitişik)",
89,Maarretünnümân,35.65,36.67,sehir (LAB-B),1000..1280 (B-YOK listesi),TEMİZ-ÖLÇÜLDÜ,,UZAK-TANIK(P:658533:76.13),"Pl 389026185 ""Arra"" settlement-modern [precise] konum:2000..2099 0.77km || Ṯ MAARRANUMAN_366E356N_S ""Maʿarraŧ al-Nuʿmān"" towns 2.05km",TEMİZ-ÇOK-DÖNEM-SÜREKLİ,çok dönemli/çok konumlu kayıt ama mekânsal ayrışma kanıtı yok (çoğu DARMC 10 km doğruluklu kopya konum),
89,Cebele,35.36,35.93,sehir (LAB-B),1000..1280 (B-YOK listesi),TEMİZ-ÖLÇÜLDÜ,,,"Pl 668250 ""Gabala"" settlement [precise] konum:-550..640 2.13km || Ṯ JABALA_359E353N_S ""Ǧabalaŧ"" towns 2.19km",TEMİZ-TEK-KATMAN,,
89,Bâniyâs,33.25,35.69,sehir (LAB-B),1000..1280 (B-YOK listesi),TEMİZ-ÖLÇÜLDÜ,,,"Pl 678324 ""Paneas/Caesarea Philippi"" settlement [precise] konum:-30..640 0.42km || Ṯ BANIYAS_356E332N_S ""Bāniyās"" towns 1.14km",TEMİZ-TEK-KATMAN,,
89,Dînever,34.59,47.44,sehir (LAB-B),1000..1280 (B-YOK listesi),TEMİZ-ÖLÇÜLDÜ,evet,,"Pl 903012 ""Denabaran/Dinawar"" ruin, settlement [precise] konum:-540..1000 3.67km || Ṯ DINAWAR_474E346N_S ""Dīnawar"" capitals 4.81km",TEMİZ-SINIRDA-GERÇEK,"Pl 903012 Dinawar ören yeri (uydu konumu, -540..1000) 3,67 + Ṯ Dīnawar 4,81: ikisi de aynı nesne (ortaçağ şehri ören). LAB koordinatı örenin ~3,7 km dışında; eşik altı ama gerçek",
89,İzeh (Mâlemîr),31.83,49.87,sehir (LAB-B),1000..1280 (B-YOK listesi),TEMİZ-ÖLÇÜLDÜ,,P-TANIM(197229380:mound),"Pl 197229380 ""Īzah"" archaeological-site [precise] konum:None..None 0.97km || Ṯ IDHAJ_498E318N_S ""Īḏaǧ"" towns 2.83km",TEMİZ-ÇOK-KATMAN-AYNI-NESNE,"Pl kasaba ortasındaki höyük 0,97 + Ṯ 2,83",
89,Ebher,36.15,49.22,sehir (LAB-B),1000..1280 (B-YOK listesi),TEMİZ-ÖLÇÜLDÜ,,,"Ṯ ABHAR_492E361N_S ""Abhar"" towns 1.55km",TEMİZ-TEK-KATMAN,,
89,Ahyolu (Anchialos),42.56,27.64,sehir (LAB-B),1000..1280 (B-YOK listesi),TEMİZ-ÖLÇÜLDÜ,,,"Pl 216702 ""Anchialus"" settlement [precise] konum:-550..640 0.47km",TEMİZ-TEK-KATMAN,,DÖNEM-DIŞI-TEK-TANIK
89,Süzebolu,42.42,27.7,sehir (LAB-B),1000..1280 (B-YOK listesi),TEMİZ-ÖLÇÜLDÜ,,,"Pl 216706 ""Apollonia Pontica/Sozopolis"" settlement [precise] konum:-550..640 0.47km",TEMİZ-TEK-KATMAN,,DÖNEM-DIŞI-TEK-TANIK
89,Anavarza,37.25,35.9,sehir (LAB-B),1000..1280 (B-YOK listesi),TEMİZ-ÖLÇÜLDÜ,,P-TANIM(658378:modern village),"Pl 658378 ""Anazarbos/Caesarea/Ioustin(ian)oupolis"" settlement [precise] konum:-330..640 0.68km",TEMİZ-ÇOK-DÖNEM-SÜREKLİ,çok dönemli/çok konumlu kayıt ama mekânsal ayrışma kanıtı yok (çoğu DARMC 10 km doğruluklu kopya konum),DÖNEM-DIŞI-TEK-TANIK
