anahtar,kunye_pencereleri,kunye_son,dnm_f,dnm_t,olu_bas,olu_son_haric,olu_gun,poligon_halka_idx,alan_km2,halka_agirlik,dnm_temsil_nokta
macaristan-naiplik,"macaristan-naiplik[1918-11-16,1945-09-02)",1945-09-02,1918-11-11,1919-09-10,1918-11-11,1918-11-16,5,1059,338805.8,"[19.87, 46.73]","[20.31, 47.14]"
zend,"zend[1751-01-01,1794-01-01)",1794-01-01,1747-06-20,1752-01-01,1747-06-20,1751-01-01,1291,1975,1798719.2,"[51.92, 35.79]","[53.3, 34.45]"
zend,"zend[1751-01-01,1794-01-01)",1794-01-01,1747-06-20,1752-01-01,1747-06-20,1751-01-01,1291,1976,15.0,"[56.46, 27.07]","[53.3, 34.45]"
zend,"zend[1751-01-01,1794-01-01)",1794-01-01,1747-06-20,1752-01-01,1747-06-20,1751-01-01,1291,1977,19.1,"[56.36, 26.86]","[53.3, 34.45]"
zend,"zend[1751-01-01,1794-01-01)",1794-01-01,1747-06-20,1752-01-01,1747-06-20,1751-01-01,1291,1978,1368.2,"[55.81, 26.8]","[53.3, 34.45]"
zend,"zend[1751-01-01,1794-01-01)",1794-01-01,1747-06-20,1752-01-01,1747-06-20,1751-01-01,1291,1979,25.1,"[55.88, 26.65]","[53.3, 34.45]"
zend,"zend[1751-01-01,1794-01-01)",1794-01-01,1747-06-20,1752-01-01,1747-06-20,1751-01-01,1291,1980,10.5,"[55.31, 26.27]","[53.3, 34.45]"
zend,"zend[1751-01-01,1794-01-01)",1794-01-01,1747-06-20,1752-01-01,1747-06-20,1751-01-01,1291,1981,10.7,"[54.54, 25.91]","[53.3, 34.45]"
zend,"zend[1751-01-01,1794-01-01)",1794-01-01,1747-06-20,1752-01-01,1747-06-20,1751-01-01,1291,1982,12.0,"[54.53, 26.28]","[53.3, 34.45]"
zend,"zend[1751-01-01,1794-01-01)",1794-01-01,1747-06-20,1752-01-01,1747-06-20,1751-01-01,1291,1983,57.9,"[53.98, 26.53]","[53.3, 34.45]"
zend,"zend[1751-01-01,1794-01-01)",1794-01-01,1747-06-20,1752-01-01,1747-06-20,1751-01-01,1291,1984,14.9,"[53.63, 26.67]","[53.3, 34.45]"
zend,"zend[1751-01-01,1794-01-01)",1794-01-01,1747-06-20,1752-01-01,1747-06-20,1751-01-01,1291,1985,40.8,"[53.27, 26.81]","[53.3, 34.45]"
zend,"zend[1751-01-01,1794-01-01)",1794-01-01,1747-06-20,1752-01-01,1747-06-20,1751-01-01,1291,1986,7.2,"[50.59, 40.32]","[53.3, 34.45]"
zend,"zend[1751-01-01,1794-01-01)",1794-01-01,1747-06-20,1752-01-01,1747-06-20,1751-01-01,1291,1987,26.1,"[50.36, 40.45]","[53.3, 34.45]"
zend,"zend[1751-01-01,1794-01-01)",1794-01-01,1747-06-20,1752-01-01,1747-06-20,1751-01-01,1291,1988,12.2,"[50.32, 29.24]","[53.3, 34.45]"
zend,"zend[1751-01-01,1794-01-01)",1794-01-01,1747-06-20,1752-01-01,1747-06-20,1751-01-01,1291,1989,88.1,"[47.72, 43.96]","[53.3, 34.45]"
zend,"zend[1751-01-01,1794-01-01)",1794-01-01,1747-06-20,1752-01-01,1747-06-20,1751-01-01,1291,1990,14.7,"[47.5, 44.46]","[53.3, 34.45]"
zend,"zend[1751-01-01,1794-01-01)",1794-01-01,1747-06-20,1752-01-01,1747-06-20,1751-01-01,1291,1991,21.4,"[45.62, 37.49]","[53.3, 34.45]"
zend,"zend[1751-01-01,1794-01-01)",1794-01-01,1747-06-20,1752-01-01,1747-06-20,1751-01-01,1291,1992,2.1,"[45.53, 37.38]","[53.3, 34.45]"
bengal-sultanligi,"bengal-sultanligi[1340-01-01,1576-01-01)",1576-01-01,1338-01-01,1459-01-01,1338-01-01,1340-01-01,730,2107,257971.3,"[89.59, 23.29]","[87.65, 23.94]"
bengal-sultanligi,"bengal-sultanligi[1340-01-01,1576-01-01)",1576-01-01,1338-01-01,1459-01-01,1338-01-01,1340-01-01,730,2108,293.9,"[91.91, 21.66]","[87.65, 23.94]"
bengal-sultanligi,"bengal-sultanligi[1340-01-01,1576-01-01)",1576-01-01,1338-01-01,1459-01-01,1338-01-01,1340-01-01,730,2109,66.4,"[91.85, 21.86]","[87.65, 23.94]"
bengal-sultanligi,"bengal-sultanligi[1340-01-01,1576-01-01)",1576-01-01,1338-01-01,1459-01-01,1338-01-01,1340-01-01,730,2110,131.5,"[91.5, 22.46]","[87.65, 23.94]"
bengal-sultanligi,"bengal-sultanligi[1340-01-01,1576-01-01)",1576-01-01,1338-01-01,1459-01-01,1338-01-01,1340-01-01,730,2111,21.8,"[91.16, 22.48]","[87.65, 23.94]"
bengal-sultanligi,"bengal-sultanligi[1340-01-01,1576-01-01)",1576-01-01,1338-01-01,1459-01-01,1338-01-01,1340-01-01,730,2112,327.3,"[91.12, 22.26]","[87.65, 23.94]"
bengal-sultanligi,"bengal-sultanligi[1340-01-01,1576-01-01)",1576-01-01,1338-01-01,1459-01-01,1338-01-01,1340-01-01,730,2113,13.1,"[90.99, 22.22]","[87.65, 23.94]"
bengal-sultanligi,"bengal-sultanligi[1340-01-01,1576-01-01)",1576-01-01,1338-01-01,1459-01-01,1338-01-01,1340-01-01,730,2114,3.6,"[90.96, 22.29]","[87.65, 23.94]"
bengal-sultanligi,"bengal-sultanligi[1340-01-01,1576-01-01)",1576-01-01,1338-01-01,1459-01-01,1338-01-01,1340-01-01,730,2115,31.9,"[90.94, 22.17]","[87.65, 23.94]"
bengal-sultanligi,"bengal-sultanligi[1340-01-01,1576-01-01)",1576-01-01,1338-01-01,1459-01-01,1338-01-01,1340-01-01,730,2116,1285.0,"[90.7, 22.4]","[87.65, 23.94]"
bengal-sultanligi,"bengal-sultanligi[1340-01-01,1576-01-01)",1576-01-01,1338-01-01,1459-01-01,1338-01-01,1340-01-01,730,2117,216.8,"[90.55, 22.8]","[87.65, 23.94]"
bengal-sultanligi,"bengal-sultanligi[1340-01-01,1576-01-01)",1576-01-01,1338-01-01,1459-01-01,1338-01-01,1340-01-01,730,2118,8.6,"[90.66, 22.46]","[87.65, 23.94]"
bengal-sultanligi,"bengal-sultanligi[1340-01-01,1576-01-01)",1576-01-01,1338-01-01,1459-01-01,1338-01-01,1340-01-01,730,2119,96.6,"[90.57, 22.98]","[87.65, 23.94]"
bengal-sultanligi,"bengal-sultanligi[1340-01-01,1576-01-01)",1576-01-01,1338-01-01,1459-01-01,1338-01-01,1340-01-01,730,2120,30.5,"[90.64, 22.36]","[87.65, 23.94]"
bengal-sultanligi,"bengal-sultanligi[1340-01-01,1576-01-01)",1576-01-01,1338-01-01,1459-01-01,1338-01-01,1340-01-01,730,2121,630.3,"[90.49, 22.26]","[87.65, 23.94]"
bengal-sultanligi,"bengal-sultanligi[1340-01-01,1576-01-01)",1576-01-01,1338-01-01,1459-01-01,1338-01-01,1340-01-01,730,2122,473.0,"[90.49, 23.15]","[87.65, 23.94]"
bengal-sultanligi,"bengal-sultanligi[1340-01-01,1576-01-01)",1576-01-01,1338-01-01,1459-01-01,1338-01-01,1340-01-01,730,2123,54.1,"[90.54, 22.08]","[87.65, 23.94]"
bengal-sultanligi,"bengal-sultanligi[1340-01-01,1576-01-01)",1576-01-01,1338-01-01,1459-01-01,1338-01-01,1340-01-01,730,2124,55.7,"[90.56, 21.92]","[87.65, 23.94]"
bengal-sultanligi,"bengal-sultanligi[1340-01-01,1576-01-01)",1576-01-01,1338-01-01,1459-01-01,1338-01-01,1340-01-01,730,2125,23.6,"[90.52, 23.34]","[87.65, 23.94]"
bengal-sultanligi,"bengal-sultanligi[1340-01-01,1576-01-01)",1576-01-01,1338-01-01,1459-01-01,1338-01-01,1340-01-01,730,2126,17.3,"[90.48, 23.04]","[87.65, 23.94]"
bengal-sultanligi,"bengal-sultanligi[1340-01-01,1576-01-01)",1576-01-01,1338-01-01,1459-01-01,1338-01-01,1340-01-01,730,2127,8.3,"[90.5, 22.65]","[87.65, 23.94]"
bengal-sultanligi,"bengal-sultanligi[1340-01-01,1576-01-01)",1576-01-01,1338-01-01,1459-01-01,1338-01-01,1340-01-01,730,2128,74.3,"[90.43, 21.96]","[87.65, 23.94]"
bengal-sultanligi,"bengal-sultanligi[1340-01-01,1576-01-01)",1576-01-01,1338-01-01,1459-01-01,1338-01-01,1340-01-01,730,2129,6.1,"[90.41, 22.77]","[87.65, 23.94]"
bengal-sultanligi,"bengal-sultanligi[1340-01-01,1576-01-01)",1576-01-01,1338-01-01,1459-01-01,1338-01-01,1340-01-01,730,2130,51.9,"[90.35, 21.92]","[87.65, 23.94]"
bengal-sultanligi,"bengal-sultanligi[1340-01-01,1576-01-01)",1576-01-01,1338-01-01,1459-01-01,1338-01-01,1340-01-01,730,2131,5.5,"[90.36, 22.02]","[87.65, 23.94]"
bengal-sultanligi,"bengal-sultanligi[1340-01-01,1576-01-01)",1576-01-01,1338-01-01,1459-01-01,1338-01-01,1340-01-01,730,2132,6.6,"[90.36, 22.09]","[87.65, 23.94]"
bengal-sultanligi,"bengal-sultanligi[1340-01-01,1576-01-01)",1576-01-01,1338-01-01,1459-01-01,1338-01-01,1340-01-01,730,2133,2.4,"[90.3, 21.96]","[87.65, 23.94]"
bengal-sultanligi,"bengal-sultanligi[1340-01-01,1576-01-01)",1576-01-01,1338-01-01,1459-01-01,1338-01-01,1340-01-01,730,2134,0.5,"[90.18, 26.1]","[87.65, 23.94]"
bengal-sultanligi,"bengal-sultanligi[1340-01-01,1576-01-01)",1576-01-01,1338-01-01,1459-01-01,1338-01-01,1340-01-01,730,2135,5.1,"[90.04, 26.04]","[87.65, 23.94]"
bengal-sultanligi,"bengal-sultanligi[1340-01-01,1576-01-01)",1576-01-01,1338-01-01,1459-01-01,1338-01-01,1340-01-01,730,2136,2.8,"[89.59, 22.07]","[87.65, 23.94]"
bengal-sultanligi,"bengal-sultanligi[1340-01-01,1576-01-01)",1576-01-01,1338-01-01,1459-01-01,1338-01-01,1340-01-01,730,2137,40.1,"[89.55, 22.04]","[87.65, 23.94]"
bengal-sultanligi,"bengal-sultanligi[1340-01-01,1576-01-01)",1576-01-01,1338-01-01,1459-01-01,1338-01-01,1340-01-01,730,2138,5.2,"[89.21, 21.67]","[87.65, 23.94]"
bengal-sultanligi,"bengal-sultanligi[1340-01-01,1576-01-01)",1576-01-01,1338-01-01,1459-01-01,1338-01-01,1340-01-01,730,2139,66.5,"[89.08, 21.82]","[87.65, 23.94]"
bengal-sultanligi,"bengal-sultanligi[1340-01-01,1576-01-01)",1576-01-01,1338-01-01,1459-01-01,1338-01-01,1340-01-01,730,2140,58.1,"[88.88, 21.55]","[87.65, 23.94]"
bengal-sultanligi,"bengal-sultanligi[1340-01-01,1576-01-01)",1576-01-01,1338-01-01,1459-01-01,1338-01-01,1340-01-01,730,2141,81.1,"[88.62, 21.86]","[87.65, 23.94]"
bengal-sultanligi,"bengal-sultanligi[1340-01-01,1576-01-01)",1576-01-01,1338-01-01,1459-01-01,1338-01-01,1340-01-01,730,2142,221.1,"[88.11, 21.7]","[87.65, 23.94]"
bengal-sultanligi,"bengal-sultanligi[1340-01-01,1576-01-01)",1576-01-01,1338-01-01,1459-01-01,1338-01-01,1340-01-01,730,2143,44.5,"[88.1, 21.9]","[87.65, 23.94]"
dashun,"dashun[1644-01-01,1647-01-01)",1647-01-01,1641-03-08,1643-01-01,1641-03-08,1643-01-01,664,2686,30930.7,"[112.3, 34.08]","[112.14, 34.46]"
dashun,"dashun[1644-01-01,1647-01-01)",1647-01-01,1643-01-01,1643-10-11,1643-01-01,1643-10-11,283,2687,80318.1,"[112.31, 33.09]","[112.18, 33.31]"
dashun,"dashun[1644-01-01,1647-01-01)",1647-01-01,1643-01-01,1643-10-11,1643-01-01,1643-10-11,283,2688,57.6,"[111.09, 32.9]","[112.18, 33.31]"
dashun,"dashun[1644-01-01,1647-01-01)",1647-01-01,1643-10-11,1644-03-16,1643-10-11,1644-01-01,82,2689,227681.9,"[110.86, 34.87]","[110.21, 34.79]"
dashun,"dashun[1644-01-01,1647-01-01)",1647-01-01,1643-10-11,1644-03-16,1643-10-11,1644-01-01,82,2690,2.5,"[109.27, 33.34]","[110.21, 34.79]"
tay-son,"tay-son[1778-01-01,1802-06-20)",1802-06-20,1773-01-01,1777-01-01,1773-01-01,1777-01-01,1461,2413,2.9,"[109.36, 13.62]","[108.47, 13.73]"
tay-son,"tay-son[1778-01-01,1802-06-20)",1802-06-20,1773-01-01,1777-01-01,1773-01-01,1777-01-01,1461,2765,23426.8,"[108.61, 13.7]","[108.47, 13.73]"
tay-son,"tay-son[1778-01-01,1802-06-20)",1802-06-20,1773-01-01,1777-01-01,1773-01-01,1777-01-01,1461,2766,132.4,"[107.62, 13.2]","[108.47, 13.73]"
tay-son,"tay-son[1778-01-01,1802-06-20)",1802-06-20,1777-01-01,1786-06-01,1777-01-01,1778-01-01,365,2355,2.9,"[109.36, 13.62]","[108.55, 13.73]"
tay-son,"tay-son[1778-01-01,1802-06-20)",1802-06-20,1777-01-01,1786-06-01,1777-01-01,1778-01-01,365,2767,22250.4,"[108.73, 13.76]","[108.55, 13.73]"
tay-son,"tay-son[1778-01-01,1802-06-20)",1802-06-20,1777-01-01,1786-06-01,1777-01-01,1778-01-01,365,2768,64400.8,"[106.15, 10.66]","[108.55, 13.73]"
tay-son,"tay-son[1778-01-01,1802-06-20)",1802-06-20,1777-01-01,1786-06-01,1777-01-01,1778-01-01,365,2769,60.8,"[107.59, 13.16]","[108.55, 13.73]"
tay-son,"tay-son[1778-01-01,1802-06-20)",1802-06-20,1777-01-01,1786-06-01,1777-01-01,1778-01-01,365,2282,85.4,"[107.13, 10.39]","[108.55, 13.73]"
tay-son,"tay-son[1778-01-01,1802-06-20)",1802-06-20,1777-01-01,1786-06-01,1777-01-01,1778-01-01,365,2283,67.2,"[106.92, 10.46]","[108.55, 13.73]"
tay-son,"tay-son[1778-01-01,1802-06-20)",1802-06-20,1777-01-01,1786-06-01,1777-01-01,1778-01-01,365,2284,35.3,"[106.9, 10.59]","[108.55, 13.73]"
tay-son,"tay-son[1778-01-01,1802-06-20)",1802-06-20,1777-01-01,1786-06-01,1777-01-01,1778-01-01,365,2285,214.9,"[106.81, 10.52]","[108.55, 13.73]"
tay-son,"tay-son[1778-01-01,1802-06-20)",1802-06-20,1777-01-01,1786-06-01,1777-01-01,1778-01-01,365,2286,52.2,"[106.67, 10.26]","[108.55, 13.73]"
tay-son,"tay-son[1778-01-01,1802-06-20)",1802-06-20,1777-01-01,1786-06-01,1777-01-01,1778-01-01,365,2770,33.4,"[106.62, 8.71]","[108.55, 13.73]"
tay-son,"tay-son[1778-01-01,1802-06-20)",1802-06-20,1777-01-01,1786-06-01,1777-01-01,1778-01-01,365,2288,7.5,"[106.48, 9.89]","[108.55, 13.73]"
tay-son,"tay-son[1778-01-01,1802-06-20)",1802-06-20,1777-01-01,1786-06-01,1777-01-01,1778-01-01,365,2289,160.7,"[106.2, 9.62]","[108.55, 13.73]"
tay-son,"tay-son[1778-01-01,1802-06-20)",1802-06-20,1777-01-01,1786-06-01,1777-01-01,1778-01-01,365,2296,4.8,"[104.84, 8.44]","[108.55, 13.73]"
tay-son,"tay-son[1778-01-01,1802-06-20)",1802-06-20,1777-01-01,1786-06-01,1777-01-01,1778-01-01,365,2771,11.3,"[104.64, 9.8]","[108.55, 13.73]"
tay-son,"tay-son[1778-01-01,1802-06-20)",1802-06-20,1777-01-01,1786-06-01,1777-01-01,1778-01-01,365,2292,4.6,"[104.36, 9.68]","[108.55, 13.73]"
tonburi,"tonburi[1767-12-28,1782-04-06)",1782-04-06,1767-04-07,1782-04-06,1767-04-07,1767-12-28,265,2954,366741.1,"[100.81, 13.52]","[102.41, 12.48]"
tonburi,"tonburi[1767-12-28,1782-04-06)",1782-04-06,1767-04-07,1782-04-06,1767-04-07,1767-12-28,265,2955,1.5,"[104.28, 17.87]","[102.41, 12.48]"
tonburi,"tonburi[1767-12-28,1782-04-06)",1782-04-06,1767-04-07,1782-04-06,1767-04-07,1767-12-28,265,2956,8.0,"[102.93, 11.64]","[102.41, 12.48]"
tonburi,"tonburi[1767-12-28,1782-04-06)",1782-04-06,1767-04-07,1782-04-06,1767-04-07,1767-12-28,265,2957,104.3,"[102.58, 11.64]","[102.41, 12.48]"
tonburi,"tonburi[1767-12-28,1782-04-06)",1782-04-06,1767-04-07,1782-04-06,1767-04-07,1767-12-28,265,2958,13.0,"[102.49, 11.81]","[102.41, 12.48]"
tonburi,"tonburi[1767-12-28,1782-04-06)",1782-04-06,1767-04-07,1782-04-06,1767-04-07,1767-12-28,265,2959,215.3,"[102.36, 12.03]","[102.41, 12.48]"
tonburi,"tonburi[1767-12-28,1782-04-06)",1782-04-06,1767-04-07,1782-04-06,1767-04-07,1767-12-28,265,2960,16.9,"[100.77, 6.98]","[102.41, 12.48]"
tonburi,"tonburi[1767-12-28,1782-04-06)",1782-04-06,1767-04-07,1782-04-06,1767-04-07,1767-12-28,265,2961,9.2,"[100.78, 12.69]","[102.41, 12.48]"
tonburi,"tonburi[1767-12-28,1782-04-06)",1782-04-06,1767-04-07,1782-04-06,1767-04-07,1767-12-28,265,2962,38.2,"[100.6, 7.15]","[102.41, 12.48]"
tonburi,"tonburi[1767-12-28,1782-04-06)",1782-04-06,1767-04-07,1782-04-06,1767-04-07,1767-12-28,265,2963,217.7,"[99.99, 9.49]","[102.41, 12.48]"
tonburi,"tonburi[1767-12-28,1782-04-06)",1782-04-06,1767-04-07,1782-04-06,1767-04-07,1767-12-28,265,2964,86.5,"[100.02, 9.74]","[102.41, 12.48]"
tonburi,"tonburi[1767-12-28,1782-04-06)",1782-04-06,1767-04-07,1782-04-06,1767-04-07,1767-12-28,265,2965,10.4,"[99.83, 10.09]","[102.41, 12.48]"
tonburi,"tonburi[1767-12-28,1782-04-06)",1782-04-06,1767-04-07,1782-04-06,1767-04-07,1767-12-28,265,2966,6.0,"[99.69, 9.53]","[102.41, 12.48]"
tonburi,"tonburi[1767-12-28,1782-04-06)",1782-04-06,1767-04-07,1782-04-06,1767-04-07,1767-12-28,265,2967,2.0,"[99.64, 6.66]","[102.41, 12.48]"
tonburi,"tonburi[1767-12-28,1782-04-06)",1782-04-06,1767-04-07,1782-04-06,1767-04-07,1767-12-28,265,2968,13.0,"[99.58, 7.1]","[102.41, 12.48]"
tonburi,"tonburi[1767-12-28,1782-04-06)",1782-04-06,1767-04-07,1782-04-06,1767-04-07,1767-12-28,265,2969,32.7,"[99.42, 7.24]","[102.41, 12.48]"
tonburi,"tonburi[1767-12-28,1782-04-06)",1782-04-06,1767-04-07,1782-04-06,1767-04-07,1767-12-28,265,2970,29.4,"[99.3, 6.54]","[102.41, 12.48]"
tonburi,"tonburi[1767-12-28,1782-04-06)",1782-04-06,1767-04-07,1782-04-06,1767-04-07,1767-12-28,265,2971,30.6,"[99.21, 6.56]","[102.41, 12.48]"
tonburi,"tonburi[1767-12-28,1782-04-06)",1782-04-06,1767-04-07,1782-04-06,1767-04-07,1767-12-28,265,2972,22.1,"[99.09, 7.65]","[102.41, 12.48]"
tonburi,"tonburi[1767-12-28,1782-04-06)",1782-04-06,1767-04-07,1782-04-06,1767-04-07,1767-12-28,265,2973,36.6,"[99.08, 7.55]","[102.41, 12.48]"
tonburi,"tonburi[1767-12-28,1782-04-06)",1782-04-06,1767-04-07,1782-04-06,1767-04-07,1767-12-28,265,2974,14.7,"[98.97, 7.82]","[102.41, 12.48]"
tonburi,"tonburi[1767-12-28,1782-04-06)",1782-04-06,1767-04-07,1782-04-06,1767-04-07,1767-12-28,265,2975,22.0,"[98.62, 8.13]","[102.41, 12.48]"
tonburi,"tonburi[1767-12-28,1782-04-06)",1782-04-06,1767-04-07,1782-04-06,1767-04-07,1767-12-28,265,2976,71.3,"[98.58, 8.0]","[102.41, 12.48]"
tonburi,"tonburi[1767-12-28,1782-04-06)",1782-04-06,1767-04-07,1782-04-06,1767-04-07,1767-12-28,265,2977,0.4,"[98.54, 11.29]","[102.41, 12.48]"
tonburi,"tonburi[1767-12-28,1782-04-06)",1782-04-06,1767-04-07,1782-04-06,1767-04-07,1767-12-28,265,2978,15.0,"[98.53, 10.83]","[102.41, 12.48]"
tonburi,"tonburi[1767-12-28,1782-04-06)",1782-04-06,1767-04-07,1782-04-06,1767-04-07,1767-12-28,265,2979,59.3,"[98.52, 11.01]","[102.41, 12.48]"
tonburi,"tonburi[1767-12-28,1782-04-06)",1782-04-06,1767-04-07,1782-04-06,1767-04-07,1767-12-28,265,2980,6.1,"[98.46, 9.83]","[102.41, 12.48]"
tonburi,"tonburi[1767-12-28,1782-04-06)",1782-04-06,1767-04-07,1782-04-06,1767-04-07,1767-12-28,265,2981,7.5,"[98.44, 10.98]","[102.41, 12.48]"
tonburi,"tonburi[1767-12-28,1782-04-06)",1782-04-06,1767-04-07,1782-04-06,1767-04-07,1767-12-28,265,2982,575.3,"[98.34, 7.98]","[102.41, 12.48]"
tonburi,"tonburi[1767-12-28,1782-04-06)",1782-04-06,1767-04-07,1782-04-06,1767-04-07,1767-12-28,265,2983,14.0,"[98.41, 9.74]","[102.41, 12.48]"
tonburi,"tonburi[1767-12-28,1782-04-06)",1782-04-06,1767-04-07,1782-04-06,1767-04-07,1767-12-28,265,2984,4.4,"[98.37, 7.6]","[102.41, 12.48]"
tonburi,"tonburi[1767-12-28,1782-04-06)",1782-04-06,1767-04-07,1782-04-06,1767-04-07,1767-12-28,265,2985,7.4,"[98.32, 11.02]","[102.41, 12.48]"
tonburi,"tonburi[1767-12-28,1782-04-06)",1782-04-06,1767-04-07,1782-04-06,1767-04-07,1767-12-28,265,2986,63.1,"[98.28, 9.08]","[102.41, 12.48]"
tonburi,"tonburi[1767-12-28,1782-04-06)",1782-04-06,1767-04-07,1782-04-06,1767-04-07,1767-12-28,265,2987,2.4,"[98.29, 9.21]","[102.41, 12.48]"
tonburi,"tonburi[1767-12-28,1782-04-06)",1782-04-06,1767-04-07,1782-04-06,1767-04-07,1767-12-28,265,2988,41.0,"[98.27, 8.96]","[102.41, 12.48]"
tonburi,"tonburi[1767-12-28,1782-04-06)",1782-04-06,1767-04-07,1782-04-06,1767-04-07,1767-12-28,265,2989,6.7,"[98.26, 11.26]","[102.41, 12.48]"
tonburi,"tonburi[1767-12-28,1782-04-06)",1782-04-06,1767-04-07,1782-04-06,1767-04-07,1767-12-28,265,2990,192.2,"[98.21, 10.83]","[102.41, 12.48]"
tonburi,"tonburi[1767-12-28,1782-04-06)",1782-04-06,1767-04-07,1782-04-06,1767-04-07,1767-12-28,265,2991,156.8,"[98.22, 9.98]","[102.41, 12.48]"
tonburi,"tonburi[1767-12-28,1782-04-06)",1782-04-06,1767-04-07,1782-04-06,1767-04-07,1767-12-28,265,2992,53.1,"[98.2, 10.11]","[102.41, 12.48]"
tonburi,"tonburi[1767-12-28,1782-04-06)",1782-04-06,1767-04-07,1782-04-06,1767-04-07,1767-12-28,265,2993,17.3,"[98.2, 10.5]","[102.41, 12.48]"
tonburi,"tonburi[1767-12-28,1782-04-06)",1782-04-06,1767-04-07,1782-04-06,1767-04-07,1767-12-28,265,2994,18.5,"[98.03, 9.81]","[102.41, 12.48]"
tonburi,"tonburi[1767-12-28,1782-04-06)",1782-04-06,1767-04-07,1782-04-06,1767-04-07,1767-12-28,265,2995,17.3,"[97.99, 10.56]","[102.41, 12.48]"
tonburi,"tonburi[1767-12-28,1782-04-06)",1782-04-06,1767-04-07,1782-04-06,1767-04-07,1767-12-28,265,2996,7.3,"[97.97, 10.15]","[102.41, 12.48]"
tonburi,"tonburi[1767-12-28,1782-04-06)",1782-04-06,1767-04-07,1782-04-06,1767-04-07,1767-12-28,265,2997,5.5,"[97.97, 9.62]","[102.41, 12.48]"
tonburi,"tonburi[1767-12-28,1782-04-06)",1782-04-06,1767-04-07,1782-04-06,1767-04-07,1767-12-28,265,2998,22.7,"[97.92, 10.9]","[102.41, 12.48]"
tonburi,"tonburi[1767-12-28,1782-04-06)",1782-04-06,1767-04-07,1782-04-06,1767-04-07,1767-12-28,265,2999,17.7,"[97.92, 10.45]","[102.41, 12.48]"
tonburi,"tonburi[1767-12-28,1782-04-06)",1782-04-06,1767-04-07,1782-04-06,1767-04-07,1767-12-28,265,3000,17.7,"[97.88, 9.45]","[102.41, 12.48]"
tonburi,"tonburi[1767-12-28,1782-04-06)",1782-04-06,1767-04-07,1782-04-06,1767-04-07,1767-12-28,265,3001,14.1,"[97.86, 9.41]","[102.41, 12.48]"
tonburi,"tonburi[1767-12-28,1782-04-06)",1782-04-06,1767-04-07,1782-04-06,1767-04-07,1767-12-28,265,3002,5.3,"[97.64, 8.64]","[102.41, 12.48]"
multan-langah,"multan-langah[1451-01-01,1527-01-01)",1527-01-01,1445-01-01,1500-01-01,1445-01-01,1451-01-01,2191,3038,68534.9,"[71.48, 30.42]","[71.34, 30.23]"
bhopal,"bhopal[1708-01-01,1945-09-02)",1945-09-02,1707-01-01,1923-10-29,1707-01-01,1708-01-01,365,3044,56889.2,"[77.73, 23.49]","[77.68, 23.53]"
celayirli,"celayirli[1340-01-01,1431-01-01)",1431-01-01,1335-12-01,1340-01-01,1335-12-01,1340-01-01,1492,3203,11517.9,"[44.8, 33.51]","[44.86, 33.48]"
avusturya,"habsburg[1282-01-01,1918-11-11)",1918-11-11,1281-01-01,1335-05-01,1281-01-01,1282-01-01,365,3669,4990.1,"[15.83, 48.22]","[15.6, 48.07]"
avusturya,"habsburg[1282-01-01,1918-11-11)",1918-11-11,1281-01-01,1335-05-01,1281-01-01,1282-01-01,365,3670,4211.0,"[15.19, 47.05]","[15.6, 48.07]"
lehistan,"lehistan[1569-07-01,1795-10-24)",1795-10-24,1561-11-28,1569-07-01,1561-11-28,1569-07-01,2772,5441,61483.5,"[25.09, 56.82]","[25.15, 57.0]"
lehistan,"lehistan[1569-07-01,1795-10-24)",1795-10-24,1561-11-28,1569-07-01,1561-11-28,1569-07-01,2772,5442,8.8,"[23.98, 58.12]","[25.15, 57.0]"
lehistan,"lehistan[1569-07-01,1795-10-24)",1795-10-24,1561-11-28,1569-07-01,1561-11-28,1569-07-01,2772,5443,17.1,"[23.5, 59.01]","[25.15, 57.0]"
lehistan,"lehistan[1569-07-01,1795-10-24)",1795-10-24,1561-11-28,1569-07-01,1561-11-28,1569-07-01,2772,5444,172.5,"[23.29, 58.61]","[25.15, 57.0]"
lehistan,"lehistan[1569-07-01,1795-10-24)",1795-10-24,1561-11-28,1569-07-01,1561-11-28,1569-07-01,2772,5445,67.6,"[23.24, 59.01]","[25.15, 57.0]"
lehistan,"lehistan[1569-07-01,1795-10-24)",1795-10-24,1561-11-28,1569-07-01,1561-11-28,1569-07-01,2772,5446,1596.3,"[22.52, 58.23]","[25.15, 57.0]"
lehistan,"lehistan[1569-07-01,1795-10-24)",1795-10-24,1561-11-28,1569-07-01,1561-11-28,1569-07-01,2772,4248,10.3,"[23.24, 57.8]","[25.15, 57.0]"
lehistan,"lehistan[1569-07-01,1795-10-24)",1795-10-24,1561-11-28,1569-07-01,1561-11-28,1569-07-01,2772,5447,80.9,"[22.93, 58.9]","[25.15, 57.0]"
lehistan,"lehistan[1569-07-01,1795-10-24)",1795-10-24,1561-11-28,1569-07-01,1561-11-28,1569-07-01,2772,5448,2.1,"[22.86, 58.81]","[25.15, 57.0]"
lehistan,"lehistan[1569-07-01,1795-10-24)",1795-10-24,1561-11-28,1569-07-01,1561-11-28,1569-07-01,2772,5449,9.6,"[22.51, 58.15]","[25.15, 57.0]"
napoli,"napoli[1282-03-30,1861-02-13)",1861-02-13,1281-01-01,1417-01-01,1281-01-01,1282-03-30,453,50543,364.8,"[20.82, 37.77]","[15.94, 40.45]"
napoli,"napoli[1282-03-30,1861-02-13)",1861-02-13,1281-01-01,1417-01-01,1281-01-01,1282-03-30,453,50544,23.2,"[20.9, 38.62]","[15.94, 40.45]"
napoli,"napoli[1282-03-30,1861-02-13)",1861-02-13,1281-01-01,1417-01-01,1281-01-01,1282-03-30,453,25262,5.2,"[20.91, 38.57]","[15.94, 40.45]"
napoli,"napoli[1282-03-30,1861-02-13)",1861-02-13,1281-01-01,1417-01-01,1281-01-01,1282-03-30,453,50545,748.1,"[20.54, 38.24]","[15.94, 40.45]"
napoli,"napoli[1282-03-30,1861-02-13)",1861-02-13,1281-01-01,1417-01-01,1281-01-01,1282-03-30,453,37146,13.3,"[20.77, 38.63]","[15.94, 40.45]"
napoli,"napoli[1282-03-30,1861-02-13)",1861-02-13,1281-01-01,1417-01-01,1281-01-01,1282-03-30,453,50546,94.6,"[20.69, 38.4]","[15.94, 40.45]"
napoli,"napoli[1282-03-30,1861-02-13)",1861-02-13,1281-01-01,1417-01-01,1281-01-01,1282-03-30,453,50547,286.8,"[20.65, 38.71]","[15.94, 40.45]"
napoli,"napoli[1282-03-30,1861-02-13)",1861-02-13,1281-01-01,1417-01-01,1281-01-01,1282-03-30,453,50548,3058.1,"[19.6, 40.46]","[15.94, 40.45]"
napoli,"napoli[1282-03-30,1861-02-13)",1861-02-13,1281-01-01,1417-01-01,1281-01-01,1282-03-30,453,50549,4.2,"[19.58, 39.89]","[15.94, 40.45]"
napoli,"napoli[1282-03-30,1861-02-13)",1861-02-13,1281-01-01,1417-01-01,1281-01-01,1282-03-30,453,50550,3.2,"[19.52, 39.77]","[15.94, 40.45]"
napoli,"napoli[1282-03-30,1861-02-13)",1861-02-13,1281-01-01,1417-01-01,1281-01-01,1282-03-30,453,50551,9.3,"[19.4, 39.86]","[15.94, 40.45]"
napoli,"napoli[1282-03-30,1861-02-13)",1861-02-13,1281-01-01,1417-01-01,1281-01-01,1282-03-30,453,50552,5.6,"[19.27, 40.5]","[15.94, 40.45]"
napoli,"napoli[1282-03-30,1861-02-13)",1861-02-13,1281-01-01,1417-01-01,1281-01-01,1282-03-30,453,50553,79675.0,"[15.12, 40.86]","[15.94, 40.45]"
napoli,"napoli[1282-03-30,1861-02-13)",1861-02-13,1281-01-01,1417-01-01,1281-01-01,1282-03-30,453,50554,25900.9,"[14.17, 37.7]","[15.94, 40.45]"
napoli,"napoli[1282-03-30,1861-02-13)",1861-02-13,1281-01-01,1417-01-01,1281-01-01,1282-03-30,453,50555,2.6,"[15.49, 42.11]","[15.94, 40.45]"
napoli,"napoli[1282-03-30,1861-02-13)",1861-02-13,1281-01-01,1417-01-01,1281-01-01,1282-03-30,453,50556,11.7,"[15.21, 38.79]","[15.94, 40.45]"
napoli,"napoli[1282-03-30,1861-02-13)",1861-02-13,1281-01-01,1417-01-01,1281-01-01,1282-03-30,453,50557,9.6,"[14.98, 38.4]","[15.94, 40.45]"
napoli,"napoli[1282-03-30,1861-02-13)",1861-02-13,1281-01-01,1417-01-01,1281-01-01,1282-03-30,453,50558,27.6,"[14.95, 38.49]","[15.94, 40.45]"
napoli,"napoli[1282-03-30,1861-02-13)",1861-02-13,1281-01-01,1417-01-01,1281-01-01,1282-03-30,453,50559,7.7,"[14.83, 38.56]","[15.94, 40.45]"
napoli,"napoli[1282-03-30,1861-02-13)",1861-02-13,1281-01-01,1417-01-01,1281-01-01,1282-03-30,453,50560,7.9,"[14.57, 38.57]","[15.94, 40.45]"
napoli,"napoli[1282-03-30,1861-02-13)",1861-02-13,1281-01-01,1417-01-01,1281-01-01,1282-03-30,453,50561,228.7,"[14.41, 35.91]","[15.94, 40.45]"
napoli,"napoli[1282-03-30,1861-02-13)",1861-02-13,1281-01-01,1417-01-01,1281-01-01,1282-03-30,453,23954,3.0,"[14.34, 36.01]","[15.94, 40.45]"
napoli,"napoli[1282-03-30,1861-02-13)",1861-02-13,1281-01-01,1417-01-01,1281-01-01,1282-03-30,453,50562,23.7,"[14.26, 36.04]","[15.94, 40.45]"
napoli,"napoli[1282-03-30,1861-02-13)",1861-02-13,1281-01-01,1417-01-01,1281-01-01,1282-03-30,453,50563,9.9,"[14.22, 40.55]","[15.94, 40.45]"
napoli,"napoli[1282-03-30,1861-02-13)",1861-02-13,1281-01-01,1417-01-01,1281-01-01,1282-03-30,453,50564,4.7,"[14.01, 40.75]","[15.94, 40.45]"
napoli,"napoli[1282-03-30,1861-02-13)",1861-02-13,1281-01-01,1417-01-01,1281-01-01,1282-03-30,453,50565,34.0,"[13.89, 40.73]","[15.94, 40.45]"
napoli,"napoli[1282-03-30,1861-02-13)",1861-02-13,1281-01-01,1417-01-01,1281-01-01,1282-03-30,453,50566,4.2,"[13.92, 42.86]","[15.94, 40.45]"
napoli,"napoli[1282-03-30,1861-02-13)",1861-02-13,1281-01-01,1417-01-01,1281-01-01,1282-03-30,453,50567,7.7,"[13.18, 38.71]","[15.94, 40.45]"
napoli,"napoli[1282-03-30,1861-02-13)",1861-02-13,1281-01-01,1417-01-01,1281-01-01,1282-03-30,453,50568,4.6,"[12.86, 35.86]","[15.94, 40.45]"
napoli,"napoli[1282-03-30,1861-02-13)",1861-02-13,1281-01-01,1417-01-01,1281-01-01,1282-03-30,453,50569,16.1,"[12.59, 35.51]","[15.94, 40.45]"
napoli,"napoli[1282-03-30,1861-02-13)",1861-02-13,1281-01-01,1417-01-01,1281-01-01,1282-03-30,453,50570,4.0,"[12.32, 37.93]","[15.94, 40.45]"
napoli,"napoli[1282-03-30,1861-02-13)",1861-02-13,1281-01-01,1417-01-01,1281-01-01,1282-03-30,453,50571,11.5,"[12.05, 37.97]","[15.94, 40.45]"
napoli,"napoli[1282-03-30,1861-02-13)",1861-02-13,1281-01-01,1417-01-01,1281-01-01,1282-03-30,453,50572,39.5,"[12.01, 36.79]","[15.94, 40.45]"
italya,"italya[1861-03-17,1945-09-02)",1945-09-02,1861-02-13,1861-03-17,1861-02-13,1861-03-17,32,50611,79822.8,"[15.11, 40.88]","[15.94, 40.45]"
italya,"italya[1861-03-17,1945-09-02)",1945-09-02,1861-02-13,1861-03-17,1861-02-13,1861-03-17,32,50612,25924.7,"[14.17, 37.71]","[15.94, 40.45]"
italya,"italya[1861-03-17,1945-09-02)",1945-09-02,1861-02-13,1861-03-17,1861-02-13,1861-03-17,32,50613,2.6,"[15.49, 42.11]","[15.94, 40.45]"
italya,"italya[1861-03-17,1945-09-02)",1945-09-02,1861-02-13,1861-03-17,1861-02-13,1861-03-17,32,50593,11.7,"[15.21, 38.79]","[15.94, 40.45]"
italya,"italya[1861-03-17,1945-09-02)",1945-09-02,1861-02-13,1861-03-17,1861-02-13,1861-03-17,32,50594,20.4,"[14.97, 38.41]","[15.94, 40.45]"
italya,"italya[1861-03-17,1945-09-02)",1945-09-02,1861-02-13,1861-03-17,1861-02-13,1861-03-17,32,50595,29.1,"[14.94, 38.5]","[15.94, 40.45]"
italya,"italya[1861-03-17,1945-09-02)",1945-09-02,1861-02-13,1861-03-17,1861-02-13,1861-03-17,32,50614,10.6,"[14.84, 38.57]","[15.94, 40.45]"
italya,"italya[1861-03-17,1945-09-02)",1945-09-02,1861-02-13,1861-03-17,1861-02-13,1861-03-17,32,50597,7.9,"[14.56, 38.57]","[15.94, 40.45]"
italya,"italya[1861-03-17,1945-09-02)",1945-09-02,1861-02-13,1861-03-17,1861-02-13,1861-03-17,32,50599,9.9,"[14.22, 40.55]","[15.94, 40.45]"
italya,"italya[1861-03-17,1945-09-02)",1945-09-02,1861-02-13,1861-03-17,1861-02-13,1861-03-17,32,50615,4.6,"[14.02, 40.76]","[15.94, 40.45]"
italya,"italya[1861-03-17,1945-09-02)",1945-09-02,1861-02-13,1861-03-17,1861-02-13,1861-03-17,32,50616,37.1,"[13.9, 40.72]","[15.94, 40.45]"
italya,"italya[1861-03-17,1945-09-02)",1945-09-02,1861-02-13,1861-03-17,1861-02-13,1861-03-17,32,50566,4.2,"[13.92, 42.86]","[15.94, 40.45]"
italya,"italya[1861-03-17,1945-09-02)",1945-09-02,1861-02-13,1861-03-17,1861-02-13,1861-03-17,32,50567,7.7,"[13.18, 38.71]","[15.94, 40.45]"
italya,"italya[1861-03-17,1945-09-02)",1945-09-02,1861-02-13,1861-03-17,1861-02-13,1861-03-17,32,50568,4.6,"[12.86, 35.86]","[15.94, 40.45]"
italya,"italya[1861-03-17,1945-09-02)",1945-09-02,1861-02-13,1861-03-17,1861-02-13,1861-03-17,32,50617,16.1,"[12.6, 35.51]","[15.94, 40.45]"
italya,"italya[1861-03-17,1945-09-02)",1945-09-02,1861-02-13,1861-03-17,1861-02-13,1861-03-17,32,50604,15.4,"[12.31, 37.93]","[15.94, 40.45]"
italya,"italya[1861-03-17,1945-09-02)",1945-09-02,1861-02-13,1861-03-17,1861-02-13,1861-03-17,32,50605,11.5,"[12.05, 37.97]","[15.94, 40.45]"
italya,"italya[1861-03-17,1945-09-02)",1945-09-02,1861-02-13,1861-03-17,1861-02-13,1861-03-17,32,50606,68.3,"[11.97, 36.79]","[15.94, 40.45]"
arnavutluk,"arnavutluk-iskenderbey[1443-01-01,1479-01-25);arnavutluk-bagimsiz[1912-11-28,1939-04-07);arnavutluk-halk-cumhuriyeti[1944-11-29,1945-09-02)",1945-09-02,1281-01-01,1478-06-15,1281-01-01,1443-01-01,59168,50972,3563.2,"[19.95, 41.61]","[19.98, 41.63]"
umman,"umman[1624-01-01,1945-09-02)",1945-09-02,1511-01-01,1515-04-01,1511-01-01,1515-04-01,1551,51372,3864.5,"[53.7, 12.55]","[53.9, 12.5]"
umman,"umman[1624-01-01,1945-09-02)",1945-09-02,1511-01-01,1515-04-01,1511-01-01,1515-04-01,1551,51373,7.9,"[53.28, 12.12]","[53.9, 12.5]"
umman,"umman[1624-01-01,1945-09-02)",1945-09-02,1511-01-01,1515-04-01,1511-01-01,1515-04-01,1551,51374,21.6,"[53.05, 12.16]","[53.9, 12.5]"
umman,"umman[1624-01-01,1945-09-02)",1945-09-02,1511-01-01,1515-04-01,1511-01-01,1515-04-01,1551,51375,14.4,"[52.33, 12.18]","[53.9, 12.5]"
umman,"umman[1624-01-01,1945-09-02)",1945-09-02,1515-04-01,1622-05-01,1515-04-01,1622-05-01,39112,51376,6.8,"[59.54, 22.55]","[56.14, 20.68]"
umman,"umman[1624-01-01,1945-09-02)",1945-09-02,1515-04-01,1622-05-01,1515-04-01,1622-05-01,39112,51377,363288.2,"[56.05, 22.25]","[56.14, 20.68]"
umman,"umman[1624-01-01,1945-09-02)",1945-09-02,1515-04-01,1622-05-01,1515-04-01,1622-05-01,39112,51378,591.9,"[58.82, 20.46]","[56.14, 20.68]"
umman,"umman[1624-01-01,1945-09-02)",1945-09-02,1515-04-01,1622-05-01,1515-04-01,1622-05-01,39112,51379,31.7,"[56.02, 17.53]","[56.14, 20.68]"
umman,"umman[1624-01-01,1945-09-02)",1945-09-02,1515-04-01,1622-05-01,1515-04-01,1622-05-01,39112,51380,6.9,"[55.86, 17.51]","[56.14, 20.68]"
umman,"umman[1624-01-01,1945-09-02)",1945-09-02,1515-04-01,1622-05-01,1515-04-01,1622-05-01,39112,51381,3844.6,"[53.73, 12.57]","[56.14, 20.68]"
umman,"umman[1624-01-01,1945-09-02)",1945-09-02,1515-04-01,1622-05-01,1515-04-01,1622-05-01,39112,51373,7.9,"[53.28, 12.12]","[56.14, 20.68]"
umman,"umman[1624-01-01,1945-09-02)",1945-09-02,1515-04-01,1622-05-01,1515-04-01,1622-05-01,39112,47268,40.3,"[53.04, 12.16]","[56.14, 20.68]"
umman,"umman[1624-01-01,1945-09-02)",1945-09-02,1515-04-01,1622-05-01,1515-04-01,1622-05-01,39112,51382,38.1,"[52.35, 12.17]","[56.14, 20.68]"
umman,"umman[1624-01-01,1945-09-02)",1945-09-02,1622-05-01,1650-01-26,1622-05-01,1624-01-01,610,51376,6.8,"[59.54, 22.55]","[56.43, 21.39]"
umman,"umman[1624-01-01,1945-09-02)",1945-09-02,1622-05-01,1650-01-26,1622-05-01,1624-01-01,610,51383,377426.2,"[56.18, 22.64]","[56.43, 21.39]"
umman,"umman[1624-01-01,1945-09-02)",1945-09-02,1622-05-01,1650-01-26,1622-05-01,1624-01-01,610,27360,4.5,"[55.14, 25.11]","[56.43, 21.39]"
umman,"umman[1624-01-01,1945-09-02)",1945-09-02,1622-05-01,1650-01-26,1622-05-01,1624-01-01,610,24936,2.6,"[55.02, 25.0]","[56.43, 21.39]"
umman,"umman[1624-01-01,1945-09-02)",1945-09-02,1622-05-01,1650-01-26,1622-05-01,1624-01-01,610,51384,613.4,"[58.82, 20.43]","[56.43, 21.39]"
umman,"umman[1624-01-01,1945-09-02)",1945-09-02,1622-05-01,1650-01-26,1622-05-01,1624-01-01,610,51385,53.2,"[56.02, 17.52]","[56.43, 21.39]"
umman,"umman[1624-01-01,1945-09-02)",1945-09-02,1622-05-01,1650-01-26,1622-05-01,1624-01-01,610,51386,11.0,"[55.85, 17.5]","[56.43, 21.39]"
umman,"umman[1624-01-01,1945-09-02)",1945-09-02,1622-05-01,1650-01-26,1622-05-01,1624-01-01,610,51387,11.7,"[55.04, 25.87]","[56.43, 21.39]"
umman,"umman[1624-01-01,1945-09-02)",1945-09-02,1622-05-01,1650-01-26,1622-05-01,1624-01-01,610,51388,3861.1,"[53.73, 12.56]","[56.43, 21.39]"
umman,"umman[1624-01-01,1945-09-02)",1945-09-02,1622-05-01,1650-01-26,1622-05-01,1624-01-01,610,51389,11.9,"[54.44, 24.44]","[56.43, 21.39]"
umman,"umman[1624-01-01,1945-09-02)",1945-09-02,1622-05-01,1650-01-26,1622-05-01,1624-01-01,610,51390,3.9,"[53.53, 24.08]","[56.43, 21.39]"
umman,"umman[1624-01-01,1945-09-02)",1945-09-02,1622-05-01,1650-01-26,1622-05-01,1624-01-01,610,51391,7.9,"[53.28, 12.12]","[56.43, 21.39]"
umman,"umman[1624-01-01,1945-09-02)",1945-09-02,1622-05-01,1650-01-26,1622-05-01,1624-01-01,610,51392,22.2,"[53.04, 12.15]","[56.43, 21.39]"
umman,"umman[1624-01-01,1945-09-02)",1945-09-02,1622-05-01,1650-01-26,1622-05-01,1624-01-01,610,47289,17.1,"[52.34, 12.18]","[56.43, 21.39]"
adal,"adal[1415-01-01,1887-01-06)",1887-01-06,1281-01-01,1559-01-01,1281-01-01,1415-01-01,48941,51542,63.1,"[52.21, 12.21]","[45.32, 8.95]"
adal,"adal[1415-01-01,1887-01-06)",1887-01-06,1281-01-01,1559-01-01,1281-01-01,1415-01-01,48941,51543,587702.5,"[44.73, 9.5]","[45.32, 8.95]"
adal,"adal[1415-01-01,1887-01-06)",1887-01-06,1281-01-01,1559-01-01,1281-01-01,1415-01-01,48941,32104,5.3,"[43.46, 11.45]","[45.32, 8.95]"
adal,"adal[1415-01-01,1887-01-06)",1887-01-06,1281-01-01,1559-01-01,1281-01-01,1415-01-01,48941,37582,3.2,"[43.43, 12.65]","[45.32, 8.95]"
adal,"adal[1415-01-01,1887-01-06)",1887-01-06,1281-01-01,1559-01-01,1281-01-01,1415-01-01,48941,30349,6.2,"[43.35, 11.49]","[45.32, 8.95]"
adal,"adal[1415-01-01,1887-01-06)",1887-01-06,1281-01-01,1559-01-01,1281-01-01,1415-01-01,48941,50697,25.8,"[42.93, 12.93]","[45.32, 8.95]"
adal,"adal[1415-01-01,1887-01-06)",1887-01-06,1281-01-01,1559-01-01,1281-01-01,1415-01-01,48941,50661,3.9,"[42.95, 12.89]","[45.32, 8.95]"
adal,"adal[1415-01-01,1887-01-06)",1887-01-06,1281-01-01,1559-01-01,1281-01-01,1415-01-01,48941,50662,2.5,"[42.94, 12.84]","[45.32, 8.95]"
adal,"adal[1415-01-01,1887-01-06)",1887-01-06,1281-01-01,1559-01-01,1281-01-01,1415-01-01,48941,50663,7.1,"[42.86, 13.03]","[45.32, 8.95]"
adal,"adal[1415-01-01,1887-01-06)",1887-01-06,1281-01-01,1559-01-01,1281-01-01,1415-01-01,48941,50664,0.5,"[42.69, 13.68]","[45.32, 8.95]"
adal,"adal[1415-01-01,1887-01-06)",1887-01-06,1281-01-01,1559-01-01,1281-01-01,1415-01-01,48941,51544,33.2,"[41.13, 13.88]","[45.32, 8.95]"
oranj,"oranj[1854-04-07,1902-05-31)",1902-05-31,1830-01-01,1902-01-01,1830-01-01,1854-04-07,8862,52396,31293.8,"[26.36, -28.82]","[26.2, -28.93]"
transvaal,"transvaal[1852-01-01,1902-05-31)",1902-05-31,1830-01-01,1902-01-01,1830-01-01,1852-01-01,8035,52397,97477.0,"[27.65, -26.36]","[28.09, -26.15]"
yeni-zelanda,"yeni-zelanda[1840-02-06,1945-09-02)",1945-09-02,1840-01-22,1840-02-06,1840-01-22,1840-02-06,15,52407,6905.6,"[175.12, -41.16]","[175.39, -41.17]"
yeni-zelanda,"yeni-zelanda[1840-02-06,1945-09-02)",1945-09-02,1840-01-22,1840-02-06,1840-01-22,1840-02-06,15,52408,19.8,"[174.91, -40.86]","[175.39, -41.17]"
yeni-zelanda,"yeni-zelanda[1840-02-06,1945-09-02)",1945-09-02,1840-01-22,1840-02-06,1840-01-22,1840-02-06,15,52409,39.0,"[174.35, -41.16]","[175.39, -41.17]"
yeni-zelanda,"yeni-zelanda[1840-02-06,1945-09-02)",1945-09-02,1840-01-22,1840-02-06,1840-01-22,1840-02-06,15,52410,2.3,"[174.31, -41.24]","[175.39, -41.17]"
aztek-imparatorlugu,"aztek-imparatorlugu[1428-01-01,1521-08-13)",1521-08-13,1281-01-01,1325-01-01,1281-01-01,1325-01-01,16070,52741,9094.3,"[-98.72, 20.05]","[-98.77, 20.07]"
aztek-imparatorlugu,"aztek-imparatorlugu[1428-01-01,1521-08-13)",1521-08-13,1325-01-01,1400-01-01,1325-01-01,1400-01-01,27393,52742,9164.8,"[-98.68, 20.05]","[-98.77, 20.07]"
aztek-imparatorlugu,"aztek-imparatorlugu[1428-01-01,1521-08-13)",1521-08-13,1400-01-01,1430-01-01,1400-01-01,1428-01-01,10226,52743,28815.4,"[-99.36, 19.84]","[-99.41, 19.76]"
creek-konfederasyonu,"creek-konfederasyonu[1701-01-01,1832-03-24)",1832-03-24,1281-01-01,1550-01-01,1281-01-01,1550-01-01,98249,53152,150732.1,"[-84.57, 30.87]","[-84.51, 31.83]"
creek-konfederasyonu,"creek-konfederasyonu[1701-01-01,1832-03-24)",1832-03-24,1281-01-01,1550-01-01,1281-01-01,1550-01-01,98249,23060,14.3,"[-84.61, 29.8]","[-84.51, 31.83]"
creek-konfederasyonu,"creek-konfederasyonu[1701-01-01,1832-03-24)",1832-03-24,1281-01-01,1550-01-01,1281-01-01,1550-01-01,98249,53153,34.1,"[-84.87, 29.68]","[-84.51, 31.83]"
creek-konfederasyonu,"creek-konfederasyonu[1701-01-01,1832-03-24)",1832-03-24,1281-01-01,1550-01-01,1281-01-01,1550-01-01,98249,23182,42.5,"[-85.14, 29.67]","[-84.51, 31.83]"
creek-konfederasyonu,"creek-konfederasyonu[1701-01-01,1832-03-24)",1832-03-24,1550-01-01,1733-06-09,1550-01-01,1701-01-01,55152,53154,190482.3,"[-84.72, 31.31]","[-84.46, 32.25]"
creek-konfederasyonu,"creek-konfederasyonu[1701-01-01,1832-03-24)",1832-03-24,1550-01-01,1733-06-09,1550-01-01,1701-01-01,55152,23181,14.3,"[-84.61, 29.8]","[-84.46, 32.25]"
creek-konfederasyonu,"creek-konfederasyonu[1701-01-01,1832-03-24)",1832-03-24,1550-01-01,1733-06-09,1550-01-01,1701-01-01,55152,53155,34.1,"[-84.87, 29.68]","[-84.46, 32.25]"
creek-konfederasyonu,"creek-konfederasyonu[1701-01-01,1832-03-24)",1832-03-24,1550-01-01,1733-06-09,1550-01-01,1701-01-01,55152,53156,42.5,"[-85.15, 29.67]","[-84.46, 32.25]"
inka-imparatorlugu,"inka-imparatorlugu[1438-01-01,1572-09-24)",1572-09-24,1281-01-01,1450-01-01,1281-01-01,1438-01-01,57342,59296,16757.8,"[-72.27, -13.22]","[-72.11, -13.3]"
ispanyol-peru,"ispanyol-peru[1542-11-20,1824-12-09)",1824-12-09,1519-08-15,1533-06-01,1519-08-15,1533-06-01,5039,59339,21784.0,"[-79.44, 9.04]","[-80.14, 8.97]"
ispanyol-peru,"ispanyol-peru[1542-11-20,1824-12-09)",1824-12-09,1519-08-15,1533-06-01,1519-08-15,1533-06-01,5039,59340,35.1,"[-78.95, 8.41]","[-80.14, 8.97]"
ispanyol-peru,"ispanyol-peru[1542-11-20,1824-12-09)",1824-12-09,1519-08-15,1533-06-01,1519-08-15,1533-06-01,5039,59341,8.5,"[-78.99, 8.46]","[-80.14, 8.97]"
ispanyol-peru,"ispanyol-peru[1542-11-20,1824-12-09)",1824-12-09,1519-08-15,1533-06-01,1519-08-15,1533-06-01,5039,59342,3.4,"[-79.06, 8.62]","[-80.14, 8.97]"
ispanyol-peru,"ispanyol-peru[1542-11-20,1824-12-09)",1824-12-09,1519-08-15,1533-06-01,1519-08-15,1533-06-01,5039,53230,2.7,"[-79.06, 8.49]","[-80.14, 8.97]"
ispanyol-peru,"ispanyol-peru[1542-11-20,1824-12-09)",1824-12-09,1519-08-15,1533-06-01,1519-08-15,1533-06-01,5039,59343,48.8,"[-79.11, 8.25]","[-80.14, 8.97]"
ispanyol-peru,"ispanyol-peru[1542-11-20,1824-12-09)",1824-12-09,1519-08-15,1533-06-01,1519-08-15,1533-06-01,5039,59344,16.2,"[-79.09, 8.4]","[-80.14, 8.97]"
ispanyol-peru,"ispanyol-peru[1542-11-20,1824-12-09)",1824-12-09,1519-08-15,1533-06-01,1519-08-15,1533-06-01,5039,59345,5.7,"[-79.56, 8.79]","[-80.14, 8.97]"
ispanyol-peru,"ispanyol-peru[1542-11-20,1824-12-09)",1824-12-09,1519-08-15,1533-06-01,1519-08-15,1533-06-01,5039,59346,3.0,"[-79.6, 8.6]","[-80.14, 8.97]"
ispanyol-peru,"ispanyol-peru[1542-11-20,1824-12-09)",1824-12-09,1533-06-01,1534-11-01,1533-06-01,1534-11-01,518,59347,22604.5,"[-74.78, 10.28]","[-74.92, 10.22]"
ispanyol-peru,"ispanyol-peru[1542-11-20,1824-12-09)",1824-12-09,1533-06-01,1534-11-01,1533-06-01,1534-11-01,518,59348,17.2,"[-75.56, 10.35]","[-74.92, 10.22]"
ispanyol-peru,"ispanyol-peru[1542-11-20,1824-12-09)",1824-12-09,1533-06-01,1534-11-01,1533-06-01,1534-11-01,518,53221,2.8,"[-75.84, 9.79]","[-74.92, 10.22]"
ispanyol-peru,"ispanyol-peru[1542-11-20,1824-12-09)",1824-12-09,1533-06-01,1534-11-01,1533-06-01,1534-11-01,518,59349,21735.0,"[-79.43, 9.05]","[-74.92, 10.22]"
ispanyol-peru,"ispanyol-peru[1542-11-20,1824-12-09)",1824-12-09,1533-06-01,1534-11-01,1533-06-01,1534-11-01,518,59350,35.1,"[-78.95, 8.42]","[-74.92, 10.22]"
ispanyol-peru,"ispanyol-peru[1542-11-20,1824-12-09)",1824-12-09,1533-06-01,1534-11-01,1533-06-01,1534-11-01,518,59341,8.5,"[-78.99, 8.46]","[-74.92, 10.22]"
ispanyol-peru,"ispanyol-peru[1542-11-20,1824-12-09)",1824-12-09,1533-06-01,1534-11-01,1533-06-01,1534-11-01,518,59342,3.4,"[-79.06, 8.62]","[-74.92, 10.22]"
ispanyol-peru,"ispanyol-peru[1542-11-20,1824-12-09)",1824-12-09,1533-06-01,1534-11-01,1533-06-01,1534-11-01,518,53230,2.7,"[-79.06, 8.49]","[-74.92, 10.22]"
ispanyol-peru,"ispanyol-peru[1542-11-20,1824-12-09)",1824-12-09,1533-06-01,1534-11-01,1533-06-01,1534-11-01,518,59343,48.8,"[-79.11, 8.25]","[-74.92, 10.22]"
ispanyol-peru,"ispanyol-peru[1542-11-20,1824-12-09)",1824-12-09,1533-06-01,1534-11-01,1533-06-01,1534-11-01,518,59344,16.2,"[-79.09, 8.4]","[-74.92, 10.22]"
ispanyol-peru,"ispanyol-peru[1542-11-20,1824-12-09)",1824-12-09,1533-06-01,1534-11-01,1533-06-01,1534-11-01,518,53270,5.7,"[-79.56, 8.79]","[-74.92, 10.22]"
ispanyol-peru,"ispanyol-peru[1542-11-20,1824-12-09)",1824-12-09,1533-06-01,1534-11-01,1533-06-01,1534-11-01,518,59346,3.0,"[-79.6, 8.6]","[-74.92, 10.22]"
ispanyol-peru,"ispanyol-peru[1542-11-20,1824-12-09)",1824-12-09,1534-11-01,1534-12-06,1534-11-01,1534-12-06,35,59351,22625.4,"[-74.79, 10.29]","[-74.92, 10.22]"
ispanyol-peru,"ispanyol-peru[1542-11-20,1824-12-09)",1824-12-09,1534-11-01,1534-12-06,1534-11-01,1534-12-06,35,53241,11.5,"[-75.57, 10.34]","[-74.92, 10.22]"
ispanyol-peru,"ispanyol-peru[1542-11-20,1824-12-09)",1824-12-09,1534-11-01,1534-12-06,1534-11-01,1534-12-06,35,53260,2.8,"[-75.85, 9.79]","[-74.92, 10.22]"
ispanyol-peru,"ispanyol-peru[1542-11-20,1824-12-09)",1824-12-09,1534-11-01,1534-12-06,1534-11-01,1534-12-06,35,59352,21754.5,"[-79.43, 9.05]","[-74.92, 10.22]"
ispanyol-peru,"ispanyol-peru[1542-11-20,1824-12-09)",1824-12-09,1534-11-01,1534-12-06,1534-11-01,1534-12-06,35,59353,7808.0,"[-78.62, -8.56]","[-74.92, 10.22]"
ispanyol-peru,"ispanyol-peru[1542-11-20,1824-12-09)",1824-12-09,1534-11-01,1534-12-06,1534-11-01,1534-12-06,35,59354,7.8,"[-78.6, -9.17]","[-74.92, 10.22]"
ispanyol-peru,"ispanyol-peru[1542-11-20,1824-12-09)",1824-12-09,1534-11-01,1534-12-06,1534-11-01,1534-12-06,35,59355,38.6,"[-78.95, 8.41]","[-74.92, 10.22]"
ispanyol-peru,"ispanyol-peru[1542-11-20,1824-12-09)",1824-12-09,1534-11-01,1534-12-06,1534-11-01,1534-12-06,35,53284,6.8,"[-78.99, 8.46]","[-74.92, 10.22]"
ispanyol-peru,"ispanyol-peru[1542-11-20,1824-12-09)",1824-12-09,1534-11-01,1534-12-06,1534-11-01,1534-12-06,35,59356,3.4,"[-79.06, 8.62]","[-74.92, 10.22]"
ispanyol-peru,"ispanyol-peru[1542-11-20,1824-12-09)",1824-12-09,1534-11-01,1534-12-06,1534-11-01,1534-12-06,35,53250,2.7,"[-79.06, 8.5]","[-74.92, 10.22]"
ispanyol-peru,"ispanyol-peru[1542-11-20,1824-12-09)",1824-12-09,1534-11-01,1534-12-06,1534-11-01,1534-12-06,35,59357,32.6,"[-79.1, 8.25]","[-74.92, 10.22]"
ispanyol-peru,"ispanyol-peru[1542-11-20,1824-12-09)",1824-12-09,1534-11-01,1534-12-06,1534-11-01,1534-12-06,35,59358,8.0,"[-79.1, 8.4]","[-74.92, 10.22]"
ispanyol-peru,"ispanyol-peru[1542-11-20,1824-12-09)",1824-12-09,1534-11-01,1534-12-06,1534-11-01,1534-12-06,35,53287,5.7,"[-79.56, 8.79]","[-74.92, 10.22]"
ispanyol-peru,"ispanyol-peru[1542-11-20,1824-12-09)",1824-12-09,1534-11-01,1534-12-06,1534-11-01,1534-12-06,35,53288,3.0,"[-79.6, 8.6]","[-74.92, 10.22]"
ispanyol-peru,"ispanyol-peru[1542-11-20,1824-12-09)",1824-12-09,1534-12-06,1535-01-18,1534-12-06,1535-01-18,43,59359,22597.0,"[-74.78, 10.28]","[-74.92, 10.22]"
ispanyol-peru,"ispanyol-peru[1542-11-20,1824-12-09)",1824-12-09,1534-12-06,1535-01-18,1534-12-06,1535-01-18,43,53241,11.5,"[-75.57, 10.34]","[-74.92, 10.22]"
ispanyol-peru,"ispanyol-peru[1542-11-20,1824-12-09)",1824-12-09,1534-12-06,1535-01-18,1534-12-06,1535-01-18,43,53260,2.8,"[-75.85, 9.79]","[-74.92, 10.22]"
ispanyol-peru,"ispanyol-peru[1542-11-20,1824-12-09)",1824-12-09,1534-12-06,1535-01-18,1534-12-06,1535-01-18,43,59360,18206.0,"[-78.36, -0.27]","[-74.92, 10.22]"
ispanyol-peru,"ispanyol-peru[1542-11-20,1824-12-09)",1824-12-09,1534-12-06,1535-01-18,1534-12-06,1535-01-18,43,59352,21754.5,"[-79.43, 9.05]","[-74.92, 10.22]"
ispanyol-peru,"ispanyol-peru[1542-11-20,1824-12-09)",1824-12-09,1534-12-06,1535-01-18,1534-12-06,1535-01-18,43,59353,7808.0,"[-78.62, -8.56]","[-74.92, 10.22]"
ispanyol-peru,"ispanyol-peru[1542-11-20,1824-12-09)",1824-12-09,1534-12-06,1535-01-18,1534-12-06,1535-01-18,43,59354,7.8,"[-78.6, -9.17]","[-74.92, 10.22]"
ispanyol-peru,"ispanyol-peru[1542-11-20,1824-12-09)",1824-12-09,1534-12-06,1535-01-18,1534-12-06,1535-01-18,43,59355,38.6,"[-78.95, 8.41]","[-74.92, 10.22]"
ispanyol-peru,"ispanyol-peru[1542-11-20,1824-12-09)",1824-12-09,1534-12-06,1535-01-18,1534-12-06,1535-01-18,43,53284,6.8,"[-78.99, 8.46]","[-74.92, 10.22]"
ispanyol-peru,"ispanyol-peru[1542-11-20,1824-12-09)",1824-12-09,1534-12-06,1535-01-18,1534-12-06,1535-01-18,43,59356,3.4,"[-79.06, 8.62]","[-74.92, 10.22]"
ispanyol-peru,"ispanyol-peru[1542-11-20,1824-12-09)",1824-12-09,1534-12-06,1535-01-18,1534-12-06,1535-01-18,43,53250,2.7,"[-79.06, 8.5]","[-74.92, 10.22]"
ispanyol-peru,"ispanyol-peru[1542-11-20,1824-12-09)",1824-12-09,1534-12-06,1535-01-18,1534-12-06,1535-01-18,43,59357,32.6,"[-79.1, 8.25]","[-74.92, 10.22]"
ispanyol-peru,"ispanyol-peru[1542-11-20,1824-12-09)",1824-12-09,1534-12-06,1535-01-18,1534-12-06,1535-01-18,43,59358,8.0,"[-79.1, 8.4]","[-74.92, 10.22]"
ispanyol-peru,"ispanyol-peru[1542-11-20,1824-12-09)",1824-12-09,1534-12-06,1535-01-18,1534-12-06,1535-01-18,43,59361,5.7,"[-79.56, 8.79]","[-74.92, 10.22]"
ispanyol-peru,"ispanyol-peru[1542-11-20,1824-12-09)",1824-12-09,1534-12-06,1535-01-18,1534-12-06,1535-01-18,43,53288,3.0,"[-79.6, 8.6]","[-74.92, 10.22]"
ispanyol-peru,"ispanyol-peru[1542-11-20,1824-12-09)",1824-12-09,1535-01-18,1537-01-13,1535-01-18,1537-01-13,726,59362,22569.8,"[-74.78, 10.29]","[-74.92, 10.22]"
ispanyol-peru,"ispanyol-peru[1542-11-20,1824-12-09)",1824-12-09,1535-01-18,1537-01-13,1535-01-18,1537-01-13,726,53259,23.5,"[-75.57, 10.35]","[-74.92, 10.22]"
ispanyol-peru,"ispanyol-peru[1542-11-20,1824-12-09)",1824-12-09,1535-01-18,1537-01-13,1535-01-18,1537-01-13,726,53221,2.8,"[-75.84, 9.79]","[-74.92, 10.22]"
ispanyol-peru,"ispanyol-peru[1542-11-20,1824-12-09)",1824-12-09,1535-01-18,1537-01-13,1535-01-18,1537-01-13,726,59363,12203.3,"[-77.01, -11.56]","[-74.92, 10.22]"
ispanyol-peru,"ispanyol-peru[1542-11-20,1824-12-09)",1824-12-09,1535-01-18,1537-01-13,1535-01-18,1537-01-13,726,59364,16.8,"[-77.23, -12.09]","[-74.92, 10.22]"
ispanyol-peru,"ispanyol-peru[1542-11-20,1824-12-09)",1824-12-09,1535-01-18,1537-01-13,1535-01-18,1537-01-13,726,59365,18203.1,"[-78.4, -0.27]","[-74.92, 10.22]"
ispanyol-peru,"ispanyol-peru[1542-11-20,1824-12-09)",1824-12-09,1535-01-18,1537-01-13,1535-01-18,1537-01-13,726,59366,21719.5,"[-79.44, 9.04]","[-74.92, 10.22]"
ispanyol-peru,"ispanyol-peru[1542-11-20,1824-12-09)",1824-12-09,1535-01-18,1537-01-13,1535-01-18,1537-01-13,726,59367,7808.0,"[-78.61, -8.55]","[-74.92, 10.22]"
ispanyol-peru,"ispanyol-peru[1542-11-20,1824-12-09)",1824-12-09,1535-01-18,1537-01-13,1535-01-18,1537-01-13,726,59368,7.8,"[-78.6, -9.17]","[-74.92, 10.22]"
ispanyol-peru,"ispanyol-peru[1542-11-20,1824-12-09)",1824-12-09,1535-01-18,1537-01-13,1535-01-18,1537-01-13,726,59369,36.2,"[-78.95, 8.41]","[-74.92, 10.22]"
ispanyol-peru,"ispanyol-peru[1542-11-20,1824-12-09)",1824-12-09,1535-01-18,1537-01-13,1535-01-18,1537-01-13,726,59370,6.8,"[-78.99, 8.47]","[-74.92, 10.22]"
ispanyol-peru,"ispanyol-peru[1542-11-20,1824-12-09)",1824-12-09,1535-01-18,1537-01-13,1535-01-18,1537-01-13,726,59371,3.4,"[-79.06, 8.62]","[-74.92, 10.22]"
ispanyol-peru,"ispanyol-peru[1542-11-20,1824-12-09)",1824-12-09,1535-01-18,1537-01-13,1535-01-18,1537-01-13,726,53250,2.7,"[-79.06, 8.5]","[-74.92, 10.22]"
ispanyol-peru,"ispanyol-peru[1542-11-20,1824-12-09)",1824-12-09,1535-01-18,1537-01-13,1535-01-18,1537-01-13,726,59372,40.5,"[-79.11, 8.27]","[-74.92, 10.22]"
ispanyol-peru,"ispanyol-peru[1542-11-20,1824-12-09)",1824-12-09,1535-01-18,1537-01-13,1535-01-18,1537-01-13,726,59373,16.2,"[-79.09, 8.4]","[-74.92, 10.22]"
ispanyol-peru,"ispanyol-peru[1542-11-20,1824-12-09)",1824-12-09,1535-01-18,1537-01-13,1535-01-18,1537-01-13,726,59374,5.7,"[-79.55, 8.79]","[-74.92, 10.22]"
ispanyol-peru,"ispanyol-peru[1542-11-20,1824-12-09)",1824-12-09,1535-01-18,1537-01-13,1535-01-18,1537-01-13,726,53254,3.0,"[-79.6, 8.6]","[-74.92, 10.22]"
ispanyol-peru,"ispanyol-peru[1542-11-20,1824-12-09)",1824-12-09,1537-01-13,1538-01-01,1537-01-13,1538-01-01,353,59375,22603.9,"[-74.77, 10.28]","[-76.68, 2.39]"
ispanyol-peru,"ispanyol-peru[1542-11-20,1824-12-09)",1824-12-09,1537-01-13,1538-01-01,1537-01-13,1538-01-01,353,53259,23.5,"[-75.57, 10.35]","[-76.68, 2.39]"
ispanyol-peru,"ispanyol-peru[1542-11-20,1824-12-09)",1824-12-09,1537-01-13,1538-01-01,1537-01-13,1538-01-01,353,53221,2.8,"[-75.84, 9.79]","[-76.68, 2.39]"
ispanyol-peru,"ispanyol-peru[1542-11-20,1824-12-09)",1824-12-09,1537-01-13,1538-01-01,1537-01-13,1538-01-01,353,59376,23366.6,"[-76.92, 2.44]","[-76.68, 2.39]"
ispanyol-peru,"ispanyol-peru[1542-11-20,1824-12-09)",1824-12-09,1537-01-13,1538-01-01,1537-01-13,1538-01-01,353,59363,12203.3,"[-77.01, -11.56]","[-76.68, 2.39]"
ispanyol-peru,"ispanyol-peru[1542-11-20,1824-12-09)",1824-12-09,1537-01-13,1538-01-01,1537-01-13,1538-01-01,353,59364,16.8,"[-77.23, -12.09]","[-76.68, 2.39]"
ispanyol-peru,"ispanyol-peru[1542-11-20,1824-12-09)",1824-12-09,1537-01-13,1538-01-01,1537-01-13,1538-01-01,353,59377,17629.8,"[-78.34, -0.36]","[-76.68, 2.39]"
ispanyol-peru,"ispanyol-peru[1542-11-20,1824-12-09)",1824-12-09,1537-01-13,1538-01-01,1537-01-13,1538-01-01,353,59378,21714.2,"[-79.44, 9.04]","[-76.68, 2.39]"
ispanyol-peru,"ispanyol-peru[1542-11-20,1824-12-09)",1824-12-09,1537-01-13,1538-01-01,1537-01-13,1538-01-01,353,59379,7808.0,"[-78.62, -8.56]","[-76.68, 2.39]"
ispanyol-peru,"ispanyol-peru[1542-11-20,1824-12-09)",1824-12-09,1537-01-13,1538-01-01,1537-01-13,1538-01-01,353,59380,7.8,"[-78.6, -9.17]","[-76.68, 2.39]"
ispanyol-peru,"ispanyol-peru[1542-11-20,1824-12-09)",1824-12-09,1537-01-13,1538-01-01,1537-01-13,1538-01-01,353,59369,36.2,"[-78.95, 8.41]","[-76.68, 2.39]"
ispanyol-peru,"ispanyol-peru[1542-11-20,1824-12-09)",1824-12-09,1537-01-13,1538-01-01,1537-01-13,1538-01-01,353,59370,6.8,"[-78.99, 8.47]","[-76.68, 2.39]"
ispanyol-peru,"ispanyol-peru[1542-11-20,1824-12-09)",1824-12-09,1537-01-13,1538-01-01,1537-01-13,1538-01-01,353,53249,3.4,"[-79.06, 8.62]","[-76.68, 2.39]"
ispanyol-peru,"ispanyol-peru[1542-11-20,1824-12-09)",1824-12-09,1537-01-13,1538-01-01,1537-01-13,1538-01-01,353,53250,2.7,"[-79.06, 8.5]","[-76.68, 2.39]"
ispanyol-peru,"ispanyol-peru[1542-11-20,1824-12-09)",1824-12-09,1537-01-13,1538-01-01,1537-01-13,1538-01-01,353,59372,40.5,"[-79.11, 8.27]","[-76.68, 2.39]"
ispanyol-peru,"ispanyol-peru[1542-11-20,1824-12-09)",1824-12-09,1537-01-13,1538-01-01,1537-01-13,1538-01-01,353,59373,16.2,"[-79.09, 8.4]","[-76.68, 2.39]"
ispanyol-peru,"ispanyol-peru[1542-11-20,1824-12-09)",1824-12-09,1537-01-13,1538-01-01,1537-01-13,1538-01-01,353,53270,5.7,"[-79.56, 8.79]","[-76.68, 2.39]"
ispanyol-peru,"ispanyol-peru[1542-11-20,1824-12-09)",1824-12-09,1537-01-13,1538-01-01,1537-01-13,1538-01-01,353,53254,3.0,"[-79.6, 8.6]","[-76.68, 2.39]"
ispanyol-peru,"ispanyol-peru[1542-11-20,1824-12-09)",1824-12-09,1538-01-01,1538-08-06,1538-01-01,1538-08-06,217,59381,22603.9,"[-74.77, 10.28]","[-79.98, -1.11]"
ispanyol-peru,"ispanyol-peru[1542-11-20,1824-12-09)",1824-12-09,1538-01-01,1538-08-06,1538-01-01,1538-08-06,217,53259,23.5,"[-75.57, 10.35]","[-79.98, -1.11]"
ispanyol-peru,"ispanyol-peru[1542-11-20,1824-12-09)",1824-12-09,1538-01-01,1538-08-06,1538-01-01,1538-08-06,217,53221,2.8,"[-75.84, 9.79]","[-79.98, -1.11]"
ispanyol-peru,"ispanyol-peru[1542-11-20,1824-12-09)",1824-12-09,1538-01-01,1538-08-06,1538-01-01,1538-08-06,217,59382,23369.4,"[-76.93, 2.45]","[-79.98, -1.11]"
ispanyol-peru,"ispanyol-peru[1542-11-20,1824-12-09)",1824-12-09,1538-01-01,1538-08-06,1538-01-01,1538-08-06,217,59363,12203.3,"[-77.01, -11.56]","[-79.98, -1.11]"
ispanyol-peru,"ispanyol-peru[1542-11-20,1824-12-09)",1824-12-09,1538-01-01,1538-08-06,1538-01-01,1538-08-06,217,59364,16.8,"[-77.23, -12.09]","[-79.98, -1.11]"
ispanyol-peru,"ispanyol-peru[1542-11-20,1824-12-09)",1824-12-09,1538-01-01,1538-08-06,1538-01-01,1538-08-06,217,59383,77994.4,"[-79.43, -1.32]","[-79.98, -1.11]"
ispanyol-peru,"ispanyol-peru[1542-11-20,1824-12-09)",1824-12-09,1538-01-01,1538-08-06,1538-01-01,1538-08-06,217,59378,21714.2,"[-79.44, 9.04]","[-79.98, -1.11]"
ispanyol-peru,"ispanyol-peru[1542-11-20,1824-12-09)",1824-12-09,1538-01-01,1538-08-06,1538-01-01,1538-08-06,217,59379,7808.0,"[-78.62, -8.56]","[-79.98, -1.11]"
ispanyol-peru,"ispanyol-peru[1542-11-20,1824-12-09)",1824-12-09,1538-01-01,1538-08-06,1538-01-01,1538-08-06,217,59368,7.8,"[-78.6, -9.17]","[-79.98, -1.11]"
ispanyol-peru,"ispanyol-peru[1542-11-20,1824-12-09)",1824-12-09,1538-01-01,1538-08-06,1538-01-01,1538-08-06,217,59369,36.2,"[-78.95, 8.41]","[-79.98, -1.11]"
ispanyol-peru,"ispanyol-peru[1542-11-20,1824-12-09)",1824-12-09,1538-01-01,1538-08-06,1538-01-01,1538-08-06,217,59370,6.8,"[-78.99, 8.47]","[-79.98, -1.11]"
ispanyol-peru,"ispanyol-peru[1542-11-20,1824-12-09)",1824-12-09,1538-01-01,1538-08-06,1538-01-01,1538-08-06,217,53249,3.4,"[-79.06, 8.62]","[-79.98, -1.11]"
ispanyol-peru,"ispanyol-peru[1542-11-20,1824-12-09)",1824-12-09,1538-01-01,1538-08-06,1538-01-01,1538-08-06,217,53250,2.7,"[-79.06, 8.5]","[-79.98, -1.11]"
ispanyol-peru,"ispanyol-peru[1542-11-20,1824-12-09)",1824-12-09,1538-01-01,1538-08-06,1538-01-01,1538-08-06,217,59372,40.5,"[-79.11, 8.27]","[-79.98, -1.11]"
ispanyol-peru,"ispanyol-peru[1542-11-20,1824-12-09)",1824-12-09,1538-01-01,1538-08-06,1538-01-01,1538-08-06,217,59384,16.2,"[-79.09, 8.4]","[-79.98, -1.11]"
ispanyol-peru,"ispanyol-peru[1542-11-20,1824-12-09)",1824-12-09,1538-01-01,1538-08-06,1538-01-01,1538-08-06,217,59385,5.7,"[-79.56, 8.79]","[-79.98, -1.11]"
ispanyol-peru,"ispanyol-peru[1542-11-20,1824-12-09)",1824-12-09,1538-01-01,1538-08-06,1538-01-01,1538-08-06,217,53254,3.0,"[-79.6, 8.6]","[-79.98, -1.11]"
ispanyol-peru,"ispanyol-peru[1542-11-20,1824-12-09)",1824-12-09,1538-01-01,1538-08-06,1538-01-01,1538-08-06,217,53165,67.3,"[-79.82, -2.54]","[-79.98, -1.11]"
ispanyol-peru,"ispanyol-peru[1542-11-20,1824-12-09)",1824-12-09,1538-01-01,1538-08-06,1538-01-01,1538-08-06,217,59386,591.9,"[-80.11, -2.78]","[-79.98, -1.11]"
ispanyol-peru,"ispanyol-peru[1542-11-20,1824-12-09)",1824-12-09,1538-08-06,1538-11-30,1538-08-06,1538-11-30,116,59387,44216.5,"[-74.09, 5.25]","[-79.98, -1.11]"
ispanyol-peru,"ispanyol-peru[1542-11-20,1824-12-09)",1824-12-09,1538-08-06,1538-11-30,1538-08-06,1538-11-30,116,59381,22603.9,"[-74.77, 10.28]","[-79.98, -1.11]"
ispanyol-peru,"ispanyol-peru[1542-11-20,1824-12-09)",1824-12-09,1538-08-06,1538-11-30,1538-08-06,1538-11-30,116,53259,23.5,"[-75.57, 10.35]","[-79.98, -1.11]"
ispanyol-peru,"ispanyol-peru[1542-11-20,1824-12-09)",1824-12-09,1538-08-06,1538-11-30,1538-08-06,1538-11-30,116,53260,2.8,"[-75.85, 9.79]","[-79.98, -1.11]"
ispanyol-peru,"ispanyol-peru[1542-11-20,1824-12-09)",1824-12-09,1538-08-06,1538-11-30,1538-08-06,1538-11-30,116,59388,23369.4,"[-76.93, 2.45]","[-79.98, -1.11]"
ispanyol-peru,"ispanyol-peru[1542-11-20,1824-12-09)",1824-12-09,1538-08-06,1538-11-30,1538-08-06,1538-11-30,116,59363,12203.3,"[-77.01, -11.56]","[-79.98, -1.11]"
ispanyol-peru,"ispanyol-peru[1542-11-20,1824-12-09)",1824-12-09,1538-08-06,1538-11-30,1538-08-06,1538-11-30,116,59389,16.8,"[-77.22, -12.09]","[-79.98, -1.11]"
ispanyol-peru,"ispanyol-peru[1542-11-20,1824-12-09)",1824-12-09,1538-08-06,1538-11-30,1538-08-06,1538-11-30,116,59390,77994.4,"[-79.43, -1.34]","[-79.98, -1.11]"
ispanyol-peru,"ispanyol-peru[1542-11-20,1824-12-09)",1824-12-09,1538-08-06,1538-11-30,1538-08-06,1538-11-30,116,59391,21719.4,"[-79.44, 9.04]","[-79.98, -1.11]"
ispanyol-peru,"ispanyol-peru[1542-11-20,1824-12-09)",1824-12-09,1538-08-06,1538-11-30,1538-08-06,1538-11-30,116,59392,7804.4,"[-78.61, -8.54]","[-79.98, -1.11]"
ispanyol-peru,"ispanyol-peru[1542-11-20,1824-12-09)",1824-12-09,1538-08-06,1538-11-30,1538-08-06,1538-11-30,116,59380,7.8,"[-78.6, -9.17]","[-79.98, -1.11]"
ispanyol-peru,"ispanyol-peru[1542-11-20,1824-12-09)",1824-12-09,1538-08-06,1538-11-30,1538-08-06,1538-11-30,116,59369,36.2,"[-78.95, 8.41]","[-79.98, -1.11]"
ispanyol-peru,"ispanyol-peru[1542-11-20,1824-12-09)",1824-12-09,1538-08-06,1538-11-30,1538-08-06,1538-11-30,116,53267,9.6,"[-78.99, 8.47]","[-79.98, -1.11]"
ispanyol-peru,"ispanyol-peru[1542-11-20,1824-12-09)",1824-12-09,1538-08-06,1538-11-30,1538-08-06,1538-11-30,116,53249,3.4,"[-79.06, 8.62]","[-79.98, -1.11]"
ispanyol-peru,"ispanyol-peru[1542-11-20,1824-12-09)",1824-12-09,1538-08-06,1538-11-30,1538-08-06,1538-11-30,116,53250,2.7,"[-79.06, 8.5]","[-79.98, -1.11]"
ispanyol-peru,"ispanyol-peru[1542-11-20,1824-12-09)",1824-12-09,1538-08-06,1538-11-30,1538-08-06,1538-11-30,116,59372,40.5,"[-79.11, 8.27]","[-79.98, -1.11]"
ispanyol-peru,"ispanyol-peru[1542-11-20,1824-12-09)",1824-12-09,1538-08-06,1538-11-30,1538-08-06,1538-11-30,116,59384,16.2,"[-79.09, 8.4]","[-79.98, -1.11]"
ispanyol-peru,"ispanyol-peru[1542-11-20,1824-12-09)",1824-12-09,1538-08-06,1538-11-30,1538-08-06,1538-11-30,116,53270,5.7,"[-79.56, 8.79]","[-79.98, -1.11]"
ispanyol-peru,"ispanyol-peru[1542-11-20,1824-12-09)",1824-12-09,1538-08-06,1538-11-30,1538-08-06,1538-11-30,116,53271,3.0,"[-79.6, 8.6]","[-79.98, -1.11]"
ispanyol-peru,"ispanyol-peru[1542-11-20,1824-12-09)",1824-12-09,1538-08-06,1538-11-30,1538-08-06,1538-11-30,116,53165,67.3,"[-79.82, -2.54]","[-79.98, -1.11]"
ispanyol-peru,"ispanyol-peru[1542-11-20,1824-12-09)",1824-12-09,1538-08-06,1538-11-30,1538-08-06,1538-11-30,116,59386,591.9,"[-80.11, -2.78]","[-79.98, -1.11]"
ispanyol-peru,"ispanyol-peru[1542-11-20,1824-12-09)",1824-12-09,1538-11-30,1539-01-09,1538-11-30,1539-01-09,40,59393,40245.3,"[-65.56, -19.54]","[-65.55, -19.16]"
ispanyol-peru,"ispanyol-peru[1542-11-20,1824-12-09)",1824-12-09,1538-11-30,1539-01-09,1538-11-30,1539-01-09,40,59394,44161.8,"[-74.08, 5.24]","[-65.55, -19.16]"
ispanyol-peru,"ispanyol-peru[1542-11-20,1824-12-09)",1824-12-09,1538-11-30,1539-01-09,1538-11-30,1539-01-09,40,59381,22603.9,"[-74.77, 10.28]","[-65.55, -19.16]"
ispanyol-peru,"ispanyol-peru[1542-11-20,1824-12-09)",1824-12-09,1538-11-30,1539-01-09,1538-11-30,1539-01-09,40,53259,23.5,"[-75.57, 10.35]","[-65.55, -19.16]"
ispanyol-peru,"ispanyol-peru[1542-11-20,1824-12-09)",1824-12-09,1538-11-30,1539-01-09,1538-11-30,1539-01-09,40,53260,2.8,"[-75.85, 9.79]","[-65.55, -19.16]"
ispanyol-peru,"ispanyol-peru[1542-11-20,1824-12-09)",1824-12-09,1538-11-30,1539-01-09,1538-11-30,1539-01-09,40,59382,23369.4,"[-76.93, 2.45]","[-65.55, -19.16]"
ispanyol-peru,"ispanyol-peru[1542-11-20,1824-12-09)",1824-12-09,1538-11-30,1539-01-09,1538-11-30,1539-01-09,40,59363,12203.3,"[-77.01, -11.56]","[-65.55, -19.16]"
ispanyol-peru,"ispanyol-peru[1542-11-20,1824-12-09)",1824-12-09,1538-11-30,1539-01-09,1538-11-30,1539-01-09,40,59389,16.8,"[-77.22, -12.09]","[-65.55, -19.16]"
ispanyol-peru,"ispanyol-peru[1542-11-20,1824-12-09)",1824-12-09,1538-11-30,1539-01-09,1538-11-30,1539-01-09,40,59383,77994.4,"[-79.43, -1.32]","[-65.55, -19.16]"
ispanyol-peru,"ispanyol-peru[1542-11-20,1824-12-09)",1824-12-09,1538-11-30,1539-01-09,1538-11-30,1539-01-09,40,59395,21714.2,"[-79.44, 9.04]","[-65.55, -19.16]"
ispanyol-peru,"ispanyol-peru[1542-11-20,1824-12-09)",1824-12-09,1538-11-30,1539-01-09,1538-11-30,1539-01-09,40,59396,7808.0,"[-78.62, -8.56]","[-65.55, -19.16]"
ispanyol-peru,"ispanyol-peru[1542-11-20,1824-12-09)",1824-12-09,1538-11-30,1539-01-09,1538-11-30,1539-01-09,40,59380,7.8,"[-78.6, -9.17]","[-65.55, -19.16]"
ispanyol-peru,"ispanyol-peru[1542-11-20,1824-12-09)",1824-12-09,1538-11-30,1539-01-09,1538-11-30,1539-01-09,40,59369,36.2,"[-78.95, 8.41]","[-65.55, -19.16]"
ispanyol-peru,"ispanyol-peru[1542-11-20,1824-12-09)",1824-12-09,1538-11-30,1539-01-09,1538-11-30,1539-01-09,40,53267,9.6,"[-78.99, 8.47]","[-65.55, -19.16]"
ispanyol-peru,"ispanyol-peru[1542-11-20,1824-12-09)",1824-12-09,1538-11-30,1539-01-09,1538-11-30,1539-01-09,40,53249,3.4,"[-79.06, 8.62]","[-65.55, -19.16]"
ispanyol-peru,"ispanyol-peru[1542-11-20,1824-12-09)",1824-12-09,1538-11-30,1539-01-09,1538-11-30,1539-01-09,40,53250,2.7,"[-79.06, 8.5]","[-65.55, -19.16]"
ispanyol-peru,"ispanyol-peru[1542-11-20,1824-12-09)",1824-12-09,1538-11-30,1539-01-09,1538-11-30,1539-01-09,40,59372,40.5,"[-79.11, 8.27]","[-65.55, -19.16]"
ispanyol-peru,"ispanyol-peru[1542-11-20,1824-12-09)",1824-12-09,1538-11-30,1539-01-09,1538-11-30,1539-01-09,40,59384,16.2,"[-79.09, 8.4]","[-65.55, -19.16]"
ispanyol-peru,"ispanyol-peru[1542-11-20,1824-12-09)",1824-12-09,1538-11-30,1539-01-09,1538-11-30,1539-01-09,40,59385,5.7,"[-79.56, 8.79]","[-65.55, -19.16]"
ispanyol-peru,"ispanyol-peru[1542-11-20,1824-12-09)",1824-12-09,1538-11-30,1539-01-09,1538-11-30,1539-01-09,40,53271,3.0,"[-79.6, 8.6]","[-65.55, -19.16]"
ispanyol-peru,"ispanyol-peru[1542-11-20,1824-12-09)",1824-12-09,1538-11-30,1539-01-09,1538-11-30,1539-01-09,40,53165,67.3,"[-79.82, -2.54]","[-65.55, -19.16]"
ispanyol-peru,"ispanyol-peru[1542-11-20,1824-12-09)",1824-12-09,1538-11-30,1539-01-09,1538-11-30,1539-01-09,40,59386,591.9,"[-80.11, -2.78]","[-65.55, -19.16]"
ispanyol-peru,"ispanyol-peru[1542-11-20,1824-12-09)",1824-12-09,1539-01-09,1539-08-06,1539-01-09,1539-08-06,209,59397,40214.3,"[-65.53, -19.53]","[-75.55, -12.45]"
ispanyol-peru,"ispanyol-peru[1542-11-20,1824-12-09)",1824-12-09,1539-01-09,1539-08-06,1539-01-09,1539-08-06,209,59398,44185.0,"[-74.13, 5.2]","[-75.55, -12.45]"
ispanyol-peru,"ispanyol-peru[1542-11-20,1824-12-09)",1824-12-09,1539-01-09,1539-08-06,1539-01-09,1539-08-06,209,59399,53491.1,"[-75.5, -12.38]","[-75.55, -12.45]"
ispanyol-peru,"ispanyol-peru[1542-11-20,1824-12-09)",1824-12-09,1539-01-09,1539-08-06,1539-01-09,1539-08-06,209,59381,22603.9,"[-74.77, 10.28]","[-75.55, -12.45]"
ispanyol-peru,"ispanyol-peru[1542-11-20,1824-12-09)",1824-12-09,1539-01-09,1539-08-06,1539-01-09,1539-08-06,209,53259,23.5,"[-75.57, 10.35]","[-75.55, -12.45]"
ispanyol-peru,"ispanyol-peru[1542-11-20,1824-12-09)",1824-12-09,1539-01-09,1539-08-06,1539-01-09,1539-08-06,209,53260,2.8,"[-75.85, 9.79]","[-75.55, -12.45]"
ispanyol-peru,"ispanyol-peru[1542-11-20,1824-12-09)",1824-12-09,1539-01-09,1539-08-06,1539-01-09,1539-08-06,209,59400,23369.2,"[-76.93, 2.44]","[-75.55, -12.45]"
ispanyol-peru,"ispanyol-peru[1542-11-20,1824-12-09)",1824-12-09,1539-01-09,1539-08-06,1539-01-09,1539-08-06,209,59389,16.8,"[-77.22, -12.09]","[-75.55, -12.45]"
ispanyol-peru,"ispanyol-peru[1542-11-20,1824-12-09)",1824-12-09,1539-01-09,1539-08-06,1539-01-09,1539-08-06,209,59401,77994.4,"[-79.43, -1.32]","[-75.55, -12.45]"
ispanyol-peru,"ispanyol-peru[1542-11-20,1824-12-09)",1824-12-09,1539-01-09,1539-08-06,1539-01-09,1539-08-06,209,59378,21714.2,"[-79.44, 9.04]","[-75.55, -12.45]"
ispanyol-peru,"ispanyol-peru[1542-11-20,1824-12-09)",1824-12-09,1539-01-09,1539-08-06,1539-01-09,1539-08-06,209,59402,7808.0,"[-78.62, -8.56]","[-75.55, -12.45]"
ispanyol-peru,"ispanyol-peru[1542-11-20,1824-12-09)",1824-12-09,1539-01-09,1539-08-06,1539-01-09,1539-08-06,209,59380,7.8,"[-78.6, -9.17]","[-75.55, -12.45]"
ispanyol-peru,"ispanyol-peru[1542-11-20,1824-12-09)",1824-12-09,1539-01-09,1539-08-06,1539-01-09,1539-08-06,209,59369,36.2,"[-78.95, 8.41]","[-75.55, -12.45]"
ispanyol-peru,"ispanyol-peru[1542-11-20,1824-12-09)",1824-12-09,1539-01-09,1539-08-06,1539-01-09,1539-08-06,209,53267,9.6,"[-78.99, 8.47]","[-75.55, -12.45]"
ispanyol-peru,"ispanyol-peru[1542-11-20,1824-12-09)",1824-12-09,1539-01-09,1539-08-06,1539-01-09,1539-08-06,209,53249,3.4,"[-79.06, 8.62]","[-75.55, -12.45]"
ispanyol-peru,"ispanyol-peru[1542-11-20,1824-12-09)",1824-12-09,1539-01-09,1539-08-06,1539-01-09,1539-08-06,209,53250,2.7,"[-79.06, 8.5]","[-75.55, -12.45]"
ispanyol-peru,"ispanyol-peru[1542-11-20,1824-12-09)",1824-12-09,1539-01-09,1539-08-06,1539-01-09,1539-08-06,209,59372,40.5,"[-79.11, 8.27]","[-75.55, -12.45]"
ispanyol-peru,"ispanyol-peru[1542-11-20,1824-12-09)",1824-12-09,1539-01-09,1539-08-06,1539-01-09,1539-08-06,209,59384,16.2,"[-79.09, 8.4]","[-75.55, -12.45]"
ispanyol-peru,"ispanyol-peru[1542-11-20,1824-12-09)",1824-12-09,1539-01-09,1539-08-06,1539-01-09,1539-08-06,209,59361,5.7,"[-79.56, 8.79]","[-75.55, -12.45]"
ispanyol-peru,"ispanyol-peru[1542-11-20,1824-12-09)",1824-12-09,1539-01-09,1539-08-06,1539-01-09,1539-08-06,209,53271,3.0,"[-79.6, 8.6]","[-75.55, -12.45]"
ispanyol-peru,"ispanyol-peru[1542-11-20,1824-12-09)",1824-12-09,1539-01-09,1539-08-06,1539-01-09,1539-08-06,209,53165,67.3,"[-79.82, -2.54]","[-75.55, -12.45]"
ispanyol-peru,"ispanyol-peru[1542-11-20,1824-12-09)",1824-12-09,1539-01-09,1539-08-06,1539-01-09,1539-08-06,209,59386,591.9,"[-80.11, -2.78]","[-75.55, -12.45]"
ispanyol-peru,"ispanyol-peru[1542-11-20,1824-12-09)",1824-12-09,1539-08-06,1540-08-15,1539-08-06,1540-08-15,375,59403,40220.7,"[-65.52, -19.51]","[-74.14, 5.18]"
ispanyol-peru,"ispanyol-peru[1542-11-20,1824-12-09)",1824-12-09,1539-08-06,1540-08-15,1539-08-06,1540-08-15,375,59404,43.0,"[-72.31, 5.81]","[-74.14, 5.18]"
ispanyol-peru,"ispanyol-peru[1542-11-20,1824-12-09)",1824-12-09,1539-08-06,1540-08-15,1539-08-06,1540-08-15,375,59405,68607.5,"[-73.9, 5.45]","[-74.14, 5.18]"
ispanyol-peru,"ispanyol-peru[1542-11-20,1824-12-09)",1824-12-09,1539-08-06,1540-08-15,1539-08-06,1540-08-15,375,59406,53491.1,"[-75.5, -12.38]","[-74.14, 5.18]"
ispanyol-peru,"ispanyol-peru[1542-11-20,1824-12-09)",1824-12-09,1539-08-06,1540-08-15,1539-08-06,1540-08-15,375,59407,22569.8,"[-74.78, 10.29]","[-74.14, 5.18]"
ispanyol-peru,"ispanyol-peru[1542-11-20,1824-12-09)",1824-12-09,1539-08-06,1540-08-15,1539-08-06,1540-08-15,375,53259,23.5,"[-75.57, 10.35]","[-74.14, 5.18]"
ispanyol-peru,"ispanyol-peru[1542-11-20,1824-12-09)",1824-12-09,1539-08-06,1540-08-15,1539-08-06,1540-08-15,375,53260,2.8,"[-75.85, 9.79]","[-74.14, 5.18]"
ispanyol-peru,"ispanyol-peru[1542-11-20,1824-12-09)",1824-12-09,1539-08-06,1540-08-15,1539-08-06,1540-08-15,375,59408,23369.2,"[-76.93, 2.44]","[-74.14, 5.18]"
ispanyol-peru,"ispanyol-peru[1542-11-20,1824-12-09)",1824-12-09,1539-08-06,1540-08-15,1539-08-06,1540-08-15,375,59389,16.8,"[-77.22, -12.09]","[-74.14, 5.18]"
ispanyol-peru,"ispanyol-peru[1542-11-20,1824-12-09)",1824-12-09,1539-08-06,1540-08-15,1539-08-06,1540-08-15,375,59401,77994.4,"[-79.43, -1.32]","[-74.14, 5.18]"
ispanyol-peru,"ispanyol-peru[1542-11-20,1824-12-09)",1824-12-09,1539-08-06,1540-08-15,1539-08-06,1540-08-15,375,59391,21719.4,"[-79.44, 9.04]","[-74.14, 5.18]"
ispanyol-peru,"ispanyol-peru[1542-11-20,1824-12-09)",1824-12-09,1539-08-06,1540-08-15,1539-08-06,1540-08-15,375,59409,7808.0,"[-78.62, -8.56]","[-74.14, 5.18]"
ispanyol-peru,"ispanyol-peru[1542-11-20,1824-12-09)",1824-12-09,1539-08-06,1540-08-15,1539-08-06,1540-08-15,375,59368,7.8,"[-78.6, -9.17]","[-74.14, 5.18]"
ispanyol-peru,"ispanyol-peru[1542-11-20,1824-12-09)",1824-12-09,1539-08-06,1540-08-15,1539-08-06,1540-08-15,375,59369,36.2,"[-78.95, 8.41]","[-74.14, 5.18]"
ispanyol-peru,"ispanyol-peru[1542-11-20,1824-12-09)",1824-12-09,1539-08-06,1540-08-15,1539-08-06,1540-08-15,375,53267,9.6,"[-78.99, 8.47]","[-74.14, 5.18]"
ispanyol-peru,"ispanyol-peru[1542-11-20,1824-12-09)",1824-12-09,1539-08-06,1540-08-15,1539-08-06,1540-08-15,375,53249,3.4,"[-79.06, 8.62]","[-74.14, 5.18]"
ispanyol-peru,"ispanyol-peru[1542-11-20,1824-12-09)",1824-12-09,1539-08-06,1540-08-15,1539-08-06,1540-08-15,375,53230,2.7,"[-79.06, 8.49]","[-74.14, 5.18]"
ispanyol-peru,"ispanyol-peru[1542-11-20,1824-12-09)",1824-12-09,1539-08-06,1540-08-15,1539-08-06,1540-08-15,375,59372,40.5,"[-79.11, 8.27]","[-74.14, 5.18]"
ispanyol-peru,"ispanyol-peru[1542-11-20,1824-12-09)",1824-12-09,1539-08-06,1540-08-15,1539-08-06,1540-08-15,375,59384,16.2,"[-79.09, 8.4]","[-74.14, 5.18]"
ispanyol-peru,"ispanyol-peru[1542-11-20,1824-12-09)",1824-12-09,1539-08-06,1540-08-15,1539-08-06,1540-08-15,375,53287,5.7,"[-79.56, 8.79]","[-74.14, 5.18]"
ispanyol-peru,"ispanyol-peru[1542-11-20,1824-12-09)",1824-12-09,1539-08-06,1540-08-15,1539-08-06,1540-08-15,375,53271,3.0,"[-79.6, 8.6]","[-74.14, 5.18]"
ispanyol-peru,"ispanyol-peru[1542-11-20,1824-12-09)",1824-12-09,1539-08-06,1540-08-15,1539-08-06,1540-08-15,375,53165,67.3,"[-79.82, -2.54]","[-74.14, 5.18]"
ispanyol-peru,"ispanyol-peru[1542-11-20,1824-12-09)",1824-12-09,1539-08-06,1540-08-15,1539-08-06,1540-08-15,375,59386,591.9,"[-80.11, -2.78]","[-74.14, 5.18]"
ispanyol-peru,"ispanyol-peru[1542-11-20,1824-12-09)",1824-12-09,1540-08-15,1541-02-12,1540-08-15,1541-02-12,181,59410,40214.2,"[-65.51, -19.51]","[-74.14, 5.18]"
ispanyol-peru,"ispanyol-peru[1542-11-20,1824-12-09)",1824-12-09,1540-08-15,1541-02-12,1540-08-15,1541-02-12,181,59411,26605.6,"[-71.38, -16.22]","[-74.14, 5.18]"
ispanyol-peru,"ispanyol-peru[1542-11-20,1824-12-09)",1824-12-09,1540-08-15,1541-02-12,1540-08-15,1541-02-12,181,59412,9.0,"[-71.98, -15.43]","[-74.14, 5.18]"
ispanyol-peru,"ispanyol-peru[1542-11-20,1824-12-09)",1824-12-09,1540-08-15,1541-02-12,1540-08-15,1541-02-12,181,59413,47.5,"[-72.33, 5.79]","[-74.14, 5.18]"
ispanyol-peru,"ispanyol-peru[1542-11-20,1824-12-09)",1824-12-09,1540-08-15,1541-02-12,1540-08-15,1541-02-12,181,59414,68553.1,"[-73.86, 5.39]","[-74.14, 5.18]"
ispanyol-peru,"ispanyol-peru[1542-11-20,1824-12-09)",1824-12-09,1540-08-15,1541-02-12,1540-08-15,1541-02-12,181,59415,53440.3,"[-75.87, -12.29]","[-74.14, 5.18]"
ispanyol-peru,"ispanyol-peru[1542-11-20,1824-12-09)",1824-12-09,1540-08-15,1541-02-12,1540-08-15,1541-02-12,181,59416,22604.1,"[-74.77, 10.28]","[-74.14, 5.18]"
ispanyol-peru,"ispanyol-peru[1542-11-20,1824-12-09)",1824-12-09,1540-08-15,1541-02-12,1540-08-15,1541-02-12,181,53259,23.5,"[-75.57, 10.35]","[-74.14, 5.18]"
ispanyol-peru,"ispanyol-peru[1542-11-20,1824-12-09)",1824-12-09,1540-08-15,1541-02-12,1540-08-15,1541-02-12,181,53260,2.8,"[-75.85, 9.79]","[-74.14, 5.18]"
ispanyol-peru,"ispanyol-peru[1542-11-20,1824-12-09)",1824-12-09,1540-08-15,1541-02-12,1540-08-15,1541-02-12,181,59417,23369.6,"[-76.93, 2.46]","[-74.14, 5.18]"
ispanyol-peru,"ispanyol-peru[1542-11-20,1824-12-09)",1824-12-09,1540-08-15,1541-02-12,1540-08-15,1541-02-12,181,59389,16.8,"[-77.22, -12.09]","[-74.14, 5.18]"
ispanyol-peru,"ispanyol-peru[1542-11-20,1824-12-09)",1824-12-09,1540-08-15,1541-02-12,1540-08-15,1541-02-12,181,59383,77994.4,"[-79.43, -1.32]","[-74.14, 5.18]"
ispanyol-peru,"ispanyol-peru[1542-11-20,1824-12-09)",1824-12-09,1540-08-15,1541-02-12,1540-08-15,1541-02-12,181,59391,21719.4,"[-79.44, 9.04]","[-74.14, 5.18]"
ispanyol-peru,"ispanyol-peru[1542-11-20,1824-12-09)",1824-12-09,1540-08-15,1541-02-12,1540-08-15,1541-02-12,181,59418,7808.0,"[-78.62, -8.56]","[-74.14, 5.18]"
ispanyol-peru,"ispanyol-peru[1542-11-20,1824-12-09)",1824-12-09,1540-08-15,1541-02-12,1540-08-15,1541-02-12,181,59368,7.8,"[-78.6, -9.17]","[-74.14, 5.18]"
ispanyol-peru,"ispanyol-peru[1542-11-20,1824-12-09)",1824-12-09,1540-08-15,1541-02-12,1540-08-15,1541-02-12,181,59369,36.2,"[-78.95, 8.41]","[-74.14, 5.18]"
ispanyol-peru,"ispanyol-peru[1542-11-20,1824-12-09)",1824-12-09,1540-08-15,1541-02-12,1540-08-15,1541-02-12,181,53267,9.6,"[-78.99, 8.47]","[-74.14, 5.18]"
ispanyol-peru,"ispanyol-peru[1542-11-20,1824-12-09)",1824-12-09,1540-08-15,1541-02-12,1540-08-15,1541-02-12,181,53249,3.4,"[-79.06, 8.62]","[-74.14, 5.18]"
ispanyol-peru,"ispanyol-peru[1542-11-20,1824-12-09)",1824-12-09,1540-08-15,1541-02-12,1540-08-15,1541-02-12,181,53230,2.7,"[-79.06, 8.49]","[-74.14, 5.18]"
ispanyol-peru,"ispanyol-peru[1542-11-20,1824-12-09)",1824-12-09,1540-08-15,1541-02-12,1540-08-15,1541-02-12,181,59419,42.8,"[-79.11, 8.27]","[-74.14, 5.18]"
ispanyol-peru,"ispanyol-peru[1542-11-20,1824-12-09)",1824-12-09,1540-08-15,1541-02-12,1540-08-15,1541-02-12,181,59384,16.2,"[-79.09, 8.4]","[-74.14, 5.18]"
ispanyol-peru,"ispanyol-peru[1542-11-20,1824-12-09)",1824-12-09,1540-08-15,1541-02-12,1540-08-15,1541-02-12,181,53287,5.7,"[-79.56, 8.79]","[-74.14, 5.18]"
ispanyol-peru,"ispanyol-peru[1542-11-20,1824-12-09)",1824-12-09,1540-08-15,1541-02-12,1540-08-15,1541-02-12,181,53271,3.0,"[-79.6, 8.6]","[-74.14, 5.18]"
ispanyol-peru,"ispanyol-peru[1542-11-20,1824-12-09)",1824-12-09,1540-08-15,1541-02-12,1540-08-15,1541-02-12,181,53165,67.3,"[-79.82, -2.54]","[-74.14, 5.18]"
ispanyol-peru,"ispanyol-peru[1542-11-20,1824-12-09)",1824-12-09,1540-08-15,1541-02-12,1540-08-15,1541-02-12,181,59386,591.9,"[-80.11, -2.78]","[-74.14, 5.18]"
ispanyol-peru,"ispanyol-peru[1542-11-20,1824-12-09)",1824-12-09,1541-02-12,1542-11-20,1541-02-12,1542-11-20,646,59420,40197.5,"[-65.49, -19.49]","[-74.14, 5.18]"
ispanyol-peru,"ispanyol-peru[1542-11-20,1824-12-09)",1824-12-09,1541-02-12,1542-11-20,1541-02-12,1542-11-20,646,59421,49292.2,"[-71.07, -33.34]","[-74.14, 5.18]"
ispanyol-peru,"ispanyol-peru[1542-11-20,1824-12-09)",1824-12-09,1541-02-12,1542-11-20,1541-02-12,1542-11-20,646,59422,26598.8,"[-71.37, -16.2]","[-74.14, 5.18]"
ispanyol-peru,"ispanyol-peru[1542-11-20,1824-12-09)",1824-12-09,1541-02-12,1542-11-20,1541-02-12,1542-11-20,646,59423,9.0,"[-71.98, -15.43]","[-74.14, 5.18]"
ispanyol-peru,"ispanyol-peru[1542-11-20,1824-12-09)",1824-12-09,1541-02-12,1542-11-20,1541-02-12,1542-11-20,646,59404,43.0,"[-72.31, 5.81]","[-74.14, 5.18]"
ispanyol-peru,"ispanyol-peru[1542-11-20,1824-12-09)",1824-12-09,1541-02-12,1542-11-20,1541-02-12,1542-11-20,646,59424,68447.2,"[-73.86, 5.4]","[-74.14, 5.18]"
ispanyol-peru,"ispanyol-peru[1542-11-20,1824-12-09)",1824-12-09,1541-02-12,1542-11-20,1541-02-12,1542-11-20,646,59425,53518.3,"[-75.46, -12.38]","[-74.14, 5.18]"
ispanyol-peru,"ispanyol-peru[1542-11-20,1824-12-09)",1824-12-09,1541-02-12,1542-11-20,1541-02-12,1542-11-20,646,59426,22569.8,"[-74.78, 10.29]","[-74.14, 5.18]"
ispanyol-peru,"ispanyol-peru[1542-11-20,1824-12-09)",1824-12-09,1541-02-12,1542-11-20,1541-02-12,1542-11-20,646,53259,23.5,"[-75.57, 10.35]","[-74.14, 5.18]"
ispanyol-peru,"ispanyol-peru[1542-11-20,1824-12-09)",1824-12-09,1541-02-12,1542-11-20,1541-02-12,1542-11-20,646,53260,2.8,"[-75.85, 9.79]","[-74.14, 5.18]"
ispanyol-peru,"ispanyol-peru[1542-11-20,1824-12-09)",1824-12-09,1541-02-12,1542-11-20,1541-02-12,1542-11-20,646,59427,23369.4,"[-76.92, 2.46]","[-74.14, 5.18]"
ispanyol-peru,"ispanyol-peru[1542-11-20,1824-12-09)",1824-12-09,1541-02-12,1542-11-20,1541-02-12,1542-11-20,646,59389,16.8,"[-77.22, -12.09]","[-74.14, 5.18]"
ispanyol-peru,"ispanyol-peru[1542-11-20,1824-12-09)",1824-12-09,1541-02-12,1542-11-20,1541-02-12,1542-11-20,646,59428,77994.3,"[-79.43, -1.34]","[-74.14, 5.18]"
ispanyol-peru,"ispanyol-peru[1542-11-20,1824-12-09)",1824-12-09,1541-02-12,1542-11-20,1541-02-12,1542-11-20,646,59378,21714.2,"[-79.44, 9.04]","[-74.14, 5.18]"
ispanyol-peru,"ispanyol-peru[1542-11-20,1824-12-09)",1824-12-09,1541-02-12,1542-11-20,1541-02-12,1542-11-20,646,59429,7808.0,"[-78.62, -8.56]","[-74.14, 5.18]"
ispanyol-peru,"ispanyol-peru[1542-11-20,1824-12-09)",1824-12-09,1541-02-12,1542-11-20,1541-02-12,1542-11-20,646,59368,7.8,"[-78.6, -9.17]","[-74.14, 5.18]"
ispanyol-peru,"ispanyol-peru[1542-11-20,1824-12-09)",1824-12-09,1541-02-12,1542-11-20,1541-02-12,1542-11-20,646,59369,36.2,"[-78.95, 8.41]","[-74.14, 5.18]"
ispanyol-peru,"ispanyol-peru[1542-11-20,1824-12-09)",1824-12-09,1541-02-12,1542-11-20,1541-02-12,1542-11-20,646,53267,9.6,"[-78.99, 8.47]","[-74.14, 5.18]"
ispanyol-peru,"ispanyol-peru[1542-11-20,1824-12-09)",1824-12-09,1541-02-12,1542-11-20,1541-02-12,1542-11-20,646,53249,3.4,"[-79.06, 8.62]","[-74.14, 5.18]"
ispanyol-peru,"ispanyol-peru[1542-11-20,1824-12-09)",1824-12-09,1541-02-12,1542-11-20,1541-02-12,1542-11-20,646,53250,2.7,"[-79.06, 8.5]","[-74.14, 5.18]"
ispanyol-peru,"ispanyol-peru[1542-11-20,1824-12-09)",1824-12-09,1541-02-12,1542-11-20,1541-02-12,1542-11-20,646,59419,42.8,"[-79.11, 8.27]","[-74.14, 5.18]"
ispanyol-peru,"ispanyol-peru[1542-11-20,1824-12-09)",1824-12-09,1541-02-12,1542-11-20,1541-02-12,1542-11-20,646,59384,16.2,"[-79.09, 8.4]","[-74.14, 5.18]"
ispanyol-peru,"ispanyol-peru[1542-11-20,1824-12-09)",1824-12-09,1541-02-12,1542-11-20,1541-02-12,1542-11-20,646,59361,5.7,"[-79.56, 8.79]","[-74.14, 5.18]"
ispanyol-peru,"ispanyol-peru[1542-11-20,1824-12-09)",1824-12-09,1541-02-12,1542-11-20,1541-02-12,1542-11-20,646,53271,3.0,"[-79.6, 8.6]","[-74.14, 5.18]"
ispanyol-peru,"ispanyol-peru[1542-11-20,1824-12-09)",1824-12-09,1541-02-12,1542-11-20,1541-02-12,1542-11-20,646,53165,67.3,"[-79.82, -2.54]","[-74.14, 5.18]"
ispanyol-peru,"ispanyol-peru[1542-11-20,1824-12-09)",1824-12-09,1541-02-12,1542-11-20,1541-02-12,1542-11-20,646,59386,591.9,"[-80.11, -2.78]","[-74.14, 5.18]"
portekiz-brezilyasi,"portekiz-brezilyasi[1549-01-01,1822-09-07)",1822-09-07,1535-01-01,1549-01-01,1535-01-01,1549-01-01,5114,60417,33818.9,"[-35.29, -7.92]","[-35.52, -7.84]"
portekiz-brezilyasi,"portekiz-brezilyasi[1549-01-01,1822-09-07)",1822-09-07,1535-01-01,1549-01-01,1535-01-01,1549-01-01,5114,60418,31.5,"[-34.85, -7.78]","[-35.52, -7.84]"
powhatan,"powhatan[1501-01-01,1646-10-01)",1646-10-01,1281-01-01,1646-10-01,1281-01-01,1501-01-01,80352,60729,97.3,"[-75.33, 37.93]","[-77.32, 36.94]"
powhatan,"powhatan[1501-01-01,1646-10-01)",1646-10-01,1281-01-01,1646-10-01,1281-01-01,1501-01-01,80352,19274,6.0,"[-75.16, 38.24]","[-77.32, 36.94]"
powhatan,"powhatan[1501-01-01,1646-10-01)",1646-10-01,1281-01-01,1646-10-01,1281-01-01,1501-01-01,80352,60730,6.5,"[-75.29, 38.13]","[-77.32, 36.94]"
powhatan,"powhatan[1501-01-01,1646-10-01)",1646-10-01,1281-01-01,1646-10-01,1281-01-01,1501-01-01,80352,19809,11.4,"[-75.37, 37.92]","[-77.32, 36.94]"
powhatan,"powhatan[1501-01-01,1646-10-01)",1646-10-01,1281-01-01,1646-10-01,1281-01-01,1501-01-01,80352,60731,55.7,"[-75.44, 37.94]","[-77.32, 36.94]"
powhatan,"powhatan[1501-01-01,1646-10-01)",1646-10-01,1281-01-01,1646-10-01,1281-01-01,1501-01-01,80352,60732,91.5,"[-75.53, 35.41]","[-77.32, 36.94]"
powhatan,"powhatan[1501-01-01,1646-10-01)",1646-10-01,1281-01-01,1646-10-01,1281-01-01,1501-01-01,80352,60733,2.8,"[-75.49, 37.84]","[-77.32, 36.94]"
powhatan,"powhatan[1501-01-01,1646-10-01)",1646-10-01,1281-01-01,1646-10-01,1281-01-01,1501-01-01,80352,60734,52363.1,"[-76.85, 36.79]","[-77.32, 36.94]"
powhatan,"powhatan[1501-01-01,1646-10-01)",1646-10-01,1281-01-01,1646-10-01,1281-01-01,1501-01-01,80352,60735,10.4,"[-75.63, 37.54]","[-77.32, 36.94]"
powhatan,"powhatan[1501-01-01,1646-10-01)",1646-10-01,1281-01-01,1646-10-01,1281-01-01,1501-01-01,80352,19986,47.2,"[-75.66, 35.88]","[-77.32, 36.94]"
powhatan,"powhatan[1501-01-01,1646-10-01)",1646-10-01,1281-01-01,1646-10-01,1281-01-01,1501-01-01,80352,60736,14.7,"[-75.7, 37.41]","[-77.32, 36.94]"
powhatan,"powhatan[1501-01-01,1646-10-01)",1646-10-01,1281-01-01,1646-10-01,1281-01-01,1501-01-01,80352,20456,4.7,"[-75.75, 37.32]","[-77.32, 36.94]"
powhatan,"powhatan[1501-01-01,1646-10-01)",1646-10-01,1281-01-01,1646-10-01,1281-01-01,1501-01-01,80352,60737,39.2,"[-75.88, 35.15]","[-77.32, 36.94]"
powhatan,"powhatan[1501-01-01,1646-10-01)",1646-10-01,1281-01-01,1646-10-01,1281-01-01,1501-01-01,80352,60738,2.6,"[-75.8, 37.26]","[-77.32, 36.94]"
powhatan,"powhatan[1501-01-01,1646-10-01)",1646-10-01,1281-01-01,1646-10-01,1281-01-01,1501-01-01,80352,21366,5.4,"[-75.81, 37.4]","[-77.32, 36.94]"
powhatan,"powhatan[1501-01-01,1646-10-01)",1646-10-01,1281-01-01,1646-10-01,1281-01-01,1501-01-01,80352,60739,37.6,"[-75.88, 37.61]","[-77.32, 36.94]"
powhatan,"powhatan[1501-01-01,1646-10-01)",1646-10-01,1281-01-01,1646-10-01,1281-01-01,1501-01-01,80352,60740,64.3,"[-75.88, 37.22]","[-77.32, 36.94]"
powhatan,"powhatan[1501-01-01,1646-10-01)",1646-10-01,1281-01-01,1646-10-01,1281-01-01,1501-01-01,80352,60741,7.1,"[-75.93, 38.15]","[-77.32, 36.94]"
powhatan,"powhatan[1501-01-01,1646-10-01)",1646-10-01,1281-01-01,1646-10-01,1281-01-01,1501-01-01,80352,60742,155.5,"[-75.95, 37.24]","[-77.32, 36.94]"
powhatan,"powhatan[1501-01-01,1646-10-01)",1646-10-01,1281-01-01,1646-10-01,1281-01-01,1501-01-01,80352,60743,6.9,"[-75.94, 37.52]","[-77.32, 36.94]"
powhatan,"powhatan[1501-01-01,1646-10-01)",1646-10-01,1281-01-01,1646-10-01,1281-01-01,1501-01-01,80352,60744,7.6,"[-75.96, 37.1]","[-77.32, 36.94]"
powhatan,"powhatan[1501-01-01,1646-10-01)",1646-10-01,1281-01-01,1646-10-01,1281-01-01,1501-01-01,80352,19443,11.8,"[-75.96, 38.29]","[-77.32, 36.94]"
powhatan,"powhatan[1501-01-01,1646-10-01)",1646-10-01,1281-01-01,1646-10-01,1281-01-01,1501-01-01,80352,60745,3.7,"[-75.99, 37.83]","[-77.32, 36.94]"
powhatan,"powhatan[1501-01-01,1646-10-01)",1646-10-01,1281-01-01,1646-10-01,1281-01-01,1501-01-01,80352,60746,31.0,"[-76.01, 37.99]","[-77.32, 36.94]"
powhatan,"powhatan[1501-01-01,1646-10-01)",1646-10-01,1281-01-01,1646-10-01,1281-01-01,1501-01-01,80352,19291,8.0,"[-76.03, 38.11]","[-77.32, 36.94]"
powhatan,"powhatan[1501-01-01,1646-10-01)",1646-10-01,1281-01-01,1646-10-01,1281-01-01,1501-01-01,80352,60747,21.1,"[-76.05, 38.29]","[-77.32, 36.94]"
powhatan,"powhatan[1501-01-01,1646-10-01)",1646-10-01,1281-01-01,1646-10-01,1281-01-01,1501-01-01,80352,60748,6.9,"[-76.05, 38.17]","[-77.32, 36.94]"
powhatan,"powhatan[1501-01-01,1646-10-01)",1646-10-01,1281-01-01,1646-10-01,1281-01-01,1501-01-01,80352,60749,15.1,"[-76.09, 35.04]","[-77.32, 36.94]"
powhatan,"powhatan[1501-01-01,1646-10-01)",1646-10-01,1281-01-01,1646-10-01,1281-01-01,1501-01-01,80352,20181,10.2,"[-76.17, 38.27]","[-77.32, 36.94]"
powhatan,"powhatan[1501-01-01,1646-10-01)",1646-10-01,1281-01-01,1646-10-01,1281-01-01,1501-01-01,80352,60750,66.4,"[-76.38, 38.11]","[-77.32, 36.94]"
powhatan,"powhatan[1501-01-01,1646-10-01)",1646-10-01,1281-01-01,1646-10-01,1281-01-01,1501-01-01,80352,60751,255.3,"[-76.58, 38.24]","[-77.32, 36.94]"
powhatan,"powhatan[1501-01-01,1646-10-01)",1646-10-01,1281-01-01,1646-10-01,1281-01-01,1501-01-01,80352,60752,3.3,"[-76.44, 38.33]","[-77.32, 36.94]"
powhatan,"powhatan[1501-01-01,1646-10-01)",1646-10-01,1281-01-01,1646-10-01,1281-01-01,1501-01-01,80352,60753,186.4,"[-76.62, 35.31]","[-77.32, 36.94]"
powhatan,"powhatan[1501-01-01,1646-10-01)",1646-10-01,1281-01-01,1646-10-01,1281-01-01,1501-01-01,80352,19209,4.0,"[-76.54, 35.21]","[-77.32, 36.94]"
powhatan,"powhatan[1501-01-01,1646-10-01)",1646-10-01,1281-01-01,1646-10-01,1281-01-01,1501-01-01,80352,60754,41.8,"[-76.87, 38.3]","[-77.32, 36.94]"
yeni-ispanya,"yeni-ispanya[1535-04-17,1821-09-27)",1821-09-27,1523-07-25,1528-03-31,1523-07-25,1528-03-31,1711,61562,25354.8,"[-103.81, 19.32]","[-103.77, 19.22]"
yeni-ispanya,"yeni-ispanya[1535-04-17,1821-09-27)",1821-09-27,1528-03-31,1529-01-01,1528-03-31,1529-01-01,276,61563,36455.0,"[-92.41, 16.63]","[-92.39, 16.62]"
yeni-ispanya,"yeni-ispanya[1535-04-17,1821-09-27)",1821-09-27,1528-03-31,1529-01-01,1528-03-31,1529-01-01,276,61564,4.4,"[-93.55, 17.15]","[-92.39, 16.62]"
yeni-ispanya,"yeni-ispanya[1535-04-17,1821-09-27)",1821-09-27,1528-03-31,1529-01-01,1528-03-31,1529-01-01,276,61565,25394.6,"[-103.77, 19.3]","[-92.39, 16.62]"
yeni-ispanya,"yeni-ispanya[1535-04-17,1821-09-27)",1821-09-27,1529-01-01,1531-01-01,1529-01-01,1531-01-01,730,61566,354.0,"[-91.21, 16.41]","[-92.38, 16.65]"
yeni-ispanya,"yeni-ispanya[1535-04-17,1821-09-27)",1821-09-27,1529-01-01,1531-01-01,1529-01-01,1531-01-01,730,61567,35923.9,"[-92.58, 16.67]","[-92.38, 16.65]"
yeni-ispanya,"yeni-ispanya[1535-04-17,1821-09-27)",1821-09-27,1529-01-01,1531-01-01,1529-01-01,1531-01-01,730,61564,4.4,"[-93.55, 17.15]","[-92.38, 16.65]"
yeni-ispanya,"yeni-ispanya[1535-04-17,1821-09-27)",1821-09-27,1529-01-01,1531-01-01,1529-01-01,1531-01-01,730,61568,15172.0,"[-97.07, 17.3]","[-92.38, 16.65]"
yeni-ispanya,"yeni-ispanya[1535-04-17,1821-09-27)",1821-09-27,1529-01-01,1531-01-01,1529-01-01,1531-01-01,730,61569,10.7,"[-96.65, 18.11]","[-92.38, 16.65]"
yeni-ispanya,"yeni-ispanya[1535-04-17,1821-09-27)",1821-09-27,1529-01-01,1531-01-01,1529-01-01,1531-01-01,730,61570,25413.6,"[-103.77, 19.3]","[-92.38, 16.65]"
yeni-ispanya,"yeni-ispanya[1535-04-17,1821-09-27)",1821-09-27,1531-01-01,1531-04-16,1531-01-01,1531-04-16,105,61571,349.4,"[-91.21, 16.42]","[-92.38, 16.65]"
yeni-ispanya,"yeni-ispanya[1535-04-17,1821-09-27)",1821-09-27,1531-01-01,1531-04-16,1531-01-01,1531-04-16,105,61572,35941.4,"[-92.53, 16.65]","[-92.38, 16.65]"
yeni-ispanya,"yeni-ispanya[1535-04-17,1821-09-27)",1821-09-27,1531-01-01,1531-04-16,1531-01-01,1531-04-16,105,61573,15478.3,"[-97.07, 17.34]","[-92.38, 16.65]"
yeni-ispanya,"yeni-ispanya[1535-04-17,1821-09-27)",1821-09-27,1531-01-01,1531-04-16,1531-01-01,1531-04-16,105,61574,10.7,"[-96.64, 18.11]","[-92.38, 16.65]"
yeni-ispanya,"yeni-ispanya[1535-04-17,1821-09-27)",1821-09-27,1531-01-01,1531-04-16,1531-01-01,1531-04-16,105,61575,57076.6,"[-104.46, 20.11]","[-92.38, 16.65]"
yeni-ispanya,"yeni-ispanya[1535-04-17,1821-09-27)",1821-09-27,1531-01-01,1531-04-16,1531-01-01,1531-04-16,105,61576,11.7,"[-106.25, 21.31]","[-92.38, 16.65]"
yeni-ispanya,"yeni-ispanya[1535-04-17,1821-09-27)",1821-09-27,1531-04-16,1535-04-17,1531-04-16,1535-04-17,1462,61577,36462.3,"[-92.38, 16.61]","[-92.39, 16.62]"
yeni-ispanya,"yeni-ispanya[1535-04-17,1821-09-27)",1821-09-27,1531-04-16,1535-04-17,1531-04-16,1535-04-17,1462,61578,15507.5,"[-97.06, 17.33]","[-92.39, 16.62]"
yeni-ispanya,"yeni-ispanya[1535-04-17,1821-09-27)",1821-09-27,1531-04-16,1535-04-17,1531-04-16,1535-04-17,1462,61579,10.6,"[-96.63, 18.11]","[-92.39, 16.62]"
yeni-ispanya,"yeni-ispanya[1535-04-17,1821-09-27)",1821-09-27,1531-04-16,1535-04-17,1531-04-16,1535-04-17,1462,61580,5647.9,"[-98.34, 18.41]","[-92.39, 16.62]"
yeni-ispanya,"yeni-ispanya[1535-04-17,1821-09-27)",1821-09-27,1531-04-16,1535-04-17,1531-04-16,1535-04-17,1462,61581,57070.5,"[-104.46, 20.11]","[-92.39, 16.62]"
yeni-ispanya,"yeni-ispanya[1535-04-17,1821-09-27)",1821-09-27,1531-04-16,1535-04-17,1531-04-16,1535-04-17,1462,61582,9.5,"[-106.24, 21.31]","[-92.39, 16.62]"
somali,"somali[1500-01-01,1927-01-01)",1927-01-01,1281-01-01,1500-01-01,1281-01-01,1500-01-01,79987,62908,418356.5,"[44.07, 3.96]","[45.13, 4.27]"
kaffa,"kaffa-kralligi[1390-01-01,1897-09-10)",1897-09-10,1281-01-01,1830-01-01,1281-01-01,1390-01-01,39811,62924,20092.9,"[36.72, 7.54]","[36.57, 7.6]"
varsova-dukaligi,"varsova-dukaligi[1807-07-22,1815-06-09)",1815-06-09,1806-11-28,1807-07-09,1806-11-28,1807-07-09,223,62939,66526.5,"[20.36, 51.75]","[19.93, 51.68]"
varsova-dukaligi,"varsova-dukaligi[1807-07-22,1815-06-09)",1815-06-09,1807-07-09,1809-10-14,1807-07-09,1807-07-22,13,62940,116422.4,"[18.99, 52.26]","[18.81, 51.87]"
yugoslavya,"yugoslavya[1918-12-01,1945-09-02)",1945-09-02,1918-11-11,1918-11-26,1918-11-11,1918-11-26,15,62985,1184.2,"[18.64, 42.49]","[14.6, 46.17]"
yugoslavya,"yugoslavya[1918-12-01,1945-09-02)",1945-09-02,1918-11-11,1918-11-26,1918-11-11,1918-11-26,15,62986,2591.7,"[17.88, 44.97]","[14.6, 46.17]"
yugoslavya,"yugoslavya[1918-12-01,1945-09-02)",1945-09-02,1918-11-11,1918-11-26,1918-11-11,1918-11-26,15,62987,1593.7,"[17.74, 42.91]","[14.6, 46.17]"
yugoslavya,"yugoslavya[1918-12-01,1945-09-02)",1945-09-02,1918-11-11,1918-11-26,1918-11-11,1918-11-26,15,3558,16.0,"[17.88, 42.73]","[14.6, 46.17]"
yugoslavya,"yugoslavya[1918-12-01,1945-09-02)",1945-09-02,1918-11-11,1918-11-26,1918-11-11,1918-11-26,15,62988,3832.1,"[16.59, 45.01]","[14.6, 46.17]"
yugoslavya,"yugoslavya[1918-12-01,1945-09-02)",1945-09-02,1918-11-11,1918-11-26,1918-11-11,1918-11-26,15,62989,1857.9,"[16.51, 43.69]","[14.6, 46.17]"
yugoslavya,"yugoslavya[1918-12-01,1945-09-02)",1945-09-02,1918-11-11,1918-11-26,1918-11-11,1918-11-26,15,62990,302.7,"[16.61, 43.32]","[14.6, 46.17]"
yugoslavya,"yugoslavya[1918-12-01,1945-09-02)",1945-09-02,1918-11-11,1918-11-26,1918-11-11,1918-11-26,15,62991,13299.9,"[15.13, 46.28]","[14.6, 46.17]"
yugoslavya,"yugoslavya[1918-12-01,1945-09-02)",1945-09-02,1918-11-11,1918-11-26,1918-11-11,1918-11-26,15,62992,27.5,"[16.32, 43.38]","[14.6, 46.17]"
yugoslavya,"yugoslavya[1918-12-01,1945-09-02)",1945-09-02,1918-11-11,1918-11-26,1918-11-11,1918-11-26,15,62993,24.6,"[16.27, 43.49]","[14.6, 46.17]"
yugoslavya,"yugoslavya[1918-12-01,1945-09-02)",1945-09-02,1918-11-26,1918-12-01,1918-11-26,1918-12-01,5,62994,7923.5,"[19.04, 42.46]","[14.6, 46.17]"
yugoslavya,"yugoslavya[1918-12-01,1945-09-02)",1945-09-02,1918-11-26,1918-12-01,1918-11-26,1918-12-01,5,62986,2591.7,"[17.88, 44.97]","[14.6, 46.17]"
yugoslavya,"yugoslavya[1918-12-01,1945-09-02)",1945-09-02,1918-11-26,1918-12-01,1918-11-26,1918-12-01,5,62987,1593.7,"[17.74, 42.91]","[14.6, 46.17]"
yugoslavya,"yugoslavya[1918-12-01,1945-09-02)",1945-09-02,1918-11-26,1918-12-01,1918-11-26,1918-12-01,5,3558,16.0,"[17.88, 42.73]","[14.6, 46.17]"
yugoslavya,"yugoslavya[1918-12-01,1945-09-02)",1945-09-02,1918-11-26,1918-12-01,1918-11-26,1918-12-01,5,62995,3832.0,"[16.6, 45.01]","[14.6, 46.17]"
yugoslavya,"yugoslavya[1918-12-01,1945-09-02)",1945-09-02,1918-11-26,1918-12-01,1918-11-26,1918-12-01,5,62996,1857.9,"[16.51, 43.68]","[14.6, 46.17]"
yugoslavya,"yugoslavya[1918-12-01,1945-09-02)",1945-09-02,1918-11-26,1918-12-01,1918-11-26,1918-12-01,5,62990,302.7,"[16.61, 43.32]","[14.6, 46.17]"
yugoslavya,"yugoslavya[1918-12-01,1945-09-02)",1945-09-02,1918-11-26,1918-12-01,1918-11-26,1918-12-01,5,62991,13299.9,"[15.13, 46.28]","[14.6, 46.17]"
yugoslavya,"yugoslavya[1918-12-01,1945-09-02)",1945-09-02,1918-11-26,1918-12-01,1918-11-26,1918-12-01,5,62992,27.5,"[16.32, 43.38]","[14.6, 46.17]"
yugoslavya,"yugoslavya[1918-12-01,1945-09-02)",1945-09-02,1918-11-26,1918-12-01,1918-11-26,1918-12-01,5,62993,24.6,"[16.27, 43.49]","[14.6, 46.17]"
letonya,"letonya[1918-11-18,1940-08-06)",1940-08-06,1918-11-11,1920-08-11,1918-11-11,1918-11-18,7,63021,63972.8,"[25.59, 56.54]","[25.96, 56.5]"
letonya,"letonya[1918-11-18,1940-08-06)",1940-08-06,1918-11-11,1920-08-11,1918-11-11,1918-11-18,7,63022,10.3,"[23.25, 57.8]","[25.96, 56.5]"
letonya,"letonya[1918-11-18,1940-08-06)",1940-08-06,1918-11-11,1920-08-11,1918-11-11,1918-11-18,7,63023,0.0,"[22.5, 58.15]","[25.96, 56.5]"
letonya,"letonya[1918-11-18,1940-08-06)",1940-08-06,1918-11-11,1920-08-11,1918-11-11,1918-11-18,7,63024,207.9,"[22.14, 58.05]","[25.96, 56.5]"
sardinya,"sardinya-piyemonte[1720-08-02,1861-03-17)",1861-03-17,1281-01-01,1388-09-28,1281-01-01,1388-09-28,39351,63319,17018.0,"[7.64, 44.88]","[7.57, 44.99]"
sardinya,"sardinya-piyemonte[1720-08-02,1861-03-17)",1861-03-17,1281-01-01,1388-09-28,1281-01-01,1388-09-28,39351,63320,3733.9,"[6.03, 45.6]","[7.57, 44.99]"
sardinya,"sardinya-piyemonte[1720-08-02,1861-03-17)",1861-03-17,1388-09-28,1720-02-24,1388-09-28,1720-02-24,121043,63321,27735.6,"[7.48, 44.73]","[7.44, 44.6]"
sardinya,"sardinya-piyemonte[1720-08-02,1861-03-17)",1861-03-17,1388-09-28,1720-02-24,1388-09-28,1720-02-24,121043,63322,3733.8,"[6.02, 45.61]","[7.44, 44.6]"
sardinya,"sardinya-piyemonte[1720-08-02,1861-03-17)",1861-03-17,1720-02-24,1720-08-02,1720-02-24,1720-08-02,160,63323,23997.6,"[8.94, 40.12]","[7.44, 44.6]"
sardinya,"sardinya-piyemonte[1720-08-02,1861-03-17)",1861-03-17,1720-02-24,1720-08-02,1720-02-24,1720-08-02,160,39860,3.4,"[9.73, 40.87]","[7.44, 44.6]"
sardinya,"sardinya-piyemonte[1720-08-02,1861-03-17)",1861-03-17,1720-02-24,1720-08-02,1720-02-24,1720-08-02,160,39846,7.3,"[9.71, 40.9]","[7.44, 44.6]"
sardinya,"sardinya-piyemonte[1720-08-02,1861-03-17)",1861-03-17,1720-02-24,1720-08-02,1720-02-24,1720-08-02,160,63324,2.6,"[9.45, 41.19]","[7.44, 44.6]"
sardinya,"sardinya-piyemonte[1720-08-02,1861-03-17)",1861-03-17,1720-02-24,1720-08-02,1720-02-24,1720-08-02,160,39863,2.4,"[9.41, 41.2]","[7.44, 44.6]"
sardinya,"sardinya-piyemonte[1720-08-02,1861-03-17)",1861-03-17,1720-02-24,1720-08-02,1720-02-24,1720-08-02,160,63325,27735.6,"[7.48, 44.73]","[7.44, 44.6]"
sardinya,"sardinya-piyemonte[1720-08-02,1861-03-17)",1861-03-17,1720-02-24,1720-08-02,1720-02-24,1720-08-02,160,63326,103.2,"[8.4, 39.07]","[7.44, 44.6]"
sardinya,"sardinya-piyemonte[1720-08-02,1861-03-17)",1861-03-17,1720-02-24,1720-08-02,1720-02-24,1720-08-02,160,63327,40.4,"[8.3, 41.08]","[7.44, 44.6]"
sardinya,"sardinya-piyemonte[1720-08-02,1861-03-17)",1861-03-17,1720-02-24,1720-08-02,1720-02-24,1720-08-02,160,63328,46.8,"[8.28, 39.14]","[7.44, 44.6]"
sardinya,"sardinya-piyemonte[1720-08-02,1861-03-17)",1861-03-17,1720-02-24,1720-08-02,1720-02-24,1720-08-02,160,63322,3733.8,"[6.02, 45.61]","[7.44, 44.6]"
katalan,"katalan[1311-03-15,1388-05-02)",1388-05-02,1281-01-01,1311-03-15,1281-01-01,1311-03-15,11029,63614,6192.4,"[22.28, 38.82]","[22.29, 38.81]"
katalan,"katalan[1311-03-15,1388-05-02)",1388-05-02,1281-01-01,1311-03-15,1281-01-01,1311-03-15,11029,51057,46.3,"[22.92, 39.14]","[22.29, 38.81]"
timurlu,"timurlu[1370-04-09,1507-05-01)",1507-05-01,1370-01-01,1370-04-09,1370-01-01,1370-04-09,98,63617,155465.8,"[66.84, 32.47]","[68.19, 32.63]"
isa-celebi,"fetret-isa[1403-01-01,1403-09-01)",1403-09-01,1402-07-28,1403-09-01,1402-07-28,1403-01-01,157,63691,58732.8,"[28.94, 39.8]","[28.71, 40.0]"
isa-celebi,"fetret-isa[1403-01-01,1403-09-01)",1403-09-01,1402-07-28,1403-09-01,1402-07-28,1403-01-01,157,1211,5.3,"[29.12, 40.85]","[28.71, 40.0]"
isa-celebi,"fetret-isa[1403-01-01,1403-09-01)",1403-09-01,1402-07-28,1403-09-01,1402-07-28,1403-01-01,157,63683,3.4,"[29.05, 41.11]","[28.71, 40.0]"
isa-celebi,"fetret-isa[1403-01-01,1403-09-01)",1403-09-01,1402-07-28,1403-09-01,1402-07-28,1403-01-01,157,63690,9.0,"[28.53, 40.54]","[28.71, 40.0]"
isa-celebi,"fetret-isa[1403-01-01,1403-09-01)",1403-09-01,1402-07-28,1403-09-01,1402-07-28,1403-01-01,157,63613,2.0,"[27.65, 40.46]","[28.71, 40.0]"
musa-celebi,"fetret-musa[1411-02-17,1413-07-05)",1413-07-05,1410-02-13,1410-06-15,1410-02-13,1410-06-15,122,63679,231426.4,"[24.25, 41.05]","[24.18, 41.36]"
musa-celebi,"fetret-musa[1411-02-17,1413-07-05)",1413-07-05,1410-02-13,1410-06-15,1410-02-13,1410-06-15,122,1143,3.8,"[26.77, 40.4]","[24.18, 41.36]"
bogdan,"bogdan[1359-01-01,1859-01-24)",1859-01-24,1281-01-01,1359-01-01,1281-01-01,1359-01-01,28488,63713,4836.8,"[26.52, 48.37]","[26.69, 48.28]"
ahiler,"ahiler[1290-01-01,1354-01-01)",1354-01-01,1281-01-01,1354-08-01,1281-01-01,1290-01-01,3287,63818,18522.2,"[32.89, 39.82]","[32.84, 39.8]"
mantua,"mantua[1328-01-01,1708-01-01)",1708-01-01,1281-01-01,1708-01-01,1281-01-01,1328-01-01,17165,64168,2688.8,"[10.7, 45.17]","[10.74, 45.16]"
maratha,"maratha[1674-06-06,1818-06-03)",1818-06-03,1659-01-01,1674-01-01,1659-01-01,1674-01-01,5479,69730,24198.4,"[74.34, 16.48]","[74.22, 16.59]"
maratha,"maratha[1674-06-06,1818-06-03)",1818-06-03,1674-01-01,1674-06-06,1674-01-01,1674-06-06,156,69731,20.1,"[79.05, 11.62]","[74.22, 16.59]"
maratha,"maratha[1674-06-06,1818-06-03)",1818-06-03,1674-01-01,1674-06-06,1674-01-01,1674-06-06,156,69732,8974.5,"[79.15, 10.92]","[74.22, 16.59]"
maratha,"maratha[1674-06-06,1818-06-03)",1818-06-03,1674-01-01,1674-06-06,1674-01-01,1674-06-06,156,69733,24198.4,"[74.34, 16.48]","[74.22, 16.59]"
siyam-chakri,"siyam-chakri[1782-04-06,1945-09-02)",1945-09-02,1774-01-15,1778-01-01,1774-01-15,1778-01-01,1447,69960,96543.5,"[99.74, 19.03]","[99.91, 19.16]"
siyam-chakri,"siyam-chakri[1782-04-06,1945-09-02)",1945-09-02,1774-01-15,1778-01-01,1774-01-15,1778-01-01,1447,69961,2.9,"[98.92, 20.42]","[99.91, 19.16]"
siyam-chakri,"siyam-chakri[1782-04-06,1945-09-02)",1945-09-02,1778-01-01,1782-04-06,1778-01-01,1782-04-06,1556,69962,54867.1,"[106.59, 14.98]","[99.91, 19.16]"
siyam-chakri,"siyam-chakri[1782-04-06,1945-09-02)",1945-09-02,1778-01-01,1782-04-06,1778-01-01,1782-04-06,1556,69960,96543.5,"[99.74, 19.03]","[99.91, 19.16]"
siyam-chakri,"siyam-chakri[1782-04-06,1945-09-02)",1945-09-02,1778-01-01,1782-04-06,1778-01-01,1782-04-06,1556,69961,2.9,"[98.92, 20.42]","[99.91, 19.16]"
qing-hanedani,"qing-hanedani[1636-05-15,1912-02-12)",1912-02-12,1621-01-01,1636-01-01,1621-01-01,1636-01-01,5478,70085,101328.1,"[122.84, 40.53]","[122.7, 41.13]"
qing-hanedani,"qing-hanedani[1636-05-15,1912-02-12)",1912-02-12,1621-01-01,1636-01-01,1621-01-01,1636-01-01,5478,70086,3.5,"[125.34, 41.79]","[122.7, 41.13]"
qing-hanedani,"qing-hanedani[1636-05-15,1912-02-12)",1912-02-12,1621-01-01,1636-01-01,1621-01-01,1636-01-01,5478,70087,9.5,"[122.74, 39.03]","[122.7, 41.13]"
qing-hanedani,"qing-hanedani[1636-05-15,1912-02-12)",1912-02-12,1621-01-01,1636-01-01,1621-01-01,1636-01-01,5478,70088,7.2,"[122.69, 39.23]","[122.7, 41.13]"
qing-hanedani,"qing-hanedani[1636-05-15,1912-02-12)",1912-02-12,1621-01-01,1636-01-01,1621-01-01,1636-01-01,5478,70089,35.6,"[122.6, 39.27]","[122.7, 41.13]"
qing-hanedani,"qing-hanedani[1636-05-15,1912-02-12)",1912-02-12,1621-01-01,1636-01-01,1621-01-01,1636-01-01,5478,70090,5.7,"[122.52, 39.23]","[122.7, 41.13]"
qing-hanedani,"qing-hanedani[1636-05-15,1912-02-12)",1912-02-12,1621-01-01,1636-01-01,1621-01-01,1636-01-01,5478,15532,21.6,"[122.36, 39.18]","[122.7, 41.13]"
qing-hanedani,"qing-hanedani[1636-05-15,1912-02-12)",1912-02-12,1621-01-01,1636-01-01,1621-01-01,1636-01-01,5478,70091,3.6,"[121.83, 38.88]","[122.7, 41.13]"
qing-hanedani,"qing-hanedani[1636-05-15,1912-02-12)",1912-02-12,1621-01-01,1636-01-01,1621-01-01,1636-01-01,5478,70092,106.7,"[121.37, 39.43]","[122.7, 41.13]"
qing-hanedani,"qing-hanedani[1636-05-15,1912-02-12)",1912-02-12,1621-01-01,1636-01-01,1621-01-01,1636-01-01,5478,15535,4.8,"[120.82, 38.3]","[122.7, 41.13]"
qing-hanedani,"qing-hanedani[1636-05-15,1912-02-12)",1912-02-12,1621-01-01,1636-01-01,1621-01-01,1636-01-01,5478,70093,4.5,"[120.75, 38.17]","[122.7, 41.13]"
qing-hanedani,"qing-hanedani[1636-05-15,1912-02-12)",1912-02-12,1636-01-01,1636-05-15,1636-01-01,1636-05-15,135,70094,101369.5,"[122.82, 40.52]","[122.7, 41.13]"
qing-hanedani,"qing-hanedani[1636-05-15,1912-02-12)",1912-02-12,1636-01-01,1636-05-15,1636-01-01,1636-05-15,135,70095,9.5,"[122.74, 39.03]","[122.7, 41.13]"
qing-hanedani,"qing-hanedani[1636-05-15,1912-02-12)",1912-02-12,1636-01-01,1636-05-15,1636-01-01,1636-05-15,135,70096,21.3,"[122.69, 39.21]","[122.7, 41.13]"
qing-hanedani,"qing-hanedani[1636-05-15,1912-02-12)",1912-02-12,1636-01-01,1636-05-15,1636-01-01,1636-05-15,135,70097,7.9,"[122.62, 39.28]","[122.7, 41.13]"
qing-hanedani,"qing-hanedani[1636-05-15,1912-02-12)",1912-02-12,1636-01-01,1636-05-15,1636-01-01,1636-05-15,135,70098,5.7,"[122.53, 39.23]","[122.7, 41.13]"
qing-hanedani,"qing-hanedani[1636-05-15,1912-02-12)",1912-02-12,1636-01-01,1636-05-15,1636-01-01,1636-05-15,135,15532,21.6,"[122.36, 39.18]","[122.7, 41.13]"
qing-hanedani,"qing-hanedani[1636-05-15,1912-02-12)",1912-02-12,1636-01-01,1636-05-15,1636-01-01,1636-05-15,135,70099,3.6,"[121.83, 38.88]","[122.7, 41.13]"
qing-hanedani,"qing-hanedani[1636-05-15,1912-02-12)",1912-02-12,1636-01-01,1636-05-15,1636-01-01,1636-05-15,135,70092,106.7,"[121.37, 39.43]","[122.7, 41.13]"
qing-hanedani,"qing-hanedani[1636-05-15,1912-02-12)",1912-02-12,1636-01-01,1636-05-15,1636-01-01,1636-05-15,135,70100,4.8,"[120.82, 38.3]","[122.7, 41.13]"
qing-hanedani,"qing-hanedani[1636-05-15,1912-02-12)",1912-02-12,1636-01-01,1636-05-15,1636-01-01,1636-05-15,135,70101,4.5,"[120.76, 38.17]","[122.7, 41.13]"
qing-hanedani,"qing-hanedani[1636-05-15,1912-02-12)",1912-02-12,1636-01-01,1636-05-15,1636-01-01,1636-05-15,135,70102,57128.8,"[112.35, 41.05]","[122.7, 41.13]"
sulu-sultanligi,"sulu-sultanligi[1457-01-01,1915-03-22)",1915-03-22,1281-01-01,1874-01-01,1281-01-01,1457-01-01,64282,72505,35.3,"[121.86, 6.04]","[121.15, 5.97]"
sulu-sultanligi,"sulu-sultanligi[1457-01-01,1915-03-22)",1915-03-22,1281-01-01,1874-01-01,1281-01-01,1457-01-01,64282,72506,15.0,"[121.69, 6.03]","[121.15, 5.97]"
sulu-sultanligi,"sulu-sultanligi[1457-01-01,1915-03-22)",1915-03-22,1281-01-01,1874-01-01,1281-01-01,1457-01-01,64282,72507,13.4,"[121.58, 5.96]","[121.15, 5.97]"
sulu-sultanligi,"sulu-sultanligi[1457-01-01,1915-03-22)",1915-03-22,1281-01-01,1874-01-01,1281-01-01,1457-01-01,64282,72508,9.5,"[121.55, 6.02]","[121.15, 5.97]"
sulu-sultanligi,"sulu-sultanligi[1457-01-01,1915-03-22)",1915-03-22,1281-01-01,1874-01-01,1281-01-01,1457-01-01,64282,72509,18.8,"[121.41, 6.03]","[121.15, 5.97]"
sulu-sultanligi,"sulu-sultanligi[1457-01-01,1915-03-22)",1915-03-22,1281-01-01,1874-01-01,1281-01-01,1457-01-01,64282,72510,791.7,"[121.12, 5.98]","[121.15, 5.97]"
sulu-sultanligi,"sulu-sultanligi[1457-01-01,1915-03-22)",1915-03-22,1281-01-01,1874-01-01,1281-01-01,1457-01-01,64282,72511,29.6,"[121.17, 5.81]","[121.15, 5.97]"
sulu-sultanligi,"sulu-sultanligi[1457-01-01,1915-03-22)",1915-03-22,1281-01-01,1874-01-01,1281-01-01,1457-01-01,64282,72512,13.2,"[121.04, 5.68]","[121.15, 5.97]"
sulu-sultanligi,"sulu-sultanligi[1457-01-01,1915-03-22)",1915-03-22,1281-01-01,1874-01-01,1281-01-01,1457-01-01,64282,72513,7.0,"[120.97, 6.19]","[121.15, 5.97]"
sulu-sultanligi,"sulu-sultanligi[1457-01-01,1915-03-22)",1915-03-22,1281-01-01,1874-01-01,1281-01-01,1457-01-01,64282,72514,6.6,"[120.91, 6.16]","[121.15, 5.97]"
sulu-sultanligi,"sulu-sultanligi[1457-01-01,1915-03-22)",1915-03-22,1281-01-01,1874-01-01,1281-01-01,1457-01-01,64282,72515,9.8,"[120.9, 5.72]","[121.15, 5.97]"
sulu-sultanligi,"sulu-sultanligi[1457-01-01,1915-03-22)",1915-03-22,1281-01-01,1874-01-01,1281-01-01,1457-01-01,64282,72516,4.3,"[120.9, 6.14]","[121.15, 5.97]"
sulu-sultanligi,"sulu-sultanligi[1457-01-01,1915-03-22)",1915-03-22,1281-01-01,1874-01-01,1281-01-01,1457-01-01,64282,72517,39.8,"[120.86, 5.53]","[121.15, 5.97]"
sulu-sultanligi,"sulu-sultanligi[1457-01-01,1915-03-22)",1915-03-22,1281-01-01,1874-01-01,1281-01-01,1457-01-01,64282,69142,29.7,"[120.83, 5.68]","[121.15, 5.97]"
sulu-sultanligi,"sulu-sultanligi[1457-01-01,1915-03-22)",1915-03-22,1281-01-01,1874-01-01,1281-01-01,1457-01-01,64282,72518,9.1,"[120.86, 6.33]","[121.15, 5.97]"
sulu-sultanligi,"sulu-sultanligi[1457-01-01,1915-03-22)",1915-03-22,1281-01-01,1874-01-01,1281-01-01,1457-01-01,64282,72519,36.9,"[120.77, 5.53]","[121.15, 5.97]"
sulu-sultanligi,"sulu-sultanligi[1457-01-01,1915-03-22)",1915-03-22,1281-01-01,1874-01-01,1281-01-01,1457-01-01,64282,72520,2.7,"[120.73, 5.47]","[121.15, 5.97]"
sulu-sultanligi,"sulu-sultanligi[1457-01-01,1915-03-22)",1915-03-22,1281-01-01,1874-01-01,1281-01-01,1457-01-01,64282,72521,16.6,"[120.7, 6.42]","[121.15, 5.97]"
sulu-sultanligi,"sulu-sultanligi[1457-01-01,1915-03-22)",1915-03-22,1281-01-01,1874-01-01,1281-01-01,1457-01-01,64282,72522,13.9,"[120.65, 6.29]","[121.15, 5.97]"
sulu-sultanligi,"sulu-sultanligi[1457-01-01,1915-03-22)",1915-03-22,1281-01-01,1874-01-01,1281-01-01,1457-01-01,64282,72523,3.6,"[120.59, 5.21]","[121.15, 5.97]"
sulu-sultanligi,"sulu-sultanligi[1457-01-01,1915-03-22)",1915-03-22,1281-01-01,1874-01-01,1281-01-01,1457-01-01,64282,72524,6.4,"[120.59, 5.42]","[121.15, 5.97]"
sulu-sultanligi,"sulu-sultanligi[1457-01-01,1915-03-22)",1915-03-22,1281-01-01,1874-01-01,1281-01-01,1457-01-01,64282,72525,58.9,"[120.54, 6.29]","[121.15, 5.97]"
sulu-sultanligi,"sulu-sultanligi[1457-01-01,1915-03-22)",1915-03-22,1281-01-01,1874-01-01,1281-01-01,1457-01-01,64282,72526,7.4,"[120.54, 6.13]","[121.15, 5.97]"
sulu-sultanligi,"sulu-sultanligi[1457-01-01,1915-03-22)",1915-03-22,1281-01-01,1874-01-01,1281-01-01,1457-01-01,64282,72527,5.6,"[120.49, 5.18]","[121.15, 5.97]"
sulu-sultanligi,"sulu-sultanligi[1457-01-01,1915-03-22)",1915-03-22,1281-01-01,1874-01-01,1281-01-01,1457-01-01,64282,72528,7.2,"[120.45, 6.16]","[121.15, 5.97]"
sulu-sultanligi,"sulu-sultanligi[1457-01-01,1915-03-22)",1915-03-22,1281-01-01,1874-01-01,1281-01-01,1457-01-01,64282,72529,4.4,"[120.41, 5.79]","[121.15, 5.97]"
sulu-sultanligi,"sulu-sultanligi[1457-01-01,1915-03-22)",1915-03-22,1281-01-01,1874-01-01,1281-01-01,1457-01-01,64282,72530,2.9,"[120.39, 5.4]","[121.15, 5.97]"
sulu-sultanligi,"sulu-sultanligi[1457-01-01,1915-03-22)",1915-03-22,1281-01-01,1874-01-01,1281-01-01,1457-01-01,64282,72531,4.4,"[120.36, 5.25]","[121.15, 5.97]"
sulu-sultanligi,"sulu-sultanligi[1457-01-01,1915-03-22)",1915-03-22,1281-01-01,1874-01-01,1281-01-01,1457-01-01,64282,72532,8.8,"[120.34, 5.21]","[121.15, 5.97]"
sulu-sultanligi,"sulu-sultanligi[1457-01-01,1915-03-22)",1915-03-22,1281-01-01,1874-01-01,1281-01-01,1457-01-01,64282,72533,8.7,"[120.33, 5.15]","[121.15, 5.97]"
sulu-sultanligi,"sulu-sultanligi[1457-01-01,1915-03-22)",1915-03-22,1281-01-01,1874-01-01,1281-01-01,1457-01-01,64282,72534,7.9,"[120.31, 5.38]","[121.15, 5.97]"
sulu-sultanligi,"sulu-sultanligi[1457-01-01,1915-03-22)",1915-03-22,1281-01-01,1874-01-01,1281-01-01,1457-01-01,64282,72535,14.1,"[120.3, 5.11]","[121.15, 5.97]"
sulu-sultanligi,"sulu-sultanligi[1457-01-01,1915-03-22)",1915-03-22,1281-01-01,1874-01-01,1281-01-01,1457-01-01,64282,72536,29.3,"[120.27, 5.21]","[121.15, 5.97]"
sulu-sultanligi,"sulu-sultanligi[1457-01-01,1915-03-22)",1915-03-22,1281-01-01,1874-01-01,1281-01-01,1457-01-01,64282,72537,580.1,"[120.05, 5.17]","[121.15, 5.97]"
sulu-sultanligi,"sulu-sultanligi[1457-01-01,1915-03-22)",1915-03-22,1281-01-01,1874-01-01,1281-01-01,1457-01-01,64282,72538,5.4,"[120.23, 5.35]","[121.15, 5.97]"
sulu-sultanligi,"sulu-sultanligi[1457-01-01,1915-03-22)",1915-03-22,1281-01-01,1874-01-01,1281-01-01,1457-01-01,64282,69165,8.6,"[120.2, 5.03]","[121.15, 5.97]"
sulu-sultanligi,"sulu-sultanligi[1457-01-01,1915-03-22)",1915-03-22,1281-01-01,1874-01-01,1281-01-01,1457-01-01,64282,72539,3.0,"[120.1, 5.96]","[121.15, 5.97]"
sulu-sultanligi,"sulu-sultanligi[1457-01-01,1915-03-22)",1915-03-22,1281-01-01,1874-01-01,1281-01-01,1457-01-01,64282,72540,10.2,"[120.0, 4.99]","[121.15, 5.97]"
sulu-sultanligi,"sulu-sultanligi[1457-01-01,1915-03-22)",1915-03-22,1281-01-01,1874-01-01,1281-01-01,1457-01-01,64282,72541,6.6,"[119.98, 5.88]","[121.15, 5.97]"
sulu-sultanligi,"sulu-sultanligi[1457-01-01,1915-03-22)",1915-03-22,1281-01-01,1874-01-01,1281-01-01,1457-01-01,64282,72542,4.6,"[119.99, 5.93]","[121.15, 5.97]"
sulu-sultanligi,"sulu-sultanligi[1457-01-01,1915-03-22)",1915-03-22,1281-01-01,1874-01-01,1281-01-01,1457-01-01,64282,72543,4.3,"[119.94, 5.88]","[121.15, 5.97]"
sulu-sultanligi,"sulu-sultanligi[1457-01-01,1915-03-22)",1915-03-22,1281-01-01,1874-01-01,1281-01-01,1457-01-01,64282,72544,8.3,"[119.83, 4.81]","[121.15, 5.97]"
sulu-sultanligi,"sulu-sultanligi[1457-01-01,1915-03-22)",1915-03-22,1281-01-01,1874-01-01,1281-01-01,1457-01-01,64282,72545,32.0,"[119.82, 4.9]","[121.15, 5.97]"
sulu-sultanligi,"sulu-sultanligi[1457-01-01,1915-03-22)",1915-03-22,1281-01-01,1874-01-01,1281-01-01,1457-01-01,64282,72546,31.5,"[119.78, 5.08]","[121.15, 5.97]"
brunei-sultanligi,"brunei-sultanligi[1368-01-01,1945-09-02)",1945-09-02,1281-01-01,1368-01-01,1281-01-01,1368-01-01,31775,73085,12.9,"[115.44, 5.27]","[114.77, 4.82]"
brunei-sultanligi,"brunei-sultanligi[1368-01-01,1945-09-02)",1945-09-02,1281-01-01,1368-01-01,1281-01-01,1368-01-01,31775,73086,1182.6,"[114.76, 4.75]","[114.77, 4.82]"
ryukyu,"ryukyu[1429-01-01,1879-03-27)",1879-03-27,1281-01-01,1879-04-04,1281-01-01,1429-01-01,54055,73297,26.4,"[128.56, 27.38]","[127.91, 26.48]"
ryukyu,"ryukyu[1429-01-01,1879-03-27)",1879-03-27,1281-01-01,1879-04-04,1281-01-01,1429-01-01,54055,73298,19.6,"[128.43, 27.05]","[127.91, 26.48]"
ryukyu,"ryukyu[1429-01-01,1879-03-27)",1879-03-27,1281-01-01,1879-04-04,1281-01-01,1429-01-01,54055,73299,1325.8,"[127.94, 26.49]","[127.91, 26.48]"
ryukyu,"ryukyu[1429-01-01,1879-03-27)",1879-03-27,1281-01-01,1879-04-04,1281-01-01,1429-01-01,54055,73300,16.1,"[127.97, 27.06]","[127.91, 26.48]"
ryukyu,"ryukyu[1429-01-01,1879-03-27)",1879-03-27,1281-01-01,1879-04-04,1281-01-01,1429-01-01,54055,73301,5.5,"[127.99, 26.37]","[127.91, 26.48]"
ryukyu,"ryukyu[1429-01-01,1879-03-27)",1879-03-27,1281-01-01,1879-04-04,1281-01-01,1429-01-01,54055,73302,13.4,"[127.93, 26.93]","[127.91, 26.48]"
ryukyu,"ryukyu[1429-01-01,1879-03-27)",1879-03-27,1281-01-01,1879-04-04,1281-01-01,1429-01-01,54055,73303,8.9,"[127.78, 26.72]","[127.91, 26.48]"
ryukyu,"ryukyu[1429-01-01,1879-03-27)",1879-03-27,1281-01-01,1879-04-04,1281-01-01,1429-01-01,54055,73304,14.4,"[127.36, 26.19]","[127.91, 26.48]"
ryukyu,"ryukyu[1429-01-01,1879-03-27)",1879-03-27,1281-01-01,1879-04-04,1281-01-01,1429-01-01,54055,73305,6.7,"[127.23, 26.59]","[127.91, 26.48]"
ryukyu,"ryukyu[1429-01-01,1879-03-27)",1879-03-27,1281-01-01,1879-04-04,1281-01-01,1429-01-01,54055,73306,36.7,"[126.76, 26.34]","[127.91, 26.48]"
yakub-beg,"yakub-beg[1865-01-01,1878-03-16)",1878-03-16,1864-06-04,1876-08-18,1864-06-04,1865-01-01,211,73307,730577.3,"[83.75, 41.78]","[82.66, 40.88]"
majapahit,"majapahit[1293-01-01,1527-01-01)",1527-01-01,1292-01-01,1293-11-10,1292-01-01,1293-01-01,366,76412,328.3,"[115.34, -6.92]","[111.33, -7.48]"
majapahit,"majapahit[1293-01-01,1527-01-01)",1527-01-01,1292-01-01,1293-11-10,1292-01-01,1293-01-01,366,74123,2.0,"[115.53, -7.01]","[111.33, -7.48]"
majapahit,"majapahit[1293-01-01,1527-01-01)",1527-01-01,1292-01-01,1293-11-10,1292-01-01,1293-01-01,366,76413,12.5,"[115.46, -6.99]","[111.33, -7.48]"
majapahit,"majapahit[1293-01-01,1527-01-01)",1527-01-01,1292-01-01,1293-11-10,1292-01-01,1293-01-01,366,2913,3.7,"[114.77, -7.13]","[111.33, -7.48]"
majapahit,"majapahit[1293-01-01,1527-01-01)",1527-01-01,1292-01-01,1293-11-10,1292-01-01,1293-01-01,366,76163,25.4,"[114.57, -7.14]","[111.33, -7.48]"
majapahit,"majapahit[1293-01-01,1527-01-01)",1527-01-01,1292-01-01,1293-11-10,1292-01-01,1293-01-01,366,74593,11.2,"[114.43, -5.55]","[111.33, -7.48]"
majapahit,"majapahit[1293-01-01,1527-01-01)",1527-01-01,1292-01-01,1293-11-10,1292-01-01,1293-01-01,366,74190,9.4,"[114.43, -5.45]","[111.33, -7.48]"
majapahit,"majapahit[1293-01-01,1527-01-01)",1527-01-01,1292-01-01,1293-11-10,1292-01-01,1293-01-01,366,76414,71.5,"[114.33, -7.12]","[111.33, -7.48]"
majapahit,"majapahit[1293-01-01,1527-01-01)",1527-01-01,1292-01-01,1293-11-10,1292-01-01,1293-01-01,366,76415,67718.4,"[110.69, -7.53]","[111.33, -7.48]"
majapahit,"majapahit[1293-01-01,1527-01-01)",1527-01-01,1292-01-01,1293-11-10,1292-01-01,1293-01-01,366,74193,8.6,"[114.17, -6.99]","[111.33, -7.48]"
majapahit,"majapahit[1293-01-01,1527-01-01)",1527-01-01,1292-01-01,1293-11-10,1292-01-01,1293-01-01,366,76416,4524.0,"[113.43, -7.06]","[111.33, -7.48]"
majapahit,"majapahit[1293-01-01,1527-01-01)",1527-01-01,1292-01-01,1293-11-10,1292-01-01,1293-01-01,366,24338,49.2,"[113.99, -7.08]","[111.33, -7.48]"
majapahit,"majapahit[1293-01-01,1527-01-01)",1527-01-01,1292-01-01,1293-11-10,1292-01-01,1293-01-01,366,76417,18.1,"[113.92, -7.2]","[111.33, -7.48]"
majapahit,"majapahit[1293-01-01,1527-01-01)",1527-01-01,1292-01-01,1293-11-10,1292-01-01,1293-01-01,366,76418,10.9,"[113.78, -7.22]","[111.33, -7.48]"
majapahit,"majapahit[1293-01-01,1527-01-01)",1527-01-01,1292-01-01,1293-11-10,1292-01-01,1293-01-01,366,76419,35.2,"[113.32, -8.47]","[111.33, -7.48]"
majapahit,"majapahit[1293-01-01,1527-01-01)",1527-01-01,1292-01-01,1293-11-10,1292-01-01,1293-01-01,366,76420,145.8,"[112.66, -5.78]","[111.33, -7.48]"
majapahit,"majapahit[1293-01-01,1527-01-01)",1527-01-01,1292-01-01,1293-11-10,1292-01-01,1293-01-01,366,75088,11.7,"[110.47, -5.82]","[111.33, -7.48]"
majapahit,"majapahit[1293-01-01,1527-01-01)",1527-01-01,1292-01-01,1293-11-10,1292-01-01,1293-01-01,366,24202,8.4,"[110.45, -5.86]","[111.33, -7.48]"
majapahit,"majapahit[1293-01-01,1527-01-01)",1527-01-01,1292-01-01,1293-11-10,1292-01-01,1293-01-01,366,74870,4.8,"[110.24, -5.75]","[111.33, -7.48]"
sih-imparatorlugu,"sih-imparatorlugu[1801-04-12,1849-03-29)",1849-03-29,1764-01-14,1765-04-16,1764-01-14,1765-04-16,458,76427,22765.8,"[76.56, 30.51]","[76.86, 30.81]"
sih-imparatorlugu,"sih-imparatorlugu[1801-04-12,1849-03-29)",1849-03-29,1765-04-16,1808-01-01,1765-04-16,1801-04-12,13144,76428,146056.8,"[74.63, 31.76]","[74.08, 32.18]"
dogu-sumatra-sultanliklari,"dogu-sumatra-sultanliklari[1615-01-01,1858-01-01)",1858-01-01,1590-01-01,1615-01-01,1590-01-01,1615-01-01,9131,76448,44771.6,"[102.19, -0.62]","[102.25, -0.62]"
dogu-sumatra-sultanliklari,"dogu-sumatra-sultanliklari[1615-01-01,1858-01-01)",1858-01-01,1590-01-01,1615-01-01,1590-01-01,1615-01-01,9131,76449,389.9,"[103.62, -0.33]","[102.25, -0.62]"
dogu-sumatra-sultanliklari,"dogu-sumatra-sultanliklari[1615-01-01,1858-01-01)",1858-01-01,1590-01-01,1615-01-01,1590-01-01,1615-01-01,9131,76450,4.9,"[103.07, 0.44]","[102.25, -0.62]"
dogu-sumatra-sultanliklari,"dogu-sumatra-sultanliklari[1615-01-01,1858-01-01)",1858-01-01,1590-01-01,1615-01-01,1590-01-01,1615-01-01,9131,76451,22.0,"[102.88, 0.3]","[102.25, -0.62]"
meysur,"meysur[1761-01-01,1799-05-04)",1799-05-04,1565-01-26,1687-01-01,1565-01-26,1687-01-01,44535,77981,35725.0,"[76.53, 12.39]","[76.53, 12.46]"
meysur,"meysur[1761-01-01,1799-05-04)",1799-05-04,1687-01-01,1763-01-01,1687-01-01,1761-01-01,27028,77982,83142.2,"[76.85, 12.63]","[77.12, 12.75]"
nguyen-hanedani,"nguyen-hanedani[1802-06-01,1945-08-25)",1945-08-25,1801-06-15,1802-06-01,1801-06-15,1802-06-01,351,77986,26799.7,"[106.94, 16.59]","[106.81, 16.69]"
ingiliz-hindistani,"ingiliz-hindistani[1757-06-23,1947-08-15)",1947-08-15,1757-01-02,1757-06-23,1757-01-02,1757-06-23,172,20610,2.8,"[89.59, 22.06]","[88.71, 22.23]"
ingiliz-hindistani,"ingiliz-hindistani[1757-06-23,1947-08-15)",1947-08-15,1757-01-02,1757-06-23,1757-01-02,1757-06-23,172,78178,40.7,"[89.55, 22.06]","[88.71, 22.23]"
ingiliz-hindistani,"ingiliz-hindistani[1757-06-23,1947-08-15)",1947-08-15,1757-01-02,1757-06-23,1757-01-02,1757-06-23,172,78179,14916.2,"[88.7, 21.97]","[88.71, 22.23]"
ingiliz-hindistani,"ingiliz-hindistani[1757-06-23,1947-08-15)",1947-08-15,1757-01-02,1757-06-23,1757-01-02,1757-06-23,172,78180,4.6,"[89.21, 21.68]","[88.71, 22.23]"
ingiliz-hindistani,"ingiliz-hindistani[1757-06-23,1947-08-15)",1947-08-15,1757-01-02,1757-06-23,1757-01-02,1757-06-23,172,22240,66.5,"[89.08, 21.83]","[88.71, 22.23]"
ingiliz-hindistani,"ingiliz-hindistani[1757-06-23,1947-08-15)",1947-08-15,1757-01-02,1757-06-23,1757-01-02,1757-06-23,172,2140,58.1,"[88.88, 21.55]","[88.71, 22.23]"
ingiliz-hindistani,"ingiliz-hindistani[1757-06-23,1947-08-15)",1947-08-15,1757-01-02,1757-06-23,1757-01-02,1757-06-23,172,78092,81.1,"[88.62, 21.87]","[88.71, 22.23]"
ingiliz-hindistani,"ingiliz-hindistani[1757-06-23,1947-08-15)",1947-08-15,1757-01-02,1757-06-23,1757-01-02,1757-06-23,172,78181,221.1,"[88.11, 21.71]","[88.71, 22.23]"
ingiliz-hindistani,"ingiliz-hindistani[1757-06-23,1947-08-15)",1947-08-15,1757-01-02,1757-06-23,1757-01-02,1757-06-23,172,78182,44.5,"[88.1, 21.9]","[88.71, 22.23]"
ingiliz-hindistani,"ingiliz-hindistani[1757-06-23,1947-08-15)",1947-08-15,1757-01-02,1757-06-23,1757-01-02,1757-06-23,172,20618,7.9,"[88.0, 22.27]","[88.71, 22.23]"
ingiliz-malaya,"ingiliz-malaya[1826-01-01,1957-08-31)",1957-08-31,1825-03-01,1826-11-27,1825-03-01,1826-01-01,306,78840,4493.7,"[102.46, 2.62]","[102.47, 2.56]"
ingiliz-malaya,"ingiliz-malaya[1826-01-01,1957-08-31)",1957-08-31,1825-03-01,1826-11-27,1825-03-01,1826-01-01,306,78841,164.8,"[102.09, 1.56]","[102.47, 2.56]"
ingiliz-malaya,"ingiliz-malaya[1826-01-01,1957-08-31)",1957-08-31,1825-03-01,1826-11-27,1825-03-01,1826-01-01,306,78842,1374.6,"[101.58, 1.92]","[102.47, 2.56]"
babur-imparatorlugu,"babur-imparatorlugu[1526-04-21,1857-09-21)",1857-09-21,1504-10-01,1522-09-06,1504-10-01,1522-09-06,6549,78954,128389.0,"[70.65, 33.49]","[69.66, 33.78]"
babur-imparatorlugu,"babur-imparatorlugu[1526-04-21,1857-09-21)",1857-09-21,1522-09-06,1526-04-21,1522-09-06,1526-04-21,1323,78955,216577.9,"[68.82, 32.75]","[69.3, 32.63]"
afgan-durrani,"afgan-durrani[1747-10-01,1823-01-01)",1823-01-01,1747-06-20,1747-10-01,1747-06-20,1747-10-01,103,79344,254943.1,"[68.75, 32.85]","[70.16, 32.63]"
afgan-durrani,"afgan-durrani[1747-10-01,1823-01-01)",1823-01-01,1747-06-20,1747-10-01,1747-06-20,1747-10-01,103,79345,49134.8,"[61.76, 34.51]","[70.16, 32.63]"
sur-hanedani,"sur-hanedani[1540-05-17,1564-01-01)",1564-01-01,1538-01-01,1540-05-17,1538-01-01,1540-05-17,867,2163,301040.0,"[88.28, 23.59]","[87.82, 24.26]"
sur-hanedani,"sur-hanedani[1540-05-17,1564-01-01)",1564-01-01,1538-01-01,1540-05-17,1538-01-01,1540-05-17,867,2164,310.5,"[90.64, 22.65]","[87.82, 24.26]"
sur-hanedani,"sur-hanedani[1540-05-17,1564-01-01)",1564-01-01,1538-01-01,1540-05-17,1538-01-01,1540-05-17,867,2146,189.0,"[90.57, 22.81]","[87.82, 24.26]"
sur-hanedani,"sur-hanedani[1540-05-17,1564-01-01)",1564-01-01,1538-01-01,1540-05-17,1538-01-01,1540-05-17,867,2147,98.3,"[90.61, 22.96]","[87.82, 24.26]"
sur-hanedani,"sur-hanedani[1540-05-17,1564-01-01)",1564-01-01,1538-01-01,1540-05-17,1538-01-01,1540-05-17,867,2165,427.7,"[90.47, 23.16]","[87.82, 24.26]"
sur-hanedani,"sur-hanedani[1540-05-17,1564-01-01)",1564-01-01,1538-01-01,1540-05-17,1538-01-01,1540-05-17,867,2149,27.1,"[90.51, 23.33]","[87.82, 24.26]"
sur-hanedani,"sur-hanedani[1540-05-17,1564-01-01)",1564-01-01,1538-01-01,1540-05-17,1538-01-01,1540-05-17,867,2150,16.4,"[90.48, 23.04]","[87.82, 24.26]"
sur-hanedani,"sur-hanedani[1540-05-17,1564-01-01)",1564-01-01,1538-01-01,1540-05-17,1538-01-01,1540-05-17,867,2151,8.3,"[90.5, 22.64]","[87.82, 24.26]"
sur-hanedani,"sur-hanedani[1540-05-17,1564-01-01)",1564-01-01,1538-01-01,1540-05-17,1538-01-01,1540-05-17,867,2152,6.1,"[90.41, 22.77]","[87.82, 24.26]"
sur-hanedani,"sur-hanedani[1540-05-17,1564-01-01)",1564-01-01,1538-01-01,1540-05-17,1538-01-01,1540-05-17,867,2166,2.4,"[90.17, 26.09]","[87.82, 24.26]"
sur-hanedani,"sur-hanedani[1540-05-17,1564-01-01)",1564-01-01,1538-01-01,1540-05-17,1538-01-01,1540-05-17,867,2167,1.8,"[90.01, 26.02]","[87.82, 24.26]"
sur-hanedani,"sur-hanedani[1540-05-17,1564-01-01)",1564-01-01,1538-01-01,1540-05-17,1538-01-01,1540-05-17,867,2155,2.8,"[89.59, 22.07]","[87.82, 24.26]"
sur-hanedani,"sur-hanedani[1540-05-17,1564-01-01)",1564-01-01,1538-01-01,1540-05-17,1538-01-01,1540-05-17,867,2156,60.9,"[89.55, 22.07]","[87.82, 24.26]"
sur-hanedani,"sur-hanedani[1540-05-17,1564-01-01)",1564-01-01,1538-01-01,1540-05-17,1538-01-01,1540-05-17,867,2157,3.4,"[89.21, 21.68]","[87.82, 24.26]"
sur-hanedani,"sur-hanedani[1540-05-17,1564-01-01)",1564-01-01,1538-01-01,1540-05-17,1538-01-01,1540-05-17,867,2158,66.5,"[89.08, 21.83]","[87.82, 24.26]"
sur-hanedani,"sur-hanedani[1540-05-17,1564-01-01)",1564-01-01,1538-01-01,1540-05-17,1538-01-01,1540-05-17,867,2159,58.1,"[88.87, 21.55]","[87.82, 24.26]"
sur-hanedani,"sur-hanedani[1540-05-17,1564-01-01)",1564-01-01,1538-01-01,1540-05-17,1538-01-01,1540-05-17,867,2160,81.1,"[88.63, 21.87]","[87.82, 24.26]"
sur-hanedani,"sur-hanedani[1540-05-17,1564-01-01)",1564-01-01,1538-01-01,1540-05-17,1538-01-01,1540-05-17,867,2161,221.1,"[88.11, 21.7]","[87.82, 24.26]"
sur-hanedani,"sur-hanedani[1540-05-17,1564-01-01)",1564-01-01,1538-01-01,1540-05-17,1538-01-01,1540-05-17,867,2162,44.5,"[88.1, 21.9]","[87.82, 24.26]"
kuzey-yuan,"kuzey-yuan[1368-09-14,1691-05-30)",1691-05-30,1281-01-01,1368-09-14,1281-01-01,1368-09-14,32032,79517,51518.5,"[110.04, 53.46]","[110.47, 53.33]"
lan-xang,"lan-xang[1353-01-01,1707-01-01)",1707-01-01,1281-01-01,1707-01-01,1281-01-01,1353-01-01,26297,3007,147093.6,"[103.26, 18.56]","[102.97, 18.9]"
lan-xang,"lan-xang[1353-01-01,1707-01-01)",1707-01-01,1281-01-01,1707-01-01,1281-01-01,1353-01-01,26297,3008,0.0,"[101.22, 19.84]","[102.97, 18.9]"
lan-xang,"lan-xang[1353-01-01,1707-01-01)",1707-01-01,1281-01-01,1707-01-01,1281-01-01,1353-01-01,26297,3009,20.3,"[100.92, 19.97]","[102.97, 18.9]"
gond-kralliklari,"gond-kralliklari[1301-01-01,1781-01-01)",1781-01-01,1281-01-01,1702-01-01,1281-01-01,1301-01-01,7304,80024,68281.9,"[80.19, 23.22]","[80.07, 23.41]"
banten-sultanligi,"banten-sultanligi[1527-06-22,1813-01-01)",1813-01-01,1526-01-01,1527-06-22,1526-01-01,1527-06-22,537,80154,24183.3,"[108.74, -7.13]","[108.21, -7.0]"
banten-sultanligi,"banten-sultanligi[1527-06-22,1813-01-01)",1813-01-01,1526-01-01,1527-06-22,1526-01-01,1527-06-22,537,80155,50.6,"[108.96, -7.75]","[108.21, -7.0]"
magindanao-sultanligi,"magindanao-sultanligi[1515-01-01,1888-01-01)",1888-01-01,1281-01-01,1888-01-01,1281-01-01,1515-01-01,85465,80269,10.9,"[125.9, 7.14]","[124.88, 7.17]"
magindanao-sultanligi,"magindanao-sultanligi[1515-01-01,1888-01-01)",1888-01-01,1281-01-01,1888-01-01,1281-01-01,1515-01-01,85465,80270,206.6,"[125.74, 7.03]","[124.88, 7.17]"
magindanao-sultanligi,"magindanao-sultanligi[1515-01-01,1888-01-01)",1888-01-01,1281-01-01,1888-01-01,1281-01-01,1515-01-01,85465,80271,33189.8,"[124.84, 7.17]","[124.88, 7.17]"
magindanao-sultanligi,"magindanao-sultanligi[1515-01-01,1888-01-01)",1888-01-01,1281-01-01,1888-01-01,1281-01-01,1515-01-01,85465,80272,27.2,"[125.7, 6.94]","[124.88, 7.17]"
magindanao-sultanligi,"magindanao-sultanligi[1515-01-01,1888-01-01)",1888-01-01,1281-01-01,1888-01-01,1281-01-01,1515-01-01,85465,80273,162.4,"[125.3, 5.94]","[124.88, 7.17]"
azuchi-momoyama,"azuchi-momoyama[1568-01-01,1615-06-04)",1615-06-04,1567-09-01,1571-01-01,1567-09-01,1568-01-01,122,80274,19229.4,"[136.9, 35.41]","[137.0, 35.38]"
azuchi-momoyama,"azuchi-momoyama[1568-01-01,1615-06-04)",1615-06-04,1567-09-01,1571-01-01,1567-09-01,1568-01-01,122,80275,4.4,"[136.04, 35.53]","[137.0, 35.38]"
azuchi-momoyama,"azuchi-momoyama[1568-01-01,1615-06-04)",1615-06-04,1567-09-01,1571-01-01,1567-09-01,1568-01-01,122,80276,3.3,"[136.4, 34.78]","[137.0, 35.38]"
azuchi-momoyama,"azuchi-momoyama[1568-01-01,1615-06-04)",1615-06-04,1567-09-01,1571-01-01,1567-09-01,1568-01-01,122,80277,2.7,"[137.7, 35.19]","[137.0, 35.38]"
azuchi-momoyama,"azuchi-momoyama[1568-01-01,1615-06-04)",1615-06-04,1567-09-01,1571-01-01,1567-09-01,1568-01-01,122,69647,6.3,"[136.81, 34.85]","[137.0, 35.38]"
bunyoro,"bunyoro[1501-01-01,1899-04-09)",1899-04-09,1281-01-01,1899-04-09,1281-01-01,1501-01-01,80352,80847,6.0,"[33.88, 0.19]","[29.64, 1.55]"
bunyoro,"bunyoro[1501-01-01,1899-04-09)",1899-04-09,1281-01-01,1899-04-09,1281-01-01,1501-01-01,80352,34481,27.2,"[33.82, 0.09]","[29.64, 1.55]"
bunyoro,"bunyoro[1501-01-01,1899-04-09)",1899-04-09,1281-01-01,1899-04-09,1281-01-01,1501-01-01,80352,34141,7.7,"[33.81, 0.19]","[29.64, 1.55]"
bunyoro,"bunyoro[1501-01-01,1899-04-09)",1899-04-09,1281-01-01,1899-04-09,1281-01-01,1501-01-01,80352,80848,119303.5,"[31.87, 1.25]","[29.64, 1.55]"
bunyoro,"bunyoro[1501-01-01,1899-04-09)",1899-04-09,1281-01-01,1899-04-09,1281-01-01,1501-01-01,80352,80849,4.7,"[33.75, 0.2]","[29.64, 1.55]"
bunyoro,"bunyoro[1501-01-01,1899-04-09)",1899-04-09,1281-01-01,1899-04-09,1281-01-01,1501-01-01,80352,80850,25.2,"[33.71, -0.13]","[29.64, 1.55]"
bunyoro,"bunyoro[1501-01-01,1899-04-09)",1899-04-09,1281-01-01,1899-04-09,1281-01-01,1501-01-01,80352,34941,219.0,"[33.3, 0.2]","[29.64, 1.55]"
bunyoro,"bunyoro[1501-01-01,1899-04-09)",1899-04-09,1281-01-01,1899-04-09,1281-01-01,1501-01-01,80352,34147,16.7,"[33.28, 0.05]","[29.64, 1.55]"
bunyoro,"bunyoro[1501-01-01,1899-04-09)",1899-04-09,1281-01-01,1899-04-09,1281-01-01,1501-01-01,80352,34382,8.0,"[33.18, 0.14]","[29.64, 1.55]"
bunyoro,"bunyoro[1501-01-01,1899-04-09)",1899-04-09,1281-01-01,1899-04-09,1281-01-01,1501-01-01,80352,80851,10.8,"[32.76, 1.44]","[29.64, 1.55]"
bunyoro,"bunyoro[1501-01-01,1899-04-09)",1899-04-09,1281-01-01,1899-04-09,1281-01-01,1501-01-01,80352,80852,56.5,"[32.73, -0.09]","[29.64, 1.55]"
bunyoro,"bunyoro[1501-01-01,1899-04-09)",1899-04-09,1281-01-01,1899-04-09,1281-01-01,1501-01-01,80352,80853,22.0,"[32.78, -0.01]","[29.64, 1.55]"
bunyoro,"bunyoro[1501-01-01,1899-04-09)",1899-04-09,1281-01-01,1899-04-09,1281-01-01,1501-01-01,80352,80854,50.5,"[32.49, -0.44]","[29.64, 1.55]"
bunyoro,"bunyoro[1501-01-01,1899-04-09)",1899-04-09,1281-01-01,1899-04-09,1281-01-01,1501-01-01,80352,80855,43.6,"[32.38, 1.62]","[29.64, 1.55]"
bunyoro,"bunyoro[1501-01-01,1899-04-09)",1899-04-09,1281-01-01,1899-04-09,1281-01-01,1501-01-01,80352,80856,11.3,"[32.38, -0.36]","[29.64, 1.55]"
bunyoro,"bunyoro[1501-01-01,1899-04-09)",1899-04-09,1281-01-01,1899-04-09,1281-01-01,1501-01-01,80352,80857,17.3,"[32.33, -0.23]","[29.64, 1.55]"
bunyoro,"bunyoro[1501-01-01,1899-04-09)",1899-04-09,1281-01-01,1899-04-09,1281-01-01,1501-01-01,80352,80858,288.8,"[32.2, -0.38]","[29.64, 1.55]"
dagbon,"dagbon[1401-01-01,1899-01-01)",1899-01-01,1281-01-01,1899-01-01,1281-01-01,1401-01-01,43828,80862,98131.0,"[-0.07, 9.0]","[-0.01, 8.9]"
merina-oncesi,"merina-oncesi[1401-01-01,1787-01-01)",1787-01-01,1281-01-01,1787-01-01,1281-01-01,1401-01-01,43828,86130,125.3,"[49.89, -16.95]","[47.33, -18.17]"
merina-oncesi,"merina-oncesi[1401-01-01,1787-01-01)",1787-01-01,1281-01-01,1787-01-01,1281-01-01,1401-01-01,43828,86131,145384.9,"[46.92, -18.76]","[47.33, -18.17]"
