sira,ad,id_yukle_indeksi,dosya,satir,dosya_satir,tur,lat,lon,bolge_kaba,bit,ilk_f_sdv,boyar_1000_1280,kasitli_bosluk
1,İnegöl,1,yerlesimler.js,71,data/yerlesimler.js:71,sehir,40.08,29.512,Anadolu,,1281-01-01,hayir,
2,Aydos Kalesi,2,yerlesimler.js,73,data/yerlesimler.js:73,kale,40.95,29.25,Anadolu,,1281-01-01,hayir,
3,Geyve,3,yerlesimler.js,75,data/yerlesimler.js:75,kale,40.508,30.288,Anadolu,,1281-01-01,hayir,
4,Köprühisar (Yenişehir),4,yerlesimler.js,77,data/yerlesimler.js:77,kale,40.205,29.545,Anadolu,,1281-01-01,hayir,
5,Marmaracık,5,yerlesimler.js,79,data/yerlesimler.js:79,kale,40.301,29.68,Anadolu,,1281-01-01,hayir,
6,Akhisar (Pamukova),6,yerlesimler.js,81,data/yerlesimler.js:81,kale,40.51,30.15,Anadolu,,1281-01-01,hayir,
7,Mekece,7,yerlesimler.js,83,data/yerlesimler.js:83,kale,40.56,30.24,Anadolu,,1281-01-01,hayir,
8,Kestel,8,yerlesimler.js,85,data/yerlesimler.js:85,kale,40.213,29.17,Anadolu,,1281-01-01,hayir,
9,Ulubat,9,yerlesimler.js,100,data/yerlesimler.js:100,kale,40.171,28.573,Anadolu,,1281-01-01,hayir,
10,Harmankaya,10,yerlesimler.js,102,data/yerlesimler.js:102,kale,40.1,29.98,Anadolu,,1281-01-01,hayir,
11,Akyazı,11,yerlesimler.js,104,data/yerlesimler.js:104,sehir,40.685,30.622,Anadolu,,1281-01-01,hayir,
12,İmralı Adası,12,yerlesimler.js,106,data/yerlesimler.js:106,kale,40.303,29.078,Anadolu,,1281-01-01,hayir,
13,Kandıra,13,yerlesimler.js,108,data/yerlesimler.js:108,sehir,41.075,30.147,Anadolu,,1281-01-01,hayir,
14,Mudanya,14,yerlesimler.js,110,data/yerlesimler.js:110,liman,40.373,28.883,Anadolu,,1281-01-01,hayir,
15,Yalova,15,yerlesimler.js,112,data/yerlesimler.js:112,liman,40.65,29.267,Anadolu,,1281-01-01,hayir,
16,Karamürsel,16,yerlesimler.js,114,data/yerlesimler.js:114,liman,40.69,29.617,Anadolu,,1281-01-01,hayir,
17,Armutlu,17,yerlesimler.js,116,data/yerlesimler.js:116,kale,40.517,28.833,Anadolu,,1281-01-01,hayir,
18,Gemlik (Kios),18,yerlesimler.js,118,data/yerlesimler.js:118,liman,40.43,29.157,Anadolu,,1281-01-01,hayir,
19,Otranto,19,yerlesimler.js,120,data/yerlesimler.js:120,kale,40.146,18.489,Avrupa-Balkan,,1281-01-01,hayir,
20,Brindisi,20,yerlesimler.js,123,data/yerlesimler.js:123,liman,40.639,17.945,Avrupa-Balkan,,1281-01-01,hayir,
21,Taranto,21,yerlesimler.js,124,data/yerlesimler.js:124,liman,40.472,17.243,Avrupa-Balkan,,1281-01-01,hayir,
22,Lecce,22,yerlesimler.js,125,data/yerlesimler.js:125,sehir,40.352,18.169,Avrupa-Balkan,,1281-01-01,hayir,
23,Enez,23,yerlesimler.js,126,data/yerlesimler.js:126,liman,40.724,26.075,Anadolu,,1281-01-01,hayir,
24,Datça,24,yerlesimler.js,129,data/yerlesimler.js:129,liman,36.7284,27.6843,Anadolu,,1281-01-01,hayir,
25,Marmaris,26,yerlesimler.js,135,data/yerlesimler.js:135,liman,36.855,28.274,Anadolu,,1281-01-01,hayir,
26,Fethiye (Makri),27,yerlesimler.js,138,data/yerlesimler.js:138,liman,36.622,29.116,Anadolu,,1281-01-01,hayir,
27,Kuşadası,28,yerlesimler.js,141,data/yerlesimler.js:141,liman,37.859,27.26,Anadolu,,1281-01-01,hayir,
28,Söke,29,yerlesimler.js,144,data/yerlesimler.js:144,sehir,37.751,27.408,Anadolu,,1281-01-01,hayir,
29,Söğüt,30,yerlesimler.js,147,data/yerlesimler.js:147,sehir,40.019,30.181,Anadolu,,1281-01-01,hayir,
30,Bozüyük,31,yerlesimler.js,148,data/yerlesimler.js:148,sehir,39.907,30.037,Anadolu,,1281-01-01,hayir,
31,Ermeni Derbendi,32,yerlesimler.js,149,data/yerlesimler.js:149,kasaba,39.949,29.967,Anadolu,,1281-01-01,hayir,
32,Pazaryeri,33,yerlesimler.js,150,data/yerlesimler.js:150,sehir,39.991,29.896,Anadolu,,1281-01-01,hayir,
33,Bilecik,34,yerlesimler.js,151,data/yerlesimler.js:151,kale,40.142,29.979,Anadolu,,1281-01-01,hayir,
34,Eskişehir,35,yerlesimler.js,153,data/yerlesimler.js:153,sehir,39.776,30.52,Anadolu,,1281-01-01,hayir,
35,Bursa,36,yerlesimler.js,155,data/yerlesimler.js:155,sehir,40.188,29.061,Anadolu,,1281-01-01,hayir,
36,İznik,37,yerlesimler.js,157,data/yerlesimler.js:157,sehir,40.429,29.721,Anadolu,,1078-01-01,EVET,
37,İzmit,38,yerlesimler.js,158,data/yerlesimler.js:158,sehir,40.766,29.917,Anadolu,,1228-01-01,EVET,
38,Balıkesir,40,yerlesimler.js,161,data/yerlesimler.js:161,sehir,39.649,27.886,Anadolu,,1281-01-01,hayir,
39,Bergama,42,yerlesimler.js,163,data/yerlesimler.js:163,sehir,39.121,27.18,Anadolu,,1281-01-01,hayir,
40,Ankara,43,yerlesimler.js,164,data/yerlesimler.js:164,sehir,39.933,32.86,Anadolu,,1134-01-01,EVET,
41,Kütahya,44,yerlesimler.js,167,data/yerlesimler.js:167,sehir,39.424,29.983,Anadolu,,1233-01-01,EVET,
42,Isparta,45,yerlesimler.js,170,data/yerlesimler.js:170,sehir,37.765,30.554,Anadolu,,1204-01-01,EVET,
43,Manisa,46,yerlesimler.js,171,data/yerlesimler.js:171,sehir,38.614,27.429,Anadolu,,1204-04-13,EVET,
44,İzmir,47,yerlesimler.js,173,data/yerlesimler.js:173,liman,38.419,27.129,Anadolu,,1281-01-01,hayir,
45,Çeşme,48,yerlesimler.js,177,data/yerlesimler.js:177,kale,38.325,26.3091,Anadolu,,1281-01-01,hayir,
46,Aydın,49,yerlesimler.js,180,data/yerlesimler.js:180,sehir,37.845,27.84,Anadolu,,1281-01-01,hayir,
47,Denizli,50,yerlesimler.js,184,data/yerlesimler.js:184,sehir,37.783,29.094,Anadolu,,1281-01-01,hayir,
48,Muğla,51,yerlesimler.js,185,data/yerlesimler.js:185,sehir,37.215,28.363,Anadolu,,1281-01-01,hayir,
49,Antalya,52,yerlesimler.js,187,data/yerlesimler.js:187,liman,36.887,30.703,Anadolu,,1207-03-05,EVET,
50,Konya,53,yerlesimler.js,203,data/yerlesimler.js:203,sehir,37.872,32.492,Anadolu,,1097-01-01,EVET,
51,Karaman,54,yerlesimler.js,205,data/yerlesimler.js:205,sehir,37.181,33.215,Anadolu,,1256-01-01,EVET,
52,Niğde,55,yerlesimler.js,207,data/yerlesimler.js:207,sehir,37.966,34.679,Anadolu,,1214-01-01,EVET,
53,Alanya,56,yerlesimler.js,211,data/yerlesimler.js:211,liman,36.5502,31.9997,Anadolu,,1281-01-01,hayir,
54,Anamur,57,yerlesimler.js,213,data/yerlesimler.js:213,kale,36.078,32.837,Levant-Irak-Arabistan,,1281-01-01,hayir,
55,Silifke,58,yerlesimler.js,215,data/yerlesimler.js:215,sehir,36.309,33.938,Levant-Irak-Arabistan,,1281-01-01,hayir,
56,Kayseri,59,yerlesimler.js,217,data/yerlesimler.js:217,sehir,38.734,35.48,Anadolu,,1143-01-01,EVET,
57,Kastamonu,60,yerlesimler.js,218,data/yerlesimler.js:218,sehir,41.377,33.777,Anadolu,,1281-01-01,hayir,
58,Sinop,61,yerlesimler.js,219,data/yerlesimler.js:219,liman,42.027,35.151,Anadolu,,1214-01-01,EVET,
59,Amasra,62,yerlesimler.js,220,data/yerlesimler.js:220,kale,41.748,32.386,Anadolu,,1281-01-01,hayir,
60,Bartın,63,yerlesimler.js,221,data/yerlesimler.js:221,liman,41.634,32.338,Anadolu,,1281-01-01,hayir,
61,Safranbolu,64,yerlesimler.js,224,data/yerlesimler.js:224,sehir,41.253,32.694,Anadolu,,1281-01-01,hayir,
62,Samsun,65,yerlesimler.js,227,data/yerlesimler.js:227,liman,41.286,36.331,Anadolu,,1281-01-01,hayir,
63,Amasya,66,yerlesimler.js,228,data/yerlesimler.js:228,sehir,40.65,35.833,Anadolu,,1281-01-01,hayir,
64,Tokat,67,yerlesimler.js,229,data/yerlesimler.js:229,sehir,40.314,36.554,Anadolu,,1074-01-01,EVET,
65,Sivas,68,yerlesimler.js,230,data/yerlesimler.js:230,sehir,39.75,37.015,Anadolu,,1184-01-01,EVET,
66,Trabzon,69,yerlesimler.js,231,data/yerlesimler.js:231,liman,41.005,39.723,Anadolu,,1204-01-01,EVET,
67,Giresun,70,yerlesimler.js,232,data/yerlesimler.js:232,liman,40.918,38.389,Anadolu,,1204-01-01,EVET,
68,Ordu (Bayramlı),71,yerlesimler.js,237,data/yerlesimler.js:237,sehir,40.976,37.848,Anadolu,,1281-01-01,hayir,
69,Ünye,72,yerlesimler.js,239,data/yerlesimler.js:239,liman,41.128,37.283,Anadolu,,1281-01-01,hayir,
70,Rize,73,yerlesimler.js,241,data/yerlesimler.js:241,liman,41.02,40.523,Anadolu,,1204-01-01,EVET,
71,Erzincan,74,yerlesimler.js,242,data/yerlesimler.js:242,sehir,39.75,39.492,Anadolu,,1142-01-01,EVET,
72,Erzurum,75,yerlesimler.js,243,data/yerlesimler.js:243,sehir,39.905,41.266,Anadolu,,1071-01-01,EVET,
73,Kars,76,yerlesimler.js,244,data/yerlesimler.js:244,kale,40.602,43.095,Anadolu,,1239-01-01,EVET,
74,Ardahan,77,yerlesimler.js,245,data/yerlesimler.js:245,kale,41.111,42.702,Anadolu,,1281-01-01,hayir,
75,Van,78,yerlesimler.js,246,data/yerlesimler.js:246,kale,38.502,43.393,Anadolu,,1232-01-01,EVET,
76,Bitlis,79,yerlesimler.js,247,data/yerlesimler.js:247,sehir,38.401,42.108,Anadolu,,1209-01-01,EVET,
77,Diyarbakır,80,yerlesimler.js,248,data/yerlesimler.js:248,sehir,37.911,40.237,Anadolu,,1281-01-01,hayir,
78,Mardin,81,yerlesimler.js,249,data/yerlesimler.js:249,kale,37.312,40.735,Anadolu,,1085-01-01,EVET,
79,Urfa,82,yerlesimler.js,254,data/yerlesimler.js:254,sehir,37.159,38.796,Anadolu,,1281-01-01,hayir,
80,Malatya,83,yerlesimler.js,256,data/yerlesimler.js:256,sehir,38.353,38.334,Anadolu,,1281-01-01,hayir,
81,Maraş,84,yerlesimler.js,257,data/yerlesimler.js:257,sehir,37.575,36.937,Anadolu,,1281-01-01,hayir,
82,Adana,85,yerlesimler.js,259,data/yerlesimler.js:259,sehir,37.0,35.321,Anadolu,,1281-01-01,hayir,
83,Tarsus,86,yerlesimler.js,261,data/yerlesimler.js:261,sehir,36.917,34.895,Anadolu,,1281-01-01,hayir,
84,Antakya,87,yerlesimler.js,263,data/yerlesimler.js:263,sehir,36.202,36.161,Levant-Irak-Arabistan,,1084-12-12,EVET,
85,Çorlu,88,yerlesimler.js,266,data/yerlesimler.js:266,sehir,41.158,27.8,Anadolu,,1281-01-01,hayir,
86,Lüleburgaz,89,yerlesimler.js,268,data/yerlesimler.js:268,sehir,41.406,27.359,Anadolu,,1281-01-01,hayir,
87,Malkara,90,yerlesimler.js,270,data/yerlesimler.js:270,sehir,40.89,26.905,Anadolu,,1281-01-01,hayir,
88,Keşan,91,yerlesimler.js,272,data/yerlesimler.js:272,sehir,40.848,26.633,Anadolu,,1281-01-01,hayir,
89,İpsala,92,yerlesimler.js,274,data/yerlesimler.js:274,sehir,40.914,26.383,Anadolu,,1281-01-01,hayir,
90,Çirmen,94,yerlesimler.js,304,data/yerlesimler.js:304,kale,41.72,26.2,Anadolu,,1281-01-01,hayir,
91,Eski Zağra (Stara Zagora),95,yerlesimler.js,306,data/yerlesimler.js:306,sehir,42.425,25.633,Avrupa-Balkan,,1281-01-01,hayir,
92,Tatarpazarcığı,96,yerlesimler.js,308,data/yerlesimler.js:308,sehir,42.192,24.333,Avrupa-Balkan,,1281-01-01,hayir,
93,İhtiman,97,yerlesimler.js,310,data/yerlesimler.js:310,kale,42.433,23.817,Avrupa-Balkan,,1281-01-01,hayir,
94,Köstendil,98,yerlesimler.js,312,data/yerlesimler.js:312,sehir,42.283,22.69,Avrupa-Balkan,,1281-01-01,hayir,
95,Petriç,99,yerlesimler.js,316,data/yerlesimler.js:316,kale,41.404,23.203,Avrupa-Balkan,,1281-01-01,hayir,
96,Nevrokop (Gotse Delçev),100,yerlesimler.js,319,data/yerlesimler.js:319,sehir,41.573,23.733,Avrupa-Balkan,,1281-01-01,hayir,
97,Drama,101,yerlesimler.js,322,data/yerlesimler.js:322,sehir,41.152,24.147,Avrupa-Balkan,,1281-01-01,hayir,
98,Gelibolu,102,yerlesimler.js,325,data/yerlesimler.js:325,liman,40.4156,26.6636,Anadolu,,1204-04-13,EVET,
99,Çimpe,103,yerlesimler.js,326,data/yerlesimler.js:326,kale,40.503,26.598,Anadolu,,1281-01-01,hayir,
100,Edirne,104,yerlesimler.js,327,data/yerlesimler.js:327,sehir,41.677,26.556,Anadolu,,1281-01-01,hayir,
101,Dimetoka,105,yerlesimler.js,329,data/yerlesimler.js:329,kale,41.348,26.497,Anadolu,,1230-01-01,EVET,
102,Kırklareli,106,yerlesimler.js,330,data/yerlesimler.js:330,sehir,41.735,27.225,Anadolu,,1281-01-01,hayir,
103,Tekirdağ,107,yerlesimler.js,332,data/yerlesimler.js:332,liman,40.9838,27.5084,Anadolu,,1275-01-01,EVET,
104,İstanbul,108,yerlesimler.js,333,data/yerlesimler.js:333,sehir,41.008,28.98,Anadolu,,0330-05-11,EVET,
105,Filibe,109,yerlesimler.js,334,data/yerlesimler.js:334,sehir,42.144,24.75,Avrupa-Balkan,,1281-01-01,hayir,
106,Sofya,110,yerlesimler.js,335,data/yerlesimler.js:335,sehir,42.698,23.322,Avrupa-Balkan,,1281-01-01,hayir,
107,Niş,111,yerlesimler.js,336,data/yerlesimler.js:336,sehir,43.321,21.896,Avrupa-Balkan,,1281-01-01,hayir,
108,Vidin,112,yerlesimler.js,359,data/yerlesimler.js:359,kale,43.992,22.873,Avrupa-Balkan,,1281-01-01,hayir,
109,Tırnova,113,yerlesimler.js,360,data/yerlesimler.js:360,sehir,43.081,25.629,Avrupa-Balkan,,1281-01-01,hayir,
110,Varna,114,yerlesimler.js,361,data/yerlesimler.js:361,liman,43.214,27.915,Avrupa-Balkan,,1281-01-01,hayir,
111,Şumnu,115,yerlesimler.js,362,data/yerlesimler.js:362,kale,43.271,26.936,Avrupa-Balkan,,1281-01-01,hayir,
112,Silistre,116,yerlesimler.js,363,data/yerlesimler.js:363,kale,44.117,27.26,Avrupa-Balkan,,1281-01-01,hayir,
113,Niğbolu,117,yerlesimler.js,364,data/yerlesimler.js:364,kale,43.706,24.892,Avrupa-Balkan,,1281-01-01,hayir,
114,Rusçuk,118,yerlesimler.js,365,data/yerlesimler.js:365,kale,43.856,25.971,Avrupa-Balkan,,1281-01-01,hayir,
115,Selanik,119,yerlesimler.js,366,data/yerlesimler.js:366,liman,40.64,22.944,Avrupa-Balkan,,1281-01-01,hayir,
116,Serez,120,yerlesimler.js,367,data/yerlesimler.js:367,sehir,41.089,23.545,Avrupa-Balkan,,1281-01-01,hayir,
117,Kavala,121,yerlesimler.js,368,data/yerlesimler.js:368,liman,40.9451,24.4101,Avrupa-Balkan,,1242-01-01,EVET,
118,Üsküp,122,yerlesimler.js,369,data/yerlesimler.js:369,sehir,41.997,21.428,Avrupa-Balkan,,1281-01-01,hayir,
119,Manastır,123,yerlesimler.js,370,data/yerlesimler.js:370,sehir,41.031,21.335,Avrupa-Balkan,,1281-01-01,hayir,
120,Ohri,124,yerlesimler.js,371,data/yerlesimler.js:371,sehir,41.1194,20.8028,Avrupa-Balkan,,1281-01-01,hayir,
121,Yanya,125,yerlesimler.js,372,data/yerlesimler.js:372,sehir,39.665,20.852,Avrupa-Balkan,,1281-01-01,hayir,
122,Arta,126,yerlesimler.js,373,data/yerlesimler.js:373,sehir,39.161,20.985,Avrupa-Balkan,,1281-01-01,hayir,
123,Yenişehir (Larissa),127,yerlesimler.js,374,data/yerlesimler.js:374,sehir,39.639,22.418,Avrupa-Balkan,,1281-01-01,hayir,
124,Tırhala,128,yerlesimler.js,375,data/yerlesimler.js:375,sehir,39.555,21.768,Avrupa-Balkan,,1281-01-01,hayir,
125,Atina,129,yerlesimler.js,380,data/yerlesimler.js:380,sehir,37.976,23.734,Avrupa-Balkan,,1205-01-01,EVET,
126,Mora (Tripoliçe),130,yerlesimler.js,381,data/yerlesimler.js:381,sehir,37.51,22.379,Avrupa-Balkan,,1281-01-01,hayir,
127,Modon,131,yerlesimler.js,383,data/yerlesimler.js:383,kale,36.8207,21.7075,Avrupa-Balkan,,1209-01-01,EVET,
128,Balyabadra (Patras),132,yerlesimler.js,385,data/yerlesimler.js:385,liman,38.246,21.735,Avrupa-Balkan,,1281-01-01,hayir,
129,Anabolu (Nauplion),133,yerlesimler.js,386,data/yerlesimler.js:386,kale,37.567,22.8,Avrupa-Balkan,,1281-01-01,hayir,
130,Damala (Troizen),134,yerlesimler.js,420,data/yerlesimler.js:420,kasaba,37.508,23.339,Avrupa-Balkan,,1281-01-01,hayir,
131,Methana,135,yerlesimler.js,421,data/yerlesimler.js:421,kasaba,37.588,23.38,Avrupa-Balkan,,1281-01-01,hayir,
132,Ermiyoni (Hermione),136,yerlesimler.js,428,data/yerlesimler.js:428,liman,37.3884,23.2486,Avrupa-Balkan,,1281-01-01,hayir,
133,Kranidi,137,yerlesimler.js,429,data/yerlesimler.js:429,kasaba,37.364,23.147,Avrupa-Balkan,,1281-01-01,hayir,
134,İnebahtı,138,yerlesimler.js,431,data/yerlesimler.js:431,kale,38.399,21.827,Avrupa-Balkan,,1281-01-01,hayir,
135,Eğriboz,139,yerlesimler.js,432,data/yerlesimler.js:432,kale,38.4631,23.6023,Avrupa-Balkan,,1281-01-01,hayir,
136,İstefe (Tebai),140,yerlesimler.js,433,data/yerlesimler.js:433,sehir,38.322,23.319,Avrupa-Balkan,,1205-01-01,EVET,
137,Livadya,141,yerlesimler.js,434,data/yerlesimler.js:434,sehir,38.435,22.875,Avrupa-Balkan,,1205-01-01,EVET,
138,İzdin (Lamia),142,yerlesimler.js,435,data/yerlesimler.js:435,kale,38.9,22.434,Avrupa-Balkan,,1281-01-01,hayir,
139,İşkodra,143,yerlesimler.js,436,data/yerlesimler.js:436,kale,42.069,19.513,Avrupa-Balkan,,1281-01-01,hayir,
140,Akçahisar (Kruja),144,yerlesimler.js,437,data/yerlesimler.js:437,kale,41.509,19.793,Avrupa-Balkan,,1281-01-01,hayir,
141,Berat,146,yerlesimler.js,439,data/yerlesimler.js:439,sehir,40.705,19.951,Avrupa-Balkan,,1281-01-01,hayir,
142,Draç,147,yerlesimler.js,440,data/yerlesimler.js:440,liman,41.323,19.455,Avrupa-Balkan,,1281-01-01,hayir,
143,Avlonya,148,yerlesimler.js,441,data/yerlesimler.js:441,liman,40.466,19.489,Avrupa-Balkan,,1281-01-01,hayir,
144,Priştine,149,yerlesimler.js,442,data/yerlesimler.js:442,sehir,42.663,21.162,Avrupa-Balkan,,1281-01-01,hayir,
145,Semendire,150,yerlesimler.js,443,data/yerlesimler.js:443,kale,44.663,20.93,Avrupa-Balkan,,1281-01-01,hayir,
146,Belgrad,151,yerlesimler.js,444,data/yerlesimler.js:444,kale,44.818,20.457,Avrupa-Balkan,,1281-01-01,hayir,
147,Saraybosna,152,yerlesimler.js,446,data/yerlesimler.js:446,sehir,43.856,18.413,Avrupa-Balkan,,1281-01-01,hayir,
148,Mostar,153,yerlesimler.js,447,data/yerlesimler.js:447,sehir,43.343,17.808,Avrupa-Balkan,,1281-01-01,hayir,
149,Banaluka,154,yerlesimler.js,448,data/yerlesimler.js:448,kale,44.772,17.191,Avrupa-Balkan,,1281-01-01,hayir,
150,Bükreş,155,yerlesimler.js,449,data/yerlesimler.js:449,sehir,44.427,26.103,Avrupa-Balkan,,1281-01-01,hayir,
151,Yaş,156,yerlesimler.js,450,data/yerlesimler.js:450,sehir,47.157,27.601,Avrupa-Balkan,,1281-01-01,hayir,
152,Akkirman,157,yerlesimler.js,451,data/yerlesimler.js:451,kale,46.1968,30.3431,Rusya,,1281-01-01,hayir,
153,Kili,158,yerlesimler.js,452,data/yerlesimler.js:452,kale,45.451,29.271,Avrupa-Balkan,,1281-01-01,hayir,
154,Suçava (Suceava),159,yerlesimler.js,457,data/yerlesimler.js:457,sehir,47.633,26.25,Avrupa-Balkan,,1281-01-01,hayir,
155,Çernovitz (Çernivtsi),160,yerlesimler.js,458,data/yerlesimler.js:458,kale,48.292,25.935,Avrupa-Balkan,,1281-01-01,hayir,
156,Roman,161,yerlesimler.js,459,data/yerlesimler.js:459,sehir,46.925,26.93,Avrupa-Balkan,,1281-01-01,hayir,
157,Birlad (Bârlad),162,yerlesimler.js,460,data/yerlesimler.js:460,kale,46.23,27.667,Avrupa-Balkan,,1281-01-01,hayir,
158,Kalas (Galatz),163,yerlesimler.js,461,data/yerlesimler.js:461,liman,45.435,28.008,Avrupa-Balkan,,1281-01-01,hayir,
159,İbrail,164,yerlesimler.js,462,data/yerlesimler.js:462,kale,45.27,27.972,Avrupa-Balkan,,1281-01-01,hayir,
160,Özi,165,yerlesimler.js,463,data/yerlesimler.js:463,kale,46.6247,31.5421,Rusya,,1281-01-01,hayir,
161,Kamaniçe,166,yerlesimler.js,464,data/yerlesimler.js:464,kale,48.674,26.574,Avrupa-Balkan,,1281-01-01,hayir,
162,Erdel (Kaloşvar),167,yerlesimler.js,468,data/yerlesimler.js:468,bolge,46.77,23.591,Avrupa-Balkan,,1281-01-01,hayir,
163,Budin,168,yerlesimler.js,470,data/yerlesimler.js:470,sehir,47.498,19.04,Avrupa-Balkan,,1281-01-01,hayir,
164,Peçuy,169,yerlesimler.js,471,data/yerlesimler.js:471,sehir,46.073,18.233,Avrupa-Balkan,,1281-01-01,hayir,
165,Estergon,170,yerlesimler.js,485,data/yerlesimler.js:485,kale,47.795,18.74,Avrupa-Balkan,,1281-01-01,hayir,
166,Eğri,171,yerlesimler.js,486,data/yerlesimler.js:486,kale,47.902,20.377,Avrupa-Balkan,,1281-01-01,hayir,
167,Kanije,172,yerlesimler.js,487,data/yerlesimler.js:487,kale,46.454,16.989,Avrupa-Balkan,,1281-01-01,hayir,
168,Uyvar,173,yerlesimler.js,488,data/yerlesimler.js:488,kale,47.986,18.162,Avrupa-Balkan,,1281-01-01,hayir,
169,Temeşvar,174,yerlesimler.js,489,data/yerlesimler.js:489,kale,45.76,21.23,Avrupa-Balkan,,1281-01-01,hayir,
170,Lugos (Lugoj),175,yerlesimler.js,495,data/yerlesimler.js:495,kale,45.688,21.903,Avrupa-Balkan,,1281-01-01,hayir,
171,Orsova (Eski Orsova),176,yerlesimler.js,512,data/yerlesimler.js:512,kale,44.72,22.4,Avrupa-Balkan,,1281-01-01,hayir,
172,Rodos,177,yerlesimler.js,522,data/yerlesimler.js:522,kale,36.443,28.226,Avrupa-Balkan,,1281-01-01,hayir,
173,Sakız,178,yerlesimler.js,523,data/yerlesimler.js:523,liman,38.368,26.135,Anadolu,,1281-01-01,hayir,
174,Midilli,179,yerlesimler.js,524,data/yerlesimler.js:524,kale,39.106,26.554,Anadolu,,1281-01-01,hayir,
175,Limni,180,yerlesimler.js,537,data/yerlesimler.js:537,kale,39.876,25.156,Avrupa-Balkan,,1281-01-01,hayir,
176,Kandiye (Girit),181,yerlesimler.js,540,data/yerlesimler.js:540,liman,35.339,25.133,Avrupa-Balkan,,1281-01-01,hayir,
177,Hanya,182,yerlesimler.js,542,data/yerlesimler.js:542,kale,35.512,24.019,Avrupa-Balkan,,1281-01-01,hayir,
178,Lefkoşa,183,yerlesimler.js,543,data/yerlesimler.js:543,sehir,35.17,33.36,Levant-Irak-Arabistan,,1281-01-01,hayir,
179,Magosa,184,yerlesimler.js,544,data/yerlesimler.js:544,kale,35.125,33.94,Levant-Irak-Arabistan,,1281-01-01,hayir,
180,Semadirek,185,yerlesimler.js,553,data/yerlesimler.js:553,kale,40.463,25.53,Avrupa-Balkan,,1281-01-01,hayir,
181,Taşoz,186,yerlesimler.js,554,data/yerlesimler.js:554,kale,40.69,24.647,Avrupa-Balkan,,1281-01-01,hayir,
182,Bozcaada,187,yerlesimler.js,555,data/yerlesimler.js:555,kale,39.833,26.045,Anadolu,,1281-01-01,hayir,
183,İmroz,188,yerlesimler.js,556,data/yerlesimler.js:556,kale,40.163,25.905,Avrupa-Balkan,,1281-01-01,hayir,
184,Sisam,189,yerlesimler.js,557,data/yerlesimler.js:557,kale,37.755,26.977,Anadolu,,1281-01-01,hayir,
185,İstanköy,190,yerlesimler.js,558,data/yerlesimler.js:558,kale,36.893,27.288,Anadolu,,1258-01-01,EVET,
186,Nakşa,191,yerlesimler.js,559,data/yerlesimler.js:559,kale,37.097,25.3825,Avrupa-Balkan,,1207-01-01,EVET,
187,Andros,192,yerlesimler.js,560,data/yerlesimler.js:560,kale,37.833,24.933,Avrupa-Balkan,,1281-01-01,hayir,
188,Çuha Adası (Kythira),193,yerlesimler.js,566,data/yerlesimler.js:566,kale,36.24,22.99,Avrupa-Balkan,,1281-01-01,hayir,
189,İskiros (Skyros),194,yerlesimler.js,567,data/yerlesimler.js:567,kale,38.9,24.57,Avrupa-Balkan,,1281-01-01,hayir,
190,İskopelos,195,yerlesimler.js,568,data/yerlesimler.js:568,kale,39.12,23.72,Avrupa-Balkan,,1281-01-01,hayir,
191,İstendil (Tinos),196,yerlesimler.js,569,data/yerlesimler.js:569,kale,37.57,25.17,Avrupa-Balkan,,1281-01-01,hayir,
192,Nikarya (İkarya),197,yerlesimler.js,570,data/yerlesimler.js:570,kale,37.6,26.15,Anadolu,,1281-01-01,hayir,
193,Santorini,198,yerlesimler.js,571,data/yerlesimler.js:571,kale,36.416,25.432,Avrupa-Balkan,,1281-01-01,hayir,
194,Girit (Resmo),199,yerlesimler.js,572,data/yerlesimler.js:572,kale,35.365,24.482,Avrupa-Balkan,,1204-08-12,EVET,
195,Karpatos,200,yerlesimler.js,574,data/yerlesimler.js:574,kale,35.508,27.213,Avrupa-Balkan,,1281-01-01,hayir,
196,Kefe,201,yerlesimler.js,576,data/yerlesimler.js:576,liman,45.032,35.382,Rusya,,1281-01-01,hayir,
197,Bahçesaray,202,yerlesimler.js,577,data/yerlesimler.js:577,sehir,44.753,33.861,Rusya,,1281-01-01,hayir,
198,Kerç,203,yerlesimler.js,578,data/yerlesimler.js:578,kale,45.356,36.467,Rusya,,1281-01-01,hayir,
199,Azak,204,yerlesimler.js,598,data/yerlesimler.js:598,kale,47.113,39.423,Rusya,,1281-01-01,hayir,
200,Taman,205,yerlesimler.js,599,data/yerlesimler.js:599,kale,45.2029,36.7172,Rusya,,1281-01-01,hayir,
201,Anapa,206,yerlesimler.js,600,data/yerlesimler.js:600,kale,44.894,37.316,Rusya,,1281-01-01,hayir,
202,Sohum,207,yerlesimler.js,603,data/yerlesimler.js:603,liman,43.001,41.023,Kafkasya,,1281-01-01,hayir,
203,Soçi (Sâşe),208,yerlesimler.js,619,data/yerlesimler.js:619,liman,43.585,39.723,Avrupa-Balkan,,1281-01-01,hayir,
204,Tuapse,209,yerlesimler.js,620,data/yerlesimler.js:620,liman,44.103,39.08,Rusya,,1281-01-01,hayir,
205,Kuban (Yekaterinodar),210,yerlesimler.js,621,data/yerlesimler.js:621,sehir,45.035,38.975,Rusya,,1281-01-01,hayir,
206,Maykop (Çerkezya),211,yerlesimler.js,622,data/yerlesimler.js:622,bolge,44.609,40.101,Rusya,,1281-01-01,hayir,
207,Kabartay (Nalçik),212,yerlesimler.js,623,data/yerlesimler.js:623,bolge,43.498,43.618,Kafkasya,,1281-01-01,hayir,
208,Tarki (Tarku),213,yerlesimler.js,639,data/yerlesimler.js:639,sehir,42.98,47.5,Kafkasya,,1281-01-01,hayir,
209,Ağraham burnu,214,yerlesimler.js,640,data/yerlesimler.js:640,bolge,43.972,47.739,Kafkasya,,1281-01-01,hayir,
210,Terek deltası (Kızlar),215,yerlesimler.js,641,data/yerlesimler.js:641,bolge,43.85,46.72,Kafkasya,,1281-01-01,hayir,
211,Tebriz,216,yerlesimler.js,653,data/yerlesimler.js:653,sehir,38.08,46.292,Iran-Irak-Korfez,,1231-01-01,EVET,
212,Nahçıvan,217,yerlesimler.js,657,data/yerlesimler.js:657,sehir,39.209,45.412,Kafkasya,,1281-01-01,hayir,
213,Tiflis,218,yerlesimler.js,658,data/yerlesimler.js:658,sehir,41.716,44.783,Anadolu,,1281-01-01,hayir,
214,Zagem (Kaheti),219,yerlesimler.js,667,data/yerlesimler.js:667,sehir,41.7,45.78,Kafkasya,,1281-01-01,hayir,
215,Revan,220,yerlesimler.js,668,data/yerlesimler.js:668,kale,40.183,44.515,Anadolu,,1281-01-01,hayir,
216,Gence,221,yerlesimler.js,669,data/yerlesimler.js:669,kale,40.683,46.36,Kafkasya,,1235-01-01,EVET,
217,Şamahı,222,yerlesimler.js,670,data/yerlesimler.js:670,sehir,40.632,48.641,Kafkasya,,1281-01-01,hayir,
218,Bakü,223,yerlesimler.js,672,data/yerlesimler.js:672,liman,40.372,49.867,Kafkasya,,1281-01-01,hayir,
219,Derbend,224,yerlesimler.js,674,data/yerlesimler.js:674,kale,42.058,48.29,Kafkasya,,1239-01-01,EVET,
220,Kabala,225,yerlesimler.js,690,data/yerlesimler.js:690,sehir,40.984,47.845,Kafkasya,,1281-01-01,hayir,
221,Ereş,226,yerlesimler.js,691,data/yerlesimler.js:691,sehir,40.74,47.31,Kafkasya,,1281-01-01,hayir,
222,Şâbüran,227,yerlesimler.js,692,data/yerlesimler.js:692,sehir,41.21,48.98,Kafkasya,,1281-01-01,hayir,
223,Mahmudâbâd,228,yerlesimler.js,693,data/yerlesimler.js:693,sehir,39.38,49.24,Kafkasya,,1281-01-01,hayir,
224,Hemedan,229,yerlesimler.js,707,data/yerlesimler.js:707,sehir,34.799,48.515,Iran-Irak-Korfez,,1281-01-01,hayir,
225,Kirmanşah,230,yerlesimler.js,719,data/yerlesimler.js:719,sehir,34.314,47.065,Iran-Irak-Korfez,,1281-01-01,hayir,
226,Luristan,231,yerlesimler.js,720,data/yerlesimler.js:720,bolge,33.487,48.356,Iran-Irak-Korfez,,1281-01-01,hayir,
227,Şehrizor,232,yerlesimler.js,722,data/yerlesimler.js:722,sehir,35.56,45.43,Iran-Irak-Korfez,,1233-01-01,EVET,
228,Halep,233,yerlesimler.js,729,data/yerlesimler.js:729,sehir,36.202,37.161,Levant-Irak-Arabistan,,1260-01-01,EVET,
229,Hama,234,yerlesimler.js,731,data/yerlesimler.js:731,sehir,35.132,36.75,Levant-Irak-Arabistan,,1281-01-01,hayir,
230,Şam,235,yerlesimler.js,733,data/yerlesimler.js:733,sehir,33.513,36.292,Levant-Irak-Arabistan,,1281-01-01,hayir,
231,Beyrut,236,yerlesimler.js,735,data/yerlesimler.js:735,liman,33.888,35.495,Levant-Irak-Arabistan,,1281-01-01,hayir,
232,Trablusşam,237,yerlesimler.js,737,data/yerlesimler.js:737,liman,34.436,35.844,Levant-Irak-Arabistan,,1281-01-01,hayir,
233,Kudüs,238,yerlesimler.js,739,data/yerlesimler.js:739,sehir,31.777,35.234,Levant-Irak-Arabistan,,1281-01-01,hayir,
234,Gazze,239,yerlesimler.js,741,data/yerlesimler.js:741,sehir,31.502,34.466,Levant-Irak-Arabistan,,1281-01-01,hayir,
235,Akkâ,240,yerlesimler.js,743,data/yerlesimler.js:743,kale,32.928,35.082,Levant-Irak-Arabistan,,1281-01-01,hayir,
236,Musul,241,yerlesimler.js,745,data/yerlesimler.js:745,sehir,36.34,43.13,Levant-Irak-Arabistan,,1281-01-01,hayir,
237,Kerkük,242,yerlesimler.js,746,data/yerlesimler.js:746,sehir,35.468,44.392,Iran-Irak-Korfez,,1281-01-01,hayir,
238,Bağdat,243,yerlesimler.js,747,data/yerlesimler.js:747,sehir,33.34,44.361,Iran-Irak-Korfez,,1258-02-10,EVET,
239,Kerbelâ,244,yerlesimler.js,748,data/yerlesimler.js:748,sehir,32.616,44.025,Iran-Irak-Korfez,,1281-01-01,hayir,
240,Basra,245,yerlesimler.js,749,data/yerlesimler.js:749,liman,30.508,47.783,Iran-Irak-Korfez,,1281-01-01,hayir,
241,Lahsa,246,yerlesimler.js,750,data/yerlesimler.js:750,bolge,25.383,49.588,Iran-Irak-Korfez,,1281-01-01,hayir,
242,Mekke,247,yerlesimler.js,760,data/yerlesimler.js:760,sehir,21.423,39.826,Levant-Irak-Arabistan,,1281-01-01,hayir,
243,Medine,248,yerlesimler.js,763,data/yerlesimler.js:763,sehir,24.47,39.612,Levant-Irak-Arabistan,,1281-01-01,hayir,
244,Cidde,249,yerlesimler.js,766,data/yerlesimler.js:766,liman,21.543,39.173,Levant-Irak-Arabistan,,1281-01-01,hayir,
245,Yenbu,250,yerlesimler.js,769,data/yerlesimler.js:769,liman,24.089,38.063,Levant-Irak-Arabistan,,1281-01-01,hayir,
246,Dir'iye (Necid),251,yerlesimler.js,774,data/yerlesimler.js:774,kale,24.733,46.575,Iran-Irak-Korfez,,1744-01-01,hayir,
247,Tebük,252,yerlesimler.js,776,data/yerlesimler.js:776,kale,28.384,36.566,Levant-Irak-Arabistan,,1281-01-01,hayir,
248,Maan,253,yerlesimler.js,777,data/yerlesimler.js:777,kale,30.192,35.734,Levant-Irak-Arabistan,,1281-01-01,hayir,
249,Zebîd,254,yerlesimler.js,788,data/yerlesimler.js:788,sehir,14.195,43.317,Levant-Irak-Arabistan,,1281-01-01,hayir,
250,Aden,255,yerlesimler.js,789,data/yerlesimler.js:789,liman,12.786,45.019,Iran-Irak-Korfez,,1281-01-01,hayir,
251,Moha,256,yerlesimler.js,796,data/yerlesimler.js:796,liman,13.319,43.25,Levant-Irak-Arabistan,,1281-01-01,hayir,
252,Sana,257,yerlesimler.js,804,data/yerlesimler.js:804,sehir,15.369,44.191,Iran-Irak-Korfez,,1281-01-01,hayir,
253,Taiz,258,yerlesimler.js,811,data/yerlesimler.js:811,sehir,13.579,44.022,Iran-Irak-Korfez,,1281-01-01,hayir,
254,Hudeyde,259,yerlesimler.js,812,data/yerlesimler.js:812,liman,14.798,42.954,Levant-Irak-Arabistan,,1281-01-01,hayir,
255,Ebha (Asir),260,yerlesimler.js,813,data/yerlesimler.js:813,sehir,18.216,42.505,Levant-Irak-Arabistan,,1281-01-01,hayir,
256,Kahire,261,yerlesimler.js,818,data/yerlesimler.js:818,sehir,30.047,31.243,KuzeyAfrika-Misir,,1252-01-01,EVET,
257,İskenderiye,262,yerlesimler.js,820,data/yerlesimler.js:820,liman,31.2,29.919,KuzeyAfrika-Misir,,1281-01-01,hayir,
258,Dimyat,263,yerlesimler.js,822,data/yerlesimler.js:822,liman,31.418,31.814,KuzeyAfrika-Misir,,1250-01-01,EVET,
259,Asyut,264,yerlesimler.js,824,data/yerlesimler.js:824,sehir,27.181,31.183,KuzeyAfrika-Misir,,1281-01-01,hayir,
260,Asvan,265,yerlesimler.js,826,data/yerlesimler.js:826,sehir,24.089,32.899,Levant-Irak-Arabistan,,1281-01-01,hayir,
261,İbrim,266,yerlesimler.js,828,data/yerlesimler.js:828,kale,22.658,31.988,KuzeyAfrika-Misir,,1281-01-01,hayir,
262,Dongola,267,yerlesimler.js,832,data/yerlesimler.js:832,sehir,19.169,30.474,KuzeyAfrika-Misir,,1281-01-01,hayir,
263,Hartum,268,yerlesimler.js,834,data/yerlesimler.js:834,sehir,15.5,32.559,Levant-Irak-Arabistan,,1281-01-01,hayir,
264,Sennar,269,yerlesimler.js,836,data/yerlesimler.js:836,sehir,13.551,33.616,Levant-Irak-Arabistan,,1281-01-01,hayir,
265,Kordofan (Ubeyyid),270,yerlesimler.js,838,data/yerlesimler.js:838,sehir,13.184,30.218,KuzeyAfrika-Misir,,1281-01-01,hayir,
266,Sevâkin,271,yerlesimler.js,861,data/yerlesimler.js:861,liman,19.106,37.332,Levant-Irak-Arabistan,,1281-01-01,hayir,
267,Masavva,272,yerlesimler.js,862,data/yerlesimler.js:862,liman,15.6117,39.4723,Levant-Irak-Arabistan,,1281-01-01,hayir,
268,Trablus,273,yerlesimler.js,864,data/yerlesimler.js:864,liman,32.897,13.191,KuzeyAfrika-Misir,,1281-01-01,hayir,
269,Misrata,274,yerlesimler.js,865,data/yerlesimler.js:865,sehir,32.378,15.092,KuzeyAfrika-Misir,,1281-01-01,hayir,
270,Bingazi,275,yerlesimler.js,866,data/yerlesimler.js:866,liman,32.117,20.068,KuzeyAfrika-Misir,,1551-08-15,hayir,
271,Derne,276,yerlesimler.js,899,data/yerlesimler.js:899,liman,32.766,22.639,KuzeyAfrika-Misir,,1281-01-01,hayir,
272,Murzuk (Fizan),277,yerlesimler.js,970,data/yerlesimler.js:970,bolge,25.919,13.919,KuzeyAfrika-Misir,,1281-01-01,hayir,
273,Tunus,278,yerlesimler.js,971,data/yerlesimler.js:971,liman,36.8,10.18,KuzeyAfrika-Misir,,1229-01-01,EVET,
274,Kayrevan,279,yerlesimler.js,972,data/yerlesimler.js:972,sehir,35.678,10.096,KuzeyAfrika-Misir,,1281-01-01,hayir,
275,Gabes,280,yerlesimler.js,973,data/yerlesimler.js:973,liman,33.881,10.098,KuzeyAfrika-Misir,,1281-01-01,hayir,
276,Cezayir,281,yerlesimler.js,974,data/yerlesimler.js:974,liman,36.753,3.059,KuzeyAfrika-Misir,,1281-01-01,hayir,
277,Konstantin,282,yerlesimler.js,975,data/yerlesimler.js:975,sehir,36.365,6.615,KuzeyAfrika-Misir,,1281-01-01,hayir,
278,Oran,283,yerlesimler.js,976,data/yerlesimler.js:976,liman,35.699,-0.634,KuzeyAfrika-Misir,,1281-01-01,hayir,
279,Tilimsan,284,yerlesimler.js,977,data/yerlesimler.js:977,sehir,34.882,-1.315,KuzeyAfrika-Misir,,1236-01-01,EVET,
280,Batum,285,yerlesimler.js,979,data/yerlesimler.js:979,liman,41.6439,41.642,Anadolu,,1281-01-01,hayir,
281,Ahıska,286,yerlesimler.js,981,data/yerlesimler.js:981,kale,41.643,42.986,Anadolu,,1281-01-01,hayir,
282,Sayda,287,yerlesimler.js,983,data/yerlesimler.js:983,liman,33.563,35.369,Levant-Irak-Arabistan,,1281-01-01,hayir,
283,Yafa,288,yerlesimler.js,986,data/yerlesimler.js:986,liman,32.054,34.755,Levant-Irak-Arabistan,,1281-01-01,hayir,
284,Nablus,289,yerlesimler.js,989,data/yerlesimler.js:989,sehir,32.221,35.254,Levant-Irak-Arabistan,,1281-01-01,hayir,
285,Amman,290,yerlesimler.js,992,data/yerlesimler.js:992,sehir,31.949,35.933,Levant-Irak-Arabistan,,1281-01-01,hayir,
286,Kerak,291,yerlesimler.js,994,data/yerlesimler.js:994,kale,31.181,35.703,Levant-Irak-Arabistan,,1281-01-01,hayir,
287,Rakka,292,yerlesimler.js,996,data/yerlesimler.js:996,sehir,35.953,39.008,Levant-Irak-Arabistan,,1260-09-03,EVET,
288,Deyrizor,293,yerlesimler.js,998,data/yerlesimler.js:998,sehir,35.336,40.141,Levant-Irak-Arabistan,,1281-01-01,hayir,
289,Süveyş,294,yerlesimler.js,1000,data/yerlesimler.js:1000,liman,29.974,32.548,Levant-Irak-Arabistan,,1281-01-01,hayir,
290,Sfaks,295,yerlesimler.js,1003,data/yerlesimler.js:1003,liman,34.74,10.76,KuzeyAfrika-Misir,,1281-01-01,hayir,
291,Annaba,296,yerlesimler.js,1005,data/yerlesimler.js:1005,liman,36.9,7.766,KuzeyAfrika-Misir,,1281-01-01,hayir,
292,Bicâye,297,yerlesimler.js,1007,data/yerlesimler.js:1007,liman,36.751,5.056,KuzeyAfrika-Misir,,1281-01-01,hayir,
293,Zeyla,298,yerlesimler.js,1009,data/yerlesimler.js:1009,liman,11.355,43.473,AltSahra-Afrika,,1281-01-01,hayir,
294,Hacıbey (Odessa),299,yerlesimler.js,1011,data/yerlesimler.js:1011,kale,46.485,30.733,Rusya,,1281-01-01,hayir,
295,Viyana,300,yerlesimler.js,1014,data/yerlesimler.js:1014,sehir,48.208,16.373,Avrupa-Balkan,,1281-01-01,hayir,
296,Graz,301,yerlesimler.js,1015,data/yerlesimler.js:1015,sehir,47.071,15.439,Avrupa-Balkan,,1281-01-01,hayir,
297,Zagreb,302,yerlesimler.js,1016,data/yerlesimler.js:1016,sehir,45.815,15.982,Avrupa-Balkan,,1281-01-01,hayir,
298,Ljubljana,303,yerlesimler.js,1018,data/yerlesimler.js:1018,sehir,46.056,14.506,Avrupa-Balkan,,1281-01-01,hayir,
299,Bratislava,304,yerlesimler.js,1019,data/yerlesimler.js:1019,sehir,48.146,17.107,Avrupa-Balkan,,1281-01-01,hayir,
300,Krakov,305,yerlesimler.js,1020,data/yerlesimler.js:1020,sehir,50.065,19.945,Avrupa-Balkan,,1281-01-01,hayir,
301,Lvov,306,yerlesimler.js,1024,data/yerlesimler.js:1024,sehir,49.84,24.03,Avrupa-Balkan,,1281-01-01,hayir,
302,Kiev,307,yerlesimler.js,1027,data/yerlesimler.js:1027,sehir,50.451,30.524,Rusya,,1281-01-01,hayir,
303,Harkov,308,yerlesimler.js,1028,data/yerlesimler.js:1028,sehir,49.994,36.231,Rusya,,1281-01-01,hayir,
304,Voronej,309,yerlesimler.js,1029,data/yerlesimler.js:1029,sehir,51.672,39.184,Rusya,,1281-01-01,hayir,
305,Astrahan,310,yerlesimler.js,1030,data/yerlesimler.js:1030,sehir,46.348,48.033,Rusya,,1281-01-01,hayir,
306,Venedik,311,yerlesimler.js,1031,data/yerlesimler.js:1031,liman,45.4409,12.3188,Avrupa-Balkan,,1281-01-01,hayir,
307,Roma,312,yerlesimler.js,1032,data/yerlesimler.js:1032,sehir,41.903,12.496,Avrupa-Balkan,,1281-01-01,hayir,
308,Napoli,313,yerlesimler.js,1033,data/yerlesimler.js:1033,liman,40.852,14.268,Avrupa-Balkan,,1281-01-01,hayir,
309,Palermo,314,yerlesimler.js,1034,data/yerlesimler.js:1034,liman,38.116,13.361,Avrupa-Balkan,,1281-01-01,hayir,
310,Malta,315,yerlesimler.js,1035,data/yerlesimler.js:1035,kale,35.899,14.514,KuzeyAfrika-Misir,,1281-01-01,hayir,
311,Fas (Fez),316,yerlesimler.js,1036,data/yerlesimler.js:1036,sehir,34.034,-5.0,KuzeyAfrika-Misir,,1248-01-01,EVET,
312,Merakeş,317,yerlesimler.js,1037,data/yerlesimler.js:1037,sehir,31.63,-7.981,KuzeyAfrika-Misir,,1147-03-23,EVET,
313,Isfahan,318,yerlesimler.js,1038,data/yerlesimler.js:1038,sehir,32.654,51.668,Iran-Irak-Korfez,,1235-01-01,EVET,
314,Erdebil,319,yerlesimler.js,1039,data/yerlesimler.js:1039,sehir,38.249,48.294,Iran-Irak-Korfez,,1281-01-01,hayir,
315,Meşhed,320,yerlesimler.js,1040,data/yerlesimler.js:1040,sehir,36.297,59.606,Iran-Irak-Korfez,,1281-01-01,hayir,
316,Riyad,321,yerlesimler.js,1041,data/yerlesimler.js:1041,sehir,24.713,46.675,Iran-Irak-Korfez,,1744-01-01,hayir,
317,Maskat,322,yerlesimler.js,1042,data/yerlesimler.js:1042,liman,23.588,58.408,Iran-Irak-Korfez,,1281-01-01,hayir,
318,Gondar,323,yerlesimler.js,1043,data/yerlesimler.js:1043,sehir,12.603,37.466,Levant-Irak-Arabistan,,1281-01-01,hayir,
319,Addis,324,yerlesimler.js,1044,data/yerlesimler.js:1044,sehir,9.03,38.74,AltSahra-Afrika,,1281-01-01,hayir,
320,Agadez,326,yerlesimler.js,1046,data/yerlesimler.js:1046,sehir,16.973,7.991,KuzeyAfrika-Misir,,1405-01-01,hayir,
321,Tamanrasset,327,yerlesimler.js,1047,data/yerlesimler.js:1047,sehir,22.785,5.523,KuzeyAfrika-Misir,,,hayir,EVET
322,Timbuktu,328,yerlesimler.js,1048,data/yerlesimler.js:1048,sehir,16.775,-3.009,KuzeyAfrika-Misir,,1281-01-01,hayir,
323,Londra,329,yerlesimler.js,1050,data/yerlesimler.js:1050,sehir,51.507,-0.128,Avrupa-Balkan,,1281-01-01,hayir,
324,Dublin,330,yerlesimler.js,1051,data/yerlesimler.js:1051,sehir,53.35,-6.26,Avrupa-Balkan,,1281-01-01,hayir,
325,Edinburg,331,yerlesimler.js,1052,data/yerlesimler.js:1052,sehir,55.953,-3.189,Avrupa-Balkan,,1281-01-01,hayir,
326,Paris,332,yerlesimler.js,1053,data/yerlesimler.js:1053,sehir,48.857,2.352,Avrupa-Balkan,,1281-01-01,hayir,
327,Lyon,333,yerlesimler.js,1054,data/yerlesimler.js:1054,sehir,45.76,4.836,Avrupa-Balkan,,1281-01-01,hayir,
328,Marsilya,334,yerlesimler.js,1055,data/yerlesimler.js:1055,liman,43.297,5.37,Avrupa-Balkan,,1281-01-01,hayir,
329,Bordo,335,yerlesimler.js,1056,data/yerlesimler.js:1056,liman,44.838,-0.579,Avrupa-Balkan,,1281-01-01,hayir,
330,Amsterdam,336,yerlesimler.js,1057,data/yerlesimler.js:1057,liman,52.373,4.893,Avrupa-Balkan,,1281-01-01,hayir,
331,Lizbon,337,yerlesimler.js,1058,data/yerlesimler.js:1058,liman,38.722,-9.139,Avrupa-Balkan,,1281-01-01,hayir,
332,Porto,338,yerlesimler.js,1059,data/yerlesimler.js:1059,liman,41.15,-8.611,Avrupa-Balkan,,1281-01-01,hayir,
333,Madrid,339,yerlesimler.js,1060,data/yerlesimler.js:1060,sehir,40.417,-3.704,Avrupa-Balkan,,1281-01-01,hayir,
334,Sevilla,340,yerlesimler.js,1061,data/yerlesimler.js:1061,sehir,37.389,-5.984,KuzeyAfrika-Misir,,1281-01-01,hayir,
335,Granada,341,yerlesimler.js,1062,data/yerlesimler.js:1062,sehir,37.177,-3.599,KuzeyAfrika-Misir,,1281-01-01,hayir,
336,Barselona,342,yerlesimler.js,1063,data/yerlesimler.js:1063,liman,41.387,2.17,Avrupa-Balkan,,1281-01-01,hayir,
337,Valensiya,343,yerlesimler.js,1064,data/yerlesimler.js:1064,liman,39.47,-0.377,Avrupa-Balkan,,1281-01-01,hayir,
338,Milano,344,yerlesimler.js,1065,data/yerlesimler.js:1065,sehir,45.464,9.19,Avrupa-Balkan,,1281-01-01,hayir,
339,Floransa,345,yerlesimler.js,1079,data/yerlesimler.js:1079,sehir,43.769,11.256,Avrupa-Balkan,,1281-01-01,hayir,
340,Torino,346,yerlesimler.js,1080,data/yerlesimler.js:1080,sehir,45.07,7.687,Avrupa-Balkan,,1281-01-01,hayir,
341,Cenova,347,yerlesimler.js,1081,data/yerlesimler.js:1081,liman,44.4087,8.9347,Avrupa-Balkan,,1281-01-01,hayir,
342,Berlin,348,yerlesimler.js,1083,data/yerlesimler.js:1083,sehir,52.52,13.405,Avrupa-Balkan,,1281-01-01,hayir,
343,Hamburg,349,yerlesimler.js,1084,data/yerlesimler.js:1084,liman,53.551,9.994,Avrupa-Balkan,,1281-01-01,hayir,
344,Münih,350,yerlesimler.js,1085,data/yerlesimler.js:1085,sehir,48.137,11.575,Avrupa-Balkan,,1281-01-01,hayir,
345,Frankfurt,351,yerlesimler.js,1086,data/yerlesimler.js:1086,sehir,50.11,8.682,Avrupa-Balkan,,1281-01-01,hayir,
346,Köln,352,yerlesimler.js,1087,data/yerlesimler.js:1087,sehir,50.938,6.96,Avrupa-Balkan,,1281-01-01,hayir,
347,Dresden,353,yerlesimler.js,1088,data/yerlesimler.js:1088,sehir,51.05,13.738,Avrupa-Balkan,,1281-01-01,hayir,
348,Łódź,354,yerlesimler.js,1095,data/yerlesimler.js:1095,sehir,51.759,19.457,Avrupa-Balkan,,1281-01-01,hayir,
349,Częstochowa,355,yerlesimler.js,1096,data/yerlesimler.js:1096,sehir,50.811,19.121,Avrupa-Balkan,,1281-01-01,hayir,
350,Kielce,356,yerlesimler.js,1097,data/yerlesimler.js:1097,sehir,50.874,20.628,Avrupa-Balkan,,1281-01-01,hayir,
351,Radom (Polonya),357,yerlesimler.js,1098,data/yerlesimler.js:1098,sehir,51.403,21.147,Avrupa-Balkan,,1281-01-01,hayir,
352,Hradec Králové,358,yerlesimler.js,1099,data/yerlesimler.js:1099,sehir,50.209,15.833,Avrupa-Balkan,,1281-01-01,hayir,
353,Olomouc,359,yerlesimler.js,1100,data/yerlesimler.js:1100,sehir,49.594,17.251,Avrupa-Balkan,,1281-01-01,hayir,
354,Brno,360,yerlesimler.js,1101,data/yerlesimler.js:1101,sehir,49.195,16.608,Avrupa-Balkan,,1281-01-01,hayir,
355,Breslau (Wrocław),361,yerlesimler.js,1107,data/yerlesimler.js:1107,sehir,51.11,17.032,Avrupa-Balkan,,1281-01-01,hayir,
356,Liegnitz (Legnica),362,yerlesimler.js,1108,data/yerlesimler.js:1108,sehir,51.211,16.161,Avrupa-Balkan,,1281-01-01,hayir,
357,Oppeln (Opole),363,yerlesimler.js,1109,data/yerlesimler.js:1109,sehir,50.672,17.926,Avrupa-Balkan,,1281-01-01,hayir,
358,Glatz (Kłodzko),364,yerlesimler.js,1110,data/yerlesimler.js:1110,sehir,50.437,16.657,Avrupa-Balkan,,1281-01-01,hayir,
359,Gleiwitz (Gliwice),365,yerlesimler.js,1111,data/yerlesimler.js:1111,sehir,50.294,18.666,Avrupa-Balkan,,1281-01-01,hayir,
360,Kattowitz (Katowice),366,yerlesimler.js,1112,data/yerlesimler.js:1112,sehir,50.259,19.02,Avrupa-Balkan,,1281-01-01,hayir,
361,Broumov (Braunau),367,yerlesimler.js,1113,data/yerlesimler.js:1113,sehir,50.586,16.331,Avrupa-Balkan,,1281-01-01,hayir,
362,Jeseník (Freiwaldau),368,yerlesimler.js,1114,data/yerlesimler.js:1114,sehir,50.229,17.204,Avrupa-Balkan,,1281-01-01,hayir,
363,Prag,369,yerlesimler.js,1115,data/yerlesimler.js:1115,sehir,50.088,14.421,Avrupa-Balkan,,1281-01-01,hayir,
364,Stokholm,370,yerlesimler.js,1117,data/yerlesimler.js:1117,liman,59.3268,18.0689,Avrupa-Balkan,,1281-01-01,hayir,
365,Kopenhag,371,yerlesimler.js,1118,data/yerlesimler.js:1118,liman,55.6782,12.5656,Avrupa-Balkan,,1281-01-01,hayir,
366,Oslo,372,yerlesimler.js,1119,data/yerlesimler.js:1119,liman,59.913,10.752,Avrupa-Balkan,,1281-01-01,hayir,
367,Riga,374,yerlesimler.js,1121,data/yerlesimler.js:1121,liman,56.949,24.105,Avrupa-Balkan,,1281-01-01,hayir,
368,Königsberg,375,yerlesimler.js,1122,data/yerlesimler.js:1122,liman,54.71,20.512,Avrupa-Balkan,,1281-01-01,hayir,
369,Gdansk,376,yerlesimler.js,1123,data/yerlesimler.js:1123,liman,54.352,18.646,Avrupa-Balkan,,1281-01-01,hayir,
370,Poznan,377,yerlesimler.js,1124,data/yerlesimler.js:1124,sehir,52.409,16.932,Avrupa-Balkan,,1281-01-01,hayir,
371,Varşova,378,yerlesimler.js,1127,data/yerlesimler.js:1127,sehir,52.23,21.011,Avrupa-Balkan,,1281-01-01,hayir,
372,Vilnius,379,yerlesimler.js,1128,data/yerlesimler.js:1128,sehir,54.687,25.28,Avrupa-Balkan,,1281-01-01,hayir,
373,Minsk,380,yerlesimler.js,1129,data/yerlesimler.js:1129,sehir,53.904,27.561,Avrupa-Balkan,,1281-01-01,hayir,
374,Moskova,381,yerlesimler.js,1131,data/yerlesimler.js:1131,sehir,55.756,37.617,Rusya,,1281-01-01,hayir,
375,Novgorod,382,yerlesimler.js,1132,data/yerlesimler.js:1132,sehir,58.521,31.271,Rusya,,1281-01-01,hayir,
376,Smolensk,384,yerlesimler.js,1134,data/yerlesimler.js:1134,sehir,54.783,32.045,Rusya,,1281-01-01,hayir,
377,Tula,385,yerlesimler.js,1135,data/yerlesimler.js:1135,sehir,54.193,37.617,Rusya,,1281-01-01,hayir,
378,Nijniy Novgorod,386,yerlesimler.js,1136,data/yerlesimler.js:1136,sehir,56.296,43.936,Rusya,,1281-01-01,hayir,
379,Vologda,387,yerlesimler.js,1137,data/yerlesimler.js:1137,sehir,59.22,39.891,Rusya,,1281-01-01,hayir,
380,Kazan,388,yerlesimler.js,1138,data/yerlesimler.js:1138,sehir,55.796,49.106,Rusya,,1281-01-01,hayir,
381,Poltava,394,yerlesimler.js,1144,data/yerlesimler.js:1144,sehir,49.589,34.551,Rusya,,1281-01-01,hayir,
382,Kutaisi,395,yerlesimler.js,1146,data/yerlesimler.js:1146,sehir,42.268,42.695,Kafkasya,,1281-01-01,hayir,
383,Şiraz,397,yerlesimler.js,1149,data/yerlesimler.js:1149,sehir,29.591,52.584,Iran-Irak-Korfez,,1281-01-01,hayir,
384,Kazvin,398,yerlesimler.js,1150,data/yerlesimler.js:1150,sehir,36.269,50.004,Iran-Irak-Korfez,,1281-01-01,hayir,
385,Kum,399,yerlesimler.js,1151,data/yerlesimler.js:1151,sehir,34.64,50.876,Iran-Irak-Korfez,,1281-01-01,hayir,
386,Zencan,400,yerlesimler.js,1152,data/yerlesimler.js:1152,sehir,36.673,48.478,Iran-Irak-Korfez,,1281-01-01,hayir,
387,Urmiye,401,yerlesimler.js,1153,data/yerlesimler.js:1153,sehir,37.553,45.076,Iran-Irak-Korfez,,1281-01-01,hayir,
388,Reşt,402,yerlesimler.js,1156,data/yerlesimler.js:1156,sehir,37.281,49.583,Iran-Irak-Korfez,,1281-01-01,hayir,
389,Hâil,403,yerlesimler.js,1158,data/yerlesimler.js:1158,sehir,27.521,41.691,Levant-Irak-Arabistan,,1779-01-01,hayir,
390,Manama (Bahreyn),405,yerlesimler.js,1209,data/yerlesimler.js:1209,liman,26.228,50.586,Iran-Irak-Korfez,,1417-01-01,hayir,
391,Nizva,408,yerlesimler.js,1222,data/yerlesimler.js:1222,sehir,22.933,57.533,Iran-Irak-Korfez,,1281-01-01,hayir,
392,Salala,409,yerlesimler.js,1223,data/yerlesimler.js:1223,liman,17.02,54.09,Iran-Irak-Korfez,,1281-01-01,hayir,
393,Mukalla,410,yerlesimler.js,1224,data/yerlesimler.js:1224,liman,14.5329,49.1248,Iran-Irak-Korfez,,1888-01-01,hayir,
394,Berbera,411,yerlesimler.js,1226,data/yerlesimler.js:1226,liman,10.44,45.014,AltSahra-Afrika,,1281-01-01,hayir,
395,Mogadişu,412,yerlesimler.js,1227,data/yerlesimler.js:1227,liman,2.037,45.342,AltSahra-Afrika,,1281-01-01,hayir,
396,Harar,413,yerlesimler.js,1228,data/yerlesimler.js:1228,sehir,9.312,42.118,AltSahra-Afrika,,1281-01-01,hayir,
397,Asmara,414,yerlesimler.js,1229,data/yerlesimler.js:1229,sehir,15.339,38.932,Levant-Irak-Arabistan,,1281-01-01,hayir,
398,Rabat,415,yerlesimler.js,1231,data/yerlesimler.js:1231,liman,34.021,-6.841,KuzeyAfrika-Misir,,1150-01-01,EVET,
399,Tanca,416,yerlesimler.js,1232,data/yerlesimler.js:1232,liman,35.777,-5.804,KuzeyAfrika-Misir,,1273-01-01,EVET,
400,Agadir,417,yerlesimler.js,1233,data/yerlesimler.js:1233,liman,30.428,-9.598,KuzeyAfrika-Misir,,1281-01-01,hayir,
401,Nefud çölü,419,yerlesimler.js,1242,data/yerlesimler.js:1242,bolge,28.3,41.0,Levant-Irak-Arabistan,,1779-01-01,hayir,
402,Rub'ul Hâlî doğusu,420,yerlesimler.js,1251,data/yerlesimler.js:1251,bolge,20.0,52.0,Iran-Irak-Korfez,,,hayir,EVET
403,Necid içi,421,yerlesimler.js,1252,data/yerlesimler.js:1252,bolge,25.5,44.5,Iran-Irak-Korfez,,1744-01-01,hayir,
404,Hadramut,422,yerlesimler.js,1253,data/yerlesimler.js:1253,bolge,15.5,48.5,Iran-Irak-Korfez,,1881-01-01,hayir,
405,Sina güneyi,423,yerlesimler.js,1261,data/yerlesimler.js:1261,bolge,28.5,33.8,Levant-Irak-Arabistan,,1281-01-01,hayir,
406,Nûbe çölü,424,yerlesimler.js,1270,data/yerlesimler.js:1270,bolge,20.5,33.5,Levant-Irak-Arabistan,,,hayir,EVET
407,Gilf el-Kebîr,425,yerlesimler.js,1288,data/yerlesimler.js:1288,bolge,23.5,26.0,KuzeyAfrika-Misir,,,hayir,EVET
408,Selîme (Nûbe çölü batısı),426,yerlesimler.js,1289,data/yerlesimler.js:1289,bolge,21.5,29.3,KuzeyAfrika-Misir,,,hayir,EVET
409,Kordofan,427,yerlesimler.js,1290,data/yerlesimler.js:1290,bolge,13.0,29.5,KuzeyAfrika-Misir,,1281-01-01,hayir,
410,Darfur,428,yerlesimler.js,1291,data/yerlesimler.js:1291,bolge,13.5,24.0,KuzeyAfrika-Misir,,1400-01-01,hayir,
411,Tibesti,429,yerlesimler.js,1292,data/yerlesimler.js:1292,bolge,21.0,17.5,KuzeyAfrika-Misir,,,hayir,EVET
412,Hoggar,430,yerlesimler.js,1309,data/yerlesimler.js:1309,bolge,24.0,3.0,KuzeyAfrika-Misir,,,hayir,EVET
413,Bozkır (Deşt-i Kıpçak),431,yerlesimler.js,1339,data/yerlesimler.js:1339,bolge,48.5,42.0,Rusya,,1281-01-01,hayir,
414,Kalmuk bozkırı,432,yerlesimler.js,1340,data/yerlesimler.js:1340,bolge,46.5,45.5,Rusya,,1281-01-01,hayir,
415,Ural eteği,433,yerlesimler.js,1341,data/yerlesimler.js:1341,bolge,51.0,52.0,Rusya,,1281-01-01,hayir,
416,Zagros içi,434,yerlesimler.js,1342,data/yerlesimler.js:1342,bolge,31.5,50.5,Iran-Irak-Korfez,,1281-01-01,hayir,
417,Kirman,435,yerlesimler.js,1343,data/yerlesimler.js:1343,sehir,30.28,57.08,Iran-Irak-Korfez,,1281-01-01,hayir,
418,Yezd,436,yerlesimler.js,1347,data/yerlesimler.js:1347,sehir,31.9,54.37,Iran-Irak-Korfez,,1281-01-01,hayir,
419,Tahran,437,yerlesimler.js,1348,data/yerlesimler.js:1348,sehir,35.69,51.39,Iran-Irak-Korfez,,1281-01-01,hayir,
420,Tebbes,438,yerlesimler.js,1349,data/yerlesimler.js:1349,bolge,33.6,56.9,Iran-Irak-Korfez,,1281-01-01,hayir,
421,Karakum,439,yerlesimler.js,1350,data/yerlesimler.js:1350,bolge,39.5,58.5,Iran-Irak-Korfez,,,hayir,EVET
422,Somali çölü,440,yerlesimler.js,1351,data/yerlesimler.js:1351,bolge,8.0,46.5,AltSahra-Afrika,,,hayir,
423,Ogaden,441,yerlesimler.js,1352,data/yerlesimler.js:1352,bolge,7.2,44.0,AltSahra-Afrika,,,hayir,
424,İstolni Belgrad,442,yerlesimler.js,1356,data/yerlesimler.js:1356,kale,47.19,18.411,Avrupa-Balkan,,1281-01-01,hayir,
425,Peşte,443,yerlesimler.js,1357,data/yerlesimler.js:1357,sehir,47.494,19.06,Avrupa-Balkan,,1281-01-01,hayir,
426,Yanıkkale (Győr),444,yerlesimler.js,1358,data/yerlesimler.js:1358,kale,47.685,17.635,Avrupa-Balkan,,1281-01-01,hayir,
427,Varad (Oradea),445,yerlesimler.js,1377,data/yerlesimler.js:1377,kale,47.053,21.941,Avrupa-Balkan,,1281-01-01,hayir,
428,Yanova (Ineu),446,yerlesimler.js,1383,data/yerlesimler.js:1383,kale,46.426,21.741,Avrupa-Balkan,,1281-01-01,hayir,
429,Hotin,447,yerlesimler.js,1400,data/yerlesimler.js:1400,kale,48.51,26.492,Avrupa-Balkan,,1281-01-01,hayir,
430,Bender,448,yerlesimler.js,1401,data/yerlesimler.js:1401,kale,46.831,29.481,Avrupa-Balkan,,1281-01-01,hayir,
431,İsmail,449,yerlesimler.js,1402,data/yerlesimler.js:1402,kale,45.351,28.836,Avrupa-Balkan,,1281-01-01,hayir,
432,Çehrin (Çigirin),450,yerlesimler.js,1414,data/yerlesimler.js:1414,kale,49.077,32.663,Rusya,,1281-01-01,hayir,
433,Bar (Podolya),451,yerlesimler.js,1430,data/yerlesimler.js:1430,kale,49.074,27.674,Avrupa-Balkan,,1281-01-01,hayir,
434,Meciboj (Mejibuji),452,yerlesimler.js,1433,data/yerlesimler.js:1433,kale,49.431,27.415,Avrupa-Balkan,,1281-01-01,hayir,
435,Yazlofça (Yazlovets),453,yerlesimler.js,1436,data/yerlesimler.js:1436,kale,48.951,25.435,Avrupa-Balkan,,1281-01-01,hayir,
436,Plevne,454,yerlesimler.js,1441,data/yerlesimler.js:1441,kale,43.417,24.617,Avrupa-Balkan,,1281-01-01,hayir,
437,Yenipazar (Novi Pazar),455,yerlesimler.js,1442,data/yerlesimler.js:1442,sehir,43.14,20.517,Avrupa-Balkan,,1281-01-01,hayir,
438,Korfu,456,yerlesimler.js,1445,data/yerlesimler.js:1445,kale,39.624,19.922,Avrupa-Balkan,,1281-01-01,hayir,
439,Ayamavra (Lefkada),457,yerlesimler.js,1446,data/yerlesimler.js:1446,kale,38.716,20.643,Avrupa-Balkan,,1281-01-01,hayir,
440,Parga,458,yerlesimler.js,1452,data/yerlesimler.js:1452,kale,39.2925,20.4051,Avrupa-Balkan,,1281-01-01,hayir,
441,Vonitsa,459,yerlesimler.js,1453,data/yerlesimler.js:1453,kale,38.917,20.888,Avrupa-Balkan,,1281-01-01,hayir,
442,Preveze,460,yerlesimler.js,1454,data/yerlesimler.js:1454,liman,38.9607,20.7469,Avrupa-Balkan,,1281-01-01,hayir,
443,Koron,461,yerlesimler.js,1455,data/yerlesimler.js:1455,kale,36.796,21.955,Avrupa-Balkan,,1281-01-01,hayir,
444,Cerbe (Djerba),462,yerlesimler.js,1458,data/yerlesimler.js:1458,kale,33.807,10.856,KuzeyAfrika-Misir,,1281-01-01,hayir,
445,Antep,463,yerlesimler.js,1461,data/yerlesimler.js:1461,sehir,37.066,37.383,Anadolu,,1281-01-01,hayir,
446,Elbistan,464,yerlesimler.js,1462,data/yerlesimler.js:1462,sehir,38.207,37.194,Anadolu,,1202-01-01,EVET,
447,Tâif,465,yerlesimler.js,1463,data/yerlesimler.js:1463,sehir,21.437,40.513,Levant-Irak-Arabistan,,1281-01-01,hayir,
448,Aynaroz (Athos),466,yerlesimler.js,1467,data/yerlesimler.js:1467,kale,40.257,24.244,Avrupa-Balkan,,1281-01-01,hayir,
449,Kesendire (Kassandra),467,yerlesimler.js,1468,data/yerlesimler.js:1468,sehir,40.062,23.442,Avrupa-Balkan,,1281-01-01,hayir,
450,Ferecik (Feres),468,yerlesimler.js,1493,data/yerlesimler.js:1493,sehir,40.897,26.172,Anadolu,,1281-01-01,hayir,
451,Gümülcine,469,yerlesimler.js,1505,data/yerlesimler.js:1505,sehir,41.122,25.406,Avrupa-Balkan,,1281-01-01,hayir,
452,Biga,470,yerlesimler.js,1506,data/yerlesimler.js:1506,sehir,40.228,27.243,Anadolu,,1281-01-01,hayir,
453,Kemah,471,yerlesimler.js,1510,data/yerlesimler.js:1510,kale,39.6,39.03,Anadolu,,1228-01-01,EVET,
454,Humus,472,yerlesimler.js,1511,data/yerlesimler.js:1511,sehir,34.73,36.71,Levant-Irak-Arabistan,,1281-01-01,hayir,
455,Han Yûnus,473,yerlesimler.js,1512,data/yerlesimler.js:1512,kale,31.34,34.3,Levant-Irak-Arabistan,,1281-01-01,hayir,
456,Reşîd (Rosetta),474,yerlesimler.js,1513,data/yerlesimler.js:1513,liman,31.399,30.417,KuzeyAfrika-Misir,,1281-01-01,hayir,
457,Beyşehir,475,yerlesimler.js,1520,data/yerlesimler.js:1520,sehir,37.677,31.724,Anadolu,,1281-01-01,hayir,
458,Karahisâr-ı Sâhib (Afyon),476,yerlesimler.js,1521,data/yerlesimler.js:1521,kale,38.757,30.538,Anadolu,,1281-01-01,hayir,
459,Niksar,477,yerlesimler.js,1523,data/yerlesimler.js:1523,kale,40.593,36.951,Anadolu,,1281-01-01,hayir,
460,Sivrihisar,478,yerlesimler.js,1524,data/yerlesimler.js:1524,sehir,39.45,31.535,Anadolu,,1281-01-01,hayir,
461,Kırşehir,479,yerlesimler.js,1525,data/yerlesimler.js:1525,sehir,39.146,34.164,Anadolu,,1173-01-01,EVET,
462,Çorum,480,yerlesimler.js,1526,data/yerlesimler.js:1526,sehir,40.55,34.955,Anadolu,,1281-01-01,hayir,
463,Çankırı,481,yerlesimler.js,1527,data/yerlesimler.js:1527,sehir,40.601,33.616,Anadolu,,1142-01-01,EVET,
464,Domaniç,482,yerlesimler.js,1536,data/yerlesimler.js:1536,sehir,39.802,29.609,Anadolu,,1281-01-01,hayir,
465,Kulacahisar,483,yerlesimler.js,1538,data/yerlesimler.js:1538,kale,40.04,29.45,Anadolu,,1281-01-01,hayir,
466,Karacahisar,484,yerlesimler.js,1540,data/yerlesimler.js:1540,kale,39.725,30.47,Anadolu,,1281-01-01,hayir,
467,Yarhisar,485,yerlesimler.js,1542,data/yerlesimler.js:1542,kale,40.245,29.74,Anadolu,,1281-01-01,hayir,
468,Dimbos,486,yerlesimler.js,1544,data/yerlesimler.js:1544,kale,40.14,29.33,Anadolu,,1281-01-01,hayir,
469,Kite (Kete),487,yerlesimler.js,1545,data/yerlesimler.js:1545,kale,40.13,28.86,Anadolu,,1281-01-01,hayir,
470,Lefke (Osmaneli),488,yerlesimler.js,1547,data/yerlesimler.js:1547,kale,40.356,30.014,Anadolu,,1281-01-01,hayir,
471,Leblebicihisar,489,yerlesimler.js,1548,data/yerlesimler.js:1548,kale,40.4,30.15,Anadolu,,1281-01-01,hayir,
472,Karaçepüş,490,yerlesimler.js,1550,data/yerlesimler.js:1550,kale,40.47,30.3,Anadolu,,1281-01-01,hayir,
473,Karatigin,491,yerlesimler.js,1551,data/yerlesimler.js:1551,kale,40.42,29.78,Anadolu,,1281-01-01,hayir,
474,Absu (Hypsu),492,yerlesimler.js,1552,data/yerlesimler.js:1552,kale,40.44,30.215,Anadolu,,1281-01-01,hayir,
475,Adranos (Orhaneli),493,yerlesimler.js,1554,data/yerlesimler.js:1554,kale,39.905,28.988,Anadolu,,1281-01-01,hayir,
476,Pelekanon (Eskihisar),494,yerlesimler.js,1559,data/yerlesimler.js:1559,kale,40.762,29.386,Anadolu,,1281-01-01,hayir,
477,Gebze,495,yerlesimler.js,1560,data/yerlesimler.js:1560,sehir,40.803,29.431,Anadolu,,1281-01-01,hayir,
478,Hereke,496,yerlesimler.js,1561,data/yerlesimler.js:1561,kale,40.791,29.609,Anadolu,,1281-01-01,hayir,
479,Samandıra,497,yerlesimler.js,1562,data/yerlesimler.js:1562,kale,40.98,29.205,Anadolu,,1281-01-01,hayir,
480,Kirmasti (M.Kemalpaşa),498,yerlesimler.js,1564,data/yerlesimler.js:1564,sehir,40.035,28.411,Anadolu,,1281-01-01,hayir,
481,Mihaliç (Karacabey),499,yerlesimler.js,1565,data/yerlesimler.js:1565,sehir,40.214,28.361,Anadolu,,1281-01-01,hayir,
482,Köstence,500,yerlesimler.js,1566,data/yerlesimler.js:1566,liman,44.173,28.639,Avrupa-Balkan,,1281-01-01,hayir,
483,Gölyazı (Apollonia),502,yerlesimler.js,1568,data/yerlesimler.js:1568,kale,40.172,28.65,Anadolu,,1281-01-01,hayir,
484,Harput (Elazığ),504,yerlesimler.js,1570,data/yerlesimler.js:1570,kale,38.714,39.245,Anadolu,,1281-01-01,hayir,
485,Şerşel (Cherchell),505,yerlesimler.js,1571,data/yerlesimler.js:1571,liman,36.6015,2.1921,KuzeyAfrika-Misir,,1281-01-01,hayir,
486,Medea (Titteri),506,yerlesimler.js,1572,data/yerlesimler.js:1572,sehir,36.264,2.754,KuzeyAfrika-Misir,,1281-01-01,hayir,
487,Setif,507,yerlesimler.js,1573,data/yerlesimler.js:1573,sehir,36.19,5.41,KuzeyAfrika-Misir,,1281-01-01,hayir,
488,Biskra,508,yerlesimler.js,1574,data/yerlesimler.js:1574,kale,34.85,5.728,KuzeyAfrika-Misir,,1281-01-01,hayir,
489,Tuggurt,509,yerlesimler.js,1575,data/yerlesimler.js:1575,kale,33.105,6.058,KuzeyAfrika-Misir,,1281-01-01,hayir,
490,Seydişehir,510,yerlesimler.js,1581,data/yerlesimler.js:1581,sehir,37.421,31.849,Anadolu,,1281-01-01,hayir,
491,Akşehir,511,yerlesimler.js,1582,data/yerlesimler.js:1582,sehir,38.357,31.416,Anadolu,,1281-01-01,hayir,
492,Terme,512,yerlesimler.js,1586,data/yerlesimler.js:1586,kale,41.207,36.976,Anadolu,,1281-01-01,hayir,
493,Çarşamba,513,yerlesimler.js,1587,data/yerlesimler.js:1587,sehir,41.199,36.727,Anadolu,,1281-01-01,hayir,
494,Bolayır,514,yerlesimler.js,1595,data/yerlesimler.js:1595,kale,40.532,26.75,Anadolu,,1281-01-01,hayir,
495,Maydos (Eceabat),515,yerlesimler.js,1596,data/yerlesimler.js:1596,kale,40.1876,26.3462,Anadolu,,1281-01-01,hayir,
496,Osmancık,516,yerlesimler.js,1599,data/yerlesimler.js:1599,kale,40.98,34.8,Anadolu,,1281-01-01,hayir,
497,Merzifon,517,yerlesimler.js,1600,data/yerlesimler.js:1600,sehir,40.876,35.463,Anadolu,,1281-01-01,hayir,
498,Ladik (Amasya),518,yerlesimler.js,1601,data/yerlesimler.js:1601,kale,40.912,35.898,Anadolu,,1281-01-01,hayir,
499,Ösek (Osijek),519,yerlesimler.js,1609,data/yerlesimler.js:1609,kale,45.554,18.695,Avrupa-Balkan,,1281-01-01,hayir,
500,Mohaç,520,yerlesimler.js,1610,data/yerlesimler.js:1610,kale,45.993,18.692,Avrupa-Balkan,,1281-01-01,hayir,
501,Varadin (Petrovaradin),521,yerlesimler.js,1611,data/yerlesimler.js:1611,kale,45.248,19.862,Avrupa-Balkan,,1281-01-01,hayir,
502,Baç (Bács),522,yerlesimler.js,1612,data/yerlesimler.js:1612,kale,45.76,19.24,Avrupa-Balkan,,1281-01-01,hayir,
503,Kalocsa,523,yerlesimler.js,1613,data/yerlesimler.js:1613,sehir,46.527,18.985,Avrupa-Balkan,,1281-01-01,hayir,
504,Segedin (Szeged),524,yerlesimler.js,1614,data/yerlesimler.js:1614,sehir,46.253,20.148,Avrupa-Balkan,,1281-01-01,hayir,
505,Şimontorna,525,yerlesimler.js,1615,data/yerlesimler.js:1615,kale,46.75,18.551,Avrupa-Balkan,,1281-01-01,hayir,
506,Hatvan,526,yerlesimler.js,1616,data/yerlesimler.js:1616,kale,47.667,19.68,Avrupa-Balkan,,1281-01-01,hayir,
507,Vaç (Vác),527,yerlesimler.js,1617,data/yerlesimler.js:1617,kale,47.776,19.134,Avrupa-Balkan,,1281-01-01,hayir,
508,Solnok (Szolnok),528,yerlesimler.js,1618,data/yerlesimler.js:1618,kale,47.174,20.198,Avrupa-Balkan,,1281-01-01,hayir,
509,Zigetvar,529,yerlesimler.js,1619,data/yerlesimler.js:1619,kale,46.049,17.804,Avrupa-Balkan,,1281-01-01,hayir,
510,Paros,530,yerlesimler.js,1633,data/yerlesimler.js:1633,kale,37.063,25.196,Avrupa-Balkan,,1281-01-01,hayir,
511,Değirmenlik (Milos),531,yerlesimler.js,1634,data/yerlesimler.js:1634,kale,36.6979,24.44,Avrupa-Balkan,,1281-01-01,hayir,
512,Kimolos (Argentiera),532,yerlesimler.js,1635,data/yerlesimler.js:1635,kale,36.815,24.562,Avrupa-Balkan,,1281-01-01,hayir,
513,Murted (Kea),533,yerlesimler.js,1636,data/yerlesimler.js:1636,kale,37.614,24.331,Avrupa-Balkan,,1281-01-01,hayir,
514,Termiye (Kythnos),534,yerlesimler.js,1637,data/yerlesimler.js:1637,kale,37.398,24.419,Avrupa-Balkan,,1281-01-01,hayir,
515,Koçbaba (Serifos),535,yerlesimler.js,1638,data/yerlesimler.js:1638,kale,37.162,24.484,Avrupa-Balkan,,1281-01-01,hayir,
516,Sifnos (Yavuzca),536,yerlesimler.js,1639,data/yerlesimler.js:1639,kale,36.978,24.707,Avrupa-Balkan,,1281-01-01,hayir,
517,Sire (Syros),537,yerlesimler.js,1640,data/yerlesimler.js:1640,kale,37.436,24.918,Avrupa-Balkan,,1281-01-01,hayir,
518,Mikonos,538,yerlesimler.js,1641,data/yerlesimler.js:1641,kale,37.456,25.376,Avrupa-Balkan,,1281-01-01,hayir,
519,Nio (İos),539,yerlesimler.js,1642,data/yerlesimler.js:1642,kale,36.723,25.33,Avrupa-Balkan,,1281-01-01,hayir,
520,Yamurgi (Amorgos),540,yerlesimler.js,1643,data/yerlesimler.js:1643,kale,36.848,25.905,Avrupa-Balkan,,1281-01-01,hayir,
521,Namfi (Anafi),541,yerlesimler.js,1644,data/yerlesimler.js:1644,kale,36.374,25.783,Avrupa-Balkan,,1281-01-01,hayir,
522,Folegandros,542,yerlesimler.js,1645,data/yerlesimler.js:1645,kale,36.682,25.125,Avrupa-Balkan,,1281-01-01,hayir,
523,Kelemez (Kalimnos),543,yerlesimler.js,1648,data/yerlesimler.js:1648,kale,36.993,26.972,Anadolu,,1281-01-01,hayir,
524,İleryoz (Leros),544,yerlesimler.js,1649,data/yerlesimler.js:1649,kale,37.15,26.832,Anadolu,,1281-01-01,hayir,
525,Sömbeki (Simi),545,yerlesimler.js,1650,data/yerlesimler.js:1650,kale,36.585,27.831,Anadolu,,1281-01-01,hayir,
526,İncirli (Nisiros),546,yerlesimler.js,1651,data/yerlesimler.js:1651,kale,36.428,27.363,Avrupa-Balkan,,1281-01-01,hayir,
527,İlyaki (Tilos),547,yerlesimler.js,1652,data/yerlesimler.js:1652,kale,36.586,27.167,Anadolu,,1281-01-01,hayir,
528,Herke (Halki),548,yerlesimler.js,1653,data/yerlesimler.js:1653,kale,36.229,27.568,Avrupa-Balkan,,1281-01-01,hayir,
529,Batnoz (Patmos),549,yerlesimler.js,1654,data/yerlesimler.js:1654,kale,37.32,26.55,Anadolu,,1281-01-01,hayir,
530,İstanbulya (Astipalya),550,yerlesimler.js,1655,data/yerlesimler.js:1655,kale,36.572,26.35,Anadolu,,1281-01-01,hayir,
531,Kaşot (Kasos),551,yerlesimler.js,1656,data/yerlesimler.js:1656,kale,35.396,26.928,Avrupa-Balkan,,1281-01-01,hayir,
532,Fornoz (Fourni),552,yerlesimler.js,1657,data/yerlesimler.js:1657,kale,37.5795,26.4764,Anadolu,,1281-01-01,hayir,
533,İpsara (Psara),553,yerlesimler.js,1660,data/yerlesimler.js:1660,kale,38.576,25.578,Avrupa-Balkan,,1281-01-01,hayir,
534,Bozbaba (Ay Strati),554,yerlesimler.js,1661,data/yerlesimler.js:1661,kale,39.521,25.006,Avrupa-Balkan,,1281-01-01,hayir,
535,İskiathos,555,yerlesimler.js,1662,data/yerlesimler.js:1662,kale,39.1686,23.4922,Avrupa-Balkan,,1281-01-01,hayir,
536,Alonisos,556,yerlesimler.js,1663,data/yerlesimler.js:1663,kale,39.213,23.911,Avrupa-Balkan,,1281-01-01,hayir,
537,Marmara Adası,557,yerlesimler.js,1664,data/yerlesimler.js:1664,kale,40.625,27.62,Anadolu,,1281-01-01,hayir,
538,Kulluk (Salamis),558,yerlesimler.js,1667,data/yerlesimler.js:1667,kale,37.94,23.482,Avrupa-Balkan,,1281-01-01,hayir,
539,Egina (Aegina),559,yerlesimler.js,1668,data/yerlesimler.js:1668,kale,37.736,23.493,Avrupa-Balkan,,1281-01-01,hayir,
540,Çamlıca (Hidra),560,yerlesimler.js,1669,data/yerlesimler.js:1669,kale,37.338,23.474,Avrupa-Balkan,,1281-01-01,hayir,
541,Kefalonya,561,yerlesimler.js,1672,data/yerlesimler.js:1672,kale,38.227,20.575,Avrupa-Balkan,,1281-01-01,hayir,
542,İthaki,562,yerlesimler.js,1673,data/yerlesimler.js:1673,kale,38.403,20.687,Avrupa-Balkan,,1281-01-01,hayir,
543,Zaklise (Zakynthos),563,yerlesimler.js,1674,data/yerlesimler.js:1674,kale,37.788,20.775,Avrupa-Balkan,,1281-01-01,hayir,
544,Krk (Veglia),564,yerlesimler.js,1677,data/yerlesimler.js:1677,kale,45.075,14.615,Avrupa-Balkan,,1281-01-01,hayir,
545,Cres (Cherso),565,yerlesimler.js,1678,data/yerlesimler.js:1678,kale,44.879,14.399,Avrupa-Balkan,,1281-01-01,hayir,
546,Rab (Arbe),566,yerlesimler.js,1679,data/yerlesimler.js:1679,kale,44.7636,14.7702,Avrupa-Balkan,,1281-01-01,hayir,
547,Pag (Pago),567,yerlesimler.js,1680,data/yerlesimler.js:1680,kale,44.4676,15.0186,Avrupa-Balkan,,1281-01-01,hayir,
548,Uzunada (Dugi Otok),568,yerlesimler.js,1681,data/yerlesimler.js:1681,kale,44.014,15.047,Avrupa-Balkan,,1281-01-01,hayir,
549,Brakya (Brač),569,yerlesimler.js,1682,data/yerlesimler.js:1682,kale,43.323,16.644,Avrupa-Balkan,,1281-01-01,hayir,
550,Hvar (Lesina),570,yerlesimler.js,1683,data/yerlesimler.js:1683,kale,43.164,16.699,Avrupa-Balkan,,1281-01-01,hayir,
551,Korçula (Kurzola),571,yerlesimler.js,1684,data/yerlesimler.js:1684,kale,42.945,16.904,Avrupa-Balkan,,1281-01-01,hayir,
552,Vis (Lissa),572,yerlesimler.js,1685,data/yerlesimler.js:1685,kale,43.054,16.148,Avrupa-Balkan,,1281-01-01,hayir,
553,Mliyet (Mljet),573,yerlesimler.js,1686,data/yerlesimler.js:1686,kale,42.753,17.522,Avrupa-Balkan,,1281-01-01,hayir,
554,Kalyari (Cagliari),574,yerlesimler.js,1689,data/yerlesimler.js:1689,liman,39.22,9.12,Avrupa-Balkan,,1281-01-01,hayir,
555,Sasari (Sassari),575,yerlesimler.js,1690,data/yerlesimler.js:1690,sehir,40.73,8.56,Avrupa-Balkan,,1281-01-01,hayir,
556,Bastia (Korsika),576,yerlesimler.js,1691,data/yerlesimler.js:1691,liman,42.7,9.45,Avrupa-Balkan,,1281-01-01,hayir,
557,Ayacyo (Ajaccio),577,yerlesimler.js,1692,data/yerlesimler.js:1692,liman,41.9322,8.7391,Avrupa-Balkan,,1281-01-01,hayir,
558,Mayorka (Palma),578,yerlesimler.js,1693,data/yerlesimler.js:1693,liman,39.57,2.65,Avrupa-Balkan,,1281-01-01,hayir,
559,Menorka (Mahon),579,yerlesimler.js,1694,data/yerlesimler.js:1694,liman,39.89,4.26,Avrupa-Balkan,,1281-01-01,hayir,
560,İbiza,580,yerlesimler.js,1695,data/yerlesimler.js:1695,liman,38.91,1.43,Avrupa-Balkan,,1281-01-01,hayir,
561,Pantelerya,581,yerlesimler.js,1696,data/yerlesimler.js:1696,kale,36.792,11.99,KuzeyAfrika-Misir,,1281-01-01,hayir,
562,Elba,582,yerlesimler.js,1703,data/yerlesimler.js:1703,kale,42.784,10.285,Avrupa-Balkan,,1281-01-01,hayir,
563,Kerkene (Kerkennah),583,yerlesimler.js,1704,data/yerlesimler.js:1704,kale,34.741,11.224,KuzeyAfrika-Misir,,1281-01-01,hayir,
564,Dahlak,584,yerlesimler.js,1709,data/yerlesimler.js:1709,kale,15.692,40.138,Levant-Irak-Arabistan,,1281-01-01,hayir,
565,Ferasan (Farasan),585,yerlesimler.js,1710,data/yerlesimler.js:1710,kale,16.73,42.009,Levant-Irak-Arabistan,,1281-01-01,hayir,
566,Kemeran (Kamaran),586,yerlesimler.js,1711,data/yerlesimler.js:1711,kale,15.353,42.587,Levant-Irak-Arabistan,,1281-01-01,hayir,
567,Hürmüz Adası,587,yerlesimler.js,1712,data/yerlesimler.js:1712,kale,26.861,56.366,Iran-Irak-Korfez,,1281-01-01,hayir,
568,Kişm (Qeshm),588,yerlesimler.js,1719,data/yerlesimler.js:1719,kale,26.791,55.821,Iran-Irak-Korfez,,1281-01-01,hayir,
569,Kiş (Kish),589,yerlesimler.js,1723,data/yerlesimler.js:1723,kale,26.526,53.979,Iran-Irak-Korfez,,1281-01-01,hayir,
570,Sokotra,590,yerlesimler.js,1727,data/yerlesimler.js:1727,kale,12.51,53.872,Iran-Irak-Korfez,,1281-01-01,hayir,
571,Masira,591,yerlesimler.js,1728,data/yerlesimler.js:1728,kale,20.414,58.781,Iran-Irak-Korfez,,1281-01-01,hayir,
572,Girne (Kyrenia),592,yerlesimler.js,1733,data/yerlesimler.js:1733,kale,35.3375,33.3187,Levant-Irak-Arabistan,,1281-01-01,hayir,
573,Baf (Paphos),593,yerlesimler.js,1734,data/yerlesimler.js:1734,kale,34.776,32.424,KuzeyAfrika-Misir,,1281-01-01,hayir,
574,Limasol,594,yerlesimler.js,1735,data/yerlesimler.js:1735,liman,34.707,33.023,Levant-Irak-Arabistan,,1281-01-01,hayir,
575,Tuzla (Larnaka),595,yerlesimler.js,1736,data/yerlesimler.js:1736,liman,34.917,33.63,Levant-Irak-Arabistan,,1281-01-01,hayir,
576,İsfakiye (Sfakia),596,yerlesimler.js,1739,data/yerlesimler.js:1739,kale,35.202,24.135,Avrupa-Balkan,,1281-01-01,hayir,
577,Sitiye (Sitia),597,yerlesimler.js,1740,data/yerlesimler.js:1740,kale,35.208,26.104,Avrupa-Balkan,,1281-01-01,hayir,
578,Messina,598,yerlesimler.js,1742,data/yerlesimler.js:1742,liman,38.194,15.554,Avrupa-Balkan,,1281-01-01,hayir,
579,Sirakuza,599,yerlesimler.js,1743,data/yerlesimler.js:1743,liman,37.075,15.287,KuzeyAfrika-Misir,,1281-01-01,hayir,
580,Trapani,600,yerlesimler.js,1744,data/yerlesimler.js:1744,liman,38.017,12.537,Avrupa-Balkan,,1281-01-01,hayir,
581,Lindos,601,yerlesimler.js,1746,data/yerlesimler.js:1746,kale,36.092,28.088,Avrupa-Balkan,,1281-01-01,hayir,
582,Molova (Molyvos),602,yerlesimler.js,1747,data/yerlesimler.js:1747,kale,39.366,26.181,Anadolu,,1281-01-01,hayir,
583,Karistos (Kızılhisar),603,yerlesimler.js,1748,data/yerlesimler.js:1748,kale,38.0182,24.4165,Avrupa-Balkan,,1281-01-01,hayir,
584,Birgi,604,yerlesimler.js,1756,data/yerlesimler.js:1756,sehir,38.256,28.07,Anadolu,,1281-01-01,hayir,
585,Tire,605,yerlesimler.js,1758,data/yerlesimler.js:1758,sehir,38.089,27.735,Anadolu,,1281-01-01,hayir,
586,Ayasuluk (Selçuk),606,yerlesimler.js,1760,data/yerlesimler.js:1760,sehir,37.951,27.368,Anadolu,,1281-01-01,hayir,
587,Milas,607,yerlesimler.js,1763,data/yerlesimler.js:1763,sehir,37.316,27.783,Anadolu,,1281-01-01,hayir,
588,Balat (Palatia),608,yerlesimler.js,1765,data/yerlesimler.js:1765,liman,37.51,27.278,Anadolu,,1281-01-01,hayir,
589,Simav,609,yerlesimler.js,1769,data/yerlesimler.js:1769,kale,39.09,28.98,Anadolu,,1281-01-01,hayir,
590,Tavşanlı,610,yerlesimler.js,1771,data/yerlesimler.js:1771,kale,39.545,29.492,Anadolu,,1281-01-01,hayir,
591,Emet (Eğrigöz),611,yerlesimler.js,1773,data/yerlesimler.js:1773,kale,39.343,29.259,Anadolu,,1281-01-01,hayir,
592,Uşak,612,yerlesimler.js,1775,data/yerlesimler.js:1775,sehir,38.673,29.406,Anadolu,,1281-01-01,hayir,
593,Alaşehir,613,yerlesimler.js,1778,data/yerlesimler.js:1778,sehir,38.351,28.518,Anadolu,,1281-01-01,hayir,
594,Uluborlu,614,yerlesimler.js,1781,data/yerlesimler.js:1781,sehir,38.086,30.457,Anadolu,,1281-01-01,hayir,
595,Eğirdir,615,yerlesimler.js,1783,data/yerlesimler.js:1783,sehir,37.8727,30.8487,Anadolu,,1281-01-01,hayir,
596,Burdur,616,yerlesimler.js,1785,data/yerlesimler.js:1785,sehir,37.72,30.29,Anadolu,,1281-01-01,hayir,
597,Yalvaç,617,yerlesimler.js,1789,data/yerlesimler.js:1789,sehir,38.294,31.18,Anadolu,,1281-01-01,hayir,
598,Eflani,618,yerlesimler.js,1793,data/yerlesimler.js:1793,kale,41.418,32.951,Anadolu,,1281-01-01,hayir,
599,Ermenek,619,yerlesimler.js,1796,data/yerlesimler.js:1796,kale,36.64,32.891,Anadolu,,1281-01-01,hayir,
600,Edremit,620,yerlesimler.js,1800,data/yerlesimler.js:1800,liman,39.596,27.024,Anadolu,,1281-01-01,hayir,
601,Erdek,621,yerlesimler.js,1802,data/yerlesimler.js:1802,liman,40.399,27.795,Anadolu,,1281-01-01,hayir,
602,Erciş,622,yerlesimler.js,1805,data/yerlesimler.js:1805,kale,39.026,43.36,Anadolu,,1281-01-01,hayir,
603,Finike,623,yerlesimler.js,1811,data/yerlesimler.js:1811,liman,36.301,30.145,KuzeyAfrika-Misir,,1281-01-01,hayir,
604,Kaş (Antiphellos),624,yerlesimler.js,1813,data/yerlesimler.js:1813,liman,36.202,29.639,Avrupa-Balkan,,1281-01-01,hayir,
605,Elmalı,625,yerlesimler.js,1815,data/yerlesimler.js:1815,sehir,36.735,29.92,Anadolu,,1281-01-01,hayir,
606,Bolu,626,yerlesimler.js,1822,data/yerlesimler.js:1822,sehir,40.736,31.606,Anadolu,,1281-01-01,hayir,
607,Konurapa (Düzce),627,yerlesimler.js,1824,data/yerlesimler.js:1824,kale,40.838,31.163,Anadolu,,1281-01-01,hayir,
608,Mudurnu,628,yerlesimler.js,1826,data/yerlesimler.js:1826,kale,40.47,31.208,Anadolu,,1281-01-01,hayir,
609,Karadeniz Ereğli,629,yerlesimler.js,1828,data/yerlesimler.js:1828,liman,41.2846,31.418,Anadolu,,1281-01-01,hayir,
610,Devrek,630,yerlesimler.js,1830,data/yerlesimler.js:1830,sehir,41.216,31.955,Anadolu,,1281-01-01,hayir,
611,Akçakoca,631,yerlesimler.js,1832,data/yerlesimler.js:1832,liman,41.086,31.126,Anadolu,,1281-01-01,hayir,
612,Ayvalık,632,yerlesimler.js,1834,data/yerlesimler.js:1834,liman,39.317,26.694,Anadolu,,1281-01-01,hayir,
613,Merâga,634,yerlesimler.js,1852,data/yerlesimler.js:1852,sehir,37.3894,46.2381,Iran-Irak-Korfez,,1231-01-01,EVET,
614,Hoy,635,yerlesimler.js,1853,data/yerlesimler.js:1853,sehir,38.5503,44.9521,Anadolu,,1281-01-01,hayir,
615,Selmâs (Dilman),636,yerlesimler.js,1854,data/yerlesimler.js:1854,sehir,38.1983,44.7654,Anadolu,,1281-01-01,hayir,
616,Merend,637,yerlesimler.js,1855,data/yerlesimler.js:1855,sehir,38.4328,45.775,Iran-Irak-Korfez,,1281-01-01,hayir,
617,Culfa,638,yerlesimler.js,1856,data/yerlesimler.js:1856,sehir,38.955,45.63,Kafkasya,,1281-01-01,hayir,
618,Ahar (Karadağ),639,yerlesimler.js,1857,data/yerlesimler.js:1857,sehir,38.4772,47.07,Iran-Irak-Korfez,,1281-01-01,hayir,
619,Sarâb,640,yerlesimler.js,1858,data/yerlesimler.js:1858,sehir,37.9408,47.5364,Iran-Irak-Korfez,,1281-01-01,hayir,
620,Miyâne,641,yerlesimler.js,1859,data/yerlesimler.js:1859,sehir,37.4247,47.7167,Iran-Irak-Korfez,,1281-01-01,hayir,
621,Mâku,642,yerlesimler.js,1860,data/yerlesimler.js:1860,kale,39.2942,44.5142,Anadolu,,1281-01-01,hayir,
622,Halhâl,643,yerlesimler.js,1861,data/yerlesimler.js:1861,sehir,37.6167,48.5333,Iran-Irak-Korfez,,1281-01-01,hayir,
623,Mîyandoab,644,yerlesimler.js,1862,data/yerlesimler.js:1862,sehir,36.9694,46.1028,Iran-Irak-Korfez,,1281-01-01,hayir,
624,Sakkız,645,yerlesimler.js,1863,data/yerlesimler.js:1863,sehir,36.2461,46.2631,Iran-Irak-Korfez,,1281-01-01,hayir,
625,Merîvan,647,yerlesimler.js,1867,data/yerlesimler.js:1867,sehir,35.5214,46.1772,Iran-Irak-Korfez,,1281-01-01,hayir,
626,Nihâvend,649,yerlesimler.js,1870,data/yerlesimler.js:1870,sehir,34.1911,48.3767,Iran-Irak-Korfez,,1281-01-01,hayir,
627,Kasr-ı Şîrîn,650,yerlesimler.js,1873,data/yerlesimler.js:1873,kale,34.515,45.5772,Iran-Irak-Korfez,,1281-01-01,hayir,
628,Sâmerrâ,651,yerlesimler.js,1881,data/yerlesimler.js:1881,sehir,34.1983,43.8742,Levant-Irak-Arabistan,,1281-01-01,hayir,
629,Tikrit,652,yerlesimler.js,1882,data/yerlesimler.js:1882,sehir,34.6072,43.6786,Levant-Irak-Arabistan,,1257-01-01,EVET,
630,Hille,653,yerlesimler.js,1884,data/yerlesimler.js:1884,sehir,32.4828,44.4353,Iran-Irak-Korfez,,1281-01-01,hayir,
631,Necef,654,yerlesimler.js,1885,data/yerlesimler.js:1885,sehir,31.9956,44.3153,Iran-Irak-Korfez,,1281-01-01,hayir,
632,Kûfe,655,yerlesimler.js,1889,data/yerlesimler.js:1889,sehir,32.03,44.4009,Iran-Irak-Korfez,,1281-01-01,hayir,
633,Vâsıt,656,yerlesimler.js,1894,data/yerlesimler.js:1894,sehir,32.19,46.295,Iran-Irak-Korfez,,1258-01-01,EVET,
634,Kût el-Amâre,657,yerlesimler.js,1895,data/yerlesimler.js:1895,sehir,32.5125,45.8189,Iran-Irak-Korfez,,1281-01-01,hayir,
635,Erbil,658,yerlesimler.js,1901,data/yerlesimler.js:1901,sehir,36.1911,44.0092,Iran-Irak-Korfez,,1281-01-01,hayir,
636,Kifri,659,yerlesimler.js,1902,data/yerlesimler.js:1902,sehir,34.6883,44.9639,Iran-Irak-Korfez,,1281-01-01,hayir,
637,Hânekîn,660,yerlesimler.js,1903,data/yerlesimler.js:1903,sehir,34.3519,45.3861,Iran-Irak-Korfez,,1281-01-01,hayir,
638,Tuz Hurmatu,661,yerlesimler.js,1904,data/yerlesimler.js:1904,sehir,34.8828,44.6381,Iran-Irak-Korfez,,1281-01-01,hayir,
639,Halepçe,662,yerlesimler.js,1905,data/yerlesimler.js:1905,sehir,35.1778,45.9861,Iran-Irak-Korfez,,1281-01-01,hayir,
640,Rewândiz,663,yerlesimler.js,1908,data/yerlesimler.js:1908,kale,36.6069,44.5322,Anadolu,,1281-01-01,hayir,
641,Akra,664,yerlesimler.js,1909,data/yerlesimler.js:1909,sehir,36.7408,43.8919,Anadolu,,1281-01-01,hayir,
642,Duhok,665,yerlesimler.js,1910,data/yerlesimler.js:1910,sehir,36.8672,42.9881,Anadolu,,1281-01-01,hayir,
643,Zaho,666,yerlesimler.js,1911,data/yerlesimler.js:1911,sehir,37.1447,42.6819,Anadolu,,1281-01-01,hayir,
644,Telafer,667,yerlesimler.js,1912,data/yerlesimler.js:1912,sehir,36.3775,42.4508,Levant-Irak-Arabistan,,1281-01-01,hayir,
645,Sincar,668,yerlesimler.js,1913,data/yerlesimler.js:1913,sehir,36.3222,41.8689,Levant-Irak-Arabistan,,1281-01-01,hayir,
646,Âne,669,yerlesimler.js,1914,data/yerlesimler.js:1914,sehir,34.4681,41.9364,Levant-Irak-Arabistan,,1281-01-01,hayir,
647,Hît,670,yerlesimler.js,1915,data/yerlesimler.js:1915,sehir,33.6414,42.8253,Levant-Irak-Arabistan,,1281-01-01,hayir,
648,Fellûce,671,yerlesimler.js,1916,data/yerlesimler.js:1916,sehir,33.35,43.7844,Levant-Irak-Arabistan,,1281-01-01,hayir,
649,Dîvâniye,673,yerlesimler.js,1921,data/yerlesimler.js:1921,sehir,31.9892,44.925,Iran-Irak-Korfez,,1281-01-01,hayir,
650,Semâve,674,yerlesimler.js,1922,data/yerlesimler.js:1922,sehir,31.3183,45.2811,Iran-Irak-Korfez,,1281-01-01,hayir,
651,Ammâre,676,yerlesimler.js,1926,data/yerlesimler.js:1926,sehir,31.8356,47.145,Iran-Irak-Korfez,,1281-01-01,hayir,
652,Kürne,677,yerlesimler.js,1927,data/yerlesimler.js:1927,sehir,31.01,47.4433,Iran-Irak-Korfez,,1281-01-01,hayir,
653,Fâv,678,yerlesimler.js,1930,data/yerlesimler.js:1930,liman,29.9764,48.4722,Iran-Irak-Korfez,,1281-01-01,hayir,
654,Kâşân,679,yerlesimler.js,1935,data/yerlesimler.js:1935,sehir,33.9831,51.41,Iran-Irak-Korfez,,1281-01-01,hayir,
655,Sâve,680,yerlesimler.js,1936,data/yerlesimler.js:1936,sehir,35.0213,50.3566,Iran-Irak-Korfez,,1281-01-01,hayir,
656,Simnân,681,yerlesimler.js,1937,data/yerlesimler.js:1937,sehir,35.5769,53.3972,Iran-Irak-Korfez,,1221-01-01,EVET,
657,Dâmgan,682,yerlesimler.js,1938,data/yerlesimler.js:1938,sehir,36.1683,54.3481,Iran-Irak-Korfez,,1281-01-01,hayir,
658,Bistâm,683,yerlesimler.js,1941,data/yerlesimler.js:1941,sehir,36.4831,55.01,Iran-Irak-Korfez,,1281-01-01,hayir,
659,Gulpâygân,685,yerlesimler.js,1944,data/yerlesimler.js:1944,sehir,33.455,50.2881,Iran-Irak-Korfez,,1281-01-01,hayir,
660,Erdistan,686,yerlesimler.js,1945,data/yerlesimler.js:1945,sehir,33.3769,52.3697,Iran-Irak-Korfez,,1281-01-01,hayir,
661,Nâin,687,yerlesimler.js,1946,data/yerlesimler.js:1946,sehir,32.8597,53.085,Iran-Irak-Korfez,,1281-01-01,hayir,
662,Burûcird,688,yerlesimler.js,1953,data/yerlesimler.js:1953,sehir,33.8972,48.7514,Iran-Irak-Korfez,,1281-01-01,hayir,
663,Dizfûl,689,yerlesimler.js,1954,data/yerlesimler.js:1954,sehir,32.3831,48.4014,Iran-Irak-Korfez,,1281-01-01,hayir,
664,Şüşter,690,yerlesimler.js,1957,data/yerlesimler.js:1957,sehir,32.045,48.8564,Iran-Irak-Korfez,,1281-01-01,hayir,
665,Ahvaz,691,yerlesimler.js,1958,data/yerlesimler.js:1958,sehir,31.32,48.6692,Iran-Irak-Korfez,,1281-01-01,hayir,
666,Havîza,692,yerlesimler.js,1962,data/yerlesimler.js:1962,sehir,31.4572,48.075,Iran-Irak-Korfez,,1281-01-01,hayir,
667,Râmhürmüz,693,yerlesimler.js,1963,data/yerlesimler.js:1963,sehir,31.2803,49.6039,Iran-Irak-Korfez,,1281-01-01,hayir,
668,Behbehân,694,yerlesimler.js,1964,data/yerlesimler.js:1964,sehir,30.5956,50.2417,Iran-Irak-Korfez,,1281-01-01,hayir,
669,Abâdân,695,yerlesimler.js,1965,data/yerlesimler.js:1965,liman,30.3392,48.3042,Iran-Irak-Korfez,,1281-01-01,hayir,
670,Erdekân,697,yerlesimler.js,1969,data/yerlesimler.js:1969,sehir,32.31,54.0169,Iran-Irak-Korfez,,1281-01-01,hayir,
671,Kâin,698,yerlesimler.js,1970,data/yerlesimler.js:1970,sehir,33.7272,59.1831,Iran-Irak-Korfez,,1281-01-01,hayir,
672,Bîrcend,699,yerlesimler.js,1971,data/yerlesimler.js:1971,sehir,32.865,59.2211,Iran-Irak-Korfez,,1281-01-01,hayir,
673,Mînâb,701,yerlesimler.js,1984,data/yerlesimler.js:1984,sehir,27.1467,57.08,Iran-Irak-Korfez,,1281-01-01,hayir,
674,Lâr,702,yerlesimler.js,1985,data/yerlesimler.js:1985,sehir,27.6811,54.3175,Iran-Irak-Korfez,,1281-01-01,hayir,
675,Kâzerûn,703,yerlesimler.js,1986,data/yerlesimler.js:1986,sehir,29.6186,51.6542,Iran-Irak-Korfez,,1281-01-01,hayir,
676,Fesâ,704,yerlesimler.js,1987,data/yerlesimler.js:1987,sehir,28.9383,53.6483,Iran-Irak-Korfez,,1281-01-01,hayir,
677,Dârâb,705,yerlesimler.js,1988,data/yerlesimler.js:1988,sehir,28.7519,54.5444,Iran-Irak-Korfez,,1281-01-01,hayir,
678,Cehrom,706,yerlesimler.js,1989,data/yerlesimler.js:1989,sehir,28.5,53.56,Iran-Irak-Korfez,,1281-01-01,hayir,
679,Firûzâbâd,707,yerlesimler.js,1990,data/yerlesimler.js:1990,sehir,28.8438,52.5713,Iran-Irak-Korfez,,1281-01-01,hayir,
680,Ebrekûh,708,yerlesimler.js,1991,data/yerlesimler.js:1991,sehir,31.1281,53.2814,Iran-Irak-Korfez,,1281-01-01,hayir,
681,Bender Rîg,710,yerlesimler.js,1995,data/yerlesimler.js:1995,liman,29.4975,50.6451,Iran-Irak-Korfez,,1281-01-01,hayir,
682,Bender Lengeh,711,yerlesimler.js,1996,data/yerlesimler.js:1996,liman,26.5578,54.8811,Iran-Irak-Korfez,,1281-01-01,hayir,
683,Sircân,712,yerlesimler.js,1997,data/yerlesimler.js:1997,sehir,29.45,55.68,Iran-Irak-Korfez,,1281-01-01,hayir,
684,Bem,713,yerlesimler.js,1998,data/yerlesimler.js:1998,kale,29.1061,58.3572,Iran-Irak-Korfez,,1281-01-01,hayir,
685,Rafsencân,714,yerlesimler.js,1999,data/yerlesimler.js:1999,sehir,30.4078,55.9944,Iran-Irak-Korfez,,1281-01-01,hayir,
686,Cîruft,715,yerlesimler.js,2000,data/yerlesimler.js:2000,sehir,28.675,57.7372,Iran-Irak-Korfez,,1281-01-01,hayir,
687,Câsk,716,yerlesimler.js,2001,data/yerlesimler.js:2001,liman,25.645,57.7742,Iran-Irak-Korfez,,1281-01-01,hayir,
688,Çâhbahâr,717,yerlesimler.js,2002,data/yerlesimler.js:2002,liman,25.2919,60.6431,Hindistan,,1281-01-01,hayir,
689,Bempûr,718,yerlesimler.js,2005,data/yerlesimler.js:2005,kale,27.1975,60.4586,Hindistan,,1281-01-01,hayir,
690,Hâş,719,yerlesimler.js,2008,data/yerlesimler.js:2008,sehir,28.2211,61.2158,Hindistan,,1281-01-01,hayir,
691,Zerenc (Sîstan),720,yerlesimler.js,2013,data/yerlesimler.js:2013,sehir,30.9583,61.8611,OrtaAsya,1383-01-01,1281-01-01,hayir,
692,Nîşâbur,721,yerlesimler.js,2022,data/yerlesimler.js:2022,sehir,36.2133,58.7958,Iran-Irak-Korfez,,1281-01-01,hayir,
693,Tûs,722,yerlesimler.js,2026,data/yerlesimler.js:2026,sehir,36.4869,59.5222,Iran-Irak-Korfez,1389-01-01,1281-01-01,hayir,
694,Sebzevâr,723,yerlesimler.js,2029,data/yerlesimler.js:2029,sehir,36.2133,57.6792,Iran-Irak-Korfez,,1281-01-01,hayir,
695,Turşiz (Kâşmer),724,yerlesimler.js,2030,data/yerlesimler.js:2030,sehir,35.2383,58.4658,Iran-Irak-Korfez,,1281-01-01,hayir,
696,Turbet-i Haydariye,725,yerlesimler.js,2031,data/yerlesimler.js:2031,sehir,35.2739,59.2189,Iran-Irak-Korfez,,1281-01-01,hayir,
697,Turbet-i Câm,726,yerlesimler.js,2032,data/yerlesimler.js:2032,sehir,35.2439,60.6242,OrtaAsya,,1281-01-01,hayir,
698,Serahs,727,yerlesimler.js,2033,data/yerlesimler.js:2033,sehir,36.5386,61.1611,OrtaAsya,,1193-01-01,EVET,
699,Kelât-ı Nâdirî,728,yerlesimler.js,2034,data/yerlesimler.js:2034,kale,36.9833,59.75,Iran-Irak-Korfez,,1281-01-01,hayir,
700,Kûçân,729,yerlesimler.js,2035,data/yerlesimler.js:2035,sehir,37.1,58.51,Iran-Irak-Korfez,,1281-01-01,hayir,
701,Bocnûrd,730,yerlesimler.js,2036,data/yerlesimler.js:2036,sehir,37.4744,57.3292,Iran-Irak-Korfez,,1281-01-01,hayir,
702,Esferâyin,731,yerlesimler.js,2037,data/yerlesimler.js:2037,sehir,37.0769,57.51,Iran-Irak-Korfez,,1281-01-01,hayir,
703,Lâhîcan,732,yerlesimler.js,2043,data/yerlesimler.js:2043,sehir,37.2072,50.0044,Iran-Irak-Korfez,,1281-01-01,hayir,
704,Bender Enzeli,733,yerlesimler.js,2044,data/yerlesimler.js:2044,liman,37.4728,49.4622,Iran-Irak-Korfez,,1281-01-01,hayir,
705,Sârî,734,yerlesimler.js,2045,data/yerlesimler.js:2045,sehir,36.5633,53.0601,Iran-Irak-Korfez,,1281-01-01,hayir,
706,Âmül,735,yerlesimler.js,2046,data/yerlesimler.js:2046,sehir,36.4697,52.3508,Iran-Irak-Korfez,,1281-01-01,hayir,
707,Bârfurûş (Bâbil),736,yerlesimler.js,2047,data/yerlesimler.js:2047,sehir,36.5461,52.6789,Iran-Irak-Korfez,,1281-01-01,hayir,
708,Eşref (Behşehr),738,yerlesimler.js,2051,data/yerlesimler.js:2051,sehir,36.6942,53.5522,Iran-Irak-Korfez,,1281-01-01,hayir,
709,Esterâbâd (Gürgân),739,yerlesimler.js,2054,data/yerlesimler.js:2054,sehir,36.8381,54.4342,Iran-Irak-Korfez,,1281-01-01,hayir,
710,Astara,740,yerlesimler.js,2055,data/yerlesimler.js:2055,liman,38.4292,48.8728,Iran-Irak-Korfez,,1281-01-01,hayir,
711,Lenkeran,741,yerlesimler.js,2058,data/yerlesimler.js:2058,sehir,38.7539,48.8508,Kafkasya,,1281-01-01,hayir,
712,Salyan,742,yerlesimler.js,2059,data/yerlesimler.js:2059,sehir,39.5958,48.98,Kafkasya,,1281-01-01,hayir,
713,Kuba,743,yerlesimler.js,2064,data/yerlesimler.js:2064,sehir,41.3603,48.5158,Kafkasya,,1281-01-01,hayir,
714,Şeki (Nuha),744,yerlesimler.js,2067,data/yerlesimler.js:2067,sehir,41.1919,47.1706,Kafkasya,,1281-01-01,hayir,
715,Berde (Karabağ),745,yerlesimler.js,2070,data/yerlesimler.js:2070,sehir,40.3747,47.1281,Kafkasya,,1281-01-01,hayir,
716,Ordubad,747,yerlesimler.js,2074,data/yerlesimler.js:2074,sehir,38.9053,46.0242,Kafkasya,,1281-01-01,hayir,
717,Katîf,748,yerlesimler.js,2079,data/yerlesimler.js:2079,liman,26.557,49.9873,Iran-Irak-Korfez,,1281-01-01,hayir,
718,Ukayr (Uceyr),749,yerlesimler.js,2080,data/yerlesimler.js:2080,liman,25.65,50.2131,Iran-Irak-Korfez,,1281-01-01,hayir,
719,Cübeyl,750,yerlesimler.js,2093,data/yerlesimler.js:2093,liman,26.9979,49.6406,Iran-Irak-Korfez,,1281-01-01,hayir,
720,Buraydâ (Kasîm),751,yerlesimler.js,2094,data/yerlesimler.js:2094,sehir,26.3594,43.9814,Levant-Irak-Arabistan,,1744-01-01,hayir,
721,Uneyze,752,yerlesimler.js,2095,data/yerlesimler.js:2095,sehir,26.0878,43.9939,Levant-Irak-Arabistan,,1744-01-01,hayir,
722,Şakrâ,753,yerlesimler.js,2096,data/yerlesimler.js:2096,sehir,25.2394,45.2531,Iran-Irak-Korfez,,1744-01-01,hayir,
723,Suhâr,754,yerlesimler.js,2097,data/yerlesimler.js:2097,liman,24.3472,56.7092,Iran-Irak-Korfez,,1281-01-01,hayir,
724,Sûr,755,yerlesimler.js,2098,data/yerlesimler.js:2098,liman,22.555,59.52,Iran-Irak-Korfez,,1281-01-01,hayir,
725,Buraymî,756,yerlesimler.js,2105,data/yerlesimler.js:2105,sehir,24.25,55.7931,Iran-Irak-Korfez,,1281-01-01,hayir,
726,Ras el-Hayme (Cülfâr),757,yerlesimler.js,2106,data/yerlesimler.js:2106,liman,25.7896,55.9417,Iran-Irak-Korfez,,1281-01-01,hayir,
727,Şârika,758,yerlesimler.js,2107,data/yerlesimler.js:2107,liman,25.3573,55.3911,Iran-Irak-Korfez,,1281-01-01,hayir,
728,Çeleken,760,yerlesimler.js,2128,data/yerlesimler.js:2128,bolge,39.46,53.14,Iran-Irak-Korfez,,1281-01-01,hayir,
729,Garabogaz (Bekdaş),761,yerlesimler.js,2138,data/yerlesimler.js:2138,bolge,41.5619,52.6014,OrtaAsya,,1281-01-01,hayir,
730,Mangışlak,762,yerlesimler.js,2152,data/yerlesimler.js:2152,bolge,44.51,50.267,Rusya,,1281-01-01,hayir,
731,Dihistan ovası (Meşhed-i Misriyân),763,yerlesimler.js,2168,data/yerlesimler.js:2168,bolge,38.1667,54.6333,Iran-Irak-Korfez,,1281-01-01,hayir,
732,Uzboy,764,yerlesimler.js,2177,data/yerlesimler.js:2177,bolge,39.9,55.5,Iran-Irak-Korfez,,,hayir,EVET
733,Üstyurt platosu (batı),765,yerlesimler.js,2184,data/yerlesimler.js:2184,bolge,43.8,53.5,OrtaAsya,,,hayir,EVET
734,Üstyurt platosu (doğu),766,yerlesimler.js,2185,data/yerlesimler.js:2185,bolge,43.5,56.5,OrtaAsya,,,hayir,EVET
735,Hîve,767,yerlesimler.js,2199,data/yerlesimler.js:2199,sehir,41.3783,60.3639,OrtaAsya,,1281-01-01,hayir,
736,Hazârasp,768,yerlesimler.js,2206,data/yerlesimler.js:2206,kale,41.32,61.07,OrtaAsya,,1281-01-01,hayir,
737,Köhne Ürgenç (Gürgenç),769,yerlesimler.js,2219,data/yerlesimler.js:2219,sehir,42.3417,59.15,OrtaAsya,1646-01-01,1281-01-01,hayir,
738,Küngrat,771,yerlesimler.js,2242,data/yerlesimler.js:2242,sehir,43.0833,58.8333,OrtaAsya,,1281-01-01,hayir,
739,Nesâ,772,yerlesimler.js,2254,data/yerlesimler.js:2254,sehir,37.9667,58.1833,Iran-Irak-Korfez,,1281-01-01,hayir,
740,Ebîverd,773,yerlesimler.js,2259,data/yerlesimler.js:2259,sehir,37.9,59.6167,Iran-Irak-Korfez,,1281-01-01,hayir,
741,Merv (Mari),774,yerlesimler.js,2274,data/yerlesimler.js:2274,sehir,37.5936,61.8333,OrtaAsya,,1221-01-01,EVET,
742,Kanina,775,yerlesimler.js,2279,data/yerlesimler.js:2279,kale,40.421,19.507,Avrupa-Balkan,,1281-01-01,hayir,
743,Oreoi (İstiaia),776,yerlesimler.js,2282,data/yerlesimler.js:2282,kale,38.951,23.093,Avrupa-Balkan,,1281-01-01,hayir,
744,Divriği,777,yerlesimler.js,2302,data/yerlesimler.js:2302,kale,39.371,38.117,Anadolu,,1281-01-01,hayir,
745,Arapkir,778,yerlesimler.js,2303,data/yerlesimler.js:2303,sehir,39.041,38.492,Anadolu,,1281-01-01,hayir,
746,Hısn-ı Mansûr (Adıyaman),779,yerlesimler.js,2304,data/yerlesimler.js:2304,sehir,37.764,38.278,Anadolu,,1281-01-01,hayir,
747,Behisni (Besni),780,yerlesimler.js,2305,data/yerlesimler.js:2305,kale,37.693,37.86,Anadolu,,1281-01-01,hayir,
748,Kâhta,781,yerlesimler.js,2306,data/yerlesimler.js:2306,kale,37.783,38.622,Anadolu,,1281-01-01,hayir,
749,Çemişgezek,782,yerlesimler.js,2307,data/yerlesimler.js:2307,sehir,39.062,38.912,Anadolu,,1281-01-01,hayir,
750,Palu,783,yerlesimler.js,2308,data/yerlesimler.js:2308,kale,38.694,39.937,Anadolu,,1281-01-01,hayir,
751,Siverek,784,yerlesimler.js,2309,data/yerlesimler.js:2309,sehir,37.754,39.317,Anadolu,,1281-01-01,hayir,
752,Kragujevac,785,yerlesimler.js,2310,data/yerlesimler.js:2310,sehir,44.013,20.911,Avrupa-Balkan,,1281-01-01,hayir,
753,Çaçak,786,yerlesimler.js,2311,data/yerlesimler.js:2311,kale,43.891,20.35,Avrupa-Balkan,,1281-01-01,hayir,
754,Tırgovişte,787,yerlesimler.js,2312,data/yerlesimler.js:2312,sehir,44.925,25.457,Avrupa-Balkan,,1281-01-01,hayir,
755,Piteşti,788,yerlesimler.js,2313,data/yerlesimler.js:2313,sehir,44.857,24.869,Avrupa-Balkan,,1281-01-01,hayir,
756,Slatina,789,yerlesimler.js,2314,data/yerlesimler.js:2314,sehir,44.427,24.371,Avrupa-Balkan,,1281-01-01,hayir,
757,Buzău,790,yerlesimler.js,2315,data/yerlesimler.js:2315,sehir,45.15,26.817,Avrupa-Balkan,,1281-01-01,hayir,
758,Rimnik-i Sârat (Râmnicu Sărat),791,yerlesimler.js,2316,data/yerlesimler.js:2316,kale,45.383,27.056,Avrupa-Balkan,,1281-01-01,hayir,
759,Krayova (Craiova),792,yerlesimler.js,2317,data/yerlesimler.js:2317,sehir,44.33,23.795,Avrupa-Balkan,,1281-01-01,hayir,
760,Tırgu Jiu,793,yerlesimler.js,2318,data/yerlesimler.js:2318,sehir,45.035,23.275,Avrupa-Balkan,,1281-01-01,hayir,
761,Rimnik (Râmnicu Vâlcea),794,yerlesimler.js,2319,data/yerlesimler.js:2319,sehir,45.105,24.375,Avrupa-Balkan,,1281-01-01,hayir,
762,Turnu Severin,795,yerlesimler.js,2320,data/yerlesimler.js:2320,kale,44.632,22.656,Avrupa-Balkan,,1281-01-01,hayir,
763,Kımpulung (Câmpulung),796,yerlesimler.js,2321,data/yerlesimler.js:2321,sehir,45.269,25.045,Avrupa-Balkan,,1281-01-01,hayir,
764,Soroka (Soroca),797,yerlesimler.js,2322,data/yerlesimler.js:2322,kale,48.158,28.299,Avrupa-Balkan,,1281-01-01,hayir,
765,Orhei,798,yerlesimler.js,2323,data/yerlesimler.js:2323,sehir,47.383,28.823,Avrupa-Balkan,,1281-01-01,hayir,
766,Podgorica,799,yerlesimler.js,2324,data/yerlesimler.js:2324,sehir,42.441,19.263,Avrupa-Balkan,,1281-01-01,hayir,
767,Böğürdelen (Šabac),800,yerlesimler.js,2325,data/yerlesimler.js:2325,kale,44.75,19.694,Avrupa-Balkan,,1281-01-01,hayir,
768,Aksaray,801,yerlesimler.js,2326,data/yerlesimler.js:2326,sehir,38.3687,34.037,Anadolu,,1281-01-01,hayir,
769,Travnik,802,yerlesimler.js,2329,data/yerlesimler.js:2329,kale,44.226,17.665,Avrupa-Balkan,,1281-01-01,hayir,
770,İzvornik (Zvornik),803,yerlesimler.js,2330,data/yerlesimler.js:2330,kale,44.386,19.103,Avrupa-Balkan,,1281-01-01,hayir,
771,Foça (Foča),804,yerlesimler.js,2331,data/yerlesimler.js:2331,sehir,43.506,18.779,Avrupa-Balkan,,1281-01-01,hayir,
772,Livno (İhlevne),805,yerlesimler.js,2332,data/yerlesimler.js:2332,kale,43.827,17.008,Avrupa-Balkan,,1281-01-01,hayir,
773,Yayça (Jajce),806,yerlesimler.js,2333,data/yerlesimler.js:2333,kale,44.342,17.271,Avrupa-Balkan,,1281-01-01,hayir,
774,Srebrenik,807,yerlesimler.js,2334,data/yerlesimler.js:2334,kale,44.705,18.489,Avrupa-Balkan,,1281-01-01,hayir,
775,Yergöğü (Giurgiu),808,yerlesimler.js,2335,data/yerlesimler.js:2335,kale,43.904,25.97,Avrupa-Balkan,,1281-01-01,hayir,
776,Dubrovnik,809,yerlesimler.js,2336,data/yerlesimler.js:2336,sehir,42.65,18.094,Avrupa-Balkan,,1281-01-01,hayir,
777,Elbing (Elbląg),810,yerlesimler.js,2345,data/yerlesimler.js:2345,sehir,54.1522,19.4088,Avrupa-Balkan,,1281-01-01,hayir,
778,Torun (Toruń),811,yerlesimler.js,2346,data/yerlesimler.js:2346,sehir,53.0103,18.6047,Avrupa-Balkan,,1281-01-01,hayir,
779,Askalân,812,yerlesimler.js,2370,data/yerlesimler.js:2370,sehir,31.6648,34.55052,Levant-Irak-Arabistan,1270-01-01,,hayir,
780,Dvin,813,yerlesimler.js,2382,data/yerlesimler.js:2382,sehir,40.01186,44.58079,Anadolu,1236-01-01,,hayir,
781,Gözleve (Kezlev),814,yerlesimler_kirim.js,138,data/yerlesimler_kirim.js:138,liman,45.1904,33.3669,Rusya,,1281-01-01,hayir,
782,Or Kapı (Ferahkirman),815,yerlesimler_kirim.js,142,data/yerlesimler_kirim.js:142,kale,46.16,33.69,Rusya,,1281-01-01,hayir,
783,Akmescid,816,yerlesimler_kirim.js,146,data/yerlesimler_kirim.js:146,sehir,44.9521,34.1024,Rusya,,1281-01-01,hayir,
784,Karasubazar,817,yerlesimler_kirim.js,150,data/yerlesimler_kirim.js:150,sehir,45.0556,34.6,Rusya,,1281-01-01,hayir,
785,Eski Kırım (Solhat),818,yerlesimler_kirim.js,157,data/yerlesimler_kirim.js:157,sehir,45.0281,35.1078,Rusya,,1281-01-01,hayir,
786,Sudak (Suğdak),819,yerlesimler_kirim.js,163,data/yerlesimler_kirim.js:163,liman,44.8494,34.9747,Rusya,,1281-01-01,hayir,
787,Balaklava (Cembalo),820,yerlesimler_kirim.js,171,data/yerlesimler_kirim.js:171,liman,44.5,33.5997,Rusya,,1281-01-01,hayir,
788,Yalta,821,yerlesimler_kirim.js,180,data/yerlesimler_kirim.js:180,liman,44.4952,34.1663,Rusya,,1281-01-01,hayir,
789,Aluşta,822,yerlesimler_kirim.js,185,data/yerlesimler_kirim.js:185,kale,44.6764,34.4103,Rusya,,1281-01-01,hayir,
790,Tedmür (Palmyra),823,yerlesimler_seyrek.js,86,data/yerlesimler_seyrek.js:86,sehir,34.55,38.27,Levant-Irak-Arabistan,,1281-01-01,hayir,
791,Dûmetülcendel (Cevf),824,yerlesimler_seyrek.js,100,data/yerlesimler_seyrek.js:100,sehir,29.812,39.868,Levant-Irak-Arabistan,,1836-01-01,hayir,EVET
792,Vâdî Sirhân,825,yerlesimler_seyrek.js,112,data/yerlesimler_seyrek.js:112,bolge,31.0,37.8,Levant-Irak-Arabistan,,,hayir,EVET
793,Teymâ,826,yerlesimler_seyrek.js,117,data/yerlesimler_seyrek.js:117,sehir,27.632,38.545,Levant-Irak-Arabistan,,1836-01-01,hayir,EVET
794,Rın kumulları (Volga-Yayık arası),827,yerlesimler_seyrek.js,159,data/yerlesimler_seyrek.js:159,bolge,49.0,47.5,Rusya,,1281-01-01,hayir,
795,İskeçe,828,yerlesimler_seyrek.js,197,data/yerlesimler_seyrek.js:197,sehir,41.14,24.89,Avrupa-Balkan,,1281-01-01,hayir,
796,Trebinye,830,yerlesimler_seyrek.js,268,data/yerlesimler_seyrek.js:268,sehir,42.711,18.344,Avrupa-Balkan,,1281-01-01,hayir,
797,Vişegrad,831,yerlesimler_seyrek.js,281,data/yerlesimler_seyrek.js:281,sehir,43.783,19.288,Avrupa-Balkan,,1281-01-01,hayir,
798,Tuzla (Bosna),832,yerlesimler_seyrek.js,291,data/yerlesimler_seyrek.js:291,sehir,44.538,18.676,Avrupa-Balkan,,1281-01-01,hayir,
799,Karabiga,833,yerlesimler_seyrek.js,315,data/yerlesimler_seyrek.js:315,liman,40.41,27.3,Anadolu,,1281-01-01,hayir,
800,Koniçe (Konjic),834,yerlesimler_ek2.js,37,data/yerlesimler_ek2.js:37,sehir,43.652,17.962,Avrupa-Balkan,,1281-01-01,hayir,
801,Visoko,835,yerlesimler_ek2.js,51,data/yerlesimler_ek2.js:51,sehir,43.989,18.179,Avrupa-Balkan,,1281-01-01,hayir,
802,Boğaziçi (Rumeli yakası),836,yerlesimler_ek2.js,80,data/yerlesimler_ek2.js:80,bolge,41.15,29.05,Anadolu,,1281-01-01,hayir,
803,Mankup,837,yerlesimler_ek2.js,134,data/yerlesimler_ek2.js:134,kale,44.5942,33.8044,Rusya,,1281-01-01,hayir,
804,İnkirman (Kalamita),838,yerlesimler_ek2.js,143,data/yerlesimler_ek2.js:143,kale,44.6072,33.6061,Rusya,,1281-01-01,hayir,
805,Sebte (Ceuta),839,yerlesimler_ek3.js,32,data/yerlesimler_ek3.js:32,liman,35.889,-5.318,KuzeyAfrika-Misir,,1273-01-01,EVET,
806,Melîle (Melilla),840,yerlesimler_ek3.js,48,data/yerlesimler_ek3.js:48,liman,35.292,-2.938,KuzeyAfrika-Misir,,1281-01-01,hayir,
807,Mersa'l-Kebîr,841,yerlesimler_ek3.js,63,data/yerlesimler_ek3.js:63,liman,35.728,-0.709,KuzeyAfrika-Misir,,1281-01-01,hayir,
808,Yediçkul bozkırı,842,yerlesimler_ek3.js,98,data/yerlesimler_ek3.js:98,bolge,46.9,34.6,Rusya,,1281-01-01,hayir,
809,Camboyluk bozkırı,843,yerlesimler_ek3.js,101,data/yerlesimler_ek3.js:101,bolge,47.1,36.8,Rusya,,1281-01-01,hayir,
810,Mazagan (El Jadida),844,yerlesimler_ek3.js,119,data/yerlesimler_ek3.js:119,kale,33.256,-8.506,KuzeyAfrika-Misir,,1281-01-01,hayir,
811,Safi (Asfi),845,yerlesimler_ek3.js,122,data/yerlesimler_ek3.js:122,liman,32.299,-9.237,KuzeyAfrika-Misir,,1281-01-01,hayir,
812,Azemmûr,846,yerlesimler_ek3.js,128,data/yerlesimler_ek3.js:128,liman,33.289,-8.342,KuzeyAfrika-Misir,,1281-01-01,hayir,
813,Arzila (Asilah),847,yerlesimler_ek3.js,131,data/yerlesimler_ek3.js:131,liman,35.466,-6.036,KuzeyAfrika-Misir,,1281-01-01,hayir,
814,Hamâd (Bâdiyetü'ş-Şâm içi),848,yerlesimler_ek4.js,68,data/yerlesimler_ek4.js:68,bolge,33.05,40.28,Levant-Irak-Arabistan,,,hayir,EVET
815,Widyân (el-Widyân),849,yerlesimler_ek4.js,82,data/yerlesimler_ek4.js:82,bolge,31.2,41.5,Levant-Irak-Arabistan,,,hayir,EVET
816,Nuhayb (Nukhayb),850,yerlesimler_ek4.js,85,data/yerlesimler_ek4.js:85,bolge,32.04,42.25,Levant-Irak-Arabistan,,,hayir,EVET
817,Zaporojye Seçi,851,yerlesimler_ek4.js,137,data/yerlesimler_ek4.js:137,kale,47.75,34.8,Rusya,,1281-01-01,hayir,
818,Sloboda bozkırı,852,yerlesimler_ek4.js,195,data/yerlesimler_ek4.js:195,bolge,49.2,37.2,Rusya,,1281-01-01,hayir,
819,Gyula (Göle),853,yerlesimler_ek5.js,80,data/yerlesimler_ek5.js:80,kale,46.65,21.277,Avrupa-Balkan,,1281-01-01,hayir,
820,Çerkask (Razdory),854,yerlesimler_ek6.js,71,data/yerlesimler_ek6.js:71,kale,47.24,40.05,Rusya,,1281-01-01,hayir,
821,Don bozkırı (Sal),855,yerlesimler_ek6.js,76,data/yerlesimler_ek6.js:76,bolge,47.0,42.3,Rusya,,1281-01-01,hayir,
822,Donets bozkırı,856,yerlesimler_ek6.js,85,data/yerlesimler_ek6.js:85,bolge,48.8,39.0,Rusya,,1281-01-01,hayir,
823,Demenhûr (Damanhur),857,yerlesimler_afrika.js,81,data/yerlesimler_afrika.js:81,sehir,31.034,30.47,KuzeyAfrika-Misir,,1281-01-01,hayir,
824,Dessûk,858,yerlesimler_afrika.js,86,data/yerlesimler_afrika.js:86,sehir,31.135,30.647,KuzeyAfrika-Misir,,1281-01-01,hayir,
825,Kafrüşşeyh,859,yerlesimler_afrika.js,91,data/yerlesimler_afrika.js:91,sehir,31.112,30.94,KuzeyAfrika-Misir,,1281-01-01,hayir,
826,Bürüllüs (Baltîm),860,yerlesimler_afrika.js,98,data/yerlesimler_afrika.js:98,liman,31.556,31.09,KuzeyAfrika-Misir,,1281-01-01,hayir,
827,Tanta,861,yerlesimler_afrika.js,103,data/yerlesimler_afrika.js:103,sehir,30.786,31.001,KuzeyAfrika-Misir,,1281-01-01,hayir,
828,Mahalletülkübrâ,862,yerlesimler_afrika.js,109,data/yerlesimler_afrika.js:109,sehir,30.97,31.168,KuzeyAfrika-Misir,,1281-01-01,hayir,
829,Şibînülkûm (Menûfiye),863,yerlesimler_afrika.js,115,data/yerlesimler_afrika.js:115,sehir,30.552,31.011,KuzeyAfrika-Misir,,1281-01-01,hayir,
830,Benhâ (Kalyûbiye),864,yerlesimler_afrika.js,121,data/yerlesimler_afrika.js:121,sehir,30.466,31.184,KuzeyAfrika-Misir,,1281-01-01,hayir,
831,Mansûre,865,yerlesimler_afrika.js,127,data/yerlesimler_afrika.js:127,sehir,31.038,31.38,KuzeyAfrika-Misir,,1281-01-01,hayir,
832,Mît Gamr,866,yerlesimler_afrika.js,132,data/yerlesimler_afrika.js:132,sehir,30.718,31.259,KuzeyAfrika-Misir,,1281-01-01,hayir,
833,Menzile,867,yerlesimler_afrika.js,137,data/yerlesimler_afrika.js:137,sehir,31.157,31.937,KuzeyAfrika-Misir,,1281-01-01,hayir,
834,Bilbîs (Şarkiye),868,yerlesimler_afrika.js,144,data/yerlesimler_afrika.js:144,sehir,30.417,31.567,KuzeyAfrika-Misir,,1281-01-01,hayir,
835,Fâkûs,869,yerlesimler_afrika.js,149,data/yerlesimler_afrika.js:149,sehir,30.729,31.797,KuzeyAfrika-Misir,,1281-01-01,hayir,
836,Sâlihiyye,870,yerlesimler_afrika.js,155,data/yerlesimler_afrika.js:155,kale,30.793,31.986,KuzeyAfrika-Misir,,1281-01-01,hayir,
837,Ebûkîr,871,yerlesimler_afrika.js,161,data/yerlesimler_afrika.js:161,kale,31.317,30.062,KuzeyAfrika-Misir,,1281-01-01,hayir,
838,Katye,874,yerlesimler_afrika.js,181,data/yerlesimler_afrika.js:181,kale,30.94,32.633,Levant-Irak-Arabistan,,1281-01-01,hayir,
839,El-Arîş,875,yerlesimler_afrika.js,186,data/yerlesimler_afrika.js:186,kale,31.132,33.798,Levant-Irak-Arabistan,,1281-01-01,hayir,
840,Mersâ Matruh,876,yerlesimler_afrika.js,193,data/yerlesimler_afrika.js:193,liman,31.353,27.237,KuzeyAfrika-Misir,,1281-01-01,hayir,
841,Sellûm,877,yerlesimler_afrika.js,199,data/yerlesimler_afrika.js:199,liman,31.545,25.17,KuzeyAfrika-Misir,,1281-01-01,hayir,
842,Atfîh,878,yerlesimler_afrika.js,211,data/yerlesimler_afrika.js:211,sehir,29.408,31.257,KuzeyAfrika-Misir,,1281-01-01,hayir,
843,Benî Süveyf,879,yerlesimler_afrika.js,216,data/yerlesimler_afrika.js:216,sehir,29.074,31.098,KuzeyAfrika-Misir,,1281-01-01,hayir,
844,Feyyûm,880,yerlesimler_afrika.js,223,data/yerlesimler_afrika.js:223,sehir,29.309,30.842,KuzeyAfrika-Misir,,1281-01-01,hayir,
845,Behnesâ,881,yerlesimler_afrika.js,228,data/yerlesimler_afrika.js:228,sehir,28.535,30.65,KuzeyAfrika-Misir,,1281-01-01,hayir,
846,Minye,882,yerlesimler_afrika.js,233,data/yerlesimler_afrika.js:233,sehir,28.109,30.75,KuzeyAfrika-Misir,,1281-01-01,hayir,
847,Mellevî,883,yerlesimler_afrika.js,238,data/yerlesimler_afrika.js:238,sehir,27.732,30.841,KuzeyAfrika-Misir,,1281-01-01,hayir,
848,Deyrût,884,yerlesimler_afrika.js,243,data/yerlesimler_afrika.js:243,sehir,27.554,30.809,KuzeyAfrika-Misir,,1281-01-01,hayir,
849,Tahtâ,885,yerlesimler_afrika.js,248,data/yerlesimler_afrika.js:248,sehir,26.768,31.502,KuzeyAfrika-Misir,,1281-01-01,hayir,
850,Ahmîm,886,yerlesimler_afrika.js,253,data/yerlesimler_afrika.js:253,sehir,26.564,31.745,KuzeyAfrika-Misir,,1281-01-01,hayir,
851,Cirge (Girga),887,yerlesimler_afrika.js,259,data/yerlesimler_afrika.js:259,sehir,26.34,31.891,KuzeyAfrika-Misir,,1281-01-01,hayir,
852,Ferşût,888,yerlesimler_afrika.js,264,data/yerlesimler_afrika.js:264,sehir,26.052,32.158,KuzeyAfrika-Misir,,1281-01-01,hayir,
853,Kına,889,yerlesimler_afrika.js,270,data/yerlesimler_afrika.js:270,sehir,26.164,32.716,Levant-Irak-Arabistan,,1281-01-01,hayir,
854,Kûs,890,yerlesimler_afrika.js,275,data/yerlesimler_afrika.js:275,sehir,25.915,32.76,Levant-Irak-Arabistan,,1281-01-01,hayir,
855,Uksur (Luksor),891,yerlesimler_afrika.js,280,data/yerlesimler_afrika.js:280,sehir,25.687,32.64,Levant-Irak-Arabistan,,1281-01-01,hayir,
856,Esna,892,yerlesimler_afrika.js,285,data/yerlesimler_afrika.js:285,sehir,25.293,32.554,Levant-Irak-Arabistan,,1281-01-01,hayir,
857,Edfû,893,yerlesimler_afrika.js,290,data/yerlesimler_afrika.js:290,sehir,24.978,32.874,Levant-Irak-Arabistan,,1281-01-01,hayir,
858,Kûm Ombo,894,yerlesimler_afrika.js,295,data/yerlesimler_afrika.js:295,sehir,24.476,32.943,Levant-Irak-Arabistan,,1281-01-01,hayir,
859,Kusayr,895,yerlesimler_afrika.js,308,data/yerlesimler_afrika.js:308,liman,26.104,34.283,Levant-Irak-Arabistan,,1281-01-01,hayir,
860,Sefâce,896,yerlesimler_afrika.js,313,data/yerlesimler_afrika.js:313,liman,26.733,33.933,Levant-Irak-Arabistan,,1281-01-01,hayir,
861,Ebû Ramâd (Şalâtîn),897,yerlesimler_afrika.js,319,data/yerlesimler_afrika.js:319,liman,23.133,35.6,Levant-Irak-Arabistan,,1281-01-01,hayir,
862,Tûr (Sînâ),898,yerlesimler_afrika.js,327,data/yerlesimler_afrika.js:327,liman,28.241,33.623,Levant-Irak-Arabistan,,1281-01-01,hayir,
863,Vâdî Halfâ,899,yerlesimler_afrika.js,335,data/yerlesimler_afrika.js:335,kale,21.802,31.352,KuzeyAfrika-Misir,,1281-01-01,hayir,
864,Benzert (Bizerte),900,yerlesimler_afrika.js,349,data/yerlesimler_afrika.js:349,liman,37.276,9.858,KuzeyAfrika-Misir,,1281-01-01,hayir,
865,Halkulvâdî,901,yerlesimler_afrika.js,354,data/yerlesimler_afrika.js:354,kale,36.823,10.295,KuzeyAfrika-Misir,,1281-01-01,hayir,
866,Mâtir (Mateur),902,yerlesimler_afrika.js,358,data/yerlesimler_afrika.js:358,sehir,37.04,9.664,KuzeyAfrika-Misir,,1281-01-01,hayir,
867,Tabarka,903,yerlesimler_afrika.js,365,data/yerlesimler_afrika.js:365,kale,36.954,8.758,KuzeyAfrika-Misir,,1281-01-01,hayir,
868,Bâce (Béja),904,yerlesimler_afrika.js,369,data/yerlesimler_afrika.js:369,sehir,36.733,9.183,KuzeyAfrika-Misir,,1281-01-01,hayir,
869,Cendûbe,905,yerlesimler_afrika.js,373,data/yerlesimler_afrika.js:373,sehir,36.501,8.78,KuzeyAfrika-Misir,,1281-01-01,hayir,
870,Kef,906,yerlesimler_afrika.js,378,data/yerlesimler_afrika.js:378,kale,36.174,8.705,KuzeyAfrika-Misir,,1281-01-01,hayir,
871,Nâbil (Nabeul),907,yerlesimler_afrika.js,382,data/yerlesimler_afrika.js:382,sehir,36.451,10.735,KuzeyAfrika-Misir,,1281-01-01,hayir,
872,Kelîbiye,908,yerlesimler_afrika.js,387,data/yerlesimler_afrika.js:387,kale,36.849,11.094,KuzeyAfrika-Misir,,1281-01-01,hayir,
873,Zağvân,909,yerlesimler_afrika.js,391,data/yerlesimler_afrika.js:391,sehir,36.402,10.143,KuzeyAfrika-Misir,,1281-01-01,hayir,
874,Sûse,910,yerlesimler_afrika.js,395,data/yerlesimler_afrika.js:395,liman,35.826,10.638,KuzeyAfrika-Misir,,1281-01-01,hayir,
875,Munastır,911,yerlesimler_afrika.js,399,data/yerlesimler_afrika.js:399,kale,35.778,10.826,KuzeyAfrika-Misir,,1281-01-01,hayir,
876,Mehdiye,912,yerlesimler_afrika.js,403,data/yerlesimler_afrika.js:403,liman,35.505,11.062,KuzeyAfrika-Misir,,1281-01-01,hayir,
877,Kasrayn,913,yerlesimler_afrika.js,407,data/yerlesimler_afrika.js:407,sehir,35.167,8.836,KuzeyAfrika-Misir,,1281-01-01,hayir,
878,Kafsa,914,yerlesimler_afrika.js,411,data/yerlesimler_afrika.js:411,sehir,34.425,8.784,KuzeyAfrika-Misir,,1281-01-01,hayir,
879,Tozer,915,yerlesimler_afrika.js,417,data/yerlesimler_afrika.js:417,sehir,33.92,8.134,KuzeyAfrika-Misir,,1281-01-01,hayir,
880,Nefta,916,yerlesimler_afrika.js,421,data/yerlesimler_afrika.js:421,sehir,33.873,7.878,KuzeyAfrika-Misir,,1281-01-01,hayir,
881,Medenîn,917,yerlesimler_afrika.js,425,data/yerlesimler_afrika.js:425,sehir,33.354,10.505,KuzeyAfrika-Misir,,1281-01-01,hayir,
882,Tatavin,918,yerlesimler_afrika.js,429,data/yerlesimler_afrika.js:429,sehir,32.93,10.451,KuzeyAfrika-Misir,,1281-01-01,hayir,
883,Cerciş (Zarzis),919,yerlesimler_afrika.js,433,data/yerlesimler_afrika.js:433,liman,33.504,11.112,KuzeyAfrika-Misir,,1281-01-01,hayir,
884,Bin Gerdân,920,yerlesimler_afrika.js,438,data/yerlesimler_afrika.js:438,sehir,33.138,11.22,KuzeyAfrika-Misir,,1281-01-01,hayir,
885,Zâviye,921,yerlesimler_afrika.js,451,data/yerlesimler_afrika.js:451,sehir,32.757,12.728,KuzeyAfrika-Misir,,1281-01-01,hayir,
886,Zuvâre,922,yerlesimler_afrika.js,455,data/yerlesimler_afrika.js:455,liman,32.931,12.082,KuzeyAfrika-Misir,,1281-01-01,hayir,
887,Nâlût,923,yerlesimler_afrika.js,460,data/yerlesimler_afrika.js:460,sehir,31.868,10.983,KuzeyAfrika-Misir,,1281-01-01,hayir,
888,Yefren,924,yerlesimler_afrika.js,464,data/yerlesimler_afrika.js:464,sehir,32.063,12.529,KuzeyAfrika-Misir,,1281-01-01,hayir,
889,Garyân,925,yerlesimler_afrika.js,468,data/yerlesimler_afrika.js:468,sehir,32.172,13.02,KuzeyAfrika-Misir,,1281-01-01,hayir,
890,Mızde,926,yerlesimler_afrika.js,473,data/yerlesimler_afrika.js:473,sehir,31.45,12.983,KuzeyAfrika-Misir,,1281-01-01,hayir,
891,Hums (Lebde),927,yerlesimler_afrika.js,477,data/yerlesimler_afrika.js:477,liman,32.649,14.262,KuzeyAfrika-Misir,,1281-01-01,hayir,
892,Zilten,928,yerlesimler_afrika.js,481,data/yerlesimler_afrika.js:481,sehir,32.467,14.568,KuzeyAfrika-Misir,,1281-01-01,hayir,
893,Benî Velîd,929,yerlesimler_afrika.js,485,data/yerlesimler_afrika.js:485,sehir,31.746,13.983,KuzeyAfrika-Misir,,1281-01-01,hayir,
894,Sirte,930,yerlesimler_afrika.js,490,data/yerlesimler_afrika.js:490,liman,31.205,16.589,KuzeyAfrika-Misir,,1281-01-01,hayir,
895,Ecdâbiye,931,yerlesimler_afrika.js,510,data/yerlesimler_afrika.js:510,sehir,30.755,20.225,KuzeyAfrika-Misir,,1551-08-15,hayir,
896,Merc,932,yerlesimler_afrika.js,516,data/yerlesimler_afrika.js:516,sehir,32.492,20.833,KuzeyAfrika-Misir,,1551-08-15,hayir,
897,Beyzâ (Kirene),933,yerlesimler_afrika.js,521,data/yerlesimler_afrika.js:521,sehir,32.827,21.858,KuzeyAfrika-Misir,,1551-08-15,hayir,
898,Tobruk,934,yerlesimler_afrika.js,538,data/yerlesimler_afrika.js:538,liman,32.077,23.971,KuzeyAfrika-Misir,,1556-01-01,hayir,
899,Blida,935,yerlesimler_afrika.js,557,data/yerlesimler_afrika.js:557,sehir,36.47,2.829,KuzeyAfrika-Misir,,1281-01-01,hayir,
900,Miliana,936,yerlesimler_afrika.js,561,data/yerlesimler_afrika.js:561,sehir,36.305,2.229,KuzeyAfrika-Misir,,1281-01-01,hayir,
901,Dellîs,937,yerlesimler_afrika.js,565,data/yerlesimler_afrika.js:565,liman,36.908,3.914,KuzeyAfrika-Misir,,1281-01-01,hayir,
902,Tenes,938,yerlesimler_afrika.js,570,data/yerlesimler_afrika.js:570,liman,36.507,1.307,KuzeyAfrika-Misir,,1281-01-01,hayir,
903,Şelif,939,yerlesimler_afrika.js,575,data/yerlesimler_afrika.js:575,sehir,36.165,1.334,KuzeyAfrika-Misir,,1281-01-01,hayir,
904,Mustagānim,940,yerlesimler_afrika.js,580,data/yerlesimler_afrika.js:580,liman,35.931,0.089,KuzeyAfrika-Misir,,1281-01-01,hayir,
905,Muaskar,941,yerlesimler_afrika.js,586,data/yerlesimler_afrika.js:586,sehir,35.396,0.14,KuzeyAfrika-Misir,,1281-01-01,hayir,
906,Sîdî Bel Abbès,942,yerlesimler_afrika.js,590,data/yerlesimler_afrika.js:590,sehir,35.194,-0.641,KuzeyAfrika-Misir,,1281-01-01,hayir,
907,Ayn Temûşent,943,yerlesimler_afrika.js,594,data/yerlesimler_afrika.js:594,sehir,35.298,-1.14,KuzeyAfrika-Misir,,1281-01-01,hayir,
908,Nedrûme,944,yerlesimler_afrika.js,600,data/yerlesimler_afrika.js:600,sehir,35.01,-1.747,KuzeyAfrika-Misir,,1281-01-01,hayir,
909,Cicel,945,yerlesimler_afrika.js,605,data/yerlesimler_afrika.js:605,liman,36.821,5.766,KuzeyAfrika-Misir,,1281-01-01,hayir,
910,Kolo,946,yerlesimler_afrika.js,609,data/yerlesimler_afrika.js:609,liman,37.0,6.564,KuzeyAfrika-Misir,,1281-01-01,hayir,
911,Sikikde,947,yerlesimler_afrika.js,613,data/yerlesimler_afrika.js:613,liman,36.876,6.909,KuzeyAfrika-Misir,,1281-01-01,hayir,
912,Mîle,948,yerlesimler_afrika.js,617,data/yerlesimler_afrika.js:617,sehir,36.45,6.264,KuzeyAfrika-Misir,,1281-01-01,hayir,
913,Kalme (Guelma),949,yerlesimler_afrika.js,621,data/yerlesimler_afrika.js:621,sehir,36.462,7.426,KuzeyAfrika-Misir,,1281-01-01,hayir,
914,Sûk Ahrâs,950,yerlesimler_afrika.js,625,data/yerlesimler_afrika.js:625,sehir,36.286,7.951,KuzeyAfrika-Misir,,1281-01-01,hayir,
915,Tebesse,951,yerlesimler_afrika.js,629,data/yerlesimler_afrika.js:629,sehir,35.404,8.124,KuzeyAfrika-Misir,,1281-01-01,hayir,
916,Batna,952,yerlesimler_afrika.js,633,data/yerlesimler_afrika.js:633,sehir,35.556,6.178,KuzeyAfrika-Misir,,1281-01-01,hayir,
917,Berc Bû Areric,953,yerlesimler_afrika.js,637,data/yerlesimler_afrika.js:637,sehir,36.073,4.761,KuzeyAfrika-Misir,,1281-01-01,hayir,
918,Mesîle,954,yerlesimler_afrika.js,641,data/yerlesimler_afrika.js:641,sehir,35.705,4.542,KuzeyAfrika-Misir,,1281-01-01,hayir,
919,Bû Sa'âde,955,yerlesimler_afrika.js,645,data/yerlesimler_afrika.js:645,sehir,35.212,4.177,KuzeyAfrika-Misir,,1281-01-01,hayir,
920,Ağvât,956,yerlesimler_afrika.js,652,data/yerlesimler_afrika.js:652,sehir,33.8,2.865,KuzeyAfrika-Misir,,1281-01-01,hayir,
921,Gardâye,957,yerlesimler_afrika.js,656,data/yerlesimler_afrika.js:656,sehir,32.49,3.673,KuzeyAfrika-Misir,,1281-01-01,hayir,
922,Arkîko,958,yerlesimler_afrika.js,672,data/yerlesimler_afrika.js:672,liman,15.548,39.449,Levant-Irak-Arabistan,,1281-01-01,hayir,
923,Halâib,959,yerlesimler_afrika.js,678,data/yerlesimler_afrika.js:678,liman,22.219,36.647,Levant-Irak-Arabistan,,1281-01-01,hayir,
924,Akīk,960,yerlesimler_afrika.js,682,data/yerlesimler_afrika.js:682,liman,18.23,38.2,Levant-Irak-Arabistan,,1281-01-01,hayir,
925,Tokar,961,yerlesimler_afrika.js,688,data/yerlesimler_afrika.js:688,sehir,18.427,37.729,Levant-Irak-Arabistan,,1281-01-01,hayir,
926,Sinkat,962,yerlesimler_afrika.js,692,data/yerlesimler_afrika.js:692,sehir,18.833,36.833,Levant-Irak-Arabistan,,1281-01-01,hayir,
927,Aksum,963,yerlesimler_afrika.js,707,data/yerlesimler_afrika.js:707,sehir,14.128,38.723,Levant-Irak-Arabistan,,1281-01-01,hayir,
928,Adua,964,yerlesimler_afrika.js,710,data/yerlesimler_afrika.js:710,sehir,14.17,38.898,Levant-Irak-Arabistan,,1281-01-01,hayir,
929,Şire,965,yerlesimler_afrika.js,713,data/yerlesimler_afrika.js:713,sehir,14.103,38.283,Levant-Irak-Arabistan,,1281-01-01,hayir,
930,Adigrat,966,yerlesimler_afrika.js,716,data/yerlesimler_afrika.js:716,sehir,14.277,39.462,Levant-Irak-Arabistan,,1281-01-01,hayir,
931,Mekelle,967,yerlesimler_afrika.js,719,data/yerlesimler_afrika.js:719,sehir,13.497,39.475,Levant-Irak-Arabistan,,1281-01-01,hayir,
932,Kerene,968,yerlesimler_afrika.js,724,data/yerlesimler_afrika.js:724,sehir,15.778,38.451,Levant-Irak-Arabistan,,1281-01-01,hayir,
933,Lalibela,969,yerlesimler_afrika.js,728,data/yerlesimler_afrika.js:728,sehir,12.032,39.047,Levant-Irak-Arabistan,,1281-01-01,hayir,
934,Sokota,970,yerlesimler_afrika.js,731,data/yerlesimler_afrika.js:731,sehir,12.628,39.033,Levant-Irak-Arabistan,,1281-01-01,hayir,
935,Debre Tabor,971,yerlesimler_afrika.js,735,data/yerlesimler_afrika.js:735,sehir,11.855,38.017,AltSahra-Afrika,,1281-01-01,hayir,
936,Bahır Dar,972,yerlesimler_afrika.js,738,data/yerlesimler_afrika.js:738,sehir,11.56,37.4,AltSahra-Afrika,,1281-01-01,hayir,
937,Metemma,973,yerlesimler_afrika.js,742,data/yerlesimler_afrika.js:742,kale,12.968,36.155,Levant-Irak-Arabistan,,1281-01-01,hayir,
938,Dese,974,yerlesimler_afrika.js,745,data/yerlesimler_afrika.js:745,sehir,11.133,39.633,AltSahra-Afrika,,1281-01-01,hayir,
939,Debre Berhan,975,yerlesimler_afrika.js,748,data/yerlesimler_afrika.js:748,sehir,9.68,39.532,AltSahra-Afrika,,1281-01-01,hayir,
940,Ankober,976,yerlesimler_afrika.js,752,data/yerlesimler_afrika.js:752,sehir,9.583,39.733,AltSahra-Afrika,,1281-01-01,hayir,
941,Cîcîga,977,yerlesimler_afrika.js,756,data/yerlesimler_afrika.js:756,sehir,9.35,42.8,AltSahra-Afrika,,1281-01-01,hayir,
942,Aseb,978,yerlesimler_afrika.js,762,data/yerlesimler_afrika.js:762,liman,13.009,42.735,Levant-Irak-Arabistan,,1281-01-01,hayir,
943,Tacûra,979,yerlesimler_afrika.js,767,data/yerlesimler_afrika.js:767,liman,11.788,42.882,AltSahra-Afrika,,1281-01-01,hayir,
944,Merka,980,yerlesimler_afrika.js,781,data/yerlesimler_afrika.js:781,liman,1.716,44.772,AltSahra-Afrika,,1281-01-01,hayir,
945,Beledveyne,981,yerlesimler_afrika.js,784,data/yerlesimler_afrika.js:784,sehir,4.735,45.204,AltSahra-Afrika,,1281-01-01,hayir,
946,Baydoa,982,yerlesimler_afrika.js,787,data/yerlesimler_afrika.js:787,sehir,3.114,43.649,AltSahra-Afrika,,1281-01-01,hayir,
947,Obbiya,983,yerlesimler_afrika.js,814,data/yerlesimler_afrika.js:814,liman,5.351,48.527,AltSahra-Afrika,,1281-01-01,hayir,
948,Galkayo,984,yerlesimler_afrika.js,817,data/yerlesimler_afrika.js:817,sehir,6.77,47.431,AltSahra-Afrika,,1281-01-01,hayir,
949,Garove,985,yerlesimler_afrika.js,820,data/yerlesimler_afrika.js:820,sehir,8.406,48.483,AltSahra-Afrika,,1281-01-01,hayir,
950,Ayl,986,yerlesimler_afrika.js,823,data/yerlesimler_afrika.js:823,liman,7.98,49.816,AltSahra-Afrika,,1281-01-01,hayir,
951,Bender Kāsım (Bosaso),987,yerlesimler_afrika.js,827,data/yerlesimler_afrika.js:827,liman,11.284,49.183,AltSahra-Afrika,,1281-01-01,hayir,
952,Alula,988,yerlesimler_afrika.js,830,data/yerlesimler_afrika.js:830,liman,11.968,50.75,AltSahra-Afrika,,1281-01-01,hayir,
953,Hafun,989,yerlesimler_afrika.js,833,data/yerlesimler_afrika.js:833,liman,10.437,51.259,AltSahra-Afrika,,1281-01-01,hayir,
954,Bulhar,990,yerlesimler_afrika.js,838,data/yerlesimler_afrika.js:838,liman,10.401,44.458,AltSahra-Afrika,,1281-01-01,hayir,
955,Hargeysa,991,yerlesimler_afrika.js,841,data/yerlesimler_afrika.js:841,sehir,9.56,44.065,AltSahra-Afrika,,1281-01-01,hayir,
956,Burao,992,yerlesimler_afrika.js,844,data/yerlesimler_afrika.js:844,sehir,9.522,45.534,AltSahra-Afrika,,1281-01-01,hayir,
957,Lasanod,993,yerlesimler_afrika.js,847,data/yerlesimler_afrika.js:847,sehir,8.477,47.361,AltSahra-Afrika,,1281-01-01,hayir,
958,Erigavo,994,yerlesimler_afrika.js,850,data/yerlesimler_afrika.js:850,sehir,10.616,47.368,AltSahra-Afrika,,1281-01-01,hayir,
959,Kerma,995,yerlesimler_afrika.js,866,data/yerlesimler_afrika.js:866,sehir,19.6,30.41,KuzeyAfrika-Misir,,1281-01-01,hayir,
960,Debbe,996,yerlesimler_afrika.js,870,data/yerlesimler_afrika.js:870,sehir,18.056,30.951,KuzeyAfrika-Misir,,1281-01-01,hayir,
961,Merevî,997,yerlesimler_afrika.js,875,data/yerlesimler_afrika.js:875,sehir,18.55,31.85,KuzeyAfrika-Misir,,1281-01-01,hayir,
962,Ebû Hamed,998,yerlesimler_afrika.js,879,data/yerlesimler_afrika.js:879,sehir,19.535,33.319,Levant-Irak-Arabistan,,1281-01-01,hayir,
963,Berber,999,yerlesimler_afrika.js,884,data/yerlesimler_afrika.js:884,sehir,18.017,33.983,Levant-Irak-Arabistan,,1281-01-01,hayir,
964,Şendî,1000,yerlesimler_afrika.js,889,data/yerlesimler_afrika.js:889,sehir,16.691,33.433,Levant-Irak-Arabistan,,1281-01-01,hayir,
965,Vad Medenî,1001,yerlesimler_afrika.js,893,data/yerlesimler_afrika.js:893,sehir,14.401,33.519,Levant-Irak-Arabistan,,1281-01-01,hayir,
966,Ed-Düveym,1002,yerlesimler_afrika.js,897,data/yerlesimler_afrika.js:897,sehir,13.995,32.334,KuzeyAfrika-Misir,,1281-01-01,hayir,
967,Kosti,1003,yerlesimler_afrika.js,901,data/yerlesimler_afrika.js:901,sehir,13.17,32.663,Levant-Irak-Arabistan,,1281-01-01,hayir,
968,Kadârif,1004,yerlesimler_afrika.js,905,data/yerlesimler_afrika.js:905,sehir,14.036,35.383,Levant-Irak-Arabistan,,1281-01-01,hayir,
969,Rusayris,1005,yerlesimler_afrika.js,910,data/yerlesimler_afrika.js:910,sehir,11.861,34.386,AltSahra-Afrika,,1281-01-01,hayir,
970,Fâzûğlî,1006,yerlesimler_afrika.js,914,data/yerlesimler_afrika.js:914,sehir,11.267,34.783,AltSahra-Afrika,,1281-01-01,hayir,
971,Bâra,1007,yerlesimler_afrika.js,919,data/yerlesimler_afrika.js:919,sehir,13.7,30.367,KuzeyAfrika-Misir,,1281-01-01,hayir,
972,Nühûd,1008,yerlesimler_afrika.js,926,data/yerlesimler_afrika.js:926,sehir,12.7,28.433,KuzeyAfrika-Misir,,1281-01-01,hayir,
973,Ğadâmis,1010,yerlesimler_afrika.js,953,data/yerlesimler_afrika.js:953,sehir,30.133,9.5,KuzeyAfrika-Misir,,1281-01-01,hayir,
974,Gât,1011,yerlesimler_afrika.js,959,data/yerlesimler_afrika.js:959,sehir,24.964,10.18,KuzeyAfrika-Misir,,1281-01-01,hayir,
975,El-Fâşir,1013,yerlesimler_afrika.js,988,data/yerlesimler_afrika.js:988,sehir,13.63,25.349,KuzeyAfrika-Misir,,1281-01-01,hayir,
976,Nyala,1014,yerlesimler_afrika.js,992,data/yerlesimler_afrika.js:992,sehir,12.048,24.882,KuzeyAfrika-Misir,,1281-01-01,hayir,
977,Cenîne,1015,yerlesimler_afrika.js,997,data/yerlesimler_afrika.js:997,sehir,13.452,22.445,KuzeyAfrika-Misir,,1281-01-01,hayir,
978,Bonga (Kaffa),1016,yerlesimler_afrika.js,1021,data/yerlesimler_afrika.js:1021,sehir,7.283,36.233,AltSahra-Afrika,,1281-01-01,hayir,
979,Cimma (Jiren),1017,yerlesimler_afrika.js,1024,data/yerlesimler_afrika.js:1024,sehir,7.673,36.834,AltSahra-Afrika,,1281-01-01,hayir,
980,Sodo (Vollayta),1018,yerlesimler_afrika.js,1027,data/yerlesimler_afrika.js:1027,sehir,6.86,37.762,AltSahra-Afrika,,1281-01-01,hayir,
981,Yirgalem (Sidamo),1019,yerlesimler_afrika.js,1030,data/yerlesimler_afrika.js:1030,sehir,6.75,38.41,AltSahra-Afrika,,1281-01-01,hayir,
982,Hârice (Vâhât),1020,yerlesimler_afrika.js,1091,data/yerlesimler_afrika.js:1091,bolge,25.44,30.546,KuzeyAfrika-Misir,,1281-01-01,hayir,
983,Dâhile,1021,yerlesimler_afrika.js,1095,data/yerlesimler_afrika.js:1095,bolge,25.494,28.976,KuzeyAfrika-Misir,,1281-01-01,hayir,
984,Ferâfire,1022,yerlesimler_afrika.js,1099,data/yerlesimler_afrika.js:1099,bolge,27.058,27.97,KuzeyAfrika-Misir,,1281-01-01,hayir,
985,Bahriye (Bâvîtî),1023,yerlesimler_afrika.js,1103,data/yerlesimler_afrika.js:1103,bolge,28.349,28.864,KuzeyAfrika-Misir,,1281-01-01,hayir,
986,Sokna,1024,yerlesimler_afrika.js,1141,data/yerlesimler_afrika.js:1141,bolge,29.07,15.792,KuzeyAfrika-Misir,,1281-01-01,hayir,
987,Câlû,1025,yerlesimler_afrika.js,1146,data/yerlesimler_afrika.js:1146,bolge,29.033,21.548,KuzeyAfrika-Misir,,1281-01-01,hayir,
988,Serîr,1026,yerlesimler_afrika.js,1158,data/yerlesimler_afrika.js:1158,bolge,27.5,22.0,KuzeyAfrika-Misir,,,hayir,EVET
989,Tâzirbû,1027,yerlesimler_afrika.js,1160,data/yerlesimler_afrika.js:1160,bolge,25.712,21.061,KuzeyAfrika-Misir,,,hayir,EVET
990,Rebyâne,1028,yerlesimler_afrika.js,1162,data/yerlesimler_afrika.js:1162,bolge,24.2,21.5,KuzeyAfrika-Misir,,,hayir,EVET
991,Vâv el-Kebîr,1029,yerlesimler_afrika.js,1164,data/yerlesimler_afrika.js:1164,bolge,25.363,17.221,KuzeyAfrika-Misir,,,hayir,EVET
992,İdehân Murzuk,1030,yerlesimler_afrika.js,1166,data/yerlesimler_afrika.js:1166,bolge,26.2,12.4,KuzeyAfrika-Misir,,,hayir,EVET
993,Kufra (el-Cûf),1031,yerlesimler_afrika.js,1168,data/yerlesimler_afrika.js:1168,bolge,24.209,23.3,KuzeyAfrika-Misir,,,hayir,EVET
994,İdehân Ubârî,1032,yerlesimler_afrika.js,1212,data/yerlesimler_afrika.js:1212,bolge,25.9,11.3,KuzeyAfrika-Misir,,,hayir,EVET
995,Ramletü Murzuk,1033,yerlesimler_afrika.js,1214,data/yerlesimler_afrika.js:1214,bolge,24.6,12.1,KuzeyAfrika-Misir,,,hayir,EVET
996,Vâdî Tanezzûft,1034,yerlesimler_afrika.js,1216,data/yerlesimler_afrika.js:1216,bolge,22.4,11.3,KuzeyAfrika-Misir,,,hayir,EVET
997,Serîr Kalanşû,1035,yerlesimler_afrika.js,1218,data/yerlesimler_afrika.js:1218,bolge,28.2,21.7,KuzeyAfrika-Misir,,,hayir,EVET
998,Ramletü Zellâf,1036,yerlesimler_afrika.js,1220,data/yerlesimler_afrika.js:1220,bolge,25.6,15.6,KuzeyAfrika-Misir,,,hayir,EVET
999,Ma'tan es-Sarra,1037,yerlesimler_afrika.js,1222,data/yerlesimler_afrika.js:1222,bolge,21.7,21.85,KuzeyAfrika-Misir,,,hayir,EVET
1000,Tâsîlî n'Accer,1038,yerlesimler_afrika.js,1229,data/yerlesimler_afrika.js:1229,bolge,25.3,9.2,KuzeyAfrika-Misir,,,hayir,EVET
1001,Sebha,1039,yerlesimler_afrika.js,1241,data/yerlesimler_afrika.js:1241,sehir,27.038,14.428,KuzeyAfrika-Misir,,1281-01-01,hayir,
1002,Ubârî,1040,yerlesimler_afrika.js,1246,data/yerlesimler_afrika.js:1246,sehir,26.59,12.777,KuzeyAfrika-Misir,,1281-01-01,hayir,
1003,Kassa (Košice),1041,yerlesimler_ek.js,111,data/yerlesimler_ek.js:111,sehir,48.714,21.258,Avrupa-Balkan,,1281-01-01,hayir,
1004,Eperjes (Prešov),1042,yerlesimler_ek.js,119,data/yerlesimler_ek.js:119,sehir,48.999,21.236,Avrupa-Balkan,,1281-01-01,hayir,
1005,Tokaj,1043,yerlesimler_ek.js,126,data/yerlesimler_ek.js:126,kale,48.117,21.409,Avrupa-Balkan,,1281-01-01,hayir,
1006,Sopron,1044,yerlesimler_ek.js,132,data/yerlesimler_ek.js:132,sehir,47.685,16.59,Avrupa-Balkan,,1281-01-01,hayir,
1007,Zadar (Zara),1045,yerlesimler_ek.js,150,data/yerlesimler_ek.js:150,liman,44.124,15.232,Avrupa-Balkan,,1281-01-01,hayir,
1008,Şibenik (Sebenico),1046,yerlesimler_ek.js,157,data/yerlesimler_ek.js:157,liman,43.734,15.894,Avrupa-Balkan,,1281-01-01,hayir,
1009,Split (Spalato),1047,yerlesimler_ek.js,166,data/yerlesimler_ek.js:166,liman,43.511,16.439,Avrupa-Balkan,,1281-01-01,hayir,
1010,Kotor (Cattaro),1048,yerlesimler_ek.js,179,data/yerlesimler_ek.js:179,liman,42.421,18.768,Avrupa-Balkan,,1281-01-01,hayir,
1011,Knin,1049,yerlesimler_ek.js,204,data/yerlesimler_ek.js:204,kale,44.041,16.197,Avrupa-Balkan,,1281-01-01,hayir,
1012,Sin (Sinj),1050,yerlesimler_ek.js,213,data/yerlesimler_ek.js:213,kale,43.704,16.639,Avrupa-Balkan,,1281-01-01,hayir,
1013,Klis,1051,yerlesimler_ek.js,226,data/yerlesimler_ek.js:226,kale,43.559,16.519,Avrupa-Balkan,,1281-01-01,hayir,
1014,Vrana (Urana),1053,yerlesimler_ek.js,308,data/yerlesimler_ek.js:308,kale,43.956,15.562,Avrupa-Balkan,,1281-01-01,hayir,
1015,Nadin,1054,yerlesimler_ek.js,317,data/yerlesimler_ek.js:317,kale,44.074,15.498,Avrupa-Balkan,,1281-01-01,hayir,
1016,Bihaç (Bihać),1055,yerlesimler_ek.js,379,data/yerlesimler_ek.js:379,kale,44.817,15.871,Avrupa-Balkan,,1281-01-01,hayir,
1017,Kızılarvat,1056,yerlesimler_ortaasya2.js,162,data/yerlesimler_ortaasya2.js:162,sehir,38.9833,56.2833,Iran-Irak-Korfez,,1281-01-01,hayir,
1018,Aral kuzeyi,1058,yerlesimler_ortaasya2.js,192,data/yerlesimler_ortaasya2.js:192,bolge,47.2,61.5,OrtaAsya,,1281-01-01,hayir,
1019,Üstyurt kuzeyi,1059,yerlesimler_ortaasya2.js,205,data/yerlesimler_ortaasya2.js:205,bolge,45.6,56.5,Rusya,,1281-01-01,hayir,
1020,Emba (Cem),1060,yerlesimler_ortaasya2.js,213,data/yerlesimler_ortaasya2.js:213,bolge,47.5,57.5,Rusya,,1281-01-01,hayir,
1021,York,1063,yerlesimler_avrupa.js,70,data/yerlesimler_avrupa.js:70,sehir,53.959,-1.081,Avrupa-Balkan,,1281-01-01,hayir,
1022,Norwich,1064,yerlesimler_avrupa.js,71,data/yerlesimler_avrupa.js:71,sehir,52.628,1.297,Avrupa-Balkan,,1281-01-01,hayir,
1023,Bristol,1065,yerlesimler_avrupa.js,72,data/yerlesimler_avrupa.js:72,liman,51.454,-2.588,Avrupa-Balkan,,1281-01-01,hayir,
1024,Exeter,1066,yerlesimler_avrupa.js,73,data/yerlesimler_avrupa.js:73,sehir,50.718,-3.534,Avrupa-Balkan,,1281-01-01,hayir,
1025,Plymouth,1067,yerlesimler_avrupa.js,74,data/yerlesimler_avrupa.js:74,liman,50.376,-4.143,Avrupa-Balkan,,1281-01-01,hayir,
1026,Southampton,1068,yerlesimler_avrupa.js,75,data/yerlesimler_avrupa.js:75,liman,50.91,-1.404,Avrupa-Balkan,,1281-01-01,hayir,
1027,Dover,1069,yerlesimler_avrupa.js,76,data/yerlesimler_avrupa.js:76,liman,51.128,1.313,Avrupa-Balkan,,1281-01-01,hayir,
1028,Newcastle,1070,yerlesimler_avrupa.js,77,data/yerlesimler_avrupa.js:77,liman,54.978,-1.617,Avrupa-Balkan,,1281-01-01,hayir,
1029,Carlisle,1071,yerlesimler_avrupa.js,78,data/yerlesimler_avrupa.js:78,sehir,54.893,-2.933,Avrupa-Balkan,,1281-01-01,hayir,
1030,Lincoln,1072,yerlesimler_avrupa.js,79,data/yerlesimler_avrupa.js:79,sehir,53.234,-0.539,Avrupa-Balkan,,1281-01-01,hayir,
1031,Nottingham,1073,yerlesimler_avrupa.js,80,data/yerlesimler_avrupa.js:80,sehir,52.951,-1.15,Avrupa-Balkan,,1281-01-01,hayir,
1032,Oxford,1074,yerlesimler_avrupa.js,81,data/yerlesimler_avrupa.js:81,sehir,51.752,-1.258,Avrupa-Balkan,,1281-01-01,hayir,
1033,Cambridge,1075,yerlesimler_avrupa.js,82,data/yerlesimler_avrupa.js:82,sehir,52.205,0.119,Avrupa-Balkan,,1281-01-01,hayir,
1034,Manchester,1076,yerlesimler_avrupa.js,83,data/yerlesimler_avrupa.js:83,sehir,53.483,-2.244,Avrupa-Balkan,,1281-01-01,hayir,
1035,Liverpool,1077,yerlesimler_avrupa.js,84,data/yerlesimler_avrupa.js:84,liman,53.408,-2.992,Avrupa-Balkan,,1281-01-01,hayir,
1036,Birmingham,1078,yerlesimler_avrupa.js,85,data/yerlesimler_avrupa.js:85,sehir,52.48,-1.903,Avrupa-Balkan,,1281-01-01,hayir,
1037,Hull,1079,yerlesimler_avrupa.js,86,data/yerlesimler_avrupa.js:86,liman,53.745,-0.336,Avrupa-Balkan,,1281-01-01,hayir,
1038,Shrewsbury,1080,yerlesimler_avrupa.js,87,data/yerlesimler_avrupa.js:87,sehir,52.708,-2.754,Avrupa-Balkan,,1281-01-01,hayir,
1039,Penzance,1081,yerlesimler_avrupa.js,89,data/yerlesimler_avrupa.js:89,liman,50.119,-5.537,Avrupa-Balkan,,1281-01-01,hayir,
1040,Cardiff,1082,yerlesimler_avrupa.js,92,data/yerlesimler_avrupa.js:92,liman,51.482,-3.179,Avrupa-Balkan,,1281-01-01,hayir,
1041,Caernarfon,1083,yerlesimler_avrupa.js,93,data/yerlesimler_avrupa.js:93,kale,53.14,-4.271,Avrupa-Balkan,,1281-01-01,hayir,
1042,Douglas (Man),1084,yerlesimler_avrupa.js,95,data/yerlesimler_avrupa.js:95,liman,54.15,-4.482,Avrupa-Balkan,,1281-01-01,hayir,
1043,Glasgow,1085,yerlesimler_avrupa.js,98,data/yerlesimler_avrupa.js:98,sehir,55.861,-4.25,Avrupa-Balkan,,1281-01-01,hayir,
1044,Aberdeen,1086,yerlesimler_avrupa.js,99,data/yerlesimler_avrupa.js:99,liman,57.15,-2.094,Avrupa-Balkan,,1281-01-01,hayir,
1045,Inverness,1087,yerlesimler_avrupa.js,100,data/yerlesimler_avrupa.js:100,sehir,57.478,-4.225,Avrupa-Balkan,,1281-01-01,hayir,
1046,Perth (İskoçya),1088,yerlesimler_avrupa.js,101,data/yerlesimler_avrupa.js:101,sehir,56.396,-3.437,Avrupa-Balkan,,1281-01-01,hayir,
1047,Dumfries,1089,yerlesimler_avrupa.js,102,data/yerlesimler_avrupa.js:102,sehir,55.07,-3.603,Avrupa-Balkan,,1281-01-01,hayir,
1048,Wick,1090,yerlesimler_avrupa.js,103,data/yerlesimler_avrupa.js:103,liman,58.439,-3.093,Avrupa-Balkan,,1281-01-01,hayir,
1049,Stornoway,1091,yerlesimler_avrupa.js,105,data/yerlesimler_avrupa.js:105,liman,58.2111,-6.387,Avrupa-Balkan,,1281-01-01,hayir,
1050,Kirkwall (Orkney),1092,yerlesimler_avrupa.js,107,data/yerlesimler_avrupa.js:107,liman,58.981,-2.96,Avrupa-Balkan,,1281-01-01,hayir,
1051,Lerwick (Shetland),1093,yerlesimler_avrupa.js,108,data/yerlesimler_avrupa.js:108,liman,60.153,-1.145,Avrupa-Balkan,,1281-01-01,hayir,
1052,Cork,1094,yerlesimler_avrupa.js,113,data/yerlesimler_avrupa.js:113,liman,51.898,-8.471,Avrupa-Balkan,,1281-01-01,hayir,
1053,Waterford,1095,yerlesimler_avrupa.js,114,data/yerlesimler_avrupa.js:114,liman,52.259,-7.11,Avrupa-Balkan,,1281-01-01,hayir,
1054,Limerick,1096,yerlesimler_avrupa.js,115,data/yerlesimler_avrupa.js:115,sehir,52.664,-8.623,Avrupa-Balkan,,1281-01-01,hayir,
1055,Galway,1097,yerlesimler_avrupa.js,116,data/yerlesimler_avrupa.js:116,liman,53.272,-9.049,Avrupa-Balkan,,1281-01-01,hayir,
1056,Kilkenny,1098,yerlesimler_avrupa.js,117,data/yerlesimler_avrupa.js:117,sehir,52.654,-7.244,Avrupa-Balkan,,1281-01-01,hayir,
1057,Wexford,1099,yerlesimler_avrupa.js,118,data/yerlesimler_avrupa.js:118,liman,52.336,-6.463,Avrupa-Balkan,,1281-01-01,hayir,
1058,Sligo,1100,yerlesimler_avrupa.js,119,data/yerlesimler_avrupa.js:119,liman,54.27,-8.472,Avrupa-Balkan,,1281-01-01,hayir,
1059,Athlone,1101,yerlesimler_avrupa.js,120,data/yerlesimler_avrupa.js:120,sehir,53.424,-7.941,Avrupa-Balkan,,1281-01-01,hayir,
1060,Donegal,1102,yerlesimler_avrupa.js,121,data/yerlesimler_avrupa.js:121,sehir,54.654,-8.11,Avrupa-Balkan,,1281-01-01,hayir,
1061,Tralee,1103,yerlesimler_avrupa.js,122,data/yerlesimler_avrupa.js:122,sehir,52.271,-9.7,Avrupa-Balkan,,1281-01-01,hayir,
1062,Belfast,1104,yerlesimler_avrupa.js,124,data/yerlesimler_avrupa.js:124,liman,54.597,-5.93,Avrupa-Balkan,,1281-01-01,hayir,
1063,Derry,1105,yerlesimler_avrupa.js,125,data/yerlesimler_avrupa.js:125,liman,54.997,-7.309,Avrupa-Balkan,,1281-01-01,hayir,
1064,Rennes,1106,yerlesimler_avrupa.js,129,data/yerlesimler_avrupa.js:129,sehir,48.114,-1.68,Avrupa-Balkan,,1281-01-01,hayir,
1065,Nantes,1107,yerlesimler_avrupa.js,130,data/yerlesimler_avrupa.js:130,liman,47.218,-1.554,Avrupa-Balkan,,1281-01-01,hayir,
1066,Brest,1108,yerlesimler_avrupa.js,131,data/yerlesimler_avrupa.js:131,liman,48.39,-4.486,Avrupa-Balkan,,1281-01-01,hayir,
1067,Quimper,1109,yerlesimler_avrupa.js,132,data/yerlesimler_avrupa.js:132,sehir,47.996,-4.102,Avrupa-Balkan,,1281-01-01,hayir,
1068,Vannes,1110,yerlesimler_avrupa.js,133,data/yerlesimler_avrupa.js:133,liman,47.658,-2.76,Avrupa-Balkan,,1281-01-01,hayir,
1069,Saint-Malo,1111,yerlesimler_avrupa.js,134,data/yerlesimler_avrupa.js:134,liman,48.6479,-2.0242,Avrupa-Balkan,,1281-01-01,hayir,
1070,Rouen,1112,yerlesimler_avrupa.js,137,data/yerlesimler_avrupa.js:137,sehir,49.443,1.099,Avrupa-Balkan,,1281-01-01,hayir,
1071,Caen,1113,yerlesimler_avrupa.js,138,data/yerlesimler_avrupa.js:138,sehir,49.183,-0.37,Avrupa-Balkan,,1281-01-01,hayir,
1072,Cherbourg,1114,yerlesimler_avrupa.js,139,data/yerlesimler_avrupa.js:139,liman,49.64,-1.616,Avrupa-Balkan,,1281-01-01,hayir,
1073,Calais,1116,yerlesimler_avrupa.js,143,data/yerlesimler_avrupa.js:143,liman,50.951,1.858,Avrupa-Balkan,,1281-01-01,hayir,
1074,Amiens,1117,yerlesimler_avrupa.js,145,data/yerlesimler_avrupa.js:145,sehir,49.895,2.302,Avrupa-Balkan,,1281-01-01,hayir,
1075,Arras,1118,yerlesimler_avrupa.js,147,data/yerlesimler_avrupa.js:147,sehir,50.291,2.777,Avrupa-Balkan,,1281-01-01,hayir,
1076,Lille,1119,yerlesimler_avrupa.js,149,data/yerlesimler_avrupa.js:149,sehir,50.633,3.059,Avrupa-Balkan,,1281-01-01,hayir,
1077,Reims,1120,yerlesimler_avrupa.js,154,data/yerlesimler_avrupa.js:154,sehir,49.258,4.031,Avrupa-Balkan,,1281-01-01,hayir,
1078,Troyes,1121,yerlesimler_avrupa.js,155,data/yerlesimler_avrupa.js:155,sehir,48.297,4.074,Avrupa-Balkan,,1281-01-01,hayir,
1079,Orléans,1122,yerlesimler_avrupa.js,156,data/yerlesimler_avrupa.js:156,sehir,47.902,1.909,Avrupa-Balkan,,1281-01-01,hayir,
1080,Tours,1123,yerlesimler_avrupa.js,157,data/yerlesimler_avrupa.js:157,sehir,47.394,0.685,Avrupa-Balkan,,1281-01-01,hayir,
1081,Bourges,1124,yerlesimler_avrupa.js,158,data/yerlesimler_avrupa.js:158,sehir,47.081,2.399,Avrupa-Balkan,,1281-01-01,hayir,
1082,Angers,1125,yerlesimler_avrupa.js,159,data/yerlesimler_avrupa.js:159,sehir,47.474,-0.554,Avrupa-Balkan,,1281-01-01,hayir,
1083,Le Mans,1126,yerlesimler_avrupa.js,160,data/yerlesimler_avrupa.js:160,sehir,48.006,0.199,Avrupa-Balkan,,1281-01-01,hayir,
1084,Poitiers,1127,yerlesimler_avrupa.js,161,data/yerlesimler_avrupa.js:161,sehir,46.58,0.34,Avrupa-Balkan,,1281-01-01,hayir,
1085,Clermont-Ferrand,1128,yerlesimler_avrupa.js,162,data/yerlesimler_avrupa.js:162,sehir,45.777,3.087,Avrupa-Balkan,,1281-01-01,hayir,
1086,Périgueux,1129,yerlesimler_avrupa.js,163,data/yerlesimler_avrupa.js:163,sehir,45.184,0.721,Avrupa-Balkan,,1281-01-01,hayir,
1087,Cahors,1130,yerlesimler_avrupa.js,164,data/yerlesimler_avrupa.js:164,sehir,44.448,1.441,Avrupa-Balkan,,1281-01-01,hayir,
1088,Toulouse,1131,yerlesimler_avrupa.js,165,data/yerlesimler_avrupa.js:165,sehir,43.604,1.444,Avrupa-Balkan,,1281-01-01,hayir,
1089,La Rochelle,1132,yerlesimler_avrupa.js,167,data/yerlesimler_avrupa.js:167,liman,46.16,-1.152,Avrupa-Balkan,,1281-01-01,hayir,
1090,Limoges,1133,yerlesimler_avrupa.js,168,data/yerlesimler_avrupa.js:168,sehir,45.834,1.262,Avrupa-Balkan,,1281-01-01,hayir,
1091,Bayonne,1134,yerlesimler_avrupa.js,170,data/yerlesimler_avrupa.js:170,liman,43.493,-1.475,Avrupa-Balkan,,1281-01-01,hayir,
1092,Pau,1135,yerlesimler_avrupa.js,172,data/yerlesimler_avrupa.js:172,sehir,43.296,-0.37,Avrupa-Balkan,,1281-01-01,hayir,
1093,Dijon,1136,yerlesimler_avrupa.js,175,data/yerlesimler_avrupa.js:175,sehir,47.322,5.041,Avrupa-Balkan,,1281-01-01,hayir,
1094,Besançon,1137,yerlesimler_avrupa.js,177,data/yerlesimler_avrupa.js:177,sehir,47.238,6.024,Avrupa-Balkan,,1281-01-01,hayir,
1095,Metz,1138,yerlesimler_avrupa.js,179,data/yerlesimler_avrupa.js:179,sehir,49.12,6.176,Avrupa-Balkan,,1281-01-01,hayir,
1096,Nancy,1139,yerlesimler_avrupa.js,181,data/yerlesimler_avrupa.js:181,sehir,48.692,6.184,Avrupa-Balkan,,1281-01-01,hayir,
1097,Strazburg,1140,yerlesimler_avrupa.js,182,data/yerlesimler_avrupa.js:182,sehir,48.573,7.752,Avrupa-Balkan,,1281-01-01,hayir,
1098,Colmar,1141,yerlesimler_avrupa.js,183,data/yerlesimler_avrupa.js:183,sehir,48.079,7.358,Avrupa-Balkan,,1281-01-01,hayir,
1099,Mulhouse,1142,yerlesimler_avrupa.js,185,data/yerlesimler_avrupa.js:185,sehir,47.75,7.34,Avrupa-Balkan,,1281-01-01,hayir,
1100,Aix-en-Provence,1143,yerlesimler_avrupa.js,190,data/yerlesimler_avrupa.js:190,sehir,43.53,5.447,Avrupa-Balkan,,1281-01-01,hayir,
1101,Toulon,1144,yerlesimler_avrupa.js,191,data/yerlesimler_avrupa.js:191,liman,43.1222,5.9384,Avrupa-Balkan,,1281-01-01,hayir,
1102,Grenoble,1145,yerlesimler_avrupa.js,192,data/yerlesimler_avrupa.js:192,sehir,45.188,5.724,Avrupa-Balkan,,1281-01-01,hayir,
1103,Avignon,1146,yerlesimler_avrupa.js,194,data/yerlesimler_avrupa.js:194,sehir,43.949,4.806,Avrupa-Balkan,,1281-01-01,hayir,
1104,Nice,1147,yerlesimler_avrupa.js,197,data/yerlesimler_avrupa.js:197,liman,43.71,7.262,Avrupa-Balkan,,1281-01-01,hayir,
1105,Chambéry,1148,yerlesimler_avrupa.js,198,data/yerlesimler_avrupa.js:198,sehir,45.564,5.918,Avrupa-Balkan,,1281-01-01,hayir,
1106,Montpellier,1149,yerlesimler_avrupa.js,200,data/yerlesimler_avrupa.js:200,sehir,43.611,3.877,Avrupa-Balkan,,1281-01-01,hayir,
1107,Narbonne,1150,yerlesimler_avrupa.js,201,data/yerlesimler_avrupa.js:201,sehir,43.184,3.003,Avrupa-Balkan,,1281-01-01,hayir,
1108,Perpignan,1151,yerlesimler_avrupa.js,203,data/yerlesimler_avrupa.js:203,sehir,42.699,2.895,Avrupa-Balkan,,1281-01-01,hayir,
1109,Toledo,1152,yerlesimler_avrupa.js,206,data/yerlesimler_avrupa.js:206,sehir,39.863,-4.028,Avrupa-Balkan,,1281-01-01,hayir,
1110,Valladolid,1153,yerlesimler_avrupa.js,207,data/yerlesimler_avrupa.js:207,sehir,41.652,-4.724,Avrupa-Balkan,,1281-01-01,hayir,
1111,Burgos,1154,yerlesimler_avrupa.js,208,data/yerlesimler_avrupa.js:208,sehir,42.344,-3.697,Avrupa-Balkan,,1281-01-01,hayir,
1112,Salamanca,1155,yerlesimler_avrupa.js,209,data/yerlesimler_avrupa.js:209,sehir,40.965,-5.664,Avrupa-Balkan,,1281-01-01,hayir,
1113,León,1156,yerlesimler_avrupa.js,210,data/yerlesimler_avrupa.js:210,sehir,42.599,-5.567,Avrupa-Balkan,,1281-01-01,hayir,
1114,Oviedo,1157,yerlesimler_avrupa.js,211,data/yerlesimler_avrupa.js:211,sehir,43.362,-5.849,Avrupa-Balkan,,1281-01-01,hayir,
1115,Santander,1158,yerlesimler_avrupa.js,212,data/yerlesimler_avrupa.js:212,liman,43.4667,-3.8115,Avrupa-Balkan,,1281-01-01,hayir,
1116,Bilbao,1159,yerlesimler_avrupa.js,213,data/yerlesimler_avrupa.js:213,liman,43.263,-2.935,Avrupa-Balkan,,1281-01-01,hayir,
1117,San Sebastián,1160,yerlesimler_avrupa.js,214,data/yerlesimler_avrupa.js:214,liman,43.318,-1.981,Avrupa-Balkan,,1281-01-01,hayir,
1118,Cuenca,1161,yerlesimler_avrupa.js,215,data/yerlesimler_avrupa.js:215,sehir,40.071,-2.134,Avrupa-Balkan,,1281-01-01,hayir,
1119,Badajoz,1162,yerlesimler_avrupa.js,216,data/yerlesimler_avrupa.js:216,sehir,38.879,-6.97,Avrupa-Balkan,,1281-01-01,hayir,
1120,Kurtuba (Córdoba),1163,yerlesimler_avrupa.js,217,data/yerlesimler_avrupa.js:217,sehir,37.888,-4.779,Avrupa-Balkan,,1281-01-01,hayir,
1121,Jaén,1164,yerlesimler_avrupa.js,218,data/yerlesimler_avrupa.js:218,sehir,37.779,-3.79,Avrupa-Balkan,,1281-01-01,hayir,
1122,Murcia,1165,yerlesimler_avrupa.js,219,data/yerlesimler_avrupa.js:219,sehir,37.984,-1.129,Avrupa-Balkan,,1281-01-01,hayir,
1123,Cartagena,1166,yerlesimler_avrupa.js,220,data/yerlesimler_avrupa.js:220,liman,37.606,-0.986,Avrupa-Balkan,,1281-01-01,hayir,
1124,Cádiz,1167,yerlesimler_avrupa.js,221,data/yerlesimler_avrupa.js:221,liman,36.527,-6.289,KuzeyAfrika-Misir,,1281-01-01,hayir,
1125,A Coruña,1168,yerlesimler_avrupa.js,222,data/yerlesimler_avrupa.js:222,liman,43.371,-8.396,Avrupa-Balkan,,1281-01-01,hayir,
1126,Santiago de Compostela,1169,yerlesimler_avrupa.js,223,data/yerlesimler_avrupa.js:223,sehir,42.878,-8.545,Avrupa-Balkan,,1281-01-01,hayir,
1127,Vigo,1170,yerlesimler_avrupa.js,224,data/yerlesimler_avrupa.js:224,liman,42.24,-8.72,Avrupa-Balkan,,1281-01-01,hayir,
1128,Málaga,1171,yerlesimler_avrupa.js,227,data/yerlesimler_avrupa.js:227,liman,36.721,-4.421,KuzeyAfrika-Misir,,1281-01-01,hayir,
1129,Ronda,1172,yerlesimler_avrupa.js,228,data/yerlesimler_avrupa.js:228,sehir,36.742,-5.167,KuzeyAfrika-Misir,,1281-01-01,hayir,
1130,Almería,1173,yerlesimler_avrupa.js,229,data/yerlesimler_avrupa.js:229,liman,36.834,-2.464,KuzeyAfrika-Misir,,1281-01-01,hayir,
1131,Cebelitarık (Gibraltar),1174,yerlesimler_avrupa.js,231,data/yerlesimler_avrupa.js:231,kale,36.14,-5.353,KuzeyAfrika-Misir,,1281-01-01,hayir,
1132,Zaragoza,1175,yerlesimler_avrupa.js,234,data/yerlesimler_avrupa.js:234,sehir,41.649,-0.888,Avrupa-Balkan,,1281-01-01,hayir,
1133,Teruel,1176,yerlesimler_avrupa.js,235,data/yerlesimler_avrupa.js:235,sehir,40.344,-1.106,Avrupa-Balkan,,1281-01-01,hayir,
1134,Tarragona,1177,yerlesimler_avrupa.js,236,data/yerlesimler_avrupa.js:236,liman,41.119,1.245,Avrupa-Balkan,,1281-01-01,hayir,
1135,Lleida,1178,yerlesimler_avrupa.js,237,data/yerlesimler_avrupa.js:237,sehir,41.617,0.62,Avrupa-Balkan,,1281-01-01,hayir,
1136,Girona,1179,yerlesimler_avrupa.js,238,data/yerlesimler_avrupa.js:238,sehir,41.983,2.824,Avrupa-Balkan,,1281-01-01,hayir,
1137,Alicante,1180,yerlesimler_avrupa.js,241,data/yerlesimler_avrupa.js:241,liman,38.345,-0.481,Avrupa-Balkan,,1281-01-01,hayir,
1138,Motril,1181,yerlesimler_avrupa.js,251,data/yerlesimler_avrupa.js:251,liman,36.745,-3.52,KuzeyAfrika-Misir,,1281-01-01,hayir,
1139,Mojácar,1182,yerlesimler_avrupa.js,254,data/yerlesimler_avrupa.js:254,sehir,37.139,-1.851,KuzeyAfrika-Misir,,1281-01-01,hayir,
1140,Dénia,1183,yerlesimler_avrupa.js,255,data/yerlesimler_avrupa.js:255,liman,38.841,0.107,Avrupa-Balkan,,1281-01-01,hayir,
1141,Castellón,1184,yerlesimler_avrupa.js,256,data/yerlesimler_avrupa.js:256,sehir,39.986,-0.037,Avrupa-Balkan,,1281-01-01,hayir,
1142,Tortosa,1185,yerlesimler_avrupa.js,257,data/yerlesimler_avrupa.js:257,sehir,40.812,0.521,Avrupa-Balkan,,1281-01-01,hayir,
1143,Huelva,1186,yerlesimler_avrupa.js,262,data/yerlesimler_avrupa.js:262,liman,37.261,-6.944,KuzeyAfrika-Misir,,1281-01-01,hayir,
1144,Lagos (Algarve),1187,yerlesimler_avrupa.js,263,data/yerlesimler_avrupa.js:263,liman,37.102,-8.674,KuzeyAfrika-Misir,,1281-01-01,hayir,
1145,Setúbal,1188,yerlesimler_avrupa.js,264,data/yerlesimler_avrupa.js:264,liman,38.524,-8.893,Avrupa-Balkan,,1281-01-01,hayir,
1146,Aveiro,1189,yerlesimler_avrupa.js,265,data/yerlesimler_avrupa.js:265,liman,40.641,-8.654,Avrupa-Balkan,,1281-01-01,hayir,
1147,Pamplona,1190,yerlesimler_avrupa.js,268,data/yerlesimler_avrupa.js:268,sehir,42.813,-1.646,Avrupa-Balkan,,1281-01-01,hayir,
1148,Coimbra,1191,yerlesimler_avrupa.js,273,data/yerlesimler_avrupa.js:273,sehir,40.203,-8.41,Avrupa-Balkan,,1281-01-01,hayir,
1149,Braga,1192,yerlesimler_avrupa.js,274,data/yerlesimler_avrupa.js:274,sehir,41.545,-8.427,Avrupa-Balkan,,1281-01-01,hayir,
1150,Évora,1193,yerlesimler_avrupa.js,275,data/yerlesimler_avrupa.js:275,sehir,38.571,-7.907,Avrupa-Balkan,,1281-01-01,hayir,
1151,Faro,1194,yerlesimler_avrupa.js,276,data/yerlesimler_avrupa.js:276,liman,37.019,-7.93,KuzeyAfrika-Misir,,1281-01-01,hayir,
1152,Bragança,1195,yerlesimler_avrupa.js,277,data/yerlesimler_avrupa.js:277,sehir,41.806,-6.757,Avrupa-Balkan,,1281-01-01,hayir,
1153,Ribe,1196,yerlesimler_avrupa.js,280,data/yerlesimler_avrupa.js:280,sehir,55.328,8.766,Avrupa-Balkan,,1281-01-01,hayir,
1154,Viborg (Jutland),1197,yerlesimler_avrupa.js,281,data/yerlesimler_avrupa.js:281,sehir,56.451,9.402,Avrupa-Balkan,,1281-01-01,hayir,
1155,Aarhus,1198,yerlesimler_avrupa.js,282,data/yerlesimler_avrupa.js:282,liman,56.157,10.21,Avrupa-Balkan,,1281-01-01,hayir,
1156,Aalborg,1199,yerlesimler_avrupa.js,283,data/yerlesimler_avrupa.js:283,liman,57.048,9.919,Avrupa-Balkan,,1281-01-01,hayir,
1157,Odense,1200,yerlesimler_avrupa.js,284,data/yerlesimler_avrupa.js:284,sehir,55.396,10.389,Avrupa-Balkan,,1281-01-01,hayir,
1158,Kolding,1201,yerlesimler_avrupa.js,285,data/yerlesimler_avrupa.js:285,sehir,55.491,9.472,Avrupa-Balkan,,1281-01-01,hayir,
1159,Nykøbing (Falster),1202,yerlesimler_avrupa.js,286,data/yerlesimler_avrupa.js:286,liman,54.766,11.876,Avrupa-Balkan,,1281-01-01,hayir,
1160,Rønne (Bornholm),1203,yerlesimler_avrupa.js,287,data/yerlesimler_avrupa.js:287,liman,55.1,14.702,Avrupa-Balkan,,1281-01-01,hayir,
1161,Flensburg,1204,yerlesimler_avrupa.js,290,data/yerlesimler_avrupa.js:290,liman,54.783,9.436,Avrupa-Balkan,,1281-01-01,hayir,
1162,Aabenraa,1205,yerlesimler_avrupa.js,291,data/yerlesimler_avrupa.js:291,liman,55.044,9.417,Avrupa-Balkan,,1281-01-01,hayir,
1163,Uppsala,1206,yerlesimler_avrupa.js,294,data/yerlesimler_avrupa.js:294,sehir,59.858,17.639,Avrupa-Balkan,,1281-01-01,hayir,
1164,Örebro,1207,yerlesimler_avrupa.js,295,data/yerlesimler_avrupa.js:295,sehir,59.274,15.207,Avrupa-Balkan,,1281-01-01,hayir,
1165,Linköping,1208,yerlesimler_avrupa.js,296,data/yerlesimler_avrupa.js:296,sehir,58.41,15.621,Avrupa-Balkan,,1281-01-01,hayir,
1166,Kalmar,1209,yerlesimler_avrupa.js,297,data/yerlesimler_avrupa.js:297,liman,56.661,16.362,Avrupa-Balkan,,1281-01-01,hayir,
1167,Jönköping,1210,yerlesimler_avrupa.js,298,data/yerlesimler_avrupa.js:298,sehir,57.782,14.161,Avrupa-Balkan,,1281-01-01,hayir,
1168,Karlstad,1211,yerlesimler_avrupa.js,299,data/yerlesimler_avrupa.js:299,sehir,59.379,13.504,Avrupa-Balkan,,1281-01-01,hayir,
1169,Gävle,1212,yerlesimler_avrupa.js,300,data/yerlesimler_avrupa.js:300,liman,60.675,17.142,Avrupa-Balkan,,1281-01-01,hayir,
1170,Falun,1213,yerlesimler_avrupa.js,301,data/yerlesimler_avrupa.js:301,sehir,60.606,15.626,Avrupa-Balkan,,1281-01-01,hayir,
1171,Göteborg,1214,yerlesimler_avrupa.js,306,data/yerlesimler_avrupa.js:306,liman,57.707,11.967,Avrupa-Balkan,,1281-01-01,hayir,
1172,Sundsvall,1215,yerlesimler_avrupa.js,308,data/yerlesimler_avrupa.js:308,liman,62.391,17.306,Avrupa-Balkan,,1281-01-01,hayir,
1173,Visby (Gotland),1216,yerlesimler_avrupa.js,310,data/yerlesimler_avrupa.js:310,liman,57.635,18.294,Avrupa-Balkan,,1281-01-01,hayir,
1174,Malmö,1217,yerlesimler_avrupa.js,312,data/yerlesimler_avrupa.js:312,liman,55.605,13.0,Avrupa-Balkan,,1281-01-01,hayir,
1175,Helsingborg,1218,yerlesimler_avrupa.js,313,data/yerlesimler_avrupa.js:313,liman,56.05,12.7005,Avrupa-Balkan,,1281-01-01,hayir,
1176,Halmstad,1219,yerlesimler_avrupa.js,314,data/yerlesimler_avrupa.js:314,liman,56.674,12.857,Avrupa-Balkan,,1281-01-01,hayir,
1177,Uddevalla,1220,yerlesimler_avrupa.js,316,data/yerlesimler_avrupa.js:316,liman,58.348,11.938,Avrupa-Balkan,,1281-01-01,hayir,
1178,Bergen,1221,yerlesimler_avrupa.js,319,data/yerlesimler_avrupa.js:319,liman,60.393,5.324,Avrupa-Balkan,,1281-01-01,hayir,
1179,Stavanger,1222,yerlesimler_avrupa.js,322,data/yerlesimler_avrupa.js:322,liman,58.94,5.68,Avrupa-Balkan,,1281-01-01,hayir,
1180,Tønsberg,1223,yerlesimler_avrupa.js,323,data/yerlesimler_avrupa.js:323,liman,59.268,10.407,Avrupa-Balkan,,1281-01-01,hayir,
1181,Trondheim,1225,yerlesimler_avrupa.js,327,data/yerlesimler_avrupa.js:327,liman,63.431,10.395,Avrupa-Balkan,,1281-01-01,hayir,
1182,Turku (Åbo),1226,yerlesimler_avrupa.js,330,data/yerlesimler_avrupa.js:330,liman,60.452,22.267,Avrupa-Balkan,,1281-01-01,hayir,
1183,Hämeenlinna,1227,yerlesimler_avrupa.js,332,data/yerlesimler_avrupa.js:332,kale,60.996,24.464,Avrupa-Balkan,,1281-01-01,hayir,
1184,Viipuri (Vyborg),1228,yerlesimler_avrupa.js,333,data/yerlesimler_avrupa.js:333,kale,60.713,28.733,Avrupa-Balkan,,1281-01-01,hayir,
1185,Rotterdam,1229,yerlesimler_avrupa.js,337,data/yerlesimler_avrupa.js:337,liman,51.924,4.478,Avrupa-Balkan,,1281-01-01,hayir,
1186,Utrecht,1230,yerlesimler_avrupa.js,338,data/yerlesimler_avrupa.js:338,sehir,52.091,5.121,Avrupa-Balkan,,1281-01-01,hayir,
1187,Groningen,1231,yerlesimler_avrupa.js,339,data/yerlesimler_avrupa.js:339,sehir,53.219,6.567,Avrupa-Balkan,,1281-01-01,hayir,
1188,Leeuwarden,1232,yerlesimler_avrupa.js,340,data/yerlesimler_avrupa.js:340,sehir,53.201,5.8,Avrupa-Balkan,,1281-01-01,hayir,
1189,Nijmegen,1233,yerlesimler_avrupa.js,341,data/yerlesimler_avrupa.js:341,sehir,51.843,5.852,Avrupa-Balkan,,1281-01-01,hayir,
1190,Middelburg,1234,yerlesimler_avrupa.js,342,data/yerlesimler_avrupa.js:342,liman,51.498,3.61,Avrupa-Balkan,,1281-01-01,hayir,
1191,Maastricht,1235,yerlesimler_avrupa.js,344,data/yerlesimler_avrupa.js:344,sehir,50.851,5.691,Avrupa-Balkan,,1281-01-01,hayir,
1192,Brüj (Brugge),1236,yerlesimler_avrupa.js,350,data/yerlesimler_avrupa.js:350,liman,51.209,3.225,Avrupa-Balkan,,1281-01-01,hayir,
1193,Gent,1237,yerlesimler_avrupa.js,351,data/yerlesimler_avrupa.js:351,sehir,51.054,3.717,Avrupa-Balkan,,1281-01-01,hayir,
1194,Ypres,1238,yerlesimler_avrupa.js,352,data/yerlesimler_avrupa.js:352,sehir,50.851,2.886,Avrupa-Balkan,,1281-01-01,hayir,
1195,Anvers (Antwerpen),1239,yerlesimler_avrupa.js,353,data/yerlesimler_avrupa.js:353,liman,51.22,4.4,Avrupa-Balkan,,1281-01-01,hayir,
1196,Brüksel,1240,yerlesimler_avrupa.js,354,data/yerlesimler_avrupa.js:354,sehir,50.847,4.352,Avrupa-Balkan,,1281-01-01,hayir,
1197,Namur,1241,yerlesimler_avrupa.js,355,data/yerlesimler_avrupa.js:355,sehir,50.467,4.867,Avrupa-Balkan,,1281-01-01,hayir,
1198,Mons,1242,yerlesimler_avrupa.js,356,data/yerlesimler_avrupa.js:356,sehir,50.454,3.952,Avrupa-Balkan,,1281-01-01,hayir,
1199,Tournai,1243,yerlesimler_avrupa.js,358,data/yerlesimler_avrupa.js:358,sehir,50.607,3.389,Avrupa-Balkan,,1281-01-01,hayir,
1200,Liège,1244,yerlesimler_avrupa.js,360,data/yerlesimler_avrupa.js:360,sehir,50.633,5.567,Avrupa-Balkan,,1281-01-01,hayir,
1201,Lüksemburg,1245,yerlesimler_avrupa.js,362,data/yerlesimler_avrupa.js:362,kale,49.611,6.132,Avrupa-Balkan,,1281-01-01,hayir,
1202,Bremen,1246,yerlesimler_avrupa.js,365,data/yerlesimler_avrupa.js:365,liman,53.076,8.807,Avrupa-Balkan,,1281-01-01,hayir,
1203,Lübeck,1247,yerlesimler_avrupa.js,366,data/yerlesimler_avrupa.js:366,liman,53.866,10.687,Avrupa-Balkan,,1281-01-01,hayir,
1204,Kiel,1248,yerlesimler_avrupa.js,368,data/yerlesimler_avrupa.js:368,liman,54.323,10.14,Avrupa-Balkan,,1281-01-01,hayir,
1205,Rostock,1249,yerlesimler_avrupa.js,369,data/yerlesimler_avrupa.js:369,liman,54.089,12.14,Avrupa-Balkan,,1281-01-01,hayir,
1206,Stettin (Szczecin),1250,yerlesimler_avrupa.js,372,data/yerlesimler_avrupa.js:372,liman,53.428,14.553,Avrupa-Balkan,,1281-01-01,hayir,
1207,Stralsund,1251,yerlesimler_avrupa.js,373,data/yerlesimler_avrupa.js:373,liman,54.309,13.082,Avrupa-Balkan,,1281-01-01,hayir,
1208,Hannover,1252,yerlesimler_avrupa.js,374,data/yerlesimler_avrupa.js:374,sehir,52.375,9.732,Avrupa-Balkan,,1281-01-01,hayir,
1209,Münster,1253,yerlesimler_avrupa.js,375,data/yerlesimler_avrupa.js:375,sehir,51.961,7.626,Avrupa-Balkan,,1281-01-01,hayir,
1210,Dortmund,1254,yerlesimler_avrupa.js,376,data/yerlesimler_avrupa.js:376,sehir,51.514,7.466,Avrupa-Balkan,,1281-01-01,hayir,
1211,Aachen,1255,yerlesimler_avrupa.js,377,data/yerlesimler_avrupa.js:377,sehir,50.776,6.084,Avrupa-Balkan,,1281-01-01,hayir,
1212,Saarbrücken,1256,yerlesimler_avrupa.js,378,data/yerlesimler_avrupa.js:378,sehir,49.233,6.997,Avrupa-Balkan,,1281-01-01,hayir,
1213,Trier,1257,yerlesimler_avrupa.js,379,data/yerlesimler_avrupa.js:379,sehir,49.75,6.637,Avrupa-Balkan,,1281-01-01,hayir,
1214,Mainz,1258,yerlesimler_avrupa.js,380,data/yerlesimler_avrupa.js:380,sehir,49.999,8.273,Avrupa-Balkan,,1281-01-01,hayir,
1215,Kassel,1259,yerlesimler_avrupa.js,381,data/yerlesimler_avrupa.js:381,sehir,51.313,9.492,Avrupa-Balkan,,1281-01-01,hayir,
1216,Magdeburg,1260,yerlesimler_avrupa.js,382,data/yerlesimler_avrupa.js:382,sehir,52.131,11.64,Avrupa-Balkan,,1281-01-01,hayir,
1217,Leipzig,1261,yerlesimler_avrupa.js,383,data/yerlesimler_avrupa.js:383,sehir,51.34,12.375,Avrupa-Balkan,,1281-01-01,hayir,
1218,Erfurt,1262,yerlesimler_avrupa.js,384,data/yerlesimler_avrupa.js:384,sehir,50.978,11.029,Avrupa-Balkan,,1281-01-01,hayir,
1219,Würzburg,1263,yerlesimler_avrupa.js,385,data/yerlesimler_avrupa.js:385,sehir,49.791,9.953,Avrupa-Balkan,,1281-01-01,hayir,
1220,Nürnberg,1264,yerlesimler_avrupa.js,386,data/yerlesimler_avrupa.js:386,sehir,49.454,11.077,Avrupa-Balkan,,1281-01-01,hayir,
1221,Regensburg,1265,yerlesimler_avrupa.js,387,data/yerlesimler_avrupa.js:387,sehir,49.019,12.097,Avrupa-Balkan,,1281-01-01,hayir,
1222,Augsburg,1266,yerlesimler_avrupa.js,388,data/yerlesimler_avrupa.js:388,sehir,48.371,10.898,Avrupa-Balkan,,1281-01-01,hayir,
1223,Ulm,1267,yerlesimler_avrupa.js,389,data/yerlesimler_avrupa.js:389,sehir,48.401,9.987,Avrupa-Balkan,,1281-01-01,hayir,
1224,Stuttgart,1268,yerlesimler_avrupa.js,390,data/yerlesimler_avrupa.js:390,sehir,48.776,9.183,Avrupa-Balkan,,1281-01-01,hayir,
1225,Freiburg,1269,yerlesimler_avrupa.js,391,data/yerlesimler_avrupa.js:391,sehir,47.999,7.842,Avrupa-Balkan,,1281-01-01,hayir,
1226,Konstanz,1270,yerlesimler_avrupa.js,392,data/yerlesimler_avrupa.js:392,sehir,47.66,9.175,Avrupa-Balkan,,1281-01-01,hayir,
1227,Luzern,1271,yerlesimler_avrupa.js,395,data/yerlesimler_avrupa.js:395,sehir,47.05,8.31,Avrupa-Balkan,,1281-01-01,hayir,
1228,Zürih,1272,yerlesimler_avrupa.js,396,data/yerlesimler_avrupa.js:396,sehir,47.377,8.541,Avrupa-Balkan,,1281-01-01,hayir,
1229,Bern,1273,yerlesimler_avrupa.js,397,data/yerlesimler_avrupa.js:397,sehir,46.948,7.447,Avrupa-Balkan,,1281-01-01,hayir,
1230,Basel,1274,yerlesimler_avrupa.js,398,data/yerlesimler_avrupa.js:398,sehir,47.559,7.588,Avrupa-Balkan,,1281-01-01,hayir,
1231,Cenevre,1275,yerlesimler_avrupa.js,400,data/yerlesimler_avrupa.js:400,sehir,46.204,6.143,Avrupa-Balkan,,1281-01-01,hayir,
1232,Lozan,1276,yerlesimler_avrupa.js,402,data/yerlesimler_avrupa.js:402,sehir,46.52,6.632,Avrupa-Balkan,,1281-01-01,hayir,
1233,Verona,1277,yerlesimler_avrupa.js,407,data/yerlesimler_avrupa.js:407,sehir,45.438,10.992,Avrupa-Balkan,,1281-01-01,hayir,
1234,Padova,1278,yerlesimler_avrupa.js,408,data/yerlesimler_avrupa.js:408,sehir,45.407,11.876,Avrupa-Balkan,,1281-01-01,hayir,
1235,Brescia,1279,yerlesimler_avrupa.js,409,data/yerlesimler_avrupa.js:409,sehir,45.539,10.221,Avrupa-Balkan,,1281-01-01,hayir,
1236,Bergamo,1280,yerlesimler_avrupa.js,410,data/yerlesimler_avrupa.js:410,sehir,45.698,9.677,Avrupa-Balkan,,1281-01-01,hayir,
1237,Udine,1281,yerlesimler_avrupa.js,412,data/yerlesimler_avrupa.js:412,sehir,46.065,13.235,Avrupa-Balkan,,1281-01-01,hayir,
1238,Trieste,1282,yerlesimler_avrupa.js,414,data/yerlesimler_avrupa.js:414,liman,45.65,13.77,Avrupa-Balkan,,1281-01-01,hayir,
1239,Trento,1283,yerlesimler_avrupa.js,416,data/yerlesimler_avrupa.js:416,sehir,46.067,11.121,Avrupa-Balkan,,1281-01-01,hayir,
1240,Mantova,1284,yerlesimler_avrupa.js,418,data/yerlesimler_avrupa.js:418,sehir,45.156,10.791,Avrupa-Balkan,,1281-01-01,hayir,
1241,Parma,1285,yerlesimler_avrupa.js,420,data/yerlesimler_avrupa.js:420,sehir,44.801,10.328,Avrupa-Balkan,,1281-01-01,hayir,
1242,Ferrara,1286,yerlesimler_avrupa.js,422,data/yerlesimler_avrupa.js:422,sehir,44.836,11.619,Avrupa-Balkan,,1281-01-01,hayir,
1243,Modena,1287,yerlesimler_avrupa.js,423,data/yerlesimler_avrupa.js:423,sehir,44.647,10.925,Avrupa-Balkan,,1281-01-01,hayir,
1244,Bolonya,1288,yerlesimler_avrupa.js,426,data/yerlesimler_avrupa.js:426,sehir,44.494,11.343,Avrupa-Balkan,,1281-01-01,hayir,
1245,Ravenna,1289,yerlesimler_avrupa.js,428,data/yerlesimler_avrupa.js:428,sehir,44.418,12.203,Avrupa-Balkan,,1281-01-01,hayir,
1246,Rimini,1290,yerlesimler_avrupa.js,429,data/yerlesimler_avrupa.js:429,liman,44.06,12.565,Avrupa-Balkan,,1281-01-01,hayir,
1247,Ancona,1291,yerlesimler_avrupa.js,430,data/yerlesimler_avrupa.js:430,liman,43.617,13.517,Avrupa-Balkan,,1281-01-01,hayir,
1248,Perugia,1292,yerlesimler_avrupa.js,431,data/yerlesimler_avrupa.js:431,sehir,43.111,12.389,Avrupa-Balkan,,1281-01-01,hayir,
1249,Siena,1293,yerlesimler_avrupa.js,433,data/yerlesimler_avrupa.js:433,sehir,43.319,11.331,Avrupa-Balkan,,1281-01-01,hayir,
1250,Pisa,1294,yerlesimler_avrupa.js,439,data/yerlesimler_avrupa.js:439,sehir,43.716,10.397,Avrupa-Balkan,,1281-01-01,hayir,
1251,L'Aquila,1295,yerlesimler_avrupa.js,442,data/yerlesimler_avrupa.js:442,sehir,42.35,13.399,Avrupa-Balkan,,1281-01-01,hayir,
1252,Bari,1296,yerlesimler_avrupa.js,443,data/yerlesimler_avrupa.js:443,liman,41.117,16.871,Avrupa-Balkan,,1281-01-01,hayir,
1253,Foggia,1297,yerlesimler_avrupa.js,444,data/yerlesimler_avrupa.js:444,sehir,41.462,15.544,Avrupa-Balkan,,1281-01-01,hayir,
1254,Cosenza,1298,yerlesimler_avrupa.js,445,data/yerlesimler_avrupa.js:445,sehir,39.298,16.253,Avrupa-Balkan,,1281-01-01,hayir,
1255,Reggio Calabria,1299,yerlesimler_avrupa.js,446,data/yerlesimler_avrupa.js:446,liman,38.111,15.647,Avrupa-Balkan,,1281-01-01,hayir,
1256,Katanya (Catania),1300,yerlesimler_avrupa.js,447,data/yerlesimler_avrupa.js:447,liman,37.502,15.087,Avrupa-Balkan,,1281-01-01,hayir,
1257,Delhi,1301,yerlesimler_asya.js,231,data/yerlesimler_asya.js:231,sehir,28.644,77.216,Hindistan,,1192-01-01,EVET,
1258,Mathura,1303,yerlesimler_asya.js,249,data/yerlesimler_asya.js:249,sehir,27.492,77.673,Hindistan,,1281-01-01,hayir,
1259,Mîrat (Meerut),1304,yerlesimler_asya.js,259,data/yerlesimler_asya.js:259,sehir,28.984,77.706,Hindistan,,1281-01-01,hayir,
1260,Pânipat,1305,yerlesimler_asya.js,270,data/yerlesimler_asya.js:270,sehir,29.39,76.977,Hindistan,,1281-01-01,hayir,
1261,Koil (Aligarh),1307,yerlesimler_asya.js,289,data/yerlesimler_asya.js:289,kale,27.897,78.088,Hindistan,,1194-01-01,EVET,
1262,Etâve (Etawah),1308,yerlesimler_asya.js,294,data/yerlesimler_asya.js:294,sehir,26.776,79.015,Hindistan,,1281-01-01,hayir,
1263,Kannauc,1309,yerlesimler_asya.js,305,data/yerlesimler_asya.js:305,sehir,27.055,79.916,Hindistan,,1281-01-01,hayir,
1264,Kanpûr,1310,yerlesimler_asya.js,319,data/yerlesimler_asya.js:319,sehir,26.45,80.332,Hindistan,,1281-01-01,hayir,
1265,Leknev (Lucknow),1311,yerlesimler_asya.js,338,data/yerlesimler_asya.js:338,sehir,26.847,80.947,Hindistan,,1281-01-01,hayir,
1266,Feyzâbâd (Ayodhya),1312,yerlesimler_asya.js,349,data/yerlesimler_asya.js:349,sehir,26.775,82.145,Hindistan,,1281-01-01,hayir,
1267,Benâres (Vârânasî),1314,yerlesimler_asya.js,374,data/yerlesimler_asya.js:374,sehir,25.317,83.006,Hindistan,,1281-01-01,hayir,
1268,Ilâhâbâd (Allahabad),1315,yerlesimler_asya.js,386,data/yerlesimler_asya.js:386,sehir,25.436,81.847,Hindistan,,1281-01-01,hayir,
1269,Gorakhpûr,1316,yerlesimler_asya.js,397,data/yerlesimler_asya.js:397,sehir,26.76,83.373,Hindistan,,1281-01-01,hayir,
1270,Katmandu,1317,yerlesimler_asya.js,412,data/yerlesimler_asya.js:412,sehir,27.717,85.324,Hindistan,,1281-01-01,hayir,
1271,Lahor,1318,yerlesimler_asya.js,435,data/yerlesimler_asya.js:435,sehir,31.549,74.343,Hindistan,,1013-01-01,EVET,
1272,Multan,1319,yerlesimler_asya.js,441,data/yerlesimler_asya.js:441,sehir,30.198,71.475,OrtaAsya,,1281-01-01,hayir,
1273,Sirhind,1321,yerlesimler_asya.js,461,data/yerlesimler_asya.js:461,kale,30.641,76.383,Hindistan,,1281-01-01,hayir,
1274,Câlandhar (Jalandhar),1322,yerlesimler_asya.js,470,data/yerlesimler_asya.js:470,sehir,31.326,75.576,Hindistan,,1281-01-01,hayir,
1275,Siyâlkot,1324,yerlesimler_asya.js,489,data/yerlesimler_asya.js:489,sehir,32.494,74.531,Hindistan,,1281-01-01,hayir,
1276,Râvalpindi,1326,yerlesimler_asya.js,507,data/yerlesimler_asya.js:507,sehir,33.598,73.048,Hindistan,,1281-01-01,hayir,
1277,Peşâver,1327,yerlesimler_asya.js,519,data/yerlesimler_asya.js:519,sehir,34.008,71.578,OrtaAsya,,1281-01-01,hayir,
1278,Kâbil,1328,yerlesimler_asya.js,537,data/yerlesimler_asya.js:537,sehir,34.528,69.172,OrtaAsya,,1281-01-01,hayir,
1279,Gazne,1329,yerlesimler_asya.js,549,data/yerlesimler_asya.js:549,sehir,33.551,68.423,OrtaAsya,,1281-01-01,hayir,
1280,Kandehar,1330,yerlesimler_asya.js,564,data/yerlesimler_asya.js:564,sehir,31.61,65.71,OrtaAsya,,1281-01-01,hayir,
1281,Srinagar (Keşmir),1331,yerlesimler_asya.js,583,data/yerlesimler_asya.js:583,sehir,34.084,74.797,Hindistan,,1281-01-01,hayir,
1282,Cammû (Jammu),1332,yerlesimler_asya.js,590,data/yerlesimler_asya.js:590,sehir,32.734,74.869,Hindistan,,1281-01-01,hayir,
1283,Leh (Ladakh),1333,yerlesimler_asya.js,602,data/yerlesimler_asya.js:602,sehir,34.164,77.585,Hindistan,,1281-01-01,hayir,
1284,Tatta (Thatta),1334,yerlesimler_asya.js,612,data/yerlesimler_asya.js:612,sehir,24.747,67.924,Hindistan,,1281-01-01,hayir,
1285,Ecmîr (Ajmer),1339,yerlesimler_asya.js,657,data/yerlesimler_asya.js:657,sehir,26.45,74.639,Hindistan,,1192-01-01,EVET,
1286,Çitor (Chittorgarh),1340,yerlesimler_asya.js,664,data/yerlesimler_asya.js:664,kale,24.879,74.629,Hindistan,,1281-01-01,hayir,
1287,Caysalmer,1344,yerlesimler_asya.js,694,data/yerlesimler_asya.js:694,kale,26.915,70.912,Hindistan,,1281-01-01,hayir,
1288,Sûrat,1348,yerlesimler_asya.js,729,data/yerlesimler_asya.js:729,liman,21.17,72.831,Hindistan,,1281-01-01,hayir,
1289,Kanbâyet (Khambhat),1349,yerlesimler_asya.js,739,data/yerlesimler_asya.js:739,liman,22.317,72.62,Hindistan,,1281-01-01,hayir,
1290,Diu,1350,yerlesimler_asya.js,750,data/yerlesimler_asya.js:750,liman,20.714,70.985,Hindistan,,1281-01-01,hayir,
1291,Cûnâgadh,1351,yerlesimler_asya.js,759,data/yerlesimler_asya.js:759,kale,21.522,70.457,Hindistan,,1281-01-01,hayir,
1292,Patan (Anhilvâda),1353,yerlesimler_asya.js,773,data/yerlesimler_asya.js:773,sehir,23.85,72.126,Hindistan,,1281-01-01,hayir,
1293,Çampâner,1354,yerlesimler_asya.js,784,data/yerlesimler_asya.js:784,kale,22.486,73.537,Hindistan,,1281-01-01,hayir,
1294,Broaç (Bharuch),1355,yerlesimler_asya.js,792,data/yerlesimler_asya.js:792,liman,21.7153,72.995,Hindistan,,1281-01-01,hayir,
1295,Mandu (Mândû),1356,yerlesimler_asya.js,804,data/yerlesimler_asya.js:804,kale,22.336,75.403,Hindistan,,1281-01-01,hayir,
1296,Uccayn (Ujjain),1357,yerlesimler_asya.js,813,data/yerlesimler_asya.js:813,sehir,23.179,75.785,Hindistan,,1281-01-01,hayir,
1297,Gvalyar (Gwalior),1359,yerlesimler_asya.js,843,data/yerlesimler_asya.js:843,kale,26.218,78.183,Hindistan,,1281-01-01,hayir,
1298,Cabalpûr (Jabalpur),1362,yerlesimler_asya.js,883,data/yerlesimler_asya.js:883,sehir,23.181,79.987,Hindistan,,1281-01-01,hayir,
1299,Patna (Azîmâbâd),1363,yerlesimler_asya.js,909,data/yerlesimler_asya.js:909,sehir,25.594,85.138,Hindistan,,1281-01-01,hayir,
1300,Gayâ,1364,yerlesimler_asya.js,918,data/yerlesimler_asya.js:918,sehir,24.796,85.001,Hindistan,,1281-01-01,hayir,
1301,Mungîr (Monghyr),1365,yerlesimler_asya.js,927,data/yerlesimler_asya.js:927,kale,25.375,86.474,Hindistan,,1281-01-01,hayir,
1302,Bhâgalpûr,1366,yerlesimler_asya.js,936,data/yerlesimler_asya.js:936,sehir,25.244,86.982,Hindistan,,1281-01-01,hayir,
1303,Gaur (Lakhnautî),1367,yerlesimler_asya.js,949,data/yerlesimler_asya.js:949,sehir,24.868,88.133,Hindistan,1575-01-01,1281-01-01,hayir,
1304,Pandua (Hazret Pandua),1368,yerlesimler_asya.js,961,data/yerlesimler_asya.js:961,sehir,25.135,88.15,Hindistan,,1281-01-01,hayir,
1305,Dakka (Dhaka),1371,yerlesimler_asya.js,989,data/yerlesimler_asya.js:989,sehir,23.811,90.413,Hindistan,,1281-01-01,hayir,
1306,Sonârgâon,1372,yerlesimler_asya.js,1000,data/yerlesimler_asya.js:1000,sehir,23.646,90.599,Hindistan,,1281-01-01,hayir,
1307,Çatgam (Chittagong),1373,yerlesimler_asya.js,1012,data/yerlesimler_asya.js:1012,liman,22.335,91.834,Hindistan,,1281-01-01,hayir,
1308,Hûglî (Hooghly),1375,yerlesimler_asya.js,1032,data/yerlesimler_asya.js:1032,liman,22.897,88.39,Hindistan,,1281-01-01,hayir,
1309,Kattak (Cuttack),1377,yerlesimler_asya.js,1060,data/yerlesimler_asya.js:1060,sehir,20.463,85.883,Hindistan,,1281-01-01,hayir,
1310,Puri,1378,yerlesimler_asya.js,1067,data/yerlesimler_asya.js:1067,sehir,19.813,85.831,Hindistan,,1281-01-01,hayir,
1311,Bâlâsor (Balasore),1379,yerlesimler_asya.js,1076,data/yerlesimler_asya.js:1076,liman,21.494,86.933,Hindistan,,1281-01-01,hayir,
1312,Gauhâtî (Guwahati),1380,yerlesimler_asya.js,1087,data/yerlesimler_asya.js:1087,sehir,26.145,91.736,Hindistan,,1281-01-01,hayir,
1313,Sibsâgar (Rangpûr),1381,yerlesimler_asya.js,1093,data/yerlesimler_asya.js:1093,sehir,26.985,94.638,DoguAsya,,1281-01-01,hayir,
1314,İmphâl (Manipûr),1382,yerlesimler_asya.js,1101,data/yerlesimler_asya.js:1101,sehir,24.817,93.937,GDAsya,,1281-01-01,hayir,
1315,Devagiri (Devletâbâd),1383,yerlesimler_asya.js,1126,data/yerlesimler_asya.js:1126,kale,19.943,75.22,Hindistan,,1281-01-01,hayir,
1316,Elicpûr (Achalpur),1386,yerlesimler_asya.js,1158,data/yerlesimler_asya.js:1158,sehir,21.257,77.512,Hindistan,,1281-01-01,hayir,
1317,Bîdar,1387,yerlesimler_asya.js,1170,data/yerlesimler_asya.js:1170,kale,17.913,77.52,Hindistan,,1281-01-01,hayir,
1318,Gülberge (Gulbarga),1388,yerlesimler_asya.js,1181,data/yerlesimler_asya.js:1181,sehir,17.33,76.834,Hindistan,,1281-01-01,hayir,
1319,Bîcâpur (Bijapur),1389,yerlesimler_asya.js,1192,data/yerlesimler_asya.js:1192,sehir,16.827,75.71,Hindistan,,1281-01-01,hayir,
1320,Golkonda,1390,yerlesimler_asya.js,1206,data/yerlesimler_asya.js:1206,kale,17.383,78.401,Hindistan,,1281-01-01,hayir,
1321,Varangal (Warangal),1392,yerlesimler_asya.js,1229,data/yerlesimler_asya.js:1229,kale,17.978,79.594,Hindistan,,1281-01-01,hayir,
1322,Pûne (Poona),1393,yerlesimler_asya.js,1245,data/yerlesimler_asya.js:1245,sehir,18.52,73.856,Hindistan,,1281-01-01,hayir,
1323,Raygad,1394,yerlesimler_asya.js,1256,data/yerlesimler_asya.js:1256,kale,18.234,73.441,Hindistan,,1281-01-01,hayir,
1324,Satâra,1395,yerlesimler_asya.js,1269,data/yerlesimler_asya.js:1269,sehir,17.686,74.007,Hindistan,,1281-01-01,hayir,
1325,Kolhapûr,1396,yerlesimler_asya.js,1279,data/yerlesimler_asya.js:1279,sehir,16.705,74.243,Hindistan,,1281-01-01,hayir,
1326,Nâsik,1397,yerlesimler_asya.js,1295,data/yerlesimler_asya.js:1295,sehir,19.998,73.79,Hindistan,,1281-01-01,hayir,
1327,Bombay,1398,yerlesimler_asya.js,1307,data/yerlesimler_asya.js:1307,liman,18.9418,72.8265,Hindistan,,1281-01-01,hayir,
1328,Çaul (Chaul),1399,yerlesimler_asya.js,1317,data/yerlesimler_asya.js:1317,liman,18.56,72.92,Hindistan,,1281-01-01,hayir,
1329,Goa,1400,yerlesimler_asya.js,1329,data/yerlesimler_asya.js:1329,liman,15.503,73.912,Hindistan,,1281-01-01,hayir,
1330,Mangalor,1401,yerlesimler_asya.js,1336,data/yerlesimler_asya.js:1336,liman,12.914,74.856,Hindistan,,1281-01-01,hayir,
1331,Raycur (Raichur),1403,yerlesimler_asya.js,1360,data/yerlesimler_asya.js:1360,kale,16.207,77.355,Hindistan,,1281-01-01,hayir,
1332,Kurnûl (Kurnool),1404,yerlesimler_asya.js,1372,data/yerlesimler_asya.js:1372,sehir,15.828,78.037,Hindistan,,1281-01-01,hayir,
1333,Seringapatam (Şrirangapatnam),1406,yerlesimler_asya.js,1399,data/yerlesimler_asya.js:1399,kale,12.412,76.694,Hindistan,,1281-01-01,hayir,
1334,Meysûr (Mysore),1407,yerlesimler_asya.js,1407,data/yerlesimler_asya.js:1407,sehir,12.295,76.639,Hindistan,,1281-01-01,hayir,
1335,Nagapatnam,1410,yerlesimler_asya.js,1444,data/yerlesimler_asya.js:1444,liman,10.766,79.843,Hindistan,,1281-01-01,hayir,
1336,Tranquebar (Tharangambadi),1411,yerlesimler_asya.js,1456,data/yerlesimler_asya.js:1456,liman,11.029,79.851,Hindistan,,1281-01-01,hayir,
1337,Tancûr (Thanjavur),1412,yerlesimler_asya.js,1468,data/yerlesimler_asya.js:1468,sehir,10.787,79.138,Hindistan,,1281-01-01,hayir,
1338,Madurai,1413,yerlesimler_asya.js,1479,data/yerlesimler_asya.js:1479,sehir,9.925,78.119,Hindistan,,1281-01-01,hayir,
1339,Trichinopoly (Tiruchirappalli),1414,yerlesimler_asya.js,1488,data/yerlesimler_asya.js:1488,kale,10.79,78.704,Hindistan,,1281-01-01,hayir,
1340,Cinci (Gingee),1415,yerlesimler_asya.js,1500,data/yerlesimler_asya.js:1500,kale,12.252,79.397,Hindistan,,1281-01-01,hayir,
1341,Vellor (Vellore),1416,yerlesimler_asya.js,1512,data/yerlesimler_asya.js:1512,kale,12.916,79.132,Hindistan,,1281-01-01,hayir,
1342,Arkot (Arcot),1417,yerlesimler_asya.js,1524,data/yerlesimler_asya.js:1524,sehir,12.906,79.32,Hindistan,,1281-01-01,hayir,
1343,Kalikut (Kozhikode),1418,yerlesimler_asya.js,1538,data/yerlesimler_asya.js:1538,liman,11.259,75.78,Hindistan,,1281-01-01,hayir,
1344,Koçin (Kochi),1419,yerlesimler_asya.js,1547,data/yerlesimler_asya.js:1547,liman,9.9551,76.2505,Hindistan,,1281-01-01,hayir,
1345,Kannûr (Cannanore),1420,yerlesimler_asya.js,1556,data/yerlesimler_asya.js:1556,liman,11.868,75.355,Hindistan,,1281-01-01,hayir,
1346,Kolam (Quilon),1421,yerlesimler_asya.js,1563,data/yerlesimler_asya.js:1563,liman,8.893,76.614,Hindistan,,1281-01-01,hayir,
1347,Trivandrum (Thiruvananthapuram),1422,yerlesimler_asya.js,1572,data/yerlesimler_asya.js:1572,sehir,8.524,76.936,Hindistan,,1281-01-01,hayir,
1348,Masulipatnam,1423,yerlesimler_asya.js,1578,data/yerlesimler_asya.js:1578,liman,16.19,81.13,Hindistan,,1281-01-01,hayir,
1349,Râcahmundry,1424,yerlesimler_asya.js,1587,data/yerlesimler_asya.js:1587,sehir,17.005,81.777,Hindistan,,1281-01-01,hayir,
1350,Vişâkapatnam,1425,yerlesimler_asya.js,1596,data/yerlesimler_asya.js:1596,liman,17.687,83.219,Hindistan,,1281-01-01,hayir,
1351,Kolombo,1426,yerlesimler_asya.js,1613,data/yerlesimler_asya.js:1613,liman,6.927,79.861,Hindistan,,1281-01-01,hayir,
1352,Kandy,1427,yerlesimler_asya.js,1621,data/yerlesimler_asya.js:1621,sehir,7.291,80.636,Hindistan,,1281-01-01,hayir,
1353,Yafna (Jaffna),1428,yerlesimler_asya.js,1626,data/yerlesimler_asya.js:1626,sehir,9.661,80.026,Hindistan,,1281-01-01,hayir,
1354,Pekin (Hanbalık),1429,yerlesimler_asya.js,1683,data/yerlesimler_asya.js:1683,sehir,39.904,116.407,DoguAsya,,1281-01-01,hayir,
1355,Baoding,1431,yerlesimler_asya.js,1698,data/yerlesimler_asya.js:1698,sehir,38.874,115.464,DoguAsya,,1281-01-01,hayir,
1356,Zhengding,1432,yerlesimler_asya.js,1704,data/yerlesimler_asya.js:1704,sehir,38.144,114.573,DoguAsya,,1281-01-01,hayir,
1357,Datong,1435,yerlesimler_asya.js,1729,data/yerlesimler_asya.js:1729,kale,40.076,113.3,DoguAsya,,1281-01-01,hayir,
1358,Taiyuan,1436,yerlesimler_asya.js,1735,data/yerlesimler_asya.js:1735,sehir,37.87,112.548,DoguAsya,,1281-01-01,hayir,
1359,Pingyao,1437,yerlesimler_asya.js,1742,data/yerlesimler_asya.js:1742,sehir,37.201,112.175,DoguAsya,,1281-01-01,hayir,
1360,Xi'an (Chang'an),1438,yerlesimler_asya.js,1752,data/yerlesimler_asya.js:1752,sehir,34.342,108.94,DoguAsya,,1281-01-01,hayir,
1361,Luoyang,1439,yerlesimler_asya.js,1761,data/yerlesimler_asya.js:1761,sehir,34.663,112.434,DoguAsya,,1281-01-01,hayir,
1362,Kaifeng,1440,yerlesimler_asya.js,1771,data/yerlesimler_asya.js:1771,sehir,34.797,114.307,DoguAsya,,1281-01-01,hayir,
1363,Zhengzhou,1441,yerlesimler_asya.js,1778,data/yerlesimler_asya.js:1778,sehir,34.746,113.625,DoguAsya,,1281-01-01,hayir,
1364,Anyang,1442,yerlesimler_asya.js,1785,data/yerlesimler_asya.js:1785,sehir,36.097,114.393,DoguAsya,,1281-01-01,hayir,
1365,Jinan,1443,yerlesimler_asya.js,1791,data/yerlesimler_asya.js:1791,sehir,36.651,117.12,DoguAsya,,1281-01-01,hayir,
1366,Qufu,1444,yerlesimler_asya.js,1797,data/yerlesimler_asya.js:1797,sehir,35.597,116.991,DoguAsya,,1281-01-01,hayir,
1367,Yantai (Chefoo),1446,yerlesimler_asya.js,1812,data/yerlesimler_asya.js:1812,liman,37.464,121.448,DoguAsya,,1281-01-01,hayir,
1368,Xuzhou,1447,yerlesimler_asya.js,1818,data/yerlesimler_asya.js:1818,kale,34.205,117.284,DoguAsya,,1281-01-01,hayir,
1369,Nanking (Nanjing),1448,yerlesimler_asya.js,1831,data/yerlesimler_asya.js:1831,sehir,32.06,118.797,DoguAsya,,1281-01-01,hayir,
1370,Yangzhou,1449,yerlesimler_asya.js,1843,data/yerlesimler_asya.js:1843,sehir,32.394,119.413,DoguAsya,,1281-01-01,hayir,
1371,Suzhou,1450,yerlesimler_asya.js,1852,data/yerlesimler_asya.js:1852,sehir,31.299,120.585,DoguAsya,,1281-01-01,hayir,
1372,Hangzhou,1451,yerlesimler_asya.js,1862,data/yerlesimler_asya.js:1862,sehir,30.274,120.155,DoguAsya,,1281-01-01,hayir,
1373,Shaoxing,1452,yerlesimler_asya.js,1871,data/yerlesimler_asya.js:1871,sehir,30.03,120.58,DoguAsya,,1281-01-01,hayir,
1374,Şanghay,1453,yerlesimler_asya.js,1883,data/yerlesimler_asya.js:1883,liman,31.23,121.474,DoguAsya,,1281-01-01,hayir,
1375,Ningbo,1454,yerlesimler_asya.js,1890,data/yerlesimler_asya.js:1890,liman,29.868,121.544,DoguAsya,,1281-01-01,hayir,
1376,Wenzhou,1455,yerlesimler_asya.js,1897,data/yerlesimler_asya.js:1897,liman,27.994,120.699,DoguAsya,,1281-01-01,hayir,
1377,Hefei,1456,yerlesimler_asya.js,1904,data/yerlesimler_asya.js:1904,sehir,31.821,117.227,DoguAsya,,1281-01-01,hayir,
1378,Anqing,1457,yerlesimler_asya.js,1911,data/yerlesimler_asya.js:1911,kale,30.509,117.043,DoguAsya,,1281-01-01,hayir,
1379,Wuchang (Wuhan),1458,yerlesimler_asya.js,1922,data/yerlesimler_asya.js:1922,sehir,30.5657,114.3337,DoguAsya,,1281-01-01,hayir,
1380,Jingzhou,1459,yerlesimler_asya.js,1929,data/yerlesimler_asya.js:1929,kale,30.35,112.19,DoguAsya,,1281-01-01,hayir,
1381,Xiangyang,1460,yerlesimler_asya.js,1939,data/yerlesimler_asya.js:1939,kale,32.009,112.122,DoguAsya,,1281-01-01,hayir,
1382,Changsha,1461,yerlesimler_asya.js,1946,data/yerlesimler_asya.js:1946,sehir,28.228,112.939,DoguAsya,,1281-01-01,hayir,
1383,Nanchang,1462,yerlesimler_asya.js,1955,data/yerlesimler_asya.js:1955,sehir,28.682,115.858,DoguAsya,,1281-01-01,hayir,
1384,Jiujiang,1463,yerlesimler_asya.js,1962,data/yerlesimler_asya.js:1962,liman,29.705,116.001,DoguAsya,,1281-01-01,hayir,
1385,Çengdu (Chengdu),1464,yerlesimler_asya.js,1978,data/yerlesimler_asya.js:1978,sehir,30.572,104.066,DoguAsya,,1281-01-01,hayir,
1386,Çongqing (Chongqing),1465,yerlesimler_asya.js,1987,data/yerlesimler_asya.js:1987,liman,29.563,106.552,DoguAsya,,1281-01-01,hayir,
1387,Kunming,1466,yerlesimler_asya.js,1999,data/yerlesimler_asya.js:1999,sehir,25.038,102.718,DoguAsya,,1281-01-01,hayir,
1388,Dali,1467,yerlesimler_asya.js,2010,data/yerlesimler_asya.js:2010,sehir,25.606,100.267,DoguAsya,,1281-01-01,hayir,
1389,Guiyang,1468,yerlesimler_asya.js,2021,data/yerlesimler_asya.js:2021,sehir,26.647,106.63,DoguAsya,,1281-01-01,hayir,
1390,Lanzhou,1469,yerlesimler_asya.js,2032,data/yerlesimler_asya.js:2032,sehir,36.061,103.834,DoguAsya,,1281-01-01,hayir,
1391,Zhangye (Ganzhou),1470,yerlesimler_asya.js,2038,data/yerlesimler_asya.js:2038,kale,38.926,100.45,DoguAsya,,1281-01-01,hayir,
1392,Dunhuang,1472,yerlesimler_asya.js,2057,data/yerlesimler_asya.js:2057,sehir,40.142,94.662,DoguAsya,,1281-01-01,hayir,
1393,Xining,1473,yerlesimler_asya.js,2067,data/yerlesimler_asya.js:2067,sehir,36.617,101.778,DoguAsya,,1281-01-01,hayir,
1394,Yinchuan (Ningxia),1474,yerlesimler_asya.js,2076,data/yerlesimler_asya.js:2076,kale,38.487,106.231,DoguAsya,,1281-01-01,hayir,
1395,Kanton (Guangzhou),1475,yerlesimler_asya.js,2100,data/yerlesimler_asya.js:2100,liman,23.129,113.264,GDAsya,,1281-01-01,hayir,
1396,Makao (Macau),1476,yerlesimler_asya.js,2112,data/yerlesimler_asya.js:2112,liman,22.199,113.544,GDAsya,,1281-01-01,hayir,
1397,Zeytun (Quanzhou),1478,yerlesimler_asya.js,2126,data/yerlesimler_asya.js:2126,liman,24.876,118.6653,GDAsya,,1281-01-01,hayir,
1398,Fuzhou,1479,yerlesimler_asya.js,2137,data/yerlesimler_asya.js:2137,liman,26.074,119.296,DoguAsya,,1281-01-01,hayir,
1399,Amoy (Xiamen),1480,yerlesimler_asya.js,2148,data/yerlesimler_asya.js:2148,liman,24.4899,118.0841,GDAsya,,1281-01-01,hayir,
1400,Zhangzhou,1481,yerlesimler_asya.js,2156,data/yerlesimler_asya.js:2156,sehir,24.513,117.647,GDAsya,,1281-01-01,hayir,
1401,Chaozhou,1482,yerlesimler_asya.js,2165,data/yerlesimler_asya.js:2165,sehir,23.657,116.622,GDAsya,,1281-01-01,hayir,
1402,Swatow (Shantou),1483,yerlesimler_asya.js,2175,data/yerlesimler_asya.js:2175,liman,23.363,116.6798,GDAsya,,1281-01-01,hayir,
1403,Guilin,1484,yerlesimler_asya.js,2182,data/yerlesimler_asya.js:2182,sehir,25.274,110.29,DoguAsya,,1281-01-01,hayir,
1404,Nanning,1485,yerlesimler_asya.js,2191,data/yerlesimler_asya.js:2191,sehir,22.817,108.367,GDAsya,,1281-01-01,hayir,
1405,Beihai (Pakhoi),1486,yerlesimler_asya.js,2200,data/yerlesimler_asya.js:2200,liman,21.481,109.12,GDAsya,,1281-01-01,hayir,
1406,Qiongzhou (Haikou),1487,yerlesimler_asya.js,2209,data/yerlesimler_asya.js:2209,liman,20.044,110.199,GDAsya,,1281-01-01,hayir,
1407,Wuzhou,1488,yerlesimler_asya.js,2216,data/yerlesimler_asya.js:2216,liman,23.477,111.279,GDAsya,,1281-01-01,hayir,
1408,Penghu (Pescadores),1491,yerlesimler_asya.js,2248,data/yerlesimler_asya.js:2248,liman,23.571,119.579,GDAsya,,1281-01-01,hayir,
1409,Mukden (Şenyang),1492,yerlesimler_asya.js,2271,data/yerlesimler_asya.js:2271,sehir,41.805,123.431,DoguAsya,,1281-01-01,hayir,
1410,Liaoyang,1493,yerlesimler_asya.js,2277,data/yerlesimler_asya.js:2277,kale,41.267,123.174,DoguAsya,,1281-01-01,hayir,
1411,Lüşun (Port Arthur),1498,yerlesimler_asya.js,2317,data/yerlesimler_asya.js:2317,liman,38.813,121.216,DoguAsya,,1281-01-01,hayir,
1412,Karakurum,1499,yerlesimler_asya.js,2337,data/yerlesimler_asya.js:2337,sehir,47.198,102.833,DoguAsya,1380-01-01,1281-01-01,hayir,
1413,Kobdo (Hovd),1502,yerlesimler_asya.js,2367,data/yerlesimler_asya.js:2367,kale,48.006,91.641,DoguAsya,,1281-01-01,hayir,
1414,Kaşgar,1504,yerlesimler_asya.js,2395,data/yerlesimler_asya.js:2395,sehir,39.47,75.99,OrtaAsya,,1218-01-01,EVET,
1415,Yarkent (Şaçe),1505,yerlesimler_asya.js,2398,data/yerlesimler_asya.js:2398,sehir,38.416,77.243,OrtaAsya,,1281-01-01,hayir,
1416,Hotan,1506,yerlesimler_asya.js,2408,data/yerlesimler_asya.js:2408,sehir,37.117,79.928,OrtaAsya,,1281-01-01,hayir,
1417,Kuça (Kuqa),1507,yerlesimler_asya.js,2419,data/yerlesimler_asya.js:2419,sehir,41.717,82.962,DoguAsya,,1281-01-01,hayir,
1418,Turfan,1508,yerlesimler_asya.js,2430,data/yerlesimler_asya.js:2430,sehir,42.951,89.19,DoguAsya,,1281-01-01,hayir,
1419,Hâmi (Kumul),1509,yerlesimler_asya.js,2441,data/yerlesimler_asya.js:2441,sehir,42.828,93.515,DoguAsya,,1281-01-01,hayir,
1420,Gulca (Yining),1511,yerlesimler_asya.js,2463,data/yerlesimler_asya.js:2463,sehir,43.913,81.324,DoguAsya,,1281-01-01,hayir,
1421,Lhasa,1512,yerlesimler_asya.js,2484,data/yerlesimler_asya.js:2484,sehir,29.652,91.172,Hindistan,,1281-01-01,hayir,
1422,Şigatse,1513,yerlesimler_asya.js,2493,data/yerlesimler_asya.js:2493,sehir,29.268,88.881,Hindistan,,1281-01-01,hayir,
1423,Gyantse,1514,yerlesimler_asya.js,2502,data/yerlesimler_asya.js:2502,kale,28.95,89.602,Hindistan,,1281-01-01,hayir,
1424,Çamdo (Chamdo),1515,yerlesimler_asya.js,2511,data/yerlesimler_asya.js:2511,sehir,31.14,97.178,DoguAsya,,1281-01-01,hayir,
1425,Tongguan,1517,yerlesimler_asya.js,2535,data/yerlesimler_asya.js:2535,kale,34.516,110.263,DoguAsya,,1281-01-01,hayir,
1426,Yan'an,1518,yerlesimler_asya.js,2542,data/yerlesimler_asya.js:2542,sehir,36.585,109.49,DoguAsya,,1281-01-01,hayir,
1427,Wuhu,1519,yerlesimler_asya.js,2549,data/yerlesimler_asya.js:2549,liman,31.326,118.376,DoguAsya,,1281-01-01,hayir,
1428,Şaoguan,1520,yerlesimler_asya.js,2558,data/yerlesimler_asya.js:2558,sehir,24.801,113.591,GDAsya,,1281-01-01,hayir,
1429,Leizhou,1521,yerlesimler_asya.js,2565,data/yerlesimler_asya.js:2565,liman,20.914,110.096,GDAsya,,1281-01-01,hayir,
1430,Kyoto,1524,yerlesimler_asya.js,2621,data/yerlesimler_asya.js:2621,sehir,35.011,135.768,DoguAsya,,1281-01-01,hayir,
1431,Osaka,1526,yerlesimler_asya.js,2643,data/yerlesimler_asya.js:2643,liman,34.694,135.502,DoguAsya,,1281-01-01,hayir,
1432,Nara,1527,yerlesimler_asya.js,2651,data/yerlesimler_asya.js:2651,sehir,34.685,135.805,DoguAsya,,1281-01-01,hayir,
1433,Sakai,1528,yerlesimler_asya.js,2662,data/yerlesimler_asya.js:2662,liman,34.573,135.483,DoguAsya,,1281-01-01,hayir,
1434,Kamakura,1529,yerlesimler_asya.js,2674,data/yerlesimler_asya.js:2674,sehir,35.319,139.55,DoguAsya,,1281-01-01,hayir,
1435,Odawara,1530,yerlesimler_asya.js,2684,data/yerlesimler_asya.js:2684,kale,35.264,139.152,DoguAsya,,1281-01-01,hayir,
1436,Sunpu (Şizuoka),1531,yerlesimler_asya.js,2694,data/yerlesimler_asya.js:2694,sehir,34.976,138.383,DoguAsya,,1281-01-01,hayir,
1437,Gifu,1533,yerlesimler_asya.js,2711,data/yerlesimler_asya.js:2711,kale,35.423,136.76,DoguAsya,,1281-01-01,hayir,
1438,Niigata,1536,yerlesimler_asya.js,2734,data/yerlesimler_asya.js:2734,liman,37.916,139.036,DoguAsya,,1281-01-01,hayir,
1439,Himeji,1538,yerlesimler_asya.js,2749,data/yerlesimler_asya.js:2749,kale,34.815,134.686,DoguAsya,,1281-01-01,hayir,
1440,Okayama,1539,yerlesimler_asya.js,2757,data/yerlesimler_asya.js:2757,sehir,34.655,133.919,DoguAsya,,1281-01-01,hayir,
1441,Hakata (Fukuoka),1544,yerlesimler_asya.js,2799,data/yerlesimler_asya.js:2799,liman,33.59,130.402,DoguAsya,,1281-01-01,hayir,
1442,Kumamoto,1546,yerlesimler_asya.js,2821,data/yerlesimler_asya.js:2821,kale,32.803,130.708,DoguAsya,,1281-01-01,hayir,
1443,Funai (Ōita),1547,yerlesimler_asya.js,2831,data/yerlesimler_asya.js:2831,liman,33.238,131.613,DoguAsya,,1281-01-01,hayir,
1444,Kagoşima,1548,yerlesimler_asya.js,2841,data/yerlesimler_asya.js:2841,liman,31.596,130.557,DoguAsya,,1281-01-01,hayir,
1445,Tsuşima (İzuhara),1549,yerlesimler_asya.js,2852,data/yerlesimler_asya.js:2852,liman,34.203,129.289,DoguAsya,,1281-01-01,hayir,
1446,Aizu-Wakamatsu,1551,yerlesimler_asya.js,2869,data/yerlesimler_asya.js:2869,kale,37.495,139.93,DoguAsya,,1281-01-01,hayir,
1447,Matsumae,1554,yerlesimler_asya.js,2901,data/yerlesimler_asya.js:2901,kale,41.428,140.112,DoguAsya,,1550-01-01,hayir,EVET
1448,Hakodate,1555,yerlesimler_asya.js,2910,data/yerlesimler_asya.js:2910,liman,41.769,140.729,DoguAsya,,1550-01-01,hayir,EVET
1449,Şuri (Naha),1557,yerlesimler_asya.js,2930,data/yerlesimler_asya.js:2930,sehir,26.217,127.719,DoguAsya,,1281-01-01,hayir,
1450,Kaesong,1558,yerlesimler_asya.js,2960,data/yerlesimler_asya.js:2960,sehir,37.972,126.554,DoguAsya,,1281-01-01,hayir,
1451,Seul (Hanyang),1559,yerlesimler_asya.js,2967,data/yerlesimler_asya.js:2967,sehir,37.566,126.978,DoguAsya,,1281-01-01,hayir,
1452,Pyongyang,1560,yerlesimler_asya.js,2972,data/yerlesimler_asya.js:2972,sehir,39.019,125.738,DoguAsya,,1281-01-01,hayir,
1453,Pusan,1561,yerlesimler_asya.js,2979,data/yerlesimler_asya.js:2979,liman,35.18,129.076,DoguAsya,,1281-01-01,hayir,
1454,İnçon (Incheon),1562,yerlesimler_asya.js,2986,data/yerlesimler_asya.js:2986,liman,37.456,126.705,DoguAsya,,1281-01-01,hayir,
1455,Ganghwa,1563,yerlesimler_asya.js,2994,data/yerlesimler_asya.js:2994,kale,37.747,126.488,DoguAsya,,1281-01-01,hayir,
1456,Kyongcu (Gyeongju),1564,yerlesimler_asya.js,2999,data/yerlesimler_asya.js:2999,sehir,35.856,129.225,DoguAsya,,1281-01-01,hayir,
1457,Taegu (Daegu),1565,yerlesimler_asya.js,3004,data/yerlesimler_asya.js:3004,sehir,35.872,128.601,DoguAsya,,1281-01-01,hayir,
1458,Concu (Jeonju),1566,yerlesimler_asya.js,3009,data/yerlesimler_asya.js:3009,sehir,35.824,127.148,DoguAsya,,1281-01-01,hayir,
1459,Kongcu (Gongju),1567,yerlesimler_asya.js,3014,data/yerlesimler_asya.js:3014,sehir,36.455,127.119,DoguAsya,,1281-01-01,hayir,
1460,Çungcu (Chungju),1568,yerlesimler_asya.js,3019,data/yerlesimler_asya.js:3019,sehir,36.991,127.926,DoguAsya,,1281-01-01,hayir,
1461,Ûicu (Uiju),1569,yerlesimler_asya.js,3026,data/yerlesimler_asya.js:3026,kale,40.152,124.523,DoguAsya,,1281-01-01,hayir,
1462,Hamhung,1570,yerlesimler_asya.js,3034,data/yerlesimler_asya.js:3034,sehir,39.918,127.536,DoguAsya,,1281-01-01,hayir,
1463,Wonsan,1571,yerlesimler_asya.js,3040,data/yerlesimler_asya.js:3040,liman,39.147,127.444,DoguAsya,,1281-01-01,hayir,
1464,Ceccu (Jeju),1573,yerlesimler_asya.js,3056,data/yerlesimler_asya.js:3056,liman,33.5,126.531,DoguAsya,,1281-01-01,hayir,
1465,Pagan,1574,yerlesimler_asya.js,3097,data/yerlesimler_asya.js:3097,sehir,21.171,94.86,GDAsya,,1281-01-01,hayir,
1466,Pegu (Bago),1577,yerlesimler_asya.js,3123,data/yerlesimler_asya.js:3123,sehir,17.335,96.479,GDAsya,,1281-01-01,hayir,
1467,Rangun (Yangon),1578,yerlesimler_asya.js,3135,data/yerlesimler_asya.js:3135,liman,16.871,96.199,GDAsya,,1281-01-01,hayir,
1468,Toungoo,1579,yerlesimler_asya.js,3145,data/yerlesimler_asya.js:3145,kale,18.943,96.435,GDAsya,,1281-01-01,hayir,
1469,Prome (Pyay),1580,yerlesimler_asya.js,3152,data/yerlesimler_asya.js:3152,kale,18.817,95.213,GDAsya,,1281-01-01,hayir,
1470,Mrauk U (Arakan),1581,yerlesimler_asya.js,3162,data/yerlesimler_asya.js:3162,sehir,20.588,93.191,GDAsya,,1281-01-01,hayir,
1471,Moulmein (Mawlamyine),1582,yerlesimler_asya.js,3167,data/yerlesimler_asya.js:3167,liman,16.4821,97.6462,GDAsya,,1281-01-01,hayir,
1472,Tavoy (Dawei),1583,yerlesimler_asya.js,3179,data/yerlesimler_asya.js:3179,liman,14.084,98.199,GDAsya,,1281-01-01,hayir,
1473,Mergui (Myeik),1584,yerlesimler_asya.js,3186,data/yerlesimler_asya.js:3186,liman,12.4361,98.613,GDAsya,,1281-01-01,hayir,
1474,Kengtung,1585,yerlesimler_asya.js,3195,data/yerlesimler_asya.js:3195,sehir,21.29,99.605,GDAsya,,1281-01-01,hayir,
1475,Sukhothai,1586,yerlesimler_asya.js,3205,data/yerlesimler_asya.js:3205,sehir,17.02,99.703,GDAsya,,1281-01-01,hayir,
1476,Nakhon Si Thammarat,1590,yerlesimler_asya.js,3242,data/yerlesimler_asya.js:3242,sehir,8.432,99.964,GDAsya,,1281-01-01,hayir,
1477,Luang Prabang,1591,yerlesimler_asya.js,3260,data/yerlesimler_asya.js:3260,sehir,19.885,102.135,GDAsya,,1281-01-01,hayir,
1478,Vientiane,1592,yerlesimler_asya.js,3270,data/yerlesimler_asya.js:3270,sehir,17.975,102.63,GDAsya,,1281-01-01,hayir,
1479,Angkor (Siem Reap),1594,yerlesimler_asya.js,3288,data/yerlesimler_asya.js:3288,sehir,13.412,103.867,GDAsya,,1281-01-01,hayir,
1480,Battambang,1595,yerlesimler_asya.js,3294,data/yerlesimler_asya.js:3294,sehir,13.096,103.203,GDAsya,,1281-01-01,hayir,
1481,Hanoi (Thăng Long),1598,yerlesimler_asya.js,3329,data/yerlesimler_asya.js:3329,sehir,21.028,105.834,GDAsya,,1281-01-01,hayir,
1482,Cao Bằng,1599,yerlesimler_asya.js,3343,data/yerlesimler_asya.js:3343,kale,22.666,106.258,GDAsya,,1281-01-01,hayir,
1483,Lạng Sơn,1600,yerlesimler_asya.js,3354,data/yerlesimler_asya.js:3354,kale,21.853,106.761,GDAsya,,1281-01-01,hayir,
1484,Huế (Phú Xuân),1601,yerlesimler_asya.js,3369,data/yerlesimler_asya.js:3369,sehir,16.463,107.585,GDAsya,,1281-01-01,hayir,
1485,Hội An (Faifo),1602,yerlesimler_asya.js,3383,data/yerlesimler_asya.js:3383,liman,15.88,108.335,GDAsya,,1281-01-01,hayir,
1486,Đà Nẵng (Tourane),1603,yerlesimler_asya.js,3394,data/yerlesimler_asya.js:3394,liman,16.054,108.202,GDAsya,,1281-01-01,hayir,
1487,Vijaya (Quy Nhơn),1604,yerlesimler_asya.js,3406,data/yerlesimler_asya.js:3406,kale,13.9,109.1,GDAsya,,1281-01-01,hayir,
1488,Phan Rang (Panduranga),1605,yerlesimler_asya.js,3416,data/yerlesimler_asya.js:3416,sehir,11.564,108.988,GDAsya,,1281-01-01,hayir,
1489,Saygon (Gia Định),1606,yerlesimler_asya.js,3424,data/yerlesimler_asya.js:3424,liman,10.823,106.63,GDAsya,,1281-01-01,hayir,
1490,Johor,1609,yerlesimler_asya.js,3462,data/yerlesimler_asya.js:3462,sehir,1.493,103.741,GDAsya,,1281-01-01,hayir,
1491,Kedah (Alor Setar),1611,yerlesimler_asya.js,3476,data/yerlesimler_asya.js:3476,sehir,6.121,100.36,GDAsya,,1281-01-01,hayir,
1492,Patani,1612,yerlesimler_asya.js,3484,data/yerlesimler_asya.js:3484,liman,6.869,101.25,GDAsya,,1281-01-01,hayir,
1493,Perak (Kuala Kangsar),1613,yerlesimler_asya.js,3490,data/yerlesimler_asya.js:3490,sehir,4.767,100.937,GDAsya,,1281-01-01,hayir,
1494,Samudra Pasai,1615,yerlesimler_asya.js,3506,data/yerlesimler_asya.js:3506,liman,5.18,97.07,GDAsya,,1281-01-01,hayir,
1495,Padang,1617,yerlesimler_asya.js,3523,data/yerlesimler_asya.js:3523,liman,-0.947,100.417,GDAsya,,1281-01-01,hayir,
1496,Palembang,1618,yerlesimler_asya.js,3534,data/yerlesimler_asya.js:3534,liman,-2.976,104.775,GDAsya,,1281-01-01,hayir,
1497,Bengkulu (Bencoolen),1619,yerlesimler_asya.js,3541,data/yerlesimler_asya.js:3541,liman,-3.7961,102.2722,GDAsya,,1281-01-01,hayir,
1498,Demak,1621,yerlesimler_asya.js,3561,data/yerlesimler_asya.js:3561,sehir,-6.89,110.639,GDAsya,,1281-01-01,hayir,
1499,Semarang,1622,yerlesimler_asya.js,3570,data/yerlesimler_asya.js:3570,liman,-6.966,110.417,GDAsya,,1281-01-01,hayir,
1500,Surabaya,1623,yerlesimler_asya.js,3579,data/yerlesimler_asya.js:3579,liman,-7.257,112.752,GDAsya,,1281-01-01,hayir,
1501,Banten,1625,yerlesimler_asya.js,3599,data/yerlesimler_asya.js:3599,liman,-6.036,106.15,GDAsya,,1281-01-01,hayir,
1502,Bali (Klungkung),1628,yerlesimler_asya.js,3626,data/yerlesimler_asya.js:3626,sehir,-8.65,115.216,GDAsya,,1281-01-01,hayir,
1503,Mataram (Lombok),1629,yerlesimler_asya.js,3635,data/yerlesimler_asya.js:3635,sehir,-8.583,116.117,GDAsya,,1281-01-01,hayir,
1504,Brunei,1630,yerlesimler_asya.js,3645,data/yerlesimler_asya.js:3645,liman,4.903,114.939,GDAsya,,1281-01-01,hayir,
1505,Makassar,1633,yerlesimler_asya.js,3665,data/yerlesimler_asya.js:3665,liman,-5.147,119.432,GDAsya,,1281-01-01,hayir,
1506,Manado,1634,yerlesimler_asya.js,3669,data/yerlesimler_asya.js:3669,liman,1.474,124.842,GDAsya,,1281-01-01,hayir,
1507,Ternate,1635,yerlesimler_asya.js,3677,data/yerlesimler_asya.js:3677,liman,0.794,127.3673,GDAsya,,1281-01-01,hayir,
1508,Tidore,1636,yerlesimler_asya.js,3688,data/yerlesimler_asya.js:3688,liman,0.688,127.4,GDAsya,,1281-01-01,hayir,
1509,Ambon,1637,yerlesimler_asya.js,3693,data/yerlesimler_asya.js:3693,liman,-3.695,128.181,GDAsya,,1281-01-01,hayir,
1510,Banda Neira,1638,yerlesimler_asya.js,3704,data/yerlesimler_asya.js:3704,liman,-4.5466,129.9012,GDAsya,,1281-01-01,hayir,
1511,Kupang,1639,yerlesimler_asya.js,3713,data/yerlesimler_asya.js:3713,liman,-10.178,123.597,Okyanusya,,1281-01-01,hayir,
1512,Dili,1640,yerlesimler_asya.js,3719,data/yerlesimler_asya.js:3719,liman,-8.556,125.56,GDAsya,,1281-01-01,hayir,
1513,Manila,1641,yerlesimler_asya.js,3737,data/yerlesimler_asya.js:3737,liman,14.599,120.984,GDAsya,,1281-01-01,hayir,
1514,Cebu,1642,yerlesimler_asya.js,3746,data/yerlesimler_asya.js:3746,liman,10.317,123.891,GDAsya,,1281-01-01,hayir,
1515,Colo (Jolo),1643,yerlesimler_asya.js,3754,data/yerlesimler_asya.js:3754,liman,6.053,121.002,GDAsya,,1281-01-01,hayir,
1516,Kotabato (Magindanao),1644,yerlesimler_asya.js,3763,data/yerlesimler_asya.js:3763,sehir,7.223,124.246,GDAsya,,1281-01-01,hayir,
1517,Ålesund,1645,yerlesimler_ek7.js,62,data/yerlesimler_ek7.js:62,liman,62.47,6.4,Avrupa-Balkan,,1281-01-01,hayir,
1518,Molde,1646,yerlesimler_ek7.js,64,data/yerlesimler_ek7.js:64,liman,62.737,7.159,Avrupa-Balkan,,1281-01-01,hayir,
1519,Kristiansund,1647,yerlesimler_ek7.js,66,data/yerlesimler_ek7.js:66,liman,63.0,8.2,Avrupa-Balkan,,1281-01-01,hayir,
1520,Røros,1648,yerlesimler_ek7.js,68,data/yerlesimler_ek7.js:68,sehir,62.575,11.385,Avrupa-Balkan,,1281-01-01,hayir,
1521,Sogndal,1649,yerlesimler_ek7.js,70,data/yerlesimler_ek7.js:70,sehir,61.23,7.1,Avrupa-Balkan,,1281-01-01,hayir,
1522,Lillehammer,1650,yerlesimler_ek7.js,72,data/yerlesimler_ek7.js:72,sehir,61.115,10.466,Avrupa-Balkan,,1281-01-01,hayir,
1523,Hamar,1651,yerlesimler_ek7.js,74,data/yerlesimler_ek7.js:74,sehir,60.795,11.068,Avrupa-Balkan,,1281-01-01,hayir,
1524,Skien,1652,yerlesimler_ek7.js,76,data/yerlesimler_ek7.js:76,sehir,59.209,9.609,Avrupa-Balkan,,1281-01-01,hayir,
1525,Haugesund,1653,yerlesimler_ek7.js,78,data/yerlesimler_ek7.js:78,liman,59.413,5.268,Avrupa-Balkan,,1281-01-01,hayir,
1526,Umeå,1654,yerlesimler_ek7.js,82,data/yerlesimler_ek7.js:82,liman,63.826,20.263,Avrupa-Balkan,,1281-01-01,hayir,
1527,Härnösand,1655,yerlesimler_ek7.js,83,data/yerlesimler_ek7.js:83,liman,62.632,17.941,Avrupa-Balkan,,1281-01-01,hayir,
1528,Mora,1656,yerlesimler_ek7.js,84,data/yerlesimler_ek7.js:84,sehir,61.006,14.542,Avrupa-Balkan,,1281-01-01,hayir,
1529,Västerås,1657,yerlesimler_ek7.js,85,data/yerlesimler_ek7.js:85,sehir,59.6132,16.545,Avrupa-Balkan,,1281-01-01,hayir,
1530,Norrköping,1658,yerlesimler_ek7.js,86,data/yerlesimler_ek7.js:86,liman,58.588,16.186,Avrupa-Balkan,,1281-01-01,hayir,
1531,Nyköping,1659,yerlesimler_ek7.js,87,data/yerlesimler_ek7.js:87,liman,58.753,17.009,Avrupa-Balkan,,1281-01-01,hayir,
1532,Borås,1660,yerlesimler_ek7.js,88,data/yerlesimler_ek7.js:88,sehir,57.721,12.94,Avrupa-Balkan,,1281-01-01,hayir,
1533,Växjö,1661,yerlesimler_ek7.js,89,data/yerlesimler_ek7.js:89,sehir,56.878,14.809,Avrupa-Balkan,,1281-01-01,hayir,
1534,Kristianstad,1662,yerlesimler_ek7.js,96,data/yerlesimler_ek7.js:96,sehir,56.031,14.152,Avrupa-Balkan,,1281-01-01,hayir,
1535,Karlskrona,1663,yerlesimler_ek7.js,98,data/yerlesimler_ek7.js:98,liman,56.25,15.6,Avrupa-Balkan,,1281-01-01,hayir,
1536,Östersund (Jämtland),1664,yerlesimler_ek7.js,101,data/yerlesimler_ek7.js:101,sehir,63.25,14.9,Avrupa-Balkan,,1281-01-01,hayir,
1537,Vaasa,1665,yerlesimler_ek7.js,107,data/yerlesimler_ek7.js:107,liman,63.096,21.616,Avrupa-Balkan,,1281-01-01,hayir,
1538,Kokkola,1666,yerlesimler_ek7.js,109,data/yerlesimler_ek7.js:109,liman,63.838,23.132,Avrupa-Balkan,,1281-01-01,hayir,
1539,Pori,1667,yerlesimler_ek7.js,111,data/yerlesimler_ek7.js:111,liman,61.487,21.797,Avrupa-Balkan,,1281-01-01,hayir,
1540,Tampere,1668,yerlesimler_ek7.js,113,data/yerlesimler_ek7.js:113,sehir,61.498,23.761,Avrupa-Balkan,,1281-01-01,hayir,
1541,Jyväskylä,1669,yerlesimler_ek7.js,115,data/yerlesimler_ek7.js:115,sehir,62.242,25.747,Avrupa-Balkan,,1281-01-01,hayir,
1542,Kuopio,1670,yerlesimler_ek7.js,117,data/yerlesimler_ek7.js:117,sehir,62.893,27.678,Avrupa-Balkan,,1281-01-01,hayir,
1543,Iisalmi,1671,yerlesimler_ek7.js,119,data/yerlesimler_ek7.js:119,sehir,63.558,27.188,Avrupa-Balkan,,1281-01-01,hayir,
1544,Nurmes,1672,yerlesimler_ek7.js,121,data/yerlesimler_ek7.js:121,sehir,63.6,29.4,Avrupa-Balkan,,1281-01-01,hayir,
1545,Joensuu,1673,yerlesimler_ek7.js,123,data/yerlesimler_ek7.js:123,sehir,62.601,29.763,Avrupa-Balkan,,1281-01-01,hayir,
1546,Savonlinna,1674,yerlesimler_ek7.js,125,data/yerlesimler_ek7.js:125,kale,62.0,28.9,Avrupa-Balkan,,1281-01-01,hayir,
1547,Mikkeli,1675,yerlesimler_ek7.js,127,data/yerlesimler_ek7.js:127,sehir,61.688,27.273,Avrupa-Balkan,,1281-01-01,hayir,
1548,Lappeenranta,1676,yerlesimler_ek7.js,132,data/yerlesimler_ek7.js:132,kale,61.058,28.187,Avrupa-Balkan,,1281-01-01,hayir,
1549,Cēsis (Wenden),1677,yerlesimler_ek7.js,138,data/yerlesimler_ek7.js:138,kale,57.312,25.274,Avrupa-Balkan,,1281-01-01,hayir,
1550,Daugavpils (Dünaburg),1678,yerlesimler_ek7.js,143,data/yerlesimler_ek7.js:143,kale,55.875,26.536,Avrupa-Balkan,,1281-01-01,hayir,
1551,Kaunas,1679,yerlesimler_ek7.js,147,data/yerlesimler_ek7.js:147,sehir,54.897,23.886,Avrupa-Balkan,,1281-01-01,hayir,
1552,Šiauliai,1680,yerlesimler_ek7.js,149,data/yerlesimler_ek7.js:149,sehir,55.934,23.315,Avrupa-Balkan,,1281-01-01,hayir,
1553,Klaipėda (Memel),1681,yerlesimler_ek7.js,153,data/yerlesimler_ek7.js:153,liman,55.703,21.144,Avrupa-Balkan,,1281-01-01,hayir,
1554,Polotsk,1682,yerlesimler_ek7.js,157,data/yerlesimler_ek7.js:157,sehir,55.485,28.786,Avrupa-Balkan,,1281-01-01,hayir,
1555,Vitebsk,1683,yerlesimler_ek7.js,159,data/yerlesimler_ek7.js:159,sehir,55.191,30.206,Rusya,,1281-01-01,hayir,
1556,Mosjøen,1684,yerlesimler_ek8.js,75,data/yerlesimler_ek8.js:75,sehir,65.837,13.192,Avrupa-Balkan,,1281-01-01,hayir,
1557,Bodø,1685,yerlesimler_ek8.js,81,data/yerlesimler_ek8.js:81,sehir,67.2933,14.4446,Avrupa-Balkan,,1281-01-01,hayir,
1558,Tromsø,1686,yerlesimler_ek8.js,85,data/yerlesimler_ek8.js:85,sehir,69.6527,19.0119,Avrupa-Balkan,,1281-01-01,hayir,
1559,Alta,1687,yerlesimler_ek8.js,88,data/yerlesimler_ek8.js:88,sehir,69.9689,23.2717,Avrupa-Balkan,,1281-01-01,hayir,
1560,Vardø,1688,yerlesimler_ek8.js,95,data/yerlesimler_ek8.js:95,kale,70.3705,31.1107,Rusya,,1281-01-01,hayir,
1561,Luleå,1689,yerlesimler_ek8.js,104,data/yerlesimler_ek8.js:104,sehir,65.6042,22.1547,Avrupa-Balkan,,1281-01-01,hayir,
1562,Jokkmokk,1690,yerlesimler_ek8.js,107,data/yerlesimler_ek8.js:107,sehir,66.6069,19.8265,Avrupa-Balkan,,1281-01-01,hayir,
1563,Jukkasjärvi,1691,yerlesimler_ek8.js,124,data/yerlesimler_ek8.js:124,sehir,67.8693,20.6737,Avrupa-Balkan,,1281-01-01,hayir,
1564,Tornio,1692,yerlesimler_ek8.js,130,data/yerlesimler_ek8.js:130,sehir,65.8482,24.1436,Avrupa-Balkan,,1281-01-01,hayir,
1565,Oulu,1693,yerlesimler_ek8.js,133,data/yerlesimler_ek8.js:133,sehir,65.0121,25.4651,Avrupa-Balkan,,1281-01-01,hayir,
1566,Rovaniemi,1694,yerlesimler_ek8.js,136,data/yerlesimler_ek8.js:136,sehir,66.5039,25.7294,Avrupa-Balkan,,1281-01-01,hayir,
1567,Sodankylä,1695,yerlesimler_ek8.js,139,data/yerlesimler_ek8.js:139,sehir,67.4167,26.5833,Avrupa-Balkan,,1281-01-01,hayir,
1568,İnari,1696,yerlesimler_ek8.js,169,data/yerlesimler_ek8.js:169,sehir,68.9257,27.0337,Avrupa-Balkan,,1281-01-01,hayir,
1569,Petsamo (Peçenga),1697,yerlesimler_ek8.js,180,data/yerlesimler_ek8.js:180,sehir,69.55,31.22,Rusya,,1281-01-01,hayir,
1570,Kola,1698,yerlesimler_ek8.js,192,data/yerlesimler_ek8.js:192,kale,68.8815,33.0186,Rusya,,1281-01-01,hayir,
1571,Kandalakşa,1699,yerlesimler_ek8.js,195,data/yerlesimler_ek8.js:195,sehir,67.155,32.4117,Rusya,,1281-01-01,hayir,
1572,Ponoy,1700,yerlesimler_ek8.js,198,data/yerlesimler_ek8.js:198,sehir,67.0833,41.15,Rusya,,1281-01-01,hayir,
1573,Arhangelsk,1701,yerlesimler_ek8.js,201,data/yerlesimler_ek8.js:201,liman,64.5401,40.5433,Rusya,,1281-01-01,hayir,
1574,Mezen,1702,yerlesimler_ek8.js,204,data/yerlesimler_ek8.js:204,sehir,65.8447,44.2394,Rusya,,1281-01-01,hayir,
1575,Ust-Tsilma,1704,yerlesimler_ek8.js,213,data/yerlesimler_ek8.js:213,sehir,65.4392,52.1508,Rusya,,1281-01-01,hayir,
1576,Yamal ucu,1706,yerlesimler_ek8.js,233,data/yerlesimler_ek8.js:233,bolge,70.1667,72.5167,Sibirya,,1595-01-01,hayir,EVET
1577,Hatanga,1710,yerlesimler_ek8.js,256,data/yerlesimler_ek8.js:256,kale,71.9769,102.4675,Sibirya,,1626-01-01,hayir,EVET
1578,Bulun,1712,yerlesimler_ek8.js,265,data/yerlesimler_ek8.js:265,sehir,70.6667,127.4,Sibirya,,1632-01-01,hayir,EVET
1579,Ust-Yansk,1714,yerlesimler_ek8.js,273,data/yerlesimler_ek8.js:273,sehir,70.9,136.55,Sibirya,,1638-01-01,hayir,EVET
1580,Svalbard,1716,yerlesimler_ek8.js,303,data/yerlesimler_ek8.js:303,bolge,78.23,15.7348,Avrupa-Balkan,,,hayir,EVET
1581,Franz Josef Toprağı,1717,yerlesimler_ek8.js,307,data/yerlesimler_ek8.js:307,bolge,80.33,52.8,Rusya,,,hayir,EVET
1582,Severnaya Zemlya,1718,yerlesimler_ek8.js,310,data/yerlesimler_ek8.js:310,bolge,79.5,96.0,Sibirya,,,hayir,EVET
1583,Yeni Sibirya Adaları,1719,yerlesimler_ek8.js,313,data/yerlesimler_ek8.js:313,bolge,75.2,140.5,Sibirya,,,hayir,EVET
1584,Novaya Zemlya kuzeyi,1720,yerlesimler_ek8.js,316,data/yerlesimler_ek8.js:316,bolge,74.5,57.0,Rusya,,1877-01-01,hayir,EVET
1585,Novaya Zemlya güneyi,1721,yerlesimler_ek8.js,320,data/yerlesimler_ek8.js:320,bolge,71.5,53.0,Rusya,,1877-01-01,hayir,EVET
1586,Vaygaç,1722,yerlesimler_ek8.js,324,data/yerlesimler_ek8.js:324,bolge,69.9,59.3,Rusya,,1877-01-01,hayir,EVET
1587,Surgut,1724,yerlesimler_ek9.js,67,data/yerlesimler_ek9.js:67,kale,61.254,73.3962,Sibirya,,1592-01-01,hayir,EVET
1588,Albazin,1733,yerlesimler_ek9.js,123,data/yerlesimler_ek9.js:123,kale,53.38,124.093,Sibirya,,1651-01-01,hayir,EVET
1589,Kazak bozkırı (İşim),1734,yerlesimler_ek9.js,134,data/yerlesimler_ek9.js:134,bolge,52.5,68.0,Sibirya,,1281-01-01,hayir,
1590,Ayan,1736,yerlesimler_ek13.js,152,data/yerlesimler_ek13.js:152,liman,56.45,138.17,Sibirya,,1679-01-01,hayir,EVET
1591,Nikolayevsk (Amur ağzı),1737,yerlesimler_ek13.js,162,data/yerlesimler_ek13.js:162,liman,53.14,140.73,Sibirya,,1689-09-06,hayir,EVET
1592,Blagoveşçensk,1738,yerlesimler_ek13.js,178,data/yerlesimler_ek13.js:178,sehir,50.28,127.535,Sibirya,,1651-01-01,hayir,EVET
1593,Habarovka,1739,yerlesimler_ek13.js,185,data/yerlesimler_ek13.js:185,kale,48.48,135.08,DoguAsya,,1653-01-01,hayir,EVET
1594,İmperator limanı,1740,yerlesimler_ek13.js,189,data/yerlesimler_ek13.js:189,liman,49.03,140.23,DoguAsya,,1653-01-01,hayir,EVET
1595,Vladivostok,1741,yerlesimler_ek13.js,196,data/yerlesimler_ek13.js:196,liman,43.115,131.885,DoguAsya,,1653-01-01,hayir,EVET
1596,Korsakov (Güney Sahalin),1743,yerlesimler_ek13.js,208,data/yerlesimler_ek13.js:208,liman,46.633,142.786,DoguAsya,,1875-05-07,hayir,EVET
1597,Kirensk,1744,yerlesimler_ek13.js,219,data/yerlesimler_ek13.js:219,kale,57.78,108.11,Sibirya,,1630-01-01,hayir,EVET
1598,Semerkant,1750,yerlesimler_ek14.js,115,data/yerlesimler_ek14.js:115,sehir,39.6542,66.9758,OrtaAsya,,1220-01-01,EVET,
1599,Buhara,1751,yerlesimler_ek14.js,122,data/yerlesimler_ek14.js:122,sehir,39.7681,64.421,OrtaAsya,,1281-01-01,hayir,
1600,Karşi (Nahşeb),1752,yerlesimler_ek14.js,125,data/yerlesimler_ek14.js:125,sehir,38.86,65.795,OrtaAsya,,1281-01-01,hayir,
1601,Şehrisebz (Kiş),1753,yerlesimler_ek14.js,130,data/yerlesimler_ek14.js:130,sehir,39.058,66.833,OrtaAsya,,1281-01-01,hayir,
1602,Termez,1754,yerlesimler_ek14.js,138,data/yerlesimler_ek14.js:138,sehir,37.224,67.278,OrtaAsya,,1281-01-01,hayir,
1603,Hisar,1755,yerlesimler_ek14.js,142,data/yerlesimler_ek14.js:142,kale,38.52,68.55,OrtaAsya,,1281-01-01,hayir,
1604,Külâb (Kulob),1756,yerlesimler_ek14.js,145,data/yerlesimler_ek14.js:145,sehir,37.91,69.78,OrtaAsya,,1281-01-01,hayir,
1605,Cizzah,1757,yerlesimler_ek14.js,152,data/yerlesimler_ek14.js:152,kale,40.115,67.842,OrtaAsya,,1281-01-01,hayir,
1606,Almatı (Vernıy),1758,yerlesimler_ek14.js,163,data/yerlesimler_ek14.js:163,kale,43.238,76.889,OrtaAsya,,1281-01-01,hayir,
1607,Taşkent,1759,yerlesimler_ek15.js,65,data/yerlesimler_ek15.js:65,sehir,41.311,69.28,OrtaAsya,,1220-01-01,EVET,
1608,Hokand,1760,yerlesimler_ek15.js,69,data/yerlesimler_ek15.js:69,sehir,40.529,70.943,OrtaAsya,,1281-01-01,hayir,
1609,Andican,1761,yerlesimler_ek15.js,72,data/yerlesimler_ek15.js:72,sehir,40.783,72.35,OrtaAsya,,1281-01-01,hayir,
1610,Oş,1762,yerlesimler_ek15.js,75,data/yerlesimler_ek15.js:75,sehir,40.514,72.804,OrtaAsya,,1281-01-01,hayir,
1611,Hucend,1763,yerlesimler_ek15.js,82,data/yerlesimler_ek15.js:82,sehir,40.284,69.622,OrtaAsya,,1219-01-01,EVET,
1612,Türkistan (Yesi),1764,yerlesimler_ek15.js,90,data/yerlesimler_ek15.js:90,sehir,43.302,68.253,OrtaAsya,,1281-01-01,hayir,
1613,Çimkent,1765,yerlesimler_ek15.js,93,data/yerlesimler_ek15.js:93,kale,42.317,69.596,OrtaAsya,,1281-01-01,hayir,
1614,Çernigov,1766,yerlesimler_ek17.js,122,data/yerlesimler_ek17.js:122,sehir,51.4982,31.2893,Rusya,,1281-01-01,hayir,
1615,Novgorod-Seversk,1767,yerlesimler_ek17.js,125,data/yerlesimler_ek17.js:125,sehir,51.9874,33.262,Rusya,,1281-01-01,hayir,
1616,Putivl,1768,yerlesimler_ek17.js,132,data/yerlesimler_ek17.js:132,kale,51.3364,33.8703,Rusya,,1281-01-01,hayir,
1617,Bryansk,1769,yerlesimler_ek17.js,138,data/yerlesimler_ek17.js:138,sehir,53.2436,34.3639,Rusya,,1281-01-01,hayir,
1618,Kursk,1770,yerlesimler_ek17.js,141,data/yerlesimler_ek17.js:141,sehir,51.7304,36.1926,Rusya,,1281-01-01,hayir,
1619,Orel,1771,yerlesimler_ek17.js,144,data/yerlesimler_ek17.js:144,sehir,52.97,36.07,Rusya,,1281-01-01,hayir,
1620,Ryazan,1772,yerlesimler_ek17.js,156,data/yerlesimler_ek17.js:156,sehir,54.625,39.736,Rusya,,1281-01-01,hayir,
1621,Belgorod,1773,yerlesimler_ek17.js,163,data/yerlesimler_ek17.js:163,kale,50.595,36.587,Rusya,,1281-01-01,hayir,
1622,Tambov,1774,yerlesimler_ek17.js,166,data/yerlesimler_ek17.js:166,kale,52.721,41.452,Rusya,,1281-01-01,hayir,
1623,Penza,1775,yerlesimler_ek17.js,177,data/yerlesimler_ek17.js:177,kale,53.2,45.0,Rusya,,1281-01-01,hayir,
1624,Simbirsk,1776,yerlesimler_ek17.js,183,data/yerlesimler_ek17.js:183,kale,54.318,48.4,Rusya,,1281-01-01,hayir,
1625,Biysk,1781,yerlesimler_ek18.js,134,data/yerlesimler_ek18.js:134,kale,52.539,85.214,Sibirya,,1635-01-01,hayir,EVET
1626,Barnaul,1782,yerlesimler_ek18.js,138,data/yerlesimler_ek18.js:138,sehir,53.348,83.778,Sibirya,,1635-01-01,hayir,EVET
1627,Zmeinogorsk,1783,yerlesimler_ek18.js,147,data/yerlesimler_ek18.js:147,sehir,51.158,82.188,Sibirya,,1635-01-01,hayir,EVET
1628,Pavlodar (Koryakov),1784,yerlesimler_ek18.js,151,data/yerlesimler_ek18.js:151,kale,52.285,76.967,Sibirya,,1635-01-01,hayir,EVET
1629,Semipalatinsk,1785,yerlesimler_ek18.js,155,data/yerlesimler_ek18.js:155,kale,50.411,80.227,Sibirya,,1635-01-01,hayir,EVET
1630,Ust-Kamenogorsk,1786,yerlesimler_ek18.js,160,data/yerlesimler_ek18.js:160,kale,49.948,82.628,DoguAsya,,1635-01-01,hayir,EVET
1631,Herat,1787,yerlesimler_ek16.js,78,data/yerlesimler_ek16.js:78,sehir,34.342,62.203,OrtaAsya,,1175-01-01,EVET,
1632,Belh,1788,yerlesimler_ek16.js,89,data/yerlesimler_ek16.js:89,sehir,36.758,66.897,OrtaAsya,,1198-01-01,EVET,
1633,Çöçek (Tarbagatay),1789,yerlesimler_ek20.js,102,data/yerlesimler_ek20.js:102,sehir,46.75,82.98,DoguAsya,,1281-01-01,hayir,
1634,Altay (Şara Sume),1790,yerlesimler_ek20.js,106,data/yerlesimler_ek20.js:106,sehir,47.87,88.12,DoguAsya,,1281-01-01,hayir,
1635,Zaysan,1791,yerlesimler_ek20.js,114,data/yerlesimler_ek20.js:114,kale,47.4667,84.8667,DoguAsya,,1281-01-01,hayir,
1636,Cungarya havzası,1792,yerlesimler_ek20.js,121,data/yerlesimler_ek20.js:121,bolge,45.6,85.0,DoguAsya,,1281-01-01,hayir,
1637,Kerulen (Çoybalsan),1793,yerlesimler_ek19.js,135,data/yerlesimler_ek19.js:135,sehir,48.07,114.54,DoguAsya,,1281-01-01,hayir,
1638,Halhın Gol (Buir Nur),1794,yerlesimler_ek19.js,138,data/yerlesimler_ek19.js:138,bolge,47.8,118.2,DoguAsya,,1281-01-01,hayir,
1639,Öndörhaan (Hentiy),1795,yerlesimler_ek19.js,141,data/yerlesimler_ek19.js:141,sehir,47.32,110.66,DoguAsya,,1281-01-01,hayir,
1640,Dariganga,1796,yerlesimler_ek19.js,149,data/yerlesimler_ek19.js:149,bolge,45.32,113.9,DoguAsya,,1281-01-01,hayir,
1641,Bulgan,1797,yerlesimler_ek19.js,156,data/yerlesimler_ek19.js:156,sehir,48.81,103.53,DoguAsya,,1281-01-01,hayir,
1642,Mörön (Hövsgöl),1798,yerlesimler_ek19.js,159,data/yerlesimler_ek19.js:159,sehir,49.63,100.16,DoguAsya,,1281-01-01,hayir,
1643,Gobi-Altay (Yösönbulag),1799,yerlesimler_ek21.js,117,data/yerlesimler_ek21.js:117,sehir,46.37,96.26,DoguAsya,,1281-01-01,hayir,
1644,Bayanhongor,1800,yerlesimler_ek21.js,120,data/yerlesimler_ek21.js:120,sehir,46.19,100.72,DoguAsya,,1281-01-01,hayir,
1645,Ömnögovi (Dalanzadgad),1801,yerlesimler_ek21.js,125,data/yerlesimler_ek21.js:125,sehir,43.57,104.42,DoguAsya,,1281-01-01,hayir,
1646,Ejin (Hara-Hoto),1802,yerlesimler_ek21.js,137,data/yerlesimler_ek21.js:137,sehir,41.95,101.07,DoguAsya,,1281-01-01,hayir,
1647,Gaşun Gobi,1803,yerlesimler_ek21.js,143,data/yerlesimler_ek21.js:143,bolge,42.5,103.0,DoguAsya,,1281-01-01,hayir,
1648,Alaşa kuzeyi,1804,yerlesimler_ek21.js,146,data/yerlesimler_ek21.js:146,bolge,42.4,105.5,DoguAsya,,1281-01-01,hayir,
1649,Borisoglebsk,1805,yerlesimler_ek22.js,105,data/yerlesimler_ek22.js:105,kale,51.3667,42.0833,Rusya,,1281-01-01,hayir,
1650,Kamışin,1806,yerlesimler_ek22.js,111,data/yerlesimler_ek22.js:111,kale,50.0833,45.4,Rusya,,1281-01-01,hayir,
1651,Petrovsk (Saratov),1807,yerlesimler_ek22.js,114,data/yerlesimler_ek22.js:114,kale,52.3167,45.3833,Rusya,,1281-01-01,hayir,
1652,Syzran,1808,yerlesimler_ek22.js,117,data/yerlesimler_ek22.js:117,kale,53.15,48.4667,Rusya,,1281-01-01,hayir,
1653,Samara,1809,yerlesimler_ek22.js,125,data/yerlesimler_ek22.js:125,kale,53.2,50.15,Rusya,,1281-01-01,hayir,
1654,Behramkale (Assos),1810,yerlesimler_ek23.js,126,data/yerlesimler_ek23.js:126,kale,39.4897,26.3376,Anadolu,,1281-01-01,hayir,
1655,Beykoz,1811,yerlesimler_ek23.js,137,data/yerlesimler_ek23.js:137,sehir,41.1275,29.0925,Anadolu,,1281-01-01,hayir,
1656,Şarköy,1812,yerlesimler_ek23.js,151,data/yerlesimler_ek23.js:151,liman,40.6142,27.1146,Anadolu,,1281-01-01,hayir,
1657,Saroz kuzey kıyısı,1813,yerlesimler_ek23.js,165,data/yerlesimler_ek23.js:165,bolge,40.6456,26.695,Anadolu,,1281-01-01,hayir,
1658,Havsa,1815,yerlesimler_ek24.js,50,data/yerlesimler_ek24.js:50,kasaba,41.552,26.821,Anadolu,,1281-01-01,hayir,
1659,Meriç (İpsala kuzeyi),1816,yerlesimler_ek24.js,54,data/yerlesimler_ek24.js:54,kasaba,41.191,26.421,Anadolu,,1281-01-01,hayir,
1660,Orestiada (Kumçiftliği),1817,yerlesimler_ek24.js,59,data/yerlesimler_ek24.js:59,sehir,41.503,26.531,Anadolu,,1281-01-01,hayir,
1661,Sofulu (Soufli),1818,yerlesimler_ek24.js,63,data/yerlesimler_ek24.js:63,kasaba,41.193,26.298,Anadolu,,1281-01-01,hayir,
1662,Dedeağaç (Alexandroupoli),1819,yerlesimler_ek24.js,67,data/yerlesimler_ek24.js:67,liman,40.849,25.874,Avrupa-Balkan,,1281-01-01,hayir,
1663,Lalapaşa,1820,yerlesimler_ek24.js,72,data/yerlesimler_ek24.js:72,kasaba,41.836,26.741,Anadolu,,1281-01-01,hayir,
1664,Kofçaz,1821,yerlesimler_ek24.js,76,data/yerlesimler_ek24.js:76,kasaba,41.936,27.176,Anadolu,,1281-01-01,hayir,
1665,Dereköy (Kırklareli),1822,yerlesimler_ek24.js,80,data/yerlesimler_ek24.js:80,kasaba,41.943,27.401,Anadolu,,1281-01-01,hayir,
1666,Demirköy,1823,yerlesimler_ek24.js,84,data/yerlesimler_ek24.js:84,kasaba,41.822,27.762,Anadolu,,1281-01-01,hayir,
1667,İğneada,1824,yerlesimler_ek24.js,88,data/yerlesimler_ek24.js:88,liman,41.889,28.0258,Anadolu,,1281-01-01,hayir,
1668,Mustafapaşa (Svilengrad),1825,yerlesimler_ek24.js,93,data/yerlesimler_ek24.js:93,kasaba,41.766,26.207,Anadolu,,1281-01-01,hayir,
1669,Elhova (Elhovo),1826,yerlesimler_ek24.js,125,data/yerlesimler_ek24.js:125,kasaba,42.17,26.573,Anadolu,,1281-01-01,hayir,
1670,Malko Tırnova,1827,yerlesimler_ek24.js,129,data/yerlesimler_ek24.js:129,kasaba,41.983,27.525,Anadolu,,1281-01-01,hayir,
1671,Ahtapolu (Ahtopol),1828,yerlesimler_ek24.js,133,data/yerlesimler_ek24.js:133,liman,42.099,27.937,Anadolu,,1281-01-01,hayir,
1672,Rezve (Rezovo),1829,yerlesimler_ek24.js,137,data/yerlesimler_ek24.js:137,koy,41.9935,28.0192,Anadolu,,1281-01-01,hayir,
1673,Kilis,1830,yerlesimler_ek25.js,34,data/yerlesimler_ek25.js:34,kasaba,36.716,37.115,Anadolu,,1281-01-01,hayir,
1674,Suruç,1831,yerlesimler_ek25.js,38,data/yerlesimler_ek25.js:38,kasaba,36.976,38.427,Anadolu,,1281-01-01,hayir,
1675,Akçakale,1832,yerlesimler_ek25.js,42,data/yerlesimler_ek25.js:42,kasaba,36.71,38.947,Anadolu,,1281-01-01,hayir,
1676,Ceylanpınar,1833,yerlesimler_ek25.js,46,data/yerlesimler_ek25.js:46,kasaba,36.845,40.043,Anadolu,,1281-01-01,hayir,
1677,Nusaybin,1834,yerlesimler_ek25.js,50,data/yerlesimler_ek25.js:50,kasaba,37.077,41.215,Anadolu,,1281-01-01,hayir,
1678,Silopi,1835,yerlesimler_ek25.js,54,data/yerlesimler_ek25.js:54,kasaba,37.246,42.47,Anadolu,,1281-01-01,hayir,
1679,Azez (A'zâz),1836,yerlesimler_ek25.js,69,data/yerlesimler_ek25.js:69,kasaba,36.586,37.045,Anadolu,,1281-01-01,hayir,
1680,Münbiç,1837,yerlesimler_ek25.js,73,data/yerlesimler_ek25.js:73,kasaba,36.528,37.955,Anadolu,,1281-01-01,hayir,
1681,Cerablus,1838,yerlesimler_ek25.js,77,data/yerlesimler_ek25.js:77,kasaba,36.825,38.014,Anadolu,,1281-01-01,hayir,
1682,Ayn el-Arab (Kobani),1839,yerlesimler_ek25.js,81,data/yerlesimler_ek25.js:81,kasaba,36.891,38.353,Anadolu,,1281-01-01,hayir,
1683,Malikiye (Derik),1840,yerlesimler_ek25.js,85,data/yerlesimler_ek25.js:85,kasaba,37.176,42.145,Anadolu,,1281-01-01,hayir,
1684,Şavşat,1841,yerlesimler_ek26.js,30,data/yerlesimler_ek26.js:30,kasaba,41.245,42.36,Anadolu,,1281-01-01,hayir,
1685,Posof,1842,yerlesimler_ek26.js,34,data/yerlesimler_ek26.js:34,kasaba,41.51,42.72,Anadolu,,1281-01-01,hayir,
1686,Hanak,1843,yerlesimler_ek26.js,38,data/yerlesimler_ek26.js:38,kasaba,41.23,42.855,Anadolu,,1281-01-01,hayir,
1687,Hulo (Acara),1844,yerlesimler_ek26.js,43,data/yerlesimler_ek26.js:43,kasaba,41.645,42.31,Anadolu,,1281-01-01,hayir,
1688,Arpaçay (Akyaka),1845,yerlesimler_ek26.js,48,data/yerlesimler_ek26.js:48,kasaba,40.845,43.325,Anadolu,,1281-01-01,hayir,
1689,Digor,1846,yerlesimler_ek26.js,52,data/yerlesimler_ek26.js:52,kasaba,40.375,43.41,Anadolu,,1281-01-01,hayir,
1690,Iğdır,1847,yerlesimler_ek26.js,56,data/yerlesimler_ek26.js:56,kasaba,39.92,44.045,Anadolu,,1281-01-01,hayir,
1691,Gümrü (Aleksandropol),1848,yerlesimler_ek26.js,87,data/yerlesimler_ek26.js:87,sehir,40.789,43.847,Anadolu,,1281-01-01,hayir,
1692,Eçmiyadzin,1849,yerlesimler_ek26.js,91,data/yerlesimler_ek26.js:91,sehir,40.162,44.293,Anadolu,,1281-01-01,hayir,
1693,Doğubayazıt,1850,yerlesimler_ek26.js,113,data/yerlesimler_ek26.js:113,kale,39.548,44.084,Anadolu,,1281-01-01,hayir,
1694,Çaldıran,1851,yerlesimler_ek26.js,130,data/yerlesimler_ek26.js:130,kasaba,39.145,43.91,Anadolu,,1281-01-01,hayir,
1695,Özalp (Saray),1852,yerlesimler_ek26.js,134,data/yerlesimler_ek26.js:134,kasaba,38.658,43.998,Anadolu,,1281-01-01,hayir,
1696,Başkale,1853,yerlesimler_ek26.js,138,data/yerlesimler_ek26.js:138,kale,38.045,44.01,Anadolu,,1281-01-01,hayir,
1697,Yüksekova (Gever),1854,yerlesimler_ek26.js,142,data/yerlesimler_ek26.js:142,kasaba,37.573,44.29,Anadolu,,1281-01-01,hayir,
1698,Artvin,1855,yerlesimler_ek27.js,37,data/yerlesimler_ek27.js:37,sehir,41.183,41.822,Anadolu,,1281-01-01,hayir,
1699,Hopa,1856,yerlesimler_ek27.js,41,data/yerlesimler_ek27.js:41,liman,41.39,41.427,Anadolu,,1281-01-01,hayir,
1700,Sarp,1857,yerlesimler_ek27.js,46,data/yerlesimler_ek27.js:46,koy,41.52,41.545,Anadolu,,1281-01-01,hayir,
1701,İskenderun,1859,yerlesimler_ek27.js,89,data/yerlesimler_ek27.js:89,liman,36.587,36.173,Anadolu,,1098-06-03,EVET,
1702,Payas,1860,yerlesimler_ek28.js,49,data/yerlesimler_ek28.js:49,kale,36.755,36.213,Anadolu,,1281-01-01,hayir,
1703,Dörtyol,1861,yerlesimler_ek28.js,61,data/yerlesimler_ek28.js:61,kasaba,36.845,36.221,Anadolu,,1281-01-01,hayir,
1704,Erzin,1862,yerlesimler_ek28.js,68,data/yerlesimler_ek28.js:68,kasaba,36.955,36.201,Anadolu,,1281-01-01,hayir,
1705,Yumurtalık,1863,yerlesimler_ek28.js,76,data/yerlesimler_ek28.js:76,liman,36.7721,35.787,Anadolu,,1281-01-01,hayir,
1706,Arhavi,1864,yerlesimler_ek28.js,91,data/yerlesimler_ek28.js:91,kasaba,41.354,41.316,Anadolu,,1281-01-01,hayir,
1707,Borçka,1865,yerlesimler_ek28.js,100,data/yerlesimler_ek28.js:100,kasaba,41.339,41.677,Anadolu,,1281-01-01,hayir,
1708,Sarıkamış,1866,yerlesimler_ek28.js,111,data/yerlesimler_ek28.js:111,kasaba,40.328,42.578,Anadolu,,1281-01-01,hayir,
1709,Ahılkelek (Akhalkalaki),1867,yerlesimler_ek28.js,125,data/yerlesimler_ek28.js:125,kale,41.403,43.484,Anadolu,,1281-01-01,hayir,
1710,Erdel Belgradı (Gyulafehérvár),1868,yerlesimler_ek29.js,75,data/yerlesimler_ek29.js:75,sehir,46.0678,23.58,Avrupa-Balkan,,1281-01-01,hayir,
1711,Brassó (Braşov),1869,yerlesimler_ek29.js,91,data/yerlesimler_ek29.js:91,sehir,45.6427,25.5887,Avrupa-Balkan,,1281-01-01,hayir,
1712,Segesvár (Sighişoara),1870,yerlesimler_ek29.js,97,data/yerlesimler_ek29.js:97,sehir,46.2197,24.7925,Avrupa-Balkan,,1281-01-01,hayir,
1713,Nitra (Nyitra),1871,yerlesimler_ek29.js,118,data/yerlesimler_ek29.js:118,kale,48.3069,18.0864,Avrupa-Balkan,,1281-01-01,hayir,
1714,Komárom (Komárno),1872,yerlesimler_ek29.js,139,data/yerlesimler_ek29.js:139,kale,47.7625,18.125,Avrupa-Balkan,,1281-01-01,hayir,
1715,Léva (Levice),1873,yerlesimler_ek29.js,155,data/yerlesimler_ek29.js:155,kale,48.2172,18.6069,Avrupa-Balkan,,1281-01-01,hayir,
1716,Trencsén (Trenčín),1874,yerlesimler_ek29.js,167,data/yerlesimler_ek29.js:167,kale,48.8945,18.0444,Avrupa-Balkan,,1281-01-01,hayir,
1717,Varasd (Varaždin),1875,yerlesimler_ek29.js,182,data/yerlesimler_ek29.js:182,sehir,46.3057,16.3366,Avrupa-Balkan,,1281-01-01,hayir,
1718,Sisak,1876,yerlesimler_ek29.js,199,data/yerlesimler_ek29.js:199,kale,45.4658,16.3783,Avrupa-Balkan,,1281-01-01,hayir,
1719,Kostayniçe (Kostajnica),1878,yerlesimler_ek29.js,263,data/yerlesimler_ek29.js:263,kale,45.232,16.539,Avrupa-Balkan,,1281-01-01,hayir,
1720,Bosna Dubiçası (Bosanska Dubica),1879,yerlesimler_ek29.js,272,data/yerlesimler_ek29.js:272,kale,45.174,16.81,Avrupa-Balkan,,1281-01-01,hayir,
1721,Bosna Novi'si (Bosanski Novi),1880,yerlesimler_ek29.js,279,data/yerlesimler_ek29.js:279,kale,45.048,16.377,Avrupa-Balkan,,1281-01-01,hayir,
1722,Jasenovaç (Jasenovac),1881,yerlesimler_ek29.js,286,data/yerlesimler_ek29.js:286,kale,45.281,16.917,Avrupa-Balkan,,1281-01-01,hayir,
1723,Bosna Brod'u (Bosanski Brod),1882,yerlesimler_ek29.js,295,data/yerlesimler_ek29.js:295,kale,45.138,17.988,Avrupa-Balkan,,1281-01-01,hayir,
1724,Üsküdar,1883,yerlesimler_ek29.js,345,data/yerlesimler_ek29.js:345,sehir,41.0227,29.0153,Anadolu,,1281-01-01,hayir,
1725,İshaklı,1884,yerlesimler_ek29.js,355,data/yerlesimler_ek29.js:355,kasaba,38.5439,31.2447,Anadolu,,1281-01-01,hayir,
1726,Ilgın,1885,yerlesimler_ek29.js,364,data/yerlesimler_ek29.js:364,kasaba,38.2792,31.9139,Anadolu,,1281-01-01,hayir,
1727,Karapınar,1886,yerlesimler_ek29.js,370,data/yerlesimler_ek29.js:370,kasaba,37.7156,33.5514,Anadolu,,1281-01-01,hayir,
1728,Ulukışla,1887,yerlesimler_ek29.js,376,data/yerlesimler_ek29.js:376,kasaba,37.5461,34.4869,Anadolu,,1281-01-01,hayir,
1729,Tosya,1888,yerlesimler_ek29.js,382,data/yerlesimler_ek29.js:382,kasaba,41.0161,34.0397,Anadolu,,1281-01-01,hayir,
1730,Karahisâr-ı Şarkî (Şebinkarahisar),1889,yerlesimler_ek29.js,401,data/yerlesimler_ek29.js:401,kale,40.2886,38.4247,Anadolu,,1281-01-01,hayir,
1731,Kelkit,1890,yerlesimler_ek29.js,408,data/yerlesimler_ek29.js:408,kasaba,40.1281,39.4381,Anadolu,,1281-01-01,hayir,
1732,Aşkale,1891,yerlesimler_ek29.js,414,data/yerlesimler_ek29.js:414,kasaba,39.9214,40.6939,Anadolu,,1281-01-01,hayir,
1733,Silivri,1892,yerlesimler_ek29.js,425,data/yerlesimler_ek29.js:425,kale,41.0791,28.2493,Anadolu,,1281-01-01,hayir,
1734,Vize,1893,yerlesimler_ek29.js,431,data/yerlesimler_ek29.js:431,kale,41.5714,27.7658,Anadolu,,1281-01-01,hayir,
1735,Prevadi (Provadia),1894,yerlesimler_ek29.js,438,data/yerlesimler_ek29.js:438,kale,43.1789,27.4331,Avrupa-Balkan,,1281-01-01,hayir,
1736,Babadağı (Babadag),1895,yerlesimler_ek29.js,464,data/yerlesimler_ek29.js:464,kasaba,44.8917,28.7169,Avrupa-Balkan,,1281-01-01,hayir,
1737,İshakçı (Isaccea),1897,yerlesimler_ek29.js,482,data/yerlesimler_ek29.js:482,kale,45.2736,28.46,Avrupa-Balkan,,1281-01-01,hayir,
1738,Yagodina (Jagodina),1898,yerlesimler_ek29.js,491,data/yerlesimler_ek29.js:491,kasaba,43.9772,21.2617,Avrupa-Balkan,,1281-01-01,hayir,
1739,Praviște (Eleftheroupoli),1899,yerlesimler_ek29.js,498,data/yerlesimler_ek29.js:498,kasaba,40.9167,24.25,Avrupa-Balkan,,1281-01-01,hayir,
1740,Lanzaka (Lagkadas),1900,yerlesimler_ek29.js,510,data/yerlesimler_ek29.js:510,kasaba,40.75,23.0667,Avrupa-Balkan,,1281-01-01,hayir,
1741,Deyrülkamer (Dayr al-Kamer),1901,yerlesimler_ek29.js,573,data/yerlesimler_ek29.js:573,kasaba,33.6989,35.5619,Levant-Irak-Arabistan,,1281-01-01,hayir,
1742,Ba'lebek (Baalbek),1902,yerlesimler_ek29.js,592,data/yerlesimler_ek29.js:592,kasaba,34.0059,36.2181,Levant-Irak-Arabistan,,1260-01-01,EVET,
1743,Sûr (Tyre) — Lübnan,1903,yerlesimler_ek29.js,598,data/yerlesimler_ek29.js:598,liman,33.2704,35.2038,Levant-Irak-Arabistan,,1281-01-01,hayir,
1744,Krupa (Bosanska Krupa),1904,yerlesimler_ek29.js,606,data/yerlesimler_ek29.js:606,kale,44.882,16.158,Avrupa-Balkan,,1281-01-01,hayir,
1745,"Ostrovica (Stara Ostrovica, Kulen Vakuf)",1905,yerlesimler_ek29.js,623,data/yerlesimler_ek29.js:623,kale,44.558,16.081,Avrupa-Balkan,,1281-01-01,hayir,
1746,Udbina,1906,yerlesimler_ek29.js,634,data/yerlesimler_ek29.js:634,kale,44.532,15.767,Avrupa-Balkan,,1281-01-01,hayir,
1747,Gospić,1907,yerlesimler_ek29.js,645,data/yerlesimler_ek29.js:645,kale,44.546,15.375,Avrupa-Balkan,,1281-01-01,hayir,
1748,Cetin (Cetingrad),1908,yerlesimler_ek29.js,655,data/yerlesimler_ek29.js:655,kale,45.138,15.732,Avrupa-Balkan,,1281-01-01,hayir,
1749,Drežnik (Drežnik Grad),1909,yerlesimler_ek29.js,669,data/yerlesimler_ek29.js:669,kale,44.943,15.669,Avrupa-Balkan,,1281-01-01,hayir,
1750,Aydonat (Paramythia),1910,yerlesimler_epir.js,72,data/yerlesimler_epir.js:72,sehir,39.4667,20.5167,Avrupa-Balkan,,1281-01-01,hayir,
1751,Margiliç (Margariti),1911,yerlesimler_epir.js,91,data/yerlesimler_epir.js:91,sehir,39.55,20.4167,Avrupa-Balkan,,1281-01-01,hayir,
1752,Delvine,1912,yerlesimler_epir.js,174,data/yerlesimler_epir.js:174,sehir,39.95,20.0972,Avrupa-Balkan,,1281-01-01,hayir,
1753,Ergiri (Ergirikasrı),1913,yerlesimler_epir.js,217,data/yerlesimler_epir.js:217,sehir,40.0758,20.1389,Avrupa-Balkan,,1281-01-01,hayir,
1754,Butrint (Butrinto),1914,yerlesimler_epir.js,243,data/yerlesimler_epir.js:243,kale,39.7458,20.0206,Avrupa-Balkan,,1281-01-01,hayir,
1755,Hımara (Himarë),1915,yerlesimler_epir.js,277,data/yerlesimler_epir.js:277,kale,40.1017,19.7444,Avrupa-Balkan,,1281-01-01,hayir,
1756,Ayasaranda (Sarandë),1916,yerlesimler_epir.js,299,data/yerlesimler_epir.js:299,sehir,39.875,20.0053,Avrupa-Balkan,,1281-01-01,hayir,
1757,Souli (Sûli),1917,yerlesimler_epir.js,320,data/yerlesimler_epir.js:320,kale,39.4167,20.6167,Avrupa-Balkan,,1281-01-01,hayir,
1758,İgumenitsa (Gomenice),1918,yerlesimler_epir.js,353,data/yerlesimler_epir.js:353,sehir,39.5042,20.265,Avrupa-Balkan,,1281-01-01,hayir,
1759,Filat (Filiates),1919,yerlesimler_epir.js,370,data/yerlesimler_epir.js:370,sehir,39.6053,20.3175,Avrupa-Balkan,,1281-01-01,hayir,
1760,Şehirköy (Pirot),1920,yerlesimler_serhat.js,140,data/yerlesimler_serhat.js:140,kasaba,43.1531,22.5861,Avrupa-Balkan,,1281-01-01,hayir,
1761,Alacahisar (Kruševac),1921,yerlesimler_serhat.js,152,data/yerlesimler_serhat.js:152,sehir,43.58,21.327,Avrupa-Balkan,,1281-01-01,hayir,
1762,Çatalca,1922,yerlesimler_serhat.js,191,data/yerlesimler_serhat.js:191,kasaba,41.1436,28.4611,Anadolu,,1281-01-01,hayir,
1763,Debrecen,1923,yerlesimler_kdmacar.js,114,data/yerlesimler_kdmacar.js:114,sehir,47.5316,21.6273,Avrupa-Balkan,,1281-01-01,hayir,
1764,Texcoco,1925,yerlesimler_amerika.js,157,data/yerlesimler_amerika.js:157,sehir,19.5039,-98.8823,Amerika,,1281-01-01,hayir,
1765,Tlaxcala,1927,yerlesimler_amerika.js,178,data/yerlesimler_amerika.js:178,sehir,19.3182,-98.2375,Amerika,,1281-01-01,hayir,
1766,Cholula,1928,yerlesimler_amerika.js,188,data/yerlesimler_amerika.js:188,sehir,19.0631,-98.3037,Amerika,,1281-01-01,hayir,
1767,Cempoala (Zempoala),1929,yerlesimler_amerika.js,197,data/yerlesimler_amerika.js:197,sehir,19.4139,-96.3925,Amerika,,1281-01-01,hayir,
1768,Huexotzinco (Huejotzingo),1930,yerlesimler_amerika.js,205,data/yerlesimler_amerika.js:205,sehir,19.1517,-98.4033,Amerika,,1281-01-01,hayir,
1769,Xochimilco,1931,yerlesimler_amerika.js,213,data/yerlesimler_amerika.js:213,sehir,19.2647,-99.1031,Amerika,,1281-01-01,hayir,
1770,Chalco,1932,yerlesimler_amerika.js,222,data/yerlesimler_amerika.js:222,sehir,19.2667,-98.8833,Amerika,,1281-01-01,hayir,
1771,Tepeaca,1933,yerlesimler_amerika.js,231,data/yerlesimler_amerika.js:231,sehir,18.9667,-97.9,Amerika,,1281-01-01,hayir,
1772,Zaachila,1937,yerlesimler_amerika.js,273,data/yerlesimler_amerika.js:273,sehir,16.9833,-96.75,Amerika,,1281-01-01,hayir,
1773,Mitla,1938,yerlesimler_amerika.js,281,data/yerlesimler_amerika.js:281,sehir,16.92,-96.3583,Amerika,,1281-01-01,hayir,
1774,Tututepec (Yucu Dzaa),1939,yerlesimler_amerika.js,289,data/yerlesimler_amerika.js:289,sehir,16.1517,-97.6156,Amerika,,1281-01-01,hayir,
1775,Mayapán,1940,yerlesimler_amerika.js,300,data/yerlesimler_amerika.js:300,sehir,20.6244,-89.4611,Amerika,1441-01-01,1281-01-01,hayir,
1776,Chichén Itzá,1941,yerlesimler_amerika.js,310,data/yerlesimler_amerika.js:310,sehir,20.6843,-88.5678,Amerika,,1281-01-01,hayir,
1777,Maní,1942,yerlesimler_amerika.js,318,data/yerlesimler_amerika.js:318,sehir,20.3833,-89.3833,Amerika,,1281-01-01,hayir,
1778,Sotuta,1943,yerlesimler_amerika.js,325,data/yerlesimler_amerika.js:325,sehir,20.5875,-89.0181,Amerika,,1281-01-01,hayir,
1779,Zaculeu,1946,yerlesimler_amerika.js,352,data/yerlesimler_amerika.js:352,sehir,15.3486,-91.4886,Amerika,1525-01-01,1281-01-01,hayir,
1780,Nojpetén (Tayasal / Flores),1947,yerlesimler_amerika.js,363,data/yerlesimler_amerika.js:363,sehir,16.9284,-89.8903,Amerika,,1281-01-01,hayir,
1781,Potonchán (Santa María de la Victoria),1948,yerlesimler_amerika.js,371,data/yerlesimler_amerika.js:371,sehir,18.5439,-92.6461,Amerika,,1281-01-01,hayir,
1782,Acalán (Itzamkanac),1949,yerlesimler_amerika.js,380,data/yerlesimler_amerika.js:380,sehir,18.2,-90.9667,Amerika,,1281-01-01,hayir,
1783,Cusco (Qosqo),1960,yerlesimler_amerika.js,469,data/yerlesimler_amerika.js:469,sehir,-13.532,-71.9675,Amerika,,1281-01-01,hayir,
1784,Quito,1961,yerlesimler_amerika.js,479,data/yerlesimler_amerika.js:479,sehir,-0.2299,-78.5249,Amerika,,1487-01-01,hayir,EVET
1785,Cajamarca,1962,yerlesimler_amerika.js,491,data/yerlesimler_amerika.js:491,sehir,-7.1611,-78.5127,Amerika,,1465-01-01,hayir,EVET
1786,Tumbes,1963,yerlesimler_amerika.js,501,data/yerlesimler_amerika.js:501,liman,-3.5669,-80.4515,Amerika,,1470-01-01,hayir,EVET
1787,Chan Chan,1987,yerlesimler_amerika.js,682,data/yerlesimler_amerika.js:682,sehir,-8.0989,-79.0742,Amerika,,1281-01-01,hayir,
1788,Túcume,1988,yerlesimler_amerika.js,692,data/yerlesimler_amerika.js:692,sehir,-6.5167,-79.8167,Amerika,,1281-01-01,hayir,
1789,Hatun Colla,1989,yerlesimler_amerika.js,705,data/yerlesimler_amerika.js:705,sehir,-15.4667,-70.0333,Amerika,,1281-01-01,hayir,
1790,Chucuito,1990,yerlesimler_amerika.js,714,data/yerlesimler_amerika.js:714,sehir,-15.8884,-69.7666,Amerika,,1281-01-01,hayir,
1791,Bacatá (Bogotá),1991,yerlesimler_amerika.js,725,data/yerlesimler_amerika.js:725,sehir,4.711,-74.0721,Amerika,,1281-01-01,hayir,
1792,Hunza (Tunja),1992,yerlesimler_amerika.js,735,data/yerlesimler_amerika.js:735,sehir,5.5353,-73.3678,Amerika,,1281-01-01,hayir,
1793,Arauco (Mapuche/Araukanya — kuzey sınır bölgesi),1993,yerlesimler_amerika.js,746,data/yerlesimler_amerika.js:746,bolge,-37.2464,-73.3175,Amerika,,1281-01-01,hayir,
1794,Purén (Mapuche/Araukanya — güney direniş bölgesi),1994,yerlesimler_amerika.js,755,data/yerlesimler_amerika.js:755,bolge,-38.0333,-73.0833,Amerika,,1281-01-01,hayir,
1795,Quilmes (Calchaquí Vadisi — Diaguita),1995,yerlesimler_amerika.js,762,data/yerlesimler_amerika.js:762,bolge,-26.5833,-66.1667,Amerika,,1281-01-01,hayir,
1796,Cahokia,1996,yerlesimler_amerika.js,776,data/yerlesimler_amerika.js:776,sehir,38.6553,-90.0614,Amerika,1350-01-01,1281-01-01,hayir,
1797,Onondaga (İrokua Konfederasyon Merkezi),1997,yerlesimler_amerika.js,785,data/yerlesimler_amerika.js:785,sehir,43.0326,-76.1794,Amerika,,1450-01-01,hayir,EVET
1798,Mohawk (Kayenlaha'ke),1998,yerlesimler_amerika.js,790,data/yerlesimler_amerika.js:790,koy,42.9506,-74.3287,Amerika,,1450-01-01,hayir,EVET
1799,Seneca (Ganondagan),1999,yerlesimler_amerika.js,795,data/yerlesimler_amerika.js:795,koy,42.9084,-77.4258,Amerika,,1450-01-01,hayir,EVET
1800,Cayuga,2000,yerlesimler_amerika.js,800,data/yerlesimler_amerika.js:800,koy,42.7326,-76.7466,Amerika,,1450-01-01,hayir,EVET
1801,Oneida,2001,yerlesimler_amerika.js,805,data/yerlesimler_amerika.js:805,koy,43.0906,-75.6349,Amerika,,1450-01-01,hayir,EVET
1802,Werowocomoco (Powhatan Konfederasyonu Başkenti),2002,yerlesimler_amerika.js,818,data/yerlesimler_amerika.js:818,sehir,37.3939,-76.6302,Amerika,,1281-01-01,hayir,
1803,Taos Pueblo,2003,yerlesimler_amerika.js,828,data/yerlesimler_amerika.js:828,koy,36.4361,-105.5411,Amerika,,1610-01-01,hayir,EVET
1804,Acoma Pueblo (Sky City),2004,yerlesimler_amerika.js,835,data/yerlesimler_amerika.js:835,koy,34.9903,-107.5814,Amerika,,1610-01-01,hayir,EVET
1805,"Oraibi (Hopi, Üçüncü Mesa)",2005,yerlesimler_amerika.js,849,data/yerlesimler_amerika.js:849,koy,35.8908,-110.6289,Amerika,,,hayir,EVET
1806,Natchez (Grand Village),2006,yerlesimler_amerika.js,855,data/yerlesimler_amerika.js:855,sehir,31.5451,-91.3915,Amerika,,1281-01-01,hayir,
1807,Coweta (Creek/Mvskoke Konfederasyonu — Aşağı Kasabalar merkezi),2007,yerlesimler_amerika.js,869,data/yerlesimler_amerika.js:869,sehir,32.4699,-84.9877,Amerika,,1281-01-01,hayir,
1808,Chota (Cherokee Overhill Başkenti),2008,yerlesimler_amerika.js,877,data/yerlesimler_amerika.js:877,sehir,35.6389,-84.1727,Amerika,,1281-01-01,hayir,
1809,"Nanih Waiya (Choctaw Konfederasyonu, kutsal/köken merkezi)",2009,yerlesimler_amerika.js,885,data/yerlesimler_amerika.js:885,koy,32.9865,-89.159,Amerika,,1281-01-01,hayir,
1810,Büyük Ovalar (orta kesim),2030,yerlesimler_amerika.js,1028,data/yerlesimler_amerika.js:1028,bolge,43.0,-100.0,Amerika,,,hayir,EVET
1811,Jaragua (Taino cacicazgosu),2031,yerlesimler_amerika.js,1047,data/yerlesimler_amerika.js:1047,bolge,18.5108,-72.6338,Amerika,,1503-01-01,hayir,EVET
1812,Higüey (Taino cacicazgosu),2032,yerlesimler_amerika.js,1057,data/yerlesimler_amerika.js:1057,bolge,18.6144,-68.7047,Amerika,,1504-01-01,hayir,EVET
1813,Camagüey bölgesi (Taino),2037,yerlesimler_amerika.js,1112,data/yerlesimler_amerika.js:1112,bolge,21.3808,-77.9169,Amerika,,1514-01-01,hayir,EVET
1814,Delgo (Sükkût),2057,yerlesimler_h2_afrika.js,110,data/yerlesimler_h2_afrika.js:110,sehir,20.126,30.548,KuzeyAfrika-Misir,,1281-01-01,hayir,
1815,Abrî (Mahas),2058,yerlesimler_h2_afrika.js,115,data/yerlesimler_h2_afrika.js:115,sehir,20.803,30.352,KuzeyAfrika-Misir,,1281-01-01,hayir,
1816,Kortî,2059,yerlesimler_h2_afrika.js,120,data/yerlesimler_h2_afrika.js:120,sehir,18.1,31.567,KuzeyAfrika-Misir,,1281-01-01,hayir,
1817,Ed-Dâmer,2060,yerlesimler_h2_afrika.js,125,data/yerlesimler_h2_afrika.js:125,sehir,17.598,33.966,Levant-Irak-Arabistan,,1281-01-01,hayir,
1818,Kabûşiyye,2061,yerlesimler_h2_afrika.js,130,data/yerlesimler_h2_afrika.js:130,sehir,16.883,33.75,Levant-Irak-Arabistan,,1281-01-01,hayir,
1819,Ümmü Dermân,2062,yerlesimler_h2_afrika.js,141,data/yerlesimler_h2_afrika.js:141,sehir,15.645,32.477,KuzeyAfrika-Misir,,1281-01-01,hayir,
1820,Sincâ,2063,yerlesimler_h2_afrika.js,154,data/yerlesimler_h2_afrika.js:154,sehir,13.145,33.932,Levant-Irak-Arabistan,,1281-01-01,hayir,
1821,Müsellemiyye,2064,yerlesimler_h2_afrika.js,159,data/yerlesimler_h2_afrika.js:159,sehir,14.4,33.325,Levant-Irak-Arabistan,,1281-01-01,hayir,
1822,Rufâa,2065,yerlesimler_h2_afrika.js,163,data/yerlesimler_h2_afrika.js:163,sehir,14.767,33.367,Levant-Irak-Arabistan,,1281-01-01,hayir,
1823,El-Kavâ,2066,yerlesimler_h2_afrika.js,168,data/yerlesimler_h2_afrika.js:168,sehir,13.74,32.5,Levant-Irak-Arabistan,,1281-01-01,hayir,
1824,Cebeleyn,2067,yerlesimler_h2_afrika.js,173,data/yerlesimler_h2_afrika.js:173,sehir,12.598,32.816,Levant-Irak-Arabistan,,1281-01-01,hayir,
1825,Kurmuk,2068,yerlesimler_h2_afrika.js,178,data/yerlesimler_h2_afrika.js:178,sehir,10.83,34.283,AltSahra-Afrika,,1281-01-01,hayir,
1826,Er-Rahad,2069,yerlesimler_h2_afrika.js,194,data/yerlesimler_h2_afrika.js:194,sehir,12.712,30.648,KuzeyAfrika-Misir,,1281-01-01,hayir,
1827,Ümmü Rüvâbe,2070,yerlesimler_h2_afrika.js,198,data/yerlesimler_h2_afrika.js:198,sehir,12.903,31.217,KuzeyAfrika-Misir,,1281-01-01,hayir,
1828,Sodirî,2071,yerlesimler_h2_afrika.js,204,data/yerlesimler_h2_afrika.js:204,sehir,14.423,29.1,KuzeyAfrika-Misir,,1281-01-01,hayir,
1829,Dilling,2072,yerlesimler_h2_afrika.js,210,data/yerlesimler_h2_afrika.js:210,sehir,12.05,29.65,KuzeyAfrika-Misir,,1281-01-01,hayir,
1830,Kâdûglî,2073,yerlesimler_h2_afrika.js,214,data/yerlesimler_h2_afrika.js:214,sehir,11.01,29.717,AltSahra-Afrika,,1281-01-01,hayir,
1831,Talodi,2074,yerlesimler_h2_afrika.js,218,data/yerlesimler_h2_afrika.js:218,sehir,10.633,30.383,AltSahra-Afrika,,1281-01-01,hayir,
1832,Ebû Zabed,2075,yerlesimler_h2_afrika.js,222,data/yerlesimler_h2_afrika.js:222,sehir,12.35,29.25,KuzeyAfrika-Misir,,1281-01-01,hayir,
1833,Muglad,2076,yerlesimler_h2_afrika.js,227,data/yerlesimler_h2_afrika.js:227,sehir,11.033,27.733,AltSahra-Afrika,,1281-01-01,hayir,
1834,Bâbanûsa,2077,yerlesimler_h2_afrika.js,231,data/yerlesimler_h2_afrika.js:231,sehir,11.333,27.817,AltSahra-Afrika,,1281-01-01,hayir,
1835,Ğubeyş,2078,yerlesimler_h2_afrika.js,235,data/yerlesimler_h2_afrika.js:235,sehir,12.15,27.383,KuzeyAfrika-Misir,,1281-01-01,hayir,
1836,Kutum,2079,yerlesimler_h2_afrika.js,288,data/yerlesimler_h2_afrika.js:288,sehir,14.2,24.66,KuzeyAfrika-Misir,,1281-01-01,hayir,
1837,Kebkâbiye,2080,yerlesimler_h2_afrika.js,292,data/yerlesimler_h2_afrika.js:292,sehir,13.65,24.083,KuzeyAfrika-Misir,,1281-01-01,hayir,
1838,Cebel Merre,2081,yerlesimler_h2_afrika.js,298,data/yerlesimler_h2_afrika.js:298,bolge,12.95,24.27,KuzeyAfrika-Misir,,1281-01-01,hayir,
1839,Zâlincî,2082,yerlesimler_h2_afrika.js,302,data/yerlesimler_h2_afrika.js:302,sehir,12.905,23.483,KuzeyAfrika-Misir,,1281-01-01,hayir,
1840,Ed-Da'în,2083,yerlesimler_h2_afrika.js,306,data/yerlesimler_h2_afrika.js:306,sehir,11.462,26.128,AltSahra-Afrika,,1281-01-01,hayir,
1841,Burâm,2084,yerlesimler_h2_afrika.js,310,data/yerlesimler_h2_afrika.js:310,sehir,10.833,25.167,AltSahra-Afrika,,1281-01-01,hayir,
1842,Ümmü Keddâde,2085,yerlesimler_h2_afrika.js,314,data/yerlesimler_h2_afrika.js:314,sehir,13.6,26.69,KuzeyAfrika-Misir,,1281-01-01,hayir,
1843,Tîne (Dârfûr),2086,yerlesimler_h2_afrika.js,329,data/yerlesimler_h2_afrika.js:329,sehir,15.06,23.0,KuzeyAfrika-Misir,,1281-01-01,hayir,
1844,Hayyâ,2087,yerlesimler_h2_afrika.js,347,data/yerlesimler_h2_afrika.js:347,sehir,18.317,36.383,Levant-Irak-Arabistan,,1281-01-01,hayir,
1845,Trinkitât,2088,yerlesimler_h2_afrika.js,355,data/yerlesimler_h2_afrika.js:355,liman,18.683,37.7,Levant-Irak-Arabistan,,1281-01-01,hayir,
1846,Muhammed Kol,2089,yerlesimler_h2_afrika.js,360,data/yerlesimler_h2_afrika.js:360,liman,20.833,37.15,Levant-Irak-Arabistan,,1281-01-01,hayir,
1847,Ağordat,2091,yerlesimler_h2_afrika.js,385,data/yerlesimler_h2_afrika.js:385,sehir,15.549,37.889,Levant-Irak-Arabistan,,1281-01-01,hayir,
1848,Barentu,2092,yerlesimler_h2_afrika.js,388,data/yerlesimler_h2_afrika.js:388,sehir,15.106,37.59,Levant-Irak-Arabistan,,1281-01-01,hayir,
1849,Nakfa,2093,yerlesimler_h2_afrika.js,391,data/yerlesimler_h2_afrika.js:391,sehir,16.667,38.475,Levant-Irak-Arabistan,,1281-01-01,hayir,
1850,Tesseney,2094,yerlesimler_h2_afrika.js,394,data/yerlesimler_h2_afrika.js:394,sehir,15.11,36.66,Levant-Irak-Arabistan,,1281-01-01,hayir,
1851,Adi Kayh,2095,yerlesimler_h2_afrika.js,397,data/yerlesimler_h2_afrika.js:397,sehir,14.845,39.377,Levant-Irak-Arabistan,,1281-01-01,hayir,
1852,Ğındâ,2096,yerlesimler_h2_afrika.js,400,data/yerlesimler_h2_afrika.js:400,sehir,15.5,39.0,Levant-Irak-Arabistan,,1281-01-01,hayir,
1853,Debârve,2097,yerlesimler_h2_afrika.js,404,data/yerlesimler_h2_afrika.js:404,sehir,15.1,38.833,Levant-Irak-Arabistan,,1281-01-01,hayir,
1854,Obok,2099,yerlesimler_h2_afrika.js,422,data/yerlesimler_h2_afrika.js:422,liman,11.993,43.278,AltSahra-Afrika,,1281-01-01,hayir,
1855,Alî Sabîh,2100,yerlesimler_h2_afrika.js,425,data/yerlesimler_h2_afrika.js:425,sehir,11.156,42.712,AltSahra-Afrika,,1281-01-01,hayir,
1856,Dikhil,2101,yerlesimler_h2_afrika.js,428,data/yerlesimler_h2_afrika.js:428,sehir,11.104,42.37,AltSahra-Afrika,,1281-01-01,hayir,
1857,Debârek,2102,yerlesimler_h2_afrika.js,440,data/yerlesimler_h2_afrika.js:440,sehir,13.157,37.9,Levant-Irak-Arabistan,,1281-01-01,hayir,
1858,Debre Markos,2103,yerlesimler_h2_afrika.js,444,data/yerlesimler_h2_afrika.js:444,sehir,10.35,37.717,AltSahra-Afrika,,1281-01-01,hayir,
1859,Mota,2104,yerlesimler_h2_afrika.js,447,data/yerlesimler_h2_afrika.js:447,sehir,11.083,37.867,AltSahra-Afrika,,1281-01-01,hayir,
1860,Bure (Gocam),2105,yerlesimler_h2_afrika.js,450,data/yerlesimler_h2_afrika.js:450,sehir,10.7,37.067,AltSahra-Afrika,,1281-01-01,hayir,
1861,Völdiya,2106,yerlesimler_h2_afrika.js,453,data/yerlesimler_h2_afrika.js:453,sehir,11.83,39.6,AltSahra-Afrika,,1281-01-01,hayir,
1862,Mekdelâ,2107,yerlesimler_h2_afrika.js,457,data/yerlesimler_h2_afrika.js:457,kale,11.41,39.36,AltSahra-Afrika,,1281-01-01,hayir,
1863,Ambo,2108,yerlesimler_h2_afrika.js,460,data/yerlesimler_h2_afrika.js:460,sehir,8.983,37.85,AltSahra-Afrika,,1281-01-01,hayir,
1864,Fiçe,2109,yerlesimler_h2_afrika.js,463,data/yerlesimler_h2_afrika.js:463,sehir,9.8,38.733,AltSahra-Afrika,,1281-01-01,hayir,
1865,Avaş,2110,yerlesimler_h2_afrika.js,466,data/yerlesimler_h2_afrika.js:466,sehir,8.983,40.167,AltSahra-Afrika,,1281-01-01,hayir,
1866,Bâtî,2111,yerlesimler_h2_afrika.js,469,data/yerlesimler_h2_afrika.js:469,sehir,11.192,40.017,AltSahra-Afrika,,1281-01-01,hayir,
1867,Hosaena,2112,yerlesimler_h2_afrika.js,472,data/yerlesimler_h2_afrika.js:472,sehir,7.55,37.85,AltSahra-Afrika,,1281-01-01,hayir,
1868,Arba Minç,2113,yerlesimler_h2_afrika.js,475,data/yerlesimler_h2_afrika.js:475,sehir,6.033,37.55,AltSahra-Afrika,,1281-01-01,hayir,
1869,Dagahbûr,2115,yerlesimler_h2_afrika.js,490,data/yerlesimler_h2_afrika.js:490,sehir,8.217,43.567,AltSahra-Afrika,,1281-01-01,hayir,
1870,Asâyita (Avsa),2116,yerlesimler_h2_afrika.js,498,data/yerlesimler_h2_afrika.js:498,sehir,11.567,41.44,AltSahra-Afrika,,1281-01-01,hayir,
1871,Nekemte,2117,yerlesimler_h2_afrika.js,520,data/yerlesimler_h2_afrika.js:520,sehir,9.088,36.55,AltSahra-Afrika,,1897-01-01,hayir,EVET
1872,Gimbî,2118,yerlesimler_h2_afrika.js,524,data/yerlesimler_h2_afrika.js:524,sehir,9.17,35.833,AltSahra-Afrika,,1897-01-01,hayir,EVET
1873,Dembîdollo,2119,yerlesimler_h2_afrika.js,528,data/yerlesimler_h2_afrika.js:528,sehir,8.533,34.8,AltSahra-Afrika,,1897-01-01,hayir,EVET
1874,Gore,2120,yerlesimler_h2_afrika.js,532,data/yerlesimler_h2_afrika.js:532,sehir,8.15,35.533,AltSahra-Afrika,,1897-01-01,hayir,EVET
1875,Asella,2121,yerlesimler_h2_afrika.js,536,data/yerlesimler_h2_afrika.js:536,sehir,7.95,39.133,AltSahra-Afrika,,1897-01-01,hayir,EVET
1876,Goba,2122,yerlesimler_h2_afrika.js,540,data/yerlesimler_h2_afrika.js:540,sehir,7.01,39.983,AltSahra-Afrika,,1897-01-01,hayir,EVET
1877,Ginir,2123,yerlesimler_h2_afrika.js,544,data/yerlesimler_h2_afrika.js:544,sehir,7.14,40.708,AltSahra-Afrika,,1897-01-01,hayir,EVET
1878,Ağere Maryam,2124,yerlesimler_h2_afrika.js,548,data/yerlesimler_h2_afrika.js:548,sehir,5.633,38.233,AltSahra-Afrika,,1897-01-01,hayir,EVET
1879,Yabelo,2125,yerlesimler_h2_afrika.js,552,data/yerlesimler_h2_afrika.js:552,sehir,4.883,38.208,AltSahra-Afrika,,1897-01-01,hayir,EVET
1880,Mega,2126,yerlesimler_h2_afrika.js,556,data/yerlesimler_h2_afrika.js:556,sehir,4.05,38.3,AltSahra-Afrika,,1897-01-01,hayir,EVET
1881,Moyale,2127,yerlesimler_h2_afrika.js,560,data/yerlesimler_h2_afrika.js:560,sehir,3.533,39.05,AltSahra-Afrika,,1897-01-01,hayir,EVET
1882,Kebrî Dehar,2129,yerlesimler_h2_afrika.js,585,data/yerlesimler_h2_afrika.js:585,sehir,6.733,44.267,AltSahra-Afrika,,1281-01-01,hayir,
1883,Verder,2130,yerlesimler_h2_afrika.js,588,data/yerlesimler_h2_afrika.js:588,sehir,6.96,45.35,AltSahra-Afrika,,1281-01-01,hayir,
1884,Gode,2131,yerlesimler_h2_afrika.js,591,data/yerlesimler_h2_afrika.js:591,sehir,5.95,43.55,AltSahra-Afrika,,1281-01-01,hayir,
1885,Kelâfo,2132,yerlesimler_h2_afrika.js,594,data/yerlesimler_h2_afrika.js:594,sehir,5.6,44.2,AltSahra-Afrika,,1281-01-01,hayir,
1886,Dolo Odo,2133,yerlesimler_h2_afrika.js,597,data/yerlesimler_h2_afrika.js:597,sehir,4.167,42.05,AltSahra-Afrika,,1281-01-01,hayir,
1887,Şeyh (Somaliland),2134,yerlesimler_h2_afrika.js,614,data/yerlesimler_h2_afrika.js:614,sehir,9.933,45.183,AltSahra-Afrika,,1281-01-01,hayir,
1888,Odveyne,2135,yerlesimler_h2_afrika.js,617,data/yerlesimler_h2_afrika.js:617,sehir,9.41,45.062,AltSahra-Afrika,,1281-01-01,hayir,
1889,Borama,2136,yerlesimler_h2_afrika.js,620,data/yerlesimler_h2_afrika.js:620,sehir,9.936,43.183,AltSahra-Afrika,,1281-01-01,hayir,
1890,Buhodle,2137,yerlesimler_h2_afrika.js,623,data/yerlesimler_h2_afrika.js:623,sehir,8.24,46.32,AltSahra-Afrika,,1281-01-01,hayir,
1891,Taleh,2138,yerlesimler_h2_afrika.js,627,data/yerlesimler_h2_afrika.js:627,kale,9.15,48.417,AltSahra-Afrika,,1281-01-01,hayir,
1892,Kandala,2139,yerlesimler_h2_afrika.js,641,data/yerlesimler_h2_afrika.js:641,liman,11.47,49.868,AltSahra-Afrika,,1281-01-01,hayir,
1893,İskuşubân,2140,yerlesimler_h2_afrika.js,644,data/yerlesimler_h2_afrika.js:644,sehir,10.283,50.233,AltSahra-Afrika,,1281-01-01,hayir,
1894,Bender Beyla,2141,yerlesimler_h2_afrika.js,647,data/yerlesimler_h2_afrika.js:647,liman,9.494,50.812,AltSahra-Afrika,,1281-01-01,hayir,
1895,Berâve,2142,yerlesimler_h2_afrika.js,666,data/yerlesimler_h2_afrika.js:666,liman,1.106,44.031,AltSahra-Afrika,,1281-01-01,hayir,
1896,Afgoye,2143,yerlesimler_h2_afrika.js,669,data/yerlesimler_h2_afrika.js:669,sehir,2.138,45.12,AltSahra-Afrika,,1281-01-01,hayir,
1897,Bulo Burte,2144,yerlesimler_h2_afrika.js,672,data/yerlesimler_h2_afrika.js:672,sehir,3.848,45.567,AltSahra-Afrika,,1281-01-01,hayir,
1898,Bardere,2145,yerlesimler_h2_afrika.js,675,data/yerlesimler_h2_afrika.js:675,sehir,2.348,42.278,AltSahra-Afrika,,1281-01-01,hayir,
1899,Luuk,2146,yerlesimler_h2_afrika.js,678,data/yerlesimler_h2_afrika.js:678,sehir,3.802,42.545,AltSahra-Afrika,,1281-01-01,hayir,
1900,Garbahârey,2147,yerlesimler_h2_afrika.js,681,data/yerlesimler_h2_afrika.js:681,sehir,3.328,42.22,AltSahra-Afrika,,1281-01-01,hayir,
1901,Cilib,2148,yerlesimler_h2_afrika.js,684,data/yerlesimler_h2_afrika.js:684,sehir,0.489,42.797,AltSahra-Afrika,,1281-01-01,hayir,
1902,Kısmâyû,2149,yerlesimler_h2_afrika.js,688,data/yerlesimler_h2_afrika.js:688,liman,-0.358,42.545,AltSahra-Afrika,,1281-01-01,hayir,
1903,Mirbât,2150,yerlesimler_h2_afrika.js,705,data/yerlesimler_h2_afrika.js:705,liman,16.993,54.7,Iran-Irak-Korfez,,1281-01-01,hayir,
1904,Tâka (Zufâr),2151,yerlesimler_h2_afrika.js,709,data/yerlesimler_h2_afrika.js:709,liman,17.057,54.404,Iran-Irak-Korfez,,1281-01-01,hayir,
1905,Hâsik,2152,yerlesimler_h2_afrika.js,712,data/yerlesimler_h2_afrika.js:712,liman,17.383,55.283,Iran-Irak-Korfez,,1281-01-01,hayir,
1906,Şüveymiye,2153,yerlesimler_h2_afrika.js,716,data/yerlesimler_h2_afrika.js:716,liman,17.946,55.969,Iran-Irak-Korfez,,1281-01-01,hayir,
1907,Dukm,2154,yerlesimler_h2_afrika.js,719,data/yerlesimler_h2_afrika.js:719,liman,19.66,57.707,Iran-Irak-Korfez,,1281-01-01,hayir,
1908,Muhût,2155,yerlesimler_h2_afrika.js,722,data/yerlesimler_h2_afrika.js:722,sehir,20.7,58.1,Iran-Irak-Korfez,,1281-01-01,hayir,
1909,Tumreyt,2156,yerlesimler_h2_afrika.js,725,data/yerlesimler_h2_afrika.js:725,sehir,17.667,54.024,Iran-Irak-Korfez,,1281-01-01,hayir,
1910,Şisr,2157,yerlesimler_h2_afrika.js,729,data/yerlesimler_h2_afrika.js:729,sehir,18.257,53.647,Iran-Irak-Korfez,,1281-01-01,hayir,
1911,Rub'ul Hâlî güneybatısı,2158,yerlesimler_h2_afrika.js,739,data/yerlesimler_h2_afrika.js:739,bolge,18.8,52.3,Iran-Irak-Korfez,,,hayir,EVET
1912,Er-Renk,2159,yerlesimler_h2_afrika.js,781,data/yerlesimler_h2_afrika.js:781,sehir,11.75,32.783,AltSahra-Afrika,,1885-01-26,hayir,EVET
1913,Fâşoda,2160,yerlesimler_h2_afrika.js,786,data/yerlesimler_h2_afrika.js:786,sehir,9.892,32.117,AltSahra-Afrika,,1885-01-26,hayir,EVET
1914,Malakal,2161,yerlesimler_h2_afrika.js,790,data/yerlesimler_h2_afrika.js:790,sehir,9.533,31.661,AltSahra-Afrika,,1885-01-26,hayir,EVET
1915,Nâsir,2162,yerlesimler_h2_afrika.js,795,data/yerlesimler_h2_afrika.js:795,sehir,8.608,33.067,AltSahra-Afrika,,1899-01-19,hayir,EVET
1916,Akobo,2163,yerlesimler_h2_afrika.js,799,data/yerlesimler_h2_afrika.js:799,sehir,7.788,33.033,AltSahra-Afrika,,1899-01-19,hayir,EVET
1917,Bentiu,2164,yerlesimler_h2_afrika.js,803,data/yerlesimler_h2_afrika.js:803,sehir,9.242,29.803,AltSahra-Afrika,,1899-01-19,hayir,EVET
1918,Meşra er-Rek,2165,yerlesimler_h2_afrika.js,807,data/yerlesimler_h2_afrika.js:807,liman,8.417,29.283,AltSahra-Afrika,,1899-01-19,hayir,EVET
1919,Vav,2166,yerlesimler_h2_afrika.js,811,data/yerlesimler_h2_afrika.js:811,sehir,7.702,27.99,AltSahra-Afrika,,1899-01-19,hayir,EVET
1920,Deym Zübeyr,2167,yerlesimler_h2_afrika.js,815,data/yerlesimler_h2_afrika.js:815,kale,7.7,26.217,AltSahra-Afrika,,1899-01-19,hayir,EVET
1921,Rumbek,2168,yerlesimler_h2_afrika.js,819,data/yerlesimler_h2_afrika.js:819,sehir,6.8,29.678,AltSahra-Afrika,,1899-01-19,hayir,EVET
1922,Tonc,2169,yerlesimler_h2_afrika.js,823,data/yerlesimler_h2_afrika.js:823,sehir,6.95,28.683,AltSahra-Afrika,,1899-01-19,hayir,EVET
1923,Şembe,2170,yerlesimler_h2_afrika.js,827,data/yerlesimler_h2_afrika.js:827,liman,7.156,30.553,AltSahra-Afrika,,1899-01-19,hayir,EVET
1924,Bor,2171,yerlesimler_h2_afrika.js,831,data/yerlesimler_h2_afrika.js:831,sehir,6.208,31.558,AltSahra-Afrika,,1899-01-19,hayir,EVET
1925,Gondokoro,2172,yerlesimler_h2_afrika.js,837,data/yerlesimler_h2_afrika.js:837,sehir,4.9,31.65,AltSahra-Afrika,,1899-01-19,hayir,EVET
1926,Nimule,2173,yerlesimler_h2_afrika.js,841,data/yerlesimler_h2_afrika.js:841,sehir,3.6,32.058,AltSahra-Afrika,,1899-01-19,hayir,EVET
1927,Torit,2174,yerlesimler_h2_afrika.js,845,data/yerlesimler_h2_afrika.js:845,sehir,4.412,32.57,AltSahra-Afrika,,1899-01-19,hayir,EVET
1928,Kapoeta,2175,yerlesimler_h2_afrika.js,849,data/yerlesimler_h2_afrika.js:849,sehir,4.767,33.591,AltSahra-Afrika,,1899-01-19,hayir,EVET
1929,Yambio,2176,yerlesimler_h2_afrika.js,853,data/yerlesimler_h2_afrika.js:853,sehir,4.572,28.395,AltSahra-Afrika,,1899-01-19,hayir,EVET
1930,Tembura,2177,yerlesimler_h2_afrika.js,857,data/yerlesimler_h2_afrika.js:857,sehir,5.61,27.47,AltSahra-Afrika,,1899-01-19,hayir,EVET
1931,Bîr Natrûn,2178,yerlesimler_h2_afrika.js,888,data/yerlesimler_h2_afrika.js:888,bolge,18.2,26.0,KuzeyAfrika-Misir,,,hayir,EVET
1932,Merga vahası,2179,yerlesimler_h2_afrika.js,892,data/yerlesimler_h2_afrika.js:892,bolge,19.35,26.3,KuzeyAfrika-Misir,,,hayir,EVET
1933,Lakiye Arbaîn,2180,yerlesimler_h2_afrika.js,896,data/yerlesimler_h2_afrika.js:896,bolge,20.05,28.05,KuzeyAfrika-Misir,,,hayir,EVET
1934,Vâdî Hovâr,2181,yerlesimler_h2_afrika.js,900,data/yerlesimler_h2_afrika.js:900,bolge,17.4,24.8,KuzeyAfrika-Misir,,,hayir,EVET
1935,Cebel Ûveynât,2182,yerlesimler_h2_afrika.js,904,data/yerlesimler_h2_afrika.js:904,bolge,21.87,25.02,KuzeyAfrika-Misir,,,hayir,EVET
1936,Zolat el-Hammâd,2183,yerlesimler_h2_afrika.js,920,data/yerlesimler_h2_afrika.js:920,bolge,20.6,27.1,KuzeyAfrika-Misir,,,hayir,EVET
1937,Kordofan kuzeybatı çölü,2184,yerlesimler_h2_afrika.js,924,data/yerlesimler_h2_afrika.js:924,bolge,16.5,26.5,KuzeyAfrika-Misir,,,hayir,EVET
1938,Şereyk,2185,yerlesimler_h2_afrika.js,933,data/yerlesimler_h2_afrika.js:933,sehir,18.75,33.6,Levant-Irak-Arabistan,,1281-01-01,hayir,
1939,Kerreri,2186,yerlesimler_h2_afrika.js,939,data/yerlesimler_h2_afrika.js:939,sehir,15.83,32.48,KuzeyAfrika-Misir,,1281-01-01,hayir,
1940,El-Menâkıl,2187,yerlesimler_h2_afrika.js,944,data/yerlesimler_h2_afrika.js:944,sehir,14.2,32.98,Levant-Irak-Arabistan,,1281-01-01,hayir,
1941,Ed-Damazîn,2188,yerlesimler_h2_afrika.js,949,data/yerlesimler_h2_afrika.js:949,sehir,11.789,34.359,AltSahra-Afrika,,1281-01-01,hayir,
1942,Tendelti,2189,yerlesimler_h2_afrika.js,954,data/yerlesimler_h2_afrika.js:954,sehir,13.02,31.87,KuzeyAfrika-Misir,,1281-01-01,hayir,
1943,Ümmü Bedr,2190,yerlesimler_h2_afrika.js,958,data/yerlesimler_h2_afrika.js:958,sehir,14.2,27.9,KuzeyAfrika-Misir,,1281-01-01,hayir,
1944,Derûdeb,2191,yerlesimler_h2_afrika.js,963,data/yerlesimler_h2_afrika.js:963,sehir,17.55,36.1,Levant-Irak-Arabistan,,1281-01-01,hayir,
1945,Mellît,2192,yerlesimler_h2_afrika.js,968,data/yerlesimler_h2_afrika.js:968,sehir,14.13,25.57,KuzeyAfrika-Misir,,1281-01-01,hayir,
1946,Şa'riyye,2193,yerlesimler_h2_afrika.js,972,data/yerlesimler_h2_afrika.js:972,sehir,12.9,25.42,KuzeyAfrika-Misir,,1281-01-01,hayir,
1947,Radom,2194,yerlesimler_h2_afrika.js,976,data/yerlesimler_h2_afrika.js:976,sehir,9.95,24.95,AltSahra-Afrika,,1281-01-01,hayir,
1948,Aveyl,2195,yerlesimler_h2_afrika.js,984,data/yerlesimler_h2_afrika.js:984,sehir,8.767,27.4,AltSahra-Afrika,,1899-01-19,hayir,EVET
1949,Rağa,2196,yerlesimler_h2_afrika.js,988,data/yerlesimler_h2_afrika.js:988,sehir,8.46,25.68,AltSahra-Afrika,,1899-01-19,hayir,EVET
1950,Fangak,2197,yerlesimler_h2_afrika.js,992,data/yerlesimler_h2_afrika.js:992,sehir,9.07,30.883,AltSahra-Afrika,,1899-01-19,hayir,EVET
1951,Ler,2198,yerlesimler_h2_afrika.js,996,data/yerlesimler_h2_afrika.js:996,sehir,8.3,30.14,AltSahra-Afrika,,1899-01-19,hayir,EVET
1952,Pibor,2199,yerlesimler_h2_afrika.js,1000,data/yerlesimler_h2_afrika.js:1000,sehir,6.8,33.133,AltSahra-Afrika,,1899-01-19,hayir,EVET
1953,Maridi,2200,yerlesimler_h2_afrika.js,1004,data/yerlesimler_h2_afrika.js:1004,sehir,4.917,29.467,AltSahra-Afrika,,1899-01-19,hayir,EVET
1954,Yei,2201,yerlesimler_h2_afrika.js,1008,data/yerlesimler_h2_afrika.js:1008,sehir,4.09,30.679,AltSahra-Afrika,,1899-01-19,hayir,EVET
1955,Vukro,2202,yerlesimler_h2_afrika.js,1019,data/yerlesimler_h2_afrika.js:1019,sehir,13.79,39.6,Levant-Irak-Arabistan,,1281-01-01,hayir,
1956,Alamata,2203,yerlesimler_h2_afrika.js,1022,data/yerlesimler_h2_afrika.js:1022,sehir,12.42,39.55,Levant-Irak-Arabistan,,1281-01-01,hayir,
1957,Nazret,2204,yerlesimler_h2_afrika.js,1025,data/yerlesimler_h2_afrika.js:1025,sehir,8.54,39.27,AltSahra-Afrika,,1281-01-01,hayir,
1958,Cinka,2205,yerlesimler_h2_afrika.js,1028,data/yerlesimler_h2_afrika.js:1028,sehir,6.783,36.667,AltSahra-Afrika,,1281-01-01,hayir,
1959,Şeşemene,2206,yerlesimler_h2_afrika.js,1032,data/yerlesimler_h2_afrika.js:1032,sehir,7.2,38.6,AltSahra-Afrika,,1897-01-01,hayir,EVET
1960,Dilla,2207,yerlesimler_h2_afrika.js,1036,data/yerlesimler_h2_afrika.js:1036,sehir,6.41,38.31,AltSahra-Afrika,,1897-01-01,hayir,EVET
1961,Negele Borana,2208,yerlesimler_h2_afrika.js,1040,data/yerlesimler_h2_afrika.js:1040,sehir,5.33,39.58,AltSahra-Afrika,,1897-01-01,hayir,EVET
1962,Bedele,2209,yerlesimler_h2_afrika.js,1044,data/yerlesimler_h2_afrika.js:1044,sehir,8.45,36.35,AltSahra-Afrika,,1897-01-01,hayir,EVET
1963,Mizan Teferi,2210,yerlesimler_h2_afrika.js,1048,data/yerlesimler_h2_afrika.js:1048,sehir,6.99,35.58,AltSahra-Afrika,,1897-01-01,hayir,EVET
1964,Asosa,2211,yerlesimler_h2_afrika.js,1056,data/yerlesimler_h2_afrika.js:1056,sehir,10.07,34.53,AltSahra-Afrika,,1897-01-01,hayir,EVET
1965,İmi,2212,yerlesimler_h2_afrika.js,1061,data/yerlesimler_h2_afrika.js:1061,sehir,6.47,42.17,AltSahra-Afrika,,1281-01-01,hayir,
1966,Filtu,2213,yerlesimler_h2_afrika.js,1064,data/yerlesimler_h2_afrika.js:1064,sehir,5.13,40.75,AltSahra-Afrika,,1281-01-01,hayir,
1967,Zula,2214,yerlesimler_h2_afrika.js,1072,data/yerlesimler_h2_afrika.js:1072,liman,15.283,39.7,Levant-Irak-Arabistan,,1281-01-01,hayir,
1968,Adi Kuala,2215,yerlesimler_h2_afrika.js,1075,data/yerlesimler_h2_afrika.js:1075,sehir,14.68,38.83,Levant-Irak-Arabistan,,1281-01-01,hayir,
1969,Lâs Hore,2216,yerlesimler_h2_afrika.js,1083,data/yerlesimler_h2_afrika.js:1083,liman,11.158,48.198,AltSahra-Afrika,,1281-01-01,hayir,
1970,Mayd,2217,yerlesimler_h2_afrika.js,1086,data/yerlesimler_h2_afrika.js:1086,liman,11.0,47.1,AltSahra-Afrika,,1281-01-01,hayir,
1971,Hîs,2218,yerlesimler_h2_afrika.js,1089,data/yerlesimler_h2_afrika.js:1089,liman,10.9,46.9,AltSahra-Afrika,,1281-01-01,hayir,
1972,Dusa Mareb,2219,yerlesimler_h2_afrika.js,1093,data/yerlesimler_h2_afrika.js:1093,sehir,5.536,46.386,AltSahra-Afrika,,1281-01-01,hayir,
1973,Ceel Buur,2220,yerlesimler_h2_afrika.js,1096,data/yerlesimler_h2_afrika.js:1096,sehir,4.687,46.618,AltSahra-Afrika,,1281-01-01,hayir,
1974,Ceel Dheere,2221,yerlesimler_h2_afrika.js,1099,data/yerlesimler_h2_afrika.js:1099,liman,3.845,47.163,AltSahra-Afrika,,1281-01-01,hayir,
1975,Cadale,2222,yerlesimler_h2_afrika.js,1103,data/yerlesimler_h2_afrika.js:1103,liman,2.752,46.31,AltSahra-Afrika,,1281-01-01,hayir,
1976,Vanlaveyn,2223,yerlesimler_h2_afrika.js,1106,data/yerlesimler_h2_afrika.js:1106,sehir,2.62,44.89,AltSahra-Afrika,,1281-01-01,hayir,
1977,Diinsoor,2224,yerlesimler_h2_afrika.js,1109,data/yerlesimler_h2_afrika.js:1109,sehir,2.406,42.972,AltSahra-Afrika,,1281-01-01,hayir,
1978,Hudur,2225,yerlesimler_h2_afrika.js,1112,data/yerlesimler_h2_afrika.js:1112,sehir,4.12,43.89,AltSahra-Afrika,,1281-01-01,hayir,
1979,Ceel Barde,2226,yerlesimler_h2_afrika.js,1115,data/yerlesimler_h2_afrika.js:1115,sehir,4.57,43.49,AltSahra-Afrika,,1281-01-01,hayir,
1980,Ceel Vaak,2227,yerlesimler_h2_afrika.js,1122,data/yerlesimler_h2_afrika.js:1122,sehir,2.8,41.15,AltSahra-Afrika,,1281-01-01,hayir,
1981,Cezîr (Sevkıra),2228,yerlesimler_h2_afrika.js,1131,data/yerlesimler_h2_afrika.js:1131,liman,18.161,56.537,Iran-Irak-Korfez,,1281-01-01,hayir,
1982,Râs Medreke,2229,yerlesimler_h2_afrika.js,1134,data/yerlesimler_h2_afrika.js:1134,liman,19.002,57.792,Iran-Irak-Korfez,,1281-01-01,hayir,
1983,Rahbût,2230,yerlesimler_h2_afrika.js,1138,data/yerlesimler_h2_afrika.js:1138,liman,16.762,53.418,Iran-Irak-Korfez,,1281-01-01,hayir,
1984,Umman iç çölü,2231,yerlesimler_h2_afrika.js,1142,data/yerlesimler_h2_afrika.js:1142,bolge,20.1,55.3,Iran-Irak-Korfez,,,hayir,EVET
1985,Vâdî el-Milk,2232,yerlesimler_h2_afrika.js,1154,data/yerlesimler_h2_afrika.js:1154,bolge,17.5,28.0,KuzeyAfrika-Misir,,,hayir,EVET
1986,Bayûda çölü,2233,yerlesimler_h2_afrika.js,1159,data/yerlesimler_h2_afrika.js:1159,bolge,17.9,32.0,KuzeyAfrika-Misir,,,hayir,EVET
1987,Atbay çölü,2234,yerlesimler_h2_afrika.js,1163,data/yerlesimler_h2_afrika.js:1163,bolge,19.8,34.8,Levant-Irak-Arabistan,,,hayir,EVET
1988,İncibara,2235,yerlesimler_h2_afrika.js,1167,data/yerlesimler_h2_afrika.js:1167,sehir,10.95,36.93,AltSahra-Afrika,,1281-01-01,hayir,
1989,Ceel Afveyn,2236,yerlesimler_h2_afrika.js,1170,data/yerlesimler_h2_afrika.js:1170,sehir,9.83,47.2,AltSahra-Afrika,,1281-01-01,hayir,
1990,Pskov,2237,yerlesimler_h2_rusya.js,110,data/yerlesimler_h2_rusya.js:110,sehir,57.813,28.335,Avrupa-Balkan,,1281-01-01,hayir,
1991,Staraya Russa,2238,yerlesimler_h2_rusya.js,115,data/yerlesimler_h2_rusya.js:115,sehir,57.99,31.362,Rusya,,1281-01-01,hayir,
1992,Eski Ladoga,2239,yerlesimler_h2_rusya.js,119,data/yerlesimler_h2_rusya.js:119,kale,59.997,32.298,Rusya,,1281-01-01,hayir,
1993,Oreşek (Nöteborg),2240,yerlesimler_h2_rusya.js,127,data/yerlesimler_h2_rusya.js:127,kale,59.953,31.038,Rusya,,1281-01-01,hayir,
1994,Tihvin,2241,yerlesimler_h2_rusya.js,133,data/yerlesimler_h2_rusya.js:133,sehir,59.645,33.518,Rusya,,1281-01-01,hayir,
1995,Belozersk,2242,yerlesimler_h2_rusya.js,137,data/yerlesimler_h2_rusya.js:137,sehir,60.031,37.783,Rusya,,1281-01-01,hayir,
1996,Kargopol,2244,yerlesimler_h2_rusya.js,143,data/yerlesimler_h2_rusya.js:143,sehir,61.507,38.945,Rusya,,1281-01-01,hayir,
1997,Kem,2248,yerlesimler_h2_rusya.js,154,data/yerlesimler_h2_rusya.js:154,sehir,64.951,34.594,Rusya,,1281-01-01,hayir,
1998,Onega,2249,yerlesimler_h2_rusya.js,158,data/yerlesimler_h2_rusya.js:158,liman,63.907,38.099,Rusya,,1281-01-01,hayir,
1999,Holmogorı,2250,yerlesimler_h2_rusya.js,162,data/yerlesimler_h2_rusya.js:162,sehir,64.223,41.653,Rusya,,1281-01-01,hayir,
2000,Pinega,2251,yerlesimler_h2_rusya.js,166,data/yerlesimler_h2_rusya.js:166,sehir,64.7,43.392,Rusya,,1281-01-01,hayir,
2001,Şenkursk,2252,yerlesimler_h2_rusya.js,170,data/yerlesimler_h2_rusya.js:170,sehir,62.106,42.897,Rusya,,1281-01-01,hayir,
2002,Velsk,2253,yerlesimler_h2_rusya.js,174,data/yerlesimler_h2_rusya.js:174,sehir,61.066,42.104,Rusya,,1281-01-01,hayir,
2003,Veliki Ustyug,2254,yerlesimler_h2_rusya.js,178,data/yerlesimler_h2_rusya.js:178,sehir,60.762,46.31,Rusya,,1281-01-01,hayir,
2004,Solvıçegodsk,2255,yerlesimler_h2_rusya.js,182,data/yerlesimler_h2_rusya.js:182,sehir,61.339,46.917,Rusya,,1281-01-01,hayir,
2005,Yarensk,2256,yerlesimler_h2_rusya.js,186,data/yerlesimler_h2_rusya.js:186,sehir,62.166,49.098,Rusya,,1281-01-01,hayir,
2006,Totma,2258,yerlesimler_h2_rusya.js,192,data/yerlesimler_h2_rusya.js:192,sehir,59.973,42.759,Rusya,,1281-01-01,hayir,
2007,Hlınov (Vyatka),2259,yerlesimler_h2_rusya.js,196,data/yerlesimler_h2_rusya.js:196,sehir,58.604,49.668,Rusya,,1281-01-01,hayir,
2008,Kotelniç,2260,yerlesimler_h2_rusya.js,200,data/yerlesimler_h2_rusya.js:200,sehir,58.302,48.343,Rusya,,1281-01-01,hayir,
2009,Slobodskoy,2261,yerlesimler_h2_rusya.js,204,data/yerlesimler_h2_rusya.js:204,sehir,58.733,50.18,Rusya,,1281-01-01,hayir,
2010,Çerdın,2262,yerlesimler_h2_rusya.js,208,data/yerlesimler_h2_rusya.js:208,sehir,60.4,56.48,Rusya,,1281-01-01,hayir,
2011,Kostroma,2265,yerlesimler_h2_rusya.js,218,data/yerlesimler_h2_rusya.js:218,sehir,57.758,40.905,Rusya,,1281-01-01,hayir,
2012,Yaroslavl,2266,yerlesimler_h2_rusya.js,222,data/yerlesimler_h2_rusya.js:222,sehir,57.626,39.894,Rusya,,1281-01-01,hayir,
2013,Rostov Veliki,2267,yerlesimler_h2_rusya.js,226,data/yerlesimler_h2_rusya.js:226,sehir,57.185,39.414,Rusya,,1281-01-01,hayir,
2014,Uglich,2268,yerlesimler_h2_rusya.js,230,data/yerlesimler_h2_rusya.js:230,sehir,57.526,38.32,Rusya,,1281-01-01,hayir,
2015,Galiç (Kostroma),2269,yerlesimler_h2_rusya.js,234,data/yerlesimler_h2_rusya.js:234,sehir,58.383,42.35,Rusya,,1281-01-01,hayir,
2016,Kineşma,2270,yerlesimler_h2_rusya.js,238,data/yerlesimler_h2_rusya.js:238,sehir,57.443,42.168,Rusya,,1281-01-01,hayir,
2017,Şuya,2271,yerlesimler_h2_rusya.js,242,data/yerlesimler_h2_rusya.js:242,sehir,56.856,41.383,Rusya,,1281-01-01,hayir,
2018,Vetluga,2272,yerlesimler_h2_rusya.js,246,data/yerlesimler_h2_rusya.js:246,sehir,57.851,45.782,Rusya,,1281-01-01,hayir,
2019,Tver,2273,yerlesimler_h2_rusya.js,250,data/yerlesimler_h2_rusya.js:250,sehir,56.859,35.912,Rusya,,1281-01-01,hayir,
2020,Torjok,2274,yerlesimler_h2_rusya.js,254,data/yerlesimler_h2_rusya.js:254,sehir,57.041,34.96,Rusya,,1281-01-01,hayir,
2021,Velikiye Luki,2275,yerlesimler_h2_rusya.js,258,data/yerlesimler_h2_rusya.js:258,kale,56.336,30.518,Rusya,,1281-01-01,hayir,
2022,Vladimir,2276,yerlesimler_h2_rusya.js,262,data/yerlesimler_h2_rusya.js:262,sehir,56.129,40.407,Rusya,,1281-01-01,hayir,
2023,Suzdal,2277,yerlesimler_h2_rusya.js,266,data/yerlesimler_h2_rusya.js:266,sehir,56.419,40.449,Rusya,,1281-01-01,hayir,
2024,Murom,2279,yerlesimler_h2_rusya.js,272,data/yerlesimler_h2_rusya.js:272,sehir,55.575,42.052,Rusya,,1281-01-01,hayir,
2025,Arzamas,2280,yerlesimler_h2_rusya.js,276,data/yerlesimler_h2_rusya.js:276,sehir,55.394,43.84,Rusya,,1281-01-01,hayir,
2026,Kasimov,2281,yerlesimler_h2_rusya.js,283,data/yerlesimler_h2_rusya.js:283,sehir,54.945,41.393,Rusya,,1281-01-01,hayir,
2027,Temnikov,2282,yerlesimler_h2_rusya.js,287,data/yerlesimler_h2_rusya.js:287,sehir,54.633,43.223,Rusya,,1281-01-01,hayir,
2028,Kaluga,2283,yerlesimler_h2_rusya.js,291,data/yerlesimler_h2_rusya.js:291,sehir,54.513,36.261,Rusya,,1281-01-01,hayir,
2029,Kolomna,2284,yerlesimler_h2_rusya.js,295,data/yerlesimler_h2_rusya.js:295,kale,55.079,38.778,Rusya,,1281-01-01,hayir,
2030,Kaşira,2285,yerlesimler_h2_rusya.js,299,data/yerlesimler_h2_rusya.js:299,kale,54.837,38.167,Rusya,,1281-01-01,hayir,
2031,Serpuhov,2286,yerlesimler_h2_rusya.js,303,data/yerlesimler_h2_rusya.js:303,kale,54.915,37.411,Rusya,,1281-01-01,hayir,
2032,Mojaysk,2287,yerlesimler_h2_rusya.js,307,data/yerlesimler_h2_rusya.js:307,kale,55.505,36.02,Rusya,,1281-01-01,hayir,
2033,Volokolamsk,2288,yerlesimler_h2_rusya.js,311,data/yerlesimler_h2_rusya.js:311,kale,56.037,35.958,Rusya,,1281-01-01,hayir,
2034,Dmitrov,2289,yerlesimler_h2_rusya.js,315,data/yerlesimler_h2_rusya.js:315,sehir,56.344,37.521,Rusya,,1281-01-01,hayir,
2035,Bulgar (Bolgar),2291,yerlesimler_h2_rusya.js,326,data/yerlesimler_h2_rusya.js:326,sehir,54.976,49.03,Rusya,,1281-01-01,hayir,
2036,Buinsk,2294,yerlesimler_h2_rusya.js,335,data/yerlesimler_h2_rusya.js:335,sehir,54.966,48.288,Rusya,,1281-01-01,hayir,
2037,Çistopol,2295,yerlesimler_h2_rusya.js,339,data/yerlesimler_h2_rusya.js:339,sehir,55.362,50.635,Rusya,,1281-01-01,hayir,
2038,Çeboksarı,2296,yerlesimler_h2_rusya.js,343,data/yerlesimler_h2_rusya.js:343,sehir,56.146,47.251,Rusya,,1281-01-01,hayir,
2039,Malmıj,2299,yerlesimler_h2_rusya.js,351,data/yerlesimler_h2_rusya.js:351,sehir,56.526,50.678,Rusya,,1281-01-01,hayir,
2040,Yelabuga,2300,yerlesimler_h2_rusya.js,355,data/yerlesimler_h2_rusya.js:355,sehir,55.763,52.061,Rusya,,1281-01-01,hayir,
2041,Saray (Selitrennoye),2306,yerlesimler_h2_rusya.js,377,data/yerlesimler_h2_rusya.js:377,sehir,47.183,47.7,Rusya,,1281-01-01,hayir,
2042,Yeni Saray (Tsarev),2307,yerlesimler_h2_rusya.js,381,data/yerlesimler_h2_rusya.js:381,sehir,48.688,45.383,Rusya,,1281-01-01,hayir,
2043,Ukek (Uvek),2308,yerlesimler_h2_rusya.js,385,data/yerlesimler_h2_rusya.js:385,sehir,51.47,45.95,Rusya,,1281-01-01,hayir,
2044,Beldjamen,2309,yerlesimler_h2_rusya.js,389,data/yerlesimler_h2_rusya.js:389,sehir,49.02,44.75,Rusya,,1281-01-01,hayir,
2045,Uralsk (Yayık),2316,yerlesimler_h2_rusya.js,410,data/yerlesimler_h2_rusya.js:410,kale,51.227,51.386,Rusya,,1281-01-01,hayir,
2046,Baturin,2322,yerlesimler_h2_rusya.js,430,data/yerlesimler_h2_rusya.js:430,kale,51.343,32.879,Rusya,,1281-01-01,hayir,
2047,Hluhiv,2323,yerlesimler_h2_rusya.js,432,data/yerlesimler_h2_rusya.js:432,sehir,51.678,33.917,Rusya,,1281-01-01,hayir,
2048,Miknâs (Meknes),2325,yerlesimler_h2_kuzeyafrika.js,53,data/yerlesimler_h2_kuzeyafrika.js:53,sehir,33.895,-5.555,KuzeyAfrika-Misir,,1281-01-01,hayir,
2049,el-Arâiş (Larache),2327,yerlesimler_h2_kuzeyafrika.js,66,data/yerlesimler_h2_kuzeyafrika.js:66,liman,35.193,-6.156,KuzeyAfrika-Misir,,1281-01-01,hayir,
2050,Kasrülkebîr,2328,yerlesimler_h2_kuzeyafrika.js,72,data/yerlesimler_h2_kuzeyafrika.js:72,sehir,35.001,-5.906,KuzeyAfrika-Misir,,1281-01-01,hayir,
2051,Tâze (Taza),2329,yerlesimler_h2_kuzeyafrika.js,76,data/yerlesimler_h2_kuzeyafrika.js:76,sehir,34.21,-4.01,KuzeyAfrika-Misir,,1281-01-01,hayir,
2052,Vecde (Oujda),2330,yerlesimler_h2_kuzeyafrika.js,82,data/yerlesimler_h2_kuzeyafrika.js:82,sehir,34.681,-1.9,KuzeyAfrika-Misir,,1281-01-01,hayir,
2053,Sicilmâse (Tâfilelt),2331,yerlesimler_h2_kuzeyafrika.js,86,data/yerlesimler_h2_kuzeyafrika.js:86,sehir,31.281,-4.283,KuzeyAfrika-Misir,,1274-01-01,EVET,
2054,Tarûdant,2332,yerlesimler_h2_kuzeyafrika.js,90,data/yerlesimler_h2_kuzeyafrika.js:90,sehir,30.471,-8.877,KuzeyAfrika-Misir,,1281-01-01,hayir,
2055,Vezzân (Ouezzane),2335,yerlesimler_h2_kuzeyafrika.js,105,data/yerlesimler_h2_kuzeyafrika.js:105,sehir,34.796,-5.583,KuzeyAfrika-Misir,,1281-01-01,hayir,
2056,Bâdis (Peñón de Vélez),2336,yerlesimler_h2_kuzeyafrika.js,130,data/yerlesimler_h2_kuzeyafrika.js:130,kale,35.1727,-4.3007,KuzeyAfrika-Misir,,1281-01-01,hayir,
2057,el-Hüseyme (Alhucemas),2337,yerlesimler_h2_kuzeyafrika.js,134,data/yerlesimler_h2_kuzeyafrika.js:134,kale,35.246,-3.931,KuzeyAfrika-Misir,,1281-01-01,hayir,
2058,Mamûra (Mehdiye),2338,yerlesimler_h2_kuzeyafrika.js,140,data/yerlesimler_h2_kuzeyafrika.js:140,kale,34.256,-6.678,KuzeyAfrika-Misir,,1281-01-01,hayir,
2059,Debdû,2339,yerlesimler_h2_kuzeyafrika.js,145,data/yerlesimler_h2_kuzeyafrika.js:145,sehir,34.098,-3.032,KuzeyAfrika-Misir,,1281-01-01,hayir,
2060,Fîgîg (Figuig),2340,yerlesimler_h2_kuzeyafrika.js,150,data/yerlesimler_h2_kuzeyafrika.js:150,sehir,32.109,-1.227,KuzeyAfrika-Misir,,1281-01-01,hayir,
2061,Dârülbeyzâ (Anfa),2341,yerlesimler_h2_kuzeyafrika.js,154,data/yerlesimler_h2_kuzeyafrika.js:154,liman,33.573,-7.59,KuzeyAfrika-Misir,,1281-01-01,hayir,
2062,Zâgûre (Dr'a),2342,yerlesimler_h2_kuzeyafrika.js,157,data/yerlesimler_h2_kuzeyafrika.js:157,sehir,30.332,-5.838,KuzeyAfrika-Misir,,1281-01-01,hayir,
2063,Verzâzât,2343,yerlesimler_h2_kuzeyafrika.js,160,data/yerlesimler_h2_kuzeyafrika.js:160,sehir,30.92,-6.91,KuzeyAfrika-Misir,,1281-01-01,hayir,
2064,Tinğîr,2344,yerlesimler_h2_kuzeyafrika.js,163,data/yerlesimler_h2_kuzeyafrika.js:163,sehir,31.515,-5.533,KuzeyAfrika-Misir,,1281-01-01,hayir,
2065,Benî Mellâl,2345,yerlesimler_h2_kuzeyafrika.js,166,data/yerlesimler_h2_kuzeyafrika.js:166,sehir,32.337,-6.36,KuzeyAfrika-Misir,,1281-01-01,hayir,
2066,Hunayfire (Khenifra),2346,yerlesimler_h2_kuzeyafrika.js,169,data/yerlesimler_h2_kuzeyafrika.js:169,sehir,32.936,-5.668,KuzeyAfrika-Misir,,1281-01-01,hayir,
2067,Sefrû,2347,yerlesimler_h2_kuzeyafrika.js,172,data/yerlesimler_h2_kuzeyafrika.js:172,sehir,33.83,-4.836,KuzeyAfrika-Misir,,1281-01-01,hayir,
2068,Îfnî (Sîdî İfnî),2348,yerlesimler_h2_kuzeyafrika.js,175,data/yerlesimler_h2_kuzeyafrika.js:175,liman,29.379,-10.173,KuzeyAfrika-Misir,,1281-01-01,hayir,
2069,Tîznît,2349,yerlesimler_h2_kuzeyafrika.js,178,data/yerlesimler_h2_kuzeyafrika.js:178,sehir,29.699,-9.732,KuzeyAfrika-Misir,,1281-01-01,hayir,
2070,Ğulmîm (Vâdî Nûn),2350,yerlesimler_h2_kuzeyafrika.js,182,data/yerlesimler_h2_kuzeyafrika.js:182,sehir,28.987,-10.057,KuzeyAfrika-Misir,,1281-01-01,hayir,
2071,Tâtâ,2351,yerlesimler_h2_kuzeyafrika.js,185,data/yerlesimler_h2_kuzeyafrika.js:185,sehir,29.744,-7.972,KuzeyAfrika-Misir,,1281-01-01,hayir,
2072,Tîzî Vezzû (Kabiliye),2352,yerlesimler_h2_kuzeyafrika.js,204,data/yerlesimler_h2_kuzeyafrika.js:204,sehir,36.712,4.047,KuzeyAfrika-Misir,,1281-01-01,hayir,
2073,Akbû (Benî Abbâs),2353,yerlesimler_h2_kuzeyafrika.js,211,data/yerlesimler_h2_kuzeyafrika.js:211,kale,36.457,4.531,KuzeyAfrika-Misir,,1281-01-01,hayir,
2074,Tâhert (Tiaret),2354,yerlesimler_h2_kuzeyafrika.js,220,data/yerlesimler_h2_kuzeyafrika.js:220,sehir,35.371,1.322,KuzeyAfrika-Misir,,1281-01-01,hayir,
2075,Cilfe (Djelfa),2355,yerlesimler_h2_kuzeyafrika.js,230,data/yerlesimler_h2_kuzeyafrika.js:230,sehir,34.673,3.263,KuzeyAfrika-Misir,,1281-01-01,hayir,
2076,Vargla (Ouargla),2356,yerlesimler_h2_kuzeyafrika.js,240,data/yerlesimler_h2_kuzeyafrika.js:240,sehir,31.949,5.325,KuzeyAfrika-Misir,,1281-01-01,hayir,
2077,el-Vâdî (Sûf),2357,yerlesimler_h2_kuzeyafrika.js,248,data/yerlesimler_h2_kuzeyafrika.js:248,sehir,33.368,6.867,KuzeyAfrika-Misir,,1281-01-01,hayir,
2078,Hanşele (Khenchela),2358,yerlesimler_h2_kuzeyafrika.js,255,data/yerlesimler_h2_kuzeyafrika.js:255,sehir,35.436,7.144,KuzeyAfrika-Misir,,1281-01-01,hayir,
2079,Aynı Beydâ,2359,yerlesimler_h2_kuzeyafrika.js,261,data/yerlesimler_h2_kuzeyafrika.js:261,sehir,35.796,7.393,KuzeyAfrika-Misir,,1281-01-01,hayir,
2080,Advâr (Tuvât),2360,yerlesimler_h2_kuzeyafrika.js,274,data/yerlesimler_h2_kuzeyafrika.js:274,sehir,27.874,-0.294,KuzeyAfrika-Misir,,1281-01-01,hayir,
2081,Tîmîmûn (Gûrâre),2361,yerlesimler_h2_kuzeyafrika.js,278,data/yerlesimler_h2_kuzeyafrika.js:278,sehir,29.256,0.231,KuzeyAfrika-Misir,,1281-01-01,hayir,
2082,Aynı Sâlih (Tîdîkelt),2362,yerlesimler_h2_kuzeyafrika.js,284,data/yerlesimler_h2_kuzeyafrika.js:284,sehir,27.194,2.48,KuzeyAfrika-Misir,,1281-01-01,hayir,
2083,Reggân,2363,yerlesimler_h2_kuzeyafrika.js,288,data/yerlesimler_h2_kuzeyafrika.js:288,sehir,26.719,0.17,KuzeyAfrika-Misir,,1281-01-01,hayir,
2084,Benî Abbâs (Sâvre),2364,yerlesimler_h2_kuzeyafrika.js,292,data/yerlesimler_h2_kuzeyafrika.js:292,sehir,30.13,-2.17,KuzeyAfrika-Misir,,1281-01-01,hayir,
2085,Beşşâr (Béchar),2365,yerlesimler_h2_kuzeyafrika.js,302,data/yerlesimler_h2_kuzeyafrika.js:302,sehir,31.617,-2.216,KuzeyAfrika-Misir,,1281-01-01,hayir,
2086,Ğâru'l-Melh (Porto Farina),2366,yerlesimler_h2_kuzeyafrika.js,316,data/yerlesimler_h2_kuzeyafrika.js:316,liman,37.177,10.191,KuzeyAfrika-Misir,,1281-01-01,hayir,
2087,Testûr,2367,yerlesimler_h2_kuzeyafrika.js,322,data/yerlesimler_h2_kuzeyafrika.js:322,sehir,36.556,9.442,KuzeyAfrika-Misir,,1281-01-01,hayir,
2088,Ğar Dimâv,2368,yerlesimler_h2_kuzeyafrika.js,327,data/yerlesimler_h2_kuzeyafrika.js:327,sehir,36.45,8.435,KuzeyAfrika-Misir,,1281-01-01,hayir,
2089,Mekter (Maktar),2369,yerlesimler_h2_kuzeyafrika.js,332,data/yerlesimler_h2_kuzeyafrika.js:332,sehir,35.855,9.203,KuzeyAfrika-Misir,,1281-01-01,hayir,
2090,Sübaytıla,2370,yerlesimler_h2_kuzeyafrika.js,337,data/yerlesimler_h2_kuzeyafrika.js:337,sehir,35.235,9.12,KuzeyAfrika-Misir,,1281-01-01,hayir,
2091,Sîdî Bû Zeyd,2371,yerlesimler_h2_kuzeyafrika.js,342,data/yerlesimler_h2_kuzeyafrika.js:342,sehir,35.038,9.485,KuzeyAfrika-Misir,,1281-01-01,hayir,
2092,Metlâvî,2372,yerlesimler_h2_kuzeyafrika.js,347,data/yerlesimler_h2_kuzeyafrika.js:347,sehir,34.32,8.4,KuzeyAfrika-Misir,,1281-01-01,hayir,
2093,Kıbillî (Nefzâve),2373,yerlesimler_h2_kuzeyafrika.js,353,data/yerlesimler_h2_kuzeyafrika.js:353,sehir,33.704,8.969,KuzeyAfrika-Misir,,1281-01-01,hayir,
2094,Dûz,2374,yerlesimler_h2_kuzeyafrika.js,358,data/yerlesimler_h2_kuzeyafrika.js:358,sehir,33.466,9.02,KuzeyAfrika-Misir,,1281-01-01,hayir,
2095,Terhûne,2375,yerlesimler_h2_kuzeyafrika.js,370,data/yerlesimler_h2_kuzeyafrika.js:370,sehir,32.435,13.633,KuzeyAfrika-Misir,,1281-01-01,hayir,
2096,Kabâv (Nefûse),2376,yerlesimler_h2_kuzeyafrika.js,377,data/yerlesimler_h2_kuzeyafrika.js:377,sehir,31.941,12.036,KuzeyAfrika-Misir,,1281-01-01,hayir,
2097,Sinâvin,2377,yerlesimler_h2_kuzeyafrika.js,383,data/yerlesimler_h2_kuzeyafrika.js:383,sehir,31.007,10.616,KuzeyAfrika-Misir,,1281-01-01,hayir,
2098,Derc (Derj),2378,yerlesimler_h2_kuzeyafrika.js,389,data/yerlesimler_h2_kuzeyafrika.js:389,sehir,30.155,10.442,KuzeyAfrika-Misir,,1281-01-01,hayir,
2099,Tâverğa,2379,yerlesimler_h2_kuzeyafrika.js,395,data/yerlesimler_h2_kuzeyafrika.js:395,sehir,32.005,15.055,KuzeyAfrika-Misir,,1281-01-01,hayir,
2100,Vaddân (Cufre),2380,yerlesimler_h2_kuzeyafrika.js,402,data/yerlesimler_h2_kuzeyafrika.js:402,sehir,29.161,16.139,KuzeyAfrika-Misir,,1281-01-01,hayir,
2101,Zilla (Zella),2381,yerlesimler_h2_kuzeyafrika.js,407,data/yerlesimler_h2_kuzeyafrika.js:407,bolge,28.556,17.532,KuzeyAfrika-Misir,,1281-01-01,hayir,
2102,Nûfiliye,2382,yerlesimler_h2_kuzeyafrika.js,414,data/yerlesimler_h2_kuzeyafrika.js:414,sehir,30.784,17.983,KuzeyAfrika-Misir,,1281-01-01,hayir,
2103,Merâde,2383,yerlesimler_h2_kuzeyafrika.js,420,data/yerlesimler_h2_kuzeyafrika.js:420,bolge,29.23,19.213,KuzeyAfrika-Misir,,1281-01-01,hayir,
2104,Tulmeyse,2384,yerlesimler_h2_kuzeyafrika.js,432,data/yerlesimler_h2_kuzeyafrika.js:432,liman,32.712,20.951,KuzeyAfrika-Misir,,1281-01-01,hayir,
2105,Ayn el-Ğazâle (Bomba),2385,yerlesimler_h2_kuzeyafrika.js,444,data/yerlesimler_h2_kuzeyafrika.js:444,liman,32.495,23.12,KuzeyAfrika-Misir,,1281-01-01,hayir,
2106,Tırgan (Traghan),2386,yerlesimler_h2_kuzeyafrika.js,457,data/yerlesimler_h2_kuzeyafrika.js:457,sehir,26.13,14.47,KuzeyAfrika-Misir,,1281-01-01,hayir,
2107,Zevîle (Zawila),2387,yerlesimler_h2_kuzeyafrika.js,464,data/yerlesimler_h2_kuzeyafrika.js:464,sehir,26.17,15.113,KuzeyAfrika-Misir,,1281-01-01,hayir,
2108,el-Katrûn,2388,yerlesimler_h2_kuzeyafrika.js,470,data/yerlesimler_h2_kuzeyafrika.js:470,sehir,24.919,14.647,KuzeyAfrika-Misir,,1281-01-01,hayir,
2109,Pathein (Bassein),2389,yerlesimler_gdasya.js,22,data/yerlesimler_gdasya.js:22,liman,16.78,94.73,GDAsya,,1281-01-01,hayir,
2110,Thaton,2390,yerlesimler_gdasya.js,24,data/yerlesimler_gdasya.js:24,sehir,16.92,97.37,GDAsya,,1281-01-01,hayir,
2111,Bhamo,2391,yerlesimler_gdasya.js,26,data/yerlesimler_gdasya.js:26,sehir,24.27,97.23,GDAsya,,1281-01-01,hayir,
2112,Taungdwingyi,2393,yerlesimler_gdasya.js,31,data/yerlesimler_gdasya.js:31,sehir,20.01,95.4,GDAsya,,1281-01-01,hayir,
2113,Myingyan,2394,yerlesimler_gdasya.js,33,data/yerlesimler_gdasya.js:33,sehir,21.46,95.38,GDAsya,,1281-01-01,hayir,
2114,Yenangyaung,2395,yerlesimler_gdasya.js,35,data/yerlesimler_gdasya.js:35,sehir,20.47,94.87,GDAsya,,1281-01-01,hayir,
2115,Katha,2396,yerlesimler_gdasya.js,37,data/yerlesimler_gdasya.js:37,sehir,24.19,96.33,GDAsya,,1281-01-01,hayir,
2116,Meiktila,2397,yerlesimler_gdasya.js,39,data/yerlesimler_gdasya.js:39,sehir,20.87,95.86,GDAsya,,1281-01-01,hayir,
2117,Lopburi,2398,yerlesimler_gdasya.js,43,data/yerlesimler_gdasya.js:43,sehir,14.8,100.62,GDAsya,,1281-01-01,hayir,
2118,Phitsanulok,2399,yerlesimler_gdasya.js,45,data/yerlesimler_gdasya.js:45,sehir,16.82,100.26,GDAsya,,1281-01-01,hayir,
2119,Nakhon Ratchasima,2400,yerlesimler_gdasya.js,47,data/yerlesimler_gdasya.js:47,sehir,14.97,102.1,GDAsya,,1281-01-01,hayir,
2120,Songkhla,2401,yerlesimler_gdasya.js,49,data/yerlesimler_gdasya.js:49,liman,7.2079,100.597,GDAsya,,1281-01-01,hayir,
2121,Phuket (Thalang),2402,yerlesimler_gdasya.js,51,data/yerlesimler_gdasya.js:51,liman,7.89,98.4,GDAsya,,1281-01-01,hayir,
2122,Chiang Rai,2403,yerlesimler_gdasya.js,53,data/yerlesimler_gdasya.js:53,sehir,19.91,99.83,GDAsya,,1281-01-01,hayir,
2123,Chanthaburi,2404,yerlesimler_gdasya.js,55,data/yerlesimler_gdasya.js:55,liman,12.61,102.1,GDAsya,,1281-01-01,hayir,
2124,Nan,2405,yerlesimler_gdasya.js,57,data/yerlesimler_gdasya.js:57,sehir,18.78,100.77,GDAsya,,1281-01-01,hayir,
2125,Kratie,2406,yerlesimler_gdasya.js,61,data/yerlesimler_gdasya.js:61,liman,12.49,106.02,GDAsya,,1281-01-01,hayir,
2126,Kampot,2407,yerlesimler_gdasya.js,63,data/yerlesimler_gdasya.js:63,liman,10.61,104.18,GDAsya,,1281-01-01,hayir,
2127,Pursat,2408,yerlesimler_gdasya.js,65,data/yerlesimler_gdasya.js:65,sehir,12.53,103.92,GDAsya,,1281-01-01,hayir,
2128,Kompong Cham,2409,yerlesimler_gdasya.js,67,data/yerlesimler_gdasya.js:67,liman,12.0,105.46,GDAsya,,1281-01-01,hayir,
2129,Xieng Khouang,2410,yerlesimler_gdasya.js,71,data/yerlesimler_gdasya.js:71,sehir,19.45,103.15,GDAsya,,1281-01-01,hayir,
2130,Savannakhet,2411,yerlesimler_gdasya.js,75,data/yerlesimler_gdasya.js:75,liman,16.56,104.75,GDAsya,,1281-01-01,hayir,
2131,Hai Phong,2412,yerlesimler_gdasya.js,83,data/yerlesimler_gdasya.js:83,liman,20.86,106.68,GDAsya,,1281-01-01,hayir,
2132,Nam Dinh,2413,yerlesimler_gdasya.js,85,data/yerlesimler_gdasya.js:85,sehir,20.42,106.17,GDAsya,,1281-01-01,hayir,
2133,Thanh Hoa,2414,yerlesimler_gdasya.js,90,data/yerlesimler_gdasya.js:90,sehir,19.81,105.78,GDAsya,,1281-01-01,hayir,
2134,Vinh,2415,yerlesimler_gdasya.js,92,data/yerlesimler_gdasya.js:92,sehir,18.67,105.69,GDAsya,,1281-01-01,hayir,
2135,Nha Trang (Kauthara),2416,yerlesimler_gdasya.js,97,data/yerlesimler_gdasya.js:97,liman,12.24,109.19,GDAsya,,1281-01-01,hayir,
2136,Pahang (Pekan),2417,yerlesimler_gdasya.js,101,data/yerlesimler_gdasya.js:101,sehir,3.5,103.4,GDAsya,,1281-01-01,hayir,
2137,Kelantan (Kota Bharu),2418,yerlesimler_gdasya.js,103,data/yerlesimler_gdasya.js:103,sehir,6.13,102.24,GDAsya,,1281-01-01,hayir,
2138,Terengganu (Kuala Terengganu),2419,yerlesimler_gdasya.js,105,data/yerlesimler_gdasya.js:105,liman,5.33,103.14,GDAsya,,1281-01-01,hayir,
2139,Negeri Sembilan (Seremban),2420,yerlesimler_gdasya.js,107,data/yerlesimler_gdasya.js:107,sehir,2.72,101.94,GDAsya,,1281-01-01,hayir,
2140,Lampung,2421,yerlesimler_gdasya.js,111,data/yerlesimler_gdasya.js:111,liman,-5.4489,105.269,GDAsya,,1281-01-01,hayir,
2141,Bintan (Riau),2422,yerlesimler_gdasya.js,113,data/yerlesimler_gdasya.js:113,liman,0.92,104.45,GDAsya,,1281-01-01,hayir,
2142,Cirebon,2424,yerlesimler_gdasya.js,120,data/yerlesimler_gdasya.js:120,liman,-6.71,108.55,GDAsya,,1281-01-01,hayir,
2143,Malang,2425,yerlesimler_gdasya.js,122,data/yerlesimler_gdasya.js:122,sehir,-7.98,112.63,GDAsya,,1281-01-01,hayir,
2144,Madiun,2426,yerlesimler_gdasya.js,124,data/yerlesimler_gdasya.js:124,sehir,-7.63,111.52,GDAsya,,1281-01-01,hayir,
2145,Pasuruan,2427,yerlesimler_gdasya.js,126,data/yerlesimler_gdasya.js:126,liman,-7.65,112.9,GDAsya,,1281-01-01,hayir,
2146,Blitar,2428,yerlesimler_gdasya.js,128,data/yerlesimler_gdasya.js:128,sehir,-8.1,112.17,GDAsya,,1281-01-01,hayir,
2147,Gorontalo,2431,yerlesimler_gdasya.js,140,data/yerlesimler_gdasya.js:140,liman,0.54,123.06,GDAsya,,1281-01-01,hayir,
2148,Iloilo,2432,yerlesimler_gdasya.js,144,data/yerlesimler_gdasya.js:144,liman,10.72,122.56,GDAsya,,1281-01-01,hayir,
2149,Vigan,2433,yerlesimler_gdasya.js,146,data/yerlesimler_gdasya.js:146,sehir,17.57,120.39,GDAsya,,1281-01-01,hayir,
2150,Zamboanga,2434,yerlesimler_gdasya.js,148,data/yerlesimler_gdasya.js:148,liman,6.91,122.08,GDAsya,,1281-01-01,hayir,
2151,Butuan,2435,yerlesimler_gdasya.js,150,data/yerlesimler_gdasya.js:150,liman,8.95,125.54,GDAsya,,1281-01-01,hayir,
2152,Larantuka,2436,yerlesimler_gdasya.js,154,data/yerlesimler_gdasya.js:154,liman,-8.3411,122.99,GDAsya,,1281-01-01,hayir,
2153,Sumbawa,2437,yerlesimler_gdasya.js,156,data/yerlesimler_gdasya.js:156,sehir,-8.49,117.42,GDAsya,,1281-01-01,hayir,
2154,Seram (Ceram),2438,yerlesimler_gdasya.js,158,data/yerlesimler_gdasya.js:158,liman,-3.1,129.5,GDAsya,,1281-01-01,hayir,
2155,Minbu,2439,yerlesimler_gdasya.js,163,data/yerlesimler_gdasya.js:163,sehir,20.18,94.88,GDAsya,,1281-01-01,hayir,
2156,Pakokku,2440,yerlesimler_gdasya.js,165,data/yerlesimler_gdasya.js:165,sehir,21.33,95.08,GDAsya,,1281-01-01,hayir,
2157,Myitkyina,2441,yerlesimler_gdasya.js,167,data/yerlesimler_gdasya.js:167,sehir,25.38,97.4,DoguAsya,,1281-01-01,hayir,
2158,Kanchanaburi,2442,yerlesimler_gdasya.js,170,data/yerlesimler_gdasya.js:170,sehir,14.02,99.53,GDAsya,,1281-01-01,hayir,
2159,Phetchaburi,2443,yerlesimler_gdasya.js,172,data/yerlesimler_gdasya.js:172,liman,13.11,99.94,GDAsya,,1281-01-01,hayir,
2160,Trang,2444,yerlesimler_gdasya.js,174,data/yerlesimler_gdasya.js:174,liman,7.56,99.61,GDAsya,,1281-01-01,hayir,
2161,Son Tay,2445,yerlesimler_gdasya.js,177,data/yerlesimler_gdasya.js:177,sehir,21.14,105.5,GDAsya,,1281-01-01,hayir,
2162,Ninh Binh,2446,yerlesimler_gdasya.js,179,data/yerlesimler_gdasya.js:179,sehir,20.25,105.97,GDAsya,,1281-01-01,hayir,
2163,Bac Giang,2447,yerlesimler_gdasya.js,181,data/yerlesimler_gdasya.js:181,sehir,21.27,106.19,GDAsya,,1281-01-01,hayir,
2164,Tegal,2448,yerlesimler_gdasya.js,184,data/yerlesimler_gdasya.js:184,liman,-6.87,109.14,GDAsya,,1281-01-01,hayir,
2165,Pekalongan,2449,yerlesimler_gdasya.js,186,data/yerlesimler_gdasya.js:186,liman,-6.89,109.68,GDAsya,,1281-01-01,hayir,
2166,Rembang,2450,yerlesimler_gdasya.js,188,data/yerlesimler_gdasya.js:188,liman,-6.713,111.34,GDAsya,,1281-01-01,hayir,
2167,Stung Treng,2451,yerlesimler_gdasya.js,192,data/yerlesimler_gdasya.js:192,liman,13.53,105.97,GDAsya,,1281-01-01,hayir,
2168,Sisophon,2452,yerlesimler_gdasya.js,194,data/yerlesimler_gdasya.js:194,sehir,13.59,102.98,GDAsya,,1281-01-01,hayir,
2169,Klang,2453,yerlesimler_gdasya.js,196,data/yerlesimler_gdasya.js:196,liman,3.04,101.45,GDAsya,,1281-01-01,hayir,
2170,Naga (Camarines),2456,yerlesimler_gdasya.js,204,data/yerlesimler_gdasya.js:204,sehir,13.62,123.18,GDAsya,,1281-01-01,hayir,
2171,Alor,2457,yerlesimler_gdasya.js,206,data/yerlesimler_gdasya.js:206,liman,-8.22,124.58,GDAsya,,1281-01-01,hayir,
2172,Sandoway (Thandwe),2458,yerlesimler_gdasya.js,210,data/yerlesimler_gdasya.js:210,liman,18.48,94.35,GDAsya,,1281-01-01,hayir,
2173,Kamphaeng Phet,2459,yerlesimler_gdasya.js,212,data/yerlesimler_gdasya.js:212,sehir,16.48,99.52,GDAsya,,1281-01-01,hayir,
2174,Uthai Thani,2460,yerlesimler_gdasya.js,214,data/yerlesimler_gdasya.js:214,sehir,15.38,100.02,GDAsya,,1281-01-01,hayir,
2175,Preah Vihear,2461,yerlesimler_gdasya.js,216,data/yerlesimler_gdasya.js:216,sehir,14.39,104.68,GDAsya,,1281-01-01,hayir,
2176,Muang Sing,2462,yerlesimler_gdasya.js,220,data/yerlesimler_gdasya.js:220,sehir,21.18,101.15,GDAsya,,1281-01-01,hayir,
2177,Vinh Long,2463,yerlesimler_gdasya.js,222,data/yerlesimler_gdasya.js:222,liman,10.25,105.97,GDAsya,,1281-01-01,hayir,
2178,Can Tho,2464,yerlesimler_gdasya.js,224,data/yerlesimler_gdasya.js:224,liman,10.03,105.79,GDAsya,,1281-01-01,hayir,
2179,Muar,2465,yerlesimler_gdasya.js,226,data/yerlesimler_gdasya.js:226,liman,2.05,102.57,GDAsya,,1281-01-01,hayir,
2180,Jepara,2467,yerlesimler_gdasya.js,231,data/yerlesimler_gdasya.js:231,liman,-6.59,110.67,GDAsya,,1281-01-01,hayir,
2181,Bantaeng,2469,yerlesimler_gdasya.js,236,data/yerlesimler_gdasya.js:236,liman,-5.53,119.96,GDAsya,,1281-01-01,hayir,
2182,Batangas,2470,yerlesimler_gdasya.js,238,data/yerlesimler_gdasya.js:238,liman,13.76,121.06,GDAsya,,1281-01-01,hayir,
2183,Ende (Flores),2471,yerlesimler_gdasya.js,240,data/yerlesimler_gdasya.js:240,liman,-8.84,121.66,GDAsya,,1281-01-01,hayir,
2184,Pyinmana,2472,yerlesimler_gdasya.js,244,data/yerlesimler_gdasya.js:244,sehir,19.73,96.22,GDAsya,,1281-01-01,hayir,
2185,Henzada (Hinthada),2473,yerlesimler_gdasya.js,246,data/yerlesimler_gdasya.js:246,sehir,17.64,95.46,GDAsya,,1281-01-01,hayir,
2186,Chumphon,2474,yerlesimler_gdasya.js,248,data/yerlesimler_gdasya.js:248,liman,10.49,99.18,GDAsya,,1281-01-01,hayir,
2187,Surat Thani,2475,yerlesimler_gdasya.js,250,data/yerlesimler_gdasya.js:250,liman,9.14,99.32,GDAsya,,1281-01-01,hayir,
2188,Quang Tri,2477,yerlesimler_gdasya.js,255,data/yerlesimler_gdasya.js:255,sehir,16.75,107.19,GDAsya,,1281-01-01,hayir,
2189,Quang Ngai,2478,yerlesimler_gdasya.js,257,data/yerlesimler_gdasya.js:257,sehir,15.12,108.8,GDAsya,,1281-01-01,hayir,
2190,Indrapura,2479,yerlesimler_gdasya.js,259,data/yerlesimler_gdasya.js:259,liman,-2.2,101.11,GDAsya,,1281-01-01,hayir,
2191,Sumenep (Madura),2480,yerlesimler_gdasya.js,261,data/yerlesimler_gdasya.js:261,sehir,-7.02,113.87,GDAsya,,1281-01-01,hayir,
2192,Legazpi,2482,yerlesimler_gdasya.js,266,data/yerlesimler_gdasya.js:266,liman,13.14,123.74,GDAsya,,1281-01-01,hayir,
2193,Waingapu (Sumba),2483,yerlesimler_gdasya.js,268,data/yerlesimler_gdasya.js:268,liman,-9.66,120.26,GDAsya,,1281-01-01,hayir,
2194,Loikaw,2484,yerlesimler_gdasya.js,272,data/yerlesimler_gdasya.js:272,sehir,19.67,97.21,GDAsya,,1281-01-01,hayir,
2195,Suphan Buri,2485,yerlesimler_gdasya.js,274,data/yerlesimler_gdasya.js:274,sehir,14.47,100.12,GDAsya,,1281-01-01,hayir,
2196,Takeo,2486,yerlesimler_gdasya.js,276,data/yerlesimler_gdasya.js:276,sehir,10.99,104.79,GDAsya,,1281-01-01,hayir,
2197,Tra Vinh,2487,yerlesimler_gdasya.js,278,data/yerlesimler_gdasya.js:278,liman,9.93,106.35,GDAsya,,1281-01-01,hayir,
2198,Ben Tre,2488,yerlesimler_gdasya.js,280,data/yerlesimler_gdasya.js:280,liman,10.24,106.38,GDAsya,,1281-01-01,hayir,
2199,Kudus,2490,yerlesimler_gdasya.js,285,data/yerlesimler_gdasya.js:285,sehir,-6.81,110.84,GDAsya,,1281-01-01,hayir,
2200,Purwokerto,2491,yerlesimler_gdasya.js,287,data/yerlesimler_gdasya.js:287,sehir,-7.42,109.23,GDAsya,,1281-01-01,hayir,
2201,Tuguegarao,2492,yerlesimler_gdasya.js,289,data/yerlesimler_gdasya.js:289,sehir,17.61,121.73,GDAsya,,1281-01-01,hayir,
2202,Maumere (Flores),2493,yerlesimler_gdasya.js,291,data/yerlesimler_gdasya.js:291,liman,-8.62,122.21,GDAsya,,1281-01-01,hayir,
2203,Mogok,2494,yerlesimler_gdasya.js,295,data/yerlesimler_gdasya.js:295,sehir,22.92,96.5,GDAsya,,1281-01-01,hayir,
2204,Loei,2495,yerlesimler_gdasya.js,297,data/yerlesimler_gdasya.js:297,sehir,17.49,101.72,GDAsya,,1281-01-01,hayir,
2205,Kompong Thom,2496,yerlesimler_gdasya.js,299,data/yerlesimler_gdasya.js:299,sehir,12.71,104.89,GDAsya,,1281-01-01,hayir,
2206,Tay Ninh,2497,yerlesimler_gdasya.js,301,data/yerlesimler_gdasya.js:301,sehir,11.31,106.1,GDAsya,,1281-01-01,hayir,
2207,Painan,2498,yerlesimler_gdasya.js,303,data/yerlesimler_gdasya.js:303,liman,-1.33,100.6,GDAsya,,1281-01-01,hayir,
2208,Ponorogo,2499,yerlesimler_gdasya.js,305,data/yerlesimler_gdasya.js:305,sehir,-7.87,111.46,GDAsya,,1281-01-01,hayir,
2209,Dagupan,2500,yerlesimler_gdasya.js,307,data/yerlesimler_gdasya.js:307,liman,16.04,120.33,GDAsya,,1281-01-01,hayir,
2210,Bima (Sumbawa),2501,yerlesimler_gdasya.js,309,data/yerlesimler_gdasya.js:309,liman,-8.47,118.72,GDAsya,,1281-01-01,hayir,
2211,Kalaw,2502,yerlesimler_gdasya.js,313,data/yerlesimler_gdasya.js:313,sehir,20.63,96.57,GDAsya,,1281-01-01,hayir,
2212,Roi Et,2503,yerlesimler_gdasya.js,315,data/yerlesimler_gdasya.js:315,sehir,16.05,103.65,GDAsya,,1281-01-01,hayir,
2213,Svay Rieng,2504,yerlesimler_gdasya.js,317,data/yerlesimler_gdasya.js:317,sehir,11.09,105.8,GDAsya,,1281-01-01,hayir,
2214,Rach Gia,2505,yerlesimler_gdasya.js,319,data/yerlesimler_gdasya.js:319,liman,10.01,105.08,GDAsya,,1281-01-01,hayir,
2215,Bojonegoro,2506,yerlesimler_gdasya.js,321,data/yerlesimler_gdasya.js:321,sehir,-7.15,111.88,GDAsya,,1281-01-01,hayir,
2216,Puerto Princesa (Palawan),2507,yerlesimler_gdasya.js,323,data/yerlesimler_gdasya.js:323,liman,9.74,118.74,GDAsya,,1281-01-01,hayir,
2217,Rote,2508,yerlesimler_gdasya.js,325,data/yerlesimler_gdasya.js:325,liman,-10.71,123.13,Okyanusya,,1281-01-01,hayir,
2218,Jambi,2509,yerlesimler_gdasya.js,329,data/yerlesimler_gdasya.js:329,liman,-1.61,103.61,GDAsya,,1281-01-01,hayir,
2219,Siak Sri Indrapura,2510,yerlesimler_gdasya.js,331,data/yerlesimler_gdasya.js:331,liman,0.82,102.03,GDAsya,,1281-01-01,hayir,
2220,Medan (Deli),2511,yerlesimler_gdasya.js,333,data/yerlesimler_gdasya.js:333,liman,3.595,98.672,GDAsya,,1281-01-01,hayir,
2221,Rengat (Indragiri),2512,yerlesimler_gdasya.js,335,data/yerlesimler_gdasya.js:335,sehir,-0.35,102.55,GDAsya,,1281-01-01,hayir,
2222,Kilwa Kisiwani (Kilve),2517,yerlesimler_emilme.js,22,data/yerlesimler_emilme.js:22,sehir,-8.9795,39.4862,AltSahra-Afrika,,1281-01-01,hayir,
2223,Zanzibar (Zengibar),2518,yerlesimler_emilme.js,24,data/yerlesimler_emilme.js:24,sehir,-6.1659,39.1917,AltSahra-Afrika,,1281-01-01,hayir,
2224,Mombasa,2519,yerlesimler_emilme.js,26,data/yerlesimler_emilme.js:26,liman,-4.0402,39.6794,AltSahra-Afrika,,1281-01-01,hayir,
2225,Malindi,2520,yerlesimler_emilme.js,28,data/yerlesimler_emilme.js:28,liman,-3.2192,40.1169,AltSahra-Afrika,,1281-01-01,hayir,
2226,Sofala,2521,yerlesimler_emilme.js,30,data/yerlesimler_emilme.js:30,liman,-20.1667,34.75,AltSahra-Afrika,,1281-01-01,hayir,
2227,Angoche,2523,yerlesimler_emilme.js,35,data/yerlesimler_emilme.js:35,liman,-16.2325,39.9086,AltSahra-Afrika,,1281-01-01,hayir,
2228,Pate,2524,yerlesimler_emilme.js,37,data/yerlesimler_emilme.js:37,liman,-2.101,41.05,AltSahra-Afrika,,1281-01-01,hayir,
2229,Lamu,2525,yerlesimler_emilme.js,39,data/yerlesimler_emilme.js:39,liman,-2.2613,40.9129,AltSahra-Afrika,,1281-01-01,hayir,
2230,Bagamoyo,2527,yerlesimler_emilme.js,44,data/yerlesimler_emilme.js:44,liman,-6.4431,38.9006,AltSahra-Afrika,,1281-01-01,hayir,
2231,Tanga,2528,yerlesimler_emilme.js,46,data/yerlesimler_emilme.js:46,liman,-5.0689,39.0988,AltSahra-Afrika,,1281-01-01,hayir,
2232,Yeni Gine İç Yaylaları (Merkez — Mount Hagen),2545,yerlesimler_emilme.js,123,data/yerlesimler_emilme.js:123,bolge,-5.86,144.23,GDAsya,,,hayir,EVET
2233,Yeni Gine İç Yaylaları (Batı — Baliem Vadisi),2546,yerlesimler_emilme.js,124,data/yerlesimler_emilme.js:124,bolge,-4.1,138.94,GDAsya,,,hayir,EVET
2234,Yeni Gine İç Kesimi (Kuzey — Sepik Havzası),2547,yerlesimler_emilme.js,125,data/yerlesimler_emilme.js:125,bolge,-4.5,143.5,GDAsya,,,hayir,EVET
2235,Yeni Gine İç Kesimi (Güney — Fly Nehri Bataklıkları),2548,yerlesimler_emilme.js,126,data/yerlesimler_emilme.js:126,bolge,-8.0,141.5,GDAsya,,,hayir,EVET
2236,Kazak bozkırı (Turgay),2550,yerlesimler_sibirya.js,28,data/yerlesimler_sibirya.js:28,bolge,49.6,63.5,OrtaAsya,,1281-01-01,hayir,
2237,Kazak bozkırı (Sarısu),2551,yerlesimler_sibirya.js,30,data/yerlesimler_sibirya.js:30,bolge,47.0,67.0,OrtaAsya,,1281-01-01,hayir,
2238,Buryat toprakları (Selenge havzası),2552,yerlesimler_sibirya.js,34,data/yerlesimler_sibirya.js:34,bolge,53.0,110.0,Sibirya,,1281-01-01,hayir,
2239,Yakut toprakları (Orta Lena),2553,yerlesimler_sibirya.js,36,data/yerlesimler_sibirya.js:36,bolge,65.0,123.0,Sibirya,,,hayir,EVET
2240,Koryak toprakları,2554,yerlesimler_sibirya.js,39,data/yerlesimler_sibirya.js:39,bolge,62.0,166.0,Sibirya,,,hayir,EVET
2241,Çukotka merkezi,2557,yerlesimler_sibirya.js,50,data/yerlesimler_sibirya.js:50,bolge,66.0,172.0,Sibirya,,,hayir,EVET
2242,Meşkinşehr (Hiyav),2558,yerlesimler_kalite4.js,30,data/yerlesimler_kalite4.js:30,sehir,38.4,47.68,Iran-Irak-Korfez,,1281-01-01,hayir,
2243,Şerur (Sharur),2562,yerlesimler_kalite4.js,56,data/yerlesimler_kalite4.js:56,sehir,39.55,44.95,Anadolu,,1281-01-01,hayir,
2244,Tallinn (Reval),2563,yerlesimler_ek11.js,51,data/yerlesimler_ek11.js:51,liman,59.437,24.754,Avrupa-Balkan,,1281-01-01,hayir,
2245,Narva,2564,yerlesimler_ek11.js,59,data/yerlesimler_ek11.js:59,kale,59.377,28.19,Avrupa-Balkan,,1281-01-01,hayir,
2246,Tartu (Dorpat),2565,yerlesimler_ek11.js,63,data/yerlesimler_ek11.js:63,sehir,58.378,26.729,Avrupa-Balkan,,1281-01-01,hayir,
2247,Pärnu,2566,yerlesimler_ek11.js,66,data/yerlesimler_ek11.js:66,liman,58.386,24.497,Avrupa-Balkan,,1281-01-01,hayir,
2248,Tümen (Çimgi-Tura),2567,yerlesimler_ek10.js,68,data/yerlesimler_ek10.js:68,sehir,57.153,65.5343,Sibirya,,1281-01-01,hayir,
2249,Tobolsk (İsker),2568,yerlesimler_ek10.js,74,data/yerlesimler_ek10.js:74,sehir,58.199,68.256,Sibirya,,1281-01-01,hayir,
2250,Baraba bozkırı,2569,yerlesimler_ek10.js,95,data/yerlesimler_ek10.js:95,bolge,55.2,78.5,Sibirya,,1281-01-01,hayir,
2251,Reykjavík,2570,yerlesimler_ek12.js,76,data/yerlesimler_ek12.js:76,sehir,64.1466,-21.9426,Rusya,,1281-01-01,hayir,
2252,Akureyri,2571,yerlesimler_ek12.js,82,data/yerlesimler_ek12.js:82,sehir,65.7008,-18.0635,Rusya,,1281-01-01,hayir,
2253,Doğu Grönland,2572,yerlesimler_ek12.js,92,data/yerlesimler_ek12.js:92,bolge,70.4833,-21.9667,Rusya,,,hayir,EVET
2254,Kuzeydoğu Grönland,2573,yerlesimler_ek12.js,95,data/yerlesimler_ek12.js:95,bolge,76.77,-18.66,Rusya,,,hayir,EVET
2255,Avustralya İç Kesimi (Orta — Arrernte bölgesi),2576,yerlesimler_ek30.js,34,data/yerlesimler_ek30.js:34,bolge,-23.7,133.88,Okyanusya,,,hayir,EVET
2256,Yap,2578,yerlesimler_ek30.js,42,data/yerlesimler_ek30.js:42,bolge,9.5167,138.1333,GDAsya,,,hayir,EVET
2257,Hawaii Adaları (Birleşme Öncesi — moku/aliʻi sistemi),2581,yerlesimler_ek30.js,60,data/yerlesimler_ek30.js:60,bolge,19.6,-155.5,Okyanusya,,,hayir,EVET
2258,Bau (Fiji Konfederasyonları),2582,yerlesimler_ek30.js,64,data/yerlesimler_ek30.js:64,bolge,-18.007,178.567,Okyanusya,,,hayir,EVET
2259,Avustralya İç Kesimi (Kuzeybatı — Kimberley),2585,yerlesimler_ek30.js,89,data/yerlesimler_ek30.js:89,bolge,-16.5,126.0,Okyanusya,,,hayir,EVET
2260,Avustralya İç Kesimi (Kuzey — Arnhem Land),2586,yerlesimler_ek30.js,92,data/yerlesimler_ek30.js:92,bolge,-13.0,133.5,Okyanusya,,,hayir,EVET
2261,Avustralya İç Kesimi (Kuzeydoğu — Cape York),2587,yerlesimler_ek30.js,95,data/yerlesimler_ek30.js:95,bolge,-14.5,143.5,Okyanusya,,,hayir,EVET
2262,Avustralya İç Kesimi (Güney — Nullarbor/Güneybatı),2588,yerlesimler_ek30.js,98,data/yerlesimler_ek30.js:98,bolge,-31.5,129.0,Okyanusya,,,hayir,EVET
2263,Tazmanya (Aborijin Tazmanyalılar),2589,yerlesimler_ek30.js,101,data/yerlesimler_ek30.js:101,bolge,-42.0,147.0,Okyanusya,,,hayir,EVET
2264,Abalak,2597,yerlesimler_ek31.js,84,data/yerlesimler_ek31.js:84,kale,58.129,68.594,Sibirya,,1281-01-01,hayir,
2265,Kızıl-Tura,2598,yerlesimler_ek31.js,99,data/yerlesimler_ek31.js:99,kale,57.7,71.17,Sibirya,,1281-01-01,hayir,
2266,Kamçatka (İtelmen toprakları),2599,yerlesimler_ek31.js,140,data/yerlesimler_ek31.js:140,bolge,55.0,158.5,Sibirya,,,hayir,EVET
2267,Kolıma havzası (Yukagir toprakları),2600,yerlesimler_ek31.js,146,data/yerlesimler_ek31.js:146,bolge,66.0,152.0,Sibirya,,,hayir,EVET
2268,Doğu Sibirya kıyısı (Çuvan-Yukagir),2601,yerlesimler_ek31.js,152,data/yerlesimler_ek31.js:152,bolge,69.6462,160.9149,Sibirya,,,hayir,EVET
2269,Penjina havzası (kuzey Koryak),2602,yerlesimler_ek31.js,173,data/yerlesimler_ek31.js:173,bolge,61.1723,156.4398,Sibirya,,,hayir,EVET
2270,Niani,2607,yerlesimler_e9353f.js,122,data/yerlesimler_e9353f.js:122,sehir,11.383,-8.667,AltSahra-Afrika,,1281-01-01,hayir,
2271,Valata (Oualata),2608,yerlesimler_e9353f.js,133,data/yerlesimler_e9353f.js:133,sehir,17.3,-7.033,KuzeyAfrika-Misir,,1281-01-01,hayir,
2272,Gao,2609,yerlesimler_e9353f.js,157,data/yerlesimler_e9353f.js:157,sehir,16.272,-0.04,KuzeyAfrika-Misir,,1324-01-01,hayir,EVET
2273,Cenne (Djenné),2610,yerlesimler_e9353f.js,189,data/yerlesimler_e9353f.js:189,sehir,13.906,-4.555,KuzeyAfrika-Misir,,1473-01-01,hayir,EVET
2274,Kano,2612,yerlesimler_e9353f.js,240,data/yerlesimler_e9353f.js:240,sehir,12.0,8.517,AltSahra-Afrika,,1281-01-01,hayir,
2275,Katsina,2613,yerlesimler_e9353f.js,252,data/yerlesimler_e9353f.js:252,sehir,12.986,7.617,KuzeyAfrika-Misir,,1281-01-01,hayir,
2276,Zaria (Zazzau),2614,yerlesimler_e9353f.js,260,data/yerlesimler_e9353f.js:260,sehir,11.086,7.72,AltSahra-Afrika,,1281-01-01,hayir,
2277,Mao (Kanem),2616,yerlesimler_e9353f.js,300,data/yerlesimler_e9353f.js:300,sehir,13.996,15.313,KuzeyAfrika-Misir,,1281-01-01,hayir,
2278,Benin Şehri (Edo),2618,yerlesimler_e9353f.js,335,data/yerlesimler_e9353f.js:335,sehir,6.335,5.604,AltSahra-Afrika,,1281-01-01,hayir,
2279,İfe (Ile-Ife),2619,yerlesimler_e9353f.js,352,data/yerlesimler_e9353f.js:352,sehir,7.467,4.567,AltSahra-Afrika,,,hayir,
2280,Upemba (Kisale) havzası,2624,yerlesimler_e9353f.js,487,data/yerlesimler_e9353f.js:487,bolge,-8.45,26.55,AltSahra-Afrika,,,hayir,
2281,Malebo Havuzu (Teke),2625,yerlesimler_e9353f.js,494,data/yerlesimler_e9353f.js:494,bolge,-4.27,15.35,AltSahra-Afrika,,,hayir,
2282,Kasai havzası,2626,yerlesimler_e9353f.js,500,data/yerlesimler_e9353f.js:500,bolge,-5.0,22.5,AltSahra-Afrika,,,hayir,
2283,Ogooué havzası,2627,yerlesimler_e9353f.js,515,data/yerlesimler_e9353f.js:515,bolge,-0.7,12.0,AltSahra-Afrika,,1837-01-01,hayir,
2284,Ubangi-Uele havzası,2628,yerlesimler_e9353f.js,522,data/yerlesimler_e9353f.js:522,bolge,3.5,22.0,AltSahra-Afrika,,,hayir,
2285,Büyük Zimbabve,2631,yerlesimler_e9353f.js,617,data/yerlesimler_e9353f.js:617,sehir,-20.267,30.933,AltSahra-Afrika,,1281-01-01,hayir,
2286,Mapungubwe,2632,yerlesimler_e9353f.js,632,data/yerlesimler_e9353f.js:632,sehir,-22.194,29.389,AltSahra-Afrika,,,hayir,
2287,Paksos (Paxos),2636,yerlesimler_ek_adalar.js,102,data/yerlesimler_ek_adalar.js:102,kale,39.1975,20.1867,Avrupa-Balkan,,1281-01-01,hayir,
2288,Elafonisos (Cervi),2637,yerlesimler_ek_adalar.js,138,data/yerlesimler_ek_adalar.js:138,kasaba,36.4936,22.9756,Avrupa-Balkan,,1281-01-01,hayir,
2289,Yedisan bozkırı,2638,yerlesimler_ek_bozkir.js,109,data/yerlesimler_ek_bozkir.js:109,bolge,47.6,30.9,Rusya,,1281-01-01,hayir,
2290,Kuban Nogay bozkırı,2639,yerlesimler_ek_bozkir.js,126,data/yerlesimler_ek_bozkir.js:126,bolge,45.2,41.0,Rusya,,1281-01-01,hayir,
2291,Stavropol–Kuma bozkırı,2640,yerlesimler_ek_bozkir.js,137,data/yerlesimler_ek_bozkir.js:137,bolge,44.85,42.6,Rusya,,1281-01-01,hayir,
2292,Kuban deltası bozkırı,2641,yerlesimler_ek_bozkir.js,154,data/yerlesimler_ek_bozkir.js:154,bolge,45.5,37.8,Rusya,,1281-01-01,hayir,
2293,Çölemerik (Hakkâri),2642,yerlesimler_ek_ferhadpasa.js,69,data/yerlesimler_ek_ferhadpasa.js:69,sehir,37.5744,43.7408,Anadolu,,1281-01-01,hayir,
2294,Hoşap (Mahmudi),2643,yerlesimler_ek_ferhadpasa.js,76,data/yerlesimler_ek_ferhadpasa.js:76,kale,38.2222,43.7439,Anadolu,,1281-01-01,hayir,
2295,Bargiri (Muradiye),2644,yerlesimler_ek_ferhadpasa.js,83,data/yerlesimler_ek_ferhadpasa.js:83,kale,38.9931,43.7669,Anadolu,,1281-01-01,hayir,
2296,Kotur,2645,yerlesimler_ek_ferhadpasa.js,94,data/yerlesimler_ek_ferhadpasa.js:94,kale,38.475,44.3958,Anadolu,,1281-01-01,hayir,
2297,Fülek (Fiľakovo),2646,yerlesimler_ek_macaristan.js,188,data/yerlesimler_ek_macaristan.js:188,kale,48.2702,19.8223,Avrupa-Balkan,,1281-01-01,hayir,
2298,Ungvár (Uzhhorod),2647,yerlesimler_ek_macaristan.js,210,data/yerlesimler_ek_macaristan.js:210,sehir,48.6224,22.3023,Avrupa-Balkan,,1281-01-01,hayir,
2299,Munkács (Mukacheve),2648,yerlesimler_ek_macaristan.js,248,data/yerlesimler_ek_macaristan.js:248,kale,48.4421,22.7185,Avrupa-Balkan,,1281-01-01,hayir,
2300,Szatmár (Satu Mare),2649,yerlesimler_ek_macaristan.js,283,data/yerlesimler_ek_macaristan.js:283,sehir,47.7892,22.8726,Avrupa-Balkan,,1281-01-01,hayir,
2301,Birecik,2650,yerlesimler_ek_bosluk.js,38,data/yerlesimler_ek_bosluk.js:38,sehir,37.025,37.977,Anadolu,,1281-01-01,hayir,
2302,Prizren,2651,yerlesimler_ek_bosluk.js,60,data/yerlesimler_ek_bosluk.js:60,sehir,42.214,20.741,Avrupa-Balkan,,1281-01-01,hayir,
2303,"Katar Yarımadası (iç, dolgu)",2652,yerlesimler_ek_korfez.js,66,data/yerlesimler_ek_korfez.js:66,bolge,25.4,50.95,Iran-Irak-Korfez,,1559-01-01,hayir,
2304,Bacirge (Esendere),2653,yerlesimler_sinir_dogu.js,76,data/yerlesimler_sinir_dogu.js:76,koy,37.7114,44.601,Anadolu,,1281-01-01,hayir,
2305,Sero,2654,yerlesimler_sinir_dogu.js,84,data/yerlesimler_sinir_dogu.js:84,koy,37.7275,44.6427,Anadolu,,1281-01-01,hayir,
2306,Şemdinli (Şemdinni),2655,yerlesimler_sinir_dogu.js,99,data/yerlesimler_sinir_dogu.js:99,kasaba,37.3051,44.5742,Anadolu,,1281-01-01,hayir,
2307,Rāzhān,2656,yerlesimler_sinir_dogu.js,107,data/yerlesimler_sinir_dogu.js:107,koy,37.3833,44.8667,Anadolu,,1281-01-01,hayir,
2308,Şeyhrumi (Yücelen),2657,yerlesimler_sinir_dogu.js,128,data/yerlesimler_sinir_dogu.js:128,koy,38.9619,44.1132,Anadolu,,1281-01-01,hayir,
2309,Şeyh Salû-yi Ulyâ,2658,yerlesimler_sinir_dogu.js,136,data/yerlesimler_sinir_dogu.js:136,koy,38.9926,44.2001,Anadolu,,1281-01-01,hayir,
2310,Qaţţīnah,2659,yerlesimler_sinir_guney.js,11,data/yerlesimler_sinir_guney.js:11,koy,36.80744,40.05343,Anadolu,,1281-01-01,hayir,
2311,Ḩīmū,2660,yerlesimler_sinir_guney.js,12,data/yerlesimler_sinir_guney.js:12,koy,37.04723,41.16003,Anadolu,,1281-01-01,hayir,
2312,Jadlā’,2661,yerlesimler_sinir_guney.js,13,data/yerlesimler_sinir_guney.js:13,koy,36.65715,38.94703,Anadolu,,1281-01-01,hayir,
2313,Mercihamis (Yurtbağı),2662,yerlesimler_sinir_guney.js,14,data/yerlesimler_sinir_guney.js:14,koy,36.86293,38.00361,Anadolu,,1281-01-01,hayir,
2314,Sincan,2663,yerlesimler_sinir_guney.js,15,data/yerlesimler_sinir_guney.js:15,koy,36.72065,36.2277,Anadolu,,1281-01-01,hayir,
2315,Cibri (Güçlü),2664,yerlesimler_sinir_guney.js,16,data/yerlesimler_sinir_guney.js:16,koy,37.27593,42.09814,Anadolu,,1281-01-01,hayir,
2316,Babū,2665,yerlesimler_sinir_guney.js,17,data/yerlesimler_sinir_guney.js:17,koy,36.99209,40.95651,Anadolu,,1281-01-01,hayir,
2317,Kilise,2666,yerlesimler_sinir_guney.js,20,data/yerlesimler_sinir_guney.js:20,koy,37.35426,43.55328,Anadolu,,1281-01-01,hayir,
2318,Gōrabī,2667,yerlesimler_sinir_guney.js,21,data/yerlesimler_sinir_guney.js:21,koy,37.08333,44.7,Anadolu,,1281-01-01,hayir,
2319,Tirwānīsh,2668,yerlesimler_sinir_guney.js,22,data/yerlesimler_sinir_guney.js:22,koy,37.19618,43.50366,Anadolu,,1281-01-01,hayir,
2320,Balıklı,2669,yerlesimler_sinir_guney.js,23,data/yerlesimler_sinir_guney.js:23,koy,37.23157,44.65326,Anadolu,,1281-01-01,hayir,
2321,Cumai (Birlikköy),2670,yerlesimler_sinir_guney.js,24,data/yerlesimler_sinir_guney.js:24,koy,37.24622,42.52018,Anadolu,,1281-01-01,hayir,
2322,Uluköy (Akçadam),2671,yerlesimler_sinir_kuzey.js,11,data/yerlesimler_sinir_kuzey.js:11,koy,41.30488,26.53073,Anadolu,,1281-01-01,hayir,
2323,Stérna,2672,yerlesimler_sinir_kuzey.js,12,data/yerlesimler_sinir_kuzey.js:12,koy,41.56546,26.4581,Anadolu,,1281-01-01,hayir,
2324,Távri,2673,yerlesimler_sinir_kuzey.js,13,data/yerlesimler_sinir_kuzey.js:13,koy,40.98089,26.2535,Anadolu,,1281-01-01,hayir,
2325,Küfkaynapınarı (Azatlı),2674,yerlesimler_sinir_kuzey.js,14,data/yerlesimler_sinir_kuzey.js:14,koy,41.49897,26.70205,Anadolu,,1281-01-01,hayir,
2326,Karpuzlu (Yenikarpuzlu),2675,yerlesimler_sinir_kuzey.js,15,data/yerlesimler_sinir_kuzey.js:15,koy,40.82996,26.29606,Anadolu,,1281-01-01,hayir,
2327,Malak Dervent (Lalkovo),2676,yerlesimler_sinir_kuzey.js,18,data/yerlesimler_sinir_kuzey.js:18,koy,42.07516,26.72009,Anadolu,,1281-01-01,hayir,
2328,Umur Fakih (Fakia),2677,yerlesimler_sinir_kuzey.js,19,data/yerlesimler_sinir_kuzey.js:19,koy,42.18986,27.08592,Anadolu,,1281-01-01,hayir,
2329,Zazalo,2678,yerlesimler_sinir_kuzey.js,22,data/yerlesimler_sinir_kuzey.js:22,koy,41.62509,42.753,Anadolu,,1281-01-01,hayir,
2330,Murvaneti,2679,yerlesimler_sinir_kuzey.js,23,data/yerlesimler_sinir_kuzey.js:23,koy,41.56279,41.62598,Anadolu,,1281-01-01,hayir,
2331,Ts’q’altbila,2680,yerlesimler_sinir_kuzey.js,24,data/yerlesimler_sinir_kuzey.js:24,koy,41.58278,42.86714,Anadolu,,1281-01-01,hayir,
2332,Saylıca,2681,yerlesimler_sinir_kuzey.js,25,data/yerlesimler_sinir_kuzey.js:25,koy,41.33615,42.33915,Anadolu,,1281-01-01,hayir,
2333,Makhalak’auri,2682,yerlesimler_sinir_kuzey.js,26,data/yerlesimler_sinir_kuzey.js:26,koy,41.56667,42.41667,Anadolu,,1281-01-01,hayir,
2334,Norapat,2683,yerlesimler_sinir_kuzey.js,29,data/yerlesimler_sinir_kuzey.js:29,koy,40.14172,44.03332,Anadolu,,1281-01-01,hayir,
2335,Beri,2684,yerlesimler_sinir_kuzey.js,30,data/yerlesimler_sinir_kuzey.js:30,koy,39.91667,44.25,Anadolu,,1281-01-01,hayir,
2336,Kliçatak (Suser),2685,yerlesimler_sinir_kuzey.js,31,data/yerlesimler_sinir_kuzey.js:31,koy,40.46393,43.73328,Anadolu,,1281-01-01,hayir,
2337,Küçükperveli,2686,yerlesimler_sinir_kuzey.js,32,data/yerlesimler_sinir_kuzey.js:32,koy,40.67302,43.61322,Anadolu,,1281-01-01,hayir,
2338,Antananarivo,2687,yerlesimler_4ff22b.js,34,data/yerlesimler_4ff22b.js:34,sehir,-18.9333,47.5167,AltSahra-Afrika,,1787-01-01,hayir,
2339,Honolulu,2688,yerlesimler_4ff22b.js,83,data/yerlesimler_4ff22b.js:83,sehir,21.3069,-157.8583,Okyanusya,,1795-01-01,hayir,
2340,Comanchería (Güney Büyük Ovalar),2690,yerlesimler_amerika2.js,50,data/yerlesimler_amerika2.js:50,konfederasyon,34.97,-101.68,Amerika,,1281-01-01,hayir,
2341,Asîrgarh,2691,yerlesimler_hindistan.js,85,data/yerlesimler_hindistan.js:85,kale,21.43,76.27,Hindistan,,1281-01-01,hayir,
2342,el-Ulâ,2693,yerlesimler_ok101.js,80,data/yerlesimler_ok101.js:80,sehir,26.6167,37.9167,Levant-Irak-Arabistan,,1281-01-01,hayir,
2343,Medâin-i Sâlih (el-Hicr),2694,yerlesimler_ok101.js,87,data/yerlesimler_ok101.js:87,kale,26.7917,37.9542,Levant-Irak-Arabistan,,1281-01-01,hayir,
2344,el-Vech,2695,yerlesimler_ok101.js,95,data/yerlesimler_ok101.js:95,liman,26.2333,36.4667,Levant-Irak-Arabistan,,1281-01-01,hayir,
2345,Hayber,2696,yerlesimler_ok101.js,103,data/yerlesimler_ok101.js:103,sehir,25.6981,39.292,Levant-Irak-Arabistan,,1281-01-01,hayir,
2346,Mat (Mati),2697,yerlesimler_ok104.js,118,data/yerlesimler_ok104.js:118,sehir,41.61,20.009,Avrupa-Balkan,,1281-01-01,hayir,
2347,Leş (Alessio),2698,yerlesimler_ok104.js,153,data/yerlesimler_ok104.js:153,liman,41.783,19.644,Avrupa-Balkan,,1281-01-01,hayir,
2348,Debre (Dibra),2699,yerlesimler_ok104.js,175,data/yerlesimler_ok104.js:175,sehir,41.524,20.531,Avrupa-Balkan,,1281-01-01,hayir,
2349,Sa'de,2700,yerlesimler_ok104.js,214,data/yerlesimler_ok104.js:214,sehir,16.94,43.764,Levant-Irak-Arabistan,,1281-01-01,hayir,
2350,Şehâre,2701,yerlesimler_ok104.js,228,data/yerlesimler_ok104.js:228,kale,16.183,43.723,Levant-Irak-Arabistan,,1281-01-01,hayir,
2351,Kevkebân,2702,yerlesimler_ok104.js,237,data/yerlesimler_ok104.js:237,kale,15.503,43.899,Levant-Irak-Arabistan,,1281-01-01,hayir,
2352,Lubnı,2707,yerlesimler_ok106.js,209,data/yerlesimler_ok106.js:209,sehir,50.02,33.0,Rusya,,1281-01-01,hayir,
2353,İmâdiye (Amêdî),2714,yerlesimler_ok109.js,73,data/yerlesimler_ok109.js:73,sehir,37.0921,43.4877,Anadolu,,1281-01-01,hayir,
2354,Darende,2716,yerlesimler_ok110.js,59,data/yerlesimler_ok110.js:59,sehir,38.55,37.5,Anadolu,,1281-01-01,hayir,
2355,Balasagun (Ak-Beşim),2742,yerlesimler_ortaasya3.js,131,data/yerlesimler_ortaasya3.js:131,sehir,42.76,75.24,OrtaAsya,,1281-01-01,hayir,
2356,Issık Göl havzası,2743,yerlesimler_ortaasya3.js,156,data/yerlesimler_ortaasya3.js:156,bolge,42.1718,77.2414,OrtaAsya,,1281-01-01,hayir,
2357,Narın (Naryn),2744,yerlesimler_ortaasya3.js,170,data/yerlesimler_ortaasya3.js:170,kale,41.43,75.99,OrtaAsya,,1281-01-01,hayir,
2358,Kopal (Kapal),2745,yerlesimler_ortaasya3.js,186,data/yerlesimler_ortaasya3.js:186,kale,45.117,79.05,OrtaAsya,,1281-01-01,hayir,
2359,Almalık (Almalığ),2746,yerlesimler_ortaasya3.js,203,data/yerlesimler_ortaasya3.js:203,sehir,44.05,80.85,DoguAsya,,1281-01-01,hayir,
2360,Aksu (Tarım),2747,yerlesimler_ortaasya3.js,226,data/yerlesimler_ortaasya3.js:226,sehir,41.17,80.26,DoguAsya,,1281-01-01,hayir,
2361,Uçturfan (Uç Turfan),2748,yerlesimler_ortaasya3.js,242,data/yerlesimler_ortaasya3.js:242,sehir,41.21,79.05,OrtaAsya,,1281-01-01,hayir,
2362,Karaşar (Yanqi),2749,yerlesimler_ortaasya3.js,255,data/yerlesimler_ortaasya3.js:255,sehir,42.06,86.57,DoguAsya,,1281-01-01,hayir,
2363,Keriya (Yutian),2750,yerlesimler_ortaasya3.js,273,data/yerlesimler_ortaasya3.js:273,sehir,36.85,81.67,DoguAsya,,1281-01-01,hayir,
2364,Çerçen (Qiemo),2751,yerlesimler_ortaasya3.js,284,data/yerlesimler_ortaasya3.js:284,sehir,38.14,85.53,DoguAsya,,1281-01-01,hayir,
2365,Çarklık (Ruoqiang),2752,yerlesimler_ortaasya3.js,295,data/yerlesimler_ortaasya3.js:295,sehir,39.02,88.17,DoguAsya,,1281-01-01,hayir,
2366,Manas (Cungarya),2753,yerlesimler_ortaasya3.js,311,data/yerlesimler_ortaasya3.js:311,sehir,44.3,86.21,DoguAsya,,1281-01-01,hayir,
2367,Petropavlovsk (Kızılcar),2754,yerlesimler_ortaasya3.js,336,data/yerlesimler_ortaasya3.js:336,kale,54.87,69.15,Sibirya,,1281-01-01,hayir,
2368,Kökçetav (Kokçetav),2755,yerlesimler_ortaasya3.js,346,data/yerlesimler_ortaasya3.js:346,kale,53.28,69.39,Sibirya,,1281-01-01,hayir,
2369,Akmola (Akmolinsk),2756,yerlesimler_ortaasya3.js,356,data/yerlesimler_ortaasya3.js:356,kale,51.13,71.43,Sibirya,,1281-01-01,hayir,
2370,Karkaralinsk (Karkaralı),2757,yerlesimler_ortaasya3.js,366,data/yerlesimler_ortaasya3.js:366,kale,49.41,75.48,OrtaAsya,,1281-01-01,hayir,
2371,Ayagöz (Sergiopol),2758,yerlesimler_ortaasya3.js,376,data/yerlesimler_ortaasya3.js:376,kale,47.96,80.43,DoguAsya,,1281-01-01,hayir,
2372,Irgiz (Irgız),2759,yerlesimler_ortaasya3.js,389,data/yerlesimler_ortaasya3.js:389,kale,48.61,61.27,OrtaAsya,,1281-01-01,hayir,
2373,Kazalinsk (Kazalı),2760,yerlesimler_ortaasya3.js,399,data/yerlesimler_ortaasya3.js:399,kale,45.76,62.11,OrtaAsya,,1281-01-01,hayir,
2374,Sığnak (Sunak Kurgan),2761,yerlesimler_ortaasya3.js,436,data/yerlesimler_ortaasya3.js:436,sehir,44.05,67.05,OrtaAsya,,1281-01-01,hayir,
2375,Suzak (Sozak),2762,yerlesimler_ortaasya3.js,445,data/yerlesimler_ortaasya3.js:445,kale,44.13,68.47,OrtaAsya,,1281-01-01,hayir,
2376,Ak-Meçit (Perovsk),2763,yerlesimler_ortaasya3.js,463,data/yerlesimler_ortaasya3.js:463,kale,44.85,65.51,OrtaAsya,,1281-01-01,hayir,
2377,Cizre,2764,yerlesimler_ok107.js,40,data/yerlesimler_ok107.js:40,sehir,37.33,42.19,Anadolu,,1261-01-01,EVET,
2378,Siirt,2765,yerlesimler_ok107.js,62,data/yerlesimler_ok107.js:62,sehir,37.93,41.94,Anadolu,,1281-01-01,hayir,
2379,Hasankeyf,2766,yerlesimler_ok107.js,83,data/yerlesimler_ok107.js:83,kale,37.714,41.412,Anadolu,,1085-01-01,EVET,
2380,Midyat,2767,yerlesimler_ok107.js,122,data/yerlesimler_ok107.js:122,kasaba,37.418,41.372,Anadolu,,1281-01-01,hayir,
2381,Bedir,2768,yerlesimler_ok107.js,171,data/yerlesimler_ok107.js:171,kasaba,23.78,38.79,Levant-Irak-Arabistan,,1281-01-01,hayir,
2382,Râbiğ,2769,yerlesimler_ok107.js,185,data/yerlesimler_ok107.js:185,liman,22.799,39.035,Levant-Irak-Arabistan,,1281-01-01,hayir,
2383,Taraz (Evliya-Ata),2770,yerlesimler_ok107.js,205,data/yerlesimler_ok107.js:205,sehir,42.9,71.367,OrtaAsya,,1281-01-01,hayir,
2384,Sayram (İsficâb),2771,yerlesimler_ok107.js,225,data/yerlesimler_ok107.js:225,kasaba,42.303,69.786,OrtaAsya,,1281-01-01,hayir,
2385,Dikva (Dikeo),2773,yerlesimler_ok107.js,269,data/yerlesimler_ok107.js:269,sehir,12.04,13.917,KuzeyAfrika-Misir,,1281-01-01,hayir,
2386,Bilma,2774,yerlesimler_ok107.js,285,data/yerlesimler_ok107.js:285,kasaba,18.686,12.919,KuzeyAfrika-Misir,,1281-01-01,hayir,
2387,Zinder,2775,yerlesimler_ok107.js,295,data/yerlesimler_ok107.js:295,sehir,13.803,8.988,KuzeyAfrika-Misir,,1281-01-01,hayir,
2388,Köprülü (Veles),2776,yerlesimler_ok107.js,396,data/yerlesimler_ok107.js:396,sehir,41.716,21.775,Avrupa-Balkan,,1281-01-01,hayir,
2389,İştip (Štip),2777,yerlesimler_ok107.js,409,data/yerlesimler_ok107.js:409,sehir,41.746,22.195,Avrupa-Balkan,,1281-01-01,hayir,
2390,Ustrumca (Strumica),2778,yerlesimler_ok107.js,422,data/yerlesimler_ok107.js:422,sehir,41.437,22.643,Avrupa-Balkan,,1281-01-01,hayir,
2391,Doyran,2779,yerlesimler_ok107.js,435,data/yerlesimler_ok107.js:435,kasaba,41.183,22.717,Avrupa-Balkan,,1281-01-01,hayir,
2392,Gevgili (Gevgelija),2780,yerlesimler_ok107.js,448,data/yerlesimler_ok107.js:448,kasaba,41.144,22.502,Avrupa-Balkan,,1281-01-01,hayir,
2393,Kılkış (Avrathisar),2781,yerlesimler_ok107.js,462,data/yerlesimler_ok107.js:462,kasaba,40.994,22.874,Avrupa-Balkan,,1281-01-01,hayir,
2394,Vodina (Edessa),2782,yerlesimler_ok107.js,468,data/yerlesimler_ok107.js:468,sehir,40.803,22.047,Avrupa-Balkan,,1246-01-01,EVET,
2395,Karaferye (Veria),2783,yerlesimler_ok107.js,474,data/yerlesimler_ok107.js:474,sehir,40.524,22.203,Avrupa-Balkan,,1281-01-01,hayir,
2396,Gibson Çölü,2859,yerlesimler_okyanusya.js,415,data/yerlesimler_okyanusya.js:415,bolge,-23.5,130.5,Okyanusya,,,hayir,EVET
2397,Tanami Çölü,2860,yerlesimler_okyanusya.js,419,data/yerlesimler_okyanusya.js:419,bolge,-20.5,130.5,Okyanusya,,,hayir,EVET
2398,Büyük Victoria Çölü,2861,yerlesimler_okyanusya.js,423,data/yerlesimler_okyanusya.js:423,bolge,-28.5,126.5,Okyanusya,,,hayir,EVET
2399,Büyük Victoria Çölü 2,2862,yerlesimler_okyanusya.js,427,data/yerlesimler_okyanusya.js:427,bolge,-28.5,131.5,Okyanusya,,,hayir,EVET
2400,Gibson Çölü 2,2863,yerlesimler_okyanusya.js,431,data/yerlesimler_okyanusya.js:431,bolge,-26.5,128.5,Okyanusya,,,hayir,EVET
2401,Simpson Çölü,2864,yerlesimler_okyanusya.js,435,data/yerlesimler_okyanusya.js:435,bolge,-24.5,136.5,Okyanusya,,,hayir,EVET
2402,Büyük Victoria Çölü 3,2865,yerlesimler_okyanusya.js,439,data/yerlesimler_okyanusya.js:439,bolge,-31.5,124.5,Okyanusya,,,hayir,EVET
2403,Küçük Kum Çölü,2866,yerlesimler_okyanusya.js,443,data/yerlesimler_okyanusya.js:443,bolge,-25.5,123.5,Okyanusya,,,hayir,EVET
2404,Büyük Kum Çölü,2867,yerlesimler_okyanusya.js,447,data/yerlesimler_okyanusya.js:447,bolge,-23.5,126.5,Okyanusya,,,hayir,EVET
2405,Büyük Kum Çölü 2,2868,yerlesimler_okyanusya.js,451,data/yerlesimler_okyanusya.js:451,bolge,-22.5,123.5,Okyanusya,,,hayir,EVET
2406,Küçük Kum Çölü 2,2869,yerlesimler_okyanusya.js,455,data/yerlesimler_okyanusya.js:455,bolge,-24.5,117.5,Okyanusya,,,hayir,EVET
2407,Büyük Kum Çölü 3,2870,yerlesimler_okyanusya.js,459,data/yerlesimler_okyanusya.js:459,bolge,-21.5,127.5,Okyanusya,,,hayir,EVET
2408,Gibson Çölü 3,2871,yerlesimler_okyanusya.js,463,data/yerlesimler_okyanusya.js:463,bolge,-26.5,131.5,Okyanusya,,,hayir,EVET
2409,Arnhem Land,2872,yerlesimler_okyanusya.js,467,data/yerlesimler_okyanusya.js:467,bolge,-13.5,135.5,Okyanusya,,,hayir,EVET
2410,Büyük Kum Çölü 4,2873,yerlesimler_okyanusya.js,471,data/yerlesimler_okyanusya.js:471,bolge,-20.5,124.5,Okyanusya,,,hayir,EVET
2411,Yeni Gine Merkezî Yaylaları,2874,yerlesimler_okyanusya.js,475,data/yerlesimler_okyanusya.js:475,bolge,-3.5,135.5,GDAsya,,,hayir,EVET
2412,Büyük Victoria Çölü 4,2875,yerlesimler_okyanusya.js,479,data/yerlesimler_okyanusya.js:479,bolge,-30.5,132.5,Okyanusya,,,hayir,EVET
2413,Gibson Çölü 4,2876,yerlesimler_okyanusya.js,483,data/yerlesimler_okyanusya.js:483,bolge,-26.5,125.5,Okyanusya,,,hayir,EVET
2414,Büyük Kum Çölü 5,2877,yerlesimler_okyanusya.js,487,data/yerlesimler_okyanusya.js:487,bolge,-24.5,120.5,Okyanusya,,,hayir,EVET
2415,Cape York Yarımadası,2878,yerlesimler_okyanusya.js,491,data/yerlesimler_okyanusya.js:491,bolge,-12.5,142.5,Okyanusya,,,hayir,EVET
2416,Eyre Yarımadası kuzeyi / Gawler,2879,yerlesimler_okyanusya.js,495,data/yerlesimler_okyanusya.js:495,bolge,-30.5,135.5,Okyanusya,,,hayir,EVET
2417,Büyük Victoria Çölü 5,2880,yerlesimler_okyanusya.js,499,data/yerlesimler_okyanusya.js:499,bolge,-29.5,126.5,Okyanusya,,,hayir,EVET
2418,Yeni Gine Merkezî Yaylaları 2,2881,yerlesimler_okyanusya.js,503,data/yerlesimler_okyanusya.js:503,bolge,-6.5,139.5,GDAsya,,,hayir,EVET
2419,Büyük Victoria Çölü 6,2882,yerlesimler_okyanusya.js,507,data/yerlesimler_okyanusya.js:507,bolge,-26.5,133.5,Okyanusya,,,hayir,EVET
2420,Büyük Kum Çölü 6,2883,yerlesimler_okyanusya.js,511,data/yerlesimler_okyanusya.js:511,bolge,-24.5,127.5,Okyanusya,,,hayir,EVET
2421,Simpson Çölü 2,2884,yerlesimler_okyanusya.js,515,data/yerlesimler_okyanusya.js:515,bolge,-23.5,136.5,Okyanusya,,,hayir,EVET
2422,Cape York Yarımadası 2,2885,yerlesimler_okyanusya.js,519,data/yerlesimler_okyanusya.js:519,bolge,-15.5,141.5,Okyanusya,,,hayir,EVET
2423,Kimberley iç kesimi,2886,yerlesimler_okyanusya.js,523,data/yerlesimler_okyanusya.js:523,bolge,-14.5,125.5,Okyanusya,,,hayir,EVET
2424,Louisiade-Milne takımadası,2887,yerlesimler_okyanusya.js,527,data/yerlesimler_okyanusya.js:527,bolge,-11.5,153.5,Okyanusya,,,hayir,EVET
2425,Murchison-Gascoyne iç kesimi,2888,yerlesimler_okyanusya.js,531,data/yerlesimler_okyanusya.js:531,bolge,-29.5,116.5,Okyanusya,,,hayir,EVET
2426,Büyük Victoria Çölü 7,2889,yerlesimler_okyanusya.js,535,data/yerlesimler_okyanusya.js:535,bolge,-29.5,127.5,Okyanusya,,,hayir,EVET
2427,Simpson Çölü 3,2890,yerlesimler_okyanusya.js,539,data/yerlesimler_okyanusya.js:539,bolge,-27.5,137.5,Okyanusya,,,hayir,EVET
2428,Murchison-Gascoyne iç kesimi 2,2891,yerlesimler_okyanusya.js,543,data/yerlesimler_okyanusya.js:543,bolge,-26.5,115.5,Okyanusya,,,hayir,EVET
2429,Pilbara iç kesimi,2892,yerlesimler_okyanusya.js,547,data/yerlesimler_okyanusya.js:547,bolge,-24.5,116.5,Okyanusya,,,hayir,EVET
2430,Büyük Kum Çölü 7,2893,yerlesimler_okyanusya.js,551,data/yerlesimler_okyanusya.js:551,bolge,-21.5,122.5,Okyanusya,,,hayir,EVET
2431,Yeni Kaledonya iç kesimi,2894,yerlesimler_okyanusya.js,555,data/yerlesimler_okyanusya.js:555,bolge,-20.5,164.5,Okyanusya,,,hayir,EVET
2432,Aru-Tanimbar adaları,2895,yerlesimler_okyanusya.js,559,data/yerlesimler_okyanusya.js:559,bolge,-7.5,131.5,GDAsya,,,hayir,EVET
2433,Yeni Gine Merkezî Yaylaları 3,2896,yerlesimler_okyanusya.js,563,data/yerlesimler_okyanusya.js:563,bolge,-7.5,145.5,GDAsya,,,hayir,EVET
2434,Aru-Tanimbar adaları 2,2897,yerlesimler_okyanusya.js,567,data/yerlesimler_okyanusya.js:567,bolge,-5.5,134.5,GDAsya,,,hayir,EVET
2435,Yeni Gine Merkezî Yaylaları 4,2898,yerlesimler_okyanusya.js,571,data/yerlesimler_okyanusya.js:571,bolge,-5.5,140.5,GDAsya,,,hayir,EVET
2436,Yeni Britanya iç kesimi,2899,yerlesimler_okyanusya.js,575,data/yerlesimler_okyanusya.js:575,bolge,-5.5,150.5,GDAsya,,,hayir,EVET
2437,Yeni Gine Batı (Kuş Başı / Vogelkop),2900,yerlesimler_okyanusya.js,579,data/yerlesimler_okyanusya.js:579,bolge,-3.5,133.5,GDAsya,,,hayir,EVET
2438,Yeni Gine Merkezî Yaylaları 5,2901,yerlesimler_okyanusya.js,583,data/yerlesimler_okyanusya.js:583,bolge,-3.5,136.5,GDAsya,,,hayir,EVET
2439,Yeni Gine Batı (Kuş Başı / Vogelkop) 2,2902,yerlesimler_okyanusya.js,587,data/yerlesimler_okyanusya.js:587,bolge,-0.5,130.5,GDAsya,,,hayir,EVET
2440,Zaural Başkurt toprakları,2964,yerlesimler_sibirya2.js,76,data/yerlesimler_sibirya2.js:76,bolge,54.0,62.5,Sibirya,,1281-01-01,hayir,
2441,Başkurt toprakları (İdil-Ural),2965,yerlesimler_sibirya2.js,77,data/yerlesimler_sibirya2.js:77,bolge,56.0,58.5,Rusya,,1281-01-01,hayir,
2442,Güney Başkurt bozkırı,2966,yerlesimler_sibirya2.js,78,data/yerlesimler_sibirya2.js:78,bolge,52.0,58.0,Rusya,,1281-01-01,hayir,
2443,Beyan K7.5 B62.5,2968,yerlesimler_gamerika.js,54,data/yerlesimler_gamerika.js:54,sehir,7.5,-62.5,Amerika,,,hayir,EVET
2444,Beyan K7.5 B60.5,2969,yerlesimler_gamerika.js,55,data/yerlesimler_gamerika.js:55,sehir,7.5,-60.5,Amerika,,,hayir,EVET
2445,Beyan K4.5 B62.5,2971,yerlesimler_gamerika.js,57,data/yerlesimler_gamerika.js:57,sehir,4.5,-62.5,Amerika,,,hayir,EVET
2446,Beyan K4.5 B59.5,2972,yerlesimler_gamerika.js,58,data/yerlesimler_gamerika.js:58,sehir,4.5,-59.5,Amerika,,,hayir,EVET
2447,Beyan K3.5 B56.5,2973,yerlesimler_gamerika.js,59,data/yerlesimler_gamerika.js:59,sehir,3.5,-56.5,Amerika,,,hayir,EVET
2448,Beyan K3.5 B54.5,2974,yerlesimler_gamerika.js,60,data/yerlesimler_gamerika.js:60,sehir,3.5,-54.5,Amerika,,,hayir,EVET
2449,Beyan K2.5 B52.5,2976,yerlesimler_gamerika.js,62,data/yerlesimler_gamerika.js:62,sehir,2.5,-52.5,Amerika,,,hayir,EVET
2450,Beyan K1.5 B63.5,2977,yerlesimler_gamerika.js,63,data/yerlesimler_gamerika.js:63,sehir,1.5,-63.5,Amerika,,,hayir,EVET
2451,Beyan K1.5 B60.5,2978,yerlesimler_gamerika.js,64,data/yerlesimler_gamerika.js:64,sehir,1.5,-60.5,Amerika,,,hayir,EVET
2452,Beyan K1.5 B57.5,2979,yerlesimler_gamerika.js,65,data/yerlesimler_gamerika.js:65,sehir,1.5,-57.5,Amerika,,,hayir,EVET
2453,Beyan K1.5 B54.5,2980,yerlesimler_gamerika.js,66,data/yerlesimler_gamerika.js:66,sehir,1.5,-54.5,Amerika,,,hayir,EVET
2454,Beyan G4.5 B52.5,2996,yerlesimler_gamerika.js,82,data/yerlesimler_gamerika.js:82,sehir,-4.5,-52.5,Amerika,,,hayir,EVET
2455,Beyan G7.5 B62.5,3003,yerlesimler_gamerika.js,89,data/yerlesimler_gamerika.js:89,sehir,-7.5,-62.5,Amerika,,,hayir,EVET
2456,Beyan G7.5 B56.5,3004,yerlesimler_gamerika.js,90,data/yerlesimler_gamerika.js:90,sehir,-7.5,-56.5,Amerika,,,hayir,EVET
2457,Beyan G7.5 B50.5,3005,yerlesimler_gamerika.js,91,data/yerlesimler_gamerika.js:91,sehir,-7.5,-50.5,Amerika,,,hayir,EVET
2458,Beyan G7.5 B47.5,3006,yerlesimler_gamerika.js,92,data/yerlesimler_gamerika.js:92,sehir,-7.5,-47.5,Amerika,,,hayir,EVET
2459,Beyan G9.5 B65.5,3008,yerlesimler_gamerika.js,94,data/yerlesimler_gamerika.js:94,sehir,-9.5,-65.5,Amerika,,,hayir,EVET
2460,Beyan G10.5 B68.5,3010,yerlesimler_gamerika.js,96,data/yerlesimler_gamerika.js:96,sehir,-10.5,-68.5,Amerika,,,hayir,EVET
2461,Beyan G10.5 B61.5,3011,yerlesimler_gamerika.js,97,data/yerlesimler_gamerika.js:97,sehir,-10.5,-61.5,Amerika,,,hayir,EVET
2462,Beyan G10.5 B58.5,3012,yerlesimler_gamerika.js,98,data/yerlesimler_gamerika.js:98,sehir,-10.5,-58.5,Amerika,,,hayir,EVET
2463,Beyan G10.5 B52.5,3013,yerlesimler_gamerika.js,99,data/yerlesimler_gamerika.js:99,sehir,-10.5,-52.5,Amerika,,,hayir,EVET
2464,Rinconada (Puna),3032,yerlesimler_gamerika.js,118,data/yerlesimler_gamerika.js:118,sehir,-22.43,-66.16,Amerika,,1281-01-01,hayir,
2465,Pucará de Tilcara,3035,yerlesimler_gamerika.js,121,data/yerlesimler_gamerika.js:121,sehir,-23.58,-65.39,Amerika,,1281-01-01,hayir,
2466,Beyan G31.5 B56.5,3045,yerlesimler_gamerika.js,131,data/yerlesimler_gamerika.js:131,sehir,-31.5,-56.5,Amerika,,1828-08-27,hayir,EVET
2467,Beyan G34.5 B65.5,3046,yerlesimler_gamerika.js,132,data/yerlesimler_gamerika.js:132,sehir,-34.5,-65.5,Amerika,,1725-01-01,hayir,EVET
2468,Beyan G35.5 B69.5,3047,yerlesimler_gamerika.js,133,data/yerlesimler_gamerika.js:133,sehir,-35.5,-69.5,Amerika,,1725-01-01,hayir,EVET
2469,Beyan G36.5 B64.5,3049,yerlesimler_gamerika.js,135,data/yerlesimler_gamerika.js:135,sehir,-36.5,-64.5,Amerika,,1725-01-01,hayir,EVET
2470,Beyan G36.5 B61.5,3050,yerlesimler_gamerika.js,136,data/yerlesimler_gamerika.js:136,sehir,-36.5,-61.5,Amerika,,1725-01-01,hayir,EVET
2471,Beyan G37.5 B68.5,3051,yerlesimler_gamerika.js,137,data/yerlesimler_gamerika.js:137,sehir,-37.5,-68.5,Amerika,,1725-01-01,hayir,EVET
2472,Beyan G38.5 B66.5,3053,yerlesimler_gamerika.js,139,data/yerlesimler_gamerika.js:139,sehir,-38.5,-66.5,Amerika,,1725-01-01,hayir,EVET
2473,Beyan G38.5 B62.5,3054,yerlesimler_gamerika.js,140,data/yerlesimler_gamerika.js:140,sehir,-38.5,-62.5,Amerika,,1725-01-01,hayir,EVET
2474,Beyan G39.5 B70.5,3055,yerlesimler_gamerika.js,141,data/yerlesimler_gamerika.js:141,sehir,-39.5,-70.5,Amerika,,1883-01-01,hayir,EVET
2475,Beyan G39.5 B64.5,3056,yerlesimler_gamerika.js,142,data/yerlesimler_gamerika.js:142,sehir,-39.5,-64.5,Amerika,,1725-01-01,hayir,EVET
2476,Beyan G40.5 B68.5,3058,yerlesimler_gamerika.js,144,data/yerlesimler_gamerika.js:144,sehir,-40.5,-68.5,Amerika,,1725-01-01,hayir,EVET
2477,Beyan G40.5 B62.5,3059,yerlesimler_gamerika.js,145,data/yerlesimler_gamerika.js:145,sehir,-40.5,-62.5,Amerika,,1725-01-01,hayir,EVET
2478,Beyan G41.5 B71.5,3060,yerlesimler_gamerika.js,146,data/yerlesimler_gamerika.js:146,sehir,-41.5,-71.5,Amerika,,1883-01-01,hayir,EVET
2479,Beyan G42.5 B65.5,3062,yerlesimler_gamerika.js,148,data/yerlesimler_gamerika.js:148,sehir,-42.5,-65.5,Amerika,,1883-01-01,hayir,EVET
2480,Beyan G43.5 B68.5,3063,yerlesimler_gamerika.js,149,data/yerlesimler_gamerika.js:149,sehir,-43.5,-68.5,Amerika,,1883-01-01,hayir,EVET
2481,Beyan G44.5 B72.5,3064,yerlesimler_gamerika.js,150,data/yerlesimler_gamerika.js:150,sehir,-44.5,-72.5,Amerika,,1883-01-01,hayir,EVET
2482,Beyan G44.5 B65.5,3065,yerlesimler_gamerika.js,151,data/yerlesimler_gamerika.js:151,sehir,-44.5,-65.5,Amerika,,1883-01-01,hayir,EVET
2483,Beyan G46.5 B74.5,3066,yerlesimler_gamerika.js,152,data/yerlesimler_gamerika.js:152,sehir,-46.5,-74.5,Amerika,,1883-01-01,hayir,EVET
2484,Beyan G46.5 B68.5,3067,yerlesimler_gamerika.js,153,data/yerlesimler_gamerika.js:153,sehir,-46.5,-68.5,Amerika,,1883-01-01,hayir,EVET
2485,Beyan G46.5 B71.5,3068,yerlesimler_gamerika.js,154,data/yerlesimler_gamerika.js:154,sehir,-46.5761,-71.4933,Amerika,,1883-01-01,hayir,EVET
2486,Beyan G48.5 B75.5,3069,yerlesimler_gamerika.js,155,data/yerlesimler_gamerika.js:155,sehir,-48.5,-75.5,Amerika,,1883-01-01,hayir,EVET
2487,Beyan G49.5 B72.5,3071,yerlesimler_gamerika.js,157,data/yerlesimler_gamerika.js:157,sehir,-49.5,-72.5,Amerika,,1883-01-01,hayir,EVET
2488,Beyan G51.5 B69.5,3072,yerlesimler_gamerika.js,158,data/yerlesimler_gamerika.js:158,sehir,-51.5,-69.5,Amerika,,1883-01-01,hayir,EVET
2489,Beyan G52.5 B74.5,3073,yerlesimler_gamerika.js,159,data/yerlesimler_gamerika.js:159,sehir,-52.5,-74.5,Amerika,,1883-01-01,hayir,EVET
2490,Beyan G54.5 B67.5,3078,yerlesimler_gamerika.js,164,data/yerlesimler_gamerika.js:164,sehir,-54.5,-67.5,Amerika,,1883-01-01,hayir,EVET
2491,Minto Inlet (Kangiryuarmiut),3079,yerlesimler_kamerika.js,60,data/yerlesimler_kamerika.js:60,sehir,71.4,-114.5,Amerika,,1281-01-01,hayir,
2492,Utqiaġvik (Nuvuk / Barrow),3080,yerlesimler_kamerika.js,63,data/yerlesimler_kamerika.js:63,sehir,71.291,-156.789,Okyanusya,,1281-01-01,hayir,
2493,Ulguniq (Wainwright) / Icy Cape,3081,yerlesimler_kamerika.js,66,data/yerlesimler_kamerika.js:66,sehir,70.638,-160.025,Okyanusya,,1281-01-01,hayir,
2494,Kanngiqtugaapik (Clyde River),3082,yerlesimler_kamerika.js,69,data/yerlesimler_kamerika.js:69,sehir,70.472,-68.591,Amerika,,1281-01-01,hayir,
2495,"Nuiqsut (Kuukpikmiut, Colville deltası)",3083,yerlesimler_kamerika.js,72,data/yerlesimler_kamerika.js:72,sehir,70.219,-151.002,Okyanusya,,1281-01-01,hayir,
2496,Kaktovik (Barter Adası),3084,yerlesimler_kamerika.js,75,data/yerlesimler_kamerika.js:75,liman,70.0918,-143.6225,Okyanusya,,1281-01-01,hayir,
2497,Iglulik,3086,yerlesimler_kamerika.js,82,data/yerlesimler_kamerika.js:82,sehir,69.377,-81.8,Amerika,,1281-01-01,hayir,
2498,Kittigazuit (Mackenzie İnuitleri),3087,yerlesimler_kamerika.js,85,data/yerlesimler_kamerika.js:85,sehir,69.35,-133.75,Amerika,,1281-01-01,hayir,
2499,Paulatuk / Cape Bathurst,3088,yerlesimler_kamerika.js,88,data/yerlesimler_kamerika.js:88,sehir,69.35,-124.07,Amerika,,1281-01-01,hayir,
2500,Iqaluktuuttiaq (Cambridge Bay),3090,yerlesimler_kamerika.js,95,data/yerlesimler_kamerika.js:95,liman,69.117,-105.058,Amerika,,1281-01-01,hayir,
2501,Bernard Harbour (Bakır İnuit),3091,yerlesimler_kamerika.js,98,data/yerlesimler_kamerika.js:98,liman,68.78,-114.79,Amerika,,1281-01-01,hayir,
2502,Sanirajak (Hall Beach),3092,yerlesimler_kamerika.js,101,data/yerlesimler_kamerika.js:101,sehir,68.777,-81.243,Amerika,,1281-01-01,hayir,
2503,Uqsuqtuuq (Gjoa Haven),3093,yerlesimler_kamerika.js,104,data/yerlesimler_kamerika.js:104,sehir,68.626,-95.85,Amerika,,1281-01-01,hayir,
2504,Kugaaruk (Pelly Bay),3094,yerlesimler_kamerika.js,107,data/yerlesimler_kamerika.js:107,liman,68.534,-89.832,Amerika,,1281-01-01,hayir,
2505,Tikiġaq (Point Hope),3095,yerlesimler_kamerika.js,110,data/yerlesimler_kamerika.js:110,sehir,68.347,-166.8,Okyanusya,,1281-01-01,hayir,
2506,Anaktuvuk Geçidi (Nunamiut),3096,yerlesimler_kamerika.js,113,data/yerlesimler_kamerika.js:113,sehir,68.143,-151.735,Okyanusya,,1281-01-01,hayir,
2507,Vashrąįį K'ǫǫ (Arctic Village),3097,yerlesimler_kamerika.js,116,data/yerlesimler_kamerika.js:116,sehir,68.128,-145.535,Okyanusya,,1281-01-01,hayir,
2508,Kugluktuk (Coppermine),3098,yerlesimler_kamerika.js,121,data/yerlesimler_kamerika.js:121,sehir,67.8018,-115.1003,Amerika,,1281-01-01,hayir,
2509,Anaktuvuk batısı — Noatak (Nautaaġmiut),3099,yerlesimler_kamerika.js,124,data/yerlesimler_kamerika.js:124,sehir,67.57,-162.97,Okyanusya,,1281-01-01,hayir,
2510,Old Crow (Vuntut Gwitchin),3100,yerlesimler_kamerika.js,127,data/yerlesimler_kamerika.js:127,sehir,67.57,-139.83,Amerika,,1281-01-01,hayir,
2511,Qikiqtarjuaq (Broughton Adası),3101,yerlesimler_kamerika.js,130,data/yerlesimler_kamerika.js:130,liman,67.548,-64.031,Amerika,,1281-01-01,hayir,
2512,Colville Lake (K'áhbamı̨túé),3104,yerlesimler_kamerika.js,141,data/yerlesimler_kamerika.js:141,sehir,67.033,-126.1,Amerika,,1281-01-01,hayir,
2513,Kobuk (Kuuvaŋmiit),3106,yerlesimler_kamerika.js,148,data/yerlesimler_kamerika.js:148,sehir,66.91,-156.88,Okyanusya,,1281-01-01,hayir,
2514,Qikiqtaġruk (Kotzebue),3107,yerlesimler_kamerika.js,151,data/yerlesimler_kamerika.js:151,sehir,66.898,-162.596,Okyanusya,,1281-01-01,hayir,
2515,Kugluktuk doğusu — Bathurst Inlet (Kingaunmiut),3108,yerlesimler_kamerika.js,154,data/yerlesimler_kamerika.js:154,sehir,66.83,-108.0,Amerika,,1281-01-01,hayir,
2516,Alatna / Allakaket,3109,yerlesimler_kamerika.js,157,data/yerlesimler_kamerika.js:157,sehir,66.564,-152.65,Okyanusya,,1281-01-01,hayir,
2517,Naujaat (Repulse Bay),3111,yerlesimler_kamerika.js,171,data/yerlesimler_kamerika.js:171,liman,66.522,-86.25,Amerika,,1281-01-01,hayir,
2518,Kiŋigin (Wales),3116,yerlesimler_kamerika.js,190,data/yerlesimler_kamerika.js:190,sehir,65.611,-168.088,Okyanusya,,1281-01-01,hayir,
2519,Tetlit Gwich'in (Peel havzası),3117,yerlesimler_kamerika.js,193,data/yerlesimler_kamerika.js:193,sehir,65.5,-135.0,Amerika,,1281-01-01,hayir,
2520,Wager Körfezi (Ukkusiksalik),3118,yerlesimler_kamerika.js,196,data/yerlesimler_kamerika.js:196,liman,65.481,-88.4883,Amerika,,1281-01-01,hayir,
2521,Nuchalawoya (Tanana),3120,yerlesimler_kamerika.js,203,data/yerlesimler_kamerika.js:203,sehir,65.172,-152.081,Okyanusya,,1281-01-01,hayir,
2522,"Beverly Gölü (Thelon, Karayer İnuit)",3125,yerlesimler_kamerika.js,226,data/yerlesimler_kamerika.js:226,sehir,64.644,-100.5035,Amerika,,1281-01-01,hayir,
2523,Qamanittuaq (Baker Lake),3127,yerlesimler_kamerika.js,233,data/yerlesimler_kamerika.js:233,sehir,64.319,-96.018,Amerika,,1281-01-01,hayir,
2524,Kinngait (Cape Dorset),3128,yerlesimler_kamerika.js,236,data/yerlesimler_kamerika.js:236,sehir,64.231,-76.539,Amerika,,1281-01-01,hayir,
2525,"Native Point (Sadlermiut, Southampton Adası)",3130,yerlesimler_kamerika.js,243,data/yerlesimler_kamerika.js:243,liman,63.9302,-83.605,Amerika,,1281-01-01,hayir,
2526,Tulít'a Dağ Denesi (Nahanni),3132,yerlesimler_kamerika.js,250,data/yerlesimler_kamerika.js:250,sehir,63.5,-131.5,Amerika,,1281-01-01,hayir,
2527,Telida / Denali eteği (Atabask),3134,yerlesimler_kamerika.js,257,data/yerlesimler_kamerika.js:257,sehir,63.4,-153.0,Okyanusya,,1281-01-01,hayir,
2528,Igluligaarjuk (Chesterfield Inlet),3135,yerlesimler_kamerika.js,264,data/yerlesimler_kamerika.js:264,sehir,63.342,-90.711,Amerika,,1281-01-01,hayir,
2529,Nikolai (Yukarı Kuskokwim),3136,yerlesimler_kamerika.js,267,data/yerlesimler_kamerika.js:267,sehir,63.017,-154.383,Okyanusya,,1281-01-01,hayir,
2530,Nabesna / Northway (Yukarı Tanana),3137,yerlesimler_kamerika.js,274,data/yerlesimler_kamerika.js:274,sehir,62.961,-141.94,Okyanusya,,1281-01-01,hayir,
2531,Kimmirut (Lake Harbour),3138,yerlesimler_kamerika.js,279,data/yerlesimler_kamerika.js:279,liman,62.849,-69.873,Amerika,,1281-01-01,hayir,
2532,Batzulnetas (Ahtna),3142,yerlesimler_kamerika.js,294,data/yerlesimler_kamerika.js:294,sehir,62.55,-143.6,Okyanusya,,1281-01-01,hayir,
2533,"Łutsël K'é (Snowdrift, Büyük Köle Gölü doğusu)",3143,yerlesimler_kamerika.js,299,data/yerlesimler_kamerika.js:299,sehir,62.3896,-110.7375,Amerika,,1281-01-01,hayir,
2534,Salluit (Sugluk),3144,yerlesimler_kamerika.js,302,data/yerlesimler_kamerika.js:302,sehir,62.203,-75.641,Amerika,,1281-01-01,hayir,
2535,Kangiqsujuaq (Wakeham Bay),3147,yerlesimler_kamerika.js,313,data/yerlesimler_kamerika.js:313,liman,61.596,-71.942,Amerika,,1281-01-01,hayir,
2536,Hooper Bay (Naparyarmiut),3149,yerlesimler_kamerika.js,320,data/yerlesimler_kamerika.js:320,liman,61.529,-166.097,Okyanusya,,1281-01-01,hayir,
2537,Arviat (Eskimo Point),3154,yerlesimler_kamerika.js,339,data/yerlesimler_kamerika.js:339,sehir,61.108,-94.059,Amerika,,1281-01-01,hayir,
2538,"Ennadai (Ihalmiut, Karayer İnuit)",3155,yerlesimler_kamerika.js,342,data/yerlesimler_kamerika.js:342,sehir,61.1028,-100.8954,Amerika,,1281-01-01,hayir,
2539,Puvirnituq,3162,yerlesimler_kamerika.js,369,data/yerlesimler_kamerika.js:369,sehir,60.05,-77.283,Amerika,,1281-01-01,hayir,
2540,Kangirsuk (Payne Irmağı),3163,yerlesimler_kamerika.js,372,data/yerlesimler_kamerika.js:372,sehir,60.024,-70.01,Amerika,,1281-01-01,hayir,
2541,Iliamna / Nondalton (Dena'ina),3164,yerlesimler_kamerika.js,375,data/yerlesimler_kamerika.js:375,sehir,59.98,-154.85,Okyanusya,,1281-01-01,hayir,
2542,Klukwan (Tlingit),3169,yerlesimler_kamerika.js,396,data/yerlesimler_kamerika.js:396,sehir,59.402,-135.893,Amerika,,1281-01-01,hayir,
2543,Fort Vermilion güneyi — Peace Point,3171,yerlesimler_kamerika.js,403,data/yerlesimler_kamerika.js:403,kale,59.1,-112.4,Amerika,,1281-01-01,hayir,
2544,Inukjuak (Port Harrison),3176,yerlesimler_kamerika.js,422,data/yerlesimler_kamerika.js:422,sehir,58.454,-78.102,Amerika,,1281-01-01,hayir,
2545,Katmai (Alaska Yarımadası),3179,yerlesimler_kamerika.js,433,data/yerlesimler_kamerika.js:433,liman,58.28,-155.0,Okyanusya,,1281-01-01,hayir,
2546,Telegraph Creek (Tlegohin),3182,yerlesimler_kamerika.js,444,data/yerlesimler_kamerika.js:444,sehir,57.902,-131.16,Amerika,,1281-01-01,hayir,
2547,Kangiva (Nain iç bölgesi),3185,yerlesimler_kamerika.js,455,data/yerlesimler_kamerika.js:455,sehir,57.5,-63.5,Amerika,,1281-01-01,hayir,
2548,Fort Ware (Kwadacha),3186,yerlesimler_kamerika.js,458,data/yerlesimler_kamerika.js:458,kale,57.43,-125.65,Amerika,,1281-01-01,hayir,
2549,Chignik (Alaska Yarımadası),3192,yerlesimler_kamerika.js,481,data/yerlesimler_kamerika.js:481,liman,56.3,-158.4,Okyanusya,,1281-01-01,hayir,
2550,Mushuau-nipi (Indian House Lake),3193,yerlesimler_kamerika.js,484,data/yerlesimler_kamerika.js:484,kale,56.2,-64.7,Amerika,,,hayir,EVET
2551,Pukatawagan,3198,yerlesimler_kamerika.js,504,data/yerlesimler_kamerika.js:504,sehir,55.75,-101.3,Amerika,,1281-01-01,hayir,
2552,Fort Severn güneyi — Winisk,3204,yerlesimler_kamerika.js,527,data/yerlesimler_kamerika.js:527,kale,55.25,-85.1,Amerika,,1281-01-01,hayir,
2553,Skidegate (Haida Gwaii),3225,yerlesimler_kamerika.js,610,data/yerlesimler_kamerika.js:610,sehir,53.2559,-132.0022,Amerika,,1281-01-01,hayir,
2554,Sandy Lake (Kuzeybatı Ontario),3230,yerlesimler_kamerika.js,629,data/yerlesimler_kamerika.js:629,sehir,53.0589,-93.3289,Amerika,,1281-01-01,hayir,
2555,Bella Coola (Nuxalk),3237,yerlesimler_kamerika.js,656,data/yerlesimler_kamerika.js:656,sehir,52.37,-126.7498,Amerika,,1281-01-01,hayir,
2556,SG̱ang Gwaay (Ninstints),3241,yerlesimler_kamerika.js,671,data/yerlesimler_kamerika.js:671,sehir,52.1352,-131.2403,Amerika,,1281-01-01,hayir,
2557,Tsilhqot'in (Çilkotin platosu),3242,yerlesimler_kamerika.js,674,data/yerlesimler_kamerika.js:674,sehir,52.1,-123.3,Amerika,,1281-01-01,hayir,
2558,Secwépemc (Adams Gölü),3251,yerlesimler_kamerika.js,709,data/yerlesimler_kamerika.js:709,sehir,51.0,-119.5,Amerika,,1281-01-01,hayir,
2559,Natashquan,3260,yerlesimler_kamerika.js,744,data/yerlesimler_kamerika.js:744,sehir,50.1929,-61.8182,Amerika,,1281-01-01,hayir,
2560,Yuquot (Nootka Sound),3266,yerlesimler_kamerika.js,767,data/yerlesimler_kamerika.js:767,liman,49.6041,-126.6341,Amerika,,1281-01-01,hayir,
2561,Obedjiwan (Atikamekw),3273,yerlesimler_kamerika.js,794,data/yerlesimler_kamerika.js:794,sehir,48.68,-74.93,Amerika,,1281-01-01,hayir,
2562,Kızıl Kızılderili Gölü (Beothuk),3274,yerlesimler_kamerika.js,797,data/yerlesimler_kamerika.js:797,sehir,48.65,-56.85,Amerika,,1281-01-01,hayir,
2563,"Devils Lake (Mni Wakan, Dakota)",3282,yerlesimler_kamerika.js,828,data/yerlesimler_kamerika.js:828,sehir,48.113,-98.865,Amerika,,1281-01-01,hayir,
2564,Listuguj (Restigouche),3283,yerlesimler_kamerika.js,831,data/yerlesimler_kamerika.js:831,sehir,48.05,-66.7,Amerika,,1281-01-01,hayir,
2565,Madawaska (Maliseet),3291,yerlesimler_kamerika.js,865,data/yerlesimler_kamerika.js:865,sehir,47.35,-68.32,Amerika,,1281-01-01,hayir,
2566,Knife River (Hidatsa köyleri),3292,yerlesimler_kamerika.js,868,data/yerlesimler_kamerika.js:868,sehir,47.333,-101.383,Amerika,,1281-01-01,hayir,
2567,On-A-Slant (Mandan köyü),3297,yerlesimler_kamerika.js,887,data/yerlesimler_kamerika.js:887,sehir,46.767,-100.86,Amerika,,1281-01-01,hayir,
2568,Keweenaw (Ojibwe bakır yatakları),3299,yerlesimler_kamerika.js,894,data/yerlesimler_kamerika.js:894,sehir,46.54,-87.4,Amerika,,1281-01-01,hayir,
2569,Lapwai (Nez Perce),3303,yerlesimler_kamerika.js,909,data/yerlesimler_kamerika.js:909,sehir,46.4,-116.03,Amerika,,1281-01-01,hayir,
2570,Wayám (Celilo Şelâleleri),3311,yerlesimler_kamerika.js,940,data/yerlesimler_kamerika.js:940,sehir,45.65,-120.983,Amerika,,1281-01-01,hayir,
2571,Crow Agency (Apsáalooke),3313,yerlesimler_kamerika.js,947,data/yerlesimler_kamerika.js:947,sehir,45.602,-107.46,Amerika,,1281-01-01,hayir,
2572,Norridgewock (Abenaki),3318,yerlesimler_kamerika.js,966,data/yerlesimler_kamerika.js:966,sehir,44.717,-69.792,Amerika,,1281-01-01,hayir,
2573,"Tukudeka (Koyun Yiyen Şoşoniler, Yellowstone)",3321,yerlesimler_kamerika.js,977,data/yerlesimler_kamerika.js:977,sehir,44.6,-110.5,Amerika,,1281-01-01,hayir,
2574,Ossossané,3323,yerlesimler_kamerika.js,984,data/yerlesimler_kamerika.js:984,sehir,44.5,-79.933,Amerika,,1281-01-01,hayir,
2575,Saginaw (Ojibwe),3333,yerlesimler_kamerika.js,1023,data/yerlesimler_kamerika.js:1023,sehir,43.419,-83.951,Amerika,,1281-01-01,hayir,
2576,Camas Ovası (Kuzey Şoşoni),3338,yerlesimler_kamerika.js,1042,data/yerlesimler_kamerika.js:1042,sehir,42.9,-115.0,Amerika,,1281-01-01,hayir,
2577,Fort Klamath / Klamath Bataklığı,3340,yerlesimler_kamerika.js,1049,data/yerlesimler_kamerika.js:1049,kale,42.71,-121.99,Amerika,,1281-01-01,hayir,
2578,Saukenuk (Sauk),3346,yerlesimler_kamerika.js,1072,data/yerlesimler_kamerika.js:1072,sehir,41.512,-90.578,Amerika,,1281-01-01,hayir,
2579,Pawnee köyleri (Loup Irmağı),3348,yerlesimler_kamerika.js,1079,data/yerlesimler_kamerika.js:1079,sehir,41.42,-97.9,Amerika,,1281-01-01,hayir,
2580,Kuzey Payut (Kara Kaya Çölü),3350,yerlesimler_kamerika.js,1086,data/yerlesimler_kamerika.js:1086,sehir,41.2,-119.0,Amerika,,1281-01-01,hayir,
2581,Kekionga (Miami),3353,yerlesimler_kamerika.js,1097,data/yerlesimler_kamerika.js:1097,sehir,41.08,-85.139,Amerika,,1281-01-01,hayir,
2582,Wintu (Yukarı Sacramento),3355,yerlesimler_kamerika.js,1104,data/yerlesimler_kamerika.js:1104,sehir,40.58,-122.39,Amerika,,,hayir,EVET
2583,Ruby Vadisi (Batı Şoşoni),3359,yerlesimler_kamerika.js,1120,data/yerlesimler_kamerika.js:1120,sehir,40.1,-115.5,Amerika,,1281-01-01,hayir,
2584,Chillicothe (Şavni),3361,yerlesimler_kamerika.js,1127,data/yerlesimler_kamerika.js:1127,sehir,39.333,-82.983,Amerika,,1281-01-01,hayir,
2585,Uncompahgre (Ute),3373,yerlesimler_kamerika.js,1174,data/yerlesimler_kamerika.js:1174,sehir,38.48,-107.88,Amerika,,1281-01-01,hayir,
2586,"Quivira (Wiçita, Büyük Bükülme)",3375,yerlesimler_kamerika.js,1181,data/yerlesimler_kamerika.js:1181,sehir,38.3,-98.2,Amerika,,1281-01-01,hayir,
2587,Bishop (Owens Vadisi Payutları),3380,yerlesimler_kamerika.js,1200,data/yerlesimler_kamerika.js:1200,sehir,37.364,-118.395,Amerika,,1281-01-01,hayir,
2588,Ponca köyleri (Salt Fork),3387,yerlesimler_kamerika.js,1227,data/yerlesimler_kamerika.js:1227,sehir,36.7,-97.08,Amerika,,1281-01-01,hayir,
2589,Timbisha (Ölüm Vadisi),3390,yerlesimler_kamerika.js,1238,data/yerlesimler_kamerika.js:1238,sehir,36.462,-116.867,Amerika,,1281-01-01,hayir,
2590,Tsegi (Canyon de Chelly),3393,yerlesimler_kamerika.js,1249,data/yerlesimler_kamerika.js:1249,sehir,36.15,-109.47,Amerika,,1281-01-01,hayir,
2591,Occaneechi (Hillsborough),3394,yerlesimler_kamerika.js,1252,data/yerlesimler_kamerika.js:1252,sehir,36.075,-79.1,Amerika,,1281-01-01,hayir,
2592,Pecos Pueblo (Cicuye),3396,yerlesimler_kamerika.js,1259,data/yerlesimler_kamerika.js:1259,sehir,35.55,-105.687,Amerika,,,hayir,EVET
2593,Kituwa (Çeroki ana kasabası),3397,yerlesimler_kamerika.js,1263,data/yerlesimler_kamerika.js:1263,sehir,35.442,-83.36,Amerika,,1281-01-01,hayir,
2594,Spiro,3399,yerlesimler_kamerika.js,1270,data/yerlesimler_kamerika.js:1270,sehir,35.311,-94.57,Amerika,,1281-01-01,hayir,
2595,Halona:wa (Zuni),3402,yerlesimler_kamerika.js,1281,data/yerlesimler_kamerika.js:1281,sehir,35.07,-108.85,Amerika,,1281-01-01,hayir,
2596,Fort Mohave (Kolorado geçidi),3403,yerlesimler_kamerika.js,1284,data/yerlesimler_kamerika.js:1284,kale,34.95,-114.6,Amerika,,1281-01-01,hayir,
2597,Prescott / Yavapai,3406,yerlesimler_kamerika.js,1295,data/yerlesimler_kamerika.js:1295,sehir,34.54,-112.468,Amerika,,1281-01-01,hayir,
2598,Etowah,3410,yerlesimler_kamerika.js,1312,data/yerlesimler_kamerika.js:1312,sehir,34.122,-84.809,Amerika,,1281-01-01,hayir,
2599,Meskalero Apaçi (Pecos vadisi),3413,yerlesimler_kamerika.js,1323,data/yerlesimler_kamerika.js:1323,kale,33.15,-105.75,Amerika,,1281-01-01,hayir,
2600,Moundville,3414,yerlesimler_kamerika.js,1326,data/yerlesimler_kamerika.js:1326,sehir,32.998,-87.63,Amerika,,1281-01-01,hayir,
2601,Ocmulgee,3415,yerlesimler_kamerika.js,1331,data/yerlesimler_kamerika.js:1331,sehir,32.837,-83.608,Amerika,,1281-01-01,hayir,
2602,Paquimé (Casas Grandes),3430,yerlesimler_kamerika.js,1390,data/yerlesimler_kamerika.js:1390,sehir,30.373,-107.951,Amerika,,,hayir,EVET
2603,Tocobaga (Safety Harbor),3436,yerlesimler_kamerika.js,1414,data/yerlesimler_kamerika.js:1414,liman,27.9913,-82.6837,Amerika,,,hayir,EVET
2604,Mound Key (Kalusa başkenti),3439,yerlesimler_kamerika.js,1426,data/yerlesimler_kamerika.js:1426,sehir,26.4304,-81.849,Amerika,,1281-01-01,hayir,
2605,Tehuantepec,3452,yerlesimler_kamerika.js,1477,data/yerlesimler_kamerika.js:1477,sehir,16.323,-95.241,Amerika,,1281-01-01,hayir,
2606,Sîva (Siwa),3456,yerlesimler_p0043libya.js,83,data/yerlesimler_p0043libya.js:83,bolge,29.203,25.519,KuzeyAfrika-Misir,,1281-01-01,hayir,
2607,Baroda (Vadodara),3457,yerlesimler_hint0912.js,64,data/yerlesimler_hint0912.js:64,sehir,22.3072,73.1812,Hindistan,,1281-01-01,hayir,
2608,Jitomir (Zhytomyr),3461,yerlesimler_ukrayna_0916.js,21,data/yerlesimler_ukrayna_0916.js:21,sehir,50.262,28.679,Avrupa-Balkan,,1281-01-01,hayir,
2609,Bayburt,3463,yerlesimler_anadolu_0914.js,30,data/yerlesimler_anadolu_0914.js:30,kale,40.2552,40.2249,Anadolu,,1202-01-01,EVET,
2610,Zamantı (Pınarbaşı),3464,yerlesimler_anadolu_0914.js,37,data/yerlesimler_anadolu_0914.js:37,kale,38.7331,36.2228,Anadolu,,1281-01-01,hayir,
2611,Mesudiye (Milas),3465,yerlesimler_anadolu_0914.js,47,data/yerlesimler_anadolu_0914.js:47,kale,40.4633,37.7728,Anadolu,,1281-01-01,hayir,
2612,Gölköy (Habsamana),3466,yerlesimler_anadolu_0914.js,57,data/yerlesimler_anadolu_0914.js:57,kale,40.6878,37.6178,Anadolu,,1281-01-01,hayir,
2613,Göksun,3467,yerlesimler_anadolu_0914.js,67,data/yerlesimler_anadolu_0914.js:67,kale,38.021,36.4973,Anadolu,,1281-01-01,hayir,
2614,Gürün,3468,yerlesimler_anadolu_0914.js,76,data/yerlesimler_anadolu_0914.js:76,sehir,38.7223,37.271,Anadolu,,1281-01-01,hayir,
2615,Reşadiye (İskefsir),3469,yerlesimler_anadolu_0914.js,86,data/yerlesimler_anadolu_0914.js:86,kale,40.3919,37.3375,Anadolu,,1281-01-01,hayir,
2616,Kahul (Cahul),3470,yerlesimler_p0037.js,47,data/yerlesimler_p0037.js:47,sehir,45.905,28.198,Avrupa-Balkan,,1281-01-01,hayir,
2617,Lovozero (Luyavr),3472,yerlesimler_p0037.js,61,data/yerlesimler_p0037.js:61,sehir,68.005,35.015,Rusya,,1281-01-01,hayir,
2618,Varzuga,3473,yerlesimler_p0037.js,66,data/yerlesimler_p0037.js:66,sehir,66.397,36.62,Rusya,,1281-01-01,hayir,
2619,Lublin,3474,yerlesimler_p0037.js,73,data/yerlesimler_p0037.js:73,sehir,51.2465,22.5684,Avrupa-Balkan,,1281-01-01,hayir,
2620,Chełm (Kholm),3475,yerlesimler_p0037.js,79,data/yerlesimler_p0037.js:79,sehir,51.1431,23.4716,Avrupa-Balkan,,1281-01-01,hayir,
2621,Białystok,3477,yerlesimler_p0037.js,91,data/yerlesimler_p0037.js:91,sehir,53.1325,23.1688,Avrupa-Balkan,,1281-01-01,hayir,
2622,Brest-Litovsk,3478,yerlesimler_p0037.js,97,data/yerlesimler_p0037.js:97,kale,52.0975,23.6877,Avrupa-Balkan,,1281-01-01,hayir,
2623,Pinsk,3479,yerlesimler_p0037.js,102,data/yerlesimler_p0037.js:102,sehir,52.115,26.103,Avrupa-Balkan,,1281-01-01,hayir,
2624,Grodno,3480,yerlesimler_p0037.js,107,data/yerlesimler_p0037.js:107,sehir,53.6778,23.8297,Avrupa-Balkan,,1281-01-01,hayir,
2625,Kovel,3481,yerlesimler_p0037.js,112,data/yerlesimler_p0037.js:112,sehir,51.2153,24.7086,Avrupa-Balkan,,1281-01-01,hayir,
2626,Lutsk (Łuck),3482,yerlesimler_p0037.js,117,data/yerlesimler_p0037.js:117,kale,50.7472,25.3254,Avrupa-Balkan,,1281-01-01,hayir,
2627,Volodymyr-Volynskyi (Włodzimierz),3483,yerlesimler_p0037.js,122,data/yerlesimler_p0037.js:122,sehir,50.848,24.3226,Avrupa-Balkan,,1281-01-01,hayir,
2628,Rivne (Równe),3484,yerlesimler_p0037.js,127,data/yerlesimler_p0037.js:127,sehir,50.6199,26.2516,Avrupa-Balkan,,1281-01-01,hayir,
2629,İllîzî,3485,yerlesimler_afrika2.js,83,data/yerlesimler_afrika2.js:83,sehir,26.48,8.47,KuzeyAfrika-Misir,,1281-01-01,hayir,
2630,Cânet (Djanet),3486,yerlesimler_afrika2.js,88,data/yerlesimler_afrika2.js:88,sehir,24.55,9.48,KuzeyAfrika-Misir,,1281-01-01,hayir,
2631,İdeles,3487,yerlesimler_afrika2.js,93,data/yerlesimler_afrika2.js:93,sehir,23.8,5.9,KuzeyAfrika-Misir,,1281-01-01,hayir,
2632,Abalessa,3488,yerlesimler_afrika2.js,98,data/yerlesimler_afrika2.js:98,sehir,22.89,4.85,KuzeyAfrika-Misir,,1281-01-01,hayir,
2633,Bardaî,3489,yerlesimler_afrika2.js,103,data/yerlesimler_afrika2.js:103,sehir,21.36,17.0,KuzeyAfrika-Misir,,1281-01-01,hayir,
2634,Vûr,3490,yerlesimler_afrika2.js,108,data/yerlesimler_afrika2.js:108,sehir,21.35,15.98,KuzeyAfrika-Misir,,1281-01-01,hayir,
2635,Zûâr,3491,yerlesimler_afrika2.js,113,data/yerlesimler_afrika2.js:113,sehir,20.45,16.52,KuzeyAfrika-Misir,,1281-01-01,hayir,
2636,Kidal,3497,yerlesimler_afrika2.js,149,data/yerlesimler_afrika2.js:149,sehir,18.44,1.41,KuzeyAfrika-Misir,,1281-01-01,hayir,
2637,Faya-Largeau,3499,yerlesimler_afrika2.js,160,data/yerlesimler_afrika2.js:160,sehir,17.92,19.1,KuzeyAfrika-Misir,,1281-01-01,hayir,
2638,Menaka,3509,yerlesimler_afrika2.js,220,data/yerlesimler_afrika2.js:220,sehir,15.92,2.4,KuzeyAfrika-Misir,,1281-01-01,hayir,
2639,Tahoua,3515,yerlesimler_afrika2.js,255,data/yerlesimler_afrika2.js:255,sehir,14.89,5.27,KuzeyAfrika-Misir,,1281-01-01,hayir,
2640,Filingue,3522,yerlesimler_afrika2.js,297,data/yerlesimler_afrika2.js:297,sehir,14.35,3.32,KuzeyAfrika-Misir,,1281-01-01,hayir,
2641,Nguigmi,3525,yerlesimler_afrika2.js,314,data/yerlesimler_afrika2.js:314,sehir,14.25,13.11,KuzeyAfrika-Misir,,1281-01-01,hayir,
2642,Tillaberi,3526,yerlesimler_afrika2.js,319,data/yerlesimler_afrika2.js:319,sehir,14.21,1.45,KuzeyAfrika-Misir,,1281-01-01,hayir,
2643,Madaoua,3528,yerlesimler_afrika2.js,331,data/yerlesimler_afrika2.js:331,sehir,14.08,5.96,KuzeyAfrika-Misir,,1281-01-01,hayir,
2644,Tera,3531,yerlesimler_afrika2.js,348,data/yerlesimler_afrika2.js:348,sehir,14.01,0.75,KuzeyAfrika-Misir,,1281-01-01,hayir,
2645,Birni-N'Konni,3535,yerlesimler_afrika2.js,371,data/yerlesimler_afrika2.js:371,sehir,13.8,5.25,KuzeyAfrika-Misir,,1281-01-01,hayir,
2646,Albreda-Cufure,3538,yerlesimler_afrika2.js,387,data/yerlesimler_afrika2.js:387,sehir,13.3385,-16.3598,KuzeyAfrika-Misir,,1281-01-01,hayir,
2647,Ati,3539,yerlesimler_afrika2.js,392,data/yerlesimler_afrika2.js:392,sehir,13.22,18.34,KuzeyAfrika-Misir,,1281-01-01,hayir,
2648,Say,3540,yerlesimler_afrika2.js,397,data/yerlesimler_afrika2.js:397,sehir,13.1,2.37,KuzeyAfrika-Misir,,1281-01-01,hayir,
2649,Vagadugu (Ouagadougou),3543,yerlesimler_afrika2.js,413,data/yerlesimler_afrika2.js:413,sehir,12.37,-1.53,KuzeyAfrika-Misir,,1281-01-01,hayir,
2650,Fada Ngurma (Gurma),3546,yerlesimler_afrika2.js,429,data/yerlesimler_afrika2.js:429,sehir,12.06,0.36,KuzeyAfrika-Misir,,1281-01-01,hayir,
2651,Tenkodogo,3549,yerlesimler_afrika2.js,445,data/yerlesimler_afrika2.js:445,sehir,11.78,-0.37,AltSahra-Afrika,,1281-01-01,hayir,
2652,Bobo-Diulasso,3553,yerlesimler_afrika2.js,468,data/yerlesimler_afrika2.js:468,sehir,11.18,-4.3,AltSahra-Afrika,,1281-01-01,hayir,
2653,Busa (Borgu),3560,yerlesimler_afrika2.js,511,data/yerlesimler_afrika2.js:511,sehir,10.2,4.5,AltSahra-Afrika,,1281-01-01,hayir,
2654,Nikki (Borgu),3562,yerlesimler_afrika2.js,522,data/yerlesimler_afrika2.js:522,sehir,9.94,3.21,AltSahra-Afrika,,1281-01-01,hayir,
2655,Cos (Jos),3563,yerlesimler_afrika2.js,527,data/yerlesimler_afrika2.js:527,sehir,9.9,8.86,AltSahra-Afrika,,1281-01-01,hayir,
2656,Yendi (Dagbon),3567,yerlesimler_afrika2.js,551,data/yerlesimler_afrika2.js:551,sehir,9.44,-0.01,AltSahra-Afrika,,1281-01-01,hayir,
2657,Vukari (Wukari),3585,yerlesimler_afrika2.js,658,data/yerlesimler_afrika2.js:658,sehir,7.87,9.78,AltSahra-Afrika,,1281-01-01,hayir,
2658,Lokoca (Lokoja),3586,yerlesimler_afrika2.js,663,data/yerlesimler_afrika2.js:663,sehir,7.8,6.74,AltSahra-Afrika,,1281-01-01,hayir,
2659,Nzerekore,3587,yerlesimler_afrika2.js,668,data/yerlesimler_afrika2.js:668,sehir,7.76,-8.82,AltSahra-Afrika,,1281-01-01,hayir,
2660,Makurdi,3589,yerlesimler_afrika2.js,679,data/yerlesimler_afrika2.js:679,sehir,7.73,8.54,AltSahra-Afrika,,1281-01-01,hayir,
2661,Buake (Bouaké),3590,yerlesimler_afrika2.js,684,data/yerlesimler_afrika2.js:684,sehir,7.69,-5.03,AltSahra-Afrika,,1281-01-01,hayir,
2662,Man,3591,yerlesimler_afrika2.js,689,data/yerlesimler_afrika2.js:689,sehir,7.41,-7.55,AltSahra-Afrika,,1281-01-01,hayir,
2663,Batangafo,3594,yerlesimler_afrika2.js,707,data/yerlesimler_afrika2.js:707,sehir,7.3,18.28,AltSahra-Afrika,,1281-01-01,hayir,
2664,Kaga-Bandoro,3596,yerlesimler_afrika2.js,717,data/yerlesimler_afrika2.js:717,sehir,6.98,19.19,AltSahra-Afrika,,1281-01-01,hayir,
2665,Notse,3597,yerlesimler_afrika2.js,722,data/yerlesimler_afrika2.js:722,sehir,6.95,1.17,AltSahra-Afrika,,1281-01-01,hayir,
2666,Daloa,3598,yerlesimler_afrika2.js,728,data/yerlesimler_afrika2.js:728,sehir,6.88,-6.45,AltSahra-Afrika,,1281-01-01,hayir,
2667,Bria,3600,yerlesimler_afrika2.js,740,data/yerlesimler_afrika2.js:740,sehir,6.54,21.99,AltSahra-Afrika,,1281-01-01,hayir,
2668,Bossangoa,3601,yerlesimler_afrika2.js,745,data/yerlesimler_afrika2.js:745,sehir,6.49,17.45,AltSahra-Afrika,,1281-01-01,hayir,
2669,Lagos (Eko),3603,yerlesimler_afrika2.js,757,data/yerlesimler_afrika2.js:757,sehir,6.45,3.4,AltSahra-Afrika,,1281-01-01,hayir,
2670,Onitsha,3605,yerlesimler_afrika2.js,767,data/yerlesimler_afrika2.js:767,sehir,6.15,6.79,AltSahra-Afrika,,1281-01-01,hayir,
2671,Buar (Bouar),3607,yerlesimler_afrika2.js,777,data/yerlesimler_afrika2.js:777,sehir,5.94,15.6,AltSahra-Afrika,,1281-01-01,hayir,
2672,Bambari,3608,yerlesimler_afrika2.js,782,data/yerlesimler_afrika2.js:782,sehir,5.77,20.68,AltSahra-Afrika,,1281-01-01,hayir,
2673,Eski Kalabar,3616,yerlesimler_afrika2.js,830,data/yerlesimler_afrika2.js:830,sehir,4.96,8.32,AltSahra-Afrika,,1281-01-01,hayir,
2674,Sassandra,3617,yerlesimler_afrika2.js,835,data/yerlesimler_afrika2.js:835,sehir,4.95,-6.08,AltSahra-Afrika,,1281-01-01,hayir,
2675,Grand Cess (Kru),3621,yerlesimler_afrika2.js,858,data/yerlesimler_afrika2.js:858,sehir,4.57,-8.21,AltSahra-Afrika,,1281-01-01,hayir,
2676,Bonny,3622,yerlesimler_afrika2.js,863,data/yerlesimler_afrika2.js:863,sehir,4.43,7.17,AltSahra-Afrika,,1281-01-01,hayir,
2677,Marsabit,3639,yerlesimler_afrika2.js,954,data/yerlesimler_afrika2.js:954,sehir,2.33,37.99,AltSahra-Afrika,,1281-01-01,hayir,
2678,Vacir (Wajir),3645,yerlesimler_afrika2.js,986,data/yerlesimler_afrika2.js:986,sehir,1.75,40.06,AltSahra-Afrika,,1281-01-01,hayir,
2679,Masindi,3646,yerlesimler_afrika2.js,993,data/yerlesimler_afrika2.js:993,sehir,1.68,31.72,AltSahra-Afrika,,1281-01-01,hayir,
2680,İmpfondo,3647,yerlesimler_afrika2.js,999,data/yerlesimler_afrika2.js:999,sehir,1.62,18.06,AltSahra-Afrika,,1281-01-01,hayir,
2681,Ouesso,3648,yerlesimler_afrika2.js,1004,data/yerlesimler_afrika2.js:1004,sehir,1.61,16.05,AltSahra-Afrika,,1281-01-01,hayir,
2682,Hoima (Bunyoro),3650,yerlesimler_afrika2.js,1016,data/yerlesimler_afrika2.js:1016,sehir,1.43,31.35,AltSahra-Afrika,,1281-01-01,hayir,
2683,İsiolo,3658,yerlesimler_afrika2.js,1058,data/yerlesimler_afrika2.js:1058,sehir,0.35,37.58,AltSahra-Afrika,,1281-01-01,hayir,
2684,Garissa,3664,yerlesimler_afrika2.js,1088,data/yerlesimler_afrika2.js:1088,sehir,-0.45,39.66,AltSahra-Afrika,,1281-01-01,hayir,
2685,Kitui,3674,yerlesimler_afrika2.js,1141,data/yerlesimler_afrika2.js:1141,sehir,-1.37,38.01,AltSahra-Afrika,,1281-01-01,hayir,
2686,Pangani,3705,yerlesimler_afrika2.js,1311,data/yerlesimler_afrika2.js:1311,sehir,-5.4296,38.9781,AltSahra-Afrika,,1281-01-01,hayir,
2687,Mpvapva,3711,yerlesimler_afrika2.js,1345,data/yerlesimler_afrika2.js:1345,sehir,-6.35,36.49,AltSahra-Afrika,,1281-01-01,hayir,
2688,Morogoro,3712,yerlesimler_afrika2.js,1351,data/yerlesimler_afrika2.js:1351,sehir,-6.82,37.66,AltSahra-Afrika,,1281-01-01,hayir,
2689,Kilosa,3713,yerlesimler_afrika2.js,1357,data/yerlesimler_afrika2.js:1357,sehir,-6.83,36.99,AltSahra-Afrika,,1281-01-01,hayir,
2690,Sumbavanga,3718,yerlesimler_afrika2.js,1388,data/yerlesimler_afrika2.js:1388,sehir,-7.97,31.62,AltSahra-Afrika,,1281-01-01,hayir,
2691,Mbeya,3721,yerlesimler_afrika2.js,1406,data/yerlesimler_afrika2.js:1406,sehir,-8.9,33.46,AltSahra-Afrika,,1281-01-01,hayir,
2692,Matamba,3722,yerlesimler_afrika2.js,1412,data/yerlesimler_afrika2.js:1412,sehir,-9.3,16.0,AltSahra-Afrika,,1281-01-01,hayir,
2693,Lindi,3734,yerlesimler_afrika2.js,1481,data/yerlesimler_afrika2.js:1481,sehir,-10.0,39.72,AltSahra-Afrika,,1281-01-01,hayir,
2694,Mikindani,3736,yerlesimler_afrika2.js,1494,data/yerlesimler_afrika2.js:1494,sehir,-10.28,40.12,AltSahra-Afrika,,1281-01-01,hayir,
2695,Kasempa,3759,yerlesimler_afrika2.js,1626,data/yerlesimler_afrika2.js:1626,sehir,-13.46,25.83,AltSahra-Afrika,,1281-01-01,hayir,
2696,Mumbva,3773,yerlesimler_afrika2.js,1706,data/yerlesimler_afrika2.js:1706,sehir,-14.98,27.06,AltSahra-Afrika,,1281-01-01,hayir,
2697,Toamasina (Tamatave),3798,yerlesimler_afrika2.js,1849,data/yerlesimler_afrika2.js:1849,sehir,-18.15,49.4,AltSahra-Afrika,,1281-01-01,hayir,
2698,Ambohimanga,3800,yerlesimler_afrika2.js,1863,data/yerlesimler_afrika2.js:1863,sehir,-18.76,47.56,AltSahra-Afrika,,1281-01-01,hayir,
2699,Tsiroanomandidy,3801,yerlesimler_afrika2.js,1872,data/yerlesimler_afrika2.js:1872,sehir,-18.77,46.05,AltSahra-Afrika,,1281-01-01,hayir,
2700,Umtali (Mutare),3802,yerlesimler_afrika2.js,1879,data/yerlesimler_afrika2.js:1879,sehir,-18.97,32.67,AltSahra-Afrika,,1281-01-01,hayir,
2701,Ambositra,3814,yerlesimler_afrika2.js,1949,data/yerlesimler_afrika2.js:1949,sehir,-20.53,47.25,AltSahra-Afrika,,1281-01-01,hayir,
2702,Okahandja,3820,yerlesimler_afrika2.js,1982,data/yerlesimler_afrika2.js:1982,sehir,-21.98,16.91,AltSahra-Afrika,,1281-01-01,hayir,
2703,Otjimbingve,3822,yerlesimler_afrika2.js,1993,data/yerlesimler_afrika2.js:1993,sehir,-22.35,16.13,AltSahra-Afrika,,1281-01-01,hayir,
2704,İhosy (Bara),3825,yerlesimler_afrika2.js,2011,data/yerlesimler_afrika2.js:2011,sehir,-22.4,46.12,AltSahra-Afrika,,1281-01-01,hayir,
2705,Rehoboth,3833,yerlesimler_afrika2.js,2059,data/yerlesimler_afrika2.js:2059,sehir,-23.32,17.08,AltSahra-Afrika,,1281-01-01,hayir,
2706,Ambovombe (Antandroy),3846,yerlesimler_afrika2.js,2136,data/yerlesimler_afrika2.js:2136,sehir,-25.17,46.09,AltSahra-Afrika,,1281-01-01,hayir,
2707,Bethanie,3851,yerlesimler_afrika2.js,2163,data/yerlesimler_afrika2.js:2163,sehir,-26.49,17.15,AltSahra-Afrika,,1281-01-01,hayir,
2708,Varmbad (Warmbad),3860,yerlesimler_afrika2.js,2216,data/yerlesimler_afrika2.js:2216,sehir,-28.45,18.74,AltSahra-Afrika,,1281-01-01,hayir,
2709,Gcuva (Butterworth),3878,yerlesimler_afrika2.js,2313,data/yerlesimler_afrika2.js:2313,sehir,-32.33,28.15,AltSahra-Afrika,,1281-01-01,hayir,
2710,Raipur,3916,yerlesimler_nokta_asya_0917.js,66,data/yerlesimler_nokta_asya_0917.js:66,sehir,21.25,81.63,Hindistan,,1281-01-01,hayir,
2711,Ratanpur,3917,yerlesimler_nokta_asya_0917.js,75,data/yerlesimler_nokta_asya_0917.js:75,sehir,22.29,82.17,Hindistan,,1281-01-01,hayir,
2712,Sambalpur,3918,yerlesimler_nokta_asya_0917.js,84,data/yerlesimler_nokta_asya_0917.js:84,sehir,21.47,83.97,Hindistan,,1281-01-01,hayir,
2713,Hengyang (Hengzhou),3924,yerlesimler_nokta_asya_0917.js,136,data/yerlesimler_nokta_asya_0917.js:136,sehir,26.89,112.57,DoguAsya,,1281-01-01,hayir,
2714,Ji'an (Jizhou),3925,yerlesimler_nokta_asya_0917.js,149,data/yerlesimler_nokta_asya_0917.js:149,sehir,27.11,114.98,DoguAsya,,1281-01-01,hayir,
2715,Ganzhou,3926,yerlesimler_nokta_asya_0917.js,164,data/yerlesimler_nokta_asya_0917.js:164,sehir,25.85,114.93,DoguAsya,,1281-01-01,hayir,
2716,Chenzhou (Hunan),3927,yerlesimler_nokta_asya_0917.js,175,data/yerlesimler_nokta_asya_0917.js:175,sehir,25.77,113.01,DoguAsya,,1281-01-01,hayir,
2717,Xinyang,3928,yerlesimler_nokta_asya_0917.js,187,data/yerlesimler_nokta_asya_0917.js:187,sehir,32.13,114.07,DoguAsya,,1281-01-01,hayir,
2718,Dilem (Harc),3929,yerlesimler_nokta_ortadogu_0917.js,21,data/yerlesimler_nokta_ortadogu_0917.js:21,kasaba,23.991,47.162,Iran-Irak-Korfez,,1792-01-01,hayir,
2719,Havta (Havtat Benî Temîm),3930,yerlesimler_nokta_ortadogu_0917.js,26,data/yerlesimler_nokta_ortadogu_0917.js:26,kasaba,23.496,46.878,Iran-Irak-Korfez,,1795-01-01,hayir,
2720,Leylâ (Eflâc),3931,yerlesimler_nokta_ortadogu_0917.js,31,data/yerlesimler_nokta_ortadogu_0917.js:31,kasaba,22.292,46.724,Iran-Irak-Korfez,,1795-01-01,hayir,
2721,Türabe,3932,yerlesimler_nokta_ortadogu_0917.js,37,data/yerlesimler_nokta_ortadogu_0917.js:37,kasaba,21.214,41.633,Levant-Irak-Arabistan,,1281-01-01,hayir,
2722,Hurma (Tâif doğusu),3933,yerlesimler_nokta_ortadogu_0917.js,42,data/yerlesimler_nokta_ortadogu_0917.js:42,vaha,21.911,42.031,Levant-Irak-Arabistan,,1281-01-01,hayir,
2723,Seyûn (Sayvan),3934,yerlesimler_nokta_ortadogu_0917.js,48,data/yerlesimler_nokta_ortadogu_0917.js:48,sehir,15.9433,48.7933,Iran-Irak-Korfez,,1281-01-01,hayir,
2724,Tengyue (Tengchong),4137,yerlesimler_a78_asya.js,27,data/yerlesimler_a78_asya.js:27,sehir,25.02,98.49,DoguAsya,,1281-01-01,hayir,
2725,Yongchang (Baoshan),4138,yerlesimler_a78_asya.js,41,data/yerlesimler_a78_asya.js:41,sehir,25.11,99.16,DoguAsya,,1281-01-01,hayir,
2726,Shunning (Fengqing),4139,yerlesimler_a78_asya.js,53,data/yerlesimler_a78_asya.js:53,sehir,24.58,99.93,GDAsya,,1281-01-01,hayir,
2727,Mianning (Lincang),4140,yerlesimler_a78_asya.js,67,data/yerlesimler_a78_asya.js:67,sehir,23.88,100.09,GDAsya,,1281-01-01,hayir,
2728,Jingdong,4141,yerlesimler_a78_asya.js,78,data/yerlesimler_a78_asya.js:78,sehir,24.45,100.83,GDAsya,,1281-01-01,hayir,
2729,Chuxiong,4142,yerlesimler_a78_asya.js,89,data/yerlesimler_a78_asya.js:89,sehir,25.03,101.54,DoguAsya,,1281-01-01,hayir,
2730,Yuanjiang,4143,yerlesimler_a78_asya.js,100,data/yerlesimler_a78_asya.js:100,sehir,23.6,101.99,GDAsya,,1281-01-01,hayir,
2731,Lin'an (Jianshui),4144,yerlesimler_a78_asya.js,111,data/yerlesimler_a78_asya.js:111,sehir,23.62,102.83,GDAsya,,1281-01-01,hayir,
2732,Mengzi,4145,yerlesimler_a78_asya.js,121,data/yerlesimler_a78_asya.js:121,sehir,23.37,103.38,GDAsya,,1281-01-01,hayir,
2733,Kaihua (Wenshan),4146,yerlesimler_a78_asya.js,131,data/yerlesimler_a78_asya.js:131,sehir,23.37,104.25,GDAsya,,1281-01-01,hayir,
2734,Ning'er (Pu'er),4147,yerlesimler_a78_asya.js,141,data/yerlesimler_a78_asya.js:141,sehir,23.06,101.04,GDAsya,,1281-01-01,hayir,
2735,Chiang Hung (Jinghong),4148,yerlesimler_a78_asya.js,147,data/yerlesimler_a78_asya.js:147,sehir,22.01,100.8,GDAsya,,1281-01-01,hayir,
2736,Lijiang,4149,yerlesimler_a78_asya.js,152,data/yerlesimler_a78_asya.js:152,sehir,26.87,100.23,DoguAsya,,1281-01-01,hayir,
2737,Lashio (Kuzey Hsenwi),4150,yerlesimler_a78_asya.js,163,data/yerlesimler_a78_asya.js:163,sehir,22.94,97.75,GDAsya,,1281-01-01,hayir,
2738,Namkham,4151,yerlesimler_a78_asya.js,167,data/yerlesimler_a78_asya.js:167,sehir,23.83,97.68,GDAsya,,1281-01-01,hayir,
2739,Horog (Khorog),4152,yerlesimler_a78_asya.js,170,data/yerlesimler_a78_asya.js:170,sehir,37.5,71.6,OrtaAsya,,1281-01-01,hayir,
2740,Kala-i Vamar (Rûşan),4153,yerlesimler_a78_asya.js,178,data/yerlesimler_a78_asya.js:178,sehir,37.95,71.55,OrtaAsya,,1281-01-01,hayir,
2741,İşkâşim (Pamir),4154,yerlesimler_a78_asya.js,186,data/yerlesimler_a78_asya.js:186,sehir,36.72,71.61,OrtaAsya,,1281-01-01,hayir,
2742,Serhad (Vahan),4156,yerlesimler_a78_asya.js,199,data/yerlesimler_a78_asya.js:199,bolge,36.98,73.47,OrtaAsya,,1281-01-01,hayir,
2743,Kal'a-i Hum (Darvaz),4157,yerlesimler_a78_asya.js,204,data/yerlesimler_a78_asya.js:204,sehir,38.467,70.767,OrtaAsya,,1281-01-01,hayir,
2744,Taşkurgan (Sarıkol),4159,yerlesimler_a78_asya.js,216,data/yerlesimler_a78_asya.js:216,sehir,37.775,75.228,OrtaAsya,,1281-01-01,hayir,
2745,Bintulu,4161,yerlesimler_a78_asya.js,231,data/yerlesimler_a78_asya.js:231,liman,3.17,113.04,GDAsya,,1281-01-01,hayir,
2746,Baram (bölge),4165,yerlesimler_a78_asya.js,245,data/yerlesimler_a78_asya.js:245,bolge,4.18,114.32,GDAsya,,1281-01-01,hayir,
2747,Limbang,4166,yerlesimler_a78_asya.js,249,data/yerlesimler_a78_asya.js:249,sehir,4.75,115.01,GDAsya,,1281-01-01,hayir,
2748,Labuan (Victoria),4167,yerlesimler_a78_asya.js,255,data/yerlesimler_a78_asya.js:255,liman,5.28,115.24,GDAsya,,1281-01-01,hayir,
2749,Tawau kıyısı (bölge),4171,yerlesimler_a78_asya.js,274,data/yerlesimler_a78_asya.js:274,bolge,4.2575,117.8924,GDAsya,,1281-01-01,hayir,
2750,Sintang,4172,yerlesimler_a78_asya.js,279,data/yerlesimler_a78_asya.js:279,sehir,0.07,111.5,GDAsya,,1281-01-01,hayir,
2751,Kapuas Hulu (bölge),4173,yerlesimler_a78_asya.js,284,data/yerlesimler_a78_asya.js:284,bolge,0.84,112.93,GDAsya,,1281-01-01,hayir,
2752,Barito Hulu (bölge),4175,yerlesimler_a78_asya.js,293,data/yerlesimler_a78_asya.js:293,bolge,-0.95,114.89,GDAsya,,1281-01-01,hayir,
2753,Lifau (Oecussi),4176,yerlesimler_a78_asya.js,299,data/yerlesimler_a78_asya.js:299,liman,-9.2056,124.3711,GDAsya,,1281-01-01,hayir,
2754,Noemuti,4177,yerlesimler_a78_asya.js,304,data/yerlesimler_a78_asya.js:304,sehir,-9.547,124.464,GDAsya,,1281-01-01,hayir,
2755,Maucatar,4178,yerlesimler_a78_asya.js,310,data/yerlesimler_a78_asya.js:310,sehir,-9.237,125.235,GDAsya,,1281-01-01,hayir,
2756,Atapupu,4179,yerlesimler_a78_asya.js,317,data/yerlesimler_a78_asya.js:317,liman,-9.0,124.86,GDAsya,,1281-01-01,hayir,
2757,Niki-Niki,4180,yerlesimler_a78_asya.js,323,data/yerlesimler_a78_asya.js:323,sehir,-9.823,124.471,GDAsya,,1281-01-01,hayir,
2758,Suai,4181,yerlesimler_a78_asya.js,329,data/yerlesimler_a78_asya.js:329,sehir,-9.249,125.362,GDAsya,,1281-01-01,hayir,
2759,Maliana,4182,yerlesimler_a78_asya.js,335,data/yerlesimler_a78_asya.js:335,sehir,-8.99,125.208,GDAsya,,1281-01-01,hayir,
2760,Viqueque,4183,yerlesimler_a78_asya.js,341,data/yerlesimler_a78_asya.js:341,sehir,-8.809,126.322,GDAsya,,1281-01-01,hayir,
2761,Baucau,4184,yerlesimler_a78_asya.js,346,data/yerlesimler_a78_asya.js:346,sehir,-8.479,126.453,GDAsya,,1281-01-01,hayir,
2762,Lautém (Moro),4185,yerlesimler_a78_asya.js,352,data/yerlesimler_a78_asya.js:352,sehir,-8.358,126.929,GDAsya,,1281-01-01,hayir,
2763,Esutoru kıyısı (bölge),4191,yerlesimler_a78_asya.js,384,data/yerlesimler_a78_asya.js:384,bolge,49.079,142.063,DoguAsya,,1281-01-01,hayir,
2764,Tonghai,4194,yerlesimler_a78_asya.js,400,data/yerlesimler_a78_asya.js:400,sehir,24.11,102.76,GDAsya,,1281-01-01,hayir,
2765,Gunt vadisi (bölge),4195,yerlesimler_a78_asya.js,411,data/yerlesimler_a78_asya.js:411,bolge,37.9,72.8,OrtaAsya,,1281-01-01,hayir,
2766,"Karakul (Pamir, bölge)",4196,yerlesimler_a78_asya.js,420,data/yerlesimler_a78_asya.js:420,bolge,39.0,73.55,OrtaAsya,,1281-01-01,hayir,
2767,Alay vadisi (bölge),4197,yerlesimler_a78_asya.js,427,data/yerlesimler_a78_asya.js:427,bolge,39.73,73.25,OrtaAsya,,1281-01-01,hayir,
2768,Niah kıyısı (bölge),4198,yerlesimler_a78_asya.js,434,data/yerlesimler_a78_asya.js:434,bolge,3.8,113.75,GDAsya,,1281-01-01,hayir,
2769,Tomari kıyısı (bölge),4199,yerlesimler_a78_asya.js,438,data/yerlesimler_a78_asya.js:438,bolge,48.0,142.2,DoguAsya,,1281-01-01,hayir,
2770,Poronay yukarısı (bölge),4200,yerlesimler_a78_asya.js,444,data/yerlesimler_a78_asya.js:444,bolge,50.1,143.1,Sibirya,,1281-01-01,hayir,
2771,Nabil kıyısı (bölge),4201,yerlesimler_a78_asya.js,451,data/yerlesimler_a78_asya.js:451,bolge,51.8,143.0,Sibirya,,1281-01-01,hayir,
2772,Kuzey Sahalin (bölge),4202,yerlesimler_a78_asya.js,458,data/yerlesimler_a78_asya.js:458,bolge,52.9,142.9,Sibirya,,1281-01-01,hayir,
2773,Petseri (Peçori),4203,yerlesimler_a78_avrupa.js,29,data/yerlesimler_a78_avrupa.js:29,sehir,57.815,27.609,Avrupa-Balkan,,1281-01-01,hayir,
2774,Abrene (Pıtalovo),4204,yerlesimler_a78_avrupa.js,32,data/yerlesimler_a78_avrupa.js:32,sehir,57.067,27.917,Avrupa-Balkan,,1281-01-01,hayir,
2775,Porkhov,4205,yerlesimler_a78_avrupa.js,36,data/yerlesimler_a78_avrupa.js:36,kale,57.767,29.557,Avrupa-Balkan,,1281-01-01,hayir,
2776,Şelon havzası (Soltsı),4206,yerlesimler_a78_avrupa.js,40,data/yerlesimler_a78_avrupa.js:40,bolge,58.12,30.32,Rusya,,1281-01-01,hayir,
2777,Rēzekne (Rositten),4207,yerlesimler_a78_avrupa.js,43,data/yerlesimler_a78_avrupa.js:43,sehir,56.51,27.333,Avrupa-Balkan,,1281-01-01,hayir,
2778,Murska Sobota,4208,yerlesimler_a78_avrupa.js,48,data/yerlesimler_a78_avrupa.js:48,sehir,46.662,16.166,Avrupa-Balkan,,1281-01-01,hayir,
2779,Lendava (Alsólendva),4209,yerlesimler_a78_avrupa.js,52,data/yerlesimler_a78_avrupa.js:52,sehir,46.563,16.452,Avrupa-Balkan,,1281-01-01,hayir,
2780,Freistadt,4210,yerlesimler_a78_avrupa.js,58,data/yerlesimler_a78_avrupa.js:58,sehir,48.511,14.504,Avrupa-Balkan,,1281-01-01,hayir,
2781,Linz,4211,yerlesimler_a78_avrupa.js,61,data/yerlesimler_a78_avrupa.js:61,sehir,48.306,14.286,Avrupa-Balkan,,1281-01-01,hayir,
2782,Gmünd (Aşağı Avusturya),4212,yerlesimler_a78_avrupa.js,64,data/yerlesimler_a78_avrupa.js:64,sehir,48.767,14.983,Avrupa-Balkan,,1281-01-01,hayir,
2783,České Budějovice (Budweis),4213,yerlesimler_a78_avrupa.js,67,data/yerlesimler_a78_avrupa.js:67,sehir,48.975,14.474,Avrupa-Balkan,,1281-01-01,hayir,
2784,Třeboň (Wittingau),4214,yerlesimler_a78_avrupa.js,70,data/yerlesimler_a78_avrupa.js:70,sehir,49.004,14.771,Avrupa-Balkan,,1281-01-01,hayir,
2785,Görice (Korçë),4215,yerlesimler_a78_avrupa.js,75,data/yerlesimler_a78_avrupa.js:75,sehir,40.619,20.781,Avrupa-Balkan,,1281-01-01,hayir,
2786,Kesriye (Kastoria),4216,yerlesimler_a78_avrupa.js,79,data/yerlesimler_a78_avrupa.js:79,sehir,40.519,21.269,Avrupa-Balkan,,1281-01-01,hayir,
2787,Filorina (Florina),4217,yerlesimler_a78_avrupa.js,83,data/yerlesimler_a78_avrupa.js:83,sehir,40.782,21.41,Avrupa-Balkan,,1281-01-01,hayir,
2788,Bregenz,4218,yerlesimler_a78_avrupa.js,89,data/yerlesimler_a78_avrupa.js:89,sehir,47.503,9.747,Avrupa-Balkan,,1281-01-01,hayir,
2789,Feldkirch,4219,yerlesimler_a78_avrupa.js,92,data/yerlesimler_a78_avrupa.js:92,sehir,47.238,9.598,Avrupa-Balkan,,1281-01-01,hayir,
2790,Landeck,4220,yerlesimler_a78_avrupa.js,102,data/yerlesimler_a78_avrupa.js:102,sehir,47.14,10.567,Avrupa-Balkan,,1281-01-01,hayir,
2791,Innsbruck,4221,yerlesimler_a78_avrupa.js,105,data/yerlesimler_a78_avrupa.js:105,sehir,47.269,11.393,Avrupa-Balkan,,1281-01-01,hayir,
2792,Lienz,4222,yerlesimler_a78_avrupa.js,108,data/yerlesimler_a78_avrupa.js:108,sehir,46.829,12.769,Avrupa-Balkan,,1281-01-01,hayir,
2793,Klagenfurt,4223,yerlesimler_a78_avrupa.js,111,data/yerlesimler_a78_avrupa.js:111,sehir,46.624,14.305,Avrupa-Balkan,,1281-01-01,hayir,
2794,Brixen (Bressanone),4224,yerlesimler_a78_avrupa.js,114,data/yerlesimler_a78_avrupa.js:114,sehir,46.715,11.656,Avrupa-Balkan,,1281-01-01,hayir,
2795,Aosta,4225,yerlesimler_a78_avrupa.js,119,data/yerlesimler_a78_avrupa.js:119,sehir,45.737,7.32,Avrupa-Balkan,,1281-01-01,hayir,
2796,Bourg-Saint-Maurice,4226,yerlesimler_a78_avrupa.js,122,data/yerlesimler_a78_avrupa.js:122,sehir,45.619,6.769,Avrupa-Balkan,,1281-01-01,hayir,
2797,Sion (Sitten),4227,yerlesimler_a78_avrupa.js,125,data/yerlesimler_a78_avrupa.js:125,sehir,46.233,7.361,Avrupa-Balkan,,1281-01-01,hayir,
2798,Martigny (Martinach),4228,yerlesimler_a78_avrupa.js,128,data/yerlesimler_a78_avrupa.js:128,sehir,46.103,7.073,Avrupa-Balkan,,1281-01-01,hayir,
2799,Thonon,4229,yerlesimler_a78_avrupa.js,133,data/yerlesimler_a78_avrupa.js:133,sehir,46.371,6.48,Avrupa-Balkan,,1281-01-01,hayir,
2800,Annemasse,4230,yerlesimler_a78_avrupa.js,136,data/yerlesimler_a78_avrupa.js:136,sehir,46.193,6.234,Avrupa-Balkan,,1281-01-01,hayir,
2801,Arlon,4231,yerlesimler_a78_avrupa.js,141,data/yerlesimler_a78_avrupa.js:141,sehir,49.683,5.817,Avrupa-Balkan,,1281-01-01,hayir,
2802,Bastogne,4232,yerlesimler_a78_avrupa.js,144,data/yerlesimler_a78_avrupa.js:144,sehir,50.0,5.717,Avrupa-Balkan,,1281-01-01,hayir,
2803,Neufchâteau (Belçika),4233,yerlesimler_a78_avrupa.js,147,data/yerlesimler_a78_avrupa.js:147,sehir,49.841,5.435,Avrupa-Balkan,,1281-01-01,hayir,
2804,Virton,4234,yerlesimler_a78_avrupa.js,150,data/yerlesimler_a78_avrupa.js:150,sehir,49.568,5.533,Avrupa-Balkan,,1281-01-01,hayir,
2805,Wiltz,4235,yerlesimler_a78_avrupa.js,155,data/yerlesimler_a78_avrupa.js:155,sehir,49.966,5.933,Avrupa-Balkan,,1281-01-01,hayir,
2806,St. Vith (Sankt Vith),4236,yerlesimler_a78_avrupa.js,158,data/yerlesimler_a78_avrupa.js:158,sehir,50.283,6.127,Avrupa-Balkan,,1281-01-01,hayir,
2807,Daru,4239,yerlesimler_a78_okyanusya.js,37,data/yerlesimler_a78_okyanusya.js:37,liman,-9.0763,143.2092,GDAsya,,1884-11-06,hayir,EVET
2808,Vanimo,4242,yerlesimler_a78_okyanusya.js,61,data/yerlesimler_a78_okyanusya.js:61,liman,-2.6817,141.3028,GDAsya,,1884-11-03,hayir,EVET
2809,Apia,4246,yerlesimler_a78_okyanusya.js,86,data/yerlesimler_a78_okyanusya.js:86,liman,-13.8345,-171.7631,Okyanusya,,1900-03-01,hayir,EVET
2810,Pago Pago,4247,yerlesimler_a78_okyanusya.js,92,data/yerlesimler_a78_okyanusya.js:92,liman,-14.2755,-170.7048,Okyanusya,,1900-04-17,hayir,EVET
2811,Nauru (Yaren),4248,yerlesimler_a78_okyanusya.js,98,data/yerlesimler_a78_okyanusya.js:98,liman,-0.5471,166.9163,GDAsya,,1888-10-01,hayir,EVET
2812,Papeete,4249,yerlesimler_a78_okyanusya.js,104,data/yerlesimler_a78_okyanusya.js:104,liman,-17.5374,-149.566,Okyanusya,,1842-09-09,hayir,EVET
2813,Avarua (Rarotonga),4250,yerlesimler_a78_okyanusya.js,110,data/yerlesimler_a78_okyanusya.js:110,liman,-21.2075,-159.7708,Okyanusya,,1888-01-01,hayir,EVET
2814,Hagåtña (Agaña),4251,yerlesimler_a78_okyanusya.js,116,data/yerlesimler_a78_okyanusya.js:116,sehir,13.4748,144.7516,GDAsya,,1668-06-16,hayir,EVET
2815,Garapan (Saipan),4252,yerlesimler_a78_okyanusya.js,122,data/yerlesimler_a78_okyanusya.js:122,liman,15.191,145.7467,GDAsya,,1668-06-16,hayir,EVET
2816,Jaluit (Jabor),4254,yerlesimler_a78_okyanusya.js,133,data/yerlesimler_a78_okyanusya.js:133,liman,5.8533,169.6341,GDAsya,,1885-10-15,hayir,EVET
2817,Tarawa (Bairiki),4255,yerlesimler_a78_okyanusya.js,139,data/yerlesimler_a78_okyanusya.js:139,liman,1.3375,173.0117,GDAsya,,1892-05-27,hayir,EVET
2818,Banaba (Ocean Island),4256,yerlesimler_a78_okyanusya.js,145,data/yerlesimler_a78_okyanusya.js:145,liman,-0.8581,169.5351,GDAsya,,1900-01-01,hayir,EVET
2819,Funafuti,4257,yerlesimler_a78_okyanusya.js,151,data/yerlesimler_a78_okyanusya.js:151,liman,-8.5225,179.2027,GDAsya,,1892-01-01,hayir,EVET
2820,Hilo,4258,yerlesimler_a78_okyanusya.js,157,data/yerlesimler_a78_okyanusya.js:157,liman,19.7074,-155.0816,Okyanusya,,1795-01-01,hayir,EVET
2821,Lahaina,4259,yerlesimler_a78_okyanusya.js,163,data/yerlesimler_a78_okyanusya.js:163,liman,20.8739,-156.6777,Okyanusya,,1795-01-01,hayir,EVET
2822,Maribor (Marburg),4298,yerlesimler_p77_avrupa.js,26,data/yerlesimler_p77_avrupa.js:26,sehir,46.5558,15.6459,Avrupa-Balkan,,1281-01-01,hayir,
2823,Eisenstadt (Kismarton),4299,yerlesimler_p77_avrupa.js,30,data/yerlesimler_p77_avrupa.js:30,sehir,47.8457,16.5233,Avrupa-Balkan,,1281-01-01,hayir,
