ad,lat,lon,tur,atlas_ilk,epok,kur,ilk_sahip,bilinen_1000_1280,kanit,hukum_1000_1280,kaynak
Yenişehir (Bursa),40.267,29.633,sehir,1301,>1281,1301-01-01,isa-celebi,,,,
İnegöl,40.08,29.512,sehir,1281,1281-epok,,bizans,,,,
Aydos Kalesi,40.95,29.25,kale,1281,1281-epok,,bizans,,,,
Geyve,40.508,30.288,kale,1281,1281-epok,,bizans,,,,
Köprühisar (Yenişehir),40.205,29.545,kale,1281,1281-epok,,bizans,,,,
Marmaracık,40.301,29.68,kale,1281,1281-epok,,bizans,,,,
Akhisar (Pamukova),40.51,30.15,kale,1281,1281-epok,,bizans,,,,
Mekece,40.56,30.24,kale,1281,1281-epok,,bizans,,,,
Kestel,40.213,29.17,kale,1281,1281-epok,,bizans,,,,
Ulubat,40.171,28.573,kale,1281,1281-epok,,bizans,,,,
Harmankaya,40.1,29.98,kale,1281,1281-epok,,bizans,,,,
Akyazı,40.685,30.622,sehir,1281,1281-epok,,bizans,,,,
İmralı Adası,40.303,29.078,kale,1281,1281-epok,,bizans,,,,
Kandıra,41.075,30.147,sehir,1281,1281-epok,,bizans,,,,
Mudanya,40.373,28.883,liman,1281,1281-epok,,bizans,,,,
Yalova,40.65,29.267,liman,1281,1281-epok,,bizans,,,,
Karamürsel,40.69,29.617,liman,1281,1281-epok,,bizans,,,,
Armutlu,40.517,28.833,kale,1281,1281-epok,,bizans,,,,
Gemlik (Kios),40.43,29.157,liman,1281,1281-epok,,bizans,,,,
Otranto,40.146,18.489,kale,1281,1281-epok,,napoli,EVET,aday-listesi,Bizans → Norman,kaynak doğrulanmadı
Brindisi,40.639,17.945,liman,1281,1281-epok,,napoli,EVET,aday-listesi,Bizans → Norman,kaynak doğrulanmadı
Taranto,40.472,17.243,liman,1281,1281-epok,,napoli,EVET,aday-listesi,Bizans → Norman,kaynak doğrulanmadı
Lecce,40.352,18.169,sehir,1281,1281-epok,,napoli,,,,
Enez,40.724,26.075,liman,1281,1281-epok,,bizans,,,,
Datça,36.7284,27.6843,liman,1281,1281-epok,,mentese,,,,
Bodrum,37.034,27.43,kale,1402,>1281,1402-01-01,sovalye,,,,
Marmaris,36.855,28.274,liman,1281,1281-epok,,mentese,,,,
Fethiye (Makri),36.622,29.116,liman,1281,1281-epok,,mentese,,,,
Kuşadası,37.859,27.26,liman,1281,1281-epok,,bizans,,,,
Söke,37.751,27.408,sehir,1281,1281-epok,,bizans,,,,
Söğüt,40.019,30.181,sehir,1281,1281-epok,,isa-celebi,,,,
Bozüyük,39.907,30.037,sehir,1281,1281-epok,,isa-celebi,,,,
Ermeni Derbendi,39.949,29.967,kasaba,1281,1281-epok,,isa-celebi,,,,
Pazaryeri,39.991,29.896,sehir,1281,1281-epok,,isa-celebi,,,,
Bilecik,40.142,29.979,kale,1281,1281-epok,,bizans,,,,
Eskişehir,39.776,30.52,sehir,1281,1281-epok,,bizans,EVET,0930-var-aday(1175);ONERI-B1;aday-listesi,Bizans → Selçuklu,TDV: eskisehir (önbellek denetim/GLM1-TDV-ONBELLEK/eskisehir.txt; gövdede 1000-1280 yılı 14 kez)
Bursa,40.188,29.061,sehir,1281,1281-epok,,bizans,EVET,0930-var-aday(1080);ONERI-C;aday-listesi,Bizans / İznik İmparatorluğu,TDV: bursa (önbellek denetim/GLM1-TDV-ONBELLEK/bursa.txt; gövdede 1000-1280 yılı 11 kez)
İznik,40.429,29.721,sehir,1281,1281-epok,,bizans,EVET,0930-eksen;0930-var-aday(1065);ONERI-A;aday-listesi,Bizans → Selçuklu 1081-1097 → Bizans → İznik İmp. 1204-61,TDV: iznik (önbellek denetim/GLM1-TDV-ONBELLEK/iznik.txt; gövdede 1000-1280 yılı 30 kez)
İzmit,40.766,29.917,sehir,1281,1281-epok,,bizans,EVET,0930-var-aday(1078);ONERI-A,iznik-imparatorlugu 1228 → bizans 1261 (ONERI-A önerisi),"TDV: izmit — ""1078’de Bizans İmparatorluğu’na isyan eden Nikephoros Botaneiates, kendi ordusu olmadığı için Türkler’den sağladığı ücretli askerlerden oluşan ordusu ile İzmit’"""
Adapazarı,40.78,30.403,sehir,1550,>1281,1550-01-01,tbmm-turkiye,,,,
Balıkesir,39.649,27.886,sehir,1281,1281-epok,,bizans,EVET,0930-var-aday(1096);ONERI-C,,"TDV: balikesir — ""Haçlı Seferi’nden (1096-1099) sonra tekrar Bizans tarafından alındı."""
Çanakkale,40.147,26.409,liman,1281,1281-epok,1452-01-01,bizans,,,,
Bergama,39.121,27.18,sehir,1281,1281-epok,,bizans,EVET,0930-var-aday(1113);ONERI-C;aday-listesi,Bizans / İznik,TDV: bergama (önbellek denetim/GLM1-TDV-ONBELLEK/bergama.txt; gövdede 1000-1280 yılı 4 kez)
Ankara,39.933,32.86,sehir,1281,1281-epok,,ahiler,EVET,0930-var-aday(1073);ONERI-B1;aday-listesi,Bizans → Danişmendli/Selçuklu (1127 sonrası kesin),TDV: ankara (önbellek denetim/GLM1-TDV-ONBELLEK/ankara.txt; gövdede 1000-1280 yılı 30 kez)
Kütahya,39.424,29.983,sehir,1281,1281-epok,,selcuklu,EVET,0930-var-aday(1080);ONERI-A;aday-listesi,Bizans → Selçuklu 1233,TDV: kutahya (önbellek denetim/GLM1-TDV-ONBELLEK/kutahya.txt; gövdede 1000-1280 yılı 40 kez)
Isparta,37.765,30.554,sehir,1281,1281-epok,,selcuklu,EVET,0930-var-aday(1038);ONERI-A;aday-listesi,Bizans → Selçuklu 1204,TDV: isparta (önbellek denetim/GLM1-TDV-ONBELLEK/isparta.txt; gövdede 1000-1280 yılı 27 kez)
Manisa,38.614,27.429,sehir,1281,1281-epok,,bizans,EVET,0930-var-aday(1204);ONERI-A;aday-listesi,Bizans / İznik,TDV: manisa (önbellek denetim/GLM1-TDV-ONBELLEK/manisa.txt; gövdede 1000-1280 yılı 37 kez)
İzmir,38.419,27.129,liman,1281,1281-epok,,bizans,EVET,0930-var-aday(1025);ONERI-C;aday-listesi,Çaka Bey ~1081 → Bizans/İznik,TDV: izmir (önbellek denetim/GLM1-TDV-ONBELLEK/izmir.txt; gövdede 1000-1280 yılı 32 kez)
Çeşme,38.325,26.3091,kale,1281,1281-epok,,bizans,,,,
Aydın,37.845,27.84,sehir,1281,1281-epok,,bizans,EVET,0930-var-aday(1177);ONERI-C,,"TDV: aydin — ""1177’ye doğru II."""
Denizli,37.783,29.094,sehir,1281,1281-epok,,inancogullari,EVET,0930-var-aday(1261);ONERI-C;aday-listesi,Bizans → Selçuklu,TDV: denizli (önbellek denetim/GLM1-TDV-ONBELLEK/denizli.txt; gövdede 1000-1280 yılı 23 kez)
Muğla,37.215,28.363,sehir,1281,1281-epok,,mentese,EVET,0930-var-aday(1079);ONERI-B2,,"TDV: mugla — ""1079’da Türk kuvvetleri Muğla ve civarına kadar geldiler."""
Antalya,36.887,30.703,liman,1281,1281-epok,,selcuklu,EVET,0930-var-aday(1103);ONERI-A;aday-listesi,Bizans → Anadolu Selçuklu 1207/1216,TDV: antalya (önbellek denetim/GLM1-TDV-ONBELLEK/antalya.txt; gövdede 1000-1280 yılı 17 kez)
Konya,37.872,32.492,sehir,1281,1281-epok,,selcuklu,EVET,0930-eksen;0930-var-aday(1069);ONERI-C;aday-listesi,Bizans → Anadolu Selçuklu (~1080/1097 sonrası başkent) 1097-1308,TDV: konya (önbellek denetim/GLM1-TDV-ONBELLEK/konya.txt; gövdede 1000-1280 yılı 38 kez)
Karaman,37.181,33.215,sehir,1281,1281-epok,,karaman,EVET,0930-var-aday(1165);ONERI-A;aday-listesi,Selçuklu → Karamanoğulları,TDV: karaman (önbellek denetim/GLM1-TDV-ONBELLEK/karaman.txt; gövdede 1000-1280 yılı 9 kez)
Niğde,37.966,34.679,sehir,1281,1281-epok,,selcuklu,EVET,0930-var-aday(1155);ONERI-C;aday-listesi,Danişmendli/Selçuklu,TDV: nigde (önbellek denetim/GLM1-TDV-ONBELLEK/nigde.txt; gövdede 1000-1280 yılı 41 kez)
Alanya,36.5502,31.9997,liman,1281,1281-epok,,selcuklu,EVET,0930-var-aday(1221);ONERI-B1;aday-listesi,Ermeni/Bizans → Anadolu Selçuklu 1221,TDV: alanya (önbellek denetim/GLM1-TDV-ONBELLEK/alanya.txt; gövdede 1000-1280 yılı 3 kez)
Anamur,36.078,32.837,kale,1281,1281-epok,,karaman,EVET,aday-listesi,Ermeni/Selçuklu,kaynak doğrulanmadı
Silifke,36.309,33.938,sehir,1281,1281-epok,,karaman,EVET,0930-var-aday(1175);ONERI-B1,,"TDV: silifke — ""Rupen zamanında (1175-1187) Silifke’yi ellerine geçirdi."""
Kayseri,38.734,35.48,sehir,1281,1281-epok,,ilhanli,EVET,0930-eksen;0930-var-aday(1067);ONERI-B2;aday-listesi,Bizans → Danişmendli (~1082) → Anadolu Selçuklu (1178),TDV: kayseri (önbellek denetim/GLM1-TDV-ONBELLEK/kayseri.txt; gövdede 1000-1280 yılı 57 kez)
Kastamonu,41.377,33.777,sehir,1281,1281-epok,,cobanogullari,EVET,0930-var-aday(1084);ONERI-C;aday-listesi,Bizans (Komnenos) → Selçuklu/Çobanoğulları,TDV: kastamonu (önbellek denetim/GLM1-TDV-ONBELLEK/kastamonu.txt; gövdede 1000-1280 yılı 7 kez)
Sinop,42.027,35.151,liman,1281,1281-epok,,pervane,EVET,0930-var-aday(1215);ONERI-B2;aday-listesi,Bizans/Trabzon → Anadolu Selçuklu 1214,TDV: sinop (önbellek denetim/GLM1-TDV-ONBELLEK/sinop.txt; gövdede 1000-1280 yılı 16 kez)
Amasra,41.748,32.386,kale,1281,1281-epok,,ceneviz,EVET,aday-listesi,Bizans/Trabzon/Ceneviz,kaynak doğrulanmadı
Bartın,41.634,32.338,liman,1281,1281-epok,,selcuklu,,,,
Safranbolu,41.253,32.694,sehir,1281,1281-epok,,selcuklu,EVET,0930-var-aday(1196);ONERI-C,,"TDV: safranbolu — ""Dadibra, 592’de (1196) II."""
Samsun,41.286,36.331,liman,1281,1281-epok,,ilhanli,EVET,0930-var-aday(1155);ONERI-B2;aday-listesi,Bizans/Trabzon → Selçuklu,TDV: samsun (önbellek denetim/GLM1-TDV-ONBELLEK/samsun.txt; gövdede 1000-1280 yılı 11 kez)
Amasya,40.65,35.833,sehir,1281,1281-epok,,ilhanli,EVET,0930-var-aday(1155);ONERI-B2;aday-listesi,Danişmendli → Anadolu Selçuklu,TDV: amasya (önbellek denetim/GLM1-TDV-ONBELLEK/amasya.txt; gövdede 1000-1280 yılı 12 kez)
Tokat,40.314,36.554,sehir,1281,1281-epok,,ilhanli,EVET,aday-listesi,Danişmendli → Anadolu Selçuklu,TDV: tokat (önbellek denetim/GLM1-TDV-ONBELLEK/tokat.txt; gövdede 1000-1280 yılı 17 kez)
Sivas,39.75,37.015,sehir,1281,1281-epok,,ilhanli,EVET,0930-eksen;0930-var-aday(1021);ONERI-B2;aday-listesi,Bizans → Danişmendli (~1075) → Anadolu Selçuklu (1175),TDV: sivas (önbellek denetim/EKOKUMA-0077-C-tdv-onbellek/sivas.txt; gövdede 1000-1280 yılı 35 kez)
Trabzon,41.005,39.723,liman,1281,1281-epok,,trabzon-rum,EVET,0930-eksen;0930-var-aday(1021);ONERI-A;aday-listesi,Bizans → Trabzon Rum İmp. 1204,TDV: trabzon (önbellek denetim/GLM1-TDV-ONBELLEK/trabzon.txt; gövdede 1000-1280 yılı 25 kez)
Giresun,40.918,38.389,liman,1281,1281-epok,,trabzon-rum,EVET,0930-var-aday(1204);ONERI-A;aday-listesi,Trabzon Rum,TDV: giresun (önbellek denetim/GLM1-TDV-ONBELLEK/giresun.txt; gövdede 1000-1280 yılı 7 kez)
Ordu (Bayramlı),40.976,37.848,sehir,1281,1281-epok,,trabzon-rum,,,,
Ünye,41.128,37.283,liman,1281,1281-epok,,trabzon-rum,EVET,aday-listesi,Bizans/Trabzon,kaynak doğrulanmadı
Rize,41.02,40.523,liman,1281,1281-epok,,trabzon-rum,EVET,0930-var-aday(1071);ONERI-A,trabzon-rum 1204 (ONERI-A önerisi),"TDV: rize — ""Malazgirt zaferinin (1071) ardından bir süre için Dânişmendliler’in kontrolü altına giren Rize (1098) Anadolu Selçukluları zamanında Erzurum valileri tarafından"""
Erzincan,39.75,39.492,sehir,1281,1281-epok,,ilhanli,EVET,0930-var-aday(1048);ONERI-B2;aday-listesi,Mengücüklü 1118-1228 → Anadolu Selçuklu,TDV: erzincan (önbellek denetim/GLM1-TDV-ONBELLEK/erzincan.txt; gövdede 1000-1280 yılı 9 kez)
Erzurum,39.905,41.266,sehir,1281,1281-epok,,ilhanli,EVET,0930-eksen;0930-var-aday(1048);ONERI-B2;aday-listesi,Bizans → Saltuklu 1071-1202 → Anadolu Selçuklu,TDV: erzurum (önbellek denetim/EKOKUMA-0077-C-tdv-onbellek/erzurum.txt; gövdede 1000-1280 yılı 61 kez)
Kars,40.602,43.095,kale,1281,1281-epok,,ilhanli,EVET,0930-var-aday(1053);ONERI-C;aday-listesi,Kars-Vanand Kr. → Bizans → Selçuklu/Gürcü,TDV: kars (önbellek denetim/GLM1-TDV-ONBELLEK/kars.txt; gövdede 1000-1280 yılı 19 kez)
Ardahan,41.111,42.702,kale,1281,1281-epok,,ilhanli,EVET,0930-var-aday(1053);ONERI-C,,"TDV: ardahan — ""Bununla beraber yöreye ilk Türk akınları 1053 yılından itibaren Kutalmış idaresinde başlamıştır."""
Van,38.502,43.393,kale,1281,1281-epok,,ilhanli,EVET,0930-var-aday(1021);ONERI-B2;aday-listesi,Vaspurakan/Bizans → Ahlatşahlar → Selçuklu/Moğol,TDV: van (önbellek denetim/EKOKUMA-0077-C-tdv-onbellek/van.txt; gövdede 1000-1280 yılı 19 kez)
Bitlis,38.401,42.108,sehir,1281,1281-epok,,ilhanli,EVET,0930-var-aday(1047);ONERI-B2;aday-listesi,Dilmaçoğulları,TDV: bitlis (önbellek denetim/EKOKUMA-0077-C-tdv-onbellek/bitlis.txt; gövdede 1000-1280 yılı 21 kez)
Diyarbakır,37.911,40.237,sehir,1281,1281-epok,,selcuklu,EVET,0930-var-aday(1021);ONERI-B1;aday-listesi,Mervânî → İnaloğulları → Artuklu/Eyyûbî 1232,TDV: diyarbakir (önbellek denetim/GLM1-TDV-ONBELLEK/diyarbakir.txt; gövdede 1000-1280 yılı 39 kez)
Mardin,37.312,40.735,kale,1281,1281-epok,,artuklu,EVET,0930-var-aday(1085);ONERI-C;aday-listesi,Artuklu (Mardin kolu) 1104-1409,TDV: mardin (önbellek denetim/GLM1-TDV-ONBELLEK/mardin.txt; gövdede 1000-1280 yılı 39 kez)
Urfa,37.159,38.796,sehir,1281,1281-epok,,memluk,EVET,aday-listesi,Bizans → Urfa Kontluğu 1098-1144 → Zengî → Eyyûbî,kaynak doğrulanmadı
Malatya,38.353,38.334,sehir,1281,1281-epok,,ilhanli,EVET,0930-eksen;0930-var-aday(1057);ONERI-B2;aday-listesi,Bizans → Danişmendli (1102) → Anadolu Selçuklu (1178),TDV: malatya (önbellek denetim/GLM1-TDV-ONBELLEK/malatya.txt; gövdede 1000-1280 yılı 50 kez)
Maraş,37.575,36.937,sehir,1281,1281-epok,,memluk,EVET,aday-listesi,Bizans/Filaretos → Haçlı → Selçuklu 1149,kaynak doğrulanmadı
Adana,37.0,35.321,sehir,1281,1281-epok,,kilikya-ermeni,EVET,0930-var-aday(1071);ONERI-C;aday-listesi,Bizans → Kilikya Ermeni,TDV: adana (önbellek denetim/EKOKUMA-0077-C-tdv-onbellek/adana.txt; gövdede 1000-1280 yılı 3 kez)
Tarsus,36.917,34.895,sehir,1281,1281-epok,,kilikya-ermeni,EVET,0930-var-aday(1082);ONERI-C;aday-listesi,Bizans → Kilikya Ermeni,TDV: tarsus (önbellek denetim/GLM1-TDV-ONBELLEK/tarsus.txt; gövdede 1000-1280 yılı 4 kez)
Antakya,36.202,36.161,sehir,1281,1281-epok,,memluk,EVET,0930-eksen;0930-var-aday(1084);ONERI-A;aday-listesi,Bizans → Selçuklu 1084 → Antakya Prk. 1098-1268 → Memlük,TDV: antakya (önbellek denetim/GLM1-TDV-ONBELLEK/antakya.txt; gövdede 1000-1280 yılı 19 kez)
Çorlu,41.158,27.8,sehir,1281,1281-epok,,bizans,,,,
Lüleburgaz,41.406,27.359,sehir,1281,1281-epok,,bizans,,,,
Malkara,40.89,26.905,sehir,1281,1281-epok,,bizans,,,,
Keşan,40.848,26.633,sehir,1281,1281-epok,,bizans,,,,
İpsala,40.914,26.383,sehir,1281,1281-epok,,bizans,,,,
Kilitbahir,40.15,26.36,kale,1463,>1281,1463-01-01,tbmm-turkiye,,,,
Çirmen,41.72,26.2,kale,1281,1281-epok,,bizans,,,,
Eski Zağra (Stara Zagora),42.425,25.633,sehir,1281,1281-epok,,bulgaristan,EVET,aday-listesi,Bizans/Bulgar,kaynak doğrulanmadı
Tatarpazarcığı,42.192,24.333,sehir,1281,1281-epok,,bulgaristan,,,,
İhtiman,42.433,23.817,kale,1281,1281-epok,,bulgaristan,,,,
Köstendil,42.283,22.69,sehir,1281,1281-epok,,bulgaristan,,,,
Petriç,41.404,23.203,kale,1281,1281-epok,,bizans,,,,
Nevrokop (Gotse Delçev),41.573,23.733,sehir,1281,1281-epok,,bizans,,,,
Drama,41.152,24.147,sehir,1281,1281-epok,,bizans,,,,
Gelibolu,40.4156,26.6636,liman,1281,1281-epok,,bizans,EVET,0930-var-aday(1204);ONERI-A;aday-listesi,Bizans / Venedik / İznik,TDV: gelibolu (önbellek denetim/GLM1-TDV-ONBELLEK/gelibolu.txt; gövdede 1000-1280 yılı 9 kez)
Çimpe,40.503,26.598,kale,1281,1281-epok,,bizans,,,,
Edirne,41.677,26.556,sehir,1281,1281-epok,,bizans,EVET,0930-var-aday(1205);ONERI-C;aday-listesi,Bizans / Latin / Bulgar,TDV: edirne (önbellek denetim/GLM1-TDV-ONBELLEK/edirne.txt; gövdede 1000-1280 yılı 56 kez)
Dimetoka,41.348,26.497,kale,1281,1281-epok,,bizans,EVET,0930-var-aday(1189);ONERI-A;aday-listesi,Bizans / İznik 1246,TDV: dimetoka (önbellek denetim/GLM1-TDV-ONBELLEK/dimetoka.txt; gövdede 1000-1280 yılı 7 kez)
Kırklareli,41.735,27.225,sehir,1281,1281-epok,,bizans,,,,
Tekirdağ,40.9838,27.5084,liman,1281,1281-epok,,bizans,EVET,0930-var-aday(1204);ONERI-A,bizans 1275 (ONERI-A önerisi),"TDV: tekirdag — ""Şehir daha sonra yine Hun, Avar, Bulgar ve Peçenekler’in saldırılarının hedefi oldu ve 1204 yılında Latin işgaline uğradı."""
İstanbul,41.008,28.98,sehir,1281,1281-epok,,bizans,EVET,0930-eksen;0930-var-aday(1261);ONERI-A;aday-listesi,Bizans → Latin 1204 → Bizans 1261,TDV: istanbul (önbellek denetim/FETIH-1453-0081-tdv-onbellek/istanbul.html; gövdede 1000-1280 yılı 372 kez)
Filibe,42.144,24.75,sehir,1281,1281-epok,,bulgaristan,EVET,aday-listesi,Bizans / Bulgar / Latin,TDV: filibe (önbellek denetim/GLM1-TDV-ONBELLEK/filibe.txt; gövdede 1000-1280 yılı 11 kez)
Sofya,42.698,23.322,sehir,1281,1281-epok,,bulgaristan,EVET,aday-listesi,Bizans 1018 → II. Bulgar,TDV: sofya (önbellek denetim/GLM1-TDV-ONBELLEK/sofya.txt; gövdede 1000-1280 yılı 6 kez)
Niş,43.321,21.896,sehir,1281,1281-epok,,sirbistan,EVET,aday-listesi,Bizans / Macar / Sırp,TDV: nis (önbellek denetim/GLM1-TDV-ONBELLEK/nis.txt; gövdede 1000-1280 yılı 10 kez)
Vidin,43.992,22.873,kale,1281,1281-epok,,bulgaristan,EVET,aday-listesi,Bizans → II. Bulgar,TDV: vidin (önbellek denetim/GLM1-TDV-ONBELLEK/vidin.txt; gövdede 1000-1280 yılı 16 kez)
Tırnova,43.081,25.629,sehir,1281,1281-epok,,bulgaristan,EVET,0930-eksen;aday-listesi,II. Bulgar başkenti 1185-1393,kaynak doğrulanmadı
Varna,43.214,27.915,liman,1281,1281-epok,,bulgaristan,EVET,aday-listesi,Bizans → II. Bulgar,TDV: varna (önbellek denetim/GLM1-TDV-ONBELLEK/varna.txt; gövdede 1000-1280 yılı 15 kez)
Şumnu,43.271,26.936,kale,1281,1281-epok,,bulgaristan,,,,
Silistre,44.117,27.26,kale,1281,1281-epok,,bulgaristan,EVET,aday-listesi,Bizans → II. Bulgar,TDV: silistre (önbellek denetim/GLM1-TDV-ONBELLEK/silistre.txt; gövdede 1000-1280 yılı 20 kez)
Niğbolu,43.706,24.892,kale,1281,1281-epok,,bulgaristan,,,,
Rusçuk,43.856,25.971,kale,1281,1281-epok,,bulgaristan,,,,
Selanik,40.64,22.944,liman,1281,1281-epok,,bizans,EVET,0930-eksen;aday-listesi,Bizans → Selanik Kr. 1204 → Epir 1224 → İznik 1246,TDV: selanik (önbellek denetim/GLM1-TDV-ONBELLEK/selanik.txt; gövdede 1000-1280 yılı 12 kez)
Serez,41.089,23.545,sehir,1281,1281-epok,,bizans,EVET,aday-listesi,Bizans / Latin / Bulgar,TDV: serez (önbellek denetim/GLM1-TDV-ONBELLEK/serez.txt; gövdede 1000-1280 yılı 5 kez)
Kavala,40.9451,24.4101,liman,1281,1281-epok,,bizans,EVET,aday-listesi,Bizans/Latin,kaynak doğrulanmadı
Üsküp,41.997,21.428,sehir,1281,1281-epok,,sirbistan,EVET,aday-listesi,Bizans / Bulgar / Sırp 1282,TDV: uskup (önbellek denetim/GLM1-EPOK-SAHIP-1009-tdv-onbellek/uskup.txt; gövdede 1000-1280 yılı 5 kez)
Manastır,41.031,21.335,sehir,1281,1281-epok,,sirbistan,EVET,aday-listesi,Bizans/Bulgar,kaynak doğrulanmadı
Ohri,41.1194,20.8028,sehir,1281,1281-epok,,sirbistan,EVET,aday-listesi,I. Bulgar 1018'e dek → Bizans → Epir,TDV: ohri (önbellek denetim/GLM1-EPOK-SAHIP-1009-tdv-onbellek/ohri.txt; gövdede 1000-1280 yılı 8 kez)
Yanya,39.665,20.852,sehir,1281,1281-epok,,bizans,EVET,aday-listesi,Bizans → Epir Despotluğu,TDV: yanya (önbellek denetim/GLM1-TDV-ONBELLEK/yanya.txt; gövdede 1000-1280 yılı 15 kez)
Arta,39.161,20.985,sehir,1281,1281-epok,,bizans,EVET,aday-listesi,Epir Despotluğu başkenti 1205,TDV: narda (önbellek denetim/GLM1-TDV-ONBELLEK/narda.txt; gövdede 1000-1280 yılı 18 kez)
Yenişehir (Larissa),39.639,22.418,sehir,1281,1281-epok,,bizans,EVET,aday-listesi,Bizans / Epir / Tesalya,TDV: yenisehir (önbellek denetim/GLM1-TDV-ONBELLEK/yenisehir.txt; gövdede 1000-1280 yılı 3 kez)
Tırhala,39.555,21.768,sehir,1281,1281-epok,,bizans,,,,
Atina,37.976,23.734,sehir,1281,1281-epok,,atinadukaligi,EVET,aday-listesi,Bizans → Atina Dk. 1205,TDV: atina (önbellek denetim/GLM1-TDV-ONBELLEK/atina.txt; gövdede 1000-1280 yılı 12 kez)
Mora (Tripoliçe),37.51,22.379,sehir,1281,1281-epok,,bizans,,,,
Modon,36.8207,21.7075,kale,1281,1281-epok,,venedik,,,,
Balyabadra (Patras),38.246,21.735,liman,1281,1281-epok,,ahaya-prinkepsligi,EVET,aday-listesi,Bizans → Ahaya,kaynak doğrulanmadı
Anabolu (Nauplion),37.567,22.8,kale,1281,1281-epok,,venedik,EVET,aday-listesi,Bizans → Ahaya/Atina,kaynak doğrulanmadı
Damala (Troizen),37.508,23.339,kasaba,1281,1281-epok,,bizans,,,,
Methana,37.588,23.38,kasaba,1281,1281-epok,,bizans,,,,
Ermiyoni (Hermione),37.3884,23.2486,liman,1281,1281-epok,,bizans,,,,
Kranidi,37.364,23.147,kasaba,1281,1281-epok,,bizans,,,,
İnebahtı,38.399,21.827,kale,1281,1281-epok,,venedik,,,,
Eğriboz,38.4631,23.6023,kale,1281,1281-epok,,venedik,EVET,aday-listesi,Bizans → Lombard/Venedik,TDV: egriboz (önbellek denetim/GLM1-TDV-ONBELLEK/egriboz.txt; gövdede 1000-1280 yılı 12 kez)
İstefe (Tebai),38.322,23.319,sehir,1281,1281-epok,,atinadukaligi,EVET,aday-listesi,Bizans → Atina Dk.,TDV: istefe (önbellek denetim/GLM1-EPOK-SAHIP-1009-tdv-onbellek/istefe.txt; gövdede 1000-1280 yılı 15 kez)
Livadya,38.435,22.875,sehir,1281,1281-epok,,atinadukaligi,,,,
İzdin (Lamia),38.9,22.434,kale,1281,1281-epok,,katalan,,,,
İşkodra,42.069,19.513,kale,1281,1281-epok,,venedik,EVET,aday-listesi,Duklja / Sırp,TDV: iskodra (önbellek denetim/GLM1-TDV-ONBELLEK/iskodra.txt; gövdede 1000-1280 yılı 4 kez)
Akçahisar (Kruja),41.509,19.793,kale,1281,1281-epok,,arnavutluk,,,,
İlbasan (Elbasan),41.113,20.083,kale,1466,>1281,1466-06-01,arnavutluk-bagimsiz,,,,
Berat,40.705,19.951,sehir,1281,1281-epok,,__BOSLUK__,,,,
Draç,41.323,19.455,liman,1281,1281-epok,,sicilya-kralligi,EVET,aday-listesi,Bizans → Venedik/Epir/Sicilya,kaynak doğrulanmadı
Avlonya,40.466,19.489,liman,1281,1281-epok,,napoli,,,,
Priştine,42.663,21.162,sehir,1281,1281-epok,,sirbistan,,,,
Semendire,44.663,20.93,kale,1281,1281-epok,,sirbistan,,,,
Belgrad,44.818,20.457,kale,1281,1281-epok,,sirbistan,EVET,aday-listesi,Bizans / Macar,TDV: belgrad (önbellek denetim/GLM1-TDV-ONBELLEK/belgrad.txt; gövdede 1000-1280 yılı 1 kez)
Saraybosna,43.856,18.413,sehir,1281,1281-epok,,bosna,,,,
Mostar,43.343,17.808,sehir,1281,1281-epok,,bosna,,,,
Banaluka,44.772,17.191,kale,1281,1281-epok,,bosna,,,,
Bükreş,44.427,26.103,sehir,1281,1281-epok,,macaristan,,,,
Yaş,47.157,27.601,sehir,1281,1281-epok,,altinorda,,,,
Akkirman,46.1968,30.3431,kale,1281,1281-epok,,altinorda,,,,
Kili,45.451,29.271,kale,1281,1281-epok,,altinorda,,,,
Suçava (Suceava),47.633,26.25,sehir,1281,1281-epok,,altinorda,,,,
Çernovitz (Çernivtsi),48.292,25.935,kale,1281,1281-epok,,altinorda,,,,
Roman,46.925,26.93,sehir,1281,1281-epok,,altinorda,,,,
Birlad (Bârlad),46.23,27.667,kale,1281,1281-epok,,altinorda,,,,
Kalas (Galatz),45.435,28.008,liman,1281,1281-epok,,altinorda,,,,
İbrail,45.27,27.972,kale,1281,1281-epok,,macaristan,,,,
Özi,46.6247,31.5421,kale,1281,1281-epok,,rusya,,,,
Kamaniçe,48.674,26.574,kale,1281,1281-epok,,polonya-erken,,,,
Erdel (Kaloşvar),46.77,23.591,bolge,1281,1281-epok,,macaristan,,,,
Budin,47.498,19.04,sehir,1281,1281-epok,,macaristan,EVET,aday-listesi,Macar Krallığı,TDV: budin (önbellek denetim/GLM1-TDV-ONBELLEK/budin.txt; gövdede 1000-1280 yılı 9 kez)
Peçuy,46.073,18.233,sehir,1281,1281-epok,,macaristan,EVET,aday-listesi,Macar Krallığı (piskoposluk 1009),TDV: pecuy (önbellek denetim/BALKAN-MACAR-0081-tdv-onbellek/pecuy.html; gövdede 1000-1280 yılı 10 kez)
Estergon,47.795,18.74,kale,1281,1281-epok,,macaristan,EVET,0930-eksen;aday-listesi,Macar Krallığı başkenti,TDV: estergon (önbellek denetim/BALKAN-MACAR-0081-tdv-onbellek/estergon.html; gövdede 1000-1280 yılı 9 kez)
Eğri,47.902,20.377,kale,1281,1281-epok,,macaristan,,,,
Kanije,46.454,16.989,kale,1281,1281-epok,,macaristan,,,,
Uyvar,47.986,18.162,kale,1281,1281-epok,,macaristan,,,,
Temeşvar,45.76,21.23,kale,1281,1281-epok,,macaristan,,,,
Lugos (Lugoj),45.688,21.903,kale,1281,1281-epok,,macaristan,,,,
Orsova (Eski Orsova),44.72,22.4,kale,1281,1281-epok,,macaristan,,,,
Rodos,36.443,28.226,kale,1281,1281-epok,,bizans,EVET,aday-listesi,Bizans / Gabalas,TDV: rodos (önbellek denetim/GLM1-TDV-ONBELLEK/rodos.txt; gövdede 1000-1280 yılı 13 kez)
Sakız,38.368,26.135,liman,1281,1281-epok,,ceneviz,,,,
Midilli,39.106,26.554,kale,1281,1281-epok,,ceneviz,EVET,0930-var-aday(1055);ONERI-B1,,"TDV: midilli — ""Midilli adası 821, 881 ve 1055 yıllarında Arap korsanlarının sürekli saldırılarına mâruz kaldı."""
Limni,39.876,25.156,kale,1281,1281-epok,,bizans,,,,
Kandiye (Girit),35.339,25.133,liman,1281,1281-epok,,venedik,EVET,aday-listesi,Bizans → Venedik 1211,TDV: kandiye (önbellek denetim/GLM1-TDV-ONBELLEK/kandiye.txt; gövdede 1000-1280 yılı 5 kez)
Hanya,35.512,24.019,kale,1281,1281-epok,,venedik,EVET,aday-listesi,Bizans → Venedik 1252,kaynak doğrulanmadı
Lefkoşa,35.17,33.36,sehir,1281,1281-epok,,lusignan,EVET,aday-listesi,Bizans → Komnenos → Lusignan Kıbrıs Kr. 1192,kaynak doğrulanmadı
Magosa,35.125,33.94,kale,1281,1281-epok,,lusignan,EVET,aday-listesi,Bizans → Kıbrıs Kr.,TDV: magosa (önbellek denetim/GLM1-EPOK-SAHIP-1009-tdv-onbellek/magosa.txt; gövdede 1000-1280 yılı 7 kez)
Semadirek,40.463,25.53,kale,1281,1281-epok,,ceneviz,,,,
Taşoz,40.69,24.647,kale,1281,1281-epok,,ceneviz,,,,
Bozcaada,39.833,26.045,kale,1281,1281-epok,,bizans,,,,
İmroz,40.163,25.905,kale,1281,1281-epok,,bizans,EVET,0930-var-aday(1204);ONERI-C,,"TDV: imroz — ""Latin istilâsı (1204) sırasında Latin İmparatorluğu’na dahil oldu."""
Sisam,37.755,26.977,kale,1281,1281-epok,,ceneviz,EVET,0930-var-aday(1027);ONERI-B1,,"TDV: sisam — ""yüzyıllar arasında, 665-666, 892-893, 911-912 ve 1027 yıllarında dört defa Arap saldırısına uğradığına dair bilgiler vardır."""
İstanköy,36.893,27.288,kale,1281,1281-epok,,bizans,EVET,0930-var-aday(1258);ONERI-A,iznik-imparatorlugu 1258 → bizans 1261 (ONERI-A önerisi),"TDV: istankoy — ""yüzyılda Arap akınlarına hedef olmasının ardından Latin hâkimiyetine girmiş, 1258’de yeniden Bizans’ın eline geçmiştir."""
Nakşa,37.097,25.3825,kale,1281,1281-epok,,naksa-dukaligi,,,,
Andros,37.833,24.933,kale,1281,1281-epok,,venedik,,,,
Çuha Adası (Kythira),36.24,22.99,kale,1281,1281-epok,,venedik,,,,
İskiros (Skyros),38.9,24.57,kale,1281,1281-epok,,bizans,,,,
İskopelos,39.12,23.72,kale,1281,1281-epok,,bizans,,,,
İstendil (Tinos),37.57,25.17,kale,1281,1281-epok,,venedik,,,,
Nikarya (İkarya),37.6,26.15,kale,1281,1281-epok,,bizans,,,,
Santorini,36.416,25.432,kale,1281,1281-epok,,venedik,,,,
Girit (Resmo),35.365,24.482,kale,1281,1281-epok,,venedik,,,,
Karpatos,35.508,27.213,kale,1281,1281-epok,,venedik,,,,
Kefe,45.032,35.382,liman,1281,1281-epok,,ceneviz,EVET,aday-listesi,Cenova kolonisi ~1266,TDV: kefe (önbellek denetim/GLM1-TDV-ONBELLEK/kefe.txt; gövdede 1000-1280 yılı 3 kez)
Bahçesaray,44.753,33.861,sehir,1281,1281-epok,,altinorda,,,,
Kerç,45.356,36.467,kale,1281,1281-epok,,ceneviz,,,,
Azak,47.113,39.423,kale,1281,1281-epok,,ceneviz,EVET,aday-listesi,Kıpçak/Altın Orda,TDV: azak (önbellek denetim/GLM1-TDV-ONBELLEK/azak.txt; gövdede 1000-1280 yılı 4 kez)
Taman,45.2029,36.7172,kale,1281,1281-epok,,ceneviz,EVET,aday-listesi,Kiev Rusu Tmutarakan Knezliği,kaynak doğrulanmadı
Anapa,44.894,37.316,kale,1281,1281-epok,,altinorda,,,,
Sohum,43.001,41.023,liman,1281,1281-epok,,gurcistan,,,,
Soçi (Sâşe),43.585,39.723,liman,1281,1281-epok,,altinorda,,,,
Tuapse,44.103,39.08,liman,1281,1281-epok,,altinorda,,,,
Kuban (Yekaterinodar),45.035,38.975,sehir,1281,1281-epok,,altinorda,,,,
Maykop (Çerkezya),44.609,40.101,bolge,1281,1281-epok,,altinorda,,,,
Kabartay (Nalçik),43.498,43.618,bolge,1281,1281-epok,,altinorda,,,,
Tarki (Tarku),42.98,47.5,sehir,1281,1281-epok,,altinorda,,,,
Ağraham burnu,43.972,47.739,bolge,1281,1281-epok,,altinorda,,,,
Terek deltası (Kızlar),43.85,46.72,bolge,1281,1281-epok,,altinorda,,,,
Tebriz,38.08,46.292,sehir,1281,1281-epok,,ilhanli,EVET,0930-eksen;0930-var-aday(1054);ONERI-C;aday-listesi,Revvâdî → Selçuklu → Ahmedîlî/İldenizli → İlhanlı,TDV: tebriz (önbellek denetim/GLM1-TDV-ONBELLEK/tebriz.txt; gövdede 1000-1280 yılı 24 kez)
Nahçıvan,39.209,45.412,sehir,1281,1281-epok,,ilhanli,EVET,0930-var-aday(1064);ONERI-B2;aday-listesi,Selçuklu → İldenizli,TDV: nahcivan (önbellek denetim/GLM1-TDV-ONBELLEK/nahcivan.txt; gövdede 1000-1280 yılı 10 kez)
Tiflis,41.716,44.783,sehir,1281,1281-epok,,gurcistan,EVET,0930-eksen;0930-var-aday(1032);ONERI-C;aday-listesi,Tiflis Emirliği → Gürcü Kr. 1122,TDV: tiflis (önbellek denetim/GLM1-TDV-ONBELLEK/tiflis.txt; gövdede 1000-1280 yılı 12 kez)
Zagem (Kaheti),41.7,45.78,sehir,1281,1281-epok,,gurcistan,,,,
Revan,40.183,44.515,kale,1281,1281-epok,,ilhanli,,,,
Gence,40.683,46.36,kale,1281,1281-epok,,ilhanli,EVET,aday-listesi,Şeddâdî → Selçuklu → İldenizli → Gürcü/Moğol,TDV: gence (önbellek denetim/GLM1-TDV-ONBELLEK/gence.txt; gövdede 1000-1280 yılı 25 kez)
Şamahı,40.632,48.641,sehir,1281,1281-epok,,ilhanli,EVET,aday-listesi,Şirvanşah,kaynak doğrulanmadı
Bakü,40.372,49.867,liman,1281,1281-epok,,ilhanli,EVET,aday-listesi,Şirvanşah,TDV: baku (önbellek denetim/GLM1-TDV-ONBELLEK/baku.txt; gövdede 1000-1280 yılı 9 kez)
Derbend,42.058,48.29,kale,1281,1281-epok,,altinorda,EVET,aday-listesi,Derbent Hâşimî Emirliği → Şirvanşah,kaynak doğrulanmadı
Kabala,40.984,47.845,sehir,1281,1281-epok,,ilhanli,EVET,aday-listesi,Şirvanşah,kaynak doğrulanmadı
Ereş,40.74,47.31,sehir,1281,1281-epok,,ilhanli,,,,
Şâbüran,41.21,48.98,sehir,1281,1281-epok,,ilhanli,,,,
Mahmudâbâd,39.38,49.24,sehir,1281,1281-epok,,ilhanli,,,,
Hemedan,34.799,48.515,sehir,1281,1281-epok,,ilhanli,EVET,0930-eksen;0930-var-aday(1029);ONERI-C;aday-listesi,Kâkûyî → Selçuklu (Irak Selçuklu başkenti),TDV: hemedan (önbellek denetim/GLM1-TDV-ONBELLEK/hemedan.txt; gövdede 1000-1280 yılı 14 kez)
Kirmanşah,34.314,47.065,sehir,1281,1281-epok,,ilhanli,EVET,0930-var-aday(1045);ONERI-C,,"TDV: kirmansah — ""Sırasıyla Emevîler, Abbâsîler, Büveyhîler, Hasaneveyhîler ve Annâzîler’in idaresinde kalan şehri 437’de (1045) Tuğrul Bey’in gönderdiği İbrâhim Yinal Annâzî Ebü"""
Luristan,33.487,48.356,bolge,1281,1281-epok,,ilhanli,EVET,aday-listesi,Lur-i Küçük,kaynak doğrulanmadı
Şehrizor,35.56,45.43,sehir,1281,1281-epok,,ilhanli,EVET,0930-var-aday(1100);ONERI-A,ilhanli 1258 (ONERI-A önerisi),"TDV: sehrizor — ""Nitekim İbnü’l-Esîr, Selçuklu Sultanı Berkyaruk’un Şehrizor’a gelerek (493/1100) burada topladığı Türkmenler’den büyük bir ordu oluşturduğunu ve kardeşi Muhamme"""
Halep,36.202,37.161,sehir,1281,1281-epok,,memluk,EVET,0930-eksen;0930-var-aday(1014);ONERI-C;aday-listesi,Mirdâsî → Selçuklu → Zengî → Eyyûbî → Moğol/Memlük 1260,TDV: halep (önbellek denetim/GLM1-TDV-ONBELLEK/halep.txt; gövdede 1000-1280 yılı 51 kez)
Hama,35.132,36.75,sehir,1281,1281-epok,,eyyubi-hama,EVET,0930-var-aday(1110);ONERI-B1;aday-listesi,Selçuklu/Zengî → Eyyûbî Hama kolu,TDV: hama (önbellek denetim/GLM1-TDV-ONBELLEK/hama.txt; gövdede 1000-1280 yılı 11 kez)
Şam,33.513,36.292,sehir,1281,1281-epok,,memluk,EVET,0930-eksen;aday-listesi,Fâtımî → Selçuklu → Börîler → Zengî 1154 → Eyyûbî,kaynak doğrulanmadı
Beyrut,33.888,35.495,liman,1281,1281-epok,,kudus-kralligi,EVET,0930-var-aday(1110);ONERI-B1;aday-listesi,"Kudüs Kr. 1110-1187, 1197-1291",TDV: beyrut (önbellek denetim/GLM1-TDV-ONBELLEK/beyrut.txt; gövdede 1000-1280 yılı 4 kez)
Trablusşam,34.436,35.844,liman,1281,1281-epok,,trablus-kontlugu,EVET,0930-eksen;0930-var-aday(1032);ONERI-B1;aday-listesi,Benî Ammâr → Trablus Kontluğu 1109-1289,TDV: trablussam (önbellek denetim/GLM1-TDV-ONBELLEK/trablussam.txt; gövdede 1000-1280 yılı 23 kez)
Kudüs,31.777,35.234,sehir,1281,1281-epok,,memluk,EVET,0930-eksen;0930-var-aday(1009);ONERI-C;aday-listesi,Fâtımî/Selçuklu → Kudüs Kr. 1099-1187 → Eyyûbî,TDV: kudus (önbellek denetim/GLM1-TDV-ONBELLEK/kudus.txt; gövdede 1000-1280 yılı 90 kez)
Gazze,31.502,34.466,sehir,1281,1281-epok,,memluk,EVET,0930-var-aday(1149);ONERI-C;aday-listesi,Fâtımî → Kudüs Kr. → Eyyûbî,TDV: gazze (önbellek denetim/GLM1-TDV-ONBELLEK/gazze.txt; gövdede 1000-1280 yılı 6 kez)
Akkâ,32.928,35.082,kale,1281,1281-epok,,kudus-kralligi,EVET,0930-eksen;0930-var-aday(1074);ONERI-B1;aday-listesi,"Kudüs Kr. 1104-1187, 1191-1291",TDV: akka (önbellek denetim/GLM1-TDV-ONBELLEK/akka.txt; gövdede 1000-1280 yılı 13 kez)
Musul,36.34,43.13,sehir,1281,1281-epok,,ilhanli,EVET,0930-eksen;aday-listesi,Ukaylî → Selçuklu → Zengî 1127 → Lü'lü' → İlhanlı,TDV: musul (önbellek denetim/NOKTA-ORTADOGU-0077-tdv-onbellek/musul.html; gövdede 1000-1280 yılı 19 kez)
Kerkük,35.468,44.392,sehir,1281,1281-epok,,ilhanli,EVET,aday-listesi,Selçuklu/Begteginli,TDV: kerkuk (önbellek denetim/GLM1-TDV-ONBELLEK/kerkuk.txt; gövdede 1000-1280 yılı 9 kez)
Bağdat,33.34,44.361,sehir,1281,1281-epok,,ilhanli,EVET,0930-eksen;0930-var-aday(1258);ONERI-A;aday-listesi,Abbâsî (Büveyhî/Selçuklu vesâyeti) → İlhanlı 1258,TDV: bagdat (önbellek denetim/GLM1-TDV-ONBELLEK/bagdat.txt; gövdede 1000-1280 yılı 79 kez)
Kerbelâ,32.616,44.025,sehir,1281,1281-epok,,ilhanli,EVET,0930-var-aday(1022);ONERI-C;aday-listesi,Abbâsî,TDV: kerbela (önbellek denetim/GLM1-TDV-ONBELLEK/kerbela.txt; gövdede 1000-1280 yılı 3 kez)
Basra,30.508,47.783,liman,1281,1281-epok,,zend,EVET,0930-eksen;aday-listesi,Abbâsî/Selçuklu → İlhanlı,TDV: basra (önbellek denetim/GLM1-TDV-ONBELLEK/basra.txt; gövdede 1000-1280 yılı 16 kez)
Lahsa,25.383,49.588,bolge,1281,1281-epok,,usfuri,EVET,aday-listesi,Karmatî → Uyûnî 1076,TDV: lahsa (önbellek denetim/GLM1-TDV-ONBELLEK/lahsa.txt; gövdede 1000-1280 yılı 2 kez)
Mekke,21.423,39.826,sehir,1281,1281-epok,,memluk,EVET,0930-eksen;aday-listesi,Mekke Şerifliği (Fâtımî/Eyyûbî/Resûlî nüfuzu),TDV: mekke (önbellek denetim/GLM1-TDV-ONBELLEK/mekke.txt; gövdede 1000-1280 yılı 47 kez)
Medine,24.47,39.612,sehir,1281,1281-epok,,memluk,EVET,0930-eksen;aday-listesi,Medine Emirliği,TDV: medine (önbellek denetim/GLM1-TDV-ONBELLEK/medine.txt; gövdede 1000-1280 yılı 14 kez)
Cidde,21.543,39.173,liman,1281,1281-epok,,memluk,EVET,aday-listesi,Mekke Şerifliği,TDV: cidde (önbellek denetim/GLM1-TDV-ONBELLEK/cidde.txt; gövdede 1000-1280 yılı 1 kez)
Yenbu,24.089,38.063,liman,1281,1281-epok,,memluk,,,,
Dir'iye (Necid),24.733,46.575,kale,1744,>1281,,suud,,,,
Tebük,28.384,36.566,kale,1281,1281-epok,,memluk,,,,
Maan,30.192,35.734,kale,1281,1281-epok,,memluk,,,,
Zebîd,14.195,43.317,sehir,1281,1281-epok,,resuli,EVET,aday-listesi,Necâhî → Benî Mehdî → Eyyûbî → Resûlî,TDV: zebid (önbellek denetim/GLM1-TDV-ONBELLEK/zebid.txt; gövdede 1000-1280 yılı 14 kez)
Aden,12.786,45.019,liman,1281,1281-epok,,resuli,EVET,0930-eksen;aday-listesi,Zurey'î → Eyyûbî → Resûlî,TDV: aden (önbellek denetim/GLM1-TDV-ONBELLEK/aden.txt; gövdede 1000-1280 yılı 6 kez)
Moha,13.319,43.25,liman,1281,1281-epok,,yemen,,,,
Sana,15.369,44.191,sehir,1281,1281-epok,,yemen,EVET,0930-eksen;aday-listesi,Sulayhî → Hamdânî → Eyyûbî 1174 → Resûlî,TDV: sana (önbellek denetim/GLM1-TDV-ONBELLEK/sana.txt; gövdede 1000-1280 yılı 11 kez)
Taiz,13.579,44.022,sehir,1281,1281-epok,,yemen,EVET,aday-listesi,Eyyûbî → Resûlî,TDV: taiz (önbellek denetim/GLM1-TDV-ONBELLEK/taiz.txt; gövdede 1000-1280 yılı 11 kez)
Hudeyde,14.798,42.954,liman,1281,1281-epok,,yemen,,,,
Ebha (Asir),18.216,42.505,sehir,1281,1281-epok,,yemen,,,,
Kahire,30.047,31.243,sehir,1281,1281-epok,,memluk,EVET,0930-eksen;0930-var-aday(1125);ONERI-C;aday-listesi,Fâtımî → Eyyûbî 1171 → Memlük 1250,TDV: kahire (önbellek denetim/GLM1-TDV-ONBELLEK/kahire.txt; gövdede 1000-1280 yılı 98 kez)
İskenderiye,31.2,29.919,liman,1281,1281-epok,,memluk,EVET,0930-eksen;0930-var-aday(1138);ONERI-C;aday-listesi,Fâtımî/Eyyûbî/Memlük,TDV: iskenderiye (önbellek denetim/GLM1-TDV-ONBELLEK/iskenderiye.txt; gövdede 1000-1280 yılı 19 kez)
Dimyat,31.418,31.814,liman,1281,1281-epok,,memluk,EVET,0930-eksen;0930-var-aday(1155);ONERI-C;aday-listesi,"Fâtımî/Eyyûbî (Haçlı 1219-21, 1249)",TDV: dimyat (önbellek denetim/GLM1-TDV-ONBELLEK/dimyat.txt; gövdede 1000-1280 yılı 10 kez)
Asyut,27.181,31.183,sehir,1281,1281-epok,,memluk,,,,
Asvan,24.089,32.899,sehir,1281,1281-epok,,memluk,EVET,0930-var-aday(1170);ONERI-C;aday-listesi,Fâtımî/Eyyûbî,TDV: asvan (önbellek denetim/GLM1-TDV-ONBELLEK/asvan.txt; gövdede 1000-1280 yılı 2 kez)
İbrim,22.658,31.988,kale,1281,1281-epok,,memluk,,,,
Dongola,19.169,30.474,sehir,1281,1281-epok,,nube,,,,
Hartum,15.5,32.559,sehir,1281,1281-epok,,nube,,,,
Sennar,13.551,33.616,sehir,1281,1281-epok,,nube,,,,
Kordofan (Ubeyyid),13.184,30.218,sehir,1281,1281-epok,,nube,,,,
Sevâkin,19.106,37.332,liman,1281,1281-epok,,memluk,,,,
Masavva,15.6117,39.4723,liman,1281,1281-epok,,memluk,,,,
Trablus,32.897,13.191,liman,1281,1281-epok,,hafsi,EVET,aday-listesi,Zîrî/Benî Hazrûn → Normandiya 1146-58 → Muvahhid/Hafsî,TDV: trablusgarp (önbellek denetim/GLM1-TDV-ONBELLEK/trablusgarp.txt; gövdede 1000-1280 yılı 6 kez)
Misrata,32.378,15.092,sehir,1281,1281-epok,,hafsi,,,,
Bingazi,32.117,20.068,liman,1551,>1281,,italya,,,,
Derne,32.766,22.639,liman,1281,1281-epok,,__BOSLUK__,,,,
Murzuk (Fizan),25.919,13.919,bolge,1281,1281-epok,,kanem-bornu,,,,
Tunus,36.8,10.18,liman,1281,1281-epok,,hafsi,EVET,0930-eksen;aday-listesi,Zîrî/Horasânî → Muvahhid → Hafsî 1229,TDV: tunus (önbellek denetim/GLM1-TDV-ONBELLEK/tunus.txt; gövdede 1000-1280 yılı 46 kez)
Kayrevan,35.678,10.096,sehir,1281,1281-epok,,hafsi,EVET,0930-eksen;aday-listesi,Zîrî başkenti → Hilâlî yağması 1057,TDV: kayrevan (önbellek denetim/GLM1-TDV-ONBELLEK/kayrevan.txt; gövdede 1000-1280 yılı 6 kez)
Gabes,33.881,10.098,liman,1281,1281-epok,,hafsi,,,,
Cezayir,36.753,3.059,liman,1281,1281-epok,,zeyyani,,,,
Konstantin,36.365,6.615,sehir,1281,1281-epok,,zeyyani,,,,
Oran,35.699,-0.634,liman,1281,1281-epok,,zeyyani,,,,
Tilimsan,34.882,-1.315,sehir,1281,1281-epok,,zeyyani,EVET,0930-eksen;aday-listesi,Murâbıt/Muvahhid → Zeyyânî 1236,TDV: tilimsan (önbellek denetim/GLM1-TDV-ONBELLEK/tilimsan.txt; gövdede 1000-1280 yılı 9 kez)
Batum,41.6439,41.642,liman,1281,1281-epok,,gurcistan,,,,
Ahıska,41.643,42.986,kale,1281,1281-epok,,gurcistan,EVET,0930-var-aday(1068);ONERI-B1,,"TDV: ahiska — ""Selçuklular zamanında Alparslan tarafından ele geçirilen (1068) Ahıska, 1267-1268 yıllarında Moğollar’ın hâkimiyeti altına girdi."""
Sayda,33.563,35.369,liman,1281,1281-epok,,kudus-kralligi,EVET,0930-var-aday(1079);ONERI-B1;aday-listesi,"Kudüs Kr. 1110-1187, 1197-1291",TDV: sayda (önbellek denetim/GLM1-TDV-ONBELLEK/sayda.txt; gövdede 1000-1280 yılı 25 kez)
Yafa,32.054,34.755,liman,1281,1281-epok,,memluk,EVET,0930-var-aday(1040);ONERI-C;aday-listesi,Kudüs Kr. (Yafa Kontluğu) → Memlük 1268,TDV: yafa (önbellek denetim/GLM1-TDV-ONBELLEK/yafa.txt; gövdede 1000-1280 yılı 34 kez)
Nablus,32.221,35.254,sehir,1281,1281-epok,,memluk,EVET,0930-var-aday(1098);ONERI-C;aday-listesi,Kudüs Kr. → Eyyûbî,TDV: nablus (önbellek denetim/GLM1-TDV-ONBELLEK/nablus.txt; gövdede 1000-1280 yılı 6 kez)
Amman,31.949,35.933,sehir,1281,1281-epok,,memluk,,,,
Kerak,31.181,35.703,kale,1281,1281-epok,,memluk,EVET,aday-listesi,Kudüs Kr. (Oultrejordain) 1142-1188 → Eyyûbî,TDV: kerek (önbellek denetim/GLM1-TDV-ONBELLEK/kerek.txt; gövdede 1000-1280 yılı 5 kez)
Rakka,35.953,39.008,sehir,1281,1281-epok,,memluk,EVET,0930-var-aday(1234);ONERI-A;aday-listesi,Ukaylî/Numeyrî → Zengî → Eyyûbî,TDV: rakka (önbellek denetim/GLM1-TDV-ONBELLEK/rakka.txt; gövdede 1000-1280 yılı 4 kez)
Deyrizor,35.336,40.141,sehir,1281,1281-epok,,memluk,,,,
Süveyş,29.974,32.548,liman,1281,1281-epok,,memluk,,,,
Sfaks,34.74,10.76,liman,1281,1281-epok,,hafsi,,,,
Annaba,36.9,7.766,liman,1281,1281-epok,,hafsi,,,,
Bicâye,36.751,5.056,liman,1281,1281-epok,,zeyyani,EVET,aday-listesi,Hammâdî başkenti 1090 → Muvahhid → Hafsî,TDV: bicaye (önbellek denetim/GLM1-EPOK-SAHIP-1009-tdv-onbellek/bicaye.txt; gövdede 1000-1280 yılı 7 kez)
Zeyla,11.355,43.473,liman,1281,1281-epok,,adal,EVET,0930-eksen;aday-listesi,Zeylâ/Adal kıyı şehri,TDV: zeyla (önbellek denetim/GLM1-TDV-ONBELLEK/zeyla.txt; gövdede 1000-1280 yılı 3 kez)
Hacıbey (Odessa),46.485,30.733,kale,1281,1281-epok,,altinorda,,,,
Viyana,48.208,16.373,sehir,1281,1281-epok,,avusturya,EVET,aday-listesi,Babenberg Avusturya → Bohemya 1251 → Habsburg 1276,TDV: viyana (önbellek denetim/GLM1-EPOK-SAHIP-1009-tdv-onbellek/viyana.txt; gövdede 1000-1280 yılı 7 kez)
Graz,47.071,15.439,sehir,1281,1281-epok,,avusturya,EVET,aday-listesi,Steiermark,kaynak doğrulanmadı
Zagreb,45.815,15.982,sehir,1281,1281-epok,,macaristan,EVET,aday-listesi,Macar (piskoposluk 1094),kaynak doğrulanmadı
Ljubljana,46.056,14.506,sehir,1281,1281-epok,,almanya,,,,
Bratislava,48.146,17.107,sehir,1281,1281-epok,,macaristan,EVET,aday-listesi,Macar,kaynak doğrulanmadı
Krakov,50.065,19.945,sehir,1281,1281-epok,,polonya-erken,EVET,0930-eksen;aday-listesi,Polonya (Piast) başkenti,kaynak doğrulanmadı
Lvov,49.84,24.03,sehir,1281,1281-epok,,polonya-erken,EVET,aday-listesi,Galiçya-Volhinya (kuruluş ~1256),kaynak doğrulanmadı
Kiev,50.451,30.524,sehir,1281,1281-epok,,altinorda,EVET,0930-eksen;aday-listesi,Kiev Rusu başkenti → Moğol 1240,kaynak doğrulanmadı
Harkov,49.994,36.231,sehir,1281,1281-epok,,altinorda,,,,
Voronej,51.672,39.184,sehir,1281,1281-epok,,altinorda,,,,
Astrahan,46.348,48.033,sehir,1281,1281-epok,,altinorda,,,,
Venedik,45.4409,12.3188,liman,1281,1281-epok,,venedik,EVET,0930-eksen;aday-listesi,Venedik Cumhuriyeti,TDV: venedik (önbellek denetim/GLM1-TDV-ONBELLEK/venedik.txt; gövdede 1000-1280 yılı 3 kez)
Roma,41.903,12.496,sehir,1281,1281-epok,,papalik,EVET,0930-eksen;aday-listesi,Papalık,kaynak doğrulanmadı
Napoli,40.852,14.268,liman,1281,1281-epok,,napoli,EVET,aday-listesi,Napoli Dk. → Sicilya Kr. 1139,kaynak doğrulanmadı
Palermo,38.116,13.361,liman,1281,1281-epok,,napoli,EVET,0930-eksen;aday-listesi,Sicilya Emirliği → Norman 1072 → Sicilya Kr. başkenti,kaynak doğrulanmadı
Malta,35.899,14.514,kale,1281,1281-epok,,sicilya-kralligi,,,,
Fas (Fez),34.034,-5.0,sehir,1281,1281-epok,,merini,EVET,0930-eksen;aday-listesi,Murâbıt/Muvahhid → Merînî 1248,TDV: fas (önbellek denetim/GLM1-TDV-ONBELLEK/fas.txt; gövdede 1000-1280 yılı 32 kez)
Merakeş,31.63,-7.981,sehir,1281,1281-epok,,merini,EVET,0930-eksen;aday-listesi,Murâbıt (kuruluş ~1070) → Muvahhid başkenti,TDV: merakes (önbellek denetim/GLM1-TDV-ONBELLEK/merakes.txt; gövdede 1000-1280 yılı 14 kez)
Isfahan,32.654,51.668,sehir,1281,1281-epok,,ilhanli,EVET,0930-eksen;0930-var-aday(1030);ONERI-B2;aday-listesi,Kâkûyî → Büyük Selçuklu başkenti 1051 → Irak Selçuklu → Hârizmşah/Moğol,TDV: isfahan (önbellek denetim/GLM1-TDV-ONBELLEK/isfahan.txt; gövdede 1000-1280 yılı 37 kez)
Erdebil,38.249,48.294,sehir,1281,1281-epok,,ilhanli,EVET,0930-var-aday(1210);ONERI-C;aday-listesi,Selçuklu/İldenizli → Moğol,TDV: erdebil (önbellek denetim/GLM1-TDV-ONBELLEK/erdebil.txt; gövdede 1000-1280 yılı 4 kez)
Meşhed,36.297,59.606,sehir,1281,1281-epok,,ilhanli,,,,
Riyad,24.713,46.675,sehir,1744,>1281,,suud,,,,
Maskat,23.588,58.408,liman,1281,1281-epok,,nebhani,,,,
Gondar,12.603,37.466,sehir,1281,1281-epok,,habesistan,,,,
Addis,9.03,38.74,sehir,1281,1281-epok,,habesistan,,,,
Ndjamena,12.107,15.045,sehir,1900,>1281,1900-01-01,fransa-cumhuriyet,,,,
Agadez,16.973,7.991,sehir,1405,>1281,,agadez-sultanligi,,,,
Timbuktu,16.775,-3.009,sehir,1281,1281-epok,,mali-imparatorlugu,EVET,0930-eksen;aday-listesi,Tuareg kuruluşu ~1100,kaynak doğrulanmadı
Londra,51.507,-0.128,sehir,1281,1281-epok,,ingiltere,EVET,0930-eksen;aday-listesi,İngiltere Krallığı,kaynak doğrulanmadı
Dublin,53.35,-6.26,sehir,1281,1281-epok,,ingiltere,EVET,aday-listesi,Norse-Gael → İngiliz 1171,kaynak doğrulanmadı
Edinburg,55.953,-3.189,sehir,1281,1281-epok,,ingiltere,EVET,aday-listesi,İskoçya Krallığı,kaynak doğrulanmadı
Paris,48.857,2.352,sehir,1281,1281-epok,,fransa,EVET,0930-eksen;aday-listesi,Fransa Krallığı (Capet),kaynak doğrulanmadı
Lyon,45.76,4.836,sehir,1281,1281-epok,,fransa,EVET,aday-listesi,Kutsal Roma / başpiskoposluk,kaynak doğrulanmadı
Marsilya,43.297,5.37,liman,1281,1281-epok,,fransa,EVET,aday-listesi,Provence,kaynak doğrulanmadı
Bordo,44.838,-0.579,liman,1281,1281-epok,,ingiltere,EVET,aday-listesi,Aquitaine → İngiliz Plantagenet 1154,kaynak doğrulanmadı
Amsterdam,52.373,4.893,liman,1281,1281-epok,,almanya,,,,
Lizbon,38.722,-9.139,liman,1281,1281-epok,,portekiz,EVET,aday-listesi,Murâbıt/Muvahhid → Portekiz 1147,kaynak doğrulanmadı
Porto,41.15,-8.611,liman,1281,1281-epok,,portekiz,EVET,aday-listesi,Portekiz Kontluğu/Krallığı,kaynak doğrulanmadı
Madrid,40.417,-3.704,sehir,1281,1281-epok,,kastilya,,,,
Sevilla,37.389,-5.984,sehir,1281,1281-epok,,kastilya,EVET,0930-eksen;aday-listesi,Abbâdî → Murâbıt → Muvahhid başkenti → Kastilya 1248,TDV: isbiliye (önbellek denetim/GLM1-TDV-ONBELLEK/isbiliye.txt; gövdede 1000-1280 yılı 15 kez)
Granada,37.177,-3.599,sehir,1281,1281-epok,,granada,EVET,0930-eksen;aday-listesi,Zîrî Gırnata → Murâbıt/Muvahhid → Nasrî 1238,TDV: girnata (önbellek denetim/GLM1-TDV-ONBELLEK/girnata.txt; gövdede 1000-1280 yılı 39 kez)
Barselona,41.387,2.17,liman,1281,1281-epok,,aragon,EVET,aday-listesi,Barselona Kontluğu → Aragon Tacı 1137,kaynak doğrulanmadı
Valensiya,39.47,-0.377,liman,1281,1281-epok,,aragon,EVET,aday-listesi,Tavâif/El Cid → Murâbıt/Muvahhid → Aragon 1238,TDV: belensiye (önbellek denetim/GLM1-TDV-ONBELLEK/belensiye.txt; gövdede 1000-1280 yılı 14 kez)
Milano,45.464,9.19,sehir,1281,1281-epok,,milanoduka,EVET,aday-listesi,Milano Komünü,kaynak doğrulanmadı
Floransa,43.769,11.256,sehir,1281,1281-epok,,floransa,EVET,aday-listesi,Floransa Komünü,kaynak doğrulanmadı
Torino,45.07,7.687,sehir,1281,1281-epok,,sardinya,EVET,aday-listesi,Savoya/Torino,kaynak doğrulanmadı
Cenova,44.4087,8.9347,liman,1281,1281-epok,,ceneviz,EVET,0930-eksen;aday-listesi,Cenova Cumhuriyeti,kaynak doğrulanmadı
Berlin,52.52,13.405,sehir,1281,1281-epok,,almanya,,,,
Hamburg,53.551,9.994,liman,1281,1281-epok,,almanya,EVET,aday-listesi,Hamburg-Bremen,kaynak doğrulanmadı
Münih,48.137,11.575,sehir,1281,1281-epok,,almanya,,,,
Frankfurt,50.11,8.682,sehir,1281,1281-epok,,almanya,EVET,aday-listesi,Kutsal Roma,kaynak doğrulanmadı
Köln,50.938,6.96,sehir,1281,1281-epok,,almanya,EVET,aday-listesi,Köln Başpiskoposluğu,kaynak doğrulanmadı
Dresden,51.05,13.738,sehir,1281,1281-epok,,almanya,,,,
Łódź,51.759,19.457,sehir,1281,1281-epok,,polonya-erken,,,,
Częstochowa,50.811,19.121,sehir,1281,1281-epok,,polonya-erken,,,,
Kielce,50.874,20.628,sehir,1281,1281-epok,,polonya-erken,,,,
Radom (Polonya),51.403,21.147,sehir,1281,1281-epok,,polonya-erken,,,,
Hradec Králové,50.209,15.833,sehir,1281,1281-epok,,almanya,,,,
Olomouc,49.594,17.251,sehir,1281,1281-epok,,almanya,EVET,aday-listesi,Moravya,kaynak doğrulanmadı
Brno,49.195,16.608,sehir,1281,1281-epok,,almanya,EVET,aday-listesi,Moravya,kaynak doğrulanmadı
Breslau (Wrocław),51.11,17.032,sehir,1281,1281-epok,,almanya,EVET,aday-listesi,Silezya Piast,kaynak doğrulanmadı
Liegnitz (Legnica),51.211,16.161,sehir,1281,1281-epok,,almanya,,,,
Oppeln (Opole),50.672,17.926,sehir,1281,1281-epok,,almanya,,,,
Glatz (Kłodzko),50.437,16.657,sehir,1281,1281-epok,,almanya,,,,
Gleiwitz (Gliwice),50.294,18.666,sehir,1281,1281-epok,,almanya,,,,
Kattowitz (Katowice),50.259,19.02,sehir,1281,1281-epok,,almanya,,,,
Broumov (Braunau),50.586,16.331,sehir,1281,1281-epok,,almanya,,,,
Jeseník (Freiwaldau),50.229,17.204,sehir,1281,1281-epok,,almanya,,,,
Prag,50.088,14.421,sehir,1281,1281-epok,,almanya,EVET,aday-listesi,Bohemya,kaynak doğrulanmadı
Stokholm,59.3268,18.0689,liman,1281,1281-epok,,isvec-birlik-oncesi,,,,
Kopenhag,55.6782,12.5656,liman,1281,1281-epok,,danimarka,,,,
Oslo,59.913,10.752,liman,1281,1281-epok,,danimarka,EVET,aday-listesi,Norveç,kaynak doğrulanmadı
Helsinki,60.17,24.938,liman,1550,>1281,1550-06-12,isvec,,,,
Riga,56.949,24.105,liman,1281,1281-epok,,almanya,EVET,aday-listesi,Riga Başpiskoposluğu/Livonya 1201,kaynak doğrulanmadı
Königsberg,54.71,20.512,liman,1281,1281-epok,,almanya,EVET,aday-listesi,Töton 1255,kaynak doğrulanmadı
Gdansk,54.352,18.646,liman,1281,1281-epok,,almanya,EVET,aday-listesi,Pomeranya,kaynak doğrulanmadı
Poznan,52.409,16.932,sehir,1281,1281-epok,,polonya-erken,EVET,aday-listesi,Polonya,kaynak doğrulanmadı
Varşova,52.23,21.011,sehir,1281,1281-epok,,varsova-dukaligi,,,,
Vilnius,54.687,25.28,sehir,1281,1281-epok,,litvanya-buyuk-dukalik,,,,
Minsk,53.904,27.561,sehir,1281,1281-epok,,litvanya-buyuk-dukalik,EVET,aday-listesi,Polotsk,kaynak doğrulanmadı
Moskova,55.756,37.617,sehir,1281,1281-epok,,altinorda,EVET,aday-listesi,Vladimir-Suzdal (ilk anılış 1147),kaynak doğrulanmadı
Novgorod,58.521,31.271,sehir,1281,1281-epok,,novgorod,EVET,0930-eksen;aday-listesi,Novgorod Cumhuriyeti,kaynak doğrulanmadı
St. Petersburg,59.934,30.335,liman,1703,>1281,1703-05-27,rusya,,,,
Smolensk,54.783,32.045,sehir,1281,1281-epok,,litvanya-buyuk-dukalik,EVET,aday-listesi,Smolensk Knezliği,kaynak doğrulanmadı
Tula,54.193,37.617,sehir,1281,1281-epok,,ryazan,,,,
Nijniy Novgorod,56.296,43.936,sehir,1281,1281-epok,,altinorda,EVET,aday-listesi,Vladimir-Suzdal (kuruluş 1221),kaynak doğrulanmadı
Vologda,59.22,39.891,sehir,1281,1281-epok,,novgorod,,,,
Kazan,55.796,49.106,sehir,1281,1281-epok,,altinorda,,,,
Ufa,54.738,55.972,sehir,1574,>1281,1574-01-01,rusya,,,,
Perm,58.01,56.229,sehir,1723,>1281,1723-01-01,rusya,,,,
Saratov,51.533,46.034,sehir,1590,>1281,1590-07-12,rusya,,,,
Tsaritsyn,48.708,44.514,sehir,1589,>1281,1589-07-02,rusya,,,,
Rostov (Don),47.236,39.712,sehir,1749,>1281,1749-12-15,rusya,,,,
Poltava,49.589,34.551,sehir,1281,1281-epok,,altinorda,,,,
Kutaisi,42.268,42.695,sehir,1281,1281-epok,,gurcistan,EVET,aday-listesi,Gürcü Kr. başkenti (1122'ye dek),kaynak doğrulanmadı
Vladikavkaz,43.024,44.682,kale,1784,>1281,1784-01-01,rusya,,,,
Şiraz,29.591,52.584,sehir,1281,1281-epok,,ilhanli,EVET,0930-eksen;0930-var-aday(1056);ONERI-C;aday-listesi,Büveyhî → Selçuklu → Salgurlu 1148,TDV: siraz (önbellek denetim/GLM1-TDV-ONBELLEK/siraz.txt; gövdede 1000-1280 yılı 9 kez)
Kazvin,36.269,50.004,sehir,1281,1281-epok,,ilhanli,EVET,0930-var-aday(1029);ONERI-C;aday-listesi,Selçuklu/Hârizmşah,TDV: kazvin (önbellek denetim/GLM1-TDV-ONBELLEK/kazvin.txt; gövdede 1000-1280 yılı 3 kez)
Kum,34.64,50.876,sehir,1281,1281-epok,,ilhanli,EVET,aday-listesi,Selçuklu,kaynak doğrulanmadı
Zencan,36.673,48.478,sehir,1281,1281-epok,,ilhanli,EVET,0930-var-aday(1040);ONERI-C;aday-listesi,Selçuklu,TDV: zencan (önbellek denetim/GLM1-TDV-ONBELLEK/zencan.txt; gövdede 1000-1280 yılı 24 kez)
Urmiye,37.553,45.076,sehir,1281,1281-epok,,ilhanli,EVET,0930-var-aday(1040);ONERI-C,,"TDV: urmiye — ""Ebü’l-Heycâ’nın Tebriz hâkimi olan dayısı Vehsûdân er-Revvâdî’nin 432 (1040-41) yılında Oğuzlar’dan birçok kişiyi öldürmesi üzerine Urmiye’deki Oğuzlar şehirden"""
Reşt,37.281,49.583,sehir,1281,1281-epok,,ilhanli,EVET,aday-listesi,Gîlân beyleri,kaynak doğrulanmadı
Hâil,27.521,41.691,sehir,1779,>1281,,suud,,,,
Kuveyt,29.376,47.977,liman,1716,>1281,1716-01-01,benihalid,,,,
Manama (Bahreyn),26.228,50.586,liman,1417,>1281,,cebri,,,,
Doha (Katar),25.285,51.531,liman,1868,>1281,1825-01-01,katar,,,,
Abu Dabi,24.454,54.397,liman,1820,>1281,1761-01-01,ingiltere,,,,
Nizva,22.933,57.533,sehir,1281,1281-epok,,nebhani,,,,
Salala,17.02,54.09,liman,1281,1281-epok,,nebhani,,,,
Mukalla,14.5329,49.1248,liman,1888,>1281,,ingiltere,,,,
Berbera,10.44,45.014,liman,1281,1281-epok,,adal,,,,
Mogadişu,2.037,45.342,liman,1281,1281-epok,,makdisu-sultanligi,EVET,0930-eksen;aday-listesi,Mogadişu sultanlığı,kaynak doğrulanmadı
Harar,9.312,42.118,sehir,1281,1281-epok,,adal,,,,
Asmara,15.339,38.932,sehir,1281,1281-epok,,habesistan,,,,
Rabat,34.021,-6.841,liman,1281,1281-epok,,merini,EVET,aday-listesi,Muvahhid (kuruluş ~1150),TDV: rabat (önbellek denetim/GLM1-EPOK-SAHIP-1009-tdv-onbellek/rabat.txt; gövdede 1000-1280 yılı 9 kez)
Tanca,35.777,-5.804,liman,1281,1281-epok,,merini,EVET,aday-listesi,Murâbıt/Muvahhid,TDV: tanca (önbellek denetim/GLM1-TDV-ONBELLEK/tanca.txt; gövdede 1000-1280 yılı 4 kez)
Agadir,30.428,-9.598,liman,1281,1281-epok,,merini,,,,
Cetinje,42.391,18.914,sehir,1482,>1281,1482-01-01,karadag,,,,
Nefud çölü,28.3,41.0,bolge,1779,>1281,,suud,,,,
Necid içi,25.5,44.5,bolge,1744,>1281,,suud,,,,
Hadramut,15.5,48.5,bolge,1881,>1281,,kuayti-sultanligi,,,,
Sina güneyi,28.5,33.8,bolge,1281,1281-epok,,memluk,,,,
Kordofan,13.0,29.5,bolge,1281,1281-epok,,nube,,,,
Darfur,13.5,24.0,bolge,1400,>1281,,tunciler,,,,
Bozkır (Deşt-i Kıpçak),48.5,42.0,bolge,1281,1281-epok,,altinorda,,,,
Kalmuk bozkırı,46.5,45.5,bolge,1281,1281-epok,,altinorda,,,,
Ural eteği,51.0,52.0,bolge,1281,1281-epok,,altinorda,,,,
Zagros içi,31.5,50.5,bolge,1281,1281-epok,,ilhanli,,,,
Kirman,30.28,57.08,sehir,1281,1281-epok,,ilhanli,EVET,0930-eksen;0930-var-aday(1032);ONERI-B1;aday-listesi,Kirman Selçuklu 1048-1187 → Kutluğhanlı 1222,TDV: kirman (önbellek denetim/GLM1-TDV-ONBELLEK/kirman.txt; gövdede 1000-1280 yılı 13 kez)
Yezd,31.9,54.37,sehir,1281,1281-epok,,ilhanli,EVET,0930-var-aday(1030);ONERI-B1;aday-listesi,Kâkûyî → Yezd Atabegliği 1141,TDV: yezd (önbellek denetim/GLM1-TDV-ONBELLEK/yezd.txt; gövdede 1000-1280 yılı 13 kez)
Tahran,35.69,51.39,sehir,1281,1281-epok,,ilhanli,,,,
Tebbes,33.6,56.9,bolge,1281,1281-epok,,ilhanli,EVET,aday-listesi,Nizârî Kuhistan,kaynak doğrulanmadı
İstolni Belgrad,47.19,18.411,kale,1281,1281-epok,,macaristan,EVET,aday-listesi,Macar Krallığı taç giyme şehri,TDV: istolni-belgrad (önbellek denetim/BALKAN-MACAR-0081-tdv-onbellek/istolni-belgrad.html; gövdede 1000-1280 yılı 18 kez)
Peşte,47.494,19.06,sehir,1281,1281-epok,,macaristan,,,,
Yanıkkale (Győr),47.685,17.635,kale,1281,1281-epok,,macaristan,,,,
Varad (Oradea),47.053,21.941,kale,1281,1281-epok,,macaristan,,,,
Yanova (Ineu),46.426,21.741,kale,1281,1281-epok,,macaristan,,,,
Hotin,48.51,26.492,kale,1281,1281-epok,,bogdan,,,,
Bender,46.831,29.481,kale,1281,1281-epok,,altinorda,,,,
İsmail,45.351,28.836,kale,1281,1281-epok,,altinorda,,,,
Çehrin (Çigirin),49.077,32.663,kale,1281,1281-epok,,altinorda,,,,
Bar (Podolya),49.074,27.674,kale,1281,1281-epok,,polonya-erken,,,,
Meciboj (Mejibuji),49.431,27.415,kale,1281,1281-epok,,polonya-erken,,,,
Yazlofça (Yazlovets),48.951,25.435,kale,1281,1281-epok,,polonya-erken,,,,
Plevne,43.417,24.617,kale,1281,1281-epok,,bulgaristan,,,,
Yenipazar (Novi Pazar),43.14,20.517,sehir,1281,1281-epok,,sirbistan,EVET,aday-listesi,Sırp Raşka merkezi,kaynak doğrulanmadı
Korfu,39.624,19.922,kale,1281,1281-epok,,sicilya-kralligi,EVET,aday-listesi,Bizans / Sicilya / Epir,TDV: korfu (önbellek denetim/GLM1-TDV-ONBELLEK/korfu.txt; gövdede 1000-1280 yılı 6 kez)
Ayamavra (Lefkada),38.716,20.643,kale,1281,1281-epok,,napoli,,,,
Parga,39.2925,20.4051,kale,1281,1281-epok,,bizans,,,,
Vonitsa,38.917,20.888,kale,1281,1281-epok,,bizans,,,,
Preveze,38.9607,20.7469,liman,1281,1281-epok,,bizans,,,,
Koron,36.796,21.955,kale,1281,1281-epok,,venedik,,,,
Cerbe (Djerba),33.807,10.856,kale,1281,1281-epok,,hafsi,,,,
Antep,37.066,37.383,sehir,1281,1281-epok,,memluk,EVET,aday-listesi,Urfa Kontluğu → Selçuklu/Zengî/Eyyûbî,kaynak doğrulanmadı
Elbistan,38.207,37.194,sehir,1281,1281-epok,,ilhanli,EVET,0930-var-aday(1238);ONERI-C,,"TDV: elbistan — ""Meşhur tarihçi İbnü’l-Adîm de Halep Eyyûbî melikinin elçisi sıfatıyla, 1237 ve 1238 yıllarında iki defa Anadolu Selçuklu Sultanı II."""
Tâif,21.437,40.513,sehir,1281,1281-epok,,memluk,,,,
Aynaroz (Athos),40.257,24.244,kale,1281,1281-epok,,bizans,,,,
Kesendire (Kassandra),40.062,23.442,sehir,1281,1281-epok,,bizans,,,,
Ferecik (Feres),40.897,26.172,sehir,1281,1281-epok,,bizans,EVET,0930-var-aday(1152);ONERI-C,,"TDV: ferecik — ""1152 yılında Bizans İmparatoru II."""
Gümülcine,41.122,25.406,sehir,1281,1281-epok,,bizans,,,,
Biga,40.228,27.243,sehir,1281,1281-epok,,bizans,,,,
Kemah,39.6,39.03,kale,1281,1281-epok,,ilhanli,EVET,0930-var-aday(1142);ONERI-B2;aday-listesi,Mengücüklü (merkez) → Anadolu Selçuklu 1228,TDV: kemah (önbellek denetim/GLM1-TDV-ONBELLEK/kemah.txt; gövdede 1000-1280 yılı 7 kez)
Humus,34.73,36.71,sehir,1281,1281-epok,,memluk,EVET,0930-var-aday(1090);ONERI-C;aday-listesi,Selçuklu/Zengî → Eyyûbî,"TDV: humus--suriye — ""(XI.) yüzyılın ortasına kadar Mirdâsîler’in, ardından da bütün Suriye’yi ele geçiren Fâtımîler’in yönetiminde kalan Humus 483 (1090) yılında Selçuklu Sultanı Me"""
Han Yûnus,31.34,34.3,kale,1281,1281-epok,,memluk,,,,
Reşîd (Rosetta),31.399,30.417,liman,1281,1281-epok,,memluk,,,,
Beyşehir,37.677,31.724,sehir,1281,1281-epok,,esrefogullari,EVET,0930-var-aday(1240);ONERI-C;aday-listesi,Selçuklu → Eşrefoğulları 1277,TDV: beysehir (önbellek denetim/GLM1-TDV-ONBELLEK/beysehir.txt; gövdede 1000-1280 yılı 4 kez)
Karahisâr-ı Sâhib (Afyon),38.757,30.538,kale,1281,1281-epok,,sahibata,EVET,aday-listesi,Bizans → Selçuklu → Sâhib Ata 1275,TDV: afyonkarahisar (önbellek denetim/GLM1-TDV-ONBELLEK/afyonkarahisar.txt; gövdede 1000-1280 yılı 7 kez)
Niksar,40.593,36.951,kale,1281,1281-epok,,ilhanli,EVET,0930-var-aday(1068);ONERI-C;aday-listesi,Danişmendli merkezi → Selçuklu,TDV: niksar (önbellek denetim/GLM1-TDV-ONBELLEK/niksar.txt; gövdede 1000-1280 yılı 21 kez)
Sivrihisar,39.45,31.535,sehir,1281,1281-epok,,selcuklu,EVET,0930-var-aday(1074);ONERI-C,,"TDV: sivrihisar — ""Sivrihisar, Malazgirt Muharebesi’nden sonra 1074’te Anadolu içlerine doğru ilerleyen Selçuklular’ın hâkimiyetine girdi."""
Kırşehir,39.146,34.164,sehir,1281,1281-epok,,ilhanli,EVET,0930-var-aday(1173);ONERI-C;aday-listesi,Danişmendli → Selçuklu,TDV: kirsehir (önbellek denetim/GLM1-TDV-ONBELLEK/kirsehir.txt; gövdede 1000-1280 yılı 14 kez)
Çorum,40.55,34.955,sehir,1281,1281-epok,,ilhanli,EVET,0930-var-aday(1155);ONERI-C,,"TDV: corum — ""Kılıcarslan (1155-1192) tarafından ilhakına kadar sürdü."""
Çankırı,40.601,33.616,sehir,1281,1281-epok,,cobanogullari,EVET,0930-var-aday(1071);ONERI-C;aday-listesi,Bizans → Danişmendli → Selçuklu,TDV: cankiri (önbellek denetim/GLM1-TDV-ONBELLEK/cankiri.txt; gövdede 1000-1280 yılı 7 kez)
Domaniç,39.802,29.609,sehir,1281,1281-epok,,isa-celebi,,,,
Kulacahisar,40.04,29.45,kale,1281,1281-epok,,bizans,,,,
Karacahisar,39.725,30.47,kale,1281,1281-epok,,bizans,,,,
Yarhisar,40.245,29.74,kale,1281,1281-epok,,bizans,,,,
Dimbos,40.14,29.33,kale,1281,1281-epok,,bizans,,,,
Kite (Kete),40.13,28.86,kale,1281,1281-epok,,bizans,,,,
Lefke (Osmaneli),40.356,30.014,kale,1281,1281-epok,,bizans,,,,
Leblebicihisar,40.4,30.15,kale,1281,1281-epok,,bizans,,,,
Karaçepüş,40.47,30.3,kale,1281,1281-epok,,bizans,,,,
Karatigin,40.42,29.78,kale,1281,1281-epok,,bizans,,,,
Absu (Hypsu),40.44,30.215,kale,1281,1281-epok,,bizans,,,,
Adranos (Orhaneli),39.905,28.988,kale,1281,1281-epok,,bizans,,,,
Pelekanon (Eskihisar),40.762,29.386,kale,1281,1281-epok,,bizans,,,,
Gebze,40.803,29.431,sehir,1281,1281-epok,,bizans,,,,
Hereke,40.791,29.609,kale,1281,1281-epok,,bizans,,,,
Samandıra,40.98,29.205,kale,1281,1281-epok,,bizans,,,,
Kirmasti (M.Kemalpaşa),40.035,28.411,sehir,1281,1281-epok,,bizans,,,,
Mihaliç (Karacabey),40.214,28.361,sehir,1281,1281-epok,,bizans,,,,
Köstence,44.173,28.639,liman,1281,1281-epok,,bulgaristan,,,,
Anadolu Hisarı,41.081,29.067,kale,1395,>1281,1395-08-01,isa-celebi,,,,
Gölyazı (Apollonia),40.172,28.65,kale,1281,1281-epok,,bizans,,,,
Rumeli Hisarı,41.0879,29.0511,kale,1452,>1281,1452-08-31,tbmm-turkiye,,,,
Harput (Elazığ),38.714,39.245,kale,1281,1281-epok,,ilhanli,EVET,0930-var-aday(1071);ONERI-B1;aday-listesi,Çubukoğulları → Artuklu → Selçuklu 1234,TDV: harput (önbellek denetim/GLM1-TDV-ONBELLEK/harput.txt; gövdede 1000-1280 yılı 11 kez)
Şerşel (Cherchell),36.6015,2.1921,liman,1281,1281-epok,,zeyyani,,,,
Medea (Titteri),36.264,2.754,sehir,1281,1281-epok,,zeyyani,,,,
Setif,36.19,5.41,sehir,1281,1281-epok,,zeyyani,,,,
Biskra,34.85,5.728,kale,1281,1281-epok,,zeyyani,,,,
Tuggurt,33.105,6.058,kale,1281,1281-epok,,zeyyani,,,,
Seydişehir,37.421,31.849,sehir,1281,1281-epok,,esrefogullari,,,,
Akşehir,38.357,31.416,sehir,1281,1281-epok,,selcuklu,EVET,aday-listesi,Bizans → Selçuklu,TDV: aksehir (önbellek denetim/GLM1-TDV-ONBELLEK/aksehir.txt; gövdede 1000-1280 yılı 1 kez)
Terme,41.207,36.976,kale,1281,1281-epok,,ilhanli,,,,
Çarşamba,41.199,36.727,sehir,1281,1281-epok,,ilhanli,,,,
Bolayır,40.532,26.75,kale,1281,1281-epok,,bizans,,,,
Maydos (Eceabat),40.1876,26.3462,kale,1281,1281-epok,,bizans,,,,
Osmancık,40.98,34.8,kale,1281,1281-epok,,ilhanli,,,,
Merzifon,40.876,35.463,sehir,1281,1281-epok,,ilhanli,EVET,0930-var-aday(1071);ONERI-C,,"TDV: merzifon — ""Roma ve Bizans hâkimiyeti devirlerinde Amasya’ya bağlı olan ve 395-396 yıllarında Kafkasya’dan Bizans topraklarına giren Hunlar tarafından yağmalanan şehir, Mal"""
Ladik (Amasya),40.912,35.898,kale,1281,1281-epok,,ilhanli,,,,
Ösek (Osijek),45.554,18.695,kale,1281,1281-epok,,macaristan,,,,
Mohaç,45.993,18.692,kale,1281,1281-epok,,macaristan,,,,
Varadin (Petrovaradin),45.248,19.862,kale,1281,1281-epok,,macaristan,,,,
Baç (Bács),45.76,19.24,kale,1281,1281-epok,,macaristan,,,,
Kalocsa,46.527,18.985,sehir,1281,1281-epok,,macaristan,EVET,aday-listesi,Macar başpiskoposluk,kaynak doğrulanmadı
Segedin (Szeged),46.253,20.148,sehir,1281,1281-epok,,macaristan,,,,
Şimontorna,46.75,18.551,kale,1281,1281-epok,,macaristan,,,,
Hatvan,47.667,19.68,kale,1281,1281-epok,,macaristan,,,,
Vaç (Vác),47.776,19.134,kale,1281,1281-epok,,macaristan,,,,
Solnok (Szolnok),47.174,20.198,kale,1281,1281-epok,,macaristan,,,,
Zigetvar,46.049,17.804,kale,1281,1281-epok,,macaristan,,,,
Paros,37.063,25.196,kale,1281,1281-epok,,naksa-dukaligi,,,,
Değirmenlik (Milos),36.6979,24.44,kale,1281,1281-epok,,venedik,,,,
Kimolos (Argentiera),36.815,24.562,kale,1281,1281-epok,,venedik,,,,
Murted (Kea),37.614,24.331,kale,1281,1281-epok,,venedik,,,,
Termiye (Kythnos),37.398,24.419,kale,1281,1281-epok,,venedik,,,,
Koçbaba (Serifos),37.162,24.484,kale,1281,1281-epok,,venedik,,,,
Sifnos (Yavuzca),36.978,24.707,kale,1281,1281-epok,,venedik,,,,
Sire (Syros),37.436,24.918,kale,1281,1281-epok,,venedik,,,,
Mikonos,37.456,25.376,kale,1281,1281-epok,,venedik,,,,
Nio (İos),36.723,25.33,kale,1281,1281-epok,,venedik,,,,
Yamurgi (Amorgos),36.848,25.905,kale,1281,1281-epok,,venedik,,,,
Namfi (Anafi),36.374,25.783,kale,1281,1281-epok,,venedik,,,,
Folegandros,36.682,25.125,kale,1281,1281-epok,,venedik,,,,
Kelemez (Kalimnos),36.993,26.972,kale,1281,1281-epok,,bizans,,,,
İleryoz (Leros),37.15,26.832,kale,1281,1281-epok,,bizans,,,,
Sömbeki (Simi),36.585,27.831,kale,1281,1281-epok,,bizans,,,,
İncirli (Nisiros),36.428,27.363,kale,1281,1281-epok,,bizans,,,,
İlyaki (Tilos),36.586,27.167,kale,1281,1281-epok,,bizans,,,,
Herke (Halki),36.229,27.568,kale,1281,1281-epok,,bizans,,,,
Batnoz (Patmos),37.32,26.55,kale,1281,1281-epok,,bizans,,,,
İstanbulya (Astipalya),36.572,26.35,kale,1281,1281-epok,,venedik,,,,
Kaşot (Kasos),35.396,26.928,kale,1281,1281-epok,,venedik,,,,
Fornoz (Fourni),37.5795,26.4764,kale,1281,1281-epok,,ceneviz,,,,
İpsara (Psara),38.576,25.578,kale,1281,1281-epok,,ceneviz,,,,
Bozbaba (Ay Strati),39.521,25.006,kale,1281,1281-epok,,bizans,,,,
İskiathos,39.1686,23.4922,kale,1281,1281-epok,,bizans,,,,
Alonisos,39.213,23.911,kale,1281,1281-epok,,bizans,,,,
Marmara Adası,40.625,27.62,kale,1281,1281-epok,,bizans,,,,
Kulluk (Salamis),37.94,23.482,kale,1281,1281-epok,,atinadukaligi,,,,
Egina (Aegina),37.736,23.493,kale,1281,1281-epok,,venedik,,,,
Çamlıca (Hidra),37.338,23.474,kale,1281,1281-epok,,bizans,,,,
Kefalonya,38.227,20.575,kale,1281,1281-epok,,napoli,,,,
İthaki,38.403,20.687,kale,1281,1281-epok,,napoli,,,,
Zaklise (Zakynthos),37.788,20.775,kale,1281,1281-epok,,napoli,,,,
Krk (Veglia),45.075,14.615,kale,1281,1281-epok,,venedik,,,,
Cres (Cherso),44.879,14.399,kale,1281,1281-epok,,venedik,,,,
Rab (Arbe),44.7636,14.7702,kale,1281,1281-epok,,venedik,,,,
Pag (Pago),44.4676,15.0186,kale,1281,1281-epok,,venedik,,,,
Uzunada (Dugi Otok),44.014,15.047,kale,1281,1281-epok,,venedik,,,,
Brakya (Brač),43.323,16.644,kale,1281,1281-epok,,venedik,,,,
Hvar (Lesina),43.164,16.699,kale,1281,1281-epok,,venedik,,,,
Korçula (Kurzola),42.945,16.904,kale,1281,1281-epok,,venedik,,,,
Vis (Lissa),43.054,16.148,kale,1281,1281-epok,,venedik,,,,
Mliyet (Mljet),42.753,17.522,kale,1281,1281-epok,,venedik,,,,
Kalyari (Cagliari),39.22,9.12,liman,1281,1281-epok,,piza,EVET,aday-listesi,Cagliari Hâkimliği/Piza,kaynak doğrulanmadı
Sasari (Sassari),40.73,8.56,sehir,1281,1281-epok,,ceneviz,,,,
Bastia (Korsika),42.7,9.45,liman,1281,1281-epok,,ceneviz,,,,
Ayacyo (Ajaccio),41.9322,8.7391,liman,1281,1281-epok,,ceneviz,,,,
Mayorka (Palma),39.57,2.65,liman,1281,1281-epok,,aragon,EVET,aday-listesi,Tavâif/Benî Gâniye/Muvahhid → Aragon 1229,kaynak doğrulanmadı
Menorka (Mahon),39.89,4.26,liman,1281,1281-epok,,aragon,,,,
İbiza,38.91,1.43,liman,1281,1281-epok,,aragon,,,,
Pantelerya,36.792,11.99,kale,1281,1281-epok,,napoli,,,,
Elba,42.784,10.285,kale,1281,1281-epok,,piza,,,,
Kerkene (Kerkennah),34.741,11.224,kale,1281,1281-epok,,hafsi,,,,
Dahlak,15.692,40.138,kale,1281,1281-epok,,memluk,,,,
Ferasan (Farasan),16.73,42.009,kale,1281,1281-epok,,yemen,,,,
Kemeran (Kamaran),15.353,42.587,kale,1281,1281-epok,,yemen,,,,
Hürmüz Adası,26.861,56.366,kale,1281,1281-epok,,hurmuz-sultanligi,,,,
Kişm (Qeshm),26.791,55.821,kale,1281,1281-epok,,hurmuz-sultanligi,,,,
Kiş (Kish),26.526,53.979,kale,1281,1281-epok,,hurmuz-sultanligi,EVET,aday-listesi,Kîş melikliği,kaynak doğrulanmadı
Sokotra,12.51,53.872,kale,1281,1281-epok,,nebhani,,,,
Masira,20.414,58.781,kale,1281,1281-epok,,nebhani,,,,
Girne (Kyrenia),35.3375,33.3187,kale,1281,1281-epok,,lusignan,,,,
Baf (Paphos),34.776,32.424,kale,1281,1281-epok,,lusignan,,,,
Limasol,34.707,33.023,liman,1281,1281-epok,,lusignan,,,,
Tuzla (Larnaka),34.917,33.63,liman,1281,1281-epok,,lusignan,,,,
İsfakiye (Sfakia),35.202,24.135,kale,1281,1281-epok,,venedik,,,,
Sitiye (Sitia),35.208,26.104,kale,1281,1281-epok,,venedik,,,,
Messina,38.194,15.554,liman,1281,1281-epok,,napoli,EVET,aday-listesi,Sicilya Emirliği → Norman 1061,kaynak doğrulanmadı
Sirakuza,37.075,15.287,liman,1281,1281-epok,,napoli,EVET,aday-listesi,Sicilya Emirliği → Norman 1086,kaynak doğrulanmadı
Trapani,38.017,12.537,liman,1281,1281-epok,,napoli,,,,
Lindos,36.092,28.088,kale,1281,1281-epok,,bizans,,,,
Molova (Molyvos),39.366,26.181,kale,1281,1281-epok,,ceneviz,,,,
Karistos (Kızılhisar),38.0182,24.4165,kale,1281,1281-epok,,venedik,,,,
Birgi,38.256,28.07,sehir,1281,1281-epok,,bizans,EVET,0930-var-aday(1193);ONERI-C,,"TDV: birgi — ""1193-1199 yılları arasında metropolitlik derecesini kazanan Pyrgion, XIII."""
Tire,38.089,27.735,sehir,1281,1281-epok,,bizans,EVET,0930-var-aday(1072);ONERI-B1,,"TDV: tire — ""Malazgirt Savaşı’nın ardından Selçuklu akınları buraya kadar uzandı ve 1072’de Büyük Selçuklular’ın hâkimiyetine girdi."""
Ayasuluk (Selçuk),37.951,27.368,sehir,1281,1281-epok,,bizans,EVET,0930-var-aday(1071);ONERI-C;aday-listesi,Bizans / İznik,TDV: ayasuluk (önbellek denetim/GLM1-TDV-ONBELLEK/ayasuluk.txt; gövdede 1000-1280 yılı 2 kez)
Milas,37.316,27.783,sehir,1281,1281-epok,,mentese,EVET,aday-listesi,Bizans → Menteşe 1280,TDV: milas (önbellek denetim/GLM1-TDV-ONBELLEK/milas.txt; gövdede 1000-1280 yılı 6 kez)
Balat (Palatia),37.51,27.278,liman,1281,1281-epok,,mentese,EVET,0930-var-aday(1273);ONERI-B2,,"TDV: balat — ""Bir süre sonra elden çıktığı anlaşılan şehir 1273’e doğru tekrar Türk hâkimiyetine girdi."""
Simav,39.09,28.98,kale,1281,1281-epok,,selcuklu,,,,
Tavşanlı,39.545,29.492,kale,1281,1281-epok,,selcuklu,,,,
Emet (Eğrigöz),39.343,29.259,kale,1281,1281-epok,,selcuklu,,,,
Uşak,38.673,29.406,sehir,1281,1281-epok,,selcuklu,EVET,0930-var-aday(1075);ONERI-A,selcuklu 1182 (ONERI-A önerisi),"TDV: usak — ""Malazgirt zaferinin ardından 1075’te İznik’in alınışının ertesi yılı Uşak ve çevresi Selçuklular’ın hâkimiyetine girdi."""
Alaşehir,38.351,28.518,sehir,1281,1281-epok,,bizans,EVET,0930-var-aday(1076);ONERI-B1,,"TDV: alasehir — ""Ancak 1075 veya 1076’da, Anadolu’ya giren Kutalmışoğlu Süleyman Şah tarafından bölgedeki diğer şehirlerle birlikte fethedildi ve birkaç defa el değiştirdikten s"""
Uluborlu,38.086,30.457,sehir,1281,1281-epok,,selcuklu,EVET,aday-listesi,Bizans → Selçuklu,kaynak doğrulanmadı
Eğirdir,37.8727,30.8487,sehir,1281,1281-epok,,selcuklu,,,,
Burdur,37.72,30.29,sehir,1281,1281-epok,,selcuklu,EVET,0930-var-aday(1071);ONERI-C,,"TDV: burdur — ""Malazgirt Savaşı’ndan (1071) sonra Türkmen akınları Burdur çevresine de ulaştı ve Türk dönemi Burdur’unun temelleri bugünkü şehre göre daha alçakta olan, fakat """
Yalvaç,38.294,31.18,sehir,1281,1281-epok,,selcuklu,,,,
Eflani,41.418,32.951,kale,1281,1281-epok,,selcuklu,,,,
Ermenek,36.64,32.891,kale,1281,1281-epok,,karaman,EVET,aday-listesi,Kilikya Ermeni/Selçuklu → Karaman,kaynak doğrulanmadı
Edremit,39.596,27.024,liman,1281,1281-epok,,bizans,,,,
Erdek,40.399,27.795,liman,1281,1281-epok,,bizans,,,,
Erciş,39.026,43.36,kale,1281,1281-epok,,ilhanli,EVET,aday-listesi,Mervânî/Ahlatşahlar/Eyyûbî,kaynak doğrulanmadı
Finike,36.301,30.145,liman,1281,1281-epok,,selcuklu,,,,
Kaş (Antiphellos),36.202,29.639,liman,1281,1281-epok,,selcuklu,,,,
Elmalı,36.735,29.92,sehir,1281,1281-epok,,selcuklu,,,,
Bolu,40.736,31.606,sehir,1281,1281-epok,,bizans,EVET,0930-var-aday(1196);ONERI-C,,"TDV: bolu — ""Tahminen 1196’da, Anadolu Selçuklu Sultanı II."""
Konurapa (Düzce),40.838,31.163,kale,1281,1281-epok,,bizans,,,,
Mudurnu,40.47,31.208,kale,1281,1281-epok,,bizans,,,,
Karadeniz Ereğli,41.2846,31.418,liman,1281,1281-epok,,bizans,EVET,aday-listesi,Bizans/İznik,kaynak doğrulanmadı
Devrek,41.216,31.955,sehir,1281,1281-epok,,bizans,,,,
Akçakoca,41.086,31.126,liman,1281,1281-epok,,bizans,,,,
Ayvalık,39.317,26.694,liman,1281,1281-epok,,bizans,,,,
Sultâniye,36.4318,48.797,sehir,1305,>1281,1305-01-01,ilhanli,,,,
Merâga,37.3894,46.2381,sehir,1281,1281-epok,,ilhanli,EVET,0930-eksen;0930-var-aday(1054);ONERI-B2;aday-listesi,Ahmedîlî → İlhanlı başkenti 1256,TDV: meraga (önbellek denetim/GLM1-TDV-ONBELLEK/meraga.txt; gövdede 1000-1280 yılı 21 kez)
Hoy,38.5503,44.9521,sehir,1281,1281-epok,,ilhanli,,,,
Selmâs (Dilman),38.1983,44.7654,sehir,1281,1281-epok,,ilhanli,,,,
Merend,38.4328,45.775,sehir,1281,1281-epok,,ilhanli,,,,
Culfa,38.955,45.63,sehir,1281,1281-epok,,ilhanli,,,,
Ahar (Karadağ),38.4772,47.07,sehir,1281,1281-epok,,ilhanli,,,,
Sarâb,37.9408,47.5364,sehir,1281,1281-epok,,ilhanli,,,,
Miyâne,37.4247,47.7167,sehir,1281,1281-epok,,ilhanli,,,,
Mâku,39.2942,44.5142,kale,1281,1281-epok,,ilhanli,,,,
Halhâl,37.6167,48.5333,sehir,1281,1281-epok,,ilhanli,,,,
Mîyandoab,36.9694,46.1028,sehir,1281,1281-epok,,ilhanli,,,,
Sakkız,36.2461,46.2631,sehir,1281,1281-epok,,ilhanli,,,,
Senendec (Sine),35.3111,46.9961,sehir,1636,>1281,1636-01-01,safevi,,,,
Merîvan,35.5214,46.1772,sehir,1281,1281-epok,,ilhanli,,,,
Bîcâr,35.8728,47.6053,sehir,1801,>1281,1801-01-01,kacar,,,,
Nihâvend,34.1911,48.3767,sehir,1281,1281-epok,,ilhanli,EVET,aday-listesi,Selçuklu,kaynak doğrulanmadı
Kasr-ı Şîrîn,34.515,45.5772,kale,1281,1281-epok,,ilhanli,,,,
Sâmerrâ,34.1983,43.8742,sehir,1281,1281-epok,,ilhanli,EVET,aday-listesi,Abbâsî,TDV: samerra (önbellek denetim/GLM1-TDV-ONBELLEK/samerra.txt; gövdede 1000-1280 yılı 3 kez)
Tikrit,34.6072,43.6786,sehir,1281,1281-epok,,ilhanli,EVET,0930-var-aday(1036);ONERI-C;aday-listesi,Selçuklu/Abbâsî,TDV: tikrit (önbellek denetim/GLM1-TDV-ONBELLEK/tikrit.txt; gövdede 1000-1280 yılı 20 kez)
Hille,32.4828,44.4353,sehir,1281,1281-epok,,ilhanli,EVET,aday-listesi,Mezyedî (kuruluş 1102) → Abbâsî → İlhanlı,TDV: hille (önbellek denetim/NOKTA-ORTADOGU-0077-tdv-onbellek/hille.html; gövdede 1000-1280 yılı 4 kez)
Necef,31.9956,44.3153,sehir,1281,1281-epok,,ilhanli,EVET,0930-var-aday(1051);ONERI-C;aday-listesi,Abbâsî,TDV: necef (önbellek denetim/GLM1-TDV-ONBELLEK/necef.txt; gövdede 1000-1280 yılı 2 kez)
Kûfe,32.03,44.4009,sehir,1281,1281-epok,,ilhanli,EVET,0930-eksen;0930-var-aday(1101);ONERI-C;aday-listesi,Abbâsî/Mezyedî,TDV: kufe (önbellek denetim/GLM1-TDV-ONBELLEK/kufe.txt; gövdede 1000-1280 yılı 4 kez)
Vâsıt,32.19,46.295,sehir,1281,1281-epok,,ilhanli,EVET,0930-eksen;0930-var-aday(1009);ONERI-A;aday-listesi,Abbâsî/Selçuklu → İlhanlı,TDV: vasit (önbellek denetim/GLM1-TDV-ONBELLEK/vasit.txt; gövdede 1000-1280 yılı 9 kez)
Kût el-Amâre,32.5125,45.8189,sehir,1281,1281-epok,,ilhanli,,,,
Erbil,36.1911,44.0092,sehir,1281,1281-epok,,ilhanli,EVET,0930-var-aday(1132);ONERI-B2;aday-listesi,Begteginli 1144-1232 → Abbâsî → İlhanlı,TDV: erbil (önbellek denetim/GLM1-TDV-ONBELLEK/erbil.txt; gövdede 1000-1280 yılı 6 kez)
Kifri,34.6883,44.9639,sehir,1281,1281-epok,,ilhanli,,,,
Hânekîn,34.3519,45.3861,sehir,1281,1281-epok,,ilhanli,,,,
Tuz Hurmatu,34.8828,44.6381,sehir,1281,1281-epok,,ilhanli,,,,
Halepçe,35.1778,45.9861,sehir,1281,1281-epok,,ilhanli,,,,
Rewândiz,36.6069,44.5322,kale,1281,1281-epok,,ilhanli,,,,
Akra,36.7408,43.8919,sehir,1281,1281-epok,,ilhanli,EVET,aday-listesi,Zengî/Musul,kaynak doğrulanmadı
Duhok,36.8672,42.9881,sehir,1281,1281-epok,,ilhanli,,,,
Zaho,37.1447,42.6819,sehir,1281,1281-epok,,ilhanli,,,,
Telafer,36.3775,42.4508,sehir,1281,1281-epok,,ilhanli,,,,
Sincar,36.3222,41.8689,sehir,1281,1281-epok,,ilhanli,EVET,aday-listesi,Zengî Sincar kolu 1171-1220 → Eyyûbî,kaynak doğrulanmadı
Âne,34.4681,41.9364,sehir,1281,1281-epok,,ilhanli,EVET,aday-listesi,Ukaylî/Abbâsî,TDV: ane (önbellek denetim/NOKTA-ORTADOGU-0077-tdv-onbellek/ane.html; gövdede 1000-1280 yılı 6 kez)
Hît,33.6414,42.8253,sehir,1281,1281-epok,,ilhanli,EVET,aday-listesi,Abbâsî,TDV: hit (önbellek denetim/NOKTA-ORTADOGU-0077-tdv-onbellek/hit.html; gövdede 1000-1280 yılı 4 kez)
Fellûce,33.35,43.7844,sehir,1281,1281-epok,,ilhanli,,,,
Ramâdi,33.4208,43.3069,sehir,1869,>1281,1869-01-01,ingiltere,,,,
Dîvâniye,31.9892,44.925,sehir,1281,1281-epok,,ilhanli,,,,
Semâve,31.3183,45.2811,sehir,1281,1281-epok,,ilhanli,,,,
Nâsıriye,31.0439,46.2572,sehir,1869,>1281,1869-01-01,ingiltere,,,,
Ammâre,31.8356,47.145,sehir,1281,1281-epok,,ilhanli,,,,
Kürne,31.01,47.4433,sehir,1281,1281-epok,,ilhanli,,,,
Fâv,29.9764,48.4722,liman,1281,1281-epok,,ilhanli,,,,
Kâşân,33.9831,51.41,sehir,1281,1281-epok,,ilhanli,EVET,0930-var-aday(1074);ONERI-C;aday-listesi,Selçuklu,TDV: kasan (önbellek denetim/GLM1-TDV-ONBELLEK/kasan.txt; gövdede 1000-1280 yılı 5 kez)
Sâve,35.0213,50.3566,sehir,1281,1281-epok,,ilhanli,EVET,aday-listesi,Selçuklu,kaynak doğrulanmadı
Simnân,35.5769,53.3972,sehir,1281,1281-epok,,ilhanli,EVET,0930-var-aday(1029);ONERI-C,,"TDV: simnan — ""Her ne kadar 420’de (1029) Irak Oğuzları tarafından yağmalandıysa da ( a.g.e."""
Dâmgan,36.1683,54.3481,sehir,1281,1281-epok,,ilhanli,EVET,aday-listesi,Selçuklu,kaynak doğrulanmadı
Bistâm,36.4831,55.01,sehir,1281,1281-epok,,ilhanli,EVET,aday-listesi,Selçuklu,kaynak doğrulanmadı
Erâk (Sultânâbâd),34.0917,49.6892,sehir,1808,>1281,1808-01-01,kacar,,,,
Gulpâygân,33.455,50.2881,sehir,1281,1281-epok,,ilhanli,,,,
Erdistan,33.3769,52.3697,sehir,1281,1281-epok,,ilhanli,,,,
Nâin,32.8597,53.085,sehir,1281,1281-epok,,ilhanli,,,,
Burûcird,33.8972,48.7514,sehir,1281,1281-epok,,ilhanli,EVET,aday-listesi,Selçuklu,kaynak doğrulanmadı
Dizfûl,32.3831,48.4014,sehir,1281,1281-epok,,ilhanli,EVET,aday-listesi,Selçuklu,kaynak doğrulanmadı
Şüşter,32.045,48.8564,sehir,1281,1281-epok,,ilhanli,EVET,0930-var-aday(1053);ONERI-C;aday-listesi,Selçuklu/Abbâsî,"TDV: suster — ""Bu eserler arasında en meşhur olanları, Abbâsîler zamanında yapılan ve birçok restorasyon geçirerek günümüze kadar gelen 445 (1053) tarihli Mescid-i Cum‘a, kuze"""
Ahvaz,31.32,48.6692,sehir,1281,1281-epok,,ilhanli,EVET,aday-listesi,Büveyhî/Selçuklu,kaynak doğrulanmadı
Havîza,31.4572,48.075,sehir,1281,1281-epok,,ilhanli,,,,
Râmhürmüz,31.2803,49.6039,sehir,1281,1281-epok,,ilhanli,EVET,aday-listesi,Selçuklu,kaynak doğrulanmadı
Behbehân,30.5956,50.2417,sehir,1281,1281-epok,,ilhanli,,,,
Abâdân,30.3392,48.3042,liman,1281,1281-epok,,ilhanli,,,,
Muhammere,30.4392,48.1664,liman,1812,>1281,1812-01-01,kacar,,,,
Erdekân,32.31,54.0169,sehir,1281,1281-epok,,ilhanli,,,,
Kâin,33.7272,59.1831,sehir,1281,1281-epok,,ilhanli,EVET,aday-listesi,Nizârî Kuhistan,kaynak doğrulanmadı
Bîrcend,32.865,59.2211,sehir,1281,1281-epok,,ilhanli,,,,
Bender Abbas (Gamrûn),27.2,56.274,liman,1622,>1281,1622-05-01,safevi,,,,
Mînâb,27.1467,57.08,sehir,1281,1281-epok,,ilhanli,EVET,aday-listesi,Hürmüz melikliği (kıta Hürmüz'ü),kaynak doğrulanmadı
Lâr,27.6811,54.3175,sehir,1281,1281-epok,,ilhanli,,,,
Kâzerûn,29.6186,51.6542,sehir,1281,1281-epok,,ilhanli,EVET,aday-listesi,Büveyhî/Salgurlu,kaynak doğrulanmadı
Fesâ,28.9383,53.6483,sehir,1281,1281-epok,,ilhanli,EVET,aday-listesi,Salgurlu,kaynak doğrulanmadı
Dârâb,28.7519,54.5444,sehir,1281,1281-epok,,ilhanli,EVET,aday-listesi,Büveyhî/Salgurlu,kaynak doğrulanmadı
Cehrom,28.5,53.56,sehir,1281,1281-epok,,ilhanli,,,,
Firûzâbâd,28.8438,52.5713,sehir,1281,1281-epok,,ilhanli,,,,
Ebrekûh,31.1281,53.2814,sehir,1281,1281-epok,,ilhanli,,,,
Buşehr,28.9684,50.8385,liman,1734,>1281,1734-01-01,safevi,,,,
Bender Rîg,29.4975,50.6451,liman,1281,1281-epok,,ilhanli,,,,
Bender Lengeh,26.5578,54.8811,liman,1281,1281-epok,,ilhanli,,,,
Sircân,29.45,55.68,sehir,1281,1281-epok,,ilhanli,,,,
Bem,29.1061,58.3572,kale,1281,1281-epok,,ilhanli,EVET,aday-listesi,Kirman Selçuklu,kaynak doğrulanmadı
Rafsencân,30.4078,55.9944,sehir,1281,1281-epok,,ilhanli,,,,
Cîruft,28.675,57.7372,sehir,1281,1281-epok,,ilhanli,EVET,aday-listesi,Kirman Selçuklu,kaynak doğrulanmadı
Câsk,25.645,57.7742,liman,1281,1281-epok,,ilhanli,,,,
Çâhbahâr,25.2919,60.6431,liman,1281,1281-epok,,ilhanli,,,,
Bempûr,27.1975,60.4586,kale,1281,1281-epok,,ilhanli,,,,
Hâş,28.2211,61.2158,sehir,1281,1281-epok,,ilhanli,,,,
Zerenc (Sîstan),30.9583,61.8611,sehir,1281,1281-epok,,ilhanli,EVET,0930-var-aday(1003);ONERI-C;aday-listesi,Saffârî/Nasrî Sîstan melikleri,TDV: zerenc (önbellek denetim/GLM1-TDV-ONBELLEK/zerenc.txt; gövdede 1000-1280 yılı 6 kez)
Nîşâbur,36.2133,58.7958,sehir,1281,1281-epok,,ilhanli,EVET,0930-eksen;aday-listesi,Gazneli → Büyük Selçuklu başkenti 1038 → Hârizmşah → Moğol 1221,kaynak doğrulanmadı
Tûs,36.4869,59.5222,sehir,1281,1281-epok,,ilhanli,EVET,0930-eksen;aday-listesi,Selçuklu/Hârizmşah,TDV: tus (önbellek denetim/GLM1-TDV-ONBELLEK/tus.txt; gövdede 1000-1280 yılı 9 kez)
Sebzevâr,36.2133,57.6792,sehir,1281,1281-epok,,ilhanli,EVET,aday-listesi,Selçuklu/Hârizmşah,kaynak doğrulanmadı
Turşiz (Kâşmer),35.2383,58.4658,sehir,1281,1281-epok,,ilhanli,,,,
Turbet-i Haydariye,35.2739,59.2189,sehir,1281,1281-epok,,ilhanli,,,,
Turbet-i Câm,35.2439,60.6242,sehir,1281,1281-epok,,ilhanli,,,,
Serahs,36.5386,61.1611,sehir,1281,1281-epok,,ilhanli,EVET,0930-var-aday(1221);ONERI-B2;aday-listesi,Selçuklu/Hârizmşah,TDV: serahs (önbellek denetim/GLM1-TDV-ONBELLEK/serahs.txt; gövdede 1000-1280 yılı 20 kez)
Kelât-ı Nâdirî,36.9833,59.75,kale,1281,1281-epok,,ilhanli,,,,
Kûçân,37.1,58.51,sehir,1281,1281-epok,,ilhanli,,,,
Bocnûrd,37.4744,57.3292,sehir,1281,1281-epok,,ilhanli,,,,
Esferâyin,37.0769,57.51,sehir,1281,1281-epok,,ilhanli,EVET,aday-listesi,Selçuklu/Hârizmşah,kaynak doğrulanmadı
Lâhîcan,37.2072,50.0044,sehir,1281,1281-epok,,ilhanli,EVET,aday-listesi,Gîlân beyleri,kaynak doğrulanmadı
Bender Enzeli,37.4728,49.4622,liman,1281,1281-epok,,ilhanli,,,,
Sârî,36.5633,53.0601,sehir,1281,1281-epok,,ilhanli,EVET,aday-listesi,Bâvendî,kaynak doğrulanmadı
Âmül,36.4697,52.3508,sehir,1281,1281-epok,,ilhanli,EVET,aday-listesi,Bâvendî/Taberistan,kaynak doğrulanmadı
Bârfurûş (Bâbil),36.5461,52.6789,sehir,1281,1281-epok,,ilhanli,,,,
Ferahâbâd,36.72,52.86,liman,1611,>1281,1611-01-01,safevi,,,,
Eşref (Behşehr),36.6942,53.5522,sehir,1281,1281-epok,,ilhanli,,,,
Esterâbâd (Gürgân),36.8381,54.4342,sehir,1281,1281-epok,,ilhanli,EVET,0930-var-aday(1140);ONERI-C;aday-listesi,Ziyârî/Selçuklu,TDV: esterabad (önbellek denetim/GLM1-TDV-ONBELLEK/esterabad.txt; gövdede 1000-1280 yılı 3 kez)
Astara,38.4292,48.8728,liman,1281,1281-epok,,ilhanli,,,,
Lenkeran,38.7539,48.8508,sehir,1281,1281-epok,,ilhanli,,,,
Salyan,39.5958,48.98,sehir,1281,1281-epok,,ilhanli,,,,
Kuba,41.3603,48.5158,sehir,1281,1281-epok,,ilhanli,,,,
Şeki (Nuha),41.1919,47.1706,sehir,1281,1281-epok,,ilhanli,,,,
Berde (Karabağ),40.3747,47.1281,sehir,1281,1281-epok,,ilhanli,EVET,aday-listesi,Sâlârî/Şeddâdî → Selçuklu,kaynak doğrulanmadı
Şuşa,39.7558,46.7492,kale,1752,>1281,1752-01-01,zend,,,,
Ordubad,38.9053,46.0242,sehir,1281,1281-epok,,ilhanli,,,,
Katîf,26.557,49.9873,liman,1281,1281-epok,,usfuri,EVET,0930-var-aday(1201);ONERI-C;aday-listesi,Uyûnî → Usfûrî,TDV: katif (önbellek denetim/GLM1-TDV-ONBELLEK/katif.txt; gövdede 1000-1280 yılı 2 kez)
Ukayr (Uceyr),25.65,50.2131,liman,1281,1281-epok,,usfuri,,,,
Cübeyl,26.9979,49.6406,liman,1281,1281-epok,,usfuri,,,,
Buraydâ (Kasîm),26.3594,43.9814,sehir,1744,>1281,,suud,,,,
Uneyze,26.0878,43.9939,sehir,1744,>1281,,suud,,,,
Şakrâ,25.2394,45.2531,sehir,1744,>1281,,suud,,,,
Suhâr,24.3472,56.7092,liman,1281,1281-epok,,nebhani,EVET,aday-listesi,Umman (Büveyhî/Selçuklu nüfuzu),kaynak doğrulanmadı
Sûr,22.555,59.52,liman,1281,1281-epok,,nebhani,,,,
Buraymî,24.25,55.7931,sehir,1281,1281-epok,,nebhani,,,,
Ras el-Hayme (Cülfâr),25.7896,55.9417,liman,1281,1281-epok,,nebhani,,,,
Şârika,25.3573,55.3911,liman,1281,1281-epok,,nebhani,,,,
Krasnovodsk (Türkmenbaşı),40.022,52.96,liman,1869,>1281,1869-01-01,rusya,,,,
Çeleken,39.46,53.14,bolge,1281,1281-epok,,altinorda,,,,
Garabogaz (Bekdaş),41.5619,52.6014,bolge,1281,1281-epok,,altinorda,,,,
Mangışlak,44.51,50.267,bolge,1281,1281-epok,,altinorda,,,,
Dihistan ovası (Meşhed-i Misriyân),38.1667,54.6333,bolge,1281,1281-epok,,ilhanli,,,,
Hîve,41.3783,60.3639,sehir,1281,1281-epok,,cagatay,EVET,aday-listesi,Hârizmşah,kaynak doğrulanmadı
Hazârasp,41.32,61.07,kale,1281,1281-epok,,cagatay,,,,
Köhne Ürgenç (Gürgenç),42.3417,59.15,sehir,1281,1281-epok,,altinorda,EVET,0930-eksen;aday-listesi,Me'mûnî → Hârizmşah başkenti → Moğol 1221,TDV: gurgenc (önbellek denetim/GLM1-TDV-ONBELLEK/gurgenc.txt; gövdede 1000-1280 yılı 23 kez)
Yeni Ürgenç,41.55,60.6333,sehir,1646,>1281,1646-01-01,hive,,,,
Küngrat,43.0833,58.8333,sehir,1281,1281-epok,,altinorda,,,,
Nesâ,37.9667,58.1833,sehir,1281,1281-epok,,ilhanli,EVET,aday-listesi,Selçuklu/Hârizmşah,kaynak doğrulanmadı
Ebîverd,37.9,59.6167,sehir,1281,1281-epok,,ilhanli,,,,
Merv (Mari),37.5936,61.8333,sehir,1281,1281-epok,,ilhanli,EVET,0930-eksen;0930-var-aday(1040);ONERI-C;aday-listesi,Selçuklu (Sencer başkenti) → Hârizmşah → Moğol 1221,TDV: merv (önbellek denetim/GLM1-TDV-ONBELLEK/merv.txt; gövdede 1000-1280 yılı 21 kez)
Kanina,40.421,19.507,kale,1281,1281-epok,,napoli,,,,
Oreoi (İstiaia),38.951,23.093,kale,1281,1281-epok,,venedik,,,,
Divriği,39.371,38.117,kale,1281,1281-epok,,ilhanli,EVET,0930-var-aday(1066);ONERI-C;aday-listesi,Mengücüklü Divriği kolu → Selçuklu,TDV: divrigi (önbellek denetim/GLM1-TDV-ONBELLEK/divrigi.txt; gövdede 1000-1280 yılı 13 kez)
Arapkir,39.041,38.492,sehir,1281,1281-epok,,ilhanli,,,,
Hısn-ı Mansûr (Adıyaman),37.764,38.278,sehir,1281,1281-epok,,memluk,EVET,0930-var-aday(1066);ONERI-C,,"TDV: adiyaman — ""yüzyılda yeniden Bizanslılar’a geçti ve Türkler’ce ilk defa 1066’da Selçuklu kumandanı Gümüştegin tarafından alındı."""
Behisni (Besni),37.693,37.86,kale,1281,1281-epok,,memluk,EVET,0930-var-aday(1084);ONERI-B1,,"TDV: besni — ""1084’te Anadolu Selçuklu Devleti’nin kurucusu Kutalmışoğlu Süleyman Şah’ın kumandanlarından Buldacı tarafından fethedildi."""
Kâhta,37.783,38.622,kale,1281,1281-epok,,memluk,,,,
Çemişgezek,39.062,38.912,sehir,1281,1281-epok,,cemisgezek-beyligi,,,,
Palu,38.694,39.937,kale,1281,1281-epok,,ilhanli,,,,
Siverek,37.754,39.317,sehir,1281,1281-epok,,memluk,,,,
Kragujevac,44.013,20.911,sehir,1281,1281-epok,,sirbistan,,,,
Çaçak,43.891,20.35,kale,1281,1281-epok,,sirbistan,,,,
Tırgovişte,44.925,25.457,sehir,1281,1281-epok,,macaristan,,,,
Piteşti,44.857,24.869,sehir,1281,1281-epok,,macaristan,,,,
Slatina,44.427,24.371,sehir,1281,1281-epok,,macaristan,,,,
Buzău,45.15,26.817,sehir,1281,1281-epok,,macaristan,,,,
Rimnik-i Sârat (Râmnicu Sărat),45.383,27.056,kale,1281,1281-epok,,macaristan,,,,
Krayova (Craiova),44.33,23.795,sehir,1281,1281-epok,,macaristan,,,,
Tırgu Jiu,45.035,23.275,sehir,1281,1281-epok,,macaristan,,,,
Rimnik (Râmnicu Vâlcea),45.105,24.375,sehir,1281,1281-epok,,macaristan,,,,
Turnu Severin,44.632,22.656,kale,1281,1281-epok,,macaristan,,,,
Kımpulung (Câmpulung),45.269,25.045,sehir,1281,1281-epok,,macaristan,,,,
Soroka (Soroca),48.158,28.299,kale,1281,1281-epok,,altinorda,,,,
Orhei,47.383,28.823,sehir,1281,1281-epok,,altinorda,,,,
Podgorica,42.441,19.263,sehir,1281,1281-epok,,sirbistan,,,,
Böğürdelen (Šabac),44.75,19.694,kale,1281,1281-epok,,macaristan,,,,
Aksaray,38.3687,34.037,sehir,1281,1281-epok,,selcuklu,EVET,0930-var-aday(1155);ONERI-C;aday-listesi,Anadolu Selçuklu (II. Kılıcarslan imarı),TDV: aksaray (önbellek denetim/GLM1-TDV-ONBELLEK/aksaray.txt; gövdede 1000-1280 yılı 2 kez)
Travnik,44.226,17.665,kale,1281,1281-epok,,bosna,,,,
İzvornik (Zvornik),44.386,19.103,kale,1281,1281-epok,,bosna,,,,
Foça (Foča),43.506,18.779,sehir,1281,1281-epok,,bosna,,,,
Livno (İhlevne),43.827,17.008,kale,1281,1281-epok,,bosna,,,,
Yayça (Jajce),44.342,17.271,kale,1281,1281-epok,,bosna,,,,
Srebrenik,44.705,18.489,kale,1281,1281-epok,,bosna,,,,
Yergöğü (Giurgiu),43.904,25.97,kale,1281,1281-epok,,macaristan,,,,
Dubrovnik,42.65,18.094,sehir,1281,1281-epok,,venedik,EVET,aday-listesi,Bizans → Venedik 1205,TDV: dubrovnik (önbellek denetim/GLM1-TDV-ONBELLEK/dubrovnik.txt; gövdede 1000-1280 yılı 9 kez)
Elbing (Elbląg),54.1522,19.4088,sehir,1281,1281-epok,,almanya,EVET,aday-listesi,Töton 1237,kaynak doğrulanmadı
Torun (Toruń),53.0103,18.6047,sehir,1281,1281-epok,,almanya,EVET,aday-listesi,Töton 1233,kaynak doğrulanmadı
Gözleve (Kezlev),45.1904,33.3669,liman,1281,1281-epok,,altinorda,,,,
Or Kapı (Ferahkirman),46.16,33.69,kale,1281,1281-epok,,altinorda,,,,
Akmescid,44.9521,34.1024,sehir,1281,1281-epok,,altinorda,,,,
Karasubazar,45.0556,34.6,sehir,1281,1281-epok,,altinorda,,,,
Eski Kırım (Solhat),45.0281,35.1078,sehir,1281,1281-epok,,altinorda,EVET,aday-listesi,Altın Orda Kırım merkezi,kaynak doğrulanmadı
Sudak (Suğdak),44.8494,34.9747,liman,1281,1281-epok,,ceneviz,EVET,aday-listesi,Bizans/Kıpçak/Selçuklu 1222/Moğol,kaynak doğrulanmadı
Balaklava (Cembalo),44.5,33.5997,liman,1281,1281-epok,,ceneviz,,,,
Yalta,44.4952,34.1663,liman,1281,1281-epok,,ceneviz,,,,
Aluşta,44.6764,34.4103,kale,1281,1281-epok,,ceneviz,,,,
Tedmür (Palmyra),34.55,38.27,sehir,1281,1281-epok,,memluk,EVET,0930-var-aday(1157);ONERI-C,,"TDV: tedmur — ""552’de (1157) meydana gelen depremden büyük zarar gören Tedmür’ü bundan kısa bir süre sonra ziyaret eden Tudelalı Benjamin burada 2000 yahudinin yaşadığını söyl"""
Dûmetülcendel (Cevf),29.812,39.868,sehir,1836,>1281,,sammar,,,,
Teymâ,27.632,38.545,sehir,1836,>1281,,sammar,,,,
Rın kumulları (Volga-Yayık arası),49.0,47.5,bolge,1281,1281-epok,,altinorda,,,,
İskeçe,41.14,24.89,sehir,1281,1281-epok,,bizans,,,,
Kırcaali,41.65,25.37,sehir,1482,>1281,1482-01-01,bulgaristan-kralligi,,,,
Trebinye,42.711,18.344,sehir,1281,1281-epok,,bosna,,,,
Vişegrad,43.783,19.288,sehir,1281,1281-epok,,bosna,,,,
Tuzla (Bosna),44.538,18.676,sehir,1281,1281-epok,,bosna,,,,
Karabiga,40.41,27.3,liman,1281,1281-epok,,bizans,,,,
Koniçe (Konjic),43.652,17.962,sehir,1281,1281-epok,,bosna,,,,
Visoko,43.989,18.179,sehir,1281,1281-epok,,bosna,,,,
Boğaziçi (Rumeli yakası),41.15,29.05,bolge,1281,1281-epok,,bizans,,,,
Mankup,44.5942,33.8044,kale,1281,1281-epok,,bizans,,,,
İnkirman (Kalamita),44.6072,33.6061,kale,1281,1281-epok,,bizans,EVET,aday-listesi,Bizans Kherson → Trabzon/Moğol,kaynak doğrulanmadı
Sebte (Ceuta),35.889,-5.318,liman,1281,1281-epok,,merini,EVET,aday-listesi,Murâbıt/Muvahhid,TDV: sebte (önbellek denetim/GLM1-TDV-ONBELLEK/sebte.txt; gövdede 1000-1280 yılı 12 kez)
Melîle (Melilla),35.292,-2.938,liman,1281,1281-epok,,merini,,,,
Mersa'l-Kebîr,35.728,-0.709,liman,1281,1281-epok,,zeyyani,,,,
Yediçkul bozkırı,46.9,34.6,bolge,1281,1281-epok,,altinorda,,,,
Camboyluk bozkırı,47.1,36.8,bolge,1281,1281-epok,,altinorda,,,,
Mazagan (El Jadida),33.256,-8.506,kale,1281,1281-epok,,merini,,,,
Safi (Asfi),32.299,-9.237,liman,1281,1281-epok,,merini,,,,
Azemmûr,33.289,-8.342,liman,1281,1281-epok,,merini,,,,
Arzila (Asilah),35.466,-6.036,liman,1281,1281-epok,,merini,,,,
Zaporojye Seçi,47.75,34.8,kale,1281,1281-epok,,altinorda,,,,
Sloboda bozkırı,49.2,37.2,bolge,1281,1281-epok,,altinorda,,,,
Gyula (Göle),46.65,21.277,kale,1281,1281-epok,,macaristan,,,,
Çerkask (Razdory),47.24,40.05,kale,1281,1281-epok,,altinorda,,,,
Don bozkırı (Sal),47.0,42.3,bolge,1281,1281-epok,,altinorda,,,,
Donets bozkırı,48.8,39.0,bolge,1281,1281-epok,,altinorda,,,,
Demenhûr (Damanhur),31.034,30.47,sehir,1281,1281-epok,,memluk,,,,
Dessûk,31.135,30.647,sehir,1281,1281-epok,,memluk,,,,
Kafrüşşeyh,31.112,30.94,sehir,1281,1281-epok,,memluk,,,,
Bürüllüs (Baltîm),31.556,31.09,liman,1281,1281-epok,,memluk,,,,
Tanta,30.786,31.001,sehir,1281,1281-epok,,memluk,,,,
Mahalletülkübrâ,30.97,31.168,sehir,1281,1281-epok,,memluk,,,,
Şibînülkûm (Menûfiye),30.552,31.011,sehir,1281,1281-epok,,memluk,,,,
Benhâ (Kalyûbiye),30.466,31.184,sehir,1281,1281-epok,,memluk,,,,
Mansûre,31.038,31.38,sehir,1281,1281-epok,,memluk,,,,
Mît Gamr,30.718,31.259,sehir,1281,1281-epok,,memluk,,,,
Menzile,31.157,31.937,sehir,1281,1281-epok,,memluk,,,,
Bilbîs (Şarkiye),30.417,31.567,sehir,1281,1281-epok,,memluk,,,,
Fâkûs,30.729,31.797,sehir,1281,1281-epok,,memluk,,,,
Sâlihiyye,30.793,31.986,kale,1281,1281-epok,,memluk,,,,
Ebûkîr,31.317,30.062,kale,1281,1281-epok,,memluk,,,,
Portsaid,31.257,32.284,liman,1859,>1281,1859-04-25,misir-sultanligi,,,,
İsmâiliye,30.588,32.271,sehir,1863,>1281,1863-04-27,misir-sultanligi,,,,
Katye,30.94,32.633,kale,1281,1281-epok,,memluk,,,,
El-Arîş,31.132,33.798,kale,1281,1281-epok,,memluk,,,,
Mersâ Matruh,31.353,27.237,liman,1281,1281-epok,,memluk,,,,
Sellûm,31.545,25.17,liman,1281,1281-epok,,memluk,,,,
Atfîh,29.408,31.257,sehir,1281,1281-epok,,memluk,,,,
Benî Süveyf,29.074,31.098,sehir,1281,1281-epok,,memluk,,,,
Feyyûm,29.309,30.842,sehir,1281,1281-epok,,memluk,EVET,0930-var-aday(1193);ONERI-C,,"TDV: feyyum — ""Bu döneme kadar iltizam usulüyle idare edilen toprakları 589’dan (1193) itibaren iktâ olarak büyük emîrlere verilmeye başlandı."""
Behnesâ,28.535,30.65,sehir,1281,1281-epok,,memluk,,,,
Minye,28.109,30.75,sehir,1281,1281-epok,,memluk,,,,
Mellevî,27.732,30.841,sehir,1281,1281-epok,,memluk,,,,
Deyrût,27.554,30.809,sehir,1281,1281-epok,,memluk,,,,
Tahtâ,26.768,31.502,sehir,1281,1281-epok,,memluk,,,,
Ahmîm,26.564,31.745,sehir,1281,1281-epok,,memluk,,,,
Cirge (Girga),26.34,31.891,sehir,1281,1281-epok,,memluk,,,,
Ferşût,26.052,32.158,sehir,1281,1281-epok,,memluk,,,,
Kına,26.164,32.716,sehir,1281,1281-epok,,memluk,,,,
Kûs,25.915,32.76,sehir,1281,1281-epok,,memluk,EVET,aday-listesi,Fâtımî/Eyyûbî Saîd merkezi,kaynak doğrulanmadı
Uksur (Luksor),25.687,32.64,sehir,1281,1281-epok,,memluk,,,,
Esna,25.293,32.554,sehir,1281,1281-epok,,memluk,,,,
Edfû,24.978,32.874,sehir,1281,1281-epok,,memluk,,,,
Kûm Ombo,24.476,32.943,sehir,1281,1281-epok,,memluk,,,,
Kusayr,26.104,34.283,liman,1281,1281-epok,,memluk,,,,
Sefâce,26.733,33.933,liman,1281,1281-epok,,memluk,,,,
Ebû Ramâd (Şalâtîn),23.133,35.6,liman,1281,1281-epok,,memluk,,,,
Tûr (Sînâ),28.241,33.623,liman,1281,1281-epok,,memluk,,,,
Vâdî Halfâ,21.802,31.352,kale,1281,1281-epok,,memluk,,,,
Benzert (Bizerte),37.276,9.858,liman,1281,1281-epok,,hafsi,,,,
Halkulvâdî,36.823,10.295,kale,1281,1281-epok,,hafsi,,,,
Mâtir (Mateur),37.04,9.664,sehir,1281,1281-epok,,hafsi,,,,
Tabarka,36.954,8.758,kale,1281,1281-epok,,hafsi,,,,
Bâce (Béja),36.733,9.183,sehir,1281,1281-epok,,hafsi,,,,
Cendûbe,36.501,8.78,sehir,1281,1281-epok,,hafsi,,,,
Kef,36.174,8.705,kale,1281,1281-epok,,hafsi,,,,
Nâbil (Nabeul),36.451,10.735,sehir,1281,1281-epok,,hafsi,,,,
Kelîbiye,36.849,11.094,kale,1281,1281-epok,,hafsi,,,,
Zağvân,36.402,10.143,sehir,1281,1281-epok,,hafsi,,,,
Sûse,35.826,10.638,liman,1281,1281-epok,,hafsi,,,,
Munastır,35.778,10.826,kale,1281,1281-epok,,hafsi,,,,
Mehdiye,35.505,11.062,liman,1281,1281-epok,,hafsi,EVET,0930-eksen;aday-listesi,Zîrî → Sicilya Normanları 1148-60 → Muvahhid,kaynak doğrulanmadı
Kasrayn,35.167,8.836,sehir,1281,1281-epok,,hafsi,,,,
Kafsa,34.425,8.784,sehir,1281,1281-epok,,hafsi,,,,
Tozer,33.92,8.134,sehir,1281,1281-epok,,hafsi,,,,
Nefta,33.873,7.878,sehir,1281,1281-epok,,hafsi,,,,
Medenîn,33.354,10.505,sehir,1281,1281-epok,,hafsi,,,,
Tatavin,32.93,10.451,sehir,1281,1281-epok,,hafsi,,,,
Cerciş (Zarzis),33.504,11.112,liman,1281,1281-epok,,hafsi,,,,
Bin Gerdân,33.138,11.22,sehir,1281,1281-epok,,hafsi,,,,
Zâviye,32.757,12.728,sehir,1281,1281-epok,,hafsi,,,,
Zuvâre,32.931,12.082,liman,1281,1281-epok,,hafsi,,,,
Nâlût,31.868,10.983,sehir,1281,1281-epok,,hafsi,,,,
Yefren,32.063,12.529,sehir,1281,1281-epok,,hafsi,,,,
Garyân,32.172,13.02,sehir,1281,1281-epok,,hafsi,,,,
Mızde,31.45,12.983,sehir,1281,1281-epok,,hafsi,,,,
Hums (Lebde),32.649,14.262,liman,1281,1281-epok,,hafsi,,,,
Zilten,32.467,14.568,sehir,1281,1281-epok,,hafsi,,,,
Benî Velîd,31.746,13.983,sehir,1281,1281-epok,,hafsi,,,,
Sirte,31.205,16.589,liman,1281,1281-epok,,hafsi,,,,
Ecdâbiye,30.755,20.225,sehir,1551,>1281,,italya,,,,
Merc,32.492,20.833,sehir,1551,>1281,,italya,EVET,aday-listesi,Fâtımî/yerel Arap,TDV: berka (önbellek denetim/GLM1-TDV-ONBELLEK/berka.txt; gövdede 1000-1280 yılı 3 kez)
Beyzâ (Kirene),32.827,21.858,sehir,1551,>1281,,italya,,,,
Tobruk,32.077,23.971,liman,1556,>1281,,italya,,,,
Blida,36.47,2.829,sehir,1281,1281-epok,,zeyyani,,,,
Miliana,36.305,2.229,sehir,1281,1281-epok,,zeyyani,,,,
Dellîs,36.908,3.914,liman,1281,1281-epok,,zeyyani,,,,
Tenes,36.507,1.307,liman,1281,1281-epok,,zeyyani,,,,
Şelif,36.165,1.334,sehir,1281,1281-epok,,zeyyani,,,,
Mustagānim,35.931,0.089,liman,1281,1281-epok,,zeyyani,,,,
Muaskar,35.396,0.14,sehir,1281,1281-epok,,zeyyani,,,,
Sîdî Bel Abbès,35.194,-0.641,sehir,1281,1281-epok,,zeyyani,,,,
Ayn Temûşent,35.298,-1.14,sehir,1281,1281-epok,,zeyyani,,,,
Nedrûme,35.01,-1.747,sehir,1281,1281-epok,,zeyyani,,,,
Cicel,36.821,5.766,liman,1281,1281-epok,,zeyyani,,,,
Kolo,37.0,6.564,liman,1281,1281-epok,,zeyyani,,,,
Sikikde,36.876,6.909,liman,1281,1281-epok,,zeyyani,,,,
Mîle,36.45,6.264,sehir,1281,1281-epok,,zeyyani,,,,
Kalme (Guelma),36.462,7.426,sehir,1281,1281-epok,,zeyyani,,,,
Sûk Ahrâs,36.286,7.951,sehir,1281,1281-epok,,zeyyani,,,,
Tebesse,35.404,8.124,sehir,1281,1281-epok,,zeyyani,,,,
Batna,35.556,6.178,sehir,1281,1281-epok,,zeyyani,,,,
Berc Bû Areric,36.073,4.761,sehir,1281,1281-epok,,zeyyani,,,,
Mesîle,35.705,4.542,sehir,1281,1281-epok,,zeyyani,,,,
Bû Sa'âde,35.212,4.177,sehir,1281,1281-epok,,zeyyani,,,,
Ağvât,33.8,2.865,sehir,1281,1281-epok,,zeyyani,,,,
Gardâye,32.49,3.673,sehir,1281,1281-epok,,zeyyani,,,,
Arkîko,15.548,39.449,liman,1281,1281-epok,,memluk,,,,
Halâib,22.219,36.647,liman,1281,1281-epok,,memluk,,,,
Akīk,18.23,38.2,liman,1281,1281-epok,,memluk,,,,
Tokar,18.427,37.729,sehir,1281,1281-epok,,memluk,,,,
Sinkat,18.833,36.833,sehir,1281,1281-epok,,memluk,,,,
Aksum,14.128,38.723,sehir,1281,1281-epok,,habesistan,EVET,aday-listesi,Zagve/Habeş dinî merkez,kaynak doğrulanmadı
Adua,14.17,38.898,sehir,1281,1281-epok,,habesistan,,,,
Şire,14.103,38.283,sehir,1281,1281-epok,,habesistan,,,,
Adigrat,14.277,39.462,sehir,1281,1281-epok,,habesistan,,,,
Mekelle,13.497,39.475,sehir,1281,1281-epok,,habesistan,,,,
Kerene,15.778,38.451,sehir,1281,1281-epok,,habesistan,,,,
Lalibela,12.032,39.047,sehir,1281,1281-epok,,habesistan,EVET,0930-eksen;aday-listesi,Zagve başkenti,kaynak doğrulanmadı
Sokota,12.628,39.033,sehir,1281,1281-epok,,habesistan,,,,
Debre Tabor,11.855,38.017,sehir,1281,1281-epok,,habesistan,,,,
Bahır Dar,11.56,37.4,sehir,1281,1281-epok,,habesistan,,,,
Metemma,12.968,36.155,kale,1281,1281-epok,,habesistan,,,,
Dese,11.133,39.633,sehir,1281,1281-epok,,habesistan,,,,
Debre Berhan,9.68,39.532,sehir,1281,1281-epok,,habesistan,,,,
Ankober,9.583,39.733,sehir,1281,1281-epok,,habesistan,,,,
Cîcîga,9.35,42.8,sehir,1281,1281-epok,,adal,,,,
Aseb,13.009,42.735,liman,1281,1281-epok,,adal,,,,
Tacûra,11.788,42.882,liman,1281,1281-epok,,adal,,,,
Merka,1.716,44.772,liman,1281,1281-epok,,makdisu-sultanligi,,,,
Beledveyne,4.735,45.204,sehir,1281,1281-epok,,somali,,,,
Baydoa,3.114,43.649,sehir,1281,1281-epok,,somali,,,,
Obbiya,5.351,48.527,liman,1281,1281-epok,,somali,,,,
Galkayo,6.77,47.431,sehir,1281,1281-epok,,somali,,,,
Garove,8.406,48.483,sehir,1281,1281-epok,,somali,,,,
Ayl,7.98,49.816,liman,1281,1281-epok,,somali,,,,
Bender Kāsım (Bosaso),11.284,49.183,liman,1281,1281-epok,,adal,,,,
Alula,11.968,50.75,liman,1281,1281-epok,,adal,,,,
Hafun,10.437,51.259,liman,1281,1281-epok,,adal,,,,
Bulhar,10.401,44.458,liman,1281,1281-epok,,adal,,,,
Hargeysa,9.56,44.065,sehir,1281,1281-epok,,adal,,,,
Burao,9.522,45.534,sehir,1281,1281-epok,,adal,,,,
Lasanod,8.477,47.361,sehir,1281,1281-epok,,adal,,,,
Erigavo,10.616,47.368,sehir,1281,1281-epok,,adal,,,,
Kerma,19.6,30.41,sehir,1281,1281-epok,,nube,,,,
Debbe,18.056,30.951,sehir,1281,1281-epok,,nube,,,,
Merevî,18.55,31.85,sehir,1281,1281-epok,,nube,,,,
Ebû Hamed,19.535,33.319,sehir,1281,1281-epok,,nube,,,,
Berber,18.017,33.983,sehir,1281,1281-epok,,nube,,,,
Şendî,16.691,33.433,sehir,1281,1281-epok,,nube,,,,
Vad Medenî,14.401,33.519,sehir,1281,1281-epok,,nube,,,,
Ed-Düveym,13.995,32.334,sehir,1281,1281-epok,,nube,,,,
Kosti,13.17,32.663,sehir,1281,1281-epok,,nube,,,,
Kadârif,14.036,35.383,sehir,1281,1281-epok,,nube,,,,
Rusayris,11.861,34.386,sehir,1281,1281-epok,,nube,,,,
Fâzûğlî,11.267,34.783,sehir,1281,1281-epok,,nube,,,,
Bâra,13.7,30.367,sehir,1281,1281-epok,,nube,,,,
Nühûd,12.7,28.433,sehir,1281,1281-epok,,nube,,,,
Kesela,15.451,36.4,sehir,1840,>1281,1840-01-01,mehdi,,,,
Ğadâmis,30.133,9.5,sehir,1281,1281-epok,,hafsi,,,,
Gât,24.964,10.18,sehir,1281,1281-epok,,kanem-bornu,,,,
Cağbûb,29.744,24.517,sehir,1856,>1281,1856-01-01,italya,,,,
El-Fâşir,13.63,25.349,sehir,1281,1281-epok,,dacu,,,,
Nyala,12.048,24.882,sehir,1281,1281-epok,,dacu,,,,
Cenîne,13.452,22.445,sehir,1281,1281-epok,,dacu,,,,
Bonga (Kaffa),7.283,36.233,sehir,1281,1281-epok,,kaffa,,,,
Cimma (Jiren),7.673,36.834,sehir,1281,1281-epok,,kaffa,,,,
Sodo (Vollayta),6.86,37.762,sehir,1281,1281-epok,,vollayta,,,,
Yirgalem (Sidamo),6.75,38.41,sehir,1281,1281-epok,,sidamo,,,,
Hârice (Vâhât),25.44,30.546,bolge,1281,1281-epok,,memluk,,,,
Dâhile,25.494,28.976,bolge,1281,1281-epok,,memluk,,,,
Ferâfire,27.058,27.97,bolge,1281,1281-epok,,memluk,,,,
Bahriye (Bâvîtî),28.349,28.864,bolge,1281,1281-epok,,memluk,,,,
Sokna,29.07,15.792,bolge,1281,1281-epok,,kanem-bornu,,,,
Câlû,29.033,21.548,bolge,1281,1281-epok,,kanem-bornu,,,,
Sebha,27.038,14.428,sehir,1281,1281-epok,,kanem-bornu,,,,
Ubârî,26.59,12.777,sehir,1281,1281-epok,,kanem-bornu,,,,
Kassa (Košice),48.714,21.258,sehir,1281,1281-epok,,macaristan,,,,
Eperjes (Prešov),48.999,21.236,sehir,1281,1281-epok,,macaristan,,,,
Tokaj,48.117,21.409,kale,1281,1281-epok,,macaristan,,,,
Sopron,47.685,16.59,sehir,1281,1281-epok,,macaristan,,,,
Zadar (Zara),44.124,15.232,liman,1281,1281-epok,,venedik,EVET,aday-listesi,Hırvat/Macar ↔ Venedik (1202),kaynak doğrulanmadı
Şibenik (Sebenico),43.734,15.894,liman,1281,1281-epok,,macaristan,,,,
Split (Spalato),43.511,16.439,liman,1281,1281-epok,,macaristan,EVET,aday-listesi,Hırvat → Macar 1102,kaynak doğrulanmadı
Kotor (Cattaro),42.421,18.768,liman,1281,1281-epok,,sirbistan,EVET,aday-listesi,Bizans / Duklja / Sırp,kaynak doğrulanmadı
Knin,44.041,16.197,kale,1281,1281-epok,,macaristan,EVET,aday-listesi,Hırvat Kr. → Macar,kaynak doğrulanmadı
Sin (Sinj),43.704,16.639,kale,1281,1281-epok,,macaristan,,,,
Klis,43.559,16.519,kale,1281,1281-epok,,macaristan,,,,
Herseknovi (Herceg Novi),42.453,18.538,kale,1382,>1281,1382-01-01,bosna,,,,
Vrana (Urana),43.956,15.562,kale,1281,1281-epok,,venedik,,,,
Nadin,44.074,15.498,kale,1281,1281-epok,,venedik,,,,
Bihaç (Bihać),44.817,15.871,kale,1281,1281-epok,,macaristan,,,,
Kızılarvat,38.9833,56.2833,sehir,1281,1281-epok,,ilhanli,,,,
Aşkabad,37.95,58.38,sehir,1881,>1281,1881-01-30,rusya,,,,
Aral kuzeyi,47.2,61.5,bolge,1281,1281-epok,,altinorda,,,,
Üstyurt kuzeyi,45.6,56.5,bolge,1281,1281-epok,,altinorda,,,,
Emba (Cem),47.5,57.5,bolge,1281,1281-epok,,altinorda,,,,
Aktöbe,50.2833,57.1667,kale,1869,>1281,1869-01-01,rusya,,,,
Guryev (Atyrau),47.11,51.92,liman,1640,>1281,1640-01-01,rusya,,,,
York,53.959,-1.081,sehir,1281,1281-epok,,ingiltere,EVET,aday-listesi,İngiltere,kaynak doğrulanmadı
Norwich,52.628,1.297,sehir,1281,1281-epok,,ingiltere,,,,
Bristol,51.454,-2.588,liman,1281,1281-epok,,ingiltere,,,,
Exeter,50.718,-3.534,sehir,1281,1281-epok,,ingiltere,,,,
Plymouth,50.376,-4.143,liman,1281,1281-epok,,ingiltere,,,,
Southampton,50.91,-1.404,liman,1281,1281-epok,,ingiltere,,,,
Dover,51.128,1.313,liman,1281,1281-epok,,ingiltere,,,,
Newcastle,54.978,-1.617,liman,1281,1281-epok,,ingiltere,,,,
Carlisle,54.893,-2.933,sehir,1281,1281-epok,,ingiltere,,,,
Lincoln,53.234,-0.539,sehir,1281,1281-epok,,ingiltere,,,,
Nottingham,52.951,-1.15,sehir,1281,1281-epok,,ingiltere,,,,
Oxford,51.752,-1.258,sehir,1281,1281-epok,,ingiltere,EVET,aday-listesi,İngiltere,kaynak doğrulanmadı
Cambridge,52.205,0.119,sehir,1281,1281-epok,,ingiltere,,,,
Manchester,53.483,-2.244,sehir,1281,1281-epok,,ingiltere,,,,
Liverpool,53.408,-2.992,liman,1281,1281-epok,,ingiltere,,,,
Birmingham,52.48,-1.903,sehir,1281,1281-epok,,ingiltere,,,,
Hull,53.745,-0.336,liman,1281,1281-epok,,ingiltere,,,,
Shrewsbury,52.708,-2.754,sehir,1281,1281-epok,,ingiltere,,,,
Penzance,50.119,-5.537,liman,1281,1281-epok,,ingiltere,,,,
Cardiff,51.482,-3.179,liman,1281,1281-epok,,ingiltere,,,,
Caernarfon,53.14,-4.271,kale,1281,1281-epok,,ingiltere,,,,
Douglas (Man),54.15,-4.482,liman,1281,1281-epok,,ingiltere,,,,
Glasgow,55.861,-4.25,sehir,1281,1281-epok,,iskocya,,,,
Aberdeen,57.15,-2.094,liman,1281,1281-epok,,iskocya,,,,
Inverness,57.478,-4.225,sehir,1281,1281-epok,,iskocya,,,,
Perth (İskoçya),56.396,-3.437,sehir,1281,1281-epok,,iskocya,EVET,aday-listesi,İskoçya taç giyme,kaynak doğrulanmadı
Dumfries,55.07,-3.603,sehir,1281,1281-epok,,iskocya,,,,
Wick,58.439,-3.093,liman,1281,1281-epok,,iskocya,,,,
Stornoway,58.2111,-6.387,liman,1281,1281-epok,,iskocya,,,,
Kirkwall (Orkney),58.981,-2.96,liman,1281,1281-epok,,norvec-kralligi,,,,
Lerwick (Shetland),60.153,-1.145,liman,1281,1281-epok,,norvec-kralligi,,,,
Cork,51.898,-8.471,liman,1281,1281-epok,,ingiltere,,,,
Waterford,52.259,-7.11,liman,1281,1281-epok,,ingiltere,,,,
Limerick,52.664,-8.623,sehir,1281,1281-epok,,ingiltere,,,,
Galway,53.272,-9.049,liman,1281,1281-epok,,ingiltere,,,,
Kilkenny,52.654,-7.244,sehir,1281,1281-epok,,ingiltere,,,,
Wexford,52.336,-6.463,liman,1281,1281-epok,,ingiltere,,,,
Sligo,54.27,-8.472,liman,1281,1281-epok,,irlanda,,,,
Athlone,53.424,-7.941,sehir,1281,1281-epok,,irlanda,,,,
Donegal,54.654,-8.11,sehir,1281,1281-epok,,irlanda,,,,
Tralee,52.271,-9.7,sehir,1281,1281-epok,,irlanda,,,,
Belfast,54.597,-5.93,liman,1281,1281-epok,,irlanda,,,,
Derry,54.997,-7.309,liman,1281,1281-epok,,irlanda,,,,
Rennes,48.114,-1.68,sehir,1281,1281-epok,,bretanya,EVET,aday-listesi,Bretanya Dk.,kaynak doğrulanmadı
Nantes,47.218,-1.554,liman,1281,1281-epok,,bretanya,EVET,aday-listesi,Bretanya Dk.,kaynak doğrulanmadı
Brest,48.39,-4.486,liman,1281,1281-epok,,bretanya,,,,
Quimper,47.996,-4.102,sehir,1281,1281-epok,,bretanya,,,,
Vannes,47.658,-2.76,liman,1281,1281-epok,,bretanya,,,,
Saint-Malo,48.6479,-2.0242,liman,1281,1281-epok,,bretanya,,,,
Rouen,49.443,1.099,sehir,1281,1281-epok,,fransa,EVET,aday-listesi,Normandiya Dk. → Fransa 1204,kaynak doğrulanmadı
Caen,49.183,-0.37,sehir,1281,1281-epok,,fransa,EVET,aday-listesi,Normandiya,kaynak doğrulanmadı
Cherbourg,49.64,-1.616,liman,1281,1281-epok,,fransa,,,,
Le Havre,49.494,0.108,liman,1517,>1281,1517-01-01,fransa,,,,
Calais,50.951,1.858,liman,1281,1281-epok,,fransa,,,,
Amiens,49.895,2.302,sehir,1281,1281-epok,,fransa,,,,
Arras,50.291,2.777,sehir,1281,1281-epok,,fransa,EVET,aday-listesi,Flandre/Artois,kaynak doğrulanmadı
Lille,50.633,3.059,sehir,1281,1281-epok,,fransa,,,,
Reims,49.258,4.031,sehir,1281,1281-epok,,fransa,EVET,aday-listesi,Fransa (taç giyme),kaynak doğrulanmadı
Troyes,48.297,4.074,sehir,1281,1281-epok,,fransa,EVET,aday-listesi,Champagne Kontluğu,kaynak doğrulanmadı
Orléans,47.902,1.909,sehir,1281,1281-epok,,fransa,EVET,aday-listesi,Fransa,kaynak doğrulanmadı
Tours,47.394,0.685,sehir,1281,1281-epok,,fransa,EVET,aday-listesi,Blois/Anjou,kaynak doğrulanmadı
Bourges,47.081,2.399,sehir,1281,1281-epok,,fransa,,,,
Angers,47.474,-0.554,sehir,1281,1281-epok,,fransa,,,,
Le Mans,48.006,0.199,sehir,1281,1281-epok,,fransa,,,,
Poitiers,46.58,0.34,sehir,1281,1281-epok,,fransa,EVET,aday-listesi,Aquitaine,kaynak doğrulanmadı
Clermont-Ferrand,45.777,3.087,sehir,1281,1281-epok,,fransa,,,,
Périgueux,45.184,0.721,sehir,1281,1281-epok,,fransa,,,,
Cahors,44.448,1.441,sehir,1281,1281-epok,,fransa,,,,
Toulouse,43.604,1.444,sehir,1281,1281-epok,,fransa,EVET,aday-listesi,Toulouse Kontluğu → Fransa 1271,kaynak doğrulanmadı
La Rochelle,46.16,-1.152,liman,1281,1281-epok,,fransa,,,,
Limoges,45.834,1.262,sehir,1281,1281-epok,,fransa,,,,
Bayonne,43.493,-1.475,liman,1281,1281-epok,,ingiltere,,,,
Pau,43.296,-0.37,sehir,1281,1281-epok,,fransa,,,,
Dijon,47.322,5.041,sehir,1281,1281-epok,,burgonya,EVET,aday-listesi,Burgonya Dk.,kaynak doğrulanmadı
Besançon,47.238,6.024,sehir,1281,1281-epok,,almanya,,,,
Metz,49.12,6.176,sehir,1281,1281-epok,,almanya,,,,
Nancy,48.692,6.184,sehir,1281,1281-epok,,almanya,,,,
Strazburg,48.573,7.752,sehir,1281,1281-epok,,almanya,EVET,aday-listesi,Kutsal Roma,kaynak doğrulanmadı
Colmar,48.079,7.358,sehir,1281,1281-epok,,almanya,,,,
Mulhouse,47.75,7.34,sehir,1281,1281-epok,,almanya,,,,
Aix-en-Provence,43.53,5.447,sehir,1281,1281-epok,,fransa,,,,
Toulon,43.1222,5.9384,liman,1281,1281-epok,,fransa,,,,
Grenoble,45.188,5.724,sehir,1281,1281-epok,,fransa,,,,
Avignon,43.949,4.806,sehir,1281,1281-epok,,fransa,EVET,aday-listesi,Provence/Toulouse,kaynak doğrulanmadı
Nice,43.71,7.262,liman,1281,1281-epok,,fransa,,,,
Chambéry,45.564,5.918,sehir,1281,1281-epok,,sardinya,,,,
Montpellier,43.611,3.877,sehir,1281,1281-epok,,aragon,EVET,aday-listesi,Montpellier lordluğu / Aragon,kaynak doğrulanmadı
Narbonne,43.184,3.003,sehir,1281,1281-epok,,fransa,EVET,aday-listesi,Narbonne Vikontluğu,kaynak doğrulanmadı
Perpignan,42.699,2.895,sehir,1281,1281-epok,,aragon,,,,
Toledo,39.863,-4.028,sehir,1281,1281-epok,,kastilya,EVET,0930-eksen;aday-listesi,Zünnûnî → Kastilya 1085,TDV: tuleytula (önbellek denetim/GLM1-TDV-ONBELLEK/tuleytula.txt; gövdede 1000-1280 yılı 26 kez)
Valladolid,41.652,-4.724,sehir,1281,1281-epok,,kastilya,EVET,aday-listesi,Kastilya,kaynak doğrulanmadı
Burgos,42.344,-3.697,sehir,1281,1281-epok,,kastilya,EVET,aday-listesi,Kastilya,kaynak doğrulanmadı
Salamanca,40.965,-5.664,sehir,1281,1281-epok,,kastilya,EVET,aday-listesi,Leon,kaynak doğrulanmadı
León,42.599,-5.567,sehir,1281,1281-epok,,kastilya,EVET,aday-listesi,Leon Krallığı başkenti,kaynak doğrulanmadı
Oviedo,43.362,-5.849,sehir,1281,1281-epok,,kastilya,,,,
Santander,43.4667,-3.8115,liman,1281,1281-epok,,kastilya,,,,
Bilbao,43.263,-2.935,liman,1281,1281-epok,,kastilya,,,,
San Sebastián,43.318,-1.981,liman,1281,1281-epok,,kastilya,,,,
Cuenca,40.071,-2.134,sehir,1281,1281-epok,,kastilya,,,,
Badajoz,38.879,-6.97,sehir,1281,1281-epok,,kastilya,EVET,aday-listesi,Eftasî → Murâbıt/Muvahhid → Leon 1230,kaynak doğrulanmadı
Kurtuba (Córdoba),37.888,-4.779,sehir,1281,1281-epok,,kastilya,EVET,0930-eksen;aday-listesi,Emevî → Tavâif → Murâbıt/Muvahhid → Kastilya 1236,TDV: kurtuba (önbellek denetim/GLM1-TDV-ONBELLEK/kurtuba.txt; gövdede 1000-1280 yılı 14 kez)
Jaén,37.779,-3.79,sehir,1281,1281-epok,,kastilya,EVET,aday-listesi,Muvahhid → Kastilya 1246,kaynak doğrulanmadı
Murcia,37.984,-1.129,sehir,1281,1281-epok,,kastilya,EVET,aday-listesi,Tavâif/İbn Merdeniş → Kastilya 1243/66,TDV: mursiye (önbellek denetim/GLM1-TDV-ONBELLEK/mursiye.txt; gövdede 1000-1280 yılı 25 kez)
Cartagena,37.606,-0.986,liman,1281,1281-epok,,kastilya,,,,
Cádiz,36.527,-6.289,liman,1281,1281-epok,,kastilya,EVET,aday-listesi,Muvahhid → Kastilya 1262,kaynak doğrulanmadı
A Coruña,43.371,-8.396,liman,1281,1281-epok,,kastilya,,,,
Santiago de Compostela,42.878,-8.545,sehir,1281,1281-epok,,kastilya,EVET,aday-listesi,Leon/Galiçya,kaynak doğrulanmadı
Vigo,42.24,-8.72,liman,1281,1281-epok,,kastilya,,,,
Málaga,36.721,-4.421,liman,1281,1281-epok,,granada,EVET,aday-listesi,Hammûdî → Nasrî,TDV: maleka (önbellek denetim/GLM1-TDV-ONBELLEK/maleka.txt; gövdede 1000-1280 yılı 7 kez)
Ronda,36.742,-5.167,sehir,1281,1281-epok,,granada,,,,
Almería,36.834,-2.464,liman,1281,1281-epok,,granada,EVET,aday-listesi,Tavâif → Murâbıt/Muvahhid → Nasrî,kaynak doğrulanmadı
Cebelitarık (Gibraltar),36.14,-5.353,kale,1281,1281-epok,,granada,,,,
Zaragoza,41.649,-0.888,sehir,1281,1281-epok,,aragon,EVET,aday-listesi,Hûdî → Aragon 1118,TDV: sarakusta (önbellek denetim/GLM1-TDV-ONBELLEK/sarakusta.txt; gövdede 1000-1280 yılı 10 kez)
Teruel,40.344,-1.106,sehir,1281,1281-epok,,aragon,,,,
Tarragona,41.119,1.245,liman,1281,1281-epok,,aragon,,,,
Lleida,41.617,0.62,sehir,1281,1281-epok,,aragon,EVET,aday-listesi,Tavâif → Barselona 1149,kaynak doğrulanmadı
Girona,41.983,2.824,sehir,1281,1281-epok,,aragon,,,,
Alicante,38.345,-0.481,liman,1281,1281-epok,,kastilya,,,,
Motril,36.745,-3.52,liman,1281,1281-epok,,granada,,,,
Mojácar,37.139,-1.851,sehir,1281,1281-epok,,granada,,,,
Dénia,38.841,0.107,liman,1281,1281-epok,,aragon,,,,
Castellón,39.986,-0.037,sehir,1281,1281-epok,,aragon,,,,
Tortosa,40.812,0.521,sehir,1281,1281-epok,,aragon,EVET,aday-listesi,Tavâif → Barselona 1148,kaynak doğrulanmadı
Huelva,37.261,-6.944,liman,1281,1281-epok,,kastilya,,,,
Lagos (Algarve),37.102,-8.674,liman,1281,1281-epok,,portekiz,,,,
Setúbal,38.524,-8.893,liman,1281,1281-epok,,portekiz,,,,
Aveiro,40.641,-8.654,liman,1281,1281-epok,,portekiz,,,,
Pamplona,42.813,-1.646,sehir,1281,1281-epok,,navarra,EVET,aday-listesi,Navarra başkenti,kaynak doğrulanmadı
Coimbra,40.203,-8.41,sehir,1281,1281-epok,,portekiz,EVET,aday-listesi,Leon 1064 → Portekiz başkenti,kaynak doğrulanmadı
Braga,41.545,-8.427,sehir,1281,1281-epok,,portekiz,,,,
Évora,38.571,-7.907,sehir,1281,1281-epok,,portekiz,,,,
Faro,37.019,-7.93,liman,1281,1281-epok,,portekiz,,,,
Bragança,41.806,-6.757,sehir,1281,1281-epok,,portekiz,,,,
Ribe,55.328,8.766,sehir,1281,1281-epok,,danimarka,EVET,aday-listesi,Danimarka,kaynak doğrulanmadı
Viborg (Jutland),56.451,9.402,sehir,1281,1281-epok,,danimarka,,,,
Aarhus,56.157,10.21,liman,1281,1281-epok,,danimarka,,,,
Aalborg,57.048,9.919,liman,1281,1281-epok,,danimarka,,,,
Odense,55.396,10.389,sehir,1281,1281-epok,,danimarka,,,,
Kolding,55.491,9.472,sehir,1281,1281-epok,,danimarka,,,,
Nykøbing (Falster),54.766,11.876,liman,1281,1281-epok,,danimarka,,,,
Rønne (Bornholm),55.1,14.702,liman,1281,1281-epok,,danimarka,,,,
Flensburg,54.783,9.436,liman,1281,1281-epok,,danimarka,,,,
Aabenraa,55.044,9.417,liman,1281,1281-epok,,danimarka,,,,
Uppsala,59.858,17.639,sehir,1281,1281-epok,,isvec-birlik-oncesi,EVET,aday-listesi,İsveç,kaynak doğrulanmadı
Örebro,59.274,15.207,sehir,1281,1281-epok,,isvec-birlik-oncesi,,,,
Linköping,58.41,15.621,sehir,1281,1281-epok,,isvec-birlik-oncesi,,,,
Kalmar,56.661,16.362,liman,1281,1281-epok,,isvec-birlik-oncesi,,,,
Jönköping,57.782,14.161,sehir,1281,1281-epok,,isvec-birlik-oncesi,,,,
Karlstad,59.379,13.504,sehir,1281,1281-epok,,isvec-birlik-oncesi,,,,
Gävle,60.675,17.142,liman,1281,1281-epok,,isvec-birlik-oncesi,,,,
Falun,60.606,15.626,sehir,1281,1281-epok,,isvec-birlik-oncesi,,,,
Göteborg,57.707,11.967,liman,1281,1281-epok,,isvec-birlik-oncesi,,,,
Sundsvall,62.391,17.306,liman,1281,1281-epok,,isvec-birlik-oncesi,,,,
Visby (Gotland),57.635,18.294,liman,1281,1281-epok,,isvec-birlik-oncesi,EVET,aday-listesi,Gotland / Hansa,kaynak doğrulanmadı
Malmö,55.605,13.0,liman,1281,1281-epok,,danimarka,,,,
Helsingborg,56.05,12.7005,liman,1281,1281-epok,,danimarka,,,,
Halmstad,56.674,12.857,liman,1281,1281-epok,,danimarka,,,,
Uddevalla,58.348,11.938,liman,1281,1281-epok,,norvec-kralligi,,,,
Bergen,60.393,5.324,liman,1281,1281-epok,,norvec-kralligi,EVET,aday-listesi,Norveç Krallığı başkenti,kaynak doğrulanmadı
Stavanger,58.94,5.68,liman,1281,1281-epok,,norvec-kralligi,,,,
Tønsberg,59.268,10.407,liman,1281,1281-epok,,norvec-kralligi,,,,
Kristiansand,58.147,7.996,liman,1641,>1281,1641-01-01,danimarka,,,,
Trondheim,63.431,10.395,liman,1281,1281-epok,,norvec-kralligi,EVET,aday-listesi,Norveç,kaynak doğrulanmadı
Turku (Åbo),60.452,22.267,liman,1281,1281-epok,,isvec-birlik-oncesi,,,,
Hämeenlinna,60.996,24.464,kale,1281,1281-epok,,isvec-birlik-oncesi,,,,
Viipuri (Vyborg),60.713,28.733,kale,1281,1281-epok,,isvec-birlik-oncesi,,,,
Rotterdam,51.924,4.478,liman,1281,1281-epok,,almanya,,,,
Utrecht,52.091,5.121,sehir,1281,1281-epok,,almanya,EVET,aday-listesi,Utrecht Piskoposluğu,kaynak doğrulanmadı
Groningen,53.219,6.567,sehir,1281,1281-epok,,almanya,,,,
Leeuwarden,53.201,5.8,sehir,1281,1281-epok,,almanya,,,,
Nijmegen,51.843,5.852,sehir,1281,1281-epok,,almanya,,,,
Middelburg,51.498,3.61,liman,1281,1281-epok,,almanya,,,,
Maastricht,50.851,5.691,sehir,1281,1281-epok,,almanya,,,,
Brüj (Brugge),51.209,3.225,liman,1281,1281-epok,,fransa,EVET,aday-listesi,Flandre Kontluğu,kaynak doğrulanmadı
Gent,51.054,3.717,sehir,1281,1281-epok,,fransa,EVET,aday-listesi,Flandre Kontluğu,kaynak doğrulanmadı
Ypres,50.851,2.886,sehir,1281,1281-epok,,fransa,,,,
Anvers (Antwerpen),51.22,4.4,liman,1281,1281-epok,,almanya,,,,
Brüksel,50.847,4.352,sehir,1281,1281-epok,,almanya,,,,
Namur,50.467,4.867,sehir,1281,1281-epok,,almanya,,,,
Mons,50.454,3.952,sehir,1281,1281-epok,,almanya,,,,
Tournai,50.607,3.389,sehir,1281,1281-epok,,fransa,,,,
Liège,50.633,5.567,sehir,1281,1281-epok,,almanya,EVET,aday-listesi,Liège Prens-Piskoposluğu,kaynak doğrulanmadı
Lüksemburg,49.611,6.132,kale,1281,1281-epok,,almanya,,,,
Bremen,53.076,8.807,liman,1281,1281-epok,,almanya,EVET,aday-listesi,Bremen Başpiskoposluğu,kaynak doğrulanmadı
Lübeck,53.866,10.687,liman,1281,1281-epok,,almanya,EVET,aday-listesi,Saksonya → serbest şehir 1226,kaynak doğrulanmadı
Kiel,54.323,10.14,liman,1281,1281-epok,,almanya,,,,
Rostock,54.089,12.14,liman,1281,1281-epok,,almanya,,,,
Stettin (Szczecin),53.428,14.553,liman,1281,1281-epok,,almanya,EVET,aday-listesi,Pomeranya,kaynak doğrulanmadı
Stralsund,54.309,13.082,liman,1281,1281-epok,,almanya,,,,
Hannover,52.375,9.732,sehir,1281,1281-epok,,almanya,,,,
Münster,51.961,7.626,sehir,1281,1281-epok,,almanya,,,,
Dortmund,51.514,7.466,sehir,1281,1281-epok,,almanya,,,,
Aachen,50.776,6.084,sehir,1281,1281-epok,,almanya,EVET,0930-eksen;aday-listesi,Kutsal Roma (taç giyme),kaynak doğrulanmadı
Saarbrücken,49.233,6.997,sehir,1281,1281-epok,,almanya,,,,
Trier,49.75,6.637,sehir,1281,1281-epok,,almanya,EVET,aday-listesi,Trier Başpiskoposluğu,kaynak doğrulanmadı
Mainz,49.999,8.273,sehir,1281,1281-epok,,almanya,EVET,aday-listesi,Mainz Başpiskoposluğu,kaynak doğrulanmadı
Kassel,51.313,9.492,sehir,1281,1281-epok,,almanya,,,,
Magdeburg,52.131,11.64,sehir,1281,1281-epok,,almanya,EVET,aday-listesi,Magdeburg Başpiskoposluğu,kaynak doğrulanmadı
Leipzig,51.34,12.375,sehir,1281,1281-epok,,almanya,,,,
Erfurt,50.978,11.029,sehir,1281,1281-epok,,almanya,EVET,aday-listesi,Mainz,kaynak doğrulanmadı
Würzburg,49.791,9.953,sehir,1281,1281-epok,,almanya,EVET,aday-listesi,Würzburg Piskoposluğu,kaynak doğrulanmadı
Nürnberg,49.454,11.077,sehir,1281,1281-epok,,almanya,EVET,aday-listesi,Kutsal Roma,kaynak doğrulanmadı
Regensburg,49.019,12.097,sehir,1281,1281-epok,,almanya,EVET,aday-listesi,Bavyera,kaynak doğrulanmadı
Augsburg,48.371,10.898,sehir,1281,1281-epok,,almanya,EVET,aday-listesi,Kutsal Roma,kaynak doğrulanmadı
Ulm,48.401,9.987,sehir,1281,1281-epok,,almanya,,,,
Stuttgart,48.776,9.183,sehir,1281,1281-epok,,almanya,,,,
Freiburg,47.999,7.842,sehir,1281,1281-epok,,almanya,,,,
Konstanz,47.66,9.175,sehir,1281,1281-epok,,almanya,,,,
Luzern,47.05,8.31,sehir,1281,1281-epok,,almanya,,,,
Zürih,47.377,8.541,sehir,1281,1281-epok,,almanya,EVET,aday-listesi,Kutsal Roma,kaynak doğrulanmadı
Bern,46.948,7.447,sehir,1281,1281-epok,,almanya,,,,
Basel,47.559,7.588,sehir,1281,1281-epok,,almanya,EVET,aday-listesi,Basel Piskoposluğu,kaynak doğrulanmadı
Cenevre,46.204,6.143,sehir,1281,1281-epok,,almanya,,,,
Lozan,46.52,6.632,sehir,1281,1281-epok,,savoya,,,,
Verona,45.438,10.992,sehir,1281,1281-epok,,__BOSLUK__,EVET,aday-listesi,Verona Komünü,kaynak doğrulanmadı
Padova,45.407,11.876,sehir,1281,1281-epok,,__BOSLUK__,EVET,aday-listesi,Padova Komünü,kaynak doğrulanmadı
Brescia,45.539,10.221,sehir,1281,1281-epok,,__BOSLUK__,EVET,aday-listesi,Brescia Komünü,kaynak doğrulanmadı
Bergamo,45.698,9.677,sehir,1281,1281-epok,,__BOSLUK__,,,,
Udine,46.065,13.235,sehir,1281,1281-epok,,almanya,,,,
Trieste,45.65,13.77,liman,1281,1281-epok,,almanya,EVET,aday-listesi,Trieste Piskoposluğu,kaynak doğrulanmadı
Trento,46.067,11.121,sehir,1281,1281-epok,,almanya,EVET,aday-listesi,Trento Prens-Piskoposluğu,kaynak doğrulanmadı
Mantova,45.156,10.791,sehir,1281,1281-epok,,mantua,EVET,aday-listesi,Mantova Komünü/Bonacolsi,kaynak doğrulanmadı
Parma,44.801,10.328,sehir,1281,1281-epok,,__BOSLUK__,EVET,aday-listesi,Parma Komünü,kaynak doğrulanmadı
Ferrara,44.836,11.619,sehir,1281,1281-epok,,ferrara,EVET,aday-listesi,Ferrara/Este 1240,kaynak doğrulanmadı
Modena,44.647,10.925,sehir,1281,1281-epok,,ferrara,,,,
Bolonya,44.494,11.343,sehir,1281,1281-epok,,papalik,EVET,aday-listesi,Bologna Komünü,kaynak doğrulanmadı
Ravenna,44.418,12.203,sehir,1281,1281-epok,,papalik,EVET,aday-listesi,Ravenna,kaynak doğrulanmadı
Rimini,44.06,12.565,liman,1281,1281-epok,,papalik,,,,
Ancona,43.617,13.517,liman,1281,1281-epok,,papalik,EVET,aday-listesi,Ancona,kaynak doğrulanmadı
Perugia,43.111,12.389,sehir,1281,1281-epok,,papalik,,,,
Siena,43.319,11.331,sehir,1281,1281-epok,,siena,EVET,aday-listesi,Siena Komünü,kaynak doğrulanmadı
Pisa,43.716,10.397,sehir,1281,1281-epok,,piza,EVET,aday-listesi,Piza Cumhuriyeti,kaynak doğrulanmadı
L'Aquila,42.35,13.399,sehir,1281,1281-epok,,napoli,,,,
Bari,41.117,16.871,liman,1281,1281-epok,,napoli,EVET,aday-listesi,Bizans Katepanlığı → Norman 1071,kaynak doğrulanmadı
Foggia,41.462,15.544,sehir,1281,1281-epok,,napoli,,,,
Cosenza,39.298,16.253,sehir,1281,1281-epok,,napoli,,,,
Reggio Calabria,38.111,15.647,liman,1281,1281-epok,,napoli,,,,
Katanya (Catania),37.502,15.087,liman,1281,1281-epok,,napoli,EVET,aday-listesi,Norman,kaynak doğrulanmadı
Delhi,28.644,77.216,sehir,1281,1281-epok,,delhi-sultanligi,EVET,0930-eksen;aday-listesi,Tomara/Çahamana → Delhi Sultanlığı 1206,TDV: delhi (önbellek denetim/GLM1-TDV-ONBELLEK/delhi.txt; gövdede 1000-1280 yılı 8 kez)
Agra,27.177,78.008,sehir,1504,>1281,1504-01-01,delhi-sultanligi,,,,
Mathura,27.492,77.673,sehir,1281,1281-epok,,delhi-sultanligi,,,,
Mîrat (Meerut),28.984,77.706,sehir,1281,1281-epok,,delhi-sultanligi,,,,
Pânipat,29.39,76.977,sehir,1281,1281-epok,,delhi-sultanligi,,,,
Hisâr-ı Fîrûze,29.153,75.722,kale,1354,>1281,1354-01-01,delhi-sultanligi,,,,
Koil (Aligarh),27.897,78.088,kale,1281,1281-epok,,delhi-sultanligi,,,,
Etâve (Etawah),26.776,79.015,sehir,1281,1281-epok,,delhi-sultanligi,,,,
Kannauc,27.055,79.916,sehir,1281,1281-epok,,delhi-sultanligi,EVET,0930-eksen;aday-listesi,Gurjara-Pratihâra → Gahadavala,kaynak doğrulanmadı
Kanpûr,26.45,80.332,sehir,1281,1281-epok,,delhi-sultanligi,,,,
Leknev (Lucknow),26.847,80.947,sehir,1281,1281-epok,,delhi-sultanligi,,,,
Feyzâbâd (Ayodhya),26.775,82.145,sehir,1281,1281-epok,,delhi-sultanligi,,,,
Cavnpur (Jaunpur),25.75,82.684,sehir,1359,>1281,1359-01-01,delhi-sultanligi,,,,
Benâres (Vârânasî),25.317,83.006,sehir,1281,1281-epok,,delhi-sultanligi,EVET,aday-listesi,Gahadavala → Delhi,kaynak doğrulanmadı
Ilâhâbâd (Allahabad),25.436,81.847,sehir,1281,1281-epok,,delhi-sultanligi,,,,
Gorakhpûr,26.76,83.373,sehir,1281,1281-epok,,delhi-sultanligi,,,,
Katmandu,27.717,85.324,sehir,1281,1281-epok,,nepal,EVET,aday-listesi,Nepal (Malla 1200),kaynak doğrulanmadı
Lahor,31.549,74.343,sehir,1281,1281-epok,,delhi-sultanligi,EVET,0930-eksen;aday-listesi,Gazneli (son başkent) → Gurlu → Delhi,TDV: lahor (önbellek denetim/GLM1-TDV-ONBELLEK/lahor.txt; gövdede 1000-1280 yılı 11 kez)
Multan,30.198,71.475,sehir,1281,1281-epok,,delhi-sultanligi,EVET,0930-eksen;aday-listesi,Gazneli → Gurlu → Kabâce,TDV: multan (önbellek denetim/GLM1-TDV-ONBELLEK/multan.txt; gövdede 1000-1280 yılı 5 kez)
Amritsar,31.634,74.873,sehir,1577,>1281,1577-01-01,babur-imparatorlugu,,,,
Sirhind,30.641,76.383,kale,1281,1281-epok,,delhi-sultanligi,,,,
Câlandhar (Jalandhar),31.326,75.576,sehir,1281,1281-epok,,delhi-sultanligi,,,,
Ludhiyana,30.901,75.857,sehir,1480,>1281,1480-01-01,delhi-sultanligi,,,,
Siyâlkot,32.494,74.531,sehir,1281,1281-epok,,delhi-sultanligi,,,,
Attock,33.766,72.36,kale,1581,>1281,1581-01-01,babur-imparatorlugu,,,,
Râvalpindi,33.598,73.048,sehir,1281,1281-epok,,delhi-sultanligi,,,,
Peşâver,34.008,71.578,sehir,1281,1281-epok,,delhi-sultanligi,EVET,aday-listesi,Hindû Şahî → Gazneli 1001,kaynak doğrulanmadı
Kâbil,34.528,69.172,sehir,1281,1281-epok,,cagatay,EVET,aday-listesi,Gazneli/Gurlu,kaynak doğrulanmadı
Gazne,33.551,68.423,sehir,1281,1281-epok,,cagatay,EVET,0930-eksen;aday-listesi,Gazneli başkenti → Gurlu 1173,TDV: gazne (önbellek denetim/GLM1-TDV-ONBELLEK/gazne.txt; gövdede 1000-1280 yılı 15 kez)
Kandehar,31.61,65.71,sehir,1281,1281-epok,,cagatay,,,,
Srinagar (Keşmir),34.084,74.797,sehir,1281,1281-epok,,kesmir,EVET,aday-listesi,Keşmir Krallığı (Lohara),TDV: kesmir (önbellek denetim/GLM1-TDV-ONBELLEK/kesmir.txt; gövdede 1000-1280 yılı 10 kez)
Cammû (Jammu),32.734,74.869,sehir,1281,1281-epok,,kesmir,,,,
Leh (Ladakh),34.164,77.585,sehir,1281,1281-epok,,ladak,,,,
Tatta (Thatta),24.747,67.924,sehir,1281,1281-epok,,sind,EVET,aday-listesi,Sumra/Sind,kaynak doğrulanmadı
Haydarâbâd (Sind),25.396,68.377,sehir,1768,>1281,1768-01-01,sind,,,,
Karaçi,24.861,67.01,liman,1729,>1281,1729-01-01,sind,,,,
Şikârpûr,27.955,68.638,sehir,1617,>1281,1617-01-01,babur-imparatorlugu,,,,
Bahâvelpûr,29.395,71.684,sehir,1748,>1281,1748-01-01,bahavelpur,,,,
Ecmîr (Ajmer),26.45,74.639,sehir,1281,1281-epok,,delhi-sultanligi,EVET,aday-listesi,Çahamana başkenti → Gurlu 1192,TDV: ecmir (önbellek denetim/GLM1-EPOK-SAHIP-1009-tdv-onbellek/ecmir.txt; gövdede 1000-1280 yılı 7 kez)
Çitor (Chittorgarh),24.879,74.629,kale,1281,1281-epok,,racput,,,,
Udeypûr (Udaipur),24.585,73.712,sehir,1559,>1281,1559-01-01,racput,,,,
Codhpûr (Jodhpur),26.288,73.019,sehir,1459,>1281,1459-01-01,racput,,,,
Caypûr (Jaipur),26.912,75.787,sehir,1727,>1281,1727-01-01,racput,,,,
Caysalmer,26.915,70.912,kale,1281,1281-epok,,racput,,,,
Bikaner,28.022,73.312,sehir,1488,>1281,1488-01-01,racput,,,,
Bharatpûr,27.217,77.49,kale,1733,>1281,1733-01-01,bharatpur-cat,,,,
Ahmedâbâd,23.023,72.571,sehir,1411,>1281,1411-02-26,gucerat-sultanligi,,,,
Sûrat,21.17,72.831,liman,1281,1281-epok,,racput,,,,
Kanbâyet (Khambhat),22.317,72.62,liman,1281,1281-epok,,racput,EVET,aday-listesi,Çalukya limanı,kaynak doğrulanmadı
Diu,20.714,70.985,liman,1281,1281-epok,,racput,,,,
Cûnâgadh,21.522,70.457,kale,1281,1281-epok,,racput,,,,
Bhuc (Kutch),23.242,69.667,sehir,1510,>1281,1510-01-01,racput,,,,
Patan (Anhilvâda),23.85,72.126,sehir,1281,1281-epok,,racput,EVET,aday-listesi,Çalukya (Solanki) başkenti,kaynak doğrulanmadı
Çampâner,22.486,73.537,kale,1281,1281-epok,,racput,,,,
Broaç (Bharuch),21.7153,72.995,liman,1281,1281-epok,,racput,,,,
Mandu (Mândû),22.336,75.403,kale,1281,1281-epok,,racput,,,,
Uccayn (Ujjain),23.179,75.785,sehir,1281,1281-epok,,racput,EVET,aday-listesi,Paramâra,kaynak doğrulanmadı
İndor (Indore),22.72,75.858,sehir,1715,>1281,1715-01-01,babur-imparatorlugu,,,,
Gvalyar (Gwalior),26.218,78.183,kale,1281,1281-epok,,delhi-sultanligi,EVET,aday-listesi,Kaçapaghata/Pratihâra → Delhi,kaynak doğrulanmadı
Bhopâl,23.259,77.413,sehir,1707,>1281,1707-01-01,bhopal,,,,
Nagpûr,21.146,79.088,sehir,1702,>1281,1702-01-01,gond-kralliklari,,,,
Cabalpûr (Jabalpur),23.181,79.987,sehir,1281,1281-epok,,__BOSLUK__,,,,
Patna (Azîmâbâd),25.594,85.138,sehir,1281,1281-epok,,delhi-sultanligi,,,,
Gayâ,24.796,85.001,sehir,1281,1281-epok,,delhi-sultanligi,,,,
Mungîr (Monghyr),25.375,86.474,kale,1281,1281-epok,,delhi-sultanligi,,,,
Bhâgalpûr,25.244,86.982,sehir,1281,1281-epok,,delhi-sultanligi,,,,
Gaur (Lakhnautî),24.868,88.133,sehir,1281,1281-epok,,delhi-sultanligi,EVET,aday-listesi,Sena → Halacî/Delhi Bengal 1204,kaynak doğrulanmadı
Pandua (Hazret Pandua),25.135,88.15,sehir,1281,1281-epok,,delhi-sultanligi,,,,
Râcmahal,25.052,87.836,sehir,1592,>1281,1592-01-01,babur-imparatorlugu,,,,
Murşidâbâd,24.18,88.27,sehir,1704,>1281,1704-01-01,babur-imparatorlugu,,,,
Dakka (Dhaka),23.811,90.413,sehir,1281,1281-epok,,delhi-sultanligi,,,,
Sonârgâon,23.646,90.599,sehir,1281,1281-epok,,delhi-sultanligi,,,,
Çatgam (Chittagong),22.335,91.834,liman,1281,1281-epok,,delhi-sultanligi,,,,
Kalküta,22.572,88.364,liman,1690,>1281,1690-08-24,ingiltere,,,,
Hûglî (Hooghly),22.897,88.39,liman,1281,1281-epok,,delhi-sultanligi,,,,
Çandernagor,22.862,88.357,liman,1688,>1281,1688-01-01,fransa,,,,
Kattak (Cuttack),20.463,85.883,sehir,1281,1281-epok,,orissa,EVET,aday-listesi,Doğu Ganga (Orissa) başkenti,kaynak doğrulanmadı
Puri,19.813,85.831,sehir,1281,1281-epok,,orissa,,,,
Bâlâsor (Balasore),21.494,86.933,liman,1281,1281-epok,,orissa,,,,
Gauhâtî (Guwahati),26.145,91.736,sehir,1281,1281-epok,,ahom,,,,
Sibsâgar (Rangpûr),26.985,94.638,sehir,1281,1281-epok,,ahom,,,,
İmphâl (Manipûr),24.817,93.937,sehir,1281,1281-epok,,manipur,,,,
Devagiri (Devletâbâd),19.943,75.22,kale,1281,1281-epok,,yadava,EVET,aday-listesi,Yâdava başkenti 1187,kaynak doğrulanmadı
Evrengâbâd,19.877,75.343,sehir,1610,>1281,1610-01-01,ahmednagar,,,,
Ahmednagar,19.095,74.748,sehir,1490,>1281,1490-01-01,ahmednagar,,,,
Elicpûr (Achalpur),21.257,77.512,sehir,1281,1281-epok,,yadava,,,,
Bîdar,17.913,77.52,kale,1281,1281-epok,,kakatiya,,,,
Gülberge (Gulbarga),17.33,76.834,sehir,1281,1281-epok,,yadava,,,,
Bîcâpur (Bijapur),16.827,75.71,sehir,1281,1281-epok,,yadava,,,,
Golkonda,17.383,78.401,kale,1281,1281-epok,,kakatiya,,,,
Haydarâbâd (Dekken),17.385,78.487,sehir,1591,>1281,1591-01-01,golkonda,,,,
Varangal (Warangal),17.978,79.594,kale,1281,1281-epok,,kakatiya,EVET,aday-listesi,Kâkatiya başkenti,kaynak doğrulanmadı
Pûne (Poona),18.52,73.856,sehir,1281,1281-epok,,yadava,,,,
Raygad,18.234,73.441,kale,1281,1281-epok,,yadava,,,,
Satâra,17.686,74.007,sehir,1281,1281-epok,,yadava,,,,
Kolhapûr,16.705,74.243,sehir,1281,1281-epok,,yadava,,,,
Nâsik,19.998,73.79,sehir,1281,1281-epok,,yadava,,,,
Bombay,18.9418,72.8265,liman,1281,1281-epok,,yadava,,,,
Çaul (Chaul),18.56,72.92,liman,1281,1281-epok,,yadava,,,,
Goa,15.503,73.912,liman,1281,1281-epok,,yadava,,,,
Mangalor,12.914,74.856,liman,1281,1281-epok,,hoysala,,,,
Vijayanagara (Hampi),15.335,76.462,sehir,1336,>1281,1336-01-01,vijayanagara,,,,
Raycur (Raichur),16.207,77.355,kale,1281,1281-epok,,kakatiya,,,,
Kurnûl (Kurnool),15.828,78.037,sehir,1281,1281-epok,,kakatiya,,,,
Bangalor,12.972,77.594,sehir,1537,>1281,1537-01-01,vijayanagara,,,,
Seringapatam (Şrirangapatnam),12.412,76.694,kale,1281,1281-epok,,hoysala,,,,
Meysûr (Mysore),12.295,76.639,sehir,1281,1281-epok,,hoysala,,,,
Madras (Chennai),13.083,80.27,liman,1639,>1281,1639-08-22,ingiltere,,,,
Pondişeri,11.934,79.83,liman,1674,>1281,1674-01-01,fransa,,,,
Nagapatnam,10.766,79.843,liman,1281,1281-epok,,pandya,,,,
Tranquebar (Tharangambadi),11.029,79.851,liman,1281,1281-epok,,pandya,,,,
Tancûr (Thanjavur),10.787,79.138,sehir,1281,1281-epok,,pandya,EVET,0930-eksen;aday-listesi,Çola başkenti,kaynak doğrulanmadı
Madurai,9.925,78.119,sehir,1281,1281-epok,,pandya,EVET,aday-listesi,Pandya başkenti,kaynak doğrulanmadı
Trichinopoly (Tiruchirappalli),10.79,78.704,kale,1281,1281-epok,,pandya,,,,
Cinci (Gingee),12.252,79.397,kale,1281,1281-epok,,pandya,,,,
Vellor (Vellore),12.916,79.132,kale,1281,1281-epok,,pandya,,,,
Arkot (Arcot),12.906,79.32,sehir,1281,1281-epok,,pandya,,,,
Kalikut (Kozhikode),11.259,75.78,liman,1281,1281-epok,,kalikut,EVET,aday-listesi,Zamorin,kaynak doğrulanmadı
Koçin (Kochi),9.9551,76.2505,liman,1281,1281-epok,,kocin,,,,
Kannûr (Cannanore),11.868,75.355,liman,1281,1281-epok,,kalikut,,,,
Kolam (Quilon),8.893,76.614,liman,1281,1281-epok,,travankur,EVET,aday-listesi,Venad,kaynak doğrulanmadı
Trivandrum (Thiruvananthapuram),8.524,76.936,sehir,1281,1281-epok,,travankur,,,,
Masulipatnam,16.19,81.13,liman,1281,1281-epok,,kakatiya,,,,
Râcahmundry,17.005,81.777,sehir,1281,1281-epok,,kakatiya,,,,
Vişâkapatnam,17.687,83.219,liman,1281,1281-epok,,kakatiya,,,,
Kolombo,6.927,79.861,liman,1281,1281-epok,,seylan-sinhala,,,,
Kandy,7.291,80.636,sehir,1281,1281-epok,,seylan-sinhala,,,,
Yafna (Jaffna),9.661,80.026,sehir,1281,1281-epok,,yafna,,,,
Pekin (Hanbalık),39.904,116.407,sehir,1281,1281-epok,,yuan-hanedani,EVET,0930-eksen;aday-listesi,Liao Nanjing → Jin Zhongdu → Moğol/Yuan Hanbalık,kaynak doğrulanmadı
Tiencin (Tianjin),39.084,117.201,liman,1404,>1281,1404-01-01,ming-hanedani,,,,
Baoding,38.874,115.464,sehir,1281,1281-epok,,yuan-hanedani,,,,
Zhengding,38.144,114.573,sehir,1281,1281-epok,,yuan-hanedani,,,,
Kalgan (Zhangjiakou),40.812,114.879,kale,1429,>1281,1429-01-01,ming-hanedani,,,,
Cehol (Chengde),40.976,117.939,sehir,1703,>1281,1703-01-01,qing-hanedani,,,,
Datong,40.076,113.3,kale,1281,1281-epok,,yuan-hanedani,EVET,aday-listesi,Liao/Jin batı başkenti,kaynak doğrulanmadı
Taiyuan,37.87,112.548,sehir,1281,1281-epok,,yuan-hanedani,,,,
Pingyao,37.201,112.175,sehir,1281,1281-epok,,yuan-hanedani,,,,
Xi'an (Chang'an),34.342,108.94,sehir,1281,1281-epok,,yuan-hanedani,EVET,0930-eksen;aday-listesi,Song → Jin,kaynak doğrulanmadı
Luoyang,34.663,112.434,sehir,1281,1281-epok,,yuan-hanedani,EVET,aday-listesi,Song → Jin,kaynak doğrulanmadı
Kaifeng,34.797,114.307,sehir,1281,1281-epok,,yuan-hanedani,EVET,0930-eksen;aday-listesi,Kuzey Song başkenti → Jin 1127,kaynak doğrulanmadı
Zhengzhou,34.746,113.625,sehir,1281,1281-epok,,yuan-hanedani,,,,
Anyang,36.097,114.393,sehir,1281,1281-epok,,yuan-hanedani,,,,
Jinan,36.651,117.12,sehir,1281,1281-epok,,yuan-hanedani,,,,
Qufu,35.597,116.991,sehir,1281,1281-epok,,yuan-hanedani,,,,
Qingdao (Tsingtau),36.067,120.383,liman,1898,>1281,1898-03-06,almanya,,,,
Yantai (Chefoo),37.464,121.448,liman,1281,1281-epok,,yuan-hanedani,,,,
Xuzhou,34.205,117.284,kale,1281,1281-epok,,yuan-hanedani,,,,
Nanking (Nanjing),32.06,118.797,sehir,1281,1281-epok,,yuan-hanedani,EVET,aday-listesi,Song,kaynak doğrulanmadı
Yangzhou,32.394,119.413,sehir,1281,1281-epok,,yuan-hanedani,,,,
Suzhou,31.299,120.585,sehir,1281,1281-epok,,yuan-hanedani,,,,
Hangzhou,30.274,120.155,sehir,1281,1281-epok,,yuan-hanedani,EVET,0930-eksen;aday-listesi,Güney Song başkenti 1138-1276,kaynak doğrulanmadı
Shaoxing,30.03,120.58,sehir,1281,1281-epok,,yuan-hanedani,,,,
Şanghay,31.23,121.474,liman,1281,1281-epok,,yuan-hanedani,,,,
Ningbo,29.868,121.544,liman,1281,1281-epok,,yuan-hanedani,EVET,aday-listesi,Song limanı,kaynak doğrulanmadı
Wenzhou,27.994,120.699,liman,1281,1281-epok,,yuan-hanedani,,,,
Hefei,31.821,117.227,sehir,1281,1281-epok,,yuan-hanedani,,,,
Anqing,30.509,117.043,kale,1281,1281-epok,,yuan-hanedani,,,,
Wuchang (Wuhan),30.5657,114.3337,sehir,1281,1281-epok,,yuan-hanedani,,,,
Jingzhou,30.35,112.19,kale,1281,1281-epok,,yuan-hanedani,,,,
Xiangyang,32.009,112.122,kale,1281,1281-epok,,yuan-hanedani,,,,
Changsha,28.228,112.939,sehir,1281,1281-epok,,yuan-hanedani,,,,
Nanchang,28.682,115.858,sehir,1281,1281-epok,,yuan-hanedani,,,,
Jiujiang,29.705,116.001,liman,1281,1281-epok,,yuan-hanedani,,,,
Çengdu (Chengdu),30.572,104.066,sehir,1281,1281-epok,,yuan-hanedani,EVET,aday-listesi,Song,kaynak doğrulanmadı
Çongqing (Chongqing),29.563,106.552,liman,1281,1281-epok,,yuan-hanedani,,,,
Kunming,25.038,102.718,sehir,1281,1281-epok,,yuan-hanedani,,,,
Dali,25.606,100.267,sehir,1281,1281-epok,,yuan-hanedani,EVET,aday-listesi,Dali Krallığı başkenti → Moğol 1253,kaynak doğrulanmadı
Guiyang,26.647,106.63,sehir,1281,1281-epok,,yuan-hanedani,,,,
Lanzhou,36.061,103.834,sehir,1281,1281-epok,,yuan-hanedani,,,,
Zhangye (Ganzhou),38.926,100.45,kale,1281,1281-epok,,yuan-hanedani,,,,
Ciyayuguan (Jiayuguan),39.797,98.289,kale,1372,>1281,1372-01-01,ming-hanedani,,,,
Dunhuang,40.142,94.662,sehir,1281,1281-epok,,yuan-hanedani,EVET,aday-listesi,Batı Xia 1036-1227,kaynak doğrulanmadı
Xining,36.617,101.778,sehir,1281,1281-epok,,yuan-hanedani,,,,
Yinchuan (Ningxia),38.487,106.231,kale,1281,1281-epok,,yuan-hanedani,EVET,0930-eksen;aday-listesi,Batı Xia başkenti 1038-1227,kaynak doğrulanmadı
Kanton (Guangzhou),23.129,113.264,liman,1281,1281-epok,,yuan-hanedani,EVET,aday-listesi,Song,kaynak doğrulanmadı
Makao (Macau),22.199,113.544,liman,1281,1281-epok,,yuan-hanedani,,,,
Hong Kong,22.32,114.17,liman,1841,>1281,1841-01-26,ingiltere,,,,
Zeytun (Quanzhou),24.876,118.6653,liman,1281,1281-epok,,yuan-hanedani,EVET,aday-listesi,Song ana limanı,kaynak doğrulanmadı
Fuzhou,26.074,119.296,liman,1281,1281-epok,,yuan-hanedani,,,,
Amoy (Xiamen),24.4899,118.0841,liman,1281,1281-epok,,yuan-hanedani,,,,
Zhangzhou,24.513,117.647,sehir,1281,1281-epok,,yuan-hanedani,,,,
Chaozhou,23.657,116.622,sehir,1281,1281-epok,,yuan-hanedani,,,,
Swatow (Shantou),23.363,116.6798,liman,1281,1281-epok,,yuan-hanedani,,,,
Guilin,25.274,110.29,sehir,1281,1281-epok,,yuan-hanedani,,,,
Nanning,22.817,108.367,sehir,1281,1281-epok,,yuan-hanedani,,,,
Beihai (Pakhoi),21.481,109.12,liman,1281,1281-epok,,yuan-hanedani,,,,
Qiongzhou (Haikou),20.044,110.199,liman,1281,1281-epok,,yuan-hanedani,,,,
Wuzhou,23.477,111.279,liman,1281,1281-epok,,yuan-hanedani,,,,
Tainan,22.993,120.203,liman,1624,>1281,1624-08-26,hollanda-dogu-hint,,,,
Taipei,25.033,121.565,sehir,1709,>1281,1709-01-01,qing-hanedani,,,,
Penghu (Pescadores),23.571,119.579,liman,1281,1281-epok,,yuan-hanedani,,,,
Mukden (Şenyang),41.805,123.431,sehir,1281,1281-epok,,yuan-hanedani,,,,
Liaoyang,41.267,123.174,kale,1281,1281-epok,,yuan-hanedani,,,,
Cilin (Jilin),43.837,126.55,sehir,1673,>1281,1673-01-01,qing-hanedani,,,,
Ningguta,44.35,129.47,kale,1653,>1281,1653-01-01,qing-hanedani,,,,
Aigun,50.243,127.463,kale,1683,>1281,1683-01-01,qing-hanedani,,,,
Harbin,45.803,126.534,sehir,1898,>1281,1898-01-01,qing-hanedani,,,,
Lüşun (Port Arthur),38.813,121.216,liman,1281,1281-epok,,yuan-hanedani,,,,
Karakurum,47.198,102.833,sehir,1281,1281-epok,,yuan-hanedani,EVET,0930-eksen;aday-listesi,Moğol İmparatorluğu başkenti 1235-1260,kaynak doğrulanmadı
Urga (Ulan Batur),47.886,106.906,sehir,1639,>1281,1639-01-01,kuzey-yuan,,,,
Uliastay,47.742,96.844,kale,1733,>1281,1733-01-01,qing-hanedani,,,,
Kobdo (Hovd),48.006,91.641,kale,1281,1281-epok,,yuan-hanedani,,,,
Hohhot (Kuku-hoto),40.842,111.75,sehir,1581,>1281,1581-01-01,kuzey-yuan,,,,
Kaşgar,39.47,75.99,sehir,1281,1281-epok,,cagatay,EVET,0930-eksen;0930-var-aday(1014);ONERI-B2;aday-listesi,Doğu Karahanlı başkenti → Karahitay → Moğol,TDV: kasgar (önbellek denetim/GLM1-TDV-ONBELLEK/kasgar.txt; gövdede 1000-1280 yılı 5 kez)
Yarkent (Şaçe),38.416,77.243,sehir,1281,1281-epok,,cagatay,EVET,aday-listesi,Karahanlı/Karahitay,kaynak doğrulanmadı
Hotan,37.117,79.928,sehir,1281,1281-epok,,cagatay,EVET,aday-listesi,Karahanlı 1006 sonrası,kaynak doğrulanmadı
Kuça (Kuqa),41.717,82.962,sehir,1281,1281-epok,,cagatay,EVET,aday-listesi,Uygur/Karahanlı,kaynak doğrulanmadı
Turfan,42.951,89.19,sehir,1281,1281-epok,,cagatay,EVET,aday-listesi,Koço Uygur başkenti 911-1209 → Moğol tâbi,kaynak doğrulanmadı
Hâmi (Kumul),42.828,93.515,sehir,1281,1281-epok,,yuan-hanedani,EVET,aday-listesi,Uygur/Batı Xia,kaynak doğrulanmadı
Ürümçi (Dihua),43.826,87.616,sehir,1763,>1281,1763-01-01,qing-hanedani,,,,
Gulca (Yining),43.913,81.324,sehir,1281,1281-epok,,cagatay,,,,
Lhasa,29.652,91.172,sehir,1281,1281-epok,,yuan-hanedani,EVET,aday-listesi,Tibet (dinî merkez),kaynak doğrulanmadı
Şigatse,29.268,88.881,sehir,1281,1281-epok,,yuan-hanedani,,,,
Gyantse,28.95,89.602,kale,1281,1281-epok,,yuan-hanedani,,,,
Çamdo (Chamdo),31.14,97.178,sehir,1281,1281-epok,,yuan-hanedani,,,,
Şanhayguan,40.01,119.753,kale,1381,>1281,1381-01-01,ming-hanedani,,,,
Tongguan,34.516,110.263,kale,1281,1281-epok,,yuan-hanedani,,,,
Yan'an,36.585,109.49,sehir,1281,1281-epok,,yuan-hanedani,,,,
Wuhu,31.326,118.376,liman,1281,1281-epok,,yuan-hanedani,,,,
Şaoguan,24.801,113.591,sehir,1281,1281-epok,,yuan-hanedani,,,,
Leizhou,20.914,110.096,liman,1281,1281-epok,,yuan-hanedani,,,,
Baotou,40.657,109.84,sehir,1809,>1281,1809-01-01,qing-hanedani,,,,
Qiqihar,47.354,123.918,kale,1691,>1281,1691-01-01,qing-hanedani,,,,
Kyoto,35.011,135.768,sehir,1281,1281-epok,,kamakura,EVET,0930-eksen;aday-listesi,Heian Japonya / imparatorluk başkenti,kaynak doğrulanmadı
Edo (Tokyo),35.69,139.692,sehir,1457,>1281,1457-01-01,muromachi,,,,
Osaka,34.694,135.502,liman,1281,1281-epok,,kamakura,,,,
Nara,34.685,135.805,sehir,1281,1281-epok,,kamakura,EVET,aday-listesi,Japonya (dinî merkez),kaynak doğrulanmadı
Sakai,34.573,135.483,liman,1281,1281-epok,,kamakura,,,,
Kamakura,35.319,139.55,sehir,1281,1281-epok,,kamakura,EVET,0930-eksen;aday-listesi,Kamakura Şogunluğu 1185,kaynak doğrulanmadı
Odawara,35.264,139.152,kale,1281,1281-epok,,kamakura,,,,
Sunpu (Şizuoka),34.976,138.383,sehir,1281,1281-epok,,kamakura,,,,
Nagoya,35.181,136.907,sehir,1610,>1281,1610-01-01,edo-bakufu,,,,
Gifu,35.423,136.76,kale,1281,1281-epok,,kamakura,,,,
Kanazawa,36.562,136.649,sehir,1546,>1281,1546-01-01,muromachi,,,,
Fukui,36.064,136.22,sehir,1575,>1281,1575-01-01,azuchi-momoyama,,,,
Niigata,37.916,139.036,liman,1281,1281-epok,,kamakura,,,,
Matsue,35.468,133.049,sehir,1607,>1281,1607-01-01,edo-bakufu,,,,
Himeji,34.815,134.686,kale,1281,1281-epok,,kamakura,,,,
Okayama,34.655,133.919,sehir,1281,1281-epok,,kamakura,,,,
Hiroşima,34.385,132.455,liman,1589,>1281,1589-01-01,azuchi-momoyama,,,,
Yamaguchi,34.186,131.471,sehir,1360,>1281,1360-01-01,muromachi,,,,
Matsuyama,33.839,132.766,sehir,1602,>1281,1602-01-01,azuchi-momoyama,,,,
Kōchi,33.56,133.531,liman,1601,>1281,1601-01-01,azuchi-momoyama,,,,
Hakata (Fukuoka),33.59,130.402,liman,1281,1281-epok,,kamakura,EVET,aday-listesi,Japonya Kyushu merkezi,kaynak doğrulanmadı
Nagazaki,32.75,129.878,liman,1571,>1281,1571-01-01,azuchi-momoyama,,,,
Kumamoto,32.803,130.708,kale,1281,1281-epok,,kamakura,,,,
Funai (Ōita),33.238,131.613,liman,1281,1281-epok,,kamakura,,,,
Kagoşima,31.596,130.557,liman,1281,1281-epok,,kamakura,,,,
Tsuşima (İzuhara),34.203,129.289,liman,1281,1281-epok,,kamakura,,,,
Sendai,38.268,140.87,sehir,1600,>1281,1600-01-01,azuchi-momoyama,,,,
Aizu-Wakamatsu,37.495,139.93,kale,1281,1281-epok,,kamakura,,,,
Morioka,39.702,141.155,sehir,1597,>1281,1597-01-01,azuchi-momoyama,,,,
Hirosaki,40.603,140.464,kale,1611,>1281,1611-01-01,edo-bakufu,,,,
Matsumae,41.428,140.112,kale,1550,>1281,,muromachi,,,,
Hakodate,41.769,140.729,liman,1550,>1281,,muromachi,,,,
Sapporo,43.062,141.354,sehir,1869,>1281,1869-01-01,meiji-japonya,,,,
Şuri (Naha),26.217,127.719,sehir,1281,1281-epok,,ryukyu,,,,
Kaesong,37.972,126.554,sehir,1281,1281-epok,,goryeo,EVET,0930-eksen;aday-listesi,Goryeo başkenti,kaynak doğrulanmadı
Seul (Hanyang),37.566,126.978,sehir,1281,1281-epok,,goryeo,,,,
Pyongyang,39.019,125.738,sehir,1281,1281-epok,,goryeo,,,,
Pusan,35.18,129.076,liman,1281,1281-epok,,goryeo,,,,
İnçon (Incheon),37.456,126.705,liman,1281,1281-epok,,goryeo,,,,
Ganghwa,37.747,126.488,kale,1281,1281-epok,,goryeo,,,,
Kyongcu (Gyeongju),35.856,129.225,sehir,1281,1281-epok,,goryeo,EVET,aday-listesi,Goryeo (eski Silla başkenti),kaynak doğrulanmadı
Taegu (Daegu),35.872,128.601,sehir,1281,1281-epok,,goryeo,,,,
Concu (Jeonju),35.824,127.148,sehir,1281,1281-epok,,goryeo,,,,
Kongcu (Gongju),36.455,127.119,sehir,1281,1281-epok,,goryeo,,,,
Çungcu (Chungju),36.991,127.926,sehir,1281,1281-epok,,goryeo,,,,
Ûicu (Uiju),40.152,124.523,kale,1281,1281-epok,,goryeo,,,,
Hamhung,39.918,127.536,sehir,1281,1281-epok,,yuan-hanedani,,,,
Wonsan,39.147,127.444,liman,1281,1281-epok,,yuan-hanedani,,,,
Kyongsong (Gyeongseong),41.575,129.598,kale,1434,>1281,1434-01-01,joseon,,,,
Ceccu (Jeju),33.5,126.531,liman,1281,1281-epok,,yuan-hanedani,,,,
Pagan,21.171,94.86,sehir,1281,1281-epok,,pagan,EVET,0930-eksen;aday-listesi,Pagan Krallığı başkenti,kaynak doğrulanmadı
Ava (İnwa),21.855,95.981,sehir,1364,>1281,1364-01-01,ava,,,,
Mandalay,21.975,96.084,sehir,1857,>1281,1857-01-01,konbaung,,,,
Pegu (Bago),17.335,96.479,sehir,1281,1281-epok,,pagan,,,,
Rangun (Yangon),16.871,96.199,liman,1281,1281-epok,,pagan,,,,
Toungoo,18.943,96.435,kale,1281,1281-epok,,pagan,,,,
Prome (Pyay),18.817,95.213,kale,1281,1281-epok,,pagan,,,,
Mrauk U (Arakan),20.588,93.191,sehir,1281,1281-epok,,arakan,,,,
Moulmein (Mawlamyine),16.4821,97.6462,liman,1281,1281-epok,,pagan,,,,
Tavoy (Dawei),14.084,98.199,liman,1281,1281-epok,,pagan,,,,
Mergui (Myeik),12.4361,98.613,liman,1281,1281-epok,,pagan,,,,
Kengtung,21.29,99.605,sehir,1281,1281-epok,,san-devletleri,,,,
Sukhothai,17.02,99.703,sehir,1281,1281-epok,,sukhothai,EVET,0930-eksen;aday-listesi,Sukhothai Krallığı 1238,kaynak doğrulanmadı
Ayutthaya,14.353,100.578,sehir,1351,>1281,1351-03-04,ayutthaya,,,,
Bangkok (Tonburi),13.754,100.501,sehir,1767,>1281,1767-12-28,tonburi,,,,
Chiang Mai,18.788,98.985,sehir,1296,>1281,1296-04-12,lan-na,,,,
Nakhon Si Thammarat,8.432,99.964,sehir,1281,1281-epok,,sukhothai,EVET,aday-listesi,Tambralinga,kaynak doğrulanmadı
Luang Prabang,19.885,102.135,sehir,1281,1281-epok,,__BOSLUK__,,,,
Vientiane,17.975,102.63,sehir,1281,1281-epok,,__BOSLUK__,,,,
Champasak,14.892,105.876,sehir,1713,>1281,1713-01-01,laos-kralliklari,,,,
Angkor (Siem Reap),13.412,103.867,sehir,1281,1281-epok,,angkor-kmer,EVET,0930-eksen;aday-listesi,Kmer İmparatorluğu başkenti,kaynak doğrulanmadı
Battambang,13.096,103.203,sehir,1281,1281-epok,,angkor-kmer,,,,
Phnom Penh,11.562,104.888,sehir,1434,>1281,1434-01-01,kamboc-kralligi,,,,
Oudong,11.808,104.744,sehir,1618,>1281,1618-01-01,kamboc-kralligi,,,,
Hanoi (Thăng Long),21.028,105.834,sehir,1281,1281-epok,,tran-hanedani,EVET,0930-eksen;aday-listesi,Lý 1010 → Trần 1225,kaynak doğrulanmadı
Cao Bằng,22.666,106.258,kale,1281,1281-epok,,tran-hanedani,,,,
Lạng Sơn,21.853,106.761,kale,1281,1281-epok,,tran-hanedani,,,,
Huế (Phú Xuân),16.463,107.585,sehir,1281,1281-epok,,campa,,,,
Hội An (Faifo),15.88,108.335,liman,1281,1281-epok,,campa,,,,
Đà Nẵng (Tourane),16.054,108.202,liman,1281,1281-epok,,campa,,,,
Vijaya (Quy Nhơn),13.9,109.1,kale,1281,1281-epok,,campa,EVET,aday-listesi,Çampa başkenti,kaynak doğrulanmadı
Phan Rang (Panduranga),11.564,108.988,sehir,1281,1281-epok,,campa,,,,
Saygon (Gia Định),10.823,106.63,liman,1281,1281-epok,,angkor-kmer,,,,
Malaka,2.196,102.25,liman,1400,>1281,1400-01-01,malaka-sultanligi,,,,
Singapur,1.29,103.852,liman,1819,>1281,1819-01-29,ingiltere,,,,
Johor,1.493,103.741,sehir,1281,1281-epok,,malay-sultanliklari,,,,
Penang (George Town),5.414,100.329,liman,1786,>1281,1786-08-11,ingiltere,,,,
Kedah (Alor Setar),6.121,100.36,sehir,1281,1281-epok,,malay-sultanliklari,,,,
Patani,6.869,101.25,liman,1281,1281-epok,,malay-sultanliklari,,,,
Perak (Kuala Kangsar),4.767,100.937,sehir,1281,1281-epok,,malay-sultanliklari,,,,
Kuala Lumpur,3.139,101.687,sehir,1857,>1281,1857-01-01,malay-sultanliklari,,,,
Samudra Pasai,5.18,97.07,liman,1281,1281-epok,,samudra-pasai,,,,
Banda Açe,5.548,95.324,liman,1496,>1281,1496-01-01,ace-sultanligi,,,,
Padang,-0.947,100.417,liman,1281,1281-epok,,pagaruyung,,,,
Palembang,-2.976,104.775,liman,1281,1281-epok,,palembang-sultanligi,EVET,0930-eksen;aday-listesi,Srivijaya,kaynak doğrulanmadı
Bengkulu (Bencoolen),-3.7961,102.2722,liman,1281,1281-epok,,pagaruyung,,,,
Trowulan (Majapahit),-7.545,112.383,sehir,1293,>1281,1293-11-10,majapahit,,,,
Demak,-6.89,110.639,sehir,1281,1281-epok,,singhasari,,,,
Semarang,-6.966,110.417,liman,1281,1281-epok,,singhasari,,,,
Surabaya,-7.257,112.752,liman,1281,1281-epok,,singhasari,,,,
Batavia (Cakarta),-6.175,106.827,liman,1619,>1281,1619-05-30,hollanda-dogu-hint,,,,
Banten,-6.036,106.15,liman,1281,1281-epok,,sunda-pajajaran,,,,
Yogyakarta,-7.797,110.371,sehir,1755,>1281,1755-10-07,yogyakarta,,,,
Surakarta (Solo),-7.575,110.824,sehir,1745,>1281,1745-02-17,mataram-sultanligi,,,,
Bali (Klungkung),-8.65,115.216,sehir,1281,1281-epok,,singhasari,,,,
Mataram (Lombok),-8.583,116.117,sehir,1281,1281-epok,,singhasari,,,,
Brunei,4.903,114.939,liman,1281,1281-epok,,brunei-sultanligi,,,,
Kuching (Sarawak),1.553,110.359,liman,1827,>1281,1827-01-01,brunei-sultanligi,,,,
Bancarmasin,-3.32,114.591,liman,1526,>1281,1526-01-01,banjar-sultanligi,,,,
Makassar,-5.147,119.432,liman,1281,1281-epok,,gova-makassar,,,,
Manado,1.474,124.842,liman,1281,1281-epok,,ternate-sultanligi,,,,
Ternate,0.794,127.3673,liman,1281,1281-epok,,ternate-sultanligi,,,,
Tidore,0.688,127.4,liman,1281,1281-epok,,tidore-sultanligi,,,,
Ambon,-3.695,128.181,liman,1281,1281-epok,,ternate-sultanligi,,,,
Banda Neira,-4.5466,129.9012,liman,1281,1281-epok,,banda-adalari,,,,
Kupang,-10.178,123.597,liman,1281,1281-epok,,timor-beylikleri,,,,
Dili,-8.556,125.56,liman,1281,1281-epok,,timor-beylikleri,,,,
Manila,14.599,120.984,liman,1281,1281-epok,,filipin-racaliklari,,,,
Cebu,10.317,123.891,liman,1281,1281-epok,,filipin-racaliklari,,,,
Colo (Jolo),6.053,121.002,liman,1281,1281-epok,,sulu-sultanligi,,,,
Kotabato (Magindanao),7.223,124.246,sehir,1281,1281-epok,,filipin-racaliklari,,,,
Ålesund,62.47,6.4,liman,1281,1281-epok,,norvec-kralligi,,,,
Molde,62.737,7.159,liman,1281,1281-epok,,norvec-kralligi,,,,
Kristiansund,63.0,8.2,liman,1281,1281-epok,,norvec-kralligi,,,,
Røros,62.575,11.385,sehir,1281,1281-epok,,norvec-kralligi,,,,
Sogndal,61.23,7.1,sehir,1281,1281-epok,,norvec-kralligi,,,,
Lillehammer,61.115,10.466,sehir,1281,1281-epok,,norvec-kralligi,,,,
Hamar,60.795,11.068,sehir,1281,1281-epok,,norvec-kralligi,,,,
Skien,59.209,9.609,sehir,1281,1281-epok,,norvec-kralligi,,,,
Haugesund,59.413,5.268,liman,1281,1281-epok,,norvec-kralligi,,,,
Umeå,63.826,20.263,liman,1281,1281-epok,,isvec-birlik-oncesi,,,,
Härnösand,62.632,17.941,liman,1281,1281-epok,,isvec-birlik-oncesi,,,,
Mora,61.006,14.542,sehir,1281,1281-epok,,isvec-birlik-oncesi,,,,
Västerås,59.6132,16.545,sehir,1281,1281-epok,,isvec-birlik-oncesi,,,,
Norrköping,58.588,16.186,liman,1281,1281-epok,,isvec-birlik-oncesi,,,,
Nyköping,58.753,17.009,liman,1281,1281-epok,,isvec-birlik-oncesi,,,,
Borås,57.721,12.94,sehir,1281,1281-epok,,isvec-birlik-oncesi,,,,
Växjö,56.878,14.809,sehir,1281,1281-epok,,isvec-birlik-oncesi,,,,
Kristianstad,56.031,14.152,sehir,1281,1281-epok,,danimarka,,,,
Karlskrona,56.25,15.6,liman,1281,1281-epok,,danimarka,,,,
Östersund (Jämtland),63.25,14.9,sehir,1281,1281-epok,,norvec-kralligi,,,,
Vaasa,63.096,21.616,liman,1281,1281-epok,,isvec-birlik-oncesi,,,,
Kokkola,63.838,23.132,liman,1281,1281-epok,,isvec-birlik-oncesi,,,,
Pori,61.487,21.797,liman,1281,1281-epok,,isvec-birlik-oncesi,,,,
Tampere,61.498,23.761,sehir,1281,1281-epok,,isvec-birlik-oncesi,,,,
Jyväskylä,62.242,25.747,sehir,1281,1281-epok,,isvec-birlik-oncesi,,,,
Kuopio,62.893,27.678,sehir,1281,1281-epok,,isvec-birlik-oncesi,,,,
Iisalmi,63.558,27.188,sehir,1281,1281-epok,,isvec-birlik-oncesi,,,,
Nurmes,63.6,29.4,sehir,1281,1281-epok,,isvec-birlik-oncesi,,,,
Joensuu,62.601,29.763,sehir,1281,1281-epok,,isvec-birlik-oncesi,,,,
Savonlinna,62.0,28.9,kale,1281,1281-epok,,isvec-birlik-oncesi,,,,
Mikkeli,61.688,27.273,sehir,1281,1281-epok,,isvec-birlik-oncesi,,,,
Lappeenranta,61.058,28.187,kale,1281,1281-epok,,isvec-birlik-oncesi,,,,
Cēsis (Wenden),57.312,25.274,kale,1281,1281-epok,,almanya,,,,
Daugavpils (Dünaburg),55.875,26.536,kale,1281,1281-epok,,almanya,,,,
Kaunas,54.897,23.886,sehir,1281,1281-epok,,litvanya-buyuk-dukalik,,,,
Šiauliai,55.934,23.315,sehir,1281,1281-epok,,litvanya-buyuk-dukalik,,,,
Klaipėda (Memel),55.703,21.144,liman,1281,1281-epok,,almanya,,,,
Polotsk,55.485,28.786,sehir,1281,1281-epok,,litvanya-buyuk-dukalik,EVET,aday-listesi,Polotsk Knezliği,kaynak doğrulanmadı
Vitebsk,55.191,30.206,sehir,1281,1281-epok,,litvanya-buyuk-dukalik,EVET,aday-listesi,Polotsk,kaynak doğrulanmadı
Mosjøen,65.837,13.192,sehir,1281,1281-epok,,norvec-kralligi,,,,
Bodø,67.2933,14.4446,sehir,1281,1281-epok,,norvec-kralligi,,,,
Tromsø,69.6527,19.0119,sehir,1281,1281-epok,,norvec-kralligi,,,,
Alta,69.9689,23.2717,sehir,1281,1281-epok,,norvec-kralligi,,,,
Vardø,70.3705,31.1107,kale,1281,1281-epok,,norvec-kralligi,,,,
Luleå,65.6042,22.1547,sehir,1281,1281-epok,,isvec-birlik-oncesi,,,,
Jokkmokk,66.6069,19.8265,sehir,1281,1281-epok,,isvec-birlik-oncesi,,,,
Jukkasjärvi,67.8693,20.6737,sehir,1281,1281-epok,,isvec-birlik-oncesi,,,,
Tornio,65.8482,24.1436,sehir,1281,1281-epok,,isvec-birlik-oncesi,,,,
Oulu,65.0121,25.4651,sehir,1281,1281-epok,,isvec-birlik-oncesi,,,,
Rovaniemi,66.5039,25.7294,sehir,1281,1281-epok,,isvec-birlik-oncesi,,,,
Sodankylä,67.4167,26.5833,sehir,1281,1281-epok,,isvec-birlik-oncesi,,,,
İnari,68.9257,27.0337,sehir,1281,1281-epok,,isvec-birlik-oncesi,,,,
Petsamo (Peçenga),69.55,31.22,sehir,1281,1281-epok,,novgorod,,,,
Kola,68.8815,33.0186,kale,1281,1281-epok,,novgorod,,,,
Kandalakşa,67.155,32.4117,sehir,1281,1281-epok,,novgorod,,,,
Ponoy,67.0833,41.15,sehir,1281,1281-epok,,novgorod,,,,
Arhangelsk,64.5401,40.5433,liman,1281,1281-epok,,novgorod,,,,
Mezen,65.8447,44.2394,sehir,1281,1281-epok,,novgorod,,,,
Pustozersk,67.52,52.7,kale,1499,>1281,1499-01-01,moskova,,,,
Ust-Tsilma,65.4392,52.1508,sehir,1281,1281-epok,,novgorod,,,,
Obdorsk (Salehard),66.53,66.6019,kale,1595,>1281,1595-01-01,rusya,,,,
Yamal ucu,70.1667,72.5167,bolge,1595,>1281,,rusya,,,,
Mangazeya,66.69,82.33,kale,1601,>1281,1601-01-01,rusya,,,,
Turuhansk,65.7972,87.9553,kale,1607,>1281,1607-01-01,rusya,,,,
Dudinka,69.4058,86.1778,sehir,1667,>1281,1667-01-01,rusya,,,,
Hatanga,71.9769,102.4675,kale,1626,>1281,,rusya,,,,
Jigansk,66.7697,123.3708,kale,1632,>1281,1632-01-01,rusya,,,,
Bulun,70.6667,127.4,sehir,1632,>1281,,rusya,,,,
Verhoyansk,67.55,133.3833,kale,1638,>1281,1638-01-01,rusya,,,,
Ust-Yansk,70.9,136.55,sehir,1638,>1281,,rusya,,,,
Zaşiversk,67.25,142.85,kale,1639,>1281,1639-01-01,rusya,,,,
Novaya Zemlya kuzeyi,74.5,57.0,bolge,1877,>1281,,rusya,,,,
Novaya Zemlya güneyi,71.5,53.0,bolge,1877,>1281,,rusya,,,,
Vaygaç,69.9,59.3,bolge,1877,>1281,,rusya,,,,
Berezov,63.9364,65.0489,kale,1592,>1281,1593-01-01,rusya,,,,
Surgut,61.254,73.3962,kale,1592,>1281,,rusya,,,,
Tomsk,56.4884,84.948,kale,1604,>1281,1604-01-01,rusya,,,,
Yeniseysk,58.4494,92.1683,kale,1619,>1281,1619-01-01,rusya,,,,
Krasnoyarsk,56.0106,92.8526,kale,1628,>1281,1628-01-01,rusya,,,,
Yakutsk,62.0281,129.7325,kale,1632,>1281,1632-10-05,rusya,,,,
Olyokminsk,60.3742,120.4064,kale,1635,>1281,1635-07-27,rusya,,,,
Ohotsk,59.3631,143.2431,liman,1647,>1281,1647-01-01,rusya,,,,
İrkutsk,52.287,104.281,kale,1661,>1281,1661-01-01,rusya,,,,
Nerçinsk,51.9494,116.5772,kale,1653,>1281,1653-01-01,rusya,,,,
Albazin,53.38,124.093,kale,1651,>1281,,rusya,,,,
Kazak bozkırı (İşim),52.5,68.0,bolge,1281,1281-epok,,altinorda,,,,
Udskoy ostrogu,54.55,134.45,kale,1679,>1281,1679-01-01,rusya,,,,
Ayan,56.45,138.17,liman,1679,>1281,,rusya,,,,
Nikolayevsk (Amur ağzı),53.14,140.73,liman,1689,>1281,,qing-hanedani,,,,
Blagoveşçensk,50.28,127.535,sehir,1651,>1281,,rusya,,,,
Habarovka,48.48,135.08,kale,1653,>1281,,qing-hanedani,,,,
İmperator limanı,49.03,140.23,liman,1653,>1281,,qing-hanedani,,,,
Vladivostok,43.115,131.885,liman,1653,>1281,,qing-hanedani,,,,
Aleksandrovsk (Kuzey Sahalin),50.9,142.16,sehir,1875,>1281,1862-01-01,rusya,,,,
Korsakov (Güney Sahalin),46.633,142.786,liman,1875,>1281,,rusya,,,,
Kirensk,57.78,108.11,kale,1630,>1281,,rusya,,,,
Bratsk ostrogu,56.28,101.79,kale,1631,>1281,1631-01-01,rusya,,,,
Yerbogaçen,61.28,108.01,kale,1786,>1281,1786-01-01,rusya,,,,
Vilyuysk,63.75,121.63,kale,1634,>1281,1634-01-01,rusya,,,,
Essey,68.48,102.18,bolge,1630,>1281,1628-01-01,rusya,,,,
Selenginsk,51.1,106.6,kale,1665,>1281,1665-09-27,rusya,,,,
Semerkant,39.6542,66.9758,sehir,1281,1281-epok,,cagatay,EVET,0930-eksen;0930-var-aday(1220);ONERI-B2;aday-listesi,Batı Karahanlı başkenti → Hârizmşah 1212 → Moğol,TDV: semerkant (önbellek denetim/GLM1-TDV-ONBELLEK/semerkant.txt; gövdede 1000-1280 yılı 14 kez)
Buhara,39.7681,64.421,sehir,1281,1281-epok,,cagatay,EVET,0930-eksen;0930-var-aday(1044);ONERI-C;aday-listesi,Karahanlı → Karahitay tâbi → Hârizmşah → Moğol 1220,TDV: buhara (önbellek denetim/GLM1-TDV-ONBELLEK/buhara.txt; gövdede 1000-1280 yılı 18 kez)
Karşi (Nahşeb),38.86,65.795,sehir,1281,1281-epok,,cagatay,EVET,aday-listesi,Karahanlı/Hârizmşah,kaynak doğrulanmadı
Şehrisebz (Kiş),39.058,66.833,sehir,1281,1281-epok,,cagatay,EVET,aday-listesi,Karahanlı,kaynak doğrulanmadı
Termez,37.224,67.278,sehir,1281,1281-epok,,cagatay,EVET,aday-listesi,Gazneli/Selçuklu/Karahanlı,kaynak doğrulanmadı
Hisar,38.52,68.55,kale,1281,1281-epok,,cagatay,,,,
Külâb (Kulob),37.91,69.78,sehir,1281,1281-epok,,cagatay,,,,
Cizzah,40.115,67.842,kale,1281,1281-epok,,cagatay,,,,
Almatı (Vernıy),43.238,76.889,kale,1281,1281-epok,,cagatay,,,,
Taşkent,41.311,69.28,sehir,1281,1281-epok,,cagatay,EVET,0930-var-aday(1220);ONERI-B2;aday-listesi,Karahanlı → Hârizmşah,TDV: taskent (önbellek denetim/GLM1-TDV-ONBELLEK/taskent.txt; gövdede 1000-1280 yılı 2 kez)
Hokand,40.529,70.943,sehir,1281,1281-epok,,cagatay,,,,
Andican,40.783,72.35,sehir,1281,1281-epok,,cagatay,,,,
Oş,40.514,72.804,sehir,1281,1281-epok,,cagatay,,,,
Hucend,40.284,69.622,sehir,1281,1281-epok,,cagatay,EVET,0930-var-aday(1015);ONERI-B2;aday-listesi,Karahanlı/Hârizmşah,TDV: hucend (önbellek denetim/GLM1-TDV-ONBELLEK/hucend.txt; gövdede 1000-1280 yılı 4 kez)
Türkistan (Yesi),43.302,68.253,sehir,1281,1281-epok,,cagatay,,,,
Çimkent,42.317,69.596,kale,1281,1281-epok,,cagatay,,,,
Çernigov,51.4982,31.2893,sehir,1281,1281-epok,,altinorda,EVET,aday-listesi,Çernigov Knezliği,kaynak doğrulanmadı
Novgorod-Seversk,51.9874,33.262,sehir,1281,1281-epok,,altinorda,,,,
Putivl,51.3364,33.8703,kale,1281,1281-epok,,altinorda,,,,
Bryansk,53.2436,34.3639,sehir,1281,1281-epok,,altinorda,,,,
Kursk,51.7304,36.1926,sehir,1281,1281-epok,,altinorda,,,,
Orel,52.97,36.07,sehir,1281,1281-epok,,altinorda,,,,
Ryazan,54.625,39.736,sehir,1281,1281-epok,,ryazan,,,,
Belgorod,50.595,36.587,kale,1281,1281-epok,,altinorda,,,,
Tambov,52.721,41.452,kale,1281,1281-epok,,altinorda,,,,
Penza,53.2,45.0,kale,1281,1281-epok,,altinorda,,,,
Simbirsk,54.318,48.4,kale,1281,1281-epok,,altinorda,,,,
Tara,56.9021,74.3714,kale,1594,>1281,1594-01-01,rusya,,,,
Omsk,54.9885,73.3242,kale,1716,>1281,1716-01-01,rusya,,,,
Kainsk (Baraba),55.36,78.36,kale,1722,>1281,1722-01-01,rusya,,,,
Kuznetsk,53.757,87.136,kale,1618,>1281,1618-01-01,rusya,,,,
Biysk,52.539,85.214,kale,1635,>1281,,cungar,,,,
Barnaul,53.348,83.778,sehir,1635,>1281,,cungar,,,,
Zmeinogorsk,51.158,82.188,sehir,1635,>1281,,cungar,,,,
Pavlodar (Koryakov),52.285,76.967,kale,1635,>1281,,cungar,,,,
Semipalatinsk,50.411,80.227,kale,1635,>1281,,cungar,,,,
Ust-Kamenogorsk,49.948,82.628,kale,1635,>1281,,cungar,,,,
Herat,34.342,62.203,sehir,1281,1281-epok,,ilhanli,EVET,0930-eksen;0930-var-aday(1001);ONERI-B1;aday-listesi,Gazneli → Selçuklu → Gurlu → Hârizmşah → Kert 1245,TDV: herat (önbellek denetim/GLM1-TDV-ONBELLEK/herat.txt; gövdede 1000-1280 yılı 21 kez)
Belh,36.758,66.897,sehir,1281,1281-epok,,cagatay,EVET,0930-eksen;0930-var-aday(1040);ONERI-C;aday-listesi,Gazneli → Selçuklu → Karahitay/Gurlu → Hârizmşah,TDV: belh (önbellek denetim/GLM1-TDV-ONBELLEK/belh.txt; gövdede 1000-1280 yılı 17 kez)
Çöçek (Tarbagatay),46.75,82.98,sehir,1281,1281-epok,,cagatay,,,,
Altay (Şara Sume),47.87,88.12,sehir,1281,1281-epok,,cagatay,,,,
Zaysan,47.4667,84.8667,kale,1281,1281-epok,,cagatay,,,,
Cungarya havzası,45.6,85.0,bolge,1281,1281-epok,,cagatay,,,,
Kerulen (Çoybalsan),48.07,114.54,sehir,1281,1281-epok,,yuan-hanedani,,,,
Halhın Gol (Buir Nur),47.8,118.2,bolge,1281,1281-epok,,yuan-hanedani,,,,
Öndörhaan (Hentiy),47.32,110.66,sehir,1281,1281-epok,,yuan-hanedani,,,,
Dariganga,45.32,113.9,bolge,1281,1281-epok,,yuan-hanedani,,,,
Bulgan,48.81,103.53,sehir,1281,1281-epok,,yuan-hanedani,,,,
Mörön (Hövsgöl),49.63,100.16,sehir,1281,1281-epok,,yuan-hanedani,,,,
Gobi-Altay (Yösönbulag),46.37,96.26,sehir,1281,1281-epok,,yuan-hanedani,,,,
Bayanhongor,46.19,100.72,sehir,1281,1281-epok,,yuan-hanedani,,,,
Ömnögovi (Dalanzadgad),43.57,104.42,sehir,1281,1281-epok,,yuan-hanedani,,,,
Ejin (Hara-Hoto),41.95,101.07,sehir,1281,1281-epok,,yuan-hanedani,,,,
Gaşun Gobi,42.5,103.0,bolge,1281,1281-epok,,yuan-hanedani,,,,
Alaşa kuzeyi,42.4,105.5,bolge,1281,1281-epok,,yuan-hanedani,,,,
Borisoglebsk,51.3667,42.0833,kale,1281,1281-epok,,altinorda,,,,
Kamışin,50.0833,45.4,kale,1281,1281-epok,,altinorda,,,,
Petrovsk (Saratov),52.3167,45.3833,kale,1281,1281-epok,,altinorda,,,,
Syzran,53.15,48.4667,kale,1281,1281-epok,,altinorda,,,,
Samara,53.2,50.15,kale,1281,1281-epok,,altinorda,,,,
Behramkale (Assos),39.4897,26.3376,kale,1281,1281-epok,,bizans,,,,
Beykoz,41.1275,29.0925,sehir,1281,1281-epok,,bizans,,,,
Şarköy,40.6142,27.1146,liman,1281,1281-epok,,bizans,,,,
Saroz kuzey kıyısı,40.6456,26.695,bolge,1281,1281-epok,,bizans,,,,
Uzunköprü,41.267,26.688,sehir,1281,1281-epok,1443-01-01,bizans,,,,
Havsa,41.552,26.821,kasaba,1281,1281-epok,,bizans,,,,
Meriç (İpsala kuzeyi),41.191,26.421,kasaba,1281,1281-epok,,bizans,,,,
Orestiada (Kumçiftliği),41.503,26.531,sehir,1281,1281-epok,,bizans,,,,
Sofulu (Soufli),41.193,26.298,kasaba,1281,1281-epok,,bizans,,,,
Dedeağaç (Alexandroupoli),40.849,25.874,liman,1281,1281-epok,,bizans,,,,
Lalapaşa,41.836,26.741,kasaba,1281,1281-epok,,bizans,,,,
Kofçaz,41.936,27.176,kasaba,1281,1281-epok,,bizans,,,,
Dereköy (Kırklareli),41.943,27.401,kasaba,1281,1281-epok,,bizans,,,,
Demirköy,41.822,27.762,kasaba,1281,1281-epok,,bizans,,,,
İğneada,41.889,28.0258,liman,1281,1281-epok,,bizans,,,,
Mustafapaşa (Svilengrad),41.766,26.207,kasaba,1281,1281-epok,,bizans,,,,
Elhova (Elhovo),42.17,26.573,kasaba,1281,1281-epok,,bulgaristan,,,,
Malko Tırnova,41.983,27.525,kasaba,1281,1281-epok,,bizans,,,,
Ahtapolu (Ahtopol),42.099,27.937,liman,1281,1281-epok,,bizans,,,,
Rezve (Rezovo),41.9935,28.0192,koy,1281,1281-epok,,bizans,,,,
Kilis,36.716,37.115,kasaba,1281,1281-epok,,memluk,EVET,0930-var-aday(1124);ONERI-C,,"TDV: kilis — ""Haçlılar’a karşı savaşlarıyla tanınan Artukoğulları’ndan Belek Gazi 1124 yılında Azaz ve çevresini, bu arada Kilis’i de Franklar’ın elinden alarak yeniden İslâm"""
Suruç,36.976,38.427,kasaba,1281,1281-epok,,memluk,,,,
Akçakale,36.71,38.947,kasaba,1281,1281-epok,,memluk,,,,
Ceylanpınar,36.845,40.043,kasaba,1281,1281-epok,,artuklu,EVET,aday-listesi,Artuklu/Zengî/Eyyûbî,kaynak doğrulanmadı
Nusaybin,37.077,41.215,kasaba,1281,1281-epok,,artuklu,EVET,0930-var-aday(1043);ONERI-B2;aday-listesi,Ukaylî → Artuklu/Zengî/Eyyûbî,TDV: nusaybin (önbellek denetim/GLM1-TDV-ONBELLEK/nusaybin.txt; gövdede 1000-1280 yılı 8 kez)
Silopi,37.246,42.47,kasaba,1281,1281-epok,,artuklu,,,,
Azez (A'zâz),36.586,37.045,kasaba,1281,1281-epok,,memluk,EVET,aday-listesi,Antakya/Urfa → Zengî/Eyyûbî,kaynak doğrulanmadı
Münbiç,36.528,37.955,kasaba,1281,1281-epok,,memluk,EVET,aday-listesi,Selçuklu/Zengî/Eyyûbî,kaynak doğrulanmadı
Cerablus,36.825,38.014,kasaba,1281,1281-epok,,memluk,,,,
Ayn el-Arab (Kobani),36.891,38.353,kasaba,1281,1281-epok,,memluk,,,,
Malikiye (Derik),37.176,42.145,kasaba,1281,1281-epok,,artuklu,,,,
Şavşat,41.245,42.36,kasaba,1281,1281-epok,,gurcistan,,,,
Posof,41.51,42.72,kasaba,1281,1281-epok,,gurcistan,,,,
Hanak,41.23,42.855,kasaba,1281,1281-epok,,gurcistan,,,,
Hulo (Acara),41.645,42.31,kasaba,1281,1281-epok,,gurcistan,EVET,0930-var-aday(1080);ONERI-C,,"TDV: acara — ""1080’de Selçuklular’ın birleşik Bizans-Bagratlı kuvvetlerine karşı Posof/Kol zaferini kazanmasından sonra Batum ve Acara, Selçuklu topraklarına dahil oldu (1081"""
Arpaçay (Akyaka),40.845,43.325,kasaba,1281,1281-epok,,ilhanli,,,,
Digor,40.375,43.41,kasaba,1281,1281-epok,,ilhanli,,,,
Iğdır,39.92,44.045,kasaba,1281,1281-epok,,ilhanli,,,,
Gümrü (Aleksandropol),40.789,43.847,sehir,1281,1281-epok,,ilhanli,,,,
Eçmiyadzin,40.162,44.293,sehir,1281,1281-epok,,ilhanli,,,,
Doğubayazıt,39.548,44.084,kale,1281,1281-epok,,ilhanli,EVET,0930-var-aday(1064);ONERI-C,,"TDV: dogubayazit — ""yüzyılın ilk yarısında Selçuklular’ın yöreye akınları başladı ve Malazgirt Zaferi’nden önce Kars’ın fethiyle (1064) sonuçlanan Türkmen akınlarında Doğubayazıt ç"""
Çaldıran,39.145,43.91,kasaba,1281,1281-epok,,ilhanli,,,,
Özalp (Saray),38.658,43.998,kasaba,1281,1281-epok,,ilhanli,,,,
Başkale,38.045,44.01,kale,1281,1281-epok,,ilhanli,,,,
Yüksekova (Gever),37.573,44.29,kasaba,1281,1281-epok,,ilhanli,,,,
Artvin,41.183,41.822,sehir,1281,1281-epok,,gurcistan,EVET,0930-var-aday(1068);ONERI-C,,"TDV: artvin — ""Artvin ve civarında Selçuklu hâkimiyeti 1068 yılından itibaren kurulmaya başladı."""
Hopa,41.39,41.427,liman,1281,1281-epok,,gurcistan,,,,
Sarp,41.52,41.545,koy,1281,1281-epok,,gurcistan,,,,
Mersin,36.8,34.633,liman,1671,>1281,1671-01-01,fransa-cumhuriyet,,,,
İskenderun,36.587,36.173,liman,1281,1281-epok,,memluk,EVET,0930-var-aday(1097);ONERI-A,memluk 1268 (ONERI-A önerisi),"TDV: iskenderun — ""Haçlı seferleri sırasında 1097’de Tankred tarafından zaptedilmiştir."""
Payas,36.755,36.213,kale,1281,1281-epok,,memluk,,,,
Dörtyol,36.845,36.221,kasaba,1281,1281-epok,,memluk,,,,
Erzin,36.955,36.201,kasaba,1281,1281-epok,,memluk,,,,
Yumurtalık,36.7721,35.787,liman,1281,1281-epok,,memluk,EVET,aday-listesi,Kilikya Ermeni limanı,kaynak doğrulanmadı
Arhavi,41.354,41.316,kasaba,1281,1281-epok,,trabzon-rum,,,,
Borçka,41.339,41.677,kasaba,1281,1281-epok,,gurcistan,,,,
Sarıkamış,40.328,42.578,kasaba,1281,1281-epok,,ilhanli,,,,
Ahılkelek (Akhalkalaki),41.403,43.484,kale,1281,1281-epok,,gurcistan,,,,
Erdel Belgradı (Gyulafehérvár),46.0678,23.58,sehir,1281,1281-epok,,macaristan,,,,
Brassó (Braşov),45.6427,25.5887,sehir,1281,1281-epok,,macaristan,,,,
Segesvár (Sighişoara),46.2197,24.7925,sehir,1281,1281-epok,,macaristan,,,,
Nitra (Nyitra),48.3069,18.0864,kale,1281,1281-epok,,macaristan,EVET,aday-listesi,Macar,kaynak doğrulanmadı
Komárom (Komárno),47.7625,18.125,kale,1281,1281-epok,,macaristan,,,,
Léva (Levice),48.2172,18.6069,kale,1281,1281-epok,,macaristan,,,,
Trencsén (Trenčín),48.8945,18.0444,kale,1281,1281-epok,,macaristan,,,,
Varasd (Varaždin),46.3057,16.3366,sehir,1281,1281-epok,,macaristan,,,,
Sisak,45.4658,16.3783,kale,1281,1281-epok,,macaristan,,,,
Karlovac,45.487,15.5478,kale,1579,>1281,1579-07-13,avusturya,,,,
Kostayniçe (Kostajnica),45.232,16.539,kale,1281,1281-epok,,macaristan,,,,
Bosna Dubiçası (Bosanska Dubica),45.174,16.81,kale,1281,1281-epok,,macaristan,,,,
Bosna Novi'si (Bosanski Novi),45.048,16.377,kale,1281,1281-epok,,macaristan,,,,
Jasenovaç (Jasenovac),45.281,16.917,kale,1281,1281-epok,,macaristan,,,,
Bosna Brod'u (Bosanski Brod),45.138,17.988,kale,1281,1281-epok,,macaristan,,,,
Üsküdar,41.0227,29.0153,sehir,1281,1281-epok,,bizans,EVET,0930-var-aday(1080);ONERI-C,,"TDV: uskudar — ""Malazgirt zaferinin ardından Selçuklular, Kutalmışoğlu Süleyman Şah’ın kumandasında 1078 ve 1080 yıllarında Üsküdar’a ulaştılar."""
İshaklı,38.5439,31.2447,kasaba,1281,1281-epok,,selcuklu,,,,
Ilgın,38.2792,31.9139,kasaba,1281,1281-epok,,selcuklu,,,,
Karapınar,37.7156,33.5514,kasaba,1281,1281-epok,,karaman,,,,
Ulukışla,37.5461,34.4869,kasaba,1281,1281-epok,,selcuklu,,,,
Tosya,41.0161,34.0397,kasaba,1281,1281-epok,,cobanogullari,EVET,0930-var-aday(1082);ONERI-C,,"TDV: tosya — ""Tosya yöresinde ilk Türk idaresi, Emîr Dânişmend’e bağlı kumandanlardan Emîr Kara Tegin’in (Kara Tigin) 475’teki (1082-83) fetihleriyle başlar."""
Karahisâr-ı Şarkî (Şebinkarahisar),40.2886,38.4247,kale,1281,1281-epok,,ilhanli,EVET,0930-var-aday(1068);ONERI-C,,"TDV: sebinkarahisar — ""1068’de Bizans İmparatoru Romanos Diogenes bölgeden geçti ve yöredeki Ermeni varlığı bu sıralarda doğudan gelen göçmenlerle daha da arttı."""
Kelkit,40.1281,39.4381,kasaba,1281,1281-epok,,ilhanli,EVET,aday-listesi,Saltuklu/Mengücük,kaynak doğrulanmadı
Aşkale,39.9214,40.6939,kasaba,1281,1281-epok,,ilhanli,,,,
Silivri,41.0791,28.2493,kale,1281,1281-epok,,bizans,,,,
Vize,41.5714,27.7658,kale,1281,1281-epok,,bizans,,,,
Prevadi (Provadia),43.1789,27.4331,kale,1281,1281-epok,,bulgaristan,,,,
Babadağı (Babadag),44.8917,28.7169,kasaba,1281,1281-epok,,bulgaristan,,,,
Hacıoğlupazarcığı (Dobrich),43.565,27.831,sehir,1518,>1281,1518-01-01,bulgaristan-kralligi,,,,
İshakçı (Isaccea),45.2736,28.46,kale,1281,1281-epok,,bulgaristan,,,,
Yagodina (Jagodina),43.9772,21.2617,kasaba,1281,1281-epok,,sirbistan,,,,
Praviște (Eleftheroupoli),40.9167,24.25,kasaba,1281,1281-epok,,bizans,,,,
Lanzaka (Lagkadas),40.75,23.0667,kasaba,1281,1281-epok,,bizans,,,,
Deyrülkamer (Dayr al-Kamer),33.6989,35.5619,kasaba,1281,1281-epok,,memluk,,,,
Ba'lebek (Baalbek),34.0059,36.2181,kasaba,1281,1281-epok,,memluk,EVET,0930-var-aday(1025);ONERI-A;aday-listesi,Börî/Zengî/Eyyûbî → Memlük 1260,"TDV: balebek — ""Ioannis Tzimiskes’in, 1025’te Halep Emîri Sâlih b."""
Sûr (Tyre) — Lübnan,33.2704,35.2038,liman,1281,1281-epok,,memluk,EVET,aday-listesi,Fâtımî → Kudüs Kr. 1124-1291,kaynak doğrulanmadı
Krupa (Bosanska Krupa),44.882,16.158,kale,1281,1281-epok,,macaristan,,,,
"Ostrovica (Stara Ostrovica, Kulen Vakuf)",44.558,16.081,kale,1281,1281-epok,,macaristan,,,,
Udbina,44.532,15.767,kale,1281,1281-epok,,macaristan,,,,
Gospić,44.546,15.375,kale,1281,1281-epok,,macaristan,,,,
Cetin (Cetingrad),45.138,15.732,kale,1281,1281-epok,,macaristan,,,,
Drežnik (Drežnik Grad),44.943,15.669,kale,1281,1281-epok,,macaristan,,,,
Aydonat (Paramythia),39.4667,20.5167,sehir,1281,1281-epok,,bizans,,,,
Margiliç (Margariti),39.55,20.4167,sehir,1281,1281-epok,,bizans,,,,
Delvine,39.95,20.0972,sehir,1281,1281-epok,,bizans,,,,
Ergiri (Ergirikasrı),40.0758,20.1389,sehir,1281,1281-epok,,bizans,,,,
Butrint (Butrinto),39.7458,20.0206,kale,1281,1281-epok,,bizans,,,,
Hımara (Himarë),40.1017,19.7444,kale,1281,1281-epok,,napoli,,,,
Ayasaranda (Sarandë),39.875,20.0053,sehir,1281,1281-epok,,bizans,,,,
Souli (Sûli),39.4167,20.6167,kale,1281,1281-epok,,bizans,,,,
İgumenitsa (Gomenice),39.5042,20.265,sehir,1281,1281-epok,,bizans,,,,
Filat (Filiates),39.6053,20.3175,sehir,1281,1281-epok,,bizans,,,,
Şehirköy (Pirot),43.1531,22.5861,kasaba,1281,1281-epok,,sirbistan,,,,
Alacahisar (Kruševac),43.58,21.327,sehir,1281,1281-epok,,sirbistan,,,,
Çatalca,41.1436,28.4611,kasaba,1281,1281-epok,,bizans,,,,
Debrecen,47.5316,21.6273,sehir,1281,1281-epok,,macaristan,,,,
Tenochtitlan (Mexico City),19.4326,-99.1332,sehir,1325,>1281,1325-01-01,aztek-imparatorlugu,,,,
Texcoco,19.5039,-98.8823,sehir,1281,1281-epok,,aztek-imparatorlugu,,,,
Tlacopan (Tacuba),19.4578,-99.1867,sehir,1400,>1281,1400-01-01,aztek-imparatorlugu,,,,
Tlaxcala,19.3182,-98.2375,sehir,1281,1281-epok,,nahua-sehir-devletleri,,,,
Cholula,19.0631,-98.3037,sehir,1281,1281-epok,,nahua-sehir-devletleri,,,,
Cempoala (Zempoala),19.4139,-96.3925,sehir,1281,1281-epok,,nahua-sehir-devletleri,,,,
Huexotzinco (Huejotzingo),19.1517,-98.4033,sehir,1281,1281-epok,,nahua-sehir-devletleri,,,,
Xochimilco,19.2647,-99.1031,sehir,1281,1281-epok,,nahua-sehir-devletleri,,,,
Chalco,19.2667,-98.8833,sehir,1281,1281-epok,,nahua-sehir-devletleri,,,,
Tepeaca,18.9667,-97.9,sehir,1281,1281-epok,,nahua-sehir-devletleri,,,,
Tzintzuntzan,19.6167,-101.5833,sehir,1300,>1281,1300-01-01,purepecha-imparatorlugu,,,,
Pátzcuaro,19.5138,-101.607,sehir,1325,>1281,1325-01-01,purepecha-imparatorlugu,,,,
Ihuatzio,19.5667,-101.6167,sehir,1325,>1281,1325-01-01,purepecha-imparatorlugu,,,,
Zaachila,16.9833,-96.75,sehir,1281,1281-epok,,zapotek-krallik,,,,
Mitla,16.92,-96.3583,sehir,1281,1281-epok,,zapotek-krallik,,,,
Tututepec (Yucu Dzaa),16.1517,-97.6156,sehir,1281,1281-epok,,tututepec-krallik,,,,
Mayapán,20.6244,-89.4611,sehir,1281,1281-epok,,maya-sehir-devletleri,EVET,0930-eksen;aday-listesi,Maya Mayapán birliği ~1220,kaynak doğrulanmadı
Chichén Itzá,20.6843,-88.5678,sehir,1281,1281-epok,,maya-sehir-devletleri,EVET,0930-eksen;aday-listesi,Maya (Itzá),kaynak doğrulanmadı
Maní,20.3833,-89.3833,sehir,1281,1281-epok,,maya-sehir-devletleri,,,,
Sotuta,20.5875,-89.0181,sehir,1281,1281-epok,,maya-sehir-devletleri,,,,
Utatlán (Q'umarkaj),15.0333,-91.1567,sehir,1400,>1281,1400-01-01,maya-sehir-devletleri,,,,
Iximché,14.7522,-90.9822,sehir,1470,>1281,1470-01-01,maya-sehir-devletleri,,,,
Zaculeu,15.3486,-91.4886,sehir,1281,1281-epok,,maya-sehir-devletleri,,,,
Nojpetén (Tayasal / Flores),16.9284,-89.8903,sehir,1281,1281-epok,,maya-sehir-devletleri,,,,
Potonchán (Santa María de la Victoria),18.5439,-92.6461,sehir,1281,1281-epok,,maya-sehir-devletleri,,,,
Acalán (Itzamkanac),18.2,-90.9667,sehir,1281,1281-epok,,maya-sehir-devletleri,,,,
Veracruz (Villa Rica de la Vera Cruz),19.1738,-96.1342,sehir,1519,>1281,1519-04-22,ispanya,,,,
Puebla de los Ángeles,19.0414,-98.2063,sehir,1531,>1281,1531-04-16,yeni-ispanya,,,,
Guadalajara,20.6597,-103.3496,sehir,1542,>1281,1542-02-14,yeni-ispanya,,,,
Antigua Guatemala (Santiago de los Caballeros),14.5586,-90.7295,sehir,1543,>1281,1543-01-01,yeni-ispanya,,,,
Mérida,20.9674,-89.5926,sehir,1542,>1281,1542-01-06,yeni-ispanya,,,,
Campeche (San Francisco de Campeche),19.8301,-90.5349,sehir,1540,>1281,1540-10-04,yeni-ispanya,,,,
San Cristóbal de las Casas (Ciudad Real),16.737,-92.6376,sehir,1528,>1281,1528-03-31,yeni-ispanya,,,,
Colima (San Sebastián de Colima),19.2433,-103.725,sehir,1523,>1281,1523-07-25,yeni-ispanya,,,,
Antequera (Oaxaca),17.0732,-96.7266,sehir,1529,>1281,1529-01-01,yeni-ispanya,,,,
Compostela,21.2333,-104.9,sehir,1531,>1281,1531-01-01,yeni-ispanya,,,,
Cusco (Qosqo),-13.532,-71.9675,sehir,1281,1281-epok,,inka-imparatorlugu,EVET,0930-eksen;aday-listesi,Kilke/erken İnka (~1200),kaynak doğrulanmadı
Quito,-0.2299,-78.5249,sehir,1487,>1281,,inka-imparatorlugu,,,,
Cajamarca,-7.1611,-78.5127,sehir,1465,>1281,,inka-imparatorlugu,,,,
Tumbes,-3.5669,-80.4515,liman,1470,>1281,,inka-imparatorlugu,,,,
Ollantaytambo,-13.2583,-72.2636,kale,1450,>1281,1450-01-01,inka-imparatorlugu,,,,
Vilcabamba (Espíritu Pampa),-12.8167,-73.2667,sehir,1539,>1281,1539-01-01,inka-imparatorlugu,,,,
Huánuco Pampa (Huánuco Viejo),-9.9333,-76.5333,sehir,1460,>1281,1460-01-01,inka-imparatorlugu,,,,
Vilcashuamán,-13.6667,-73.95,sehir,1450,>1281,1450-01-01,inka-imparatorlugu,,,,
Lima (Ciudad de los Reyes),-12.0464,-77.0428,sehir,1535,>1281,1535-01-18,ispanyol-peru,,,,
Potosí,-19.5836,-65.7531,sehir,1545,>1281,1545-04-01,ispanyol-peru,,,,
La Paz,-16.5,-68.15,sehir,1548,>1281,1548-10-20,ispanyol-peru,,,,
Sucre (La Plata / Chuquisaca),-19.0333,-65.2627,sehir,1538,>1281,1538-11-30,ispanyol-peru,,,,
Arequipa,-16.409,-71.5375,sehir,1540,>1281,1540-08-15,ispanyol-peru,,,,
Trujillo (Peru),-8.1116,-79.029,sehir,1534,>1281,1534-11-01,ispanyol-peru,,,,
Cartagena de Indias,10.391,-75.4794,liman,1533,>1281,1533-06-01,ispanyol-peru,,,,
Popayán,2.4448,-76.6147,sehir,1537,>1281,1537-01-13,ispanyol-peru,,,,
Caracas (Santiago de León de Caracas),10.4806,-66.9036,sehir,1567,>1281,1567-07-25,ispanyol-peru,,,,
Mérida (Venezuela),8.5933,-71.1739,sehir,1558,>1281,1558-10-09,ispanyol-peru,,,,
Santiago (Şili),-33.4489,-70.6693,sehir,1541,>1281,1541-02-12,ispanyol-peru,,,,
Concepción (Şili),-36.827,-73.0503,sehir,1550,>1281,1550-10-05,ispanyol-peru,,,,
Salvador (Bahia),-12.9777,-38.5016,liman,1549,>1281,1549-03-29,portekiz-brezilyasi,,,,
Rio de Janeiro,-22.9068,-43.1729,liman,1565,>1281,1565-03-01,portekiz-brezilyasi,,,,
São Paulo,-23.5505,-46.6333,sehir,1554,>1281,1554-01-25,portekiz-brezilyasi,,,,
Olinda,-8.0089,-34.8553,liman,1535,>1281,1535-01-01,portekiz-brezilyasi,,,,
São Luís,-2.53,-44.3015,liman,1612,>1281,1612-09-01,fransa,,,,
Belém,-1.4558,-48.4902,liman,1616,>1281,1616-01-12,portekiz-brezilyasi,,,,
Ouro Preto (Vila Rica),-20.3856,-43.5033,sehir,1711,>1281,1711-07-08,portekiz-brezilyasi,,,,
Chan Chan,-8.0989,-79.0742,sehir,1281,1281-epok,,chimu-krallik,EVET,0930-eksen;aday-listesi,Chimú başkenti,kaynak doğrulanmadı
Túcume,-6.5167,-79.8167,sehir,1281,1281-epok,,chimu-krallik,,,,
Hatun Colla,-15.4667,-70.0333,sehir,1281,1281-epok,,colla-krallik,,,,
Chucuito,-15.8884,-69.7666,sehir,1281,1281-epok,,lupaqa-krallik,,,,
Bacatá (Bogotá),4.711,-74.0721,sehir,1281,1281-epok,,muisca-konfederasyonu,,,,
Hunza (Tunja),5.5353,-73.3678,sehir,1281,1281-epok,,muisca-konfederasyonu,,,,
Arauco (Mapuche/Araukanya — kuzey sınır bölgesi),-37.2464,-73.3175,bolge,1281,1281-epok,,mapuche-araukanya,,,,
Purén (Mapuche/Araukanya — güney direniş bölgesi),-38.0333,-73.0833,bolge,1281,1281-epok,,mapuche-araukanya,,,,
Quilmes (Calchaquí Vadisi — Diaguita),-26.5833,-66.1667,bolge,1281,1281-epok,,diaguita-calchaqui-konfederasyonu,,,,
Cahokia,38.6553,-90.0614,sehir,1281,1281-epok,,cahokia,EVET,0930-eksen;aday-listesi,Mississippi kültürü merkezi,kaynak doğrulanmadı
Onondaga (İrokua Konfederasyon Merkezi),43.0326,-76.1794,sehir,1450,>1281,,haudenosaunee,,,,
Mohawk (Kayenlaha'ke),42.9506,-74.3287,koy,1450,>1281,,haudenosaunee,,,,
Seneca (Ganondagan),42.9084,-77.4258,koy,1450,>1281,,haudenosaunee,,,,
Cayuga,42.7326,-76.7466,koy,1450,>1281,,haudenosaunee,,,,
Oneida,43.0906,-75.6349,koy,1450,>1281,,haudenosaunee,,,,
Werowocomoco (Powhatan Konfederasyonu Başkenti),37.3939,-76.6302,sehir,1281,1281-epok,,__BOSLUK__,,,,
Taos Pueblo,36.4361,-105.5411,koy,1610,>1281,,yeni-ispanya,,,,
Acoma Pueblo (Sky City),34.9903,-107.5814,koy,1610,>1281,,yeni-ispanya,,,,
Natchez (Grand Village),31.5451,-91.3915,sehir,1281,1281-epok,,natchez,,,,
Coweta (Creek/Mvskoke Konfederasyonu — Aşağı Kasabalar merkezi),32.4699,-84.9877,sehir,1281,1281-epok,,__BOSLUK__,,,,
Chota (Cherokee Overhill Başkenti),35.6389,-84.1727,sehir,1281,1281-epok,,cherokee,,,,
"Nanih Waiya (Choctaw Konfederasyonu, kutsal/köken merkezi)",32.9865,-89.159,koy,1281,1281-epok,,choctaw,,,,
Quebec,46.8219,-71.2187,sehir,1608,>1281,1608-07-03,fransa,,,,
Montreal (Ville-Marie),45.5019,-73.5674,sehir,1642,>1281,1642-05-17,fransa,,,,
New Orleans,29.9511,-90.0715,sehir,1718,>1281,1718-01-01,fransa,,,,
New Amsterdam (New York),40.7128,-74.006,sehir,1624,>1281,1624-01-01,hollanda,,,,
Fort Orange (Albany),42.6526,-73.7562,sehir,1624,>1281,1624-01-01,hollanda,,,,
Jamestown,37.1997,-76.788,sehir,1607,>1281,1607-05-14,ingiltere,,,,
Plymouth (Massachusetts),41.9584,-70.6673,sehir,1620,>1281,1620-12-21,ingiltere,,,,
Boston (Massachusetts),42.3601,-71.0589,sehir,1630,>1281,1630-09-07,ingiltere,,,,
Philadelphia,39.9526,-75.1652,sehir,1682,>1281,1682-10-27,ingiltere,,,,
Charleston (Charles Town),32.7839,-79.9343,sehir,1670,>1281,1670-04-15,ingiltere,,,,
Savannah,32.0809,-81.0912,sehir,1733,>1281,1733-02-12,ingiltere,,,,
Detroit (Fort Pontchartrain du Détroit),42.3356,-83.0494,sehir,1701,>1281,1701-07-24,fransa,,,,
Port Royal (Acadia),44.7442,-65.5058,sehir,1605,>1281,1605-01-01,fransa,,,,
St. Augustine,29.8947,-81.3145,sehir,1565,>1281,1565-09-08,ispanya,,,,
Pensacola,30.4213,-87.2169,sehir,1698,>1281,1698-11-17,ispanya,,,,
Santa Fe,35.687,-105.9378,sehir,1610,>1281,1610-01-01,yeni-ispanya,,,,
San Antonio (Misyon San Antonio de Valero),29.426,-98.4861,sehir,1718,>1281,1718-05-01,yeni-ispanya,,,,
San Diego (Misyon San Diego de Alcalá),32.7157,-117.1611,sehir,1769,>1281,1769-07-16,yeni-ispanya,,,,
San Francisco (Misyon San Francisco de Asís),37.7599,-122.4269,sehir,1776,>1281,1776-06-29,yeni-ispanya,,,,
Novoarkhangelsk (Sitka),57.056,-135.3287,sehir,1799,>1281,1799-07-01,rusya,,,,
Jaragua (Taino cacicazgosu),18.5108,-72.6338,bolge,1503,>1281,,ispanya,,,,
Higüey (Taino cacicazgosu),18.6144,-68.7047,bolge,1504,>1281,,ispanya,,,,
Santo Domingo,18.4861,-69.9312,sehir,1496,>1281,1496-01-01,ispanya,,,,
Baracoa,20.3467,-74.4958,sehir,1511,>1281,1511-08-15,ispanya,,,,
Santiago de Cuba,20.0247,-75.8219,sehir,1515,>1281,1515-07-25,ispanya,,,,
Havana (La Habana),23.1136,-82.3666,sehir,1519,>1281,1519-11-16,ispanya,,,,
Camagüey bölgesi (Taino),21.3808,-77.9169,bolge,1514,>1281,,ispanya,,,,
Caparra,18.4255,-66.1111,sehir,1508,>1281,1508-01-01,ispanya,,,,
San Germán,18.0803,-67.045,sehir,1512,>1281,1512-01-01,ispanya,,,,
San Juan,18.4655,-66.1057,sehir,1521,>1281,1521-01-01,ispanya,,,,
Spanish Town (Villa de la Vega),17.9911,-76.9574,sehir,1534,>1281,1534-01-01,ispanya,,,,
Port Royal,17.937,-76.8318,liman,1655,>1281,1655-01-01,ingiltere,,,,
Kingston,17.9712,-76.7936,sehir,1692,>1281,1692-01-01,ingiltere,,,,
San José de Oruña (St. Joseph),10.6516,-61.4128,kale,1592,>1281,1592-01-01,ispanya,,,,
Port of Spain (Puerto de España),10.6549,-61.5019,sehir,1757,>1281,1757-01-01,ispanya,,,,
Georgetown (Stabroek),6.8013,-58.1551,sehir,1781,>1281,1781-01-01,fransa,,,,
New Amsterdam (Berbice),6.2495,-57.5207,sehir,1627,>1281,1627-01-01,hollanda,,,,
Paramaribo,5.852,-55.2038,sehir,1630,>1281,1630-01-01,ingiltere,,,,
Cayenne,4.9346,-52.3303,sehir,1643,>1281,1643-01-01,fransa,,,,
Colonia del Sacramento,-34.4723,-57.841,sehir,1680,>1281,1680-01-01,portekiz,,,,
Montevideo,-34.9011,-56.1645,sehir,1726,>1281,1726-12-24,ispanya,,,,
Córdoba (Arjantin),-31.4201,-64.1888,sehir,1573,>1281,1573-07-06,ispanya,,,,
Santa Fe (Arjantin),-31.6333,-60.7,sehir,1573,>1281,1573-11-15,ispanya,,,,
Corrientes,-27.4806,-58.8341,sehir,1588,>1281,1588-04-03,ispanya,,,,
Mendoza,-32.8908,-68.8272,sehir,1561,>1281,1561-03-02,ispanya,,,,
Asunción,-25.2637,-57.5759,sehir,1537,>1281,1537-08-15,ispanya,,,,
Delgo (Sükkût),20.126,30.548,sehir,1281,1281-epok,,nube,,,,
Abrî (Mahas),20.803,30.352,sehir,1281,1281-epok,,nube,,,,
Kortî,18.1,31.567,sehir,1281,1281-epok,,nube,,,,
Ed-Dâmer,17.598,33.966,sehir,1281,1281-epok,,nube,,,,
Kabûşiyye,16.883,33.75,sehir,1281,1281-epok,,nube,,,,
Ümmü Dermân,15.645,32.477,sehir,1281,1281-epok,,nube,,,,
Sincâ,13.145,33.932,sehir,1281,1281-epok,,nube,,,,
Müsellemiyye,14.4,33.325,sehir,1281,1281-epok,,nube,,,,
Rufâa,14.767,33.367,sehir,1281,1281-epok,,nube,,,,
El-Kavâ,13.74,32.5,sehir,1281,1281-epok,,nube,,,,
Cebeleyn,12.598,32.816,sehir,1281,1281-epok,,nube,,,,
Kurmuk,10.83,34.283,sehir,1281,1281-epok,,nube,,,,
Er-Rahad,12.712,30.648,sehir,1281,1281-epok,,nube,,,,
Ümmü Rüvâbe,12.903,31.217,sehir,1281,1281-epok,,nube,,,,
Sodirî,14.423,29.1,sehir,1281,1281-epok,,nube,,,,
Dilling,12.05,29.65,sehir,1281,1281-epok,,nube,,,,
Kâdûglî,11.01,29.717,sehir,1281,1281-epok,,nube,,,,
Talodi,10.633,30.383,sehir,1281,1281-epok,,nube,,,,
Ebû Zabed,12.35,29.25,sehir,1281,1281-epok,,nube,,,,
Muglad,11.033,27.733,sehir,1281,1281-epok,,nube,,,,
Bâbanûsa,11.333,27.817,sehir,1281,1281-epok,,nube,,,,
Ğubeyş,12.15,27.383,sehir,1281,1281-epok,,nube,,,,
Kutum,14.2,24.66,sehir,1281,1281-epok,,dacu,,,,
Kebkâbiye,13.65,24.083,sehir,1281,1281-epok,,dacu,,,,
Cebel Merre,12.95,24.27,bolge,1281,1281-epok,,dacu,,,,
Zâlincî,12.905,23.483,sehir,1281,1281-epok,,dacu,,,,
Ed-Da'în,11.462,26.128,sehir,1281,1281-epok,,dacu,,,,
Burâm,10.833,25.167,sehir,1281,1281-epok,,dacu,,,,
Ümmü Keddâde,13.6,26.69,sehir,1281,1281-epok,,dacu,,,,
Tîne (Dârfûr),15.06,23.0,sehir,1281,1281-epok,,dacu,,,,
Hayyâ,18.317,36.383,sehir,1281,1281-epok,,memluk,,,,
Trinkitât,18.683,37.7,liman,1281,1281-epok,,memluk,,,,
Muhammed Kol,20.833,37.15,liman,1281,1281-epok,,memluk,,,,
Bûr Sûdân,19.617,37.216,liman,1909,>1281,1909-01-01,ingiliz-sudani,,,,
Ağordat,15.549,37.889,sehir,1281,1281-epok,,habesistan,,,,
Barentu,15.106,37.59,sehir,1281,1281-epok,,habesistan,,,,
Nakfa,16.667,38.475,sehir,1281,1281-epok,,habesistan,,,,
Tesseney,15.11,36.66,sehir,1281,1281-epok,,habesistan,,,,
Adi Kayh,14.845,39.377,sehir,1281,1281-epok,,habesistan,,,,
Ğındâ,15.5,39.0,sehir,1281,1281-epok,,habesistan,,,,
Debârve,15.1,38.833,sehir,1281,1281-epok,,habesistan,,,,
Cibûtî,11.588,43.145,liman,1888,>1281,1888-01-01,fransa-cumhuriyet,,,,
Obok,11.993,43.278,liman,1281,1281-epok,,adal,,,,
Alî Sabîh,11.156,42.712,sehir,1281,1281-epok,,adal,,,,
Dikhil,11.104,42.37,sehir,1281,1281-epok,,adal,,,,
Debârek,13.157,37.9,sehir,1281,1281-epok,,habesistan,,,,
Debre Markos,10.35,37.717,sehir,1281,1281-epok,,habesistan,,,,
Mota,11.083,37.867,sehir,1281,1281-epok,,habesistan,,,,
Bure (Gocam),10.7,37.067,sehir,1281,1281-epok,,habesistan,,,,
Völdiya,11.83,39.6,sehir,1281,1281-epok,,habesistan,,,,
Mekdelâ,11.41,39.36,kale,1281,1281-epok,,habesistan,,,,
Ambo,8.983,37.85,sehir,1281,1281-epok,,habesistan,,,,
Fiçe,9.8,38.733,sehir,1281,1281-epok,,habesistan,,,,
Avaş,8.983,40.167,sehir,1281,1281-epok,,habesistan,,,,
Bâtî,11.192,40.017,sehir,1281,1281-epok,,habesistan,,,,
Hosaena,7.55,37.85,sehir,1281,1281-epok,,habesistan,,,,
Arba Minç,6.033,37.55,sehir,1281,1281-epok,,habesistan,,,,
Dire Dava,9.593,41.866,sehir,1902,>1281,1902-01-01,habesistan,,,,
Dagahbûr,8.217,43.567,sehir,1281,1281-epok,,adal,,,,
Asâyita (Avsa),11.567,41.44,sehir,1281,1281-epok,,adal,,,,
Nekemte,9.088,36.55,sehir,1897,>1281,,habesistan,,,,
Gimbî,9.17,35.833,sehir,1897,>1281,,habesistan,,,,
Dembîdollo,8.533,34.8,sehir,1897,>1281,,habesistan,,,,
Gore,8.15,35.533,sehir,1897,>1281,,habesistan,,,,
Asella,7.95,39.133,sehir,1897,>1281,,habesistan,,,,
Goba,7.01,39.983,sehir,1897,>1281,,habesistan,,,,
Ginir,7.14,40.708,sehir,1897,>1281,,habesistan,,,,
Ağere Maryam,5.633,38.233,sehir,1897,>1281,,habesistan,,,,
Yabelo,4.883,38.208,sehir,1897,>1281,,habesistan,,,,
Mega,4.05,38.3,sehir,1897,>1281,,habesistan,,,,
Moyale,3.533,39.05,sehir,1897,>1281,,habesistan,,,,
Gambela,8.25,34.588,liman,1907,>1281,1907-01-01,habesistan,,,,
Kebrî Dehar,6.733,44.267,sehir,1281,1281-epok,,adal,,,,
Verder,6.96,45.35,sehir,1281,1281-epok,,adal,,,,
Gode,5.95,43.55,sehir,1281,1281-epok,,adal,,,,
Kelâfo,5.6,44.2,sehir,1281,1281-epok,,adal,,,,
Dolo Odo,4.167,42.05,sehir,1281,1281-epok,,adal,,,,
Şeyh (Somaliland),9.933,45.183,sehir,1281,1281-epok,,adal,,,,
Odveyne,9.41,45.062,sehir,1281,1281-epok,,adal,,,,
Borama,9.936,43.183,sehir,1281,1281-epok,,adal,,,,
Buhodle,8.24,46.32,sehir,1281,1281-epok,,adal,,,,
Taleh,9.15,48.417,kale,1281,1281-epok,,adal,,,,
Kandala,11.47,49.868,liman,1281,1281-epok,,adal,,,,
İskuşubân,10.283,50.233,sehir,1281,1281-epok,,adal,,,,
Bender Beyla,9.494,50.812,liman,1281,1281-epok,,somali,,,,
Berâve,1.106,44.031,liman,1281,1281-epok,,makdisu-sultanligi,,,,
Afgoye,2.138,45.12,sehir,1281,1281-epok,,makdisu-sultanligi,,,,
Bulo Burte,3.848,45.567,sehir,1281,1281-epok,,somali,,,,
Bardere,2.348,42.278,sehir,1281,1281-epok,,somali,,,,
Luuk,3.802,42.545,sehir,1281,1281-epok,,somali,,,,
Garbahârey,3.328,42.22,sehir,1281,1281-epok,,somali,,,,
Cilib,0.489,42.797,sehir,1281,1281-epok,,somali,,,,
Kısmâyû,-0.358,42.545,liman,1281,1281-epok,,somali,,,,
Mirbât,16.993,54.7,liman,1281,1281-epok,,nebhani,,,,
Tâka (Zufâr),17.057,54.404,liman,1281,1281-epok,,nebhani,EVET,aday-listesi,Zafâr melikleri,kaynak doğrulanmadı
Hâsik,17.383,55.283,liman,1281,1281-epok,,nebhani,,,,
Şüveymiye,17.946,55.969,liman,1281,1281-epok,,nebhani,,,,
Dukm,19.66,57.707,liman,1281,1281-epok,,nebhani,,,,
Muhût,20.7,58.1,sehir,1281,1281-epok,,nebhani,,,,
Tumreyt,17.667,54.024,sehir,1281,1281-epok,,nebhani,,,,
Şisr,18.257,53.647,sehir,1281,1281-epok,,nebhani,,,,
Er-Renk,11.75,32.783,sehir,1885,>1281,,mehdi,,,,
Fâşoda,9.892,32.117,sehir,1885,>1281,,mehdi,,,,
Malakal,9.533,31.661,sehir,1885,>1281,,mehdi,,,,
Nâsir,8.608,33.067,sehir,1899,>1281,,ingiliz-sudani,,,,
Akobo,7.788,33.033,sehir,1899,>1281,,ingiliz-sudani,,,,
Bentiu,9.242,29.803,sehir,1899,>1281,,ingiliz-sudani,,,,
Meşra er-Rek,8.417,29.283,liman,1899,>1281,,ingiliz-sudani,,,,
Vav,7.702,27.99,sehir,1899,>1281,,ingiliz-sudani,,,,
Deym Zübeyr,7.7,26.217,kale,1899,>1281,,ingiliz-sudani,,,,
Rumbek,6.8,29.678,sehir,1899,>1281,,ingiliz-sudani,,,,
Tonc,6.95,28.683,sehir,1899,>1281,,ingiliz-sudani,,,,
Şembe,7.156,30.553,liman,1899,>1281,,ingiliz-sudani,,,,
Bor,6.208,31.558,sehir,1899,>1281,,ingiliz-sudani,,,,
Gondokoro,4.9,31.65,sehir,1899,>1281,,ingiliz-sudani,,,,
Nimule,3.6,32.058,sehir,1899,>1281,,ingiliz-sudani,,,,
Torit,4.412,32.57,sehir,1899,>1281,,ingiliz-sudani,,,,
Kapoeta,4.767,33.591,sehir,1899,>1281,,ingiliz-sudani,,,,
Yambio,4.572,28.395,sehir,1899,>1281,,ingiliz-sudani,,,,
Tembura,5.61,27.47,sehir,1899,>1281,,ingiliz-sudani,,,,
Şereyk,18.75,33.6,sehir,1281,1281-epok,,nube,,,,
Kerreri,15.83,32.48,sehir,1281,1281-epok,,nube,,,,
El-Menâkıl,14.2,32.98,sehir,1281,1281-epok,,nube,,,,
Ed-Damazîn,11.789,34.359,sehir,1281,1281-epok,,nube,,,,
Tendelti,13.02,31.87,sehir,1281,1281-epok,,nube,,,,
Ümmü Bedr,14.2,27.9,sehir,1281,1281-epok,,nube,,,,
Derûdeb,17.55,36.1,sehir,1281,1281-epok,,memluk,,,,
Mellît,14.13,25.57,sehir,1281,1281-epok,,dacu,,,,
Şa'riyye,12.9,25.42,sehir,1281,1281-epok,,dacu,,,,
Radom,9.95,24.95,sehir,1281,1281-epok,,dacu,,,,
Aveyl,8.767,27.4,sehir,1899,>1281,,ingiliz-sudani,,,,
Rağa,8.46,25.68,sehir,1899,>1281,,ingiliz-sudani,,,,
Fangak,9.07,30.883,sehir,1899,>1281,,ingiliz-sudani,,,,
Ler,8.3,30.14,sehir,1899,>1281,,ingiliz-sudani,,,,
Pibor,6.8,33.133,sehir,1899,>1281,,ingiliz-sudani,,,,
Maridi,4.917,29.467,sehir,1899,>1281,,ingiliz-sudani,,,,
Yei,4.09,30.679,sehir,1899,>1281,,ingiliz-sudani,,,,
Vukro,13.79,39.6,sehir,1281,1281-epok,,habesistan,,,,
Alamata,12.42,39.55,sehir,1281,1281-epok,,habesistan,,,,
Nazret,8.54,39.27,sehir,1281,1281-epok,,habesistan,,,,
Cinka,6.783,36.667,sehir,1281,1281-epok,,habesistan,,,,
Şeşemene,7.2,38.6,sehir,1897,>1281,,habesistan,,,,
Dilla,6.41,38.31,sehir,1897,>1281,,habesistan,,,,
Negele Borana,5.33,39.58,sehir,1897,>1281,,habesistan,,,,
Bedele,8.45,36.35,sehir,1897,>1281,,habesistan,,,,
Mizan Teferi,6.99,35.58,sehir,1897,>1281,,habesistan,,,,
Asosa,10.07,34.53,sehir,1897,>1281,,habesistan,,,,
İmi,6.47,42.17,sehir,1281,1281-epok,,adal,,,,
Filtu,5.13,40.75,sehir,1281,1281-epok,,adal,,,,
Zula,15.283,39.7,liman,1281,1281-epok,,habesistan,,,,
Adi Kuala,14.68,38.83,sehir,1281,1281-epok,,habesistan,,,,
Lâs Hore,11.158,48.198,liman,1281,1281-epok,,adal,,,,
Mayd,11.0,47.1,liman,1281,1281-epok,,adal,,,,
Hîs,10.9,46.9,liman,1281,1281-epok,,adal,,,,
Dusa Mareb,5.536,46.386,sehir,1281,1281-epok,,somali,,,,
Ceel Buur,4.687,46.618,sehir,1281,1281-epok,,somali,,,,
Ceel Dheere,3.845,47.163,liman,1281,1281-epok,,somali,,,,
Cadale,2.752,46.31,liman,1281,1281-epok,,makdisu-sultanligi,,,,
Vanlaveyn,2.62,44.89,sehir,1281,1281-epok,,somali,,,,
Diinsoor,2.406,42.972,sehir,1281,1281-epok,,somali,,,,
Hudur,4.12,43.89,sehir,1281,1281-epok,,somali,,,,
Ceel Barde,4.57,43.49,sehir,1281,1281-epok,,somali,,,,
Ceel Vaak,2.8,41.15,sehir,1281,1281-epok,,somali,,,,
Cezîr (Sevkıra),18.161,56.537,liman,1281,1281-epok,,nebhani,,,,
Râs Medreke,19.002,57.792,liman,1281,1281-epok,,nebhani,,,,
Rahbût,16.762,53.418,liman,1281,1281-epok,,nebhani,,,,
İncibara,10.95,36.93,sehir,1281,1281-epok,,habesistan,,,,
Ceel Afveyn,9.83,47.2,sehir,1281,1281-epok,,adal,,,,
Pskov,57.813,28.335,sehir,1281,1281-epok,,novgorod,EVET,aday-listesi,Novgorod/Pskov,kaynak doğrulanmadı
Staraya Russa,57.99,31.362,sehir,1281,1281-epok,,novgorod,,,,
Eski Ladoga,59.997,32.298,kale,1281,1281-epok,,novgorod,EVET,aday-listesi,Novgorod,kaynak doğrulanmadı
Oreşek (Nöteborg),59.953,31.038,kale,1281,1281-epok,,novgorod,,,,
Tihvin,59.645,33.518,sehir,1281,1281-epok,,novgorod,,,,
Belozersk,60.031,37.783,sehir,1281,1281-epok,,novgorod,,,,
Kirillov,59.858,38.376,kale,1397,>1281,1397-01-01,novgorod,,,,
Kargopol,61.507,38.945,sehir,1281,1281-epok,,novgorod,,,,
Olonets,60.977,32.972,kale,1649,>1281,1649-01-01,rusya,,,,
Petrozavodsk,61.789,34.351,sehir,1703,>1281,1703-09-11,rusya,,,,
Solovki (Solovetsky),65.03,35.712,kale,1436,>1281,1436-01-01,novgorod,,,,
Kem,64.951,34.594,sehir,1281,1281-epok,,novgorod,,,,
Onega,63.907,38.099,liman,1281,1281-epok,,novgorod,,,,
Holmogorı,64.223,41.653,sehir,1281,1281-epok,,novgorod,,,,
Pinega,64.7,43.392,sehir,1281,1281-epok,,novgorod,,,,
Şenkursk,62.106,42.897,sehir,1281,1281-epok,,novgorod,,,,
Velsk,61.066,42.104,sehir,1281,1281-epok,,novgorod,,,,
Veliki Ustyug,60.762,46.31,sehir,1281,1281-epok,,novgorod,,,,
Solvıçegodsk,61.339,46.917,sehir,1281,1281-epok,,novgorod,,,,
Yarensk,62.166,49.098,sehir,1281,1281-epok,,novgorod,,,,
Ust-Sısolsk (Sıktıvkar),61.668,50.836,sehir,1586,>1281,1586-01-01,rusya,,,,
Totma,59.973,42.759,sehir,1281,1281-epok,,novgorod,,,,
Hlınov (Vyatka),58.604,49.668,sehir,1281,1281-epok,,novgorod,,,,
Kotelniç,58.302,48.343,sehir,1281,1281-epok,,novgorod,,,,
Slobodskoy,58.733,50.18,sehir,1281,1281-epok,,novgorod,,,,
Çerdın,60.4,56.48,sehir,1281,1281-epok,,novgorod,,,,
Solikamsk,59.649,56.771,sehir,1430,>1281,1430-01-01,novgorod,,,,
Kungur,57.433,56.937,kale,1648,>1281,1648-01-01,rusya,,,,
Kostroma,57.758,40.905,sehir,1281,1281-epok,,altinorda,,,,
Yaroslavl,57.626,39.894,sehir,1281,1281-epok,,altinorda,EVET,aday-listesi,Rostov/Yaroslavl Knezliği,kaynak doğrulanmadı
Rostov Veliki,57.185,39.414,sehir,1281,1281-epok,,altinorda,EVET,aday-listesi,Rostov-Suzdal,kaynak doğrulanmadı
Uglich,57.526,38.32,sehir,1281,1281-epok,,altinorda,,,,
Galiç (Kostroma),58.383,42.35,sehir,1281,1281-epok,,altinorda,,,,
Kineşma,57.443,42.168,sehir,1281,1281-epok,,altinorda,,,,
Şuya,56.856,41.383,sehir,1281,1281-epok,,altinorda,,,,
Vetluga,57.851,45.782,sehir,1281,1281-epok,,altinorda,,,,
Tver,56.859,35.912,sehir,1281,1281-epok,,tver,EVET,aday-listesi,Tver Knezliği 1246,kaynak doğrulanmadı
Torjok,57.041,34.96,sehir,1281,1281-epok,,tver,,,,
Velikiye Luki,56.336,30.518,kale,1281,1281-epok,,novgorod,,,,
Vladimir,56.129,40.407,sehir,1281,1281-epok,,altinorda,EVET,0930-eksen;aday-listesi,Vladimir-Suzdal başkenti,kaynak doğrulanmadı
Suzdal,56.419,40.449,sehir,1281,1281-epok,,altinorda,EVET,aday-listesi,Rostov-Suzdal,kaynak doğrulanmadı
Glazov,58.139,52.66,sehir,1678,>1281,1678-01-01,rusya,,,,
Murom,55.575,42.052,sehir,1281,1281-epok,,altinorda,EVET,aday-listesi,Murom-Ryazan,kaynak doğrulanmadı
Arzamas,55.394,43.84,sehir,1281,1281-epok,,altinorda,,,,
Kasimov,54.945,41.393,sehir,1281,1281-epok,,altinorda,,,,
Temnikov,54.633,43.223,sehir,1281,1281-epok,,altinorda,,,,
Kaluga,54.513,36.261,sehir,1281,1281-epok,,altinorda,,,,
Kolomna,55.079,38.778,kale,1281,1281-epok,,altinorda,,,,
Kaşira,54.837,38.167,kale,1281,1281-epok,,altinorda,,,,
Serpuhov,54.915,37.411,kale,1281,1281-epok,,altinorda,,,,
Mojaysk,55.505,36.02,kale,1281,1281-epok,,altinorda,,,,
Volokolamsk,56.037,35.958,kale,1281,1281-epok,,altinorda,,,,
Dmitrov,56.344,37.521,sehir,1281,1281-epok,,altinorda,,,,
Sergiyev Posad,56.315,38.136,kale,1337,>1281,1337-01-01,moskova,,,,
Bulgar (Bolgar),54.976,49.03,sehir,1281,1281-epok,,altinorda,EVET,0930-eksen;aday-listesi,İdil Bulgar → Moğol 1236,TDV: bulgar (önbellek denetim/GLM1-TDV-ONBELLEK/bulgar.txt; gövdede 1000-1280 yılı 5 kez)
Sviyajsk,55.771,48.66,kale,1551,>1281,1551-05-24,kazan,,,,
Tetyuşi,54.94,48.833,kale,1578,>1281,1578-01-01,rusya,,,,
Buinsk,54.966,48.288,sehir,1281,1281-epok,,altinorda,,,,
Çistopol,55.362,50.635,sehir,1281,1281-epok,,altinorda,,,,
Çeboksarı,56.146,47.251,sehir,1281,1281-epok,,altinorda,,,,
Kozmodemyansk,56.336,46.559,kale,1583,>1281,1583-01-01,rusya,,,,
Tsarevokokşaysk (Yoşkar-Ola),56.639,47.891,kale,1584,>1281,1584-01-01,rusya,,,,
Malmıj,56.526,50.678,sehir,1281,1281-epok,,altinorda,,,,
Yelabuga,55.763,52.061,sehir,1281,1281-epok,,altinorda,,,,
Menzelinsk,55.727,53.1,kale,1584,>1281,1584-01-01,rusya,,,,
Sarapul,56.47,53.804,sehir,1596,>1281,1596-01-01,rusya,,,,
Alatır,54.84,46.578,kale,1552,>1281,1552-01-01,kazan,,,,
Birsk,55.415,55.542,kale,1663,>1281,1663-01-01,rusya,,,,
Buğulma,54.536,52.797,sehir,1736,>1281,1736-01-01,rusya,,,,
Saray (Selitrennoye),47.183,47.7,sehir,1281,1281-epok,,altinorda,EVET,aday-listesi,Altın Orda başkenti ~1250,TDV: saray (önbellek denetim/GLM1-TDV-ONBELLEK/saray.txt; gövdede 1000-1280 yılı 9 kez)
Yeni Saray (Tsarev),48.688,45.383,sehir,1281,1281-epok,,altinorda,,,,
Ukek (Uvek),51.47,45.95,sehir,1281,1281-epok,,altinorda,,,,
Beldjamen,49.02,44.75,sehir,1281,1281-epok,,altinorda,,,,
Çernıy Yar,48.07,46.11,kale,1627,>1281,1627-01-01,rusya,,,,
Yenotayevsk,47.245,47.017,kale,1741,>1281,1741-01-01,rusya,,,,
Krasnıy Yar,46.535,48.343,kale,1667,>1281,1667-01-01,rusya,,,,
Hvalınsk,52.497,48.101,sehir,1556,>1281,1556-01-01,rusya,,,,
Volsk,52.045,47.387,sehir,1690,>1281,1690-01-01,rusya,,,,
Stavropol (Volga),53.507,49.42,kale,1737,>1281,1737-01-01,rusya,,,,
Uralsk (Yayık),51.227,51.386,kale,1281,1281-epok,,altinorda,,,,
İlek,51.523,53.383,kale,1737,>1281,1737-01-01,rusya,,,,
Orenburg,51.768,55.097,kale,1743,>1281,1743-04-30,rusya,,,,
Orsk,51.229,58.556,kale,1735,>1281,1735-08-31,rusya,,,,
Buzuluk,52.786,52.261,kale,1736,>1281,1736-01-01,rusya,,,,
Sterlitamak,53.63,55.95,sehir,1766,>1281,1766-01-01,rusya,,,,
Baturin,51.343,32.879,kale,1281,1281-epok,,altinorda,,,,
Hluhiv,51.678,33.917,sehir,1281,1281-epok,,altinorda,,,,
Taganrog,47.237,38.897,liman,1698,>1281,1698-09-12,rusya,,,,
Miknâs (Meknes),33.895,-5.555,sehir,1281,1281-epok,,merini,,,,
Tıtvân (Tetuan),35.578,-5.368,sehir,1484,>1281,1484-01-01,merini,,,,
el-Arâiş (Larache),35.193,-6.156,liman,1281,1281-epok,,merini,,,,
Kasrülkebîr,35.001,-5.906,sehir,1281,1281-epok,,merini,,,,
Tâze (Taza),34.21,-4.01,sehir,1281,1281-epok,,merini,,,,
Vecde (Oujda),34.681,-1.9,sehir,1281,1281-epok,,merini,,,,
Sicilmâse (Tâfilelt),31.281,-4.283,sehir,1281,1281-epok,,merini,EVET,aday-listesi,Mağrâve → Murâbıt → Muvahhid,TDV: sicilmase (önbellek denetim/DEVLET-500-1000-tdv-onbellek/sicilmase.txt; gövdede 1000-1280 yılı 10 kez)
Tarûdant,30.471,-8.877,sehir,1281,1281-epok,,merini,,,,
Sûvayra (Mogador),31.513,-9.77,liman,1764,>1281,1764-01-01,fas,,,,
Şefşâven,35.171,-5.269,sehir,1471,>1281,1471-01-01,merini,,,,
Vezzân (Ouezzane),34.796,-5.583,sehir,1281,1281-epok,,merini,,,,
Bâdis (Peñón de Vélez),35.1727,-4.3007,kale,1281,1281-epok,,merini,,,,
el-Hüseyme (Alhucemas),35.246,-3.931,kale,1281,1281-epok,,merini,,,,
Mamûra (Mehdiye),34.256,-6.678,kale,1281,1281-epok,,merini,,,,
Debdû,34.098,-3.032,sehir,1281,1281-epok,,merini,,,,
Fîgîg (Figuig),32.109,-1.227,sehir,1281,1281-epok,,merini,,,,
Dârülbeyzâ (Anfa),33.573,-7.59,liman,1281,1281-epok,,merini,,,,
Zâgûre (Dr'a),30.332,-5.838,sehir,1281,1281-epok,,merini,,,,
Verzâzât,30.92,-6.91,sehir,1281,1281-epok,,merini,,,,
Tinğîr,31.515,-5.533,sehir,1281,1281-epok,,merini,,,,
Benî Mellâl,32.337,-6.36,sehir,1281,1281-epok,,merini,,,,
Hunayfire (Khenifra),32.936,-5.668,sehir,1281,1281-epok,,merini,,,,
Sefrû,33.83,-4.836,sehir,1281,1281-epok,,merini,,,,
Îfnî (Sîdî İfnî),29.379,-10.173,liman,1281,1281-epok,,merini,,,,
Tîznît,29.699,-9.732,sehir,1281,1281-epok,,merini,,,,
Ğulmîm (Vâdî Nûn),28.987,-10.057,sehir,1281,1281-epok,,merini,,,,
Tâtâ,29.744,-7.972,sehir,1281,1281-epok,,merini,,,,
Tîzî Vezzû (Kabiliye),36.712,4.047,sehir,1281,1281-epok,,zeyyani,,,,
Akbû (Benî Abbâs),36.457,4.531,kale,1281,1281-epok,,zeyyani,,,,
Tâhert (Tiaret),35.371,1.322,sehir,1281,1281-epok,,zeyyani,,,,
Cilfe (Djelfa),34.673,3.263,sehir,1281,1281-epok,,zeyyani,,,,
Vargla (Ouargla),31.949,5.325,sehir,1281,1281-epok,,zeyyani,EVET,aday-listesi,İbâdî/Hammâdî,kaynak doğrulanmadı
el-Vâdî (Sûf),33.368,6.867,sehir,1281,1281-epok,,zeyyani,,,,
Hanşele (Khenchela),35.436,7.144,sehir,1281,1281-epok,,zeyyani,,,,
Aynı Beydâ,35.796,7.393,sehir,1281,1281-epok,,zeyyani,,,,
Advâr (Tuvât),27.874,-0.294,sehir,1281,1281-epok,,merini,,,,
Tîmîmûn (Gûrâre),29.256,0.231,sehir,1281,1281-epok,,merini,,,,
Aynı Sâlih (Tîdîkelt),27.194,2.48,sehir,1281,1281-epok,,merini,,,,
Reggân,26.719,0.17,sehir,1281,1281-epok,,merini,,,,
Benî Abbâs (Sâvre),30.13,-2.17,sehir,1281,1281-epok,,merini,,,,
Beşşâr (Béchar),31.617,-2.216,sehir,1281,1281-epok,,merini,,,,
Ğâru'l-Melh (Porto Farina),37.177,10.191,liman,1281,1281-epok,,hafsi,,,,
Testûr,36.556,9.442,sehir,1281,1281-epok,,hafsi,,,,
Ğar Dimâv,36.45,8.435,sehir,1281,1281-epok,,hafsi,,,,
Mekter (Maktar),35.855,9.203,sehir,1281,1281-epok,,hafsi,,,,
Sübaytıla,35.235,9.12,sehir,1281,1281-epok,,hafsi,,,,
Sîdî Bû Zeyd,35.038,9.485,sehir,1281,1281-epok,,hafsi,,,,
Metlâvî,34.32,8.4,sehir,1281,1281-epok,,hafsi,,,,
Kıbillî (Nefzâve),33.704,8.969,sehir,1281,1281-epok,,hafsi,,,,
Dûz,33.466,9.02,sehir,1281,1281-epok,,hafsi,,,,
Terhûne,32.435,13.633,sehir,1281,1281-epok,,hafsi,,,,
Kabâv (Nefûse),31.941,12.036,sehir,1281,1281-epok,,hafsi,,,,
Sinâvin,31.007,10.616,sehir,1281,1281-epok,,hafsi,,,,
Derc (Derj),30.155,10.442,sehir,1281,1281-epok,,hafsi,,,,
Tâverğa,32.005,15.055,sehir,1281,1281-epok,,hafsi,,,,
Vaddân (Cufre),29.161,16.139,sehir,1281,1281-epok,,kanem-bornu,,,,
Zilla (Zella),28.556,17.532,bolge,1281,1281-epok,,kanem-bornu,,,,
Nûfiliye,30.784,17.983,sehir,1281,1281-epok,,hafsi,,,,
Merâde,29.23,19.213,bolge,1281,1281-epok,,kanem-bornu,,,,
Tulmeyse,32.712,20.951,liman,1281,1281-epok,,__BOSLUK__,,,,
Ayn el-Ğazâle (Bomba),32.495,23.12,liman,1281,1281-epok,,__BOSLUK__,,,,
Tırgan (Traghan),26.13,14.47,sehir,1281,1281-epok,,kanem-bornu,,,,
Zevîle (Zawila),26.17,15.113,sehir,1281,1281-epok,,kanem-bornu,,,,
el-Katrûn,24.919,14.647,sehir,1281,1281-epok,,kanem-bornu,,,,
Pathein (Bassein),16.78,94.73,liman,1281,1281-epok,,pagan,,,,
Thaton,16.92,97.37,sehir,1281,1281-epok,,pagan,EVET,aday-listesi,Mon → Pagan 1057,kaynak doğrulanmadı
Bhamo,24.27,97.23,sehir,1281,1281-epok,,pagan,,,,
Shwebo,22.57,95.7,sehir,1313,>1281,1313-01-01,ava,,,,
Taungdwingyi,20.01,95.4,sehir,1281,1281-epok,,pagan,,,,
Myingyan,21.46,95.38,sehir,1281,1281-epok,,pagan,,,,
Yenangyaung,20.47,94.87,sehir,1281,1281-epok,,pagan,,,,
Katha,24.19,96.33,sehir,1281,1281-epok,,pagan,,,,
Meiktila,20.87,95.86,sehir,1281,1281-epok,,pagan,,,,
Lopburi,14.8,100.62,sehir,1281,1281-epok,,sukhothai,EVET,aday-listesi,Lavo/Kmer,kaynak doğrulanmadı
Phitsanulok,16.82,100.26,sehir,1281,1281-epok,,sukhothai,,,,
Nakhon Ratchasima,14.97,102.1,sehir,1281,1281-epok,,sukhothai,,,,
Songkhla,7.2079,100.597,liman,1281,1281-epok,,sukhothai,,,,
Phuket (Thalang),7.89,98.4,liman,1281,1281-epok,,sukhothai,,,,
Chiang Rai,19.91,99.83,sehir,1281,1281-epok,,lan-na,,,,
Chanthaburi,12.61,102.1,liman,1281,1281-epok,,sukhothai,,,,
Nan,18.78,100.77,sehir,1281,1281-epok,,lan-na,,,,
Kratie,12.49,106.02,liman,1281,1281-epok,,angkor-kmer,,,,
Kampot,10.61,104.18,liman,1281,1281-epok,,angkor-kmer,,,,
Pursat,12.53,103.92,sehir,1281,1281-epok,,angkor-kmer,,,,
Kompong Cham,12.0,105.46,liman,1281,1281-epok,,angkor-kmer,,,,
Xieng Khouang,19.45,103.15,sehir,1281,1281-epok,,__BOSLUK__,,,,
Savannakhet,16.56,104.75,liman,1281,1281-epok,,__BOSLUK__,,,,
Hai Phong,20.86,106.68,liman,1281,1281-epok,,tran-hanedani,,,,
Nam Dinh,20.42,106.17,sehir,1281,1281-epok,,tran-hanedani,,,,
Thanh Hoa,19.81,105.78,sehir,1281,1281-epok,,tran-hanedani,,,,
Vinh,18.67,105.69,sehir,1281,1281-epok,,tran-hanedani,,,,
Nha Trang (Kauthara),12.24,109.19,liman,1281,1281-epok,,campa,,,,
Pahang (Pekan),3.5,103.4,sehir,1281,1281-epok,,malay-sultanliklari,,,,
Kelantan (Kota Bharu),6.13,102.24,sehir,1281,1281-epok,,malay-sultanliklari,,,,
Terengganu (Kuala Terengganu),5.33,103.14,liman,1281,1281-epok,,malay-sultanliklari,,,,
Negeri Sembilan (Seremban),2.72,101.94,sehir,1281,1281-epok,,malay-sultanliklari,,,,
Lampung,-5.4489,105.269,liman,1281,1281-epok,,palembang-sultanligi,,,,
Bintan (Riau),0.92,104.45,liman,1281,1281-epok,,malay-sultanliklari,,,,
Barus,2.06,98.39,liman,1496,>1281,1496-01-01,ace-sultanligi,,,,
Cirebon,-6.71,108.55,liman,1281,1281-epok,,sunda-pajajaran,,,,
Malang,-7.98,112.63,sehir,1281,1281-epok,,singhasari,,,,
Madiun,-7.63,111.52,sehir,1281,1281-epok,,singhasari,,,,
Pasuruan,-7.65,112.9,liman,1281,1281-epok,,singhasari,,,,
Blitar,-8.1,112.17,sehir,1281,1281-epok,,singhasari,,,,
Sambas,1.37,109.3,liman,1631,>1281,1631-01-01,brunei-sultanligi,,,,
Kotawaringin,-2.85,111.67,sehir,1526,>1281,1526-01-01,banjar-sultanligi,,,,
Gorontalo,0.54,123.06,liman,1281,1281-epok,,ternate-sultanligi,,,,
Iloilo,10.72,122.56,liman,1281,1281-epok,,filipin-racaliklari,,,,
Vigan,17.57,120.39,sehir,1281,1281-epok,,filipin-racaliklari,,,,
Zamboanga,6.91,122.08,liman,1281,1281-epok,,filipin-racaliklari,,,,
Butuan,8.95,125.54,liman,1281,1281-epok,,filipin-racaliklari,,,,
Larantuka,-8.3411,122.99,liman,1281,1281-epok,,timor-beylikleri,,,,
Sumbawa,-8.49,117.42,sehir,1281,1281-epok,,singhasari,,,,
Seram (Ceram),-3.1,129.5,liman,1281,1281-epok,,ternate-sultanligi,,,,
Minbu,20.18,94.88,sehir,1281,1281-epok,,pagan,,,,
Pakokku,21.33,95.08,sehir,1281,1281-epok,,pagan,,,,
Myitkyina,25.38,97.4,sehir,1281,1281-epok,,pagan,,,,
Kanchanaburi,14.02,99.53,sehir,1281,1281-epok,,sukhothai,,,,
Phetchaburi,13.11,99.94,liman,1281,1281-epok,,sukhothai,,,,
Trang,7.56,99.61,liman,1281,1281-epok,,sukhothai,,,,
Son Tay,21.14,105.5,sehir,1281,1281-epok,,tran-hanedani,,,,
Ninh Binh,20.25,105.97,sehir,1281,1281-epok,,tran-hanedani,,,,
Bac Giang,21.27,106.19,sehir,1281,1281-epok,,tran-hanedani,,,,
Tegal,-6.87,109.14,liman,1281,1281-epok,,singhasari,,,,
Pekalongan,-6.89,109.68,liman,1281,1281-epok,,singhasari,,,,
Rembang,-6.713,111.34,liman,1281,1281-epok,,singhasari,,,,
Stung Treng,13.53,105.97,liman,1281,1281-epok,,angkor-kmer,,,,
Sisophon,13.59,102.98,sehir,1281,1281-epok,,angkor-kmer,,,,
Klang,3.04,101.45,liman,1281,1281-epok,,malay-sultanliklari,,,,
Meulaboh,4.14,96.13,liman,1496,>1281,1496-01-01,ace-sultanligi,,,,
Berau,2.13,117.43,liman,1400,>1281,1400-01-01,brunei-sultanligi,,,,
Naga (Camarines),13.62,123.18,sehir,1281,1281-epok,,filipin-racaliklari,,,,
Alor,-8.22,124.58,liman,1281,1281-epok,,timor-beylikleri,,,,
Sandoway (Thandwe),18.48,94.35,liman,1281,1281-epok,,arakan,,,,
Kamphaeng Phet,16.48,99.52,sehir,1281,1281-epok,,sukhothai,,,,
Uthai Thani,15.38,100.02,sehir,1281,1281-epok,,sukhothai,,,,
Preah Vihear,14.39,104.68,sehir,1281,1281-epok,,angkor-kmer,,,,
Muang Sing,21.18,101.15,sehir,1281,1281-epok,,__BOSLUK__,,,,
Vinh Long,10.25,105.97,liman,1281,1281-epok,,angkor-kmer,,,,
Can Tho,10.03,105.79,liman,1281,1281-epok,,angkor-kmer,,,,
Muar,2.05,102.57,liman,1281,1281-epok,,malay-sultanliklari,,,,
Sibolga,1.74,98.78,liman,1496,>1281,1496-01-01,ace-sultanligi,,,,
Jepara,-6.59,110.67,liman,1281,1281-epok,,singhasari,,,,
Tarakan,3.3,117.63,liman,1400,>1281,1400-01-01,brunei-sultanligi,,,,
Bantaeng,-5.53,119.96,liman,1281,1281-epok,,gova-makassar,,,,
Batangas,13.76,121.06,liman,1281,1281-epok,,filipin-racaliklari,,,,
Ende (Flores),-8.84,121.66,liman,1281,1281-epok,,timor-beylikleri,,,,
Pyinmana,19.73,96.22,sehir,1281,1281-epok,,pagan,,,,
Henzada (Hinthada),17.64,95.46,sehir,1281,1281-epok,,pagan,,,,
Chumphon,10.49,99.18,liman,1281,1281-epok,,sukhothai,,,,
Surat Thani,9.14,99.32,liman,1281,1281-epok,,sukhothai,,,,
Attapeu,14.81,106.83,sehir,1713,>1281,1713-01-01,laos-kralliklari,,,,
Quang Tri,16.75,107.19,sehir,1281,1281-epok,,campa,,,,
Quang Ngai,15.12,108.8,sehir,1281,1281-epok,,campa,,,,
Indrapura,-2.2,101.11,liman,1281,1281-epok,,pagaruyung,,,,
Sumenep (Madura),-7.02,113.87,sehir,1281,1281-epok,,singhasari,,,,
Sukadana,-1.25,109.95,liman,1400,>1281,1400-01-01,brunei-sultanligi,,,,
Legazpi,13.14,123.74,liman,1281,1281-epok,,filipin-racaliklari,,,,
Waingapu (Sumba),-9.66,120.26,liman,1281,1281-epok,,timor-beylikleri,,,,
Loikaw,19.67,97.21,sehir,1281,1281-epok,,san-devletleri,,,,
Suphan Buri,14.47,100.12,sehir,1281,1281-epok,,sukhothai,,,,
Takeo,10.99,104.79,sehir,1281,1281-epok,,angkor-kmer,,,,
Tra Vinh,9.93,106.35,liman,1281,1281-epok,,angkor-kmer,,,,
Ben Tre,10.24,106.38,liman,1281,1281-epok,,angkor-kmer,,,,
Kuala Simpang,4.31,98.0,liman,1496,>1281,1496-01-01,ace-sultanligi,,,,
Kudus,-6.81,110.84,sehir,1281,1281-epok,,singhasari,,,,
Purwokerto,-7.42,109.23,sehir,1281,1281-epok,,sunda-pajajaran,,,,
Tuguegarao,17.61,121.73,sehir,1281,1281-epok,,filipin-racaliklari,,,,
Maumere (Flores),-8.62,122.21,liman,1281,1281-epok,,timor-beylikleri,,,,
Mogok,22.92,96.5,sehir,1281,1281-epok,,pagan,,,,
Loei,17.49,101.72,sehir,1281,1281-epok,,sukhothai,,,,
Kompong Thom,12.71,104.89,sehir,1281,1281-epok,,angkor-kmer,,,,
Tay Ninh,11.31,106.1,sehir,1281,1281-epok,,angkor-kmer,,,,
Painan,-1.33,100.6,liman,1281,1281-epok,,pagaruyung,,,,
Ponorogo,-7.87,111.46,sehir,1281,1281-epok,,singhasari,,,,
Dagupan,16.04,120.33,liman,1281,1281-epok,,filipin-racaliklari,,,,
Bima (Sumbawa),-8.47,118.72,liman,1281,1281-epok,,singhasari,,,,
Kalaw,20.63,96.57,sehir,1281,1281-epok,,san-devletleri,,,,
Roi Et,16.05,103.65,sehir,1281,1281-epok,,sukhothai,,,,
Svay Rieng,11.09,105.8,sehir,1281,1281-epok,,angkor-kmer,,,,
Rach Gia,10.01,105.08,liman,1281,1281-epok,,angkor-kmer,,,,
Bojonegoro,-7.15,111.88,sehir,1281,1281-epok,,singhasari,,,,
Puerto Princesa (Palawan),9.74,118.74,liman,1281,1281-epok,,filipin-racaliklari,,,,
Rote,-10.71,123.13,liman,1281,1281-epok,,timor-beylikleri,,,,
Jambi,-1.61,103.61,liman,1281,1281-epok,,malay-sultanliklari,EVET,aday-listesi,Srivijaya-Melayu,kaynak doğrulanmadı
Siak Sri Indrapura,0.82,102.03,liman,1281,1281-epok,,malay-sultanliklari,,,,
Medan (Deli),3.595,98.672,liman,1281,1281-epok,,malay-sultanliklari,,,,
Rengat (Indragiri),-0.35,102.55,sehir,1281,1281-epok,,malay-sultanliklari,,,,
Pontianak,-0.02,109.33,liman,1772,>1281,1772-01-01,pontianak,,,,
Tenggarong (Kutai),0.4,117.01,sehir,1575,>1281,1575-01-01,kutai,,,,
Watampone (Bone),-4.54,120.33,sehir,1330,>1281,1330-01-01,bugis-kralliklari,,,,
Sengkang (Wajo),-4.13,120.02,sehir,1330,>1281,1330-01-01,bugis-kralliklari,,,,
Kilwa Kisiwani (Kilve),-8.9795,39.4862,sehir,1281,1281-epok,,svahili-sehirleri,EVET,0930-eksen;aday-listesi,Kilva sultanlığı (Şîrâzî),TDV: kilve (önbellek denetim/GLM1-TDV-ONBELLEK/kilve.txt; gövdede 1000-1280 yılı 2 kez)
Zanzibar (Zengibar),-6.1659,39.1917,sehir,1281,1281-epok,,svahili-sehirleri,EVET,aday-listesi,Svahili,TDV: zengibar (önbellek denetim/GLM1-TDV-ONBELLEK/zengibar.txt; gövdede 1000-1280 yılı 5 kez)
Mombasa,-4.0402,39.6794,liman,1281,1281-epok,,svahili-sehirleri,EVET,aday-listesi,Svahili şehri,kaynak doğrulanmadı
Malindi,-3.2192,40.1169,liman,1281,1281-epok,,svahili-sehirleri,EVET,aday-listesi,Svahili şehri,kaynak doğrulanmadı
Sofala,-20.1667,34.75,liman,1281,1281-epok,,svahili-sehirleri,EVET,aday-listesi,Kilva'ya bağlı altın limanı,kaynak doğrulanmadı
Mozambik Adası,-15.0601,40.7016,liman,1507,>1281,1507-01-01,portekiz,,,,
Angoche,-16.2325,39.9086,liman,1281,1281-epok,,svahili-sehirleri,,,,
Pate,-2.101,41.05,liman,1281,1281-epok,,svahili-sehirleri,,,,
Lamu,-2.2613,40.9129,liman,1281,1281-epok,,svahili-sehirleri,,,,
Quelimane,-17.8786,36.8883,liman,1544,>1281,1544-01-01,portekiz,,,,
Bagamoyo,-6.4431,38.9006,liman,1281,1281-epok,,svahili-sehirleri,,,,
Tanga,-5.0689,39.0988,liman,1281,1281-epok,,svahili-sehirleri,,,,
Mbanza-Kongo (São Salvador),-6.27,14.24,sehir,1390,>1281,1390-01-01,kongo-kralligi,,,,
Soyo,-6.135,12.369,liman,1390,>1281,1390-01-01,kongo-kralligi,,,,
Matadi,-5.818,13.46,liman,1390,>1281,1390-01-01,kongo-kralligi,,,,
Kabasa,-9.3,15.15,sehir,1500,>1281,1500-01-01,ndongo,,,,
Luanda,-8.84,13.23,liman,1575,>1281,1575-01-01,portekiz,,,,
Musumba,-8.3,22.42,sehir,1665,>1281,1665-01-01,lunda-imparatorlugu,,,,
Boma,-5.85,13.05,liman,1885,>1281,1885-01-01,belcika,,,,
Kisangani (Stanleyville),0.515,25.191,sehir,1885,>1281,1885-01-01,belcika,,,,
Loango (Buali),-4.6546,11.805,sehir,1550,>1281,1550-01-01,loango,,,,
Mushenge (Kuba),-5.42,20.85,sehir,1625,>1281,1625-01-01,kuba,,,,
Kabongo (Luba),-6.5,25.5,sehir,1585,>1281,1585-01-01,luba,,,,
Jayapura (Hollandia),-2.53,140.72,liman,1898,>1281,1898-01-01,hollanda-dogu-hint,,,,
Manokwari,-0.86,134.06,liman,1898,>1281,1898-01-01,hollanda-dogu-hint,,,,
Port Moresby,-9.44,147.18,liman,1884,>1281,1884-11-06,ingiltere,,,,
Madang,-5.22,145.79,liman,1884,>1281,1884-11-03,almanya,,,,
Finschhafen,-6.6013,147.8406,liman,1884,>1281,1884-11-03,almanya,,,,
Ket Ostrogu (Ketsk),58.7,81.4,kale,1602,>1281,1602-01-01,rusya,,,,
Kazak bozkırı (Turgay),49.6,63.5,bolge,1281,1281-epok,,altinorda,,,,
Kazak bozkırı (Sarısu),47.0,67.0,bolge,1281,1281-epok,,altinorda,,,,
Buryat toprakları (Selenge havzası),53.0,110.0,bolge,1281,1281-epok,,kuzey-yuan,,,,
Petropavlovsk-Kamçatskiy,53.0113,158.6514,liman,1740,>1281,1740-01-01,rusya,,,,
Meşkinşehr (Hiyav),38.4,47.68,sehir,1281,1281-epok,,ilhanli,,,,
Mahabad (Sâvücbulak),36.77,45.72,sehir,1501,>1281,1501-07-01,safevi,,,,
Bâne,35.99,45.88,sehir,1501,>1281,1501-07-01,safevi,,,,
Serdeşt (Sardasht),36.16,45.48,sehir,1501,>1281,1501-07-01,safevi,,,,
Şerur (Sharur),39.55,44.95,sehir,1281,1281-epok,,ilhanli,,,,
Tallinn (Reval),59.437,24.754,liman,1281,1281-epok,,almanya,EVET,aday-listesi,Danimarka 1219,kaynak doğrulanmadı
Narva,59.377,28.19,kale,1281,1281-epok,,almanya,,,,
Tartu (Dorpat),58.378,26.729,sehir,1281,1281-epok,,almanya,EVET,aday-listesi,Dorpat Piskoposluğu 1224,kaynak doğrulanmadı
Pärnu,58.386,24.497,liman,1281,1281-epok,,almanya,,,,
Tümen (Çimgi-Tura),57.153,65.5343,sehir,1281,1281-epok,,altinorda,,,,
Tobolsk (İsker),58.199,68.256,sehir,1281,1281-epok,,altinorda,,,,
Baraba bozkırı,55.2,78.5,bolge,1281,1281-epok,,altinorda,,,,
Reykjavík,64.1466,-21.9426,sehir,1281,1281-epok,,norvec-kralligi,,,,
Akureyri,65.7008,-18.0635,sehir,1281,1281-epok,,norvec-kralligi,,,,
Sydney,-33.8688,151.2093,sehir,1788,>1281,1788-01-26,ingiltere,,,,
Auckland,-36.8485,174.7633,sehir,1840,>1281,1840-09-18,yeni-zelanda,,,,
Suva,-18.1416,178.4419,liman,1874,>1281,1849-01-01,ingiltere,,,,
Hobart,-42.8821,147.3272,sehir,1804,>1281,1804-01-01,ingiltere,,,,
Melbourne,-37.8136,144.9631,sehir,1835,>1281,1835-08-30,ingiltere,,,,
Adelaide,-34.9285,138.6007,sehir,1836,>1281,1836-12-28,ingiltere,,,,
Perth,-31.9505,115.8605,sehir,1829,>1281,1829-08-12,ingiltere,,,,
Brisbane,-27.4698,153.0251,sehir,1824,>1281,1824-01-01,ingiltere,,,,
Wellington,-41.2865,174.7762,sehir,1840,>1281,1840-01-22,yeni-zelanda,,,,
Christchurch,-43.5321,172.6362,sehir,1850,>1281,1850-12-16,yeni-zelanda,,,,
Abalak,58.129,68.594,kale,1281,1281-epok,,altinorda,,,,
Kızıl-Tura,57.7,71.17,kale,1281,1281-epok,,altinorda,,,,
Buenos Aires,-34.6037,-58.3816,sehir,1580,>1281,1580-01-01,ispanya,,,,
Panamá (Panama City),8.9824,-79.5199,sehir,1519,>1281,1519-08-15,ispanyol-peru,,,,
Guayaquil (Santiago de Guayaquil),-2.1919,-79.9009,sehir,1538,>1281,1538-01-01,ispanyol-peru,,,,
Portobelo (Puerto Bello),9.55,-79.65,sehir,1597,>1281,1597-01-01,ispanyol-peru,,,,
Niani,11.383,-8.667,sehir,1281,1281-epok,,mali-imparatorlugu,EVET,aday-listesi,Mali İmparatorluğu başkenti (1235 sonrası; yeri tartışmalı),TDV: mali (önbellek denetim/GLM1-TDV-ONBELLEK/mali.txt; gövdede 1000-1280 yılı 16 kez)
Valata (Oualata),17.3,-7.033,sehir,1281,1281-epok,,mali-imparatorlugu,EVET,aday-listesi,Gana/Susu/Mali ticaret durağı,kaynak doğrulanmadı
Gao,16.272,-0.04,sehir,1324,>1281,,mali-imparatorlugu,EVET,0930-eksen;aday-listesi,Kevkev (Songay) başkenti 1009-10,TDV: gao (önbellek denetim/GLM1-TDV-ONBELLEK/gao.txt; gövdede 1000-1280 yılı 1 kez)
Cenne (Djenné),13.906,-4.555,sehir,1473,>1281,,songhay-imparatorlugu,EVET,aday-listesi,Cenne şehir devleti (~1200 İslâmlaşma),kaynak doğrulanmadı
Segu (Ségou),13.432,-6.216,sehir,1898,>1281,1712-01-01,fransa-cumhuriyet,,,,
Kano,12.0,8.517,sehir,1281,1281-epok,,hausa-sehir-devletleri,EVET,aday-listesi,Hausa Kano devleti,kaynak doğrulanmadı
Katsina,12.986,7.617,sehir,1281,1281-epok,,hausa-sehir-devletleri,,,,
Zaria (Zazzau),11.086,7.72,sehir,1281,1281-epok,,hausa-sehir-devletleri,,,,
Sokoto,13.062,5.234,sehir,1812,>1281,1812-01-01,sokoto,,,,
Mao (Kanem),13.996,15.313,sehir,1281,1281-epok,,kanem-bornu,,,,
Birni N'gazargamu,12.35,10.683,sehir,1465,>1281,1465-01-01,kanem-bornu,,,,
Benin Şehri (Edo),6.335,5.604,sehir,1281,1281-epok,,benin-kralligi,EVET,aday-listesi,Benin Krallığı,kaynak doğrulanmadı
Oyo-İle (Eski Oyo),8.983,4.383,sehir,1400,>1281,1400-01-01,oyo-imparatorlugu,,,,
Kumasi,6.689,-1.624,sehir,1701,>1281,1701-01-01,asanti,,,,
Abomey,7.186,1.991,sehir,1625,>1281,1625-01-01,dahomey,,,,
Elmina (São Jorge da Mina),5.085,-1.349,kale,1482,>1281,1482-01-01,portekiz,,,,
Ogooué havzası,-0.7,12.0,bolge,1837,>1281,,fransa-cumhuriyet,,,,
Mengo (Buganda),0.348,32.583,sehir,1300,>1281,1300-01-01,buganda,,,,
Kap (Cape Town),-33.925,18.424,liman,1652,>1281,1652-01-01,hollanda,,,,
Büyük Zimbabve,-20.267,30.933,sehir,1281,1281-epok,,zimbabve-kralligi,EVET,0930-eksen;aday-listesi,Zimbabve Krallığı,kaynak doğrulanmadı
Ulundi (Zululand),-28.313,31.416,sehir,1816,>1281,1816-01-01,zulu-kralligi,,,,
Transvaal (Bur cumhuriyeti),-25.746,28.188,bolge,1830,>1281,1830-01-01,transvaal,,,,
Oranj (Bur cumhuriyeti),-29.12,26.214,bolge,1830,>1281,1830-01-01,oranj,,,,
Paksos (Paxos),39.1975,20.1867,kale,1281,1281-epok,,venedik,,,,
Elafonisos (Cervi),36.4936,22.9756,kasaba,1281,1281-epok,,bizans,,,,
Yedisan bozkırı,47.6,30.9,bolge,1281,1281-epok,,altinorda,,,,
Kuban Nogay bozkırı,45.2,41.0,bolge,1281,1281-epok,,altinorda,,,,
Stavropol–Kuma bozkırı,44.85,42.6,bolge,1281,1281-epok,,altinorda,,,,
Kuban deltası bozkırı,45.5,37.8,bolge,1281,1281-epok,,altinorda,,,,
Çölemerik (Hakkâri),37.5744,43.7408,sehir,1281,1281-epok,,ilhanli,,,,
Hoşap (Mahmudi),38.2222,43.7439,kale,1281,1281-epok,,ilhanli,,,,
Bargiri (Muradiye),38.9931,43.7669,kale,1281,1281-epok,,ilhanli,,,,
Kotur,38.475,44.3958,kale,1281,1281-epok,,ilhanli,,,,
Fülek (Fiľakovo),48.2702,19.8223,kale,1281,1281-epok,,macaristan,,,,
Ungvár (Uzhhorod),48.6224,22.3023,sehir,1281,1281-epok,,macaristan,,,,
Munkács (Mukacheve),48.4421,22.7185,kale,1281,1281-epok,,macaristan,,,,
Szatmár (Satu Mare),47.7892,22.8726,sehir,1281,1281-epok,,macaristan,,,,
Birecik,37.025,37.977,sehir,1281,1281-epok,,memluk,EVET,0930-var-aday(1096);ONERI-C,,"TDV: birecik — ""yüzyılın ikinci yarısında Büyük Selçuklu Devleti’nin sınırları içine giren bölge 1096’da Bizanslılar tarafından alındıysa da sonraları sırasıyla Artuklu, Eyyûbî"""
Prizren,42.214,20.741,sehir,1281,1281-epok,,sirbistan,EVET,aday-listesi,Bizans → Sırp ~1208,kaynak doğrulanmadı
"Katar Yarımadası (iç, dolgu)",25.4,50.95,bolge,1559,>1281,,katar,,,,
Bacirge (Esendere),37.7114,44.601,koy,1281,1281-epok,,ilhanli,,,,
Sero,37.7275,44.6427,koy,1281,1281-epok,,ilhanli,,,,
Şemdinli (Şemdinni),37.3051,44.5742,kasaba,1281,1281-epok,,ilhanli,,,,
Rāzhān,37.3833,44.8667,koy,1281,1281-epok,,ilhanli,,,,
Şeyhrumi (Yücelen),38.9619,44.1132,koy,1281,1281-epok,,ilhanli,,,,
Şeyh Salû-yi Ulyâ,38.9926,44.2001,koy,1281,1281-epok,,ilhanli,,,,
Qaţţīnah,36.80744,40.05343,koy,1281,1281-epok,,artuklu,,,,
Ḩīmū,37.04723,41.16003,koy,1281,1281-epok,,artuklu,,,,
Jadlā’,36.65715,38.94703,koy,1281,1281-epok,,memluk,,,,
Mercihamis (Yurtbağı),36.86293,38.00361,koy,1281,1281-epok,,memluk,,,,
Sincan,36.72065,36.2277,koy,1281,1281-epok,,memluk,,,,
Cibri (Güçlü),37.27593,42.09814,koy,1281,1281-epok,,ilhanli,,,,
Babū,36.99209,40.95651,koy,1281,1281-epok,,artuklu,,,,
Kilise,37.35426,43.55328,koy,1281,1281-epok,,ilhanli,,,,
Gōrabī,37.08333,44.7,koy,1281,1281-epok,,ilhanli,,,,
Tirwānīsh,37.19618,43.50366,koy,1281,1281-epok,,ilhanli,,,,
Balıklı,37.23157,44.65326,koy,1281,1281-epok,,ilhanli,,,,
Cumai (Birlikköy),37.24622,42.52018,koy,1281,1281-epok,,artuklu,,,,
Uluköy (Akçadam),41.30488,26.53073,koy,1281,1281-epok,,bizans,,,,
Stérna,41.56546,26.4581,koy,1281,1281-epok,,bizans,,,,
Távri,40.98089,26.2535,koy,1281,1281-epok,,bizans,,,,
Küfkaynapınarı (Azatlı),41.49897,26.70205,koy,1281,1281-epok,,bizans,,,,
Karpuzlu (Yenikarpuzlu),40.82996,26.29606,koy,1281,1281-epok,,bizans,,,,
Malak Dervent (Lalkovo),42.07516,26.72009,koy,1281,1281-epok,,bulgaristan,,,,
Umur Fakih (Fakia),42.18986,27.08592,koy,1281,1281-epok,,bulgaristan,,,,
Zazalo,41.62509,42.753,koy,1281,1281-epok,,gurcistan,,,,
Murvaneti,41.56279,41.62598,koy,1281,1281-epok,,gurcistan,,,,
Ts’q’altbila,41.58278,42.86714,koy,1281,1281-epok,,gurcistan,,,,
Saylıca,41.33615,42.33915,koy,1281,1281-epok,,gurcistan,,,,
Makhalak’auri,41.56667,42.41667,koy,1281,1281-epok,,gurcistan,,,,
Norapat,40.14172,44.03332,koy,1281,1281-epok,,ilhanli,,,,
Beri,39.91667,44.25,koy,1281,1281-epok,,ilhanli,,,,
Kliçatak (Suser),40.46393,43.73328,koy,1281,1281-epok,,ilhanli,,,,
Küçükperveli,40.67302,43.61322,koy,1281,1281-epok,,ilhanli,,,,
Antananarivo,-18.9333,47.5167,sehir,1787,>1281,,merina,,,,
Honolulu,21.3069,-157.8583,sehir,1795,>1281,,hawaii-kralligi,,,,
Huamanga (Ayacucho),-13.1588,-74.2239,sehir,1539,>1281,1539-01-09,ispanyol-peru,,,,
Comanchería (Güney Büyük Ovalar),34.97,-101.68,konfederasyon,1281,1281-epok,,apaci-ovalar,,,,
Asîrgarh,21.43,76.27,kale,1281,1281-epok,,delhi-sultanligi,,,,
Burhânpûr,21.3,76.23,sehir,1398,>1281,1398-01-01,farukiler,,,,
el-Ulâ,26.6167,37.9167,sehir,1281,1281-epok,,memluk,,,,
Medâin-i Sâlih (el-Hicr),26.7917,37.9542,kale,1281,1281-epok,,memluk,,,,
el-Vech,26.2333,36.4667,liman,1281,1281-epok,,memluk,,,,
Hayber,25.6981,39.292,sehir,1281,1281-epok,,memluk,,,,
Mat (Mati),41.61,20.009,sehir,1281,1281-epok,,arnavutluk,,,,
Leş (Alessio),41.783,19.644,liman,1281,1281-epok,,sirbistan-nemanjic,,,,
Debre (Dibra),41.524,20.531,sehir,1281,1281-epok,,sirbistan,,,,
Sa'de,16.94,43.764,sehir,1281,1281-epok,,yemen,EVET,aday-listesi,Zeydî imamlar,kaynak doğrulanmadı
Şehâre,16.183,43.723,kale,1281,1281-epok,,yemen,,,,
Kevkebân,15.503,43.899,kale,1281,1281-epok,,yemen,,,,
Yenikale,45.3521,36.6004,kale,1703,>1281,1703-01-01,rusya,,,,
Uman,48.7484,30.2219,sehir,1616,>1281,1616-01-01,lehistan,,,,
Kızıkermen (Gazi Kerman),46.84,33.42,kale,1441,>1281,1441-01-01,kirim,,,,
Kremençuk,49.07,33.42,sehir,1571,>1281,1571-01-01,lehistan,,,,
Lubnı,50.02,33.0,sehir,1281,1281-epok,,altinorda,,,,
Sumı,50.91,34.8,sehir,1652,>1281,1652-01-01,rusya,,,,
Çuguyev,49.83,36.68,sehir,1638,>1281,1638-01-01,rusya,,,,
İzyum,49.21,37.29,sehir,1681,>1281,1681-01-01,rusya,,,,
Bahmut,48.6,38.0,sehir,1703,>1281,1703-01-01,rusya,,,,
Yelisavetgrad (Aziz Yelizaveta Kalesi),48.51,32.26,kale,1754,>1281,1754-01-01,rusya,,,,
Ostrogojsk,50.86,39.07,sehir,1652,>1281,1652-01-01,rusya,,,,
İmâdiye (Amêdî),37.0921,43.4877,sehir,1281,1281-epok,,ilhanli,EVET,aday-listesi,Zengî kuruluşu ~1142,kaynak doğrulanmadı
Şırnak,37.5139,42.4543,sehir,1891,>1281,1891-01-01,tbmm-turkiye,,,,
Darende,38.55,37.5,sehir,1281,1281-epok,,ilhanli,EVET,aday-listesi,Danişmendli/Selçuklu,kaynak doğrulanmadı
Zacatecas,22.7709,-102.5832,sehir,1546,>1281,1546-09-08,yeni-ispanya,,,,
Durango (Victoria de Durango),24.0277,-104.6532,sehir,1563,>1281,1563-07-08,yeni-ispanya,,,,
Saltillo,25.4232,-101.0053,sehir,1577,>1281,1577-07-25,yeni-ispanya,,,,
Monterrey,25.6866,-100.3161,sehir,1596,>1281,1596-09-20,yeni-ispanya,,,,
Chihuahua (San Felipe el Real),28.6353,-106.0889,sehir,1709,>1281,1709-10-12,yeni-ispanya,,,,
San José del Parral,26.9333,-105.6667,sehir,1631,>1281,1631-01-01,yeni-ispanya,,,,
Monclova (Santiago de la Monclova),26.9014,-101.4211,sehir,1689,>1281,1689-01-01,yeni-ispanya,,,,
Culiacán (San Miguel de Culiacán),24.8091,-107.394,sehir,1531,>1281,1531-01-01,ispanya,,,,
Álamos,27.0264,-108.9364,sehir,1682,>1281,1682-01-01,yeni-ispanya,,,,
Arizpe,30.3378,-110.1631,sehir,1646,>1281,1646-01-01,yeni-ispanya,,,,
Pitic (Hermosillo),29.0729,-110.9559,sehir,1700,>1281,1700-01-01,yeni-ispanya,,,,
Loreto (Baja California),26.0111,-111.3436,liman,1697,>1281,1697-10-25,yeni-ispanya,,,,
Misión San Vicente Ferrer,31.3319,-116.2469,kale,1780,>1281,1780-08-27,yeni-ispanya,,,,
Manaus (Forte de São José do Rio Negro),-3.119,-60.0217,kale,1669,>1281,1669-01-01,portekiz-brezilyasi,,,,
Santarém (Tapajós),-2.44,-54.708,sehir,1661,>1281,1661-01-01,portekiz-brezilyasi,,,,
Óbidos (Pauxis),-1.9075,-55.5175,kale,1697,>1281,1697-01-01,portekiz-brezilyasi,,,,
Tabatinga,-4.2528,-69.9381,kale,1766,>1281,1766-01-01,portekiz-brezilyasi,,,,
Barcelos (Mariuá),-0.975,-62.9236,sehir,1758,>1281,1758-01-01,portekiz-brezilyasi,,,,
Macapá,0.0389,-51.0664,kale,1758,>1281,1758-01-01,portekiz-brezilyasi,,,,
Cuiabá,-15.6014,-56.0979,sehir,1719,>1281,1719-04-08,portekiz-brezilyasi,,,,
Vila Bela da Santíssima Trindade,-15.0069,-59.9506,sehir,1752,>1281,1752-03-19,portekiz-brezilyasi,,,,
Forte Príncipe da Beira,-12.4181,-64.42,kale,1776,>1281,1776-06-20,portekiz-brezilyasi,,,,
Vila Boa de Goiás,-15.9339,-50.14,sehir,1727,>1281,1727-01-01,portekiz-brezilyasi,,,,
Oeiras (Piauí),-7.025,-42.1311,sehir,1712,>1281,1712-01-01,portekiz-brezilyasi,,,,
São Cristóvão (Sergipe),-11.0147,-37.2064,sehir,1590,>1281,1590-01-01,portekiz-brezilyasi,,,,
Balasagun (Ak-Beşim),42.76,75.24,sehir,1281,1281-epok,,cagatay,EVET,0930-eksen;0930-var-aday(1130);ONERI-C;aday-listesi,Doğu Karahanlı başkenti → Karahitay 1130-1211,TDV: balasagun (önbellek denetim/GLM1-TDV-ONBELLEK/balasagun.txt; gövdede 1000-1280 yılı 6 kez)
Issık Göl havzası,42.1718,77.2414,bolge,1281,1281-epok,,cagatay,,,,
Narın (Naryn),41.43,75.99,kale,1281,1281-epok,,cagatay,,,,
Kopal (Kapal),45.117,79.05,kale,1281,1281-epok,,cagatay,,,,
Almalık (Almalığ),44.05,80.85,sehir,1281,1281-epok,,cagatay,EVET,aday-listesi,Karluk → Çağatay merkezi,kaynak doğrulanmadı
Aksu (Tarım),41.17,80.26,sehir,1281,1281-epok,,cagatay,,,,
Uçturfan (Uç Turfan),41.21,79.05,sehir,1281,1281-epok,,cagatay,,,,
Karaşar (Yanqi),42.06,86.57,sehir,1281,1281-epok,,cagatay,,,,
Keriya (Yutian),36.85,81.67,sehir,1281,1281-epok,,cagatay,,,,
Çerçen (Qiemo),38.14,85.53,sehir,1281,1281-epok,,cagatay,,,,
Çarklık (Ruoqiang),39.02,88.17,sehir,1281,1281-epok,,cagatay,,,,
Manas (Cungarya),44.3,86.21,sehir,1281,1281-epok,,cagatay,,,,
Petropavlovsk (Kızılcar),54.87,69.15,kale,1281,1281-epok,,altinorda,,,,
Kökçetav (Kokçetav),53.28,69.39,kale,1281,1281-epok,,altinorda,,,,
Akmola (Akmolinsk),51.13,71.43,kale,1281,1281-epok,,altinorda,,,,
Karkaralinsk (Karkaralı),49.41,75.48,kale,1281,1281-epok,,altinorda,,,,
Ayagöz (Sergiopol),47.96,80.43,kale,1281,1281-epok,,altinorda,,,,
Irgiz (Irgız),48.61,61.27,kale,1281,1281-epok,,altinorda,,,,
Kazalinsk (Kazalı),45.76,62.11,kale,1281,1281-epok,,altinorda,,,,
Sığnak (Sunak Kurgan),44.05,67.05,sehir,1281,1281-epok,,altinorda,EVET,aday-listesi,Kıpçak/Karahitay → Moğol,kaynak doğrulanmadı
Suzak (Sozak),44.13,68.47,kale,1281,1281-epok,,altinorda,,,,
Ak-Meçit (Perovsk),44.85,65.51,kale,1281,1281-epok,,altinorda,,,,
Cizre,37.33,42.19,sehir,1281,1281-epok,,ilhanli,EVET,0930-var-aday(1030);ONERI-B2;aday-listesi,Ukaylî → Zengî Cezîre kolu 1180-1251,TDV: cizre (önbellek denetim/GLM1-TDV-ONBELLEK/cizre.txt; gövdede 1000-1280 yılı 22 kez)
Siirt,37.93,41.94,sehir,1281,1281-epok,,ilhanli,EVET,0930-var-aday(1042);ONERI-C;aday-listesi,Mervânî → Artuklu/Eyyûbî,TDV: siirt (önbellek denetim/GLM1-TDV-ONBELLEK/siirt.txt; gövdede 1000-1280 yılı 13 kez)
Hasankeyf,37.714,41.412,kale,1281,1281-epok,,eyyubi-hisnikeyfa,EVET,0930-var-aday(1043);ONERI-B2;aday-listesi,Artuklu → Eyyûbî Hısnıkeyfâ kolu,TDV: hasankeyf (önbellek denetim/GLM1-TDV-ONBELLEK/hasankeyf.txt; gövdede 1000-1280 yılı 19 kez)
Midyat,37.418,41.372,kasaba,1281,1281-epok,,artuklu,EVET,aday-listesi,Artuklu,kaynak doğrulanmadı
Bedir,23.78,38.79,kasaba,1281,1281-epok,,memluk,,,,
Râbiğ,22.799,39.035,liman,1281,1281-epok,,memluk,,,,
Taraz (Evliya-Ata),42.9,71.367,sehir,1281,1281-epok,,cagatay,EVET,aday-listesi,Karahanlı,kaynak doğrulanmadı
Sayram (İsficâb),42.303,69.786,kasaba,1281,1281-epok,,cagatay,EVET,aday-listesi,Karahanlı,kaynak doğrulanmadı
Kukava (Kukawa),12.923,13.561,sehir,1814,>1281,1814-01-01,kanem-bornu,,,,
Dikva (Dikeo),12.04,13.917,sehir,1281,1281-epok,,kanem-bornu,,,,
Bilma,18.686,12.919,kasaba,1281,1281-epok,,kanem-bornu,,,,
Zinder,13.803,8.988,sehir,1281,1281-epok,,kanem-bornu,,,,
Köprülü (Veles),41.716,21.775,sehir,1281,1281-epok,,bizans,,,,
İştip (Štip),41.746,22.195,sehir,1281,1281-epok,,sirbistan,,,,
Ustrumca (Strumica),41.437,22.643,sehir,1281,1281-epok,,sirbistan,EVET,aday-listesi,Bizans/Bulgar,kaynak doğrulanmadı
Doyran,41.183,22.717,kasaba,1281,1281-epok,,sirbistan,,,,
Gevgili (Gevgelija),41.144,22.502,kasaba,1281,1281-epok,,bizans,,,,
Kılkış (Avrathisar),40.994,22.874,kasaba,1281,1281-epok,,bizans,,,,
Vodina (Edessa),40.803,22.047,sehir,1281,1281-epok,,bizans,,,,
Karaferye (Veria),40.524,22.203,sehir,1281,1281-epok,,bizans,EVET,aday-listesi,Bizans/Selanik,kaynak doğrulanmadı
Yenice-i Vardar,40.79,22.407,sehir,1390,>1281,1390-01-01,suleyman-celebi,,,,
Noumea (Yeni Kaledonya),-22.27,166.44,sehir,1854,>1281,1854-01-01,fransa-cumhuriyet,,,,
Tulagi,-9.0938,160.1497,sehir,1893,>1281,1893-01-01,ingiltere,,,,
Gizo,-8.1014,156.8364,sehir,1893,>1281,1893-01-01,ingiltere,,,,
Levuka,-17.6814,178.8327,sehir,1874,>1281,1874-10-10,ingiltere,,,,
Samarai,-10.6098,150.6833,sehir,1884,>1281,1884-11-06,ingiltere,,,,
Herbertshöhe (Kokopo) — Rabaul,-4.35,152.26,sehir,1884,>1281,1884-11-03,almanya,,,,
Hughenden,-20.84,144.2,sehir,1877,>1281,1877-01-01,ingiltere,,,,
Boulia,-22.91,139.9,sehir,1879,>1281,1879-01-01,ingiltere,,,,
Normanton,-17.67,141.08,sehir,1867,>1281,1867-01-01,ingiltere,,,,
Cairns,-16.9,145.7651,sehir,1876,>1281,1876-01-01,ingiltere,,,,
Rockhampton,-23.38,150.51,sehir,1855,>1281,1855-01-01,ingiltere,,,,
Charleville,-26.4,146.24,sehir,1863,>1281,1863-01-01,ingiltere,,,,
Longreach,-23.44,144.25,sehir,1885,>1281,1885-01-01,ingiltere,,,,
Cloncurry,-20.7,140.51,sehir,1867,>1281,1867-05-01,ingiltere,,,,
Winton,-22.39,143.04,sehir,1876,>1281,1876-01-01,ingiltere,,,,
Cunnamulla,-28.07,145.68,sehir,1865,>1281,1865-01-01,ingiltere,,,,
Barcaldine,-23.55,145.29,sehir,1885,>1281,1885-01-01,ingiltere,,,,
Blackall,-24.42,145.46,sehir,1867,>1281,1867-01-01,ingiltere,,,,
Croydon,-18.2,142.24,sehir,1885,>1281,1885-01-01,ingiltere,,,,
Georgetown,-18.29,143.55,sehir,1869,>1281,1869-01-01,ingiltere,,,,
Charters Towers,-20.08,146.26,sehir,1872,>1281,1872-01-01,ingiltere,,,,
Barrow Creek Telgraf İstasyonu,-21.53,133.88,sehir,1872,>1281,1872-01-01,ingiltere,,,,
Tennant Creek Telgraf İstasyonu,-19.55,134.19,sehir,1872,>1281,1872-01-01,ingiltere,,,,
Halls Creek,-18.23,127.67,sehir,1885,>1281,1885-08-01,ingiltere,,,,
Marble Bar,-21.17,119.75,sehir,1893,>1281,1893-07-13,ingiltere,,,,
Emerald,-23.53,148.16,sehir,1878,>1281,1878-01-01,ingiltere,,,,
Bowen,-20.01,148.25,sehir,1861,>1281,1861-04-01,ingiltere,,,,
Roma (Queensland),-26.57,148.79,sehir,1867,>1281,1867-01-01,ingiltere,,,,
Bundaberg,-24.87,152.35,sehir,1866,>1281,1866-01-01,ingiltere,,,,
Broken Hill,-31.96,141.47,sehir,1883,>1281,1883-09-05,ingiltere,,,,
Darwin (Palmerston),-12.4577,130.8414,sehir,1869,>1281,1869-02-01,ingiltere,,,,
Pine Creek,-13.82,131.83,sehir,1871,>1281,1871-01-01,ingiltere,,,,
Horsham,-36.71,142.2,sehir,1842,>1281,1842-01-01,ingiltere,,,,
Cue,-27.43,117.9,sehir,1892,>1281,1892-01-01,ingiltere,,,,
Southern Cross,-31.23,119.33,sehir,1888,>1281,1888-10-01,ingiltere,,,,
Leonora,-28.88,121.33,sehir,1897,>1281,1897-01-01,ingiltere,,,,
Port Augusta,-32.49,137.77,sehir,1852,>1281,1852-05-24,ingiltere,,,,
Ceduna,-32.1347,133.6739,sehir,1901,>1281,1901-06-20,avustralya,,,,
Oodnadatta,-27.55,135.45,sehir,1891,>1281,1891-01-01,ingiltere,,,,
Kalgoorlie,-30.75,121.47,sehir,1893,>1281,1893-06-01,ingiltere,,,,
Onslow,-21.6531,115.0983,sehir,1885,>1281,1885-01-01,ingiltere,,,,
Carnarvon,-24.88,113.66,sehir,1883,>1281,1883-01-01,ingiltere,,,,
Broome,-17.96,122.24,sehir,1883,>1281,1883-01-01,ingiltere,,,,
Meekatharra,-26.59,118.49,sehir,1903,>1281,1903-01-01,avustralya,,,,
Wagga Wagga,-35.11,147.37,sehir,1849,>1281,1849-01-01,ingiltere,,,,
Dubbo,-32.24,148.6,sehir,1841,>1281,1841-01-01,ingiltere,,,,
Goulburn,-34.75,149.72,sehir,1818,>1281,1818-01-01,ingiltere,,,,
Armidale,-30.51,151.67,sehir,1839,>1281,1839-01-01,ingiltere,,,,
Bourke,-30.09,145.94,sehir,1835,>1281,1835-01-01,ingiltere,,,,
Geraldton,-28.77,114.61,sehir,1850,>1281,1850-01-01,ingiltere,,,,
Derby,-17.3,123.63,sehir,1883,>1281,1883-01-01,ingiltere,,,,
Wyndham,-15.48,128.12,sehir,1885,>1281,1885-01-01,ingiltere,,,,
Burketown,-17.74,139.55,sehir,1865,>1281,1865-01-01,ingiltere,,,,
Thargomindah,-27.99,143.82,sehir,1870,>1281,1870-01-01,ingiltere,,,,
Port Lincoln,-34.72,135.86,sehir,1839,>1281,1839-01-01,ingiltere,,,,
Cobar,-31.5,145.83,sehir,1869,>1281,1869-01-01,ingiltere,,,,
Moree,-29.46,149.84,sehir,1848,>1281,1848-01-01,ingiltere,,,,
Hay,-34.51,144.85,sehir,1840,>1281,1840-01-01,ingiltere,,,,
Katanning,-33.69,117.56,sehir,1898,>1281,1898-01-01,ingiltere,,,,
Wave Hill,-17.39,130.83,sehir,1883,>1281,1883-01-01,ingiltere,,,,
Mildura,-34.19,142.16,sehir,1887,>1281,1887-01-01,ingiltere,,,,
Bairnsdale,-37.83,147.63,sehir,1844,>1281,1844-01-01,ingiltere,,,,
Roebourne,-20.78,117.14,sehir,1866,>1281,1866-08-17,ingiltere,,,,
Birdsville,-25.9,139.35,sehir,1882,>1281,1882-01-01,ingiltere,,,,
Wiluna,-26.59,120.22,sehir,1902,>1281,1902-01-01,avustralya,,,,
Camooweal,-19.92,138.12,sehir,1883,>1281,1883-12-15,ingiltere,,,,
Borroloola,-16.07,136.3,sehir,1884,>1281,1884-01-01,ingiltere,,,,
Daly Waters Telgraf İstasyonu,-16.25,133.37,sehir,1872,>1281,1872-01-01,ingiltere,,,,
Windorah,-25.42,142.65,sehir,1880,>1281,1880-01-01,ingiltere,,,,
Laverton,-28.63,122.4,sehir,1899,>1281,1899-01-01,ingiltere,,,,
Timber Creek Polis Karakolu,-15.66,130.48,sehir,1895,>1281,1895-01-01,ingiltere,,,,
Newcastle Waters,-17.37,133.41,sehir,1884,>1281,1884-01-01,ingiltere,,,,
Esperance,-33.86,121.89,sehir,1894,>1281,1894-01-01,ingiltere,,,,
Marree (Hergott Springs),-29.65,138.06,sehir,1883,>1281,1883-01-01,ingiltere,,,,
Çelyabinsk,55.16,61.4,kale,1736,>1281,1736-09-02,rusya,,,,
Kurgan,55.45,65.34,kale,1662,>1281,1662-01-01,rusya,,,,
Zlatoust,55.17,59.67,kale,1754,>1281,1754-01-01,rusya,,,,
Dalmatovo,56.25,62.94,kale,1644,>1281,1644-01-01,rusya,,,,
Kamışlov,56.85,62.71,kale,1668,>1281,1668-01-01,rusya,,,,
Yalutorovsk,56.66,66.31,kale,1639,>1281,1639-01-01,rusya,,,,
Verhoturye,58.86,60.8,kale,1598,>1281,1598-01-01,rusya,,,,
Turinsk,58.05,63.7,kale,1600,>1281,1600-01-01,rusya,,,,
Irbit,57.68,63.06,kale,1631,>1281,1631-01-01,rusya,,,,
Yekaterinburg,56.84,60.61,kale,1723,>1281,1723-01-01,rusya,,,,
Nijniy Tagil,57.92,59.97,kale,1722,>1281,1722-01-01,rusya,,,,
Troitsk,54.09,61.56,kale,1743,>1281,1743-01-01,rusya,,,,
Pelım ostrogu,59.6,63.05,kale,1593,>1281,1593-01-01,rusya,,,,
Narım,58.36,81.58,kale,1596,>1281,1596-01-01,rusya,,,,
Abakan ostrogu,53.72,91.44,kale,1707,>1281,1707-01-01,rusya,,,,
Sayansk ostrogu,52.85,91.9,kale,1709,>1281,1709-01-01,rusya,,,,
Verhneangarsk ostrogu,55.8,109.6,kale,1647,>1281,1647-01-01,rusya,,,,
Barguzin,53.62,109.65,kale,1648,>1281,1648-01-01,rusya,,,,
Bauntovsk,55.18,113.0,kale,1652,>1281,1652-01-01,rusya,,,,
Irgen,51.8,112.3,kale,1654,>1281,1654-01-01,rusya,,,,
Telembinsk,52.5,113.9,kale,1658,>1281,1658-01-01,rusya,,,,
Kabansk,52.05,106.65,kale,1660,>1281,1660-01-01,rusya,,,,
İlyinsk,51.95,107.2,kale,1660,>1281,1660-01-01,rusya,,,,
Verhneudinsk,51.83,107.6,kale,1665,>1281,1665-01-01,rusya,,,,
Uyandina (Nijneindigirsk) zimovyesi,68.35,145.6,kale,1638,>1281,1638-01-01,rusya,,,,
Podşiversk,66.45,143.3,kale,1636,>1281,1636-01-01,rusya,,,,
Alazeya ostrogu,68.5,154.5,kale,1642,>1281,1642-01-01,rusya,,,,
Srednekolımsk,67.46,153.72,kale,1643,>1281,1643-07-30,rusya,,,,
Nijnekolımsk,68.5232,160.8997,kale,1644,>1281,1644-01-01,rusya,,,,
Ostrovnoye (Anyuy panayırı),68.1,164.1,kale,1794,>1281,1794-01-01,rusya,,,,
Tauysk,59.6588,149.1761,kale,1652,>1281,1652-09-10,rusya,,,,
Yama zimovyesi,59.4,154.2,kale,1692,>1281,1692-01-01,rusya,,,,
Gijiga,61.98,160.35,kale,1651,>1281,1651-01-01,rusya,,,,
Penjinsk ostrogu,62.5,165.5,kale,1709,>1281,1709-01-01,rusya,,,,
Nijnekamçatsk,56.28,162.0,kale,1697,>1281,1697-01-01,rusya,,,,
Verhnekamçatsk,54.75,158.9,kale,1698,>1281,1698-01-01,rusya,,,,
Bolşeretsk,52.43,156.42,kale,1704,>1281,1704-08-06,rusya,,,,
Olyutorsk (Arhangelsk),60.0,166.5,kale,1714,>1281,1714-01-01,rusya,,,,
Ust-Olenyok zimovyesi,72.9,119.8,kale,1633,>1281,1633-01-01,rusya,,,,
Voloçanka (Voloçanı zimovyesi),70.98,94.53,kale,1643,>1281,1643-01-01,rusya,,,,
Verhnekolımsk,65.44,150.9,kale,1647,>1281,1647-01-01,rusya,,,,
Markovo,64.68,170.42,kale,1840,>1281,1840-01-01,rusya,,,,
Şadrinsk,56.09,63.63,kale,1662,>1281,1662-01-01,rusya,,,,
Samarovo,61.0,69.0,kale,1637,>1281,1637-01-01,rusya,,,,
Demyanskoye,59.6,69.28,kale,1637,>1281,1637-01-01,rusya,,,,
Kolıvan (Çaus),55.31,82.74,kale,1713,>1281,1713-06-29,rusya,,,,
Açinsk,56.27,90.5,kale,1641,>1281,1641-01-01,rusya,,,,
Kansk,56.2,95.71,kale,1636,>1281,1636-01-01,rusya,,,,
Minusinsk,53.71,91.69,kale,1739,>1281,1739-01-01,rusya,,,,
Nijneudinsk,54.9,99.03,kale,1648,>1281,1648-10-01,rusya,,,,
Balagansk,54.0,103.05,kale,1654,>1281,1654-05-01,rusya,,,,
Verholensk,53.94,107.28,kale,1641,>1281,1641-01-01,rusya,,,,
Bodaybo,57.85,114.2,kale,1864,>1281,1864-01-01,rusya,,,,
Sretensk,52.25,117.71,kale,1689,>1281,1689-01-01,rusya,,,,
Çita,52.03,113.5,kale,1653,>1281,1653-01-01,rusya,,,,
Suntar,62.15,117.63,kale,1740,>1281,1740-01-01,rusya,,,,
Ust-Maya,60.42,134.53,kale,1844,>1281,1844-01-01,rusya,,,,
Nelkan,57.65,136.14,kale,1844,>1281,1844-01-01,rusya,,,,
Tigil,57.8,158.67,kale,1747,>1281,1747-01-01,rusya,,,,
Hantayka zimovyesi,68.3101,90.896,kale,1610,>1281,1610-01-01,rusya,,,,
Zeya (Zeyskiy Sklad),53.74,127.27,kale,1879,>1281,1879-01-01,rusya,,,,
Zaural Başkurt toprakları,54.0,62.5,bolge,1281,1281-epok,,altinorda,,,,
Başkurt toprakları (İdil-Ural),56.0,58.5,bolge,1281,1281-epok,,altinorda,,,,
Güney Başkurt bozkırı,52.0,58.0,bolge,1281,1281-epok,,altinorda,,,,
Nuestra Señora de Caraballeda,10.61,-66.83,sehir,1562,>1281,1562-01-01,ispanya,,,,
Kyk-over-al (Essequibo),6.4,-58.68,sehir,1616,>1281,1616-01-01,hollanda,,,,
Cali,3.44,-76.52,sehir,1537,>1281,1537-01-01,ispanya,,,,
Caruru (Vaupés),1.02,-71.28,sehir,1852,>1281,1852-01-01,brezilya-imparatorlugu,,,,
Yavaraté (Vaupés),0.61,-69.2,sehir,1784,>1281,1784-01-01,portekiz-brezilyasi,,,,
Panoré (São Gabriel da Cachoeira),-0.13,-67.09,sehir,1784,>1281,1784-01-01,portekiz-brezilyasi,,,,
San José de los Nuevos Icaguates,-0.6,-75.25,sehir,1733,>1281,1733-01-01,ispanyol-peru,,,,
Archidona (Napo),-0.91,-77.81,sehir,1536,>1281,1536-01-01,ispanya,,,,
Canelos (Bobonaza),-1.58,-77.75,sehir,1712,>1281,1712-01-01,ispanyol-peru,,,,
San Miguel (Aushiri),-1.9,-75.2,sehir,1665,>1281,1665-01-01,ispanyol-peru,,,,
Cametá (Tocantins),-2.24,-49.5,sehir,1635,>1281,1635-01-01,portekiz-brezilyasi,,,,
Tupinambarana (Parintins),-2.63,-56.74,sehir,1669,>1281,1669-01-01,portekiz-brezilyasi,,,,
Santo Tomé de los Andoas,-2.9,-76.4,sehir,1708,>1281,1708-01-01,ispanyol-peru,,,,
Tefé (Teffé de Aisuaris),-3.35,-64.71,sehir,1688,>1281,1688-01-01,portekiz-brezilyasi,,,,
San Joaquín de Omaguas (Fritz),-3.83,-73.35,sehir,1686,>1281,1686-01-01,ispanyol-peru,,,,
Itaituba,-4.28,-55.98,sehir,1823,>1281,1823-01-01,brezilya-imparatorlugu,,,,
Borba (Madeira),-4.39,-59.59,sehir,1723,>1281,1723-01-01,portekiz-brezilyasi,,,,
Borja (Maynas),-4.47,-77.55,sehir,1619,>1281,1619-01-01,ispanya,,,,
Santiago de la Laguna (Lagunas),-5.23,-75.68,sehir,1670,>1281,1670-01-01,ispanyol-peru,,,,
Concepción de Xéveros (Jeberos),-5.28,-76.29,sehir,1640,>1281,1640-01-01,ispanyol-peru,,,,
Jaén de los Bracamoros,-5.71,-78.81,sehir,1549,>1281,1549-01-01,ispanyol-peru,,,,
Santa María de Ucayali,-6.1,-74.6,sehir,1653,>1281,1653-01-01,ispanyol-peru,,,,
Sarayacu (Ucayali),-6.73,-75.1,sehir,1790,>1281,1790-01-01,ispanya,,,,
Santa María de Huallaga,-6.9,-76.1,sehir,1649,>1281,1649-01-01,ispanya,,,,
San Miguel (Pachitea),-8.8,-74.55,sehir,1685,>1281,1685-01-01,ispanya,,,,
Tonua (Chinchao),-9.6,-75.95,sehir,1631,>1281,1631-01-01,ispanyol-peru,,,,
Cerro de la Sal,-10.7,-75.2,sehir,1635,>1281,1635-01-01,ispanya,,,,
La Merced (Chanchamayo),-11.05,-75.34,sehir,1869,>1281,1869-01-01,peru-cumhuriyeti,,,,
Santa Magdalena (Itonama),-13.34,-64.13,sehir,1767,>1281,1767-01-01,ispanya,,,,
San José de Uchupiamonas,-14.3,-68.0,sehir,1716,>1281,1716-01-01,ispanya,,,,
Reyes (Maropa),-14.3,-67.35,sehir,1716,>1281,1716-01-01,ispanya,,,,
Concepción de Apolobamba,-14.75,-68.5,sehir,1690,>1281,1690-01-01,ispanya,,,,
Trinidad (Mojos),-14.83,-64.9,sehir,1687,>1281,1687-01-01,ispanya,,,,
San Ignacio de Moxos,-14.87,-65.63,sehir,1689,>1281,1689-01-01,ispanya,,,,
Jiboya (Camacan aldeası),-14.9,-40.8,sehir,1817,>1281,1817-01-01,portekiz-brezilyasi,,,,
Loreto (Mojos),-15.22,-64.67,sehir,1684,>1281,1684-01-01,ispanya,,,,
Concepción (Chiquitos),-16.14,-62.03,sehir,1707,>1281,1707-01-01,ispanya,,,,
San Francisco Xavier (Chiquitos),-16.27,-62.5,sehir,1691,>1281,1691-01-01,ispanya,,,,
San Ignacio de Zamucos,-19.5,-60.0,sehir,1741,>1281,1741-01-01,ispanya,,,,
Fuerte Olimpo (Borbón),-21.04,-57.87,sehir,1772,>1281,1772-01-01,ispanya,,,,
Tarija,-21.53,-64.73,sehir,1690,>1281,1690-01-01,ispanyol-peru,,,,
São Fidélis (Paraíba do Sul),-21.64,-41.75,sehir,1776,>1281,1776-01-01,portekiz-brezilyasi,,,,
Tariquea (Chiriguano misyonu),-21.9,-63.9,sehir,1691,>1281,1691-01-01,ispanyol-peru,,,,
Chiquiaca misyonları,-21.95,-64.2,sehir,1700,>1281,1700-01-01,ispanyol-peru,,,,
Rinconada (Puna),-22.43,-66.16,sehir,1281,1281-epok,,diaguita-calchaqui-konfederasyonu,,,,
Lengua misyonu (Paraguay Chaco),-23.0,-58.5,sehir,1887,>1281,1887-01-01,paraguay-cumhuriyeti,,,,
Tacuatí (Ypané),-23.45,-56.3,sehir,1788,>1281,1788-01-01,ispanya,,,,
Pucará de Tilcara,-23.58,-65.39,sehir,1281,1281-epok,,diaguita-calchaqui-konfederasyonu,,,,
Ciudad Real del Guairá,-24.1,-54.3,sehir,1554,>1281,1554-01-01,ispanya,,,,
São Pedro de Alcântara (Tibagi),-24.3,-50.6,sehir,1855,>1281,1855-01-01,brezilya-imparatorlugu,,,,
San Esteban de Miraflores,-25.3,-64.2,sehir,1714,>1281,1714-01-01,ispanya,,,,
Lacangayé,-25.55,-60.0,sehir,1780,>1281,1780-01-01,ispanya,,,,
Concepción del Bermejo,-26.6,-60.9,sehir,1585,>1281,1585-01-01,ispanya,,,,
San Fernando (Resistencia),-27.45,-58.98,sehir,1750,>1281,1750-01-01,ispanya,,,,
Santiago del Estero,-27.79,-64.26,sehir,1553,>1281,1553-01-01,ispanya,,,,
Nonohay (Yukarı Uruguay),-27.9,-52.9,sehir,1850,>1281,1850-01-01,brezilya-imparatorlugu,,,,
San Jerónimo (Reconquista),-29.15,-59.65,sehir,1748,>1281,1748-01-01,ispanya,,,,
Beyan G31.5 B56.5,-31.5,-56.5,sehir,1828,>1281,,uruguay-cumhuriyeti,,,,
Beyan G34.5 B65.5,-34.5,-65.5,sehir,1725,>1281,,mapuche-araukanya,,,,
Beyan G35.5 B69.5,-35.5,-69.5,sehir,1725,>1281,,mapuche-araukanya,,,,
Reducción de la Concepción (Salado),-35.7466,-57.3595,sehir,1740,>1281,1740-01-01,ispanya,,,,
Beyan G36.5 B64.5,-36.5,-64.5,sehir,1725,>1281,,mapuche-araukanya,,,,
Beyan G36.5 B61.5,-36.5,-61.5,sehir,1725,>1281,,mapuche-araukanya,,,,
Beyan G37.5 B68.5,-37.5,-68.5,sehir,1725,>1281,,mapuche-araukanya,,,,
Nuestra Señora del Pilar (Mar del Plata),-37.85,-57.75,sehir,1747,>1281,1747-01-01,ispanya,,,,
Beyan G38.5 B66.5,-38.5,-66.5,sehir,1725,>1281,,mapuche-araukanya,,,,
Beyan G38.5 B62.5,-38.5,-62.5,sehir,1725,>1281,,mapuche-araukanya,,,,
Beyan G39.5 B70.5,-39.5,-70.5,sehir,1883,>1281,,arjantin-cumhuriyeti,,,,
Beyan G39.5 B64.5,-39.5,-64.5,sehir,1725,>1281,,mapuche-araukanya,,,,
Valdivia,-39.814,-73.246,sehir,1552,>1281,1552-01-01,ispanya,,,,
Beyan G40.5 B68.5,-40.5,-68.5,sehir,1725,>1281,,mapuche-araukanya,,,,
Beyan G40.5 B62.5,-40.5,-62.5,sehir,1725,>1281,,mapuche-araukanya,,,,
Beyan G41.5 B71.5,-41.5,-71.5,sehir,1883,>1281,,arjantin-cumhuriyeti,,,,
Castro (Chiloé),-42.481,-73.762,sehir,1567,>1281,1567-02-01,ispanya,,,,
Beyan G42.5 B65.5,-42.5,-65.5,sehir,1883,>1281,,arjantin-cumhuriyeti,,,,
Beyan G43.5 B68.5,-43.5,-68.5,sehir,1883,>1281,,arjantin-cumhuriyeti,,,,
Beyan G44.5 B72.5,-44.5,-72.5,sehir,1883,>1281,,sili-cumhuriyeti,,,,
Beyan G44.5 B65.5,-44.5,-65.5,sehir,1883,>1281,,arjantin-cumhuriyeti,,,,
Beyan G46.5 B74.5,-46.5,-74.5,sehir,1883,>1281,,sili-cumhuriyeti,,,,
Beyan G46.5 B68.5,-46.5,-68.5,sehir,1883,>1281,,arjantin-cumhuriyeti,,,,
Beyan G46.5 B71.5,-46.5761,-71.4933,sehir,1883,>1281,,arjantin-cumhuriyeti,,,,
Beyan G48.5 B75.5,-48.5,-75.5,sehir,1883,>1281,,sili-cumhuriyeti,,,,
Floridablanca (San Julián),-49.31,-67.72,sehir,1780,>1281,1780-01-01,ispanya,,,,
Beyan G49.5 B72.5,-49.5,-72.5,sehir,1883,>1281,,sili-cumhuriyeti,,,,
Beyan G51.5 B69.5,-51.5,-69.5,sehir,1883,>1281,,arjantin-cumhuriyeti,,,,
Beyan G52.5 B74.5,-52.5,-74.5,sehir,1883,>1281,,sili-cumhuriyeti,,,,
Punta Arenas,-53.1566,-70.9248,sehir,1848,>1281,1848-12-18,sili-cumhuriyeti,,,,
Porvenir,-53.295,-70.369,sehir,1894,>1281,1894-06-20,sili-cumhuriyeti,,,,
Fuerte Bulnes,-53.6233,-70.9443,sehir,1843,>1281,1843-10-30,sili-cumhuriyeti,,,,
Güney Georgia (Grytviken),-54.28,-36.51,sehir,1904,>1281,1904-11-16,ingiltere,,,,
Beyan G54.5 B67.5,-54.5,-67.5,sehir,1883,>1281,,arjantin-cumhuriyeti,,,,
Minto Inlet (Kangiryuarmiut),71.4,-114.5,sehir,1281,1281-epok,,inuit,,,,
Utqiaġvik (Nuvuk / Barrow),71.291,-156.789,sehir,1281,1281-epok,,inuit,,,,
Ulguniq (Wainwright) / Icy Cape,70.638,-160.025,sehir,1281,1281-epok,,inuit,,,,
Kanngiqtugaapik (Clyde River),70.472,-68.591,sehir,1281,1281-epok,,inuit,,,,
"Nuiqsut (Kuukpikmiut, Colville deltası)",70.219,-151.002,sehir,1281,1281-epok,,inuit,,,,
Kaktovik (Barter Adası),70.0918,-143.6225,liman,1281,1281-epok,,inuit,,,,
Qikiqtaruk (Herschel Adası),69.5792,-138.9091,liman,1890,>1281,1890-01-01,kanada,,,,
Iglulik,69.377,-81.8,sehir,1281,1281-epok,,inuit,,,,
Kittigazuit (Mackenzie İnuitleri),69.35,-133.75,sehir,1281,1281-epok,,inuit,,,,
Paulatuk / Cape Bathurst,69.35,-124.07,sehir,1281,1281-epok,,inuit,,,,
Qeqertarsuaq (Godhavn),69.247,-53.534,sehir,1773,>1281,1773-01-01,danimarka,,,,
Iqaluktuuttiaq (Cambridge Bay),69.117,-105.058,liman,1281,1281-epok,,inuit,,,,
Bernard Harbour (Bakır İnuit),68.78,-114.79,liman,1281,1281-epok,,inuit,,,,
Sanirajak (Hall Beach),68.777,-81.243,sehir,1281,1281-epok,,inuit,,,,
Uqsuqtuuq (Gjoa Haven),68.626,-95.85,sehir,1281,1281-epok,,inuit,,,,
Kugaaruk (Pelly Bay),68.534,-89.832,liman,1281,1281-epok,,inuit,,,,
Tikiġaq (Point Hope),68.347,-166.8,sehir,1281,1281-epok,,inuit,,,,
Anaktuvuk Geçidi (Nunamiut),68.143,-151.735,sehir,1281,1281-epok,,inuit,,,,
Vashrąįį K'ǫǫ (Arctic Village),68.128,-145.535,sehir,1281,1281-epok,,dene,,,,
Kugluktuk (Coppermine),67.8018,-115.1003,sehir,1281,1281-epok,,inuit,,,,
Anaktuvuk batısı — Noatak (Nautaaġmiut),67.57,-162.97,sehir,1281,1281-epok,,inuit,,,,
Old Crow (Vuntut Gwitchin),67.57,-139.83,sehir,1281,1281-epok,,dene,,,,
Qikiqtarjuaq (Broughton Adası),67.548,-64.031,liman,1281,1281-epok,,inuit,,,,
Fort McPherson (Teetł'it Zheh),67.438,-134.883,kale,1840,>1281,1840-01-01,ingiliz-kuzey-amerika,,,,
Coldfoot / Wiseman,67.402,-150.104,sehir,1899,>1281,1899-01-01,abd,,,,
Colville Lake (K'áhbamı̨túé),67.033,-126.1,sehir,1281,1281-epok,,dene,,,,
Sisimiut (Holsteinsborg),66.9338,-53.6684,sehir,1756,>1281,1756-01-01,danimarka,,,,
Kobuk (Kuuvaŋmiit),66.91,-156.88,sehir,1281,1281-epok,,inuit,,,,
Qikiqtaġruk (Kotzebue),66.898,-162.596,sehir,1281,1281-epok,,inuit,,,,
Kugluktuk doğusu — Bathurst Inlet (Kingaunmiut),66.83,-108.0,sehir,1281,1281-epok,,inuit,,,,
Alatna / Allakaket,66.564,-152.65,sehir,1281,1281-epok,,dene,,,,
Fort Yukon,66.564,-145.274,kale,1847,>1281,1847-01-01,ingiliz-kuzey-amerika,,,,
Naujaat (Repulse Bay),66.522,-86.25,liman,1281,1281-epok,,inuit,,,,
Fort Confidence (Büyük Ayı Gölü),66.5,-118.9,kale,1837,>1281,1837-01-01,ingiliz-kuzey-amerika,,,,
Fort Good Hope (Rádeyı̨lı̨kóé),66.256,-128.629,kale,1805,>1281,1805-01-01,ingiliz-kuzey-amerika,,,,
Panniqtuuq (Pangnirtung / Kekerten),66.146,-65.713,sehir,1857,>1281,1857-01-01,inuit,,,,
Circle City,65.826,-144.062,sehir,1893,>1281,1893-01-01,abd,,,,
Kiŋigin (Wales),65.611,-168.088,sehir,1281,1281-epok,,inuit,,,,
Tetlit Gwich'in (Peel havzası),65.5,-135.0,sehir,1281,1281-epok,,dene,,,,
Wager Körfezi (Ukkusiksalik),65.481,-88.4883,liman,1281,1281-epok,,inuit,,,,
"Déline (Fort Franklin, Büyük Ayı Gölü)",65.2034,-123.4211,kale,1825,>1281,1825-01-01,ingiliz-kuzey-amerika,,,,
Nuchalawoya (Tanana),65.172,-152.081,sehir,1281,1281-epok,,dene,,,,
Fort Norman (Tulita),64.904,-125.576,kale,1810,>1281,1810-01-01,ingiliz-kuzey-amerika,,,,
Fairbanks,64.838,-147.716,sehir,1901,>1281,1901-01-01,abd,,,,
Eagle (Fort Egbert),64.788,-141.2,kale,1897,>1281,1897-01-01,abd,,,,
Nulato,64.72,-158.1,sehir,1838,>1281,1838-01-01,rusya,,,,
"Beverly Gölü (Thelon, Karayer İnuit)",64.644,-100.5035,sehir,1281,1281-epok,,inuit,,,,
Nome,64.506,-165.4052,sehir,1899,>1281,1899-01-01,abd,,,,
Qamanittuaq (Baker Lake),64.319,-96.018,sehir,1281,1281-epok,,inuit,,,,
Kinngait (Cape Dorset),64.231,-76.539,sehir,1281,1281-epok,,inuit,,,,
Dawson City,64.06,-139.433,sehir,1896,>1281,1896-01-01,kanada,,,,
"Native Point (Sadlermiut, Southampton Adası)",63.9302,-83.605,liman,1281,1281-epok,,inuit,,,,
Iqaluit (Frobisher Körfezi),63.746,-68.517,liman,1576,>1281,1576-08-01,inuit,,,,
Tulít'a Dağ Denesi (Nahanni),63.5,-131.5,sehir,1281,1281-epok,,dene,,,,
Mihaylovskiy Redut (St. Michael),63.4853,-162.0306,kale,1833,>1281,1833-01-01,rusya,,,,
Telida / Denali eteği (Atabask),63.4,-153.0,sehir,1281,1281-epok,,dene,,,,
Igluligaarjuk (Chesterfield Inlet),63.342,-90.711,sehir,1281,1281-epok,,inuit,,,,
Nikolai (Yukarı Kuskokwim),63.017,-154.383,sehir,1281,1281-epok,,dene,,,,
Nabesna / Northway (Yukarı Tanana),62.961,-141.94,sehir,1281,1281-epok,,dene,,,,
Kimmirut (Lake Harbour),62.849,-69.873,liman,1281,1281-epok,,inuit,,,,
Fort Rae (Behchokǫ̀),62.7856,-116.0456,kale,1852,>1281,1852-01-01,ingiliz-kuzey-amerika,,,,
Fort Selkirk,62.77,-137.37,kale,1848,>1281,1848-01-01,ingiliz-kuzey-amerika,,,,
Fort Reliance (Büyük Köle Gölü),62.727,-109.157,kale,1833,>1281,1833-01-01,ingiliz-kuzey-amerika,,,,
Batzulnetas (Ahtna),62.55,-143.6,sehir,1281,1281-epok,,dene,,,,
"Łutsël K'é (Snowdrift, Büyük Köle Gölü doğusu)",62.3896,-110.7375,sehir,1281,1281-epok,,dene,,,,
Salluit (Sugluk),62.203,-75.641,sehir,1281,1281-epok,,inuit,,,,
Pelly Banks / Ross River,61.99,-132.45,kale,1840,>1281,1840-01-01,ingiliz-kuzey-amerika,,,,
Fort Simpson (Łı́ı́dlı̨ı̨ Kų́ę́),61.862,-121.353,kale,1804,>1281,1804-01-01,ingiliz-kuzey-amerika,,,,
Kangiqsujuaq (Wakeham Bay),61.596,-71.942,liman,1281,1281-epok,,inuit,,,,
Kolmakovskiy Redut,61.53,-158.2,kale,1841,>1281,1841-01-01,rusya,,,,
Hooper Bay (Naparyarmiut),61.529,-166.097,liman,1281,1281-epok,,yupik,,,,
Fort Providence,61.35,-117.65,kale,1786,>1281,1786-01-01,ingiliz-kuzey-amerika,,,,
Anchorage,61.217,-149.9,sehir,1914,>1281,1914-01-01,abd,,,,
Fort Resolution (Deninu Kų́ę́),61.169,-113.677,kale,1786,>1281,1786-01-01,ingiliz-kuzey-amerika,,,,
Valdez,61.1362,-146.3482,sehir,1898,>1281,1898-01-01,abd,,,,
Arviat (Eskimo Point),61.108,-94.059,sehir,1281,1281-epok,,inuit,,,,
"Ennadai (Ihalmiut, Karayer İnuit)",61.1028,-100.8954,sehir,1281,1281-epok,,inuit,,,,
Bethel (Mumtrekhlagamute),60.792,-161.756,sehir,1885,>1281,1885-01-01,abd,,,,
Whitehorse,60.721,-135.057,sehir,1898,>1281,1898-01-01,kanada,,,,
Kenai (Nikolayevskiy Redut),60.554,-151.258,kale,1791,>1281,1791-01-01,rusya,,,,
Killiniq (Port Burwell),60.4164,-64.8247,sehir,1904,>1281,1904-01-01,kanada,,,,
Nuçek (Konstantinovskiy Redut),60.35,-146.68,kale,1793,>1281,1793-01-01,rusya,,,,
Fort Liard,60.24,-123.47,kale,1805,>1281,1805-01-01,ingiliz-kuzey-amerika,,,,
Puvirnituq,60.05,-77.283,sehir,1281,1281-epok,,inuit,,,,
Kangirsuk (Payne Irmağı),60.024,-70.01,sehir,1281,1281-epok,,inuit,,,,
Iliamna / Nondalton (Dena'ina),59.98,-154.85,sehir,1281,1281-epok,,dene,,,,
Fort Halkett (Liard),59.88,-126.3,kale,1829,>1281,1829-01-01,ingiliz-kuzey-amerika,,,,
Atlin,59.578,-133.7,sehir,1898,>1281,1898-01-01,kanada,,,,
Yakutat (Novorossiysk),59.547,-139.727,sehir,1796,>1281,1796-01-01,rusya,,,,
Skagway,59.456,-135.314,sehir,1897,>1281,1897-01-01,abd,,,,
Klukwan (Tlingit),59.402,-135.893,sehir,1281,1281-epok,,tlingit,,,,
Fond du Lac (Athabasca Gölü),59.333,-107.183,kale,1851,>1281,1851-01-01,ingiliz-kuzey-amerika,,,,
Fort Vermilion güneyi — Peace Point,59.1,-112.4,kale,1281,1281-epok,,dene,,,,
Aleksandrovski Redut (Nushagak),58.8876,-158.508,kale,1818,>1281,1818-01-01,rusya,,,,
Fort Nelson (BC),58.805,-122.697,kale,1805,>1281,1805-01-01,ingiliz-kuzey-amerika,,,,
Prince of Wales Fort (Churchill),58.768,-94.167,kale,1717,>1281,1717-01-01,ingiltere,,,,
Fort Chipewyan,58.708,-111.152,kale,1788,>1281,1788-01-01,ingiliz-kuzey-amerika,,,,
Inukjuak (Port Harrison),58.454,-78.102,sehir,1281,1281-epok,,inuit,,,,
Dease Lake,58.437,-130.005,kale,1838,>1281,1838-01-01,ingiliz-kuzey-amerika,,,,
Fort Vermilion,58.39,-116.03,kale,1788,>1281,1788-01-01,ingiliz-kuzey-amerika,,,,
Katmai (Alaska Yarımadası),58.28,-155.0,liman,1281,1281-epok,,alutiiq,,,,
Hebron (Labrador),58.1997,-62.623,sehir,1830,>1281,1830-01-01,ingiliz-kuzey-amerika,,,,
Kuujjuaq (Fort Chimo),58.101,-68.4,kale,1830,>1281,1830-01-01,ingiliz-kuzey-amerika,,,,
Telegraph Creek (Tlegohin),57.902,-131.16,sehir,1281,1281-epok,,dene,,,,
Brochet (Ren Geyiği Gölü),57.8943,-101.6614,kale,1859,>1281,1859-01-01,ingiliz-kuzey-amerika,,,,
Kodiak (Pavlovskaya Gavan),57.79,-152.407,sehir,1792,>1281,1792-01-01,rusya,,,,
Kangiva (Nain iç bölgesi),57.5,-63.5,sehir,1281,1281-epok,,inuit,,,,
Fort Ware (Kwadacha),57.43,-125.65,kale,1281,1281-epok,,dene,,,,
Üç Aziz Körfezi (Trekh Svyatiteley),57.168,-153.502,liman,1784,>1281,1784-08-14,rusya,,,,
York Factory,57.0099,-92.3082,kale,1684,>1281,1684-01-01,ingiltere,,,,
Fort McKenzie (Ungava),56.9,-69.1,kale,1916,>1281,1916-01-01,kanada,,,,
Nain (Labrador),56.542,-61.687,sehir,1771,>1281,1771-01-01,ingiliz-kuzey-amerika,,,,
Wrangell (Redut Sv. Dionisiy),56.472,-132.3761,kale,1834,>1281,1834-01-01,rusya,,,,
Chignik (Alaska Yarımadası),56.3,-158.4,liman,1281,1281-epok,,alutiiq,,,,
Fort Connolly (Bear Lake),56.15,-126.75,kale,1826,>1281,1826-01-01,ingiliz-kuzey-amerika,,,,
Fort Severn,56.023,-87.633,kale,1685,>1281,1685-01-01,ingiltere,,,,
Fort Dunvegan,55.92,-118.6,kale,1805,>1281,1805-01-01,ingiliz-kuzey-amerika,,,,
Nelson House (Nisichawayasihk),55.79,-98.833,kale,1802,>1281,1802-01-01,ingiliz-kuzey-amerika,,,,
Pukatawagan,55.75,-101.3,sehir,1281,1281-epok,,kri,,,,
Ile-a-la-Crosse,55.453,-107.915,kale,1779,>1281,1779-01-01,ingiliz-kuzey-amerika,,,,
Hopedale (Agvituk),55.452,-60.221,sehir,1782,>1281,1782-01-01,ingiliz-kuzey-amerika,,,,
Lesser Slave Lake House,55.42,-114.77,kale,1802,>1281,1802-01-01,ingiliz-kuzey-amerika,,,,
Babine (Fort Kilmaurs),55.35,-126.7,kale,1822,>1281,1822-01-01,ingiliz-kuzey-amerika,,,,
Kuujjuarapik (Great Whale River),55.283,-77.75,kale,1820,>1281,1820-01-01,ingiliz-kuzey-amerika,,,,
Fort Severn güneyi — Winisk,55.25,-85.1,kale,1281,1281-epok,,kri,,,,
Lac la Ronge,55.1,-105.283,kale,1782,>1281,1782-01-01,ingiliz-kuzey-amerika,,,,
Fort McLeod (Britanya Kolumbiyası),54.99,-123.033,kale,1805,>1281,1805-01-01,ingiliz-kuzey-amerika,,,,
Oxford House,54.933,-95.283,kale,1798,>1281,1798-01-01,ingiliz-kuzey-amerika,,,,
Fort Caniapiscau,54.85,-69.9,kale,1834,>1281,1834-01-01,ingiliz-kuzey-amerika,,,,
Fort Nascopie (Petitsikapau),54.8,-66.5,kale,1838,>1281,1838-01-01,ingiliz-kuzey-amerika,,,,
Lac La Biche,54.77,-111.97,kale,1798,>1281,1798-01-01,ingiliz-kuzey-amerika,,,,
Lax Kw'alaams (Fort Simpson BC),54.558,-130.434,kale,1834,>1281,1834-01-01,ingiliz-kuzey-amerika,,,,
Fort St. James,54.443,-124.253,kale,1806,>1281,1806-01-01,ingiliz-kuzey-amerika,,,,
Fort Assiniboine,54.333,-114.75,kale,1823,>1281,1823-01-01,ingiliz-kuzey-amerika,,,,
Rigolet,54.1848,-58.436,sehir,1836,>1281,1836-01-01,ingiliz-kuzey-amerika,,,,
Norway House,53.983,-97.833,kale,1817,>1281,1817-01-01,ingiliz-kuzey-amerika,,,,
Cumberland House,53.95,-102.283,kale,1774,>1281,1774-01-01,ingiliz-kuzey-amerika,,,,
Fort George (Prince George),53.917,-122.75,kale,1807,>1281,1807-01-01,ingiliz-kuzey-amerika,,,,
Unalaska (Iliuliuk),53.87,-166.53,sehir,1787,>1281,1787-01-01,rusya,,,,
Big Trout Lake (Kitchenuhmaykoosib),53.8408,-89.8639,kale,1807,>1281,1807-01-01,ingiliz-kuzey-amerika,,,,
Chisasibi (Fort George),53.789,-78.983,kale,1803,>1281,1803-01-01,ingiliz-kuzey-amerika,,,,
"Cartwright (Sandwich Körfezi, Labrador)",53.7,-57.02,liman,1775,>1281,1775-01-01,ingiliz-kuzey-amerika,,,,
Fort Pitt,53.583,-109.8,kale,1829,>1281,1829-01-01,ingiliz-kuzey-amerika,,,,
Fort Edmonton,53.533,-113.5,kale,1795,>1281,1795-01-01,ingiliz-kuzey-amerika,,,,
North West River (Labrador),53.522,-60.148,sehir,1743,>1281,1743-01-01,ingiltere,,,,
Skidegate (Haida Gwaii),53.2559,-132.0022,sehir,1281,1281-epok,,hayda,,,,
Prince Albert,53.203,-105.753,sehir,1866,>1281,1866-01-01,ingiliz-kuzey-amerika,,,,
Jasper House,53.183,-117.95,kale,1813,>1281,1813-01-01,ingiliz-kuzey-amerika,,,,
Grand Rapids (Saskatchewan Irmağı ağzı),53.17,-99.27,kale,1794,>1281,1794-01-01,ingiliz-kuzey-amerika,,,,
Nichicun (HBC iç karakolu),53.0943,-70.9882,kale,1816,>1281,1816-01-01,ingiliz-kuzey-amerika,,,,
Sandy Lake (Kuzeybatı Ontario),53.0589,-93.3289,sehir,1281,1281-epok,,kri,,,,
Attawapiskat,52.928,-82.423,kale,1893,>1281,1893-01-01,kanada,,,,
Fort Carlton,52.86,-106.53,kale,1795,>1281,1795-01-01,ingiliz-kuzey-amerika,,,,
Battleford,52.737,-108.3,sehir,1875,>1281,1875-01-01,kanada,,,,
Batoche,52.735,-106.13,sehir,1872,>1281,1872-01-01,metis,,,,
Buffalo Lake / Battle River (Métis),52.47,-112.9,sehir,1872,>1281,1872-01-01,metis,,,,
Rocky Mountain House,52.374,-114.919,kale,1799,>1281,1799-01-01,ingiliz-kuzey-amerika,,,,
Bella Coola (Nuxalk),52.37,-126.7498,sehir,1281,1281-epok,,nuxalk,,,,
Berens River,52.35,-97.023,kale,1814,>1281,1814-01-01,ingiliz-kuzey-amerika,,,,
Fort Albany,52.23,-81.65,kale,1679,>1281,1679-01-01,ingiltere,,,,
Bella Bella (Fort McLoughlin),52.1604,-128.1539,kale,1833,>1281,1833-01-01,ingiliz-kuzey-amerika,,,,
SG̱ang Gwaay (Ninstints),52.1352,-131.2403,sehir,1281,1281-epok,,hayda,,,,
Tsilhqot'in (Çilkotin platosu),52.1,-123.3,sehir,1281,1281-epok,,dene,,,,
Marten Falls (Ogoki),51.65,-85.9,kale,1794,>1281,1794-01-01,ingiliz-kuzey-amerika,,,,
Waskaganish (Rupert House),51.484,-78.752,kale,1668,>1281,1668-01-01,ingiltere,,,,
Nemiscau,51.43,-76.13,sehir,1661,>1281,1661-01-01,fransa,,,,
Blanc-Sablon,51.424,-57.1294,sehir,1500,>1281,1500-01-01,ingiltere,,,,
Moose Factory,51.2986,-80.6227,kale,1673,>1281,1673-01-01,ingiltere,,,,
Osnaburgh House,51.233,-90.317,kale,1786,>1281,1786-01-01,ingiliz-kuzey-amerika,,,,
Fort Dauphin,51.15,-100.05,kale,1741,>1281,1741-01-01,ingiltere,,,,
Fort Calgary,51.045,-114.062,kale,1875,>1281,1875-01-01,kanada,,,,
Secwépemc (Adams Gölü),51.0,-119.5,sehir,1281,1281-epok,,secwepemc,,,,
Fort Qu'Appelle,50.771,-103.649,kale,1864,>1281,1864-01-01,ingiliz-kuzey-amerika,,,,
Fort Kamloops,50.674,-120.33,kale,1812,>1281,1812-01-01,ingiliz-kuzey-amerika,,,,
Fort Alexander (Bas-de-la-Rivière),50.6,-96.3,kale,1792,>1281,1792-01-01,ingiliz-kuzey-amerika,,,,
Regina,50.445,-104.619,sehir,1882,>1281,1882-01-01,kanada,,,,
Mistassini (Lac Mistassini),50.4231,-73.8639,sehir,1673,>1281,1673-01-01,ingiltere,,,,
Lac Seul,50.3426,-92.2072,kale,1815,>1281,1815-01-01,ingiliz-kuzey-amerika,,,,
Mingan,50.298,-64.0332,sehir,1679,>1281,1679-01-01,fransa,,,,
Sept-Îles,50.212,-66.379,sehir,1651,>1281,1651-01-01,fransa,,,,
Natashquan,50.1929,-61.8182,sehir,1281,1281-epok,,fransa,,,,
Fort Garry (Kızıl Irmak Kolonisi),49.895,-97.138,kale,1812,>1281,1812-01-01,ingiliz-kuzey-amerika,,,,
Brandon House,49.85,-99.95,kale,1793,>1281,1793-01-01,ingiliz-kuzey-amerika,,,,
Fort Macleod,49.716,-113.417,kale,1874,>1281,1874-01-01,kanada,,,,
Mattagami House,49.7,-81.5,kale,1794,>1281,1794-01-01,ingiliz-kuzey-amerika,,,,
Waswanipi,49.683,-76.0,sehir,1794,>1281,1794-01-01,ingiliz-kuzey-amerika,,,,
Yuquot (Nootka Sound),49.6041,-126.6341,liman,1281,1281-epok,,nuu-cah-nulth,,,,
Fort Walsh (Cypress Hills),49.578,-109.881,kale,1875,>1281,1875-01-01,kanada,,,,
Fort Langley,49.167,-122.58,kale,1827,>1281,1827-01-01,ingiliz-kuzey-amerika,,,,
Fort Nipigon,49.017,-88.267,kale,1678,>1281,1678-01-01,fransa,,,,
Pembina,48.968,-97.245,kale,1797,>1281,1797-01-01,ingiliz-kuzey-amerika,,,,
Gaspé,48.8357,-64.4823,sehir,1534,>1281,1534-07-24,fransa,,,,
Abitibi House,48.7,-79.4,kale,1686,>1281,1686-01-01,ingiltere,,,,
Obedjiwan (Atikamekw),48.68,-74.93,sehir,1281,1281-epok,,kri,,,,
Kızıl Kızılderili Gölü (Beothuk),48.65,-56.85,sehir,1281,1281-epok,,beothuk,,,,
Fort Colvile,48.617,-118.1,kale,1825,>1281,1825-01-01,ingiliz-kuzey-amerika,,,,
Fort St. Pierre (Rainy Lake),48.61,-93.4,kale,1731,>1281,1731-01-01,fransa,,,,
Fort Belknap (Assiniboine-Gros Ventre),48.48,-108.76,kale,1871,>1281,1871-01-01,abd,,,,
Victoria (Fort Victoria),48.428,-123.365,kale,1843,>1281,1843-01-01,ingiliz-kuzey-amerika,,,,
Chicoutimi,48.428,-71.068,sehir,1676,>1281,1676-01-01,fransa,,,,
Fort William (Thunder Bay),48.383,-89.25,kale,1803,>1281,1803-01-01,ingiliz-kuzey-amerika,,,,
Tadoussac,48.1471,-69.7186,sehir,1600,>1281,1600-01-01,fransa,,,,
"Devils Lake (Mni Wakan, Dakota)",48.113,-98.865,sehir,1281,1281-epok,,lakota,,,,
Listuguj (Restigouche),48.05,-66.7,sehir,1281,1281-epok,,mikmak,,,,
Fort Union Trading Post,48.0,-104.043,kale,1828,>1281,1828-01-01,abd,,,,
Grand Portage,47.9684,-89.6883,kale,1731,>1281,1731-01-01,ingiltere,,,,
Michipicoten,47.952,-84.9011,sehir,1725,>1281,1725-01-01,ingiltere,,,,
Fort Benton,47.818,-110.667,kale,1846,>1281,1846-01-01,abd,,,,
Spokane House,47.79,-117.5,kale,1810,>1281,1810-01-01,ingiliz-kuzey-amerika,,,,
Seattle (Duwamish),47.606,-122.332,sehir,1851,>1281,1851-01-01,abd,,,,
St. John's (Newfoundland),47.561,-52.712,sehir,1583,>1281,1583-08-05,ingiltere,,,,
Madawaska (Maliseet),47.35,-68.32,sehir,1281,1281-epok,,maliseet,,,,
Knife River (Hidatsa köyleri),47.333,-101.383,sehir,1281,1281-epok,,hidatsa,,,,
Fort Témiscamingue,47.3,-79.433,kale,1679,>1281,1679-01-01,fransa,,,,
Plaisance (Placentia),47.2491,-53.9605,sehir,1662,>1281,1662-01-01,fransa,,,,
Duluth (Fond du Lac),46.7897,-92.1045,kale,1793,>1281,1793-01-01,ingiliz-kuzey-amerika,,,,
Chequamegon (La Pointe),46.7816,-90.7862,sehir,1665,>1281,1665-01-01,fransa,,,,
On-A-Slant (Mandan köyü),46.767,-100.86,sehir,1281,1281-epok,,mandan,,,,
Helena (Montana),46.589,-112.039,sehir,1864,>1281,1864-01-01,abd,,,,
Keweenaw (Ojibwe bakır yatakları),46.54,-87.4,sehir,1281,1281-epok,,ojibwe,,,,
Sault Ste. Marie,46.5,-84.35,sehir,1668,>1281,1668-01-01,fransa,,,,
Fort Abercrombie (Kızıl Irmak vadisi),46.45,-96.72,kale,1858,>1281,1858-01-01,abd,,,,
Miles City (Tongue Irmağı),46.408,-105.841,sehir,1877,>1281,1877-01-01,abd,,,,
Lapwai (Nez Perce),46.4,-116.03,sehir,1281,1281-epok,,nez-perce,,,,
Trois-Rivières,46.3442,-72.5439,sehir,1634,>1281,1634-07-04,fransa,,,,
Port-la-Joye (Charlottetown),46.2398,-63.1318,sehir,1720,>1281,1720-01-01,fransa,,,,
Fort Astoria,46.188,-123.831,kale,1811,>1281,1811-04-12,ingiliz-kuzey-amerika,,,,
Odanak (Abenaki),46.083,-72.82,sehir,1700,>1281,1700-01-01,abenaki,,,,
Fort Nez Percés (Walla Walla),46.05,-118.9,kale,1818,>1281,1818-01-01,ingiliz-kuzey-amerika,,,,
Louisbourg,45.922,-59.976,sehir,1713,>1281,1713-01-01,fransa,,,,
Michilimackinac,45.8575,-84.7347,sehir,1671,>1281,1671-01-01,fransa,,,,
Wayám (Celilo Şelâleleri),45.65,-120.983,sehir,1281,1281-epok,,sahaptin,,,,
Fort Vancouver,45.625,-122.667,kale,1825,>1281,1825-01-01,ingiliz-kuzey-amerika,,,,
Crow Agency (Apsáalooke),45.602,-107.46,sehir,1281,1281-epok,,karga,,,,
Bytown (Ottawa),45.421,-75.7,sehir,1826,>1281,1826-01-01,ingiliz-kuzey-amerika,,,,
Kahnawake,45.412,-73.683,sehir,1667,>1281,1667-01-01,haudenosaunee,,,,
Saint John (NB),45.2916,-66.0603,sehir,1631,>1281,1631-01-01,fransa,,,,
Fort Snelling (Bdote),44.893,-93.181,kale,1819,>1281,1819-01-01,abd,,,,
Norridgewock (Abenaki),44.717,-69.792,sehir,1281,1281-epok,,abenaki,,,,
Sainte-Marie-au-pays-des-Hurons,44.683,-79.75,sehir,1639,>1281,1639-01-01,vendat,,,,
Halifax,44.6486,-63.5755,sehir,1749,>1281,1749-06-21,ingiltere,,,,
"Tukudeka (Koyun Yiyen Şoşoniler, Yellowstone)",44.6,-110.5,sehir,1281,1281-epok,,sosoni,,,,
La Baye (Green Bay),44.513,-88.016,liman,1634,>1281,1634-01-01,fransa,,,,
Ossossané,44.5,-79.933,sehir,1281,1281-epok,,vendat,,,,
Deadwood (Kara Tepeler),44.377,-103.729,sehir,1876,>1281,1876-01-01,abd,,,,
Fort Pierre (Arikara/Lakota),44.362,-100.371,kale,1817,>1281,1817-01-01,abd,,,,
Fort Frontenac (Kingston),44.2524,-76.4918,kale,1673,>1281,1673-01-01,fransa,,,,
Pemaquid,43.876,-69.513,sehir,1625,>1281,1625-01-01,ingiltere,,,,
"Falmouth (Portland, Maine)",43.659,-70.257,sehir,1632,>1281,1632-01-01,ingiltere,,,,
York (Toronto),43.653,-79.383,sehir,1750,>1281,1750-01-01,fransa,,,,
Boise (Fort Boise),43.617,-116.2,kale,1834,>1281,1834-01-01,ingiliz-kuzey-amerika,,,,
Sioux Falls,43.55,-96.7,sehir,1856,>1281,1856-01-01,abd,,,,
"Fort Harney (Harney Havzası, Payut)",43.5,-118.7,kale,1867,>1281,1867-01-01,abd,,,,
Saginaw (Ojibwe),43.419,-83.951,sehir,1281,1281-epok,,ojibwe,,,,
Portsmouth (New Hampshire),43.071,-70.763,sehir,1623,>1281,1623-01-01,ingiltere,,,,
Prairie du Chien,43.052,-91.141,sehir,1781,>1281,1781-01-01,fransa,,,,
Fort Hall,43.033,-112.433,kale,1834,>1281,1834-01-01,ingiliz-kuzey-amerika,,,,
Fort Washakie (Wind River),43.003,-108.884,kale,1869,>1281,1869-01-01,abd,,,,
Camas Ovası (Kuzey Şoşoni),42.9,-115.0,sehir,1281,1281-epok,,sosoni,,,,
Fort Fetterman (Powder Irmağı),42.84,-105.47,kale,1867,>1281,1867-01-01,abd,,,,
Fort Klamath / Klamath Bataklığı,42.71,-121.99,kale,1281,1281-epok,,klamath,,,,
Fort Laramie,42.201,-104.548,kale,1834,>1281,1834-01-01,abd,,,,
Chicago (Fort Dearborn),41.878,-87.63,kale,1803,>1281,1803-01-01,abd,,,,
Providence,41.824,-71.413,sehir,1636,>1281,1636-01-01,ingiltere,,,,
Hartford,41.764,-72.674,sehir,1636,>1281,1636-01-01,ingiltere,,,,
Fort Des Moines,41.591,-93.604,kale,1843,>1281,1843-01-01,abd,,,,
Saukenuk (Sauk),41.512,-90.578,sehir,1281,1281-epok,,sauk,,,,
Fort Atkinson (Council Bluffs),41.45,-96.03,kale,1819,>1281,1819-01-01,abd,,,,
Pawnee köyleri (Loup Irmağı),41.42,-97.9,sehir,1281,1281-epok,,pavni,,,,
Fort Bridger,41.317,-110.388,kale,1843,>1281,1843-01-01,abd,,,,
Kuzey Payut (Kara Kaya Çölü),41.2,-119.0,sehir,1281,1281-epok,,payut,,,,
Cheyenne (Wyoming),41.14,-104.82,sehir,1867,>1281,1867-01-01,abd,,,,
"North Platte (Fort McPherson, Nebraska)",41.124,-100.765,kale,1863,>1281,1863-01-01,abd,,,,
Kekionga (Miami),41.08,-85.139,sehir,1281,1281-epok,,miami,,,,
Salt Lake City,40.761,-111.891,sehir,1847,>1281,1847-07-24,abd,,,,
Fort Duquesne (Pittsburgh),40.441,-80.01,kale,1754,>1281,1754-01-01,fransa,,,,
"Provo (Utah Gölü, Timpanogos Ute)",40.234,-111.659,sehir,1849,>1281,1849-01-01,abd,,,,
Fort Robidoux (Uinta Havzası),40.2,-109.75,kale,1832,>1281,1832-01-01,meksika,,,,
Ruby Vadisi (Batı Şoşoni),40.1,-115.5,sehir,1281,1281-epok,,sosoni,,,,
Denver,39.739,-104.99,sehir,1858,>1281,1858-01-01,abd,,,,
Chillicothe (Şavni),39.333,-82.983,sehir,1281,1281-epok,,savni,,,,
Virginia City (Nevada),39.31,-119.649,sehir,1859,>1281,1859-01-01,abd,,,,
Baltimore,39.29,-76.612,sehir,1729,>1281,1729-01-01,ingiltere,,,,
Cincinnati (Losantiville),39.103,-84.512,sehir,1788,>1281,1788-01-01,abd,,,,
Westport (Kansas City),39.1,-94.58,sehir,1821,>1281,1821-01-01,abd,,,,
Fort Riley (Kansas Irmağı),39.09,-96.79,kale,1853,>1281,1853-01-01,abd,,,,
Genoa (Nevada),39.004,-119.847,sehir,1851,>1281,1851-01-01,abd,,,,
Fort Wallace (Smoky Hill),38.91,-101.6,kale,1865,>1281,1865-01-01,abd,,,,
Vincennes (Poste Vincennes),38.677,-87.529,kale,1732,>1281,1732-01-01,fransa,,,,
St. Louis,38.627,-90.2,sehir,1764,>1281,1764-02-14,yeni-ispanya,,,,
Sutter's Fort (Sacramento),38.572,-121.467,kale,1839,>1281,1839-01-01,meksika,,,,
Fort Ross (Kaliforniya),38.514,-123.245,kale,1812,>1281,1812-01-01,rusya,,,,
Uncompahgre (Ute),38.48,-107.88,sehir,1281,1281-epok,,ute,,,,
"Charleston (Batı Virjinya, Kanawha)",38.35,-81.633,sehir,1788,>1281,1788-01-01,abd,,,,
"Quivira (Wiçita, Büyük Bükülme)",38.3,-98.2,sehir,1281,1281-epok,,wicita,,,,
Louisville,38.253,-85.758,sehir,1778,>1281,1778-01-01,abd,,,,
Bent's Fort,38.045,-103.43,kale,1833,>1281,1833-01-01,abd,,,,
Kaskaskia,37.921,-89.92,sehir,1703,>1281,1703-01-01,fransa,,,,
Parowan,37.842,-112.826,sehir,1851,>1281,1851-01-01,abd,,,,
Bishop (Owens Vadisi Payutları),37.364,-118.395,sehir,1281,1281-epok,,payut,,,,
San José de Guadalupe,37.339,-121.895,sehir,1777,>1281,1777-11-29,yeni-ispanya,,,,
Big Lick (Roanoke),37.271,-79.941,sehir,1740,>1281,1740-01-01,ingiltere,,,,
Draper's Meadow (Blacksburg),37.23,-80.42,sehir,1748,>1281,1748-01-01,ingiltere,,,,
"Springfield (Missouri, Ozark)",37.209,-93.292,sehir,1829,>1281,1829-01-01,abd,,,,
St. George (Utah),37.096,-113.578,sehir,1861,>1281,1861-01-01,abd,,,,
Norfolk (Virginia),36.851,-76.286,sehir,1682,>1281,1682-01-01,ingiltere,,,,
Ponca köyleri (Salt Fork),36.7,-97.08,sehir,1281,1281-epok,,ponka,,,,
Monterey (Alta California),36.6,-121.894,sehir,1770,>1281,1770-06-03,yeni-ispanya,,,,
"Fort Supply (Kuzeybatı Toprakları, Oklahoma)",36.573,-99.57,kale,1868,>1281,1868-01-01,abd,,,,
Timbisha (Ölüm Vadisi),36.462,-116.867,sehir,1281,1281-epok,,sosoni,,,,
"Las Vegas (Nevada, Mormon Kalesi)",36.171,-115.14,kale,1855,>1281,1855-01-01,abd,,,,
French Lick (Nashville),36.163,-86.781,sehir,1779,>1281,1779-01-01,abd,,,,
Tsegi (Canyon de Chelly),36.15,-109.47,sehir,1281,1281-epok,,navaho,,,,
Occaneechi (Hillsborough),36.075,-79.1,sehir,1281,1281-epok,,occaneechi,,,,
Las Vegas (Yeni Meksika),35.594,-105.223,sehir,1835,>1281,1835-01-01,meksika,,,,
Kituwa (Çeroki ana kasabası),35.442,-83.36,sehir,1281,1281-epok,,cherokee,,,,
Fort Smith,35.386,-94.399,kale,1817,>1281,1817-01-01,abd,,,,
Spiro,35.311,-94.57,sehir,1281,1281-epok,,spiro,,,,
Memphis (Chickasaw Bluffs),35.146,-90.049,sehir,1739,>1281,1739-01-01,cikasav,,,,
Albuquerque,35.084,-106.651,sehir,1706,>1281,1706-04-23,yeni-ispanya,,,,
Halona:wa (Zuni),35.07,-108.85,sehir,1281,1281-epok,,zuni,,,,
Fort Mohave (Kolorado geçidi),34.95,-114.6,kale,1281,1281-epok,,mohave,,,,
Little Rock (Arkansas Post havzası),34.746,-92.29,kale,1820,>1281,1820-01-01,abd,,,,
Fort Sill (Wiçita Dağları),34.663,-98.4,kale,1869,>1281,1869-01-01,abd,,,,
Prescott / Yavapai,34.54,-112.468,sehir,1281,1281-epok,,yavapai,,,,
Bosque Redondo (Fort Sumner),34.47,-104.24,kale,1863,>1281,1863-01-01,abd,,,,
Santa Bárbara,34.42,-119.698,sehir,1782,>1281,1782-04-21,yeni-ispanya,,,,
Wilmington (Kuzey Karolayna),34.226,-77.945,sehir,1739,>1281,1739-01-01,ingiltere,,,,
Etowah,34.122,-84.809,sehir,1281,1281-epok,,etowah,,,,
Los Ángeles (El Pueblo),34.053,-118.243,sehir,1781,>1281,1781-09-04,yeni-ispanya,,,,
"Taovaya (İspanyol Kalesi, Kızıl Irmak)",33.87,-97.75,kale,1750,>1281,1750-01-01,wicita,,,,
Meskalero Apaçi (Pecos vadisi),33.15,-105.75,kale,1281,1281-epok,,meskalero-apaci,,,,
Moundville,32.998,-87.63,sehir,1281,1281-epok,,moundville,EVET,aday-listesi,Mississippi kültürü,kaynak doğrulanmadı
Ocmulgee,32.837,-83.608,sehir,1281,1281-epok,,__BOSLUK__,,,,
Santa Rita del Cobre,32.8,-108.07,sehir,1804,>1281,1804-01-01,yeni-ispanya,,,,
Fort Worth (Üç Boynuz Kavşağı),32.755,-97.331,kale,1849,>1281,1849-01-01,abd,,,,
Yuma geçidi (La Purísima Concepción),32.727,-114.623,sehir,1780,>1281,1780-01-01,yeni-ispanya,,,,
Tucson (San Agustín del Tucsón),32.222,-110.97,sehir,1775,>1281,1775-08-20,yeni-ispanya,,,,
Los Adaes,31.95,-93.53,sehir,1721,>1281,1721-01-01,yeni-ispanya,,,,
Natchitoches,31.761,-93.087,sehir,1714,>1281,1714-01-01,fransa,,,,
El Paso del Norte,31.76,-106.49,sehir,1659,>1281,1659-12-08,yeni-ispanya,,,,
Tubac,31.612,-111.046,sehir,1752,>1281,1752-01-01,yeni-ispanya,,,,
Nacogdoches,31.604,-94.655,sehir,1779,>1281,1779-01-01,yeni-ispanya,,,,
Fort Concho (San Angelo),31.45,-100.44,kale,1867,>1281,1867-01-01,abd,,,,
Fort Stockton (Comanche Geçidi),30.894,-102.879,kale,1859,>1281,1859-01-01,abd,,,,
Mobile (Fort Louis de la Louisiane),30.694,-88.043,kale,1702,>1281,1702-01-01,fransa,,,,
Mission San Luis (Apalaçi),30.45,-84.31,kale,1656,>1281,1656-01-01,ispanya,,,,
Biloxi (Fort Maurepas),30.396,-88.885,kale,1699,>1281,1699-04-08,fransa,,,,
San Felipe de Austin,29.803,-96.106,sehir,1824,>1281,1824-01-01,meksika,,,,
Houston,29.76,-95.37,sehir,1836,>1281,1836-01-01,teksas-cumhuriyeti,,,,
La Junta de los Ríos (Presidio),29.56,-104.37,kale,1683,>1281,1683-01-01,yeni-ispanya,,,,
Misión San Francisco de Borja,28.745,-113.755,kale,1762,>1281,1762-01-01,yeni-ispanya,,,,
Misión Santa Gertrudis (Baja California),28.05,-113.09,kale,1752,>1281,1752-01-01,yeni-ispanya,,,,
Múzquiz (Santa Rosa),27.879,-101.516,sehir,1739,>1281,1739-01-01,yeni-ispanya,,,,
Laredo,27.506,-99.507,sehir,1755,>1281,1755-05-15,yeni-ispanya,,,,
Mound Key (Kalusa başkenti),26.4304,-81.849,sehir,1281,1281-epok,,kalusa,,,,
Camargo,26.313,-98.834,sehir,1749,>1281,1749-03-05,yeni-ispanya,,,,
Matamoros (Refugio),25.879,-97.504,sehir,1774,>1281,1774-01-01,yeni-ispanya,,,,
Parras,25.442,-102.18,sehir,1598,>1281,1598-01-01,yeni-ispanya,,,,
La Paz (Baja California Sur),24.142,-110.311,sehir,1720,>1281,1720-01-01,yeni-ispanya,,,,
Ciudad Victoria,23.74,-99.14,sehir,1750,>1281,1750-10-06,yeni-ispanya,,,,
Tula (Tamaulipas),22.997,-99.72,sehir,1617,>1281,1617-01-01,yeni-ispanya,,,,
Santa Clara (Küba),22.407,-79.964,sehir,1689,>1281,1689-07-15,yeni-ispanya,,,,
Pánuco (Huasteca),22.053,-98.181,sehir,1522,>1281,1522-01-01,ispanya,,,,
Sancti Spíritus,21.93,-79.442,sehir,1514,>1281,1514-06-04,ispanya,,,,
Chilpancingo (Guerrero),17.551,-99.5,sehir,1591,>1281,1591-01-01,yeni-ispanya,,,,
Belize Town,17.504,-88.197,sehir,1716,>1281,1716-01-01,ingiltere,,,,
Acapulco,16.863,-99.882,sehir,1550,>1281,1550-01-01,yeni-ispanya,,,,
Tehuantepec,16.323,-95.241,sehir,1281,1281-epok,,zapotek-krallik,,,,
Trujillo (Honduras),15.918,-85.953,sehir,1525,>1281,1525-05-18,ispanya,,,,
"Río Tinto (Black River, Moskito kıyısı)",15.85,-84.85,sehir,1732,>1281,1732-01-01,ingiltere,,,,
Omoa (San Fernando de Omoa),15.7664,-88.0428,sehir,1759,>1281,1759-01-01,yeni-ispanya,,,,
Sîva (Siwa),29.203,25.519,bolge,1281,1281-epok,,memluk,,,,
Baroda (Vadodara),22.3072,73.1812,sehir,1281,1281-epok,,racput,,,,
Vinnitsa (Vinnytsia),49.232,28.469,sehir,1363,>1281,1363-01-01,litvanya-buyuk-dukalik,,,,
Braslav (Bratslav),48.823,28.938,kale,1400,>1281,1400-01-01,litvanya-buyuk-dukalik,,,,
Kostantinov (Starokostiantyniv),49.755,27.212,kale,1571,>1281,1571-01-01,lehistan,,,,
Jitomir (Zhytomyr),50.262,28.679,sehir,1281,1281-epok,,altinorda,,,,
Berdiçev (Berdychiv),49.894,28.582,sehir,1545,>1281,1545-01-01,litvanya-buyuk-dukalik,,,,
Bayburt,40.2552,40.2249,kale,1281,1281-epok,,ilhanli,EVET,0930-var-aday(1054);ONERI-B2;aday-listesi,Saltuklu → Selçuklu,TDV: bayburt (önbellek denetim/GLM1-TDV-ONBELLEK/bayburt.txt; gövdede 1000-1280 yılı 13 kez)
Zamantı (Pınarbaşı),38.7331,36.2228,kale,1281,1281-epok,,ilhanli,,,,
Mesudiye (Milas),40.4633,37.7728,kale,1281,1281-epok,,trabzon-rum,,,,
Gölköy (Habsamana),40.6878,37.6178,kale,1281,1281-epok,,trabzon-rum,,,,
Göksun,38.021,36.4973,kale,1281,1281-epok,,ilhanli,,,,
Gürün,38.7223,37.271,sehir,1281,1281-epok,,ilhanli,,,,
Reşadiye (İskefsir),40.3919,37.3375,kale,1281,1281-epok,,trabzon-rum,,,,
Kahul (Cahul),45.905,28.198,sehir,1281,1281-epok,,altinorda,,,,
Bolgrad (Bolhrad),45.681,28.613,sehir,1821,>1281,1821-01-01,rusya,,,,
Lovozero (Luyavr),68.005,35.015,sehir,1281,1281-epok,,novgorod,,,,
Varzuga,66.397,36.62,sehir,1281,1281-epok,,novgorod,,,,
Lublin,51.2465,22.5684,sehir,1281,1281-epok,,polonya-erken,,,,
Chełm (Kholm),51.1431,23.4716,sehir,1281,1281-epok,,polonya-erken,EVET,aday-listesi,Galiçya-Volhinya,kaynak doğrulanmadı
Zamość,50.7178,23.2478,kale,1580,>1281,1580-04-10,lehistan,,,,
Białystok,53.1325,23.1688,sehir,1281,1281-epok,,litvanya-buyuk-dukalik,,,,
Brest-Litovsk,52.0975,23.6877,kale,1281,1281-epok,,litvanya-buyuk-dukalik,,,,
Pinsk,52.115,26.103,sehir,1281,1281-epok,,litvanya-buyuk-dukalik,,,,
Grodno,53.6778,23.8297,sehir,1281,1281-epok,,litvanya-buyuk-dukalik,,,,
Kovel,51.2153,24.7086,sehir,1281,1281-epok,,litvanya-buyuk-dukalik,,,,
Lutsk (Łuck),50.7472,25.3254,kale,1281,1281-epok,,litvanya-buyuk-dukalik,,,,
Volodymyr-Volynskyi (Włodzimierz),50.848,24.3226,sehir,1281,1281-epok,,litvanya-buyuk-dukalik,EVET,aday-listesi,Volhinya Knezliği,kaynak doğrulanmadı
Rivne (Równe),50.6199,26.2516,sehir,1281,1281-epok,,litvanya-buyuk-dukalik,,,,
İllîzî,26.48,8.47,sehir,1281,1281-epok,,tuareg-accer,,,,
Cânet (Djanet),24.55,9.48,sehir,1281,1281-epok,,tuareg-accer,,,,
İdeles,23.8,5.9,sehir,1281,1281-epok,,tuareg-ahaggar,,,,
Abalessa,22.89,4.85,sehir,1281,1281-epok,,tuareg-ahaggar,,,,
Bardaî,21.36,17.0,sehir,1281,1281-epok,,tubu-tibesti,,,,
Vûr,21.35,15.98,sehir,1281,1281-epok,,tubu-tibesti,,,,
Zûâr,20.45,16.52,sehir,1281,1281-epok,,tubu-tibesti,,,,
Ounianga,19.07,20.51,sehir,1635,>1281,1635-01-01,vaday,,,,
Aravan,18.9,-3.53,sehir,1600,>1281,1600-01-01,berabis,,,,
Râşid (Tagant),18.83,-11.6,sehir,1640,>1281,1640-01-01,moritanya-emirlikleri,,,,
Arlit,18.74,7.39,sehir,1405,>1281,1405-01-01,tuareg-air,,,,
Tişît (Tichitt),18.45,-9.51,sehir,1640,>1281,1640-01-01,moritanya-emirlikleri,,,,
Kidal,18.44,1.41,sehir,1281,1281-epok,,tuareg-adag,,,,
Fachi,18.11,11.56,sehir,1405,>1281,1405-01-01,tuareg-air,,,,
Faya-Largeau,17.92,19.1,sehir,1281,1281-epok,,kanem-tubu,,,,
Butilimit,17.55,-14.7,sehir,1640,>1281,1640-01-01,moritanya-emirlikleri,,,,
Fada (Ennedi),17.18,21.58,sehir,1635,>1281,1635-01-01,vaday,,,,
In Gall,16.79,6.93,sehir,1405,>1281,1405-01-01,tuareg-air,,,,
Podor,16.65,-14.96,sehir,1776,>1281,1776-01-01,futa-toro,,,,
Kiffa,16.62,-11.4,sehir,1640,>1281,1640-01-01,moritanya-emirlikleri,,,,
Nema (Néma),16.62,-7.26,sehir,1640,>1281,1640-01-01,moritanya-emirlikleri,,,,
Nder (Valo),16.2,-15.85,sehir,1287,>1281,1287-01-01,valo,,,,
Kaedi,16.15,-13.5,sehir,1776,>1281,1776-01-01,futa-toro,,,,
Saint-Louis (Ndar),16.03,-16.51,sehir,1659,>1281,1659-01-01,fransa,,,,
Menaka,15.92,2.4,sehir,1281,1281-epok,,tuareg-ivellemmedan,,,,
Linguère (Colof),15.4,-15.12,sehir,1350,>1281,1350-01-01,colof,,,,
Nioro (Kaarta),15.23,-9.59,sehir,1650,>1281,1650-01-01,bambara,,,,
Mbul (Kayor),15.16,-16.38,sehir,1549,>1281,1549-01-01,kayor,,,,
Iriba,15.13,22.25,sehir,1635,>1281,1635-01-01,vaday,,,,
Bakel,14.9,-12.46,sehir,1818,>1281,1818-01-01,fransa-cumhuriyet,,,,
Tahoua,14.89,5.27,sehir,1281,1281-epok,,adar,,,,
Rufisque,14.72,-17.27,sehir,1549,>1281,1549-01-01,kayor,,,,
Dakar,14.69,-17.45,sehir,1857,>1281,1857-05-25,fransa-cumhuriyet,,,,
Gore (Gorée),14.675,-17.4273,sehir,1444,>1281,1444-01-01,portekiz,,,,
Biltine,14.53,20.92,sehir,1635,>1281,1635-01-01,vaday,,,,
Mopti,14.49,-4.19,sehir,1650,>1281,1650-01-01,bambara,,,,
Kayes,14.45,-11.44,sehir,1650,>1281,1650-01-01,bambara,,,,
Filingue,14.35,3.32,sehir,1281,1281-epok,,adar,,,,
Bulebane (Bundu),14.32,-12.7,sehir,1690,>1281,1690-01-01,bundu,,,,
Diahav (Sine),14.3,-16.3,sehir,1350,>1281,1350-01-01,sine-salum,,,,
Nguigmi,14.25,13.11,sehir,1281,1281-epok,,kanem-tubu,,,,
Tillaberi,14.21,1.45,sehir,1281,1281-epok,,zerma,,,,
Hamdullahi,14.15,-4.15,sehir,1820,>1281,1820-01-01,massina,,,,
Madaoua,14.08,5.96,sehir,1281,1281-epok,,adar,,,,
Vara (Wara),14.05,21.0,sehir,1635,>1281,1635-01-01,vaday,,,,
Dori,14.03,-0.03,sehir,1810,>1281,1810-01-01,liptako,,,,
Tera,14.01,0.75,sehir,1281,1281-epok,,zerma,,,,
Goure,13.98,10.27,sehir,1731,>1281,1731-01-01,damagaram,,,,
Kahone (Salum),13.92,-16.18,sehir,1350,>1281,1350-01-01,sine-salum,,,,
Abeşe (Abéché),13.83,20.83,sehir,1635,>1281,1635-01-01,vaday,,,,
Birni-N'Konni,13.8,5.25,sehir,1281,1281-epok,,adar,,,,
Vahiguya (Yatenga),13.58,-2.42,sehir,1540,>1281,1540-01-01,yatenga,,,,
Bathurst (Banjul),13.4478,-16.5872,sehir,1816,>1281,1816-04-23,ingiltere,,,,
Albreda-Cufure,13.3385,-16.3598,sehir,1281,1281-epok,,gambiya-mandinka,,,,
Ati,13.22,18.34,sehir,1281,1281-epok,,kanem-tubu,,,,
Say,13.1,2.37,sehir,1281,1281-epok,,zerma,,,,
Kita,13.04,-9.49,sehir,1881,>1281,1881-01-01,fransa-cumhuriyet,,,,
Bamako,12.65,-8.0,sehir,1650,>1281,1650-01-01,bambara,,,,
Vagadugu (Ouagadougou),12.37,-1.53,sehir,1281,1281-epok,,mossi-vagadugu,,,,
Kaşev (Cacheu),12.27,-16.17,sehir,1588,>1281,1588-01-01,portekiz,,,,
Mongo,12.18,18.7,sehir,1522,>1281,1522-01-01,bagirmi,,,,
Fada Ngurma (Gurma),12.06,0.36,sehir,1281,1281-epok,,gurma,,,,
Kangaba,11.94,-8.42,sehir,1650,>1281,1650-01-01,bambara,,,,
Bissav (Bissau),11.86,-15.6,sehir,1687,>1281,1687-01-01,portekiz,,,,
Tenkodogo,11.78,-0.37,sehir,1281,1281-epok,,mossi-vagadugu,,,,
Massenya,11.4,16.17,sehir,1522,>1281,1522-01-01,bagirmi,,,,
Labe,11.32,-12.28,sehir,1747,>1281,1747-01-01,futa-callon,,,,
Sikasso (Kenedugu),11.32,-5.67,sehir,1650,>1281,1650-01-01,kenedugu,,,,
Bobo-Diulasso,11.18,-4.3,sehir,1281,1281-epok,,mossi-vagadugu,,,,
Am Timan,11.03,20.28,sehir,1522,>1281,1522-01-01,bagirmi,,,,
Timbo,10.65,-11.85,sehir,1747,>1281,1747-01-01,futa-callon,,,,
Marua (Maroua),10.59,14.32,sehir,1809,>1281,1809-01-01,adamava,,,,
Kankan,10.39,-9.31,sehir,1650,>1281,1650-01-01,bate,,,,
Bauci (Bauchi),10.31,9.84,sehir,1809,>1281,1809-01-01,sokoto,,,,
Birao,10.28,22.79,sehir,1890,>1281,1890-01-01,darul-kuti,,,,
Busa (Borgu),10.2,4.5,sehir,1281,1281-epok,,borgu,,,,
Bisandugu,10.03,-9.1,sehir,1878,>1281,1878-01-01,vasulu,,,,
Nikki (Borgu),9.94,3.21,sehir,1281,1281-epok,,borgu,,,,
Cos (Jos),9.9,8.86,sehir,1281,1281-epok,,birom-plato,,,,
Falaba,9.85,-11.3,sehir,1720,>1281,1720-01-01,solima-yalunka,,,,
Konakri (Conakry),9.5111,-13.7109,sehir,1885,>1281,1885-01-01,fransa-cumhuriyet,,,,
Odienne,9.51,-7.57,sehir,1878,>1281,1878-01-01,vasulu,,,,
Yendi (Dagbon),9.44,-0.01,sehir,1281,1281-epok,,__BOSLUK__,,,,
Garua (Garoua),9.3,13.4,sehir,1809,>1281,1809-01-01,adamava,,,,
Buna (Bouna),9.27,-3.0,sehir,1690,>1281,1690-01-01,buna,,,,
Yola,9.2,12.48,sehir,1841,>1281,1841-01-01,sokoto,,,,
Kong,9.15,-4.61,sehir,1710,>1281,1710-01-01,kong-vattara,,,,
Sarh (Fort-Archambault),9.15,18.39,sehir,1899,>1281,1899-01-01,fransa-cumhuriyet,,,,
Bida (Nupe),9.08,6.01,sehir,1859,>1281,1859-01-01,sokoto,,,,
Bole,9.03,-2.48,sehir,1550,>1281,1550-01-01,gonja,,,,
Uanda-Calle,8.9,22.78,sehir,1890,>1281,1890-01-01,darul-kuti,,,,
Beyla,8.69,-8.64,sehir,1878,>1281,1878-01-01,vasulu,,,,
Rey Buba,8.67,14.18,sehir,1809,>1281,1809-01-01,adamava,,,,
Mundu (Moundou),8.57,16.08,sehir,1923,>1281,1923-01-01,fransa-cumhuriyet,,,,
Salaga (Gonja),8.55,-0.52,sehir,1550,>1281,1550-01-01,gonja,,,,
İlorin,8.5,4.55,sehir,1817,>1281,1817-01-01,sokoto,,,,
Freetown,8.48,-13.23,sehir,1792,>1281,1792-03-11,ingiltere,,,,
Ndele (Dâru'l-Kûtî),8.41,20.65,sehir,1890,>1281,1890-01-01,darul-kuti,,,,
Bondugu (Gyaaman),8.04,-2.8,sehir,1690,>1281,1690-01-01,gyaaman,,,,
Seguela,7.96,-6.67,sehir,1878,>1281,1878-01-01,vasulu,,,,
Vukari (Wukari),7.87,9.78,sehir,1281,1281-epok,,jukun-kvararafa,,,,
Lokoca (Lokoja),7.8,6.74,sehir,1281,1281-epok,,jukun-kvararafa,,,,
Nzerekore,7.76,-8.82,sehir,1281,1281-epok,,dan-guro,,,,
Begho (Bighu),7.75,-2.35,sehir,1550,>1281,1550-01-01,gonja,,,,
Makurdi,7.73,8.54,sehir,1281,1281-epok,,tiv,,,,
Buake (Bouaké),7.69,-5.03,sehir,1281,1281-epok,,dan-guro,,,,
Man,7.41,-7.55,sehir,1281,1281-epok,,dan-guro,,,,
İbadan,7.38,3.9,sehir,1829,>1281,1829-01-01,ibadan,,,,
Ngaunder (Ngaoundéré),7.32,13.58,sehir,1809,>1281,1809-01-01,adamava,,,,
Batangafo,7.3,18.28,sehir,1281,1281-epok,,banda-gbaya,,,,
Gbarnga,7.0,-9.49,sehir,1822,>1281,1822-04-25,liberya,,,,
Kaga-Bandoro,6.98,19.19,sehir,1281,1281-epok,,banda-gbaya,,,,
Notse,6.95,1.17,sehir,1281,1281-epok,,eve-notse,,,,
Daloa,6.88,-6.45,sehir,1281,1281-epok,,dan-guro,,,,
Banyo,6.75,11.82,sehir,1809,>1281,1809-01-01,adamava,,,,
Bria,6.54,21.99,sehir,1281,1281-epok,,banda-gbaya,,,,
Bossangoa,6.49,17.45,sehir,1281,1281-epok,,banda-gbaya,,,,
Tibati,6.47,12.63,sehir,1809,>1281,1809-01-01,adamava,,,,
Lagos (Eko),6.45,3.4,sehir,1281,1281-epok,,benin-kralligi,,,,
Monrovia,6.3024,-10.7978,sehir,1822,>1281,1822-04-25,liberya,,,,
Onitsha,6.15,6.79,sehir,1281,1281-epok,,benin-kralligi,,,,
Zwedru,6.07,-8.13,sehir,1822,>1281,1822-04-25,liberya,,,,
Buar (Bouar),5.94,15.6,sehir,1281,1281-epok,,banda-gbaya,,,,
Bambari,5.77,20.68,sehir,1281,1281-epok,,banda-gbaya,,,,
Fumban (Bamum),5.73,10.9,sehir,1394,>1281,1394-01-01,bamum,,,,
Akra (Accra),5.55,-0.2,sehir,1650,>1281,1650-01-01,hollanda,,,,
Obo,5.4,26.49,sehir,1750,>1281,1750-01-01,zende,,,,
Aroçukvu,5.38,7.35,sehir,1690,>1281,1690-01-01,aro-konfederasyonu,,,,
Assinie,5.128,-3.273,sehir,1687,>1281,1687-01-01,fransa,,,,
Cape Coast,5.11,-1.25,sehir,1653,>1281,1653-01-01,hollanda,,,,
Zemio,5.03,25.14,sehir,1750,>1281,1750-01-01,zende,,,,
Eski Kalabar,4.96,8.32,sehir,1281,1281-epok,,nijer-deltasi,,,,
Sassandra,4.95,-6.08,sehir,1281,1281-epok,,dan-guro,,,,
Rafai,4.95,23.92,sehir,1750,>1281,1750-01-01,zende,,,,
Bangassu,4.74,22.82,sehir,1750,>1281,1750-01-01,zende,,,,
Bertua (Bertoua),4.58,13.68,sehir,1905,>1281,1905-01-01,almanya,,,,
Grand Cess (Kru),4.57,-8.21,sehir,1281,1281-epok,,kru-grebo,,,,
Bonny,4.43,7.17,sehir,1281,1281-epok,,nijer-deltasi,,,,
Harper,4.38,-7.72,sehir,1822,>1281,1822-04-25,liberya,,,,
Bangi (Bangui),4.37,18.56,sehir,1889,>1281,1889-06-26,fransa-cumhuriyet,,,,
Duala,4.05,9.7,sehir,1868,>1281,1868-01-01,hollanda,,,,
Yaunde,3.87,11.52,sehir,1888,>1281,1888-11-30,almanya,,,,
Niangara (Mangbetu),3.69,27.87,sehir,1815,>1281,1815-01-01,mangbetu,,,,
Yokadouma,3.52,15.05,sehir,1905,>1281,1905-01-01,almanya,,,,
Businga,3.34,20.88,sehir,1900,>1281,1900-01-01,belcika,,,,
Gemena,3.25,19.77,sehir,1900,>1281,1900-01-01,belcika,,,,
Lodvar,3.12,35.6,sehir,1912,>1281,1912-01-01,ingiltere,,,,
Watsa,3.04,29.53,sehir,1892,>1281,1892-01-01,belcika,,,,
Kribi,2.94,9.91,sehir,1884,>1281,1884-07-14,almanya,,,,
Buta,2.79,24.74,sehir,1890,>1281,1890-01-01,belcika,,,,
Isiro,2.77,27.62,sehir,1892,>1281,1892-01-01,belcika,,,,
Gulu,2.77,32.3,sehir,1911,>1281,1911-01-01,ingiltere,,,,
Aketi,2.74,23.78,sehir,1890,>1281,1890-01-01,belcika,,,,
Moroto,2.53,34.66,sehir,1911,>1281,1911-01-01,ingiltere,,,,
Marsabit,2.33,37.99,sehir,1281,1281-epok,,kenya-kuzey-halklari,,,,
Lira,2.23,32.9,sehir,1911,>1281,1911-01-01,ingiltere,,,,
Bumba,2.19,22.47,sehir,1890,>1281,1890-01-01,belcika,,,,
Lisala,2.15,21.51,sehir,1890,>1281,1890-01-01,belcika,,,,
Suanke,2.07,14.13,sehir,1900,>1281,1900-01-01,fransa-cumhuriyet,,,,
Moloundou,2.03,15.2,sehir,1900,>1281,1900-01-01,fransa-cumhuriyet,,,,
Vacir (Wajir),1.75,40.06,sehir,1281,1281-epok,,kenya-kuzey-halklari,,,,
Masindi,1.68,31.72,sehir,1281,1281-epok,,__BOSLUK__,,,,
İmpfondo,1.62,18.06,sehir,1281,1281-epok,,tio,,,,
Ouesso,1.61,16.05,sehir,1281,1281-epok,,tio,,,,
Bunia,1.56,30.25,sehir,1900,>1281,1900-01-01,belcika,,,,
Hoima (Bunyoro),1.43,31.35,sehir,1281,1281-epok,,__BOSLUK__,,,,
Epena,1.36,17.47,sehir,1900,>1281,1900-01-01,fransa-cumhuriyet,,,,
Basankusu,1.22,19.8,sehir,1885,>1281,1885-01-01,belcika,,,,
Kitale,1.02,35.0,sehir,1908,>1281,1908-01-01,ingiltere,,,,
Fort Portal (Toro),0.66,30.28,sehir,1830,>1281,1830-01-01,toro,,,,
Makoku (Makokou),0.57,12.87,sehir,1900,>1281,1900-01-01,fransa-cumhuriyet,,,,
Cinca (Jinja),0.4284,33.2002,sehir,1901,>1281,1901-01-01,ingiltere,,,,
Librevil (Libreville),0.39,9.45,sehir,1849,>1281,1849-08-17,fransa-cumhuriyet,,,,
İsiolo,0.35,37.58,sehir,1281,1281-epok,,kenya-kuzey-halklari,,,,
Butembo,0.14,29.29,sehir,1900,>1281,1900-01-01,belcika,,,,
Mbandaka,0.05,18.26,sehir,1883,>1281,1883-06-17,belcika,,,,
Kisumu,-0.09,34.77,sehir,1901,>1281,1901-12-20,ingiltere,,,,
Boende,-0.28,20.88,sehir,1900,>1281,1900-01-01,belcika,,,,
Nakuru,-0.3,36.08,sehir,1904,>1281,1904-01-01,ingiltere,,,,
Garissa,-0.45,39.66,sehir,1281,1281-epok,,kenya-kuzey-halklari,,,,
Ovando,-0.48,15.9,sehir,1900,>1281,1900-01-01,fransa-cumhuriyet,,,,
Djolu,-0.57,22.45,sehir,1900,>1281,1900-01-01,belcika,,,,
Mbarara (Nkore),-0.61,30.66,sehir,1450,>1281,1450-01-01,nkore,,,,
Lambarene,-0.7,10.23,sehir,1874,>1281,1874-01-01,fransa-cumhuriyet,,,,
Lubutu,-0.73,26.58,sehir,1900,>1281,1900-01-01,belcika,,,,
Ikela,-1.18,23.27,sehir,1900,>1281,1900-01-01,belcika,,,,
Nairobi,-1.29,36.82,sehir,1899,>1281,1899-01-01,ingiltere,,,,
Bveranyange (Karagve),-1.3,31.1,sehir,1450,>1281,1450-01-01,karagve,,,,
Bukoba,-1.33,31.81,sehir,1890,>1281,1890-01-01,almanya,,,,
Kitui,-1.37,38.01,sehir,1281,1281-epok,,kamba,,,,
Valikale,-1.42,28.05,sehir,1900,>1281,1900-01-01,belcika,,,,
Maçakos,-1.52,37.26,sehir,1889,>1281,1889-01-01,ingiltere,,,,
Monkoto,-1.6,20.68,sehir,1900,>1281,1900-01-01,belcika,,,,
Fransvil (Franceville),-1.63,13.58,sehir,1880,>1281,1880-06-13,fransa-cumhuriyet,,,,
Muila (Mouila),-1.87,11.06,sehir,1899,>1281,1899-01-01,fransa-cumhuriyet,,,,
Kigali,-1.95,30.06,sehir,1907,>1281,1907-01-01,almanya,,,,
Nyanza (Ruanda),-2.35,29.75,sehir,1300,>1281,1300-01-01,ruanda,,,,
Bukavu,-2.51,28.86,sehir,1900,>1281,1900-01-01,belcika,,,,
Mvanza,-2.52,32.9,sehir,1892,>1281,1892-01-01,almanya,,,,
Cambala (Djambala),-2.54,14.75,sehir,1900,>1281,1900-01-01,fransa-cumhuriyet,,,,
Cibanga,-2.93,10.99,sehir,1899,>1281,1899-01-01,fransa-cumhuriyet,,,,
Kindu,-2.95,25.92,sehir,1893,>1281,1893-01-01,belcika,,,,
Bandundu,-3.31,17.38,sehir,1885,>1281,1885-01-01,belcika,,,,
Mosi (Moshi),-3.35,37.34,sehir,1893,>1281,1893-01-01,almanya,,,,
Arusa (Arusha),-3.37,36.68,sehir,1900,>1281,1900-01-01,almanya,,,,
Bucumbura,-3.38,29.36,sehir,1897,>1281,1897-01-01,almanya,,,,
Uvira,-3.4,29.14,sehir,1892,>1281,1892-01-01,belcika,,,,
Gitega (Burundi),-3.43,29.92,sehir,1680,>1281,1680-01-01,burundi,,,,
Sibiti,-3.68,13.35,sehir,1900,>1281,1900-01-01,fransa-cumhuriyet,,,,
Nyangve (Nyangwe),-4.21,26.18,sehir,1860,>1281,1860-01-01,umman-zengibar,,,,
Babati,-4.22,35.75,sehir,1900,>1281,1900-01-01,almanya,,,,
İlebo,-4.33,20.58,sehir,1888,>1281,1888-01-01,belcika,,,,
Kasongo,-4.43,26.66,sehir,1860,>1281,1860-01-01,umman-zengibar,,,,
Puent-Nuar,-4.79,11.86,sehir,1883,>1281,1883-01-01,fransa-cumhuriyet,,,,
Singida,-4.82,34.75,sehir,1900,>1281,1900-01-01,almanya,,,,
Ucici (Ujiji),-4.92,29.68,sehir,1830,>1281,1830-01-01,umman-zengibar,,,,
Lusambo,-4.97,23.44,sehir,1890,>1281,1890-01-01,belcika,,,,
Tabora (Kazeh),-5.02,32.8,sehir,1852,>1281,1852-01-01,umman-zengibar,,,,
Kikwit,-5.04,18.82,sehir,1896,>1281,1896-01-01,belcika,,,,
Luebo,-5.35,21.42,sehir,1885,>1281,1885-01-01,belcika,,,,
Pangani,-5.4296,38.9781,sehir,1281,1281-epok,,svahili-sehirleri,,,,
Kalemie,-5.9509,29.1824,sehir,1892,>1281,1892-01-01,belcika,,,,
Kabalo,-6.05,26.92,sehir,1900,>1281,1900-01-01,belcika,,,,
Fesi (Feshi),-6.11,18.17,sehir,1665,>1281,1665-01-01,lunda-imparatorlugu,,,,
Kabinda,-6.13,24.48,sehir,1890,>1281,1890-01-01,belcika,,,,
Dodoma,-6.17,35.75,sehir,1907,>1281,1907-01-01,almanya,,,,
Mpvapva,-6.35,36.49,sehir,1281,1281-epok,,nyamvezi,,,,
Morogoro,-6.82,37.66,sehir,1281,1281-epok,,nyamvezi,,,,
Kilosa,-6.83,36.99,sehir,1281,1281-epok,,nyamvezi,,,,
Kahemba,-7.28,18.99,sehir,1665,>1281,1665-01-01,lunda-imparatorlugu,,,,
Dundo,-7.37,20.83,sehir,1665,>1281,1665-01-01,lunda-imparatorlugu,,,,
Uije (Uíge),-7.61,15.06,sehir,1390,>1281,1390-01-01,kongo-kralligi,,,,
Kalenga (Hehe),-7.79,35.62,sehir,1850,>1281,1850-01-01,hehe,,,,
Sumbavanga,-7.97,31.62,sehir,1281,1281-epok,,fipa-nyakyusa,,,,
Kamina,-8.74,25.0,sehir,1900,>1281,1900-01-01,belcika,,,,
Kilva Kivince,-8.75,39.41,sehir,1800,>1281,1800-01-01,umman-zengibar,,,,
Mbeya,-8.9,33.46,sehir,1281,1281-epok,,fipa-nyakyusa,,,,
Matamba,-9.3,16.0,sehir,1281,1281-epok,,matamba,,,,
Njombe,-9.34,34.77,sehir,1835,>1281,1835-01-01,ngoni,,,,
Kasance (Kasanje),-9.36,18.14,sehir,1620,>1281,1620-01-01,kasance,,,,
Massangano,-9.54,14.2,sehir,1583,>1281,1583-01-01,portekiz,,,,
Malanje,-9.54,16.34,sehir,1700,>1281,1700-01-01,ovimbundu,,,,
Saurimo,-9.66,20.39,sehir,1665,>1281,1665-01-01,lunda-imparatorlugu,,,,
Sandoa,-9.66,22.87,sehir,1665,>1281,1665-01-01,lunda-imparatorlugu,,,,
Pungo Andongo,-9.67,15.57,sehir,1671,>1281,1671-01-01,portekiz,,,,
Kambambe (Cambambe),-9.75,14.48,sehir,1604,>1281,1604-01-01,portekiz,,,,
Mvansabombve (Kazembe),-9.85,28.75,sehir,1740,>1281,1740-01-01,kazembe,,,,
Karonga,-9.93,33.93,sehir,1880,>1281,1880-01-01,umman-zengibar,,,,
Mbande (Ngonde),-9.98,33.85,sehir,1600,>1281,1600-01-01,ngonde,,,,
Lindi,-10.0,39.72,sehir,1281,1281-epok,,svahili-sehirleri,,,,
Kasama (Bemba),-10.21,31.18,sehir,1700,>1281,1700-01-01,bemba,,,,
Mikindani,-10.28,40.12,sehir,1281,1281-epok,,svahili-sehirleri,,,,
Bunkeya (Yeke),-10.41,26.94,sehir,1856,>1281,1856-01-01,yeke,,,,
Songea (Ngoni),-10.68,35.65,sehir,1835,>1281,1835-01-01,ngoni,,,,
Kolvezi,-10.72,25.47,sehir,1900,>1281,1900-01-01,belcika,,,,
Masasi,-10.72,38.8,sehir,1800,>1281,1800-01-01,yao,,,,
Tunduru,-11.11,37.36,sehir,1800,>1281,1800-01-01,yao,,,,
Mosimboa,-11.35,40.35,sehir,1900,>1281,1900-01-01,portekiz,,,,
Luena (Moxico),-11.78,19.92,sehir,1700,>1281,1700-01-01,ovimbundu,,,,
Mpika,-11.83,31.45,sehir,1700,>1281,1700-01-01,bemba,,,,
Kazombo,-11.9,22.92,sehir,1700,>1281,1700-01-01,ovimbundu,,,,
Solwezi,-12.17,26.38,sehir,1700,>1281,1700-01-01,bemba,,,,
Bailundo,-12.19,15.83,sehir,1700,>1281,1700-01-01,ovimbundu,,,,
Antseranana,-12.28,49.29,sehir,1885,>1281,1885-12-17,fransa-cumhuriyet,,,,
İbo (Kerimba),-12.3875,40.5607,sehir,1600,>1281,1600-01-01,portekiz,,,,
Kuito (Bié),-12.38,16.94,sehir,1700,>1281,1700-01-01,ovimbundu,,,,
Benguela,-12.58,13.41,sehir,1617,>1281,1617-05-17,portekiz,,,,
Huambo (Wambu),-12.78,15.74,sehir,1700,>1281,1700-01-01,ovimbundu,,,,
Mvembe (Mataka),-12.9,36.0,sehir,1800,>1281,1800-01-01,yao,,,,
Nkhotakota (Cumbe),-12.93,34.3,sehir,1840,>1281,1840-01-01,umman-zengibar,,,,
Ndola,-12.97,28.64,sehir,1700,>1281,1700-01-01,bemba,,,,
Montepuez,-13.13,39.0,sehir,1900,>1281,1900-01-01,portekiz,,,,
Serence (Serenje),-13.24,30.24,sehir,1700,>1281,1700-01-01,bemba,,,,
Licinga,-13.31,35.24,sehir,1900,>1281,1900-01-01,portekiz,,,,
Kasempa,-13.46,25.83,sehir,1281,1281-epok,,kaonde-ila,,,,
Zambezi (Balovale),-13.55,23.1,sehir,1600,>1281,1600-01-01,lozi,,,,
Kabompo,-13.6,24.2,sehir,1600,>1281,1600-01-01,lozi,,,,
Çipata (Fort Jameson),-13.64,32.65,sehir,1899,>1281,1899-01-01,ingiltere,,,,
Kangamba,-13.7,19.87,sehir,1700,>1281,1700-01-01,ovimbundu,,,,
Kakonda (Caconda),-13.73,15.07,sehir,1682,>1281,1682-01-01,portekiz,,,,
Sambava,-14.27,50.17,sehir,1712,>1281,1712-01-01,betsimisaraka,,,,
Mankhamba (Maravi),-14.28,34.52,sehir,1480,>1281,1480-01-01,maravi,,,,
Mangoçi,-14.48,35.26,sehir,1891,>1281,1891-01-01,ingiltere,,,,
Menongue,-14.66,17.69,sehir,1700,>1281,1700-01-01,ovimbundu,,,,
Kaoma (Mankoya),-14.8,24.8,sehir,1600,>1281,1600-01-01,lozi,,,,
Kuamba,-14.8,36.54,sehir,1900,>1281,1900-01-01,portekiz,,,,
Lubango,-14.92,13.49,sehir,1700,>1281,1700-01-01,ovimbundu,,,,
Kalabo,-14.97,22.68,sehir,1600,>1281,1600-01-01,lozi,,,,
Mumbva,-14.98,27.06,sehir,1281,1281-epok,,kaonde-ila,,,,
Kuito Kuanavale,-15.17,19.17,sehir,1700,>1281,1700-01-01,ovimbundu,,,,
Mosamedes (Namibe),-15.2,12.15,sehir,1840,>1281,1840-08-04,portekiz,,,,
Lealui (Lozi),-15.2,23.1,sehir,1600,>1281,1600-01-01,lozi,,,,
Zomba,-15.39,35.32,sehir,1891,>1281,1891-01-01,ingiltere,,,,
Maroantsetra,-15.43,49.74,sehir,1712,>1281,1712-01-01,betsimisaraka,,,,
Zumbo,-15.61,30.45,sehir,1720,>1281,1720-01-01,portekiz,,,,
Mahacanga (Majunga),-15.717,46.3199,sehir,1690,>1281,1690-01-01,sakalava-boina,,,,
Blantyre,-15.79,35.01,sehir,1876,>1281,1876-01-01,ingiltere,,,,
Mavinga,-15.83,20.36,sehir,1700,>1281,1700-01-01,ovimbundu,,,,
Senanga,-16.12,23.27,sehir,1600,>1281,1600-01-01,lozi,,,,
Tete,-16.16,33.59,sehir,1531,>1281,1531-01-01,portekiz,,,,
Besalampy,-16.75,44.48,sehir,1690,>1281,1690-01-01,sakalava-boina,,,,
Maevatanana,-16.95,46.83,sehir,1690,>1281,1690-01-01,sakalava-boina,,,,
Ondjiva (Ovambo),-17.07,15.71,sehir,1600,>1281,1600-01-01,ovambo,,,,
Sena,-17.45,35.03,sehir,1530,>1281,1530-01-01,portekiz,,,,
Seşeke (Sesheke),-17.48,24.3,sehir,1600,>1281,1600-01-01,lozi,,,,
Katima Mulilo,-17.5,24.27,sehir,1890,>1281,1890-07-01,almanya,,,,
Kuangar,-17.58,18.61,sehir,1700,>1281,1700-01-01,ovimbundu,,,,
Binga,-17.62,27.34,sehir,1900,>1281,1900-01-01,ingiltere,,,,
Salisbury (Harare),-17.83,31.05,sehir,1890,>1281,1890-09-12,ingiltere,,,,
Livingstone,-17.85,25.86,sehir,1905,>1281,1905-01-01,ingiltere,,,,
Ondangva (Ondonga),-17.92,15.95,sehir,1600,>1281,1600-01-01,ovambo,,,,
Rundu,-17.93,19.77,sehir,1900,>1281,1900-01-01,almanya,,,,
Maintirano,-18.06,44.03,sehir,1600,>1281,1600-01-01,sakalava-menabe,,,,
Toamasina (Tamatave),-18.15,49.4,sehir,1281,1281-epok,,__BOSLUK__,,,,
Hvange,-18.37,26.5,sehir,1903,>1281,1903-01-01,ingiltere,,,,
Ambohimanga,-18.76,47.56,sehir,1281,1281-epok,,__BOSLUK__,,,,
Tsiroanomandidy,-18.77,46.05,sehir,1281,1281-epok,,__BOSLUK__,,,,
Umtali (Mutare),-18.97,32.67,sehir,1281,1281-epok,,manica,,,,
Tsumeb,-19.24,17.71,sehir,1900,>1281,1900-01-01,almanya,,,,
Gveru,-19.45,29.82,sehir,1894,>1281,1894-01-01,ingiltere,,,,
Grutfontein,-19.57,18.11,sehir,1893,>1281,1893-01-01,almanya,,,,
Danangombe (Rozvi),-19.6,29.3,sehir,1684,>1281,1684-01-01,rozvi,,,,
Antsirabe,-19.87,47.03,sehir,1872,>1281,1872-01-01,merina,,,,
Maun (Tavana),-19.99,23.42,sehir,1700,>1281,1700-01-01,tsvana,,,,
Outjo,-20.11,16.15,sehir,1895,>1281,1895-01-01,almanya,,,,
Khami,-20.15,28.38,sehir,1450,>1281,1450-01-01,torva,,,,
Bulavayo,-20.15,28.58,sehir,1840,>1281,1840-01-01,matabele,,,,
Toteng,-20.35,22.97,sehir,1700,>1281,1700-01-01,tsvana,,,,
Mahabo (Menabe),-20.38,44.67,sehir,1600,>1281,1600-01-01,sakalava-menabe,,,,
Ambositra,-20.53,47.25,sehir,1281,1281-epok,,betsileo,,,,
Gvanda,-20.94,29.0,sehir,1900,>1281,1900-01-01,ingiltere,,,,
Mananjary,-21.23,48.34,sehir,1500,>1281,1500-01-01,antemoro,,,,
Fianarantsoa,-21.45,47.09,sehir,1830,>1281,1830-01-01,merina,,,,
Massangena,-21.54,32.96,sehir,1895,>1281,1895-01-01,portekiz,,,,
Ganzi (Ghanzi),-21.7,21.65,sehir,1700,>1281,1700-01-01,tsvana,,,,
Okahandja,-21.98,16.91,sehir,1281,1281-epok,,herero,,,,
Cikualakuala,-22.09,31.68,sehir,1895,>1281,1895-01-01,portekiz,,,,
Otjimbingve,-22.35,16.13,sehir,1281,1281-epok,,herero,,,,
Vohipeno (Antemoro),-22.36,47.83,sehir,1500,>1281,1500-01-01,antemoro,,,,
Serove (Serowe),-22.39,26.71,sehir,1700,>1281,1700-01-01,tsvana,,,,
İhosy (Bara),-22.4,46.12,sehir,1281,1281-epok,,antandroy,,,,
Gobabis,-22.45,18.97,sehir,1856,>1281,1856-01-01,hollanda,,,,
Palapye,-22.55,27.13,sehir,1700,>1281,1700-01-01,tsvana,,,,
Vindhuk (Windhoek),-22.57,17.08,sehir,1890,>1281,1890-10-18,almanya,,,,
Valvis Körfezi,-22.96,14.51,sehir,1793,>1281,1793-01-01,hollanda,,,,
Dzata (Venda),-22.96,30.15,sehir,1700,>1281,1700-01-01,venda,,,,
Şoşong (Shoshong),-23.03,26.5,sehir,1700,>1281,1700-01-01,tsvana,,,,
Luis Trichardt,-23.05,29.9,sehir,1700,>1281,1700-01-01,venda,,,,
Rehoboth,-23.32,17.08,sehir,1281,1281-epok,,nama-orlam,,,,
Toliara (Tuléar),-23.35,43.67,sehir,1600,>1281,1600-01-01,sakalava-menabe,,,,
Mabalane,-23.42,32.55,sehir,1895,>1281,1895-01-01,portekiz,,,,
Kang,-23.67,22.8,sehir,1700,>1281,1700-01-01,tsvana,,,,
İnhambane,-23.87,35.38,sehir,1534,>1281,1534-01-01,portekiz,,,,
Tshane,-24.02,21.87,sehir,1700,>1281,1700-01-01,tsvana,,,,
Aranos,-24.13,19.12,sehir,1900,>1281,1900-01-01,almanya,,,,
Molepolole (Kvena),-24.41,25.5,sehir,1700,>1281,1700-01-01,tsvana,,,,
Moçudi (Kgatla),-24.42,26.15,sehir,1700,>1281,1700-01-01,tsvana,,,,
Mariental,-24.63,17.97,sehir,1890,>1281,1890-01-01,almanya,,,,
Tjate (Pedi),-24.7,30.05,sehir,1650,>1281,1650-01-01,pedi,,,,
Kanye (Ngvaketse),-24.98,25.34,sehir,1700,>1281,1700-01-01,tsvana,,,,
Tolanaro (Fort Dauphin),-25.03,46.99,sehir,1643,>1281,1643-01-01,fransa,,,,
Ambovombe (Antandroy),-25.17,46.09,sehir,1281,1281-epok,,antandroy,,,,
Mafikeng,-25.86,25.64,sehir,1885,>1281,1885-01-01,ingiltere,,,,
Lourenço Marques,-25.9693,32.58,sehir,1781,>1281,1781-01-01,portekiz,,,,
Tsabong,-26.02,22.4,sehir,1700,>1281,1700-01-01,tsvana,,,,
Lobamba (Svazi),-26.45,31.2,sehir,1815,>1281,1815-01-01,svazi,,,,
Bethanie,-26.49,17.15,sehir,1281,1281-epok,,nama-orlam,,,,
Keetmanshoop,-26.58,18.13,sehir,1866,>1281,1866-01-01,hollanda,,,,
Lüderitz,-26.65,15.16,sehir,1883,>1281,1883-05-01,almanya,,,,
Potchefstroom,-26.72,27.1,sehir,1838,>1281,1838-11-01,ingiltere,,,,
Vryburg,-26.95,24.73,sehir,1882,>1281,1882-08-06,ingiltere,,,,
Kuruman,-27.45,23.43,sehir,1700,>1281,1700-01-01,tsvana,,,,
Nevkasl (Newcastle),-27.76,29.93,sehir,1864,>1281,1864-01-01,ingiltere,,,,
Postmasburg,-28.33,23.07,sehir,1892,>1281,1892-01-01,ingiltere,,,,
Umgungundlovu,-28.42,31.28,sehir,1829,>1281,1829-01-01,zulu-kralligi,,,,
Varmbad (Warmbad),-28.45,18.74,sehir,1281,1281-epok,,nama-orlam,,,,
Upington,-28.45,21.24,sehir,1884,>1281,1884-01-01,ingiltere,,,,
Kimberley,-28.74,24.77,sehir,1871,>1281,1871-07-16,ingiltere,,,,
Griquatown,-28.85,23.26,sehir,1804,>1281,1804-01-01,griqua,,,,
Pofadder,-29.13,19.4,sehir,1875,>1281,1875-01-01,ingiltere,,,,
Maseru,-29.31,27.48,sehir,1822,>1281,1822-01-01,basuto,,,,
Kenhardt,-29.35,21.15,sehir,1868,>1281,1868-01-01,ingiltere,,,,
Thaba Bosiu,-29.35,27.75,sehir,1822,>1281,1822-01-01,basuto,,,,
Pietermaritzburg,-29.6,30.38,sehir,1838,>1281,1838-10-01,ingiltere,,,,
Springbok,-29.66,17.89,sehir,1852,>1281,1852-01-01,ingiltere,,,,
Prieska,-29.67,22.75,sehir,1878,>1281,1878-01-01,ingiltere,,,,
Durban,-29.86,31.02,sehir,1824,>1281,1824-06-01,ingiltere,,,,
Philippolis,-30.27,25.28,sehir,1804,>1281,1804-01-01,griqua,,,,
Kokstad,-30.55,29.42,sehir,1863,>1281,1863-01-01,ingiltere,,,,
Colesberg,-30.72,25.1,sehir,1830,>1281,1830-01-01,ingiltere,,,,
Kalvinia,-31.47,19.78,sehir,1847,>1281,1847-01-01,ingiltere,,,,
Umtata,-31.59,28.79,sehir,1882,>1281,1882-01-01,ingiltere,,,,
Graaff-Reinet,-32.25,24.53,sehir,1786,>1281,1786-01-01,hollanda,,,,
Gcuva (Butterworth),-32.33,28.15,sehir,1281,1281-epok,,xhosa,,,,
Beaufort West,-32.35,22.58,sehir,1818,>1281,1818-01-01,ingiltere,,,,
King William's Town,-32.88,27.4,sehir,1835,>1281,1835-05-24,ingiltere,,,,
East London,-33.0177,27.9088,sehir,1847,>1281,1847-01-01,ingiltere,,,,
Grahamstown,-33.3,26.53,sehir,1812,>1281,1812-08-14,ingiltere,,,,
Stellenbosch,-33.93,18.86,sehir,1679,>1281,1679-11-08,hollanda,,,,
Port Elizabeth,-33.96,25.6,sehir,1820,>1281,1820-06-01,ingiltere,,,,
Svellendam,-34.02,20.44,sehir,1745,>1281,1745-01-01,hollanda,,,,
Diamantina (Arraial do Tijuco),-18.2413,-43.6031,sehir,1734,>1281,1734-01-01,portekiz-brezilyasi,,,,
Serro (Vila do Príncipe),-18.6048,-43.3794,sehir,1714,>1281,1714-01-29,portekiz-brezilyasi,,,,
Rio de Contas (Minas do Rio de Contas),-13.5794,-41.8111,sehir,1723,>1281,1723-11-27,portekiz-brezilyasi,,,,
Caetité (Vila Nova do Príncipe),-14.0694,-42.4861,sehir,1754,>1281,1754-01-01,portekiz-brezilyasi,,,,
Pirenópolis (Meia Ponte),-15.8507,-48.9592,sehir,1754,>1281,1754-08-10,portekiz-brezilyasi,,,,
Casa Branca,-21.7742,-47.0858,sehir,1814,>1281,1814-10-25,portekiz-brezilyasi,,,,
Caxias do Sul (Colônia de Caxias),-29.1678,-51.1794,sehir,1875,>1281,1875-01-01,brezilya-imparatorlugu,,,,
Viana (Maranhão),-3.2204,-44.9918,sehir,1757,>1281,1757-07-08,portekiz-brezilyasi,,,,
Chaves (Marajó),-0.1644,-49.987,sehir,1758,>1281,1758-01-01,portekiz-brezilyasi,,,,
Oruro (Villa de San Felipe de Austria),-17.9667,-67.1167,sehir,1606,>1281,1606-01-01,ispanyol-peru,,,,
Cochabamba (Villa de Oropesa),-17.3895,-66.1568,sehir,1571,>1281,1571-08-15,ispanyol-peru,,,,
Barinas (Altamira de Cáceres),8.6226,-70.2075,sehir,1577,>1281,1577-06-30,ispanyol-peru,,,,
Guanare,9.0418,-69.7421,sehir,1591,>1281,1591-11-03,ispanyol-peru,,,,
Calabozo (Villa de Nuestra Señora de la Candelaria),8.9239,-67.4294,sehir,1724,>1281,1724-02-01,ispanyol-peru,,,,
San Ignacio Guazú,-26.8876,-57.0283,sehir,1609,>1281,1609-01-01,ispanya,,,,
Encarnación (Itapúa),-27.3306,-55.8667,sehir,1615,>1281,1615-03-25,ispanya,,,,
Junín (Fuerte Federación),-34.5856,-60.9589,sehir,1827,>1281,1827-12-27,arjantin-cumhuriyeti,,,,
Río Cuarto (Villa de la Concepción del Río Cuarto),-33.1232,-64.3493,sehir,1786,>1281,1786-11-11,ispanya,,,,
San Rafael (Fuerte San Rafael del Diamante),-34.6177,-68.3301,sehir,1805,>1281,1805-04-02,ispanya,,,,
Treinta y Tres,-33.2333,-54.3833,sehir,1853,>1281,1853-03-10,uruguay-cumhuriyeti,,,,
Minas (Villa de la Concepción de las Minas),-34.3759,-55.2377,sehir,1783,>1281,1783-01-01,ispanya,,,,
Columbia (Missouri),38.9517,-92.3341,sehir,1821,>1281,1821-04-07,abd,,,,
Morganton,35.7454,-81.6848,sehir,1784,>1281,1784-01-01,abd,,,,
Rawlins,41.7911,-107.2387,sehir,1868,>1281,1868-01-01,abd,,,,
Traverse City,44.7631,-85.6206,sehir,1847,>1281,1847-06-13,abd,,,,
Mergen (Nenjiang),49.18,125.22,kale,1686,>1281,1686-01-01,qing-hanedani,,,,
Sanxing (Yilan),46.32,129.57,kale,1714,>1281,1714-01-01,qing-hanedani,,,,
Barkol (Balikun / Zhenxi),43.6,93.02,kale,1715,>1281,1715-01-01,qing-hanedani,,,,
Qitai (Gucheng),44.01,89.56,sehir,1771,>1281,1771-01-01,qing-hanedani,,,,
Chifeng (Ulanhad),42.27,118.96,sehir,1738,>1281,1738-01-01,qing-hanedani,,,,
Raipur,21.25,81.63,sehir,1281,1281-epok,,__BOSLUK__,,,,
Ratanpur,22.29,82.17,sehir,1281,1281-epok,,__BOSLUK__,,,,
Sambalpur,21.47,83.97,sehir,1281,1281-epok,,__BOSLUK__,,,,
Dera Gazi Han,30.05,70.63,sehir,1500,>1281,1500-01-01,multan-langah,,,,
Dera İsmail Han,31.83,70.9,sehir,1739,>1281,1739-01-01,afsar,,,,
Bannu (Edwardesabad),32.99,70.6,sehir,1848,>1281,1848-01-01,sih-imparatorlugu,,,,
Vitim (Vitimskoye zimov'e / Vitimskiy ostrog),59.45,112.56,kale,1661,>1281,1661-01-01,rusya,,,,
İlimsk (Ilimskiy ostrog),56.77,103.87,kale,1630,>1281,1630-01-01,rusya,,,,
Hengyang (Hengzhou),26.89,112.57,sehir,1281,1281-epok,,yuan-hanedani,,,,
Ji'an (Jizhou),27.11,114.98,sehir,1281,1281-epok,,yuan-hanedani,,,,
Ganzhou,25.85,114.93,sehir,1281,1281-epok,,yuan-hanedani,,,,
Chenzhou (Hunan),25.77,113.01,sehir,1281,1281-epok,,yuan-hanedani,,,,
Xinyang,32.13,114.07,sehir,1281,1281-epok,,yuan-hanedani,,,,
Dilem (Harc),23.991,47.162,kasaba,1792,>1281,,suud-birinci,,,,
Havta (Havtat Benî Temîm),23.496,46.878,kasaba,1795,>1281,,suud-birinci,,,,
Leylâ (Eflâc),22.292,46.724,kasaba,1795,>1281,,suud-birinci,,,,
Türabe,21.214,41.633,kasaba,1281,1281-epok,,memluk,,,,
Hurma (Tâif doğusu),21.911,42.031,vaha,1281,1281-epok,,memluk,,,,
Seyûn (Sayvan),15.9433,48.7933,sehir,1281,1281-epok,,yemen-zeydi,,,,
Akşa (Akşinsk kalesi),50.28105,113.287,kale,1765,>1281,1765-01-01,rusya,,,,
Gorbitsa (Gorbiçenskaya),53.10004,119.21745,kale,1762,>1281,1762-01-01,rusya,,,,
Kazakevičevo (Kazakevičeva stanitsası),48.26922,134.73811,kale,1858,>1281,1858-01-01,rusya,,,,
Sofiysk (Amur),51.5733,139.8455,sehir,1859,>1281,1859-01-01,rusya,,,,
Dingiray (Dinguiraye),11.296,-10.715,kale,1848,>1281,1848-01-01,__BOSLUK__,,,,
Villa Cisneros (Dahla),23.694,-15.943,liman,1884,>1281,1884-01-01,ispanya,,,,
La Agüera (La Güera),20.833,-17.089,liman,1920,>1281,1920-01-01,ispanya,,,,
Cabo Juby (Tarfaya),27.94,-12.925,liman,1916,>1281,1916-01-01,ispanya,,,,
Port-Étienne (Nouadhibou),20.913,-17.05,liman,1904,>1281,1904-01-01,fransa-cumhuriyet,,,,
Atâr (Adrar),20.518,-13.054,sehir,1909,>1281,1909-01-01,fransa-cumhuriyet,,,,
Şinkît (Chinguetti),20.463,-12.366,sehir,1909,>1281,1909-01-01,fransa-cumhuriyet,,,,
el-Menîa (El Goléa),30.584,2.883,kale,1900,>1281,1900-01-01,fransa-cumhuriyet,,,,
Colcha K,-20.7404,-67.6606,sehir,1885,>1281,1885-12-04,bolivya-cumhuriyeti,,,,
Puerto Maldonado,-12.5939,-69.1867,sehir,1912,>1281,1912-12-26,peru-cumhuriyeti,,,,
Riberalta,-11.0128,-66.0572,sehir,1894,>1281,1894-02-03,bolivya-cumhuriyeti,,,,
Lagunillas (Cordillera),-19.6518,-63.6759,sehir,1855,>1281,1855-04-24,bolivya-cumhuriyeti,,,,
Quechualla,-15.3241,-73.0575,sehir,1835,>1281,1835-05-04,peru-cumhuriyeti,,,,
Huancavelica (Villa Rica de Oropesa),-12.7864,-74.9756,sehir,1571,>1281,1571-08-04,ispanyol-peru,,,,
Marcapata,-13.5917,-70.9748,sehir,1869,>1281,1869-01-20,peru-cumhuriyeti,,,,
Totora (Carrasco),-17.7356,-65.1919,sehir,1872,>1281,1872-06-24,bolivya-cumhuriyeti,,,,
Parobamba,-8.6958,-77.43,sehir,1868,>1281,1868-08-28,peru-cumhuriyeti,,,,
Loja,-3.9968,-79.2017,sehir,1548,>1281,1548-12-08,ispanyol-peru,,,,
San José de Chiquitos,-17.8455,-60.7422,sehir,1767,>1281,1767-01-01,ispanya,,,,
Cotagaita (Santiago de Cotagaita),-20.8178,-65.6587,sehir,1570,>1281,1570-01-01,ispanya,,,,
Chone,-0.6991,-80.0945,sehir,1894,>1281,1894-09-20,ekvador-cumhuriyeti,,,,
Lámud,-6.139,-77.9519,sehir,1861,>1281,1861-02-05,peru-cumhuriyeti,,,,
Pebas,-3.3206,-71.8618,sehir,1866,>1281,1866-02-07,peru-cumhuriyeti,,,,
Inquisivi,-16.9072,-67.1378,sehir,1884,>1281,1884-11-02,bolivya-cumhuriyeti,,,,
Ica (Villa de Valverde),-14.0641,-75.7291,sehir,1563,>1281,1563-06-17,ispanyol-peru,,,,
Gorgor,-10.6207,-77.0412,sehir,1857,>1281,1857-01-02,peru-cumhuriyeti,,,,
Livitaca,-14.3125,-71.6895,sehir,1857,>1281,1857-01-02,peru-cumhuriyeti,,,,
Santa Cruz de la Sierra,-17.7834,-63.1821,sehir,1595,>1281,1595-05-21,ispanya,,,,
Puerto Villamil,-0.9561,-90.9656,sehir,1902,>1281,1902-01-01,ekvador-cumhuriyeti,,,,
Santa Ana del Yacuma,-13.7455,-65.4279,sehir,1894,>1281,1894-10-22,bolivya-cumhuriyeti,,,,
Ladário,-19.0089,-57.5973,sehir,1873,>1281,1873-03-14,brezilya-imparatorlugu,,,,
Aquidauana,-20.4666,-55.7868,sehir,1906,>1281,1906-12-18,brezilya-cumhuriyeti,,,,
Coxim,-18.5013,-54.751,sehir,1872,>1281,1872-11-06,brezilya-imparatorlugu,,,,
Três Lagoas,-20.7849,-51.7007,sehir,1914,>1281,1914-06-12,brezilya-cumhuriyeti,,,,
Caçu,-18.5594,-51.1328,sehir,1918,>1281,1918-01-01,brezilya-cumhuriyeti,,,,
Perdizes,-19.3434,-47.2963,sehir,1880,>1281,1880-01-03,brezilya-imparatorlugu,,,,
Bonfinópolis de Minas,-16.568,-45.9839,sehir,1869,>1281,1869-11-06,brezilya-imparatorlugu,,,,
Águas Formosas,-17.0802,-40.9384,sehir,1911,>1281,1911-08-30,brezilya-cumhuriyeti,,,,
Lavras do Sul,-30.8071,-53.8931,sehir,1847,>1281,1847-11-13,brezilya-imparatorlugu,,,,
Santa Cecília,-26.9592,-50.4252,sehir,1874,>1281,1874-04-22,brezilya-imparatorlugu,,,,
Sena Madureira,-9.066,-68.6571,sehir,1904,>1281,1904-09-25,brezilya-cumhuriyeti,,,,
Boca do Acre,-8.7423,-67.3919,sehir,1902,>1281,1902-09-18,brezilya-cumhuriyeti,,,,
Porto Velho,-8.7608,-63.8999,sehir,1914,>1281,1914-10-02,brezilya-cumhuriyeti,,,,
Ji-Paraná (Presidente Pena telgraf istasyonu),-10.8777,-61.9322,sehir,1909,>1281,1909-01-01,brezilya-cumhuriyeti,,,,
Diamantino,-14.4037,-56.4366,sehir,1811,>1281,1811-08-09,portekiz-brezilyasi,,,,
Porto Nacional,-10.7027,-48.408,sehir,1831,>1281,1831-11-11,brezilya-imparatorlugu,,,,
Imperatriz,-5.5185,-47.4777,sehir,1856,>1281,1856-08-27,brezilya-imparatorlugu,,,,
Flores de Goiás,-14.4451,-47.0417,sehir,1835,>1281,1835-07-23,brezilya-imparatorlugu,,,,
Dianópolis (São José do Duro),-11.624,-46.8198,sehir,1854,>1281,1854-10-14,brezilya-imparatorlugu,,,,
Alto Parnaíba,-9.1027,-45.9303,sehir,1871,>1281,1871-06-08,brezilya-imparatorlugu,,,,
Loreto (Maranhão),-7.0811,-45.1451,sehir,1851,>1281,1851-11-10,brezilya-imparatorlugu,,,,
Cotegipe (Campo Largo),-12.0228,-44.2566,sehir,1820,>1281,1820-03-03,portekiz-brezilyasi,,,,
Bom Jesus (Piauí),-9.0712,-44.359,sehir,1838,>1281,1838-09-22,brezilya-imparatorlugu,,,,
Piripiri,-4.2716,-41.7716,sehir,1870,>1281,1870-08-16,brezilya-imparatorlugu,,,,
Morro do Chapéu,-11.5488,-41.1565,sehir,1838,>1281,1838-06-01,brezilya-imparatorlugu,,,,
Santa Maria da Boa Vista,-8.7977,-39.8241,sehir,1762,>1281,1762-01-30,portekiz-brezilyasi,,,,
Iguatu (Telha),-6.3628,-39.2892,sehir,1831,>1281,1831-10-11,brezilya-imparatorlugu,,,,
Lins,-21.6718,-49.7526,sehir,1913,>1281,1913-12-30,brezilya-cumhuriyeti,,,,
Florânia (Flores),-6.1226,-36.8226,sehir,1890,>1281,1890-10-20,brezilya-cumhuriyeti,,,,
Buíque,-8.6195,-37.1606,sehir,1795,>1281,1795-12-11,portekiz-brezilyasi,,,,
Cáceres (São Luís de Cáceres),-16.0764,-57.6818,sehir,1850,>1281,1850-06-28,brezilya-imparatorlugu,,,,
Maçambará (Recreio),-29.1445,-56.0674,sehir,1900,>1281,1900-01-17,brezilya-cumhuriyeti,,,,
Itaguaçu (Boa Família),-19.8018,-40.8601,sehir,1891,>1281,1891-03-16,brezilya-cumhuriyeti,,,,
Catanduvas (Paraná),-25.2044,-53.1548,sehir,1914,>1281,1914-03-14,brezilya-cumhuriyeti,,,,
Correntina,-13.3477,-44.6333,sehir,1866,>1281,1866-05-15,brezilya-imparatorlugu,,,,
Canindé,-4.3516,-39.3155,sehir,1818,>1281,1818-09-03,portekiz-brezilyasi,,,,
Francisco Sá (Brejo das Almas),-16.4827,-43.4896,sehir,1867,>1281,1867-11-27,brezilya-imparatorlugu,,,,
Ribeirão Branco,-24.2206,-48.7635,sehir,1883,>1281,1883-03-29,brezilya-imparatorlugu,,,,
Presidente Dutra (Curador),-5.2898,-44.495,sehir,1896,>1281,1896-06-06,brezilya-cumhuriyeti,,,,
Três Corações,-21.6921,-45.2511,sehir,1832,>1281,1832-07-14,brezilya-imparatorlugu,,,,
São Raimundo Nonato,-9.0124,-42.6987,sehir,1832,>1281,1832-07-06,brezilya-imparatorlugu,,,,
Riachão do Jacuípe,-11.8067,-39.3818,sehir,1878,>1281,1878-08-01,brezilya-imparatorlugu,,,,
Ipameri (Entre Rios),-17.7215,-48.1581,sehir,1845,>1281,1845-07-31,brezilya-imparatorlugu,,,,
Pompéu,-19.2257,-45.0141,sehir,1866,>1281,1866-11-14,brezilya-imparatorlugu,,,,
Caiapônia (Torres do Rio Bonito),-16.9539,-51.8091,sehir,1855,>1281,1855-11-05,brezilya-imparatorlugu,,,,
Tanabi,-20.6228,-49.6563,sehir,1906,>1281,1906-08-01,brezilya-cumhuriyeti,,,,
Itacaré (Barra do Rio de Contas),-14.2784,-38.9959,sehir,1718,>1281,1718-01-01,portekiz-brezilyasi,,,,
Araranguá (Campinas),-28.9356,-49.4918,sehir,1864,>1281,1864-03-19,brezilya-imparatorlugu,,,,
Carolina (Maranhão),-7.3358,-47.4634,sehir,1831,>1281,1831-10-25,brezilya-imparatorlugu,,,,
Ourém (Pará),-1.5417,-47.1126,sehir,1753,>1281,1753-01-01,portekiz-brezilyasi,,,,
Grajaú (Chapada),-5.8137,-46.1462,sehir,1835,>1281,1835-04-29,brezilya-imparatorlugu,,,,
Porto Seguro,-16.4435,-39.0643,sehir,1534,>1281,1534-05-27,portekiz,,,,
Bonito (Mato Grosso do Sul),-21.1261,-56.4836,sehir,1915,>1281,1915-11-11,brezilya-cumhuriyeti,,,,
Rondonópolis,-16.4673,-54.6372,sehir,1920,>1281,1920-10-08,brezilya-cumhuriyeti,,,,
Araguaiana (Registro do Araguaia),-15.7291,-51.8341,sehir,1899,>1281,1899-05-10,brezilya-cumhuriyeti,,,,
Formosa (Goiás),-15.54,-47.337,sehir,1838,>1281,1838-08-22,brezilya-imparatorlugu,,,,
Bertolínia (Aparecida),-7.6334,-43.9498,sehir,1856,>1281,1856-01-10,brezilya-imparatorlugu,,,,
Oliveira dos Brejinhos,-12.3132,-42.8969,sehir,1880,>1281,1880-07-25,brezilya-imparatorlugu,,,,
São Miguel do Tapuio,-5.4973,-41.3165,sehir,1909,>1281,1909-01-01,brezilya-cumhuriyeti,,,,
Jaguarari,-10.2569,-40.1999,sehir,1893,>1281,1893-10-23,brezilya-cumhuriyeti,,,,
Tarauacá (Seabra),-8.157,-70.7722,sehir,1907,>1281,1907-01-01,brezilya-cumhuriyeti,,,,
São Felipe (Eirunepé),-6.6568,-69.8662,sehir,1895,>1281,1895-04-17,brezilya-cumhuriyeti,,,,
Lábrea,-7.2641,-64.7948,sehir,1881,>1281,1881-05-14,brezilya-imparatorlugu,,,,
Coari,-4.0941,-63.1441,sehir,1874,>1281,1874-05-01,brezilya-imparatorlugu,,,,
Conceição do Araguaia,-8.2614,-49.2689,sehir,1908,>1281,1908-11-03,brezilya-cumhuriyeti,,,,
São Paulo de Olivença,-3.4729,-68.9646,sehir,1759,>1281,1759-01-01,portekiz-brezilyasi,,,,
Altamira,-3.2041,-52.21,sehir,1911,>1281,1911-11-06,brezilya-cumhuriyeti,,,,
Fonte Boa,-2.5234,-66.0942,sehir,1891,>1281,1891-03-28,brezilya-cumhuriyeti,,,,
Amapá (Montenegro),2.0527,-50.7957,sehir,1901,>1281,1901-10-22,brezilya-cumhuriyeti,,,,
Almeirim,-1.5134,-52.5797,sehir,1758,>1281,1758-02-22,portekiz-brezilyasi,,,,
Moura (Rio Negro),-1.4584,-61.6334,sehir,1878,>1281,1878-10-16,brezilya-imparatorlugu,,,,
Manicoré,-5.8046,-61.2895,sehir,1877,>1281,1877-06-04,brezilya-imparatorlugu,,,,
Urucará,-2.5294,-57.7538,sehir,1887,>1281,1887-05-12,brezilya-imparatorlugu,,,,
Codajás,-3.8305,-62.0658,sehir,1874,>1281,1874-05-01,brezilya-imparatorlugu,,,,
Canutama,-6.5258,-64.3953,sehir,1891,>1281,1891-10-10,brezilya-cumhuriyeti,,,,
Santa Isabel do Rio Negro,-0.4108,-65.0092,sehir,1907,>1281,1907-07-24,brezilya-cumhuriyeti,,,,
Tonantins,-2.8658,-67.7919,sehir,1865,>1281,1865-08-15,brezilya-imparatorlugu,,,,
Alcobaça (Tucuruí),-3.7657,-49.6773,sehir,1870,>1281,1870-10-31,brezilya-imparatorlugu,,,,
Aveiro (Tapajós),-3.6084,-55.3199,sehir,1781,>1281,1781-01-01,portekiz-brezilyasi,,,,
Boa Vista do Rio Branco,2.8238,-60.6753,sehir,1890,>1281,1890-07-09,brezilya-cumhuriyeti,,,,
Cruzeiro do Sul,-7.6276,-72.6756,sehir,1904,>1281,1904-09-28,brezilya-cumhuriyeti,,,,
Rio Branco (Acre),-9.975,-67.8243,sehir,1904,>1281,1904-08-22,brezilya-cumhuriyeti,,,,
Xapuri,-10.6516,-68.4969,sehir,1904,>1281,1904-08-22,brezilya-cumhuriyeti,,,,
Carauari,-4.8816,-66.9086,sehir,1912,>1281,1912-12-27,brezilya-cumhuriyeti,,,,
Humaitá (Madeira),-7.5117,-63.0327,sehir,1888,>1281,1888-11-13,brezilya-imparatorlugu,,,,
Itacoatiara (Serpa),-3.1386,-58.4449,sehir,1759,>1281,1759-01-01,portekiz-brezilyasi,,,,
Oriximiná,-1.7599,-55.8579,sehir,1894,>1281,1894-06-09,brezilya-cumhuriyeti,,,,
Monte Alegre (Pará),-1.9977,-54.0724,sehir,1758,>1281,1758-02-27,portekiz-brezilyasi,,,,
Marabá,-5.3808,-49.1327,sehir,1913,>1281,1913-02-27,brezilya-cumhuriyeti,,,,
San José de Jáchal,-30.2416,-68.7466,sehir,1751,>1281,1751-06-25,ispanya,,,,
Copiapó,-27.3665,-70.3323,sehir,1744,>1281,1744-12-08,ispanya,,,,
La Rioja (Arjantin),-29.4127,-66.8559,sehir,1591,>1281,1591-01-01,ispanya,,,,
Fortín Muñoz (General Díaz),-23.5722,-60.5758,sehir,1923,>1281,1923-08-15,bolivya-cumhuriyeti,,,,
San Pedro de Atacama,-22.9108,-68.2001,sehir,1557,>1281,1557-01-01,ispanya,,,,
Puerto Natales,-51.7262,-72.506,sehir,1911,>1281,1911-05-31,sili-cumhuriyeti,,,,
Esquel,-42.9136,-71.3135,sehir,1906,>1281,1906-02-25,arjantin-cumhuriyeti,,,,
Putre,-18.1964,-69.5592,sehir,1580,>1281,1580-01-01,ispanyol-peru,,,,
San Clemente (Şili),-35.5375,-71.4859,sehir,1891,>1281,1891-12-22,sili-cumhuriyeti,,,,
San Antonio de los Cobres,-24.2177,-66.3179,sehir,1902,>1281,1902-09-26,arjantin-cumhuriyeti,,,,
Quines,-32.2328,-65.8051,sehir,1763,>1281,1763-12-01,ispanya,,,,
Villa Ojo de Agua,-29.5028,-63.695,sehir,1884,>1281,1884-07-01,arjantin-cumhuriyeti,,,,
Villaguay,-31.8676,-59.027,sehir,1823,>1281,1823-01-01,arjantin-cumhuriyeti,,,,
San Felipe (Aconcagua),-32.7507,-70.7253,sehir,1740,>1281,1740-08-03,ispanya,,,,
Lonquimay,-38.4541,-71.3706,sehir,1897,>1281,1897-01-25,sili-cumhuriyeti,,,,
Belén,-27.6496,-67.0264,sehir,1681,>1281,1681-12-20,ispanya,,,,
Rivadavia (Salta),-24.1833,-62.8833,sehir,1862,>1281,1862-01-01,arjantin-cumhuriyeti,,,,
Valcheta,-40.6761,-66.1661,sehir,1884,>1281,1884-03-01,arjantin-cumhuriyeti,,,,
Ushuaia,-54.8098,-68.3239,sehir,1884,>1281,1884-10-12,arjantin-cumhuriyeti,,,,
Stanley,-51.6931,-57.8565,sehir,1844,>1281,1844-07-15,ingiltere,,,,
Tandil,-37.3283,-59.1357,sehir,1823,>1281,1823-01-01,arjantin-cumhuriyeti,,,,
Esquina,-30.0171,-59.5341,sehir,1806,>1281,1806-02-10,ispanya,,,,
Sarmiento (Chubut),-45.5868,-69.0688,sehir,1897,>1281,1897-06-21,arjantin-cumhuriyeti,,,,
Taltal,-25.4078,-70.4858,sehir,1872,>1281,1872-12-01,sili-cumhuriyeti,,,,
Puerto Deseado,-47.7398,-65.8995,sehir,1884,>1281,1884-07-15,arjantin-cumhuriyeti,,,,
Puerto Montt,-41.4718,-72.9396,sehir,1853,>1281,1853-02-12,sili-cumhuriyeti,,,,
La Serena,-29.9027,-71.252,sehir,1549,>1281,1549-08-26,ispanya,,,,
Rancagua,-34.1702,-70.7407,sehir,1743,>1281,1743-10-05,ispanya,,,,
Cushamen,-42.173,-70.6609,sehir,1899,>1281,1899-07-05,arjantin-cumhuriyeti,,,,
Tocopilla,-22.0887,-70.1961,sehir,1871,>1281,1871-05-08,bolivya-cumhuriyeti,,,,
Ituango,7.1711,-75.7636,sehir,1844,>1281,1844-01-01,kolombiya-cumhuriyeti,,,,
San Vicente del Caguán,2.1167,-74.7667,sehir,1905,>1281,1905-08-01,kolombiya-cumhuriyeti,,,,
Simití,7.9564,-73.9461,sehir,1542,>1281,1542-01-01,ispanya,,,,
Orocué,4.7897,-71.3392,sehir,1895,>1281,1895-01-01,kolombiya-cumhuriyeti,,,,
San Carlos de Río Negro,1.92,-67.0611,sehir,1760,>1281,1760-03-11,ispanyol-peru,,,,
Moitaco,8.0078,-64.3525,sehir,1882,>1281,1882-02-09,venezuela-cumhuriyeti,,,,
Guasipati,7.4766,-61.8968,sehir,1881,>1281,1881-09-03,venezuela-cumhuriyeti,,,,
Arauca,7.0903,-70.7617,sehir,1780,>1281,1780-12-04,ispanyol-peru,,,,
Valledupar,10.4833,-73.25,sehir,1550,>1281,1550-01-06,ispanyol-peru,,,,
Tucupita,9.0575,-62.0452,sehir,1901,>1281,1901-01-01,venezuela-cumhuriyeti,,,,
Elorza,7.0597,-69.4967,sehir,1859,>1281,1859-01-01,venezuela-cumhuriyeti,,,,
Barbacoas,1.6717,-78.1378,sehir,1612,>1281,1612-01-01,ispanyol-peru,,,,
Cartago (Valle del Cauca),4.7469,-75.9119,sehir,1691,>1281,1691-04-21,ispanyol-peru,,,,
Carora,10.1692,-70.0783,sehir,1572,>1281,1572-06-19,ispanyol-peru,,,,
Zaraza,9.3394,-65.3167,sehir,1853,>1281,1853-04-05,venezuela-cumhuriyeti,,,,
San Martín (Meta),3.6969,-73.6986,sehir,1641,>1281,1641-04-10,ispanyol-peru,,,,
Riohacha,11.5442,-72.9069,sehir,1545,>1281,1545-08-06,ispanyol-peru,,,,
Honda (Tolima),5.2042,-74.7417,sehir,1643,>1281,1643-03-04,ispanyol-peru,,,,
San Cristóbal (Táchira),7.7711,-72.2261,sehir,1561,>1281,1561-03-31,ispanyol-peru,,,,
Montería,8.75,-75.8833,sehir,1777,>1281,1777-05-01,ispanyol-peru,,,,
Maroa,2.7333,-67.5667,sehir,1864,>1281,1864-07-27,venezuela-cumhuriyeti,,,,
Puerto Carreño,6.1903,-67.4836,sehir,1922,>1281,1922-01-01,kolombiya-cumhuriyeti,,,,
Madera (Chihuahua),29.1934,-108.1445,sehir,1911,>1281,1911-07-13,meksika,,,,
Sierra Mojada,27.2889,-103.7005,sehir,1879,>1281,1879-09-29,meksika,,,,
San Luis de la Paz,21.297,-100.5163,sehir,1595,>1281,1595-10-10,yeni-ispanya,,,,
Batopilas,27.0271,-107.7392,sehir,1826,>1281,1826-01-05,meksika,,,,
Jutiapa,14.2882,-89.8935,sehir,1847,>1281,1847-01-01,guatemala,,,,
Gonaïves,19.4461,-72.6884,sehir,1804,>1281,1804-01-01,haiti,,,,
Arteaga (Michoacán),18.3583,-102.2911,sehir,1894,>1281,1894-09-16,meksika,,,,
Ciudad Acuña (Las Vacas),29.3214,-100.9595,sehir,1912,>1281,1912-02-19,meksika,,,,
David (Chiriquí),8.4271,-82.4308,sehir,1837,>1281,1837-01-26,kolombiya-cumhuriyeti,,,,
Tampa (Fort Brooke),27.9506,-82.4572,sehir,1824,>1281,1824-01-01,abd,,,,
Sonoyta (Sonoita),31.8634,-112.8497,sehir,1869,>1281,1869-05-14,meksika,,,,
Acaponeta,22.4934,-105.3619,sehir,1823,>1281,1823-06-21,meksika,,,,
Abbeville (Louisiana),29.9747,-92.1343,sehir,1850,>1281,1850-01-01,abd,,,,
Santa Catarina de Tepehuanes,25.3383,-105.725,sehir,1825,>1281,1825-09-01,meksika,,,,
Carlsbad (Eddy),32.4207,-104.2288,sehir,1893,>1281,1893-01-01,abd,,,,
Mazapil,24.6394,-101.5531,sehir,1837,>1281,1837-01-01,meksika,,,,
Tonalá (Chiapas),16.0894,-93.7547,sehir,1813,>1281,1813-10-29,yeni-ispanya,,,,
La Palma (Darién),8.4023,-78.1407,sehir,1922,>1281,1922-12-27,panama-cumhuriyeti,,,,
Douglas (Arizona),31.3445,-109.5453,sehir,1905,>1281,1905-01-01,abd,,,,
El Rosario (Baja California),30.0588,-115.7249,sehir,1900,>1281,1900-12-01,meksika,,,,
Tomatlán,19.943,-105.2465,sehir,1823,>1281,1823-06-21,meksika,,,,
Mapimí,25.8337,-103.848,sehir,1825,>1281,1825-09-01,meksika,,,,
Tonosí,7.4087,-80.4377,sehir,1914,>1281,1914-01-01,panama-cumhuriyeti,,,,
Villa Ahumada,30.6177,-106.5124,sehir,1894,>1281,1894-07-14,meksika,,,,
Bolaños,21.831,-103.7811,sehir,1823,>1281,1823-08-15,meksika,,,,
"Mangrove Cay (Moxey Town, Andros)",24.2977,-77.6777,sehir,1868,>1281,1868-01-01,ingiltere,,,,
Gobernador Gregores,-48.7509,-70.2486,sehir,1922,>1281,1922-03-23,arjantin-cumhuriyeti,,,,
Tengyue (Tengchong),25.02,98.49,sehir,1281,1281-epok,,yuan-hanedani,,,,
Yongchang (Baoshan),25.11,99.16,sehir,1281,1281-epok,,yuan-hanedani,,,,
Shunning (Fengqing),24.58,99.93,sehir,1281,1281-epok,,__BOSLUK__,,,,
Mianning (Lincang),23.88,100.09,sehir,1281,1281-epok,,yuan-hanedani,,,,
Jingdong,24.45,100.83,sehir,1281,1281-epok,,yuan-hanedani,,,,
Chuxiong,25.03,101.54,sehir,1281,1281-epok,,yuan-hanedani,,,,
Yuanjiang,23.6,101.99,sehir,1281,1281-epok,,yuan-hanedani,,,,
Lin'an (Jianshui),23.62,102.83,sehir,1281,1281-epok,,yuan-hanedani,,,,
Mengzi,23.37,103.38,sehir,1281,1281-epok,,yuan-hanedani,,,,
Kaihua (Wenshan),23.37,104.25,sehir,1281,1281-epok,,yuan-hanedani,,,,
Ning'er (Pu'er),23.06,101.04,sehir,1281,1281-epok,,san-devletleri,,,,
Chiang Hung (Jinghong),22.01,100.8,sehir,1281,1281-epok,,san-devletleri,,,,
Lijiang,26.87,100.23,sehir,1281,1281-epok,,yuan-hanedani,,,,
Lashio (Kuzey Hsenwi),22.94,97.75,sehir,1281,1281-epok,,san-devletleri,,,,
Namkham,23.83,97.68,sehir,1281,1281-epok,,san-devletleri,,,,
Horog (Khorog),37.5,71.6,sehir,1281,1281-epok,,__BOSLUK__,,,,
Kala-i Vamar (Rûşan),37.95,71.55,sehir,1281,1281-epok,,__BOSLUK__,,,,
İşkâşim (Pamir),36.72,71.61,sehir,1281,1281-epok,,__BOSLUK__,,,,
Kala-i Pençe (Vahan),36.98,72.58,kale,1775,>1281,1775-01-01,__BOSLUK__,,,,
Serhad (Vahan),36.98,73.47,bolge,1281,1281-epok,,__BOSLUK__,,,,
Kal'a-i Hum (Darvaz),38.467,70.767,sehir,1281,1281-epok,,__BOSLUK__,,,,
Pamirski Post (Murgab),38.167,73.983,kale,1893,>1281,1893-01-01,rusya,,,,
Taşkurgan (Sarıkol),37.775,75.228,sehir,1281,1281-epok,,__BOSLUK__,,,,
Feyzâbâd (Bedahşan),37.117,70.58,sehir,1479,>1281,1479-01-01,__BOSLUK__,EVET,0930-var-aday(1073);ONERI-C,,"TDV: bedahsan — ""465/1073’ten sonra) bölgeye İsmâilî mezhebini yaymıştır."""
Bintulu,3.17,113.04,liman,1281,1281-epok,,__BOSLUK__,,,,
Sibu,2.29,111.83,kale,1862,>1281,1862-01-01,sarawak-brooke,,,,
Kapit (Fort Sylvia),2.01,112.93,kale,1880,>1281,1880-01-01,sarawak-brooke,,,,
Simanggang (Sri Aman),1.24,111.46,kale,1864,>1281,1864-01-01,sarawak-brooke,,,,
Baram (bölge),4.18,114.32,bolge,1281,1281-epok,,__BOSLUK__,,,,
Limbang,4.75,115.01,sehir,1281,1281-epok,,__BOSLUK__,,,,
Labuan (Victoria),5.28,115.24,liman,1281,1281-epok,,__BOSLUK__,,,,
Kudat,6.8934,116.8463,liman,1881,>1281,1881-01-01,ingiltere,,,,
Sandakan (Elopura),5.8462,118.1115,liman,1874,>1281,1874-01-01,sulu-sultanligi,,,,
Jesselton (Kota Kinabalu),5.9677,116.0899,liman,1899,>1281,1899-01-01,ingiltere,,,,
Tawau kıyısı (bölge),4.2575,117.8924,bolge,1281,1281-epok,,__BOSLUK__,,,,
Sintang,0.07,111.5,sehir,1281,1281-epok,,__BOSLUK__,,,,
Kapuas Hulu (bölge),0.84,112.93,bolge,1281,1281-epok,,__BOSLUK__,,,,
Samarinda,-0.5,117.15,liman,1668,>1281,1668-01-01,kutai,,,,
Barito Hulu (bölge),-0.95,114.89,bolge,1281,1281-epok,,__BOSLUK__,,,,
Lifau (Oecussi),-9.2056,124.3711,liman,1281,1281-epok,,timor-beylikleri,,,,
Noemuti,-9.547,124.464,sehir,1281,1281-epok,,timor-beylikleri,,,,
Maucatar,-9.237,125.235,sehir,1281,1281-epok,,timor-beylikleri,,,,
Atapupu,-9.0,124.86,liman,1281,1281-epok,,timor-beylikleri,,,,
Niki-Niki,-9.823,124.471,sehir,1281,1281-epok,,timor-beylikleri,,,,
Suai,-9.249,125.362,sehir,1281,1281-epok,,timor-beylikleri,,,,
Maliana,-8.99,125.208,sehir,1281,1281-epok,,timor-beylikleri,,,,
Viqueque,-8.809,126.322,sehir,1281,1281-epok,,timor-beylikleri,,,,
Baucau,-8.479,126.453,sehir,1281,1281-epok,,timor-beylikleri,,,,
Lautém (Moro),-8.358,126.929,sehir,1281,1281-epok,,timor-beylikleri,,,,
Toyohara (Vladimirovka),46.957,142.727,sehir,1882,>1281,1882-01-01,rusya,,,,
Maoka (Kholmsk),47.0371,142.0484,sehir,1870,>1281,1870-06-03,__BOSLUK__,,,,
Shikuka (Poronaysk),49.222,143.102,sehir,1869,>1281,1869-01-01,__BOSLUK__,,,,
Ochiai (Galkino-Vraskoye),47.324,142.798,sehir,1884,>1281,1884-01-01,rusya,,,,
Shiritoru (Makarov),48.623,142.778,sehir,1892,>1281,1892-01-01,rusya,,,,
Esutoru kıyısı (bölge),49.079,142.063,bolge,1281,1281-epok,,__BOSLUK__,,,,
Rykovskoye (Kirovskoye),50.707,142.727,sehir,1878,>1281,1878-01-01,rusya,,,,
Onor,50.191,142.677,sehir,1892,>1281,1892-01-01,rusya,,,,
Tonghai,24.11,102.76,sehir,1281,1281-epok,,yuan-hanedani,,,,
Gunt vadisi (bölge),37.9,72.8,bolge,1281,1281-epok,,__BOSLUK__,,,,
"Karakul (Pamir, bölge)",39.0,73.55,bolge,1281,1281-epok,,__BOSLUK__,,,,
Alay vadisi (bölge),39.73,73.25,bolge,1281,1281-epok,,__BOSLUK__,,,,
Niah kıyısı (bölge),3.8,113.75,bolge,1281,1281-epok,,__BOSLUK__,,,,
Tomari kıyısı (bölge),48.0,142.2,bolge,1281,1281-epok,,__BOSLUK__,,,,
Poronay yukarısı (bölge),50.1,143.1,bolge,1281,1281-epok,,__BOSLUK__,,,,
Nabil kıyısı (bölge),51.8,143.0,bolge,1281,1281-epok,,__BOSLUK__,,,,
Kuzey Sahalin (bölge),52.9,142.9,bolge,1281,1281-epok,,__BOSLUK__,,,,
Petseri (Peçori),57.815,27.609,sehir,1281,1281-epok,,novgorod,,,,
Abrene (Pıtalovo),57.067,27.917,sehir,1281,1281-epok,,novgorod,,,,
Porkhov,57.767,29.557,kale,1281,1281-epok,,novgorod,,,,
Şelon havzası (Soltsı),58.12,30.32,bolge,1281,1281-epok,,novgorod,,,,
Rēzekne (Rositten),56.51,27.333,sehir,1281,1281-epok,,almanya,,,,
Murska Sobota,46.662,16.166,sehir,1281,1281-epok,,macaristan,,,,
Lendava (Alsólendva),46.563,16.452,sehir,1281,1281-epok,,macaristan,,,,
Freistadt,48.511,14.504,sehir,1281,1281-epok,,almanya,,,,
Linz,48.306,14.286,sehir,1281,1281-epok,,almanya,,,,
Gmünd (Aşağı Avusturya),48.767,14.983,sehir,1281,1281-epok,,almanya,,,,
České Budějovice (Budweis),48.975,14.474,sehir,1281,1281-epok,,almanya,,,,
Třeboň (Wittingau),49.004,14.771,sehir,1281,1281-epok,,almanya,,,,
Görice (Korçë),40.619,20.781,sehir,1281,1281-epok,,__BOSLUK__,,,,
Kesriye (Kastoria),40.519,21.269,sehir,1281,1281-epok,,bizans,EVET,aday-listesi,Bizans/Epir,kaynak doğrulanmadı
Filorina (Florina),40.782,21.41,sehir,1281,1281-epok,,bizans,,,,
Bregenz,47.503,9.747,sehir,1281,1281-epok,,almanya,,,,
Feldkirch,47.238,9.598,sehir,1281,1281-epok,,almanya,,,,
Landeck,47.14,10.567,sehir,1281,1281-epok,,almanya,,,,
Innsbruck,47.269,11.393,sehir,1281,1281-epok,,almanya,,,,
Lienz,46.829,12.769,sehir,1281,1281-epok,,almanya,,,,
Klagenfurt,46.624,14.305,sehir,1281,1281-epok,,almanya,,,,
Brixen (Bressanone),46.715,11.656,sehir,1281,1281-epok,,almanya,,,,
Aosta,45.737,7.32,sehir,1281,1281-epok,,savoya,,,,
Bourg-Saint-Maurice,45.619,6.769,sehir,1281,1281-epok,,savoya,,,,
Sion (Sitten),46.233,7.361,sehir,1281,1281-epok,,almanya,,,,
Martigny (Martinach),46.103,7.073,sehir,1281,1281-epok,,savoya,,,,
Thonon,46.371,6.48,sehir,1281,1281-epok,,savoya,,,,
Annemasse,46.193,6.234,sehir,1281,1281-epok,,savoya,,,,
Arlon,49.683,5.817,sehir,1281,1281-epok,,almanya,,,,
Bastogne,50.0,5.717,sehir,1281,1281-epok,,almanya,,,,
Neufchâteau (Belçika),49.841,5.435,sehir,1281,1281-epok,,almanya,,,,
Virton,49.568,5.533,sehir,1281,1281-epok,,almanya,,,,
Wiltz,49.966,5.933,sehir,1281,1281-epok,,almanya,,,,
St. Vith (Sankt Vith),50.283,6.127,sehir,1281,1281-epok,,almanya,,,,
Merauke,-8.4932,140.4018,liman,1902,>1281,1902-02-12,hollanda-dogu-hint,,,,
Fakfak,-2.9261,132.2961,liman,1898,>1281,1898-12-01,hollanda-dogu-hint,,,,
Daru,-9.0763,143.2092,liman,1884,>1281,,ingiltere,,,,
Kokoda,-8.8791,147.7378,sehir,1904,>1281,1904-01-01,ingiltere,,,,
Aitape (Eitape),-3.1374,142.3475,liman,1906,>1281,1906-01-01,almanya,,,,
Vanimo,-2.6817,141.3028,liman,1884,>1281,,almanya,,,,
Kavieng (Käwieng),-2.5815,150.8108,liman,1900,>1281,1900-01-01,almanya,,,,
Kieta,-6.2167,155.6333,liman,1905,>1281,1905-01-01,almanya,,,,
Lorengau (Manus),-2.0226,147.2712,liman,1911,>1281,1911-01-01,almanya,,,,
Apia,-13.8345,-171.7631,liman,1900,>1281,,almanya,,,,
Pago Pago,-14.2755,-170.7048,liman,1900,>1281,,abd,,,,
Nauru (Yaren),-0.5471,166.9163,liman,1888,>1281,,almanya,,,,
Papeete,-17.5374,-149.566,liman,1842,>1281,,fransa-cumhuriyet,,,,
Avarua (Rarotonga),-21.2075,-159.7708,liman,1888,>1281,,ingiltere,,,,
Hagåtña (Agaña),13.4748,144.7516,sehir,1668,>1281,,ispanya,,,,
Garapan (Saipan),15.191,145.7467,liman,1668,>1281,,ispanya,,,,
Kolonia (Pohnpei),6.9643,158.2091,liman,1887,>1281,1887-03-14,ispanya,,,,
Jaluit (Jabor),5.8533,169.6341,liman,1885,>1281,,almanya,,,,
Tarawa (Bairiki),1.3375,173.0117,liman,1892,>1281,,ingiltere,,,,
Banaba (Ocean Island),-0.8581,169.5351,liman,1900,>1281,,ingiltere,,,,
Funafuti,-8.5225,179.2027,liman,1892,>1281,,ingiltere,,,,
Hilo,19.7074,-155.0816,liman,1795,>1281,,hawaii-kralligi,,,,
Lahaina,20.8739,-156.6777,liman,1795,>1281,,hawaii-kralligi,,,,
Dunedin,-45.8742,170.5036,sehir,1848,>1281,1848-03-23,yeni-zelanda,,,,
Invercargill,-46.4132,168.3538,sehir,1856,>1281,1856-01-01,yeni-zelanda,,,,
Nelson (Yeni Zelanda),-41.2706,173.284,sehir,1842,>1281,1842-02-01,yeni-zelanda,,,,
New Plymouth,-39.0556,174.0752,sehir,1841,>1281,1841-01-01,yeni-zelanda,,,,
Napier,-39.4928,176.912,sehir,1855,>1281,1855-01-01,yeni-zelanda,,,,
Gisborne,-38.6623,178.0176,sehir,1870,>1281,1870-01-01,yeni-zelanda,,,,
Whanganui,-39.9301,175.0479,sehir,1840,>1281,1840-02-06,yeni-zelanda,,,,
Hamilton (Yeni Zelanda),-37.787,175.2793,sehir,1864,>1281,1864-08-24,yeni-zelanda,,,,
Rotorua,-38.1368,176.2497,sehir,1881,>1281,1881-01-01,yeni-zelanda,,,,
Taupō,-38.6857,176.0702,sehir,1868,>1281,1868-01-01,yeni-zelanda,,,,
Greymouth,-42.4588,171.2204,sehir,1865,>1281,1865-01-01,yeni-zelanda,,,,
Timaru,-44.397,171.255,sehir,1853,>1281,1853-01-01,yeni-zelanda,,,,
Blenheim,-41.5134,173.9612,sehir,1856,>1281,1856-01-01,yeni-zelanda,,,,
Whangārei,-35.7251,174.3237,sehir,1840,>1281,1839-01-01,yeni-zelanda,,,,
Hokitika,-42.7211,170.9681,sehir,1864,>1281,1864-01-01,yeni-zelanda,,,,
Queenstown (Yeni Zelanda),-45.0312,168.6626,sehir,1862,>1281,1862-01-01,yeni-zelanda,,,,
Launceston,-41.4332,147.1441,sehir,1806,>1281,1806-01-01,ingiltere,,,,
Oatlands (Tazmanya),-42.3,147.37,sehir,1821,>1281,1821-06-03,ingiltere,,,,
Campbell Town (Tazmanya),-41.93,147.49,sehir,1821,>1281,1821-01-01,ingiltere,,,,
Devonport (Tazmanya),-41.1806,146.3464,liman,1850,>1281,1850-01-01,ingiltere,,,,
Burnie,-41.0526,145.9061,liman,1827,>1281,1827-01-01,ingiltere,,,,
St Helens (Tazmanya),-41.32,148.24,sehir,1834,>1281,1834-01-01,ingiltere,,,,
Hermannsburg (Ntaria),-23.943,132.778,sehir,1877,>1281,1877-01-01,ingiltere,,,,
Katherine,-14.465,132.2635,sehir,1871,>1281,1871-01-01,ingiltere,,,,
Coober Pedy,-29.0135,134.7544,sehir,1915,>1281,1915-01-01,avustralya,,,,
Fitzroy Crossing,-18.1833,125.5833,sehir,1903,>1281,1903-01-01,avustralya,,,,
Norseman,-32.2,121.7833,sehir,1895,>1281,1895-05-01,ingiltere,,,,
Menzies (Batı Avustralya),-29.6833,121.0333,sehir,1895,>1281,1895-08-01,ingiltere,,,,
Mount Magnet,-28.0667,117.85,sehir,1895,>1281,1895-01-01,ingiltere,,,,
Port Hedland,-20.3143,118.5864,liman,1896,>1281,1896-01-01,ingiltere,,,,
Albany (Batı Avustralya),-35.0228,117.8814,liman,1826,>1281,1826-12-25,ingiltere,,,,
Bunbury,-33.3271,115.6414,liman,1841,>1281,1841-01-01,ingiltere,,,,
Cooktown,-15.465,145.25,liman,1873,>1281,1873-10-25,ingiltere,,,,
Thursday Island (Port Kennedy),-10.5679,142.2148,liman,1878,>1281,1878-01-01,ingiltere,,,,
Weipa Misyonu,-12.6759,141.8851,sehir,1898,>1281,1898-01-01,ingiltere,,,,
Oenpelli (Gunbalanya),-12.325,133.056,sehir,1906,>1281,1906-01-01,avustralya,,,,
Roper River Misyonu (Ngukurr),-14.73,134.73,sehir,1908,>1281,1908-01-01,avustralya,,,,
Mount Gambier,-37.8284,140.7804,sehir,1854,>1281,1854-01-01,ingiltere,,,,
Maribor (Marburg),46.5558,15.6459,sehir,1281,1281-epok,,almanya,,,,
Eisenstadt (Kismarton),47.8457,16.5233,sehir,1281,1281-epok,,macaristan,,,,
