# govde 2fe8ada77 · site damgali geometri 0ef2d3e2 · (hat,gun,yan) GRUBU duzeyinde net delta · CIKIS: etiket sehri karsi yaka agacindan cikar · GIRIS: o gun agacta olmayan, gruba <=3 derece kutudaki yerlesim agaca girer (yalniz anahtar kumesini degistirenler) · etiketleme D8 ile birebir (lon/lat duzlemi)
senaryo	grup(hat|gun|yan)	sehir	anahtar_once	anahtar_sonra	delta	sayilan_alan_once_km2	sayilan_alan_sonra_km2	alan_korundu
GIRIS	g3-bg-ro-dobruca-p4|1913-08-09|sag	Silistre	4	2	-2	1868	1868	EVET
GIRIS	g3-bg-ro-dobruca-p4|1913-08-09|sag	Şumnu	4	2	-2	1868	1868	EVET
CIKIS	d1816-alm-ah-1|1816-05-01|sol	Landeck	2	1	-1	1264	1264	EVET
CIKIS	d1816-alm-ah-1|1844-01-29|sol	Landeck	2	1	-1	1264	1264	EVET
CIKIS	d1816-alm-ah-4|1816-05-01|sag	Regensburg	2	1	-1	3380	3380	EVET
CIKIS	d1816-alm-ah-4|1816-05-01|sol	Landeck	3	2	-1	2576	2576	EVET
CIKIS	d1816-alm-ah-4|1844-01-29|sag	Regensburg	2	1	-1	3380	3380	EVET
CIKIS	d1816-alm-ah-4|1844-01-29|sol	Landeck	3	2	-1	2576	2576	EVET
CIKIS	d1829-osm-rus-1|1829-09-14|sol	Arpaçay (Akyaka)	5	4	-1	660	660	EVET
CIKIS	d1829-osm-rus-1|1829-09-14|sol	Hanak	5	4	-1	660	656	HAYIR
CIKIS	d1829-osm-rus-1|1829-09-14|sol	Hulo (Acara)	5	4	-1	660	660	EVET
CIKIS	d1829-osm-rus-1|1829-09-14|sol	Makhalak’auri	5	4	-1	660	656	HAYIR
CIKIS	d1829-osm-rus-1|1829-09-14|sol	Posof	5	4	-1	660	660	EVET
CIKIS	d1829-osm-rus-1|1878-07-12|sag	Ardahan	6	5	-1	1624	1624	EVET
CIKIS	d1829-osm-rus-1|1878-07-12|sag	Hanak	6	5	-1	1624	1624	EVET
CIKIS	d1829-osm-rus-1|1878-07-12|sag	Ts’q’altbila	6	5	-1	1624	1624	EVET
CIKIS	d1829-osm-rus-2|1878-07-12|sag	Ahılkelek (Akhalkalaki)	6	5	-1	2764	2764	EVET
CIKIS	d1829-osm-rus-2|1878-07-12|sag	Arpaçay (Akyaka)	6	5	-1	2764	2764	EVET
CIKIS	d1829-osm-rus-2|1878-07-12|sag	Hanak	6	5	-1	2764	2764	EVET
CIKIS	d1829-osm-rus-2|1878-07-12|sag	Kars	6	5	-1	2764	2764	EVET
CIKIS	d1844-alm-ah|1844-01-30|sag	Regensburg	2	1	-1	3388	3388	EVET
CIKIS	d1844-alm-ah|1844-01-30|sol	Landeck	4	3	-1	4528	4528	EVET
CIKIS	d1844-alm-ah|1878-07-12|sag	Regensburg	2	1	-1	3388	3388	EVET
CIKIS	d1844-alm-ah|1878-07-12|sol	Landeck	4	3	-1	4528	4528	EVET
CIKIS	d1878-de-ah|1878-07-13|sag	Regensburg	2	1	-1	3388	3388	EVET
CIKIS	d1878-de-ah|1878-07-13|sol	Landeck	4	3	-1	4528	4528	EVET
CIKIS	d1878-de-ah|1918-11-10|sag	Regensburg	2	1	-1	3372	3372	EVET
CIKIS	d1878-de-ah|1918-11-10|sol	Landeck	4	3	-1	4528	4528	EVET
CIKIS	d1878-ru-ro-prut-sovyet-rk|1918-04-07|sag	Birlad (Bârlad)	9	8	-1	8044	8044	EVET
CIKIS	d1878-ru-ro-prut-sovyet-rk|1918-04-07|sag	Bolgrad (Bolhrad)	9	8	-1	8044	8044	EVET
CIKIS	d1878-ru-ro-prut-sovyet-rk|1918-04-07|sag	Kahul (Cahul)	9	8	-1	8044	8044	EVET
CIKIS	d1878-ru-ro-prut-sovyet-rk|1918-04-07|sag	Orhei	9	8	-1	8044	8044	EVET
CIKIS	d1878-ru-ro-prut-sovyet-rk|1918-04-07|sag	Soroka (Soroca)	9	8	-1	8044	8044	EVET
CIKIS	d1878-ru-ro-prut-sovyet-rk|1918-04-07|sag	İshakçı (Isaccea)	9	8	-1	8044	8044	EVET
CIKIS	d1878-ru-ro-tuna-gecici-rk|1917-03-15|sag	Kili	2	1	-1	852	852	EVET
CIKIS	d1878-ru-ro-tuna-gecici-rk|1917-03-15|sag	İsmail	2	1	-1	852	852	EVET
CIKIS	d1878-ru-ro-tuna-gecici-rk|1917-11-06|sag	Kili	2	1	-1	852	852	EVET
CIKIS	d1878-ru-ro-tuna-gecici-rk|1917-11-06|sag	İsmail	2	1	-1	852	852	EVET
CIKIS	d1878-ru-ro-tuna-rus-rk|1881-03-26|sag	Kili	2	1	-1	852	852	EVET
CIKIS	d1878-ru-ro-tuna-rus-rk|1881-03-26|sag	İsmail	2	1	-1	852	852	EVET
CIKIS	d1878-ru-ro-tuna-rus-rk|1917-03-14|sag	Kili	2	1	-1	852	852	EVET
CIKIS	d1878-ru-ro-tuna-rus-rk|1917-03-14|sag	İsmail	2	1	-1	852	852	EVET
CIKIS	d1878-ru-ro-tuna-rus-rp|1878-08-03|sag	Kili	2	1	-1	852	852	EVET
CIKIS	d1878-ru-ro-tuna-rus-rp|1878-08-03|sag	İsmail	2	1	-1	852	852	EVET
CIKIS	d1878-ru-ro-tuna-rus-rp|1881-03-25|sag	Kili	2	1	-1	852	852	EVET
CIKIS	d1878-ru-ro-tuna-rus-rp|1881-03-25|sag	İsmail	2	1	-1	852	852	EVET
CIKIS	d1878-ru-ro-tuna-sovyet-rk|1917-11-07|sag	Kili	2	1	-1	852	852	EVET
CIKIS	d1878-ru-ro-tuna-sovyet-rk|1917-11-07|sag	İsmail	2	1	-1	852	852	EVET
CIKIS	d1878-ru-ro-tuna-sovyet-rk|1918-04-07|sol	Bolgrad (Bolhrad)	5	4	-1	2500	2500	EVET
CIKIS	d1878-ru-ro-tuna-sovyet-rk|1918-04-07|sol	Kili	5	4	-1	2500	2500	EVET
CIKIS	d1878-ru-ro-tuna-sovyet-rk|1918-04-07|sol	İsmail	5	4	-1	2500	2500	EVET
CIKIS	d1885-liberya-sierra-leone-mano|1885-11-11|sol	Gbarnga	2	1	-1	2832	2832	EVET
CIKIS	d1885-liberya-sierra-leone-mano|1885-11-11|sol	Monrovia	2	1	-1	2832	2832	EVET
CIKIS	d1885-liberya-sierra-leone-mano|1910-12-31|sol	Gbarnga	2	1	-1	2832	2832	EVET
CIKIS	d1885-liberya-sierra-leone-mano|1910-12-31|sol	Monrovia	2	1	-1	2832	2832	EVET
CIKIS	d1885-nijerya-kamerun-genel|1913-03-10|sol	Dikva (Dikeo)	4	3	-1	14060	14060	EVET
CIKIS	d1885-nijerya-kamerun-genel|1913-03-10|sol	Marua (Maroua)	4	3	-1	14060	14060	EVET
CIKIS	d1886-angola-almanya-swa|1915-07-08|sag	Katima Mulilo	2	1	-1	5548	5548	EVET
CIKIS	d1890-becuanaland-almanya-swa|1890-07-01|sag	Katima Mulilo	2	1	-1	7108	7108	EVET
CIKIS	d1890-becuanaland-almanya-swa|1915-07-08|sag	Gobabis	4	3	-1	11320	11320	EVET
CIKIS	d1890-becuanaland-almanya-swa|1915-07-08|sag	Katima Mulilo	4	3	-1	11320	11320	EVET
CIKIS	d1890-becuanaland-almanya-swa|1915-07-08|sol	Livingstone	3	2	-1	6504	6504	EVET
CIKIS	d1890-becuanaland-almanya-swa|1915-07-08|sol	Seşeke (Sesheke)	3	2	-1	6504	6504	EVET
CIKIS	d1890-namrod-almanya-swa|1915-07-08|sag	Livingstone	2	1	-1	1916	1916	EVET
CIKIS	d1890-namrod-almanya-swa|1915-07-08|sag	Seşeke (Sesheke)	2	1	-1	1916	1916	EVET
CIKIS	d1891-guneyrodezya-mozambik-bsac|1891-06-11|sol	Tete	3	2	-1	17468	17468	EVET
CIKIS	d1891-guneyrodezya-mozambik-bsac|1891-06-11|sol	Zumbo	3	2	-1	17468	17468	EVET
CIKIS	d1891-guneyrodezya-mozambik-bsac|1923-09-30|sol	Massangena	5	4	-1	18328	18328	EVET
CIKIS	d1891-guneyrodezya-mozambik-bsac|1923-09-30|sol	Tete	5	4	-1	18328	18328	EVET
CIKIS	d1891-guneyrodezya-mozambik-bsac|1923-09-30|sol	Zumbo	5	4	-1	18328	18328	EVET
CIKIS	d1908-bg-bagimsiz-eski|1908-10-05|sol	Elhova (Elhovo)	4	3	-1	1596	1596	EVET
CIKIS	d1908-bg-bagimsiz-eski|1908-10-05|sol	Mustafapaşa (Svilengrad)	4	3	-1	1596	1592	HAYIR
CIKIS	d1908-bg-bagimsiz-eski|1909-04-18|sol	Elhova (Elhovo)	4	3	-1	1596	1596	EVET
CIKIS	d1908-bg-bagimsiz-eski|1909-04-18|sol	Mustafapaşa (Svilengrad)	4	3	-1	1596	1592	HAYIR
CIKIS	d1909-osm-bg-eski|1909-04-19|sol	Elhova (Elhovo)	4	3	-1	1596	1596	EVET
CIKIS	d1909-osm-bg-eski|1909-04-19|sol	Mustafapaşa (Svilengrad)	4	3	-1	1596	1592	HAYIR
CIKIS	d1909-osm-bg-eski|1913-05-29|sag	Dereköy (Kırklareli)	5	4	-1	1088	1088	EVET
CIKIS	d1909-osm-bg-eski|1913-05-29|sag	Edirne	5	4	-1	1088	1088	EVET
CIKIS	d1909-osm-bg-eski|1913-05-29|sag	Kofçaz	5	4	-1	1088	1088	EVET
CIKIS	d1909-osm-bg-eski|1913-05-29|sag	Kırklareli	5	4	-1	1088	1088	EVET
CIKIS	d1909-osm-bg-eski|1913-05-29|sol	Elhova (Elhovo)	4	3	-1	1596	1596	EVET
CIKIS	d1909-osm-bg-eski|1913-05-29|sol	Malak Dervent (Lalkovo)	4	3	-1	1596	1596	EVET
CIKIS	d1909-osm-bg-eski|1913-05-29|sol	Mustafapaşa (Svilengrad)	4	3	-1	1596	1592	HAYIR
CIKIS	d1913-nijerya-kamerun-almanya|1913-03-11|sol	Dikva (Dikeo)	4	3	-1	14060	14060	EVET
CIKIS	d1913-nijerya-kamerun-almanya|1913-03-11|sol	Marua (Maroua)	4	3	-1	14060	14060	EVET
CIKIS	d1913-nijerya-kamerun-almanya|1916-02-17|sol	Dikva (Dikeo)	4	3	-1	14060	14060	EVET
CIKIS	d1913-nijerya-kamerun-almanya|1916-02-17|sol	Marua (Maroua)	4	3	-1	14060	14060	EVET
CIKIS	d1913-osm-ir-1|1913-11-17|sol	Doğubayazıt	3	2	-1	204	204	EVET
CIKIS	d1913-osm-ir-1|1913-11-17|sol	Çaldıran	3	2	-1	204	204	EVET
CIKIS	d1913-osm-ir-1|1913-11-17|sol	Şeyhrumi (Yücelen)	3	2	-1	204	204	EVET
CIKIS	d1913-osm-ir-1|1920-04-22|sol	Doğubayazıt	3	2	-1	204	204	EVET
CIKIS	d1913-osm-ir-1|1920-04-22|sol	Çaldıran	3	2	-1	204	204	EVET
CIKIS	d1913-osm-ir-1|1920-04-22|sol	Şeyhrumi (Yücelen)	3	2	-1	204	204	EVET
CIKIS	d1913-sr-mn|1918-11-25|sag	Foça (Foča)	3	2	-1	2712	2712	EVET
CIKIS	d1913-sr-mn|1918-11-25|sag	Vişegrad	3	2	-1	2712	2712	EVET
CIKIS	d1916-burundi-tanganyika-isgal|1922-07-19|sol	Kigali	3	2	-1	5444	5444	EVET
CIKIS	d1916-burundi-tanganyika-isgal|1922-07-19|sol	Nyanza (Ruanda)	3	2	-1	5444	5444	EVET
CIKIS	d1916-nijerya-kamerun-isgal|1919-07-09|sag	Dikva (Dikeo)	8	7	-1	24200	24200	EVET
CIKIS	d1916-nijerya-kamerun-isgal|1919-07-09|sag	Garua (Garoua)	8	7	-1	24200	24200	EVET
CIKIS	d1916-nijerya-kamerun-isgal|1919-07-09|sag	Kukava (Kukawa)	8	7	-1	24200	24200	EVET
CIKIS	d1916-nijerya-kamerun-isgal|1919-07-09|sag	Marua (Maroua)	8	7	-1	24200	24200	EVET
CIKIS	d1917-no-sov-petsamo|1917-11-07|sag	İnari	2	1	-1	2372	2368	HAYIR
CIKIS	d1918-fr-de-isgal|1918-11-11|sol	Mulhouse	4	3	-1	4360	4360	EVET
CIKIS	d1918-it-at-ateskes-2|1918-11-12|sol	Innsbruck	2	1	-1	760	760	EVET
CIKIS	d1918-it-at-ateskes-2|1919-12-31|sol	Innsbruck	2	1	-1	760	760	EVET
CIKIS	d1918-it-hab-ateskes-2|1918-11-03|sol	Innsbruck	2	1	-1	760	760	EVET
CIKIS	d1918-it-hab-ateskes-2|1918-11-10|sol	Innsbruck	2	1	-1	760	760	EVET
CIKIS	d1919-at-cs-fiili-1|1919-01-01|sol	Freistadt	3	2	-1	572	572	EVET
CIKIS	d1919-at-cs-fiili-1|1919-01-01|sol	Gmünd (Aşağı Avusturya)	3	2	-1	572	572	EVET
CIKIS	d1919-at-cs-fiili-1|1919-01-01|sol	Linz	3	2	-1	572	572	EVET
CIKIS	d1919-at-cs-fiili-1|1920-07-15|sol	Freistadt	3	2	-1	572	572	EVET
CIKIS	d1919-at-cs-fiili-1|1920-07-15|sol	Gmünd (Aşağı Avusturya)	3	2	-1	572	572	EVET
CIKIS	d1919-at-cs-fiili-1|1920-07-15|sol	Linz	3	2	-1	572	572	EVET
CIKIS	d1919-hu-cs-fiili-1|1919-07-25|sol	Fülek (Fiľakovo)	4	3	-1	636	636	EVET
CIKIS	d1919-hu-cs-fiili-1|1919-07-25|sol	Léva (Levice)	4	3	-1	636	636	EVET
CIKIS	d1919-hu-cs-fiili-1|1919-07-25|sol	Vaç (Vác)	4	3	-1	636	636	EVET
CIKIS	d1919-hu-cs-fiili-1|1921-07-25|sag	Fülek (Fiľakovo)	3	2	-1	432	432	EVET
CIKIS	d1919-hu-cs-fiili-1|1921-07-25|sol	Estergon	2	1	-1	636	632	HAYIR
CIKIS	d1919-hu-cs-fiili-2|1921-07-25|sag	Fülek (Fiľakovo)	2	1	-1	1468	1464	HAYIR
CIKIS	d1919-hu-cs-fiili-3|1919-07-25|sol	Kassa (Košice)	2	1	-1	68	68	EVET
CIKIS	d1919-nijerya-kamerun-milner-oncesi|1919-07-10|sag	Dikva (Dikeo)	8	7	-1	24200	24200	EVET
CIKIS	d1919-nijerya-kamerun-milner-oncesi|1919-07-10|sag	Garua (Garoua)	8	7	-1	24200	24200	EVET
CIKIS	d1919-nijerya-kamerun-milner-oncesi|1919-07-10|sag	Kukava (Kukawa)	8	7	-1	24200	24200	EVET
CIKIS	d1919-nijerya-kamerun-milner-oncesi|1919-07-10|sag	Marua (Maroua)	8	7	-1	24200	24200	EVET
CIKIS	d1919-nijerya-kamerun-milner-oncesi|1922-07-19|sag	Dikva (Dikeo)	8	7	-1	24200	24200	EVET
CIKIS	d1919-nijerya-kamerun-milner-oncesi|1922-07-19|sag	Garua (Garoua)	8	7	-1	24200	24200	EVET
CIKIS	d1919-nijerya-kamerun-milner-oncesi|1922-07-19|sag	Kukava (Kukawa)	8	7	-1	24200	24200	EVET
CIKIS	d1919-nijerya-kamerun-milner-oncesi|1922-07-19|sag	Marua (Maroua)	8	7	-1	24200	24200	EVET
CIKIS	d1920-hu-cs-rutenya-fiili|1920-08-30|sag	Munkács (Mukacheve)	2	1	-1	836	836	EVET
CIKIS	d1920-hu-cs-rutenya-fiili|1921-07-25|sag	Munkács (Mukacheve)	2	1	-1	836	836	EVET
CIKIS	d1920-hu-ro-fiili|1920-03-31|sol	Debrecen	7	6	-1	1616	1616	EVET
CIKIS	d1920-hu-ro-fiili|1920-03-31|sol	Gyula (Göle)	7	6	-1	1616	1616	EVET
CIKIS	d1920-hu-ro-fiili|1920-03-31|sol	Segedin (Szeged)	7	6	-1	1616	1616	EVET
CIKIS	d1920-hu-ro-fiili|1920-03-31|sol	Szatmár (Satu Mare)	7	6	-1	1616	1616	EVET
CIKIS	d1920-hu-ro-fiili|1920-03-31|sol	Temeşvar	7	6	-1	1616	1616	EVET
CIKIS	d1920-hu-ro-fiili|1920-03-31|sol	Varad (Oradea)	7	6	-1	1616	1616	EVET
CIKIS	d1920-hu-ro-fiili|1920-03-31|sol	Yanova (Ineu)	7	6	-1	1616	1616	EVET
CIKIS	d1920-hu-ro-fiili|1921-07-25|sag	Szatmár (Satu Mare)	2	1	-1	1692	1692	EVET
CIKIS	d1920-hu-ro-fiili|1921-07-25|sol	Gyula (Göle)	3	2	-1	1616	1616	EVET
CIKIS	d1920-hu-ro-fiili|1921-07-25|sol	Segedin (Szeged)	3	2	-1	1616	1616	EVET
CIKIS	d1923-af-sscb-bati|1917-11-07|sol	Herat	2	1	-1	3372	3372	EVET
CIKIS	d1923-af-sscb-bati|1923-10-28|sol	Herat	2	1	-1	3372	3372	EVET
CIKIS	d1923-al-yu-kosova|1921-11-09|sag	Debre (Dibra)	3	2	-1	1264	1264	EVET
CIKIS	d1923-al-yu-kosova|1921-11-09|sag	Podgorica	3	2	-1	1264	1264	EVET
CIKIS	d1923-al-yu-kosova|1923-10-28|sag	Debre (Dibra)	3	2	-1	1264	1264	EVET
CIKIS	d1923-al-yu-kosova|1923-10-28|sag	Podgorica	3	2	-1	1264	1264	EVET
CIKIS	d1923-al-yu-makedonya-1|1921-11-09|sag	Debre (Dibra)	3	2	-1	1356	1356	EVET
CIKIS	d1923-al-yu-makedonya-1|1921-11-09|sag	Ohri	3	2	-1	1356	1356	EVET
CIKIS	d1923-al-yu-makedonya-1|1921-11-09|sag	Prizren	3	2	-1	1356	1356	EVET
CIKIS	d1923-al-yu-makedonya-1|1923-10-28|sag	Debre (Dibra)	3	2	-1	1356	1356	EVET
CIKIS	d1923-al-yu-makedonya-1|1923-10-28|sag	Ohri	3	2	-1	1356	1356	EVET
CIKIS	d1923-al-yu-makedonya-1|1923-10-28|sag	Prizren	3	2	-1	1356	1356	EVET
CIKIS	d1923-altinkiyisi-fildisi-sahili|1923-10-28|sag	Begho (Bighu)	3	2	-1	5176	5176	EVET
CIKIS	d1923-altinkiyisi-fildisi-sahili|1923-10-28|sag	Bole	3	2	-1	5176	5176	EVET
CIKIS	d1923-altinkiyisi-fildisi-sahili|1923-10-28|sag	Bondugu (Gyaaman)	3	2	-1	5176	5176	EVET
CIKIS	d1923-angola-belcika-kongo|1908-11-15|sag	Boma	6	5	-1	10136	10136	EVET
CIKIS	d1923-angola-belcika-kongo|1908-11-15|sag	Kolvezi	6	5	-1	10136	10136	EVET
CIKIS	d1923-angola-belcika-kongo|1908-11-15|sag	Matadi	6	5	-1	10136	10136	EVET
CIKIS	d1923-angola-belcika-kongo|1908-11-15|sag	Musumba	6	5	-1	10136	10136	EVET
CIKIS	d1923-angola-belcika-kongo|1908-11-15|sag	Sandoa	6	5	-1	10136	10136	EVET
CIKIS	d1923-angola-belcika-kongo|1923-10-28|sag	Boma	6	5	-1	10136	10136	EVET
CIKIS	d1923-angola-belcika-kongo|1923-10-28|sag	Kolvezi	6	5	-1	10136	10136	EVET
CIKIS	d1923-angola-belcika-kongo|1923-10-28|sag	Matadi	6	5	-1	10136	10136	EVET
CIKIS	d1923-angola-belcika-kongo|1923-10-28|sag	Musumba	6	5	-1	10136	10136	EVET
CIKIS	d1923-angola-belcika-kongo|1923-10-28|sag	Sandoa	6	5	-1	10136	10136	EVET
CIKIS	d1923-angola-guneybati-afrika|1920-12-17|sag	Ondangva (Ondonga)	5	4	-1	14000	14000	EVET
CIKIS	d1923-angola-guneybati-afrika|1920-12-17|sag	Ondjiva (Ovambo)	5	4	-1	14000	14000	EVET
CIKIS	d1923-angola-guneybati-afrika|1920-12-17|sag	Senanga	5	4	-1	14000	14000	EVET
CIKIS	d1923-angola-guneybati-afrika|1923-10-28|sag	Ondangva (Ondonga)	5	4	-1	14000	14000	EVET
CIKIS	d1923-angola-guneybati-afrika|1923-10-28|sag	Ondjiva (Ovambo)	5	4	-1	14000	14000	EVET
CIKIS	d1923-angola-guneybati-afrika|1923-10-28|sag	Senanga	5	4	-1	14000	14000	EVET
CIKIS	d1923-angola-kuzey-rodezya-barotseland|1911-05-17|sag	Kabompo	5	4	-1	15632	15632	EVET
CIKIS	d1923-angola-kuzey-rodezya-barotseland|1911-05-17|sag	Seşeke (Sesheke)	5	4	-1	15632	15632	EVET
CIKIS	d1923-angola-kuzey-rodezya-barotseland|1911-05-17|sag	Zambezi (Balovale)	5	4	-1	15632	15632	EVET
CIKIS	d1923-angola-kuzey-rodezya-barotseland|1923-10-28|sag	Kabompo	5	4	-1	16100	16100	EVET
CIKIS	d1923-angola-kuzey-rodezya-barotseland|1923-10-28|sag	Zambezi (Balovale)	5	4	-1	16100	16100	EVET
CIKIS	d1923-ar-br|1900-05-26|sag	Nonohay (Yukarı Uruguay)	2	1	-1	7504	7500	HAYIR
CIKIS	d1923-ar-br|1923-10-28|sag	Catanduvas (Paraná)	3	2	-1	10808	10808	EVET
CIKIS	d1923-ar-br|1923-10-28|sag	Nonohay (Yukarı Uruguay)	3	2	-1	10808	10808	EVET
CIKIS	d1923-ar-py-nehirler|1876-09-13|sag	Asunción	3	2	-1	9796	9796	EVET
CIKIS	d1923-ar-py-nehirler|1876-09-13|sag	Encarnación (Itapúa)	3	2	-1	9796	9796	EVET
CIKIS	d1923-ar-py-nehirler|1876-09-13|sag	San Ignacio Guazú	3	2	-1	9796	9796	EVET
CIKIS	d1923-ar-py-nehirler|1923-10-28|sag	Asunción	3	2	-1	9796	9796	EVET
CIKIS	d1923-ar-py-nehirler|1923-10-28|sag	Encarnación (Itapúa)	3	2	-1	9796	9796	EVET
CIKIS	d1923-ar-py-nehirler|1923-10-28|sag	San Ignacio Guazú	3	2	-1	9796	9796	EVET
CIKIS	d1923-at-cs-morava|1920-07-16|sag	Bratislava	2	1	-1	968	968	EVET
CIKIS	d1923-at-cs-morava|1920-07-16|sag	Brno	2	1	-1	968	968	EVET
CIKIS	d1923-at-cs-morava|1923-10-28|sag	Bratislava	2	1	-1	968	968	EVET
CIKIS	d1923-at-cs-morava|1923-10-28|sag	Brno	2	1	-1	968	968	EVET
CIKIS	d1923-at-cs|1920-07-16|sag	Bratislava	3	2	-1	1556	1556	EVET
CIKIS	d1923-at-cs|1920-07-16|sol	Freistadt	3	2	-1	1124	1124	EVET
CIKIS	d1923-at-cs|1920-07-16|sol	Linz	3	2	-1	1124	1124	EVET
CIKIS	d1923-at-cs|1923-10-28|sag	Bratislava	3	2	-1	1556	1556	EVET
CIKIS	d1923-at-cs|1923-10-28|sol	Freistadt	3	2	-1	1128	1128	EVET
CIKIS	d1923-at-cs|1923-10-28|sol	Linz	3	2	-1	1128	1128	EVET
CIKIS	d1923-at-yu-karintiya|1920-10-10|sag	Ljubljana	2	1	-1	660	660	EVET
CIKIS	d1923-at-yu-karintiya|1920-10-10|sag	Maribor (Marburg)	2	1	-1	660	660	EVET
CIKIS	d1923-at-yu-karintiya|1923-10-28|sag	Maribor (Marburg)	2	1	-1	660	660	EVET
CIKIS	d1923-be-fr|1839-04-19|sol	Arlon	7	6	-1	5040	5040	EVET
CIKIS	d1923-be-fr|1839-04-19|sol	Namur	7	6	-1	5040	5040	EVET
CIKIS	d1923-be-fr|1839-04-19|sol	Neufchâteau (Belçika)	7	6	-1	5040	5040	EVET
CIKIS	d1923-be-fr|1839-04-19|sol	Tournai	7	6	-1	5040	5040	EVET
CIKIS	d1923-be-fr|1839-04-19|sol	Virton	7	6	-1	5040	5040	EVET
CIKIS	d1923-be-fr|1923-10-28|sol	Arlon	7	6	-1	5040	5040	EVET
CIKIS	d1923-be-fr|1923-10-28|sol	Namur	7	6	-1	5040	5040	EVET
CIKIS	d1923-be-fr|1923-10-28|sol	Neufchâteau (Belçika)	7	6	-1	5040	5040	EVET
CIKIS	d1923-be-fr|1923-10-28|sol	Tournai	7	6	-1	5040	5040	EVET
CIKIS	d1923-be-fr|1923-10-28|sol	Virton	7	6	-1	5040	5040	EVET
CIKIS	d1923-be-nl-1|1839-04-19|sol	Anvers (Antwerpen)	3	2	-1	396	396	EVET
CIKIS	d1923-be-nl-1|1839-04-19|sol	Brüj (Brugge)	3	2	-1	396	396	EVET
CIKIS	d1923-be-nl-1|1839-04-19|sol	Gent	3	2	-1	396	396	EVET
CIKIS	d1923-be-nl-1|1923-10-28|sol	Anvers (Antwerpen)	3	2	-1	392	392	EVET
CIKIS	d1923-be-nl-1|1923-10-28|sol	Brüj (Brugge)	3	2	-1	392	392	EVET
CIKIS	d1923-be-nl-1|1923-10-28|sol	Gent	3	2	-1	392	392	EVET
CIKIS	d1923-be-nl-2|1839-04-19|sol	Liège	2	1	-1	1548	1548	EVET
CIKIS	d1923-be-nl-2|1923-10-28|sol	Liège	2	1	-1	1548	1548	EVET
CIKIS	d1923-br-pe-tabatinga-apaporis|1889-11-15|sol	São Paulo de Olivença	2	1	-1	3612	3612	EVET
CIKIS	d1923-br-pe-tabatinga-apaporis|1889-11-15|sol	Tabatinga	2	1	-1	3612	3612	EVET
CIKIS	d1923-br-pe-tabatinga-apaporis|1923-10-28|sol	São Paulo de Olivença	2	1	-1	3612	3612	EVET
CIKIS	d1923-br-pe-tabatinga-apaporis|1923-10-28|sol	Tabatinga	2	1	-1	3612	3612	EVET
CIKIS	d1923-br-py-2|1889-11-15|sag	Fuerte Olimpo (Borbón)	3	2	-1	2888	2888	EVET
CIKIS	d1923-br-py-2|1889-11-15|sag	Lengua misyonu (Paraguay Chaco)	3	2	-1	2888	2888	EVET
CIKIS	d1923-br-py-2|1889-11-15|sag	Tacuatí (Ypané)	3	2	-1	2888	2888	EVET
CIKIS	d1923-br-py-2|1923-10-28|sag	Fuerte Olimpo (Borbón)	3	2	-1	2888	2888	EVET
CIKIS	d1923-br-py-2|1923-10-28|sag	Lengua misyonu (Paraguay Chaco)	3	2	-1	2888	2888	EVET
CIKIS	d1923-br-py-2|1923-10-28|sag	Tacuatí (Ypané)	3	2	-1	2888	2888	EVET
CIKIS	d1923-burundi-tanganyika|1922-07-20|sol	Kigali	3	2	-1	5444	5444	EVET
CIKIS	d1923-burundi-tanganyika|1922-07-20|sol	Nyanza (Ruanda)	3	2	-1	5444	5444	EVET
CIKIS	d1923-burundi-tanganyika|1923-10-28|sol	Kigali	3	2	-1	5444	5444	EVET
CIKIS	d1923-burundi-tanganyika|1923-10-28|sol	Nyanza (Ruanda)	3	2	-1	5444	5444	EVET
CIKIS	d1923-ca-us-141|1923-10-28|sol	Eagle (Fort Egbert)	3	2	-1	8544	8544	EVET
CIKIS	d1923-ca-us-141|1923-10-28|sol	Kaktovik (Barter Adası)	3	2	-1	8544	8544	EVET
CIKIS	d1923-ca-us-bati-2|1871-07-20|sol	Fort Colvile	3	2	-1	9080	9080	EVET
CIKIS	d1923-ca-us-bati-2|1923-10-28|sol	Fort Colvile	5	4	-1	8504	8504	EVET
CIKIS	d1923-ca-us-bati-2|1923-10-28|sol	Fort Kamloops	5	4	-1	8504	8504	EVET
CIKIS	d1923-ca-us-bati-2|1923-10-28|sol	Spokane House	5	4	-1	8504	8504	EVET
CIKIS	d1923-ca-us-dogu|1867-07-01|sol	Bytown (Ottawa)	13	12	-1	23032	23032	EVET
CIKIS	d1923-ca-us-dogu|1867-07-01|sol	Duluth (Fond du Lac)	13	12	-1	23032	23032	EVET
CIKIS	d1923-ca-us-dogu|1867-07-01|sol	Fort Frontenac (Kingston)	13	12	-1	23032	23032	EVET
CIKIS	d1923-ca-us-dogu|1867-07-01|sol	Quebec	13	12	-1	23032	23032	EVET
CIKIS	d1923-ca-us-dogu|1867-07-01|sol	Tadoussac	13	12	-1	23032	23032	EVET
CIKIS	d1923-ca-us-dogu|1867-07-01|sol	Trois-Rivières	13	12	-1	23032	23032	EVET
CIKIS	d1923-ca-us-dogu|1867-07-01|sol	York (Toronto)	13	12	-1	23032	23032	EVET
CIKIS	d1923-ca-us-dogu|1923-10-28|sol	Bytown (Ottawa)	13	12	-1	23004	23004	EVET
CIKIS	d1923-ca-us-dogu|1923-10-28|sol	Duluth (Fond du Lac)	13	12	-1	23004	23004	EVET
CIKIS	d1923-ca-us-dogu|1923-10-28|sol	Fort Frontenac (Kingston)	13	12	-1	23004	23004	EVET
CIKIS	d1923-ca-us-dogu|1923-10-28|sol	Quebec	13	12	-1	23004	23004	EVET
CIKIS	d1923-ca-us-dogu|1923-10-28|sol	Tadoussac	13	12	-1	23004	23004	EVET
CIKIS	d1923-ca-us-dogu|1923-10-28|sol	Trois-Rivières	13	12	-1	23004	23004	EVET
CIKIS	d1923-ca-us-dogu|1923-10-28|sol	York (Toronto)	13	12	-1	23004	23004	EVET
CIKIS	d1923-ca-us-prairie|1870-07-15|sag	Knife River (Hidatsa köyleri)	2	1	-1	3624	3624	EVET
CIKIS	d1923-ca-us-prairie|1923-10-28|sag	Knife River (Hidatsa köyleri)	4	3	-1	7540	7540	EVET
CIKIS	d1923-ca-us-prairie|1923-10-28|sol	Fort Walsh (Cypress Hills)	4	3	-1	12000	12000	EVET
CIKIS	d1923-cad-libya|1919-09-08|sag	Bardaî	2	1	-1	4016	4016	EVET
CIKIS	d1923-cad-libya|1919-09-08|sag	Vûr	2	1	-1	4016	4016	EVET
CIKIS	d1923-cad-libya|1923-10-28|sag	Bardaî	2	1	-1	4016	4016	EVET
CIKIS	d1923-cad-libya|1923-10-28|sag	Vûr	2	1	-1	4016	4016	EVET
CIKIS	d1923-cn-fc-BILINMIYOR-laos|1923-10-28|sol	Chiang Hung (Jinghong)	2	1	-1	1400	1400	EVET
CIKIS	d1923-cn-fc-BILINMIYOR-tonkin|1923-10-28|sag	Cao Bằng	2	1	-1	8404	8404	EVET
CIKIS	d1923-cn-fc-BILINMIYOR-tonkin|1923-10-28|sol	Kaihua (Wenshan)	3	2	-1	4328	4328	EVET
CIKIS	d1923-cs-ro|1923-02-07|sol	Erdel (Kaloşvar)	3	2	-1	2608	2608	EVET
CIKIS	d1923-cs-ro|1923-10-28|sol	Erdel (Kaloşvar)	3	2	-1	2608	2608	EVET
CIKIS	d1923-dahomey-nijerya|1906-10-19|sag	Busa (Borgu)	2	1	-1	8452	8452	EVET
CIKIS	d1923-dahomey-nijerya|1923-10-28|sag	Busa (Borgu)	2	1	-1	8452	8452	EVET
CIKIS	d1923-de-at|1918-11-12|sag	Regensburg	2	1	-1	3372	3372	EVET
CIKIS	d1923-de-at|1918-11-12|sol	Landeck	4	3	-1	4216	4216	EVET
CIKIS	d1923-de-at|1923-10-28|sag	Regensburg	2	1	-1	3372	3372	EVET
CIKIS	d1923-de-at|1923-10-28|sol	Landeck	4	3	-1	4220	4220	EVET
CIKIS	d1923-eritre-habesistan|1908-05-16|sol	Aseb	5	4	-1	7472	7472	EVET
CIKIS	d1923-eritre-habesistan|1908-05-16|sol	Tesseney	5	4	-1	7472	7472	EVET
CIKIS	d1923-eritre-habesistan|1923-10-28|sol	Aseb	5	4	-1	7472	7472	EVET
CIKIS	d1923-eritre-habesistan|1923-10-28|sol	Tesseney	5	4	-1	7472	7472	EVET
CIKIS	d1923-es-pt-kuzey|1866-11-04|sag	Bragança	3	2	-1	4380	4380	EVET
CIKIS	d1923-es-pt-kuzey|1866-11-04|sag	Coimbra	3	2	-1	4380	4380	EVET
CIKIS	d1923-es-pt-kuzey|1866-11-04|sol	Salamanca	3	2	-1	4240	4240	EVET
CIKIS	d1923-es-pt-kuzey|1923-10-28|sag	Bragança	3	2	-1	4380	4380	EVET
CIKIS	d1923-es-pt-kuzey|1923-10-28|sag	Coimbra	3	2	-1	4380	4380	EVET
CIKIS	d1923-es-pt-kuzey|1923-10-28|sol	Salamanca	3	2	-1	4244	4244	EVET
CIKIS	d1923-fi-lb|1923-03-07|sag	Deyrülkamer (Dayr al-Kamer)	4	3	-1	984	984	EVET
CIKIS	d1923-fi-lb|1923-03-07|sag	Sayda	4	3	-1	984	984	EVET
CIKIS	d1923-fi-lb|1923-03-07|sag	Sûr (Tyre) — Lübnan	4	3	-1	984	984	EVET
CIKIS	d1923-fi-lb|1923-03-07|sag	Şam	4	3	-1	984	984	EVET
CIKIS	d1923-fi-lb|1923-10-28|sag	Deyrülkamer (Dayr al-Kamer)	4	3	-1	984	984	EVET
CIKIS	d1923-fi-lb|1923-10-28|sag	Sayda	4	3	-1	984	984	EVET
CIKIS	d1923-fi-lb|1923-10-28|sag	Sûr (Tyre) — Lübnan	4	3	-1	984	984	EVET
CIKIS	d1923-fi-lb|1923-10-28|sag	Şam	4	3	-1	984	984	EVET
CIKIS	d1923-fi-no-bati|1917-12-06|sag	Alta	2	1	-1	548	548	EVET
CIKIS	d1923-fi-no-bati|1917-12-06|sag	Tromsø	2	1	-1	548	548	EVET
CIKIS	d1923-fi-no-bati|1917-12-06|sol	Sodankylä	3	2	-1	5756	5756	EVET
CIKIS	d1923-fi-no-bati|1917-12-06|sol	İnari	3	2	-1	5756	5756	EVET
CIKIS	d1923-fi-no-bati|1923-10-28|sag	Alta	2	1	-1	548	548	EVET
CIKIS	d1923-fi-no-bati|1923-10-28|sag	Tromsø	2	1	-1	548	548	EVET
CIKIS	d1923-fi-no-bati|1923-10-28|sol	Petsamo (Peçenga)	4	3	-1	8124	8124	EVET
CIKIS	d1923-fi-no-bati|1923-10-28|sol	Sodankylä	4	3	-1	8124	8124	EVET
CIKIS	d1923-fi-no-bati|1923-10-28|sol	İnari	4	3	-1	8124	8124	EVET
CIKIS	d1923-fi-no-petsamo|1920-12-31|sag	Petsamo (Peçenga)	2	1	-1	2372	2372	EVET
CIKIS	d1923-fi-no-petsamo|1920-12-31|sag	İnari	2	1	-1	2372	2368	HAYIR
CIKIS	d1923-fi-no-petsamo|1923-10-28|sag	Petsamo (Peçenga)	2	1	-1	2372	2372	EVET
CIKIS	d1923-fi-no-petsamo|1923-10-28|sag	İnari	2	1	-1	2372	2368	HAYIR
CIKIS	d1923-fi-se|1917-12-06|sag	Luleå	2	1	-1	3580	3580	EVET
CIKIS	d1923-fi-se|1923-10-28|sag	Luleå	2	1	-1	3580	3580	EVET
CIKIS	d1923-fr-ch-2|1814-05-30|sag	Besançon	2	1	-1	80	84	HAYIR
CIKIS	d1923-fr-ch-2|1814-05-30|sol	Cenevre	3	2	-1	452	452	EVET
CIKIS	d1923-fr-ch-2|1814-05-30|sol	Lozan	3	2	-1	452	452	EVET
CIKIS	d1923-fr-ch-2|1923-10-28|sol	Cenevre	3	2	-1	452	452	EVET
CIKIS	d1923-fr-ch-2|1923-10-28|sol	Lozan	3	2	-1	452	452	EVET
CIKIS	d1923-fr-ch-savoy-1|1860-03-24|sol	Lozan	2	1	-1	340	340	EVET
CIKIS	d1923-fr-ch-savoy-1|1923-10-28|sol	Lozan	2	1	-1	340	340	EVET
CIKIS	d1923-fr-es-bati|1868-07-11|sag	Bayonne	3	2	-1	2248	2248	EVET
CIKIS	d1923-fr-es-bati|1868-07-11|sag	Pau	3	2	-1	2248	2248	EVET
CIKIS	d1923-fr-es-bati|1923-10-28|sag	Bayonne	3	2	-1	2248	2248	EVET
CIKIS	d1923-fr-es-bati|1923-10-28|sag	Pau	3	2	-1	2248	2248	EVET
CIKIS	d1923-fr-es-dogu|1868-07-11|sag	Toulouse	2	1	-1	1400	1400	EVET
CIKIS	d1923-fr-es-dogu|1923-10-28|sag	Toulouse	2	1	-1	1400	1400	EVET
CIKIS	d1923-fransiz-gine-sierra-leone|1896-08-31|sol	Falaba	3	2	-1	9232	9232	EVET
CIKIS	d1923-fransiz-gine-sierra-leone|1896-08-31|sol	Konakri (Conakry)	3	2	-1	9232	9232	EVET
CIKIS	d1923-fransiz-gine-sierra-leone|1896-08-31|sol	Timbo	3	2	-1	9232	9232	EVET
CIKIS	d1923-fransiz-gine-sierra-leone|1923-10-28|sol	Konakri (Conakry)	4	3	-1	9244	9244	EVET
CIKIS	d1923-fransiz-gine-sierra-leone|1923-10-28|sol	Timbo	4	3	-1	9244	9244	EVET
CIKIS	d1923-gr-bg-bati|1913-08-10|sol	Petriç	2	1	-1	680	680	EVET
CIKIS	d1923-gr-bg-bati|1923-10-28|sol	Petriç	2	1	-1	676	676	EVET
CIKIS	d1923-gr-bg-dogu|1921-01-01|sag	Sofulu (Soufli)	5	4	-1	1464	1464	EVET
CIKIS	d1923-gr-bg-dogu|1923-10-28|sag	Sofulu (Soufli)	5	4	-1	1464	1464	EVET
CIKIS	d1923-guney-rodezya-mozambik|1923-10-01|sol	Massangena	5	4	-1	18328	18328	EVET
CIKIS	d1923-guney-rodezya-mozambik|1923-10-01|sol	Tete	5	4	-1	18328	18328	EVET
CIKIS	d1923-guney-rodezya-mozambik|1923-10-01|sol	Zumbo	5	4	-1	18328	18328	EVET
CIKIS	d1923-guney-rodezya-mozambik|1923-10-28|sol	Massangena	5	4	-1	18328	18328	EVET
CIKIS	d1923-guney-rodezya-mozambik|1923-10-28|sol	Tete	5	4	-1	18328	18328	EVET
CIKIS	d1923-guney-rodezya-mozambik|1923-10-28|sol	Zumbo	5	4	-1	18328	18328	EVET
CIKIS	d1923-habesistan-fransiz-somalisi|1897-03-20|sol	Alî Sabîh	2	1	-1	2924	2924	EVET
CIKIS	d1923-habesistan-fransiz-somalisi|1897-03-20|sol	Dikhil	2	1	-1	2924	2924	EVET
CIKIS	d1923-habesistan-fransiz-somalisi|1923-10-28|sol	Alî Sabîh	2	1	-1	2924	2924	EVET
CIKIS	d1923-habesistan-fransiz-somalisi|1923-10-28|sol	Dikhil	2	1	-1	2924	2924	EVET
CIKIS	d1923-habesistan-ingiliz-somalisi|1897-05-14|sag	Hargeysa	5	4	-1	10928	10928	EVET
CIKIS	d1923-habesistan-ingiliz-somalisi|1923-10-28|sag	Hargeysa	5	4	-1	10868	10868	EVET
CIKIS	d1923-hd-pt-orta|1916-08-17|sag	Maliana	2	1	-1	88	88	EVET
CIKIS	d1923-hd-pt-orta|1923-10-28|sag	Maliana	2	1	-1	88	88	EVET
CIKIS	d1923-hu-cs-1|1921-07-26|sag	Fülek (Fiľakovo)	3	2	-1	432	432	EVET
CIKIS	d1923-hu-cs-1|1921-07-26|sol	Estergon	2	1	-1	636	632	HAYIR
CIKIS	d1923-hu-cs-1|1923-10-28|sag	Fülek (Fiľakovo)	3	2	-1	432	432	EVET
CIKIS	d1923-hu-cs-1|1923-10-28|sol	Estergon	2	1	-1	636	632	HAYIR
CIKIS	d1923-hu-cs-2|1921-07-26|sag	Fülek (Fiľakovo)	2	1	-1	1468	1464	HAYIR
CIKIS	d1923-hu-cs-2|1923-10-28|sag	Fülek (Fiľakovo)	2	1	-1	1468	1464	HAYIR
CIKIS	d1923-hu-cs-rutenya|1921-07-26|sag	Munkács (Mukacheve)	2	1	-1	836	836	EVET
CIKIS	d1923-hu-cs-rutenya|1923-10-28|sag	Munkács (Mukacheve)	2	1	-1	836	836	EVET
CIKIS	d1923-hu-ro|1921-07-26|sag	Szatmár (Satu Mare)	2	1	-1	1692	1692	EVET
CIKIS	d1923-hu-ro|1921-07-26|sol	Gyula (Göle)	3	2	-1	1616	1616	EVET
CIKIS	d1923-hu-ro|1921-07-26|sol	Segedin (Szeged)	3	2	-1	1616	1616	EVET
CIKIS	d1923-hu-ro|1923-10-28|sag	Szatmár (Satu Mare)	2	1	-1	1692	1692	EVET
CIKIS	d1923-hu-ro|1923-10-28|sol	Gyula (Göle)	3	2	-1	1616	1616	EVET
CIKIS	d1923-hu-ro|1923-10-28|sol	Segedin (Szeged)	3	2	-1	1616	1616	EVET
CIKIS	d1923-hu-yu-hirvatistan|1921-07-26|sag	Kanije	3	2	-1	320	320	EVET
CIKIS	d1923-hu-yu-hirvatistan|1921-07-26|sag	Zigetvar	3	2	-1	320	316	HAYIR
CIKIS	d1923-hu-yu-hirvatistan|1921-07-26|sol	Baç (Bács)	3	2	-1	552	552	EVET
CIKIS	d1923-hu-yu-hirvatistan|1921-07-26|sol	Ösek (Osijek)	3	2	-1	552	552	EVET
CIKIS	d1923-hu-yu-hirvatistan|1923-10-28|sag	Kanije	3	2	-1	320	320	EVET
CIKIS	d1923-hu-yu-hirvatistan|1923-10-28|sag	Zigetvar	3	2	-1	320	316	HAYIR
CIKIS	d1923-hu-yu-hirvatistan|1923-10-28|sol	Baç (Bács)	3	2	-1	552	552	EVET
CIKIS	d1923-hu-yu-hirvatistan|1923-10-28|sol	Ösek (Osijek)	3	2	-1	552	552	EVET
CIKIS	d1923-hu-yu-sirbistan|1921-07-26|sag	Baç (Bács)	2	1	-1	748	748	EVET
CIKIS	d1923-hu-yu-sirbistan|1921-07-26|sag	Ösek (Osijek)	2	1	-1	748	748	EVET
CIKIS	d1923-hu-yu-sirbistan|1923-10-28|sag	Baç (Bács)	2	1	-1	748	748	EVET
CIKIS	d1923-hu-yu-sirbistan|1923-10-28|sag	Ösek (Osijek)	2	1	-1	748	748	EVET
CIKIS	d1923-hu-yu-slovenya|1921-07-26|sag	Murska Sobota	2	1	-1	1492	1492	EVET
CIKIS	d1923-hu-yu-slovenya|1923-10-28|sag	Murska Sobota	2	1	-1	1492	1492	EVET
CIKIS	d1923-ie-gb|1922-12-06|sol	Belfast	2	1	-1	1280	1280	EVET
CIKIS	d1923-ie-gb|1922-12-06|sol	Derry	2	1	-1	1280	1280	EVET
CIKIS	d1923-ie-gb|1923-10-28|sol	Belfast	2	1	-1	1280	1280	EVET
CIKIS	d1923-ie-gb|1923-10-28|sol	Derry	2	1	-1	1280	1280	EVET
CIKIS	d1923-ih-cn-guney1-1|1923-10-28|sag	Bhamo	2	1	-1	1348	1348	EVET
CIKIS	d1923-ih-cn-guney1-1|1923-10-28|sag	Myitkyina	2	1	-1	1348	1348	EVET
CIKIS	d1923-ih-np-BILINMIYOR|1875-01-07|sol	Feyzâbâd (Ayodhya)	7	6	-1	11828	11828	EVET
CIKIS	d1923-ih-np-BILINMIYOR|1875-01-07|sol	Gorakhpûr	7	6	-1	11828	11828	EVET
CIKIS	d1923-ih-np-BILINMIYOR|1875-01-07|sol	Mungîr (Monghyr)	7	6	-1	11828	11828	EVET
CIKIS	d1923-ih-np-BILINMIYOR|1875-01-07|sol	Patna (Azîmâbâd)	7	6	-1	11828	11828	EVET
CIKIS	d1923-ih-np-BILINMIYOR|1923-10-28|sol	Feyzâbâd (Ayodhya)	7	6	-1	11828	11828	EVET
CIKIS	d1923-ih-np-BILINMIYOR|1923-10-28|sol	Gorakhpûr	7	6	-1	11828	11828	EVET
CIKIS	d1923-ih-np-BILINMIYOR|1923-10-28|sol	Mungîr (Monghyr)	7	6	-1	11828	11828	EVET
CIKIS	d1923-ih-np-BILINMIYOR|1923-10-28|sol	Patna (Azîmâbâd)	7	6	-1	11828	11828	EVET
CIKIS	d1923-iq-ir|1921-08-23|sag	Kût el-Amâre	5	4	-1	5716	5716	EVET
CIKIS	d1923-iq-ir|1921-08-23|sag	Vâsıt	5	4	-1	5716	5716	EVET
CIKIS	d1923-iq-ir|1921-08-23|sol	Bâne	7	6	-1	5652	5652	EVET
CIKIS	d1923-iq-ir|1921-08-23|sol	Dizfûl	7	6	-1	5652	5652	EVET
CIKIS	d1923-iq-ir|1921-08-23|sol	Kasr-ı Şîrîn	7	6	-1	5652	5652	EVET
CIKIS	d1923-iq-ir|1921-08-23|sol	Merîvan	7	6	-1	5652	5652	EVET
CIKIS	d1923-iq-ir|1923-10-28|sag	Kût el-Amâre	5	4	-1	5716	5716	EVET
CIKIS	d1923-iq-ir|1923-10-28|sag	Vâsıt	5	4	-1	5716	5716	EVET
CIKIS	d1923-iq-ir|1923-10-28|sol	Bâne	7	6	-1	5652	5652	EVET
CIKIS	d1923-iq-ir|1923-10-28|sol	Dizfûl	7	6	-1	5652	5652	EVET
CIKIS	d1923-iq-ir|1923-10-28|sol	Kasr-ı Şîrîn	7	6	-1	5652	5652	EVET
CIKIS	d1923-iq-ir|1923-10-28|sol	Merîvan	7	6	-1	5652	5652	EVET
CIKIS	d1923-ir-af-kuzey|1891-01-01|sag	Serahs	2	1	-1	3240	3240	EVET
CIKIS	d1923-ir-af-kuzey|1923-10-28|sag	Serahs	2	1	-1	3240	3240	EVET
CIKIS	d1923-it-at-2|1920-01-01|sol	Innsbruck	2	1	-1	760	760	EVET
CIKIS	d1923-it-at-2|1923-10-28|sol	Innsbruck	2	1	-1	760	760	EVET
CIKIS	d1923-it-ch|1861-03-17|sag	Milano	3	2	-1	1260	1260	EVET
CIKIS	d1923-it-ch|1923-10-28|sag	Milano	3	2	-1	1304	1304	EVET
CIKIS	d1923-jp-sscb-sahalin|1917-11-07|sag	Onor	2	1	-1	2640	2640	EVET
CIKIS	d1923-jp-sscb-sahalin|1917-11-07|sag	Poronay yukarısı (bölge)	2	1	-1	2640	2640	EVET
CIKIS	d1923-jp-sscb-sahalin|1923-10-28|sag	Onor	2	1	-1	2640	2640	EVET
CIKIS	d1923-jp-sscb-sahalin|1923-10-28|sag	Poronay yukarısı (bölge)	2	1	-1	2640	2640	EVET
CIKIS	d1923-kongo-fransiz-belcika|1910-01-15|sag	Epena	3	2	-1	8716	8716	EVET
CIKIS	d1923-kongo-fransiz-belcika|1923-10-28|sag	Epena	3	2	-1	8716	8716	EVET
CIKIS	d1923-liberya-sierra-leone|1911-01-01|sol	Gbarnga	2	1	-1	2832	2832	EVET
CIKIS	d1923-liberya-sierra-leone|1911-01-01|sol	Monrovia	2	1	-1	2832	2832	EVET
CIKIS	d1923-liberya-sierra-leone|1923-10-28|sol	Gbarnga	2	1	-1	2832	2832	EVET
CIKIS	d1923-liberya-sierra-leone|1923-10-28|sol	Monrovia	2	1	-1	2832	2832	EVET
CIKIS	d1923-lt-lv|1921-05-14|sag	Cēsis (Wenden)	3	2	-1	2104	2104	EVET
CIKIS	d1923-lt-lv|1921-05-14|sag	Riga	3	2	-1	2104	2104	EVET
CIKIS	d1923-lt-lv|1923-10-28|sag	Cēsis (Wenden)	3	2	-1	2104	2104	EVET
CIKIS	d1923-lt-lv|1923-10-28|sag	Riga	3	2	-1	2104	2104	EVET
CIKIS	d1923-lt-lv|1923-10-28|sol	Klaipėda (Memel)	2	1	-1	3492	3492	EVET
CIKIS	d1923-malavi-mozambik|1907-01-01|sag	Blantyre	5	4	-1	12304	12304	EVET
CIKIS	d1923-malavi-mozambik|1907-01-01|sag	Mangoçi	5	4	-1	12304	12304	EVET
CIKIS	d1923-malavi-mozambik|1907-01-01|sag	Mankhamba (Maravi)	5	4	-1	12304	12304	EVET
CIKIS	d1923-malavi-mozambik|1907-01-01|sag	Zomba	5	4	-1	12304	12304	EVET
CIKIS	d1923-malavi-mozambik|1907-01-01|sag	Çipata (Fort Jameson)	5	4	-1	12304	12304	EVET
CIKIS	d1923-malavi-mozambik|1907-01-01|sol	Kuamba	4	3	-1	2172	2172	EVET
CIKIS	d1923-malavi-mozambik|1907-01-01|sol	Licinga	4	3	-1	2172	2172	EVET
CIKIS	d1923-malavi-mozambik|1907-01-01|sol	Tete	4	3	-1	2172	2172	EVET
CIKIS	d1923-malavi-mozambik|1923-10-28|sag	Blantyre	5	4	-1	12304	12304	EVET
CIKIS	d1923-malavi-mozambik|1923-10-28|sag	Mangoçi	5	4	-1	12304	12304	EVET
CIKIS	d1923-malavi-mozambik|1923-10-28|sag	Mankhamba (Maravi)	5	4	-1	12304	12304	EVET
CIKIS	d1923-malavi-mozambik|1923-10-28|sag	Zomba	5	4	-1	12304	12304	EVET
CIKIS	d1923-malavi-mozambik|1923-10-28|sag	Çipata (Fort Jameson)	5	4	-1	12304	12304	EVET
CIKIS	d1923-malavi-mozambik|1923-10-28|sol	Kuamba	4	3	-1	2172	2172	EVET
CIKIS	d1923-malavi-mozambik|1923-10-28|sol	Licinga	4	3	-1	2172	2172	EVET
CIKIS	d1923-malavi-mozambik|1923-10-28|sol	Tete	4	3	-1	2172	2172	EVET
CIKIS	d1923-mx-gt|1882-09-27|sol	Nojpetén (Tayasal / Flores)	2	1	-1	7588	7588	EVET
CIKIS	d1923-mx-gt|1923-10-28|sol	Nojpetén (Tayasal / Flores)	2	1	-1	7588	7588	EVET
CIKIS	d1923-nijer-nijerya|1910-02-19|sag	Birni N'gazargamu	4	3	-1	6284	6284	EVET
CIKIS	d1923-nijer-nijerya|1910-02-19|sag	Kukava (Kukawa)	4	3	-1	6284	6284	EVET
CIKIS	d1923-nijer-nijerya|1910-02-19|sol	Madaoua	4	3	-1	7316	7316	EVET
CIKIS	d1923-nijer-nijerya|1923-10-28|sag	Birni N'gazargamu	4	3	-1	6284	6284	EVET
CIKIS	d1923-nijer-nijerya|1923-10-28|sol	Madaoua	5	4	-1	7408	7408	EVET
CIKIS	d1923-nijerya-kamerun-milner-simon|1922-07-20|sag	Dikva (Dikeo)	8	7	-1	24200	24200	EVET
CIKIS	d1923-nijerya-kamerun-milner-simon|1922-07-20|sag	Garua (Garoua)	8	7	-1	24200	24200	EVET
CIKIS	d1923-nijerya-kamerun-milner-simon|1922-07-20|sag	Kukava (Kukawa)	8	7	-1	24200	24200	EVET
CIKIS	d1923-nijerya-kamerun-milner-simon|1922-07-20|sag	Marua (Maroua)	8	7	-1	24200	24200	EVET
CIKIS	d1923-nijerya-kamerun-milner-simon|1923-10-28|sag	Dikva (Dikeo)	8	7	-1	24200	24200	EVET
CIKIS	d1923-nijerya-kamerun-milner-simon|1923-10-28|sag	Garua (Garoua)	8	7	-1	24200	24200	EVET
CIKIS	d1923-nijerya-kamerun-milner-simon|1923-10-28|sag	Kukava (Kukawa)	8	7	-1	24200	24200	EVET
CIKIS	d1923-nijerya-kamerun-milner-simon|1923-10-28|sag	Marua (Maroua)	8	7	-1	24200	24200	EVET
CIKIS	d1923-nl-de|1824-07-02|sol	Münster	3	2	-1	1092	1092	EVET
CIKIS	d1923-nl-de|1923-10-28|sol	Dortmund	3	2	-1	792	792	EVET
CIKIS	d1923-nl-de|1923-10-28|sol	Münster	3	2	-1	792	792	EVET
CIKIS	d1923-no-se|1905-06-07|sag	Östersund (Jämtland)	4	3	-1	5208	5208	EVET
CIKIS	d1923-no-se|1905-06-07|sol	Bodø	6	5	-1	11836	11836	EVET
CIKIS	d1923-no-se|1905-06-07|sol	Hamar	6	5	-1	11836	11836	EVET
CIKIS	d1923-no-se|1905-06-07|sol	Mosjøen	6	5	-1	11836	11836	EVET
CIKIS	d1923-no-se|1905-06-07|sol	Tromsø	6	5	-1	11836	11836	EVET
CIKIS	d1923-no-se|1923-10-28|sag	Östersund (Jämtland)	4	3	-1	5208	5208	EVET
CIKIS	d1923-no-se|1923-10-28|sol	Bodø	6	5	-1	11836	11836	EVET
CIKIS	d1923-no-se|1923-10-28|sol	Hamar	6	5	-1	11836	11836	EVET
CIKIS	d1923-no-se|1923-10-28|sol	Mosjøen	6	5	-1	11836	11836	EVET
CIKIS	d1923-no-se|1923-10-28|sol	Tromsø	6	5	-1	11836	11836	EVET
CIKIS	d1923-orta-afrika-cumhuriyeti-belcika-kongo|1923-10-28|sol	Bangassu	5	4	-1	15004	15004	EVET
CIKIS	d1923-orta-afrika-cumhuriyeti-belcika-kongo|1923-10-28|sol	Obo	5	4	-1	15004	15004	EVET
CIKIS	d1923-orta-afrika-cumhuriyeti-belcika-kongo|1923-10-28|sol	Rafai	5	4	-1	15004	15004	EVET
CIKIS	d1923-orta-afrika-cumhuriyeti-belcika-kongo|1923-10-28|sol	Zemio	5	4	-1	15004	15004	EVET
CIKIS	d1923-portekiz-gine-senegal|1906-07-12|sol	Bissav (Bissau)	2	1	-1	4816	4816	EVET
CIKIS	d1923-portekiz-gine-senegal|1906-07-12|sol	Kaşev (Cacheu)	2	1	-1	4816	4816	EVET
CIKIS	d1923-portekiz-gine-senegal|1923-10-28|sol	Bissav (Bissau)	2	1	-1	4816	4816	EVET
CIKIS	d1923-portekiz-gine-senegal|1923-10-28|sol	Kaşev (Cacheu)	2	1	-1	4816	4816	EVET
CIKIS	d1923-ro-su|1918-04-08|sol	Orhei	4	3	-1	3872	3872	EVET
CIKIS	d1923-ro-su|1918-04-08|sol	Soroka (Soroca)	4	3	-1	3872	3872	EVET
CIKIS	d1923-ro-su|1923-10-28|sol	Orhei	4	3	-1	3872	3872	EVET
CIKIS	d1923-ro-su|1923-10-28|sol	Soroka (Soroca)	4	3	-1	3872	3872	EVET
CIKIS	d1923-senegal-gambiya|1895-06-16|sol	Albreda-Cufure	2	1	-1	3144	3144	EVET
CIKIS	d1923-senegal-gambiya|1895-06-16|sol	Bathurst (Banjul)	2	1	-1	3144	3144	EVET
CIKIS	d1923-senegal-gambiya|1923-10-28|sol	Albreda-Cufure	2	1	-1	3144	3144	EVET
CIKIS	d1923-senegal-gambiya|1923-10-28|sol	Bathurst (Banjul)	2	1	-1	3144	3144	EVET
CIKIS	d1923-sudan-belcika-kongo|1910-06-16|sag	Maridi	4	3	-1	10832	10832	EVET
CIKIS	d1923-sudan-belcika-kongo|1910-06-16|sag	Tembura	4	3	-1	10832	10832	EVET
CIKIS	d1923-sudan-belcika-kongo|1910-06-16|sag	Yambio	4	3	-1	10832	10832	EVET
CIKIS	d1923-sudan-belcika-kongo|1923-10-28|sag	Maridi	4	3	-1	10832	10832	EVET
CIKIS	d1923-sudan-belcika-kongo|1923-10-28|sag	Tembura	4	3	-1	10832	10832	EVET
CIKIS	d1923-sudan-belcika-kongo|1923-10-28|sag	Yambio	4	3	-1	10832	10832	EVET
CIKIS	d1923-tanganika-mozambik|1922-07-20|sag	Mvembe (Mataka)	5	4	-1	12400	12400	EVET
CIKIS	d1923-tanganika-mozambik|1922-07-20|sag	Tunduru	5	4	-1	12400	12400	EVET
CIKIS	d1923-tanganika-mozambik|1923-10-28|sag	Mvembe (Mataka)	5	4	-1	12400	12400	EVET
CIKIS	d1923-tanganika-mozambik|1923-10-28|sag	Tunduru	5	4	-1	12400	12400	EVET
CIKIS	d1923-tr-ir-1|1920-04-23|sol	Doğubayazıt	3	2	-1	204	204	EVET
CIKIS	d1923-tr-ir-1|1920-04-23|sol	Çaldıran	3	2	-1	204	204	EVET
CIKIS	d1923-tr-ir-1|1920-04-23|sol	Şeyhrumi (Yücelen)	3	2	-1	204	204	EVET
CIKIS	d1923-tr-ir-1|1923-10-28|sol	Doğubayazıt	3	2	-1	204	204	EVET
CIKIS	d1923-tr-ir-1|1923-10-28|sol	Çaldıran	3	2	-1	204	204	EVET
CIKIS	d1923-tr-ir-1|1923-10-28|sol	Şeyhrumi (Yücelen)	3	2	-1	204	204	EVET
CIKIS	d1923-tr-sscb-ermenistan|1921-03-16|sag	Ahılkelek (Akhalkalaki)	8	7	-1	4740	4740	EVET
CIKIS	d1923-tr-sscb-ermenistan|1921-03-16|sag	Arpaçay (Akyaka)	8	7	-1	4740	4740	EVET
CIKIS	d1923-tr-sscb-ermenistan|1921-03-16|sag	Hanak	8	7	-1	4740	4740	EVET
CIKIS	d1923-tr-sscb-ermenistan|1921-03-16|sag	Iğdır	8	7	-1	4740	4740	EVET
CIKIS	d1923-tr-sscb-ermenistan|1921-03-16|sag	Norapat	8	7	-1	4740	4740	EVET
CIKIS	d1923-tr-sscb-gurcistan|1921-03-16|sag	Artvin	9	8	-1	3144	3144	EVET
CIKIS	d1923-tr-sscb-gurcistan|1921-03-16|sag	Hanak	9	8	-1	3144	3144	EVET
CIKIS	d1923-tr-sscb-gurcistan|1921-03-16|sag	Sarp	9	8	-1	3144	3140	HAYIR
CIKIS	d1923-tr-sscb-gurcistan|1921-03-16|sag	Ts’q’altbila	9	8	-1	3144	3144	EVET
CIKIS	d1923-tr-sscb-gurcistan|1921-03-16|sag	Şavşat	9	8	-1	3144	3144	EVET
CIKIS	d1923-tr-sy-dogu|1921-10-20|sag	Babū	6	5	-1	1072	1072	EVET
CIKIS	d1923-tr-sy-dogu|1921-10-20|sag	Malikiye (Derik)	6	5	-1	1072	1072	EVET
CIKIS	d1923-tr-sy-dogu|1921-10-20|sag	Qaţţīnah	6	5	-1	1072	1072	EVET
CIKIS	d1923-tr-sy-dogu|1921-10-20|sag	Ḩīmū	6	5	-1	1072	1072	EVET
CIKIS	d1923-tr-sy-dogu|1921-10-20|sol	Akçakale	5	4	-1	1656	1656	EVET
CIKIS	d1923-tr-sy-dogu|1921-10-20|sol	Cibri (Güçlü)	5	4	-1	1656	1656	EVET
CIKIS	d1923-tr-sy-dogu|1923-10-28|sag	Babū	6	5	-1	1072	1072	EVET
CIKIS	d1923-tr-sy-dogu|1923-10-28|sag	Malikiye (Derik)	6	5	-1	1072	1072	EVET
CIKIS	d1923-tr-sy-dogu|1923-10-28|sag	Qaţţīnah	6	5	-1	1072	1072	EVET
CIKIS	d1923-tr-sy-dogu|1923-10-28|sag	Ḩīmū	6	5	-1	1072	1072	EVET
CIKIS	d1923-tr-sy-dogu|1923-10-28|sol	Akçakale	5	4	-1	1656	1656	EVET
CIKIS	d1923-tr-sy-dogu|1923-10-28|sol	Cibri (Güçlü)	5	4	-1	1656	1656	EVET
CIKIS	d1923-uganda-belcika-kongo|1915-02-03|sol	Butembo	2	1	-1	1776	1776	EVET
CIKIS	d1923-uganda-belcika-kongo|1923-10-28|sol	Butembo	3	2	-1	2676	2676	EVET
CIKIS	d1923-us-mx-gadsden|1923-10-28|sag	Douglas (Arizona)	4	3	-1	8264	8264	EVET
CIKIS	d1923-us-mx-gadsden|1923-10-28|sag	Santa Rita del Cobre	4	3	-1	8264	8264	EVET
CIKIS	d1923-us-mx-kaliforniya|1848-05-30|sag	Yuma geçidi (La Purísima Concepción)	2	1	-1	4124	4124	EVET
CIKIS	d1923-us-mx-kaliforniya|1923-10-28|sag	Yuma geçidi (La Purísima Concepción)	2	1	-1	4124	4124	EVET
CIKIS	dg2-gecici-no-bati|1917-03-15|sag	Alta	2	1	-1	548	548	EVET
CIKIS	dg2-gecici-no-bati|1917-03-15|sag	Tromsø	2	1	-1	548	548	EVET
CIKIS	dg2-gecici-no-bati|1917-03-15|sol	Petsamo (Peçenga)	4	3	-1	8124	8124	EVET
CIKIS	dg2-gecici-no-bati|1917-03-15|sol	Sodankylä	4	3	-1	8124	8124	EVET
CIKIS	dg2-gecici-no-bati|1917-03-15|sol	İnari	4	3	-1	8124	8124	EVET
CIKIS	dg2-gecici-no-bati|1917-11-06|sag	Alta	2	1	-1	548	548	EVET
CIKIS	dg2-gecici-no-bati|1917-11-06|sag	Tromsø	2	1	-1	548	548	EVET
CIKIS	dg2-gecici-no-bati|1917-11-06|sol	Petsamo (Peçenga)	4	3	-1	8124	8124	EVET
CIKIS	dg2-gecici-no-bati|1917-11-06|sol	Sodankylä	4	3	-1	8124	8124	EVET
CIKIS	dg2-gecici-no-bati|1917-11-06|sol	İnari	4	3	-1	8124	8124	EVET
CIKIS	dg2-gecici-no-petsamo|1917-03-15|sag	İnari	2	1	-1	2372	2368	HAYIR
CIKIS	dg2-gecici-no-petsamo|1917-11-06|sag	İnari	2	1	-1	2372	2368	HAYIR
CIKIS	dg2-gecici-se|1917-03-15|sag	Luleå	2	1	-1	3580	3580	EVET
CIKIS	dg2-gecici-se|1917-11-06|sag	Luleå	2	1	-1	3580	3580	EVET
CIKIS	dg2-rusya-no-bati|1905-06-07|sag	Alta	2	1	-1	548	548	EVET
CIKIS	dg2-rusya-no-bati|1905-06-07|sag	Tromsø	2	1	-1	548	548	EVET
CIKIS	dg2-rusya-no-bati|1905-06-07|sol	Petsamo (Peçenga)	4	3	-1	8124	8124	EVET
CIKIS	dg2-rusya-no-bati|1905-06-07|sol	Sodankylä	4	3	-1	8124	8124	EVET
CIKIS	dg2-rusya-no-bati|1905-06-07|sol	İnari	4	3	-1	8124	8124	EVET
CIKIS	dg2-rusya-no-bati|1917-03-14|sag	Alta	2	1	-1	548	548	EVET
CIKIS	dg2-rusya-no-bati|1917-03-14|sag	Tromsø	2	1	-1	548	548	EVET
CIKIS	dg2-rusya-no-bati|1917-03-14|sol	Petsamo (Peçenga)	4	3	-1	8124	8124	EVET
CIKIS	dg2-rusya-no-bati|1917-03-14|sol	Sodankylä	4	3	-1	8124	8124	EVET
CIKIS	dg2-rusya-no-bati|1917-03-14|sol	İnari	4	3	-1	8124	8124	EVET
CIKIS	dg2-rusya-no-petsamo|1905-06-07|sag	İnari	2	1	-1	2372	2368	HAYIR
CIKIS	dg2-rusya-no-petsamo|1917-03-14|sag	İnari	2	1	-1	2372	2368	HAYIR
CIKIS	dg2-rusya-se|1809-09-17|sag	Luleå	2	1	-1	3580	3580	EVET
CIKIS	dg2-rusya-se|1917-03-14|sag	Luleå	2	1	-1	3580	3580	EVET
CIKIS	dg2-sovyet-no-bati|1917-11-07|sag	Alta	2	1	-1	548	548	EVET
CIKIS	dg2-sovyet-no-bati|1917-11-07|sag	Tromsø	2	1	-1	548	548	EVET
CIKIS	dg2-sovyet-no-bati|1917-11-07|sol	Petsamo (Peçenga)	4	3	-1	8124	8124	EVET
CIKIS	dg2-sovyet-no-bati|1917-11-07|sol	Sodankylä	4	3	-1	8124	8124	EVET
CIKIS	dg2-sovyet-no-bati|1917-11-07|sol	İnari	4	3	-1	8124	8124	EVET
CIKIS	dg2-sovyet-no-bati|1917-12-05|sag	Alta	2	1	-1	548	548	EVET
CIKIS	dg2-sovyet-no-bati|1917-12-05|sag	Tromsø	2	1	-1	548	548	EVET
CIKIS	dg2-sovyet-no-bati|1917-12-05|sol	Petsamo (Peçenga)	4	3	-1	8124	8124	EVET
CIKIS	dg2-sovyet-no-bati|1917-12-05|sol	Sodankylä	4	3	-1	8124	8124	EVET
CIKIS	dg2-sovyet-no-bati|1917-12-05|sol	İnari	4	3	-1	8124	8124	EVET
CIKIS	dg2-sovyet-se|1917-11-07|sag	Luleå	2	1	-1	3580	3580	EVET
CIKIS	dg2-sovyet-se|1917-12-05|sag	Luleå	2	1	-1	3580	3580	EVET
CIKIS	dg4-be-fr-fiili|1830-10-04|sol	Arlon	7	6	-1	5040	5040	EVET
CIKIS	dg4-be-fr-fiili|1830-10-04|sol	Namur	7	6	-1	5040	5040	EVET
CIKIS	dg4-be-fr-fiili|1830-10-04|sol	Neufchâteau (Belçika)	7	6	-1	5040	5040	EVET
CIKIS	dg4-be-fr-fiili|1830-10-04|sol	Tournai	7	6	-1	5040	5040	EVET
CIKIS	dg4-be-fr-fiili|1830-10-04|sol	Virton	7	6	-1	5040	5040	EVET
CIKIS	dg4-be-fr-fiili|1839-04-18|sol	Arlon	7	6	-1	5040	5040	EVET
CIKIS	dg4-be-fr-fiili|1839-04-18|sol	Namur	7	6	-1	5040	5040	EVET
CIKIS	dg4-be-fr-fiili|1839-04-18|sol	Neufchâteau (Belçika)	7	6	-1	5040	5040	EVET
CIKIS	dg4-be-fr-fiili|1839-04-18|sol	Tournai	7	6	-1	5040	5040	EVET
CIKIS	dg4-be-fr-fiili|1839-04-18|sol	Virton	7	6	-1	5040	5040	EVET
CIKIS	dg4-hab-ch-lombardiya|1815-06-09|sag	Milano	4	3	-1	4004	4004	EVET
CIKIS	dg4-nl-fr-kortrijk|1820-03-28|sol	Arlon	8	7	-1	5068	5068	EVET
CIKIS	dg4-nl-fr-kortrijk|1820-03-28|sol	Lüksemburg	8	7	-1	5068	5068	EVET
CIKIS	dg4-nl-fr-kortrijk|1820-03-28|sol	Namur	8	7	-1	5068	5068	EVET
CIKIS	dg4-nl-fr-kortrijk|1820-03-28|sol	Neufchâteau (Belçika)	8	7	-1	5068	5068	EVET
CIKIS	dg4-nl-fr-kortrijk|1820-03-28|sol	Tournai	8	7	-1	5068	5068	EVET
CIKIS	dg4-nl-fr-kortrijk|1820-03-28|sol	Virton	8	7	-1	5068	5068	EVET
CIKIS	dg4-nl-fr-kortrijk|1830-10-03|sol	Arlon	8	7	-1	5068	5068	EVET
CIKIS	dg4-nl-fr-kortrijk|1830-10-03|sol	Lüksemburg	8	7	-1	5068	5068	EVET
CIKIS	dg4-nl-fr-kortrijk|1830-10-03|sol	Namur	8	7	-1	5068	5068	EVET
CIKIS	dg4-nl-fr-kortrijk|1830-10-03|sol	Neufchâteau (Belçika)	8	7	-1	5068	5068	EVET
CIKIS	dg4-nl-fr-kortrijk|1830-10-03|sol	Tournai	8	7	-1	5068	5068	EVET
CIKIS	dg4-nl-fr-kortrijk|1830-10-03|sol	Virton	8	7	-1	5068	5068	EVET
CIKIS	dg4-sa-ch-lombardiya|1859-11-10|sag	Milano	2	1	-1	1084	1084	EVET
CIKIS	dg4-sa-ch-lombardiya|1861-03-16|sag	Milano	2	1	-1	1084	1084	EVET
CIKIS	dg4-sa-ch-valais|1815-06-09|sol	Lozan	2	1	-1	340	340	EVET
CIKIS	dg4-sa-ch-valais|1860-03-23|sol	Lozan	2	1	-1	340	340	EVET
CIKIS	dg6-dk-se-stromstad|1751-10-02|sag	Östersund (Jämtland)	4	3	-1	5164	5164	EVET
CIKIS	dg6-dk-se-stromstad|1751-10-02|sol	Bodø	6	5	-1	11836	11836	EVET
CIKIS	dg6-dk-se-stromstad|1751-10-02|sol	Hamar	6	5	-1	11836	11836	EVET
CIKIS	dg6-dk-se-stromstad|1751-10-02|sol	Mosjøen	6	5	-1	11836	11836	EVET
CIKIS	dg6-dk-se-stromstad|1751-10-02|sol	Tromsø	6	5	-1	11836	11836	EVET
CIKIS	dg6-dk-se-stromstad|1814-01-13|sag	Östersund (Jämtland)	4	3	-1	5220	5220	EVET
CIKIS	dg6-dk-se-stromstad|1814-01-13|sol	Bodø	6	5	-1	11956	11956	EVET
CIKIS	dg6-dk-se-stromstad|1814-01-13|sol	Hamar	6	5	-1	11956	11956	EVET
CIKIS	dg6-dk-se-stromstad|1814-01-13|sol	Mosjøen	6	5	-1	11956	11956	EVET
CIKIS	dg6-dk-se-stromstad|1814-01-13|sol	Tromsø	6	5	-1	11956	11956	EVET
CIKIS	g1-osm-ir|1913-11-17|sag	Kût el-Amâre	6	5	-1	6824	6824	EVET
CIKIS	g1-osm-ir|1913-11-17|sag	Vâsıt	6	5	-1	6824	6824	EVET
CIKIS	g1-osm-ir|1913-11-17|sol	Bâne	7	6	-1	5652	5652	EVET
CIKIS	g1-osm-ir|1913-11-17|sol	Dizfûl	7	6	-1	5652	5652	EVET
CIKIS	g1-osm-ir|1913-11-17|sol	Kasr-ı Şîrîn	7	6	-1	5652	5652	EVET
CIKIS	g1-osm-ir|1913-11-17|sol	Merîvan	7	6	-1	5652	5652	EVET
CIKIS	g2-af-sscb-bati-gecici|1917-03-15|sol	Herat	2	1	-1	3372	3372	EVET
CIKIS	g2-af-sscb-bati-gecici|1917-11-06|sol	Herat	2	1	-1	3372	3372	EVET
CIKIS	g2-af-sscb-bati-rusya|1888-01-26|sol	Herat	2	1	-1	3380	3380	EVET
CIKIS	g2-af-sscb-bati-rusya|1917-03-14|sol	Herat	2	1	-1	3372	3372	EVET
CIKIS	g2-hd-pt-oecussi-1914|1914-06-25|sag	Lifau (Oecussi)	2	1	-1	1976	1976	EVET
CIKIS	g2-hd-pt-oecussi-1914|1914-06-25|sag	Noemuti	2	1	-1	1976	1976	EVET
CIKIS	g2-hd-pt-orta-1908|1908-08-29|sol	Atapupu	2	1	-1	712	712	EVET
CIKIS	g2-hd-pt-orta-1908|1908-08-29|sol	Maucatar	2	1	-1	712	712	EVET
CIKIS	g2-hd-pt-orta-1908|1916-08-16|sag	Maliana	2	1	-1	88	88	EVET
CIKIS	g2-jp-sscb-sahalin-gecici|1917-03-15|sag	Onor	2	1	-1	2640	2640	EVET
CIKIS	g2-jp-sscb-sahalin-gecici|1917-03-15|sag	Poronay yukarısı (bölge)	2	1	-1	2640	2640	EVET
CIKIS	g2-jp-sscb-sahalin-gecici|1917-11-06|sag	Onor	2	1	-1	2640	2640	EVET
CIKIS	g2-jp-sscb-sahalin-gecici|1917-11-06|sag	Poronay yukarısı (bölge)	2	1	-1	2640	2640	EVET
CIKIS	g2-jp-sscb-sahalin-rusya|1905-09-05|sag	Onor	2	1	-1	2640	2640	EVET
CIKIS	g2-jp-sscb-sahalin-rusya|1905-09-05|sag	Poronay yukarısı (bölge)	2	1	-1	2640	2640	EVET
CIKIS	g2-jp-sscb-sahalin-rusya|1917-03-14|sag	Onor	2	1	-1	2640	2640	EVET
CIKIS	g2-jp-sscb-sahalin-rusya|1917-03-14|sag	Poronay yukarısı (bölge)	2	1	-1	2640	2640	EVET
CIKIS	g3-bg-ro-dobruca-p4|1908-10-05|sol	Hacıoğlupazarcığı (Dobrich)	2	1	-1	1052	1052	EVET
CIKIS	g3-bg-ro-dobruca-p4|1908-10-05|sol	Silistre	2	1	-1	1052	1052	EVET
CIKIS	g3-bg-ro-dobruca-p4|1913-08-09|sag	Buzău	4	3	-1	1868	1868	EVET
CIKIS	g3-bg-ro-dobruca-p4|1913-08-09|sag	Bükreş	4	3	-1	1868	1868	EVET
CIKIS	g3-bg-ro-dobruca-p4|1913-08-09|sag	Yergöğü (Giurgiu)	4	3	-1	1868	1868	EVET
CIKIS	g3-br-imp-pe-tabatinga-apaporis|1852-10-18|sol	São Paulo de Olivença	2	1	-1	3608	3608	EVET
CIKIS	g3-br-imp-pe-tabatinga-apaporis|1852-10-18|sol	Tabatinga	2	1	-1	3608	3608	EVET
CIKIS	g3-br-imp-pe-tabatinga-apaporis|1889-11-14|sol	São Paulo de Olivença	2	1	-1	3612	3612	EVET
CIKIS	g3-br-imp-pe-tabatinga-apaporis|1889-11-14|sol	Tabatinga	2	1	-1	3612	3612	EVET
CIKIS	g3-br-imp-py-2|1872-03-26|sag	Fuerte Olimpo (Borbón)	2	1	-1	2888	2888	EVET
CIKIS	g3-br-imp-py-2|1872-03-26|sag	Tacuatí (Ypané)	2	1	-1	2888	2888	EVET
CIKIS	g3-br-imp-py-2|1889-11-14|sag	Fuerte Olimpo (Borbón)	3	2	-1	2888	2888	EVET
CIKIS	g3-br-imp-py-2|1889-11-14|sag	Lengua misyonu (Paraguay Chaco)	3	2	-1	2888	2888	EVET
CIKIS	g3-br-imp-py-2|1889-11-14|sag	Tacuatí (Ypané)	3	2	-1	2888	2888	EVET
CIKIS	g3-ih-cn-guney1-1-qing|1897-06-05|sag	Bhamo	2	1	-1	1348	1348	EVET
CIKIS	g3-ih-cn-guney1-1-qing|1897-06-05|sag	Myitkyina	2	1	-1	1348	1348	EVET
CIKIS	g3-ih-cn-guney1-1-qing|1911-10-09|sag	Bhamo	2	1	-1	1348	1348	EVET
CIKIS	g3-ih-cn-guney1-1-qing|1911-10-09|sag	Myitkyina	2	1	-1	1348	1348	EVET
CIKIS	g4-bna-us-dogu|1842-01-01|sol	Bytown (Ottawa)	13	12	-1	23028	23028	EVET
CIKIS	g4-bna-us-dogu|1842-01-01|sol	Duluth (Fond du Lac)	13	12	-1	23028	23028	EVET
CIKIS	g4-bna-us-dogu|1842-01-01|sol	Fort Frontenac (Kingston)	13	12	-1	23028	23028	EVET
CIKIS	g4-bna-us-dogu|1842-01-01|sol	Quebec	13	12	-1	23028	23028	EVET
CIKIS	g4-bna-us-dogu|1842-01-01|sol	Tadoussac	13	12	-1	23028	23028	EVET
CIKIS	g4-bna-us-dogu|1842-01-01|sol	Trois-Rivières	13	12	-1	23028	23028	EVET
CIKIS	g4-bna-us-dogu|1842-01-01|sol	York (Toronto)	13	12	-1	23028	23028	EVET
CIKIS	g4-bna-us-dogu|1867-06-30|sol	Bytown (Ottawa)	13	12	-1	23032	23032	EVET
CIKIS	g4-bna-us-dogu|1867-06-30|sol	Duluth (Fond du Lac)	13	12	-1	23032	23032	EVET
CIKIS	g4-bna-us-dogu|1867-06-30|sol	Fort Frontenac (Kingston)	13	12	-1	23032	23032	EVET
CIKIS	g4-bna-us-dogu|1867-06-30|sol	Quebec	13	12	-1	23032	23032	EVET
CIKIS	g4-bna-us-dogu|1867-06-30|sol	Tadoussac	13	12	-1	23032	23032	EVET
CIKIS	g4-bna-us-dogu|1867-06-30|sol	Trois-Rivières	13	12	-1	23032	23032	EVET
CIKIS	g4-bna-us-dogu|1867-06-30|sol	York (Toronto)	13	12	-1	23032	23032	EVET
GIRIS	d1829-osm-rus-1|1829-09-14|sol	Ahılkelek (Akhalkalaki)	5	4	-1	660	660	EVET
GIRIS	d1920-hu-ro-fiili|1920-03-31|sag	Debrecen	2	1	-1	1692	1692	EVET
GIRIS	d1920-hu-ro-fiili|1920-03-31|sag	Eperjes (Prešov)	2	1	-1	1692	1692	EVET
GIRIS	d1920-hu-ro-fiili|1920-03-31|sag	Erdel (Kaloşvar)	2	1	-1	1692	1692	EVET
GIRIS	d1920-hu-ro-fiili|1920-03-31|sag	Erdel Belgradı (Gyulafehérvár)	2	1	-1	1692	1692	EVET
GIRIS	d1920-hu-ro-fiili|1920-03-31|sag	Eğri	2	1	-1	1692	1692	EVET
GIRIS	d1920-hu-ro-fiili|1920-03-31|sag	Gyula (Göle)	2	1	-1	1692	1692	EVET
GIRIS	d1920-hu-ro-fiili|1920-03-31|sag	Kassa (Košice)	2	1	-1	1692	1692	EVET
GIRIS	d1920-hu-ro-fiili|1920-03-31|sag	Lugos (Lugoj)	2	1	-1	1692	1692	EVET
GIRIS	d1920-hu-ro-fiili|1920-03-31|sag	Munkács (Mukacheve)	2	1	-1	1692	1692	EVET
GIRIS	d1920-hu-ro-fiili|1920-03-31|sag	Solnok (Szolnok)	2	1	-1	1692	1692	EVET
GIRIS	d1920-hu-ro-fiili|1920-03-31|sag	Szatmár (Satu Mare)	2	1	-1	1692	1692	EVET
GIRIS	d1920-hu-ro-fiili|1920-03-31|sag	Temeşvar	2	1	-1	1692	1692	EVET
GIRIS	d1920-hu-ro-fiili|1920-03-31|sag	Tokaj	2	1	-1	1692	1692	EVET
GIRIS	d1920-hu-ro-fiili|1920-03-31|sag	Ungvár (Uzhhorod)	2	1	-1	1692	1692	EVET
GIRIS	d1920-hu-ro-fiili|1920-03-31|sag	Varad (Oradea)	2	1	-1	1692	1692	EVET
GIRIS	d1920-hu-ro-fiili|1920-03-31|sag	Yanova (Ineu)	2	1	-1	1692	1692	EVET
GIRIS	d1923-hu-yu-hirvatistan|1921-07-26|sol	Mohaç	3	2	-1	552	552	EVET
GIRIS	d1923-hu-yu-hirvatistan|1923-10-28|sol	Mohaç	3	2	-1	552	552	EVET
GIRIS	d1923-tr-sscb-gurcistan|1923-10-28|sol	Murvaneti	2	1	-1	24	16	HAYIR
GIRIS	g3-bg-ro-dobruca-p4|1913-08-09|sag	Hacıoğlupazarcığı (Dobrich)	4	3	-1	1868	1868	EVET
GIRIS	g3-bg-ro-dobruca-p4|1913-08-09|sag	Prevadi (Provadia)	4	3	-1	1868	1868	EVET
GIRIS	g3-bg-ro-dobruca-p4|1913-08-09|sag	Varna	4	3	-1	1868	1868	EVET
CIKIS	d1816-alm-ah-1|1816-05-01|sol	Bregenz	2	2	0	1264	1264	EVET
CIKIS	d1816-alm-ah-1|1844-01-29|sol	Bregenz	2	2	0	1264	1264	EVET
CIKIS	d1816-alm-ah-4|1816-05-01|sag	Münih	2	2	0	3380	3380	EVET
CIKIS	d1816-alm-ah-4|1816-05-01|sol	Innsbruck	3	3	0	2576	2576	EVET
CIKIS	d1816-alm-ah-4|1844-01-29|sag	Münih	2	2	0	3380	3380	EVET
CIKIS	d1816-alm-ah-4|1844-01-29|sol	Innsbruck	3	3	0	2576	2576	EVET
CIKIS	d1829-osm-rus-2|1878-07-12|sag	Digor	6	6	0	2764	2764	EVET
CIKIS	d1844-alm-ah|1844-01-30|sag	Münih	2	2	0	3388	3388	EVET
CIKIS	d1844-alm-ah|1844-01-30|sol	Bregenz	4	4	0	4528	4528	EVET
CIKIS	d1844-alm-ah|1844-01-30|sol	Innsbruck	4	4	0	4528	4528	EVET
CIKIS	d1844-alm-ah|1878-07-12|sag	Münih	2	2	0	3388	3388	EVET
CIKIS	d1844-alm-ah|1878-07-12|sol	Bregenz	4	4	0	4528	4528	EVET
CIKIS	d1844-alm-ah|1878-07-12|sol	Innsbruck	4	4	0	4528	4528	EVET
CIKIS	d1871-de-ch-alsas|1871-05-10|sol	Basel	1	1	0	156	156	EVET
CIKIS	d1871-de-ch-alsas|1918-11-10|sol	Basel	1	1	0	156	156	EVET
CIKIS	d1878-de-ah|1878-07-13|sag	Münih	2	2	0	3388	3388	EVET
CIKIS	d1878-de-ah|1878-07-13|sol	Bregenz	4	4	0	4528	4528	EVET
CIKIS	d1878-de-ah|1878-07-13|sol	Innsbruck	4	4	0	4528	4528	EVET
CIKIS	d1878-de-ah|1918-11-10|sag	Münih	2	2	0	3372	3372	EVET
CIKIS	d1878-de-ah|1918-11-10|sol	Bregenz	4	4	0	4528	4528	EVET
CIKIS	d1878-de-ah|1918-11-10|sol	Innsbruck	4	4	0	4528	4528	EVET
CIKIS	d1878-ru-ro-prut-sovyet-rk|1918-04-07|sag	Hotin	9	9	0	8044	8044	EVET
CIKIS	d1878-ru-ro-prut-sovyet-rk|1918-04-07|sag	Kalas (Galatz)	9	9	0	8044	8044	EVET
CIKIS	d1878-ru-ro-prut-sovyet-rk|1918-04-07|sag	Yaş	9	9	0	8044	8044	EVET
CIKIS	d1878-ru-ro-tuna-sovyet-rk|1918-04-07|sol	Kahul (Cahul)	5	5	0	2500	2500	EVET
CIKIS	d1878-ru-ro-tuna-sovyet-rk|1918-04-07|sol	İshakçı (Isaccea)	5	5	0	2500	2500	EVET
CIKIS	d1885-nijerya-kamerun-genel|1885-04-01|sag	Eski Kalabar	1	1	0	3972	3972	EVET
CIKIS	d1885-nijerya-kamerun-genel|1913-03-10|sag	Kukava (Kukawa)	4	4	0	11356	11356	EVET
CIKIS	d1885-nijerya-kamerun-genel|1913-03-10|sag	Vukari (Wukari)	4	4	0	11356	11356	EVET
CIKIS	d1885-nijerya-kamerun-genel|1913-03-10|sag	Yola	4	4	0	11356	11356	EVET
CIKIS	d1885-nijerya-kamerun-genel|1913-03-10|sol	Banyo	4	4	0	14060	14060	EVET
CIKIS	d1885-nijerya-kamerun-genel|1913-03-10|sol	Garua (Garoua)	4	4	0	14060	14060	EVET
CIKIS	d1886-angola-almanya-swa|1915-07-08|sol	Mosamedes (Namibe)	2	2	0	4636	4636	EVET
CIKIS	d1890-becuanaland-almanya-swa|1890-07-01|sag	Gobabis	2	2	0	7108	7108	EVET
CIKIS	d1890-becuanaland-almanya-swa|1890-07-01|sol	Seşeke (Sesheke)	2	2	0	6504	6504	EVET
CIKIS	d1890-becuanaland-almanya-swa|1915-07-08|sag	Aranos	4	4	0	11320	11320	EVET
CIKIS	d1890-becuanaland-almanya-swa|1915-07-08|sag	Rundu	4	4	0	11320	11320	EVET
CIKIS	d1890-de-lu-lorraine|1890-11-23|sag	Lüksemburg	1	1	0	240	240	EVET
CIKIS	d1890-de-lu-lorraine|1918-11-10|sag	Lüksemburg	1	1	0	240	240	EVET
CIKIS	d1890-namrod-almanya-swa|1890-07-01|sag	Seşeke (Sesheke)	1	1	0	1916	1916	EVET
CIKIS	d1890-namrod-almanya-swa|1890-07-01|sol	Katima Mulilo	1	1	0	1836	1836	EVET
CIKIS	d1890-namrod-almanya-swa|1915-07-08|sol	Katima Mulilo	1	1	0	1836	1836	EVET
CIKIS	d1891-guneyrodezya-mozambik-bsac|1923-09-30|sol	Cikualakuala	5	5	0	18328	18328	EVET
CIKIS	d1892-liberya-fildisi-sahili-cavalla|1910-12-31|sag	Harper	2	2	0	8056	8056	EVET
CIKIS	d1892-liberya-fildisi-sahili-cavalla|1910-12-31|sol	Nzerekore	1	1	0	804	804	EVET
CIKIS	d1908-bg-bagimsiz-eski|1908-10-05|sol	Malak Dervent (Lalkovo)	4	4	0	1596	1596	EVET
CIKIS	d1908-bg-bagimsiz-eski|1908-10-05|sol	Umur Fakih (Fakia)	4	4	0	1596	1596	EVET
CIKIS	d1908-bg-bagimsiz-eski|1909-04-18|sol	Malak Dervent (Lalkovo)	4	4	0	1596	1596	EVET
CIKIS	d1908-bg-bagimsiz-eski|1909-04-18|sol	Umur Fakih (Fakia)	4	4	0	1596	1596	EVET
CIKIS	d1909-osm-bg-eski|1909-04-19|sol	Malak Dervent (Lalkovo)	4	4	0	1596	1596	EVET
CIKIS	d1909-osm-bg-eski|1909-04-19|sol	Umur Fakih (Fakia)	4	4	0	1596	1596	EVET
CIKIS	d1909-osm-bg-eski|1913-05-29|sag	Lalapaşa	5	5	0	1088	1088	EVET
CIKIS	d1909-osm-bg-eski|1913-05-29|sol	Umur Fakih (Fakia)	4	4	0	1596	1596	EVET
CIKIS	d1913-nijerya-kamerun-almanya|1913-03-11|sag	Kukava (Kukawa)	4	4	0	11356	11356	EVET
CIKIS	d1913-nijerya-kamerun-almanya|1913-03-11|sag	Vukari (Wukari)	4	4	0	11356	11356	EVET
CIKIS	d1913-nijerya-kamerun-almanya|1913-03-11|sag	Yola	4	4	0	11356	11356	EVET
CIKIS	d1913-nijerya-kamerun-almanya|1913-03-11|sol	Banyo	4	4	0	14060	14060	EVET
CIKIS	d1913-nijerya-kamerun-almanya|1913-03-11|sol	Garua (Garoua)	4	4	0	14060	14060	EVET
CIKIS	d1913-nijerya-kamerun-almanya|1916-02-17|sag	Kukava (Kukawa)	4	4	0	11296	11296	EVET
CIKIS	d1913-nijerya-kamerun-almanya|1916-02-17|sag	Vukari (Wukari)	4	4	0	11296	11296	EVET
CIKIS	d1913-nijerya-kamerun-almanya|1916-02-17|sag	Yola	4	4	0	11296	11296	EVET
CIKIS	d1913-nijerya-kamerun-almanya|1916-02-17|sol	Banyo	4	4	0	14060	14060	EVET
CIKIS	d1913-nijerya-kamerun-almanya|1916-02-17|sol	Garua (Garoua)	4	4	0	14060	14060	EVET
CIKIS	d1913-osm-bg-dogu|1913-09-29|sag	Malko Tırnova	1	1	0	24	24	EVET
CIKIS	d1913-osm-bg-dogu|1913-09-29|sol	Dereköy (Kırklareli)	1	1	0	12	12	EVET
CIKIS	d1913-osm-bg-dogu|1915-09-05|sag	Malko Tırnova	1	1	0	24	24	EVET
CIKIS	d1913-osm-bg-dogu|1915-09-05|sol	Dereköy (Kırklareli)	1	1	0	12	12	EVET
CIKIS	d1913-osm-ir-1|1913-11-17|sag	Mâku	1	1	0	24	24	EVET
CIKIS	d1913-osm-ir-1|1920-04-22|sag	Mâku	1	1	0	24	24	EVET
CIKIS	d1913-osm-ir-2|1913-11-17|sol	Bacirge (Esendere)	2	2	0	260	260	EVET
CIKIS	d1913-osm-ir-2|1913-11-17|sol	Başkale	2	2	0	260	260	EVET
CIKIS	d1913-osm-ir-2|1920-04-22|sol	Bacirge (Esendere)	2	2	0	260	260	EVET
CIKIS	d1913-osm-ir-2|1920-04-22|sol	Başkale	2	2	0	260	260	EVET
CIKIS	d1913-osm-ir-3|1913-11-17|sol	Gōrabī	1	1	0	804	808	HAYIR
CIKIS	d1913-osm-ir-3|1920-04-22|sol	Balıklı	1	1	0	108	108	EVET
CIKIS	d1915-osm-bg|1915-09-06|sag	Malko Tırnova	1	1	0	24	24	EVET
CIKIS	d1915-osm-bg|1915-09-06|sol	Dereköy (Kırklareli)	2	2	0	48	48	EVET
CIKIS	d1915-osm-bg|1915-09-06|sol	Edirne	2	2	0	48	48	EVET
CIKIS	d1915-osm-bg|1920-04-22|sag	Malko Tırnova	1	1	0	24	24	EVET
CIKIS	d1915-osm-bg|1920-04-22|sol	Dereköy (Kırklareli)	2	2	0	48	48	EVET
CIKIS	d1915-osm-bg|1920-04-22|sol	Edirne	2	2	0	48	48	EVET
CIKIS	d1916-burundi-tanganyika-isgal|1922-07-19|sol	Gitega (Burundi)	3	3	0	5444	5444	EVET
CIKIS	d1916-nijerya-kamerun-isgal|1916-02-18|sag	Kukava (Kukawa)	4	4	0	11296	11296	EVET
CIKIS	d1916-nijerya-kamerun-isgal|1916-02-18|sag	Vukari (Wukari)	4	4	0	11296	11296	EVET
CIKIS	d1916-nijerya-kamerun-isgal|1916-02-18|sag	Yola	4	4	0	11296	11296	EVET
CIKIS	d1916-nijerya-kamerun-isgal|1916-02-18|sol	Fumban (Bamum)	2	2	0	604	604	EVET
CIKIS	d1916-nijerya-kamerun-isgal|1919-07-09|sag	Vukari (Wukari)	8	8	0	24200	24200	EVET
CIKIS	d1916-nijerya-kamerun-isgal|1919-07-09|sag	Yola	8	8	0	24200	24200	EVET
CIKIS	d1916-nijerya-kamerun-isgal|1919-07-09|sol	Fumban (Bamum)	2	2	0	604	604	EVET
CIKIS	d1916-ruanda-tanganyika-isgal|1916-05-01|sag	Mbarara (Nkore)	1	1	0	528	528	EVET
CIKIS	d1916-ruanda-tanganyika-isgal|1922-07-19|sag	Mbarara (Nkore)	1	1	0	528	528	EVET
CIKIS	d1916-ruanda-tanganyika-isgal|1922-07-19|sol	Kigali	1	1	0	520	520	EVET
CIKIS	d1917-filistin-misir-askeri-idare|1920-06-30|sol	Han Yûnus	1	1	0	760	760	EVET
CIKIS	d1917-no-sov-petsamo|1917-11-07|sag	Petsamo (Peçenga)	2	2	0	2372	2372	EVET
CIKIS	d1918-fi-su-fiili-1|1918-01-04|sol	Nurmes	1	1	0	2832	2832	EVET
CIKIS	d1918-fi-su-fiili-1|1920-12-30|sol	Nurmes	1	1	0	2844	2844	EVET
CIKIS	d1918-fi-su-fiili-3|1918-01-04|sol	Nurmes	1	1	0	40	40	EVET
CIKIS	d1918-fi-su-fiili-3|1920-12-30|sol	Nurmes	1	1	0	40	40	EVET
CIKIS	d1918-fr-ch-alsas-isgal|1918-11-11|sol	Basel	1	1	0	156	156	EVET
CIKIS	d1918-fr-ch-alsas-isgal|1920-01-09|sol	Basel	1	1	0	156	156	EVET
CIKIS	d1918-fr-de-isgal|1918-11-11|sol	Colmar	4	4	0	4360	4360	EVET
CIKIS	d1918-fr-de-isgal|1918-11-11|sol	Saarbrücken	4	4	0	4360	4360	EVET
CIKIS	d1918-fr-de-isgal|1918-11-11|sol	Strazburg	4	4	0	4360	4360	EVET
CIKIS	d1918-fr-de-isgal|1920-01-09|sag	Strazburg	1	1	0	2168	2168	EVET
CIKIS	d1918-fr-lu-lorraine-isgal|1918-11-11|sag	Lüksemburg	1	1	0	240	240	EVET
CIKIS	d1918-fr-lu-lorraine-isgal|1920-01-09|sag	Lüksemburg	1	1	0	240	240	EVET
CIKIS	d1919-at-cs-fiili-1|1919-01-01|sag	České Budějovice (Budweis)	1	1	0	36	36	EVET
CIKIS	d1919-at-cs-fiili-1|1920-07-15|sag	České Budějovice (Budweis)	1	1	0	36	36	EVET
CIKIS	d1919-at-cs-fiili-3|1919-01-01|sag	Brno	1	1	0	80	80	EVET
CIKIS	d1919-at-cs-fiili-3|1920-07-15|sag	Bratislava	1	1	0	80	80	EVET
CIKIS	d1919-hu-cs-fiili-1|1919-07-25|sol	Estergon	4	4	0	636	636	EVET
CIKIS	d1919-hu-cs-fiili-1|1921-07-25|sag	Komárom (Komárno)	3	3	0	432	432	EVET
CIKIS	d1919-hu-cs-fiili-1|1921-07-25|sag	Léva (Levice)	3	3	0	432	432	EVET
CIKIS	d1919-hu-cs-fiili-1|1921-07-25|sol	Vaç (Vác)	2	2	0	636	636	EVET
CIKIS	d1919-hu-cs-fiili-2|1919-07-25|sag	Olomouc	1	1	0	1468	1468	EVET
CIKIS	d1919-hu-cs-fiili-2|1921-07-25|sag	Kassa (Košice)	2	2	0	1468	1468	EVET
CIKIS	d1919-hu-cs-fiili-3|1919-07-25|sag	Olomouc	1	1	0	472	472	EVET
CIKIS	d1919-hu-cs-fiili-3|1919-07-25|sol	Tokaj	2	2	0	68	68	EVET
CIKIS	d1919-hu-cs-fiili-3|1921-07-25|sag	Ungvár (Uzhhorod)	1	1	0	472	468	HAYIR
CIKIS	d1919-hu-cs-fiili-3|1921-07-25|sol	Tokaj	1	1	0	68	68	EVET
CIKIS	d1919-nijerya-kamerun-milner-oncesi|1919-07-10|sag	Vukari (Wukari)	8	8	0	24200	24200	EVET
CIKIS	d1919-nijerya-kamerun-milner-oncesi|1919-07-10|sag	Yola	8	8	0	24200	24200	EVET
CIKIS	d1919-nijerya-kamerun-milner-oncesi|1919-07-10|sol	Fumban (Bamum)	2	2	0	604	604	EVET
CIKIS	d1919-nijerya-kamerun-milner-oncesi|1922-07-19|sag	Vukari (Wukari)	8	8	0	24200	24200	EVET
CIKIS	d1919-nijerya-kamerun-milner-oncesi|1922-07-19|sag	Yola	8	8	0	24200	24200	EVET
CIKIS	d1919-nijerya-kamerun-milner-oncesi|1922-07-19|sol	Fumban (Bamum)	2	2	0	604	604	EVET
CIKIS	d1920-filistin-misir-manda|1920-07-01|sol	Han Yûnus	1	1	0	752	752	EVET
CIKIS	d1920-filistin-misir-manda|1922-03-14|sol	Han Yûnus	1	1	0	752	752	EVET
CIKIS	d1920-hu-cs-rutenya-fiili|1920-08-30|sag	Ungvár (Uzhhorod)	2	2	0	836	836	EVET
CIKIS	d1920-hu-cs-rutenya-fiili|1921-07-25|sag	Ungvár (Uzhhorod)	2	2	0	836	836	EVET
CIKIS	d1920-hu-ro-fiili|1920-03-31|sag	Orsova (Eski Orsova)	2	2	0	1692	1692	EVET
CIKIS	d1920-hu-ro-fiili|1920-03-31|sag	Tırgu Jiu	2	2	0	1692	1692	EVET
CIKIS	d1920-hu-ro-fiili|1921-07-25|sag	Varad (Oradea)	2	2	0	1692	1692	EVET
CIKIS	d1920-hu-ro-fiili|1921-07-25|sol	Debrecen	3	3	0	1616	1616	EVET
CIKIS	d1920-tbmm-bg|1920-04-23|sag	Malko Tırnova	1	1	0	24	24	EVET
CIKIS	d1920-tbmm-bg|1920-04-23|sol	Dereköy (Kırklareli)	2	2	0	48	48	EVET
CIKIS	d1920-tbmm-bg|1920-04-23|sol	Edirne	2	2	0	48	48	EVET
CIKIS	d1920-tbmm-bg|1923-07-23|sag	Malko Tırnova	1	1	0	24	24	EVET
CIKIS	d1920-tbmm-bg|1923-07-23|sol	Dereköy (Kırklareli)	2	2	0	48	48	EVET
CIKIS	d1920-tbmm-bg|1923-07-23|sol	Edirne	2	2	0	48	48	EVET
CIKIS	d1920-yunan-isgal-bg|1920-07-01|sag	Malko Tırnova	1	1	0	24	24	EVET
CIKIS	d1920-yunan-isgal-bg|1922-10-13|sag	Malko Tırnova	1	1	0	24	24	EVET
CIKIS	d1922-mudanya-meric|1922-10-14|sag	Uluköy (Akçadam)	1	1	0	28	28	EVET
CIKIS	d1922-mudanya-meric|1923-07-23|sag	Uluköy (Akçadam)	1	1	0	28	28	EVET
CIKIS	d1923-af-sscb-bati|1917-11-07|sol	Belh	2	2	0	3372	3372	EVET
CIKIS	d1923-af-sscb-bati|1923-10-28|sol	Belh	2	2	0	3372	3372	EVET
CIKIS	d1923-af-sscb-pamir|1917-11-07|sag	Pamirski Post (Murgab)	1	1	0	172	172	EVET
CIKIS	d1923-af-sscb-pamir|1917-11-07|sol	Serhad (Vahan)	1	1	0	268	268	EVET
CIKIS	d1923-af-sscb-pamir|1923-10-28|sag	Pamirski Post (Murgab)	1	1	0	172	172	EVET
CIKIS	d1923-af-sscb-pamir|1923-10-28|sol	Serhad (Vahan)	1	1	0	268	268	EVET
CIKIS	d1923-al-yu-karadag-1|1921-11-09|sag	Podgorica	1	1	0	620	620	EVET
CIKIS	d1923-al-yu-karadag-1|1921-11-09|sol	İşkodra	1	1	0	152	152	EVET
CIKIS	d1923-al-yu-karadag-1|1923-10-28|sag	Podgorica	1	1	0	620	620	EVET
CIKIS	d1923-al-yu-karadag-1|1923-10-28|sol	İşkodra	1	1	0	152	152	EVET
CIKIS	d1923-al-yu-karadag-2|1921-11-09|sol	İşkodra	1	1	0	20	20	EVET
CIKIS	d1923-al-yu-karadag-2|1923-10-28|sol	İşkodra	1	1	0	20	20	EVET
CIKIS	d1923-al-yu-kosova|1921-11-09|sag	Prizren	3	3	0	1264	1264	EVET
CIKIS	d1923-al-yu-kosova|1923-10-28|sag	Prizren	3	3	0	1264	1264	EVET
CIKIS	d1923-al-yu-makedonya-2|1921-11-09|sag	Ohri	1	1	0	8	8	EVET
CIKIS	d1923-al-yu-makedonya-2|1923-10-28|sag	Ohri	1	1	0	8	8	EVET
CIKIS	d1923-altinkiyisi-fildisi-sahili|1895-06-16|sag	Bondugu (Gyaaman)	1	1	0	4656	4656	EVET
CIKIS	d1923-altinkiyisi-fildisi-sahili|1895-06-16|sol	Assinie	1	1	0	4100	4100	EVET
CIKIS	d1923-angola-belcika-kongo|1908-11-15|sol	Dundo	1	1	0	4924	4924	EVET
CIKIS	d1923-angola-belcika-kongo|1923-10-28|sol	Dundo	3	3	0	8880	8880	EVET
CIKIS	d1923-angola-belcika-kongo|1923-10-28|sol	Kasance (Kasanje)	3	3	0	8880	8880	EVET
CIKIS	d1923-angola-belcika-kongo|1923-10-28|sol	Mbanza-Kongo (São Salvador)	3	3	0	8880	8880	EVET
CIKIS	d1923-angola-guneybati-afrika|1920-12-17|sag	Katima Mulilo	5	5	0	14000	14000	EVET
CIKIS	d1923-angola-guneybati-afrika|1920-12-17|sol	Mosamedes (Namibe)	2	2	0	4636	4636	EVET
CIKIS	d1923-angola-guneybati-afrika|1923-10-28|sag	Katima Mulilo	5	5	0	14000	14000	EVET
CIKIS	d1923-angola-guneybati-afrika|1923-10-28|sol	Mosamedes (Namibe)	2	2	0	4636	4636	EVET
CIKIS	d1923-angola-kuzey-rodezya-barotseland|1911-05-17|sag	Kalabo	5	5	0	15632	15632	EVET
CIKIS	d1923-angola-kuzey-rodezya-barotseland|1911-05-17|sag	Senanga	5	5	0	15632	15632	EVET
CIKIS	d1923-angola-kuzey-rodezya-barotseland|1923-10-28|sag	Kalabo	5	5	0	16100	16100	EVET
CIKIS	d1923-angola-kuzey-rodezya-barotseland|1923-10-28|sag	Katima Mulilo	5	5	0	16100	16100	EVET
CIKIS	d1923-angola-kuzey-rodezya-barotseland|1923-10-28|sag	Senanga	5	5	0	16100	16100	EVET
CIKIS	d1923-ar-br|1900-05-26|sag	Maçambará (Recreio)	2	2	0	7504	7504	EVET
CIKIS	d1923-ar-br|1923-10-28|sag	Maçambará (Recreio)	3	3	0	10808	10808	EVET
CIKIS	d1923-ar-py-nehirler|1876-09-13|sol	Corrientes	1	1	0	972	972	EVET
CIKIS	d1923-ar-py-nehirler|1923-10-28|sol	Corrientes	1	1	0	972	972	EVET
CIKIS	d1923-at-cs|1920-07-16|sag	Brno	3	3	0	1556	1556	EVET
CIKIS	d1923-at-cs|1920-07-16|sag	České Budějovice (Budweis)	3	3	0	1556	1556	EVET
CIKIS	d1923-at-cs|1920-07-16|sol	Gmünd (Aşağı Avusturya)	3	3	0	1124	1124	EVET
CIKIS	d1923-at-cs|1923-10-28|sag	Brno	3	3	0	1556	1556	EVET
CIKIS	d1923-at-cs|1923-10-28|sag	České Budějovice (Budweis)	3	3	0	1556	1556	EVET
CIKIS	d1923-at-cs|1923-10-28|sol	Gmünd (Aşağı Avusturya)	3	3	0	1128	1128	EVET
CIKIS	d1923-at-hu-1|1921-07-26|sag	Sopron	1	1	0	780	780	EVET
CIKIS	d1923-at-hu-1|1923-10-28|sag	Sopron	1	1	0	224	224	EVET
CIKIS	d1923-at-yu-karintiya|1923-10-28|sag	Ljubljana	2	2	0	660	660	EVET
CIKIS	d1923-at-yu-stiriya|1920-07-16|sag	Maribor (Marburg)	2	2	0	1064	1064	EVET
CIKIS	d1923-at-yu-stiriya|1920-07-16|sag	Murska Sobota	2	2	0	1064	1064	EVET
CIKIS	d1923-at-yu-stiriya|1923-10-28|sag	Maribor (Marburg)	2	2	0	1064	1064	EVET
CIKIS	d1923-at-yu-stiriya|1923-10-28|sag	Murska Sobota	2	2	0	1064	1064	EVET
CIKIS	d1923-be-fr|1839-04-19|sag	Lille	1	1	0	56	56	EVET
CIKIS	d1923-be-fr|1839-04-19|sol	Mons	7	7	0	5040	5040	EVET
CIKIS	d1923-be-fr|1839-04-19|sol	Ypres	7	7	0	5040	5040	EVET
CIKIS	d1923-be-fr|1923-10-28|sag	Lille	1	1	0	56	56	EVET
CIKIS	d1923-be-fr|1923-10-28|sol	Mons	7	7	0	5040	5040	EVET
CIKIS	d1923-be-fr|1923-10-28|sol	Ypres	7	7	0	5040	5040	EVET
CIKIS	d1923-be-lu|1923-10-28|sol	St. Vith (Sankt Vith)	2	2	0	116	116	EVET
CIKIS	d1923-bg-shs-1|1920-01-01|sag	Şehirköy (Pirot)	1	1	0	1516	1516	EVET
CIKIS	d1923-bg-shs-1|1920-01-01|sol	Köstendil	2	2	0	2364	2364	EVET
CIKIS	d1923-bg-shs-1|1920-01-01|sol	Vidin	2	2	0	2364	2364	EVET
CIKIS	d1923-bg-shs-1|1923-10-28|sag	Şehirköy (Pirot)	1	1	0	1516	1516	EVET
CIKIS	d1923-bg-shs-1|1923-10-28|sol	Köstendil	2	2	0	2364	2364	EVET
CIKIS	d1923-bg-shs-1|1923-10-28|sol	Vidin	2	2	0	2364	2364	EVET
CIKIS	d1923-bg-shs-2|1920-01-01|sag	Doyran	1	1	0	80	80	EVET
CIKIS	d1923-bg-shs-2|1923-10-28|sag	Doyran	1	1	0	80	80	EVET
CIKIS	d1923-br-py-1|1923-10-28|sol	Bonito (Mato Grosso do Sul)	2	2	0	5912	5912	EVET
CIKIS	d1923-br-py-2|1923-10-28|sol	Bonito (Mato Grosso do Sul)	1	1	0	1200	1200	EVET
CIKIS	d1923-burundi-tanganyika|1922-07-20|sol	Gitega (Burundi)	3	3	0	5444	5444	EVET
CIKIS	d1923-burundi-tanganyika|1923-10-28|sol	Gitega (Burundi)	3	3	0	5444	5444	EVET
CIKIS	d1923-ca-us-141|1870-07-15|sol	Kaktovik (Barter Adası)	1	1	0	428	428	EVET
CIKIS	d1923-ca-us-141|1923-10-28|sol	Nabesna / Northway (Yukarı Tanana)	3	3	0	8544	8544	EVET
CIKIS	d1923-ca-us-bati-2|1871-07-20|sol	Spokane House	3	3	0	9080	9080	EVET
CIKIS	d1923-ca-us-bati-2|1923-10-28|sol	Fort Langley	5	5	0	8504	8504	EVET
CIKIS	d1923-ca-us-bati-2|1923-10-28|sol	Fort Macleod	5	5	0	8504	8504	EVET
CIKIS	d1923-ca-us-dogu|1867-07-01|sag	Detroit (Fort Pontchartrain du Détroit)	3	3	0	7080	7080	EVET
CIKIS	d1923-ca-us-dogu|1867-07-01|sol	Grand Portage	13	13	0	23032	23032	EVET
CIKIS	d1923-ca-us-dogu|1867-07-01|sol	Madawaska (Maliseet)	13	13	0	23032	23032	EVET
CIKIS	d1923-ca-us-dogu|1867-07-01|sol	Odanak (Abenaki)	13	13	0	23032	23032	EVET
CIKIS	d1923-ca-us-dogu|1867-07-01|sol	Saint John (NB)	13	13	0	23032	23032	EVET
CIKIS	d1923-ca-us-dogu|1867-07-01|sol	Sault Ste. Marie	13	13	0	23032	23032	EVET
CIKIS	d1923-ca-us-dogu|1923-10-28|sag	Detroit (Fort Pontchartrain du Détroit)	3	3	0	7080	7080	EVET
CIKIS	d1923-ca-us-dogu|1923-10-28|sol	Grand Portage	13	13	0	23004	23004	EVET
CIKIS	d1923-ca-us-dogu|1923-10-28|sol	Madawaska (Maliseet)	13	13	0	23004	23004	EVET
CIKIS	d1923-ca-us-dogu|1923-10-28|sol	Odanak (Abenaki)	13	13	0	23004	23004	EVET
CIKIS	d1923-ca-us-dogu|1923-10-28|sol	Saint John (NB)	13	13	0	23004	23004	EVET
CIKIS	d1923-ca-us-dogu|1923-10-28|sol	Sault Ste. Marie	13	13	0	23004	23004	EVET
CIKIS	d1923-ca-us-prairie|1870-07-15|sag	Fort Union Trading Post	2	2	0	3624	3624	EVET
CIKIS	d1923-ca-us-prairie|1923-10-28|sag	Devils Lake (Mni Wakan, Dakota)	4	4	0	7540	7536	HAYIR
CIKIS	d1923-ca-us-prairie|1923-10-28|sag	Fort Union Trading Post	4	4	0	7540	7540	EVET
CIKIS	d1923-ca-us-prairie|1923-10-28|sol	Fort Macleod	4	4	0	12000	12000	EVET
CIKIS	d1923-cad-libya|1919-09-08|sol	el-Katrûn	1	1	0	500	500	EVET
CIKIS	d1923-cad-libya|1923-10-28|sol	el-Katrûn	1	1	0	500	500	EVET
CIKIS	d1923-ch-de|1879-06-24|sol	Basel	2	2	0	160	160	EVET
CIKIS	d1923-ch-de|1879-06-24|sol	Zürih	2	2	0	160	160	EVET
CIKIS	d1923-ch-de|1923-10-28|sol	Basel	2	2	0	160	160	EVET
CIKIS	d1923-ch-de|1923-10-28|sol	Zürih	2	2	0	160	160	EVET
CIKIS	d1923-cn-fc-BILINMIYOR-laos|1923-10-28|sag	Muang Sing	1	1	0	2616	2616	EVET
CIKIS	d1923-cn-fc-BILINMIYOR-laos|1923-10-28|sol	Ning'er (Pu'er)	2	2	0	1400	1400	EVET
CIKIS	d1923-cn-fc-BILINMIYOR-tonkin|1923-10-28|sol	Beihai (Pakhoi)	3	3	0	4328	4328	EVET
CIKIS	d1923-cn-fc-BILINMIYOR-tonkin|1923-10-28|sol	Mengzi	3	3	0	4328	4328	EVET
CIKIS	d1923-co-ec|1917-01-26|sol	Barbacoas	1	1	0	2044	2044	EVET
CIKIS	d1923-co-ec|1923-10-28|sol	Barbacoas	1	1	0	2044	2044	EVET
CIKIS	d1923-cs-ro|1923-02-07|sol	Szatmár (Satu Mare)	3	3	0	2608	2608	EVET
CIKIS	d1923-cs-ro|1923-02-07|sol	Çernovitz (Çernivtsi)	3	3	0	2608	2608	EVET
CIKIS	d1923-cs-ro|1923-10-28|sol	Szatmár (Satu Mare)	3	3	0	2608	2608	EVET
CIKIS	d1923-cs-ro|1923-10-28|sol	Çernovitz (Çernivtsi)	3	3	0	2608	2608	EVET
CIKIS	d1923-dahomey-nijerya|1906-10-19|sol	Abomey	1	1	0	3472	3472	EVET
CIKIS	d1923-dahomey-nijerya|1923-10-28|sol	Abomey	1	1	0	3472	3472	EVET
CIKIS	d1923-de-at|1918-11-12|sag	Münih	2	2	0	3372	3372	EVET
CIKIS	d1923-de-at|1918-11-12|sol	Bregenz	4	4	0	4216	4216	EVET
CIKIS	d1923-de-at|1918-11-12|sol	Innsbruck	4	4	0	4216	4216	EVET
CIKIS	d1923-de-at|1918-11-12|sol	Linz	4	4	0	4216	4216	EVET
CIKIS	d1923-de-at|1923-10-28|sag	Münih	2	2	0	3372	3372	EVET
CIKIS	d1923-de-at|1923-10-28|sol	Bregenz	4	4	0	4220	4220	EVET
CIKIS	d1923-de-at|1923-10-28|sol	Innsbruck	4	4	0	4220	4220	EVET
CIKIS	d1923-de-at|1923-10-28|sol	Linz	4	4	0	4220	4220	EVET
CIKIS	d1923-dk-de|1920-07-05|sag	Ribe	1	1	0	28	28	EVET
CIKIS	d1923-dk-de|1920-07-05|sol	Flensburg	1	1	0	40	40	EVET
CIKIS	d1923-dk-de|1923-10-28|sag	Ribe	1	1	0	28	28	EVET
CIKIS	d1923-dk-de|1923-10-28|sol	Flensburg	1	1	0	40	40	EVET
CIKIS	d1923-eritre-habesistan|1908-05-16|sag	Adigrat	3	3	0	1868	1868	EVET
CIKIS	d1923-eritre-habesistan|1908-05-16|sag	Vukro	3	3	0	1868	1868	EVET
CIKIS	d1923-eritre-habesistan|1908-05-16|sag	Şire	3	3	0	1868	1872	HAYIR
CIKIS	d1923-eritre-habesistan|1908-05-16|sol	Adi Kayh	5	5	0	7472	7472	EVET
CIKIS	d1923-eritre-habesistan|1908-05-16|sol	Adi Kuala	5	5	0	7472	7472	EVET
CIKIS	d1923-eritre-habesistan|1908-05-16|sol	Barentu	5	5	0	7472	7472	EVET
CIKIS	d1923-eritre-habesistan|1923-10-28|sag	Adigrat	3	3	0	1868	1868	EVET
CIKIS	d1923-eritre-habesistan|1923-10-28|sag	Vukro	3	3	0	1868	1868	EVET
CIKIS	d1923-eritre-habesistan|1923-10-28|sag	Şire	3	3	0	1868	1872	HAYIR
CIKIS	d1923-eritre-habesistan|1923-10-28|sol	Adi Kayh	5	5	0	7472	7472	EVET
CIKIS	d1923-eritre-habesistan|1923-10-28|sol	Adi Kuala	5	5	0	7472	7472	EVET
CIKIS	d1923-eritre-habesistan|1923-10-28|sol	Barentu	5	5	0	7472	7472	EVET
CIKIS	d1923-es-ma-ceuta|1860-11-17|sol	Sebte (Ceuta)	1	1	0	200	200	EVET
CIKIS	d1923-es-ma-ceuta|1923-10-28|sol	Sebte (Ceuta)	1	1	0	204	204	EVET
CIKIS	d1923-es-ma-melilla|1894-03-05|sol	Melîle (Melilla)	1	1	0	640	640	EVET
CIKIS	d1923-es-ma-melilla|1923-10-28|sol	Melîle (Melilla)	1	1	0	644	644	EVET
CIKIS	d1923-es-pt-kuzey|1866-11-04|sag	Braga	3	3	0	4380	4380	EVET
CIKIS	d1923-es-pt-kuzey|1866-11-04|sol	Badajoz	3	3	0	4240	4240	EVET
CIKIS	d1923-es-pt-kuzey|1866-11-04|sol	Vigo	3	3	0	4240	4240	EVET
CIKIS	d1923-es-pt-kuzey|1923-10-28|sag	Braga	3	3	0	4380	4380	EVET
CIKIS	d1923-es-pt-kuzey|1923-10-28|sol	Badajoz	3	3	0	4244	4244	EVET
CIKIS	d1923-es-pt-kuzey|1923-10-28|sol	Vigo	3	3	0	4244	4244	EVET
CIKIS	d1923-es-pt-olivenza|1801-06-06|sol	Badajoz	1	1	0	540	540	EVET
CIKIS	d1923-es-pt-olivenza|1923-10-28|sol	Badajoz	1	1	0	540	540	EVET
CIKIS	d1923-fi-no-bati|1917-12-06|sol	Rovaniemi	3	3	0	5756	5756	EVET
CIKIS	d1923-fi-no-bati|1923-10-28|sol	Rovaniemi	4	4	0	8124	8124	EVET
CIKIS	d1923-fi-se|1917-12-06|sag	Jukkasjärvi	2	2	0	3580	3580	EVET
CIKIS	d1923-fi-se|1923-10-28|sag	Jukkasjärvi	2	2	0	3580	3580	EVET
CIKIS	d1923-fi-su|1920-12-31|sol	Nurmes	1	1	0	4528	4532	HAYIR
CIKIS	d1923-fi-su|1923-10-28|sol	Nurmes	1	1	0	4528	4532	HAYIR
CIKIS	d1923-filistin-misir|1922-03-15|sol	Han Yûnus	1	1	0	752	752	EVET
CIKIS	d1923-filistin-misir|1923-10-28|sol	Han Yûnus	1	1	0	752	752	EVET
CIKIS	d1923-fr-ch-1|1814-05-30|sol	Cenevre	1	1	0	332	332	EVET
CIKIS	d1923-fr-ch-1|1923-10-28|sol	Cenevre	1	1	0	332	332	EVET
CIKIS	d1923-fr-ch-2|1814-05-30|sag	Mulhouse	2	2	0	80	84	HAYIR
CIKIS	d1923-fr-ch-2|1814-05-30|sol	Bern	3	3	0	452	448	HAYIR
CIKIS	d1923-fr-ch-2|1923-10-28|sag	Mulhouse	2	2	0	80	80	EVET
CIKIS	d1923-fr-ch-2|1923-10-28|sag	Thonon	2	2	0	80	76	HAYIR
CIKIS	d1923-fr-ch-2|1923-10-28|sol	Bern	3	3	0	452	448	HAYIR
CIKIS	d1923-fr-ch-alsas|1920-01-10|sol	Basel	1	1	0	156	156	EVET
CIKIS	d1923-fr-ch-alsas|1923-10-28|sol	Basel	1	1	0	156	156	EVET
CIKIS	d1923-fr-ch-dappes|1862-12-08|sol	Cenevre	1	1	0	804	804	EVET
CIKIS	d1923-fr-ch-dappes|1923-10-28|sol	Cenevre	1	1	0	804	804	EVET
CIKIS	d1923-fr-ch-savoy-1|1860-03-24|sol	Martigny (Martinach)	2	2	0	340	340	EVET
CIKIS	d1923-fr-ch-savoy-1|1923-10-28|sol	Martigny (Martinach)	2	2	0	340	340	EVET
CIKIS	d1923-fr-ch-savoy-2|1860-03-24|sol	Cenevre	1	1	0	200	200	EVET
CIKIS	d1923-fr-ch-savoy-2|1923-10-28|sol	Cenevre	1	1	0	200	200	EVET
CIKIS	d1923-fr-de|1920-01-10|sag	Strazburg	1	1	0	2168	2168	EVET
CIKIS	d1923-fr-de|1923-10-28|sag	Strazburg	1	1	0	2168	2168	EVET
CIKIS	d1923-fr-es-bati|1868-07-11|sag	Toulouse	3	3	0	2248	2248	EVET
CIKIS	d1923-fr-es-bati|1868-07-11|sol	Pamplona	1	1	0	8	8	EVET
CIKIS	d1923-fr-es-bati|1923-10-28|sag	Toulouse	3	3	0	2248	2248	EVET
CIKIS	d1923-fr-es-bati|1923-10-28|sol	Pamplona	1	1	0	8	8	EVET
CIKIS	d1923-fr-es-dogu|1868-07-11|sag	Perpignan	2	2	0	1400	1400	EVET
CIKIS	d1923-fr-es-dogu|1923-10-28|sag	Perpignan	2	2	0	1400	1400	EVET
CIKIS	d1923-fr-it-1|1861-03-17|sol	Bourg-Saint-Maurice	1	1	0	64	64	EVET
CIKIS	d1923-fr-it-1|1923-10-28|sol	Bourg-Saint-Maurice	1	1	0	64	64	EVET
CIKIS	d1923-fr-it-3|1861-03-17|sol	Bourg-Saint-Maurice	1	1	0	24	24	EVET
CIKIS	d1923-fr-it-3|1923-10-28|sol	Bourg-Saint-Maurice	1	1	0	24	24	EVET
CIKIS	d1923-fr-it-4|1861-03-17|sol	Bourg-Saint-Maurice	1	1	0	264	264	EVET
CIKIS	d1923-fr-it-4|1923-10-28|sol	Bourg-Saint-Maurice	1	1	0	264	264	EVET
CIKIS	d1923-fr-it-5|1861-03-17|sag	Torino	1	1	0	760	760	EVET
CIKIS	d1923-fr-it-5|1923-10-28|sag	Torino	1	1	0	760	760	EVET
CIKIS	d1923-fr-it-6|1861-03-17|sol	Nice	1	1	0	108	108	EVET
CIKIS	d1923-fr-it-6|1923-10-28|sol	Nice	1	1	0	108	108	EVET
CIKIS	d1923-fr-lu-lorraine|1920-01-10|sag	Lüksemburg	1	1	0	240	240	EVET
CIKIS	d1923-fr-lu-lorraine|1923-10-28|sag	Lüksemburg	1	1	0	240	240	EVET
CIKIS	d1923-fr-lu|1890-11-23|sag	Lüksemburg	1	1	0	28	28	EVET
CIKIS	d1923-fr-lu|1923-10-28|sag	Lüksemburg	1	1	0	28	28	EVET
CIKIS	d1923-fransiz-gine-portekiz-gine|1895-06-16|sag	Bissav (Bissau)	1	1	0	2292	2292	EVET
CIKIS	d1923-fransiz-gine-portekiz-gine|1923-10-28|sag	Bissav (Bissau)	1	1	0	2292	2292	EVET
CIKIS	d1923-fransiz-gine-sierra-leone|1923-10-28|sol	Nzerekore	4	4	0	9244	9244	EVET
CIKIS	d1923-fransiz-ingiliz-somalisi|1888-02-09|sol	Alî Sabîh	2	2	0	388	388	EVET
CIKIS	d1923-fransiz-ingiliz-somalisi|1888-02-09|sol	Cibûtî	2	2	0	388	388	EVET
CIKIS	d1923-fransiz-ingiliz-somalisi|1923-10-28|sol	Alî Sabîh	2	2	0	388	388	EVET
CIKIS	d1923-fransiz-ingiliz-somalisi|1923-10-28|sol	Cibûtî	2	2	0	388	388	EVET
CIKIS	d1923-gr-al|1921-11-09|sag	Filat (Filiates)	2	2	0	108	108	EVET
CIKIS	d1923-gr-al|1921-11-09|sag	Kesriye (Kastoria)	2	2	0	108	108	EVET
CIKIS	d1923-gr-al|1921-11-09|sol	Ergiri (Ergirikasrı)	2	2	0	324	324	EVET
CIKIS	d1923-gr-al|1921-11-09|sol	Görice (Korçë)	2	2	0	324	324	EVET
CIKIS	d1923-gr-al|1923-10-28|sag	Filat (Filiates)	2	2	0	108	108	EVET
CIKIS	d1923-gr-al|1923-10-28|sag	Kesriye (Kastoria)	2	2	0	108	108	EVET
CIKIS	d1923-gr-al|1923-10-28|sol	Ergiri (Ergirikasrı)	2	2	0	324	324	EVET
CIKIS	d1923-gr-al|1923-10-28|sol	Görice (Korçë)	2	2	0	324	324	EVET
CIKIS	d1923-gr-bg-bati|1913-08-10|sol	Nevrokop (Gotse Delçev)	2	2	0	680	680	EVET
CIKIS	d1923-gr-bg-bati|1923-10-28|sol	Nevrokop (Gotse Delçev)	2	2	0	676	676	EVET
CIKIS	d1923-gr-bg-dogu|1921-01-01|sag	Drama	5	5	0	1464	1464	EVET
CIKIS	d1923-gr-bg-dogu|1921-01-01|sag	Gümülcine	5	5	0	1464	1464	EVET
CIKIS	d1923-gr-bg-dogu|1921-01-01|sag	Çirmen	5	5	0	1464	1464	EVET
CIKIS	d1923-gr-bg-dogu|1921-01-01|sag	İskeçe	5	5	0	1464	1464	EVET
CIKIS	d1923-gr-bg-dogu|1923-10-28|sag	Drama	5	5	0	1464	1464	EVET
CIKIS	d1923-gr-bg-dogu|1923-10-28|sag	Gümülcine	5	5	0	1464	1464	EVET
CIKIS	d1923-gr-bg-dogu|1923-10-28|sag	Çirmen	5	5	0	1464	1464	EVET
CIKIS	d1923-gr-bg-dogu|1923-10-28|sag	İskeçe	5	5	0	1464	1464	EVET
CIKIS	d1923-gr-shs-1|1918-12-01|sag	Gevgili (Gevgelija)	1	1	0	68	68	EVET
CIKIS	d1923-gr-shs-1|1918-12-01|sol	Filorina (Florina)	2	2	0	36	36	EVET
CIKIS	d1923-gr-shs-1|1918-12-01|sol	Vodina (Edessa)	2	2	0	36	36	EVET
CIKIS	d1923-gr-shs-1|1923-10-28|sag	Gevgili (Gevgelija)	1	1	0	68	68	EVET
CIKIS	d1923-gr-shs-1|1923-10-28|sol	Filorina (Florina)	2	2	0	36	36	EVET
CIKIS	d1923-gr-shs-1|1923-10-28|sol	Vodina (Edessa)	2	2	0	36	36	EVET
CIKIS	d1923-guney-rodezya-mozambik|1923-10-01|sol	Cikualakuala	5	5	0	18328	18328	EVET
CIKIS	d1923-guney-rodezya-mozambik|1923-10-28|sol	Cikualakuala	5	5	0	18328	18328	EVET
CIKIS	d1923-habesistan-ingiliz-somalisi|1897-05-14|sag	Borama	5	5	0	10928	10928	EVET
CIKIS	d1923-habesistan-ingiliz-somalisi|1897-05-14|sag	Buhodle	5	5	0	10928	10928	EVET
CIKIS	d1923-habesistan-ingiliz-somalisi|1897-05-14|sag	Lasanod	5	5	0	10928	10928	EVET
CIKIS	d1923-habesistan-ingiliz-somalisi|1897-05-14|sag	Odveyne	5	5	0	10928	10928	EVET
CIKIS	d1923-habesistan-ingiliz-somalisi|1923-10-28|sag	Borama	5	5	0	10868	10868	EVET
CIKIS	d1923-habesistan-ingiliz-somalisi|1923-10-28|sag	Buhodle	5	5	0	10868	10868	EVET
CIKIS	d1923-habesistan-ingiliz-somalisi|1923-10-28|sag	Lasanod	5	5	0	10868	10868	EVET
CIKIS	d1923-habesistan-ingiliz-somalisi|1923-10-28|sag	Odveyne	5	5	0	10868	10868	EVET
CIKIS	d1923-hd-pt-orta|1916-08-17|sag	Maucatar	2	2	0	88	88	EVET
CIKIS	d1923-hd-pt-orta|1916-08-17|sol	Atapupu	1	1	0	68	68	EVET
CIKIS	d1923-hd-pt-orta|1923-10-28|sag	Maucatar	2	2	0	88	88	EVET
CIKIS	d1923-hd-pt-orta|1923-10-28|sol	Atapupu	1	1	0	68	68	EVET
CIKIS	d1923-hu-cs-1|1921-07-26|sag	Komárom (Komárno)	3	3	0	432	432	EVET
CIKIS	d1923-hu-cs-1|1921-07-26|sag	Léva (Levice)	3	3	0	432	432	EVET
CIKIS	d1923-hu-cs-1|1921-07-26|sol	Vaç (Vác)	2	2	0	636	636	EVET
CIKIS	d1923-hu-cs-1|1923-10-28|sag	Komárom (Komárno)	3	3	0	432	432	EVET
CIKIS	d1923-hu-cs-1|1923-10-28|sag	Léva (Levice)	3	3	0	432	432	EVET
CIKIS	d1923-hu-cs-1|1923-10-28|sol	Vaç (Vác)	2	2	0	636	636	EVET
CIKIS	d1923-hu-cs-2|1921-07-26|sag	Kassa (Košice)	2	2	0	1468	1468	EVET
CIKIS	d1923-hu-cs-2|1923-10-28|sag	Kassa (Košice)	2	2	0	1468	1468	EVET
CIKIS	d1923-hu-cs-3|1921-07-26|sag	Ungvár (Uzhhorod)	1	1	0	472	468	HAYIR
CIKIS	d1923-hu-cs-3|1921-07-26|sol	Tokaj	1	1	0	68	68	EVET
CIKIS	d1923-hu-cs-3|1923-10-28|sag	Ungvár (Uzhhorod)	1	1	0	472	468	HAYIR
CIKIS	d1923-hu-cs-3|1923-10-28|sol	Tokaj	1	1	0	68	68	EVET
CIKIS	d1923-hu-cs-rutenya|1921-07-26|sag	Ungvár (Uzhhorod)	2	2	0	836	836	EVET
CIKIS	d1923-hu-cs-rutenya|1923-10-28|sag	Ungvár (Uzhhorod)	2	2	0	836	836	EVET
CIKIS	d1923-hu-ro|1921-07-26|sag	Varad (Oradea)	2	2	0	1692	1692	EVET
CIKIS	d1923-hu-ro|1921-07-26|sol	Debrecen	3	3	0	1616	1616	EVET
CIKIS	d1923-hu-ro|1923-10-28|sag	Varad (Oradea)	2	2	0	1692	1692	EVET
CIKIS	d1923-hu-ro|1923-10-28|sol	Debrecen	3	3	0	1616	1616	EVET
CIKIS	d1923-hu-yu-hirvatistan|1921-07-26|sag	Mohaç	3	3	0	320	320	EVET
CIKIS	d1923-hu-yu-hirvatistan|1923-10-28|sag	Mohaç	3	3	0	320	320	EVET
CIKIS	d1923-hu-yu-slovenya|1921-07-26|sag	Lendava (Alsólendva)	2	2	0	1492	1492	EVET
CIKIS	d1923-hu-yu-slovenya|1923-10-28|sag	Lendava (Alsólendva)	2	2	0	1492	1492	EVET
CIKIS	d1923-ih-cn-guney1-1|1923-10-28|sol	Tengyue (Tengchong)	1	1	0	524	524	EVET
CIKIS	d1923-ih-cn-guney3|1923-10-28|sol	Chiang Hung (Jinghong)	1	1	0	1088	1088	EVET
CIKIS	d1923-ih-np-BILINMIYOR|1875-01-07|sag	Katmandu	1	1	0	44	44	EVET
CIKIS	d1923-ih-np-BILINMIYOR|1875-01-07|sol	Bhâgalpûr	7	7	0	11828	11828	EVET
CIKIS	d1923-ih-np-BILINMIYOR|1875-01-07|sol	Leknev (Lucknow)	7	7	0	11828	11828	EVET
CIKIS	d1923-ih-np-BILINMIYOR|1875-01-07|sol	Pandua (Hazret Pandua)	7	7	0	11828	11828	EVET
CIKIS	d1923-ih-np-BILINMIYOR|1923-10-28|sag	Katmandu	1	1	0	44	44	EVET
CIKIS	d1923-ih-np-BILINMIYOR|1923-10-28|sol	Bhâgalpûr	7	7	0	11828	11828	EVET
CIKIS	d1923-ih-np-BILINMIYOR|1923-10-28|sol	Leknev (Lucknow)	7	7	0	11828	11828	EVET
CIKIS	d1923-ih-np-BILINMIYOR|1923-10-28|sol	Pandua (Hazret Pandua)	7	7	0	11828	11828	EVET
CIKIS	d1923-iq-ir-DEGISTI-sattularap|1921-08-23|sol	Muhammere	1	1	0	40	40	EVET
CIKIS	d1923-iq-ir-DEGISTI-sattularap|1923-10-28|sol	Muhammere	1	1	0	40	40	EVET
CIKIS	d1923-iq-ir|1921-08-23|sag	Ammâre	5	5	0	5716	5716	EVET
CIKIS	d1923-iq-ir|1921-08-23|sag	Gōrabī	5	5	0	5716	5716	EVET
CIKIS	d1923-iq-ir|1921-08-23|sag	Hânekîn	5	5	0	5716	5716	EVET
CIKIS	d1923-iq-ir|1921-08-23|sol	Havîza	7	7	0	5652	5652	EVET
CIKIS	d1923-iq-ir|1921-08-23|sol	Muhammere	7	7	0	5652	5652	EVET
CIKIS	d1923-iq-ir|1921-08-23|sol	Serdeşt (Sardasht)	7	7	0	5652	5652	EVET
CIKIS	d1923-iq-ir|1923-10-28|sag	Ammâre	5	5	0	5716	5716	EVET
CIKIS	d1923-iq-ir|1923-10-28|sag	Gōrabī	5	5	0	5716	5716	EVET
CIKIS	d1923-iq-ir|1923-10-28|sag	Hânekîn	5	5	0	5716	5716	EVET
CIKIS	d1923-iq-ir|1923-10-28|sol	Havîza	7	7	0	5652	5652	EVET
CIKIS	d1923-iq-ir|1923-10-28|sol	Muhammere	7	7	0	5652	5652	EVET
CIKIS	d1923-iq-ir|1923-10-28|sol	Serdeşt (Sardasht)	7	7	0	5652	5652	EVET
CIKIS	d1923-it-at-1|1920-01-01|sag	Udine	1	1	0	380	380	EVET
CIKIS	d1923-it-at-1|1923-10-28|sag	Udine	1	1	0	380	380	EVET
CIKIS	d1923-it-ch|1861-03-17|sag	Aosta	3	3	0	1260	1260	EVET
CIKIS	d1923-it-ch|1861-03-17|sag	Bergamo	3	3	0	1260	1260	EVET
CIKIS	d1923-it-ch|1861-03-17|sol	Luzern	2	2	0	1268	1268	EVET
CIKIS	d1923-it-ch|1861-03-17|sol	Sion (Sitten)	2	2	0	1268	1268	EVET
CIKIS	d1923-it-ch|1923-10-28|sag	Aosta	3	3	0	1304	1304	EVET
CIKIS	d1923-it-ch|1923-10-28|sag	Bergamo	3	3	0	1304	1304	EVET
CIKIS	d1923-it-ch|1923-10-28|sol	Luzern	2	2	0	1268	1268	EVET
CIKIS	d1923-it-ch|1923-10-28|sol	Sion (Sitten)	2	2	0	1268	1268	EVET
CIKIS	d1923-kongo-fransiz-belcika|1910-01-15|sag	İmpfondo	3	3	0	8716	8716	EVET
CIKIS	d1923-kongo-fransiz-belcika|1910-01-15|sol	Bandundu	2	2	0	384	384	EVET
CIKIS	d1923-kongo-fransiz-belcika|1910-01-15|sol	Mbandaka	2	2	0	384	384	EVET
CIKIS	d1923-kongo-fransiz-belcika|1923-10-28|sag	İmpfondo	3	3	0	8716	8716	EVET
CIKIS	d1923-kongo-fransiz-belcika|1923-10-28|sol	Bandundu	2	2	0	384	384	EVET
CIKIS	d1923-kongo-fransiz-belcika|1923-10-28|sol	Mbandaka	2	2	0	384	384	EVET
CIKIS	d1923-liberya-fildisi-sahili|1911-01-01|sag	Harper	2	2	0	8056	8056	EVET
CIKIS	d1923-liberya-fildisi-sahili|1911-01-01|sol	Nzerekore	1	1	0	804	804	EVET
CIKIS	d1923-liberya-fildisi-sahili|1923-10-28|sag	Harper	2	2	0	8056	8056	EVET
CIKIS	d1923-liberya-fildisi-sahili|1923-10-28|sol	Nzerekore	1	1	0	804	804	EVET
CIKIS	d1923-lt-lv|1921-05-14|sag	Daugavpils (Dünaburg)	3	3	0	2104	2104	EVET
CIKIS	d1923-lt-lv|1921-05-14|sol	Šiauliai	1	1	0	1880	1880	EVET
CIKIS	d1923-lt-lv|1923-10-28|sag	Daugavpils (Dünaburg)	3	3	0	2104	2104	EVET
CIKIS	d1923-lt-lv|1923-10-28|sol	Šiauliai	2	2	0	3492	3492	EVET
CIKIS	d1923-malavi-mozambik|1907-01-01|sol	Sena	4	4	0	2172	2172	EVET
CIKIS	d1923-malavi-mozambik|1923-10-28|sol	Sena	4	4	0	2172	2172	EVET
CIKIS	d1923-mx-gt|1882-09-27|sag	San Cristóbal de las Casas (Ciudad Real)	2	2	0	3016	3016	EVET
CIKIS	d1923-mx-gt|1882-09-27|sol	Antigua Guatemala (Santiago de los Caballeros)	2	2	0	7588	7588	EVET
CIKIS	d1923-mx-gt|1923-10-28|sag	San Cristóbal de las Casas (Ciudad Real)	2	2	0	3016	3016	EVET
CIKIS	d1923-mx-gt|1923-10-28|sol	Antigua Guatemala (Santiago de los Caballeros)	2	2	0	7588	7588	EVET
CIKIS	d1923-necid-kuveyt-bati|1922-12-02|sag	Kuveyt	1	1	0	1816	1816	EVET
CIKIS	d1923-necid-kuveyt-bati|1923-10-28|sag	Kuveyt	1	1	0	1816	1816	EVET
CIKIS	d1923-necid-kuveyt-yay|1922-12-02|sag	Kuveyt	1	1	0	2128	2128	EVET
CIKIS	d1923-necid-kuveyt-yay|1923-10-28|sag	Kuveyt	1	1	0	2128	2128	EVET
CIKIS	d1923-nijer-nijerya|1910-02-19|sag	Katsina	4	4	0	6284	6284	EVET
CIKIS	d1923-nijer-nijerya|1910-02-19|sag	Sokoto	4	4	0	6284	6284	EVET
CIKIS	d1923-nijer-nijerya|1910-02-19|sol	Goure	4	4	0	7316	7316	EVET
CIKIS	d1923-nijer-nijerya|1910-02-19|sol	Say	4	4	0	7316	7316	EVET
CIKIS	d1923-nijer-nijerya|1923-10-28|sag	Katsina	4	4	0	6284	6284	EVET
CIKIS	d1923-nijer-nijerya|1923-10-28|sag	Kukava (Kukawa)	4	4	0	6284	6284	EVET
CIKIS	d1923-nijer-nijerya|1923-10-28|sag	Sokoto	4	4	0	6284	6284	EVET
CIKIS	d1923-nijer-nijerya|1923-10-28|sol	Goure	5	5	0	7408	7408	EVET
CIKIS	d1923-nijer-nijerya|1923-10-28|sol	Nguigmi	5	5	0	7408	7408	EVET
CIKIS	d1923-nijer-nijerya|1923-10-28|sol	Say	5	5	0	7408	7408	EVET
CIKIS	d1923-nijerya-kamerun-milner-simon|1922-07-20|sag	Vukari (Wukari)	8	8	0	24200	24200	EVET
CIKIS	d1923-nijerya-kamerun-milner-simon|1922-07-20|sag	Yola	8	8	0	24200	24200	EVET
CIKIS	d1923-nijerya-kamerun-milner-simon|1922-07-20|sol	Fumban (Bamum)	2	2	0	604	604	EVET
CIKIS	d1923-nijerya-kamerun-milner-simon|1923-10-28|sag	Vukari (Wukari)	8	8	0	24200	24200	EVET
CIKIS	d1923-nijerya-kamerun-milner-simon|1923-10-28|sag	Yola	8	8	0	24200	24200	EVET
CIKIS	d1923-nijerya-kamerun-milner-simon|1923-10-28|sol	Fumban (Bamum)	2	2	0	604	604	EVET
CIKIS	d1923-nl-de|1824-07-02|sag	Groningen	2	2	0	2844	2844	EVET
CIKIS	d1923-nl-de|1824-07-02|sol	Aachen	3	3	0	1092	1092	EVET
CIKIS	d1923-nl-de|1824-07-02|sol	Dortmund	3	3	0	1092	1092	EVET
CIKIS	d1923-nl-de|1923-10-28|sag	Groningen	2	2	0	2844	2844	EVET
CIKIS	d1923-nl-de|1923-10-28|sol	Aachen	3	3	0	792	792	EVET
CIKIS	d1923-no-se|1905-06-07|sag	Jukkasjärvi	4	4	0	5208	5208	EVET
CIKIS	d1923-no-se|1905-06-07|sag	Mora	4	4	0	5208	5208	EVET
CIKIS	d1923-no-se|1905-06-07|sag	Uddevalla	4	4	0	5208	5208	EVET
CIKIS	d1923-no-se|1905-06-07|sol	Oslo	6	6	0	11836	11836	EVET
CIKIS	d1923-no-se|1905-06-07|sol	Røros	6	6	0	11836	11836	EVET
CIKIS	d1923-no-se|1923-10-28|sag	Jukkasjärvi	4	4	0	5208	5208	EVET
CIKIS	d1923-no-se|1923-10-28|sag	Mora	4	4	0	5208	5208	EVET
CIKIS	d1923-no-se|1923-10-28|sag	Uddevalla	4	4	0	5208	5208	EVET
CIKIS	d1923-no-se|1923-10-28|sol	Oslo	6	6	0	11836	11836	EVET
CIKIS	d1923-no-se|1923-10-28|sol	Røros	6	6	0	11836	11836	EVET
CIKIS	d1923-oky-yenigine-kuzey-alman|1914-09-16|sol	Vanimo	1	1	0	228	228	EVET
CIKIS	d1923-oky-yenigine-kuzey-isgal-avustralya|1914-09-17|sol	Vanimo	1	1	0	292	292	EVET
CIKIS	d1923-oky-yenigine-kuzey-isgal-avustralya|1920-12-16|sol	Vanimo	1	1	0	292	292	EVET
CIKIS	d1923-oky-yenigine-kuzey|1920-12-17|sol	Vanimo	1	1	0	292	292	EVET
CIKIS	d1923-oky-yenigine-kuzey|1923-10-28|sol	Vanimo	1	1	0	292	292	EVET
CIKIS	d1923-ro-su|1918-04-08|sag	Bar (Podolya)	1	1	0	12	12	EVET
CIKIS	d1923-ro-su|1918-04-08|sol	Bender	4	4	0	3872	3872	EVET
CIKIS	d1923-ro-su|1918-04-08|sol	Hotin	4	4	0	3872	3872	EVET
CIKIS	d1923-ro-su|1923-10-28|sag	Bar (Podolya)	1	1	0	12	12	EVET
CIKIS	d1923-ro-su|1923-10-28|sol	Bender	4	4	0	3872	3872	EVET
CIKIS	d1923-ro-su|1923-10-28|sol	Hotin	4	4	0	3872	3872	EVET
CIKIS	d1923-ruanda-tanganyika|1922-07-20|sag	Mbarara (Nkore)	1	1	0	528	528	EVET
CIKIS	d1923-ruanda-tanganyika|1922-07-20|sol	Kigali	1	1	0	520	520	EVET
CIKIS	d1923-ruanda-tanganyika|1923-10-28|sag	Mbarara (Nkore)	1	1	0	528	528	EVET
CIKIS	d1923-ruanda-tanganyika|1923-10-28|sol	Kigali	1	1	0	520	520	EVET
CIKIS	d1923-senegal-gambiya|1895-06-16|sag	Bulebane (Bundu)	2	2	0	2920	2920	EVET
CIKIS	d1923-senegal-gambiya|1895-06-16|sag	Kahone (Salum)	2	2	0	2920	2920	EVET
CIKIS	d1923-senegal-gambiya|1923-10-28|sag	Bulebane (Bundu)	2	2	0	2920	2920	EVET
CIKIS	d1923-senegal-gambiya|1923-10-28|sag	Kahone (Salum)	2	2	0	2920	2920	EVET
CIKIS	d1923-sudan-belcika-kongo|1910-06-16|sag	Yei	4	4	0	10832	10832	EVET
CIKIS	d1923-sudan-belcika-kongo|1923-10-28|sag	Yei	4	4	0	10832	10832	EVET
CIKIS	d1923-tanganika-mozambik|1922-07-20|sag	Masasi	5	5	0	12400	12400	EVET
CIKIS	d1923-tanganika-mozambik|1922-07-20|sag	Mikindani	5	5	0	12400	12400	EVET
CIKIS	d1923-tanganika-mozambik|1922-07-20|sag	Songea (Ngoni)	5	5	0	12400	12400	EVET
CIKIS	d1923-tanganika-mozambik|1923-10-28|sag	Masasi	5	5	0	12400	12400	EVET
CIKIS	d1923-tanganika-mozambik|1923-10-28|sag	Mikindani	5	5	0	12400	12400	EVET
CIKIS	d1923-tanganika-mozambik|1923-10-28|sag	Songea (Ngoni)	5	5	0	12400	12400	EVET
CIKIS	d1923-tr-bg|1923-07-24|sag	Malko Tırnova	1	1	0	24	24	EVET
CIKIS	d1923-tr-bg|1923-07-24|sol	Dereköy (Kırklareli)	2	2	0	48	48	EVET
CIKIS	d1923-tr-bg|1923-07-24|sol	Edirne	2	2	0	48	48	EVET
CIKIS	d1923-tr-bg|1923-10-28|sag	Malko Tırnova	1	1	0	24	24	EVET
CIKIS	d1923-tr-bg|1923-10-28|sol	Dereköy (Kırklareli)	2	2	0	48	48	EVET
CIKIS	d1923-tr-bg|1923-10-28|sol	Edirne	2	2	0	48	48	EVET
CIKIS	d1923-tr-gr-1|1923-07-24|sol	Uluköy (Akçadam)	1	1	0	24	20	HAYIR
CIKIS	d1923-tr-gr-1|1923-10-28|sol	Uluköy (Akçadam)	1	1	0	24	20	HAYIR
CIKIS	d1923-tr-ir-1|1920-04-23|sag	Mâku	1	1	0	24	24	EVET
CIKIS	d1923-tr-ir-1|1923-10-28|sag	Mâku	1	1	0	24	24	EVET
CIKIS	d1923-tr-ir-2|1920-04-23|sol	Bacirge (Esendere)	2	2	0	260	260	EVET
CIKIS	d1923-tr-ir-2|1920-04-23|sol	Başkale	2	2	0	260	260	EVET
CIKIS	d1923-tr-ir-2|1923-10-28|sol	Bacirge (Esendere)	2	2	0	260	260	EVET
CIKIS	d1923-tr-ir-2|1923-10-28|sol	Başkale	2	2	0	260	260	EVET
CIKIS	d1923-tr-ir-3|1920-04-23|sol	Balıklı	1	1	0	108	108	EVET
CIKIS	d1923-tr-ir-3|1923-10-28|sol	Balıklı	1	1	0	108	108	EVET
CIKIS	d1923-tr-sscb-ermenistan|1921-03-16|sag	Digor	8	8	0	4740	4740	EVET
CIKIS	d1923-tr-sscb-gurcistan|1921-03-16|sag	Borçka	9	9	0	3144	3144	EVET
CIKIS	d1923-tr-sscb-gurcistan|1923-10-28|sol	Hanak	2	2	0	24	24	EVET
CIKIS	d1923-tr-sscb-gurcistan|1923-10-28|sol	Sarp	2	2	0	24	24	EVET
CIKIS	d1923-tr-sy-dogu|1921-10-20|sag	Ayn el-Arab (Kobani)	6	6	0	1072	1076	HAYIR
CIKIS	d1923-tr-sy-dogu|1921-10-20|sag	Cerablus	6	6	0	1072	1080	HAYIR
CIKIS	d1923-tr-sy-dogu|1921-10-20|sol	Ceylanpınar	5	5	0	1656	1656	EVET
CIKIS	d1923-tr-sy-dogu|1921-10-20|sol	Kilis	5	5	0	1656	1656	EVET
CIKIS	d1923-tr-sy-dogu|1921-10-20|sol	Nusaybin	5	5	0	1656	1656	EVET
CIKIS	d1923-tr-sy-dogu|1923-10-28|sag	Ayn el-Arab (Kobani)	6	6	0	1072	1076	HAYIR
CIKIS	d1923-tr-sy-dogu|1923-10-28|sag	Cerablus	6	6	0	1072	1080	HAYIR
CIKIS	d1923-tr-sy-dogu|1923-10-28|sol	Ceylanpınar	5	5	0	1656	1656	EVET
CIKIS	d1923-tr-sy-dogu|1923-10-28|sol	Kilis	5	5	0	1656	1656	EVET
CIKIS	d1923-tr-sy-dogu|1923-10-28|sol	Nusaybin	5	5	0	1656	1656	EVET
CIKIS	d1923-uganda-belcika-kongo|1915-02-03|sag	Fort Portal (Toro)	2	2	0	2500	2500	EVET
CIKIS	d1923-uganda-belcika-kongo|1915-02-03|sag	Mbarara (Nkore)	2	2	0	2500	2500	EVET
CIKIS	d1923-uganda-belcika-kongo|1915-02-03|sol	Bunia	2	2	0	1776	1776	EVET
CIKIS	d1923-uganda-belcika-kongo|1923-10-28|sag	Fort Portal (Toro)	2	2	0	2500	2500	EVET
CIKIS	d1923-uganda-belcika-kongo|1923-10-28|sag	Mbarara (Nkore)	2	2	0	2500	2500	EVET
CIKIS	d1923-uganda-belcika-kongo|1923-10-28|sol	Bunia	3	3	0	2676	2676	EVET
CIKIS	d1923-uganda-belcika-kongo|1923-10-28|sol	Kigali	3	3	0	2676	2676	EVET
CIKIS	d1923-us-mx-gadsden|1854-06-30|sag	Tubac	3	3	0	7356	7356	EVET
CIKIS	d1923-us-mx-gadsden|1854-06-30|sag	Yuma geçidi (La Purísima Concepción)	3	3	0	7356	7356	EVET
CIKIS	d1923-us-mx-gadsden|1923-10-28|sag	Tubac	4	4	0	8264	8264	EVET
CIKIS	d1923-us-mx-gadsden|1923-10-28|sol	El Paso del Norte	2	2	0	5388	5388	EVET
CIKIS	d1923-us-mx-kaliforniya|1848-05-30|sag	San Diego (Misyon San Diego de Alcalá)	2	2	0	4124	4124	EVET
CIKIS	d1923-us-mx-kaliforniya|1923-10-28|sag	San Diego (Misyon San Diego de Alcalá)	2	2	0	4124	4124	EVET
CIKIS	dg2-gecici-no-bati|1917-03-15|sol	Rovaniemi	4	4	0	8124	8124	EVET
CIKIS	dg2-gecici-no-bati|1917-11-06|sol	Rovaniemi	4	4	0	8124	8124	EVET
CIKIS	dg2-gecici-no-petsamo|1917-03-15|sag	Petsamo (Peçenga)	2	2	0	2372	2372	EVET
CIKIS	dg2-gecici-no-petsamo|1917-11-06|sag	Petsamo (Peçenga)	2	2	0	2372	2372	EVET
CIKIS	dg2-gecici-se|1917-03-15|sag	Jukkasjärvi	2	2	0	3580	3580	EVET
CIKIS	dg2-gecici-se|1917-11-06|sag	Jukkasjärvi	2	2	0	3580	3580	EVET
CIKIS	dg2-rusya-no-bati|1905-06-07|sol	Rovaniemi	4	4	0	8124	8124	EVET
CIKIS	dg2-rusya-no-bati|1917-03-14|sol	Rovaniemi	4	4	0	8124	8124	EVET
CIKIS	dg2-rusya-no-petsamo|1905-06-07|sag	Petsamo (Peçenga)	2	2	0	2372	2372	EVET
CIKIS	dg2-rusya-no-petsamo|1917-03-14|sag	Petsamo (Peçenga)	2	2	0	2372	2372	EVET
CIKIS	dg2-rusya-se|1809-09-17|sag	Jukkasjärvi	2	2	0	3580	3580	EVET
CIKIS	dg2-rusya-se|1917-03-14|sag	Jukkasjärvi	2	2	0	3580	3580	EVET
CIKIS	dg2-sovyet-no-bati|1917-11-07|sol	Rovaniemi	4	4	0	8124	8124	EVET
CIKIS	dg2-sovyet-no-bati|1917-12-05|sol	Rovaniemi	4	4	0	8124	8124	EVET
CIKIS	dg2-sovyet-se|1917-11-07|sag	Jukkasjärvi	2	2	0	3580	3580	EVET
CIKIS	dg2-sovyet-se|1917-12-05|sag	Jukkasjärvi	2	2	0	3580	3580	EVET
CIKIS	dg4-be-fr-fiili|1830-10-04|sag	Lille	1	1	0	56	56	EVET
CIKIS	dg4-be-fr-fiili|1830-10-04|sol	Mons	7	7	0	5040	5040	EVET
CIKIS	dg4-be-fr-fiili|1830-10-04|sol	Ypres	7	7	0	5040	5040	EVET
CIKIS	dg4-be-fr-fiili|1839-04-18|sag	Lille	1	1	0	56	56	EVET
CIKIS	dg4-be-fr-fiili|1839-04-18|sol	Mons	7	7	0	5040	5040	EVET
CIKIS	dg4-be-fr-fiili|1839-04-18|sol	Ypres	7	7	0	5040	5040	EVET
CIKIS	dg4-fr-ch-alsas|1814-05-30|sol	Basel	1	1	0	156	156	EVET
CIKIS	dg4-fr-ch-alsas|1871-05-09|sol	Basel	1	1	0	156	156	EVET
CIKIS	dg4-hab-ch-lombardiya|1815-06-09|sag	Bergamo	4	4	0	4004	4004	EVET
CIKIS	dg4-hab-ch-lombardiya|1815-06-09|sag	Feldkirch	4	4	0	4004	4004	EVET
CIKIS	dg4-hab-ch-lombardiya|1815-06-09|sag	Landeck	4	4	0	4004	4004	EVET
CIKIS	dg4-hab-ch-lombardiya|1859-11-09|sag	Feldkirch	2	2	0	2472	2472	EVET
CIKIS	dg4-hab-ch-lombardiya|1859-11-09|sag	Landeck	2	2	0	2472	2472	EVET
CIKIS	dg4-nl-fr-kortrijk|1820-03-28|sag	Lille	1	1	0	56	56	EVET
CIKIS	dg4-nl-fr-kortrijk|1820-03-28|sol	Mons	8	8	0	5068	5068	EVET
CIKIS	dg4-nl-fr-kortrijk|1820-03-28|sol	Ypres	8	8	0	5068	5068	EVET
CIKIS	dg4-nl-fr-kortrijk|1830-10-03|sag	Lille	1	1	0	56	56	EVET
CIKIS	dg4-nl-fr-kortrijk|1830-10-03|sol	Mons	8	8	0	5068	5068	EVET
CIKIS	dg4-nl-fr-kortrijk|1830-10-03|sol	Ypres	8	8	0	5068	5068	EVET
CIKIS	dg4-sa-ch-cenevre|1816-03-16|sol	Cenevre	1	1	0	200	200	EVET
CIKIS	dg4-sa-ch-cenevre|1860-03-23|sol	Cenevre	1	1	0	200	200	EVET
CIKIS	dg4-sa-ch-lombardiya|1859-11-10|sag	Bergamo	2	2	0	1084	1084	EVET
CIKIS	dg4-sa-ch-lombardiya|1861-03-16|sag	Bergamo	2	2	0	1084	1084	EVET
CIKIS	dg4-sa-ch-piyemonte|1815-06-09|sag	Aosta	1	1	0	20	20	EVET
CIKIS	dg4-sa-ch-piyemonte|1815-06-09|sol	Luzern	2	2	0	1268	1268	EVET
CIKIS	dg4-sa-ch-piyemonte|1815-06-09|sol	Sion (Sitten)	2	2	0	1268	1268	EVET
CIKIS	dg4-sa-ch-piyemonte|1861-03-16|sag	Aosta	2	2	0	472	472	EVET
CIKIS	dg4-sa-ch-piyemonte|1861-03-16|sag	Milano	2	2	0	472	472	EVET
CIKIS	dg4-sa-ch-piyemonte|1861-03-16|sol	Luzern	2	2	0	1268	1268	EVET
CIKIS	dg4-sa-ch-piyemonte|1861-03-16|sol	Sion (Sitten)	2	2	0	1268	1268	EVET
CIKIS	dg4-sa-ch-valais|1815-06-09|sol	Martigny (Martinach)	2	2	0	340	340	EVET
CIKIS	dg4-sa-ch-valais|1860-03-23|sol	Martigny (Martinach)	2	2	0	340	340	EVET
CIKIS	dg4-sa-fr-1861-1|1861-03-07|sol	Bourg-Saint-Maurice	1	1	0	64	64	EVET
CIKIS	dg4-sa-fr-1861-1|1861-03-16|sol	Bourg-Saint-Maurice	1	1	0	64	64	EVET
CIKIS	dg4-sa-fr-1861-3|1861-03-07|sol	Bourg-Saint-Maurice	1	1	0	24	24	EVET
CIKIS	dg4-sa-fr-1861-3|1861-03-16|sol	Bourg-Saint-Maurice	1	1	0	24	24	EVET
CIKIS	dg4-sa-fr-1861-4|1861-03-07|sol	Bourg-Saint-Maurice	1	1	0	264	264	EVET
CIKIS	dg4-sa-fr-1861-4|1861-03-16|sol	Bourg-Saint-Maurice	1	1	0	264	264	EVET
CIKIS	dg4-sa-fr-1861-5|1861-03-07|sag	Torino	1	1	0	760	760	EVET
CIKIS	dg4-sa-fr-1861-5|1861-03-16|sag	Torino	1	1	0	760	760	EVET
CIKIS	dg4-sa-fr-1861-6|1861-03-07|sol	Nice	1	1	0	108	108	EVET
CIKIS	dg4-sa-fr-1861-6|1861-03-16|sol	Nice	1	1	0	108	108	EVET
CIKIS	dg6-dk-se-stromstad|1751-10-02|sag	Jukkasjärvi	4	4	0	5164	5164	EVET
CIKIS	dg6-dk-se-stromstad|1751-10-02|sag	Mora	4	4	0	5164	5164	EVET
CIKIS	dg6-dk-se-stromstad|1751-10-02|sag	Uddevalla	4	4	0	5164	5164	EVET
CIKIS	dg6-dk-se-stromstad|1751-10-02|sol	Oslo	6	6	0	11836	11836	EVET
CIKIS	dg6-dk-se-stromstad|1751-10-02|sol	Røros	6	6	0	11836	11836	EVET
CIKIS	dg6-dk-se-stromstad|1814-01-13|sag	Jukkasjärvi	4	4	0	5220	5220	EVET
CIKIS	dg6-dk-se-stromstad|1814-01-13|sag	Mora	4	4	0	5220	5220	EVET
CIKIS	dg6-dk-se-stromstad|1814-01-13|sag	Uddevalla	4	4	0	5220	5220	EVET
CIKIS	dg6-dk-se-stromstad|1814-01-13|sol	Oslo	6	6	0	11956	11956	EVET
CIKIS	dg6-dk-se-stromstad|1814-01-13|sol	Røros	6	6	0	11956	11956	EVET
CIKIS	g1-gr-srb-1|1918-11-30|sag	Gevgili (Gevgelija)	1	1	0	68	68	EVET
CIKIS	g1-gr-srb-1|1918-11-30|sol	Filorina (Florina)	2	2	0	36	36	EVET
CIKIS	g1-gr-srb-1|1918-11-30|sol	Vodina (Edessa)	2	2	0	36	36	EVET
CIKIS	g1-osm-ir-DEGISTI-sattularap|1913-11-17|sol	Muhammere	1	1	0	40	40	EVET
CIKIS	g1-osm-ir|1913-11-17|sag	Ammâre	6	6	0	6824	6824	EVET
CIKIS	g1-osm-ir|1913-11-17|sag	Halepçe	6	6	0	6824	6824	EVET
CIKIS	g1-osm-ir|1913-11-17|sag	Hânekîn	6	6	0	6824	6824	EVET
CIKIS	g1-osm-ir|1913-11-17|sol	Havîza	7	7	0	5652	5652	EVET
CIKIS	g1-osm-ir|1913-11-17|sol	Muhammere	7	7	0	5652	5652	EVET
CIKIS	g1-osm-ir|1913-11-17|sol	Serdeşt (Sardasht)	7	7	0	5652	5652	EVET
CIKIS	g2-af-sscb-bati-gecici|1917-03-15|sol	Belh	2	2	0	3372	3372	EVET
CIKIS	g2-af-sscb-bati-gecici|1917-11-06|sol	Belh	2	2	0	3372	3372	EVET
CIKIS	g2-af-sscb-bati-rusya|1888-01-26|sol	Belh	2	2	0	3380	3380	EVET
CIKIS	g2-af-sscb-bati-rusya|1917-03-14|sol	Belh	2	2	0	3372	3372	EVET
CIKIS	g2-af-sscb-pamir-gecici|1917-03-15|sag	Pamirski Post (Murgab)	1	1	0	172	172	EVET
CIKIS	g2-af-sscb-pamir-gecici|1917-03-15|sol	Serhad (Vahan)	1	1	0	268	268	EVET
CIKIS	g2-af-sscb-pamir-gecici|1917-11-06|sag	Pamirski Post (Murgab)	1	1	0	172	172	EVET
CIKIS	g2-af-sscb-pamir-gecici|1917-11-06|sol	Serhad (Vahan)	1	1	0	268	268	EVET
CIKIS	g2-af-sscb-pamir-rusya|1895-03-11|sag	Pamirski Post (Murgab)	1	1	0	172	172	EVET
CIKIS	g2-af-sscb-pamir-rusya|1895-03-11|sol	Serhad (Vahan)	1	1	0	268	268	EVET
CIKIS	g2-af-sscb-pamir-rusya|1917-03-14|sag	Pamirski Post (Murgab)	1	1	0	172	172	EVET
CIKIS	g2-af-sscb-pamir-rusya|1917-03-14|sol	Serhad (Vahan)	1	1	0	268	268	EVET
CIKIS	g2-hd-pt-orta-1908|1908-08-29|sag	Maliana	1	1	0	16	16	EVET
CIKIS	g2-hd-pt-orta-1908|1916-08-16|sag	Maucatar	2	2	0	88	88	EVET
CIKIS	g2-hd-pt-orta-1908|1916-08-16|sol	Atapupu	1	1	0	68	68	EVET
CIKIS	g3-bg-ro-dobruca-p4|1908-10-05|sag	Köstence	1	1	0	360	360	EVET
CIKIS	g3-ih-cn-guney1-1-qing|1897-06-05|sol	Tengyue (Tengchong)	1	1	0	532	532	EVET
CIKIS	g3-ih-cn-guney1-1-qing|1911-10-09|sol	Tengyue (Tengchong)	1	1	0	532	532	EVET
CIKIS	g4-bna-us-dogu|1842-01-01|sol	Grand Portage	13	13	0	23028	23028	EVET
CIKIS	g4-bna-us-dogu|1842-01-01|sol	Madawaska (Maliseet)	13	13	0	23028	23028	EVET
CIKIS	g4-bna-us-dogu|1842-01-01|sol	Odanak (Abenaki)	13	13	0	23028	23028	EVET
CIKIS	g4-bna-us-dogu|1842-01-01|sol	Saint John (NB)	13	13	0	23028	23028	EVET
CIKIS	g4-bna-us-dogu|1842-01-01|sol	Sault Ste. Marie	13	13	0	23028	23028	EVET
CIKIS	g4-bna-us-dogu|1867-06-30|sag	Detroit (Fort Pontchartrain du Détroit)	3	3	0	7080	7080	EVET
CIKIS	g4-bna-us-dogu|1867-06-30|sol	Grand Portage	13	13	0	23032	23032	EVET
CIKIS	g4-bna-us-dogu|1867-06-30|sol	Madawaska (Maliseet)	13	13	0	23032	23032	EVET
CIKIS	g4-bna-us-dogu|1867-06-30|sol	Odanak (Abenaki)	13	13	0	23032	23032	EVET
CIKIS	g4-bna-us-dogu|1867-06-30|sol	Saint John (NB)	13	13	0	23032	23032	EVET
CIKIS	g4-bna-us-dogu|1867-06-30|sol	Sault Ste. Marie	13	13	0	23032	23032	EVET
GIRIS	d1829-osm-rus-1|1829-09-14|sol	Zazalo	5	5	0	660	660	EVET
GIRIS	d1829-osm-rus-2|1829-09-14|sag	Küçükperveli	1	1	0	340	344	HAYIR
GIRIS	d1913-osm-ir-1|1913-11-17|sol	Şeyh Salû-yi Ulyâ	3	3	0	204	204	EVET
GIRIS	d1913-osm-ir-1|1920-04-22|sol	Şeyh Salû-yi Ulyâ	3	3	0	204	204	EVET
GIRIS	d1913-osm-ir-3|1920-04-22|sol	Gōrabī	1	1	0	108	104	HAYIR
GIRIS	d1916-nijerya-kamerun-isgal|1916-02-18|sol	Banyo	2	2	0	604	604	EVET
GIRIS	d1916-nijerya-kamerun-isgal|1919-07-09|sol	Banyo	2	2	0	604	604	EVET
GIRIS	d1919-at-cs-fiili-1|1919-01-01|sag	Linz	1	1	0	36	32	HAYIR
GIRIS	d1919-at-cs-fiili-1|1920-07-15|sag	Linz	1	1	0	36	32	HAYIR
GIRIS	d1919-at-cs-fiili-3|1919-01-01|sag	Bratislava	1	1	0	80	80	EVET
GIRIS	d1919-at-cs-fiili-3|1919-01-01|sag	Viyana	1	1	0	80	80	EVET
GIRIS	d1919-hu-cs-fiili-1|1919-07-25|sag	Bratislava	1	1	0	432	432	EVET
GIRIS	d1919-hu-cs-fiili-1|1919-07-25|sag	Budin	1	1	0	432	432	EVET
GIRIS	d1919-hu-cs-fiili-1|1919-07-25|sag	Estergon	1	1	0	432	432	EVET
GIRIS	d1919-hu-cs-fiili-1|1919-07-25|sag	Fülek (Fiľakovo)	1	1	0	432	432	EVET
GIRIS	d1919-hu-cs-fiili-1|1919-07-25|sag	Hatvan	1	1	0	432	432	EVET
GIRIS	d1919-hu-cs-fiili-1|1919-07-25|sag	Kalocsa	1	1	0	432	432	EVET
GIRIS	d1919-hu-cs-fiili-1|1919-07-25|sag	Komárom (Komárno)	1	1	0	432	432	EVET
GIRIS	d1919-hu-cs-fiili-1|1919-07-25|sag	Léva (Levice)	1	1	0	432	432	EVET
GIRIS	d1919-hu-cs-fiili-1|1919-07-25|sag	Mohaç	1	1	0	432	432	EVET
GIRIS	d1919-hu-cs-fiili-1|1919-07-25|sag	Nitra (Nyitra)	1	1	0	432	432	EVET
GIRIS	d1919-hu-cs-fiili-1|1919-07-25|sag	Peçuy	1	1	0	432	432	EVET
GIRIS	d1919-hu-cs-fiili-1|1919-07-25|sag	Peşte	1	1	0	432	432	EVET
GIRIS	d1919-hu-cs-fiili-1|1919-07-25|sag	Solnok (Szolnok)	1	1	0	432	432	EVET
GIRIS	d1919-hu-cs-fiili-1|1919-07-25|sag	Trencsén (Trenčín)	1	1	0	432	432	EVET
GIRIS	d1919-hu-cs-fiili-1|1919-07-25|sag	Uyvar	1	1	0	432	432	EVET
GIRIS	d1919-hu-cs-fiili-1|1919-07-25|sag	Vaç (Vác)	1	1	0	432	432	EVET
GIRIS	d1919-hu-cs-fiili-1|1919-07-25|sag	Yanıkkale (Győr)	1	1	0	432	432	EVET
GIRIS	d1919-hu-cs-fiili-1|1919-07-25|sag	İstolni Belgrad	1	1	0	432	432	EVET
GIRIS	d1919-hu-cs-fiili-1|1919-07-25|sag	Şimontorna	1	1	0	432	432	EVET
GIRIS	d1919-hu-cs-fiili-1|1921-07-25|sag	Estergon	3	3	0	432	432	EVET
GIRIS	d1919-hu-cs-fiili-1|1921-07-25|sag	Vaç (Vác)	3	3	0	432	432	EVET
GIRIS	d1919-hu-cs-fiili-2|1919-07-25|sag	Baç (Bács)	1	1	0	1468	1468	EVET
GIRIS	d1919-hu-cs-fiili-2|1919-07-25|sag	Budin	1	1	0	1468	1468	EVET
GIRIS	d1919-hu-cs-fiili-2|1919-07-25|sag	Częstochowa	1	1	0	1468	1468	EVET
GIRIS	d1919-hu-cs-fiili-2|1919-07-25|sag	Debrecen	1	1	0	1468	1468	EVET
GIRIS	d1919-hu-cs-fiili-2|1919-07-25|sag	Eperjes (Prešov)	1	1	0	1468	1468	EVET
GIRIS	d1919-hu-cs-fiili-2|1919-07-25|sag	Estergon	1	1	0	1468	1468	EVET
GIRIS	d1919-hu-cs-fiili-2|1919-07-25|sag	Eğri	1	1	0	1468	1468	EVET
GIRIS	d1919-hu-cs-fiili-2|1919-07-25|sag	Fülek (Fiľakovo)	1	1	0	1468	1468	EVET
GIRIS	d1919-hu-cs-fiili-2|1919-07-25|sag	Gleiwitz (Gliwice)	1	1	0	1468	1468	EVET
GIRIS	d1919-hu-cs-fiili-2|1919-07-25|sag	Gyula (Göle)	1	1	0	1468	1468	EVET
GIRIS	d1919-hu-cs-fiili-2|1919-07-25|sag	Hatvan	1	1	0	1468	1468	EVET
GIRIS	d1919-hu-cs-fiili-2|1919-07-25|sag	Kalocsa	1	1	0	1468	1468	EVET
GIRIS	d1919-hu-cs-fiili-2|1919-07-25|sag	Kassa (Košice)	1	1	0	1468	1468	EVET
GIRIS	d1919-hu-cs-fiili-2|1919-07-25|sag	Kattowitz (Katowice)	1	1	0	1468	1468	EVET
GIRIS	d1919-hu-cs-fiili-2|1919-07-25|sag	Kielce	1	1	0	1468	1468	EVET
GIRIS	d1919-hu-cs-fiili-2|1919-07-25|sag	Komárom (Komárno)	1	1	0	1468	1468	EVET
GIRIS	d1919-hu-cs-fiili-2|1919-07-25|sag	Krakov	1	1	0	1468	1468	EVET
GIRIS	d1919-hu-cs-fiili-2|1919-07-25|sag	Lugos (Lugoj)	1	1	0	1468	1468	EVET
GIRIS	d1919-hu-cs-fiili-2|1919-07-25|sag	Léva (Levice)	1	1	0	1468	1468	EVET
GIRIS	d1919-hu-cs-fiili-2|1919-07-25|sag	Mohaç	1	1	0	1468	1468	EVET
GIRIS	d1919-hu-cs-fiili-2|1919-07-25|sag	Munkács (Mukacheve)	1	1	0	1468	1468	EVET
GIRIS	d1919-hu-cs-fiili-2|1919-07-25|sag	Nitra (Nyitra)	1	1	0	1468	1468	EVET
GIRIS	d1919-hu-cs-fiili-2|1919-07-25|sag	Peçuy	1	1	0	1468	1468	EVET
GIRIS	d1919-hu-cs-fiili-2|1919-07-25|sag	Peşte	1	1	0	1468	1468	EVET
GIRIS	d1919-hu-cs-fiili-2|1919-07-25|sag	Segedin (Szeged)	1	1	0	1468	1468	EVET
GIRIS	d1919-hu-cs-fiili-2|1919-07-25|sag	Solnok (Szolnok)	1	1	0	1468	1468	EVET
GIRIS	d1919-hu-cs-fiili-2|1919-07-25|sag	Szatmár (Satu Mare)	1	1	0	1468	1468	EVET
GIRIS	d1919-hu-cs-fiili-2|1919-07-25|sag	Temeşvar	1	1	0	1468	1468	EVET
GIRIS	d1919-hu-cs-fiili-2|1919-07-25|sag	Tokaj	1	1	0	1468	1468	EVET
GIRIS	d1919-hu-cs-fiili-2|1919-07-25|sag	Trencsén (Trenčín)	1	1	0	1468	1468	EVET
GIRIS	d1919-hu-cs-fiili-2|1919-07-25|sag	Ungvár (Uzhhorod)	1	1	0	1468	1468	EVET
GIRIS	d1919-hu-cs-fiili-2|1919-07-25|sag	Uyvar	1	1	0	1468	1468	EVET
GIRIS	d1919-hu-cs-fiili-2|1919-07-25|sag	Varad (Oradea)	1	1	0	1468	1468	EVET
GIRIS	d1919-hu-cs-fiili-2|1919-07-25|sag	Varadin (Petrovaradin)	1	1	0	1468	1468	EVET
GIRIS	d1919-hu-cs-fiili-2|1919-07-25|sag	Vaç (Vác)	1	1	0	1468	1468	EVET
GIRIS	d1919-hu-cs-fiili-2|1919-07-25|sag	Yanova (Ineu)	1	1	0	1468	1468	EVET
GIRIS	d1919-hu-cs-fiili-2|1919-07-25|sag	Yanıkkale (Győr)	1	1	0	1468	1468	EVET
GIRIS	d1919-hu-cs-fiili-2|1919-07-25|sag	Ösek (Osijek)	1	1	0	1468	1468	EVET
GIRIS	d1919-hu-cs-fiili-2|1919-07-25|sag	İstolni Belgrad	1	1	0	1468	1468	EVET
GIRIS	d1919-hu-cs-fiili-2|1919-07-25|sag	Şimontorna	1	1	0	1468	1468	EVET
GIRIS	d1919-hu-cs-fiili-3|1919-07-25|sag	Baç (Bács)	1	1	0	472	472	EVET
GIRIS	d1919-hu-cs-fiili-3|1919-07-25|sag	Budin	1	1	0	472	472	EVET
GIRIS	d1919-hu-cs-fiili-3|1919-07-25|sag	Chełm (Kholm)	1	1	0	472	472	EVET
GIRIS	d1919-hu-cs-fiili-3|1919-07-25|sag	Częstochowa	1	1	0	472	472	EVET
GIRIS	d1919-hu-cs-fiili-3|1919-07-25|sag	Debrecen	1	1	0	472	472	EVET
GIRIS	d1919-hu-cs-fiili-3|1919-07-25|sag	Eperjes (Prešov)	1	1	0	472	472	EVET
GIRIS	d1919-hu-cs-fiili-3|1919-07-25|sag	Erdel (Kaloşvar)	1	1	0	472	472	EVET
GIRIS	d1919-hu-cs-fiili-3|1919-07-25|sag	Erdel Belgradı (Gyulafehérvár)	1	1	0	472	472	EVET
GIRIS	d1919-hu-cs-fiili-3|1919-07-25|sag	Eğri	1	1	0	472	472	EVET
GIRIS	d1919-hu-cs-fiili-3|1919-07-25|sag	Fülek (Fiľakovo)	1	1	0	472	472	EVET
GIRIS	d1919-hu-cs-fiili-3|1919-07-25|sag	Gyula (Göle)	1	1	0	472	472	EVET
GIRIS	d1919-hu-cs-fiili-3|1919-07-25|sag	Hatvan	1	1	0	472	472	EVET
GIRIS	d1919-hu-cs-fiili-3|1919-07-25|sag	Kalocsa	1	1	0	472	472	EVET
GIRIS	d1919-hu-cs-fiili-3|1919-07-25|sag	Kassa (Košice)	1	1	0	472	472	EVET
GIRIS	d1919-hu-cs-fiili-3|1919-07-25|sag	Kattowitz (Katowice)	1	1	0	472	472	EVET
GIRIS	d1919-hu-cs-fiili-3|1919-07-25|sag	Kielce	1	1	0	472	472	EVET
GIRIS	d1919-hu-cs-fiili-3|1919-07-25|sag	Kovel	1	1	0	472	472	EVET
GIRIS	d1919-hu-cs-fiili-3|1919-07-25|sag	Krakov	1	1	0	472	472	EVET
GIRIS	d1919-hu-cs-fiili-3|1919-07-25|sag	Kımpulung (Câmpulung)	1	1	0	472	472	EVET
GIRIS	d1919-hu-cs-fiili-3|1919-07-25|sag	Lublin	1	1	0	472	472	EVET
GIRIS	d1919-hu-cs-fiili-3|1919-07-25|sag	Lugos (Lugoj)	1	1	0	472	472	EVET
GIRIS	d1919-hu-cs-fiili-3|1919-07-25|sag	Lutsk (Łuck)	1	1	0	472	472	EVET
GIRIS	d1919-hu-cs-fiili-3|1919-07-25|sag	Lvov	1	1	0	472	472	EVET
GIRIS	d1919-hu-cs-fiili-3|1919-07-25|sag	Munkács (Mukacheve)	1	1	0	472	472	EVET
GIRIS	d1919-hu-cs-fiili-3|1919-07-25|sag	Peşte	1	1	0	472	472	EVET
GIRIS	d1919-hu-cs-fiili-3|1919-07-25|sag	Segedin (Szeged)	1	1	0	472	472	EVET
GIRIS	d1919-hu-cs-fiili-3|1919-07-25|sag	Segesvár (Sighişoara)	1	1	0	472	472	EVET
GIRIS	d1919-hu-cs-fiili-3|1919-07-25|sag	Solnok (Szolnok)	1	1	0	472	472	EVET
GIRIS	d1919-hu-cs-fiili-3|1919-07-25|sag	Szatmár (Satu Mare)	1	1	0	472	472	EVET
GIRIS	d1919-hu-cs-fiili-3|1919-07-25|sag	Temeşvar	1	1	0	472	472	EVET
GIRIS	d1919-hu-cs-fiili-3|1919-07-25|sag	Tokaj	1	1	0	472	472	EVET
GIRIS	d1919-hu-cs-fiili-3|1919-07-25|sag	Ungvár (Uzhhorod)	1	1	0	472	472	EVET
GIRIS	d1919-hu-cs-fiili-3|1919-07-25|sag	Varad (Oradea)	1	1	0	472	472	EVET
GIRIS	d1919-hu-cs-fiili-3|1919-07-25|sag	Varadin (Petrovaradin)	1	1	0	472	472	EVET
GIRIS	d1919-hu-cs-fiili-3|1919-07-25|sag	Vaç (Vác)	1	1	0	472	472	EVET
GIRIS	d1919-hu-cs-fiili-3|1919-07-25|sag	Volodymyr-Volynskyi (Włodzimierz)	1	1	0	472	472	EVET
GIRIS	d1919-hu-cs-fiili-3|1919-07-25|sag	Yanova (Ineu)	1	1	0	472	472	EVET
GIRIS	d1919-hu-cs-fiili-3|1919-07-25|sag	Zamość	1	1	0	472	472	EVET
GIRIS	d1919-nijerya-kamerun-milner-oncesi|1919-07-10|sol	Banyo	2	2	0	604	604	EVET
GIRIS	d1919-nijerya-kamerun-milner-oncesi|1922-07-19|sol	Banyo	2	2	0	604	604	EVET
GIRIS	d1920-hu-ro-fiili|1920-03-31|sag	Fülek (Fiľakovo)	2	2	0	1692	1692	EVET
GIRIS	d1920-hu-ro-fiili|1920-03-31|sag	Hatvan	2	2	0	1692	1692	EVET
GIRIS	d1920-hu-ro-fiili|1920-03-31|sag	Lvov	2	2	0	1692	1692	EVET
GIRIS	d1920-hu-ro-fiili|1920-03-31|sag	Segedin (Szeged)	2	2	0	1692	1692	EVET
GIRIS	d1922-mudanya-meric|1922-10-14|sag	Dimetoka	1	1	0	28	28	EVET
GIRIS	d1922-mudanya-meric|1923-07-23|sag	Dimetoka	1	1	0	28	28	EVET
GIRIS	d1923-al-yu-karadag-2|1921-11-09|sag	İşkodra	1	1	0	200	200	EVET
GIRIS	d1923-al-yu-karadag-2|1923-10-28|sag	İşkodra	1	1	0	200	200	EVET
GIRIS	d1923-al-yu-kosova|1921-11-09|sag	İşkodra	3	3	0	1264	1264	EVET
GIRIS	d1923-al-yu-kosova|1923-10-28|sag	İşkodra	3	3	0	1264	1264	EVET
GIRIS	d1923-al-yu-makedonya-2|1921-11-09|sag	Görice (Korçë)	1	1	0	8	8	EVET
GIRIS	d1923-al-yu-makedonya-2|1923-10-28|sag	Görice (Korçë)	1	1	0	8	8	EVET
GIRIS	d1923-angola-kuzey-rodezya-barotseland|1911-05-17|sag	Katima Mulilo	5	5	0	15632	15632	EVET
GIRIS	d1923-at-cs-morava|1920-07-16|sag	Viyana	2	2	0	968	964	HAYIR
GIRIS	d1923-at-cs-morava|1923-10-28|sag	Viyana	2	2	0	968	964	HAYIR
GIRIS	d1923-at-yu-karintiya|1920-10-10|sag	Graz	2	2	0	660	660	EVET
GIRIS	d1923-at-yu-karintiya|1920-10-10|sag	Klagenfurt	2	2	0	660	660	EVET
GIRIS	d1923-at-yu-karintiya|1923-10-28|sag	Graz	2	2	0	660	660	EVET
GIRIS	d1923-at-yu-karintiya|1923-10-28|sag	Klagenfurt	2	2	0	660	660	EVET
GIRIS	d1923-be-lu|1923-10-28|sol	Wiltz	2	2	0	116	112	HAYIR
GIRIS	d1923-be-nl-2|1839-04-19|sol	Maastricht	2	2	0	1548	1548	EVET
GIRIS	d1923-be-nl-2|1839-04-19|sol	Nijmegen	2	2	0	1548	1548	EVET
GIRIS	d1923-be-nl-2|1839-04-19|sol	Utrecht	2	2	0	1548	1548	EVET
GIRIS	d1923-be-nl-2|1923-10-28|sol	Maastricht	2	2	0	1548	1548	EVET
GIRIS	d1923-be-nl-2|1923-10-28|sol	Nijmegen	2	2	0	1548	1548	EVET
GIRIS	d1923-be-nl-2|1923-10-28|sol	Utrecht	2	2	0	1548	1548	EVET
GIRIS	d1923-bg-shs-2|1920-01-01|sag	Petriç	1	1	0	80	80	EVET
GIRIS	d1923-bg-shs-2|1923-10-28|sag	Petriç	1	1	0	80	80	EVET
GIRIS	d1923-br-py-1|1923-10-28|sol	Ciudad Real del Guairá	2	2	0	5912	5912	EVET
GIRIS	d1923-br-py-2|1889-11-15|sag	Bonito (Mato Grosso do Sul)	3	3	0	2888	2888	EVET
GIRIS	d1923-br-py-2|1923-10-28|sag	Bonito (Mato Grosso do Sul)	3	3	0	2888	2888	EVET
GIRIS	d1923-ca-us-141|1870-07-15|sol	Old Crow (Vuntut Gwitchin)	1	1	0	428	428	EVET
GIRIS	d1923-ca-us-141|1870-07-15|sol	Qikiqtaruk (Herschel Adası)	1	1	0	428	428	EVET
GIRIS	d1923-ca-us-141|1923-10-28|sol	Old Crow (Vuntut Gwitchin)	3	3	0	8544	8544	EVET
GIRIS	d1923-ca-us-141|1923-10-28|sol	Qikiqtaruk (Herschel Adası)	3	3	0	8544	8544	EVET
GIRIS	d1923-ca-us-dogu|1867-07-01|sol	Norridgewock (Abenaki)	13	13	0	23032	23032	EVET
GIRIS	d1923-ca-us-dogu|1923-10-28|sol	Norridgewock (Abenaki)	13	13	0	23004	23004	EVET
GIRIS	d1923-eritre-habesistan|1908-05-16|sol	Adigrat	5	5	0	7472	7468	HAYIR
GIRIS	d1923-eritre-habesistan|1908-05-16|sol	Vukro	5	5	0	7472	7472	EVET
GIRIS	d1923-eritre-habesistan|1923-10-28|sol	Adigrat	5	5	0	7472	7468	HAYIR
GIRIS	d1923-eritre-habesistan|1923-10-28|sol	Vukro	5	5	0	7472	7472	EVET
GIRIS	d1923-es-pt-kuzey|1866-11-04|sag	Badajoz	3	3	0	4380	4380	EVET
GIRIS	d1923-es-pt-kuzey|1923-10-28|sag	Badajoz	3	3	0	4380	4380	EVET
GIRIS	d1923-fi-no-bati|1917-12-06|sag	Jukkasjärvi	2	2	0	548	548	EVET
GIRIS	d1923-fi-no-bati|1917-12-06|sol	Alta	3	3	0	5756	5756	EVET
GIRIS	d1923-fi-no-bati|1923-10-28|sag	Jukkasjärvi	2	2	0	548	548	EVET
GIRIS	d1923-fi-no-bati|1923-10-28|sol	Alta	4	4	0	8124	8124	EVET
GIRIS	d1923-fi-se|1917-12-06|sag	Alta	2	2	0	3580	3580	EVET
GIRIS	d1923-fi-se|1917-12-06|sag	Rovaniemi	2	2	0	3580	3580	EVET
GIRIS	d1923-fi-se|1917-12-06|sag	Tornio	2	2	0	3580	3580	EVET
GIRIS	d1923-fi-se|1923-10-28|sag	Alta	2	2	0	3580	3580	EVET
GIRIS	d1923-fi-se|1923-10-28|sag	Rovaniemi	2	2	0	3580	3580	EVET
GIRIS	d1923-fi-se|1923-10-28|sag	Tornio	2	2	0	3580	3580	EVET
GIRIS	d1923-fr-ch-2|1814-05-30|sag	Lozan	2	2	0	80	84	HAYIR
GIRIS	d1923-fr-ch-2|1814-05-30|sag	Thonon	2	2	0	80	84	HAYIR
GIRIS	d1923-fr-ch-2|1923-10-28|sag	Lozan	2	2	0	80	80	EVET
GIRIS	d1923-fr-ch-savoy-1|1860-03-24|sol	Thonon	2	2	0	340	340	EVET
GIRIS	d1923-fr-ch-savoy-1|1923-10-28|sol	Thonon	2	2	0	340	340	EVET
GIRIS	d1923-fr-es-bati|1868-07-11|sol	Bayonne	1	1	0	8	8	EVET
GIRIS	d1923-fr-es-bati|1923-10-28|sol	Bayonne	1	1	0	8	8	EVET
GIRIS	d1923-fr-lu|1890-11-23|sag	Arlon	1	1	0	28	28	EVET
GIRIS	d1923-fr-lu|1923-10-28|sag	Arlon	1	1	0	28	28	EVET
GIRIS	d1923-gr-al|1921-11-09|sag	Görice (Korçë)	2	2	0	108	108	EVET
GIRIS	d1923-gr-al|1923-10-28|sag	Görice (Korçë)	2	2	0	108	108	EVET
GIRIS	d1923-hu-cs-1|1921-07-26|sag	Estergon	3	3	0	432	432	EVET
GIRIS	d1923-hu-cs-1|1921-07-26|sag	Vaç (Vác)	3	3	0	432	432	EVET
GIRIS	d1923-hu-cs-1|1923-10-28|sag	Estergon	3	3	0	432	432	EVET
GIRIS	d1923-hu-cs-1|1923-10-28|sag	Vaç (Vác)	3	3	0	432	432	EVET
GIRIS	d1923-hu-yu-sirbistan|1921-07-26|sag	Mohaç	2	2	0	748	748	EVET
GIRIS	d1923-hu-yu-sirbistan|1923-10-28|sag	Mohaç	2	2	0	748	748	EVET
GIRIS	d1923-ie-gb|1922-12-06|sol	Dublin	2	2	0	1280	1280	EVET
GIRIS	d1923-ie-gb|1923-10-28|sol	Dublin	2	2	0	1280	1280	EVET
GIRIS	d1923-ih-np-BILINMIYOR|1875-01-07|sol	Katmandu	7	7	0	11828	11828	EVET
GIRIS	d1923-ih-np-BILINMIYOR|1923-10-28|sol	Katmandu	7	7	0	11828	11828	EVET
GIRIS	d1923-iq-ir-DEGISTI-sattularap|1921-08-23|sol	Basra	1	1	0	40	40	EVET
GIRIS	d1923-iq-ir-DEGISTI-sattularap|1923-10-28|sol	Basra	1	1	0	40	40	EVET
GIRIS	d1923-iq-ir|1921-08-23|sol	Ammâre	7	7	0	5652	5652	EVET
GIRIS	d1923-iq-ir|1921-08-23|sol	Basra	7	7	0	5652	5652	EVET
GIRIS	d1923-iq-ir|1921-08-23|sol	Vâsıt	7	7	0	5652	5648	HAYIR
GIRIS	d1923-iq-ir|1923-10-28|sol	Ammâre	7	7	0	5652	5652	EVET
GIRIS	d1923-iq-ir|1923-10-28|sol	Basra	7	7	0	5652	5652	EVET
GIRIS	d1923-iq-ir|1923-10-28|sol	Vâsıt	7	7	0	5652	5648	HAYIR
GIRIS	d1923-malavi-mozambik|1907-01-01|sol	Blantyre	4	4	0	2172	2172	EVET
GIRIS	d1923-malavi-mozambik|1907-01-01|sol	Mangoçi	4	4	0	2172	2168	HAYIR
GIRIS	d1923-malavi-mozambik|1923-10-28|sol	Blantyre	4	4	0	2172	2172	EVET
GIRIS	d1923-malavi-mozambik|1923-10-28|sol	Mangoçi	4	4	0	2172	2168	HAYIR
GIRIS	d1923-mx-gt|1882-09-27|sag	Utatlán (Q'umarkaj)	2	2	0	3016	3016	EVET
GIRIS	d1923-mx-gt|1882-09-27|sag	Zaculeu	2	2	0	3016	3016	EVET
GIRIS	d1923-mx-gt|1882-09-27|sol	Iximché	2	2	0	7588	7588	EVET
GIRIS	d1923-mx-gt|1882-09-27|sol	Utatlán (Q'umarkaj)	2	2	0	7588	7588	EVET
GIRIS	d1923-mx-gt|1882-09-27|sol	Zaculeu	2	2	0	7588	7588	EVET
GIRIS	d1923-mx-gt|1923-10-28|sag	Utatlán (Q'umarkaj)	2	2	0	3016	3016	EVET
GIRIS	d1923-mx-gt|1923-10-28|sag	Zaculeu	2	2	0	3016	3016	EVET
GIRIS	d1923-mx-gt|1923-10-28|sol	Iximché	2	2	0	7588	7588	EVET
GIRIS	d1923-mx-gt|1923-10-28|sol	Utatlán (Q'umarkaj)	2	2	0	7588	7588	EVET
GIRIS	d1923-mx-gt|1923-10-28|sol	Zaculeu	2	2	0	7588	7588	EVET
GIRIS	d1923-nijerya-kamerun-milner-simon|1922-07-20|sol	Banyo	2	2	0	604	604	EVET
GIRIS	d1923-nijerya-kamerun-milner-simon|1923-10-28|sol	Banyo	2	2	0	604	604	EVET
GIRIS	d1923-nl-de|1824-07-02|sol	Nijmegen	3	3	0	1092	1092	EVET
GIRIS	d1923-nl-de|1923-10-28|sol	Nijmegen	3	3	0	792	792	EVET
GIRIS	d1923-no-se|1905-06-07|sag	Hamar	4	4	0	5208	5204	HAYIR
GIRIS	d1923-no-se|1923-10-28|sag	Hamar	4	4	0	5208	5204	HAYIR
GIRIS	d1923-tr-gr-1|1923-07-24|sol	Dimetoka	1	1	0	24	24	EVET
GIRIS	d1923-tr-gr-1|1923-07-24|sol	Orestiada (Kumçiftliği)	1	1	0	24	20	HAYIR
GIRIS	d1923-tr-gr-1|1923-10-28|sol	Dimetoka	1	1	0	24	24	EVET
GIRIS	d1923-tr-gr-1|1923-10-28|sol	Orestiada (Kumçiftliği)	1	1	0	24	20	HAYIR
GIRIS	d1923-tr-ir-1|1920-04-23|sol	Şeyh Salû-yi Ulyâ	3	3	0	204	204	EVET
GIRIS	d1923-tr-ir-1|1923-10-28|sol	Şeyh Salû-yi Ulyâ	3	3	0	204	204	EVET
GIRIS	d1923-tr-ir-3|1920-04-23|sol	Gōrabī	1	1	0	108	104	HAYIR
GIRIS	d1923-tr-ir-3|1923-10-28|sol	Gōrabī	1	1	0	108	104	HAYIR
GIRIS	d1923-tr-sscb-ermenistan|1923-10-28|sag	Küçükperveli	1	1	0	344	348	HAYIR
GIRIS	d1923-tr-sscb-gurcistan|1923-10-28|sol	Ahılkelek (Akhalkalaki)	2	2	0	24	24	EVET
GIRIS	d1923-tr-sscb-gurcistan|1923-10-28|sol	Ahıska	2	2	0	24	24	EVET
GIRIS	d1923-tr-sy-dogu|1921-10-20|sag	Ceylanpınar	6	6	0	1072	1072	EVET
GIRIS	d1923-tr-sy-dogu|1921-10-20|sag	Cibri (Güçlü)	6	6	0	1072	1072	EVET
GIRIS	d1923-tr-sy-dogu|1921-10-20|sag	Mercihamis (Yurtbağı)	6	6	0	1072	1072	EVET
GIRIS	d1923-tr-sy-dogu|1921-10-20|sol	Jadlā’	5	5	0	1656	1656	EVET
GIRIS	d1923-tr-sy-dogu|1921-10-20|sol	Qaţţīnah	5	5	0	1656	1656	EVET
GIRIS	d1923-tr-sy-dogu|1923-10-28|sag	Ceylanpınar	6	6	0	1072	1072	EVET
GIRIS	d1923-tr-sy-dogu|1923-10-28|sag	Cibri (Güçlü)	6	6	0	1072	1072	EVET
GIRIS	d1923-tr-sy-dogu|1923-10-28|sag	Mercihamis (Yurtbağı)	6	6	0	1072	1072	EVET
GIRIS	d1923-tr-sy-dogu|1923-10-28|sol	Jadlā’	5	5	0	1656	1656	EVET
GIRIS	d1923-tr-sy-dogu|1923-10-28|sol	Qaţţīnah	5	5	0	1656	1656	EVET
GIRIS	d1923-uganda-belcika-kongo|1915-02-03|sag	Butembo	2	2	0	2500	2500	EVET
GIRIS	d1923-uganda-belcika-kongo|1923-10-28|sag	Butembo	2	2	0	2500	2500	EVET
GIRIS	dg2-gecici-no-bati|1917-03-15|sag	Jukkasjärvi	2	2	0	548	548	EVET
GIRIS	dg2-gecici-no-bati|1917-03-15|sol	Alta	4	4	0	8124	8124	EVET
GIRIS	dg2-gecici-no-bati|1917-11-06|sag	Jukkasjärvi	2	2	0	548	548	EVET
GIRIS	dg2-gecici-no-bati|1917-11-06|sol	Alta	4	4	0	8124	8124	EVET
GIRIS	dg2-gecici-se|1917-03-15|sag	Alta	2	2	0	3580	3580	EVET
GIRIS	dg2-gecici-se|1917-03-15|sag	Rovaniemi	2	2	0	3580	3580	EVET
GIRIS	dg2-gecici-se|1917-03-15|sag	Tornio	2	2	0	3580	3580	EVET
GIRIS	dg2-gecici-se|1917-11-06|sag	Alta	2	2	0	3580	3580	EVET
GIRIS	dg2-gecici-se|1917-11-06|sag	Rovaniemi	2	2	0	3580	3580	EVET
GIRIS	dg2-gecici-se|1917-11-06|sag	Tornio	2	2	0	3580	3580	EVET
GIRIS	dg2-rusya-no-bati|1905-06-07|sag	Jukkasjärvi	2	2	0	548	548	EVET
GIRIS	dg2-rusya-no-bati|1905-06-07|sol	Alta	4	4	0	8124	8124	EVET
GIRIS	dg2-rusya-no-bati|1917-03-14|sag	Jukkasjärvi	2	2	0	548	548	EVET
GIRIS	dg2-rusya-no-bati|1917-03-14|sol	Alta	4	4	0	8124	8124	EVET
GIRIS	dg2-rusya-se|1809-09-17|sag	Alta	2	2	0	3580	3580	EVET
GIRIS	dg2-rusya-se|1809-09-17|sag	Rovaniemi	2	2	0	3580	3580	EVET
GIRIS	dg2-rusya-se|1809-09-17|sag	Tornio	2	2	0	3580	3580	EVET
GIRIS	dg2-rusya-se|1917-03-14|sag	Alta	2	2	0	3580	3580	EVET
GIRIS	dg2-rusya-se|1917-03-14|sag	Rovaniemi	2	2	0	3580	3580	EVET
GIRIS	dg2-rusya-se|1917-03-14|sag	Tornio	2	2	0	3580	3580	EVET
GIRIS	dg2-sovyet-no-bati|1917-11-07|sag	Jukkasjärvi	2	2	0	548	548	EVET
GIRIS	dg2-sovyet-no-bati|1917-11-07|sol	Alta	4	4	0	8124	8124	EVET
GIRIS	dg2-sovyet-no-bati|1917-12-05|sag	Jukkasjärvi	2	2	0	548	548	EVET
GIRIS	dg2-sovyet-no-bati|1917-12-05|sol	Alta	4	4	0	8124	8124	EVET
GIRIS	dg2-sovyet-se|1917-11-07|sag	Alta	2	2	0	3580	3580	EVET
GIRIS	dg2-sovyet-se|1917-11-07|sag	Rovaniemi	2	2	0	3580	3580	EVET
GIRIS	dg2-sovyet-se|1917-11-07|sag	Tornio	2	2	0	3580	3580	EVET
GIRIS	dg2-sovyet-se|1917-12-05|sag	Alta	2	2	0	3580	3580	EVET
GIRIS	dg2-sovyet-se|1917-12-05|sag	Rovaniemi	2	2	0	3580	3580	EVET
GIRIS	dg2-sovyet-se|1917-12-05|sag	Tornio	2	2	0	3580	3580	EVET
GIRIS	dg4-sa-ch-valais|1815-06-09|sol	Thonon	2	2	0	340	340	EVET
GIRIS	dg4-sa-ch-valais|1860-03-23|sol	Thonon	2	2	0	340	340	EVET
GIRIS	dg6-dk-se-stromstad|1751-10-02|sag	Hamar	4	4	0	5164	5160	HAYIR
GIRIS	dg6-dk-se-stromstad|1814-01-13|sag	Hamar	4	4	0	5220	5216	HAYIR
GIRIS	g1-osm-ir-DEGISTI-sattularap|1913-11-17|sol	Basra	1	1	0	40	40	EVET
GIRIS	g1-osm-ir|1913-11-17|sol	Ammâre	7	7	0	5652	5652	EVET
GIRIS	g1-osm-ir|1913-11-17|sol	Basra	7	7	0	5652	5652	EVET
GIRIS	g1-osm-ir|1913-11-17|sol	Vâsıt	7	7	0	5652	5648	HAYIR
GIRIS	g3-bg-ro-dobruca-p4|1913-08-09|sag	Rusçuk	4	4	0	1868	1868	EVET
GIRIS	g3-br-imp-py-2|1872-03-26|sag	Bonito (Mato Grosso do Sul)	2	2	0	2888	2888	EVET
GIRIS	g3-br-imp-py-2|1889-11-14|sag	Bonito (Mato Grosso do Sul)	3	3	0	2888	2888	EVET
GIRIS	g4-bna-us-dogu|1842-01-01|sol	Norridgewock (Abenaki)	13	13	0	23028	23028	EVET
GIRIS	g4-bna-us-dogu|1867-06-30|sol	Norridgewock (Abenaki)	13	13	0	23032	23032	EVET
CIKIS	d1816-alm-ah-4|1816-05-01|sol	Linz	3	4	1	2576	2576	EVET
CIKIS	d1816-alm-ah-4|1844-01-29|sol	Linz	3	4	1	2576	2576	EVET
CIKIS	d1829-osm-rus-1|1829-09-14|sag	Ts’q’altbila	1	2	1	84	84	EVET
CIKIS	d1829-osm-rus-1|1878-07-12|sag	Posof	6	7	1	1624	1624	EVET
CIKIS	d1829-osm-rus-1|1878-07-12|sag	Saylıca	6	7	1	1624	1628	HAYIR
CIKIS	d1829-osm-rus-2|1829-09-14|sag	Gümrü (Aleksandropol)	1	2	1	340	344	HAYIR
CIKIS	d1829-osm-rus-2|1878-07-12|sag	Küçükperveli	6	7	1	2764	2764	EVET
CIKIS	d1844-alm-ah|1844-01-30|sol	Linz	4	5	1	4528	4528	EVET
CIKIS	d1844-alm-ah|1878-07-12|sol	Linz	4	5	1	4528	4528	EVET
CIKIS	d1859-ru-rp-prut-kuzey|1878-08-02|sag	Yaş	1	2	1	1760	1760	EVET
CIKIS	d1866-it-hab-karn|1866-10-03|sol	Lienz	1	2	1	1036	1036	EVET
CIKIS	d1866-it-hab-karn|1918-11-02|sol	Lienz	1	2	1	1036	1036	EVET
CIKIS	d1878-de-ah|1878-07-13|sol	Linz	4	5	1	4528	4528	EVET
CIKIS	d1878-de-ah|1918-11-10|sol	Linz	4	5	1	4528	4528	EVET
CIKIS	d1878-ru-ro-prut-gecici-rk|1917-03-15|sag	Yaş	1	2	1	1796	1796	EVET
CIKIS	d1878-ru-ro-prut-gecici-rk|1917-11-06|sag	Yaş	1	2	1	1796	1796	EVET
CIKIS	d1878-ru-ro-prut-rus-rk|1881-03-26|sag	Yaş	1	2	1	1796	1796	EVET
CIKIS	d1878-ru-ro-prut-rus-rk|1917-03-14|sag	Yaş	1	2	1	1796	1796	EVET
CIKIS	d1878-ru-ro-prut-rus-rp|1878-08-03|sag	Yaş	1	2	1	1796	1796	EVET
CIKIS	d1878-ru-ro-prut-rus-rp|1881-03-25|sag	Yaş	1	2	1	1796	1796	EVET
CIKIS	d1878-ru-ro-prut-sovyet-rk|1917-11-07|sag	Yaş	1	2	1	1796	1796	EVET
CIKIS	d1886-angola-almanya-swa|1915-07-08|sag	Rundu	2	3	1	5548	5548	EVET
CIKIS	d1890-becuanaland-almanya-swa|1890-07-01|sol	Ganzi (Ghanzi)	2	3	1	6504	6504	EVET
CIKIS	d1890-becuanaland-almanya-swa|1915-07-08|sol	Ganzi (Ghanzi)	3	4	1	6504	6504	EVET
CIKIS	d1891-guneyrodezya-mozambik-bsac|1891-06-11|sol	Umtali (Mutare)	3	4	1	17468	17468	EVET
CIKIS	d1891-guneyrodezya-mozambik-bsac|1923-09-30|sol	Umtali (Mutare)	5	6	1	18328	18328	EVET
CIKIS	d1892-liberya-fildisi-sahili-cavalla|1910-12-31|sag	Zwedru	2	3	1	8056	8056	EVET
CIKIS	d1913-sr-mn|1913-11-12|sag	Yenipazar (Novi Pazar)	1	2	1	1064	1064	EVET
CIKIS	d1913-sr-mn|1918-11-25|sag	Yenipazar (Novi Pazar)	3	4	1	2712	2712	EVET
CIKIS	d1916-burundi-tanganyika-isgal|1922-07-19|sag	Ucici (Ujiji)	1	2	1	556	556	EVET
CIKIS	d1916-nijerya-kamerun-isgal|1916-02-18|sol	Ndjamena	2	3	1	604	604	EVET
CIKIS	d1916-nijerya-kamerun-isgal|1919-07-09|sag	Banyo	8	9	1	24200	24200	EVET
CIKIS	d1916-nijerya-kamerun-isgal|1919-07-09|sol	Ndjamena	2	3	1	604	604	EVET
CIKIS	d1918-it-at-ateskes-1|1918-11-12|sol	Lienz	1	2	1	1036	1036	EVET
CIKIS	d1918-it-at-ateskes-1|1919-12-31|sol	Lienz	1	2	1	1036	1036	EVET
CIKIS	d1918-it-at-ateskes-2|1918-11-12|sag	Brixen (Bressanone)	1	2	1	784	784	EVET
CIKIS	d1918-it-at-ateskes-2|1918-11-12|sol	Landeck	2	3	1	760	760	EVET
CIKIS	d1918-it-at-ateskes-2|1919-12-31|sag	Brixen (Bressanone)	1	2	1	784	784	EVET
CIKIS	d1918-it-at-ateskes-2|1919-12-31|sol	Landeck	2	3	1	760	760	EVET
CIKIS	d1918-it-hab-ateskes-1|1918-11-03|sol	Lienz	1	2	1	1036	1036	EVET
CIKIS	d1918-it-hab-ateskes-1|1918-11-10|sol	Lienz	1	2	1	1036	1036	EVET
CIKIS	d1918-it-hab-ateskes-2|1918-11-03|sag	Brixen (Bressanone)	1	2	1	784	784	EVET
CIKIS	d1918-it-hab-ateskes-2|1918-11-03|sol	Landeck	2	3	1	760	760	EVET
CIKIS	d1918-it-hab-ateskes-2|1918-11-10|sag	Brixen (Bressanone)	1	2	1	784	784	EVET
CIKIS	d1918-it-hab-ateskes-2|1918-11-10|sol	Landeck	2	3	1	760	760	EVET
CIKIS	d1919-at-cs-fiili-2|1919-01-01|sag	Brno	1	2	1	920	920	EVET
CIKIS	d1919-at-cs-fiili-2|1919-01-01|sol	Gmünd (Aşağı Avusturya)	1	2	1	556	556	EVET
CIKIS	d1919-at-cs-fiili-2|1920-07-15|sag	Brno	1	2	1	920	920	EVET
CIKIS	d1919-at-cs-fiili-2|1920-07-15|sol	Gmünd (Aşağı Avusturya)	1	2	1	556	556	EVET
CIKIS	d1919-hu-cs-fiili-1|1919-07-25|sag	Olomouc	1	2	1	432	432	EVET
CIKIS	d1919-nijerya-kamerun-milner-oncesi|1919-07-10|sag	Banyo	8	9	1	24200	24200	EVET
CIKIS	d1919-nijerya-kamerun-milner-oncesi|1919-07-10|sol	Ndjamena	2	3	1	604	604	EVET
CIKIS	d1919-nijerya-kamerun-milner-oncesi|1922-07-19|sag	Banyo	8	9	1	24200	24200	EVET
CIKIS	d1919-nijerya-kamerun-milner-oncesi|1922-07-19|sol	Ndjamena	2	3	1	604	604	EVET
CIKIS	d1922-at-hu-sopron|1922-01-01|sag	Sopron	1	2	1	636	636	EVET
CIKIS	d1922-at-hu-sopron|1923-10-28|sag	Sopron	1	2	1	636	636	EVET
CIKIS	d1923-al-yu-karadag-2|1921-11-09|sag	Podgorica	1	2	1	200	200	EVET
CIKIS	d1923-al-yu-karadag-2|1923-10-28|sag	Podgorica	1	2	1	200	200	EVET
CIKIS	d1923-altinkiyisi-fildisi-sahili|1923-10-28|sol	Assinie	1	2	1	4112	4112	EVET
CIKIS	d1923-angola-belcika-kongo|1908-11-15|sag	Kahemba	6	7	1	10136	10136	EVET
CIKIS	d1923-angola-belcika-kongo|1923-10-28|sag	Kahemba	6	7	1	10136	10136	EVET
CIKIS	d1923-angola-guneybati-afrika|1920-12-17|sag	Rundu	5	6	1	14000	14000	EVET
CIKIS	d1923-angola-guneybati-afrika|1923-10-28|sag	Rundu	5	6	1	14000	14000	EVET
CIKIS	d1923-at-hu-3|1921-07-26|sag	Sopron	1	2	1	1220	1220	EVET
CIKIS	d1923-at-hu-3|1923-10-28|sag	Sopron	1	2	1	1220	1220	EVET
CIKIS	d1923-be-de|1920-01-10|sag	Aachen	1	2	1	384	384	EVET
CIKIS	d1923-be-de|1923-10-28|sag	Aachen	1	2	1	384	384	EVET
CIKIS	d1923-be-lu|1890-11-23|sol	Arlon	1	2	1	84	84	EVET
CIKIS	d1923-be-lu|1923-10-28|sol	Arlon	2	3	1	116	116	EVET
CIKIS	d1923-be-nl-2|1839-04-19|sol	Anvers (Antwerpen)	2	3	1	1548	1548	EVET
CIKIS	d1923-be-nl-2|1923-10-28|sag	Maastricht	1	2	1	1324	1324	EVET
CIKIS	d1923-be-nl-2|1923-10-28|sol	Anvers (Antwerpen)	2	3	1	1548	1548	EVET
CIKIS	d1923-bg-shs-2|1920-01-01|sol	Köstendil	1	2	1	652	652	EVET
CIKIS	d1923-bg-shs-2|1923-10-28|sol	Köstendil	1	2	1	652	652	EVET
CIKIS	d1923-br-py-1|1923-10-28|sol	Catanduvas (Paraná)	2	3	1	5912	5912	EVET
CIKIS	d1923-burundi-tanganyika|1922-07-20|sag	Ucici (Ujiji)	1	2	1	556	556	EVET
CIKIS	d1923-burundi-tanganyika|1923-10-28|sag	Ucici (Ujiji)	1	2	1	556	556	EVET
CIKIS	d1923-ca-us-141|1923-10-28|sag	Old Crow (Vuntut Gwitchin)	1	2	1	5956	5956	EVET
CIKIS	d1923-ca-us-bati-2|1871-07-20|sol	Fort Langley	3	4	1	9080	9080	EVET
CIKIS	d1923-ca-us-dogu|1867-07-01|sag	Norridgewock (Abenaki)	3	4	1	7080	7080	EVET
CIKIS	d1923-ca-us-dogu|1923-10-28|sag	Norridgewock (Abenaki)	3	4	1	7080	7080	EVET
CIKIS	d1923-ca-us-prairie|1870-07-15|sol	Brandon House	2	3	1	7284	7284	EVET
CIKIS	d1923-ca-us-prairie|1923-10-28|sag	Fort Belknap (Assiniboine-Gros Ventre)	4	5	1	7540	7540	EVET
CIKIS	d1923-ca-us-prairie|1923-10-28|sol	Brandon House	4	5	1	12000	12000	EVET
CIKIS	d1923-cad-anglo-misir-sudani-darfur|1919-09-08|sag	Birao	2	3	1	2940	2940	EVET
CIKIS	d1923-cad-anglo-misir-sudani-darfur|1919-09-08|sag	Iriba	2	3	1	2940	2940	EVET
CIKIS	d1923-cad-anglo-misir-sudani-darfur|1923-10-28|sag	Birao	2	3	1	2940	2940	EVET
CIKIS	d1923-cad-anglo-misir-sudani-darfur|1923-10-28|sag	Iriba	2	3	1	2940	2940	EVET
CIKIS	d1923-cn-fc-BILINMIYOR-tonkin|1923-10-28|sag	Lạng Sơn	2	3	1	8404	8404	EVET
CIKIS	d1923-co-ec|1917-01-26|sag	San José de los Nuevos Icaguates	1	2	1	3632	3632	EVET
CIKIS	d1923-co-ec|1923-10-28|sag	San José de los Nuevos Icaguates	1	2	1	3632	3632	EVET
CIKIS	d1923-dahomey-nijerya|1906-10-19|sag	Nikki (Borgu)	2	3	1	8452	8452	EVET
CIKIS	d1923-dahomey-nijerya|1923-10-28|sag	Nikki (Borgu)	2	3	1	8452	8452	EVET
CIKIS	d1923-eritre-fransiz-somalisi|1901-07-10|sag	Aseb	1	2	1	960	960	EVET
CIKIS	d1923-eritre-fransiz-somalisi|1923-10-28|sag	Aseb	1	2	1	960	960	EVET
CIKIS	d1923-fr-it-2|1861-03-17|sol	Bourg-Saint-Maurice	1	2	1	452	452	EVET
CIKIS	d1923-fr-it-2|1923-10-28|sol	Bourg-Saint-Maurice	1	2	1	452	452	EVET
CIKIS	d1923-fransiz-gine-sierra-leone|1923-10-28|sol	Falaba	4	5	1	9244	9244	EVET
CIKIS	d1923-gr-bg-dogu|1921-01-01|sol	Nevrokop (Gotse Delçev)	1	2	1	96	96	EVET
CIKIS	d1923-gr-bg-dogu|1923-10-28|sol	Nevrokop (Gotse Delçev)	1	2	1	96	96	EVET
CIKIS	d1923-gr-shs-2|1918-12-01|sag	Doyran	1	2	1	228	228	EVET
CIKIS	d1923-gr-shs-2|1923-10-28|sag	Doyran	1	2	1	228	228	EVET
CIKIS	d1923-guney-rodezya-mozambik|1923-10-01|sol	Umtali (Mutare)	5	6	1	18328	18328	EVET
CIKIS	d1923-guney-rodezya-mozambik|1923-10-28|sol	Umtali (Mutare)	5	6	1	18328	18328	EVET
CIKIS	d1923-hd-pt-oecussi|1916-08-17|sag	Lifau (Oecussi)	1	2	1	808	808	EVET
CIKIS	d1923-hd-pt-oecussi|1923-10-28|sag	Lifau (Oecussi)	1	2	1	808	808	EVET
CIKIS	d1923-hu-yu-hirvatistan|1921-07-26|sol	Lendava (Alsólendva)	3	4	1	552	552	EVET
CIKIS	d1923-hu-yu-hirvatistan|1923-10-28|sol	Lendava (Alsólendva)	3	4	1	552	552	EVET
CIKIS	d1923-hu-yu-sirbistan|1921-07-26|sol	Segedin (Szeged)	1	2	1	660	660	EVET
CIKIS	d1923-hu-yu-sirbistan|1923-10-28|sol	Segedin (Szeged)	1	2	1	660	660	EVET
CIKIS	d1923-ie-gb|1922-12-06|sag	Donegal	1	2	1	1388	1388	EVET
CIKIS	d1923-ie-gb|1923-10-28|sag	Donegal	1	2	1	1388	1388	EVET
CIKIS	d1923-ir-af-kuzey|1891-01-01|sag	Turbet-i Câm	2	3	1	3240	3240	EVET
CIKIS	d1923-ir-af-kuzey|1923-10-28|sag	Turbet-i Câm	2	3	1	3240	3240	EVET
CIKIS	d1923-it-at-1|1920-01-01|sol	Lienz	1	2	1	1124	1124	EVET
CIKIS	d1923-it-at-1|1923-10-28|sol	Lienz	1	2	1	1124	1124	EVET
CIKIS	d1923-it-at-2|1920-01-01|sag	Brixen (Bressanone)	1	2	1	1068	1068	EVET
CIKIS	d1923-it-at-2|1920-01-01|sol	Landeck	2	3	1	760	760	EVET
CIKIS	d1923-it-at-2|1923-10-28|sag	Brixen (Bressanone)	1	2	1	1068	1068	EVET
CIKIS	d1923-it-at-2|1923-10-28|sol	Landeck	2	3	1	760	760	EVET
CIKIS	d1923-kongo-fransiz-belcika|1910-01-15|sag	Sibiti	3	4	1	8716	8716	EVET
CIKIS	d1923-kongo-fransiz-belcika|1923-10-28|sag	Sibiti	3	4	1	8716	8716	EVET
CIKIS	d1923-liberya-fildisi-sahili|1911-01-01|sag	Zwedru	2	3	1	8056	8056	EVET
CIKIS	d1923-liberya-fildisi-sahili|1923-10-28|sag	Zwedru	2	3	1	8056	8056	EVET
CIKIS	d1923-mx-gt|1882-09-27|sag	Acalán (Itzamkanac)	2	3	1	3016	3016	EVET
CIKIS	d1923-mx-gt|1923-10-28|sag	Acalán (Itzamkanac)	2	3	1	3016	3016	EVET
CIKIS	d1923-nijer-nijerya|1910-02-19|sol	Birni-N'Konni	4	5	1	7316	7316	EVET
CIKIS	d1923-nijer-nijerya|1923-10-28|sol	Birni-N'Konni	5	6	1	7408	7408	EVET
CIKIS	d1923-nijerya-kamerun-milner-simon|1922-07-20|sag	Banyo	8	9	1	24200	24200	EVET
CIKIS	d1923-nijerya-kamerun-milner-simon|1922-07-20|sol	Ndjamena	2	3	1	604	604	EVET
CIKIS	d1923-nijerya-kamerun-milner-simon|1923-10-28|sag	Banyo	8	9	1	24200	24200	EVET
CIKIS	d1923-nijerya-kamerun-milner-simon|1923-10-28|sol	Ndjamena	2	3	1	604	604	EVET
CIKIS	d1923-nl-de|1824-07-02|sag	Nijmegen	2	3	1	2844	2844	EVET
CIKIS	d1923-nl-de|1923-10-28|sag	Nijmegen	2	3	1	2844	2844	EVET
CIKIS	d1923-tr-sscb-ermenistan|1921-03-16|sag	Küçükperveli	8	9	1	4740	4740	EVET
CIKIS	d1923-tr-sscb-ermenistan|1923-10-28|sag	Gümrü (Aleksandropol)	1	2	1	344	348	HAYIR
CIKIS	d1923-tr-sscb-gurcistan|1921-03-16|sag	Arpaçay (Akyaka)	9	10	1	3144	3148	HAYIR
CIKIS	d1923-tr-sscb-gurcistan|1921-03-16|sag	Posof	9	10	1	3144	3148	HAYIR
CIKIS	d1923-tr-sscb-gurcistan|1921-03-16|sag	Saylıca	9	10	1	3144	3148	HAYIR
CIKIS	d1923-tr-sscb-gurcistan|1923-10-28|sag	Ts’q’altbila	1	2	1	84	84	EVET
CIKIS	d1923-us-mx-gadsden|1854-06-30|sag	Santa Rita del Cobre	3	4	1	7356	7356	EVET
CIKIS	d1923-us-mx-gadsden|1923-10-28|sol	Sonoyta (Sonoita)	2	3	1	5388	5388	EVET
CIKIS	dg4-sa-fr-1861-2|1861-03-07|sol	Bourg-Saint-Maurice	1	2	1	452	452	EVET
CIKIS	dg4-sa-fr-1861-2|1861-03-16|sol	Bourg-Saint-Maurice	1	2	1	452	452	EVET
CIKIS	g1-gr-srb-2|1913-08-10|sag	Doyran	1	2	1	228	228	EVET
CIKIS	g1-gr-srb-2|1918-11-30|sag	Doyran	1	2	1	228	228	EVET
CIKIS	g1-osm-ir|1913-11-17|sag	Gōrabī	6	7	1	6824	6824	EVET
CIKIS	g2-hd-pt-oecussi-1914|1916-08-16|sag	Lifau (Oecussi)	1	2	1	808	808	EVET
CIKIS	g3-bg-ro-dobruca-p4|1913-08-09|sag	Köstence	4	5	1	1868	1868	EVET
CIKIS	g3-br-imp-py-1|1872-03-26|sag	Tacuatí (Ypané)	1	2	1	5248	5248	EVET
CIKIS	g4-bna-us-dogu|1842-01-01|sag	Norridgewock (Abenaki)	3	4	1	7088	7088	EVET
CIKIS	g4-bna-us-dogu|1867-06-30|sag	Norridgewock (Abenaki)	3	4	1	7080	7080	EVET
GIRIS	d1816-alm-ah-1|1816-05-01|sol	Konstanz	2	3	1	1264	1264	EVET
GIRIS	d1816-alm-ah-1|1844-01-29|sol	Konstanz	2	3	1	1264	1264	EVET
GIRIS	d1816-alm-ah-4|1816-05-01|sag	Brixen (Bressanone)	2	3	1	3380	3380	EVET
GIRIS	d1816-alm-ah-4|1816-05-01|sag	Freistadt	2	3	1	3380	3380	EVET
GIRIS	d1816-alm-ah-4|1816-05-01|sag	Innsbruck	2	3	1	3380	3380	EVET
GIRIS	d1816-alm-ah-4|1816-05-01|sag	Klagenfurt	2	3	1	3380	3380	EVET
GIRIS	d1816-alm-ah-4|1816-05-01|sag	Lienz	2	3	1	3380	3380	EVET
GIRIS	d1816-alm-ah-4|1816-05-01|sag	Linz	2	3	1	3380	3380	EVET
GIRIS	d1816-alm-ah-4|1816-05-01|sag	Udine	2	3	1	3380	3380	EVET
GIRIS	d1816-alm-ah-4|1816-05-01|sag	České Budějovice (Budweis)	2	3	1	3380	3380	EVET
GIRIS	d1816-alm-ah-4|1816-05-01|sol	Münih	3	4	1	2576	2576	EVET
GIRIS	d1816-alm-ah-4|1816-05-01|sol	Regensburg	3	4	1	2576	2576	EVET
GIRIS	d1816-alm-ah-4|1844-01-29|sag	Brixen (Bressanone)	2	3	1	3380	3380	EVET
GIRIS	d1816-alm-ah-4|1844-01-29|sag	Freistadt	2	3	1	3380	3380	EVET
GIRIS	d1816-alm-ah-4|1844-01-29|sag	Innsbruck	2	3	1	3380	3380	EVET
GIRIS	d1816-alm-ah-4|1844-01-29|sag	Klagenfurt	2	3	1	3380	3380	EVET
GIRIS	d1816-alm-ah-4|1844-01-29|sag	Lienz	2	3	1	3380	3380	EVET
GIRIS	d1816-alm-ah-4|1844-01-29|sag	Linz	2	3	1	3380	3380	EVET
GIRIS	d1816-alm-ah-4|1844-01-29|sag	Udine	2	3	1	3380	3380	EVET
GIRIS	d1816-alm-ah-4|1844-01-29|sag	České Budějovice (Budweis)	2	3	1	3380	3380	EVET
GIRIS	d1816-alm-ah-4|1844-01-29|sol	Münih	3	4	1	2576	2576	EVET
GIRIS	d1816-alm-ah-4|1844-01-29|sol	Regensburg	3	4	1	2576	2576	EVET
GIRIS	d1829-osm-rus-1|1829-09-14|sag	Hanak	1	2	1	84	84	EVET
GIRIS	d1829-osm-rus-1|1829-09-14|sag	Posof	1	2	1	84	84	EVET
GIRIS	d1829-osm-rus-1|1829-09-14|sol	Ahıska	5	6	1	660	660	EVET
GIRIS	d1829-osm-rus-2|1829-09-14|sag	Arpaçay (Akyaka)	1	2	1	340	340	EVET
GIRIS	d1829-osm-rus-2|1829-09-14|sag	Kars	1	2	1	340	340	EVET
GIRIS	d1844-alm-ah|1844-01-30|sag	Brixen (Bressanone)	2	3	1	3388	3388	EVET
GIRIS	d1844-alm-ah|1844-01-30|sag	Freistadt	2	3	1	3388	3388	EVET
GIRIS	d1844-alm-ah|1844-01-30|sag	Innsbruck	2	3	1	3388	3388	EVET
GIRIS	d1844-alm-ah|1844-01-30|sag	Klagenfurt	2	3	1	3388	3388	EVET
GIRIS	d1844-alm-ah|1844-01-30|sag	Lienz	2	3	1	3388	3388	EVET
GIRIS	d1844-alm-ah|1844-01-30|sag	Linz	2	3	1	3388	3388	EVET
GIRIS	d1844-alm-ah|1844-01-30|sag	Udine	2	3	1	3388	3388	EVET
GIRIS	d1844-alm-ah|1844-01-30|sag	České Budějovice (Budweis)	2	3	1	3388	3388	EVET
GIRIS	d1844-alm-ah|1844-01-30|sol	Konstanz	4	5	1	4528	4528	EVET
GIRIS	d1844-alm-ah|1844-01-30|sol	Münih	4	5	1	4528	4528	EVET
GIRIS	d1844-alm-ah|1844-01-30|sol	Regensburg	4	5	1	4528	4528	EVET
GIRIS	d1844-alm-ah|1878-07-12|sag	Brixen (Bressanone)	2	3	1	3388	3388	EVET
GIRIS	d1844-alm-ah|1878-07-12|sag	Freistadt	2	3	1	3388	3388	EVET
GIRIS	d1844-alm-ah|1878-07-12|sag	Innsbruck	2	3	1	3388	3388	EVET
GIRIS	d1844-alm-ah|1878-07-12|sag	Klagenfurt	2	3	1	3388	3388	EVET
GIRIS	d1844-alm-ah|1878-07-12|sag	Lienz	2	3	1	3388	3388	EVET
GIRIS	d1844-alm-ah|1878-07-12|sag	Linz	2	3	1	3388	3388	EVET
GIRIS	d1844-alm-ah|1878-07-12|sag	Udine	2	3	1	3388	3388	EVET
GIRIS	d1844-alm-ah|1878-07-12|sag	České Budějovice (Budweis)	2	3	1	3388	3388	EVET
GIRIS	d1844-alm-ah|1878-07-12|sol	Konstanz	4	5	1	4528	4528	EVET
GIRIS	d1844-alm-ah|1878-07-12|sol	Münih	4	5	1	4528	4528	EVET
GIRIS	d1844-alm-ah|1878-07-12|sol	Regensburg	4	5	1	4528	4528	EVET
GIRIS	d1866-it-hab-karn|1866-10-03|sol	Udine	1	2	1	1036	1036	EVET
GIRIS	d1866-it-hab-karn|1918-11-02|sol	Udine	1	2	1	1036	1036	EVET
GIRIS	d1871-de-ch-alsas|1871-05-10|sol	Mulhouse	1	2	1	156	156	EVET
GIRIS	d1871-de-ch-alsas|1918-11-10|sol	Mulhouse	1	2	1	156	156	EVET
GIRIS	d1878-de-ah|1878-07-13|sag	Brixen (Bressanone)	2	3	1	3388	3388	EVET
GIRIS	d1878-de-ah|1878-07-13|sag	Freistadt	2	3	1	3388	3388	EVET
GIRIS	d1878-de-ah|1878-07-13|sag	Innsbruck	2	3	1	3388	3388	EVET
GIRIS	d1878-de-ah|1878-07-13|sag	Klagenfurt	2	3	1	3388	3388	EVET
GIRIS	d1878-de-ah|1878-07-13|sag	Lienz	2	3	1	3388	3388	EVET
GIRIS	d1878-de-ah|1878-07-13|sag	Linz	2	3	1	3388	3388	EVET
GIRIS	d1878-de-ah|1878-07-13|sag	Udine	2	3	1	3388	3388	EVET
GIRIS	d1878-de-ah|1878-07-13|sag	České Budějovice (Budweis)	2	3	1	3388	3388	EVET
GIRIS	d1878-de-ah|1878-07-13|sol	Konstanz	4	5	1	4528	4528	EVET
GIRIS	d1878-de-ah|1878-07-13|sol	Münih	4	5	1	4528	4528	EVET
GIRIS	d1878-de-ah|1878-07-13|sol	Regensburg	4	5	1	4528	4528	EVET
GIRIS	d1878-de-ah|1918-11-10|sag	Brixen (Bressanone)	2	3	1	3372	3372	EVET
GIRIS	d1878-de-ah|1918-11-10|sag	Freistadt	2	3	1	3372	3372	EVET
GIRIS	d1878-de-ah|1918-11-10|sag	Innsbruck	2	3	1	3372	3372	EVET
GIRIS	d1878-de-ah|1918-11-10|sag	Klagenfurt	2	3	1	3372	3372	EVET
GIRIS	d1878-de-ah|1918-11-10|sag	Lienz	2	3	1	3372	3372	EVET
GIRIS	d1878-de-ah|1918-11-10|sag	Linz	2	3	1	3372	3372	EVET
GIRIS	d1878-de-ah|1918-11-10|sag	Udine	2	3	1	3372	3372	EVET
GIRIS	d1878-de-ah|1918-11-10|sag	České Budějovice (Budweis)	2	3	1	3372	3372	EVET
GIRIS	d1878-de-ah|1918-11-10|sol	Konstanz	4	5	1	4528	4528	EVET
GIRIS	d1878-de-ah|1918-11-10|sol	Münih	4	5	1	4528	4528	EVET
GIRIS	d1878-de-ah|1918-11-10|sol	Regensburg	4	5	1	4528	4528	EVET
GIRIS	d1878-ru-ro-prut-sovyet-rk|1918-04-07|sag	Kamaniçe	9	10	1	8044	8044	EVET
GIRIS	d1885-nijerya-kamerun-genel|1885-04-01|sag	Fumban (Bamum)	1	2	1	3972	3972	EVET
GIRIS	d1885-nijerya-kamerun-genel|1913-03-10|sag	Banyo	4	5	1	11356	11356	EVET
GIRIS	d1885-nijerya-kamerun-genel|1913-03-10|sag	Dikva (Dikeo)	4	5	1	11356	11356	EVET
GIRIS	d1885-nijerya-kamerun-genel|1913-03-10|sag	Fumban (Bamum)	4	5	1	11356	11356	EVET
GIRIS	d1885-nijerya-kamerun-genel|1913-03-10|sag	Garua (Garoua)	4	5	1	11356	11356	EVET
GIRIS	d1885-nijerya-kamerun-genel|1913-03-10|sag	Ngaunder (Ngaoundéré)	4	5	1	11356	11356	EVET
GIRIS	d1885-nijerya-kamerun-genel|1913-03-10|sag	Tibati	4	5	1	11356	11356	EVET
GIRIS	d1885-nijerya-kamerun-genel|1913-03-10|sol	Ndjamena	4	5	1	14060	14060	EVET
GIRIS	d1885-nijerya-kamerun-genel|1913-03-10|sol	Yola	4	5	1	14060	14060	EVET
GIRIS	d1886-angola-almanya-swa|1915-07-08|sol	Ondangva (Ondonga)	2	3	1	4636	4636	EVET
GIRIS	d1890-becuanaland-almanya-swa|1890-07-01|sag	Aranos	2	3	1	7108	7108	EVET
GIRIS	d1890-becuanaland-almanya-swa|1890-07-01|sag	Tshane	2	3	1	7108	7108	EVET
GIRIS	d1890-becuanaland-almanya-swa|1890-07-01|sol	Gobabis	2	3	1	6504	6504	EVET
GIRIS	d1890-becuanaland-almanya-swa|1890-07-01|sol	Livingstone	2	3	1	6504	6504	EVET
GIRIS	d1890-becuanaland-almanya-swa|1915-07-08|sol	Gobabis	3	4	1	6504	6504	EVET
GIRIS	d1890-de-lu-lorraine|1890-11-23|sag	Arlon	1	2	1	240	240	EVET
GIRIS	d1890-de-lu-lorraine|1890-11-23|sag	Trier	1	2	1	240	240	EVET
GIRIS	d1890-de-lu-lorraine|1918-11-10|sag	Arlon	1	2	1	240	240	EVET
GIRIS	d1890-de-lu-lorraine|1918-11-10|sag	Trier	1	2	1	240	240	EVET
GIRIS	d1890-namrod-almanya-swa|1890-07-01|sag	Livingstone	1	2	1	1916	1916	EVET
GIRIS	d1890-namrod-almanya-swa|1890-07-01|sol	Seşeke (Sesheke)	1	2	1	1836	1836	EVET
GIRIS	d1890-namrod-almanya-swa|1915-07-08|sol	Seşeke (Sesheke)	1	2	1	1836	1836	EVET
GIRIS	d1891-guneyrodezya-mozambik-bsac|1891-06-11|sol	Büyük Zimbabve	3	4	1	17468	17468	EVET
GIRIS	d1891-guneyrodezya-mozambik-bsac|1891-06-11|sol	Cikualakuala	3	4	1	17468	17468	EVET
GIRIS	d1891-guneyrodezya-mozambik-bsac|1891-06-11|sol	Dzata (Venda)	3	4	1	17468	17468	EVET
GIRIS	d1891-guneyrodezya-mozambik-bsac|1891-06-11|sol	Mabalane	3	4	1	17468	17468	EVET
GIRIS	d1891-guneyrodezya-mozambik-bsac|1891-06-11|sol	Massangena	3	4	1	17468	17468	EVET
GIRIS	d1891-guneyrodezya-mozambik-bsac|1891-06-11|sol	Salisbury (Harare)	3	4	1	17468	17468	EVET
GIRIS	d1891-guneyrodezya-mozambik-bsac|1923-09-30|sol	Salisbury (Harare)	5	6	1	18328	18328	EVET
GIRIS	d1892-liberya-fildisi-sahili-cavalla|1910-12-31|sag	Man	2	3	1	8056	8056	EVET
GIRIS	d1892-liberya-fildisi-sahili-cavalla|1910-12-31|sag	Nzerekore	2	3	1	8056	8056	EVET
GIRIS	d1913-nijerya-kamerun-almanya|1913-03-11|sag	Banyo	4	5	1	11356	11356	EVET
GIRIS	d1913-nijerya-kamerun-almanya|1913-03-11|sag	Dikva (Dikeo)	4	5	1	11356	11356	EVET
GIRIS	d1913-nijerya-kamerun-almanya|1913-03-11|sag	Fumban (Bamum)	4	5	1	11356	11356	EVET
GIRIS	d1913-nijerya-kamerun-almanya|1913-03-11|sag	Garua (Garoua)	4	5	1	11356	11356	EVET
GIRIS	d1913-nijerya-kamerun-almanya|1913-03-11|sag	Ngaunder (Ngaoundéré)	4	5	1	11356	11356	EVET
GIRIS	d1913-nijerya-kamerun-almanya|1913-03-11|sag	Tibati	4	5	1	11356	11356	EVET
GIRIS	d1913-nijerya-kamerun-almanya|1913-03-11|sol	Ndjamena	4	5	1	14060	14060	EVET
GIRIS	d1913-nijerya-kamerun-almanya|1913-03-11|sol	Yola	4	5	1	14060	14060	EVET
GIRIS	d1913-nijerya-kamerun-almanya|1916-02-17|sag	Banyo	4	5	1	11296	11296	EVET
GIRIS	d1913-nijerya-kamerun-almanya|1916-02-17|sag	Dikva (Dikeo)	4	5	1	11296	11296	EVET
GIRIS	d1913-nijerya-kamerun-almanya|1916-02-17|sag	Fumban (Bamum)	4	5	1	11296	11296	EVET
GIRIS	d1913-nijerya-kamerun-almanya|1916-02-17|sag	Garua (Garoua)	4	5	1	11296	11296	EVET
GIRIS	d1913-nijerya-kamerun-almanya|1916-02-17|sag	Ngaunder (Ngaoundéré)	4	5	1	11296	11296	EVET
GIRIS	d1913-nijerya-kamerun-almanya|1916-02-17|sag	Tibati	4	5	1	11296	11296	EVET
GIRIS	d1913-nijerya-kamerun-almanya|1916-02-17|sol	Ndjamena	4	5	1	14060	14060	EVET
GIRIS	d1913-nijerya-kamerun-almanya|1916-02-17|sol	Yola	4	5	1	14060	14060	EVET
GIRIS	d1913-osm-bg-dogu|1913-09-29|sag	Demirköy	1	2	1	24	24	EVET
GIRIS	d1913-osm-bg-dogu|1915-09-05|sag	Demirköy	1	2	1	24	24	EVET
GIRIS	d1913-osm-ir-1|1913-11-17|sag	Doğubayazıt	1	2	1	24	24	EVET
GIRIS	d1913-osm-ir-1|1913-11-17|sol	Mâku	3	4	1	204	204	EVET
GIRIS	d1913-osm-ir-1|1920-04-22|sag	Doğubayazıt	1	2	1	24	24	EVET
GIRIS	d1913-osm-ir-1|1920-04-22|sol	Mâku	3	4	1	204	204	EVET
GIRIS	d1913-osm-ir-2|1913-11-17|sol	Selmâs (Dilman)	2	3	1	260	260	EVET
GIRIS	d1913-osm-ir-2|1920-04-22|sol	Selmâs (Dilman)	2	3	1	260	260	EVET
GIRIS	d1913-osm-ir-3|1913-11-17|sol	Rāzhān	1	2	1	804	808	HAYIR
GIRIS	d1913-osm-ir-3|1920-04-22|sol	Rāzhān	1	2	1	108	108	EVET
GIRIS	d1913-sr-mn|1913-11-12|sag	Cetinje	1	2	1	1064	1064	EVET
GIRIS	d1913-sr-mn|1913-11-12|sag	Foça (Foča)	1	2	1	1064	1064	EVET
GIRIS	d1913-sr-mn|1913-11-12|sag	Podgorica	1	2	1	1064	1064	EVET
GIRIS	d1913-sr-mn|1913-11-12|sag	Vişegrad	1	2	1	1064	1064	EVET
GIRIS	d1913-sr-mn|1913-11-12|sag	İşkodra	1	2	1	1064	1064	EVET
GIRIS	d1913-sr-mn|1918-11-25|sag	Podgorica	3	4	1	2712	2712	EVET
GIRIS	d1913-sr-mn|1918-11-25|sag	İşkodra	3	4	1	2712	2712	EVET
GIRIS	d1915-osm-bg|1915-09-06|sag	Demirköy	1	2	1	24	24	EVET
GIRIS	d1915-osm-bg|1915-09-06|sol	Elhova (Elhovo)	2	3	1	48	48	EVET
GIRIS	d1915-osm-bg|1920-04-22|sag	Demirköy	1	2	1	24	24	EVET
GIRIS	d1915-osm-bg|1920-04-22|sol	Elhova (Elhovo)	2	3	1	48	48	EVET
GIRIS	d1916-burundi-tanganyika-isgal|1922-07-19|sol	Ucici (Ujiji)	3	4	1	5444	5444	EVET
GIRIS	d1916-nijerya-kamerun-isgal|1916-02-18|sag	Banyo	4	5	1	11296	11296	EVET
GIRIS	d1916-nijerya-kamerun-isgal|1916-02-18|sag	Dikva (Dikeo)	4	5	1	11296	11296	EVET
GIRIS	d1916-nijerya-kamerun-isgal|1916-02-18|sag	Fumban (Bamum)	4	5	1	11296	11296	EVET
GIRIS	d1916-nijerya-kamerun-isgal|1916-02-18|sag	Garua (Garoua)	4	5	1	11296	11296	EVET
GIRIS	d1916-nijerya-kamerun-isgal|1916-02-18|sag	Ngaunder (Ngaoundéré)	4	5	1	11296	11296	EVET
GIRIS	d1916-nijerya-kamerun-isgal|1916-02-18|sag	Tibati	4	5	1	11296	11296	EVET
GIRIS	d1916-nijerya-kamerun-isgal|1916-02-18|sol	Dikva (Dikeo)	2	3	1	604	604	EVET
GIRIS	d1916-nijerya-kamerun-isgal|1919-07-09|sag	Fumban (Bamum)	8	9	1	24200	24200	EVET
GIRIS	d1916-nijerya-kamerun-isgal|1919-07-09|sol	Dikva (Dikeo)	2	3	1	604	604	EVET
GIRIS	d1917-filistin-misir-askeri-idare|1920-06-30|sol	El-Arîş	1	2	1	760	760	EVET
GIRIS	d1917-no-sov-petsamo|1917-11-07|sag	Vardø	2	3	1	2372	2372	EVET
GIRIS	d1918-fr-ch-alsas-isgal|1918-11-11|sol	Mulhouse	1	2	1	156	156	EVET
GIRIS	d1918-fr-ch-alsas-isgal|1920-01-09|sol	Mulhouse	1	2	1	156	156	EVET
GIRIS	d1918-fr-de-isgal|1920-01-09|sag	Freiburg	1	2	1	2168	2168	EVET
GIRIS	d1918-fr-de-isgal|1920-01-09|sag	Saarbrücken	1	2	1	2168	2168	EVET
GIRIS	d1918-fr-lu-lorraine-isgal|1918-11-11|sag	Arlon	1	2	1	240	240	EVET
GIRIS	d1918-fr-lu-lorraine-isgal|1918-11-11|sag	Trier	1	2	1	240	240	EVET
GIRIS	d1918-fr-lu-lorraine-isgal|1920-01-09|sag	Arlon	1	2	1	240	240	EVET
GIRIS	d1918-fr-lu-lorraine-isgal|1920-01-09|sag	Trier	1	2	1	240	240	EVET
GIRIS	d1918-it-at-ateskes-1|1918-11-12|sol	Udine	1	2	1	1036	1036	EVET
GIRIS	d1918-it-at-ateskes-1|1919-12-31|sol	Udine	1	2	1	1036	1036	EVET
GIRIS	d1918-it-at-ateskes-2|1918-11-12|sag	Lienz	1	2	1	784	784	EVET
GIRIS	d1918-it-at-ateskes-2|1918-11-12|sol	Brixen (Bressanone)	2	3	1	760	760	EVET
GIRIS	d1918-it-at-ateskes-2|1918-11-12|sol	Trento	2	3	1	760	760	EVET
GIRIS	d1918-it-at-ateskes-2|1919-12-31|sag	Lienz	1	2	1	784	784	EVET
GIRIS	d1918-it-at-ateskes-2|1919-12-31|sol	Brixen (Bressanone)	2	3	1	760	760	EVET
GIRIS	d1918-it-at-ateskes-2|1919-12-31|sol	Trento	2	3	1	760	760	EVET
GIRIS	d1918-it-hab-ateskes-1|1918-11-03|sol	Udine	1	2	1	1036	1036	EVET
GIRIS	d1918-it-hab-ateskes-1|1918-11-10|sol	Udine	1	2	1	1036	1036	EVET
GIRIS	d1918-it-hab-ateskes-2|1918-11-03|sag	Lienz	1	2	1	784	784	EVET
GIRIS	d1918-it-hab-ateskes-2|1918-11-03|sol	Brixen (Bressanone)	2	3	1	760	760	EVET
GIRIS	d1918-it-hab-ateskes-2|1918-11-03|sol	Trento	2	3	1	760	760	EVET
GIRIS	d1918-it-hab-ateskes-2|1918-11-10|sag	Lienz	1	2	1	784	784	EVET
GIRIS	d1918-it-hab-ateskes-2|1918-11-10|sol	Brixen (Bressanone)	2	3	1	760	760	EVET
GIRIS	d1918-it-hab-ateskes-2|1918-11-10|sol	Trento	2	3	1	760	760	EVET
GIRIS	d1919-at-cs-fiili-1|1919-01-01|sol	Třeboň (Wittingau)	3	4	1	572	572	EVET
GIRIS	d1919-at-cs-fiili-1|1919-01-01|sol	České Budějovice (Budweis)	3	4	1	572	572	EVET
GIRIS	d1919-at-cs-fiili-1|1920-07-15|sol	Třeboň (Wittingau)	3	4	1	572	572	EVET
GIRIS	d1919-at-cs-fiili-1|1920-07-15|sol	České Budějovice (Budweis)	3	4	1	572	572	EVET
GIRIS	d1919-at-cs-fiili-2|1919-01-01|sag	Eisenstadt (Kismarton)	1	2	1	920	920	EVET
GIRIS	d1919-at-cs-fiili-2|1919-01-01|sag	Viyana	1	2	1	920	920	EVET
GIRIS	d1919-at-cs-fiili-2|1919-01-01|sol	Brno	1	2	1	556	556	EVET
GIRIS	d1919-at-cs-fiili-2|1920-07-15|sag	Eisenstadt (Kismarton)	1	2	1	920	920	EVET
GIRIS	d1919-at-cs-fiili-2|1920-07-15|sag	Viyana	1	2	1	920	920	EVET
GIRIS	d1919-at-cs-fiili-2|1920-07-15|sol	Brno	1	2	1	556	556	EVET
GIRIS	d1919-at-cs-fiili-3|1919-01-01|sag	Eisenstadt (Kismarton)	1	2	1	80	80	EVET
GIRIS	d1919-at-cs-fiili-3|1920-07-15|sag	Viyana	1	2	1	80	80	EVET
GIRIS	d1919-hu-cs-fiili-1|1919-07-25|sag	Baç (Bács)	1	2	1	432	432	EVET
GIRIS	d1919-hu-cs-fiili-1|1919-07-25|sag	Częstochowa	1	2	1	432	432	EVET
GIRIS	d1919-hu-cs-fiili-1|1919-07-25|sag	Debrecen	1	2	1	432	432	EVET
GIRIS	d1919-hu-cs-fiili-1|1919-07-25|sag	Eisenstadt (Kismarton)	1	2	1	432	432	EVET
GIRIS	d1919-hu-cs-fiili-1|1919-07-25|sag	Eperjes (Prešov)	1	2	1	432	432	EVET
GIRIS	d1919-hu-cs-fiili-1|1919-07-25|sag	Eğri	1	2	1	432	432	EVET
GIRIS	d1919-hu-cs-fiili-1|1919-07-25|sag	Gleiwitz (Gliwice)	1	2	1	432	432	EVET
GIRIS	d1919-hu-cs-fiili-1|1919-07-25|sag	Gyula (Göle)	1	2	1	432	432	EVET
GIRIS	d1919-hu-cs-fiili-1|1919-07-25|sag	Kanije	1	2	1	432	432	EVET
GIRIS	d1919-hu-cs-fiili-1|1919-07-25|sag	Kassa (Košice)	1	2	1	432	432	EVET
GIRIS	d1919-hu-cs-fiili-1|1919-07-25|sag	Kattowitz (Katowice)	1	2	1	432	432	EVET
GIRIS	d1919-hu-cs-fiili-1|1919-07-25|sag	Krakov	1	2	1	432	432	EVET
GIRIS	d1919-hu-cs-fiili-1|1919-07-25|sag	Lendava (Alsólendva)	1	2	1	432	432	EVET
GIRIS	d1919-hu-cs-fiili-1|1919-07-25|sag	Murska Sobota	1	2	1	432	432	EVET
GIRIS	d1919-hu-cs-fiili-1|1919-07-25|sag	Segedin (Szeged)	1	2	1	432	432	EVET
GIRIS	d1919-hu-cs-fiili-1|1919-07-25|sag	Sopron	1	2	1	432	428	HAYIR
GIRIS	d1919-hu-cs-fiili-1|1919-07-25|sag	Tokaj	1	2	1	432	432	EVET
GIRIS	d1919-hu-cs-fiili-1|1919-07-25|sag	Ungvár (Uzhhorod)	1	2	1	432	432	EVET
GIRIS	d1919-hu-cs-fiili-1|1919-07-25|sag	Varad (Oradea)	1	2	1	432	432	EVET
GIRIS	d1919-hu-cs-fiili-1|1919-07-25|sag	Viyana	1	2	1	432	432	EVET
GIRIS	d1919-hu-cs-fiili-1|1919-07-25|sag	Yanova (Ineu)	1	2	1	432	432	EVET
GIRIS	d1919-hu-cs-fiili-1|1919-07-25|sag	Zigetvar	1	2	1	432	432	EVET
GIRIS	d1919-hu-cs-fiili-1|1919-07-25|sag	Ösek (Osijek)	1	2	1	432	432	EVET
GIRIS	d1919-hu-cs-fiili-1|1921-07-25|sag	Budin	3	4	1	432	432	EVET
GIRIS	d1919-hu-cs-fiili-1|1921-07-25|sag	Hatvan	3	4	1	432	432	EVET
GIRIS	d1919-hu-cs-fiili-1|1921-07-25|sag	Peşte	3	4	1	432	432	EVET
GIRIS	d1919-hu-cs-fiili-1|1921-07-25|sol	Fülek (Fiľakovo)	2	3	1	636	636	EVET
GIRIS	d1919-hu-cs-fiili-1|1921-07-25|sol	Léva (Levice)	2	3	1	636	636	EVET
GIRIS	d1919-hu-cs-fiili-2|1919-07-25|sag	Bratislava	1	2	1	1468	1468	EVET
GIRIS	d1919-hu-cs-fiili-2|1919-07-25|sag	Chełm (Kholm)	1	2	1	1468	1468	EVET
GIRIS	d1919-hu-cs-fiili-2|1919-07-25|sag	Erdel (Kaloşvar)	1	2	1	1468	1468	EVET
GIRIS	d1919-hu-cs-fiili-2|1919-07-25|sag	Erdel Belgradı (Gyulafehérvár)	1	2	1	1468	1468	EVET
GIRIS	d1919-hu-cs-fiili-2|1919-07-25|sag	Lublin	1	2	1	1468	1468	EVET
GIRIS	d1919-hu-cs-fiili-2|1919-07-25|sag	Lvov	1	2	1	1468	1468	EVET
GIRIS	d1919-hu-cs-fiili-2|1919-07-25|sag	Oppeln (Opole)	1	2	1	1468	1468	EVET
GIRIS	d1919-hu-cs-fiili-2|1919-07-25|sag	Radom (Polonya)	1	2	1	1468	1468	EVET
GIRIS	d1919-hu-cs-fiili-2|1919-07-25|sag	Volodymyr-Volynskyi (Włodzimierz)	1	2	1	1468	1468	EVET
GIRIS	d1919-hu-cs-fiili-2|1919-07-25|sag	Zamość	1	2	1	1468	1468	EVET
GIRIS	d1919-hu-cs-fiili-2|1919-07-25|sag	Zigetvar	1	2	1	1468	1468	EVET
GIRIS	d1919-hu-cs-fiili-2|1921-07-25|sag	Eğri	2	3	1	1468	1468	EVET
GIRIS	d1919-hu-cs-fiili-2|1921-07-25|sag	Tokaj	2	3	1	1468	1468	EVET
GIRIS	d1919-hu-cs-fiili-3|1921-07-25|sol	Kassa (Košice)	1	2	1	68	68	EVET
GIRIS	d1919-nijerya-kamerun-milner-oncesi|1919-07-10|sag	Fumban (Bamum)	8	9	1	24200	24200	EVET
GIRIS	d1919-nijerya-kamerun-milner-oncesi|1919-07-10|sol	Dikva (Dikeo)	2	3	1	604	604	EVET
GIRIS	d1919-nijerya-kamerun-milner-oncesi|1922-07-19|sag	Fumban (Bamum)	8	9	1	24200	24200	EVET
GIRIS	d1919-nijerya-kamerun-milner-oncesi|1922-07-19|sol	Dikva (Dikeo)	2	3	1	604	604	EVET
GIRIS	d1920-filistin-misir-manda|1920-07-01|sol	El-Arîş	1	2	1	752	752	EVET
GIRIS	d1920-filistin-misir-manda|1922-03-14|sol	El-Arîş	1	2	1	752	752	EVET
GIRIS	d1920-hu-ro-fiili|1920-03-31|sag	Baç (Bács)	2	3	1	1692	1692	EVET
GIRIS	d1920-hu-ro-fiili|1920-03-31|sag	Belgrad	2	3	1	1692	1692	EVET
GIRIS	d1920-hu-ro-fiili|1920-03-31|sag	Budin	2	3	1	1692	1692	EVET
GIRIS	d1920-hu-ro-fiili|1920-03-31|sag	Kalocsa	2	3	1	1692	1692	EVET
GIRIS	d1920-hu-ro-fiili|1920-03-31|sag	Krakov	2	3	1	1692	1692	EVET
GIRIS	d1920-hu-ro-fiili|1920-03-31|sag	Peşte	2	3	1	1692	1692	EVET
GIRIS	d1920-hu-ro-fiili|1920-03-31|sag	Segesvár (Sighişoara)	2	3	1	1692	1692	EVET
GIRIS	d1920-hu-ro-fiili|1920-03-31|sag	Semendire	2	3	1	1692	1692	EVET
GIRIS	d1920-hu-ro-fiili|1920-03-31|sag	Varadin (Petrovaradin)	2	3	1	1692	1692	EVET
GIRIS	d1920-hu-ro-fiili|1920-03-31|sag	Vaç (Vác)	2	3	1	1692	1692	EVET
GIRIS	d1920-hu-ro-fiili|1920-03-31|sag	Yazlofça (Yazlovets)	2	3	1	1692	1692	EVET
GIRIS	d1920-hu-ro-fiili|1920-03-31|sag	Zamość	2	3	1	1692	1692	EVET
GIRIS	d1920-hu-ro-fiili|1921-07-25|sag	Debrecen	2	3	1	1692	1692	EVET
GIRIS	d1920-hu-ro-fiili|1921-07-25|sag	Gyula (Göle)	2	3	1	1692	1692	EVET
GIRIS	d1920-hu-ro-fiili|1921-07-25|sag	Ungvár (Uzhhorod)	2	3	1	1692	1692	EVET
GIRIS	d1920-hu-ro-fiili|1921-07-25|sol	Szatmár (Satu Mare)	3	4	1	1616	1616	EVET
GIRIS	d1920-hu-ro-fiili|1921-07-25|sol	Temeşvar	3	4	1	1616	1616	EVET
GIRIS	d1920-hu-ro-fiili|1921-07-25|sol	Varad (Oradea)	3	4	1	1616	1616	EVET
GIRIS	d1920-hu-ro-fiili|1921-07-25|sol	Yanova (Ineu)	3	4	1	1616	1616	EVET
GIRIS	d1920-tbmm-bg|1920-04-23|sag	Demirköy	1	2	1	24	24	EVET
GIRIS	d1920-tbmm-bg|1920-04-23|sol	Elhova (Elhovo)	2	3	1	48	48	EVET
GIRIS	d1920-tbmm-bg|1923-07-23|sag	Demirköy	1	2	1	24	24	EVET
GIRIS	d1920-tbmm-bg|1923-07-23|sol	Elhova (Elhovo)	2	3	1	48	48	EVET
GIRIS	d1920-yunan-isgal-bg|1920-07-01|sag	Demirköy	1	2	1	24	24	EVET
GIRIS	d1920-yunan-isgal-bg|1922-10-13|sag	Demirköy	1	2	1	24	24	EVET
GIRIS	d1922-at-hu-sopron|1922-01-01|sag	Eisenstadt (Kismarton)	1	2	1	636	636	EVET
GIRIS	d1922-at-hu-sopron|1923-10-28|sag	Eisenstadt (Kismarton)	1	2	1	636	636	EVET
GIRIS	d1922-mudanya-meric|1922-10-14|sag	Orestiada (Kumçiftliği)	1	2	1	28	28	EVET
GIRIS	d1922-mudanya-meric|1923-07-23|sag	Orestiada (Kumçiftliği)	1	2	1	28	28	EVET
GIRIS	d1923-af-sscb-bati|1917-11-07|sol	Karşi (Nahşeb)	2	3	1	3372	3372	EVET
GIRIS	d1923-af-sscb-bati|1923-10-28|sol	Karşi (Nahşeb)	2	3	1	3372	3372	EVET
GIRIS	d1923-af-sscb-pamir|1917-11-07|sag	Taşkurgan (Sarıkol)	1	2	1	172	172	EVET
GIRIS	d1923-af-sscb-pamir|1923-10-28|sag	Taşkurgan (Sarıkol)	1	2	1	172	172	EVET
GIRIS	d1923-al-yu-karadag-1|1921-11-09|sag	Leş (Alessio)	1	2	1	620	620	EVET
GIRIS	d1923-al-yu-karadag-1|1921-11-09|sag	İşkodra	1	2	1	620	620	EVET
GIRIS	d1923-al-yu-karadag-1|1921-11-09|sol	Podgorica	1	2	1	152	152	EVET
GIRIS	d1923-al-yu-karadag-1|1923-10-28|sag	Leş (Alessio)	1	2	1	620	620	EVET
GIRIS	d1923-al-yu-karadag-1|1923-10-28|sag	İşkodra	1	2	1	620	620	EVET
GIRIS	d1923-al-yu-karadag-1|1923-10-28|sol	Podgorica	1	2	1	152	152	EVET
GIRIS	d1923-al-yu-kosova|1921-11-09|sag	Leş (Alessio)	3	4	1	1264	1264	EVET
GIRIS	d1923-al-yu-kosova|1921-11-09|sag	Mat (Mati)	3	4	1	1264	1264	EVET
GIRIS	d1923-al-yu-kosova|1923-10-28|sag	Leş (Alessio)	3	4	1	1264	1264	EVET
GIRIS	d1923-al-yu-kosova|1923-10-28|sag	Mat (Mati)	3	4	1	1264	1264	EVET
GIRIS	d1923-al-yu-makedonya-1|1921-11-09|sag	Mat (Mati)	3	4	1	1356	1356	EVET
GIRIS	d1923-al-yu-makedonya-1|1923-10-28|sag	Mat (Mati)	3	4	1	1356	1356	EVET
GIRIS	d1923-altinkiyisi-fildisi-sahili|1895-06-16|sag	Bole	1	2	1	4656	4656	EVET
GIRIS	d1923-altinkiyisi-fildisi-sahili|1895-06-16|sag	Buna (Bouna)	1	2	1	4656	4656	EVET
GIRIS	d1923-altinkiyisi-fildisi-sahili|1895-06-16|sol	Begho (Bighu)	1	2	1	4100	4100	EVET
GIRIS	d1923-altinkiyisi-fildisi-sahili|1895-06-16|sol	Kumasi	1	2	1	4100	4100	EVET
GIRIS	d1923-altinkiyisi-fildisi-sahili|1923-10-28|sol	Begho (Bighu)	1	2	1	4112	4112	EVET
GIRIS	d1923-altinkiyisi-fildisi-sahili|1923-10-28|sol	Kumasi	1	2	1	4112	4112	EVET
GIRIS	d1923-angola-belcika-kongo|1908-11-15|sag	Dundo	6	7	1	10136	10136	EVET
GIRIS	d1923-angola-belcika-kongo|1908-11-15|sag	Kasance (Kasanje)	6	7	1	10136	10136	EVET
GIRIS	d1923-angola-belcika-kongo|1908-11-15|sag	Kazombo	6	7	1	10136	10136	EVET
GIRIS	d1923-angola-belcika-kongo|1908-11-15|sol	Kahemba	1	2	1	4924	4924	EVET
GIRIS	d1923-angola-belcika-kongo|1923-10-28|sag	Dundo	6	7	1	10136	10136	EVET
GIRIS	d1923-angola-belcika-kongo|1923-10-28|sag	Kasance (Kasanje)	6	7	1	10136	10136	EVET
GIRIS	d1923-angola-belcika-kongo|1923-10-28|sag	Kazombo	6	7	1	10136	10136	EVET
GIRIS	d1923-angola-belcika-kongo|1923-10-28|sol	Kahemba	3	4	1	8880	8880	EVET
GIRIS	d1923-angola-belcika-kongo|1923-10-28|sol	Matadi	3	4	1	8880	8880	EVET
GIRIS	d1923-angola-guneybati-afrika|1920-12-17|sag	Kuangar	5	6	1	14000	14000	EVET
GIRIS	d1923-angola-guneybati-afrika|1920-12-17|sol	Ondangva (Ondonga)	2	3	1	4636	4636	EVET
GIRIS	d1923-angola-guneybati-afrika|1923-10-28|sag	Kuangar	5	6	1	14000	14000	EVET
GIRIS	d1923-angola-guneybati-afrika|1923-10-28|sol	Ondangva (Ondonga)	2	3	1	4636	4636	EVET
GIRIS	d1923-angola-kuzey-rodezya-barotseland|1911-05-17|sag	Kazombo	5	6	1	15632	15632	EVET
GIRIS	d1923-angola-kuzey-rodezya-barotseland|1911-05-17|sag	Mavinga	5	6	1	15632	15632	EVET
GIRIS	d1923-angola-kuzey-rodezya-barotseland|1911-05-17|sol	Kabompo	1	2	1	3360	3360	EVET
GIRIS	d1923-angola-kuzey-rodezya-barotseland|1911-05-17|sol	Kolvezi	1	2	1	3360	3360	EVET
GIRIS	d1923-angola-kuzey-rodezya-barotseland|1911-05-17|sol	Zambezi (Balovale)	1	2	1	3360	3360	EVET
GIRIS	d1923-angola-kuzey-rodezya-barotseland|1923-10-28|sag	Kazombo	5	6	1	16100	16100	EVET
GIRIS	d1923-angola-kuzey-rodezya-barotseland|1923-10-28|sag	Mavinga	5	6	1	16100	16100	EVET
GIRIS	d1923-angola-kuzey-rodezya-barotseland|1923-10-28|sol	Kabompo	1	2	1	3360	3360	EVET
GIRIS	d1923-angola-kuzey-rodezya-barotseland|1923-10-28|sol	Kolvezi	1	2	1	3360	3360	EVET
GIRIS	d1923-angola-kuzey-rodezya-barotseland|1923-10-28|sol	Zambezi (Balovale)	1	2	1	3360	3360	EVET
GIRIS	d1923-ar-br|1900-05-26|sag	Catanduvas (Paraná)	2	3	1	7504	7504	EVET
GIRIS	d1923-ar-br|1900-05-26|sag	Encarnación (Itapúa)	2	3	1	7504	7504	EVET
GIRIS	d1923-ar-br|1923-10-28|sag	Encarnación (Itapúa)	3	4	1	10808	10808	EVET
GIRIS	d1923-at-cs-morava|1920-07-16|sag	Eisenstadt (Kismarton)	2	3	1	968	968	EVET
GIRIS	d1923-at-cs-morava|1923-10-28|sag	Eisenstadt (Kismarton)	2	3	1	968	968	EVET
GIRIS	d1923-at-cs|1920-07-16|sag	Eisenstadt (Kismarton)	3	4	1	1556	1556	EVET
GIRIS	d1923-at-cs|1920-07-16|sag	Gmünd (Aşağı Avusturya)	3	4	1	1556	1556	EVET
GIRIS	d1923-at-cs|1920-07-16|sag	Linz	3	4	1	1556	1556	EVET
GIRIS	d1923-at-cs|1920-07-16|sag	Viyana	3	4	1	1556	1556	EVET
GIRIS	d1923-at-cs|1920-07-16|sol	Brno	3	4	1	1124	1124	EVET
GIRIS	d1923-at-cs|1920-07-16|sol	Třeboň (Wittingau)	3	4	1	1124	1124	EVET
GIRIS	d1923-at-cs|1920-07-16|sol	České Budějovice (Budweis)	3	4	1	1124	1124	EVET
GIRIS	d1923-at-cs|1923-10-28|sag	Eisenstadt (Kismarton)	3	4	1	1556	1556	EVET
GIRIS	d1923-at-cs|1923-10-28|sag	Gmünd (Aşağı Avusturya)	3	4	1	1556	1556	EVET
GIRIS	d1923-at-cs|1923-10-28|sag	Linz	3	4	1	1556	1556	EVET
GIRIS	d1923-at-cs|1923-10-28|sag	Viyana	3	4	1	1556	1556	EVET
GIRIS	d1923-at-cs|1923-10-28|sol	Brno	3	4	1	1128	1128	EVET
GIRIS	d1923-at-cs|1923-10-28|sol	Třeboň (Wittingau)	3	4	1	1128	1128	EVET
GIRIS	d1923-at-cs|1923-10-28|sol	České Budějovice (Budweis)	3	4	1	1128	1128	EVET
GIRIS	d1923-at-hu-1|1921-07-26|sag	Bratislava	1	2	1	780	780	EVET
GIRIS	d1923-at-hu-1|1921-07-26|sag	Eisenstadt (Kismarton)	1	2	1	780	780	EVET
GIRIS	d1923-at-hu-3|1921-07-26|sag	Murska Sobota	1	2	1	1220	1220	EVET
GIRIS	d1923-at-hu-3|1923-10-28|sag	Murska Sobota	1	2	1	1220	1220	EVET
GIRIS	d1923-at-yu-karintiya|1920-10-10|sag	Udine	2	3	1	660	660	EVET
GIRIS	d1923-at-yu-karintiya|1923-10-28|sag	Udine	2	3	1	660	660	EVET
GIRIS	d1923-at-yu-stiriya|1920-07-16|sag	Graz	2	3	1	1064	1064	EVET
GIRIS	d1923-at-yu-stiriya|1923-10-28|sag	Graz	2	3	1	1064	1064	EVET
GIRIS	d1923-be-de|1920-01-10|sag	Liège	1	2	1	384	384	EVET
GIRIS	d1923-be-de|1920-01-10|sag	Maastricht	1	2	1	384	384	EVET
GIRIS	d1923-be-de|1920-01-10|sag	St. Vith (Sankt Vith)	1	2	1	384	384	EVET
GIRIS	d1923-be-de|1920-01-10|sol	Aachen	1	2	1	1444	1444	EVET
GIRIS	d1923-be-de|1920-01-10|sol	Köln	1	2	1	1444	1444	EVET
GIRIS	d1923-be-de|1920-01-10|sol	Trier	1	2	1	1444	1444	EVET
GIRIS	d1923-be-de|1923-10-28|sag	Liège	1	2	1	384	384	EVET
GIRIS	d1923-be-de|1923-10-28|sag	Maastricht	1	2	1	384	384	EVET
GIRIS	d1923-be-de|1923-10-28|sag	St. Vith (Sankt Vith)	1	2	1	384	384	EVET
GIRIS	d1923-be-de|1923-10-28|sol	Aachen	1	2	1	1444	1444	EVET
GIRIS	d1923-be-de|1923-10-28|sol	Köln	1	2	1	1444	1444	EVET
GIRIS	d1923-be-de|1923-10-28|sol	Trier	1	2	1	1444	1444	EVET
GIRIS	d1923-be-fr|1839-04-19|sag	Tournai	1	2	1	56	56	EVET
GIRIS	d1923-be-fr|1839-04-19|sol	Calais	7	8	1	5040	5040	EVET
GIRIS	d1923-be-fr|1839-04-19|sol	Reims	7	8	1	5040	5040	EVET
GIRIS	d1923-be-fr|1923-10-28|sag	Tournai	1	2	1	56	56	EVET
GIRIS	d1923-be-fr|1923-10-28|sol	Calais	7	8	1	5040	5040	EVET
GIRIS	d1923-be-fr|1923-10-28|sol	Reims	7	8	1	5040	5040	EVET
GIRIS	d1923-be-nl-1|1839-04-19|sol	Middelburg	3	4	1	396	396	EVET
GIRIS	d1923-be-nl-1|1923-10-28|sol	Middelburg	3	4	1	392	392	EVET
GIRIS	d1923-be-nl-2|1839-04-19|sag	Liège	1	2	1	1312	1312	EVET
GIRIS	d1923-be-nl-2|1839-04-19|sol	Amsterdam	2	3	1	1548	1548	EVET
GIRIS	d1923-be-nl-2|1839-04-19|sol	Rotterdam	2	3	1	1548	1548	EVET
GIRIS	d1923-be-nl-2|1923-10-28|sag	Liège	1	2	1	1324	1324	EVET
GIRIS	d1923-be-nl-2|1923-10-28|sol	Amsterdam	2	3	1	1548	1548	EVET
GIRIS	d1923-be-nl-2|1923-10-28|sol	Rotterdam	2	3	1	1548	1548	EVET
GIRIS	d1923-bg-shs-1|1920-01-01|sag	Sofya	1	2	1	1516	1516	EVET
GIRIS	d1923-bg-shs-1|1920-01-01|sag	Vidin	1	2	1	1516	1516	EVET
GIRIS	d1923-bg-shs-1|1920-01-01|sol	Alacahisar (Kruševac)	2	3	1	2364	2364	EVET
GIRIS	d1923-bg-shs-1|1920-01-01|sol	Niş	2	3	1	2364	2364	EVET
GIRIS	d1923-bg-shs-1|1920-01-01|sol	Orsova (Eski Orsova)	2	3	1	2364	2364	EVET
GIRIS	d1923-bg-shs-1|1920-01-01|sol	Turnu Severin	2	3	1	2364	2364	EVET
GIRIS	d1923-bg-shs-1|1920-01-01|sol	Yagodina (Jagodina)	2	3	1	2364	2364	EVET
GIRIS	d1923-bg-shs-1|1920-01-01|sol	Şehirköy (Pirot)	2	3	1	2364	2364	EVET
GIRIS	d1923-bg-shs-1|1923-10-28|sag	Sofya	1	2	1	1516	1516	EVET
GIRIS	d1923-bg-shs-1|1923-10-28|sag	Vidin	1	2	1	1516	1516	EVET
GIRIS	d1923-bg-shs-1|1923-10-28|sol	Alacahisar (Kruševac)	2	3	1	2364	2364	EVET
GIRIS	d1923-bg-shs-1|1923-10-28|sol	Niş	2	3	1	2364	2364	EVET
GIRIS	d1923-bg-shs-1|1923-10-28|sol	Orsova (Eski Orsova)	2	3	1	2364	2364	EVET
GIRIS	d1923-bg-shs-1|1923-10-28|sol	Turnu Severin	2	3	1	2364	2364	EVET
GIRIS	d1923-bg-shs-1|1923-10-28|sol	Yagodina (Jagodina)	2	3	1	2364	2364	EVET
GIRIS	d1923-bg-shs-1|1923-10-28|sol	Şehirköy (Pirot)	2	3	1	2364	2364	EVET
GIRIS	d1923-bg-shs-2|1920-01-01|sag	Kılkış (Avrathisar)	1	2	1	80	80	EVET
GIRIS	d1923-bg-shs-2|1920-01-01|sol	İştip (Štip)	1	2	1	652	652	EVET
GIRIS	d1923-bg-shs-2|1923-10-28|sag	Kılkış (Avrathisar)	1	2	1	80	80	EVET
GIRIS	d1923-bg-shs-2|1923-10-28|sol	İştip (Štip)	1	2	1	652	652	EVET
GIRIS	d1923-br-py-1|1889-11-15|sag	Bonito (Mato Grosso do Sul)	1	2	1	5248	5248	EVET
GIRIS	d1923-br-py-1|1889-11-15|sag	Ciudad Real del Guairá	1	2	1	5248	5248	EVET
GIRIS	d1923-br-py-1|1923-10-28|sag	Bonito (Mato Grosso do Sul)	1	2	1	5248	5248	EVET
GIRIS	d1923-br-py-1|1923-10-28|sag	Ciudad Real del Guairá	1	2	1	5248	5248	EVET
GIRIS	d1923-br-py-1|1923-10-28|sol	Tacuatí (Ypané)	2	3	1	5912	5912	EVET
GIRIS	d1923-br-py-2|1923-10-28|sol	Fuerte Olimpo (Borbón)	1	2	1	1200	1200	EVET
GIRIS	d1923-br-py-2|1923-10-28|sol	Lengua misyonu (Paraguay Chaco)	1	2	1	1200	1200	EVET
GIRIS	d1923-br-py-2|1923-10-28|sol	Tacuatí (Ypané)	1	2	1	1200	1200	EVET
GIRIS	d1923-burundi-tanganyika|1922-07-20|sol	Ucici (Ujiji)	3	4	1	5444	5444	EVET
GIRIS	d1923-burundi-tanganyika|1923-10-28|sol	Ucici (Ujiji)	3	4	1	5444	5444	EVET
GIRIS	d1923-ca-us-141|1923-10-28|sag	Eagle (Fort Egbert)	1	2	1	5956	5956	EVET
GIRIS	d1923-ca-us-141|1923-10-28|sol	Dawson City	3	4	1	8544	8544	EVET
GIRIS	d1923-ca-us-bati-2|1871-07-20|sol	Fort Calgary	3	4	1	9080	9080	EVET
GIRIS	d1923-ca-us-bati-2|1871-07-20|sol	Fort Macleod	3	4	1	9080	9080	EVET
GIRIS	d1923-ca-us-bati-2|1871-07-20|sol	Helena (Montana)	3	4	1	9080	9080	EVET
GIRIS	d1923-ca-us-bati-2|1871-07-20|sol	Lapwai (Nez Perce)	3	4	1	9080	9080	EVET
GIRIS	d1923-ca-us-dogu|1867-07-01|sag	Montreal (Ville-Marie)	3	4	1	7080	7080	EVET
GIRIS	d1923-ca-us-dogu|1867-07-01|sag	Odanak (Abenaki)	3	4	1	7080	7080	EVET
GIRIS	d1923-ca-us-dogu|1867-07-01|sag	Quebec	3	4	1	7080	7080	EVET
GIRIS	d1923-ca-us-dogu|1867-07-01|sag	Trois-Rivières	3	4	1	7080	7080	EVET
GIRIS	d1923-ca-us-dogu|1867-07-01|sol	Chequamegon (La Pointe)	13	14	1	23032	23032	EVET
GIRIS	d1923-ca-us-dogu|1867-07-01|sol	Falmouth (Portland, Maine)	13	14	1	23032	23032	EVET
GIRIS	d1923-ca-us-dogu|1867-07-01|sol	Michilimackinac	13	14	1	23032	23032	EVET
GIRIS	d1923-ca-us-dogu|1923-10-28|sag	Montreal (Ville-Marie)	3	4	1	7080	7080	EVET
GIRIS	d1923-ca-us-dogu|1923-10-28|sag	Odanak (Abenaki)	3	4	1	7080	7080	EVET
GIRIS	d1923-ca-us-dogu|1923-10-28|sag	Quebec	3	4	1	7080	7080	EVET
GIRIS	d1923-ca-us-dogu|1923-10-28|sag	Trois-Rivières	3	4	1	7080	7080	EVET
GIRIS	d1923-ca-us-dogu|1923-10-28|sol	Chequamegon (La Pointe)	13	14	1	23004	23004	EVET
GIRIS	d1923-ca-us-dogu|1923-10-28|sol	Falmouth (Portland, Maine)	13	14	1	23004	23004	EVET
GIRIS	d1923-ca-us-dogu|1923-10-28|sol	Michilimackinac	13	14	1	23004	23004	EVET
GIRIS	d1923-ca-us-prairie|1870-07-15|sag	Fort Qu'Appelle	2	3	1	3624	3624	EVET
GIRIS	d1923-ca-us-prairie|1870-07-15|sag	Regina	2	3	1	3624	3624	EVET
GIRIS	d1923-ca-us-prairie|1870-07-15|sol	Devils Lake (Mni Wakan, Dakota)	2	3	1	7284	7284	EVET
GIRIS	d1923-ca-us-prairie|1870-07-15|sol	Knife River (Hidatsa köyleri)	2	3	1	7284	7284	EVET
GIRIS	d1923-ca-us-prairie|1923-10-28|sag	Fort Qu'Appelle	4	5	1	7540	7540	EVET
GIRIS	d1923-ca-us-prairie|1923-10-28|sag	Regina	4	5	1	7540	7540	EVET
GIRIS	d1923-ca-us-prairie|1923-10-28|sol	Devils Lake (Mni Wakan, Dakota)	4	5	1	12000	12000	EVET
GIRIS	d1923-ca-us-prairie|1923-10-28|sol	Fort Benton	4	5	1	12000	12000	EVET
GIRIS	d1923-ca-us-prairie|1923-10-28|sol	Knife River (Hidatsa köyleri)	4	5	1	12000	12000	EVET
GIRIS	d1923-cad-anglo-misir-sudani-darfur|1919-09-08|sag	Cenîne	2	3	1	2940	2940	EVET
GIRIS	d1923-cad-anglo-misir-sudani-darfur|1919-09-08|sag	Tîne (Dârfûr)	2	3	1	2940	2940	EVET
GIRIS	d1923-cad-anglo-misir-sudani-darfur|1919-09-08|sag	Zâlincî	2	3	1	2940	2940	EVET
GIRIS	d1923-cad-anglo-misir-sudani-darfur|1923-10-28|sag	Cenîne	2	3	1	2940	2940	EVET
GIRIS	d1923-cad-anglo-misir-sudani-darfur|1923-10-28|sag	Tîne (Dârfûr)	2	3	1	2940	2940	EVET
GIRIS	d1923-cad-anglo-misir-sudani-darfur|1923-10-28|sag	Zâlincî	2	3	1	2940	2940	EVET
GIRIS	d1923-cad-libya|1919-09-08|sag	el-Katrûn	2	3	1	4016	4016	EVET
GIRIS	d1923-cad-libya|1919-09-08|sol	Bardaî	1	2	1	500	500	EVET
GIRIS	d1923-cad-libya|1919-09-08|sol	Vûr	1	2	1	500	500	EVET
GIRIS	d1923-cad-libya|1923-10-28|sag	el-Katrûn	2	3	1	4016	4016	EVET
GIRIS	d1923-cad-libya|1923-10-28|sol	Bardaî	1	2	1	500	500	EVET
GIRIS	d1923-cad-libya|1923-10-28|sol	Vûr	1	2	1	500	500	EVET
GIRIS	d1923-ch-de|1879-06-24|sag	Zürih	1	2	1	180	180	EVET
GIRIS	d1923-ch-de|1923-10-28|sag	Zürih	1	2	1	180	180	EVET
GIRIS	d1923-cn-fc-BILINMIYOR-laos|1923-10-28|sag	Chiang Hung (Jinghong)	1	2	1	2616	2616	EVET
GIRIS	d1923-cn-fc-BILINMIYOR-tonkin|1923-10-28|sag	Beihai (Pakhoi)	2	3	1	8404	8404	EVET
GIRIS	d1923-cn-fc-BILINMIYOR-tonkin|1923-10-28|sag	Kaihua (Wenshan)	2	3	1	8404	8404	EVET
GIRIS	d1923-cn-fc-BILINMIYOR-tonkin|1923-10-28|sol	Cao Bằng	3	4	1	4328	4328	EVET
GIRIS	d1923-cs-ro|1923-02-07|sol	Yazlofça (Yazlovets)	3	4	1	2608	2608	EVET
GIRIS	d1923-cs-ro|1923-10-28|sol	Yazlofça (Yazlovets)	3	4	1	2608	2608	EVET
GIRIS	d1923-dahomey-nijerya|1906-10-19|sag	Abomey	2	3	1	8452	8452	EVET
GIRIS	d1923-dahomey-nijerya|1906-10-19|sol	Lagos (Eko)	1	2	1	3472	3472	EVET
GIRIS	d1923-dahomey-nijerya|1906-10-19|sol	İbadan	1	2	1	3472	3472	EVET
GIRIS	d1923-dahomey-nijerya|1923-10-28|sag	Abomey	2	3	1	8452	8452	EVET
GIRIS	d1923-dahomey-nijerya|1923-10-28|sol	Lagos (Eko)	1	2	1	3472	3472	EVET
GIRIS	d1923-dahomey-nijerya|1923-10-28|sol	İbadan	1	2	1	3472	3472	EVET
GIRIS	d1923-de-at|1918-11-12|sag	Brixen (Bressanone)	2	3	1	3372	3372	EVET
GIRIS	d1923-de-at|1918-11-12|sag	Freistadt	2	3	1	3372	3372	EVET
GIRIS	d1923-de-at|1918-11-12|sag	Innsbruck	2	3	1	3372	3372	EVET
GIRIS	d1923-de-at|1918-11-12|sag	Klagenfurt	2	3	1	3372	3372	EVET
GIRIS	d1923-de-at|1918-11-12|sag	Lienz	2	3	1	3372	3372	EVET
GIRIS	d1923-de-at|1918-11-12|sag	Linz	2	3	1	3372	3372	EVET
GIRIS	d1923-de-at|1918-11-12|sag	Udine	2	3	1	3372	3372	EVET
GIRIS	d1923-de-at|1918-11-12|sag	České Budějovice (Budweis)	2	3	1	3372	3372	EVET
GIRIS	d1923-de-at|1918-11-12|sol	Konstanz	4	5	1	4216	4216	EVET
GIRIS	d1923-de-at|1918-11-12|sol	Münih	4	5	1	4216	4216	EVET
GIRIS	d1923-de-at|1918-11-12|sol	Regensburg	4	5	1	4216	4216	EVET
GIRIS	d1923-de-at|1923-10-28|sag	Brixen (Bressanone)	2	3	1	3372	3372	EVET
GIRIS	d1923-de-at|1923-10-28|sag	Freistadt	2	3	1	3372	3372	EVET
GIRIS	d1923-de-at|1923-10-28|sag	Innsbruck	2	3	1	3372	3372	EVET
GIRIS	d1923-de-at|1923-10-28|sag	Klagenfurt	2	3	1	3372	3372	EVET
GIRIS	d1923-de-at|1923-10-28|sag	Lienz	2	3	1	3372	3372	EVET
GIRIS	d1923-de-at|1923-10-28|sag	Linz	2	3	1	3372	3372	EVET
GIRIS	d1923-de-at|1923-10-28|sag	Udine	2	3	1	3372	3372	EVET
GIRIS	d1923-de-at|1923-10-28|sag	České Budějovice (Budweis)	2	3	1	3372	3372	EVET
GIRIS	d1923-de-at|1923-10-28|sol	Konstanz	4	5	1	4220	4220	EVET
GIRIS	d1923-de-at|1923-10-28|sol	Münih	4	5	1	4220	4220	EVET
GIRIS	d1923-de-at|1923-10-28|sol	Regensburg	4	5	1	4220	4220	EVET
GIRIS	d1923-eritre-fransiz-somalisi|1901-07-10|sag	Obok	1	2	1	960	960	EVET
GIRIS	d1923-eritre-fransiz-somalisi|1901-07-10|sag	Tacûra	1	2	1	960	960	EVET
GIRIS	d1923-eritre-fransiz-somalisi|1923-10-28|sag	Obok	1	2	1	960	960	EVET
GIRIS	d1923-eritre-fransiz-somalisi|1923-10-28|sag	Tacûra	1	2	1	960	960	EVET
GIRIS	d1923-eritre-habesistan|1908-05-16|sag	Adi Kayh	3	4	1	1868	1868	EVET
GIRIS	d1923-eritre-habesistan|1908-05-16|sag	Adi Kuala	3	4	1	1868	1872	HAYIR
GIRIS	d1923-eritre-habesistan|1908-05-16|sag	Barentu	3	4	1	1868	1868	EVET
GIRIS	d1923-eritre-habesistan|1908-05-16|sol	Adua	5	6	1	7472	7472	EVET
GIRIS	d1923-eritre-habesistan|1908-05-16|sol	Aksum	5	6	1	7472	7472	EVET
GIRIS	d1923-eritre-habesistan|1908-05-16|sol	Debârek	5	6	1	7472	7472	EVET
GIRIS	d1923-eritre-habesistan|1908-05-16|sol	Mekelle	5	6	1	7472	7468	HAYIR
GIRIS	d1923-eritre-habesistan|1908-05-16|sol	Şire	5	6	1	7472	7472	EVET
GIRIS	d1923-eritre-habesistan|1923-10-28|sag	Adi Kayh	3	4	1	1868	1868	EVET
GIRIS	d1923-eritre-habesistan|1923-10-28|sag	Adi Kuala	3	4	1	1868	1872	HAYIR
GIRIS	d1923-eritre-habesistan|1923-10-28|sag	Barentu	3	4	1	1868	1868	EVET
GIRIS	d1923-eritre-habesistan|1923-10-28|sol	Adua	5	6	1	7472	7472	EVET
GIRIS	d1923-eritre-habesistan|1923-10-28|sol	Aksum	5	6	1	7472	7472	EVET
GIRIS	d1923-eritre-habesistan|1923-10-28|sol	Debârek	5	6	1	7472	7472	EVET
GIRIS	d1923-eritre-habesistan|1923-10-28|sol	Mekelle	5	6	1	7472	7468	HAYIR
GIRIS	d1923-eritre-habesistan|1923-10-28|sol	Şire	5	6	1	7472	7472	EVET
GIRIS	d1923-es-ma-ceuta|1860-11-17|sol	Tıtvân (Tetuan)	1	2	1	200	200	EVET
GIRIS	d1923-es-ma-ceuta|1923-10-28|sol	Tıtvân (Tetuan)	1	2	1	204	204	EVET
GIRIS	d1923-es-pt-kuzey|1866-11-04|sag	Salamanca	3	4	1	4380	4380	EVET
GIRIS	d1923-es-pt-kuzey|1866-11-04|sol	Aveiro	3	4	1	4240	4240	EVET
GIRIS	d1923-es-pt-kuzey|1866-11-04|sol	Braga	3	4	1	4240	4240	EVET
GIRIS	d1923-es-pt-kuzey|1866-11-04|sol	Bragança	3	4	1	4240	4240	EVET
GIRIS	d1923-es-pt-kuzey|1866-11-04|sol	Coimbra	3	4	1	4240	4240	EVET
GIRIS	d1923-es-pt-kuzey|1866-11-04|sol	Porto	3	4	1	4240	4240	EVET
GIRIS	d1923-es-pt-kuzey|1866-11-04|sol	Évora	3	4	1	4240	4240	EVET
GIRIS	d1923-es-pt-kuzey|1923-10-28|sag	Salamanca	3	4	1	4380	4380	EVET
GIRIS	d1923-es-pt-kuzey|1923-10-28|sol	Aveiro	3	4	1	4244	4244	EVET
GIRIS	d1923-es-pt-kuzey|1923-10-28|sol	Braga	3	4	1	4244	4244	EVET
GIRIS	d1923-es-pt-kuzey|1923-10-28|sol	Bragança	3	4	1	4244	4244	EVET
GIRIS	d1923-es-pt-kuzey|1923-10-28|sol	Coimbra	3	4	1	4244	4244	EVET
GIRIS	d1923-es-pt-kuzey|1923-10-28|sol	Porto	3	4	1	4244	4244	EVET
GIRIS	d1923-es-pt-kuzey|1923-10-28|sol	Évora	3	4	1	4244	4244	EVET
GIRIS	d1923-es-pt-olivenza|1801-06-06|sol	Évora	1	2	1	540	540	EVET
GIRIS	d1923-es-pt-olivenza|1923-10-28|sol	Évora	1	2	1	540	540	EVET
GIRIS	d1923-fi-no-bati|1923-10-28|sol	Vardø	4	5	1	8124	8124	EVET
GIRIS	d1923-fi-no-petsamo|1920-12-31|sag	Vardø	2	3	1	2372	2372	EVET
GIRIS	d1923-fi-no-petsamo|1923-10-28|sag	Vardø	2	3	1	2372	2372	EVET
GIRIS	d1923-fi-se|1917-12-06|sag	Sodankylä	2	3	1	3580	3580	EVET
GIRIS	d1923-fi-se|1917-12-06|sol	Luleå	1	2	1	3776	3776	EVET
GIRIS	d1923-fi-se|1923-10-28|sag	Sodankylä	2	3	1	3580	3580	EVET
GIRIS	d1923-fi-se|1923-10-28|sol	Luleå	1	2	1	3776	3776	EVET
GIRIS	d1923-filistin-misir|1922-03-15|sol	El-Arîş	1	2	1	752	752	EVET
GIRIS	d1923-filistin-misir|1923-10-28|sol	El-Arîş	1	2	1	752	752	EVET
GIRIS	d1923-fr-ch-2|1814-05-30|sag	Bern	2	3	1	80	84	HAYIR
GIRIS	d1923-fr-ch-2|1814-05-30|sol	Besançon	3	4	1	452	452	EVET
GIRIS	d1923-fr-ch-2|1814-05-30|sol	Mulhouse	3	4	1	452	452	EVET
GIRIS	d1923-fr-ch-2|1814-05-30|sol	Thonon	3	4	1	452	452	EVET
GIRIS	d1923-fr-ch-2|1923-10-28|sag	Bern	2	3	1	80	80	EVET
GIRIS	d1923-fr-ch-2|1923-10-28|sol	Besançon	3	4	1	452	452	EVET
GIRIS	d1923-fr-ch-2|1923-10-28|sol	Mulhouse	3	4	1	452	452	EVET
GIRIS	d1923-fr-ch-2|1923-10-28|sol	Thonon	3	4	1	452	452	EVET
GIRIS	d1923-fr-ch-alsas|1920-01-10|sol	Mulhouse	1	2	1	156	156	EVET
GIRIS	d1923-fr-ch-alsas|1923-10-28|sol	Mulhouse	1	2	1	156	156	EVET
GIRIS	d1923-fr-ch-savoy-1|1860-03-24|sol	Bourg-Saint-Maurice	2	3	1	340	340	EVET
GIRIS	d1923-fr-ch-savoy-1|1923-10-28|sol	Bourg-Saint-Maurice	2	3	1	340	340	EVET
GIRIS	d1923-fr-de|1920-01-10|sag	Freiburg	1	2	1	2168	2168	EVET
GIRIS	d1923-fr-de|1920-01-10|sag	Saarbrücken	1	2	1	2168	2168	EVET
GIRIS	d1923-fr-de|1923-10-28|sag	Freiburg	1	2	1	2168	2168	EVET
GIRIS	d1923-fr-de|1923-10-28|sag	Saarbrücken	1	2	1	2168	2168	EVET
GIRIS	d1923-fr-es-bati|1868-07-11|sag	Lleida	3	4	1	2248	2248	EVET
GIRIS	d1923-fr-es-bati|1868-07-11|sag	Pamplona	3	4	1	2248	2248	EVET
GIRIS	d1923-fr-es-bati|1868-07-11|sag	San Sebastián	3	4	1	2248	2248	EVET
GIRIS	d1923-fr-es-bati|1923-10-28|sag	Lleida	3	4	1	2248	2248	EVET
GIRIS	d1923-fr-es-bati|1923-10-28|sag	Pamplona	3	4	1	2248	2248	EVET
GIRIS	d1923-fr-es-bati|1923-10-28|sag	San Sebastián	3	4	1	2248	2248	EVET
GIRIS	d1923-fr-es-dogu|1868-07-11|sag	Barselona	2	3	1	1400	1400	EVET
GIRIS	d1923-fr-es-dogu|1868-07-11|sag	Girona	2	3	1	1400	1400	EVET
GIRIS	d1923-fr-es-dogu|1923-10-28|sag	Barselona	2	3	1	1400	1400	EVET
GIRIS	d1923-fr-es-dogu|1923-10-28|sag	Girona	2	3	1	1400	1400	EVET
GIRIS	d1923-fr-it-2|1861-03-17|sol	Aosta	1	2	1	452	452	EVET
GIRIS	d1923-fr-it-2|1861-03-17|sol	Torino	1	2	1	452	452	EVET
GIRIS	d1923-fr-it-2|1923-10-28|sol	Aosta	1	2	1	452	452	EVET
GIRIS	d1923-fr-it-2|1923-10-28|sol	Torino	1	2	1	452	452	EVET
GIRIS	d1923-fr-it-5|1861-03-17|sag	Bourg-Saint-Maurice	1	2	1	760	760	EVET
GIRIS	d1923-fr-it-5|1861-03-17|sag	Chambéry	1	2	1	760	760	EVET
GIRIS	d1923-fr-it-5|1861-03-17|sag	Grenoble	1	2	1	760	760	EVET
GIRIS	d1923-fr-it-5|1861-03-17|sag	Nice	1	2	1	760	760	EVET
GIRIS	d1923-fr-it-5|1923-10-28|sag	Bourg-Saint-Maurice	1	2	1	760	760	EVET
GIRIS	d1923-fr-it-5|1923-10-28|sag	Chambéry	1	2	1	760	760	EVET
GIRIS	d1923-fr-it-5|1923-10-28|sag	Grenoble	1	2	1	760	760	EVET
GIRIS	d1923-fr-it-5|1923-10-28|sag	Nice	1	2	1	760	760	EVET
GIRIS	d1923-fr-lu-lorraine|1920-01-10|sag	Arlon	1	2	1	240	240	EVET
GIRIS	d1923-fr-lu-lorraine|1920-01-10|sag	Trier	1	2	1	240	240	EVET
GIRIS	d1923-fr-lu-lorraine|1923-10-28|sag	Arlon	1	2	1	240	240	EVET
GIRIS	d1923-fr-lu-lorraine|1923-10-28|sag	Trier	1	2	1	240	240	EVET
GIRIS	d1923-fransiz-gine-sierra-leone|1896-08-31|sol	Freetown	3	4	1	9232	9232	EVET
GIRIS	d1923-fransiz-gine-sierra-leone|1923-10-28|sol	Freetown	4	5	1	9244	9244	EVET
GIRIS	d1923-fransiz-ingiliz-somalisi|1888-02-09|sol	Zeyla	2	3	1	388	388	EVET
GIRIS	d1923-fransiz-ingiliz-somalisi|1923-10-28|sol	Zeyla	2	3	1	388	388	EVET
GIRIS	d1923-gr-al|1921-11-09|sag	Butrint (Butrinto)	2	3	1	108	108	EVET
GIRIS	d1923-gr-al|1923-10-28|sag	Butrint (Butrinto)	2	3	1	108	108	EVET
GIRIS	d1923-gr-bg-bati|1913-08-10|sol	Drama	2	3	1	680	680	EVET
GIRIS	d1923-gr-bg-bati|1913-08-10|sol	Serez	2	3	1	680	680	EVET
GIRIS	d1923-gr-bg-bati|1923-10-28|sol	Drama	2	3	1	676	676	EVET
GIRIS	d1923-gr-bg-bati|1923-10-28|sol	Serez	2	3	1	676	676	EVET
GIRIS	d1923-gr-bg-dogu|1921-01-01|sag	Mustafapaşa (Svilengrad)	5	6	1	1464	1464	EVET
GIRIS	d1923-gr-bg-dogu|1921-01-01|sol	Drama	1	2	1	96	96	EVET
GIRIS	d1923-gr-bg-dogu|1923-10-28|sag	Mustafapaşa (Svilengrad)	5	6	1	1464	1464	EVET
GIRIS	d1923-gr-bg-dogu|1923-10-28|sol	Drama	1	2	1	96	96	EVET
GIRIS	d1923-gr-shs-1|1918-12-01|sag	Vodina (Edessa)	1	2	1	68	68	EVET
GIRIS	d1923-gr-shs-1|1923-10-28|sag	Vodina (Edessa)	1	2	1	68	68	EVET
GIRIS	d1923-gr-shs-2|1918-12-01|sag	Kılkış (Avrathisar)	1	2	1	228	228	EVET
GIRIS	d1923-gr-shs-2|1918-12-01|sag	Petriç	1	2	1	228	228	EVET
GIRIS	d1923-gr-shs-2|1923-10-28|sag	Kılkış (Avrathisar)	1	2	1	228	228	EVET
GIRIS	d1923-gr-shs-2|1923-10-28|sag	Petriç	1	2	1	228	228	EVET
GIRIS	d1923-guney-rodezya-mozambik|1923-10-01|sol	Salisbury (Harare)	5	6	1	18328	18328	EVET
GIRIS	d1923-guney-rodezya-mozambik|1923-10-28|sol	Salisbury (Harare)	5	6	1	18328	18328	EVET
GIRIS	d1923-habesistan-fransiz-somalisi|1897-03-20|sol	Asâyita (Avsa)	2	3	1	2924	2924	EVET
GIRIS	d1923-habesistan-fransiz-somalisi|1923-10-28|sol	Asâyita (Avsa)	2	3	1	2924	2924	EVET
GIRIS	d1923-habesistan-ingiliz-somalisi|1897-05-14|sag	Cîcîga	5	6	1	10928	10928	EVET
GIRIS	d1923-habesistan-ingiliz-somalisi|1897-05-14|sag	Dagahbûr	5	6	1	10928	10928	EVET
GIRIS	d1923-habesistan-ingiliz-somalisi|1897-05-14|sag	Dikhil	5	6	1	10928	10928	EVET
GIRIS	d1923-habesistan-ingiliz-somalisi|1897-05-14|sag	Garove	5	6	1	10928	10928	EVET
GIRIS	d1923-habesistan-ingiliz-somalisi|1897-05-14|sag	Somali çölü	5	6	1	10928	10928	EVET
GIRIS	d1923-habesistan-ingiliz-somalisi|1923-10-28|sag	Cîcîga	5	6	1	10868	10868	EVET
GIRIS	d1923-habesistan-ingiliz-somalisi|1923-10-28|sag	Dagahbûr	5	6	1	10868	10868	EVET
GIRIS	d1923-habesistan-ingiliz-somalisi|1923-10-28|sag	Dikhil	5	6	1	10868	10868	EVET
GIRIS	d1923-habesistan-ingiliz-somalisi|1923-10-28|sag	Garove	5	6	1	10868	10868	EVET
GIRIS	d1923-habesistan-ingiliz-somalisi|1923-10-28|sag	Somali çölü	5	6	1	10868	10868	EVET
GIRIS	d1923-hd-pt-oecussi|1916-08-17|sag	Niki-Niki	1	2	1	808	808	EVET
GIRIS	d1923-hd-pt-oecussi|1916-08-17|sag	Noemuti	1	2	1	808	808	EVET
GIRIS	d1923-hd-pt-oecussi|1923-10-28|sag	Niki-Niki	1	2	1	808	808	EVET
GIRIS	d1923-hd-pt-oecussi|1923-10-28|sag	Noemuti	1	2	1	808	808	EVET
GIRIS	d1923-hd-pt-orta|1916-08-17|sol	Maucatar	1	2	1	68	68	EVET
GIRIS	d1923-hd-pt-orta|1923-10-28|sol	Maucatar	1	2	1	68	68	EVET
GIRIS	d1923-hu-cs-1|1921-07-26|sag	Budin	3	4	1	432	432	EVET
GIRIS	d1923-hu-cs-1|1921-07-26|sag	Hatvan	3	4	1	432	432	EVET
GIRIS	d1923-hu-cs-1|1921-07-26|sag	Peşte	3	4	1	432	432	EVET
GIRIS	d1923-hu-cs-1|1921-07-26|sol	Fülek (Fiľakovo)	2	3	1	636	636	EVET
GIRIS	d1923-hu-cs-1|1921-07-26|sol	Léva (Levice)	2	3	1	636	636	EVET
GIRIS	d1923-hu-cs-1|1923-10-28|sag	Budin	3	4	1	432	432	EVET
GIRIS	d1923-hu-cs-1|1923-10-28|sag	Hatvan	3	4	1	432	432	EVET
GIRIS	d1923-hu-cs-1|1923-10-28|sag	Peşte	3	4	1	432	432	EVET
GIRIS	d1923-hu-cs-1|1923-10-28|sol	Fülek (Fiľakovo)	2	3	1	636	636	EVET
GIRIS	d1923-hu-cs-1|1923-10-28|sol	Léva (Levice)	2	3	1	636	636	EVET
GIRIS	d1923-hu-cs-2|1921-07-26|sag	Eğri	2	3	1	1468	1468	EVET
GIRIS	d1923-hu-cs-2|1921-07-26|sag	Tokaj	2	3	1	1468	1468	EVET
GIRIS	d1923-hu-cs-2|1923-10-28|sag	Eğri	2	3	1	1468	1468	EVET
GIRIS	d1923-hu-cs-2|1923-10-28|sag	Tokaj	2	3	1	1468	1468	EVET
GIRIS	d1923-hu-cs-3|1921-07-26|sol	Kassa (Košice)	1	2	1	68	68	EVET
GIRIS	d1923-hu-cs-3|1923-10-28|sol	Kassa (Košice)	1	2	1	68	68	EVET
GIRIS	d1923-hu-ro|1921-07-26|sag	Debrecen	2	3	1	1692	1692	EVET
GIRIS	d1923-hu-ro|1921-07-26|sag	Gyula (Göle)	2	3	1	1692	1692	EVET
GIRIS	d1923-hu-ro|1921-07-26|sag	Ungvár (Uzhhorod)	2	3	1	1692	1692	EVET
GIRIS	d1923-hu-ro|1921-07-26|sol	Szatmár (Satu Mare)	3	4	1	1616	1616	EVET
GIRIS	d1923-hu-ro|1921-07-26|sol	Temeşvar	3	4	1	1616	1616	EVET
GIRIS	d1923-hu-ro|1921-07-26|sol	Varad (Oradea)	3	4	1	1616	1616	EVET
GIRIS	d1923-hu-ro|1921-07-26|sol	Yanova (Ineu)	3	4	1	1616	1616	EVET
GIRIS	d1923-hu-ro|1923-10-28|sag	Debrecen	2	3	1	1692	1692	EVET
GIRIS	d1923-hu-ro|1923-10-28|sag	Gyula (Göle)	2	3	1	1692	1692	EVET
GIRIS	d1923-hu-ro|1923-10-28|sag	Ungvár (Uzhhorod)	2	3	1	1692	1692	EVET
GIRIS	d1923-hu-ro|1923-10-28|sol	Szatmár (Satu Mare)	3	4	1	1616	1616	EVET
GIRIS	d1923-hu-ro|1923-10-28|sol	Temeşvar	3	4	1	1616	1616	EVET
GIRIS	d1923-hu-ro|1923-10-28|sol	Varad (Oradea)	3	4	1	1616	1616	EVET
GIRIS	d1923-hu-ro|1923-10-28|sol	Yanova (Ineu)	3	4	1	1616	1616	EVET
GIRIS	d1923-hu-yu-hirvatistan|1921-07-26|sag	Ösek (Osijek)	3	4	1	320	320	EVET
GIRIS	d1923-hu-yu-hirvatistan|1921-07-26|sol	Kalocsa	3	4	1	552	552	EVET
GIRIS	d1923-hu-yu-hirvatistan|1921-07-26|sol	Kanije	3	4	1	552	552	EVET
GIRIS	d1923-hu-yu-hirvatistan|1923-10-28|sag	Ösek (Osijek)	3	4	1	320	320	EVET
GIRIS	d1923-hu-yu-hirvatistan|1923-10-28|sol	Kalocsa	3	4	1	552	552	EVET
GIRIS	d1923-hu-yu-hirvatistan|1923-10-28|sol	Kanije	3	4	1	552	552	EVET
GIRIS	d1923-hu-yu-sirbistan|1921-07-26|sag	Kalocsa	2	3	1	748	748	EVET
GIRIS	d1923-hu-yu-sirbistan|1921-07-26|sol	Baç (Bács)	1	2	1	660	660	EVET
GIRIS	d1923-hu-yu-sirbistan|1923-10-28|sag	Kalocsa	2	3	1	748	748	EVET
GIRIS	d1923-hu-yu-sirbistan|1923-10-28|sol	Baç (Bács)	1	2	1	660	660	EVET
GIRIS	d1923-hu-yu-slovenya|1921-07-26|sag	Kanije	2	3	1	1492	1492	EVET
GIRIS	d1923-hu-yu-slovenya|1923-10-28|sag	Kanije	2	3	1	1492	1492	EVET
GIRIS	d1923-ie-gb|1922-12-06|sag	Derry	1	2	1	1388	1388	EVET
GIRIS	d1923-ie-gb|1922-12-06|sol	Donegal	2	3	1	1280	1280	EVET
GIRIS	d1923-ie-gb|1923-10-28|sag	Derry	1	2	1	1388	1388	EVET
GIRIS	d1923-ie-gb|1923-10-28|sol	Donegal	2	3	1	1280	1280	EVET
GIRIS	d1923-ih-cn-guney1-1|1923-10-28|sag	Namkham	2	3	1	1348	1348	EVET
GIRIS	d1923-ih-cn-guney1-1|1923-10-28|sag	Tengyue (Tengchong)	2	3	1	1348	1348	EVET
GIRIS	d1923-ih-cn-guney1-1|1923-10-28|sol	Myitkyina	1	2	1	524	524	EVET
GIRIS	d1923-ih-cn-guney3|1923-10-28|sol	Muang Sing	1	2	1	1088	1088	EVET
GIRIS	d1923-iq-ir|1921-08-23|sag	Kasr-ı Şîrîn	5	6	1	5716	5716	EVET
GIRIS	d1923-iq-ir|1921-08-23|sag	Kirmanşah	5	6	1	5716	5716	EVET
GIRIS	d1923-iq-ir|1921-08-23|sol	Halepçe	7	8	1	5652	5652	EVET
GIRIS	d1923-iq-ir|1921-08-23|sol	Hânekîn	7	8	1	5652	5652	EVET
GIRIS	d1923-iq-ir|1921-08-23|sol	Kürne	7	8	1	5652	5652	EVET
GIRIS	d1923-iq-ir|1921-08-23|sol	Rewândiz	7	8	1	5652	5652	EVET
GIRIS	d1923-iq-ir|1921-08-23|sol	Şehrizor	7	8	1	5652	5652	EVET
GIRIS	d1923-iq-ir|1923-10-28|sag	Kasr-ı Şîrîn	5	6	1	5716	5716	EVET
GIRIS	d1923-iq-ir|1923-10-28|sag	Kirmanşah	5	6	1	5716	5716	EVET
GIRIS	d1923-iq-ir|1923-10-28|sol	Halepçe	7	8	1	5652	5652	EVET
GIRIS	d1923-iq-ir|1923-10-28|sol	Hânekîn	7	8	1	5652	5652	EVET
GIRIS	d1923-iq-ir|1923-10-28|sol	Kürne	7	8	1	5652	5652	EVET
GIRIS	d1923-iq-ir|1923-10-28|sol	Rewândiz	7	8	1	5652	5652	EVET
GIRIS	d1923-iq-ir|1923-10-28|sol	Şehrizor	7	8	1	5652	5652	EVET
GIRIS	d1923-it-at-1|1920-01-01|sag	Lienz	1	2	1	380	380	EVET
GIRIS	d1923-it-at-1|1920-01-01|sol	Udine	1	2	1	1124	1124	EVET
GIRIS	d1923-it-at-1|1923-10-28|sag	Lienz	1	2	1	380	380	EVET
GIRIS	d1923-it-at-1|1923-10-28|sol	Udine	1	2	1	1124	1124	EVET
GIRIS	d1923-it-at-2|1920-01-01|sag	Lienz	1	2	1	1068	1068	EVET
GIRIS	d1923-it-at-2|1920-01-01|sol	Brixen (Bressanone)	2	3	1	760	760	EVET
GIRIS	d1923-it-at-2|1920-01-01|sol	Trento	2	3	1	760	760	EVET
GIRIS	d1923-it-at-2|1923-10-28|sag	Lienz	1	2	1	1068	1068	EVET
GIRIS	d1923-it-at-2|1923-10-28|sol	Brixen (Bressanone)	2	3	1	760	760	EVET
GIRIS	d1923-it-at-2|1923-10-28|sol	Trento	2	3	1	760	760	EVET
GIRIS	d1923-it-ch|1861-03-17|sag	Feldkirch	3	4	1	1260	1260	EVET
GIRIS	d1923-it-ch|1861-03-17|sag	Luzern	3	4	1	1260	1260	EVET
GIRIS	d1923-it-ch|1861-03-17|sag	Sion (Sitten)	3	4	1	1260	1260	EVET
GIRIS	d1923-it-ch|1861-03-17|sag	Zürih	3	4	1	1260	1260	EVET
GIRIS	d1923-it-ch|1861-03-17|sol	Aosta	2	3	1	1268	1268	EVET
GIRIS	d1923-it-ch|1861-03-17|sol	Milano	2	3	1	1268	1268	EVET
GIRIS	d1923-it-ch|1923-10-28|sag	Feldkirch	3	4	1	1304	1304	EVET
GIRIS	d1923-it-ch|1923-10-28|sag	Luzern	3	4	1	1304	1304	EVET
GIRIS	d1923-it-ch|1923-10-28|sag	Sion (Sitten)	3	4	1	1304	1304	EVET
GIRIS	d1923-it-ch|1923-10-28|sag	Zürih	3	4	1	1304	1304	EVET
GIRIS	d1923-it-ch|1923-10-28|sol	Aosta	2	3	1	1268	1268	EVET
GIRIS	d1923-it-ch|1923-10-28|sol	Milano	2	3	1	1268	1268	EVET
GIRIS	d1923-kongo-fransiz-belcika|1910-01-15|sag	Boma	3	4	1	8716	8716	EVET
GIRIS	d1923-kongo-fransiz-belcika|1910-01-15|sag	Gemena	3	4	1	8716	8716	EVET
GIRIS	d1923-kongo-fransiz-belcika|1910-01-15|sag	Malebo Havuzu (Teke)	3	4	1	8716	8716	EVET
GIRIS	d1923-kongo-fransiz-belcika|1910-01-15|sag	Matadi	3	4	1	8716	8716	EVET
GIRIS	d1923-kongo-fransiz-belcika|1910-01-15|sag	Mbandaka	3	4	1	8716	8716	EVET
GIRIS	d1923-kongo-fransiz-belcika|1910-01-15|sag	Mbanza-Kongo (São Salvador)	3	4	1	8716	8716	EVET
GIRIS	d1923-kongo-fransiz-belcika|1910-01-15|sol	Malebo Havuzu (Teke)	2	3	1	384	384	EVET
GIRIS	d1923-kongo-fransiz-belcika|1923-10-28|sag	Boma	3	4	1	8716	8716	EVET
GIRIS	d1923-kongo-fransiz-belcika|1923-10-28|sag	Gemena	3	4	1	8716	8716	EVET
GIRIS	d1923-kongo-fransiz-belcika|1923-10-28|sag	Malebo Havuzu (Teke)	3	4	1	8716	8716	EVET
GIRIS	d1923-kongo-fransiz-belcika|1923-10-28|sag	Matadi	3	4	1	8716	8716	EVET
GIRIS	d1923-kongo-fransiz-belcika|1923-10-28|sag	Mbandaka	3	4	1	8716	8716	EVET
GIRIS	d1923-kongo-fransiz-belcika|1923-10-28|sag	Mbanza-Kongo (São Salvador)	3	4	1	8716	8716	EVET
GIRIS	d1923-kongo-fransiz-belcika|1923-10-28|sol	Malebo Havuzu (Teke)	2	3	1	384	384	EVET
GIRIS	d1923-liberya-fildisi-sahili|1911-01-01|sag	Man	2	3	1	8056	8056	EVET
GIRIS	d1923-liberya-fildisi-sahili|1911-01-01|sag	Nzerekore	2	3	1	8056	8056	EVET
GIRIS	d1923-liberya-fildisi-sahili|1923-10-28|sag	Man	2	3	1	8056	8056	EVET
GIRIS	d1923-liberya-fildisi-sahili|1923-10-28|sag	Nzerekore	2	3	1	8056	8056	EVET
GIRIS	d1923-lt-lv|1921-05-14|sag	Vilnius	3	4	1	2104	2104	EVET
GIRIS	d1923-lt-lv|1921-05-14|sol	Klaipėda (Memel)	1	2	1	1880	1880	EVET
GIRIS	d1923-lt-lv|1921-05-14|sol	Riga	1	2	1	1880	1880	EVET
GIRIS	d1923-lt-lv|1923-10-28|sag	Vilnius	3	4	1	2104	2104	EVET
GIRIS	d1923-lt-lv|1923-10-28|sol	Riga	2	3	1	3492	3492	EVET
GIRIS	d1923-malavi-mozambik|1907-01-01|sag	Kuamba	5	6	1	12304	12304	EVET
GIRIS	d1923-malavi-mozambik|1907-01-01|sag	Sena	5	6	1	12304	12304	EVET
GIRIS	d1923-malavi-mozambik|1907-01-01|sol	Zomba	4	5	1	2172	2172	EVET
GIRIS	d1923-malavi-mozambik|1923-10-28|sag	Kuamba	5	6	1	12304	12304	EVET
GIRIS	d1923-malavi-mozambik|1923-10-28|sag	Sena	5	6	1	12304	12304	EVET
GIRIS	d1923-malavi-mozambik|1923-10-28|sol	Zomba	4	5	1	2172	2172	EVET
GIRIS	d1923-mx-gt|1882-09-27|sag	Nojpetén (Tayasal / Flores)	2	3	1	3016	3016	EVET
GIRIS	d1923-mx-gt|1882-09-27|sol	Acalán (Itzamkanac)	2	3	1	7588	7588	EVET
GIRIS	d1923-mx-gt|1882-09-27|sol	San Cristóbal de las Casas (Ciudad Real)	2	3	1	7588	7588	EVET
GIRIS	d1923-mx-gt|1882-09-27|sol	Tonalá (Chiapas)	2	3	1	7588	7588	EVET
GIRIS	d1923-mx-gt|1923-10-28|sag	Nojpetén (Tayasal / Flores)	2	3	1	3016	3016	EVET
GIRIS	d1923-mx-gt|1923-10-28|sol	Acalán (Itzamkanac)	2	3	1	7588	7588	EVET
GIRIS	d1923-mx-gt|1923-10-28|sol	San Cristóbal de las Casas (Ciudad Real)	2	3	1	7588	7588	EVET
GIRIS	d1923-mx-gt|1923-10-28|sol	Tonalá (Chiapas)	2	3	1	7588	7588	EVET
GIRIS	d1923-nijer-nijerya|1910-02-19|sag	Filingue	4	5	1	6284	6284	EVET
GIRIS	d1923-nijer-nijerya|1910-02-19|sag	Goure	4	5	1	6284	6284	EVET
GIRIS	d1923-nijer-nijerya|1910-02-19|sag	Nguigmi	4	5	1	6284	6284	EVET
GIRIS	d1923-nijer-nijerya|1910-02-19|sol	Birni N'gazargamu	4	5	1	7316	7316	EVET
GIRIS	d1923-nijer-nijerya|1910-02-19|sol	Katsina	4	5	1	7316	7316	EVET
GIRIS	d1923-nijer-nijerya|1923-10-28|sag	Filingue	4	5	1	6284	6284	EVET
GIRIS	d1923-nijer-nijerya|1923-10-28|sag	Goure	4	5	1	6284	6284	EVET
GIRIS	d1923-nijer-nijerya|1923-10-28|sag	Nguigmi	4	5	1	6284	6284	EVET
GIRIS	d1923-nijer-nijerya|1923-10-28|sol	Birni N'gazargamu	5	6	1	7408	7408	EVET
GIRIS	d1923-nijer-nijerya|1923-10-28|sol	Katsina	5	6	1	7408	7408	EVET
GIRIS	d1923-nijerya-kamerun-milner-simon|1922-07-20|sag	Fumban (Bamum)	8	9	1	24200	24200	EVET
GIRIS	d1923-nijerya-kamerun-milner-simon|1922-07-20|sol	Dikva (Dikeo)	2	3	1	604	604	EVET
GIRIS	d1923-nijerya-kamerun-milner-simon|1923-10-28|sag	Fumban (Bamum)	8	9	1	24200	24200	EVET
GIRIS	d1923-nijerya-kamerun-milner-simon|1923-10-28|sol	Dikva (Dikeo)	2	3	1	604	604	EVET
GIRIS	d1923-nl-de|1824-07-02|sag	Aachen	2	3	1	2844	2844	EVET
GIRIS	d1923-nl-de|1824-07-02|sag	Köln	2	3	1	2844	2844	EVET
GIRIS	d1923-nl-de|1824-07-02|sag	Münster	2	3	1	2844	2844	EVET
GIRIS	d1923-nl-de|1824-07-02|sol	Groningen	3	4	1	1092	1092	EVET
GIRIS	d1923-nl-de|1824-07-02|sol	Maastricht	3	4	1	1092	1092	EVET
GIRIS	d1923-nl-de|1923-10-28|sag	Aachen	2	3	1	2844	2844	EVET
GIRIS	d1923-nl-de|1923-10-28|sag	Köln	2	3	1	2844	2844	EVET
GIRIS	d1923-nl-de|1923-10-28|sag	Münster	2	3	1	2844	2844	EVET
GIRIS	d1923-nl-de|1923-10-28|sol	Groningen	3	4	1	792	792	EVET
GIRIS	d1923-nl-de|1923-10-28|sol	Maastricht	3	4	1	792	792	EVET
GIRIS	d1923-no-se|1905-06-07|sag	Mosjøen	4	5	1	5208	5208	EVET
GIRIS	d1923-no-se|1905-06-07|sag	Røros	4	5	1	5208	5208	EVET
GIRIS	d1923-no-se|1905-06-07|sag	Tromsø	4	5	1	5208	5208	EVET
GIRIS	d1923-no-se|1905-06-07|sag	Trondheim	4	5	1	5208	5208	EVET
GIRIS	d1923-no-se|1905-06-07|sol	Karlstad	6	7	1	11836	11836	EVET
GIRIS	d1923-no-se|1905-06-07|sol	Mora	6	7	1	11836	11836	EVET
GIRIS	d1923-no-se|1905-06-07|sol	Uddevalla	6	7	1	11836	11836	EVET
GIRIS	d1923-no-se|1905-06-07|sol	Östersund (Jämtland)	6	7	1	11836	11836	EVET
GIRIS	d1923-no-se|1923-10-28|sag	Mosjøen	4	5	1	5208	5208	EVET
GIRIS	d1923-no-se|1923-10-28|sag	Røros	4	5	1	5208	5208	EVET
GIRIS	d1923-no-se|1923-10-28|sag	Tromsø	4	5	1	5208	5208	EVET
GIRIS	d1923-no-se|1923-10-28|sag	Trondheim	4	5	1	5208	5208	EVET
GIRIS	d1923-no-se|1923-10-28|sol	Karlstad	6	7	1	11836	11836	EVET
GIRIS	d1923-no-se|1923-10-28|sol	Mora	6	7	1	11836	11836	EVET
GIRIS	d1923-no-se|1923-10-28|sol	Uddevalla	6	7	1	11836	11836	EVET
GIRIS	d1923-no-se|1923-10-28|sol	Östersund (Jämtland)	6	7	1	11836	11836	EVET
GIRIS	d1923-oky-yenigine-kuzey-alman|1914-09-16|sol	Jayapura (Hollandia)	1	2	1	228	228	EVET
GIRIS	d1923-oky-yenigine-kuzey-isgal-avustralya|1914-09-17|sol	Jayapura (Hollandia)	1	2	1	292	292	EVET
GIRIS	d1923-oky-yenigine-kuzey-isgal-avustralya|1920-12-16|sol	Jayapura (Hollandia)	1	2	1	292	292	EVET
GIRIS	d1923-oky-yenigine-kuzey|1920-12-17|sol	Jayapura (Hollandia)	1	2	1	292	292	EVET
GIRIS	d1923-oky-yenigine-kuzey|1923-10-28|sol	Jayapura (Hollandia)	1	2	1	292	292	EVET
GIRIS	d1923-orta-afrika-cumhuriyeti-belcika-kongo|1923-10-28|sol	Tembura	5	6	1	15004	15004	EVET
GIRIS	d1923-orta-afrika-cumhuriyeti-belcika-kongo|1923-10-28|sol	Ubangi-Uele havzası	5	6	1	15004	15004	EVET
GIRIS	d1923-senegal-gambiya|1895-06-16|sag	Albreda-Cufure	2	3	1	2920	2920	EVET
GIRIS	d1923-senegal-gambiya|1895-06-16|sol	Kahone (Salum)	2	3	1	3144	3144	EVET
GIRIS	d1923-senegal-gambiya|1923-10-28|sag	Albreda-Cufure	2	3	1	2920	2920	EVET
GIRIS	d1923-senegal-gambiya|1923-10-28|sol	Kahone (Salum)	2	3	1	3144	3144	EVET
GIRIS	d1923-sudan-belcika-kongo|1910-06-16|sag	Niangara (Mangbetu)	4	5	1	10832	10832	EVET
GIRIS	d1923-sudan-belcika-kongo|1923-10-28|sag	Niangara (Mangbetu)	4	5	1	10832	10832	EVET
GIRIS	d1923-tanganika-mozambik|1922-07-20|sag	Mosimboa	5	6	1	12400	12400	EVET
GIRIS	d1923-tanganika-mozambik|1923-10-28|sag	Mosimboa	5	6	1	12400	12400	EVET
GIRIS	d1923-tr-bg|1923-07-24|sag	Demirköy	1	2	1	24	24	EVET
GIRIS	d1923-tr-bg|1923-07-24|sol	Elhova (Elhovo)	2	3	1	48	48	EVET
GIRIS	d1923-tr-bg|1923-10-28|sag	Demirköy	1	2	1	24	24	EVET
GIRIS	d1923-tr-bg|1923-10-28|sol	Elhova (Elhovo)	2	3	1	48	48	EVET
GIRIS	d1923-tr-ir-1|1920-04-23|sag	Doğubayazıt	1	2	1	24	24	EVET
GIRIS	d1923-tr-ir-1|1920-04-23|sol	Mâku	3	4	1	204	204	EVET
GIRIS	d1923-tr-ir-1|1923-10-28|sag	Doğubayazıt	1	2	1	24	24	EVET
GIRIS	d1923-tr-ir-1|1923-10-28|sol	Mâku	3	4	1	204	204	EVET
GIRIS	d1923-tr-ir-2|1920-04-23|sol	Selmâs (Dilman)	2	3	1	260	260	EVET
GIRIS	d1923-tr-ir-2|1923-10-28|sol	Selmâs (Dilman)	2	3	1	260	260	EVET
GIRIS	d1923-tr-ir-3|1920-04-23|sol	Rāzhān	1	2	1	108	108	EVET
GIRIS	d1923-tr-ir-3|1923-10-28|sol	Rāzhān	1	2	1	108	108	EVET
GIRIS	d1923-tr-sscb-ermenistan|1921-03-16|sag	Dvin	8	9	1	4740	4740	EVET
GIRIS	d1923-tr-sscb-ermenistan|1921-03-16|sag	Kars	8	9	1	4740	4740	EVET
GIRIS	d1923-tr-sscb-ermenistan|1923-10-28|sag	Arpaçay (Akyaka)	1	2	1	344	344	EVET
GIRIS	d1923-tr-sscb-ermenistan|1923-10-28|sag	Kars	1	2	1	344	344	EVET
GIRIS	d1923-tr-sscb-gurcistan|1921-03-16|sag	Ardahan	9	10	1	3144	3144	EVET
GIRIS	d1923-tr-sscb-gurcistan|1921-03-16|sag	Hopa	9	10	1	3144	3144	EVET
GIRIS	d1923-tr-sscb-gurcistan|1923-10-28|sag	Hanak	1	2	1	84	84	EVET
GIRIS	d1923-tr-sscb-gurcistan|1923-10-28|sag	Posof	1	2	1	84	84	EVET
GIRIS	d1923-tr-sy-dogu|1921-10-20|sag	Antep	6	7	1	1072	1076	HAYIR
GIRIS	d1923-tr-sy-dogu|1921-10-20|sag	Mardin	6	7	1	1072	1072	EVET
GIRIS	d1923-tr-sy-dogu|1921-10-20|sag	Midyat	6	7	1	1072	1072	EVET
GIRIS	d1923-tr-sy-dogu|1921-10-20|sag	Suruç	6	7	1	1072	1072	EVET
GIRIS	d1923-tr-sy-dogu|1921-10-20|sag	Urfa	6	7	1	1072	1072	EVET
GIRIS	d1923-tr-sy-dogu|1923-10-28|sag	Antep	6	7	1	1072	1076	HAYIR
GIRIS	d1923-tr-sy-dogu|1923-10-28|sag	Mardin	6	7	1	1072	1072	EVET
GIRIS	d1923-tr-sy-dogu|1923-10-28|sag	Midyat	6	7	1	1072	1072	EVET
GIRIS	d1923-tr-sy-dogu|1923-10-28|sag	Suruç	6	7	1	1072	1072	EVET
GIRIS	d1923-tr-sy-dogu|1923-10-28|sag	Urfa	6	7	1	1072	1072	EVET
GIRIS	d1923-uganda-belcika-kongo|1915-02-03|sag	Bunia	2	3	1	2500	2500	EVET
GIRIS	d1923-uganda-belcika-kongo|1915-02-03|sag	Kigali	2	3	1	2500	2500	EVET
GIRIS	d1923-uganda-belcika-kongo|1915-02-03|sag	Valikale	2	3	1	2500	2500	EVET
GIRIS	d1923-uganda-belcika-kongo|1915-02-03|sol	Fort Portal (Toro)	2	3	1	1776	1776	EVET
GIRIS	d1923-uganda-belcika-kongo|1915-02-03|sol	Gulu	2	3	1	1776	1776	EVET
GIRIS	d1923-uganda-belcika-kongo|1915-02-03|sol	Hoima (Bunyoro)	2	3	1	1776	1776	EVET
GIRIS	d1923-uganda-belcika-kongo|1915-02-03|sol	Masindi	2	3	1	1776	1776	EVET
GIRIS	d1923-uganda-belcika-kongo|1923-10-28|sag	Bunia	2	3	1	2500	2500	EVET
GIRIS	d1923-uganda-belcika-kongo|1923-10-28|sag	Kigali	2	3	1	2500	2500	EVET
GIRIS	d1923-uganda-belcika-kongo|1923-10-28|sag	Valikale	2	3	1	2500	2500	EVET
GIRIS	d1923-uganda-belcika-kongo|1923-10-28|sol	Fort Portal (Toro)	3	4	1	2676	2676	EVET
GIRIS	d1923-uganda-belcika-kongo|1923-10-28|sol	Gulu	3	4	1	2676	2676	EVET
GIRIS	d1923-uganda-belcika-kongo|1923-10-28|sol	Hoima (Bunyoro)	3	4	1	2676	2676	EVET
GIRIS	d1923-uganda-belcika-kongo|1923-10-28|sol	Masindi	3	4	1	2676	2676	EVET
GIRIS	d1923-us-mx-gadsden|1854-06-30|sag	Arizpe	3	4	1	7356	7356	EVET
GIRIS	d1923-us-mx-gadsden|1854-06-30|sag	El Paso del Norte	3	4	1	7356	7356	EVET
GIRIS	d1923-us-mx-gadsden|1854-06-30|sag	Sonoyta (Sonoita)	3	4	1	7356	7356	EVET
GIRIS	d1923-us-mx-gadsden|1923-10-28|sag	Arizpe	4	5	1	8264	8264	EVET
GIRIS	d1923-us-mx-gadsden|1923-10-28|sag	El Paso del Norte	4	5	1	8264	8264	EVET
GIRIS	d1923-us-mx-gadsden|1923-10-28|sag	Paquimé (Casas Grandes)	4	5	1	8264	8264	EVET
GIRIS	d1923-us-mx-gadsden|1923-10-28|sag	Sonoyta (Sonoita)	4	5	1	8264	8264	EVET
GIRIS	d1923-us-mx-gadsden|1923-10-28|sol	Tubac	2	3	1	5388	5388	EVET
GIRIS	d1923-us-mx-gadsden|1923-10-28|sol	Tucson (San Agustín del Tucsón)	2	3	1	5388	5388	EVET
GIRIS	d1923-us-mx-gadsden|1923-10-28|sol	Yuma geçidi (La Purísima Concepción)	2	3	1	5388	5388	EVET
GIRIS	d1923-us-mx-kaliforniya|1848-05-30|sag	Misión San Vicente Ferrer	2	3	1	4124	4124	EVET
GIRIS	d1923-us-mx-kaliforniya|1923-10-28|sag	Misión San Vicente Ferrer	2	3	1	4124	4124	EVET
GIRIS	dg2-gecici-no-bati|1917-03-15|sol	Vardø	4	5	1	8124	8124	EVET
GIRIS	dg2-gecici-no-bati|1917-11-06|sol	Vardø	4	5	1	8124	8124	EVET
GIRIS	dg2-gecici-no-petsamo|1917-03-15|sag	Vardø	2	3	1	2372	2372	EVET
GIRIS	dg2-gecici-no-petsamo|1917-11-06|sag	Vardø	2	3	1	2372	2372	EVET
GIRIS	dg2-gecici-se|1917-03-15|sag	Sodankylä	2	3	1	3580	3580	EVET
GIRIS	dg2-gecici-se|1917-03-15|sol	Luleå	1	2	1	3776	3776	EVET
GIRIS	dg2-gecici-se|1917-11-06|sag	Sodankylä	2	3	1	3580	3580	EVET
GIRIS	dg2-gecici-se|1917-11-06|sol	Luleå	1	2	1	3776	3776	EVET
GIRIS	dg2-rusya-no-bati|1905-06-07|sol	Vardø	4	5	1	8124	8124	EVET
GIRIS	dg2-rusya-no-bati|1917-03-14|sol	Vardø	4	5	1	8124	8124	EVET
GIRIS	dg2-rusya-no-petsamo|1905-06-07|sag	Vardø	2	3	1	2372	2372	EVET
GIRIS	dg2-rusya-no-petsamo|1917-03-14|sag	Vardø	2	3	1	2372	2372	EVET
GIRIS	dg2-rusya-se|1809-09-17|sag	Sodankylä	2	3	1	3580	3580	EVET
GIRIS	dg2-rusya-se|1809-09-17|sol	Luleå	1	2	1	3776	3776	EVET
GIRIS	dg2-rusya-se|1917-03-14|sag	Sodankylä	2	3	1	3580	3580	EVET
GIRIS	dg2-rusya-se|1917-03-14|sol	Luleå	1	2	1	3776	3776	EVET
GIRIS	dg2-sovyet-no-bati|1917-11-07|sol	Vardø	4	5	1	8124	8124	EVET
GIRIS	dg2-sovyet-no-bati|1917-12-05|sol	Vardø	4	5	1	8124	8124	EVET
GIRIS	dg2-sovyet-se|1917-11-07|sag	Sodankylä	2	3	1	3580	3580	EVET
GIRIS	dg2-sovyet-se|1917-11-07|sol	Luleå	1	2	1	3776	3776	EVET
GIRIS	dg2-sovyet-se|1917-12-05|sag	Sodankylä	2	3	1	3580	3580	EVET
GIRIS	dg2-sovyet-se|1917-12-05|sol	Luleå	1	2	1	3776	3776	EVET
GIRIS	dg4-be-fr-fiili|1830-10-04|sag	Tournai	1	2	1	56	56	EVET
GIRIS	dg4-be-fr-fiili|1830-10-04|sol	Calais	7	8	1	5040	5040	EVET
GIRIS	dg4-be-fr-fiili|1830-10-04|sol	Reims	7	8	1	5040	5040	EVET
GIRIS	dg4-be-fr-fiili|1839-04-18|sag	Tournai	1	2	1	56	56	EVET
GIRIS	dg4-be-fr-fiili|1839-04-18|sol	Calais	7	8	1	5040	5040	EVET
GIRIS	dg4-be-fr-fiili|1839-04-18|sol	Reims	7	8	1	5040	5040	EVET
GIRIS	dg4-fr-ch-alsas|1814-05-30|sol	Mulhouse	1	2	1	156	156	EVET
GIRIS	dg4-fr-ch-alsas|1871-05-09|sol	Mulhouse	1	2	1	156	156	EVET
GIRIS	dg4-hab-ch-lombardiya|1815-06-09|sag	Luzern	4	5	1	4004	4004	EVET
GIRIS	dg4-hab-ch-lombardiya|1815-06-09|sag	Zürih	4	5	1	4004	4004	EVET
GIRIS	dg4-hab-ch-lombardiya|1859-11-09|sag	Bergamo	2	3	1	2472	2472	EVET
GIRIS	dg4-nl-fr-kortrijk|1820-03-28|sag	Tournai	1	2	1	56	56	EVET
GIRIS	dg4-nl-fr-kortrijk|1820-03-28|sol	Calais	8	9	1	5068	5068	EVET
GIRIS	dg4-nl-fr-kortrijk|1820-03-28|sol	Reims	8	9	1	5068	5068	EVET
GIRIS	dg4-nl-fr-kortrijk|1830-10-03|sag	Tournai	1	2	1	56	56	EVET
GIRIS	dg4-nl-fr-kortrijk|1830-10-03|sol	Calais	8	9	1	5068	5068	EVET
GIRIS	dg4-nl-fr-kortrijk|1830-10-03|sol	Reims	8	9	1	5068	5068	EVET
GIRIS	dg4-sa-ch-lombardiya|1859-11-10|sag	Feldkirch	2	3	1	1084	1084	EVET
GIRIS	dg4-sa-ch-lombardiya|1859-11-10|sag	Luzern	2	3	1	1084	1084	EVET
GIRIS	dg4-sa-ch-lombardiya|1859-11-10|sag	Zürih	2	3	1	1084	1084	EVET
GIRIS	dg4-sa-ch-lombardiya|1861-03-16|sag	Feldkirch	2	3	1	1084	1084	EVET
GIRIS	dg4-sa-ch-lombardiya|1861-03-16|sag	Luzern	2	3	1	1084	1084	EVET
GIRIS	dg4-sa-ch-lombardiya|1861-03-16|sag	Zürih	2	3	1	1084	1084	EVET
GIRIS	dg4-sa-ch-piyemonte|1815-06-09|sag	Sion (Sitten)	1	2	1	20	20	EVET
GIRIS	dg4-sa-ch-piyemonte|1815-06-09|sol	Aosta	2	3	1	1268	1268	EVET
GIRIS	dg4-sa-ch-piyemonte|1815-06-09|sol	Milano	2	3	1	1268	1268	EVET
GIRIS	dg4-sa-ch-piyemonte|1861-03-16|sag	Feldkirch	2	3	1	472	472	EVET
GIRIS	dg4-sa-ch-piyemonte|1861-03-16|sag	Luzern	2	3	1	472	472	EVET
GIRIS	dg4-sa-ch-piyemonte|1861-03-16|sag	Sion (Sitten)	2	3	1	472	472	EVET
GIRIS	dg4-sa-ch-piyemonte|1861-03-16|sag	Zürih	2	3	1	472	472	EVET
GIRIS	dg4-sa-ch-piyemonte|1861-03-16|sol	Aosta	2	3	1	1268	1268	EVET
GIRIS	dg4-sa-ch-piyemonte|1861-03-16|sol	Milano	2	3	1	1268	1268	EVET
GIRIS	dg4-sa-ch-valais|1815-06-09|sol	Bourg-Saint-Maurice	2	3	1	340	340	EVET
GIRIS	dg4-sa-ch-valais|1860-03-23|sol	Bourg-Saint-Maurice	2	3	1	340	340	EVET
GIRIS	dg4-sa-fr-1861-2|1861-03-07|sol	Aosta	1	2	1	452	452	EVET
GIRIS	dg4-sa-fr-1861-2|1861-03-07|sol	Torino	1	2	1	452	452	EVET
GIRIS	dg4-sa-fr-1861-2|1861-03-16|sol	Aosta	1	2	1	452	452	EVET
GIRIS	dg4-sa-fr-1861-2|1861-03-16|sol	Torino	1	2	1	452	452	EVET
GIRIS	dg4-sa-fr-1861-5|1861-03-07|sag	Bourg-Saint-Maurice	1	2	1	760	760	EVET
GIRIS	dg4-sa-fr-1861-5|1861-03-07|sag	Chambéry	1	2	1	760	760	EVET
GIRIS	dg4-sa-fr-1861-5|1861-03-07|sag	Grenoble	1	2	1	760	760	EVET
GIRIS	dg4-sa-fr-1861-5|1861-03-07|sag	Nice	1	2	1	760	760	EVET
GIRIS	dg4-sa-fr-1861-5|1861-03-16|sag	Bourg-Saint-Maurice	1	2	1	760	760	EVET
GIRIS	dg4-sa-fr-1861-5|1861-03-16|sag	Chambéry	1	2	1	760	760	EVET
GIRIS	dg4-sa-fr-1861-5|1861-03-16|sag	Grenoble	1	2	1	760	760	EVET
GIRIS	dg4-sa-fr-1861-5|1861-03-16|sag	Nice	1	2	1	760	760	EVET
GIRIS	dg6-dk-se-stromstad|1751-10-02|sag	Mosjøen	4	5	1	5164	5164	EVET
GIRIS	dg6-dk-se-stromstad|1751-10-02|sag	Røros	4	5	1	5164	5164	EVET
GIRIS	dg6-dk-se-stromstad|1751-10-02|sag	Tromsø	4	5	1	5164	5164	EVET
GIRIS	dg6-dk-se-stromstad|1751-10-02|sag	Trondheim	4	5	1	5164	5164	EVET
GIRIS	dg6-dk-se-stromstad|1751-10-02|sol	Karlstad	6	7	1	11836	11836	EVET
GIRIS	dg6-dk-se-stromstad|1751-10-02|sol	Mora	6	7	1	11836	11836	EVET
GIRIS	dg6-dk-se-stromstad|1751-10-02|sol	Uddevalla	6	7	1	11836	11836	EVET
GIRIS	dg6-dk-se-stromstad|1751-10-02|sol	Östersund (Jämtland)	6	7	1	11836	11836	EVET
GIRIS	dg6-dk-se-stromstad|1814-01-13|sag	Mosjøen	4	5	1	5220	5220	EVET
GIRIS	dg6-dk-se-stromstad|1814-01-13|sag	Røros	4	5	1	5220	5220	EVET
GIRIS	dg6-dk-se-stromstad|1814-01-13|sag	Tromsø	4	5	1	5220	5220	EVET
GIRIS	dg6-dk-se-stromstad|1814-01-13|sag	Trondheim	4	5	1	5220	5220	EVET
GIRIS	dg6-dk-se-stromstad|1814-01-13|sol	Karlstad	6	7	1	11956	11956	EVET
GIRIS	dg6-dk-se-stromstad|1814-01-13|sol	Mora	6	7	1	11956	11956	EVET
GIRIS	dg6-dk-se-stromstad|1814-01-13|sol	Uddevalla	6	7	1	11956	11956	EVET
GIRIS	dg6-dk-se-stromstad|1814-01-13|sol	Östersund (Jämtland)	6	7	1	11956	11956	EVET
GIRIS	g1-gr-srb-1|1918-11-30|sag	Vodina (Edessa)	1	2	1	68	68	EVET
GIRIS	g1-gr-srb-2|1913-08-10|sag	Kılkış (Avrathisar)	1	2	1	228	228	EVET
GIRIS	g1-gr-srb-2|1913-08-10|sag	Petriç	1	2	1	228	228	EVET
GIRIS	g1-gr-srb-2|1918-11-30|sag	Kılkış (Avrathisar)	1	2	1	228	228	EVET
GIRIS	g1-gr-srb-2|1918-11-30|sag	Petriç	1	2	1	228	228	EVET
GIRIS	g1-osm-ir|1913-11-17|sag	Kasr-ı Şîrîn	6	7	1	6824	6824	EVET
GIRIS	g1-osm-ir|1913-11-17|sag	Kirmanşah	6	7	1	6824	6824	EVET
GIRIS	g1-osm-ir|1913-11-17|sag	Merîvan	6	7	1	6824	6824	EVET
GIRIS	g1-osm-ir|1913-11-17|sol	Halepçe	7	8	1	5652	5652	EVET
GIRIS	g1-osm-ir|1913-11-17|sol	Hânekîn	7	8	1	5652	5652	EVET
GIRIS	g1-osm-ir|1913-11-17|sol	Kürne	7	8	1	5652	5652	EVET
GIRIS	g1-osm-ir|1913-11-17|sol	Rewândiz	7	8	1	5652	5652	EVET
GIRIS	g1-osm-ir|1913-11-17|sol	Şehrizor	7	8	1	5652	5652	EVET
GIRIS	g2-af-sscb-bati-gecici|1917-03-15|sol	Karşi (Nahşeb)	2	3	1	3372	3372	EVET
GIRIS	g2-af-sscb-bati-gecici|1917-11-06|sol	Karşi (Nahşeb)	2	3	1	3372	3372	EVET
GIRIS	g2-af-sscb-bati-rusya|1888-01-26|sol	Karşi (Nahşeb)	2	3	1	3380	3380	EVET
GIRIS	g2-af-sscb-bati-rusya|1917-03-14|sol	Karşi (Nahşeb)	2	3	1	3372	3372	EVET
GIRIS	g2-af-sscb-pamir-gecici|1917-03-15|sag	Taşkurgan (Sarıkol)	1	2	1	172	172	EVET
GIRIS	g2-af-sscb-pamir-gecici|1917-11-06|sag	Taşkurgan (Sarıkol)	1	2	1	172	172	EVET
GIRIS	g2-af-sscb-pamir-rusya|1895-03-11|sag	Taşkurgan (Sarıkol)	1	2	1	172	172	EVET
GIRIS	g2-af-sscb-pamir-rusya|1917-03-14|sag	Taşkurgan (Sarıkol)	1	2	1	172	172	EVET
GIRIS	g2-hd-pt-oecussi-1914|1916-08-16|sag	Niki-Niki	1	2	1	808	808	EVET
GIRIS	g2-hd-pt-oecussi-1914|1916-08-16|sag	Noemuti	1	2	1	808	808	EVET
GIRIS	g2-hd-pt-orta-1908|1908-08-29|sol	Maliana	2	3	1	712	708	HAYIR
GIRIS	g2-hd-pt-orta-1908|1916-08-16|sol	Maucatar	1	2	1	68	68	EVET
GIRIS	g3-bg-ro-dobruca-p4|1908-10-05|sag	Hacıoğlupazarcığı (Dobrich)	1	2	1	360	360	EVET
GIRIS	g3-bg-ro-dobruca-p4|1908-10-05|sag	Varna	1	2	1	360	360	EVET
GIRIS	g3-br-imp-py-1|1872-03-26|sag	Bonito (Mato Grosso do Sul)	1	2	1	5248	5248	EVET
GIRIS	g3-br-imp-py-1|1872-03-26|sag	Ciudad Real del Guairá	1	2	1	5248	5248	EVET
GIRIS	g3-br-imp-py-1|1889-11-14|sag	Bonito (Mato Grosso do Sul)	1	2	1	5248	5248	EVET
GIRIS	g3-br-imp-py-1|1889-11-14|sag	Ciudad Real del Guairá	1	2	1	5248	5248	EVET
GIRIS	g3-br-imp-py-2|1872-03-26|sag	Lengua misyonu (Paraguay Chaco)	2	3	1	2888	2888	EVET
GIRIS	g3-ih-cn-guney1-1-qing|1897-06-05|sag	Namkham	2	3	1	1348	1348	EVET
GIRIS	g3-ih-cn-guney1-1-qing|1897-06-05|sag	Tengyue (Tengchong)	2	3	1	1348	1348	EVET
GIRIS	g3-ih-cn-guney1-1-qing|1897-06-05|sol	Myitkyina	1	2	1	532	532	EVET
GIRIS	g3-ih-cn-guney1-1-qing|1911-10-09|sag	Namkham	2	3	1	1348	1348	EVET
GIRIS	g3-ih-cn-guney1-1-qing|1911-10-09|sag	Tengyue (Tengchong)	2	3	1	1348	1348	EVET
GIRIS	g3-ih-cn-guney1-1-qing|1911-10-09|sol	Myitkyina	1	2	1	532	532	EVET
GIRIS	g4-bna-us-dogu|1842-01-01|sag	Montreal (Ville-Marie)	3	4	1	7088	7088	EVET
GIRIS	g4-bna-us-dogu|1842-01-01|sag	Odanak (Abenaki)	3	4	1	7088	7088	EVET
GIRIS	g4-bna-us-dogu|1842-01-01|sag	Quebec	3	4	1	7088	7088	EVET
GIRIS	g4-bna-us-dogu|1842-01-01|sag	Trois-Rivières	3	4	1	7088	7088	EVET
GIRIS	g4-bna-us-dogu|1842-01-01|sol	Chequamegon (La Pointe)	13	14	1	23028	23028	EVET
GIRIS	g4-bna-us-dogu|1842-01-01|sol	Falmouth (Portland, Maine)	13	14	1	23028	23028	EVET
GIRIS	g4-bna-us-dogu|1842-01-01|sol	Michilimackinac	13	14	1	23028	23028	EVET
GIRIS	g4-bna-us-dogu|1867-06-30|sag	Montreal (Ville-Marie)	3	4	1	7080	7080	EVET
GIRIS	g4-bna-us-dogu|1867-06-30|sag	Odanak (Abenaki)	3	4	1	7080	7080	EVET
GIRIS	g4-bna-us-dogu|1867-06-30|sag	Quebec	3	4	1	7080	7080	EVET
GIRIS	g4-bna-us-dogu|1867-06-30|sag	Trois-Rivières	3	4	1	7080	7080	EVET
GIRIS	g4-bna-us-dogu|1867-06-30|sol	Chequamegon (La Pointe)	13	14	1	23032	23032	EVET
GIRIS	g4-bna-us-dogu|1867-06-30|sol	Falmouth (Portland, Maine)	13	14	1	23032	23032	EVET
GIRIS	g4-bna-us-dogu|1867-06-30|sol	Michilimackinac	13	14	1	23032	23032	EVET
CIKIS	d1829-osm-rus-1|1878-07-12|sag	Arpaçay (Akyaka)	6	8	2	1624	1628	HAYIR
CIKIS	d1885-nijerya-kamerun-genel|1913-03-10|sag	Eski Kalabar	4	6	2	11356	11356	EVET
CIKIS	d1886-angola-almanya-swa|1915-07-08|sol	Kuangar	2	4	2	4636	4636	EVET
CIKIS	d1913-nijerya-kamerun-almanya|1913-03-11|sag	Eski Kalabar	4	6	2	11356	11356	EVET
CIKIS	d1913-nijerya-kamerun-almanya|1916-02-17|sag	Eski Kalabar	4	6	2	11296	11296	EVET
CIKIS	d1916-nijerya-kamerun-isgal|1916-02-18|sag	Eski Kalabar	4	6	2	11296	11296	EVET
CIKIS	d1916-nijerya-kamerun-isgal|1919-07-09|sag	Eski Kalabar	8	10	2	24200	24200	EVET
CIKIS	d1919-nijerya-kamerun-milner-oncesi|1919-07-10|sag	Eski Kalabar	8	10	2	24200	24200	EVET
CIKIS	d1919-nijerya-kamerun-milner-oncesi|1922-07-19|sag	Eski Kalabar	8	10	2	24200	24200	EVET
CIKIS	d1923-angola-guneybati-afrika|1920-12-17|sol	Kuangar	2	4	2	4636	4636	EVET
CIKIS	d1923-angola-guneybati-afrika|1923-10-28|sol	Kuangar	2	4	2	4636	4636	EVET
CIKIS	d1923-angola-kuzey-rodezya-barotseland|1911-05-17|sol	Kazombo	1	3	2	3360	3360	EVET
CIKIS	d1923-angola-kuzey-rodezya-barotseland|1923-10-28|sol	Kazombo	1	3	2	3360	3360	EVET
CIKIS	d1923-be-de|1920-01-10|sol	St. Vith (Sankt Vith)	1	3	2	1444	1444	EVET
CIKIS	d1923-be-de|1923-10-28|sol	St. Vith (Sankt Vith)	1	3	2	1444	1444	EVET
CIKIS	d1923-be-nl-2|1839-04-19|sag	Maastricht	1	3	2	1312	1312	EVET
CIKIS	d1923-br-py-1|1889-11-15|sag	Tacuatí (Ypané)	1	3	2	5248	5248	EVET
CIKIS	d1923-br-py-1|1923-10-28|sag	Tacuatí (Ypané)	1	3	2	5248	5248	EVET
CIKIS	d1923-ca-us-dogu|1867-07-01|sol	Fort St. Pierre (Rainy Lake)	13	15	2	23032	23032	EVET
CIKIS	d1923-ca-us-dogu|1923-10-28|sol	Fort St. Pierre (Rainy Lake)	13	15	2	23004	23004	EVET
CIKIS	d1923-ca-us-prairie|1870-07-15|sol	Pembina	2	4	2	7284	7284	EVET
CIKIS	d1923-ca-us-prairie|1923-10-28|sol	Pembina	4	6	2	12000	12000	EVET
CIKIS	d1923-ch-de|1879-06-24|sag	Konstanz	1	3	2	180	180	EVET
CIKIS	d1923-ch-de|1923-10-28|sag	Konstanz	1	3	2	180	180	EVET
CIKIS	d1923-fi-se|1917-12-06|sol	Tornio	1	3	2	3776	3776	EVET
CIKIS	d1923-fi-se|1923-10-28|sol	Tornio	1	3	2	3776	3776	EVET
CIKIS	d1923-nijerya-kamerun-milner-simon|1922-07-20|sag	Eski Kalabar	8	10	2	24200	24200	EVET
CIKIS	d1923-nijerya-kamerun-milner-simon|1923-10-28|sag	Eski Kalabar	8	10	2	24200	24200	EVET
CIKIS	d1923-orta-afrika-cumhuriyeti-belcika-kongo|1910-01-15|sol	Bangi (Bangui)	1	3	2	2512	2512	EVET
CIKIS	d1923-orta-afrika-cumhuriyeti-belcika-kongo|1923-10-28|sol	Bangi (Bangui)	5	7	2	15004	15004	EVET
CIKIS	d1923-tr-sscb-ermenistan|1921-03-16|sag	Beri	8	10	2	4740	4740	EVET
CIKIS	d1923-us-mx-gadsden|1854-06-30|sol	El Paso del Norte	1	3	2	1540	1540	EVET
CIKIS	d1923-us-mx-gadsden|1923-10-28|sag	Yuma geçidi (La Purísima Concepción)	4	6	2	8264	8264	EVET
CIKIS	dg2-gecici-se|1917-03-15|sol	Tornio	1	3	2	3776	3776	EVET
CIKIS	dg2-gecici-se|1917-11-06|sol	Tornio	1	3	2	3776	3776	EVET
CIKIS	dg2-rusya-se|1809-09-17|sol	Tornio	1	3	2	3776	3776	EVET
CIKIS	dg2-rusya-se|1917-03-14|sol	Tornio	1	3	2	3776	3776	EVET
CIKIS	dg2-sovyet-se|1917-11-07|sol	Tornio	1	3	2	3776	3776	EVET
CIKIS	dg2-sovyet-se|1917-12-05|sol	Tornio	1	3	2	3776	3776	EVET
CIKIS	g3-br-imp-py-1|1889-11-14|sag	Tacuatí (Ypané)	1	3	2	5248	5248	EVET
CIKIS	g4-bna-us-dogu|1842-01-01|sag	Detroit (Fort Pontchartrain du Détroit)	3	5	2	7088	7088	EVET
CIKIS	g4-bna-us-dogu|1842-01-01|sol	Fort St. Pierre (Rainy Lake)	13	15	2	23028	23028	EVET
CIKIS	g4-bna-us-dogu|1867-06-30|sol	Fort St. Pierre (Rainy Lake)	13	15	2	23032	23032	EVET
CIKIS	d1923-ca-us-dogu|1867-07-01|sag	Kahnawake	3	6	3	7080	7080	EVET
CIKIS	d1923-ca-us-dogu|1923-10-28|sag	Kahnawake	3	6	3	7080	7080	EVET
CIKIS	g4-bna-us-dogu|1842-01-01|sag	Kahnawake	3	6	3	7088	7088	EVET
CIKIS	g4-bna-us-dogu|1867-06-30|sag	Kahnawake	3	6	3	7080	7080	EVET
