no,baslangic,bitis,yerlesim,sahip_aile,ada_n,ada,ana_govde_en_yakin,ana_km,ada_ana_cift_km,en_yakin_yabanci,yabanci_km,d7_kova,lab_sinif,lab_alt,koridor_ornek,marj_min_km,dondurmadan_sonra_acildi,gerekce
1,1873-01-15,1873-04-25,Shunning (Fengqing),__BOSLUK__,1,Shunning (Fengqing),Tengyue (Tengchong),153.4,153.4,Mianning (Lincang) (qing-hanedani),79.5,A-koridor,GERÇEK,G-beyan,ayni=3 sinirda=2 yabanci=4,9.8,,"sahip __BOSLUK__: kasıtlı boşluk beyanı, devlet gövdesi değil · tek nokta, ≤150 km komşularının hepsi qing-hanedani"
2,1478-01-15,1547-01-16,Porkhov,moskova,4,Novgorod+Porkhov+Staraya Russa+Şelon havzası (Soltsı),Velikiye Luki,169.4,159.8,Pskov (pskov),72.6,A-koridor,GERÇEK,G-beyan,ayni=9,89.1,,kayıt metni kopukluğu anıyor: «ne) 1510 ve 1547'de Moskova/Rusya ana gövdesinden KOPUK ada çıkıyordu (Pskov–Staraya Russa 183 km > 150).»
3,1393-08-29,1394-01-01,Bağdat,timurlu,1,Bağdat,Kasr-ı Şîrîn,172.2,172.2,Fellûce (celayirli),53.6,A-koridor,GERÇEK,G-beyan,ayni=3 sinirda=1 yabanci=6,21.6,evet,"kayıt metni kopukluğu anıyor: «29 maddesinden (olaylar_ek5.js) 8 ay önce Timurlu enklavı çiziyordu · bitiş 1394-01-01 kaynaksız, DEĞİŞMED» · tek nokta, ≤150 km komşularının hepsi celayirli"
4,1441-01-01,1596-01-01,Belgorod,__BOSLUK__,3,Belgorod+Harkov+Sloboda bozkırı,Voronej,217.2,217.2,Kursk (litvanya-buyuk-dukalik),129.2,A-koridor,GERÇEK,G-beyan,ayni=13,26.7,,"sahip __BOSLUK__: kasıtlı boşluk beyanı, devlet gövdesi değil"
5,1441-01-01,1654-01-01,Harkov,__BOSLUK__,3,Belgorod+Harkov+Sloboda bozkırı,Voronej,278.9,217.2,Poltava (litvanya-buyuk-dukalik),128.7,A-koridor,GERÇEK,G-beyan,ayni=13,26.7,,"sahip __BOSLUK__: kasıtlı boşluk beyanı, devlet gövdesi değil"
6,1869-01-01,1875-05-07,Shikuka (Poronaysk),__BOSLUK__,4,Esutoru kıyısı (bölge)+Poronay yukarısı (bölge)+Shikuka (Poronaysk)+Tomari kıyısı (bölge),Nabil kıyısı (bölge),286.8,189.2,İmperator limanı (rusya),210.1,A-koridor,GERÇEK,G-beyan,ayni=11,196.0,,"sahip __BOSLUK__: kasıtlı boşluk beyanı, devlet gövdesi değil"
7,1514-09-06,1920-04-23,Siirt,OSMANLI,1,Siirt,Erzincan,293.1,293.1,Hasankeyf (safevi),52.2,A-koridor,GERÇEK,G-beyan,ayni=4 sinirda=3 yabanci=11,6.0,,"kayıt metni kopukluğu anıyor: «AN): 1514-09-06 → 1515-09 arası Siirt çevresinden KOPUK bir Osmanlı noktasıdır (Hasankeyf 52 km ve Bitlis» · tek nokta, ≤150 km komşularının hepsi safevi"
8,1441-01-01,1654-01-18,Sloboda bozkırı,__BOSLUK__,3,Belgorod+Harkov+Sloboda bozkırı,Voronej,308.7,217.2,Donets bozkırı (altinorda),138.6,B-bilinmiyor,GERÇEK,G-beyan,ayni=13,26.7,,"sahip __BOSLUK__: kasıtlı boşluk beyanı, devlet gövdesi değil"
9,1441-01-01,1475-06-06,Anapa,__BOSLUK__,1,Anapa,Sloboda bozkırı,478.9,478.9,Taman (ceneviz),58.2,B-bilinmiyor,GERÇEK,G-beyan,ayni=7 deniz=11 sinirda=2 yabanci=10,15.6,,"sahip __BOSLUK__: kasıtlı boşluk beyanı, devlet gövdesi değil"
10,1870-06-03,1875-05-07,Maoka (Kholmsk),__BOSLUK__,5,Esutoru kıyısı (bölge)+Maoka (Kholmsk)+Poronay yukarısı (bölge)+Shikuka (Poronaysk)+Tomari kıyısı (bölge),Nabil kıyısı (bölge),534.1,189.2,İmperator limanı (rusya),259.6,B-bilinmiyor,GERÇEK,G-beyan,ayni=11,196.0,,"sahip __BOSLUK__: kasıtlı boşluk beyanı, devlet gövdesi değil"
11,1374-01-01,1385-01-01,Kesriye (Kastoria),__BOSLUK__,3,Berat+Görice (Korçë)+Kesriye (Kastoria),Tulmeyse,868.6,838.2,Filorina (Florina) (sirbistan-nemanjic),31.6,C-hakiki,GERÇEK,G-beyan,deniz=35 sinirda=3 yabanci=1,0.4,,"sahip __BOSLUK__: kasıtlı boşluk beyanı, devlet gövdesi değil"
12,1398-01-01,1408-01-01,Karahisâr-ı Şarkî (Şebinkarahisar),__BOSLUK__,1,Karahisâr-ı Şarkî (Şebinkarahisar),Berat,1559.9,1559.9,Mesudiye (Milas) (haciemir),58.5,C-hakiki,GERÇEK,G-beyan,deniz=10 yabanci=29,,evet,"sahip __BOSLUK__: kasıtlı boşluk beyanı, devlet gövdesi değil"
13,1353-01-01,1378-01-01,Harput (Elazığ),__BOSLUK__,1,Harput (Elazığ),Görice (Korçë),1591.6,1591.6,Çemişgezek (cemisgezek-beyligi),48.2,C-hakiki,GERÇEK,G-beyan,deniz=7 yabanci=32,,evet,"sahip __BOSLUK__: kasıtlı boşluk beyanı, devlet gövdesi değil"
14,1819-08-13,1824-06-01,Dilem (Harc),__BOSLUK__,3,Dilem (Harc)+Havta (Havtat Benî Temîm)+Leylâ (Eflâc),Feyzâbâd (Bedahşan),2663.7,2663.7,Riyad (OSMANLI),94.2,C-hakiki,GERÇEK,G-beyan,ayni=3 cizilmez=6 deniz=4 sinirda=1 yabanci=25,11.3,,"sahip __BOSLUK__: kasıtlı boşluk beyanı, devlet gövdesi değil"
15,1819-08-13,1824-06-01,Havta (Havtat Benî Temîm),__BOSLUK__,3,Dilem (Harc)+Havta (Havtat Benî Temîm)+Leylâ (Eflâc),Feyzâbâd (Bedahşan),2720.8,2663.7,Riyad (OSMANLI),136.9,C-hakiki,GERÇEK,G-beyan,ayni=3 cizilmez=6 deniz=4 sinirda=1 yabanci=25,11.3,,"sahip __BOSLUK__: kasıtlı boşluk beyanı, devlet gövdesi değil"
16,1711-07-21,1739-09-18,Taganrog,__BOSLUK__,1,Taganrog,Kal'a-i Hum (Darvaz),2751.7,2751.7,Azak (OSMANLI),42.1,C-hakiki,GERÇEK,G-beyan,cizilmez=5 deniz=5 sinirda=1 yabanci=28,14.5,,"sahip __BOSLUK__: kasıtlı boşluk beyanı, devlet gövdesi değil"
17,1814-05-05,1815-06-09,Elba,__BOSLUK__,1,Elba,Kal'a-i Hum (Darvaz),5016.9,5016.9,Bastia (Korsika) (fransa-cumhuriyet),68.8,C-hakiki,GERÇEK,G-beyan,deniz=8 yabanci=31,,evet,"sahip __BOSLUK__: kasıtlı boşluk beyanı, devlet gövdesi değil"
18,1802-01-01,1814-05-05,Elba,fransa-cumhuriyet,3,Ayacyo (Ajaccio)+Bastia (Korsika)+Elba,Cenova,210.9,194.5,Siena (toskana),103.7,A-koridor,GERÇEK,G-deniz,ayni=2 deniz=9,84.1,evet,ada ile ana gövde ayrı kara kütlesinde (ne_10m_land) — deniz aşırı
19,1653-01-01,1923-10-29,Kupang,hollanda-dogu-hint,2,Kupang+Rote,Alor,243.0,243.0,Niki-Niki (timor-beylikleri),103.5,A-koridor,GERÇEK,G-deniz,ayni=3 deniz=9 sinirda=1 yabanci=2,9.2,,ada ile ana gövde ayrı kara kütlesinde (ne_10m_land) — deniz aşırı
20,1653-01-01,1923-10-29,Alor,hollanda-dogu-hint,1,Alor,Kupang,243.0,243.0,Atapupu (timor-beylikleri),92.0,A-koridor,GERÇEK,G-deniz,ayni=3 deniz=9 sinirda=1 yabanci=2,9.2,,"ada ile ana gövde ayrı kara kütlesinde (ne_10m_land) — deniz aşırı · tek nokta, ≤150 km komşularının hepsi timor-beylikleri"
21,1718-07-21,1797-10-17,Çuha Adası (Kythira),venedik,1,Çuha Adası (Kythira),Zaklise (Zakynthos),261.3,261.3,Elafonisos (Cervi) (OSMANLI),28.2,A-koridor,GERÇEK,G-deniz,deniz=13 yabanci=3,,,"ada ile ana gövde ayrı kara kütlesinde (ne_10m_land) — deniz aşırı · tek nokta, ≤150 km komşularının hepsi OSMANLI"
22,1797-10-17,1815-11-05,Çuha Adası (Kythira),fransa-cumhuriyet,1,Çuha Adası (Kythira),Zaklise (Zakynthos),261.3,261.3,Elafonisos (Cervi) (OSMANLI),28.2,A-koridor,GERÇEK,G-deniz,deniz=13 yabanci=3,,,"ada ile ana gövde ayrı kara kütlesinde (ne_10m_land) — deniz aşırı · tek nokta, ≤150 km komşularının hepsi OSMANLI"
23,1815-11-05,1864-05-21,Çuha Adası (Kythira),ingiltere,1,Çuha Adası (Kythira),Zaklise (Zakynthos),261.3,261.3,Elafonisos (Cervi) (OSMANLI),28.2,A-koridor,GERÇEK,G-deniz,deniz=13 yabanci=3,,,"ada ile ana gövde ayrı kara kütlesinde (ne_10m_land) — deniz aşırı · tek nokta, ≤150 km komşularının hepsi OSMANLI"
24,1333-07-04,1336-11-07,Funai (Ōita),kenmu,5,Funai (Ōita)+Hakata (Fukuoka)+Kagoşima+Kumamoto+Tsuşima (İzuhara),Okayama,264.7,264.7,Pusan (goryeo),317.9,A-koridor,GERÇEK,G-deniz,ayni=3 deniz=13,244.4,,ada ile ana gövde ayrı kara kütlesinde (ne_10m_land) — deniz aşırı
25,1336-11-07,1573-01-01,Funai (Ōita),muromachi,5,Funai (Ōita)+Hakata (Fukuoka)+Kagoşima+Kumamoto+Tsuşima (İzuhara),Okayama,264.7,264.7,Pusan (goryeo),317.9,A-koridor,GERÇEK,G-deniz,ayni=3 deniz=13,244.4,,ada ile ana gövde ayrı kara kütlesinde (ne_10m_land) — deniz aşırı
26,1769-10-10,1923-10-29,Dili,portekiz,2,Dili+Lifau (Oecussi),Larantuka,283.7,179.7,Alor (hollanda-dogu-hint),114.1,A-koridor,GERÇEK,G-deniz,deniz=10,,,ada ile ana gövde ayrı kara kütlesinde (ne_10m_land) — deniz aşırı
27,1768-05-15,1792-09-22,Bastia (Korsika),fransa,2,Ayacyo (Ajaccio)+Bastia (Korsika),Toulon,289.8,264.9,Elba (toskana),68.8,A-koridor,GERÇEK,G-deniz,deniz=16,,,ada ile ana gövde ayrı kara kütlesinde (ne_10m_land) — deniz aşırı
28,1792-09-22,1923-10-29,Bastia (Korsika),fransa-cumhuriyet,2,Ayacyo (Ajaccio)+Bastia (Korsika),Toulon,289.8,264.9,Elba (toskana),68.8,A-koridor,GERÇEK,G-deniz,deniz=16,,,ada ile ana gövde ayrı kara kütlesinde (ne_10m_land) — deniz aşırı
29,1753-01-01,1783-01-01,Manama (Bahreyn),zend,1,Manama (Bahreyn),Buşehr,305.7,305.7,Katîf (benihalid),70.0,B-bilinmiyor,GERÇEK,G-deniz,deniz=19,,,"ada ile ana gövde ayrı kara kütlesinde (ne_10m_land) — deniz aşırı · tek nokta, ≤150 km komşularının hepsi benihalid"
30,1602-01-01,1717-01-01,Manama (Bahreyn),safevi,1,Manama (Bahreyn),Kiş (Kish),339.6,339.6,Katîf (OSMANLI),70.0,B-bilinmiyor,GERÇEK,G-deniz,deniz=21,,,"ada ile ana gövde ayrı kara kütlesinde (ne_10m_land) — deniz aşırı · tek nokta, ≤150 km komşularının hepsi OSMANLI"
31,1503-01-01,1698-12-13,Zanzibar (Zengibar),portekiz,1,Zanzibar (Zengibar),Malindi,343.3,343.3,Bagamoyo (svahili-sehirleri),44.6,B-bilinmiyor,GERÇEK,G-deniz,ayni=2 deniz=18 sinirda=1,6.1,,"ada ile ana gövde ayrı kara kütlesinde (ne_10m_land) — deniz aşırı · tek nokta, ≤150 km komşularının hepsi svahili-sehirleri"
32,1333-07-04,1336-11-07,Hakata (Fukuoka),kenmu,5,Funai (Ōita)+Hakata (Fukuoka)+Kagoşima+Kumamoto+Tsuşima (İzuhara),Okayama,344.7,264.7,Pusan (goryeo),214.6,B-bilinmiyor,GERÇEK,G-deniz,ayni=3 deniz=13,244.4,,ada ile ana gövde ayrı kara kütlesinde (ne_10m_land) — deniz aşırı
33,1336-11-07,1573-01-01,Hakata (Fukuoka),muromachi,5,Funai (Ōita)+Hakata (Fukuoka)+Kagoşima+Kumamoto+Tsuşima (İzuhara),Okayama,344.7,264.7,Pusan (goryeo),214.6,B-bilinmiyor,GERÇEK,G-deniz,ayni=3 deniz=13,244.4,,ada ile ana gövde ayrı kara kütlesinde (ne_10m_land) — deniz aşırı
34,1333-07-04,1336-11-07,Kumamoto,kenmu,5,Funai (Ōita)+Hakata (Fukuoka)+Kagoşima+Kumamoto+Tsuşima (İzuhara),Okayama,361.3,264.7,Pusan (goryeo),304.1,B-bilinmiyor,GERÇEK,G-deniz,ayni=3 deniz=13,244.4,,ada ile ana gövde ayrı kara kütlesinde (ne_10m_land) — deniz aşırı
35,1336-11-07,1573-01-01,Kumamoto,muromachi,5,Funai (Ōita)+Hakata (Fukuoka)+Kagoşima+Kumamoto+Tsuşima (İzuhara),Okayama,361.3,264.7,Pusan (goryeo),304.1,B-bilinmiyor,GERÇEK,G-deniz,ayni=3 deniz=13,244.4,,ada ile ana gövde ayrı kara kütlesinde (ne_10m_land) — deniz aşırı
36,1861-05-31,1923-10-29,Manama (Bahreyn),ingiltere,1,Manama (Bahreyn),Abu Dabi,430.8,430.8,Katîf (suud-ikinci),70.0,B-bilinmiyor,GERÇEK,G-deniz,ayni=4 deniz=23,26.4,,"ada ile ana gövde ayrı kara kütlesinde (ne_10m_land) — deniz aşırı · tek nokta, ≤150 km komşularının hepsi suud-ikinci"
37,1521-01-01,1602-01-01,Manama (Bahreyn),portekiz,1,Manama (Bahreyn),Şârika,490.7,490.7,Katîf (cebri),70.0,B-bilinmiyor,GERÇEK,G-deniz,ayni=2 deniz=29,46.3,,"ada ile ana gövde ayrı kara kütlesinde (ne_10m_land) — deniz aşırı · tek nokta, ≤150 km komşularının hepsi cebri"
38,1717-01-01,1753-01-01,Manama (Bahreyn),umman,1,Manama (Bahreyn),Şârika,490.7,490.7,Katîf (benihalid),70.0,B-bilinmiyor,GERÇEK,G-deniz,ayni=2 deniz=29,46.3,,"ada ile ana gövde ayrı kara kütlesinde (ne_10m_land) — deniz aşırı · tek nokta, ≤150 km komşularının hepsi benihalid"
39,1821-01-01,1901-01-01,Campbell Town (Tazmanya),ingiltere,3,Campbell Town (Tazmanya)+Hobart+Launceston,Goulburn,821.6,776.5,,,C-hakiki,GERÇEK,G-deniz,ayni=12 cizilmez=8 deniz=19,999.0,,ada ile ana gövde ayrı kara kütlesinde (ne_10m_land) — deniz aşırı
40,1821-06-03,1901-01-01,Oatlands (Tazmanya),ingiltere,4,Campbell Town (Tazmanya)+Hobart+Launceston+Oatlands (Tazmanya),Goulburn,864.0,776.5,,,C-hakiki,GERÇEK,G-deniz,ayni=12 cizilmez=8 deniz=19,999.0,,ada ile ana gövde ayrı kara kütlesinde (ne_10m_land) — deniz aşırı
41,1857-05-25,1923-10-29,Dakar,fransa-cumhuriyet,2,Dakar+Gore (Gorée),Saint-Louis (Ndar),179.9,179.9,Rufisque (kayor),19.6,A-koridor,GERÇEK,G-deniz-yol,deniz=10,,,aynı kara kütlesi ama en yakın ana gövde noktasına hat 10/10 örnekte tamamen deniz — deniz yoluyla bağlı idare
42,1515-04-01,1923-10-29,Dukm,umman,4,Dukm+Masira+Muhût+Râs Medreke,Cezîr (Sevkıra),207.2,162.0,Sûr (portekiz),372.8,A-koridor,GERÇEK,G-deniz-yol,deniz=9,,,aynı kara kütlesi ama en yakın ana gövde noktasına hat 9/9 örnekte tamamen deniz — deniz yoluyla bağlı idare
43,1722-09-03,1735-03-21,Derbend,rusya,1,Derbend,Ağraham burnu,217.5,217.5,Kuba (safevi),79.8,A-koridor,GERÇEK,G-deniz-yol,deniz=13,,,"aynı kara kütlesi ama en yakın ana gövde noktasına hat 13/13 örnekte tamamen deniz — deniz yoluyla bağlı idare · tek nokta, ≤150 km komşularının hepsi safevi"
44,1557-01-01,1865-01-01,Dahlak,OSMANLI,3,Arkîko+Dahlak+Masavva,Ferasan (Farasan),230.7,230.7,Zula (habesistan),65.4,A-koridor,GERÇEK,G-deniz-yol,deniz=14,,,aynı kara kütlesi ama en yakın ana gövde noktasına hat 14/14 örnekte tamamen deniz — deniz yoluyla bağlı idare
45,1865-01-01,1885-02-05,Dahlak,OSMANLI,3,Arkîko+Dahlak+Masavva,Ferasan (Farasan),230.7,230.7,Zula (habesistan),65.4,A-koridor,GERÇEK,G-deniz-yol,deniz=14,,,aynı kara kütlesi ama en yakın ana gövde noktasına hat 14/14 örnekte tamamen deniz — deniz yoluyla bağlı idare
46,1884-01-01,1923-10-29,Zeyla,ingiltere,1,Zeyla,Aden,231.5,231.5,Obok (fransa-cumhuriyet),74.1,A-koridor,GERÇEK,G-deniz-yol,deniz=14,,,"aynı kara kütlesi ama en yakın ana gövde noktasına hat 14/14 örnekte tamamen deniz — deniz yoluyla bağlı idare · tek nokta, ≤150 km komşularının hepsi fransa-cumhuriyet"
47,1505-01-01,1663-02-15,Kannûr (Cannanore),portekiz,1,Kannûr (Cannanore),Koçin (Kochi),234.1,234.1,Kalikut (Kozhikode) (kalikut),82.0,A-koridor,GERÇEK,G-deniz-yol,deniz=14,,,aynı kara kütlesi ama en yakın ana gövde noktasına hat 14/14 örnekte tamamen deniz — deniz yoluyla bağlı idare
48,1663-02-15,1771-01-01,Kannûr (Cannanore),hollanda,1,Kannûr (Cannanore),Koçin (Kochi),234.1,234.1,Kalikut (Kozhikode) (kalikut),82.0,A-koridor,GERÇEK,G-deniz-yol,deniz=14,,,aynı kara kütlesi ama en yakın ana gövde noktasına hat 14/14 örnekte tamamen deniz — deniz yoluyla bağlı idare
49,1811-11-01,1841-05-24,Bedir,OSMANLI,4,Bedir+Cidde+Râbiğ+Yenbu,Halâib,279.7,224.1,Medine (suud),113.3,A-koridor,GERÇEK,G-deniz-yol,deniz=13,,,aynı kara kütlesi ama en yakın ana gövde noktasına hat 13/13 örnekte tamamen deniz — deniz yoluyla bağlı idare
50,1557-01-01,1865-01-01,Masavva,OSMANLI,3,Arkîko+Dahlak+Masavva,Ferasan (Farasan),298.1,230.7,Zula (habesistan),43.9,A-koridor,GERÇEK,G-deniz-yol,deniz=14,,,aynı kara kütlesi ama en yakın ana gövde noktasına hat 14/14 örnekte tamamen deniz — deniz yoluyla bağlı idare
51,1865-01-01,1885-02-05,Masavva,OSMANLI,3,Arkîko+Dahlak+Masavva,Ferasan (Farasan),298.1,230.7,Zula (habesistan),43.9,A-koridor,GERÇEK,G-deniz-yol,deniz=14,,,aynı kara kütlesi ama en yakın ana gövde noktasına hat 14/14 örnekte tamamen deniz — deniz yoluyla bağlı idare
52,1557-01-01,1885-02-05,Arkîko,OSMANLI,3,Arkîko+Dahlak+Masavva,Ferasan (Farasan),303.4,230.7,Zula (habesistan),39.9,B-bilinmiyor,GERÇEK,G-deniz-yol,deniz=14,,,aynı kara kütlesi ama en yakın ana gövde noktasına hat 14/14 örnekte tamamen deniz — deniz yoluyla bağlı idare
53,1524-01-01,1550-01-01,Katîf,safevi,4,Cübeyl+Katîf+Lahsa+Ukayr (Uceyr),Bender Rîg,333.3,294.8,Manama (Bahreyn) (portekiz),70.0,B-bilinmiyor,GERÇEK,G-deniz-yol,deniz=18,,,aynı kara kütlesi ama en yakın ana gövde noktasına hat 18/18 örnekte tamamen deniz — deniz yoluyla bağlı idare
54,1781-01-01,1829-09-14,Anapa,OSMANLI,1,Anapa,Sinop,363.5,363.5,Taman (rusya),58.2,B-bilinmiyor,GERÇEK,G-deniz-yol,deniz=23,,,aynı kara kütlesi ama en yakın ana gövde noktasına hat 23/23 örnekte tamamen deniz — deniz yoluyla bağlı idare
55,1524-01-01,1550-01-01,Ukayr (Uceyr),safevi,4,Cübeyl+Katîf+Lahsa+Ukayr (Uceyr),Kiş (Kish),388.5,294.8,Manama (Bahreyn) (portekiz),74.3,B-bilinmiyor,GERÇEK,G-deniz-yol,deniz=18,,,aynı kara kütlesi ama en yakın ana gövde noktasına hat 18/18 örnekte tamamen deniz — deniz yoluyla bağlı idare
56,1550-01-01,1670-01-01,Katîf,OSMANLI,4,Cübeyl+Katîf+Lahsa+Ukayr (Uceyr),Fâv,408.1,350.3,Manama (Bahreyn) (portekiz),70.0,B-bilinmiyor,GERÇEK,G-deniz-yol,deniz=22,,,aynı kara kütlesi ama en yakın ana gövde noktasına hat 22/22 örnekte tamamen deniz — deniz yoluyla bağlı idare
57,1524-01-01,1550-01-01,Lahsa,safevi,4,Cübeyl+Katîf+Lahsa+Ukayr (Uceyr),Kiş (Kish),457.0,294.8,Manama (Bahreyn) (portekiz),137.1,B-bilinmiyor,GERÇEK,G-deniz-yol,deniz=18,,,aynı kara kütlesi ama en yakın ana gövde noktasına hat 18/18 örnekte tamamen deniz — deniz yoluyla bağlı idare
58,1550-01-01,1670-01-01,Ukayr (Uceyr),OSMANLI,4,Cübeyl+Katîf+Lahsa+Ukayr (Uceyr),Fâv,510.6,350.3,Manama (Bahreyn) (portekiz),74.3,B-bilinmiyor,GERÇEK,G-deniz-yol,deniz=22,,,aynı kara kütlesi ama en yakın ana gövde noktasına hat 22/22 örnekte tamamen deniz — deniz yoluyla bağlı idare
59,1550-01-01,1670-01-01,Lahsa,OSMANLI,4,Cübeyl+Katîf+Lahsa+Ukayr (Uceyr),Fâv,522.4,350.3,Manama (Bahreyn) (portekiz),137.1,B-bilinmiyor,GERÇEK,G-deniz-yol,deniz=22,,,aynı kara kütlesi ama en yakın ana gövde noktasına hat 22/22 örnekte tamamen deniz — deniz yoluyla bağlı idare
60,1559-01-01,1670-01-01,"Katar Yarımadası (iç, dolgu)",OSMANLI,5,"Cübeyl+Katar Yarımadası (iç, dolgu)+Katîf+Lahsa+Ukayr (Uceyr)",Fâv,564.3,350.3,Manama (Bahreyn) (portekiz),99.0,B-bilinmiyor,GERÇEK,G-deniz-yol,deniz=22,,,aynı kara kütlesi ama en yakın ana gövde noktasına hat 22/22 örnekte tamamen deniz — deniz yoluyla bağlı idare
61,1502-03-01,1556-01-01,Syzran,nogay,1,Syzran,Samara,112.3,112.3,Simbirsk (kazan),129.9,A-koridor,VERİ KUSURU,V-boşkoridor,ayni=7,84.3,,"aradaki kara Voronoi'de tamamen aynı sahipte (7/7 örnek, deniz 0) — kopukluk yalnız 150 km bağ eşiğinden/nokta seyrekliğinden · tek nokta, ≤150 km komşularının hepsi kazan"
62,1523-06-06,1809-09-17,Tampere,isvec,4,Hämeenlinna+Pori+Tampere+Turku (Åbo),Jyväskylä,133.0,133.0,Tallinn (Reval) (almanya),235.5,A-koridor,VERİ KUSURU,V-boşkoridor,ayni=7,204.3,,"aradaki kara Voronoi'de tamamen aynı sahipte (7/7 örnek, deniz 0) — kopukluk yalnız 150 km bağ eşiğinden/nokta seyrekliğinden"
63,1917-12-06,1923-10-29,Tampere,finlandiya,5,Helsinki+Hämeenlinna+Pori+Tampere+Turku (Åbo),Jyväskylä,133.0,133.0,Tallinn (Reval) (sovyet-rusya),235.5,A-koridor,VERİ KUSURU,V-boşkoridor,ayni=7,204.3,,"aradaki kara Voronoi'de tamamen aynı sahipte (7/7 örnek, deniz 0) — kopukluk yalnız 150 km bağ eşiğinden/nokta seyrekliğinden"
64,1846-03-16,1923-10-29,Cammû (Jammu),cammu-kesmir,1,Cammû (Jammu),Srinagar (Keşmir),150.3,150.3,Siyâlkot (sih-imparatorlugu),41.4,A-koridor,VERİ KUSURU,V-boşkoridor,ayni=9,30.4,,"aradaki kara Voronoi'de tamamen aynı sahipte (9/9 örnek, deniz 0) — kopukluk yalnız 150 km bağ eşiğinden/nokta seyrekliğinden · tek nokta, ≤150 km komşularının hepsi sih-imparatorlugu"
65,1620-10-19,1792-09-22,Pau,fransa,2,Bayonne+Pau,Toulouse,150.4,150.4,Pamplona (ispanya),116.8,A-koridor,VERİ KUSURU,V-boşkoridor,ayni=9,115.6,,"aradaki kara Voronoi'de tamamen aynı sahipte (9/9 örnek, deniz 0) — kopukluk yalnız 150 km bağ eşiğinden/nokta seyrekliğinden"
66,1792-09-22,1923-10-29,Pau,fransa-cumhuriyet,2,Bayonne+Pau,Toulouse,150.4,150.4,Pamplona (ispanya),116.8,A-koridor,VERİ KUSURU,V-boşkoridor,ayni=9,115.6,,"aradaki kara Voronoi'de tamamen aynı sahipte (9/9 örnek, deniz 0) — kopukluk yalnız 150 km bağ eşiğinden/nokta seyrekliğinden"
67,1503-01-01,1736-03-08,Burûcird,safevi,3,Burûcird+Hemedan+Nihâvend,Gulpâygân,150.5,150.5,Luristan (lur-i-kucek),58.5,A-koridor,VERİ KUSURU,V-boşkoridor,ayni=9,34.7,,"aradaki kara Voronoi'de tamamen aynı sahipte (9/9 örnek, deniz 0) — kopukluk yalnız 150 km bağ eşiğinden/nokta seyrekliğinden"
68,1466-10-19,1569-07-01,Torun (Toruń),polonya-erken,4,Elbing (Elbląg)+Gdansk+Poznan+Torun (Toruń),Łódź,150.7,150.7,Königsberg (almanya),226.6,A-koridor,VERİ KUSURU,V-boşkoridor,ayni=9,122.3,,"aradaki kara Voronoi'de tamamen aynı sahipte (9/9 örnek, deniz 0) — kopukluk yalnız 150 km bağ eşiğinden/nokta seyrekliğinden"
69,1569-07-01,1793-01-23,Torun (Toruń),lehistan,4,Elbing (Elbląg)+Gdansk+Poznan+Torun (Toruń),Łódź,150.7,150.7,Königsberg (prusya-dukaligi),226.6,A-koridor,VERİ KUSURU,V-boşkoridor,ayni=9,122.3,,"aradaki kara Voronoi'de tamamen aynı sahipte (9/9 örnek, deniz 0) — kopukluk yalnız 150 km bağ eşiğinden/nokta seyrekliğinden"
70,1807-07-09,1815-06-09,Torun (Toruń),varsova-dukaligi,2,Poznan+Torun (Toruń),Łódź,150.7,150.7,Elbing (Elbląg) (prusya),137.6,A-koridor,VERİ KUSURU,V-boşkoridor,ayni=9,122.3,,"aradaki kara Voronoi'de tamamen aynı sahipte (9/9 örnek, deniz 0) — kopukluk yalnız 150 km bağ eşiğinden/nokta seyrekliğinden"
71,1920-01-18,1923-10-29,Torun (Toruń),polonya,2,Poznan+Torun (Toruń),Łódź,150.7,150.7,Elbing (Elbląg) (almanya),137.6,A-koridor,VERİ KUSURU,V-boşkoridor,ayni=9,122.3,,"aradaki kara Voronoi'de tamamen aynı sahipte (9/9 örnek, deniz 0) — kopukluk yalnız 150 km bağ eşiğinden/nokta seyrekliğinden"
72,1795-10-24,1815-05-03,Krakov,HABSBURG,1,Krakov,Eperjes (Prešov),150.8,150.8,Kattowitz (Katowice) (prusya),69.3,A-koridor,VERİ KUSURU,V-boşkoridor,ayni=9,63.3,evet,"aradaki kara Voronoi'de tamamen aynı sahipte (9/9 örnek, deniz 0) — kopukluk yalnız 150 km bağ eşiğinden/nokta seyrekliğinden · tek nokta, ≤150 km komşularının hepsi prusya"
73,1846-11-11,1918-11-11,Krakov,HABSBURG,1,Krakov,Eperjes (Prešov),150.8,150.8,Kattowitz (Katowice) (prusya),69.3,A-koridor,VERİ KUSURU,V-boşkoridor,ayni=9,63.3,evet,"aradaki kara Voronoi'de tamamen aynı sahipte (9/9 örnek, deniz 0) — kopukluk yalnız 150 km bağ eşiğinden/nokta seyrekliğinden"
74,1504-01-01,1821-06-14,Rusayris,funj,4,Ed-Damazîn+Fâzûğlî+Kurmuk+Rusayris,Sincâ,151.0,151.0,Metemma (habesistan),228.2,A-koridor,VERİ KUSURU,V-boşkoridor,ayni=9,147.1,,"aradaki kara Voronoi'de tamamen aynı sahipte (9/9 örnek, deniz 0) — kopukluk yalnız 150 km bağ eşiğinden/nokta seyrekliğinden"
75,1821-06-14,1885-01-26,Rusayris,OSMANLI,4,Ed-Damazîn+Fâzûğlî+Kurmuk+Rusayris,Sincâ,151.0,151.0,Metemma (habesistan),228.2,A-koridor,VERİ KUSURU,V-boşkoridor,ayni=9,147.1,,"aradaki kara Voronoi'de tamamen aynı sahipte (9/9 örnek, deniz 0) — kopukluk yalnız 150 km bağ eşiğinden/nokta seyrekliğinden"
76,1885-01-26,1899-01-19,Rusayris,mehdi,4,Ed-Damazîn+Fâzûğlî+Kurmuk+Rusayris,Sincâ,151.0,151.0,Metemma (habesistan),228.2,A-koridor,VERİ KUSURU,V-boşkoridor,ayni=9,147.1,,"aradaki kara Voronoi'de tamamen aynı sahipte (9/9 örnek, deniz 0) — kopukluk yalnız 150 km bağ eşiğinden/nokta seyrekliğinden"
77,1899-01-19,1923-10-29,Rusayris,ingiliz-sudani,4,Ed-Damazîn+Fâzûğlî+Kurmuk+Rusayris,Sincâ,151.0,151.0,Asosa (habesistan),199.8,A-koridor,VERİ KUSURU,V-boşkoridor,ayni=9,147.1,,"aradaki kara Voronoi'de tamamen aynı sahipte (9/9 örnek, deniz 0) — kopukluk yalnız 150 km bağ eşiğinden/nokta seyrekliğinden"
78,1900-01-01,1923-10-29,Bukavu,belcika,2,Bukavu+Uvira,Valikale,151.0,151.0,Nyanza (Ruanda) (ruanda),100.5,A-koridor,VERİ KUSURU,V-boşkoridor,ayni=9,74.6,,"aradaki kara Voronoi'de tamamen aynı sahipte (9/9 örnek, deniz 0) — kopukluk yalnız 150 km bağ eşiğinden/nokta seyrekliğinden"
79,1577-01-01,1884-07-18,Lasanod,somali,4,Buhodle+Garove+Lasanod+Taleh,Ceel Afveyn,151.5,151.5,Dagahbûr (adal),418.4,A-koridor,VERİ KUSURU,V-boşkoridor,ayni=9,397.6,,"aradaki kara Voronoi'de tamamen aynı sahipte (9/9 örnek, deniz 0) — kopukluk yalnız 150 km bağ eşiğinden/nokta seyrekliğinden"
80,1884-07-18,1923-10-29,Lasanod,ingiltere,3,Buhodle+Lasanod+Taleh,Ceel Afveyn,151.5,151.5,Garove (somali),123.7,A-koridor,VERİ KUSURU,V-boşkoridor,ayni=9,80.4,,"aradaki kara Voronoi'de tamamen aynı sahipte (9/9 örnek, deniz 0) — kopukluk yalnız 150 km bağ eşiğinden/nokta seyrekliğinden"
81,1884-07-18,1923-10-29,Ceel Afveyn,ingiltere,5,Ceel Afveyn+Erigavo+Hîs+Lâs Hore+Mayd,Lasanod,151.5,151.5,Garove (somali),211.9,A-koridor,VERİ KUSURU,V-boşkoridor,ayni=9,80.4,,"aradaki kara Voronoi'de tamamen aynı sahipte (9/9 örnek, deniz 0) — kopukluk yalnız 150 km bağ eşiğinden/nokta seyrekliğinden"
82,1887-01-06,1923-10-29,Cîcîga,habesistan,2,Cîcîga+Harar,Dagahbûr,151.6,151.6,Borama (ingiltere),77.5,A-koridor,VERİ KUSURU,V-boşkoridor,ayni=9,52.4,,"aradaki kara Voronoi'de tamamen aynı sahipte (9/9 örnek, deniz 0) — kopukluk yalnız 150 km bağ eşiğinden/nokta seyrekliğinden"
83,1736-09-02,1917-03-15,Çelyabinsk,rusya,2,Zaural Başkurt toprakları+Çelyabinsk,Dalmatovo,154.9,154.9,,,A-koridor,VERİ KUSURU,V-boşkoridor,ayni=9,999.0,,"aradaki kara Voronoi'de tamamen aynı sahipte (9/9 örnek, deniz 0) — kopukluk yalnız 150 km bağ eşiğinden/nokta seyrekliğinden"
84,1917-03-15,1917-11-07,Çelyabinsk,rusya-gecici-hukumet,5,Başkurt toprakları (İdil-Ural)+Troitsk+Zaural Başkurt toprakları+Zlatoust+Çelyabinsk,Dalmatovo,154.9,154.9,,,A-koridor,VERİ KUSURU,V-boşkoridor,ayni=9,999.0,,"aradaki kara Voronoi'de tamamen aynı sahipte (9/9 örnek, deniz 0) — kopukluk yalnız 150 km bağ eşiğinden/nokta seyrekliğinden"
85,1917-11-07,1923-10-29,Çelyabinsk,sovyet-rusya,5,Başkurt toprakları (İdil-Ural)+Troitsk+Zaural Başkurt toprakları+Zlatoust+Çelyabinsk,Dalmatovo,154.9,154.9,,,A-koridor,VERİ KUSURU,V-boşkoridor,ayni=9,999.0,,"aradaki kara Voronoi'de tamamen aynı sahipte (9/9 örnek, deniz 0) — kopukluk yalnız 150 km bağ eşiğinden/nokta seyrekliğinden"
86,1333-07-04,1336-11-07,Sunpu (Şizuoka),kenmu,3,Kamakura+Odawara+Sunpu (Şizuoka),Gifu,155.6,155.6,,,A-koridor,VERİ KUSURU,V-boşkoridor,ayni=9,999.0,,"aradaki kara Voronoi'de tamamen aynı sahipte (9/9 örnek, deniz 0) — kopukluk yalnız 150 km bağ eşiğinden/nokta seyrekliğinden"
87,1336-11-07,1573-01-01,Sunpu (Şizuoka),muromachi,3,Kamakura+Odawara+Sunpu (Şizuoka),Gifu,155.6,155.6,,,A-koridor,VERİ KUSURU,V-boşkoridor,ayni=9,999.0,,"aradaki kara Voronoi'de tamamen aynı sahipte (9/9 örnek, deniz 0) — kopukluk yalnız 150 km bağ eşiğinden/nokta seyrekliğinden"
88,1573-01-01,1603-03-24,Sunpu (Şizuoka),azuchi-momoyama,4,Edo (Tokyo)+Kamakura+Odawara+Sunpu (Şizuoka),Gifu,155.6,155.6,,,A-koridor,VERİ KUSURU,V-boşkoridor,ayni=9,999.0,,"aradaki kara Voronoi'de tamamen aynı sahipte (9/9 örnek, deniz 0) — kopukluk yalnız 150 km bağ eşiğinden/nokta seyrekliğinden"
89,1603-03-24,1868-01-03,Sunpu (Şizuoka),edo-bakufu,4,Edo (Tokyo)+Kamakura+Odawara+Sunpu (Şizuoka),Gifu,155.6,155.6,Osaka (azuchi-momoyama),264.8,A-koridor,VERİ KUSURU,V-boşkoridor,ayni=9,119.1,,"aradaki kara Voronoi'de tamamen aynı sahipte (9/9 örnek, deniz 0) — kopukluk yalnız 150 km bağ eşiğinden/nokta seyrekliğinden"
90,1792-09-22,1923-10-29,Grenoble,fransa-cumhuriyet,3,Clermont-Ferrand+Grenoble+Lyon,Avignon,155.8,141.6,Chambéry (sardinya),44.5,A-koridor,VERİ KUSURU,V-boşkoridor,ayni=8,221.2,,"aradaki kara Voronoi'de tamamen aynı sahipte (8/8 örnek, deniz 0) — kopukluk yalnız 150 km bağ eşiğinden/nokta seyrekliğinden"
91,1810-02-20,1917-03-15,Kutaisi,rusya,1,Kutaisi,Kabartay (Nalçik),156.1,156.1,Zazalo (OSMANLI),71.6,A-koridor,VERİ KUSURU,V-boşkoridor,ayni=9,60.6,,"aradaki kara Voronoi'de tamamen aynı sahipte (9/9 örnek, deniz 0) — kopukluk yalnız 150 km bağ eşiğinden/nokta seyrekliğinden · tek nokta, ≤150 km komşularının hepsi OSMANLI"
92,1362-01-01,1503-04-02,Kursk,litvanya-buyuk-dukalik,3,Bryansk+Kursk+Orel,Hluhiv,156.9,156.9,Belgorod (altinorda),129.2,A-koridor,VERİ KUSURU,V-boşkoridor,ayni=9,84.8,,"aradaki kara Voronoi'de tamamen aynı sahipte (9/9 örnek, deniz 0) — kopukluk yalnız 150 km bağ eşiğinden/nokta seyrekliğinden"
93,1503-04-02,1547-01-16,Kursk,moskova,3,Bryansk+Kursk+Orel,Hluhiv,156.9,156.9,Baturin (litvanya-buyuk-dukalik),233.2,A-koridor,VERİ KUSURU,V-boşkoridor,ayni=9,77.4,,"aradaki kara Voronoi'de tamamen aynı sahipte (9/9 örnek, deniz 0) — kopukluk yalnız 150 km bağ eşiğinden/nokta seyrekliğinden"
94,1503-04-02,1547-01-16,Hluhiv,moskova,4,Hluhiv+Novgorod-Seversk+Putivl+Çernigov,Kursk,156.9,156.9,Baturin (litvanya-buyuk-dukalik),80.9,A-koridor,VERİ KUSURU,V-boşkoridor,ayni=9,77.4,,"aradaki kara Voronoi'de tamamen aynı sahipte (9/9 örnek, deniz 0) — kopukluk yalnız 150 km bağ eşiğinden/nokta seyrekliğinden"
95,1547-01-16,1917-03-15,Kursk,rusya,3,Bryansk+Kursk+Orel,Hluhiv,156.9,156.9,Baturin (litvanya-buyuk-dukalik),233.2,A-koridor,VERİ KUSURU,V-boşkoridor,ayni=9,77.4,,"aradaki kara Voronoi'de tamamen aynı sahipte (9/9 örnek, deniz 0) — kopukluk yalnız 150 km bağ eşiğinden/nokta seyrekliğinden"
96,1547-01-16,1917-03-15,Hluhiv,rusya,4,Hluhiv+Novgorod-Seversk+Putivl+Çernigov,Kursk,156.9,156.9,Baturin (litvanya-buyuk-dukalik),80.9,A-koridor,VERİ KUSURU,V-boşkoridor,ayni=9,77.4,,"aradaki kara Voronoi'de tamamen aynı sahipte (9/9 örnek, deniz 0) — kopukluk yalnız 150 km bağ eşiğinden/nokta seyrekliğinden"
97,1867-07-01,1923-10-29,Kahnawake,kanada,5,Kahnawake+Montreal (Ville-Marie)+Odanak (Abenaki)+Quebec+Trois-Rivières,Bytown (Ottawa),157.4,157.4,Mohawk (Kayenlaha'ke) (abd),278.5,A-koridor,VERİ KUSURU,V-boşkoridor,ayni=8 deniz=1,190.6,evet,"aradaki kara Voronoi'de tamamen aynı sahipte (8/9 örnek, deniz 1) — kopukluk yalnız 150 km bağ eşiğinden/nokta seyrekliğinden"
98,1504-01-01,1821-06-14,Ed-Damazîn,funj,4,Ed-Damazîn+Fâzûğlî+Kurmuk+Rusayris,Sincâ,157.7,151.0,Metemma (habesistan),235.0,A-koridor,VERİ KUSURU,V-boşkoridor,ayni=9,147.1,,"aradaki kara Voronoi'de tamamen aynı sahipte (9/9 örnek, deniz 0) — kopukluk yalnız 150 km bağ eşiğinden/nokta seyrekliğinden"
99,1821-06-14,1885-01-26,Ed-Damazîn,OSMANLI,4,Ed-Damazîn+Fâzûğlî+Kurmuk+Rusayris,Sincâ,157.7,151.0,Metemma (habesistan),235.0,A-koridor,VERİ KUSURU,V-boşkoridor,ayni=9,147.1,,"aradaki kara Voronoi'de tamamen aynı sahipte (9/9 örnek, deniz 0) — kopukluk yalnız 150 km bağ eşiğinden/nokta seyrekliğinden"
100,1885-01-26,1899-01-19,Ed-Damazîn,mehdi,4,Ed-Damazîn+Fâzûğlî+Kurmuk+Rusayris,Sincâ,157.7,151.0,Metemma (habesistan),235.0,A-koridor,VERİ KUSURU,V-boşkoridor,ayni=9,147.1,,"aradaki kara Voronoi'de tamamen aynı sahipte (9/9 örnek, deniz 0) — kopukluk yalnız 150 km bağ eşiğinden/nokta seyrekliğinden"
101,1899-01-19,1923-10-29,Ed-Damazîn,ingiliz-sudani,4,Ed-Damazîn+Fâzûğlî+Kurmuk+Rusayris,Sincâ,157.7,151.0,Asosa (habesistan),192.1,A-koridor,VERİ KUSURU,V-boşkoridor,ayni=9,147.1,,"aradaki kara Voronoi'de tamamen aynı sahipte (9/9 örnek, deniz 0) — kopukluk yalnız 150 km bağ eşiğinden/nokta seyrekliğinden"
102,1503-04-02,1547-01-16,Novgorod-Seversk,moskova,4,Hluhiv+Novgorod-Seversk+Putivl+Çernigov,Bryansk,158.3,156.9,Baturin (litvanya-buyuk-dukalik),76.4,A-koridor,VERİ KUSURU,V-boşkoridor,ayni=9,77.4,,"aradaki kara Voronoi'de tamamen aynı sahipte (9/9 örnek, deniz 0) — kopukluk yalnız 150 km bağ eşiğinden/nokta seyrekliğinden"
103,1547-01-16,1618-12-11,Novgorod-Seversk,rusya,4,Hluhiv+Novgorod-Seversk+Putivl+Çernigov,Bryansk,158.3,156.9,Baturin (litvanya-buyuk-dukalik),76.4,A-koridor,VERİ KUSURU,V-boşkoridor,ayni=9,77.4,,"aradaki kara Voronoi'de tamamen aynı sahipte (9/9 örnek, deniz 0) — kopukluk yalnız 150 km bağ eşiğinden/nokta seyrekliğinden"
104,1556-01-01,1917-03-15,Yeni Saray (Tsarev),rusya,3,Beldjamen+Kamışin+Yeni Saray (Tsarev),Rın kumulları (Volga-Yayık arası),158.8,158.8,Bozkır (Deşt-i Kıpçak) (OSMANLI),249.7,A-koridor,VERİ KUSURU,V-boşkoridor,ayni=9,249.3,,"aradaki kara Voronoi'de tamamen aynı sahipte (9/9 örnek, deniz 0) — kopukluk yalnız 150 km bağ eşiğinden/nokta seyrekliğinden"
105,1556-01-01,1917-03-15,Ukek (Uvek),rusya,2,Petrovsk (Saratov)+Ukek (Uvek),Kamışin,159.0,159.0,Penza (nogay),202.9,A-koridor,VERİ KUSURU,V-boşkoridor,ayni=9,179.9,,"aradaki kara Voronoi'de tamamen aynı sahipte (9/9 örnek, deniz 0) — kopukluk yalnız 150 km bağ eşiğinden/nokta seyrekliğinden"
106,1917-03-15,1917-11-07,Taganrog,rusya-gecici-hukumet,4,Azak+Rostov (Don)+Taganrog+Çerkask (Razdory),Camboyluk bozkırı,159.2,159.2,,,A-koridor,VERİ KUSURU,V-boşkoridor,ayni=9,999.0,,"aradaki kara Voronoi'de tamamen aynı sahipte (9/9 örnek, deniz 0) — kopukluk yalnız 150 km bağ eşiğinden/nokta seyrekliğinden"
107,1917-11-07,1923-10-29,Taganrog,sovyet-rusya,4,Azak+Rostov (Don)+Taganrog+Çerkask (Razdory),Camboyluk bozkırı,159.2,159.2,Sohum (transkafkasya),499.6,A-koridor,VERİ KUSURU,V-boşkoridor,ayni=9,999.0,,"aradaki kara Voronoi'de tamamen aynı sahipte (9/9 örnek, deniz 0) — kopukluk yalnız 150 km bağ eşiğinden/nokta seyrekliğinden"
108,1918-05-26,1921-03-16,Kutaisi,gurcistan-demokratik-cumhuriyeti,1,Kutaisi,Sohum,159.2,159.2,Zazalo (sovyet-rusya),71.6,A-koridor,VERİ KUSURU,V-boşkoridor,ayni=9,32.2,evet,"aradaki kara Voronoi'de tamamen aynı sahipte (9/9 örnek, deniz 0) — kopukluk yalnız 150 km bağ eşiğinden/nokta seyrekliğinden"
109,1737-01-01,1917-03-15,İlek,rusya,3,Ural eteği+Uralsk (Yayık)+İlek,Buzuluk,159.9,159.9,Emba (Cem) (kazak-hanligi),536.9,A-koridor,VERİ KUSURU,V-boşkoridor,ayni=9,999.0,,"aradaki kara Voronoi'de tamamen aynı sahipte (9/9 örnek, deniz 0) — kopukluk yalnız 150 km bağ eşiğinden/nokta seyrekliğinden"
110,1917-03-15,1917-11-07,İlek,rusya-gecici-hukumet,4,Orenburg+Ural eteği+Uralsk (Yayık)+İlek,Buzuluk,159.9,159.9,,,A-koridor,VERİ KUSURU,V-boşkoridor,ayni=9,999.0,,"aradaki kara Voronoi'de tamamen aynı sahipte (9/9 örnek, deniz 0) — kopukluk yalnız 150 km bağ eşiğinden/nokta seyrekliğinden"
111,1917-11-07,1923-10-29,İlek,sovyet-rusya,4,Orenburg+Ural eteği+Uralsk (Yayık)+İlek,Buzuluk,159.9,159.9,,,A-koridor,VERİ KUSURU,V-boşkoridor,ayni=9,999.0,,"aradaki kara Voronoi'de tamamen aynı sahipte (9/9 örnek, deniz 0) — kopukluk yalnız 150 km bağ eşiğinden/nokta seyrekliğinden"
112,1370-04-09,1500-01-01,Şehrisebz (Kiş),timurlu,4,Cizzah+Karşi (Nahşeb)+Semerkant+Şehrisebz (Kiş),Hisar,160.4,152.3,,,A-koridor,VERİ KUSURU,V-boşkoridor,ayni=9,999.0,evet,"aradaki kara Voronoi'de tamamen aynı sahipte (9/9 örnek, deniz 0) — kopukluk yalnız 150 km bağ eşiğinden/nokta seyrekliğinden"
113,1500-01-01,1920-09-02,Şehrisebz (Kiş),buhara,4,Cizzah+Karşi (Nahşeb)+Semerkant+Şehrisebz (Kiş),Hisar,160.4,155.5,Belh (timurlu),255.8,A-koridor,VERİ KUSURU,V-boşkoridor,ayni=9,246.9,,"aradaki kara Voronoi'de tamamen aynı sahipte (9/9 örnek, deniz 0) — kopukluk yalnız 150 km bağ eşiğinden/nokta seyrekliğinden"
114,1920-09-02,1923-10-29,Şehrisebz (Kiş),sovyet-rusya,4,Cizzah+Karşi (Nahşeb)+Semerkant+Şehrisebz (Kiş),Hisar,160.4,152.3,Belh (afganistan),255.8,A-koridor,VERİ KUSURU,V-boşkoridor,ayni=9,302.3,,"aradaki kara Voronoi'de tamamen aynı sahipte (9/9 örnek, deniz 0) — kopukluk yalnız 150 km bağ eşiğinden/nokta seyrekliğinden"
115,1532-11-16,1542-11-20,Cajamarca,ispanya,2,Cajamarca+Chan Chan,Túcume,160.8,160.8,Huánuco Pampa (Huánuco Viejo) (inka-imparatorlugu),377.3,A-koridor,VERİ KUSURU,V-boşkoridor,ayni=9,369.2,,"aradaki kara Voronoi'de tamamen aynı sahipte (9/9 örnek, deniz 0) — kopukluk yalnız 150 km bağ eşiğinden/nokta seyrekliğinden"
116,1542-11-20,1824-12-09,Cajamarca,ispanyol-peru,3,Cajamarca+Chan Chan+Trujillo (Peru),Túcume,160.8,160.8,,,A-koridor,VERİ KUSURU,V-boşkoridor,ayni=9,999.0,,"aradaki kara Voronoi'de tamamen aynı sahipte (9/9 örnek, deniz 0) — kopukluk yalnız 150 km bağ eşiğinden/nokta seyrekliğinden"
117,1824-12-09,1923-10-29,Cajamarca,peru-cumhuriyeti,3,Cajamarca+Chan Chan+Trujillo (Peru),Túcume,160.8,160.8,Loja (gran-kolombiya),360.0,A-koridor,VERİ KUSURU,V-boşkoridor,ayni=9,235.7,,"aradaki kara Voronoi'de tamamen aynı sahipte (9/9 örnek, deniz 0) — kopukluk yalnız 150 km bağ eşiğinden/nokta seyrekliğinden"
118,1806-01-01,1901-01-01,Launceston,ingiltere,1,Launceston,Hobart,161.8,161.8,,,A-koridor,VERİ KUSURU,V-boşkoridor,ayni=9,999.0,,"aradaki kara Voronoi'de tamamen aynı sahipte (9/9 örnek, deniz 0) — kopukluk yalnız 150 km bağ eşiğinden/nokta seyrekliğinden"
119,1917-03-15,1917-11-07,Kabansk,rusya-gecici-hukumet,4,Kabansk+Selenginsk+Verhneudinsk+İlyinsk,İrkutsk,163.7,163.7,Bulgan (mogolistan),422.6,A-koridor,VERİ KUSURU,V-boşkoridor,ayni=9,999.0,,"aradaki kara Voronoi'de tamamen aynı sahipte (9/9 örnek, deniz 0) — kopukluk yalnız 150 km bağ eşiğinden/nokta seyrekliğinden"
120,1917-11-07,1923-10-29,Kabansk,sovyet-rusya,4,Kabansk+Selenginsk+Verhneudinsk+İlyinsk,İrkutsk,163.7,163.7,Bulgan (mogolistan),422.6,A-koridor,VERİ KUSURU,V-boşkoridor,ayni=9,999.0,,"aradaki kara Voronoi'de tamamen aynı sahipte (9/9 örnek, deniz 0) — kopukluk yalnız 150 km bağ eşiğinden/nokta seyrekliğinden"
121,1868-01-01,1923-10-29,Taupō,yeni-zelanda,5,Auckland+Hamilton (Yeni Zelanda)+Napier+Taupō+Whangārei,Whanganui,164.0,164.0,,,A-koridor,VERİ KUSURU,V-boşkoridor,ayni=9,999.0,,"aradaki kara Voronoi'de tamamen aynı sahipte (9/9 örnek, deniz 0) — kopukluk yalnız 150 km bağ eşiğinden/nokta seyrekliğinden"
122,1368-01-23,1644-04-25,Suzhou,ming-hanedani,5,Hangzhou+Ningbo+Shaoxing+Suzhou+Şanghay,Yangzhou,164.6,164.6,Qufu (yuan-hanedani),582.6,A-koridor,VERİ KUSURU,V-boşkoridor,ayni=9,419.5,,"aradaki kara Voronoi'de tamamen aynı sahipte (9/9 örnek, deniz 0) — kopukluk yalnız 150 km bağ eşiğinden/nokta seyrekliğinden"
123,1644-04-25,1645-06-08,Suzhou,guney-ming,5,Hangzhou+Ningbo+Shaoxing+Suzhou+Şanghay,Yangzhou,164.6,164.6,Qufu (ming-hanedani),582.6,A-koridor,VERİ KUSURU,V-boşkoridor,ayni=9,419.5,,"aradaki kara Voronoi'de tamamen aynı sahipte (9/9 örnek, deniz 0) — kopukluk yalnız 150 km bağ eşiğinden/nokta seyrekliğinden"
124,1645-06-08,1860-06-02,Suzhou,qing-hanedani,2,Suzhou+Şanghay,Yangzhou,164.6,164.6,Hangzhou (guney-ming),121.2,A-koridor,VERİ KUSURU,V-boşkoridor,ayni=9,93.3,,"aradaki kara Voronoi'de tamamen aynı sahipte (9/9 örnek, deniz 0) — kopukluk yalnız 150 km bağ eşiğinden/nokta seyrekliğinden"
125,1860-06-02,1863-12-04,Suzhou,taiping,1,Suzhou,Yangzhou,164.6,164.6,Şanghay (qing-hanedani),84.8,A-koridor,VERİ KUSURU,V-boşkoridor,ayni=9,73.5,,"aradaki kara Voronoi'de tamamen aynı sahipte (9/9 örnek, deniz 0) — kopukluk yalnız 150 km bağ eşiğinden/nokta seyrekliğinden · tek nokta, ≤150 km komşularının hepsi qing-hanedani"
126,1912-02-12,1923-10-29,Suzhou,cin-cumhuriyeti,5,Hangzhou+Ningbo+Shaoxing+Suzhou+Şanghay,Yangzhou,164.6,164.6,,,A-koridor,VERİ KUSURU,V-boşkoridor,ayni=9,999.0,,"aradaki kara Voronoi'de tamamen aynı sahipte (9/9 örnek, deniz 0) — kopukluk yalnız 150 km bağ eşiğinden/nokta seyrekliğinden"
127,1783-04-19,1829-09-14,Tuapse,OSMANLI,4,Maykop (Çerkezya)+Sohum+Soçi (Sâşe)+Tuapse,Anapa,165.3,159.2,Kuban (Yekaterinodar) (rusya),104.0,A-koridor,VERİ KUSURU,V-boşkoridor,ayni=9,92.7,,"aradaki kara Voronoi'de tamamen aynı sahipte (9/9 örnek, deniz 0) — kopukluk yalnız 150 km bağ eşiğinden/nokta seyrekliğinden"
128,1881-01-01,1923-10-29,Podor,fransa-cumhuriyet,3,Nder (Valo)+Podor+Saint-Louis (Ndar),Kaedi,165.4,165.4,Butilimit (moritanya-emirlikleri),103.8,A-koridor,VERİ KUSURU,V-boşkoridor,ayni=10,57.4,,"aradaki kara Voronoi'de tamamen aynı sahipte (10/10 örnek, deniz 0) — kopukluk yalnız 150 km bağ eşiğinden/nokta seyrekliğinden"
129,1739-09-18,1917-03-15,Taganrog,rusya,3,Azak+Taganrog+Çerkask (Razdory),Bahmut,165.6,165.6,Camboyluk bozkırı (OSMANLI),159.2,A-koridor,VERİ KUSURU,V-boşkoridor,ayni=10,76.9,,"aradaki kara Voronoi'de tamamen aynı sahipte (10/10 örnek, deniz 0) — kopukluk yalnız 150 km bağ eşiğinden/nokta seyrekliğinden"
130,1340-01-01,1386-01-01,Gence,celayirli,2,Berde (Karabağ)+Gence,Revan,165.8,165.8,Ereş (sirvansah),80.3,A-koridor,VERİ KUSURU,V-boşkoridor,ayni=10,64.8,,"aradaki kara Voronoi'de tamamen aynı sahipte (10/10 örnek, deniz 0) — kopukluk yalnız 150 km bağ eşiğinden/nokta seyrekliğinden"
131,1386-01-01,1406-10-21,Gence,timurlu,2,Berde (Karabağ)+Gence,Revan,165.8,165.8,Ereş (sirvansah),80.3,A-koridor,VERİ KUSURU,V-boşkoridor,ayni=10,64.8,evet,"aradaki kara Voronoi'de tamamen aynı sahipte (10/10 örnek, deniz 0) — kopukluk yalnız 150 km bağ eşiğinden/nokta seyrekliğinden"
132,1451-08-20,1792-09-22,Bayonne,fransa,2,Bayonne+Pau,Bordo,165.8,150.4,San Sebastián (kastilya),45.3,A-koridor,VERİ KUSURU,V-boşkoridor,ayni=9,115.6,,"aradaki kara Voronoi'de tamamen aynı sahipte (9/9 örnek, deniz 0) — kopukluk yalnız 150 km bağ eşiğinden/nokta seyrekliğinden"
133,1501-07-01,1736-03-08,Gence,safevi,2,Berde (Karabağ)+Gence,Revan,165.8,165.8,Ereş (sirvansah),80.3,A-koridor,VERİ KUSURU,V-boşkoridor,ayni=10,64.8,evet,"aradaki kara Voronoi'de tamamen aynı sahipte (10/10 örnek, deniz 0) — kopukluk yalnız 150 km bağ eşiğinden/nokta seyrekliğinden"
134,1792-09-22,1923-10-29,Bayonne,fransa-cumhuriyet,2,Bayonne+Pau,Bordo,165.8,150.4,San Sebastián (ispanya),45.3,A-koridor,VERİ KUSURU,V-boşkoridor,ayni=9,115.6,,"aradaki kara Voronoi'de tamamen aynı sahipte (9/9 örnek, deniz 0) — kopukluk yalnız 150 km bağ eşiğinden/nokta seyrekliğinden"
135,1861-02-13,1923-10-29,Katanya (Catania),italya,5,Cosenza+Katanya (Catania)+Messina+Reggio Calabria+Sirakuza,Palermo,166.3,155.5,Malta (ingiltere),185.4,A-koridor,VERİ KUSURU,V-boşkoridor,ayni=3 deniz=6,219.2,,"aradaki kara Voronoi'de tamamen aynı sahipte (3/9 örnek, deniz 6) — kopukluk yalnız 150 km bağ eşiğinden/nokta seyrekliğinden"
136,1503-04-02,1547-01-16,Putivl,moskova,4,Hluhiv+Novgorod-Seversk+Putivl+Çernigov,Kursk,166.5,156.9,Baturin (litvanya-buyuk-dukalik),68.9,A-koridor,VERİ KUSURU,V-boşkoridor,ayni=9,77.4,,"aradaki kara Voronoi'de tamamen aynı sahipte (9/9 örnek, deniz 0) — kopukluk yalnız 150 km bağ eşiğinden/nokta seyrekliğinden"
137,1547-01-16,1917-03-15,Putivl,rusya,4,Hluhiv+Novgorod-Seversk+Putivl+Çernigov,Kursk,166.5,156.9,Baturin (litvanya-buyuk-dukalik),68.9,A-koridor,VERİ KUSURU,V-boşkoridor,ayni=9,77.4,,"aradaki kara Voronoi'de tamamen aynı sahipte (9/9 örnek, deniz 0) — kopukluk yalnız 150 km bağ eşiğinden/nokta seyrekliğinden"
138,1867-07-01,1923-10-29,Montreal (Ville-Marie),kanada,5,Kahnawake+Montreal (Ville-Marie)+Odanak (Abenaki)+Quebec+Trois-Rivières,Bytown (Ottawa),166.6,157.4,Mohawk (Kayenlaha'ke) (abd),290.1,A-koridor,VERİ KUSURU,V-boşkoridor,ayni=8 deniz=1,190.6,,"aradaki kara Voronoi'de tamamen aynı sahipte (8/9 örnek, deniz 1) — kopukluk yalnız 150 km bağ eşiğinden/nokta seyrekliğinden"
139,1656-01-01,1687-09-21,Vellor (Vellore),bicapur,3,Arkot (Arcot)+Cinci (Gingee)+Vellor (Vellore),Bangalor,166.8,166.8,Madras (Chennai) (ingiltere),124.7,A-koridor,VERİ KUSURU,V-boşkoridor,ayni=10,107.6,,"aradaki kara Voronoi'de tamamen aynı sahipte (10/10 örnek, deniz 0) — kopukluk yalnız 150 km bağ eşiğinden/nokta seyrekliğinden"
140,1590-07-12,1917-03-15,Saratov,rusya,3,Petrovsk (Saratov)+Saratov+Ukek (Uvek),Kamışin,167.2,159.0,Penza (nogay),198.2,A-koridor,VERİ KUSURU,V-boşkoridor,ayni=9,179.9,,"aradaki kara Voronoi'de tamamen aynı sahipte (9/9 örnek, deniz 0) — kopukluk yalnız 150 km bağ eşiğinden/nokta seyrekliğinden"
141,1500-01-01,1598-01-01,Sayram (İsficâb),buhara,3,Sayram (İsficâb)+Taraz (Evliya-Ata)+Çimkent,Türkistan (Yesi),167.3,154.9,Taşkent (mogulistan),118.0,A-koridor,VERİ KUSURU,V-boşkoridor,ayni=9,74.0,,"aradaki kara Voronoi'de tamamen aynı sahipte (9/9 örnek, deniz 0) — kopukluk yalnız 150 km bağ eşiğinden/nokta seyrekliğinden"
142,1598-01-01,1815-01-01,Sayram (İsficâb),kazak-hanligi,3,Sayram (İsficâb)+Taraz (Evliya-Ata)+Çimkent,Türkistan (Yesi),167.3,154.9,Taşkent (buhara),118.0,A-koridor,VERİ KUSURU,V-boşkoridor,ayni=9,91.9,,"aradaki kara Voronoi'de tamamen aynı sahipte (9/9 örnek, deniz 0) — kopukluk yalnız 150 km bağ eşiğinden/nokta seyrekliğinden"
143,1864-09-22,1917-03-15,Sayram (İsficâb),rusya,3,Sayram (İsficâb)+Taraz (Evliya-Ata)+Çimkent,Türkistan (Yesi),167.3,154.9,Taşkent (hokand),118.0,A-koridor,VERİ KUSURU,V-boşkoridor,ayni=9,91.9,,"aradaki kara Voronoi'de tamamen aynı sahipte (9/9 örnek, deniz 0) — kopukluk yalnız 150 km bağ eşiğinden/nokta seyrekliğinden"
144,1610-01-01,1680-08-10,Santa Fe,yeni-ispanya,2,Santa Fe+Taos Pueblo,Acoma Pueblo (Sky City),168.0,168.0,Halona:wa (Zuni) (zuni),272.8,A-koridor,VERİ KUSURU,V-boşkoridor,ayni=10,108.5,,"aradaki kara Voronoi'de tamamen aynı sahipte (10/10 örnek, deniz 0) — kopukluk yalnız 150 km bağ eşiğinden/nokta seyrekliğinden"
145,1692-08-01,1821-09-27,Santa Fe,yeni-ispanya,2,Santa Fe+Taos Pueblo,Acoma Pueblo (Sky City),168.0,168.0,Halona:wa (Zuni) (zuni),272.8,A-koridor,VERİ KUSURU,V-boşkoridor,ayni=10,108.5,,"aradaki kara Voronoi'de tamamen aynı sahipte (10/10 örnek, deniz 0) — kopukluk yalnız 150 km bağ eşiğinden/nokta seyrekliğinden"
146,1581-04-16,1640-12-01,Évora,ispanya,4,Badajoz+Lizbon+Setúbal+Évora,Huelva,168.4,159.3,Tanca (portekiz),362.2,A-koridor,VERİ KUSURU,V-boşkoridor,ayni=6 deniz=3,269.1,,"aradaki kara Voronoi'de tamamen aynı sahipte (6/9 örnek, deniz 3) — kopukluk yalnız 150 km bağ eşiğinden/nokta seyrekliğinden"
147,1821-09-27,1923-10-29,Saltillo,meksika,3,Monterrey+Parras+Saltillo,Monclova (Santiago de la Monclova),169.5,163.7,,,A-koridor,VERİ KUSURU,V-boşkoridor,ayni=9,999.0,,"aradaki kara Voronoi'de tamamen aynı sahipte (9/9 örnek, deniz 0) — kopukluk yalnız 150 km bağ eşiğinden/nokta seyrekliğinden"
148,1335-12-01,1340-01-01,Sâve,ilhanli,1,Sâve,Hemedan,169.7,169.7,Kum (incu),63.6,A-koridor,VERİ KUSURU,V-boşkoridor,ayni=10,50.6,,"aradaki kara Voronoi'de tamamen aynı sahipte (10/10 örnek, deniz 0) — kopukluk yalnız 150 km bağ eşiğinden/nokta seyrekliğinden · tek nokta, ≤150 km komşularının hepsi incu"
149,1340-01-01,1387-11-01,Sâve,celayirli,1,Sâve,Hemedan,169.7,169.7,Kum (incu),63.6,A-koridor,VERİ KUSURU,V-boşkoridor,ayni=10,41.9,,"aradaki kara Voronoi'de tamamen aynı sahipte (10/10 örnek, deniz 0) — kopukluk yalnız 150 km bağ eşiğinden/nokta seyrekliğinden · tek nokta, ≤150 km komşularının hepsi incu"
150,1503-01-01,1736-03-08,Hemedan,safevi,3,Burûcird+Hemedan+Nihâvend,Sâve,169.7,150.5,Kirmanşah (akkoyunlu),143.3,A-koridor,VERİ KUSURU,V-boşkoridor,ayni=9,34.7,evet,"aradaki kara Voronoi'de tamamen aynı sahipte (9/9 örnek, deniz 0) — kopukluk yalnız 150 km bağ eşiğinden/nokta seyrekliğinden"
151,1381-01-01,1398-07-15,Kırşehir,burhaneddin,2,Kayseri+Kırşehir,Çorum,170.1,170.1,Aksaray (karaman),87.1,A-koridor,VERİ KUSURU,V-boşkoridor,ayni=10,35.8,,"aradaki kara Voronoi'de tamamen aynı sahipte (10/10 örnek, deniz 0) — kopukluk yalnız 150 km bağ eşiğinden/nokta seyrekliğinden"
152,1502-03-01,1570-01-01,Çerkask (Razdory),OSMANLI,2,Azak+Çerkask (Razdory),Don bozkırı (Sal),172.3,172.3,Beldjamen (astarhan),401.0,A-koridor,VERİ KUSURU,V-boşkoridor,ayni=10,250.0,,"aradaki kara Voronoi'de tamamen aynı sahipte (10/10 örnek, deniz 0) — kopukluk yalnız 150 km bağ eşiğinden/nokta seyrekliğinden"
153,1570-01-01,1721-01-01,Çerkask (Razdory),don-kazak,1,Çerkask (Razdory),Don bozkırı (Sal),172.3,172.3,Azak (OSMANLI),49.5,A-koridor,VERİ KUSURU,V-boşkoridor,ayni=10,46.6,,"aradaki kara Voronoi'de tamamen aynı sahipte (10/10 örnek, deniz 0) — kopukluk yalnız 150 km bağ eşiğinden/nokta seyrekliğinden · tek nokta, ≤150 km komşularının hepsi OSMANLI"
154,1721-01-01,1917-03-15,Çerkask (Razdory),rusya,1,Çerkask (Razdory),Don bozkırı (Sal),172.3,172.3,Azak (OSMANLI),49.5,A-koridor,VERİ KUSURU,V-boşkoridor,ayni=10,46.6,,"aradaki kara Voronoi'de tamamen aynı sahipte (10/10 örnek, deniz 0) — kopukluk yalnız 150 km bağ eşiğinden/nokta seyrekliğinden"
155,1917-03-15,1917-11-07,Çerkask (Razdory),rusya-gecici-hukumet,4,Azak+Rostov (Don)+Taganrog+Çerkask (Razdory),Don bozkırı (Sal),172.3,159.2,,,A-koridor,VERİ KUSURU,V-boşkoridor,ayni=9,999.0,,"aradaki kara Voronoi'de tamamen aynı sahipte (9/9 örnek, deniz 0) — kopukluk yalnız 150 km bağ eşiğinden/nokta seyrekliğinden"
156,1917-11-07,1923-10-29,Çerkask (Razdory),sovyet-rusya,4,Azak+Rostov (Don)+Taganrog+Çerkask (Razdory),Don bozkırı (Sal),172.3,159.2,Sohum (transkafkasya),477.5,A-koridor,VERİ KUSURU,V-boşkoridor,ayni=9,999.0,,"aradaki kara Voronoi'de tamamen aynı sahipte (9/9 örnek, deniz 0) — kopukluk yalnız 150 km bağ eşiğinden/nokta seyrekliğinden"
157,1640-12-01,1923-10-29,Évora,portekiz,3,Lizbon+Setúbal+Évora,Faro,172.6,159.3,Badajoz (ispanya),88.2,A-koridor,VERİ KUSURU,V-boşkoridor,ayni=6 deniz=3,93.8,,"aradaki kara Voronoi'de tamamen aynı sahipte (6/9 örnek, deniz 3) — kopukluk yalnız 150 km bağ eşiğinden/nokta seyrekliğinden"
158,1821-09-27,1923-10-29,Compostela,meksika,1,Compostela,Guadalajara,173.2,173.2,,,A-koridor,VERİ KUSURU,V-boşkoridor,ayni=10,999.0,,"aradaki kara Voronoi'de tamamen aynı sahipte (10/10 örnek, deniz 0) — kopukluk yalnız 150 km bağ eşiğinden/nokta seyrekliğinden"
159,1381-01-01,1398-07-15,Kayseri,burhaneddin,2,Kayseri+Kırşehir,Sivas,173.9,170.1,Zamantı (Pınarbaşı) (dulkadir),64.4,A-koridor,VERİ KUSURU,V-boşkoridor,ayni=10,35.8,,"aradaki kara Voronoi'de tamamen aynı sahipte (10/10 örnek, deniz 0) — kopukluk yalnız 150 km bağ eşiğinden/nokta seyrekliğinden"
160,1478-01-15,1547-01-16,Eski Ladoga,moskova,3,Eski Ladoga+Oreşek (Nöteborg)+Tihvin,Novgorod,174.2,159.8,Viipuri (Vyborg) (isvec-birlik-oncesi),211.6,A-koridor,VERİ KUSURU,V-boşkoridor,ayni=9,89.1,,"aradaki kara Voronoi'de tamamen aynı sahipte (9/9 örnek, deniz 0) — kopukluk yalnız 150 km bağ eşiğinden/nokta seyrekliğinden"
161,1547-01-16,1917-03-15,Eski Ladoga,rusya,3,Eski Ladoga+Oreşek (Nöteborg)+Tihvin,Novgorod,174.2,159.8,Viipuri (Vyborg) (isvec),211.6,A-koridor,VERİ KUSURU,V-boşkoridor,ayni=9,89.1,,"aradaki kara Voronoi'de tamamen aynı sahipte (9/9 örnek, deniz 0) — kopukluk yalnız 150 km bağ eşiğinden/nokta seyrekliğinden"
162,1792-09-22,1923-10-29,Lyon,fransa-cumhuriyet,3,Clermont-Ferrand+Grenoble+Lyon,Dijon,174.4,141.6,Chambéry (sardinya),86.9,A-koridor,VERİ KUSURU,V-boşkoridor,ayni=8,221.2,,"aradaki kara Voronoi'de tamamen aynı sahipte (8/8 örnek, deniz 0) — kopukluk yalnız 150 km bağ eşiğinden/nokta seyrekliğinden"
163,1864-08-24,1923-10-29,Hamilton (Yeni Zelanda),yeni-zelanda,3,Auckland+Hamilton (Yeni Zelanda)+Whangārei,New Plymouth,175.8,175.8,,,A-koridor,VERİ KUSURU,V-boşkoridor,ayni=5 deniz=5,999.0,,"aradaki kara Voronoi'de tamamen aynı sahipte (5/10 örnek, deniz 5) — kopukluk yalnız 150 km bağ eşiğinden/nokta seyrekliğinden"
164,1640-12-01,1923-10-29,Coimbra,portekiz,5,Aveiro+Braga+Bragança+Coimbra+Porto,Lizbon,176.2,176.2,Badajoz (ispanya),192.1,A-koridor,VERİ KUSURU,V-boşkoridor,ayni=9 deniz=1,88.4,,"aradaki kara Voronoi'de tamamen aynı sahipte (9/10 örnek, deniz 1) — kopukluk yalnız 150 km bağ eşiğinden/nokta seyrekliğinden"
165,1320-01-01,1569-07-01,Jitomir (Zhytomyr),litvanya-buyuk-dukalik,1,Jitomir (Zhytomyr),Rivne (Równe),176.4,176.4,Meciboj (Mejibuji) (polonya-erken),129.4,A-koridor,VERİ KUSURU,V-boşkoridor,ayni=10,30.7,,"aradaki kara Voronoi'de tamamen aynı sahipte (10/10 örnek, deniz 0) — kopukluk yalnız 150 km bağ eşiğinden/nokta seyrekliğinden"
166,1600-01-01,1917-03-15,Turinsk,rusya,2,Turinsk+Tümen (Çimgi-Tura),Pelım ostrogu,176.4,176.4,,,A-koridor,VERİ KUSURU,V-boşkoridor,ayni=10,999.0,,"aradaki kara Voronoi'de tamamen aynı sahipte (10/10 örnek, deniz 0) — kopukluk yalnız 150 km bağ eşiğinden/nokta seyrekliğinden"
167,1304-01-01,1407-01-01,Kanbâyet (Khambhat),delhi-sultanligi,5,Baroda (Vadodara)+Broaç (Bharuch)+Kanbâyet (Khambhat)+Sûrat+Çampâner,Patan (Anhilvâda),177.8,177.8,Cûnâgadh (racput),240.0,A-koridor,VERİ KUSURU,V-boşkoridor,ayni=10,178.6,,"aradaki kara Voronoi'de tamamen aynı sahipte (10/10 örnek, deniz 0) — kopukluk yalnız 150 km bağ eşiğinden/nokta seyrekliğinden"
168,1690-01-01,1824-12-09,Tarija,ispanyol-peru,1,Tarija,Rinconada (Puna),178.2,178.2,Cotagaita (Santiago de Cotagaita) (ispanya),124.7,A-koridor,VERİ KUSURU,V-boşkoridor,ayni=10,46.9,,"aradaki kara Voronoi'de tamamen aynı sahipte (10/10 örnek, deniz 0) — kopukluk yalnız 150 km bağ eşiğinden/nokta seyrekliğinden · tek nokta, ≤150 km komşularının hepsi ispanya"
169,1915-07-09,1923-10-29,Otjimbingve,ingiltere,4,Okahandja+Otjimbingve+Rehoboth+Vindhuk (Windhoek),Valvis Körfezi,179.5,171.4,,,A-koridor,VERİ KUSURU,V-boşkoridor,ayni=10,999.0,,"aradaki kara Voronoi'de tamamen aynı sahipte (10/10 örnek, deniz 0) — kopukluk yalnız 150 km bağ eşiğinden/nokta seyrekliğinden"
170,1795-01-01,1907-03-23,Sisophon,siyam-chakri,5,Angkor (Siem Reap)+Battambang+Chanthaburi+Pursat+Sisophon,Nakhon Ratchasima,180.4,180.4,Preah Vihear (kamboc-kralligi),203.9,A-koridor,VERİ KUSURU,V-boşkoridor,ayni=11,140.7,,"aradaki kara Voronoi'de tamamen aynı sahipte (11/11 örnek, deniz 0) — kopukluk yalnız 150 km bağ eşiğinden/nokta seyrekliğinden"
171,1335-12-01,1393-01-01,Mînâb,muzafferi,1,Mînâb,Câsk,180.7,180.7,Hürmüz Adası (hurmuz-sultanligi),77.5,A-koridor,VERİ KUSURU,V-boşkoridor,ayni=11,27.2,,"aradaki kara Voronoi'de tamamen aynı sahipte (11/11 örnek, deniz 0) — kopukluk yalnız 150 km bağ eşiğinden/nokta seyrekliğinden · tek nokta, ≤150 km komşularının hepsi hurmuz-sultanligi"
172,1393-01-01,1452-01-01,Mînâb,timurlu,1,Mînâb,Câsk,180.7,180.7,Hürmüz Adası (hurmuz-sultanligi),77.5,A-koridor,VERİ KUSURU,V-boşkoridor,ayni=11,27.2,,"aradaki kara Voronoi'de tamamen aynı sahipte (11/11 örnek, deniz 0) — kopukluk yalnız 150 km bağ eşiğinden/nokta seyrekliğinden · tek nokta, ≤150 km komşularının hepsi hurmuz-sultanligi"
173,1452-01-01,1469-01-01,Mînâb,karakoyunlu,1,Mînâb,Câsk,180.7,180.7,Hürmüz Adası (hurmuz-sultanligi),77.5,A-koridor,VERİ KUSURU,V-boşkoridor,ayni=11,27.2,,"aradaki kara Voronoi'de tamamen aynı sahipte (11/11 örnek, deniz 0) — kopukluk yalnız 150 km bağ eşiğinden/nokta seyrekliğinden · tek nokta, ≤150 km komşularının hepsi hurmuz-sultanligi"
174,1469-01-01,1503-01-01,Mînâb,akkoyunlu,1,Mînâb,Câsk,180.7,180.7,Hürmüz Adası (hurmuz-sultanligi),77.5,A-koridor,VERİ KUSURU,V-boşkoridor,ayni=11,27.2,,"aradaki kara Voronoi'de tamamen aynı sahipte (11/11 örnek, deniz 0) — kopukluk yalnız 150 km bağ eşiğinden/nokta seyrekliğinden · tek nokta, ≤150 km komşularının hepsi hurmuz-sultanligi"
175,1503-01-01,1736-03-08,Mînâb,safevi,1,Mînâb,Câsk,180.7,180.7,Hürmüz Adası (hurmuz-sultanligi),77.5,A-koridor,VERİ KUSURU,V-boşkoridor,ayni=11,27.2,,"aradaki kara Voronoi'de tamamen aynı sahipte (11/11 örnek, deniz 0) — kopukluk yalnız 150 km bağ eşiğinden/nokta seyrekliğinden · tek nokta, ≤150 km komşularının hepsi hurmuz-sultanligi"
176,1387-11-01,1452-01-01,Simnân,timurlu,5,Bistâm+Dihistan ovası (Meşhed-i Misriyân)+Dâmgan+Esterâbâd (Gürgân)+Simnân,Tahran,181.8,169.8,Sârî (mazenderan-marasi),113.8,A-koridor,VERİ KUSURU,V-boşkoridor,ayni=10,142.0,,"aradaki kara Voronoi'de tamamen aynı sahipte (10/10 örnek, deniz 0) — kopukluk yalnız 150 km bağ eşiğinden/nokta seyrekliğinden"
177,1749-12-15,1917-03-15,Rostov (Don),rusya,4,Azak+Rostov (Don)+Taganrog+Çerkask (Razdory),Donets bozkırı,181.8,165.6,Camboyluk bozkırı (OSMANLI),220.6,A-koridor,VERİ KUSURU,V-boşkoridor,ayni=10,76.9,,"aradaki kara Voronoi'de tamamen aynı sahipte (10/10 örnek, deniz 0) — kopukluk yalnız 150 km bağ eşiğinden/nokta seyrekliğinden"
178,1917-03-15,1917-11-07,Rostov (Don),rusya-gecici-hukumet,4,Azak+Rostov (Don)+Taganrog+Çerkask (Razdory),Donets bozkırı,181.8,159.2,,,A-koridor,VERİ KUSURU,V-boşkoridor,ayni=9,999.0,,"aradaki kara Voronoi'de tamamen aynı sahipte (9/9 örnek, deniz 0) — kopukluk yalnız 150 km bağ eşiğinden/nokta seyrekliğinden"
179,1917-11-07,1923-10-29,Rostov (Don),sovyet-rusya,4,Azak+Rostov (Don)+Taganrog+Çerkask (Razdory),Donets bozkırı,181.8,159.2,Sohum (transkafkasya),482.0,A-koridor,VERİ KUSURU,V-boşkoridor,ayni=9,999.0,,"aradaki kara Voronoi'de tamamen aynı sahipte (9/9 örnek, deniz 0) — kopukluk yalnız 150 km bağ eşiğinden/nokta seyrekliğinden"
180,1678-08-21,1699-01-26,Çehrin (Çigirin),OSMANLI,1,Çehrin (Çigirin),Uman,182.1,182.1,Kremençuk (rusya),55.1,A-koridor,VERİ KUSURU,V-boşkoridor,ayni=11,54.4,,"aradaki kara Voronoi'de tamamen aynı sahipte (11/11 örnek, deniz 0) — kopukluk yalnız 150 km bağ eşiğinden/nokta seyrekliğinden · tek nokta, ≤150 km komşularının hepsi rusya"
181,1699-01-26,1793-01-23,Çehrin (Çigirin),lehistan,1,Çehrin (Çigirin),Uman,182.1,182.1,Kremençuk (rusya),55.1,A-koridor,VERİ KUSURU,V-boşkoridor,ayni=11,54.4,,"aradaki kara Voronoi'de tamamen aynı sahipte (11/11 örnek, deniz 0) — kopukluk yalnız 150 km bağ eşiğinden/nokta seyrekliğinden · tek nokta, ≤150 km komşularının hepsi rusya"
182,1897-01-01,1923-10-29,Kebrî Dehar,habesistan,4,Gode+Kebrî Dehar+Kelâfo+Verder,Dagahbûr,182.2,163.1,Beledveyne (somali),245.2,A-koridor,VERİ KUSURU,V-boşkoridor,ayni=9,113.7,,"aradaki kara Voronoi'de tamamen aynı sahipte (9/9 örnek, deniz 0) — kopukluk yalnız 150 km bağ eşiğinden/nokta seyrekliğinden"
183,1385-01-01,1387-01-01,Erzurum,karakoyunlu,2,Aşkale+Erzurum,Bitlis,182.3,182.3,Bayburt (mutahharten),96.8,A-koridor,VERİ KUSURU,V-boşkoridor,ayni=11,46.7,,"aradaki kara Voronoi'de tamamen aynı sahipte (11/11 örnek, deniz 0) — kopukluk yalnız 150 km bağ eşiğinden/nokta seyrekliğinden"
184,1916-03-01,1916-08-08,Bitlis,rusya,1,Bitlis,Erzurum,182.3,182.3,Siirt (OSMANLI),54.4,A-koridor,VERİ KUSURU,V-boşkoridor,ayni=11,46.7,,"aradaki kara Voronoi'de tamamen aynı sahipte (11/11 örnek, deniz 0) — kopukluk yalnız 150 km bağ eşiğinden/nokta seyrekliğinden · tek nokta, ≤150 km komşularının hepsi OSMANLI"
185,1772-08-05,1919-09-10,Lvov,HABSBURG,2,Lvov+Yazlofça (Yazlovets),Munkács (Mukacheve),182.4,182.4,Zamość (lehistan),112.3,A-koridor,VERİ KUSURU,V-boşkoridor,ayni=11,84.5,evet,"aradaki kara Voronoi'de tamamen aynı sahipte (11/11 örnek, deniz 0) — kopukluk yalnız 150 km bağ eşiğinden/nokta seyrekliğinden"
186,1569-07-01,1654-01-18,Lubnı,lehistan,4,Baturin+Lubnı+Poltava+Çehrin (Çigirin),Kiev,182.5,182.5,Putivl (rusya),158.7,A-koridor,VERİ KUSURU,V-boşkoridor,ayni=11,53.2,,"aradaki kara Voronoi'de tamamen aynı sahipte (11/11 örnek, deniz 0) — kopukluk yalnız 150 km bağ eşiğinden/nokta seyrekliğinden"
187,1556-01-01,1917-03-15,Saray (Selitrennoye),rusya,2,Astrahan+Saray (Selitrennoye),Kalmuk bozkırı,183.8,183.8,Ağraham burnu (safevi),357.1,A-koridor,VERİ KUSURU,V-boşkoridor,ayni=11,239.6,,"aradaki kara Voronoi'de tamamen aynı sahipte (11/11 örnek, deniz 0) — kopukluk yalnız 150 km bağ eşiğinden/nokta seyrekliğinden"
188,1633-06-28,1724-10-11,Devagiri (Devletâbâd),babur-imparatorlugu,3,Ahmednagar+Devagiri (Devletâbâd)+Evrengâbâd,Burhânpûr,183.9,183.2,Nâsik (ahmednagar),149.6,A-koridor,VERİ KUSURU,V-boşkoridor,ayni=11,126.8,,"aradaki kara Voronoi'de tamamen aynı sahipte (11/11 örnek, deniz 0) — kopukluk yalnız 150 km bağ eşiğinden/nokta seyrekliğinden"
189,1545-01-01,1569-07-01,Berdiçev (Berdychiv),litvanya-buyuk-dukalik,5,Berdiçev (Berdychiv)+Braslav (Bratslav)+Jitomir (Zhytomyr)+Kiev+Vinnitsa (Vinnytsia),Rivne (Równe),184.3,176.4,Meciboj (Mejibuji) (polonya-erken),98.5,A-koridor,VERİ KUSURU,V-boşkoridor,ayni=10,30.7,,"aradaki kara Voronoi'de tamamen aynı sahipte (10/10 örnek, deniz 0) — kopukluk yalnız 150 km bağ eşiğinden/nokta seyrekliğinden"
190,1526-04-21,1540-05-17,Siyâlkot,babur-imparatorlugu,5,Câlandhar (Jalandhar)+Lahor+Ludhiyana+Sirhind+Siyâlkot,Râvalpindi,184.9,150.4,Cammû (Jammu) (kesmir),41.4,A-koridor,VERİ KUSURU,V-boşkoridor,ayni=9,272.6,,"aradaki kara Voronoi'de tamamen aynı sahipte (9/9 örnek, deniz 0) — kopukluk yalnız 150 km bağ eşiğinden/nokta seyrekliğinden"
191,1540-05-17,1555-07-23,Siyâlkot,sur-hanedani,5,Câlandhar (Jalandhar)+Lahor+Ludhiyana+Sirhind+Siyâlkot,Râvalpindi,184.9,150.4,Cammû (Jammu) (kesmir),41.4,A-koridor,VERİ KUSURU,V-boşkoridor,ayni=9,272.6,,"aradaki kara Voronoi'de tamamen aynı sahipte (9/9 örnek, deniz 0) — kopukluk yalnız 150 km bağ eşiğinden/nokta seyrekliğinden"
192,1915-10-01,1918-11-11,Kielce,HABSBURG,3,Kielce+Krakov+Radom (Polonya),Zamość,184.9,150.8,Częstochowa (almanya),106.0,A-koridor,VERİ KUSURU,V-boşkoridor,ayni=9,63.3,evet,"aradaki kara Voronoi'de tamamen aynı sahipte (9/9 örnek, deniz 0) — kopukluk yalnız 150 km bağ eşiğinden/nokta seyrekliğinden"
193,1825-08-06,1923-10-29,Trinidad (Mojos),bolivya-cumhuriyeti,3,Loreto (Mojos)+San Ignacio de Moxos+Trinidad (Mojos),Santa Magdalena (Itonama),185.3,185.3,Forte Príncipe da Beira (brezilya-imparatorlugu),273.2,A-koridor,VERİ KUSURU,V-boşkoridor,ayni=11,93.0,,"aradaki kara Voronoi'de tamamen aynı sahipte (11/11 örnek, deniz 0) — kopukluk yalnız 150 km bağ eşiğinden/nokta seyrekliğinden"
194,1370-04-09,1500-01-01,Semerkant,timurlu,4,Cizzah+Karşi (Nahşeb)+Semerkant+Şehrisebz (Kiş),Hisar,185.4,152.3,,,A-koridor,VERİ KUSURU,V-boşkoridor,ayni=9,999.0,evet,"aradaki kara Voronoi'de tamamen aynı sahipte (9/9 örnek, deniz 0) — kopukluk yalnız 150 km bağ eşiğinden/nokta seyrekliğinden"
195,1500-01-01,1868-05-14,Semerkant,buhara,4,Cizzah+Karşi (Nahşeb)+Semerkant+Şehrisebz (Kiş),Hisar,185.4,155.5,Hucend (timurlu),236.1,A-koridor,VERİ KUSURU,V-boşkoridor,ayni=9,246.9,,"aradaki kara Voronoi'de tamamen aynı sahipte (9/9 örnek, deniz 0) — kopukluk yalnız 150 km bağ eşiğinden/nokta seyrekliğinden"
196,1556-01-01,1917-03-15,Petrovsk (Saratov),rusya,2,Petrovsk (Saratov)+Ukek (Uvek),Hvalınsk,185.4,159.0,Penza (nogay),101.5,A-koridor,VERİ KUSURU,V-boşkoridor,ayni=9,179.9,,"aradaki kara Voronoi'de tamamen aynı sahipte (9/9 örnek, deniz 0) — kopukluk yalnız 150 km bağ eşiğinden/nokta seyrekliğinden"
197,1916-09-01,1923-10-29,Mpvapva,ingiltere,4,Dodoma+Kilosa+Morogoro+Mpvapva,Kalenga (Hehe),186.7,180.7,Bagamoyo (umman-zengibar),266.6,A-koridor,VERİ KUSURU,V-boşkoridor,ayni=11,269.7,,"aradaki kara Voronoi'de tamamen aynı sahipte (11/11 örnek, deniz 0) — kopukluk yalnız 150 km bağ eşiğinden/nokta seyrekliğinden"
198,1905-06-07,1923-10-29,Tønsberg,norvec,5,Hamar+Lillehammer+Oslo+Skien+Tønsberg,Kristiansand,186.9,150.5,Uddevalla (isvec),135.0,A-koridor,VERİ KUSURU,V-boşkoridor,ayni=9,110.7,,"aradaki kara Voronoi'de tamamen aynı sahipte (9/9 örnek, deniz 0) — kopukluk yalnız 150 km bağ eşiğinden/nokta seyrekliğinden"
199,1569-07-01,1793-01-23,Poznan,lehistan,4,Elbing (Elbląg)+Gdansk+Poznan+Torun (Toruń),Łódź,187.0,150.7,Liegnitz (Legnica) (HABSBURG),143.4,A-koridor,VERİ KUSURU,V-boşkoridor,ayni=9,122.3,,"aradaki kara Voronoi'de tamamen aynı sahipte (9/9 örnek, deniz 0) — kopukluk yalnız 150 km bağ eşiğinden/nokta seyrekliğinden"
200,1807-07-09,1815-06-09,Poznan,varsova-dukaligi,2,Poznan+Torun (Toruń),Łódź,187.0,150.7,Liegnitz (Legnica) (prusya),143.4,A-koridor,VERİ KUSURU,V-boşkoridor,ayni=9,122.3,,"aradaki kara Voronoi'de tamamen aynı sahipte (9/9 örnek, deniz 0) — kopukluk yalnız 150 km bağ eşiğinden/nokta seyrekliğinden"
201,1656-01-01,1687-09-21,Arkot (Arcot),bicapur,3,Arkot (Arcot)+Cinci (Gingee)+Vellor (Vellore),Bangalor,187.2,166.8,Madras (Chennai) (ingiltere),104.8,A-koridor,VERİ KUSURU,V-boşkoridor,ayni=10,107.6,,"aradaki kara Voronoi'de tamamen aynı sahipte (10/10 örnek, deniz 0) — kopukluk yalnız 150 km bağ eşiğinden/nokta seyrekliğinden"
202,1450-01-01,1533-01-01,Vilcashuamán,inka-imparatorlugu,1,Vilcashuamán,Ollantaytambo,187.9,187.9,,,A-koridor,VERİ KUSURU,V-boşkoridor,ayni=11,999.0,,"aradaki kara Voronoi'de tamamen aynı sahipte (11/11 örnek, deniz 0) — kopukluk yalnız 150 km bağ eşiğinden/nokta seyrekliğinden"
203,1537-07-01,1542-11-20,Ollantaytambo,ispanya,2,Cusco (Qosqo)+Ollantaytambo,Vilcashuamán,187.9,187.9,Huánuco Pampa (Huánuco Viejo) (inka-imparatorlugu),594.1,A-koridor,VERİ KUSURU,V-boşkoridor,ayni=11,999.0,,"aradaki kara Voronoi'de tamamen aynı sahipte (11/11 örnek, deniz 0) — kopukluk yalnız 150 km bağ eşiğinden/nokta seyrekliğinden"
204,1340-01-01,1386-01-01,Berde (Karabağ),celayirli,2,Berde (Karabağ)+Gence,Ordubad,188.8,165.8,Ereş (sirvansah),43.4,A-koridor,VERİ KUSURU,V-boşkoridor,ayni=10,64.8,,"aradaki kara Voronoi'de tamamen aynı sahipte (10/10 örnek, deniz 0) — kopukluk yalnız 150 km bağ eşiğinden/nokta seyrekliğinden"
205,1386-01-01,1408-04-13,Berde (Karabağ),timurlu,2,Berde (Karabağ)+Gence,Ordubad,188.8,165.8,Ereş (sirvansah),43.4,A-koridor,VERİ KUSURU,V-boşkoridor,ayni=10,64.8,,"aradaki kara Voronoi'de tamamen aynı sahipte (10/10 örnek, deniz 0) — kopukluk yalnız 150 km bağ eşiğinden/nokta seyrekliğinden"
206,1408-04-13,1468-04-01,Berde (Karabağ),karakoyunlu,2,Berde (Karabağ)+Gence,Ordubad,188.8,165.8,Ereş (sirvansah),43.4,A-koridor,VERİ KUSURU,V-boşkoridor,ayni=10,64.8,evet,"aradaki kara Voronoi'de tamamen aynı sahipte (10/10 örnek, deniz 0) — kopukluk yalnız 150 km bağ eşiğinden/nokta seyrekliğinden"
207,1501-07-01,1736-03-08,Berde (Karabağ),safevi,2,Berde (Karabağ)+Gence,Ordubad,188.8,165.8,Ereş (sirvansah),43.4,A-koridor,VERİ KUSURU,V-boşkoridor,ayni=10,64.8,evet,"aradaki kara Voronoi'de tamamen aynı sahipte (10/10 örnek, deniz 0) — kopukluk yalnız 150 km bağ eşiğinden/nokta seyrekliğinden"
208,1502-03-01,1570-01-01,Donets bozkırı,OSMANLI,1,Donets bozkırı,Azak,190.2,190.2,Borisoglebsk (nogay),360.3,A-koridor,VERİ KUSURU,V-boşkoridor,ayni=11,340.0,,"aradaki kara Voronoi'de tamamen aynı sahipte (11/11 örnek, deniz 0) — kopukluk yalnız 150 km bağ eşiğinden/nokta seyrekliğinden · tek nokta, ≤150 km komşularının hepsi __BOSLUK__"
209,1739-09-18,1917-03-15,Azak,rusya,3,Azak+Taganrog+Çerkask (Razdory),Donets bozkırı,190.2,165.6,Camboyluk bozkırı (OSMANLI),198.5,A-koridor,VERİ KUSURU,V-boşkoridor,ayni=10,76.9,,"aradaki kara Voronoi'de tamamen aynı sahipte (10/10 örnek, deniz 0) — kopukluk yalnız 150 km bağ eşiğinden/nokta seyrekliğinden"
210,1917-03-15,1917-11-07,Azak,rusya-gecici-hukumet,4,Azak+Rostov (Don)+Taganrog+Çerkask (Razdory),Donets bozkırı,190.2,159.2,,,A-koridor,VERİ KUSURU,V-boşkoridor,ayni=9,999.0,,"aradaki kara Voronoi'de tamamen aynı sahipte (9/9 örnek, deniz 0) — kopukluk yalnız 150 km bağ eşiğinden/nokta seyrekliğinden"
211,1917-11-07,1923-10-29,Azak,sovyet-rusya,4,Azak+Rostov (Don)+Taganrog+Çerkask (Razdory),Donets bozkırı,190.2,159.2,Sohum (transkafkasya),474.2,A-koridor,VERİ KUSURU,V-boşkoridor,ayni=9,999.0,,"aradaki kara Voronoi'de tamamen aynı sahipte (9/9 örnek, deniz 0) — kopukluk yalnız 150 km bağ eşiğinden/nokta seyrekliğinden"
212,1861-02-13,1923-10-29,Messina,italya,5,Cosenza+Katanya (Catania)+Messina+Reggio Calabria+Sirakuza,Palermo,191.9,155.5,Malta (ingiltere),271.4,A-koridor,VERİ KUSURU,V-boşkoridor,ayni=3 deniz=6,219.2,,"aradaki kara Voronoi'de tamamen aynı sahipte (3/9 örnek, deniz 6) — kopukluk yalnız 150 km bağ eşiğinden/nokta seyrekliğinden"
213,1775-05-07,1918-11-28,Suçava (Suceava),HABSBURG,4,Lvov+Suçava (Suceava)+Yazlofça (Yazlovets)+Çernovitz (Çernivtsi),Segesvár (Sighişoara),192.2,182.4,Roman (OSMANLI),94.0,A-koridor,VERİ KUSURU,V-boşkoridor,ayni=11,84.5,evet,"aradaki kara Voronoi'de tamamen aynı sahipte (11/11 örnek, deniz 0) — kopukluk yalnız 150 km bağ eşiğinden/nokta seyrekliğinden"
214,1305-01-01,1392-01-01,Mandu (Mândû),delhi-sultanligi,3,Asîrgarh+Mandu (Mândû)+Uccayn (Ujjain),Çampâner,192.5,192.5,Elicpûr (Achalpur) (yadava),248.6,A-koridor,VERİ KUSURU,V-boşkoridor,ayni=11,181.2,,"aradaki kara Voronoi'de tamamen aynı sahipte (11/11 örnek, deniz 0) — kopukluk yalnız 150 km bağ eşiğinden/nokta seyrekliğinden"
215,1531-01-01,1535-01-01,Mandu (Mândû),gucerat-sultanligi,1,Mandu (Mândû),Çampâner,192.5,192.5,Uccayn (Ujjain) (malva-sultanligi),101.6,A-koridor,VERİ KUSURU,V-boşkoridor,ayni=11,63.3,,"aradaki kara Voronoi'de tamamen aynı sahipte (11/11 örnek, deniz 0) — kopukluk yalnız 150 km bağ eşiğinden/nokta seyrekliğinden"
216,1753-04-01,1818-01-01,Çampâner,maratha,4,Ahmedâbâd+Kanbâyet (Khambhat)+Patan (Anhilvâda)+Çampâner,Mandu (Mândû),192.5,192.5,Baroda (Vadodara) (baroda),41.6,A-koridor,VERİ KUSURU,V-boşkoridor,ayni=11,36.8,,"aradaki kara Voronoi'de tamamen aynı sahipte (11/11 örnek, deniz 0) — kopukluk yalnız 150 km bağ eşiğinden/nokta seyrekliğinden"
217,1569-07-01,1654-01-08,Baturin,lehistan,4,Baturin+Lubnı+Poltava+Çehrin (Çigirin),Kiev,192.6,182.5,Putivl (rusya),68.9,A-koridor,VERİ KUSURU,V-boşkoridor,ayni=11,53.2,,"aradaki kara Voronoi'de tamamen aynı sahipte (11/11 örnek, deniz 0) — kopukluk yalnız 150 km bağ eşiğinden/nokta seyrekliğinden"
218,1885-01-26,1899-01-19,Kurmuk,mehdi,4,Ed-Damazîn+Fâzûğlî+Kurmuk+Rusayris,Er-Renk,192.9,151.0,İncibara (habesistan),289.3,A-koridor,VERİ KUSURU,V-boşkoridor,ayni=9,147.1,,"aradaki kara Voronoi'de tamamen aynı sahipte (9/9 örnek, deniz 0) — kopukluk yalnız 150 km bağ eşiğinden/nokta seyrekliğinden"
219,1899-01-19,1923-10-29,Kurmuk,ingiliz-sudani,4,Ed-Damazîn+Fâzûğlî+Kurmuk+Rusayris,Er-Renk,192.9,151.0,Asosa (habesistan),88.7,A-koridor,VERİ KUSURU,V-boşkoridor,ayni=9,147.1,,"aradaki kara Voronoi'de tamamen aynı sahipte (9/9 örnek, deniz 0) — kopukluk yalnız 150 km bağ eşiğinden/nokta seyrekliğinden"
220,1797-06-14,1815-06-09,Cenova,fransa-cumhuriyet,1,Cenova,Bastia (Korsika),194.5,194.5,Parma (parma),118.6,A-koridor,VERİ KUSURU,V-boşkoridor,ayni=2 deniz=9,45.8,,"aradaki kara Voronoi'de tamamen aynı sahipte (2/11 örnek, deniz 9) — kopukluk yalnız 150 km bağ eşiğinden/nokta seyrekliğinden"
221,1503-01-01,1736-03-08,Nihâvend,safevi,3,Burûcird+Hemedan+Nihâvend,Gulpâygân,194.6,150.5,Luristan (lur-i-kucek),78.3,A-koridor,VERİ KUSURU,V-boşkoridor,ayni=9,34.7,,"aradaki kara Voronoi'de tamamen aynı sahipte (9/9 örnek, deniz 0) — kopukluk yalnız 150 km bağ eşiğinden/nokta seyrekliğinden"
222,1890-10-18,1915-07-09,Vindhuk (Windhoek),almanya,1,Vindhuk (Windhoek),Gobabis,194.6,194.6,Okahandja (herero),67.9,A-koridor,VERİ KUSURU,V-boşkoridor,ayni=11,31.7,,"aradaki kara Voronoi'de tamamen aynı sahipte (11/11 örnek, deniz 0) — kopukluk yalnız 150 km bağ eşiğinden/nokta seyrekliğinden"
223,1915-07-09,1923-10-29,Vindhuk (Windhoek),ingiltere,4,Okahandja+Otjimbingve+Rehoboth+Vindhuk (Windhoek),Gobabis,194.6,171.4,,,A-koridor,VERİ KUSURU,V-boşkoridor,ayni=10,999.0,,"aradaki kara Voronoi'de tamamen aynı sahipte (10/10 örnek, deniz 0) — kopukluk yalnız 150 km bağ eşiğinden/nokta seyrekliğinden"
224,1480-01-01,1526-04-21,Ludhiyana,delhi-sultanligi,5,Câlandhar (Jalandhar)+Lahor+Ludhiyana+Sirhind+Siyâlkot,Hisâr-ı Fîrûze,194.8,150.4,Cammû (Jammu) (kesmir),224.2,A-koridor,VERİ KUSURU,V-boşkoridor,ayni=9,272.6,,"aradaki kara Voronoi'de tamamen aynı sahipte (9/9 örnek, deniz 0) — kopukluk yalnız 150 km bağ eşiğinden/nokta seyrekliğinden"
225,1526-04-21,1540-05-17,Ludhiyana,babur-imparatorlugu,5,Câlandhar (Jalandhar)+Lahor+Ludhiyana+Sirhind+Siyâlkot,Hisâr-ı Fîrûze,194.8,150.4,Cammû (Jammu) (kesmir),224.2,A-koridor,VERİ KUSURU,V-boşkoridor,ayni=9,272.6,,"aradaki kara Voronoi'de tamamen aynı sahipte (9/9 örnek, deniz 0) — kopukluk yalnız 150 km bağ eşiğinden/nokta seyrekliğinden"
226,1540-05-17,1555-07-23,Ludhiyana,sur-hanedani,5,Câlandhar (Jalandhar)+Lahor+Ludhiyana+Sirhind+Siyâlkot,Hisâr-ı Fîrûze,194.8,150.4,Cammû (Jammu) (kesmir),224.2,A-koridor,VERİ KUSURU,V-boşkoridor,ayni=9,272.6,,"aradaki kara Voronoi'de tamamen aynı sahipte (9/9 örnek, deniz 0) — kopukluk yalnız 150 km bağ eşiğinden/nokta seyrekliğinden"
227,1556-01-01,1917-03-15,Astrahan,rusya,2,Astrahan+Saray (Selitrennoye),Kalmuk bozkırı,194.9,183.8,Ağraham burnu (safevi),265.2,A-koridor,VERİ KUSURU,V-boşkoridor,ayni=11,239.6,,"aradaki kara Voronoi'de tamamen aynı sahipte (11/11 örnek, deniz 0) — kopukluk yalnız 150 km bağ eşiğinden/nokta seyrekliğinden"
228,1552-01-01,1671-01-01,el-Vâdî (Sûf),OSMANLI,3,Tuggurt+Vargla (Ouargla)+el-Vâdî (Sûf),Biskra,195.3,166.6,Nefta (hafsi),109.2,A-koridor,VERİ KUSURU,V-boşkoridor,ayni=10,284.2,,"aradaki kara Voronoi'de tamamen aynı sahipte (10/10 örnek, deniz 0) — kopukluk yalnız 150 km bağ eşiğinden/nokta seyrekliğinden"
229,1854-12-02,1923-10-29,el-Vâdî (Sûf),fransa-cumhuriyet,3,Tuggurt+Vargla (Ouargla)+el-Vâdî (Sûf),Biskra,195.3,166.6,Nefta (OSMANLI),109.2,A-koridor,VERİ KUSURU,V-boşkoridor,ayni=10,284.2,,"aradaki kara Voronoi'de tamamen aynı sahipte (10/10 örnek, deniz 0) — kopukluk yalnız 150 km bağ eşiğinden/nokta seyrekliğinden"
230,1825-08-06,1923-10-29,San Ignacio de Moxos,bolivya-cumhuriyeti,3,Loreto (Mojos)+San Ignacio de Moxos+Trinidad (Mojos),Reyes (Maropa),195.6,185.3,Forte Príncipe da Beira (brezilya-imparatorlugu),302.4,A-koridor,VERİ KUSURU,V-boşkoridor,ayni=11,93.0,,"aradaki kara Voronoi'de tamamen aynı sahipte (11/11 örnek, deniz 0) — kopukluk yalnız 150 km bağ eşiğinden/nokta seyrekliğinden"
231,1860-01-01,1881-01-30,Ebîverd,turkmen,2,Ebîverd+Nesâ,Merv (Mari),197.8,197.8,Kelât-ı Nâdirî (kacar),102.6,A-koridor,VERİ KUSURU,V-boşkoridor,ayni=12,25.5,,"aradaki kara Voronoi'de tamamen aynı sahipte (12/12 örnek, deniz 0) — kopukluk yalnız 150 km bağ eşiğinden/nokta seyrekliğinden"
232,1917-03-15,1917-11-07,Ebîverd,rusya-gecici-hukumet,3,Aşkabad+Ebîverd+Nesâ,Merv (Mari),197.8,197.8,Kelât-ı Nâdirî (kacar),102.6,A-koridor,VERİ KUSURU,V-boşkoridor,ayni=12,25.5,,"aradaki kara Voronoi'de tamamen aynı sahipte (12/12 örnek, deniz 0) — kopukluk yalnız 150 km bağ eşiğinden/nokta seyrekliğinden"
233,1917-11-07,1923-10-29,Ebîverd,sovyet-rusya,3,Aşkabad+Ebîverd+Nesâ,Merv (Mari),197.8,197.8,Kelât-ı Nâdirî (kacar),102.6,A-koridor,VERİ KUSURU,V-boşkoridor,ayni=12,25.5,,"aradaki kara Voronoi'de tamamen aynı sahipte (12/12 örnek, deniz 0) — kopukluk yalnız 150 km bağ eşiğinden/nokta seyrekliğinden"
234,1318-01-01,1347-08-03,Devagiri (Devletâbâd),delhi-sultanligi,2,Devagiri (Devletâbâd)+Nâsik,Asîrgarh,198.2,154.9,Bîdar (kakatiya),330.9,A-koridor,VERİ KUSURU,V-boşkoridor,ayni=9,297.1,,"aradaki kara Voronoi'de tamamen aynı sahipte (9/9 örnek, deniz 0) — kopukluk yalnız 150 km bağ eşiğinden/nokta seyrekliğinden"
235,1304-01-01,1407-01-01,Sûrat,delhi-sultanligi,5,Baroda (Vadodara)+Broaç (Bharuch)+Kanbâyet (Khambhat)+Sûrat+Çampâner,Diu,198.3,177.8,Nâsik (yadava),164.2,A-koridor,VERİ KUSURU,V-boşkoridor,ayni=10,178.6,,"aradaki kara Voronoi'de tamamen aynı sahipte (10/10 örnek, deniz 0) — kopukluk yalnız 150 km bağ eşiğinden/nokta seyrekliğinden"
236,1902-01-01,1923-10-29,Dire Dava,habesistan,3,Cîcîga+Dire Dava+Harar,Avaş,198.4,151.6,Borama (ingiltere),149.3,A-koridor,VERİ KUSURU,V-boşkoridor,ayni=9,52.4,,"aradaki kara Voronoi'de tamamen aynı sahipte (9/9 örnek, deniz 0) — kopukluk yalnız 150 km bağ eşiğinden/nokta seyrekliğinden"
237,1642-02-26,1696-07-19,Azak,OSMANLI,1,Azak,Camboyluk bozkırı,198.5,198.5,Çerkask (Razdory) (don-kazak),49.5,A-koridor,VERİ KUSURU,V-boşkoridor,ayni=7 deniz=5,48.1,,"aradaki kara Voronoi'de tamamen aynı sahipte (7/12 örnek, deniz 5) — kopukluk yalnız 150 km bağ eşiğinden/nokta seyrekliğinden · tek nokta, ≤150 km komşularının hepsi don-kazak"
238,1478-01-15,1547-01-16,Şelon havzası (Soltsı),moskova,4,Novgorod+Porkhov+Staraya Russa+Şelon havzası (Soltsı),Velikiye Luki,198.7,159.8,Pskov (pskov),121.9,A-koridor,VERİ KUSURU,V-boşkoridor,ayni=9,89.1,,"aradaki kara Voronoi'de tamamen aynı sahipte (9/9 örnek, deniz 0) — kopukluk yalnız 150 km bağ eşiğinden/nokta seyrekliğinden"
239,1884-07-18,1923-10-29,Erigavo,ingiltere,5,Ceel Afveyn+Erigavo+Hîs+Lâs Hore+Mayd,Taleh,199.4,151.5,Bender Kāsım (Bosaso) (somali),211.6,A-koridor,VERİ KUSURU,V-boşkoridor,ayni=9,80.4,,"aradaki kara Voronoi'de tamamen aynı sahipte (9/9 örnek, deniz 0) — kopukluk yalnız 150 km bağ eşiğinden/nokta seyrekliğinden"
240,1861-02-13,1923-10-29,Reggio Calabria,italya,5,Cosenza+Katanya (Catania)+Messina+Reggio Calabria+Sirakuza,Palermo,200.0,155.5,Malta (ingiltere),265.7,A-koridor,VERİ KUSURU,V-boşkoridor,ayni=3 deniz=6,219.2,,"aradaki kara Voronoi'de tamamen aynı sahipte (3/9 örnek, deniz 6) — kopukluk yalnız 150 km bağ eşiğinden/nokta seyrekliğinden"
241,1860-01-01,1881-01-30,Nesâ,turkmen,2,Ebîverd+Nesâ,Kızılarvat,200.3,197.8,Bocnûrd (kacar),93.0,A-koridor,VERİ KUSURU,V-boşkoridor,ayni=12,25.5,,"aradaki kara Voronoi'de tamamen aynı sahipte (12/12 örnek, deniz 0) — kopukluk yalnız 150 km bağ eşiğinden/nokta seyrekliğinden"
242,1917-03-15,1917-11-07,Nesâ,rusya-gecici-hukumet,3,Aşkabad+Ebîverd+Nesâ,Kızılarvat,200.3,197.8,Bocnûrd (kacar),93.0,A-koridor,VERİ KUSURU,V-boşkoridor,ayni=12,25.5,,"aradaki kara Voronoi'de tamamen aynı sahipte (12/12 örnek, deniz 0) — kopukluk yalnız 150 km bağ eşiğinden/nokta seyrekliğinden"
243,1917-11-07,1923-10-29,Nesâ,sovyet-rusya,3,Aşkabad+Ebîverd+Nesâ,Kızılarvat,200.3,197.8,Bocnûrd (kacar),93.0,A-koridor,VERİ KUSURU,V-boşkoridor,ayni=12,25.5,,"aradaki kara Voronoi'de tamamen aynı sahipte (12/12 örnek, deniz 0) — kopukluk yalnız 150 km bağ eşiğinden/nokta seyrekliğinden"
244,1887-01-06,1923-10-29,Harar,habesistan,2,Cîcîga+Harar,Dagahbûr,200.5,151.6,Borama (ingiltere),135.8,A-koridor,VERİ KUSURU,V-boşkoridor,ayni=9,52.4,,"aradaki kara Voronoi'de tamamen aynı sahipte (9/9 örnek, deniz 0) — kopukluk yalnız 150 km bağ eşiğinden/nokta seyrekliğinden"
245,1556-01-01,1917-03-15,Beldjamen,rusya,3,Beldjamen+Kamışin+Yeni Saray (Tsarev),Rın kumulları (Volga-Yayık arası),200.6,158.8,Bozkır (Deşt-i Kıpçak) (OSMANLI),209.7,A-koridor,VERİ KUSURU,V-boşkoridor,ayni=9,249.3,,"aradaki kara Voronoi'de tamamen aynı sahipte (9/9 örnek, deniz 0) — kopukluk yalnız 150 km bağ eşiğinden/nokta seyrekliğinden"
246,1899-01-01,1923-10-29,Nairobi,ingiltere,3,Kitui+Maçakos+Nairobi,İsiolo,201.0,197.1,Mosi (Moshi) (almanya),236.2,A-koridor,VERİ KUSURU,V-boşkoridor,ayni=12,221.9,,"aradaki kara Voronoi'de tamamen aynı sahipte (12/12 örnek, deniz 0) — kopukluk yalnız 150 km bağ eşiğinden/nokta seyrekliğinden"
247,1457-01-01,1573-01-01,Edo (Tokyo),muromachi,4,Edo (Tokyo)+Kamakura+Odawara+Sunpu (Şizuoka),Aizu-Wakamatsu,201.8,155.6,,,A-koridor,VERİ KUSURU,V-boşkoridor,ayni=9,999.0,,"aradaki kara Voronoi'de tamamen aynı sahipte (9/9 örnek, deniz 0) — kopukluk yalnız 150 km bağ eşiğinden/nokta seyrekliğinden"
248,1573-01-01,1603-03-24,Edo (Tokyo),azuchi-momoyama,4,Edo (Tokyo)+Kamakura+Odawara+Sunpu (Şizuoka),Aizu-Wakamatsu,201.8,155.6,,,A-koridor,VERİ KUSURU,V-boşkoridor,ayni=9,999.0,,"aradaki kara Voronoi'de tamamen aynı sahipte (9/9 örnek, deniz 0) — kopukluk yalnız 150 km bağ eşiğinden/nokta seyrekliğinden"
249,1603-03-24,1868-01-03,Edo (Tokyo),edo-bakufu,4,Edo (Tokyo)+Kamakura+Odawara+Sunpu (Şizuoka),Aizu-Wakamatsu,201.8,155.6,Osaka (azuchi-momoyama),396.5,A-koridor,VERİ KUSURU,V-boşkoridor,ayni=9,119.1,,"aradaki kara Voronoi'de tamamen aynı sahipte (9/9 örnek, deniz 0) — kopukluk yalnız 150 km bağ eşiğinden/nokta seyrekliğinden"
250,1304-01-01,1407-01-01,Baroda (Vadodara),delhi-sultanligi,5,Baroda (Vadodara)+Broaç (Bharuch)+Kanbâyet (Khambhat)+Sûrat+Çampâner,Patan (Anhilvâda),202.7,177.8,Mandu (Mândû) (racput),228.6,A-koridor,VERİ KUSURU,V-boşkoridor,ayni=10,178.6,,"aradaki kara Voronoi'de tamamen aynı sahipte (10/10 örnek, deniz 0) — kopukluk yalnız 150 km bağ eşiğinden/nokta seyrekliğinden"
251,1917-03-15,1917-11-07,İlyinsk,rusya-gecici-hukumet,4,Kabansk+Selenginsk+Verhneudinsk+İlyinsk,İrkutsk,202.8,163.7,Bulgan (mogolistan),435.3,A-koridor,VERİ KUSURU,V-boşkoridor,ayni=9,999.0,,"aradaki kara Voronoi'de tamamen aynı sahipte (9/9 örnek, deniz 0) — kopukluk yalnız 150 km bağ eşiğinden/nokta seyrekliğinden"
252,1917-11-07,1923-10-29,İlyinsk,sovyet-rusya,4,Kabansk+Selenginsk+Verhneudinsk+İlyinsk,İrkutsk,202.8,163.7,Bulgan (mogolistan),435.3,A-koridor,VERİ KUSURU,V-boşkoridor,ayni=9,999.0,,"aradaki kara Voronoi'de tamamen aynı sahipte (9/9 örnek, deniz 0) — kopukluk yalnız 150 km bağ eşiğinden/nokta seyrekliğinden"
253,1774-07-21,1917-03-15,Kızıkermen (Gazi Kerman),rusya,1,Kızıkermen (Gazi Kerman),Yelisavetgrad (Aziz Yelizaveta Kalesi),205.0,205.0,Or Kapı (Ferahkirman) (kirim),78.4,A-koridor,VERİ KUSURU,V-boşkoridor,ayni=12,48.3,,"aradaki kara Voronoi'de tamamen aynı sahipte (12/12 örnek, deniz 0) — kopukluk yalnız 150 km bağ eşiğinden/nokta seyrekliğinden"
254,1861-02-13,1923-10-29,Sirakuza,italya,5,Cosenza+Katanya (Catania)+Messina+Reggio Calabria+Sirakuza,Palermo,205.4,155.5,Malta (ingiltere),147.9,A-koridor,VERİ KUSURU,V-boşkoridor,ayni=3 deniz=6,219.2,,"aradaki kara Voronoi'de tamamen aynı sahipte (3/9 örnek, deniz 6) — kopukluk yalnız 150 km bağ eşiğinden/nokta seyrekliğinden"
255,1417-09-04,1450-06-24,Caen,ingiltere,1,Caen,Southampton,205.7,205.7,Cherbourg (fransa),103.5,A-koridor,VERİ KUSURU,V-boşkoridor,ayni=2 deniz=10,75.8,,"aradaki kara Voronoi'de tamamen aynı sahipte (2/12 örnek, deniz 10) — kopukluk yalnız 150 km bağ eşiğinden/nokta seyrekliğinden"
256,1571-08-15,1825-08-06,Cochabamba (Villa de Oropesa),ispanyol-peru,1,Cochabamba (Villa de Oropesa),Sucre (La Plata / Chuquisaca),205.7,205.7,Cotagaita (Santiago de Cotagaita) (ispanya),384.8,A-koridor,VERİ KUSURU,V-boşkoridor,ayni=12,187.9,,"aradaki kara Voronoi'de tamamen aynı sahipte (12/12 örnek, deniz 0) — kopukluk yalnız 150 km bağ eşiğinden/nokta seyrekliğinden"
257,1825-08-06,1923-10-29,Cochabamba (Villa de Oropesa),bolivya-cumhuriyeti,2,Cochabamba (Villa de Oropesa)+Oruro (Villa de San Felipe de Austria),Sucre (La Plata / Chuquisaca),205.7,196.6,Putre (peru-cumhuriyeti),371.2,A-koridor,VERİ KUSURU,V-boşkoridor,ayni=12,138.9,,"aradaki kara Voronoi'de tamamen aynı sahipte (12/12 örnek, deniz 0) — kopukluk yalnız 150 km bağ eşiğinden/nokta seyrekliğinden"
258,1368-01-23,1644-04-25,Hangzhou,ming-hanedani,5,Hangzhou+Ningbo+Shaoxing+Suzhou+Şanghay,Wuhu,206.3,164.6,Fuzhou (yuan-hanedani),474.5,A-koridor,VERİ KUSURU,V-boşkoridor,ayni=9,419.5,,"aradaki kara Voronoi'de tamamen aynı sahipte (9/9 örnek, deniz 0) — kopukluk yalnız 150 km bağ eşiğinden/nokta seyrekliğinden"
259,1644-04-25,1645-07-06,Hangzhou,guney-ming,5,Hangzhou+Ningbo+Shaoxing+Suzhou+Şanghay,Wuhu,206.3,164.6,,,A-koridor,VERİ KUSURU,V-boşkoridor,ayni=9,419.5,,"aradaki kara Voronoi'de tamamen aynı sahipte (9/9 örnek, deniz 0) — kopukluk yalnız 150 km bağ eşiğinden/nokta seyrekliğinden"
260,1645-07-06,1861-12-29,Hangzhou,qing-hanedani,3,Hangzhou+Suzhou+Şanghay,Wuhu,206.3,164.6,Shaoxing (guney-ming),49.1,A-koridor,VERİ KUSURU,V-boşkoridor,ayni=9,127.3,,"aradaki kara Voronoi'de tamamen aynı sahipte (9/9 örnek, deniz 0) — kopukluk yalnız 150 km bağ eşiğinden/nokta seyrekliğinden"
261,1912-02-12,1923-10-29,Hangzhou,cin-cumhuriyeti,5,Hangzhou+Ningbo+Shaoxing+Suzhou+Şanghay,Wuhu,206.3,164.6,,,A-koridor,VERİ KUSURU,V-boşkoridor,ayni=9,999.0,,"aradaki kara Voronoi'de tamamen aynı sahipte (9/9 örnek, deniz 0) — kopukluk yalnız 150 km bağ eşiğinden/nokta seyrekliğinden"
262,1772-08-05,1919-09-10,Yazlofça (Yazlovets),HABSBURG,2,Lvov+Yazlofça (Yazlovets),Munkács (Mukacheve),207.2,182.4,Çernovitz (Çernivtsi) (OSMANLI),82.0,A-koridor,VERİ KUSURU,V-boşkoridor,ayni=11,84.5,evet,"aradaki kara Voronoi'de tamamen aynı sahipte (11/11 örnek, deniz 0) — kopukluk yalnız 150 km bağ eşiğinden/nokta seyrekliğinden"
263,1596-01-01,1917-03-15,Belgorod,rusya,4,Belgorod+Bryansk+Kursk+Orel,Putivl,207.3,156.9,Poltava (lehistan),183.3,A-koridor,VERİ KUSURU,V-boşkoridor,ayni=9,77.4,,"aradaki kara Voronoi'de tamamen aynı sahipte (9/9 örnek, deniz 0) — kopukluk yalnız 150 km bağ eşiğinden/nokta seyrekliğinden"
264,1665-01-01,1917-03-15,Selenginsk,rusya,4,Kabansk+Selenginsk+Verhneudinsk+İlyinsk,İrkutsk,207.3,163.7,Bulgan (kuzey-yuan),336.2,A-koridor,VERİ KUSURU,V-boşkoridor,ayni=9,999.0,,"aradaki kara Voronoi'de tamamen aynı sahipte (9/9 örnek, deniz 0) — kopukluk yalnız 150 km bağ eşiğinden/nokta seyrekliğinden"
265,1917-03-15,1917-11-07,Selenginsk,rusya-gecici-hukumet,4,Kabansk+Selenginsk+Verhneudinsk+İlyinsk,İrkutsk,207.3,163.7,Bulgan (mogolistan),336.2,A-koridor,VERİ KUSURU,V-boşkoridor,ayni=9,999.0,,"aradaki kara Voronoi'de tamamen aynı sahipte (9/9 örnek, deniz 0) — kopukluk yalnız 150 km bağ eşiğinden/nokta seyrekliğinden"
266,1917-11-07,1923-10-29,Selenginsk,sovyet-rusya,4,Kabansk+Selenginsk+Verhneudinsk+İlyinsk,İrkutsk,207.3,163.7,Bulgan (mogolistan),336.2,A-koridor,VERİ KUSURU,V-boşkoridor,ayni=9,999.0,,"aradaki kara Voronoi'de tamamen aynı sahipte (9/9 örnek, deniz 0) — kopukluk yalnız 150 km bağ eşiğinden/nokta seyrekliğinden"
267,1909-07-10,1923-10-29,Kedah (Alor Setar),ingiliz-malaya,3,Kedah (Alor Setar)+Penang (George Town)+Perak (Kuala Kangsar),Kelantan (Kota Bharu),207.9,199.2,Songkhla (siyam-chakri),123.7,A-koridor,VERİ KUSURU,V-boşkoridor,ayni=12,154.0,,"aradaki kara Voronoi'de tamamen aynı sahipte (12/12 örnek, deniz 0) — kopukluk yalnız 150 km bağ eşiğinden/nokta seyrekliğinden"
268,1385-01-01,1387-01-01,Aşkale,karakoyunlu,2,Aşkale+Erzurum,Bitlis,208.4,182.3,Bayburt (mutahharten),54.5,A-koridor,VERİ KUSURU,V-boşkoridor,ayni=11,46.7,,"aradaki kara Voronoi'de tamamen aynı sahipte (11/11 örnek, deniz 0) — kopukluk yalnız 150 km bağ eşiğinden/nokta seyrekliğinden"
269,1665-01-01,1917-03-15,Verhneudinsk,rusya,4,Kabansk+Selenginsk+Verhneudinsk+İlyinsk,Buryat toprakları (Selenge havzası),208.4,163.7,Urga (Ulan Batur) (kuzey-yuan),441.4,A-koridor,VERİ KUSURU,V-boşkoridor,ayni=9,999.0,,"aradaki kara Voronoi'de tamamen aynı sahipte (9/9 örnek, deniz 0) — kopukluk yalnız 150 km bağ eşiğinden/nokta seyrekliğinden"
270,1917-03-15,1917-11-07,Verhneudinsk,rusya-gecici-hukumet,4,Kabansk+Selenginsk+Verhneudinsk+İlyinsk,Buryat toprakları (Selenge havzası),208.4,163.7,Urga (Ulan Batur) (mogolistan),441.4,A-koridor,VERİ KUSURU,V-boşkoridor,ayni=9,999.0,,"aradaki kara Voronoi'de tamamen aynı sahipte (9/9 örnek, deniz 0) — kopukluk yalnız 150 km bağ eşiğinden/nokta seyrekliğinden"
271,1917-11-07,1923-10-29,Verhneudinsk,sovyet-rusya,4,Kabansk+Selenginsk+Verhneudinsk+İlyinsk,Buryat toprakları (Selenge havzası),208.4,163.7,Urga (Ulan Batur) (mogolistan),441.4,A-koridor,VERİ KUSURU,V-boşkoridor,ayni=9,999.0,,"aradaki kara Voronoi'de tamamen aynı sahipte (9/9 örnek, deniz 0) — kopukluk yalnız 150 km bağ eşiğinden/nokta seyrekliğinden"
272,1304-01-01,1484-01-01,Çampâner,delhi-sultanligi,5,Baroda (Vadodara)+Broaç (Bharuch)+Kanbâyet (Khambhat)+Sûrat+Çampâner,Patan (Anhilvâda),209.3,177.8,Mandu (Mândû) (racput),192.5,A-koridor,VERİ KUSURU,V-boşkoridor,ayni=10,178.6,,"aradaki kara Voronoi'de tamamen aynı sahipte (10/10 örnek, deniz 0) — kopukluk yalnız 150 km bağ eşiğinden/nokta seyrekliğinden"
273,1884-07-18,1923-10-29,Hîs,ingiltere,5,Ceel Afveyn+Erigavo+Hîs+Lâs Hore+Mayd,Berbera,212.3,151.5,Bender Kāsım (Bosaso) (somali),252.7,A-koridor,VERİ KUSURU,V-boşkoridor,ayni=9,80.4,,"aradaki kara Voronoi'de tamamen aynı sahipte (9/9 örnek, deniz 0) — kopukluk yalnız 150 km bağ eşiğinden/nokta seyrekliğinden"
274,1878-01-01,1923-10-29,Griquatown,ingiltere,3,Griquatown+Kimberley+Prieska,Kenhardt,212.4,158.9,Kuruman (tsvana),156.6,A-koridor,VERİ KUSURU,V-boşkoridor,ayni=9,191.5,,"aradaki kara Voronoi'de tamamen aynı sahipte (9/9 örnek, deniz 0) — kopukluk yalnız 150 km bağ eşiğinden/nokta seyrekliğinden"
275,1916-09-01,1923-10-29,Morogoro,ingiltere,4,Dodoma+Kilosa+Morogoro+Mpvapva,Pangani,212.5,180.7,Bagamoyo (umman-zengibar),143.3,A-koridor,VERİ KUSURU,V-boşkoridor,ayni=11,269.7,,"aradaki kara Voronoi'de tamamen aynı sahipte (11/11 örnek, deniz 0) — kopukluk yalnız 150 km bağ eşiğinden/nokta seyrekliğinden"
276,1347-08-03,1499-01-01,Devagiri (Devletâbâd),behmeni,2,Devagiri (Devletâbâd)+Nâsik,Pûne (Poona),213.4,164.5,Asîrgarh (delhi-sultanligi),198.2,A-koridor,VERİ KUSURU,V-boşkoridor,ayni=9,28.2,,"aradaki kara Voronoi'de tamamen aynı sahipte (9/9 örnek, deniz 0) — kopukluk yalnız 150 km bağ eşiğinden/nokta seyrekliğinden"
277,1660-01-01,1917-03-15,Kabansk,rusya,2,Kabansk+İlyinsk,Verholensk,214.3,214.3,Bulgan (kuzey-yuan),422.6,A-koridor,VERİ KUSURU,V-boşkoridor,ayni=13,999.0,,"aradaki kara Voronoi'de tamamen aynı sahipte (13/13 örnek, deniz 0) — kopukluk yalnız 150 km bağ eşiğinden/nokta seyrekliğinden"
278,1917-03-15,1917-11-07,Aşkabad,rusya-gecici-hukumet,3,Aşkabad+Ebîverd+Nesâ,Kızılarvat,215.7,197.8,Kûçân (kacar),95.2,A-koridor,VERİ KUSURU,V-boşkoridor,ayni=12,25.5,,"aradaki kara Voronoi'de tamamen aynı sahipte (12/12 örnek, deniz 0) — kopukluk yalnız 150 km bağ eşiğinden/nokta seyrekliğinden"
279,1917-11-07,1923-10-29,Aşkabad,sovyet-rusya,3,Aşkabad+Ebîverd+Nesâ,Kızılarvat,215.7,197.8,Kûçân (kacar),95.2,A-koridor,VERİ KUSURU,V-boşkoridor,ayni=12,25.5,,"aradaki kara Voronoi'de tamamen aynı sahipte (12/12 örnek, deniz 0) — kopukluk yalnız 150 km bağ eşiğinden/nokta seyrekliğinden"
280,1894-10-22,1923-10-29,Santa Ana del Yacuma,bolivya-cumhuriyeti,5,Loreto (Mojos)+San Ignacio de Moxos+Santa Ana del Yacuma+Santa Magdalena (Itonama)+Trinidad (Mojos),Reyes (Maropa),216.3,195.6,Forte Príncipe da Beira (brezilya-cumhuriyeti),183.6,A-koridor,VERİ KUSURU,V-boşkoridor,ayni=12,235.6,,"aradaki kara Voronoi'de tamamen aynı sahipte (12/12 örnek, deniz 0) — kopukluk yalnız 150 km bağ eşiğinden/nokta seyrekliğinden"
281,1632-06-24,1717-01-01,Hûglî (Hooghly),babur-imparatorlugu,1,Hûglî (Hooghly),Bâlâsor (Balasore),216.4,216.4,Çatgam (Chittagong) (arakan),359.0,A-koridor,VERİ KUSURU,V-boşkoridor,ayni=13,340.8,,"aradaki kara Voronoi'de tamamen aynı sahipte (13/13 örnek, deniz 0) — kopukluk yalnız 150 km bağ eşiğinden/nokta seyrekliğinden"
282,1569-07-01,1678-08-21,Çehrin (Çigirin),lehistan,4,Baturin+Lubnı+Poltava+Çehrin (Çigirin),Kiev,216.7,182.5,Yedisan bozkırı (OSMANLI),209.6,A-koridor,VERİ KUSURU,V-boşkoridor,ayni=11,53.2,,"aradaki kara Voronoi'de tamamen aynı sahipte (11/11 örnek, deniz 0) — kopukluk yalnız 150 km bağ eşiğinden/nokta seyrekliğinden"
283,1899-01-01,1923-10-29,Birni-N'Konni,fransa-cumhuriyet,3,Birni-N'Konni+Madaoua+Tahoua,Filingue,217.0,217.0,Sokoto (sokoto),82.1,A-koridor,VERİ KUSURU,V-boşkoridor,ayni=13,43.9,,"aradaki kara Voronoi'de tamamen aynı sahipte (13/13 örnek, deniz 0) — kopukluk yalnız 150 km bağ eşiğinden/nokta seyrekliğinden"
284,1640-12-01,1923-10-29,Aveiro,portekiz,5,Aveiro+Braga+Bragança+Coimbra+Porto,Lizbon,217.4,176.2,Vigo (ispanya),177.9,A-koridor,VERİ KUSURU,V-boşkoridor,ayni=9 deniz=1,88.4,,"aradaki kara Voronoi'de tamamen aynı sahipte (9/10 örnek, deniz 1) — kopukluk yalnız 150 km bağ eşiğinden/nokta seyrekliğinden"
285,1667-01-01,1917-03-15,Krasnıy Yar,rusya,3,Astrahan+Krasnıy Yar+Saray (Selitrennoye),Kalmuk bozkırı,217.6,154.7,Mangışlak (turkmen),270.5,A-koridor,VERİ KUSURU,V-boşkoridor,ayni=9,355.6,,"aradaki kara Voronoi'de tamamen aynı sahipte (9/9 örnek, deniz 0) — kopukluk yalnız 150 km bağ eşiğinden/nokta seyrekliğinden"
286,1333-07-04,1336-11-07,Odawara,kenmu,3,Kamakura+Odawara+Sunpu (Şizuoka),Gifu,217.7,155.6,,,A-koridor,VERİ KUSURU,V-boşkoridor,ayni=9,999.0,,"aradaki kara Voronoi'de tamamen aynı sahipte (9/9 örnek, deniz 0) — kopukluk yalnız 150 km bağ eşiğinden/nokta seyrekliğinden"
287,1336-11-07,1573-01-01,Odawara,muromachi,3,Kamakura+Odawara+Sunpu (Şizuoka),Gifu,217.7,155.6,,,A-koridor,VERİ KUSURU,V-boşkoridor,ayni=9,999.0,,"aradaki kara Voronoi'de tamamen aynı sahipte (9/9 örnek, deniz 0) — kopukluk yalnız 150 km bağ eşiğinden/nokta seyrekliğinden"
288,1573-01-01,1603-03-24,Odawara,azuchi-momoyama,4,Edo (Tokyo)+Kamakura+Odawara+Sunpu (Şizuoka),Gifu,217.7,155.6,,,A-koridor,VERİ KUSURU,V-boşkoridor,ayni=9,999.0,,"aradaki kara Voronoi'de tamamen aynı sahipte (9/9 örnek, deniz 0) — kopukluk yalnız 150 km bağ eşiğinden/nokta seyrekliğinden"
289,1603-03-24,1868-01-03,Odawara,edo-bakufu,4,Edo (Tokyo)+Kamakura+Odawara+Sunpu (Şizuoka),Gifu,217.7,155.6,Osaka (azuchi-momoyama),338.5,A-koridor,VERİ KUSURU,V-boşkoridor,ayni=9,119.1,,"aradaki kara Voronoi'de tamamen aynı sahipte (9/9 örnek, deniz 0) — kopukluk yalnız 150 km bağ eşiğinden/nokta seyrekliğinden"
290,1899-01-01,1923-10-29,Begho (Bighu),ingiltere,3,Begho (Bighu)+Bole+Bondugu (Gyaaman),Salaga (Gonja),220.2,220.2,Kumasi (asanti),142.6,A-koridor,VERİ KUSURU,V-boşkoridor,ayni=13,53.7,,"aradaki kara Voronoi'de tamamen aynı sahipte (13/13 örnek, deniz 0) — kopukluk yalnız 150 km bağ eşiğinden/nokta seyrekliğinden"
291,1812-08-14,1923-10-29,Grahamstown,ingiltere,1,Grahamstown,Graaff-Reinet,220.4,220.4,Gcuva (Butterworth) (xhosa),185.9,A-koridor,VERİ KUSURU,V-boşkoridor,ayni=13,140.5,,"aradaki kara Voronoi'de tamamen aynı sahipte (13/13 örnek, deniz 0) — kopukluk yalnız 150 km bağ eşiğinden/nokta seyrekliğinden"
292,1338-01-01,1538-01-01,Hûglî (Hooghly),bengal-sultanligi,1,Hûglî (Hooghly),Gaur (Lakhnautî),220.7,220.7,Bâlâsor (Balasore) (orissa),216.4,A-koridor,VERİ KUSURU,V-boşkoridor,ayni=13,188.2,,"aradaki kara Voronoi'de tamamen aynı sahipte (13/13 örnek, deniz 0) — kopukluk yalnız 150 km bağ eşiğinden/nokta seyrekliğinden"
293,1538-01-01,1564-01-01,Hûglî (Hooghly),sur-hanedani,1,Hûglî (Hooghly),Gaur (Lakhnautî),220.7,220.7,Bâlâsor (Balasore) (orissa),216.4,A-koridor,VERİ KUSURU,V-boşkoridor,ayni=13,188.2,,"aradaki kara Voronoi'de tamamen aynı sahipte (13/13 örnek, deniz 0) — kopukluk yalnız 150 km bağ eşiğinden/nokta seyrekliğinden"
294,1564-01-01,1576-07-12,Hûglî (Hooghly),bengal-sultanligi,1,Hûglî (Hooghly),Gaur (Lakhnautî),220.7,220.7,Bâlâsor (Balasore) (orissa),216.4,A-koridor,VERİ KUSURU,V-boşkoridor,ayni=13,188.2,,"aradaki kara Voronoi'de tamamen aynı sahipte (13/13 örnek, deniz 0) — kopukluk yalnız 150 km bağ eşiğinden/nokta seyrekliğinden"
295,1576-07-12,1580-01-01,Hûglî (Hooghly),babur-imparatorlugu,1,Hûglî (Hooghly),Gaur (Lakhnautî),220.7,220.7,Bâlâsor (Balasore) (bengal-sultanligi),216.4,A-koridor,VERİ KUSURU,V-boşkoridor,ayni=13,188.2,,"aradaki kara Voronoi'de tamamen aynı sahipte (13/13 örnek, deniz 0) — kopukluk yalnız 150 km bağ eşiğinden/nokta seyrekliğinden"
296,1660-01-01,1917-03-15,İlyinsk,rusya,2,Kabansk+İlyinsk,Verholensk,221.3,214.3,Bulgan (kuzey-yuan),435.3,A-koridor,VERİ KUSURU,V-boşkoridor,ayni=13,999.0,,"aradaki kara Voronoi'de tamamen aynı sahipte (13/13 örnek, deniz 0) — kopukluk yalnız 150 km bağ eşiğinden/nokta seyrekliğinden"
297,1899-01-01,1923-10-29,Bole,ingiltere,3,Begho (Bighu)+Bole+Bondugu (Gyaaman),Salaga (Gonja),221.9,220.2,Buna (Bouna) (fransa-cumhuriyet),63.0,A-koridor,VERİ KUSURU,V-boşkoridor,ayni=13,53.7,,"aradaki kara Voronoi'de tamamen aynı sahipte (13/13 örnek, deniz 0) — kopukluk yalnız 150 km bağ eşiğinden/nokta seyrekliğinden"
298,1783-04-19,1829-09-14,Maykop (Çerkezya),OSMANLI,4,Maykop (Çerkezya)+Sohum+Soçi (Sâşe)+Tuapse,Anapa,222.2,159.2,Kuban Nogay bozkırı (rusya),96.6,A-koridor,VERİ KUSURU,V-boşkoridor,ayni=9,92.7,,"aradaki kara Voronoi'de tamamen aynı sahipte (9/9 örnek, deniz 0) — kopukluk yalnız 150 km bağ eşiğinden/nokta seyrekliğinden"
299,1821-09-27,1923-10-29,Pátzcuaro,meksika,3,Ihuatzio+Pátzcuaro+Tzintzuntzan,Guadalajara,222.2,217.4,,,A-koridor,VERİ KUSURU,V-boşkoridor,ayni=13,999.0,,"aradaki kara Voronoi'de tamamen aynı sahipte (13/13 örnek, deniz 0) — kopukluk yalnız 150 km bağ eşiğinden/nokta seyrekliğinden"
300,1535-04-17,1821-09-27,Pátzcuaro,yeni-ispanya,3,Ihuatzio+Pátzcuaro+Tzintzuntzan,Colima (San Sebastián de Colima),224.2,224.0,,,A-koridor,VERİ KUSURU,V-boşkoridor,ayni=13,999.0,,"aradaki kara Voronoi'de tamamen aynı sahipte (13/13 örnek, deniz 0) — kopukluk yalnız 150 km bağ eşiğinden/nokta seyrekliğinden"
301,1885-01-26,1899-01-19,Fâzûğlî,mehdi,4,Ed-Damazîn+Fâzûğlî+Kurmuk+Rusayris,Er-Renk,224.4,151.0,İncibara (habesistan),236.9,A-koridor,VERİ KUSURU,V-boşkoridor,ayni=9,147.1,,"aradaki kara Voronoi'de tamamen aynı sahipte (9/9 örnek, deniz 0) — kopukluk yalnız 150 km bağ eşiğinden/nokta seyrekliğinden"
302,1899-01-19,1923-10-29,Fâzûğlî,ingiliz-sudani,4,Ed-Damazîn+Fâzûğlî+Kurmuk+Rusayris,Er-Renk,224.4,151.0,Asosa (habesistan),135.9,A-koridor,VERİ KUSURU,V-boşkoridor,ayni=9,147.1,,"aradaki kara Voronoi'de tamamen aynı sahipte (9/9 örnek, deniz 0) — kopukluk yalnız 150 km bağ eşiğinden/nokta seyrekliğinden"
303,1884-07-18,1923-10-29,Lâs Hore,ingiltere,5,Ceel Afveyn+Erigavo+Hîs+Lâs Hore+Mayd,Taleh,224.6,151.5,Bender Kāsım (Bosaso) (somali),108.3,A-koridor,VERİ KUSURU,V-boşkoridor,ayni=9,80.4,,"aradaki kara Voronoi'de tamamen aynı sahipte (9/9 örnek, deniz 0) — kopukluk yalnız 150 km bağ eşiğinden/nokta seyrekliğinden"
304,1479-01-20,1923-10-29,Santiago de Compostela,ispanya,3,A Coruña+Santiago de Compostela+Vigo,Oviedo,225.3,205.9,Braga (portekiz),148.5,A-koridor,VERİ KUSURU,V-boşkoridor,ayni=12,79.8,,"aradaki kara Voronoi'de tamamen aynı sahipte (12/12 örnek, deniz 0) — kopukluk yalnız 150 km bağ eşiğinden/nokta seyrekliğinden"
305,1368-01-23,1644-04-25,Shaoxing,ming-hanedani,5,Hangzhou+Ningbo+Shaoxing+Suzhou+Şanghay,Wenzhou,226.7,164.6,Fuzhou (yuan-hanedani),457.6,A-koridor,VERİ KUSURU,V-boşkoridor,ayni=9,419.5,,"aradaki kara Voronoi'de tamamen aynı sahipte (9/9 örnek, deniz 0) — kopukluk yalnız 150 km bağ eşiğinden/nokta seyrekliğinden"
306,1644-04-25,1646-07-06,Shaoxing,guney-ming,5,Hangzhou+Ningbo+Shaoxing+Suzhou+Şanghay,Wenzhou,226.7,164.6,,,A-koridor,VERİ KUSURU,V-boşkoridor,ayni=9,419.5,,"aradaki kara Voronoi'de tamamen aynı sahipte (9/9 örnek, deniz 0) — kopukluk yalnız 150 km bağ eşiğinden/nokta seyrekliğinden"
307,1822-09-07,1889-11-15,Santarém (Tapajós),brezilya-imparatorlugu,4,Aveiro (Tapajós)+Monte Alegre (Pará)+Santarém (Tapajós)+Óbidos (Pauxis),Tupinambarana (Parintins),226.7,157.8,,,A-koridor,VERİ KUSURU,V-boşkoridor,ayni=9,999.0,,"aradaki kara Voronoi'de tamamen aynı sahipte (9/9 örnek, deniz 0) — kopukluk yalnız 150 km bağ eşiğinden/nokta seyrekliğinden"
308,1889-11-15,1923-10-29,Santarém (Tapajós),brezilya-cumhuriyeti,5,Aveiro (Tapajós)+Itaituba+Monte Alegre (Pará)+Santarém (Tapajós)+Óbidos (Pauxis),Tupinambarana (Parintins),226.7,157.8,,,A-koridor,VERİ KUSURU,V-boşkoridor,ayni=9,999.0,,"aradaki kara Voronoi'de tamamen aynı sahipte (9/9 örnek, deniz 0) — kopukluk yalnız 150 km bağ eşiğinden/nokta seyrekliğinden"
309,1912-02-12,1923-10-29,Shaoxing,cin-cumhuriyeti,5,Hangzhou+Ningbo+Shaoxing+Suzhou+Şanghay,Wenzhou,226.7,164.6,,,A-koridor,VERİ KUSURU,V-boşkoridor,ayni=9,999.0,,"aradaki kara Voronoi'de tamamen aynı sahipte (9/9 örnek, deniz 0) — kopukluk yalnız 150 km bağ eşiğinden/nokta seyrekliğinden"
310,1885-03-31,1923-10-29,Kanye (Ngvaketse),ingiltere,4,Kanye (Ngvaketse)+Mafikeng+Molepolole (Kvena)+Moçudi (Kgatla),Vryburg,227.4,151.3,Potchefstroom (transvaal),261.6,A-koridor,VERİ KUSURU,V-boşkoridor,ayni=9,118.0,,"aradaki kara Voronoi'de tamamen aynı sahipte (9/9 örnek, deniz 0) — kopukluk yalnız 150 km bağ eşiğinden/nokta seyrekliğinden"
311,1504-01-01,1821-06-14,Fâzûğlî,funj,4,Ed-Damazîn+Fâzûğlî+Kurmuk+Rusayris,Sincâ,228.4,151.0,İncibara (habesistan),236.9,A-koridor,VERİ KUSURU,V-boşkoridor,ayni=9,147.1,,"aradaki kara Voronoi'de tamamen aynı sahipte (9/9 örnek, deniz 0) — kopukluk yalnız 150 km bağ eşiğinden/nokta seyrekliğinden"
312,1821-06-14,1885-01-26,Fâzûğlî,OSMANLI,4,Ed-Damazîn+Fâzûğlî+Kurmuk+Rusayris,Sincâ,228.4,151.0,İncibara (habesistan),236.9,A-koridor,VERİ KUSURU,V-boşkoridor,ayni=9,147.1,,"aradaki kara Voronoi'de tamamen aynı sahipte (9/9 örnek, deniz 0) — kopukluk yalnız 150 km bağ eşiğinden/nokta seyrekliğinden"
313,1878-01-01,1923-10-29,Gcuva (Butterworth),ingiltere,5,East London+Gcuva (Butterworth)+Grahamstown+King William's Town+Port Elizabeth,Kokstad,231.7,214.7,Oranj (Bur cumhuriyeti) (oranj),402.0,A-koridor,VERİ KUSURU,V-boşkoridor,ayni=13,353.0,,"aradaki kara Voronoi'de tamamen aynı sahipte (13/13 örnek, deniz 0) — kopukluk yalnız 150 km bağ eşiğinden/nokta seyrekliğinden"
314,1337-09-09,1387-11-01,Bistâm,serbedariler,5,Bistâm+Dihistan ovası (Meşhed-i Misriyân)+Dâmgan+Esterâbâd (Gürgân)+Simnân,Esferâyin,232.2,169.8,Eşref (Behşehr) (ilhanli),132.3,A-koridor,VERİ KUSURU,V-boşkoridor,ayni=10,142.0,,"aradaki kara Voronoi'de tamamen aynı sahipte (10/10 örnek, deniz 0) — kopukluk yalnız 150 km bağ eşiğinden/nokta seyrekliğinden"
315,1387-11-01,1452-01-01,Bistâm,timurlu,5,Bistâm+Dihistan ovası (Meşhed-i Misriyân)+Dâmgan+Esterâbâd (Gürgân)+Simnân,Esferâyin,232.2,169.8,Eşref (Behşehr) (mazenderan-marasi),132.3,A-koridor,VERİ KUSURU,V-boşkoridor,ayni=10,142.0,,"aradaki kara Voronoi'de tamamen aynı sahipte (10/10 örnek, deniz 0) — kopukluk yalnız 150 km bağ eşiğinden/nokta seyrekliğinden"
316,1370-04-09,1500-01-01,Külâb (Kulob),timurlu,2,Hisar+Külâb (Kulob),Termez,233.3,160.4,Peşâver (delhi-sultanligi),463.1,A-koridor,VERİ KUSURU,V-boşkoridor,ayni=9,999.0,evet,"aradaki kara Voronoi'de tamamen aynı sahipte (9/9 örnek, deniz 0) — kopukluk yalnız 150 km bağ eşiğinden/nokta seyrekliğinden"
317,1500-01-01,1920-09-02,Külâb (Kulob),buhara,2,Hisar+Külâb (Kulob),Termez,233.3,160.4,Hucend (timurlu),264.3,A-koridor,VERİ KUSURU,V-boşkoridor,ayni=9,154.5,,"aradaki kara Voronoi'de tamamen aynı sahipte (9/9 örnek, deniz 0) — kopukluk yalnız 150 km bağ eşiğinden/nokta seyrekliğinden"
318,1775-05-07,1918-11-28,Çernovitz (Çernivtsi),HABSBURG,4,Lvov+Suçava (Suceava)+Yazlofça (Yazlovets)+Çernovitz (Çernivtsi),Szatmár (Satu Mare),234.4,182.4,Hotin (OSMANLI),47.7,A-koridor,VERİ KUSURU,V-boşkoridor,ayni=11,84.5,evet,"aradaki kara Voronoi'de tamamen aynı sahipte (11/11 örnek, deniz 0) — kopukluk yalnız 150 km bağ eşiğinden/nokta seyrekliğinden"
319,1867-07-01,1923-10-29,Odanak (Abenaki),kanada,5,Kahnawake+Montreal (Ville-Marie)+Odanak (Abenaki)+Quebec+Trois-Rivières,Bytown (Ottawa),235.2,157.4,Norridgewock (Abenaki) (abd),281.0,A-koridor,VERİ KUSURU,V-boşkoridor,ayni=8 deniz=1,190.6,,"aradaki kara Voronoi'de tamamen aynı sahipte (8/9 örnek, deniz 1) — kopukluk yalnız 150 km bağ eşiğinden/nokta seyrekliğinden"
320,1868-05-14,1917-03-15,Semerkant,rusya,2,Cizzah+Semerkant,Hucend,236.1,152.3,Şehrisebz (Kiş) (buhara),67.4,A-koridor,VERİ KUSURU,V-boşkoridor,ayni=9,111.3,,"aradaki kara Voronoi'de tamamen aynı sahipte (9/9 örnek, deniz 0) — kopukluk yalnız 150 km bağ eşiğinden/nokta seyrekliğinden"
321,1917-03-15,1917-11-07,Semerkant,rusya-gecici-hukumet,2,Cizzah+Semerkant,Hucend,236.1,152.3,Şehrisebz (Kiş) (buhara),67.4,A-koridor,VERİ KUSURU,V-boşkoridor,ayni=9,111.3,,"aradaki kara Voronoi'de tamamen aynı sahipte (9/9 örnek, deniz 0) — kopukluk yalnız 150 km bağ eşiğinden/nokta seyrekliğinden"
322,1917-11-07,1923-10-29,Semerkant,sovyet-rusya,2,Cizzah+Semerkant,Hucend,236.1,152.3,Şehrisebz (Kiş) (buhara),67.4,A-koridor,VERİ KUSURU,V-boşkoridor,ayni=9,111.3,,"aradaki kara Voronoi'de tamamen aynı sahipte (9/9 örnek, deniz 0) — kopukluk yalnız 150 km bağ eşiğinden/nokta seyrekliğinden"
323,1304-01-01,1407-01-01,Broaç (Bharuch),delhi-sultanligi,5,Baroda (Vadodara)+Broaç (Bharuch)+Kanbâyet (Khambhat)+Sûrat+Çampâner,Diu,236.2,177.8,Nâsik (yadava),208.1,A-koridor,VERİ KUSURU,V-boşkoridor,ayni=10,178.6,,"aradaki kara Voronoi'de tamamen aynı sahipte (10/10 örnek, deniz 0) — kopukluk yalnız 150 km bağ eşiğinden/nokta seyrekliğinden"
324,1884-07-18,1923-10-29,Mayd,ingiltere,5,Ceel Afveyn+Erigavo+Hîs+Lâs Hore+Mayd,Berbera,236.3,151.5,Bender Kāsım (Bosaso) (somali),229.4,A-koridor,VERİ KUSURU,V-boşkoridor,ayni=9,80.4,,"aradaki kara Voronoi'de tamamen aynı sahipte (9/9 örnek, deniz 0) — kopukluk yalnız 150 km bağ eşiğinden/nokta seyrekliğinden"
325,1894-01-01,1923-10-29,Sodo (Vollayta),habesistan,4,Arba Minç+Cinka+Hosaena+Sodo (Vollayta),Ambo,236.3,159.3,Yirgalem (Sidamo) (sidamo),72.6,A-koridor,VERİ KUSURU,V-boşkoridor,ayni=9,50.2,,"aradaki kara Voronoi'de tamamen aynı sahipte (9/9 örnek, deniz 0) — kopukluk yalnız 150 km bağ eşiğinden/nokta seyrekliğinden"
326,1865-06-17,1917-03-15,Taşkent,rusya,4,Sayram (İsficâb)+Taraz (Evliya-Ata)+Taşkent+Çimkent,Türkistan (Yesi),236.9,154.9,Hucend (hokand),117.8,A-koridor,VERİ KUSURU,V-boşkoridor,ayni=9,209.5,,"aradaki kara Voronoi'de tamamen aynı sahipte (9/9 örnek, deniz 0) — kopukluk yalnız 150 km bağ eşiğinden/nokta seyrekliğinden"
327,1466-10-19,1569-07-01,Elbing (Elbląg),polonya-erken,4,Elbing (Elbląg)+Gdansk+Poznan+Torun (Toruń),Varşova,238.9,150.7,Königsberg (almanya),94.5,A-koridor,VERİ KUSURU,V-boşkoridor,ayni=9,122.3,,"aradaki kara Voronoi'de tamamen aynı sahipte (9/9 örnek, deniz 0) — kopukluk yalnız 150 km bağ eşiğinden/nokta seyrekliğinden"
328,1569-07-01,1772-08-05,Elbing (Elbląg),lehistan,4,Elbing (Elbląg)+Gdansk+Poznan+Torun (Toruń),Varşova,238.9,150.7,Königsberg (prusya-dukaligi),94.5,A-koridor,VERİ KUSURU,V-boşkoridor,ayni=9,122.3,,"aradaki kara Voronoi'de tamamen aynı sahipte (9/9 örnek, deniz 0) — kopukluk yalnız 150 km bağ eşiğinden/nokta seyrekliğinden"
329,1896-01-01,1923-10-29,Timbo,fransa-cumhuriyet,4,Dingiray (Dinguiraye)+Falaba+Labe+Timbo,Konakri (Conakry),239.9,235.2,Kankan (vasulu),279.2,A-koridor,VERİ KUSURU,V-boşkoridor,ayni=14,101.9,,"aradaki kara Voronoi'de tamamen aynı sahipte (14/14 örnek, deniz 0) — kopukluk yalnız 150 km bağ eşiğinden/nokta seyrekliğinden"
330,1795-01-01,1907-03-23,Battambang,siyam-chakri,5,Angkor (Siem Reap)+Battambang+Chanthaburi+Pursat+Sisophon,Nakhon Ratchasima,240.0,180.4,Kompong Thom (kamboc-kralligi),187.8,A-koridor,VERİ KUSURU,V-boşkoridor,ayni=11,140.7,,"aradaki kara Voronoi'de tamamen aynı sahipte (11/11 örnek, deniz 0) — kopukluk yalnız 150 km bağ eşiğinden/nokta seyrekliğinden"
331,1561-11-28,1569-07-01,Rēzekne (Rositten),litvanya-buyuk-dukalik,3,Polotsk+Rēzekne (Rositten)+Vitebsk,Vilnius,240.2,192.6,Abrene (Pıtalovo) (rusya),71.4,A-koridor,VERİ KUSURU,V-boşkoridor,ayni=11,71.1,,"aradaki kara Voronoi'de tamamen aynı sahipte (11/11 örnek, deniz 0) — kopukluk yalnız 150 km bağ eşiğinden/nokta seyrekliğinden"
332,1783-04-19,1829-09-14,Soçi (Sâşe),OSMANLI,4,Maykop (Çerkezya)+Sohum+Soçi (Sâşe)+Tuapse,Anapa,240.7,159.2,Kuban (Yekaterinodar) (rusya),171.9,A-koridor,VERİ KUSURU,V-boşkoridor,ayni=9,92.7,,"aradaki kara Voronoi'de tamamen aynı sahipte (9/9 örnek, deniz 0) — kopukluk yalnız 150 km bağ eşiğinden/nokta seyrekliğinden"
333,1867-07-01,1923-10-29,Fort Frontenac (Kingston),kanada,2,Bytown (Ottawa)+Fort Frontenac (Kingston),York (Toronto),240.8,157.4,Onondaga (İrokua Konfederasyon Merkezi) (abd),137.9,A-koridor,VERİ KUSURU,V-boşkoridor,ayni=8 deniz=1,190.6,,"aradaki kara Voronoi'de tamamen aynı sahipte (8/9 örnek, deniz 1) — kopukluk yalnız 150 km bağ eşiğinden/nokta seyrekliğinden"
334,1821-09-27,1923-10-29,Antequera (Oaxaca),meksika,5,Antequera (Oaxaca)+Mitla+Tehuantepec+Tututepec (Yucu Dzaa)+Zaachila,Veracruz (Villa Rica de la Vera Cruz),241.8,160.8,,,A-koridor,VERİ KUSURU,V-boşkoridor,ayni=5 deniz=4,365.6,,"aradaki kara Voronoi'de tamamen aynı sahipte (5/9 örnek, deniz 4) — kopukluk yalnız 150 km bağ eşiğinden/nokta seyrekliğinden"
335,1526-04-21,1540-05-17,Câlandhar (Jalandhar),babur-imparatorlugu,5,Câlandhar (Jalandhar)+Lahor+Ludhiyana+Sirhind+Siyâlkot,Hisâr-ı Fîrûze,242.0,150.4,Cammû (Jammu) (kesmir),170.2,A-koridor,VERİ KUSURU,V-boşkoridor,ayni=9,272.6,,"aradaki kara Voronoi'de tamamen aynı sahipte (9/9 örnek, deniz 0) — kopukluk yalnız 150 km bağ eşiğinden/nokta seyrekliğinden"
336,1540-05-17,1555-07-23,Câlandhar (Jalandhar),sur-hanedani,5,Câlandhar (Jalandhar)+Lahor+Ludhiyana+Sirhind+Siyâlkot,Hisâr-ı Fîrûze,242.0,150.4,Cammû (Jammu) (kesmir),170.2,A-koridor,VERİ KUSURU,V-boşkoridor,ayni=9,272.6,,"aradaki kara Voronoi'de tamamen aynı sahipte (9/9 örnek, deniz 0) — kopukluk yalnız 150 km bağ eşiğinden/nokta seyrekliğinden"
337,1333-07-04,1336-11-07,Kamakura,kenmu,3,Kamakura+Odawara+Sunpu (Şizuoka),Aizu-Wakamatsu,244.3,155.6,,,A-koridor,VERİ KUSURU,V-boşkoridor,ayni=9,999.0,,"aradaki kara Voronoi'de tamamen aynı sahipte (9/9 örnek, deniz 0) — kopukluk yalnız 150 km bağ eşiğinden/nokta seyrekliğinden"
338,1336-11-07,1573-01-01,Kamakura,muromachi,3,Kamakura+Odawara+Sunpu (Şizuoka),Aizu-Wakamatsu,244.3,155.6,,,A-koridor,VERİ KUSURU,V-boşkoridor,ayni=9,999.0,,"aradaki kara Voronoi'de tamamen aynı sahipte (9/9 örnek, deniz 0) — kopukluk yalnız 150 km bağ eşiğinden/nokta seyrekliğinden"
339,1573-01-01,1603-03-24,Kamakura,azuchi-momoyama,4,Edo (Tokyo)+Kamakura+Odawara+Sunpu (Şizuoka),Aizu-Wakamatsu,244.3,155.6,,,A-koridor,VERİ KUSURU,V-boşkoridor,ayni=9,999.0,,"aradaki kara Voronoi'de tamamen aynı sahipte (9/9 örnek, deniz 0) — kopukluk yalnız 150 km bağ eşiğinden/nokta seyrekliğinden"
340,1603-03-24,1868-01-03,Kamakura,edo-bakufu,4,Edo (Tokyo)+Kamakura+Odawara+Sunpu (Şizuoka),Aizu-Wakamatsu,244.3,155.6,Osaka (azuchi-momoyama),375.1,A-koridor,VERİ KUSURU,V-boşkoridor,ayni=9,119.1,,"aradaki kara Voronoi'de tamamen aynı sahipte (9/9 örnek, deniz 0) — kopukluk yalnız 150 km bağ eşiğinden/nokta seyrekliğinden"
341,1897-01-01,1923-10-29,Kelâfo,habesistan,4,Gode+Kebrî Dehar+Kelâfo+Verder,İmi,244.4,163.1,Ceel Barde (somali),138.9,A-koridor,VERİ KUSURU,V-boşkoridor,ayni=9,113.7,,"aradaki kara Voronoi'de tamamen aynı sahipte (9/9 örnek, deniz 0) — kopukluk yalnız 150 km bağ eşiğinden/nokta seyrekliğinden"
342,1775-01-01,1923-10-29,Cavnpur (Jaunpur),ingiliz-hindistani,2,Benâres (Vârânasî)+Cavnpur (Jaunpur),Patna (Azîmâbâd),246.5,209.1,Ilâhâbâd (Allahabad) (avad),90.9,A-koridor,VERİ KUSURU,V-boşkoridor,ayni=12,98.8,,"aradaki kara Voronoi'de tamamen aynı sahipte (12/12 örnek, deniz 0) — kopukluk yalnız 150 km bağ eşiğinden/nokta seyrekliğinden"
343,1700-01-01,1885-03-31,Kanye (Ngvaketse),tsvana,3,Kanye (Ngvaketse)+Molepolole (Kvena)+Moçudi (Kgatla),Şoşong (Shoshong),246.8,158.6,Luis Trichardt (venda),510.4,A-koridor,VERİ KUSURU,V-boşkoridor,ayni=9,293.2,,"aradaki kara Voronoi'de tamamen aynı sahipte (9/9 örnek, deniz 0) — kopukluk yalnız 150 km bağ eşiğinden/nokta seyrekliğinden"
344,1905-06-07,1923-10-29,Oslo,norvec,5,Hamar+Lillehammer+Oslo+Skien+Tønsberg,Sogndal,247.4,150.5,Karlstad (isvec),165.6,A-koridor,VERİ KUSURU,V-boşkoridor,ayni=9,110.7,,"aradaki kara Voronoi'de tamamen aynı sahipte (9/9 örnek, deniz 0) — kopukluk yalnız 150 km bağ eşiğinden/nokta seyrekliğinden"
345,1904-01-12,1915-07-09,Otjimbingve,almanya,3,Okahandja+Otjimbingve+Vindhuk (Windhoek),Outjo,249.1,194.6,Rehoboth (nama-orlam),145.3,A-koridor,VERİ KUSURU,V-boşkoridor,ayni=11,34.9,,"aradaki kara Voronoi'de tamamen aynı sahipte (11/11 örnek, deniz 0) — kopukluk yalnız 150 km bağ eşiğinden/nokta seyrekliğinden"
346,1400-01-01,1524-03-07,Utatlán (Q'umarkaj),maya-sehir-devletleri,2,Utatlán (Q'umarkaj)+Zaculeu,Nojpetén (Tayasal / Flores),250.5,245.0,Tehuantepec (zapotek-krallik),460.2,A-koridor,VERİ KUSURU,V-boşkoridor,ayni=15,999.0,,"aradaki kara Voronoi'de tamamen aynı sahipte (15/15 örnek, deniz 0) — kopukluk yalnız 150 km bağ eşiğinden/nokta seyrekliğinden"
347,1801-09-12,1917-03-15,Zagem (Kaheti),rusya,4,Kabartay (Nalçik)+Tiflis+Vladikavkaz+Zagem (Kaheti),Terek deltası (Kızlar),251.1,170.9,Gence (kacar),123.1,A-koridor,VERİ KUSURU,V-boşkoridor,ayni=10,130.7,,"aradaki kara Voronoi'de tamamen aynı sahipte (10/10 örnek, deniz 0) — kopukluk yalnız 150 km bağ eşiğinden/nokta seyrekliğinden"
348,1523-01-01,1535-04-17,Mitla,ispanya,4,Mitla+Tehuantepec+Tututepec (Yucu Dzaa)+Zaachila,Veracruz (Villa Rica de la Vera Cruz),251.7,251.7,,,A-koridor,VERİ KUSURU,V-boşkoridor,ayni=15,999.0,,"aradaki kara Voronoi'de tamamen aynı sahipte (15/15 örnek, deniz 0) — kopukluk yalnız 150 km bağ eşiğinden/nokta seyrekliğinden"
349,1535-04-17,1821-09-27,Mitla,yeni-ispanya,5,Antequera (Oaxaca)+Mitla+Tehuantepec+Tututepec (Yucu Dzaa)+Zaachila,Veracruz (Villa Rica de la Vera Cruz),251.7,241.8,,,A-koridor,VERİ KUSURU,V-boşkoridor,ayni=15,999.0,,"aradaki kara Voronoi'de tamamen aynı sahipte (15/15 örnek, deniz 0) — kopukluk yalnız 150 km bağ eşiğinden/nokta seyrekliğinden"
350,1821-09-27,1923-10-29,Mitla,meksika,5,Antequera (Oaxaca)+Mitla+Tehuantepec+Tututepec (Yucu Dzaa)+Zaachila,Veracruz (Villa Rica de la Vera Cruz),251.7,160.8,,,A-koridor,VERİ KUSURU,V-boşkoridor,ayni=5 deniz=4,365.6,,"aradaki kara Voronoi'de tamamen aynı sahipte (5/9 örnek, deniz 4) — kopukluk yalnız 150 km bağ eşiğinden/nokta seyrekliğinden"
351,1523-01-01,1535-04-17,Zaachila,ispanya,4,Mitla+Tehuantepec+Tututepec (Yucu Dzaa)+Zaachila,Tepeaca,251.9,251.7,,,A-koridor,VERİ KUSURU,V-boşkoridor,ayni=15,999.0,,"aradaki kara Voronoi'de tamamen aynı sahipte (15/15 örnek, deniz 0) — kopukluk yalnız 150 km bağ eşiğinden/nokta seyrekliğinden"
352,1535-04-17,1821-09-27,Zaachila,yeni-ispanya,5,Antequera (Oaxaca)+Mitla+Tehuantepec+Tututepec (Yucu Dzaa)+Zaachila,Tepeaca,251.9,241.8,,,A-koridor,VERİ KUSURU,V-boşkoridor,ayni=15,999.0,,"aradaki kara Voronoi'de tamamen aynı sahipte (15/15 örnek, deniz 0) — kopukluk yalnız 150 km bağ eşiğinden/nokta seyrekliğinden"
353,1821-09-27,1923-10-29,Zaachila,meksika,5,Antequera (Oaxaca)+Mitla+Tehuantepec+Tututepec (Yucu Dzaa)+Zaachila,Tepeaca,251.9,160.8,,,A-koridor,VERİ KUSURU,V-boşkoridor,ayni=5 deniz=4,365.6,,"aradaki kara Voronoi'de tamamen aynı sahipte (5/9 örnek, deniz 4) — kopukluk yalnız 150 km bağ eşiğinden/nokta seyrekliğinden"
354,1531-01-01,1821-09-27,Compostela,yeni-ispanya,1,Compostela,Colima (San Sebastián de Colima),253.0,253.0,Ihuatzio (ispanya),389.1,A-koridor,VERİ KUSURU,V-boşkoridor,ayni=15,165.2,,"aradaki kara Voronoi'de tamamen aynı sahipte (15/15 örnek, deniz 0) — kopukluk yalnız 150 km bağ eşiğinden/nokta seyrekliğinden"
355,1504-01-01,1821-06-14,Kurmuk,funj,4,Ed-Damazîn+Fâzûğlî+Kurmuk+Rusayris,Cebeleyn,253.3,151.0,İncibara (habesistan),289.3,A-koridor,VERİ KUSURU,V-boşkoridor,ayni=9,147.1,,"aradaki kara Voronoi'de tamamen aynı sahipte (9/9 örnek, deniz 0) — kopukluk yalnız 150 km bağ eşiğinden/nokta seyrekliğinden"
356,1821-06-14,1885-01-26,Kurmuk,OSMANLI,4,Ed-Damazîn+Fâzûğlî+Kurmuk+Rusayris,Cebeleyn,253.3,151.0,İncibara (habesistan),289.3,A-koridor,VERİ KUSURU,V-boşkoridor,ayni=9,147.1,,"aradaki kara Voronoi'de tamamen aynı sahipte (9/9 örnek, deniz 0) — kopukluk yalnız 150 km bağ eşiğinden/nokta seyrekliğinden"
357,1902-01-01,1923-10-29,Huambo (Wambu),portekiz,4,Bailundo+Huambo (Wambu)+Kakonda (Caconda)+Kuito (Bié),Benguela,253.7,215.6,Kasance (Kasanje) (kasance),461.7,A-koridor,VERİ KUSURU,V-boşkoridor,ayni=13,233.7,,"aradaki kara Voronoi'de tamamen aynı sahipte (13/13 örnek, deniz 0) — kopukluk yalnız 150 km bağ eşiğinden/nokta seyrekliğinden"
358,1530-02-14,1535-04-17,Pátzcuaro,ispanya,3,Ihuatzio+Pátzcuaro+Tzintzuntzan,Tlacopan (Tacuba),253.8,251.8,Colima (San Sebastián de Colima) (yeni-ispanya),224.2,A-koridor,VERİ KUSURU,V-boşkoridor,ayni=15,226.0,,"aradaki kara Voronoi'de tamamen aynı sahipte (15/15 örnek, deniz 0) — kopukluk yalnız 150 km bağ eşiğinden/nokta seyrekliğinden"
359,1646-07-06,1912-02-12,Shaoxing,qing-hanedani,5,Hangzhou+Ningbo+Shaoxing+Suzhou+Şanghay,Wuhu,255.3,164.6,Wenzhou (guney-ming),226.7,A-koridor,VERİ KUSURU,V-boşkoridor,ayni=9,999.0,,"aradaki kara Voronoi'de tamamen aynı sahipte (9/9 örnek, deniz 0) — kopukluk yalnız 150 km bağ eşiğinden/nokta seyrekliğinden"
360,1777-01-01,1867-07-01,Kahnawake,ingiliz-kuzey-amerika,5,Kahnawake+Montreal (Ville-Marie)+Odanak (Abenaki)+Quebec+Trois-Rivières,Fort Frontenac (Kingston),256.3,178.9,Mohawk (Kayenlaha'ke) (ingiltere),278.5,A-koridor,VERİ KUSURU,V-boşkoridor,ayni=10,220.3,evet,"aradaki kara Voronoi'de tamamen aynı sahipte (10/10 örnek, deniz 0) — kopukluk yalnız 150 km bağ eşiğinden/nokta seyrekliğinden"
361,1763-02-10,1867-07-01,Trois-Rivières,ingiliz-kuzey-amerika,4,Montreal (Ville-Marie)+Odanak (Abenaki)+Quebec+Trois-Rivières,Chicoutimi,257.0,178.9,Kahnawake (haudenosaunee),136.1,A-koridor,VERİ KUSURU,V-boşkoridor,ayni=10,220.3,,"aradaki kara Voronoi'de tamamen aynı sahipte (10/10 örnek, deniz 0) — kopukluk yalnız 150 km bağ eşiğinden/nokta seyrekliğinden"
362,1867-07-01,1923-10-29,Trois-Rivières,kanada,5,Kahnawake+Montreal (Ville-Marie)+Odanak (Abenaki)+Quebec+Trois-Rivières,Chicoutimi,257.0,157.4,Norridgewock (Abenaki) (abd),280.5,A-koridor,VERİ KUSURU,V-boşkoridor,ayni=8 deniz=1,190.6,,"aradaki kara Voronoi'de tamamen aynı sahipte (8/9 örnek, deniz 1) — kopukluk yalnız 150 km bağ eşiğinden/nokta seyrekliğinden"
363,1795-01-01,1907-03-23,Angkor (Siem Reap),siyam-chakri,5,Angkor (Siem Reap)+Battambang+Chanthaburi+Pursat+Sisophon,Nakhon Ratchasima,257.5,180.4,Kompong Thom (kamboc-kralligi),135.5,A-koridor,VERİ KUSURU,V-boşkoridor,ayni=11,140.7,,"aradaki kara Voronoi'de tamamen aynı sahipte (11/11 örnek, deniz 0) — kopukluk yalnız 150 km bağ eşiğinden/nokta seyrekliğinden"
364,1526-04-21,1540-05-17,Lahor,babur-imparatorlugu,5,Câlandhar (Jalandhar)+Lahor+Ludhiyana+Sirhind+Siyâlkot,Râvalpindi,258.1,150.4,Cammû (Jammu) (kesmir),140.8,A-koridor,VERİ KUSURU,V-boşkoridor,ayni=9,272.6,,"aradaki kara Voronoi'de tamamen aynı sahipte (9/9 örnek, deniz 0) — kopukluk yalnız 150 km bağ eşiğinden/nokta seyrekliğinden"
365,1540-05-17,1555-07-23,Lahor,sur-hanedani,5,Câlandhar (Jalandhar)+Lahor+Ludhiyana+Sirhind+Siyâlkot,Râvalpindi,258.1,150.4,Cammû (Jammu) (kesmir),140.8,A-koridor,VERİ KUSURU,V-boşkoridor,ayni=9,272.6,,"aradaki kara Voronoi'de tamamen aynı sahipte (9/9 örnek, deniz 0) — kopukluk yalnız 150 km bağ eşiğinden/nokta seyrekliğinden"
366,1571-01-01,1654-01-18,Kremençuk,lehistan,5,Baturin+Kremençuk+Lubnı+Poltava+Çehrin (Çigirin),Kiev,258.5,182.5,Zaporojye Seçi (zaporojye),178.7,A-koridor,VERİ KUSURU,V-boşkoridor,ayni=11,53.2,,"aradaki kara Voronoi'de tamamen aynı sahipte (11/11 örnek, deniz 0) — kopukluk yalnız 150 km bağ eşiğinden/nokta seyrekliğinden"
367,1864-03-31,1912-02-12,Hangzhou,qing-hanedani,5,Hangzhou+Ningbo+Shaoxing+Suzhou+Şanghay,Wenzhou,259.0,224.0,Wuhu (taiping),206.3,A-koridor,VERİ KUSURU,V-boşkoridor,ayni=13,263.0,,"aradaki kara Voronoi'de tamamen aynı sahipte (13/13 örnek, deniz 0) — kopukluk yalnız 150 km bağ eşiğinden/nokta seyrekliğinden"
368,1638-01-01,1917-03-15,Çuguyev,rusya,5,Belgorod+Bryansk+Kursk+Orel+Çuguyev,Putivl,259.6,156.9,Poltava (lehistan),155.4,A-koridor,VERİ KUSURU,V-boşkoridor,ayni=9,48.7,,"aradaki kara Voronoi'de tamamen aynı sahipte (9/9 örnek, deniz 0) — kopukluk yalnız 150 km bağ eşiğinden/nokta seyrekliğinden"
369,1479-01-20,1923-10-29,Vigo,ispanya,3,A Coruña+Santiago de Compostela+Vigo,León,261.9,205.9,Braga (portekiz),81.0,A-koridor,VERİ KUSURU,V-boşkoridor,ayni=12,79.8,,"aradaki kara Voronoi'de tamamen aynı sahipte (12/12 örnek, deniz 0) — kopukluk yalnız 150 km bağ eşiğinden/nokta seyrekliğinden"
370,1611-01-01,1868-01-03,Hirosaki,edo-bakufu,4,Hakodate+Hirosaki+Matsumae+Morioka,Sendai,262.0,161.3,,,A-koridor,VERİ KUSURU,V-boşkoridor,ayni=9,999.0,,"aradaki kara Voronoi'de tamamen aynı sahipte (9/9 örnek, deniz 0) — kopukluk yalnız 150 km bağ eşiğinden/nokta seyrekliğinden"
371,1868-01-03,1923-10-29,Hirosaki,meiji-japonya,4,Hakodate+Hirosaki+Matsumae+Morioka,Sendai,262.0,161.3,,,A-koridor,VERİ KUSURU,V-boşkoridor,ayni=9,999.0,,"aradaki kara Voronoi'de tamamen aynı sahipte (9/9 örnek, deniz 0) — kopukluk yalnız 150 km bağ eşiğinden/nokta seyrekliğinden"
372,1673-01-01,1763-02-10,Fort Frontenac (Kingston),fransa,1,Fort Frontenac (Kingston),Sainte-Marie-au-pays-des-Hurons,262.9,262.9,Onondaga (İrokua Konfederasyon Merkezi) (haudenosaunee),137.9,A-koridor,VERİ KUSURU,V-boşkoridor,ayni=16,54.6,,"aradaki kara Voronoi'de tamamen aynı sahipte (16/16 örnek, deniz 0) — kopukluk yalnız 150 km bağ eşiğinden/nokta seyrekliğinden · tek nokta, ≤150 km komşularının hepsi haudenosaunee"
373,1337-09-09,1386-01-01,Esterâbâd (Gürgân),serbedariler,5,Bistâm+Dihistan ovası (Meşhed-i Misriyân)+Dâmgan+Esterâbâd (Gürgân)+Simnân,Bocnûrd,266.1,169.8,Eşref (Behşehr) (ilhanli),80.2,A-koridor,VERİ KUSURU,V-boşkoridor,ayni=10,142.0,,"aradaki kara Voronoi'de tamamen aynı sahipte (10/10 örnek, deniz 0) — kopukluk yalnız 150 km bağ eşiğinden/nokta seyrekliğinden"
374,1386-01-01,1507-05-01,Esterâbâd (Gürgân),timurlu,2,Dihistan ovası (Meşhed-i Misriyân)+Esterâbâd (Gürgân),Bocnûrd,266.1,169.8,Bistâm (serbedariler),64.8,A-koridor,VERİ KUSURU,V-boşkoridor,ayni=10,142.0,,"aradaki kara Voronoi'de tamamen aynı sahipte (10/10 örnek, deniz 0) — kopukluk yalnız 150 km bağ eşiğinden/nokta seyrekliğinden"
375,1510-12-02,1736-03-08,Esterâbâd (Gürgân),safevi,5,Bistâm+Dihistan ovası (Meşhed-i Misriyân)+Dâmgan+Esterâbâd (Gürgân)+Simnân,Bocnûrd,266.1,169.8,Eşref (Behşehr) (mazenderan-marasi),80.2,A-koridor,VERİ KUSURU,V-boşkoridor,ayni=10,142.0,,"aradaki kara Voronoi'de tamamen aynı sahipte (10/10 örnek, deniz 0) — kopukluk yalnız 150 km bağ eşiğinden/nokta seyrekliğinden"
376,1470-01-01,1524-07-25,Iximché,maya-sehir-devletleri,3,Iximché+Utatlán (Q'umarkaj)+Zaculeu,Nojpetén (Tayasal / Flores),268.7,245.0,,,A-koridor,VERİ KUSURU,V-boşkoridor,ayni=15,999.0,,"aradaki kara Voronoi'de tamamen aynı sahipte (15/15 örnek, deniz 0) — kopukluk yalnız 150 km bağ eşiğinden/nokta seyrekliğinden"
377,1763-02-10,1867-07-01,Montreal (Ville-Marie),ingiliz-kuzey-amerika,4,Montreal (Ville-Marie)+Odanak (Abenaki)+Quebec+Trois-Rivières,Fort Frontenac (Kingston),269.0,178.9,Kahnawake (haudenosaunee),13.5,A-koridor,VERİ KUSURU,V-boşkoridor,ayni=10,220.3,,"aradaki kara Voronoi'de tamamen aynı sahipte (10/10 örnek, deniz 0) — kopukluk yalnız 150 km bağ eşiğinden/nokta seyrekliğinden"
378,1387-11-01,1452-01-01,Dâmgan,timurlu,5,Bistâm+Dihistan ovası (Meşhed-i Misriyân)+Dâmgan+Esterâbâd (Gürgân)+Simnân,Tahran,271.6,169.8,Eşref (Behşehr) (mazenderan-marasi),92.1,A-koridor,VERİ KUSURU,V-boşkoridor,ayni=10,142.0,,"aradaki kara Voronoi'de tamamen aynı sahipte (10/10 örnek, deniz 0) — kopukluk yalnız 150 km bağ eşiğinden/nokta seyrekliğinden"
379,1640-12-01,1923-10-29,Porto,portekiz,5,Aveiro+Braga+Bragança+Coimbra+Porto,Lizbon,273.7,176.2,Vigo (ispanya),121.5,A-koridor,VERİ KUSURU,V-boşkoridor,ayni=9 deniz=1,88.4,,"aradaki kara Voronoi'de tamamen aynı sahipte (9/10 örnek, deniz 1) — kopukluk yalnız 150 km bağ eşiğinden/nokta seyrekliğinden"
380,1902-03-01,1923-10-29,Aroçukvu,ingiltere,5,Aroçukvu+Benin Şehri (Edo)+Bonny+Eski Kalabar+Onitsha,Lokoca (Lokoja),277.4,183.6,Duala (almanya),299.5,A-koridor,VERİ KUSURU,V-boşkoridor,ayni=11,306.8,,"aradaki kara Voronoi'de tamamen aynı sahipte (11/11 örnek, deniz 0) — kopukluk yalnız 150 km bağ eşiğinden/nokta seyrekliğinden"
381,1835-05-24,1923-10-29,King William's Town,ingiltere,3,Grahamstown+King William's Town+Port Elizabeth,Graaff-Reinet,277.9,214.7,Gcuva (Butterworth) (xhosa),93.1,A-koridor,VERİ KUSURU,V-boşkoridor,ayni=13,194.0,,"aradaki kara Voronoi'de tamamen aynı sahipte (13/13 örnek, deniz 0) — kopukluk yalnız 150 km bağ eşiğinden/nokta seyrekliğinden"
382,1318-01-01,1347-08-03,Gülberge (Gulbarga),delhi-sultanligi,2,Bîcâpur (Bijapur)+Gülberge (Gulbarga),Kolhapûr,284.1,156.8,Bîdar (kakatiya),97.4,A-koridor,VERİ KUSURU,V-boşkoridor,ayni=9,182.7,,"aradaki kara Voronoi'de tamamen aynı sahipte (9/9 örnek, deniz 0) — kopukluk yalnız 150 km bağ eşiğinden/nokta seyrekliğinden"
383,1503-04-02,1547-01-16,Çernigov,moskova,4,Hluhiv+Novgorod-Seversk+Putivl+Çernigov,Bryansk,285.0,156.9,Baturin (litvanya-buyuk-dukalik),111.6,A-koridor,VERİ KUSURU,V-boşkoridor,ayni=9,77.4,,"aradaki kara Voronoi'de tamamen aynı sahipte (9/9 örnek, deniz 0) — kopukluk yalnız 150 km bağ eşiğinden/nokta seyrekliğinden"
384,1547-01-16,1618-12-11,Çernigov,rusya,4,Hluhiv+Novgorod-Seversk+Putivl+Çernigov,Bryansk,285.0,156.9,Baturin (litvanya-buyuk-dukalik),111.6,A-koridor,VERİ KUSURU,V-boşkoridor,ayni=9,77.4,,"aradaki kara Voronoi'de tamamen aynı sahipte (9/9 örnek, deniz 0) — kopukluk yalnız 150 km bağ eşiğinden/nokta seyrekliğinden"
385,1801-09-12,1917-03-15,Tiflis,rusya,4,Kabartay (Nalçik)+Tiflis+Vladikavkaz+Zagem (Kaheti),Terek deltası (Kızlar),285.1,170.9,Ahılkelek (Akhalkalaki) (OSMANLI),113.5,A-koridor,VERİ KUSURU,V-boşkoridor,ayni=10,130.7,,"aradaki kara Voronoi'de tamamen aynı sahipte (10/10 örnek, deniz 0) — kopukluk yalnız 150 km bağ eşiğinden/nokta seyrekliğinden"
386,1861-02-13,1923-10-29,Pantelerya,italya,3,Palermo+Pantelerya+Trapani,Katanya (Catania),285.6,166.3,Kelîbiye (OSMANLI),80.0,A-koridor,VERİ KUSURU,V-boşkoridor,ayni=9 deniz=1,134.4,,"aradaki kara Voronoi'de tamamen aynı sahipte (9/10 örnek, deniz 1) — kopukluk yalnız 150 km bağ eşiğinden/nokta seyrekliğinden"
387,1821-09-27,1848-02-02,Albuquerque,meksika,4,Acoma Pueblo (Sky City)+Albuquerque+Santa Fe+Taos Pueblo,Santa Rita del Cobre,285.7,247.7,Halona:wa (Zuni) (zuni),200.1,A-koridor,VERİ KUSURU,V-boşkoridor,ayni=15,37.1,,"aradaki kara Voronoi'de tamamen aynı sahipte (15/15 örnek, deniz 0) — kopukluk yalnız 150 km bağ eşiğinden/nokta seyrekliğinden"
388,1916-09-01,1923-10-29,Lindi,ingiltere,4,Kilva Kivince+Lindi+Masasi+Mikindani,Tunduru,286.0,163.1,Kilwa Kisiwani (Kilve) (umman-zengibar),116.3,A-koridor,VERİ KUSURU,V-boşkoridor,ayni=9,170.8,,"aradaki kara Voronoi'de tamamen aynı sahipte (9/9 örnek, deniz 0) — kopukluk yalnız 150 km bağ eşiğinden/nokta seyrekliğinden"
389,1899-01-01,1923-10-29,Madaoua,fransa-cumhuriyet,3,Birni-N'Konni+Madaoua+Tahoua,Filingue,286.1,217.0,Sokoto (sokoto),137.7,A-koridor,VERİ KUSURU,V-boşkoridor,ayni=13,43.9,,"aradaki kara Voronoi'de tamamen aynı sahipte (13/13 örnek, deniz 0) — kopukluk yalnız 150 km bağ eşiğinden/nokta seyrekliğinden"
390,1753-04-01,1803-12-30,Kanbâyet (Khambhat),maratha,4,Ahmedâbâd+Kanbâyet (Khambhat)+Patan (Anhilvâda)+Çampâner,Mandu (Mândû),286.3,192.5,Baroda (Vadodara) (baroda),57.7,A-koridor,VERİ KUSURU,V-boşkoridor,ayni=11,36.8,,"aradaki kara Voronoi'de tamamen aynı sahipte (11/11 örnek, deniz 0) — kopukluk yalnız 150 km bağ eşiğinden/nokta seyrekliğinden"
391,1601-01-01,1860-01-01,Burhânpûr,babur-imparatorlugu,5,Asîrgarh+Burhânpûr+Elicpûr (Achalpur)+Mandu (Mândû)+Uccayn (Ujjain),Ahmednagar,289.9,192.5,Devagiri (Devletâbâd) (ahmednagar),183.9,A-koridor,VERİ KUSURU,V-boşkoridor,ayni=11,157.5,,"aradaki kara Voronoi'de tamamen aynı sahipte (11/11 örnek, deniz 0) — kopukluk yalnız 150 km bağ eşiğinden/nokta seyrekliğinden"
392,1841-10-01,1871-04-20,Lahsa,suud-ikinci,4,Cübeyl+Katîf+Lahsa+Ukayr (Uceyr),Dilem (Harc),289.9,289.9,Manama (Bahreyn) (bahreyn),137.1,A-koridor,VERİ KUSURU,V-boşkoridor,ayni=18,135.8,,"aradaki kara Voronoi'de tamamen aynı sahipte (18/18 örnek, deniz 0) — kopukluk yalnız 150 km bağ eşiğinden/nokta seyrekliğinden"
393,1860-01-01,1923-10-29,Burhânpûr,ingiliz-hindistani,3,Asîrgarh+Burhânpûr+Elicpûr (Achalpur),Ahmednagar,289.9,163.8,Mandu (Mândû) (maratha),143.4,A-koridor,VERİ KUSURU,V-boşkoridor,ayni=9,164.4,,"aradaki kara Voronoi'de tamamen aynı sahipte (9/9 örnek, deniz 0) — kopukluk yalnız 150 km bağ eşiğinden/nokta seyrekliğinden"
394,1913-07-08,1923-10-29,Lahsa,suud-ucuncu,4,Cübeyl+Katîf+Lahsa+Ukayr (Uceyr),Dilem (Harc),289.9,289.9,"Katar Yarımadası (iç, dolgu) (OSMANLI)",136.8,A-koridor,VERİ KUSURU,V-boşkoridor,ayni=18,126.9,,"aradaki kara Voronoi'de tamamen aynı sahipte (18/18 örnek, deniz 0) — kopukluk yalnız 150 km bağ eşiğinden/nokta seyrekliğinden"
395,1725-12-15,1763-02-10,Odanak (Abenaki),fransa,4,Montreal (Ville-Marie)+Odanak (Abenaki)+Quebec+Trois-Rivières,Chicoutimi,292.3,178.9,Kahnawake (haudenosaunee),100.3,A-koridor,VERİ KUSURU,V-boşkoridor,ayni=10,132.6,,"aradaki kara Voronoi'de tamamen aynı sahipte (10/10 örnek, deniz 0) — kopukluk yalnız 150 km bağ eşiğinden/nokta seyrekliğinden"
396,1763-02-10,1867-07-01,Odanak (Abenaki),ingiliz-kuzey-amerika,4,Montreal (Ville-Marie)+Odanak (Abenaki)+Quebec+Trois-Rivières,Chicoutimi,292.3,178.9,Kahnawake (haudenosaunee),100.3,A-koridor,VERİ KUSURU,V-boşkoridor,ayni=10,220.3,,"aradaki kara Voronoi'de tamamen aynı sahipte (10/10 örnek, deniz 0) — kopukluk yalnız 150 km bağ eşiğinden/nokta seyrekliğinden"
397,1634-07-04,1763-02-10,Trois-Rivières,fransa,2,Quebec+Trois-Rivières,Tadoussac,292.7,185.5,Norridgewock (Abenaki) (abenaki),280.5,A-koridor,VERİ KUSURU,V-boşkoridor,ayni=11,69.8,,"aradaki kara Voronoi'de tamamen aynı sahipte (11/11 örnek, deniz 0) — kopukluk yalnız 150 km bağ eşiğinden/nokta seyrekliğinden"
398,1584-01-01,1657-01-01,Feyzâbâd (Bedahşan),buhara,3,Feyzâbâd (Bedahşan)+Hisar+Külâb (Kulob),Termez,292.8,160.4,Kâbil (babur-imparatorlugu),314.6,A-koridor,VERİ KUSURU,V-boşkoridor,ayni=9,999.0,,"aradaki kara Voronoi'de tamamen aynı sahipte (9/9 örnek, deniz 0) — kopukluk yalnız 150 km bağ eşiğinden/nokta seyrekliğinden"
399,1860-01-01,1923-10-29,Asîrgarh,ingiliz-hindistani,3,Asîrgarh+Burhânpûr+Elicpûr (Achalpur),Nagpûr,293.7,163.8,Mandu (Mândû) (maratha),134.7,A-koridor,VERİ KUSURU,V-boşkoridor,ayni=9,164.4,,"aradaki kara Voronoi'de tamamen aynı sahipte (9/9 örnek, deniz 0) — kopukluk yalnız 150 km bağ eşiğinden/nokta seyrekliğinden"
400,1542-01-01,1821-09-27,Maní,yeni-ispanya,2,Campeche (San Francisco de Campeche)+Maní,Acalán (Itzamkanac),294.2,186.9,Sotuta (maya-sehir-devletleri),44.3,A-koridor,VERİ KUSURU,V-boşkoridor,ayni=11,155.8,,"aradaki kara Voronoi'de tamamen aynı sahipte (11/11 örnek, deniz 0) — kopukluk yalnız 150 km bağ eşiğinden/nokta seyrekliğinden"
401,1821-09-27,1923-10-29,Maní,meksika,5,Campeche (San Francisco de Campeche)+Chichén Itzá+Maní+Mérida+Sotuta,Acalán (Itzamkanac),294.2,186.9,Belize Town (ingiltere),343.6,A-koridor,VERİ KUSURU,V-boşkoridor,ayni=11,155.8,,"aradaki kara Voronoi'de tamamen aynı sahipte (11/11 örnek, deniz 0) — kopukluk yalnız 150 km bağ eşiğinden/nokta seyrekliğinden"
402,1700-01-01,1902-01-01,Huambo (Wambu),ovimbundu,3,Bailundo+Huambo (Wambu)+Kuito (Bié),Menongue,296.8,266.2,Kakonda (Caconda) (portekiz),128.1,A-koridor,VERİ KUSURU,V-boşkoridor,ayni=16,116.9,,"aradaki kara Voronoi'de tamamen aynı sahipte (16/16 örnek, deniz 0) — kopukluk yalnız 150 km bağ eşiğinden/nokta seyrekliğinden"
403,1337-09-09,1387-11-01,Dâmgan,serbedariler,5,Bistâm+Dihistan ovası (Meşhed-i Misriyân)+Dâmgan+Esterâbâd (Gürgân)+Simnân,Sebzevâr,299.0,169.8,Eşref (Behşehr) (ilhanli),92.1,A-koridor,VERİ KUSURU,V-boşkoridor,ayni=10,142.0,,"aradaki kara Voronoi'de tamamen aynı sahipte (10/10 örnek, deniz 0) — kopukluk yalnız 150 km bağ eşiğinden/nokta seyrekliğinden"
404,1753-04-01,1818-01-01,Ahmedâbâd,maratha,4,Ahmedâbâd+Kanbâyet (Khambhat)+Patan (Anhilvâda)+Çampâner,Mandu (Mândû),300.4,192.5,Baroda (Vadodara) (baroda),101.3,B-bilinmiyor,VERİ KUSURU,V-boşkoridor,ayni=11,36.8,,"aradaki kara Voronoi'de tamamen aynı sahipte (11/11 örnek, deniz 0) — kopukluk yalnız 150 km bağ eşiğinden/nokta seyrekliğinden"
405,1569-07-01,1654-01-18,Poltava,lehistan,4,Baturin+Lubnı+Poltava+Çehrin (Çigirin),Kiev,303.2,182.5,Putivl (rusya),200.2,B-bilinmiyor,VERİ KUSURU,V-boşkoridor,ayni=11,53.2,,"aradaki kara Voronoi'de tamamen aynı sahipte (11/11 örnek, deniz 0) — kopukluk yalnız 150 km bağ eşiğinden/nokta seyrekliğinden"
406,1601-01-01,1860-01-01,Asîrgarh,babur-imparatorlugu,5,Asîrgarh+Burhânpûr+Elicpûr (Achalpur)+Mandu (Mândû)+Uccayn (Ujjain),Ahmednagar,304.3,192.5,Devagiri (Devletâbâd) (ahmednagar),198.2,B-bilinmiyor,VERİ KUSURU,V-boşkoridor,ayni=11,157.5,,"aradaki kara Voronoi'de tamamen aynı sahipte (11/11 örnek, deniz 0) — kopukluk yalnız 150 km bağ eşiğinden/nokta seyrekliğinden"
407,1537-04-20,1538-08-06,Bacatá (Bogotá),ispanya,1,Bacatá (Bogotá),Cali,306.1,306.1,Hunza (Tunja) (muisca-konfederasyonu),120.4,B-bilinmiyor,VERİ KUSURU,V-boşkoridor,ayni=19,80.0,,"aradaki kara Voronoi'de tamamen aynı sahipte (19/19 örnek, deniz 0) — kopukluk yalnız 150 km bağ eşiğinden/nokta seyrekliğinden · tek nokta, ≤150 km komşularının hepsi muisca-konfederasyonu"
408,1831-01-01,1923-10-29,Bacatá (Bogotá),kolombiya-cumhuriyeti,5,Bacatá (Bogotá)+Cartago (Valle del Cauca)+Honda (Tolima)+Hunza (Tunja)+San Martín (Meta),Cali,306.1,160.2,San Cristóbal (Táchira) (venezuela-cumhuriyeti),396.7,B-bilinmiyor,VERİ KUSURU,V-boşkoridor,ayni=9,526.7,,"aradaki kara Voronoi'de tamamen aynı sahipte (9/9 örnek, deniz 0) — kopukluk yalnız 150 km bağ eşiğinden/nokta seyrekliğinden"
409,1893-11-04,1923-10-29,Bulavayo,ingiltere,3,Bulavayo+Danangombe (Rozvi)+Khami,Palapye,306.2,269.6,Luis Trichardt (venda),350.1,B-bilinmiyor,VERİ KUSURU,V-boşkoridor,ayni=16,132.4,,"aradaki kara Voronoi'de tamamen aynı sahipte (16/16 örnek, deniz 0) — kopukluk yalnız 150 km bağ eşiğinden/nokta seyrekliğinden"
410,1716-01-01,1795-04-01,Kuveyt,benihalid,1,Kuveyt,Cübeyl,310.6,310.6,Fâv (OSMANLI),82.1,B-bilinmiyor,VERİ KUSURU,V-boşkoridor,ayni=3 deniz=16,73.9,,"aradaki kara Voronoi'de tamamen aynı sahipte (3/19 örnek, deniz 16) — kopukluk yalnız 150 km bağ eşiğinden/nokta seyrekliğinden · tek nokta, ≤150 km komşularının hepsi OSMANLI"
411,1859-01-01,1923-10-29,Feyzâbâd (Bedahşan),afganistan,1,Feyzâbâd (Bedahşan),Kâbil,314.6,314.6,Külâb (Kulob) (buhara),112.9,B-bilinmiyor,VERİ KUSURU,V-boşkoridor,ayni=19,75.2,,"aradaki kara Voronoi'de tamamen aynı sahipte (19/19 örnek, deniz 0) — kopukluk yalnız 150 km bağ eşiğinden/nokta seyrekliğinden"
412,1805-07-20,1811-11-01,Bedir,suud,4,Bedir+Hayber+Medine+Yenbu,Tâif,314.9,313.0,Râbiğ (OSMANLI),111.9,B-bilinmiyor,VERİ KUSURU,V-boşkoridor,ayni=19,96.7,,"aradaki kara Voronoi'de tamamen aynı sahipte (19/19 örnek, deniz 0) — kopukluk yalnız 150 km bağ eşiğinden/nokta seyrekliğinden"
413,1543-03-10,1821-09-15,Antigua Guatemala (Santiago de los Caballeros),yeni-ispanya,1,Antigua Guatemala (Santiago de los Caballeros),San Cristóbal de las Casas (Ciudad Real),316.9,316.9,Nojpetén (Tayasal / Flores) (maya-sehir-devletleri),278.4,B-bilinmiyor,VERİ KUSURU,V-boşkoridor,ayni=20,87.2,evet,"aradaki kara Voronoi'de tamamen aynı sahipte (20/20 örnek, deniz 0) — kopukluk yalnız 150 km bağ eşiğinden/nokta seyrekliğinden"
414,1306-01-01,1400-03-01,Huế (Phú Xuân),tran-hanedani,2,Huế (Phú Xuân)+Quang Tri,Vinh,317.1,266.1,Đà Nẵng (Tourane) (campa),80.0,B-bilinmiyor,VERİ KUSURU,V-boşkoridor,ayni=16,129.7,,"aradaki kara Voronoi'de tamamen aynı sahipte (16/16 örnek, deniz 0) — kopukluk yalnız 150 km bağ eşiğinden/nokta seyrekliğinden"
415,1400-03-01,1407-06-17,Huế (Phú Xuân),ho-hanedani,2,Huế (Phú Xuân)+Quang Tri,Vinh,317.1,266.1,Đà Nẵng (Tourane) (campa),80.0,B-bilinmiyor,VERİ KUSURU,V-boşkoridor,ayni=16,95.3,,"aradaki kara Voronoi'de tamamen aynı sahipte (16/16 örnek, deniz 0) — kopukluk yalnız 150 km bağ eşiğinden/nokta seyrekliğinden"
416,1407-06-17,1428-01-03,Huế (Phú Xuân),ming-hanedani,2,Huế (Phú Xuân)+Quang Tri,Vinh,317.1,266.1,Đà Nẵng (Tourane) (campa),80.0,B-bilinmiyor,VERİ KUSURU,V-boşkoridor,ayni=16,95.3,,"aradaki kara Voronoi'de tamamen aynı sahipte (16/16 örnek, deniz 0) — kopukluk yalnız 150 km bağ eşiğinden/nokta seyrekliğinden"
417,1428-01-03,1558-01-01,Huế (Phú Xuân),le-hanedani,2,Huế (Phú Xuân)+Quang Tri,Vinh,317.1,266.1,Đà Nẵng (Tourane) (campa),80.0,B-bilinmiyor,VERİ KUSURU,V-boşkoridor,ayni=16,95.3,,"aradaki kara Voronoi'de tamamen aynı sahipte (16/16 örnek, deniz 0) — kopukluk yalnız 150 km bağ eşiğinden/nokta seyrekliğinden"
418,1775-02-01,1786-06-01,Huế (Phú Xuân),le-hanedani,5,Huế (Phú Xuân)+Hội An (Faifo)+Quang Ngai+Quang Tri+Đà Nẵng (Tourane),Vinh,317.1,266.1,Attapeu (laos-kralliklari),200.8,B-bilinmiyor,VERİ KUSURU,V-boşkoridor,ayni=16,95.3,,"aradaki kara Voronoi'de tamamen aynı sahipte (16/16 örnek, deniz 0) — kopukluk yalnız 150 km bağ eşiğinden/nokta seyrekliğinden"
419,1640-12-01,1923-10-29,Braga,portekiz,5,Aveiro+Braga+Bragança+Coimbra+Porto,Lizbon,319.7,176.2,Vigo (ispanya),81.0,B-bilinmiyor,VERİ KUSURU,V-boşkoridor,ayni=9 deniz=1,88.4,,"aradaki kara Voronoi'de tamamen aynı sahipte (9/10 örnek, deniz 1) — kopukluk yalnız 150 km bağ eşiğinden/nokta seyrekliğinden"
420,1775-02-01,1786-06-01,Quang Ngai,le-hanedani,5,Huế (Phú Xuân)+Hội An (Faifo)+Quang Ngai+Quang Tri+Đà Nẵng (Tourane),Nha Trang (Kauthara),323.0,266.1,Vijaya (Quy Nhơn) (tay-son),139.4,B-bilinmiyor,VERİ KUSURU,V-boşkoridor,ayni=16,95.3,,"aradaki kara Voronoi'de tamamen aynı sahipte (16/16 örnek, deniz 0) — kopukluk yalnız 150 km bağ eşiğinden/nokta seyrekliğinden"
421,1863-12-04,1912-02-12,Suzhou,qing-hanedani,4,Ningbo+Shaoxing+Suzhou+Şanghay,Hefei,323.4,224.0,Hangzhou (taiping),121.2,B-bilinmiyor,VERİ KUSURU,V-boşkoridor,ayni=13,64.2,,"aradaki kara Voronoi'de tamamen aynı sahipte (13/13 örnek, deniz 0) — kopukluk yalnız 150 km bağ eşiğinden/nokta seyrekliğinden"
422,1847-01-01,1923-10-29,East London,ingiltere,4,East London+Grahamstown+King William's Town+Port Elizabeth,Graaff-Reinet,327.7,214.7,Gcuva (Butterworth) (xhosa),79.7,B-bilinmiyor,VERİ KUSURU,V-boşkoridor,ayni=13,194.0,,"aradaki kara Voronoi'de tamamen aynı sahipte (13/13 örnek, deniz 0) — kopukluk yalnız 150 km bağ eşiğinden/nokta seyrekliğinden"
423,1438-01-01,1767-04-07,Trang,ayutthaya,5,Nakhon Si Thammarat+Phuket (Thalang)+Songkhla+Surat Thani+Trang,Chumphon,329.2,150.9,Kedah (Alor Setar) (malay-sultanliklari),180.2,B-bilinmiyor,VERİ KUSURU,V-boşkoridor,ayni=2 deniz=7,325.2,,"aradaki kara Voronoi'de tamamen aynı sahipte (2/9 örnek, deniz 7) — kopukluk yalnız 150 km bağ eşiğinden/nokta seyrekliğinden"
424,1767-04-07,1782-04-06,Trang,tonburi,5,Nakhon Si Thammarat+Phuket (Thalang)+Songkhla+Surat Thani+Trang,Chumphon,329.2,150.9,Kedah (Alor Setar) (malay-sultanliklari),180.2,B-bilinmiyor,VERİ KUSURU,V-boşkoridor,ayni=2 deniz=7,224.6,,"aradaki kara Voronoi'de tamamen aynı sahipte (2/9 örnek, deniz 7) — kopukluk yalnız 150 km bağ eşiğinden/nokta seyrekliğinden"
425,1782-04-06,1923-10-29,Trang,siyam-chakri,5,Nakhon Si Thammarat+Phuket (Thalang)+Songkhla+Surat Thani+Trang,Chumphon,329.2,150.9,Kedah (Alor Setar) (malay-sultanliklari),180.2,B-bilinmiyor,VERİ KUSURU,V-boşkoridor,ayni=2 deniz=7,224.6,,"aradaki kara Voronoi'de tamamen aynı sahipte (2/9 örnek, deniz 7) — kopukluk yalnız 150 km bağ eşiğinden/nokta seyrekliğinden"
426,1539-01-09,1824-12-09,Huamanga (Ayacucho),ispanyol-peru,1,Huamanga (Ayacucho),Lima (Ciudad de los Reyes),330.0,330.0,Vilcashuamán (ispanya),63.8,B-bilinmiyor,VERİ KUSURU,V-boşkoridor,ayni=20,52.6,,"aradaki kara Voronoi'de tamamen aynı sahipte (20/20 örnek, deniz 0) — kopukluk yalnız 150 km bağ eşiğinden/nokta seyrekliğinden"
427,1887-01-01,1895-01-01,Mbande (Ngonde),umman-zengibar,2,Karonga+Mbande (Ngonde),Nkhotakota (Cumbe),331.7,331.7,Njombe (ngoni),123.4,B-bilinmiyor,VERİ KUSURU,V-boşkoridor,ayni=21,26.4,,"aradaki kara Voronoi'de tamamen aynı sahipte (21/21 örnek, deniz 0) — kopukluk yalnız 150 km bağ eşiğinden/nokta seyrekliğinden"
428,1895-01-01,1923-10-29,Mbande (Ngonde),ingiltere,2,Karonga+Mbande (Ngonde),Nkhotakota (Cumbe),331.7,331.7,Njombe (ngoni),123.4,B-bilinmiyor,VERİ KUSURU,V-boşkoridor,ayni=21,26.4,,"aradaki kara Voronoi'de tamamen aynı sahipte (21/21 örnek, deniz 0) — kopukluk yalnız 150 km bağ eşiğinden/nokta seyrekliğinden"
429,1545-01-01,1821-09-27,Sotuta,yeni-ispanya,4,Campeche (San Francisco de Campeche)+Maní+Mérida+Sotuta,Acalán (Itzamkanac),335.0,186.9,Chichén Itzá (maya-sehir-devletleri),48.1,B-bilinmiyor,VERİ KUSURU,V-boşkoridor,ayni=11,155.8,,"aradaki kara Voronoi'de tamamen aynı sahipte (11/11 örnek, deniz 0) — kopukluk yalnız 150 km bağ eşiğinden/nokta seyrekliğinden"
430,1795-01-01,1907-03-23,Pursat,siyam-chakri,5,Angkor (Siem Reap)+Battambang+Chanthaburi+Pursat+Sisophon,Nakhon Ratchasima,335.0,180.4,Kompong Thom (kamboc-kralligi),107.1,B-bilinmiyor,VERİ KUSURU,V-boşkoridor,ayni=11,140.7,,"aradaki kara Voronoi'de tamamen aynı sahipte (11/11 örnek, deniz 0) — kopukluk yalnız 150 km bağ eşiğinden/nokta seyrekliğinden"
431,1821-09-27,1923-10-29,Sotuta,meksika,5,Campeche (San Francisco de Campeche)+Chichén Itzá+Maní+Mérida+Sotuta,Acalán (Itzamkanac),335.0,186.9,Belize Town (ingiltere),353.6,B-bilinmiyor,VERİ KUSURU,V-boşkoridor,ayni=11,155.8,,"aradaki kara Voronoi'de tamamen aynı sahipte (11/11 örnek, deniz 0) — kopukluk yalnız 150 km bağ eşiğinden/nokta seyrekliğinden"
432,1577-07-25,1821-09-27,Saltillo,yeni-ispanya,1,Saltillo,Zacatecas,335.6,335.6,,,B-bilinmiyor,VERİ KUSURU,V-boşkoridor,ayni=21,999.0,,"aradaki kara Voronoi'de tamamen aynı sahipte (21/21 örnek, deniz 0) — kopukluk yalnız 150 km bağ eşiğinden/nokta seyrekliğinden"
433,1895-01-01,1923-10-29,Karonga,ingiltere,2,Karonga+Mbande (Ngonde),Nkhotakota (Cumbe),336.0,331.7,Njombe (ngoni),113.1,B-bilinmiyor,VERİ KUSURU,V-boşkoridor,ayni=21,26.4,,"aradaki kara Voronoi'de tamamen aynı sahipte (21/21 örnek, deniz 0) — kopukluk yalnız 150 km bağ eşiğinden/nokta seyrekliğinden"
434,1542-01-06,1821-09-27,Mérida,yeni-ispanya,3,Campeche (San Francisco de Campeche)+Maní+Mérida,Acalán (Itzamkanac),339.7,186.9,Sotuta (maya-sehir-devletleri),73.2,B-bilinmiyor,VERİ KUSURU,V-boşkoridor,ayni=11,155.8,,"aradaki kara Voronoi'de tamamen aynı sahipte (11/11 örnek, deniz 0) — kopukluk yalnız 150 km bağ eşiğinden/nokta seyrekliğinden"
435,1821-09-27,1923-10-29,Mérida,meksika,5,Campeche (San Francisco de Campeche)+Chichén Itzá+Maní+Mérida+Sotuta,Acalán (Itzamkanac),339.7,186.9,Belize Town (ingiltere),412.0,B-bilinmiyor,VERİ KUSURU,V-boşkoridor,ayni=11,155.8,,"aradaki kara Voronoi'de tamamen aynı sahipte (11/11 örnek, deniz 0) — kopukluk yalnız 150 km bağ eşiğinden/nokta seyrekliğinden"
436,1841-10-01,1871-04-20,Ukayr (Uceyr),suud-ikinci,4,Cübeyl+Katîf+Lahsa+Ukayr (Uceyr),Dilem (Harc),358.9,289.9,Manama (Bahreyn) (bahreyn),74.3,B-bilinmiyor,VERİ KUSURU,V-boşkoridor,ayni=18,135.8,,"aradaki kara Voronoi'de tamamen aynı sahipte (18/18 örnek, deniz 0) — kopukluk yalnız 150 km bağ eşiğinden/nokta seyrekliğinden"
437,1913-07-08,1923-10-29,Ukayr (Uceyr),suud-ucuncu,4,Cübeyl+Katîf+Lahsa+Ukayr (Uceyr),Dilem (Harc),358.9,289.9,Manama (Bahreyn) (ingiltere),74.3,B-bilinmiyor,VERİ KUSURU,V-boşkoridor,ayni=18,126.9,,"aradaki kara Voronoi'de tamamen aynı sahipte (18/18 örnek, deniz 0) — kopukluk yalnız 150 km bağ eşiğinden/nokta seyrekliğinden"
438,1640-12-01,1923-10-29,Bragança,portekiz,5,Aveiro+Braga+Bragança+Coimbra+Porto,Évora,372.7,176.2,Salamanca (ispanya),130.6,B-bilinmiyor,VERİ KUSURU,V-boşkoridor,ayni=9 deniz=1,88.4,,"aradaki kara Voronoi'de tamamen aynı sahipte (9/10 örnek, deniz 1) — kopukluk yalnız 150 km bağ eşiğinden/nokta seyrekliğinden"
439,1547-01-01,1821-09-27,Chichén Itzá,yeni-ispanya,5,Campeche (San Francisco de Campeche)+Chichén Itzá+Maní+Mérida+Sotuta,Acalán (Itzamkanac),373.6,186.9,Nojpetén (Tayasal / Flores) (maya-sehir-devletleri),440.2,B-bilinmiyor,VERİ KUSURU,V-boşkoridor,ayni=11,155.8,,"aradaki kara Voronoi'de tamamen aynı sahipte (11/11 örnek, deniz 0) — kopukluk yalnız 150 km bağ eşiğinden/nokta seyrekliğinden"
440,1821-09-27,1923-10-29,Chichén Itzá,meksika,5,Campeche (San Francisco de Campeche)+Chichén Itzá+Maní+Mérida+Sotuta,Acalán (Itzamkanac),373.6,186.9,Belize Town (ingiltere),355.8,B-bilinmiyor,VERİ KUSURU,V-boşkoridor,ayni=11,155.8,,"aradaki kara Voronoi'de tamamen aynı sahipte (11/11 örnek, deniz 0) — kopukluk yalnız 150 km bağ eşiğinden/nokta seyrekliğinden"
441,1687-01-01,1825-08-06,Trinidad (Mojos),ispanya,2,Loreto (Mojos)+Trinidad (Mojos),Santa Cruz de la Sierra,376.1,326.2,Cochabamba (Villa de Oropesa) (ispanyol-peru),314.7,B-bilinmiyor,VERİ KUSURU,V-boşkoridor,ayni=20,100.8,,"aradaki kara Voronoi'de tamamen aynı sahipte (20/20 örnek, deniz 0) — kopukluk yalnız 150 km bağ eşiğinden/nokta seyrekliğinden"
442,1821-09-27,1848-02-02,Santa Fe,meksika,4,Acoma Pueblo (Sky City)+Albuquerque+Santa Fe+Taos Pueblo,Santa Rita del Cobre,376.1,247.7,Halona:wa (Zuni) (zuni),272.8,B-bilinmiyor,VERİ KUSURU,V-boşkoridor,ayni=15,37.1,,"aradaki kara Voronoi'de tamamen aynı sahipte (15/15 örnek, deniz 0) — kopukluk yalnız 150 km bağ eşiğinden/nokta seyrekliğinden"
443,1821-09-27,1848-02-02,San José de Guadalupe,meksika,3,Monterey (Alta California)+San Francisco (Misyon San Francisco de Asís)+San José de Guadalupe,Santa Bárbara,380.1,313.5,Fort Ross (Kaliforniya) (rusya),176.3,B-bilinmiyor,VERİ KUSURU,V-boşkoridor,ayni=19,141.4,,"aradaki kara Voronoi'de tamamen aynı sahipte (19/19 örnek, deniz 0) — kopukluk yalnız 150 km bağ eşiğinden/nokta seyrekliğinden"
444,1848-02-02,1923-10-29,San José de Guadalupe,abd,4,Monterey (Alta California)+San Francisco (Misyon San Francisco de Asís)+San José de Guadalupe+Sutter's Fort (Sacramento),Santa Bárbara,380.1,313.5,Fort Ross (Kaliforniya) (rusya),176.3,B-bilinmiyor,VERİ KUSURU,V-boşkoridor,ayni=19,141.4,evet,"aradaki kara Voronoi'de tamamen aynı sahipte (19/19 örnek, deniz 0) — kopukluk yalnız 150 km bağ eşiğinden/nokta seyrekliğinden"
445,1379-01-01,1505-01-01,Hîve,timurlu,4,Hazârasp+Hîve+Köhne Ürgenç (Gürgenç)+Küngrat,Buhara,386.6,331.6,Ebîverd (serbedariler),392.0,B-bilinmiyor,VERİ KUSURU,V-boşkoridor,ayni=21,172.3,,"aradaki kara Voronoi'de tamamen aynı sahipte (21/21 örnek, deniz 0) — kopukluk yalnız 150 km bağ eşiğinden/nokta seyrekliğinden"
446,1505-01-01,1512-01-01,Hîve,buhara,4,Hazârasp+Hîve+Köhne Ürgenç (Gürgenç)+Küngrat,Buhara,386.6,331.6,Ebîverd (timurlu),392.0,B-bilinmiyor,VERİ KUSURU,V-boşkoridor,ayni=21,172.3,evet,"aradaki kara Voronoi'de tamamen aynı sahipte (21/21 örnek, deniz 0) — kopukluk yalnız 150 km bağ eşiğinden/nokta seyrekliğinden"
447,1825-08-06,1923-10-29,Tarija,bolivya-cumhuriyeti,4,Cotagaita (Santiago de Cotagaita)+Potosí+Sucre (La Plata / Chuquisaca)+Tarija,San Pedro de Atacama,388.8,205.7,Rinconada (Puna) (arjantin-cumhuriyeti),178.2,B-bilinmiyor,VERİ KUSURU,V-boşkoridor,ayni=12,347.9,,"aradaki kara Voronoi'de tamamen aynı sahipte (12/12 örnek, deniz 0) — kopukluk yalnız 150 km bağ eşiğinden/nokta seyrekliğinden"
448,1841-10-01,1871-04-20,Katîf,suud-ikinci,4,Cübeyl+Katîf+Lahsa+Ukayr (Uceyr),Riyad,390.2,289.9,Manama (Bahreyn) (bahreyn),70.0,B-bilinmiyor,VERİ KUSURU,V-boşkoridor,ayni=18,135.8,,"aradaki kara Voronoi'de tamamen aynı sahipte (18/18 örnek, deniz 0) — kopukluk yalnız 150 km bağ eşiğinden/nokta seyrekliğinden"
449,1913-07-08,1923-10-29,Katîf,suud-ucuncu,4,Cübeyl+Katîf+Lahsa+Ukayr (Uceyr),Riyad,390.2,289.9,Manama (Bahreyn) (ingiltere),70.0,B-bilinmiyor,VERİ KUSURU,V-boşkoridor,ayni=18,126.9,,"aradaki kara Voronoi'de tamamen aynı sahipte (18/18 örnek, deniz 0) — kopukluk yalnız 150 km bağ eşiğinden/nokta seyrekliğinden"
450,1740-01-01,1747-06-20,Hîve,afsar,5,Hazârasp+Hîve+Köhne Ürgenç (Gürgenç)+Küngrat+Yeni Ürgenç,Ebîverd,392.0,392.0,Buhara (buhara),386.6,B-bilinmiyor,VERİ KUSURU,V-boşkoridor,ayni=25,999.0,,"aradaki kara Voronoi'de tamamen aynı sahipte (25/25 örnek, deniz 0) — kopukluk yalnız 150 km bağ eşiğinden/nokta seyrekliğinden"
451,1920-04-26,1923-10-29,Hîve,sovyet-rusya,5,Hazârasp+Hîve+Köhne Ürgenç (Gürgenç)+Küngrat+Yeni Ürgenç,Ebîverd,392.0,335.7,Buhara (buhara),386.6,B-bilinmiyor,VERİ KUSURU,V-boşkoridor,ayni=21,999.0,,"aradaki kara Voronoi'de tamamen aynı sahipte (21/21 örnek, deniz 0) — kopukluk yalnız 150 km bağ eşiğinden/nokta seyrekliğinden"
452,1337-09-09,1387-11-01,Simnân,serbedariler,5,Bistâm+Dihistan ovası (Meşhed-i Misriyân)+Dâmgan+Esterâbâd (Gürgân)+Simnân,Sebzevâr,392.1,169.8,Sârî (ilhanli),113.8,B-bilinmiyor,VERİ KUSURU,V-boşkoridor,ayni=10,142.0,,"aradaki kara Voronoi'de tamamen aynı sahipte (10/10 örnek, deniz 0) — kopukluk yalnız 150 km bağ eşiğinden/nokta seyrekliğinden"
453,1646-10-06,1674-03-15,Zhangzhou,qing-hanedani,3,Fuzhou+Zeytun (Quanzhou)+Zhangzhou,Ji'an (Jizhou),393.2,254.7,Amoy (Xiamen) (guney-ming),44.3,B-bilinmiyor,VERİ KUSURU,V-boşkoridor,ayni=14 deniz=1,214.1,,"aradaki kara Voronoi'de tamamen aynı sahipte (14/15 örnek, deniz 1) — kopukluk yalnız 150 km bağ eşiğinden/nokta seyrekliğinden"
454,1775-02-01,1786-06-01,Đà Nẵng (Tourane),le-hanedani,5,Huế (Phú Xuân)+Hội An (Faifo)+Quang Ngai+Quang Tri+Đà Nẵng (Tourane),Vinh,394.6,266.1,Attapeu (laos-kralliklari),201.9,B-bilinmiyor,VERİ KUSURU,V-boşkoridor,ayni=16,95.3,,"aradaki kara Voronoi'de tamamen aynı sahipte (16/16 örnek, deniz 0) — kopukluk yalnız 150 km bağ eşiğinden/nokta seyrekliğinden"
455,1438-01-01,1767-04-07,Songkhla,ayutthaya,5,Nakhon Si Thammarat+Phuket (Thalang)+Songkhla+Surat Thani+Trang,Chumphon,396.8,150.9,Patani (malay-sultanliklari),81.3,B-bilinmiyor,VERİ KUSURU,V-boşkoridor,ayni=2 deniz=7,325.2,,"aradaki kara Voronoi'de tamamen aynı sahipte (2/9 örnek, deniz 7) — kopukluk yalnız 150 km bağ eşiğinden/nokta seyrekliğinden"
456,1767-04-07,1782-04-06,Songkhla,tonburi,5,Nakhon Si Thammarat+Phuket (Thalang)+Songkhla+Surat Thani+Trang,Chumphon,396.8,150.9,Patani (malay-sultanliklari),81.3,B-bilinmiyor,VERİ KUSURU,V-boşkoridor,ayni=2 deniz=7,224.6,,"aradaki kara Voronoi'de tamamen aynı sahipte (2/9 örnek, deniz 7) — kopukluk yalnız 150 km bağ eşiğinden/nokta seyrekliğinden"
457,1782-04-06,1923-10-29,Songkhla,siyam-chakri,5,Nakhon Si Thammarat+Phuket (Thalang)+Songkhla+Surat Thani+Trang,Chumphon,396.8,150.9,Patani (malay-sultanliklari),81.3,B-bilinmiyor,VERİ KUSURU,V-boşkoridor,ayni=2 deniz=7,224.6,,"aradaki kara Voronoi'de tamamen aynı sahipte (2/9 örnek, deniz 7) — kopukluk yalnız 150 km bağ eşiğinden/nokta seyrekliğinden"
458,1671-01-01,1923-10-29,Pungo Andongo,portekiz,5,Kabasa+Kambambe (Cambambe)+Luanda+Massangano+Pungo Andongo,Benguela,400.3,335.6,Matamba (matamba),62.6,B-bilinmiyor,VERİ KUSURU,V-boşkoridor,ayni=14 deniz=7,138.1,,"aradaki kara Voronoi'de tamamen aynı sahipte (14/21 örnek, deniz 7) — kopukluk yalnız 150 km bağ eşiğinden/nokta seyrekliğinden"
459,1646-10-06,1674-03-15,Zeytun (Quanzhou),qing-hanedani,3,Fuzhou+Zeytun (Quanzhou)+Zhangzhou,Wenzhou,401.5,254.7,Amoy (Xiamen) (guney-ming),72.7,B-bilinmiyor,VERİ KUSURU,V-boşkoridor,ayni=14 deniz=1,214.1,,"aradaki kara Voronoi'de tamamen aynı sahipte (14/15 örnek, deniz 1) — kopukluk yalnız 150 km bağ eşiğinden/nokta seyrekliğinden"
460,1698-12-13,1890-11-04,Lindi,umman-zengibar,3,Kilwa Kisiwani (Kilve)+Lindi+Mikindani,Bagamoyo,405.7,289.3,İbo (Kerimba) (portekiz),280.9,B-bilinmiyor,VERİ KUSURU,V-boşkoridor,ayni=14 deniz=4,53.8,,"aradaki kara Voronoi'de tamamen aynı sahipte (14/18 örnek, deniz 4) — kopukluk yalnız 150 km bağ eşiğinden/nokta seyrekliğinden"
461,1835-01-01,1848-02-02,Las Vegas (Yeni Meksika),meksika,5,Acoma Pueblo (Sky City)+Albuquerque+Las Vegas (Yeni Meksika)+Santa Fe+Taos Pueblo,Santa Rita del Cobre,406.3,247.7,Meskalero Apaçi (Pecos vadisi) (meskalero-apaci),276.0,B-bilinmiyor,VERİ KUSURU,V-boşkoridor,ayni=15,37.1,,"aradaki kara Voronoi'de tamamen aynı sahipte (15/15 örnek, deniz 0) — kopukluk yalnız 150 km bağ eşiğinden/nokta seyrekliğinden"
462,1671-01-01,1923-10-29,Kabasa,portekiz,5,Kabasa+Kambambe (Cambambe)+Luanda+Massangano+Pungo Andongo,Benguela,411.2,335.6,Matamba (matamba),93.3,B-bilinmiyor,VERİ KUSURU,V-boşkoridor,ayni=14 deniz=7,138.1,,"aradaki kara Voronoi'de tamamen aynı sahipte (14/21 örnek, deniz 7) — kopukluk yalnız 150 km bağ eşiğinden/nokta seyrekliğinden"
463,1520-05-19,1565-01-26,Raycur (Raichur),vijayanagara,3,Kurnûl (Kurnool)+Raycur (Raichur)+Vijayanagara (Hampi),Vellor (Vellore),412.9,320.1,Gülberge (Gulbarga) (bidar),136.6,B-bilinmiyor,VERİ KUSURU,V-boşkoridor,ayni=20,89.3,,"aradaki kara Voronoi'de tamamen aynı sahipte (20/20 örnek, deniz 0) — kopukluk yalnız 150 km bağ eşiğinden/nokta seyrekliğinden"
464,1642-05-17,1763-02-10,Montreal (Ville-Marie),fransa,3,Montreal (Ville-Marie)+Quebec+Trois-Rivières,Tadoussac,414.9,185.5,Mohawk (Kayenlaha'ke) (haudenosaunee),290.1,B-bilinmiyor,VERİ KUSURU,V-boşkoridor,ayni=11,69.8,,"aradaki kara Voronoi'de tamamen aynı sahipte (11/11 örnek, deniz 0) — kopukluk yalnız 150 km bağ eşiğinden/nokta seyrekliğinden"
465,1775-02-01,1786-06-01,Hội An (Faifo),le-hanedani,5,Huế (Phú Xuân)+Hội An (Faifo)+Quang Ngai+Quang Tri+Đà Nẵng (Tourane),Nha Trang (Kauthara),415.1,266.1,Attapeu (laos-kralliklari),200.5,B-bilinmiyor,VERİ KUSURU,V-boşkoridor,ayni=16,95.3,,"aradaki kara Voronoi'de tamamen aynı sahipte (16/16 örnek, deniz 0) — kopukluk yalnız 150 km bağ eşiğinden/nokta seyrekliğinden"
466,1689-01-01,1825-08-06,San Ignacio de Moxos,ispanya,3,Loreto (Mojos)+San Ignacio de Moxos+Trinidad (Mojos),Santa Cruz de la Sierra,416.1,326.2,Cochabamba (Villa de Oropesa) (ispanyol-peru),285.7,B-bilinmiyor,VERİ KUSURU,V-boşkoridor,ayni=20,100.8,,"aradaki kara Voronoi'de tamamen aynı sahipte (20/20 örnek, deniz 0) — kopukluk yalnız 150 km bağ eşiğinden/nokta seyrekliğinden"
467,1760-01-01,1923-10-29,Vellor (Vellore),ingiliz-hindistani,2,Madras (Chennai)+Vellor (Vellore),Masulipatnam,422.8,357.7,Arkot (Arcot) (karnatik),20.4,B-bilinmiyor,VERİ KUSURU,V-boşkoridor,ayni=5 deniz=17,90.5,,"aradaki kara Voronoi'de tamamen aynı sahipte (5/22 örnek, deniz 17) — kopukluk yalnız 150 km bağ eşiğinden/nokta seyrekliğinden"
468,1904-08-22,1923-10-29,Rio Branco (Acre),brezilya-cumhuriyeti,3,Boca do Acre+Rio Branco (Acre)+Xapuri,São Felipe (Eirunepé),432.0,329.8,Riberalta (bolivya-cumhuriyeti),225.0,B-bilinmiyor,VERİ KUSURU,V-boşkoridor,ayni=20,174.0,,"aradaki kara Voronoi'de tamamen aynı sahipte (20/20 örnek, deniz 0) — kopukluk yalnız 150 km bağ eşiğinden/nokta seyrekliğinden"
469,1821-09-27,1848-02-02,San Francisco (Misyon San Francisco de Asís),meksika,3,Monterey (Alta California)+San Francisco (Misyon San Francisco de Asís)+San José de Guadalupe,Santa Bárbara,445.0,313.5,Fort Ross (Kaliforniya) (rusya),110.2,B-bilinmiyor,VERİ KUSURU,V-boşkoridor,ayni=19,141.4,,"aradaki kara Voronoi'de tamamen aynı sahipte (19/19 örnek, deniz 0) — kopukluk yalnız 150 km bağ eşiğinden/nokta seyrekliğinden"
470,1848-02-02,1923-10-29,San Francisco (Misyon San Francisco de Asís),abd,4,Monterey (Alta California)+San Francisco (Misyon San Francisco de Asís)+San José de Guadalupe+Sutter's Fort (Sacramento),Santa Bárbara,445.0,313.5,Fort Ross (Kaliforniya) (rusya),110.2,B-bilinmiyor,VERİ KUSURU,V-boşkoridor,ayni=19,141.4,,"aradaki kara Voronoi'de tamamen aynı sahipte (19/19 örnek, deniz 0) — kopukluk yalnız 150 km bağ eşiğinden/nokta seyrekliğinden"
471,1905-08-06,1923-10-29,Watampone (Bone),hollanda-dogu-hint,4,Bantaeng+Makassar+Sengkang (Wajo)+Watampone (Bone),Bima (Sumbawa),471.8,354.4,Samarinda (kutai),571.4,B-bilinmiyor,VERİ KUSURU,V-boşkoridor,ayni=1 deniz=21,377.4,,"aradaki kara Voronoi'de tamamen aynı sahipte (1/22 örnek, deniz 21) — kopukluk yalnız 150 km bağ eşiğinden/nokta seyrekliğinden"
472,1761-04-05,1923-10-29,Cinci (Gingee),ingiliz-hindistani,3,Cinci (Gingee)+Madras (Chennai)+Vellor (Vellore),Masulipatnam,476.0,357.7,Pondişeri (ingiltere),58.9,B-bilinmiyor,VERİ KUSURU,V-boşkoridor,ayni=5 deniz=17,90.5,,"aradaki kara Voronoi'de tamamen aynı sahipte (5/22 örnek, deniz 17) — kopukluk yalnız 150 km bağ eşiğinden/nokta seyrekliğinden"
473,1839-01-01,1848-02-02,Sutter's Fort (Sacramento),meksika,4,Monterey (Alta California)+San Francisco (Misyon San Francisco de Asís)+San José de Guadalupe+Sutter's Fort (Sacramento),Santa Bárbara,488.0,313.5,Fort Ross (Kaliforniya) (rusya),154.8,B-bilinmiyor,VERİ KUSURU,V-boşkoridor,ayni=19,141.4,,"aradaki kara Voronoi'de tamamen aynı sahipte (19/19 örnek, deniz 0) — kopukluk yalnız 150 km bağ eşiğinden/nokta seyrekliğinden"
474,1848-02-02,1923-10-29,Sutter's Fort (Sacramento),abd,4,Monterey (Alta California)+San Francisco (Misyon San Francisco de Asís)+San José de Guadalupe+Sutter's Fort (Sacramento),Santa Bárbara,488.0,313.5,Fort Ross (Kaliforniya) (rusya),154.8,B-bilinmiyor,VERİ KUSURU,V-boşkoridor,ayni=19,141.4,,"aradaki kara Voronoi'de tamamen aynı sahipte (19/19 örnek, deniz 0) — kopukluk yalnız 150 km bağ eşiğinden/nokta seyrekliğinden"
475,1667-11-18,1923-10-29,Makassar,hollanda-dogu-hint,2,Bantaeng+Makassar,Alor,663.3,591.2,Watampone (Bone) (bugis-kralliklari),120.2,B-bilinmiyor,VERİ KUSURU,V-boşkoridor,ayni=1 deniz=37,88.9,,"aradaki kara Voronoi'de tamamen aynı sahipte (1/38 örnek, deniz 37) — kopukluk yalnız 150 km bağ eşiğinden/nokta seyrekliğinden"
476,1920-09-02,1923-10-29,Külâb (Kulob),sovyet-rusya,2,Hisar+Külâb (Kulob),Kala-i Vamar (Rûşan),155.3,155.3,Feyzâbâd (Bedahşan) (afganistan),112.9,A-koridor,ÖLÇÜLEMEDİ,Ö-boşluk-koridor,ayni=7 bosluk=2,28.2,,arada yabancı yok ama sahipsiz/__BOSLUK__/çizilmeyen (>200 km) kara var (aynı 7 · boşluk 2 · sahipsiz 0 · çizilmez 0 · deniz 0)
477,1711-07-21,1739-09-18,Azak,OSMANLI,1,Azak,Camboyluk bozkırı,198.5,198.5,Çerkask (Razdory) (don-kazak),49.5,A-koridor,ÖLÇÜLEMEDİ,Ö-boşluk-koridor,ayni=5 bosluk=2 deniz=5,90.5,,arada yabancı yok ama sahipsiz/__BOSLUK__/çizilmeyen (>200 km) kara var (aynı 5 · boşluk 2 · sahipsiz 0 · çizilmez 0 · deniz 5)
478,1838-01-01,1840-01-01,Havta (Havtat Benî Temîm),OSMANLI,3,Dilem (Harc)+Havta (Havtat Benî Temîm)+Leylâ (Eflâc),Hurma (Tâif doğusu),527.5,485.3,Riyad (suud-ikinci),136.9,B-bilinmiyor,ÖLÇÜLEMEDİ,Ö-boşluk-koridor,ayni=26 cizilmez=5,142.8,,arada yabancı yok ama sahipsiz/__BOSLUK__/çizilmeyen (>200 km) kara var (aynı 26 · boşluk 0 · sahipsiz 0 · çizilmez 5 · deniz 0)
479,1838-01-01,1840-01-01,Dilem (Harc),OSMANLI,3,Dilem (Harc)+Havta (Havtat Benî Temîm)+Leylâ (Eflâc),Hurma (Tâif doğusu),574.0,485.3,Riyad (suud-ikinci),94.2,B-bilinmiyor,ÖLÇÜLEMEDİ,Ö-boşluk-koridor,ayni=26 cizilmez=5,142.8,,arada yabancı yok ama sahipsiz/__BOSLUK__/çizilmeyen (>200 km) kara var (aynı 26 · boşluk 0 · sahipsiz 0 · çizilmez 5 · deniz 0)
480,1661-01-01,1822-09-07,Santarém (Tapajós),portekiz-brezilyasi,1,Santarém (Tapajós),Cametá (Tocantins),579.0,579.0,,,B-bilinmiyor,ÖLÇÜLEMEDİ,Ö-boşluk-koridor,ayni=26 cizilmez=11,999.0,,arada yabancı yok ama sahipsiz/__BOSLUK__/çizilmeyen (>200 km) kara var (aynı 26 · boşluk 0 · sahipsiz 0 · çizilmez 11 · deniz 0)
481,1777-11-29,1821-09-27,San José de Guadalupe,yeni-ispanya,3,Monterey (Alta California)+San Francisco (Misyon San Francisco de Asís)+San José de Guadalupe,San Diego (Misyon San Diego de Alcalá),670.7,611.3,Bishop (Owens Vadisi Payutları) (payut),309.4,B-bilinmiyor,ÖLÇÜLEMEDİ,Ö-boşluk-koridor,ayni=13 cizilmez=13 deniz=13,88.5,,arada yabancı yok ama sahipsiz/__BOSLUK__/çizilmeyen (>200 km) kara var (aynı 13 · boşluk 0 · sahipsiz 0 · çizilmez 13 · deniz 13)
482,1776-06-29,1821-09-27,San Francisco (Misyon San Francisco de Asís),yeni-ispanya,2,Monterey (Alta California)+San Francisco (Misyon San Francisco de Asís),San Diego (Misyon San Diego de Alcalá),736.8,611.3,Bishop (Owens Vadisi Payutları) (payut),358.1,B-bilinmiyor,ÖLÇÜLEMEDİ,Ö-boşluk-koridor,ayni=13 cizilmez=13 deniz=13,88.5,,arada yabancı yok ama sahipsiz/__BOSLUK__/çizilmeyen (>200 km) kara var (aynı 13 · boşluk 0 · sahipsiz 0 · çizilmez 13 · deniz 13)
483,1569-07-01,1772-08-05,Rēzekne (Rositten),lehistan,4,Daugavpils (Dünaburg)+Polotsk+Rēzekne (Rositten)+Vitebsk,Cēsis (Wenden),153.5,153.5,Abrene (Pıtalovo) (rusya),71.4,A-koridor,ÖLÇÜLEMEDİ,Ö-ince-bağ,ayni=8 sinirda=1,22.8,,"aradaki kara Voronoi'de aynı sahipte AMA 1/9 örnekte yabancı nokta 25 km marjdan yakın — bağ ince, kopukluk sınırda (aynı-net 8 · deniz 0)"
484,1547-01-01,1635-01-01,Sana,OSMANLI,1,Sana,Zebîd,160.8,160.8,Kevkebân (yemen),34.7,A-koridor,ÖLÇÜLEMEDİ,Ö-ince-bağ,ayni=2 sinirda=7,1.3,,"aradaki kara Voronoi'de aynı sahipte AMA 7/9 örnekte yabancı nokta 25 km marjdan yakın — bağ ince, kopukluk sınırda (aynı-net 2 · deniz 0) · tek nokta, ≤150 km komşularının hepsi yemen"
485,1475-06-06,1774-07-21,Tuapse,OSMANLI,3,Maykop (Çerkezya)+Soçi (Sâşe)+Tuapse,Anapa,165.3,165.3,Kuban (Yekaterinodar) (altinorda),104.0,A-koridor,ÖLÇÜLEMEDİ,Ö-ince-bağ,ayni=5 deniz=2 sinirda=3,8.8,,"aradaki kara Voronoi'de aynı sahipte AMA 3/10 örnekte yabancı nokta 25 km marjdan yakın — bağ ince, kopukluk sınırda (aynı-net 5 · deniz 2)"
486,1468-04-01,1501-07-01,Gence,akkoyunlu,2,Berde (Karabağ)+Gence,Revan,165.8,165.8,Ereş (sirvansah),80.3,A-koridor,ÖLÇÜLEMEDİ,Ö-ince-bağ,ayni=5 sinirda=5,18.6,,"aradaki kara Voronoi'de aynı sahipte AMA 5/10 örnekte yabancı nokta 25 km marjdan yakın — bağ ince, kopukluk sınırda (aynı-net 5 · deniz 0)"
487,1917-11-07,1918-05-28,Gence,transkafkasya,3,Gence+Tiflis+Zagem (Kaheti),Revan,165.8,165.8,Berde (Karabağ) (sovyet-rusya),73.4,A-koridor,ÖLÇÜLEMEDİ,Ö-ince-bağ,ayni=5 sinirda=5,18.6,,"aradaki kara Voronoi'de aynı sahipte AMA 5/10 örnekte yabancı nokta 25 km marjdan yakın — bağ ince, kopukluk sınırda (aynı-net 5 · deniz 0)"
488,1917-11-07,1918-05-26,Tiflis,transkafkasya,3,Gence+Tiflis+Zagem (Kaheti),Revan,171.9,165.8,Ahılkelek (Akhalkalaki) (sovyet-rusya),113.5,A-koridor,ÖLÇÜLEMEDİ,Ö-ince-bağ,ayni=5 sinirda=5,18.6,evet,"aradaki kara Voronoi'de aynı sahipte AMA 5/10 örnekte yabancı nokta 25 km marjdan yakın — bağ ince, kopukluk sınırda (aynı-net 5 · deniz 0)"
489,1897-01-01,1916-06-06,Bucumbura,almanya,1,Bucumbura,Ucici (Ujiji),174.9,174.9,Uvira (belcika),24.5,A-koridor,ÖLÇÜLEMEDİ,Ö-ince-bağ,ayni=4 sinirda=6,6.2,,"aradaki kara Voronoi'de aynı sahipte AMA 6/10 örnekte yabancı nokta 25 km marjdan yakın — bağ ince, kopukluk sınırda (aynı-net 4 · deniz 0)"
490,1452-01-01,1469-01-01,Simnân,karakoyunlu,3,Bistâm+Dâmgan+Simnân,Tahran,181.8,181.8,Sârî (mazenderan-marasi),113.8,A-koridor,ÖLÇÜLEMEDİ,Ö-ince-bağ,ayni=8 sinirda=3,2.2,,"aradaki kara Voronoi'de aynı sahipte AMA 3/11 örnekte yabancı nokta 25 km marjdan yakın — bağ ince, kopukluk sınırda (aynı-net 8 · deniz 0)"
491,1469-01-01,1503-01-01,Simnân,akkoyunlu,3,Bistâm+Dâmgan+Simnân,Tahran,181.8,181.8,Sârî (mazenderan-marasi),113.8,A-koridor,ÖLÇÜLEMEDİ,Ö-ince-bağ,ayni=8 sinirda=3,2.2,,"aradaki kara Voronoi'de aynı sahipte AMA 3/11 örnekte yabancı nokta 25 km marjdan yakın — bağ ince, kopukluk sınırda (aynı-net 8 · deniz 0)"
492,1503-01-01,1736-03-08,Simnân,safevi,3,Bistâm+Dâmgan+Simnân,Tahran,181.8,181.8,Sârî (mazenderan-marasi),113.8,A-koridor,ÖLÇÜLEMEDİ,Ö-ince-bağ,ayni=8 sinirda=3,2.2,,"aradaki kara Voronoi'de aynı sahipte AMA 3/11 örnekte yabancı nokta 25 km marjdan yakın — bağ ince, kopukluk sınırda (aynı-net 8 · deniz 0)"
493,1555-07-23,1752-04-01,Siyâlkot,babur-imparatorlugu,5,Câlandhar (Jalandhar)+Lahor+Ludhiyana+Sirhind+Siyâlkot,Râvalpindi,184.9,177.3,Cammû (Jammu) (kesmir),41.4,A-koridor,ÖLÇÜLEMEDİ,Ö-ince-bağ,ayni=9 sinirda=1,23.8,,"aradaki kara Voronoi'de aynı sahipte AMA 1/10 örnekte yabancı nokta 25 km marjdan yakın — bağ ince, kopukluk sınırda (aynı-net 9 · deniz 0)"
494,1918-12-27,1923-10-29,Poznan,polonya,1,Poznan,Łódź,187.0,187.0,Torun (Toruń) (almanya),131.0,A-koridor,ÖLÇÜLEMEDİ,Ö-ince-bağ,ayni=10 sinirda=1,13.4,,"aradaki kara Voronoi'de aynı sahipte AMA 1/11 örnekte yabancı nokta 25 km marjdan yakın — bağ ince, kopukluk sınırda (aynı-net 10 · deniz 0) · tek nokta, ≤150 km komşularının hepsi almanya"
495,1490-01-01,1520-05-19,Raycur (Raichur),bicapur,1,Raycur (Raichur),Bîcâpur (Bijapur),188.4,188.4,Kurnûl (Kurnool) (vijayanagara),84.2,A-koridor,ÖLÇÜLEMEDİ,Ö-ince-bağ,ayni=8 sinirda=3,1.8,,"aradaki kara Voronoi'de aynı sahipte AMA 3/11 örnekte yabancı nokta 25 km marjdan yakın — bağ ince, kopukluk sınırda (aynı-net 8 · deniz 0)"
496,1468-04-01,1501-07-01,Berde (Karabağ),akkoyunlu,2,Berde (Karabağ)+Gence,Ordubad,188.8,165.8,Ereş (sirvansah),43.4,A-koridor,ÖLÇÜLEMEDİ,Ö-ince-bağ,ayni=5 sinirda=5,18.6,,"aradaki kara Voronoi'de aynı sahipte AMA 5/10 örnekte yabancı nokta 25 km marjdan yakın — bağ ince, kopukluk sınırda (aynı-net 5 · deniz 0)"
497,1801-11-10,1923-10-29,Kanpûr,ingiliz-hindistani,3,Etâve (Etawah)+Kannauc+Kanpûr,Ilâhâbâd (Allahabad),188.8,188.8,Leknev (Lucknow) (avad),75.4,A-koridor,ÖLÇÜLEMEDİ,Ö-ince-bağ,ayni=8 sinirda=3,7.2,,"aradaki kara Voronoi'de aynı sahipte AMA 3/11 örnekte yabancı nokta 25 km marjdan yakın — bağ ince, kopukluk sınırda (aynı-net 8 · deniz 0)"
498,1570-01-01,1721-01-01,Donets bozkırı,don-kazak,1,Donets bozkırı,Çerkask (Razdory),190.2,190.2,Azak (OSMANLI),190.2,A-koridor,ÖLÇÜLEMEDİ,Ö-ince-bağ,ayni=6 sinirda=5,6.1,,"aradaki kara Voronoi'de aynı sahipte AMA 5/11 örnekte yabancı nokta 25 km marjdan yakın — bağ ince, kopukluk sınırda (aynı-net 6 · deniz 0) · tek nokta, ≤150 km komşularının hepsi __BOSLUK__"
499,1569-07-01,1772-08-05,Polotsk,lehistan,4,Daugavpils (Dünaburg)+Polotsk+Rēzekne (Rositten)+Vitebsk,Minsk,192.6,153.5,Velikiye Luki (rusya),143.5,A-koridor,ÖLÇÜLEMEDİ,Ö-ince-bağ,ayni=8 sinirda=1,22.8,,"aradaki kara Voronoi'de aynı sahipte AMA 1/9 örnekte yabancı nokta 25 km marjdan yakın — bağ ince, kopukluk sınırda (aynı-net 8 · deniz 0)"
500,1555-07-23,1752-04-01,Ludhiyana,babur-imparatorlugu,5,Câlandhar (Jalandhar)+Lahor+Ludhiyana+Sirhind+Siyâlkot,Hisâr-ı Fîrûze,194.8,177.3,Pânipat (sur-hanedani),199.6,A-koridor,ÖLÇÜLEMEDİ,Ö-ince-bağ,ayni=9 sinirda=1,23.8,,"aradaki kara Voronoi'de aynı sahipte AMA 1/10 örnekte yabancı nokta 25 km marjdan yakın — bağ ince, kopukluk sınırda (aynı-net 9 · deniz 0)"
501,1917-11-07,1918-05-26,Zagem (Kaheti),transkafkasya,3,Gence+Tiflis+Zagem (Kaheti),Revan,199.4,165.8,Şeki (Nuha) (sovyet-rusya),128.9,A-koridor,ÖLÇÜLEMEDİ,Ö-ince-bağ,ayni=5 sinirda=5,18.6,evet,"aradaki kara Voronoi'de aynı sahipte AMA 5/10 örnekte yabancı nokta 25 km marjdan yakın — bağ ince, kopukluk sınırda (aynı-net 5 · deniz 0)"
502,1881-01-30,1917-03-15,Nesâ,rusya,3,Aşkabad+Ebîverd+Nesâ,Kızılarvat,200.3,200.3,Bocnûrd (kacar),93.0,A-koridor,ÖLÇÜLEMEDİ,Ö-ince-bağ,ayni=9 sinirda=3,14.2,,"aradaki kara Voronoi'de aynı sahipte AMA 3/12 örnekte yabancı nokta 25 km marjdan yakın — bağ ince, kopukluk sınırda (aynı-net 9 · deniz 0)"
503,1405-11-22,1797-05-12,Padova,venedik,3,Padova+Venedik+Verona,Cres (Cherso),206.4,174.7,Ferrara (ferrara),66.6,A-koridor,ÖLÇÜLEMEDİ,Ö-ince-bağ,ayni=1 deniz=7 sinirda=2,0.1,,"aradaki kara Voronoi'de aynı sahipte AMA 2/10 örnekte yabancı nokta 25 km marjdan yakın — bağ ince, kopukluk sınırda (aynı-net 1 · deniz 7)"
504,1541-03-12,1659-01-01,Agadir,sadi,1,Agadir,Safi (Asfi),210.8,210.8,Tarûdant (merini),69.3,A-koridor,ÖLÇÜLEMEDİ,Ö-ince-bağ,ayni=9 sinirda=4,6.4,evet,"aradaki kara Voronoi'de aynı sahipte AMA 4/13 örnekte yabancı nokta 25 km marjdan yakın — bağ ince, kopukluk sınırda (aynı-net 9 · deniz 0) · tek nokta, ≤150 km komşularının hepsi merini"
505,1785-01-01,1821-08-19,Nühûd,darfur,1,Nühûd,Ümmü Keddâde,213.6,213.6,Ebû Zabed (funj),96.8,A-koridor,ÖLÇÜLEMEDİ,Ö-ince-bağ,ayni=11 sinirda=2,6.1,,"aradaki kara Voronoi'de aynı sahipte AMA 2/13 örnekte yabancı nokta 25 km marjdan yakın — bağ ince, kopukluk sınırda (aynı-net 11 · deniz 0) · tek nokta, ≤150 km komşularının hepsi funj"
506,1881-01-30,1917-03-15,Aşkabad,rusya,3,Aşkabad+Ebîverd+Nesâ,Kızılarvat,215.7,200.3,Kûçân (kacar),95.2,A-koridor,ÖLÇÜLEMEDİ,Ö-ince-bağ,ayni=9 sinirda=3,14.2,,"aradaki kara Voronoi'de aynı sahipte AMA 3/12 örnekte yabancı nokta 25 km marjdan yakın — bağ ince, kopukluk sınırda (aynı-net 9 · deniz 0)"
507,1475-06-06,1774-07-21,Maykop (Çerkezya),OSMANLI,3,Maykop (Çerkezya)+Soçi (Sâşe)+Tuapse,Anapa,222.2,165.3,Kuban Nogay bozkırı (altinorda),96.6,A-koridor,ÖLÇÜLEMEDİ,Ö-ince-bağ,ayni=5 deniz=2 sinirda=3,8.8,,"aradaki kara Voronoi'de aynı sahipte AMA 3/10 örnekte yabancı nokta 25 km marjdan yakın — bağ ince, kopukluk sınırda (aynı-net 5 · deniz 2)"
508,1569-07-01,1772-08-05,Vitebsk,lehistan,4,Daugavpils (Dünaburg)+Polotsk+Rēzekne (Rositten)+Vitebsk,Minsk,222.6,153.5,Smolensk (rusya),125.8,A-koridor,ÖLÇÜLEMEDİ,Ö-ince-bağ,ayni=8 sinirda=1,22.8,,"aradaki kara Voronoi'de aynı sahipte AMA 1/9 örnekte yabancı nokta 25 km marjdan yakın — bağ ince, kopukluk sınırda (aynı-net 8 · deniz 0)"
509,1466-01-01,1556-01-01,Saray (Selitrennoye),astarhan,1,Saray (Selitrennoye),Yeni Saray (Tsarev),240.4,240.4,Astrahan (altinorda),96.2,A-koridor,ÖLÇÜLEMEDİ,Ö-ince-bağ,ayni=14 sinirda=1,18.1,,"aradaki kara Voronoi'de aynı sahipte AMA 1/15 örnekte yabancı nokta 25 km marjdan yakın — bağ ince, kopukluk sınırda (aynı-net 14 · deniz 0) · tek nokta, ≤150 km komşularının hepsi altinorda"
510,1475-06-06,1774-07-21,Soçi (Sâşe),OSMANLI,3,Maykop (Çerkezya)+Soçi (Sâşe)+Tuapse,Anapa,240.7,165.3,Sohum (gurcistan),123.6,A-koridor,ÖLÇÜLEMEDİ,Ö-ince-bağ,ayni=5 deniz=2 sinirda=3,8.8,,"aradaki kara Voronoi'de aynı sahipte AMA 3/10 örnekte yabancı nokta 25 km marjdan yakın — bağ ince, kopukluk sınırda (aynı-net 5 · deniz 2)"
511,1763-02-10,1867-07-01,Fort Frontenac (Kingston),ingiliz-kuzey-amerika,1,Fort Frontenac (Kingston),York (Toronto),240.8,240.8,Onondaga (İrokua Konfederasyon Merkezi) (haudenosaunee),137.9,A-koridor,ÖLÇÜLEMEDİ,Ö-ince-bağ,ayni=12 sinirda=3,3.1,,"aradaki kara Voronoi'de aynı sahipte AMA 3/15 örnekte yabancı nokta 25 km marjdan yakın — bağ ince, kopukluk sınırda (aynı-net 12 · deniz 0) · tek nokta, ≤150 km komşularının hepsi haudenosaunee"
512,1555-07-23,1752-04-01,Câlandhar (Jalandhar),babur-imparatorlugu,5,Câlandhar (Jalandhar)+Lahor+Ludhiyana+Sirhind+Siyâlkot,Hisâr-ı Fîrûze,242.0,177.3,Cammû (Jammu) (kesmir),170.2,A-koridor,ÖLÇÜLEMEDİ,Ö-ince-bağ,ayni=9 sinirda=1,23.8,,"aradaki kara Voronoi'de aynı sahipte AMA 1/10 örnekte yabancı nokta 25 km marjdan yakın — bağ ince, kopukluk sınırda (aynı-net 9 · deniz 0)"
513,1555-07-23,1752-04-01,Lahor,babur-imparatorlugu,5,Câlandhar (Jalandhar)+Lahor+Ludhiyana+Sirhind+Siyâlkot,Râvalpindi,258.1,177.3,Cammû (Jammu) (kesmir),140.8,A-koridor,ÖLÇÜLEMEDİ,Ö-ince-bağ,ayni=9 sinirda=1,23.8,,"aradaki kara Voronoi'de aynı sahipte AMA 1/10 örnekte yabancı nokta 25 km marjdan yakın — bağ ince, kopukluk sınırda (aynı-net 9 · deniz 0)"
514,1801-11-10,1923-10-29,Kannauc,ingiliz-hindistani,3,Etâve (Etawah)+Kannauc+Kanpûr,Ilâhâbâd (Allahabad),263.6,188.8,Leknev (Lucknow) (avad),104.8,A-koridor,ÖLÇÜLEMEDİ,Ö-ince-bağ,ayni=8 sinirda=3,7.2,,"aradaki kara Voronoi'de aynı sahipte AMA 3/11 örnekte yabancı nokta 25 km marjdan yakın — bağ ince, kopukluk sınırda (aynı-net 8 · deniz 0)"
515,1452-01-01,1469-01-01,Dâmgan,karakoyunlu,3,Bistâm+Dâmgan+Simnân,Tahran,271.6,181.8,Esterâbâd (Gürgân) (timurlu),74.9,A-koridor,ÖLÇÜLEMEDİ,Ö-ince-bağ,ayni=8 sinirda=3,2.2,,"aradaki kara Voronoi'de aynı sahipte AMA 3/11 örnekte yabancı nokta 25 km marjdan yakın — bağ ince, kopukluk sınırda (aynı-net 8 · deniz 0)"
516,1469-01-01,1503-01-01,Dâmgan,akkoyunlu,3,Bistâm+Dâmgan+Simnân,Tahran,271.6,181.8,Esterâbâd (Gürgân) (timurlu),74.9,A-koridor,ÖLÇÜLEMEDİ,Ö-ince-bağ,ayni=8 sinirda=3,2.2,,"aradaki kara Voronoi'de aynı sahipte AMA 3/11 örnekte yabancı nokta 25 km marjdan yakın — bağ ince, kopukluk sınırda (aynı-net 8 · deniz 0)"
517,1503-01-01,1736-03-08,Dâmgan,safevi,3,Bistâm+Dâmgan+Simnân,Tahran,271.6,181.8,Esterâbâd (Gürgân) (timurlu),74.9,A-koridor,ÖLÇÜLEMEDİ,Ö-ince-bağ,ayni=8 sinirda=3,2.2,,"aradaki kara Voronoi'de aynı sahipte AMA 3/11 örnekte yabancı nokta 25 km marjdan yakın — bağ ince, kopukluk sınırda (aynı-net 8 · deniz 0)"
518,1774-07-21,1917-03-15,Yenikale,rusya,3,Kerç+Taman+Yenikale,Taganrog,273.9,273.9,Anapa (kirim),75.8,A-koridor,ÖLÇÜLEMEDİ,Ö-ince-bağ,ayni=1 deniz=14 sinirda=2,6.7,,"aradaki kara Voronoi'de aynı sahipte AMA 2/17 örnekte yabancı nokta 25 km marjdan yakın — bağ ince, kopukluk sınırda (aynı-net 1 · deniz 14)"
519,1405-06-22,1797-05-12,Verona,venedik,2,Venedik+Verona,Cres (Cherso),274.3,174.7,Mantova (mantua),35.1,A-koridor,ÖLÇÜLEMEDİ,Ö-ince-bağ,ayni=1 deniz=7 sinirda=2,0.1,,"aradaki kara Voronoi'de aynı sahipte AMA 2/10 örnekte yabancı nokta 25 km marjdan yakın — bağ ince, kopukluk sınırda (aynı-net 1 · deniz 7)"
520,1667-01-01,1777-01-01,Kahnawake,haudenosaunee,1,Kahnawake,Mohawk (Kayenlaha'ke),278.5,278.5,Montreal (Ville-Marie) (fransa),13.5,A-koridor,ÖLÇÜLEMEDİ,Ö-ince-bağ,ayni=8 sinirda=9,11.7,,"aradaki kara Voronoi'de aynı sahipte AMA 9/17 örnekte yabancı nokta 25 km marjdan yakın — bağ ince, kopukluk sınırda (aynı-net 8 · deniz 0) · tek nokta, ≤150 km komşularının hepsi fransa"
521,1774-07-21,1917-03-15,Kerç,rusya,3,Kerç+Taman+Yenikale,Taganrog,280.3,273.9,Anapa (kirim),84.1,A-koridor,ÖLÇÜLEMEDİ,Ö-ince-bağ,ayni=1 deniz=14 sinirda=2,6.7,,"aradaki kara Voronoi'de aynı sahipte AMA 2/17 örnekte yabancı nokta 25 km marjdan yakın — bağ ince, kopukluk sınırda (aynı-net 1 · deniz 14)"
522,1774-07-21,1917-03-15,Taman,rusya,3,Kerç+Taman+Yenikale,Taganrog,281.5,273.9,Anapa (kirim),58.2,A-koridor,ÖLÇÜLEMEDİ,Ö-ince-bağ,ayni=1 deniz=14 sinirda=2,6.7,,"aradaki kara Voronoi'de aynı sahipte AMA 2/17 örnekte yabancı nokta 25 km marjdan yakın — bağ ince, kopukluk sınırda (aynı-net 1 · deniz 14)"
523,1795-04-01,1818-09-09,Lahsa,suud,4,Cübeyl+Katîf+Lahsa+Ukayr (Uceyr),Riyad,302.7,302.7,Manama (Bahreyn) (bahreyn),137.1,B-bilinmiyor,ÖLÇÜLEMEDİ,Ö-ince-bağ,ayni=14 sinirda=5,1.9,evet,"aradaki kara Voronoi'de aynı sahipte AMA 5/19 örnekte yabancı nokta 25 km marjdan yakın — bağ ince, kopukluk sınırda (aynı-net 14 · deniz 0)"
524,1881-01-30,1917-03-15,Ebîverd,rusya,3,Aşkabad+Ebîverd+Nesâ,Kızılarvat,314.3,200.3,Kelât-ı Nâdirî (kacar),102.6,B-bilinmiyor,ÖLÇÜLEMEDİ,Ö-ince-bağ,ayni=9 sinirda=3,14.2,,"aradaki kara Voronoi'de aynı sahipte AMA 3/12 örnekte yabancı nokta 25 km marjdan yakın — bağ ince, kopukluk sınırda (aynı-net 9 · deniz 0)"
525,1657-03-29,1724-10-11,Bîdar,babur-imparatorlugu,1,Bîdar,Evrengâbâd,316.4,316.4,Gülberge (Gulbarga) (bicapur),97.4,B-bilinmiyor,ÖLÇÜLEMEDİ,Ö-ince-bağ,ayni=18 sinirda=2,21.9,,"aradaki kara Voronoi'de aynı sahipte AMA 2/20 örnekte yabancı nokta 25 km marjdan yakın — bağ ince, kopukluk sınırda (aynı-net 18 · deniz 0)"
526,1801-11-10,1923-10-29,Etâve (Etawah),ingiliz-hindistani,3,Etâve (Etawah)+Kannauc+Kanpûr,Ilâhâbâd (Allahabad),319.6,188.8,Gvalyar (Gwalior) (gvalyar),103.5,B-bilinmiyor,ÖLÇÜLEMEDİ,Ö-ince-bağ,ayni=8 sinirda=3,7.2,,"aradaki kara Voronoi'de aynı sahipte AMA 3/11 örnekte yabancı nokta 25 km marjdan yakın — bağ ince, kopukluk sınırda (aynı-net 8 · deniz 0)"
527,1502-03-01,1556-01-01,Astrahan,astarhan,2,Astrahan+Saray (Selitrennoye),Yeni Saray (Tsarev),327.5,240.4,Kalmuk bozkırı (nogay),194.9,B-bilinmiyor,ÖLÇÜLEMEDİ,Ö-ince-bağ,ayni=14 sinirda=1,18.1,,"aradaki kara Voronoi'de aynı sahipte AMA 1/15 örnekte yabancı nokta 25 km marjdan yakın — bağ ince, kopukluk sınırda (aynı-net 14 · deniz 0)"
528,1452-01-01,1469-01-01,Bistâm,karakoyunlu,3,Bistâm+Dâmgan+Simnân,Tahran,337.0,181.8,Esterâbâd (Gürgân) (timurlu),64.8,B-bilinmiyor,ÖLÇÜLEMEDİ,Ö-ince-bağ,ayni=8 sinirda=3,2.2,,"aradaki kara Voronoi'de aynı sahipte AMA 3/11 örnekte yabancı nokta 25 km marjdan yakın — bağ ince, kopukluk sınırda (aynı-net 8 · deniz 0)"
529,1469-01-01,1503-01-01,Bistâm,akkoyunlu,3,Bistâm+Dâmgan+Simnân,Tahran,337.0,181.8,Esterâbâd (Gürgân) (timurlu),64.8,B-bilinmiyor,ÖLÇÜLEMEDİ,Ö-ince-bağ,ayni=8 sinirda=3,2.2,,"aradaki kara Voronoi'de aynı sahipte AMA 3/11 örnekte yabancı nokta 25 km marjdan yakın — bağ ince, kopukluk sınırda (aynı-net 8 · deniz 0)"
530,1503-01-01,1736-03-08,Bistâm,safevi,3,Bistâm+Dâmgan+Simnân,Tahran,337.0,181.8,Esterâbâd (Gürgân) (timurlu),64.8,B-bilinmiyor,ÖLÇÜLEMEDİ,Ö-ince-bağ,ayni=8 sinirda=3,2.2,,"aradaki kara Voronoi'de aynı sahipte AMA 3/11 örnekte yabancı nokta 25 km marjdan yakın — bağ ince, kopukluk sınırda (aynı-net 8 · deniz 0)"
531,1687-09-21,1714-01-01,Vellor (Vellore),babur-imparatorlugu,2,Arkot (Arcot)+Vellor (Vellore),Kurnûl (Kurnool),344.6,344.6,Cinci (Gingee) (maratha),79.2,B-bilinmiyor,ÖLÇÜLEMEDİ,Ö-ince-bağ,ayni=19 sinirda=2,16.7,,"aradaki kara Voronoi'de aynı sahipte AMA 2/21 örnekte yabancı nokta 25 km marjdan yakın — bağ ince, kopukluk sınırda (aynı-net 19 · deniz 0)"
532,1687-09-21,1714-01-01,Arkot (Arcot),babur-imparatorlugu,2,Arkot (Arcot)+Vellor (Vellore),Kurnûl (Kurnool),353.1,344.6,Cinci (Gingee) (maratha),73.2,B-bilinmiyor,ÖLÇÜLEMEDİ,Ö-ince-bağ,ayni=19 sinirda=2,16.7,,"aradaki kara Voronoi'de aynı sahipte AMA 2/21 örnekte yabancı nokta 25 km marjdan yakın — bağ ince, kopukluk sınırda (aynı-net 19 · deniz 0)"
533,1398-01-01,1518-01-01,Gvalyar (Gwalior),racput,1,Gvalyar (Gwalior),Ecmîr (Ajmer),354.1,354.1,Etâve (Etawah) (delhi-sultanligi),103.5,B-bilinmiyor,ÖLÇÜLEMEDİ,Ö-ince-bağ,ayni=18 sinirda=4,5.3,,"aradaki kara Voronoi'de aynı sahipte AMA 4/22 örnekte yabancı nokta 25 km marjdan yakın — bağ ince, kopukluk sınırda (aynı-net 18 · deniz 0) · tek nokta, ≤150 km komşularının hepsi delhi-sultanligi"
534,1795-04-01,1818-09-09,Ukayr (Uceyr),suud,4,Cübeyl+Katîf+Lahsa+Ukayr (Uceyr),Riyad,370.9,302.7,Manama (Bahreyn) (bahreyn),74.3,B-bilinmiyor,ÖLÇÜLEMEDİ,Ö-ince-bağ,ayni=14 sinirda=5,1.9,evet,"aradaki kara Voronoi'de aynı sahipte AMA 5/19 örnekte yabancı nokta 25 km marjdan yakın — bağ ince, kopukluk sınırda (aynı-net 14 · deniz 0)"
535,1516-06-20,1517-07-06,Zebîd,memluk,1,Zebîd,Dahlak,379.9,379.9,Hudeyde (yemen),77.6,B-bilinmiyor,ÖLÇÜLEMEDİ,Ö-ince-bağ,ayni=2 deniz=21 sinirda=1,24.5,,"aradaki kara Voronoi'de aynı sahipte AMA 1/24 örnekte yabancı nokta 25 km marjdan yakın — bağ ince, kopukluk sınırda (aynı-net 2 · deniz 21)"
536,1795-04-01,1818-09-09,Katîf,suud,4,Cübeyl+Katîf+Lahsa+Ukayr (Uceyr),Riyad,390.2,302.7,Manama (Bahreyn) (bahreyn),70.0,B-bilinmiyor,ÖLÇÜLEMEDİ,Ö-ince-bağ,ayni=14 sinirda=5,1.9,evet,"aradaki kara Voronoi'de aynı sahipte AMA 5/19 örnekte yabancı nokta 25 km marjdan yakın — bağ ince, kopukluk sınırda (aynı-net 14 · deniz 0)"
537,1890-11-04,1916-09-01,Lindi,almanya,3,Kilva Kivince+Lindi+Mikindani,Morogoro,420.0,288.5,Kilwa Kisiwani (Kilve) (umman-zengibar),116.3,B-bilinmiyor,ÖLÇÜLEMEDİ,Ö-ince-bağ,ayni=14 sinirda=4,13.9,,"aradaki kara Voronoi'de aynı sahipte AMA 4/18 örnekte yabancı nokta 25 km marjdan yakın — bağ ince, kopukluk sınırda (aynı-net 14 · deniz 0)"
538,1698-01-08,1750-09-11,Cinci (Gingee),babur-imparatorlugu,3,Arkot (Arcot)+Cinci (Gingee)+Vellor (Vellore),Kurnûl (Kurnool),423.8,344.6,Pondişeri (hollanda),58.9,B-bilinmiyor,ÖLÇÜLEMEDİ,Ö-ince-bağ,ayni=19 sinirda=2,16.7,,"aradaki kara Voronoi'de aynı sahipte AMA 2/21 örnekte yabancı nokta 25 km marjdan yakın — bağ ince, kopukluk sınırda (aynı-net 19 · deniz 0)"
539,1542-11-20,1824-12-09,Ollantaytambo,ispanyol-peru,2,Cusco (Qosqo)+Ollantaytambo,Vilcashuamán,187.9,187.9,Vilcabamba (Espíritu Pampa) (inka-imparatorlugu),119.2,A-koridor,ÖLÇÜLEMEDİ,Ö-seyrek-yabancı,ayni=6 sinirda=2 yabanci=3,17.4,,koridorun 3/11 örneği yabancı (inka-imparatorlugu) ama üreten noktalar uzak (medyan 75 km) — bisektör kayması/eksik nokta olası
540,1542-11-20,1824-12-09,Vilcashuamán,ispanyol-peru,2,Huamanga (Ayacucho)+Vilcashuamán,Ollantaytambo,187.9,187.9,Vilcabamba (Espíritu Pampa) (inka-imparatorlugu),120.0,A-koridor,ÖLÇÜLEMEDİ,Ö-seyrek-yabancı,ayni=6 sinirda=2 yabanci=3,17.4,,koridorun 3/11 örneği yabancı (inka-imparatorlugu) ama üreten noktalar uzak (medyan 75 km) — bisektör kayması/eksik nokta olası
541,1809-04-25,1923-10-29,Ludhiyana,ingiliz-hindistani,1,Ludhiyana,Hisâr-ı Fîrûze,194.8,194.8,Câlandhar (Jalandhar) (sih-imparatorlugu),54.3,A-koridor,ÖLÇÜLEMEDİ,Ö-seyrek-yabancı,ayni=5 sinirda=4 yabanci=2,0.5,,"koridorun 2/11 örneği yabancı (sih-imparatorlugu) ama üreten noktalar uzak (medyan 89 km) — bisektör kayması/eksik nokta olası · tek nokta, ≤150 km komşularının hepsi sih-imparatorlugu"
542,1882-09-07,1899-01-19,Ğubeyş,mehdi,3,Bâbanûsa+Muglad+Ğubeyş,Ebû Zabed,204.1,192.6,Nühûd (OSMANLI),129.4,A-koridor,ÖLÇÜLEMEDİ,Ö-seyrek-yabancı,ayni=7 sinirda=3 yabanci=1,9.1,,koridorun 1/11 örneği yabancı (OSMANLI) ama üreten noktalar uzak (medyan 96 km) — bisektör kayması/eksik nokta olası
543,1542-11-20,1824-12-09,Cusco (Qosqo),ispanyol-peru,2,Cusco (Qosqo)+Ollantaytambo,Vilcashuamán,214.8,187.9,Vilcabamba (Espíritu Pampa) (inka-imparatorlugu),161.6,A-koridor,ÖLÇÜLEMEDİ,Ö-seyrek-yabancı,ayni=6 sinirda=2 yabanci=3,17.4,,koridorun 3/11 örneği yabancı (inka-imparatorlugu) ama üreten noktalar uzak (medyan 75 km) — bisektör kayması/eksik nokta olası
544,1900-01-01,1923-10-29,Licinga,portekiz,1,Licinga,Kuamba,217.1,217.1,Mvembe (Mataka) (ingiltere),94.1,A-koridor,ÖLÇÜLEMEDİ,Ö-seyrek-yabancı,ayni=8 sinirda=2 yabanci=3,8.0,,"koridorun 3/13 örneği yabancı (ingiltere) ama üreten noktalar uzak (medyan 83 km) — bisektör kayması/eksik nokta olası · tek nokta, ≤150 km komşularının hepsi ingiltere"
545,1776-07-04,1923-10-29,Boston (Massachusetts),abd,2,Boston (Massachusetts)+Plymouth (Massachusetts),Fort Orange (Albany),223.5,223.5,Providence (ingiltere),66.4,A-koridor,ÖLÇÜLEMEDİ,Ö-seyrek-yabancı,ayni=6 sinirda=4 yabanci=3,7.2,,koridorun 3/13 örneği yabancı (ingiltere) ama üreten noktalar uzak (medyan 85 km) — bisektör kayması/eksik nokta olası
546,1515-04-01,1923-10-29,Buraymî,umman,1,Buraymî,Nizva,230.0,230.0,Suhâr (portekiz),93.5,A-koridor,ÖLÇÜLEMEDİ,Ö-seyrek-yabancı,ayni=7 sinirda=3 yabanci=4,6.6,,"koridorun 4/14 örneği yabancı (portekiz) ama üreten noktalar uzak (medyan 80 km) — bisektör kayması/eksik nokta olası · tek nokta, ≤150 km komşularının hepsi portekiz"
547,1846-03-09,1923-10-29,Câlandhar (Jalandhar),ingiliz-hindistani,2,Câlandhar (Jalandhar)+Ludhiyana,Hisâr-ı Fîrûze,242.0,194.8,Amritsar (sih-imparatorlugu),74.9,A-koridor,ÖLÇÜLEMEDİ,Ö-seyrek-yabancı,ayni=5 sinirda=4 yabanci=2,0.5,,koridorun 2/11 örneği yabancı (sih-imparatorlugu) ama üreten noktalar uzak (medyan 89 km) — bisektör kayması/eksik nokta olası
548,1407-01-01,1534-12-23,Bombay,gucerat-sultanligi,1,Bombay,Sûrat,247.8,247.8,Çaul (Chaul) (behmeni),43.6,A-koridor,ÖLÇÜLEMEDİ,Ö-seyrek-yabancı,ayni=6 deniz=4 sinirda=2 yabanci=3,10.6,,"koridorun 3/15 örneği yabancı (behmeni) ama üreten noktalar uzak (medyan 101 km) — bisektör kayması/eksik nokta olası · tek nokta, ≤150 km komşularının hepsi behmeni"
549,1759-03-04,1923-10-29,Sûrat,ingiliz-hindistani,1,Sûrat,Bombay,247.8,247.8,Broaç (Bharuch) (babur-imparatorlugu),63.0,A-koridor,ÖLÇÜLEMEDİ,Ö-seyrek-yabancı,ayni=6 deniz=4 sinirda=2 yabanci=3,10.6,,koridorun 3/15 örneği yabancı (babur-imparatorlugu) ama üreten noktalar uzak (medyan 101 km) — bisektör kayması/eksik nokta olası
550,1698-09-12,1711-07-21,Taganrog,rusya,2,Azak+Taganrog,İzyum,249.6,249.6,Çerkask (Razdory) (don-kazak),87.0,A-koridor,ÖLÇÜLEMEDİ,Ö-seyrek-yabancı,ayni=9 sinirda=2 yabanci=4,11.5,,koridorun 4/15 örneği yabancı (don-kazak) ama üreten noktalar uzak (medyan 93 km) — bisektör kayması/eksik nokta olası
551,1776-07-04,1923-10-29,Plymouth (Massachusetts),abd,2,Boston (Massachusetts)+Plymouth (Massachusetts),Fort Orange (Albany),265.5,223.5,Providence (ingiltere),63.5,A-koridor,ÖLÇÜLEMEDİ,Ö-seyrek-yabancı,ayni=6 sinirda=4 yabanci=3,7.2,,koridorun 3/13 örneği yabancı (ingiltere) ama üreten noktalar uzak (medyan 85 km) — bisektör kayması/eksik nokta olası
552,1724-10-11,1923-10-29,Devagiri (Devletâbâd),haydarabad-nizam,2,Devagiri (Devletâbâd)+Evrengâbâd,Elicpûr (Achalpur),279.7,273.0,Ahmednagar (babur-imparatorlugu),106.5,A-koridor,ÖLÇÜLEMEDİ,Ö-seyrek-yabancı,ayni=9 sinirda=2 yabanci=6,9.3,,koridorun 6/17 örneği yabancı (babur-imparatorlugu) ama üreten noktalar uzak (medyan 84 km) — bisektör kayması/eksik nokta olası
553,1696-07-19,1711-07-21,Azak,rusya,1,Azak,İzyum,281.8,281.8,Çerkask (Razdory) (don-kazak),49.5,A-koridor,ÖLÇÜLEMEDİ,Ö-seyrek-yabancı,ayni=9 sinirda=2 yabanci=6,6.3,,"koridorun 6/17 örneği yabancı (don-kazak) ama üreten noktalar uzak (medyan 85 km) — bisektör kayması/eksik nokta olası · tek nokta, ≤150 km komşularının hepsi don-kazak"
554,1475-06-06,1637-06-18,Azak,OSMANLI,1,Azak,Maykop (Çerkezya),283.3,283.3,Çerkask (Razdory) (altinorda),49.5,A-koridor,ÖLÇÜLEMEDİ,Ö-seyrek-yabancı,ayni=5 sinirda=7 yabanci=5,0.6,,"koridorun 5/17 örneği yabancı (altinorda) ama üreten noktalar uzak (medyan 100 km) — bisektör kayması/eksik nokta olası · tek nokta, ≤150 km komşularının hepsi altinorda"
555,1441-01-01,1480-01-01,Hacıbey (Odessa),litvanya-buyuk-dukalik,1,Hacıbey (Odessa),Braslav (Bratslav),292.7,292.7,Akkirman (bogdan),43.8,A-koridor,ÖLÇÜLEMEDİ,Ö-seyrek-yabancı,ayni=6 sinirda=3 yabanci=9,5.8,,"koridorun 9/18 örneği yabancı (bogdan, altinorda) ama üreten noktalar uzak (medyan 76 km) — bisektör kayması/eksik nokta olası"
556,1700-01-01,1902-01-01,Malanje,ovimbundu,1,Malanje,Bailundo,299.9,299.9,Matamba (matamba),45.9,A-koridor,ÖLÇÜLEMEDİ,Ö-seyrek-yabancı,ayni=11 sinirda=5 yabanci=2,3.2,,koridorun 2/18 örneği yabancı (portekiz) ama üreten noktalar uzak (medyan 138 km) — bisektör kayması/eksik nokta olası
557,1737-07-11,1738-08-01,Özi,rusya,1,Özi,Kremençuk,305.9,305.9,Hacıbey (Odessa) (OSMANLI),63.8,B-bilinmiyor,ÖLÇÜLEMEDİ,Ö-seyrek-yabancı,ayni=5 sinirda=5 yabanci=9,0.9,,"koridorun 9/19 örneği yabancı (lehistan, OSMANLI) ama üreten noktalar uzak (medyan 104 km) — bisektör kayması/eksik nokta olası · tek nokta, ≤150 km komşularının hepsi OSMANLI"
558,1772-11-18,1923-10-29,Broaç (Bharuch),ingiliz-hindistani,2,Broaç (Bharuch)+Sûrat,Bombay,308.9,247.8,Baroda (Vadodara) (baroda),68.6,B-bilinmiyor,ÖLÇÜLEMEDİ,Ö-seyrek-yabancı,ayni=6 deniz=4 sinirda=2 yabanci=3,10.6,,koridorun 3/15 örneği yabancı (maratha) ama üreten noktalar uzak (medyan 101 km) — bisektör kayması/eksik nokta olası
559,1622-05-01,1820-01-08,Şârika,umman,3,Buraymî+Ras el-Hayme (Cülfâr)+Şârika,Nizva,346.2,230.0,Bender Lengeh (safevi),142.9,B-bilinmiyor,ÖLÇÜLEMEDİ,Ö-seyrek-yabancı,ayni=7 sinirda=3 yabanci=4,6.6,,koridorun 4/14 örneği yabancı (portekiz) ama üreten noktalar uzak (medyan 80 km) — bisektör kayması/eksik nokta olası
560,1622-05-01,1820-01-08,Ras el-Hayme (Cülfâr),umman,3,Buraymî+Ras el-Hayme (Cülfâr)+Şârika,Nizva,356.2,230.0,Kişm (Qeshm) (safevi),112.0,B-bilinmiyor,ÖLÇÜLEMEDİ,Ö-seyrek-yabancı,ayni=7 sinirda=3 yabanci=4,6.6,,koridorun 4/14 örneği yabancı (portekiz) ama üreten noktalar uzak (medyan 80 km) — bisektör kayması/eksik nokta olası
561,1706-04-23,1821-09-27,Albuquerque,yeni-ispanya,4,Acoma Pueblo (Sky City)+Albuquerque+Santa Fe+Taos Pueblo,El Paso del Norte,369.9,369.9,Halona:wa (Zuni) (zuni),200.1,B-bilinmiyor,ÖLÇÜLEMEDİ,Ö-seyrek-yabancı,ayni=12 sinirda=1 yabanci=10,3.3,,koridorun 10/23 örneği yabancı (meskalero-apaci) ama üreten noktalar uzak (medyan 87 km) — bisektör kayması/eksik nokta olası
562,1803-12-30,1923-10-29,Kanbâyet (Khambhat),ingiliz-hindistani,3,Broaç (Bharuch)+Kanbâyet (Khambhat)+Sûrat,Bombay,375.9,247.8,Baroda (Vadodara) (baroda),57.7,B-bilinmiyor,ÖLÇÜLEMEDİ,Ö-seyrek-yabancı,ayni=6 deniz=4 sinirda=2 yabanci=3,10.6,,koridorun 3/15 örneği yabancı (maratha) ama üreten noktalar uzak (medyan 101 km) — bisektör kayması/eksik nokta olası
563,1465-01-01,1532-11-16,Cajamarca,inka-imparatorlugu,1,Cajamarca,Huánuco Pampa (Huánuco Viejo),377.3,377.3,Chan Chan (chimu-krallik),121.3,B-bilinmiyor,ÖLÇÜLEMEDİ,Ö-seyrek-yabancı,ayni=17 sinirda=4 yabanci=3,2.7,,"koridorun 3/24 örneği yabancı (chimu-krallik) ama üreten noktalar uzak (medyan 161 km) — bisektör kayması/eksik nokta olası · tek nokta, ≤150 km komşularının hepsi chimu-krallik"
564,1538-08-06,1819-12-17,Bacatá (Bogotá),ispanyol-peru,1,Bacatá (Bogotá),Popayán,378.3,378.3,Hunza (Tunja) (ispanya),120.4,B-bilinmiyor,ÖLÇÜLEMEDİ,Ö-seyrek-yabancı,ayni=12 sinirda=3 yabanci=9,0.1,,"koridorun 9/24 örneği yabancı (ispanya) ama üreten noktalar uzak (medyan 103 km) — bisektör kayması/eksik nokta olası · tek nokta, ≤150 km komşularının hepsi ispanya"
565,1824-12-09,1825-08-06,Tarija,ispanya,2,Cotagaita (Santiago de Cotagaita)+Tarija,San Pedro de Atacama,388.8,350.6,Rinconada (Puna) (arjantin-cumhuriyeti),178.2,B-bilinmiyor,ÖLÇÜLEMEDİ,Ö-seyrek-yabancı,ayni=13 sinirda=2 yabanci=7,0.4,,koridorun 7/22 örneği yabancı (arjantin-cumhuriyeti) ama üreten noktalar uzak (medyan 103 km) — bisektör kayması/eksik nokta olası
566,1885-02-05,1923-10-29,Dahlak,italya,3,Arkîko+Dahlak+Masavva,Aseb,409.0,409.0,Zula (habesistan),65.4,B-bilinmiyor,ÖLÇÜLEMEDİ,Ö-seyrek-yabancı,ayni=4 deniz=21 yabanci=1,27.5,,koridorun 1/26 örneği yabancı (OSMANLI) ama üreten noktalar uzak (medyan 168 km) — bisektör kayması/eksik nokta olası
567,1658-01-01,1781-11-12,Nagapatnam,hollanda,1,Nagapatnam,Kolombo,426.9,426.9,Tranquebar (Tharangambadi) (danimarka),29.3,B-bilinmiyor,ÖLÇÜLEMEDİ,Ö-seyrek-yabancı,ayni=7 deniz=13 sinirda=3 yabanci=4,1.8,,"koridorun 4/27 örneği yabancı (kandy, portekiz) ama üreten noktalar uzak (medyan 138 km) — bisektör kayması/eksik nokta olası"
568,1693-09-06,1699-09-01,Pondişeri,hollanda,3,Nagapatnam+Pondişeri+Yafna (Jaffna),Koçin (Kochi),448.5,304.5,Cinci (Gingee) (maratha),58.9,B-bilinmiyor,ÖLÇÜLEMEDİ,Ö-seyrek-yabancı,ayni=7 deniz=4 sinirda=4 yabanci=4,3.3,,koridorun 4/19 örneği yabancı (kandy) ama üreten noktalar uzak (medyan 123 km) — bisektör kayması/eksik nokta olası
569,1885-02-05,1923-10-29,Arkîko,italya,3,Arkîko+Dahlak+Masavva,Aseb,452.8,409.0,Zula (habesistan),39.9,B-bilinmiyor,ÖLÇÜLEMEDİ,Ö-seyrek-yabancı,ayni=4 deniz=21 yabanci=1,27.5,,koridorun 1/26 örneği yabancı (OSMANLI) ama üreten noktalar uzak (medyan 168 km) — bisektör kayması/eksik nokta olası
570,1885-02-05,1923-10-29,Masavva,italya,3,Arkîko+Dahlak+Masavva,Aseb,455.3,409.0,Zula (habesistan),43.9,B-bilinmiyor,ÖLÇÜLEMEDİ,Ö-seyrek-yabancı,ayni=4 deniz=21 yabanci=1,27.5,,koridorun 1/26 örneği yabancı (OSMANLI) ama üreten noktalar uzak (medyan 168 km) — bisektör kayması/eksik nokta olası
571,1533-01-01,1542-11-20,Vilcashuamán,ispanya,1,Vilcashuamán,Hatun Colla,466.6,466.6,Ollantaytambo (inka-imparatorlugu),187.9,B-bilinmiyor,ÖLÇÜLEMEDİ,Ö-seyrek-yabancı,ayni=15 sinirda=3 yabanci=12,0.7,,koridorun 12/30 örneği yabancı (inka-imparatorlugu) ama üreten noktalar uzak (medyan 117 km) — bisektör kayması/eksik nokta olası
572,1485-01-01,1503-01-01,Taşkent,mogulistan,1,Taşkent,Balasagun (Ak-Beşim),517.8,517.8,Çimkent (timurlu),114.9,B-bilinmiyor,ÖLÇÜLEMEDİ,Ö-seyrek-yabancı,ayni=14 sinirda=3 yabanci=16,1.3,evet,"koridorun 16/33 örneği yabancı (timurlu) ama üreten noktalar uzak (medyan 121 km) — bisektör kayması/eksik nokta olası · tek nokta, ≤150 km komşularının hepsi timurlu"
573,1803-02-01,1813-05-02,Tâif,suud,1,Tâif,Necid içi,607.8,607.8,Mekke (OSMANLI),71.1,B-bilinmiyor,ÖLÇÜLEMEDİ,Ö-seyrek-yabancı,ayni=18 cizilmez=5 sinirda=1 yabanci=15,4.4,,koridorun 15/39 örneği yabancı (suud-birinci) ama üreten noktalar uzak (medyan 106 km) — bisektör kayması/eksik nokta olası
574,1890-07-01,1923-10-29,Bveranyange (Karagve),ingiltere,1,Bveranyange (Karagve),Maçakos,685.2,685.2,Bukoba (almanya),79.0,B-bilinmiyor,ÖLÇÜLEMEDİ,Ö-seyrek-yabancı,ayni=12 cizilmez=12 sinirda=1 yabanci=14,10.5,,koridorun 14/39 örneği yabancı (almanya) ama üreten noktalar uzak (medyan 92 km) — bisektör kayması/eksik nokta olası
575,1620-12-21,1776-07-04,Plymouth (Massachusetts),ingiltere,1,Plymouth (Massachusetts),Jamestown,744.7,744.7,Norridgewock (Abenaki) (abenaki),314.8,B-bilinmiyor,ÖLÇÜLEMEDİ,Ö-seyrek-yabancı,ayni=3 deniz=28 yabanci=8,248.2,,koridorun 8/39 örneği yabancı (powhatan) ama üreten noktalar uzak (medyan 126 km) — bisektör kayması/eksik nokta olası
576,1630-09-07,1776-07-04,Boston (Massachusetts),ingiltere,4,Boston (Massachusetts)+Pemaquid+Plymouth (Massachusetts)+Portsmouth (New Hampshire),Jamestown,753.9,744.7,Fort Orange (Albany) (hollanda),223.5,B-bilinmiyor,ÖLÇÜLEMEDİ,Ö-seyrek-yabancı,ayni=3 deniz=28 yabanci=8,191.4,,koridorun 8/39 örneği yabancı (powhatan) ama üreten noktalar uzak (medyan 126 km) — bisektör kayması/eksik nokta olası
577,1683-01-01,1923-10-29,Khami,ingiltere,1,Khami,Cape Coast,4286.1,4286.1,Büyük Zimbabve (mutapa),266.7,C-hakiki,ÖLÇÜLEMEDİ,Ö-seyrek-yabancı,ayni=1 cizilmez=7 deniz=18 yabanci=13,249.7,,"koridorun 13/39 örneği yabancı (lozi, matamba) ama üreten noktalar uzak (medyan 98 km) — bisektör kayması/eksik nokta olası"
578,1353-01-01,1394-04-25,Diyarbakır,celayirli,1,Diyarbakır,Siirt,149.4,149.4,Mardin (artuklu),79.8,A-koridor,ÖLÇÜLEMEDİ,Ö-yabancı-koridor,ayni=2 sinirda=2 yabanci=4,8.1,,"koridorun 4/8 örneği yabancı (eyyubi-hisnikeyfa; üreten medyan 31 km) — gerçek olabilir, kaynak gerek"
579,1539-01-01,1635-01-01,Zebîd,OSMANLI,2,Moha+Zebîd,Kemeran (Kamaran),150.8,150.8,Hudeyde (yemen),77.6,A-koridor,ÖLÇÜLEMEDİ,Ö-yabancı-koridor,ayni=2 deniz=3 sinirda=1 yabanci=3,17.3,,"koridorun 3/9 örneği yabancı (yemen; üreten medyan 17 km) — gerçek olabilir, kaynak gerek"
580,1378-01-01,1429-01-01,Harput (Elazığ),dulkadir,1,Harput (Elazığ),Darende,152.7,152.7,Çemişgezek (cemisgezek-beyligi),48.2,A-koridor,ÖLÇÜLEMEDİ,Ö-yabancı-koridor,ayni=2 sinirda=3 yabanci=4,0.5,evet,"koridorun 4/9 örneği yabancı (memluk; üreten medyan 38 km) — gerçek olabilir, kaynak gerek"
581,1436-01-01,1465-01-01,Harput (Elazığ),dulkadir,1,Harput (Elazığ),Darende,152.7,152.7,Çemişgezek (akkoyunlu),48.2,A-koridor,ÖLÇÜLEMEDİ,Ö-yabancı-koridor,ayni=2 sinirda=3 yabanci=4,0.5,evet,"koridorun 4/9 örneği yabancı (memluk; üreten medyan 38 km) — gerçek olabilir, kaynak gerek"
582,1420-06-07,1797-05-12,Udine,venedik,4,Padova+Udine+Venedik+Verona,Krk (Veglia),153.8,153.8,Trieste (HABSBURG),62.0,A-koridor,ÖLÇÜLEMEDİ,Ö-yabancı-koridor,ayni=1 deniz=2 sinirda=1 yabanci=5,0.7,,"koridorun 5/9 örneği yabancı (HABSBURG; üreten medyan 16 km) — gerçek olabilir, kaynak gerek"
583,1335-01-01,1381-01-01,Kayseri,eretna,4,Aksaray+Kayseri+Kırşehir+Niğde,Gürün,155.4,155.4,Zamantı (Pınarbaşı) (ilhanli),64.4,A-koridor,ÖLÇÜLEMEDİ,Ö-yabancı-koridor,ayni=3 sinirda=1 yabanci=5,2.3,,"koridorun 5/9 örneği yabancı (ilhanli; üreten medyan 18 km) — gerçek olabilir, kaynak gerek"
584,1552-04-18,1792-09-22,Metz,fransa,1,Metz,Reims,156.6,156.6,Nancy (almanya),47.6,A-koridor,ÖLÇÜLEMEDİ,Ö-yabancı-koridor,ayni=4 sinirda=1 yabanci=4,17.9,,"koridorun 4/9 örneği yabancı (ispanya; üreten medyan 52 km) — gerçek olabilir, kaynak gerek"
585,1676-10-01,1912-02-12,Zhangzhou,qing-hanedani,3,Fuzhou+Zeytun (Quanzhou)+Zhangzhou,Swatow (Shantou),161.3,161.3,Amoy (Xiamen) (tungning),44.3,A-koridor,ÖLÇÜLEMEDİ,Ö-yabancı-koridor,ayni=3 sinirda=2 yabanci=4,9.2,,"koridorun 4/9 örneği yabancı (san-fan; üreten medyan 49 km) — gerçek olabilir, kaynak gerek"
586,1308-01-01,1309-01-01,Eflani,ilhanli,3,Bartın+Eflani+Safranbolu,Osmancık,162.2,162.2,Amasra (ceneviz),59.6,A-koridor,ÖLÇÜLEMEDİ,Ö-yabancı-koridor,ayni=2 sinirda=2 yabanci=5,0.7,,"koridorun 5/9 örneği yabancı (cobanogullari; üreten medyan 20 km) — gerçek olabilir, kaynak gerek"
587,1420-01-01,1797-10-17,Kotor (Cattaro),venedik,4,Draç+Kotor (Cattaro)+Leş (Alessio)+İşkodra,Korçula (Kurzola),163.1,163.1,Herseknovi (Herceg Novi) (bosna),19.2,A-koridor,ÖLÇÜLEMEDİ,Ö-yabancı-koridor,deniz=6 yabanci=3,,evet,"koridorun 3/9 örneği yabancı (bosna, macaristan; üreten medyan 11 km) — gerçek olabilir, kaynak gerek"
588,1842-01-01,1909-07-10,Kedah (Alor Setar),malay-sultanliklari,1,Kedah (Alor Setar),Perak (Kuala Kangsar),163.5,163.5,Penang (George Town) (ingiliz-malaya),78.7,A-koridor,ÖLÇÜLEMEDİ,Ö-yabancı-koridor,ayni=3 sinirda=2 yabanci=4,6.0,,"koridorun 4/9 örneği yabancı (ingiliz-malaya; üreten medyan 40 km) — gerçek olabilir, kaynak gerek"
589,1460-01-01,1920-04-23,Amasra,OSMANLI,1,Amasra,Çankırı,163.9,163.9,Bartın (candar),13.3,A-koridor,ÖLÇÜLEMEDİ,Ö-yabancı-koridor,ayni=2 sinirda=1 yabanci=6,8.3,,"koridorun 6/9 örneği yabancı (candar; üreten medyan 27 km) — gerçek olabilir, kaynak gerek · tek nokta, ≤150 km komşularının hepsi candar"
590,1677-05-01,1698-01-08,Cinci (Gingee),maratha,1,Cinci (Gingee),Tancûr (Thanjavur),165.3,165.3,Pondişeri (fransa),58.9,A-koridor,ÖLÇÜLEMEDİ,Ö-yabancı-koridor,ayni=4 sinirda=5 yabanci=1,2.0,,"koridorun 1/10 örneği yabancı (fransa; üreten medyan 71 km) — gerçek olabilir, kaynak gerek"
591,1799-10-25,1923-10-29,Tancûr (Thanjavur),ingiliz-hindistani,2,Nagapatnam+Tancûr (Thanjavur),Cinci (Gingee),165.3,165.3,Trichinopoly (Tiruchirappalli) (karnatik),47.4,A-koridor,ÖLÇÜLEMEDİ,Ö-yabancı-koridor,ayni=4 sinirda=5 yabanci=1,2.0,,"koridorun 1/10 örneği yabancı (ingiltere; üreten medyan 71 km) — gerçek olabilir, kaynak gerek"
592,1689-11-03,1733-01-01,Raygad,babur-imparatorlugu,1,Raygad,Ahmednagar,167.7,167.7,Pûne (Poona) (maratha),54.1,A-koridor,ÖLÇÜLEMEDİ,Ö-yabancı-koridor,ayni=2 sinirda=2 yabanci=6,22.2,,"koridorun 6/10 örneği yabancı (maratha; üreten medyan 24 km) — gerçek olabilir, kaynak gerek"
593,1353-01-01,1465-01-01,Palu,artuklu,1,Palu,Mardin,168.8,168.8,Diyarbakır (celayirli),90.9,A-koridor,ÖLÇÜLEMEDİ,Ö-yabancı-koridor,ayni=3 sinirda=1 yabanci=6,18.8,evet,"koridorun 6/10 örneği yabancı (celayirli; üreten medyan 31 km) — gerçek olabilir, kaynak gerek"
594,1526-09-01,1527-09-23,Peşte,OSMANLI,2,Budin+Peşte,Mohaç,169.2,169.2,Vaç (Vác) (macaristan),31.8,A-koridor,ÖLÇÜLEMEDİ,Ö-yabancı-koridor,ayni=1 sinirda=3 yabanci=6,3.0,,"koridorun 6/10 örneği yabancı (macaristan; üreten medyan 27 km) — gerçek olabilir, kaynak gerek"
595,1529-09-08,1541-08-29,Peşte,OSMANLI,2,Budin+Peşte,Mohaç,169.2,169.2,Vaç (Vác) (macaristan),31.8,A-koridor,ÖLÇÜLEMEDİ,Ö-yabancı-koridor,ayni=1 sinirda=3 yabanci=6,3.0,,"koridorun 6/10 örneği yabancı (macaristan; üreten medyan 27 km) — gerçek olabilir, kaynak gerek"
596,1526-09-01,1527-09-23,Budin,OSMANLI,2,Budin+Peşte,Mohaç,169.4,169.2,Vaç (Vác) (macaristan),31.7,A-koridor,ÖLÇÜLEMEDİ,Ö-yabancı-koridor,ayni=1 sinirda=3 yabanci=6,3.0,,"koridorun 6/10 örneği yabancı (macaristan; üreten medyan 27 km) — gerçek olabilir, kaynak gerek"
597,1529-09-08,1541-08-29,Budin,OSMANLI,2,Budin+Peşte,Mohaç,169.4,169.2,Vaç (Vác) (macaristan),31.7,A-koridor,ÖLÇÜLEMEDİ,Ö-yabancı-koridor,ayni=1 sinirda=3 yabanci=6,3.0,,"koridorun 6/10 örneği yabancı (macaristan; üreten medyan 27 km) — gerçek olabilir, kaynak gerek"
598,1335-01-01,1381-01-01,Kırşehir,eretna,4,Aksaray+Kayseri+Kırşehir+Niğde,Çorum,170.1,155.4,Ankara (ahiler),142.0,A-koridor,ÖLÇÜLEMEDİ,Ö-yabancı-koridor,ayni=3 sinirda=1 yabanci=5,2.3,,"koridorun 5/9 örneği yabancı (ilhanli; üreten medyan 18 km) — gerçek olabilir, kaynak gerek"
599,1915-07-01,1918-11-11,Radom (Polonya),HABSBURG,1,Radom (Polonya),Krakov,171.1,171.1,Kielce (almanya),69.1,A-koridor,ÖLÇÜLEMEDİ,Ö-yabancı-koridor,ayni=3 sinirda=2 yabanci=5,7.1,evet,"koridorun 5/10 örneği yabancı (almanya; üreten medyan 23 km) — gerçek olabilir, kaynak gerek"
600,1401-01-01,1405-01-01,Bağdat,timurlu,1,Bağdat,Kasr-ı Şîrîn,172.2,172.2,Fellûce (celayirli),53.6,A-koridor,ÖLÇÜLEMEDİ,Ö-yabancı-koridor,ayni=3 sinirda=1 yabanci=6,21.6,,"koridorun 6/10 örneği yabancı (celayirli; üreten medyan 37 km) — gerçek olabilir, kaynak gerek · tek nokta, ≤150 km komşularının hepsi celayirli"
601,1781-11-12,1923-10-29,Nagapatnam,ingiliz-hindistani,1,Nagapatnam,Cinci (Gingee),172.2,172.2,Tranquebar (Tharangambadi) (danimarka),29.3,A-koridor,ÖLÇÜLEMEDİ,Ö-yabancı-koridor,ayni=1 sinirda=1 yabanci=8,7.3,,"koridorun 8/10 örneği yabancı (danimarka, ingiltere; üreten medyan 36 km) — gerçek olabilir, kaynak gerek"
602,1402-07-28,1408-06-01,Sivas,timurlu,1,Sivas,Kayseri,173.9,173.9,Tokat (mehmed-celebi),74.0,A-koridor,ÖLÇÜLEMEDİ,Ö-yabancı-koridor,ayni=4 sinirda=2 yabanci=4,11.7,,"koridorun 4/10 örneği yabancı (dulkadir; üreten medyan 52 km) — gerçek olabilir, kaynak gerek"
603,1515-04-01,1622-05-01,Şârika,portekiz,4,Hürmüz Adası+Kişm (Qeshm)+Ras el-Hayme (Cülfâr)+Şârika,Suhâr,174.1,174.1,Buraymî (umman),129.6,A-koridor,ÖLÇÜLEMEDİ,Ö-yabancı-koridor,ayni=5 sinirda=3 yabanci=2,4.6,,"koridorun 2/10 örneği yabancı (umman; üreten medyan 75 km) — gerçek olabilir, kaynak gerek"
604,1907-01-01,1916-05-06,Kigali,almanya,1,Kigali,Bucumbura,177.0,177.0,Nyanza (Ruanda) (ruanda),56.3,A-koridor,ÖLÇÜLEMEDİ,Ö-yabancı-koridor,sinirda=4 yabanci=6,15.6,,"koridorun 6/10 örneği yabancı (ruanda; üreten medyan 28 km) — gerçek olabilir, kaynak gerek"
605,1918-11-11,1923-10-29,Maribor (Marburg),yugoslavya,2,Ljubljana+Maribor (Marburg),Bosna Novi'si (Bosanski Novi),177.0,177.0,Murska Sobota (macaristan-naiplik),41.4,A-koridor,ÖLÇÜLEMEDİ,Ö-yabancı-koridor,ayni=1 sinirda=2 yabanci=7,2.5,evet,"koridorun 7/10 örneği yabancı (macaristan-naiplik; üreten medyan 19 km) — gerçek olabilir, kaynak gerek"
606,1629-01-01,1872-04-01,Taiz,yemen,1,Taiz,Hudeyde,177.8,177.8,Moha (OSMANLI),88.4,A-koridor,ÖLÇÜLEMEDİ,Ö-yabancı-koridor,ayni=3 sinirda=2 yabanci=5,6.1,,"koridorun 5/10 örneği yabancı (OSMANLI; üreten medyan 25 km) — gerçek olabilir, kaynak gerek · tek nokta, ≤150 km komşularının hepsi OSMANLI"
607,1833-09-29,1923-10-29,Bicâye,fransa-cumhuriyet,1,Bicâye,Cezayir,177.9,177.9,Akbû (Benî Abbâs) (OSMANLI),57.1,A-koridor,ÖLÇÜLEMEDİ,Ö-yabancı-koridor,ayni=2 sinirda=2 yabanci=6,3.4,,"koridorun 6/10 örneği yabancı (OSMANLI, abdulkadir; üreten medyan 26 km) — gerçek olabilir, kaynak gerek"
608,1515-04-01,1622-05-01,Ras el-Hayme (Cülfâr),portekiz,4,Hürmüz Adası+Kişm (Qeshm)+Ras el-Hayme (Cülfâr)+Şârika,Suhâr,178.0,174.1,Bender Lengeh (safevi),136.0,A-koridor,ÖLÇÜLEMEDİ,Ö-yabancı-koridor,ayni=5 sinirda=3 yabanci=2,4.6,,"koridorun 2/10 örneği yabancı (umman; üreten medyan 75 km) — gerçek olabilir, kaynak gerek"
609,1308-01-01,1309-01-01,Safranbolu,ilhanli,3,Bartın+Eflani+Safranbolu,Osmancık,179.0,162.2,Amasra (ceneviz),60.7,A-koridor,ÖLÇÜLEMEDİ,Ö-yabancı-koridor,ayni=2 sinirda=2 yabanci=5,0.7,,"koridorun 5/9 örneği yabancı (cobanogullari; üreten medyan 20 km) — gerçek olabilir, kaynak gerek"
610,1801-07-31,1923-10-29,Trichinopoly (Tiruchirappalli),ingiliz-hindistani,4,Madurai+Nagapatnam+Tancûr (Thanjavur)+Trichinopoly (Tiruchirappalli),Cinci (Gingee),179.2,165.3,Tranquebar (Tharangambadi) (danimarka),128.0,A-koridor,ÖLÇÜLEMEDİ,Ö-yabancı-koridor,ayni=4 sinirda=5 yabanci=1,2.0,,"koridorun 1/10 örneği yabancı (ingiltere; üreten medyan 71 km) — gerçek olabilir, kaynak gerek"
611,1677-11-01,1792-09-22,Gore (Gorée),fransa,1,Gore (Gorée),Saint-Louis (Ndar),179.9,179.9,Rufisque (kayor),17.6,A-koridor,ÖLÇÜLEMEDİ,Ö-yabancı-koridor,deniz=9 yabanci=1,,,"koridorun 1/10 örneği yabancı (kayor; üreten medyan 12 km) — gerçek olabilir, kaynak gerek"
612,1792-09-22,1923-10-29,Gore (Gorée),fransa-cumhuriyet,1,Gore (Gorée),Saint-Louis (Ndar),179.9,179.9,Rufisque (kayor),17.6,A-koridor,ÖLÇÜLEMEDİ,Ö-yabancı-koridor,deniz=9 yabanci=1,,,"koridorun 1/10 örneği yabancı (kayor; üreten medyan 12 km) — gerçek olabilir, kaynak gerek"
613,1918-11-11,1923-10-29,Ljubljana,yugoslavya,2,Ljubljana+Maribor (Marburg),Krupa (Bosanska Krupa),183.4,177.0,Klagenfurt (HABSBURG),65.0,A-koridor,ÖLÇÜLEMEDİ,Ö-yabancı-koridor,ayni=1 sinirda=2 yabanci=7,2.5,evet,"koridorun 7/10 örneği yabancı (macaristan-naiplik; üreten medyan 19 km) — gerçek olabilir, kaynak gerek"
614,1915-07-01,1915-09-01,Zamość,almanya,1,Zamość,Kielce,184.9,184.9,Chełm (Kholm) (kongre-polonyasi),49.8,A-koridor,ÖLÇÜLEMEDİ,Ö-yabancı-koridor,ayni=4 sinirda=3 yabanci=4,7.6,evet,"koridorun 4/11 örneği yabancı (kongre-polonyasi; üreten medyan 67 km) — gerçek olabilir, kaynak gerek"
615,1401-01-01,1516-08-24,Divriği,memluk,1,Divriği,Behisni (Besni),187.9,187.9,Arapkir (dulkadir),48.9,A-koridor,ÖLÇÜLEMEDİ,Ö-yabancı-koridor,sinirda=4 yabanci=7,5.2,evet,"koridorun 7/11 örneği yabancı (dulkadir; üreten medyan 39 km) — gerçek olabilir, kaynak gerek"
616,1423-09-14,1430-03-29,Selanik,venedik,1,Selanik,Oreoi (İstiaia),188.2,188.2,Lanzaka (Lagkadas) (OSMANLI),16.0,A-koridor,ÖLÇÜLEMEDİ,Ö-yabancı-koridor,deniz=8 sinirda=1 yabanci=2,13.7,,"koridorun 2/11 örneği yabancı (bizans; üreten medyan 54 km) — gerçek olabilir, kaynak gerek"
617,1557-01-01,1705-07-12,Benzert (Bizerte),OSMANLI,1,Benzert (Bizerte),Annaba,190.2,190.2,Mâtir (Mateur) (hafsi),31.4,A-koridor,ÖLÇÜLEMEDİ,Ö-yabancı-koridor,deniz=7 sinirda=1 yabanci=3,7.0,evet,"koridorun 3/11 örneği yabancı (hafsi, ceneviz; üreten medyan 33 km) — gerçek olabilir, kaynak gerek"
618,1404-03-01,1406-01-01,Ankara,mehmed-celebi,1,Ankara,Çorum,190.6,190.6,Çankırı (candar),98.1,A-koridor,ÖLÇÜLEMEDİ,Ö-yabancı-koridor,ayni=5 sinirda=1 yabanci=5,12.6,evet,"koridorun 5/11 örneği yabancı (candar; üreten medyan 52 km) — gerçek olabilir, kaynak gerek"
619,1411-02-17,1413-07-05,Ankara,mehmed-celebi,1,Ankara,Çorum,190.6,190.6,Çankırı (candar),98.1,A-koridor,ÖLÇÜLEMEDİ,Ö-yabancı-koridor,ayni=5 sinirda=1 yabanci=5,12.6,,"koridorun 5/11 örneği yabancı (candar; üreten medyan 52 km) — gerçek olabilir, kaynak gerek"
620,1648-10-24,1792-09-22,Colmar,fransa,2,Colmar+Metz,Dijon,192.7,156.6,Mulhouse (isvicre),36.6,A-koridor,ÖLÇÜLEMEDİ,Ö-yabancı-koridor,ayni=4 sinirda=1 yabanci=4,17.9,,"koridorun 4/9 örneği yabancı (ispanya; üreten medyan 52 km) — gerçek olabilir, kaynak gerek"
621,1833-07-28,1923-10-29,Mustagānim,fransa-cumhuriyet,4,Mersa'l-Kebîr+Mustagānim+Oran+Tilimsan,Miliana,196.7,196.7,Muaskar (abdulkadir),59.7,A-koridor,ÖLÇÜLEMEDİ,Ö-yabancı-koridor,ayni=3 sinirda=2 yabanci=7,21.4,,"koridorun 7/12 örneği yabancı (abdulkadir; üreten medyan 24 km) — gerçek olabilir, kaynak gerek"
622,1416-01-01,1878-07-13,Babadağı (Babadag),OSMANLI,1,Babadağı (Babadag),Varna,197.2,197.2,İshakçı (Isaccea) (eflak),47.0,A-koridor,ÖLÇÜLEMEDİ,Ö-yabancı-koridor,ayni=4 sinirda=2 yabanci=6,1.6,evet,"koridorun 6/12 örneği yabancı (eflak; üreten medyan 35 km) — gerçek olabilir, kaynak gerek"
623,1714-03-07,1859-06-04,Milano,HABSBURG,2,Mantova+Milano,Feldkirch,199.7,199.7,Bergamo (venedik),46.0,A-koridor,ÖLÇÜLEMEDİ,Ö-yabancı-koridor,ayni=4 sinirda=3 yabanci=5,2.5,evet,"koridorun 5/12 örneği yabancı (venedik; üreten medyan 56 km) — gerçek olabilir, kaynak gerek"
624,1547-02-01,1629-01-01,Taiz,OSMANLI,4,Aden+Moha+Taiz+Zebîd,Sana,199.9,150.8,Aseb (adal),153.0,A-koridor,ÖLÇÜLEMEDİ,Ö-yabancı-koridor,ayni=2 deniz=3 sinirda=1 yabanci=3,17.3,,"koridorun 3/9 örneği yabancı (yemen; üreten medyan 17 km) — gerçek olabilir, kaynak gerek"
625,1406-01-01,1411-02-17,Ankara,suleyman-celebi,1,Ankara,Eskişehir,200.5,200.5,Çankırı (candar),98.1,A-koridor,ÖLÇÜLEMEDİ,Ö-yabancı-koridor,ayni=5 sinirda=2 yabanci=5,9.2,evet,"koridorun 5/12 örneği yabancı (karaman; üreten medyan 49 km) — gerçek olabilir, kaynak gerek"
626,1538-08-03,1635-10-22,Moha,OSMANLI,2,Moha+Zebîd,Aden,200.6,150.8,Aseb (adal),65.6,A-koridor,ÖLÇÜLEMEDİ,Ö-yabancı-koridor,ayni=2 deniz=3 sinirda=1 yabanci=3,17.3,,"koridorun 3/9 örneği yabancı (yemen; üreten medyan 17 km) — gerçek olabilir, kaynak gerek"
627,1803-08-12,1923-10-29,Ahmednagar,ingiliz-hindistani,1,Ahmednagar,Bombay,202.7,202.7,Devagiri (Devletâbâd) (haydarabad-nizam),106.5,A-koridor,ÖLÇÜLEMEDİ,Ö-yabancı-koridor,ayni=3 deniz=1 sinirda=4 yabanci=4,4.3,,"koridorun 4/12 örneği yabancı (maratha; üreten medyan 60 km) — gerçek olabilir, kaynak gerek"
628,1519-10-18,1535-04-17,Cholula,ispanya,1,Cholula,Cempoala (Zempoala),204.4,204.4,Huexotzinco (Huejotzingo) (nahua-sehir-devletleri),14.4,A-koridor,ÖLÇÜLEMEDİ,Ö-yabancı-koridor,ayni=4 sinirda=2 yabanci=6,9.7,,"koridorun 6/12 örneği yabancı (aztek-imparatorlugu; üreten medyan 43 km) — gerçek olabilir, kaynak gerek"
629,1534-09-22,1535-07-21,Tunus,OSMANLI,1,Tunus,Sûk Ahrâs,207.2,207.2,Halkulvâdî (hafsi),10.6,A-koridor,ÖLÇÜLEMEDİ,Ö-yabancı-koridor,sinirda=3 yabanci=9,6.9,,"koridorun 9/12 örneği yabancı (hafsi; üreten medyan 14 km) — gerçek olabilir, kaynak gerek · tek nokta, ≤150 km komşularının hepsi hafsi"
630,1569-01-01,1573-10-10,Tunus,OSMANLI,2,Benzert (Bizerte)+Tunus,Sûk Ahrâs,207.2,190.2,Halkulvâdî (ispanya),10.6,A-koridor,ÖLÇÜLEMEDİ,Ö-yabancı-koridor,deniz=7 sinirda=1 yabanci=3,7.0,,"koridorun 3/11 örneği yabancı (hafsi, ceneviz; üreten medyan 33 km) — gerçek olabilir, kaynak gerek"
631,1509-01-01,1722-09-03,Derbend,safevi,3,Ağraham burnu+Derbend+Tarki (Tarku),Berde (Karabağ),210.9,210.9,Kuba (sirvansah),79.8,A-koridor,ÖLÇÜLEMEDİ,Ö-yabancı-koridor,ayni=2 sinirda=2 yabanci=9,9.4,evet,"koridorun 9/13 örneği yabancı (sirvansah; üreten medyan 25 km) — gerçek olabilir, kaynak gerek"
632,1649-01-01,1677-05-01,Cinci (Gingee),bicapur,1,Cinci (Gingee),Bangalor,211.4,211.4,Arkot (Arcot) (vijayanagara),73.2,A-koridor,ÖLÇÜLEMEDİ,Ö-yabancı-koridor,ayni=6 sinirda=2 yabanci=5,12.8,,"koridorun 5/13 örneği yabancı (vijayanagara; üreten medyan 68 km) — gerçek olabilir, kaynak gerek"
633,1890-11-04,1916-09-01,Pangani,almanya,1,Pangani,Morogoro,212.5,212.5,Tanga (umman-zengibar),42.3,A-koridor,ÖLÇÜLEMEDİ,Ö-yabancı-koridor,ayni=7 sinirda=2 yabanci=4,10.3,,"koridorun 4/13 örneği yabancı (umman-zengibar; üreten medyan 73 km) — gerçek olabilir, kaynak gerek · tek nokta, ≤150 km komşularının hepsi umman-zengibar"
634,1890-11-04,1916-09-01,Morogoro,almanya,3,Kilosa+Morogoro+Mpvapva,Pangani,212.5,212.5,Bagamoyo (umman-zengibar),143.3,A-koridor,ÖLÇÜLEMEDİ,Ö-yabancı-koridor,ayni=7 sinirda=2 yabanci=4,10.3,,"koridorun 4/13 örneği yabancı (umman-zengibar; üreten medyan 73 km) — gerçek olabilir, kaynak gerek"
635,1916-09-01,1923-10-29,Pangani,ingiltere,1,Pangani,Morogoro,212.5,212.5,Tanga (umman-zengibar),42.3,A-koridor,ÖLÇÜLEMEDİ,Ö-yabancı-koridor,ayni=7 sinirda=2 yabanci=4,10.3,,"koridorun 4/13 örneği yabancı (umman-zengibar; üreten medyan 73 km) — gerçek olabilir, kaynak gerek · tek nokta, ≤150 km komşularının hepsi umman-zengibar"
636,1420-05-21,1429-07-16,Reims,ingiltere,2,Reims+Troyes,Rouen,213.4,213.4,Virton (almanya),114.0,A-koridor,ÖLÇÜLEMEDİ,Ö-yabancı-koridor,ayni=5 sinirda=3 yabanci=5,1.1,,"koridorun 5/13 örneği yabancı (fransa; üreten medyan 59 km) — gerçek olabilir, kaynak gerek"
637,1533-11-15,1542-11-20,Cusco (Qosqo),ispanya,1,Cusco (Qosqo),Vilcashuamán,214.8,214.8,Ollantaytambo (inka-imparatorlugu),44.2,A-koridor,ÖLÇÜLEMEDİ,Ö-yabancı-koridor,ayni=5 sinirda=3 yabanci=5,1.9,,"koridorun 5/13 örneği yabancı (inka-imparatorlugu; üreten medyan 57 km) — gerçek olabilir, kaynak gerek · tek nokta, ≤150 km komşularının hepsi inka-imparatorlugu"
638,1589-01-01,1603-01-01,Luristan,OSMANLI,2,Luristan+Nihâvend,Ammâre,215.8,215.8,Burûcird (safevi),58.5,A-koridor,ÖLÇÜLEMEDİ,Ö-yabancı-koridor,ayni=6 sinirda=3 yabanci=4,0.3,,"koridorun 4/13 örneği yabancı (safevi; üreten medyan 71 km) — gerçek olabilir, kaynak gerek"
639,1308-01-01,1309-01-01,Bartın,ilhanli,3,Bartın+Eflani+Safranbolu,Osmancık,218.1,162.2,Amasra (ceneviz),13.3,A-koridor,ÖLÇÜLEMEDİ,Ö-yabancı-koridor,ayni=2 sinirda=2 yabanci=5,0.7,,"koridorun 5/9 örneği yabancı (cobanogullari; üreten medyan 20 km) — gerçek olabilir, kaynak gerek"
640,1559-01-01,1875-06-01,Zeyla,OSMANLI,1,Zeyla,Moha,219.7,219.7,Obok (adal),74.1,A-koridor,ÖLÇÜLEMEDİ,Ö-yabancı-koridor,deniz=10 yabanci=3,,,"koridorun 3/13 örneği yabancı (adal; üreten medyan 25 km) — gerçek olabilir, kaynak gerek · tek nokta, ≤150 km komşularının hepsi adal"
641,1849-01-01,1918-10-30,Moha,OSMANLI,3,Hudeyde+Moha+Zebîd,Zeyla,219.7,219.7,Aseb (adal),65.6,A-koridor,ÖLÇÜLEMEDİ,Ö-yabancı-koridor,deniz=10 yabanci=3,,,"koridorun 3/13 örneği yabancı (adal; üreten medyan 25 km) — gerçek olabilir, kaynak gerek"
642,1875-06-01,1884-01-01,Zeyla,OSMANLI,1,Zeyla,Moha,219.7,219.7,Obok (adal),74.1,A-koridor,ÖLÇÜLEMEDİ,Ö-yabancı-koridor,deniz=10 yabanci=3,,evet,"koridorun 3/13 örneği yabancı (adal; üreten medyan 25 km) — gerçek olabilir, kaynak gerek · tek nokta, ≤150 km komşularının hepsi adal"
643,1708-01-01,1866-10-03,Mantova,HABSBURG,1,Mantova,Landeck,221.3,221.3,Verona (venedik),35.1,A-koridor,ÖLÇÜLEMEDİ,Ö-yabancı-koridor,ayni=3 sinirda=2 yabanci=8,4.5,evet,"koridorun 8/13 örneği yabancı (almanya, venedik; üreten medyan 38 km) — gerçek olabilir, kaynak gerek"
644,1872-01-01,1884-06-03,Kerene,OSMANLI,4,Arkîko+Dahlak+Kerene+Masavva,Kesela,222.6,222.6,Ağordat (habesistan),65.3,A-koridor,ÖLÇÜLEMEDİ,Ö-yabancı-koridor,ayni=2 sinirda=3 yabanci=8,1.9,,"koridorun 8/13 örneği yabancı (habesistan; üreten medyan 50 km) — gerçek olabilir, kaynak gerek"
645,1371-09-26,1395-05-17,Doyran,OSMANLI,5,Doyran+Köprülü (Veles)+Köstendil+Ustrumca (Strumica)+İştip (Štip),Gümülcine,225.2,225.2,Gevgili (Gevgelija) (sirbistan),18.5,A-koridor,ÖLÇÜLEMEDİ,Ö-yabancı-koridor,sinirda=2 yabanci=12,5.6,,"koridorun 12/14 örneği yabancı (sirbistan, bizans; üreten medyan 15 km) — gerçek olabilir, kaynak gerek"
646,1535-07-21,1574-08-24,Halkulvâdî,ispanya,1,Halkulvâdî,Annaba,225.2,225.2,Tunus (hafsi),10.6,A-koridor,ÖLÇÜLEMEDİ,Ö-yabancı-koridor,ayni=1 deniz=1 yabanci=12,27.1,,"koridorun 12/14 örneği yabancı (hafsi; üreten medyan 20 km) — gerçek olabilir, kaynak gerek · tek nokta, ≤150 km komşularının hepsi hafsi"
647,1534-07-13,1535-06-01,Tebriz,OSMANLI,1,Tebriz,Rewândiz,225.9,225.9,Merend (safevi),59.8,A-koridor,ÖLÇÜLEMEDİ,Ö-yabancı-koridor,ayni=3 sinirda=2 yabanci=9,1.5,,"koridorun 9/14 örneği yabancı (safevi; üreten medyan 39 km) — gerçek olabilir, kaynak gerek · tek nokta, ≤150 km komşularının hepsi safevi"
648,1548-07-27,1548-08-15,Tebriz,OSMANLI,1,Tebriz,Rewândiz,225.9,225.9,Merend (safevi),59.8,A-koridor,ÖLÇÜLEMEDİ,Ö-yabancı-koridor,ayni=3 sinirda=2 yabanci=9,1.5,,"koridorun 9/14 örneği yabancı (safevi; üreten medyan 39 km) — gerçek olabilir, kaynak gerek · tek nokta, ≤150 km komşularının hepsi safevi; dönem 19 gün"
649,1394-04-25,1401-01-01,Diyarbakır,timurlu,1,Diyarbakır,Aşkale,227.0,227.0,Mardin (artuklu),79.8,A-koridor,ÖLÇÜLEMEDİ,Ö-yabancı-koridor,ayni=6 sinirda=2 yabanci=6,5.4,,"koridorun 6/14 örneği yabancı (artuklu; üreten medyan 48 km) — gerçek olabilir, kaynak gerek"
650,1569-08-08,1584-05-03,Lopburi,toungoo,2,Ayutthaya+Lopburi,Phitsanulok,227.9,227.9,Suphan Buri (ayutthaya),65.1,A-koridor,ÖLÇÜLEMEDİ,Ö-yabancı-koridor,ayni=6 sinirda=2 yabanci=6,14.3,,"koridorun 6/14 örneği yabancı (ayutthaya; üreten medyan 61 km) — gerçek olabilir, kaynak gerek"
651,1393-05-01,1478-06-15,Leş (Alessio),venedik,3,Draç+Leş (Alessio)+İşkodra,Butrint (Butrinto),228.7,181.8,Akçahisar (Kruja) (arnavutluk),32.9,A-koridor,ÖLÇÜLEMEDİ,Ö-yabancı-koridor,ayni=1 bosluk=3 sinirda=1 yabanci=6,23.6,,"koridorun 6/11 örneği yabancı (napoli, bizans; üreten medyan 20 km) — gerçek olabilir, kaynak gerek"
652,1406-10-21,1468-04-01,Gence,karakoyunlu,1,Gence,Doğubayazıt,231.0,231.0,Berde (Karabağ) (timurlu),73.4,A-koridor,ÖLÇÜLEMEDİ,Ö-yabancı-koridor,ayni=4 sinirda=2 yabanci=8,16.5,,"koridorun 8/14 örneği yabancı (timurlu; üreten medyan 45 km) — gerçek olabilir, kaynak gerek"
653,1371-09-26,1395-05-17,Ustrumca (Strumica),OSMANLI,5,Doyran+Köprülü (Veles)+Köstendil+Ustrumca (Strumica)+İştip (Štip),Gümülcine,233.5,225.2,Gevgili (Gevgelija) (sirbistan),34.6,A-koridor,ÖLÇÜLEMEDİ,Ö-yabancı-koridor,sinirda=2 yabanci=12,5.6,,"koridorun 12/14 örneği yabancı (sirbistan, bizans; üreten medyan 15 km) — gerçek olabilir, kaynak gerek"
654,1900-06-26,1923-10-29,Fort Portal (Toro),ingiltere,3,Fort Portal (Toro)+Hoima (Bunyoro)+Masindi,Bveranyange (Karagve),236.2,236.2,Bunia (belcika),100.1,A-koridor,ÖLÇÜLEMEDİ,Ö-yabancı-koridor,ayni=5 sinirda=1 yabanci=8,22.0,,"koridorun 8/14 örneği yabancı (nkore; üreten medyan 40 km) — gerçek olabilir, kaynak gerek"
655,1801-07-31,1923-10-29,Arkot (Arcot),ingiliz-hindistani,4,Arkot (Arcot)+Cinci (Gingee)+Madras (Chennai)+Vellor (Vellore),Tancûr (Thanjavur),236.5,165.3,Pondişeri (ingiltere),121.4,A-koridor,ÖLÇÜLEMEDİ,Ö-yabancı-koridor,ayni=4 sinirda=5 yabanci=1,2.0,,"koridorun 1/10 örneği yabancı (ingiltere; üreten medyan 71 km) — gerçek olabilir, kaynak gerek"
656,1832-11-22,1844-03-04,Dellîs,abdulkadir,3,Bû Sa'âde+Dellîs+Mesîle,Tenes,236.6,236.6,Tîzî Vezzû (Kabiliye) (OSMANLI),24.8,A-koridor,ÖLÇÜLEMEDİ,Ö-yabancı-koridor,deniz=11 sinirda=1 yabanci=2,17.4,,"koridorun 2/14 örneği yabancı (fransa-cumhuriyet; üreten medyan 17 km) — gerçek olabilir, kaynak gerek"
657,1855-02-25,1923-10-29,Nder (Valo),fransa-cumhuriyet,2,Nder (Valo)+Saint-Louis (Ndar),Gore (Gorée),239.4,179.9,Podor (futa-toro),107.3,A-koridor,ÖLÇÜLEMEDİ,Ö-yabancı-koridor,deniz=9 yabanci=1,,,"koridorun 1/10 örneği yabancı (kayor; üreten medyan 12 km) — gerçek olabilir, kaynak gerek"
658,1335-01-01,1366-01-01,Niğde,eretna,4,Aksaray+Kayseri+Kırşehir+Niğde,Gürün,241.2,155.4,Ulukışla (ilhanli),49.7,A-koridor,ÖLÇÜLEMEDİ,Ö-yabancı-koridor,ayni=3 sinirda=1 yabanci=5,2.3,evet,"koridorun 5/9 örneği yabancı (ilhanli; üreten medyan 18 km) — gerçek olabilir, kaynak gerek"
659,1535-01-01,1540-01-01,Annaba,ispanya,1,Annaba,Bicâye,241.8,241.8,Kalme (Guelma) (OSMANLI),57.4,A-koridor,ÖLÇÜLEMEDİ,Ö-yabancı-koridor,ayni=1 deniz=3 sinirda=1 yabanci=10,15.9,evet,"koridorun 10/15 örneği yabancı (OSMANLI; üreten medyan 18 km) — gerçek olabilir, kaynak gerek"
660,1368-01-01,1501-08-17,Draç,venedik,2,Draç+İşkodra,Paksos (Paxos),244.4,235.0,Akçahisar (Kruja) (arnavutluk),35.0,A-koridor,ÖLÇÜLEMEDİ,Ö-yabancı-koridor,deniz=9 sinirda=1 yabanci=4,19.7,evet,"koridorun 4/14 örneği yabancı (sirbistan, macaristan; üreten medyan 27 km) — gerçek olabilir, kaynak gerek"
661,1589-01-01,1603-01-01,Nihâvend,OSMANLI,2,Luristan+Nihâvend,Halepçe,244.6,215.8,Burûcird (safevi),47.5,A-koridor,ÖLÇÜLEMEDİ,Ö-yabancı-koridor,ayni=6 sinirda=3 yabanci=4,0.3,,"koridorun 4/13 örneği yabancı (safevi; üreten medyan 71 km) — gerçek olabilir, kaynak gerek"
662,1335-01-01,1366-01-01,Aksaray,eretna,4,Aksaray+Kayseri+Kırşehir+Niğde,Çorum,255.0,155.4,Karapınar (karaman),84.2,A-koridor,ÖLÇÜLEMEDİ,Ö-yabancı-koridor,ayni=3 sinirda=1 yabanci=5,2.3,evet,"koridorun 5/9 örneği yabancı (ilhanli; üreten medyan 18 km) — gerçek olabilir, kaynak gerek"
663,1832-11-22,1844-03-04,Bû Sa'âde,abdulkadir,3,Bû Sa'âde+Dellîs+Mesîle,Tâhert (Tiaret),259.7,236.6,Cilfe (Djelfa) (OSMANLI),102.6,A-koridor,ÖLÇÜLEMEDİ,Ö-yabancı-koridor,deniz=11 sinirda=1 yabanci=2,17.4,,"koridorun 2/14 örneği yabancı (fransa-cumhuriyet; üreten medyan 17 km) — gerçek olabilir, kaynak gerek"
664,1371-09-26,1395-05-17,Köstendil,OSMANLI,5,Doyran+Köprülü (Veles)+Köstendil+Ustrumca (Strumica)+İştip (Štip),Gümülcine,259.8,225.2,Sofya (bulgaristan),69.4,A-koridor,ÖLÇÜLEMEDİ,Ö-yabancı-koridor,sinirda=2 yabanci=12,5.6,,"koridorun 12/14 örneği yabancı (sirbistan, bizans; üreten medyan 15 km) — gerçek olabilir, kaynak gerek"
665,1516-01-23,1678-09-17,Besançon,ispanya,1,Besançon,Virton,261.6,261.6,Dijon (fransa),74.7,A-koridor,ÖLÇÜLEMEDİ,Ö-yabancı-koridor,ayni=4 sinirda=3 yabanci=9,11.4,,"koridorun 9/16 örneği yabancı (almanya; üreten medyan 41 km) — gerçek olabilir, kaynak gerek"
666,1676-10-01,1912-02-12,Zeytun (Quanzhou),qing-hanedani,3,Fuzhou+Zeytun (Quanzhou)+Zhangzhou,Swatow (Shantou),262.5,161.3,Amoy (Xiamen) (tungning),72.7,A-koridor,ÖLÇÜLEMEDİ,Ö-yabancı-koridor,ayni=3 sinirda=2 yabanci=4,9.2,,"koridorun 4/9 örneği yabancı (san-fan; üreten medyan 49 km) — gerçek olabilir, kaynak gerek"
667,1648-10-24,1815-06-09,Stralsund,isvec,2,Stettin (Szczecin)+Stralsund,Halmstad,263.4,263.4,Rostock (almanya),66.0,A-koridor,ÖLÇÜLEMEDİ,Ö-yabancı-koridor,deniz=9 sinirda=1 yabanci=6,9.1,,"koridorun 6/16 örneği yabancı (danimarka; üreten medyan 20 km) — gerçek olabilir, kaynak gerek"
668,1462-01-01,1507-01-01,Hasankeyf,akkoyunlu,3,Diyarbakır+Hasankeyf+Siirt,Çemişgezek,264.5,172.3,Midyat (karakoyunlu),33.1,A-koridor,ÖLÇÜLEMEDİ,Ö-yabancı-koridor,ayni=2 sinirda=2 yabanci=6,5.3,evet,"koridorun 6/10 örneği yabancı (dulkadir, artuklu; üreten medyan 30 km) — gerçek olabilir, kaynak gerek"
669,1774-07-21,1783-04-19,Yedisan bozkırı,kirim,1,Yedisan bozkırı,Or Kapı (Ferahkirman),265.7,265.7,Özi (OSMANLI),118.8,A-koridor,ÖLÇÜLEMEDİ,Ö-yabancı-koridor,ayni=5 deniz=1 sinirda=2 yabanci=8,3.1,,"koridorun 8/16 örneği yabancı (OSMANLI, rusya; üreten medyan 61 km) — gerçek olabilir, kaynak gerek"
670,1831-01-04,1923-10-29,Oran,fransa-cumhuriyet,3,Mersa'l-Kebîr+Oran+Tilimsan,Miliana,266.2,266.2,Sîdî Bel Abbès (OSMANLI),56.2,A-koridor,ÖLÇÜLEMEDİ,Ö-yabancı-koridor,ayni=2 deniz=1 sinirda=2 yabanci=11,7.7,,"koridorun 11/16 örneği yabancı (OSMANLI; üreten medyan 26 km) — gerçek olabilir, kaynak gerek"
671,1531-04-16,1821-09-27,Puebla de los Ángeles,yeni-ispanya,1,Puebla de los Ángeles,Antequera (Oaxaca),269.0,269.0,Cholula (ispanya),10.5,A-koridor,ÖLÇÜLEMEDİ,Ö-yabancı-koridor,sinirda=8 yabanci=8,6.9,,"koridorun 8/16 örneği yabancı (ispanya; üreten medyan 73 km) — gerçek olabilir, kaynak gerek · tek nokta, ≤150 km komşularının hepsi ispanya"
672,1831-01-04,1923-10-29,Mersa'l-Kebîr,fransa-cumhuriyet,3,Mersa'l-Kebîr+Oran+Tilimsan,Miliana,271.9,266.2,Sîdî Bel Abbès (OSMANLI),59.7,A-koridor,ÖLÇÜLEMEDİ,Ö-yabancı-koridor,ayni=2 deniz=1 sinirda=2 yabanci=11,7.7,,"koridorun 11/16 örneği yabancı (OSMANLI; üreten medyan 26 km) — gerçek olabilir, kaynak gerek"
673,1501-07-01,1736-03-08,Tarki (Tarku),safevi,2,Ağraham burnu+Tarki (Tarku),Gence,272.3,272.3,Terek deltası (Kızlar) (altinorda),115.4,A-koridor,ÖLÇÜLEMEDİ,Ö-yabancı-koridor,ayni=6 sinirda=3 yabanci=8,7.4,,"koridorun 8/17 örneği yabancı (sirvansah; üreten medyan 62 km) — gerçek olabilir, kaynak gerek"
674,1569-08-08,1584-05-03,Ayutthaya,toungoo,2,Ayutthaya+Lopburi,Phitsanulok,276.4,227.9,Suphan Buri (ayutthaya),51.0,A-koridor,ÖLÇÜLEMEDİ,Ö-yabancı-koridor,ayni=6 sinirda=2 yabanci=6,14.3,,"koridorun 6/14 örneği yabancı (ayutthaya; üreten medyan 61 km) — gerçek olabilir, kaynak gerek"
675,1371-09-26,1395-05-17,İştip (Štip),OSMANLI,5,Doyran+Köprülü (Veles)+Köstendil+Ustrumca (Strumica)+İştip (Štip),Gümülcine,276.5,225.2,Üsküp (sirbistan),69.4,A-koridor,ÖLÇÜLEMEDİ,Ö-yabancı-koridor,sinirda=2 yabanci=12,5.6,,"koridorun 12/14 örneği yabancı (sirbistan, bizans; üreten medyan 15 km) — gerçek olabilir, kaynak gerek"
676,1515-04-01,1622-05-01,Hürmüz Adası,portekiz,4,Hürmüz Adası+Kişm (Qeshm)+Ras el-Hayme (Cülfâr)+Şârika,Suhâr,281.6,174.1,Mînâb (safevi),77.5,A-koridor,ÖLÇÜLEMEDİ,Ö-yabancı-koridor,ayni=5 sinirda=3 yabanci=2,4.6,,"koridorun 2/10 örneği yabancı (umman; üreten medyan 75 km) — gerçek olabilir, kaynak gerek"
677,1830-01-01,1897-02-28,Fianarantsoa,merina,1,Fianarantsoa,Antananarivo,283.4,283.4,Ambositra (fransa-cumhuriyet),103.6,A-koridor,ÖLÇÜLEMEDİ,Ö-yabancı-koridor,ayni=6 sinirda=2 yabanci=9,9.2,,"koridorun 9/17 örneği yabancı (fransa-cumhuriyet; üreten medyan 38 km) — gerçek olabilir, kaynak gerek"
678,1892-01-01,1923-10-29,Uvira,belcika,1,Uvira,Kalemie,283.7,283.7,Gitega (Burundi) (burundi),86.6,A-koridor,ÖLÇÜLEMEDİ,Ö-yabancı-koridor,ayni=8 sinirda=2 yabanci=7,0.0,,"koridorun 7/17 örneği yabancı (almanya; üreten medyan 64 km) — gerçek olabilir, kaynak gerek"
679,1777-01-01,1783-09-03,Oneida,ingiltere,5,Cayuga+Mohawk (Kayenlaha'ke)+Oneida+Onondaga (İrokua Konfederasyon Merkezi)+Seneca (Ganondagan),Hartford,284.3,189.5,Fort Frontenac (Kingston) (ingiliz-kuzey-amerika),146.4,A-koridor,ÖLÇÜLEMEDİ,Ö-yabancı-koridor,ayni=4 sinirda=1 yabanci=6,6.7,,"koridorun 6/11 örneği yabancı (abd; üreten medyan 27 km) — gerçek olabilir, kaynak gerek"
680,1573-10-10,1574-09-12,Tunus,ispanya,2,Halkulvâdî+Tunus,Kalyari (Cagliari),284.7,284.7,Ğâru'l-Melh (Porto Farina) (hafsi),41.9,A-koridor,ÖLÇÜLEMEDİ,Ö-yabancı-koridor,deniz=14 sinirda=1 yabanci=2,11.8,,"koridorun 2/17 örneği yabancı (hafsi, OSMANLI; üreten medyan 17 km) — gerçek olabilir, kaynak gerek"
681,1466-01-01,1556-01-01,Ukek (Uvek),astarhan,1,Ukek (Uvek),Beldjamen,285.5,285.5,Petrovsk (Saratov) (altinorda),101.9,A-koridor,ÖLÇÜLEMEDİ,Ö-yabancı-koridor,ayni=7 sinirda=2 yabanci=9,7.0,,"koridorun 9/18 örneği yabancı (altinorda; üreten medyan 38 km) — gerçek olabilir, kaynak gerek · tek nokta, ≤150 km komşularının hepsi altinorda"
682,1515-04-01,1622-05-01,Kişm (Qeshm),portekiz,4,Hürmüz Adası+Kişm (Qeshm)+Ras el-Hayme (Cülfâr)+Şârika,Suhâr,286.0,174.1,Bender Lengeh (safevi),96.9,A-koridor,ÖLÇÜLEMEDİ,Ö-yabancı-koridor,ayni=5 sinirda=3 yabanci=2,4.6,,"koridorun 2/10 örneği yabancı (umman; üreten medyan 75 km) — gerçek olabilir, kaynak gerek"
683,1462-01-01,1507-01-01,Siirt,akkoyunlu,3,Diyarbakır+Hasankeyf+Siirt,Çemişgezek,292.0,172.3,Bitlis (karakoyunlu),54.4,A-koridor,ÖLÇÜLEMEDİ,Ö-yabancı-koridor,ayni=2 sinirda=2 yabanci=6,5.3,evet,"koridorun 6/10 örneği yabancı (dulkadir, artuklu; üreten medyan 30 km) — gerçek olabilir, kaynak gerek"
684,1555-04-17,1557-07-03,Siena,ispanya,1,Siena,Milano,292.9,292.9,Floransa (toskana),50.4,A-koridor,ÖLÇÜLEMEDİ,Ö-yabancı-koridor,ayni=1 sinirda=3 yabanci=14,18.7,,"koridorun 14/18 örneği yabancı (toskana, parma; üreten medyan 37 km) — gerçek olabilir, kaynak gerek"
685,1832-11-22,1844-03-04,Mesîle,abdulkadir,3,Bû Sa'âde+Dellîs+Mesîle,Şelif,293.3,236.6,Berc Bû Areric (OSMANLI),45.4,A-koridor,ÖLÇÜLEMEDİ,Ö-yabancı-koridor,deniz=11 sinirda=1 yabanci=2,17.4,,"koridorun 2/14 örneği yabancı (fransa-cumhuriyet; üreten medyan 17 km) — gerçek olabilir, kaynak gerek"
686,1890-11-04,1916-09-01,Mpvapva,almanya,3,Kilosa+Morogoro+Mpvapva,Pangani,293.6,212.5,Kalenga (Hehe) (hehe),186.7,A-koridor,ÖLÇÜLEMEDİ,Ö-yabancı-koridor,ayni=7 sinirda=2 yabanci=4,10.3,,"koridorun 4/13 örneği yabancı (umman-zengibar; üreten medyan 73 km) — gerçek olabilir, kaynak gerek"
687,1588-01-01,1923-10-29,Kaşev (Cacheu),portekiz,1,Kaşev (Cacheu),Gore (Gorée),300.0,300.0,Albreda-Cufure (gambiya-mandinka),120.6,A-koridor,ÖLÇÜLEMEDİ,Ö-yabancı-koridor,ayni=3 deniz=10 yabanci=5,29.2,,"koridorun 5/18 örneği yabancı (gambiya-mandinka; üreten medyan 41 km) — gerçek olabilir, kaynak gerek · tek nokta, ≤150 km komşularının hepsi gambiya-mandinka"
688,1899-04-09,1923-10-29,Hoima (Bunyoro),ingiltere,2,Hoima (Bunyoro)+Masindi,Bveranyange (Karagve),304.8,304.8,Fort Portal (Toro) (toro),146.6,B-bilinmiyor,ÖLÇÜLEMEDİ,Ö-yabancı-koridor,ayni=7 sinirda=3 yabanci=9,4.5,,"koridorun 9/19 örneği yabancı (nkore, toro; üreten medyan 75 km) — gerçek olabilir, kaynak gerek"
689,1600-08-28,1759-01-01,Ahmednagar,babur-imparatorlugu,1,Ahmednagar,Sûrat,305.4,305.4,Devagiri (Devletâbâd) (ahmednagar),106.5,B-bilinmiyor,ÖLÇÜLEMEDİ,Ö-yabancı-koridor,ayni=7 sinirda=2 yabanci=10,12.0,,"koridorun 10/19 örneği yabancı (ahmednagar; üreten medyan 43 km) — gerçek olabilir, kaynak gerek · tek nokta, ≤150 km komşularının hepsi ahmednagar"
690,1371-09-26,1395-05-17,Köprülü (Veles),OSMANLI,5,Doyran+Köprülü (Veles)+Köstendil+Ustrumca (Strumica)+İştip (Štip),Gümülcine,309.9,225.2,Üsküp (sirbistan),42.5,B-bilinmiyor,ÖLÇÜLEMEDİ,Ö-yabancı-koridor,sinirda=2 yabanci=12,5.6,,"koridorun 12/14 örneği yabancı (sirbistan, bizans; üreten medyan 15 km) — gerçek olabilir, kaynak gerek"
691,1448-01-01,1908-10-05,Saraybosna,OSMANLI,2,Saraybosna+Visoko,Debre (Dibra),311.8,311.8,Koniçe (Konjic) (bosna),42.7,B-bilinmiyor,ÖLÇÜLEMEDİ,Ö-yabancı-koridor,sinirda=2 yabanci=17,17.8,,"koridorun 17/19 örneği yabancı (bosna, sirbistan; üreten medyan 35 km) — gerçek olabilir, kaynak gerek"
692,1535-11-01,1714-03-07,Milano,ispanya,1,Milano,Besançon,312.9,312.9,Bergamo (venedik),46.0,B-bilinmiyor,ÖLÇÜLEMEDİ,Ö-yabancı-koridor,ayni=5 sinirda=3 yabanci=11,4.7,,"koridorun 11/19 örneği yabancı (isvicre, savoya; üreten medyan 34 km) — gerçek olabilir, kaynak gerek"
693,1849-01-01,1918-10-30,Zebîd,OSMANLI,3,Hudeyde+Moha+Zebîd,Zeyla,316.2,219.7,Taiz (yemen),102.4,B-bilinmiyor,ÖLÇÜLEMEDİ,Ö-yabancı-koridor,deniz=10 yabanci=3,,,"koridorun 3/13 örneği yabancı (adal; üreten medyan 25 km) — gerçek olabilir, kaynak gerek"
694,1849-01-01,1918-10-30,Hudeyde,OSMANLI,3,Hudeyde+Moha+Zebîd,Dahlak,318.0,219.7,Kemeran (Kamaran) (yemen),73.2,B-bilinmiyor,ÖLÇÜLEMEDİ,Ö-yabancı-koridor,deniz=10 yabanci=3,,,"koridorun 3/13 örneği yabancı (adal; üreten medyan 25 km) — gerçek olabilir, kaynak gerek"
695,1777-01-01,1783-09-03,Onondaga (İrokua Konfederasyon Merkezi),ingiltere,5,Cayuga+Mohawk (Kayenlaha'ke)+Oneida+Onondaga (İrokua Konfederasyon Merkezi)+Seneca (Ganondagan),Hartford,320.5,189.5,Fort Frontenac (Kingston) (ingiliz-kuzey-amerika),137.9,B-bilinmiyor,ÖLÇÜLEMEDİ,Ö-yabancı-koridor,ayni=4 sinirda=1 yabanci=6,6.7,,"koridorun 6/11 örneği yabancı (abd; üreten medyan 27 km) — gerçek olabilir, kaynak gerek"
696,1770-01-01,1803-10-17,Mathura,maratha,2,Agra+Mathura,Ecmîr (Ajmer),322.2,322.2,Bharatpûr (bharatpur-cat),35.5,B-bilinmiyor,ÖLÇÜLEMEDİ,Ö-yabancı-koridor,ayni=3 sinirda=2 yabanci=15,2.2,,"koridorun 15/20 örneği yabancı (racput, bharatpur-cat; üreten medyan 40 km) — gerçek olabilir, kaynak gerek"
697,1772-08-05,1871-01-18,Elbing (Elbląg),prusya,3,Elbing (Elbląg)+Klaipėda (Memel)+Königsberg,Stettin (Szczecin),328.9,328.9,Gdansk (lehistan),54.3,B-bilinmiyor,ÖLÇÜLEMEDİ,Ö-yabancı-koridor,ayni=8 sinirda=3 yabanci=9,4.6,,"koridorun 9/20 örneği yabancı (lehistan; üreten medyan 74 km) — gerçek olabilir, kaynak gerek"
698,1448-01-01,1908-10-05,Visoko,OSMANLI,2,Saraybosna+Visoko,Debre (Dibra),334.6,311.8,Koniçe (Konjic) (bosna),41.3,B-bilinmiyor,ÖLÇÜLEMEDİ,Ö-yabancı-koridor,sinirda=2 yabanci=17,17.8,,"koridorun 17/19 örneği yabancı (bosna, sirbistan; üreten medyan 35 km) — gerçek olabilir, kaynak gerek"
699,1426-01-01,1797-05-12,Brescia,venedik,5,Brescia+Padova+Udine+Venedik+Verona,Cres (Cherso),335.4,153.8,Bergamo (milanoduka),45.9,B-bilinmiyor,ÖLÇÜLEMEDİ,Ö-yabancı-koridor,ayni=1 deniz=2 sinirda=1 yabanci=5,0.7,,"koridorun 5/9 örneği yabancı (HABSBURG; üreten medyan 16 km) — gerçek olabilir, kaynak gerek"
700,1880-01-01,1895-01-01,Karonga,umman-zengibar,1,Karonga,Nkhotakota (Cumbe),336.0,336.0,Mbande (Ngonde) (ngonde),10.4,B-bilinmiyor,ÖLÇÜLEMEDİ,Ö-yabancı-koridor,ayni=10 yabanci=11,26.3,,"koridorun 11/21 örneği yabancı (ngonde; üreten medyan 88 km) — gerçek olabilir, kaynak gerek"
701,1899-04-09,1923-10-29,Masindi,ingiltere,2,Hoima (Bunyoro)+Masindi,Bveranyange (Karagve),338.5,304.8,Mengo (Buganda) (buganda),176.5,B-bilinmiyor,ÖLÇÜLEMEDİ,Ö-yabancı-koridor,ayni=7 sinirda=3 yabanci=9,4.5,,"koridorun 9/19 örneği yabancı (nkore, toro; üreten medyan 75 km) — gerçek olabilir, kaynak gerek"
702,1761-01-14,1803-10-17,Agra,maratha,1,Agra,Ecmîr (Ajmer),344.0,344.0,Mathura (babur-imparatorlugu),48.2,B-bilinmiyor,ÖLÇÜLEMEDİ,Ö-yabancı-koridor,ayni=3 sinirda=2 yabanci=16,1.9,,"koridorun 16/21 örneği yabancı (racput, bharatpur-cat; üreten medyan 41 km) — gerçek olabilir, kaynak gerek"
703,1777-01-01,1783-09-03,Cayuga,ingiltere,5,Cayuga+Mohawk (Kayenlaha'ke)+Oneida+Onondaga (İrokua Konfederasyon Merkezi)+Seneca (Ganondagan),Hartford,352.1,189.5,Fort Frontenac (Kingston) (ingiliz-kuzey-amerika),170.2,B-bilinmiyor,ÖLÇÜLEMEDİ,Ö-yabancı-koridor,ayni=4 sinirda=1 yabanci=6,6.7,,"koridorun 6/11 örneği yabancı (abd; üreten medyan 27 km) — gerçek olabilir, kaynak gerek"
704,1521-01-01,1740-01-01,Çaul (Chaul),portekiz,1,Çaul (Chaul),Goa,355.9,355.9,Bombay (gucerat-sultanligi),43.6,B-bilinmiyor,ÖLÇÜLEMEDİ,Ö-yabancı-koridor,ayni=5 sinirda=2 yabanci=15,6.1,,"koridorun 15/22 örneği yabancı (bicapur, ahmednagar; üreten medyan 77 km) — gerçek olabilir, kaynak gerek"
705,1830-07-05,1923-10-29,Tilimsan,fransa-cumhuriyet,1,Tilimsan,Miliana,357.4,357.4,Nedrûme (OSMANLI),41.9,B-bilinmiyor,ÖLÇÜLEMEDİ,Ö-yabancı-koridor,ayni=1 sinirda=3 yabanci=18,3.4,,"koridorun 18/22 örneği yabancı (OSMANLI; üreten medyan 28 km) — gerçek olabilir, kaynak gerek"
706,1830-07-05,1923-10-29,Miliana,fransa-cumhuriyet,5,Blida+Cezayir+Medea (Titteri)+Miliana+Şerşel (Cherchell),Tilimsan,357.4,357.4,Şelif (OSMANLI),81.8,B-bilinmiyor,ÖLÇÜLEMEDİ,Ö-yabancı-koridor,ayni=1 sinirda=3 yabanci=18,3.4,,"koridorun 18/22 örneği yabancı (OSMANLI; üreten medyan 28 km) — gerçek olabilir, kaynak gerek"
707,1895-01-01,1923-10-29,Bondugu (Gyaaman),ingiltere,1,Bondugu (Gyaaman),Elmina (São Jorge da Mina),365.6,365.6,Begho (Bighu) (gonja),59.1,B-bilinmiyor,ÖLÇÜLEMEDİ,Ö-yabancı-koridor,ayni=6 sinirda=2 yabanci=15,5.3,,"koridorun 15/23 örneği yabancı (asanti, gonja; üreten medyan 56 km) — gerçek olabilir, kaynak gerek"
708,1502-03-01,1556-01-01,Petrovsk (Saratov),astarhan,2,Petrovsk (Saratov)+Ukek (Uvek),Beldjamen,369.3,285.5,Penza (nogay),101.5,B-bilinmiyor,ÖLÇÜLEMEDİ,Ö-yabancı-koridor,ayni=7 sinirda=2 yabanci=9,7.0,,"koridorun 9/18 örneği yabancı (nogay; üreten medyan 38 km) — gerçek olabilir, kaynak gerek"
709,1830-07-05,1923-10-29,Şerşel (Cherchell),fransa-cumhuriyet,5,Blida+Cezayir+Medea (Titteri)+Miliana+Şerşel (Cherchell),Tilimsan,369.7,357.4,Tenes (OSMANLI),79.8,B-bilinmiyor,ÖLÇÜLEMEDİ,Ö-yabancı-koridor,ayni=1 sinirda=3 yabanci=18,3.4,,"koridorun 18/22 örneği yabancı (OSMANLI; üreten medyan 28 km) — gerçek olabilir, kaynak gerek"
710,1784-01-01,1803-09-04,Koil (Aligarh),maratha,3,Agra+Koil (Aligarh)+Mathura,Ecmîr (Ajmer),377.2,322.2,Bharatpûr (bharatpur-cat),95.9,B-bilinmiyor,ÖLÇÜLEMEDİ,Ö-yabancı-koridor,ayni=3 sinirda=2 yabanci=15,2.2,,"koridorun 15/20 örneği yabancı (racput, bharatpur-cat; üreten medyan 40 km) — gerçek olabilir, kaynak gerek"
711,1514-09-06,1514-09-15,Tebriz,OSMANLI,1,Tebriz,Siirt,381.6,381.6,Merend (safevi),59.8,B-bilinmiyor,ÖLÇÜLEMEDİ,Ö-yabancı-koridor,ayni=2 sinirda=5 yabanci=17,2.2,,"koridorun 17/24 örneği yabancı (safevi; üreten medyan 32 km) — gerçek olabilir, kaynak gerek · tek nokta, ≤150 km komşularının hepsi safevi; dönem 9 gün"
712,1916-11-06,1923-10-29,Darfur,ingiliz-sudani,1,Darfur,Ğubeyş,396.3,396.3,Kebkâbiye (ingiltere),18.9,B-bilinmiyor,ÖLÇÜLEMEDİ,Ö-yabancı-koridor,ayni=6 sinirda=4 yabanci=15,0.1,,"koridorun 15/25 örneği yabancı (ingiltere; üreten medyan 47 km) — gerçek olabilir, kaynak gerek · tek nokta, ≤150 km komşularının hepsi ingiltere"
713,1830-07-05,1923-10-29,Medea (Titteri),fransa-cumhuriyet,5,Blida+Cezayir+Medea (Titteri)+Miliana+Şerşel (Cherchell),Tilimsan,398.8,357.4,Tîzî Vezzû (Kabiliye) (OSMANLI),125.9,B-bilinmiyor,ÖLÇÜLEMEDİ,Ö-yabancı-koridor,ayni=1 sinirda=3 yabanci=18,3.4,,"koridorun 18/22 örneği yabancı (OSMANLI; üreten medyan 28 km) — gerçek olabilir, kaynak gerek"
714,1534-12-23,1665-02-18,Bombay,portekiz,2,Bombay+Çaul (Chaul),Goa,399.4,355.9,Raygad (ahmednagar),101.9,B-bilinmiyor,ÖLÇÜLEMEDİ,Ö-yabancı-koridor,ayni=5 sinirda=2 yabanci=15,6.1,,"koridorun 15/22 örneği yabancı (bicapur, ahmednagar; üreten medyan 77 km) — gerçek olabilir, kaynak gerek"
715,1554-01-01,1658-01-01,Nagapatnam,portekiz,1,Nagapatnam,Koçin (Kochi),403.2,403.2,Tranquebar (Tharangambadi) (nayak-devletleri),29.3,B-bilinmiyor,ÖLÇÜLEMEDİ,Ö-yabancı-koridor,ayni=5 sinirda=3 yabanci=17,16.7,,"koridorun 17/25 örneği yabancı (nayak-devletleri; üreten medyan 49 km) — gerçek olabilir, kaynak gerek"
716,1722-11-01,1735-06-19,Şamahı,OSMANLI,1,Şamahı,Doğubayazıt,405.9,405.9,Şâbüran (safevi),70.3,B-bilinmiyor,ÖLÇÜLEMEDİ,Ö-yabancı-koridor,ayni=2 sinirda=3 yabanci=21,5.0,,"koridorun 21/26 örneği yabancı (safevi; üreten medyan 42 km) — gerçek olabilir, kaynak gerek · tek nokta, ≤150 km komşularının hepsi safevi"
717,1705-01-01,1811-08-18,Semarang,hollanda-dogu-hint,1,Semarang,Batavia (Cakarta),406.2,406.2,Demak (mataram-sultanligi),25.9,B-bilinmiyor,ÖLÇÜLEMEDİ,Ö-yabancı-koridor,ayni=5 deniz=12 sinirda=3 yabanci=6,19.4,,"koridorun 6/26 örneği yabancı (mataram-sultanligi; üreten medyan 66 km) — gerçek olabilir, kaynak gerek · tek nokta, ≤150 km komşularının hepsi mataram-sultanligi"
718,1830-07-05,1923-10-29,Blida,fransa-cumhuriyet,5,Blida+Cezayir+Medea (Titteri)+Miliana+Şerşel (Cherchell),Tilimsan,413.8,357.4,Dellîs (OSMANLI),108.3,B-bilinmiyor,ÖLÇÜLEMEDİ,Ö-yabancı-koridor,ayni=1 sinirda=3 yabanci=18,3.4,,"koridorun 18/22 örneği yabancı (OSMANLI; üreten medyan 28 km) — gerçek olabilir, kaynak gerek"
719,1832-03-01,1923-10-29,Annaba,fransa-cumhuriyet,1,Annaba,Cezayir,419.2,419.2,Kalme (Guelma) (OSMANLI),57.4,B-bilinmiyor,ÖLÇÜLEMEDİ,Ö-yabancı-koridor,ayni=2 deniz=5 sinirda=2 yabanci=17,14.2,,"koridorun 17/26 örneği yabancı (OSMANLI; üreten medyan 22 km) — gerçek olabilir, kaynak gerek · tek nokta, ≤150 km komşularının hepsi OSMANLI"
720,1790-12-15,1923-10-29,Kannûr (Cannanore),ingiliz-hindistani,1,Kannûr (Cannanore),Vellor (Vellore),426.4,426.4,Kalikut (Kozhikode) (meysur),82.0,B-bilinmiyor,ÖLÇÜLEMEDİ,Ö-yabancı-koridor,ayni=3 sinirda=6 yabanci=18,19.5,,"koridorun 18/27 örneği yabancı (meysur; üreten medyan 56 km) — gerçek olabilir, kaynak gerek · tek nokta, ≤150 km komşularının hepsi meysur"
721,1529-01-01,1821-09-27,Antequera (Oaxaca),yeni-ispanya,1,Antequera (Oaxaca),San Cristóbal de las Casas (Ciudad Real),436.6,436.6,Zaachila (ispanya),10.3,B-bilinmiyor,ÖLÇÜLEMEDİ,Ö-yabancı-koridor,ayni=8 sinirda=2 yabanci=18,4.5,,"koridorun 18/28 örneği yabancı (ispanya; üreten medyan 75 km) — gerçek olabilir, kaynak gerek · tek nokta, ≤150 km komşularının hepsi ispanya"
722,1830-07-05,1923-10-29,Cezayir,fransa-cumhuriyet,5,Blida+Cezayir+Medea (Titteri)+Miliana+Şerşel (Cherchell),Tilimsan,445.8,357.4,Dellîs (OSMANLI),78.0,B-bilinmiyor,ÖLÇÜLEMEDİ,Ö-yabancı-koridor,ayni=1 sinirda=3 yabanci=18,3.4,,"koridorun 18/22 örneği yabancı (OSMANLI; üreten medyan 28 km) — gerçek olabilir, kaynak gerek"
723,1524-07-25,1527-01-01,Iximché,ispanya,1,Iximché,Potonchán (Santa María de la Victoria),457.3,457.3,Zaculeu (maya-sehir-devletleri),85.8,B-bilinmiyor,ÖLÇÜLEMEDİ,Ö-yabancı-koridor,ayni=10 sinirda=2 yabanci=17,4.7,,"koridorun 17/29 örneği yabancı (maya-sehir-devletleri; üreten medyan 89 km) — gerçek olabilir, kaynak gerek · tek nokta, ≤150 km komşularının hepsi maya-sehir-devletleri"
724,1561-03-29,1732-01-01,Mandu (Mândû),babur-imparatorlugu,2,Mandu (Mândû)+Uccayn (Ujjain),Ecmîr (Ajmer),463.9,381.7,Asîrgarh (farukiler),134.7,B-bilinmiyor,ÖLÇÜLEMEDİ,Ö-yabancı-koridor,ayni=11 sinirda=2 yabanci=11,0.5,,"koridorun 11/24 örneği yabancı (racput; üreten medyan 70 km) — gerçek olabilir, kaynak gerek"
725,1877-07-16,1878-07-13,Niğbolu,rusya,1,Niğbolu,Bender,499.5,499.5,Plevne (OSMANLI),39.0,B-bilinmiyor,ÖLÇÜLEMEDİ,Ö-yabancı-koridor,ayni=5 sinirda=2 yabanci=25,7.8,,"koridorun 25/32 örneği yabancı (romanya, OSMANLI; üreten medyan 27 km) — gerçek olabilir, kaynak gerek"
726,1830-01-01,1923-10-29,Ambositra,fransa-cumhuriyet,1,Ambositra,Tolanaro (Fort Dauphin),501.1,501.1,Fianarantsoa (merina),103.6,B-bilinmiyor,ÖLÇÜLEMEDİ,Ö-yabancı-koridor,ayni=11 sinirda=2 yabanci=19,13.0,,"koridorun 19/32 örneği yabancı (antemoro, merina; üreten medyan 72 km) — gerçek olabilir, kaynak gerek"
727,1348-06-09,1791-09-14,Avignon,papalik,1,Avignon,Bolonya,524.3,524.3,Aix-en-Provence (fransa),69.4,B-bilinmiyor,ÖLÇÜLEMEDİ,Ö-yabancı-koridor,ayni=1 bosluk=4 deniz=5 sinirda=3 yabanci=20,5.7,,"koridorun 20/33 örneği yabancı (fransa, ceneviz; üreten medyan 56 km) — gerçek olabilir, kaynak gerek"
728,1891-01-01,1923-10-29,Zomba,ingiltere,3,Blantyre+Mangoçi+Zomba,Salisbury (Harare),529.7,478.6,Mankhamba (Maravi) (umman-zengibar),150.4,B-bilinmiyor,ÖLÇÜLEMEDİ,Ö-yabancı-koridor,ayni=13 sinirda=2 yabanci=15,6.1,,"koridorun 15/30 örneği yabancı (portekiz; üreten medyan 70 km) — gerçek olabilir, kaynak gerek"
729,1877-12-10,1878-07-13,Plevne,rusya,2,Niğbolu+Plevne,Bender,538.1,499.5,Tırnova (OSMANLI),90.1,B-bilinmiyor,ÖLÇÜLEMEDİ,Ö-yabancı-koridor,ayni=5 sinirda=2 yabanci=25,7.8,,"koridorun 25/32 örneği yabancı (romanya, OSMANLI; üreten medyan 27 km) — gerçek olabilir, kaynak gerek"
730,1544-01-01,1741-06-12,Tabarka,ceneviz,1,Tabarka,Ayacyo (Ajaccio),553.6,553.6,Bâce (Béja) (hafsi),45.1,B-bilinmiyor,ÖLÇÜLEMEDİ,Ö-yabancı-koridor,ayni=1 deniz=20 yabanci=14,103.9,,"koridorun 14/35 örneği yabancı (ispanya; üreten medyan 40 km) — gerçek olabilir, kaynak gerek"
731,1383-01-01,1410-01-01,Zencan,timurlu,1,Zencan,Dihistan ovası (Meşhed-i Misriyân),568.3,568.3,Sultâniye (celayirli),39.1,B-bilinmiyor,ÖLÇÜLEMEDİ,Ö-yabancı-koridor,ayni=4 deniz=21 sinirda=2 yabanci=9,4.8,,"koridorun 9/36 örneği yabancı (gilan-kiya, celayirli; üreten medyan 37 km) — gerçek olabilir, kaynak gerek"
732,1891-01-01,1923-10-29,Mangoçi,ingiltere,3,Blantyre+Mangoçi+Zomba,Salisbury (Harare),583.8,478.6,Mankhamba (Maravi) (umman-zengibar),82.8,B-bilinmiyor,ÖLÇÜLEMEDİ,Ö-yabancı-koridor,ayni=13 sinirda=2 yabanci=15,6.1,,"koridorun 15/30 örneği yabancı (portekiz; üreten medyan 70 km) — gerçek olabilir, kaynak gerek"
733,1674-03-15,1676-10-01,Zhangzhou,san-fan,3,Fuzhou+Zeytun (Quanzhou)+Zhangzhou,Changsha,624.9,624.9,Amoy (Xiamen) (tungning),44.3,B-bilinmiyor,ÖLÇÜLEMEDİ,Ö-yabancı-koridor,ayni=15 sinirda=2 yabanci=22,3.6,,"koridorun 22/39 örneği yabancı (qing-hanedani; üreten medyan 75 km) — gerçek olabilir, kaynak gerek"
734,1894-01-01,1923-10-29,Albreda-Cufure,ingiltere,2,Albreda-Cufure+Bathurst (Banjul),Freetown,639.2,639.2,Kahone (Salum) (fransa-cumhuriyet),67.5,B-bilinmiyor,ÖLÇÜLEMEDİ,Ö-yabancı-koridor,ayni=3 deniz=17 sinirda=1 yabanci=18,2.4,,"koridorun 18/39 örneği yabancı (portekiz, fransa-cumhuriyet; üreten medyan 74 km) — gerçek olabilir, kaynak gerek"
735,1816-04-23,1923-10-29,Bathurst (Banjul),ingiltere,1,Bathurst (Banjul),Freetown,662.8,662.8,Albreda-Cufure (gambiya-mandinka),27.4,B-bilinmiyor,ÖLÇÜLEMEDİ,Ö-yabancı-koridor,deniz=22 yabanci=17,,,"koridorun 17/39 örneği yabancı (portekiz, gambiya-mandinka; üreten medyan 42 km) — gerçek olabilir, kaynak gerek"
736,1674-03-15,1676-10-01,Zeytun (Quanzhou),san-fan,3,Fuzhou+Zeytun (Quanzhou)+Zhangzhou,Changsha,680.5,624.9,Amoy (Xiamen) (tungning),72.7,B-bilinmiyor,ÖLÇÜLEMEDİ,Ö-yabancı-koridor,ayni=15 sinirda=2 yabanci=22,3.6,,"koridorun 22/39 örneği yabancı (qing-hanedani; üreten medyan 75 km) — gerçek olabilir, kaynak gerek"
737,1510-07-25,1530-03-24,Trablus,ispanya,1,Trablus,Kalyari (Cagliari),792.4,792.4,Zâviye (hafsi),46.0,B-bilinmiyor,ÖLÇÜLEMEDİ,Ö-yabancı-koridor,deniz=36 yabanci=3,,,"koridorun 3/39 örneği yabancı (hafsi; üreten medyan 27 km) — gerçek olabilir, kaynak gerek · tek nokta, ≤150 km komşularının hepsi hafsi"
738,1919-09-10,1923-03-15,Yazlofça (Yazlovets),itilaf-emaneti,1,Yazlofça (Yazlovets),Mliyet (Mljet),921.3,921.3,Çernovitz (Çernivtsi) (romanya-kralligi),82.0,C-hakiki,ÖLÇÜLEMEDİ,Ö-yabancı-koridor,ayni=2 sinirda=3 yabanci=34,5.4,evet,"koridorun 34/39 örneği yabancı (yugoslavya, isg:romanya-kralligi; üreten medyan 33 km) — gerçek olabilir, kaynak gerek"
739,1834-01-01,1923-10-29,Danangombe (Rozvi),ingiltere,2,Danangombe (Rozvi)+Khami,Durban,1154.0,1111.9,Umtali (Mutare) (manica),360.6,C-hakiki,ÖLÇÜLEMEDİ,Ö-yabancı-koridor,ayni=8 sinirda=1 yabanci=30,7.6,,"koridorun 30/39 örneği yabancı (venda, pedi; üreten medyan 97 km) — gerçek olabilir, kaynak gerek"
