ad,kaynak_dosya,lat,lon,ilk_donem,kriter_a,kriter_b,kriter_c,kriter_d,kova,thurayya_ad,thurayya_km,pleiades_ad,pleiades_km,pleiades_hassasiyet
Aachen,yerlesimler_avrupa.js,50.776,6.084,1281-01-01,0,0,0,0,TEMİZ-ÖLÇÜLDÜ,,,Aquae Granni,0.0,precise
Abbeville (Louisiana),yerlesimler_a78_amerika.js,29.9747,-92.1343,1850-01-01,1,0,0,0,ÖLÇÜLEMEDİ,,,,,
Abeşe (Abéché),yerlesimler_afrika2.js,13.83,20.83,1635-01-01,1,0,0,0,ÖLÇÜLEMEDİ,,,,,
Abrene (Pıtalovo),yerlesimler_a78_avrupa.js,57.067,27.917,1281-01-01,1,0,0,0,ÖLÇÜLEMEDİ,,,,,
Abrî (Mahas),yerlesimler_h2_afrika.js,20.803,30.352,1281-01-01,1,0,0,0,TEMİZ-ÖLÇÜLDÜ,,,Abri,2.0,precise
Absu (Hypsu),yerlesimler.js,40.44,30.215,1281-01-01,1,0,1,0,ÖLÇÜLEMEDİ,,,Hypia/Hipius (mountain),69.1,precise
Abâdân,yerlesimler.js,30.3392,48.3042,1281-01-01,0,0,0,0,TEMİZ-ÖLÇÜLDÜ,ʿAbbādān,2.9,Ābādān (settlement),3.2,precise
Acalán (Itzamkanac),yerlesimler_amerika.js,18.2,-90.9667,1281-01-01,1,0,0,0,ÖLÇÜLEMEDİ,,,,,
Acoma Pueblo (Sky City),yerlesimler_amerika.js,34.9903,-107.5814,1610-01-01,1,0,0,0,ÖLÇÜLEMEDİ,,,,,
Adana,yerlesimler.js,37.0,35.321,1281-01-01,0,0,0,0,TEMİZ-ÖLÇÜLDÜ,,,Adana/Antiochia ad Sarum,1.2,precise
Aden,yerlesimler.js,12.786,45.019,1281-01-01,0,0,0,0,TEMİZ-ÖLÇÜLDÜ,ʿAdan,2.4,Adane/Athenae/Eudaimon Arabia,2.7,precise
Adranos (Orhaneli),yerlesimler.js,39.905,28.988,1281-01-01,1,0,0,0,ÖLÇÜLEMEDİ,,,,,
Advâr (Tuvât),yerlesimler_h2_kuzeyafrika.js,27.874,-0.294,1281-01-01,1,0,0,0,ÖLÇÜLEMEDİ,,,,,
Ahar (Karadağ),yerlesimler.js,38.4772,47.07,1281-01-01,1,0,0,0,TEMİZ-ÖLÇÜLDÜ,Ahar,7.0,Aharawan,1.2,precise
Ahmîm,yerlesimler_afrika.js,26.564,31.745,1281-01-01,0,0,0,0,TEMİZ-ÖLÇÜLDÜ,Aḫmīm,1.5,Panopolis/Schmin,0.1,precise
Ahtapolu (Ahtopol),yerlesimler_ek24.js,42.099,27.937,1281-01-01,1,0,0,0,ÖLÇÜLEMEDİ,,,,,
Ahvaz,yerlesimler.js,31.32,48.6692,1281-01-01,0,0,0,0,TEMİZ-ÖLÇÜLDÜ,al-Ahwāz,2.3,Hurmizd Ardashir/[Suq al-Ahwaz],1.5,precise
Ahılkelek (Akhalkalaki),yerlesimler_ek28.js,41.403,43.484,1281-01-01,1,0,0,0,ÖLÇÜLEMEDİ,,,,,
Aitape (Eitape),yerlesimler_a78_okyanusya.js,-3.1374,142.3475,1906-01-01,1,0,0,0,ÖLÇÜLEMEDİ,,,,,
Aix-en-Provence,yerlesimler_avrupa.js,43.53,5.447,1281-01-01,0,0,0,0,TEMİZ-ÖLÇÜLDÜ,,,Col. Aquae Sextiae,0.4,precise
Ak-Meçit (Perovsk),yerlesimler_ortaasya3.js,44.85,65.51,1281-01-01,1,0,0,0,ÖLÇÜLEMEDİ,,,,,
Akbû (Benî Abbâs),yerlesimler_h2_kuzeyafrika.js,36.457,4.531,1281-01-01,1,0,0,0,TEMİZ-ÖLÇÜLDÜ,,,Akbou mausoleum,1.2,precise
Akhisar (Pamukova),yerlesimler.js,40.51,30.15,1281-01-01,1,0,0,0,ÖLÇÜLEMEDİ,,,,,
Akkirman,yerlesimler.js,46.1968,30.3431,1281-01-01,0,0,0,0,TEMİZ-ÖLÇÜLDÜ,,,Tyras/Ophioussa,0.7,precise
Akkâ,yerlesimler.js,32.928,35.082,1281-01-01,0,0,0,0,TEMİZ-ÖLÇÜLDÜ,ʿAkkaŧ,0.6,Ake/Ptolemais,0.8,precise
Akmola (Akmolinsk),yerlesimler_ortaasya3.js,51.13,71.43,1281-01-01,1,0,0,0,ÖLÇÜLEMEDİ,,,,,
Akra (Accra),yerlesimler_afrika2.js,5.55,-0.2,1650-01-01,1,0,0,0,ÖLÇÜLEMEDİ,,,,,
Aksaray,yerlesimler.js,38.3687,34.037,1281-01-01,0,0,0,0,TEMİZ-ÖLÇÜLDÜ,,,Garsaura/Col. Claudia Archelais/Koloneia,0.9,precise
Aksu (Tarım),yerlesimler_ortaasya3.js,41.17,80.26,1281-01-01,1,0,0,0,ÖLÇÜLEMEDİ,,,,,
Aksum,yerlesimler_afrika.js,14.128,38.723,1281-01-01,0,0,0,0,TEMİZ-ÖLÇÜLDÜ,,,A(u)xoume,0.7,precise
Akçahisar (Kruja),yerlesimler.js,41.509,19.793,1281-01-01,1,0,0,0,ÖLÇÜLEMEDİ,,,,,
Akşa (Akşinsk kalesi),yerlesimler_nokta_sibirya_0917.js,50.28105,113.287,1765-01-01,1,0,0,0,ÖLÇÜLEMEDİ,,,,,
Akşehir,yerlesimler.js,38.357,31.416,1281-01-01,0,0,0,0,TEMİZ-ÖLÇÜLDÜ,,,Philomelion,1.2,precise
Alacahisar (Kruševac),yerlesimler_serhat.js,43.58,21.327,1281-01-01,1,0,0,0,ÖLÇÜLEMEDİ,,,,,
Alanya,yerlesimler.js,36.5502,31.9997,1281-01-01,0,0,0,0,TEMİZ-ÖLÇÜLDÜ,,,Korakesion,1.9,precise
Alatna / Allakaket,yerlesimler_kamerika.js,66.564,-152.65,1281-01-01,1,0,0,0,ÖLÇÜLEMEDİ,,,,,
Alay vadisi (bölge),yerlesimler_a78_asya.js,39.73,73.25,1281-01-01,1,0,0,0,ÖLÇÜLEMEDİ,,,,,
Albany (Batı Avustralya),yerlesimler_a78_okyanusya.js,-35.0228,117.8814,1826-12-25,1,0,0,0,ÖLÇÜLEMEDİ,,,,,
Alcobaça (Tucuruí),yerlesimler_a78_amerika.js,-3.7657,-49.6773,1870-10-31,1,0,0,0,ÖLÇÜLEMEDİ,,,,,
Aleksandrovsk (Kuzey Sahalin),yerlesimler_ek13.js,50.9,142.16,1875-05-07,1,0,0,0,ÖLÇÜLEMEDİ,,,,,
Aleksandrovski Redut (Nushagak),yerlesimler_kamerika.js,58.8876,-158.508,1818-01-01,1,0,0,0,ÖLÇÜLEMEDİ,,,,,
Almalık (Almalığ),yerlesimler_ortaasya3.js,44.05,80.85,1281-01-01,1,0,0,1,ÖLÇÜLEMEDİ,,,,,
Almatı (Vernıy),yerlesimler_ek14.js,43.238,76.889,1281-01-01,1,0,0,0,ÖLÇÜLEMEDİ,,,,,
Almería,yerlesimler_avrupa.js,36.834,-2.464,1281-01-01,0,0,1,0,ÖLÇÜLEMEDİ,,,Almería,67.8,precise
Altay (Şara Sume),yerlesimler_ek20.js,47.87,88.12,1281-01-01,1,0,0,0,ÖLÇÜLEMEDİ,,,,,
Aluşta,yerlesimler_kirim.js,44.6764,34.4103,1281-01-01,0,0,0,0,TEMİZ-ÖLÇÜLDÜ,,,Alouston,0.1,precise
Amapá (Montenegro),yerlesimler_a78_amerika.js,2.0527,-50.7957,1901-10-22,1,0,0,0,ÖLÇÜLEMEDİ,,,,,
Amasya,yerlesimler.js,40.65,35.833,1281-01-01,0,0,0,0,TEMİZ-ÖLÇÜLDÜ,,,Amaseia,1.9,precise
Ambovombe (Antandroy),yerlesimler_afrika2.js,-25.17,46.09,1281-01-01,1,0,0,0,ÖLÇÜLEMEDİ,,,,,
Amiens,yerlesimler_avrupa.js,49.895,2.302,1281-01-01,0,0,0,0,TEMİZ-ÖLÇÜLDÜ,,,Samarobriva Ambianorum,0.3,precise
Amman,yerlesimler.js,31.949,35.933,1281-01-01,0,0,0,0,TEMİZ-ÖLÇÜLDÜ,ʿAmmān,2.4,Amman/Philadelpheia,0.7,precise
Amoy (Xiamen),yerlesimler_asya.js,24.4899,118.0841,1281-01-01,1,0,0,0,ÖLÇÜLEMEDİ,,,,,
Anabolu (Nauplion),yerlesimler.js,37.567,22.8,1281-01-01,1,0,0,0,TEMİZ-ÖLÇÜLDÜ,,,Nauplia,0.8,precise
Anadır (Anadyrsk),yerlesimler_sibirya.js,64.75,177.48,,1,1,0,0,ÖLÇÜLEMEDİ,,,,,
Anaktuvuk Geçidi (Nunamiut),yerlesimler_kamerika.js,68.143,-151.735,1281-01-01,1,0,0,0,ÖLÇÜLEMEDİ,,,,,
Anaktuvuk batısı — Noatak (Nautaaġmiut),yerlesimler_kamerika.js,67.57,-162.97,1281-01-01,1,0,0,0,ÖLÇÜLEMEDİ,,,,,
Ancona,yerlesimler_avrupa.js,43.617,13.517,1281-01-01,0,0,0,0,TEMİZ-ÖLÇÜLDÜ,,,Ancon(a),0.2,precise
Andros,yerlesimler.js,37.833,24.933,1281-01-01,0,0,1,0,ÖLÇÜLEMEDİ,,,Andros (island),7.4,precise
Angers,yerlesimler_avrupa.js,47.474,-0.554,1281-01-01,0,0,0,0,TEMİZ-ÖLÇÜLDÜ,,,Iuliomagus,0.7,precise
Angkor (Siem Reap),yerlesimler_asya.js,13.412,103.867,1281-01-01,1,0,0,0,TEMİZ-ÖLÇÜLDÜ,,,Angkor,4.3,precise
Ankara,yerlesimler.js,39.933,32.86,1134-01-01,0,0,0,0,TEMİZ-ÖLÇÜLDÜ,,,Ancyra (Galatia),1.2,precise
Annaba,yerlesimler.js,36.9,7.766,1281-01-01,0,0,0,0,TEMİZ-ÖLÇÜLDÜ,,,Hippo Regius,2.4,precise
Antakya,yerlesimler.js,36.202,36.161,1084-12-12,0,0,0,0,TEMİZ-ÖLÇÜLDÜ,Anṭākiyyaŧ,2.1,Antiochia/Theoupolis,3.0,precise
Antalya,yerlesimler.js,36.887,30.703,1207-03-05,0,0,0,0,TEMİZ-ÖLÇÜLDÜ,,,Attalea,0.5,precise
Antep,yerlesimler.js,37.066,37.383,1281-01-01,0,0,0,0,TEMİZ-ÖLÇÜLDÜ,,,Gaziantep,0.6,precise
Antequera (Oaxaca),yerlesimler_amerika.js,17.0732,-96.7266,1529-01-01,1,0,0,0,ÖLÇÜLEMEDİ,,,,,
Antigua Guatemala (Santiago de los Caballeros),yerlesimler_amerika.js,14.5586,-90.7295,1543-03-10,1,0,0,0,ÖLÇÜLEMEDİ,,,,,
Anvers (Antwerpen),yerlesimler_avrupa.js,51.22,4.4,1281-01-01,1,0,0,0,TEMİZ-ÖLÇÜLDÜ,,,Anvers,0.1,precise
Aosta,yerlesimler_a78_avrupa.js,45.737,7.32,1281-01-01,0,0,0,0,TEMİZ-ÖLÇÜLDÜ,,,Augusta Praetoria,0.3,precise
Aotearoa Māori Yerleşimi (Kuzey Adası içi),yerlesimler_ek30.js,-38.1,176.2,,1,0,0,0,ÖLÇÜLEMEDİ,,,,,
Araguaiana (Registro do Araguaia),yerlesimler_a78_amerika.js,-15.7291,-51.8341,1899-05-10,1,0,0,0,ÖLÇÜLEMEDİ,,,,,
Araranguá (Campinas),yerlesimler_a78_amerika.js,-28.9356,-49.4918,1864-03-19,1,1,0,0,ÖLÇÜLEMEDİ,,,,,
Arauco (Mapuche/Araukanya — kuzey sınır bölgesi),yerlesimler_amerika.js,-37.2464,-73.3175,1281-01-01,1,0,0,0,ÖLÇÜLEMEDİ,,,,,
Archidona (Napo),yerlesimler_gamerika.js,-0.91,-77.81,1536-01-01,1,0,0,0,ÖLÇÜLEMEDİ,,,,,
Arkot (Arcot),yerlesimler_asya.js,12.906,79.32,1281-01-01,1,0,0,0,ÖLÇÜLEMEDİ,,,,,
Arlon,yerlesimler_a78_avrupa.js,49.683,5.817,1281-01-01,0,0,0,0,TEMİZ-ÖLÇÜLDÜ,,,Orolaunum,0.1,precise
Arpaçay (Akyaka),yerlesimler_ek26.js,40.845,43.325,1281-01-01,1,0,0,0,ÖLÇÜLEMEDİ,,,,,
Arras,yerlesimler_avrupa.js,50.291,2.777,1281-01-01,0,0,0,0,TEMİZ-ÖLÇÜLDÜ,,,Nemetacum,0.2,precise
Arta,yerlesimler.js,39.161,20.985,1281-01-01,0,0,0,0,TEMİZ-ÖLÇÜLDÜ,,,Ambracia,0.8,precise
Arteaga (Michoacán),yerlesimler_a78_amerika.js,18.3583,-102.2911,1894-09-16,1,0,0,0,ÖLÇÜLEMEDİ,,,,,
Arusa (Arusha),yerlesimler_afrika2.js,-3.37,36.68,1900-01-01,1,0,0,0,ÖLÇÜLEMEDİ,,,,,
Arviat (Eskimo Point),yerlesimler_kamerika.js,61.108,-94.059,1281-01-01,1,0,0,0,ÖLÇÜLEMEDİ,,,,,
Arzila (Asilah),yerlesimler_ek3.js,35.466,-6.036,1281-01-01,1,0,0,0,TEMİZ-ÖLÇÜLDÜ,Azīlaŧ,14.1,Asilah,0.4,precise
Askalân,yerlesimler.js,31.6648,34.55052,,0,0,0,0,TEMİZ-ÖLÇÜLDÜ,ʿAsqalān,0.4,Ashqelon/Ascalon,0.0,precise
Asvan,yerlesimler.js,24.089,32.899,1281-01-01,0,0,0,0,TEMİZ-ÖLÇÜLDÜ,Uswān,8.7,Syene,0.3,precise
Asyut,yerlesimler.js,27.181,31.183,1281-01-01,0,0,0,0,TEMİZ-ÖLÇÜLDÜ,Asyūṭ,0.3,Lykopolis/Siout,0.1,precise
Asâyita (Avsa),yerlesimler_h2_afrika.js,11.567,41.44,1281-01-01,1,0,0,0,ÖLÇÜLEMEDİ,,,,,
Atfîh,yerlesimler_afrika.js,29.408,31.257,1281-01-01,0,0,0,0,GÜRÜLTÜ (yalnız al-Ṯurayyā 5–10 km),Aṭfīḥ,5.0,,,
Atâr (Adrar),yerlesimler_a78_afrika.js,20.518,-13.054,1909-01-01,1,0,0,0,ÖLÇÜLEMEDİ,,,,,
Augsburg,yerlesimler_avrupa.js,48.371,10.898,1281-01-01,0,0,0,0,TEMİZ-ÖLÇÜLDÜ,,,Augusta Vindelicum/Aelia Augusta,0.7,precise
Ava (İnwa),yerlesimler_asya.js,21.855,95.981,1364-01-01,1,0,0,0,ÖLÇÜLEMEDİ,,,,,
Avarua (Rarotonga),yerlesimler_a78_okyanusya.js,-21.2075,-159.7708,1888-01-01,1,0,0,0,ÖLÇÜLEMEDİ,,,,,
Aveiro (Tapajós),yerlesimler_a78_amerika.js,-3.6084,-55.3199,1781-01-01,1,0,0,0,ÖLÇÜLEMEDİ,,,,,
Avignon,yerlesimler_avrupa.js,43.949,4.806,1281-01-01,0,0,0,0,TEMİZ-ÖLÇÜLDÜ,,,Avennio,0.2,precise
Avlonya,yerlesimler.js,40.466,19.489,1281-01-01,0,0,0,0,TEMİZ-ÖLÇÜLDÜ,,,Aulon,2.5,precise
Avustralya İç Kesimi (Güney — Nullarbor/Güneybatı),yerlesimler_ek30.js,-31.5,129.0,,1,0,0,0,ÖLÇÜLEMEDİ,,,,,
Avustralya İç Kesimi (Kuzey — Arnhem Land),yerlesimler_ek30.js,-13.0,133.5,,1,0,0,0,ÖLÇÜLEMEDİ,,,,,
Avustralya İç Kesimi (Kuzeybatı — Kimberley),yerlesimler_ek30.js,-16.5,126.0,,1,0,0,0,ÖLÇÜLEMEDİ,,,,,
Avustralya İç Kesimi (Kuzeydoğu — Cape York),yerlesimler_ek30.js,-14.5,143.5,,1,0,0,0,ÖLÇÜLEMEDİ,,,,,
Avustralya İç Kesimi (Orta — Arrernte bölgesi),yerlesimler_ek30.js,-23.7,133.88,,1,0,0,0,ÖLÇÜLEMEDİ,,,,,
Ayacyo (Ajaccio),yerlesimler.js,41.9322,8.7391,1281-01-01,1,0,0,0,ÖLÇÜLEMEDİ,,,,,
Ayagöz (Sergiopol),yerlesimler_ortaasya3.js,47.96,80.43,1281-01-01,1,0,0,0,ÖLÇÜLEMEDİ,,,,,
Ayamavra (Lefkada),yerlesimler.js,38.716,20.643,1281-01-01,1,0,0,0,TEMİZ-ÖLÇÜLDÜ,,,Leucas (island),2.1,precise
Ayasaranda (Sarandë),yerlesimler_epir.js,39.875,20.0053,1281-01-01,1,0,0,0,ÖLÇÜLEMEDİ,,,,,
Ayasuluk (Selçuk),yerlesimler.js,37.951,27.368,1281-01-01,1,0,0,1,TEMİZ-ÖLÇÜLDÜ,,,Ephesus/Arsinoe(ia),2.5,precise
Aydonat (Paramythia),yerlesimler_epir.js,39.4667,20.5167,1281-01-01,1,0,0,0,TEMİZ-ÖLÇÜLDÜ,,,Paramythia,1.1,precise
Aydın,yerlesimler.js,37.845,27.84,1281-01-01,0,0,0,0,TEMİZ-ÖLÇÜLDÜ,,,Tralles/Dia/Seleuceia ad Maeandrum/Kaisareia,1.7,precise
Ayn el-Arab (Kobani),yerlesimler_ek25.js,36.891,38.353,1281-01-01,1,0,0,0,ÖLÇÜLEMEDİ,,,,,
Ayn el-Ğazâle (Bomba),yerlesimler_h2_kuzeyafrika.js,32.495,23.12,1281-01-01,1,0,0,0,ÖLÇÜLEMEDİ,,,,,
Aynaroz (Athos),yerlesimler.js,40.257,24.244,1281-01-01,1,0,0,0,ÖLÇÜLEMEDİ,,,Athos/Akte (peninsula),0.1,related
Aynı Sâlih (Tîdîkelt),yerlesimler_h2_kuzeyafrika.js,27.194,2.48,1281-01-01,1,0,0,0,ÖLÇÜLEMEDİ,,,,,
Azak,yerlesimler.js,47.113,39.423,1281-01-01,0,0,0,0,TEMİZ-ÖLÇÜLDÜ,,,Azov,3.0,precise
Azez (A'zâz),yerlesimler_ek25.js,36.586,37.045,1281-01-01,1,0,0,0,ÖLÇÜLEMEDİ,,,,,
Aşkale,yerlesimler_ek29.js,39.9214,40.6939,1281-01-01,0,0,0,0,TEMİZ-ÖLÇÜLDÜ,,,Sinara,0.2,precise
Ba'lebek (Baalbek),yerlesimler_ek29.js,34.0059,36.2181,1260-01-01,1,0,0,0,TEMİZ-ÖLÇÜLDÜ,Baʿlabakk,2.5,Heliopolis/Col. Iulia Augusta Felix,1.3,precise
Babadağı (Babadag),yerlesimler_ek29.js,44.8917,28.7169,1281-01-01,1,0,0,0,TEMİZ-ÖLÇÜLDÜ,,,Babadag,0.1,precise
Babine (Fort Kilmaurs),yerlesimler_kamerika.js,55.35,-126.7,1822-01-01,1,0,0,0,ÖLÇÜLEMEDİ,,,,,
Bacatá (Bogotá),yerlesimler_amerika.js,4.711,-74.0721,1281-01-01,1,0,0,0,ÖLÇÜLEMEDİ,,,,,
Bacirge (Esendere),yerlesimler_sinir_dogu.js,37.7114,44.601,1281-01-01,1,0,0,0,ÖLÇÜLEMEDİ,,,,,
Badajoz,yerlesimler_avrupa.js,38.879,-6.97,1281-01-01,0,0,0,0,TEMİZ-ÖLÇÜLDÜ,,,Badajoz,0.4,precise
Baf (Paphos),yerlesimler.js,34.776,32.424,1281-01-01,1,0,0,0,TEMİZ-ÖLÇÜLDÜ,,,(Nea) Paphos,2.6,precise
Bahriye (Bâvîtî),yerlesimler_afrika.js,28.349,28.864,1281-01-01,1,0,0,0,ÖLÇÜLEMEDİ,,,,,
Bakü,yerlesimler.js,40.372,49.867,1281-01-01,0,0,0,0,TEMİZ-ÖLÇÜLDÜ,Bākūh,0.8,Baku,2.9,precise
Balaklava (Cembalo),yerlesimler_kirim.js,44.5,33.5997,1281-01-01,1,0,0,0,ÖLÇÜLEMEDİ,,,,,
Balasagun (Ak-Beşim),yerlesimler_ortaasya3.js,42.76,75.24,1281-01-01,1,0,0,1,TEMİZ-ÖLÇÜLDÜ,,,,,
Balat (Palatia),yerlesimler.js,37.51,27.278,1281-01-01,1,0,0,1,TEMİZ-ÖLÇÜLDÜ,,,Miletus,2.3,precise
Bali (Klungkung),yerlesimler_asya.js,-8.65,115.216,1281-01-01,1,0,0,0,ÖLÇÜLEMEDİ,,,,,
Balyabadra (Patras),yerlesimler.js,38.246,21.735,1281-01-01,1,0,0,0,TEMİZ-ÖLÇÜLDÜ,,,Patra(e),0.4,precise
Balıkesir,yerlesimler.js,39.649,27.886,1281-01-01,0,0,1,0,ÖLÇÜLEMEDİ,,,Hadrianoutherai,5.2,precise
Banaba (Ocean Island),yerlesimler_a78_okyanusya.js,-0.8581,169.5351,1900-01-01,1,0,0,0,ÖLÇÜLEMEDİ,,,,,
Bangalor,yerlesimler_asya.js,12.972,77.594,1537-01-01,0,0,0,0,TEMİZ-ÖLÇÜLDÜ,,,Bangalore,0.5,precise
Bangi (Bangui),yerlesimler_afrika2.js,4.37,18.56,1889-06-26,1,0,0,0,ÖLÇÜLEMEDİ,,,,,
Bangkok (Tonburi),yerlesimler_asya.js,13.754,100.501,1767-12-28,1,0,0,0,ÖLÇÜLEMEDİ,,,,,
Bannu (Edwardesabad),yerlesimler_nokta_asya_0917.js,32.99,70.6,1848-01-01,1,0,0,0,ÖLÇÜLEMEDİ,,,,,
Bar (Podolya),yerlesimler.js,49.074,27.674,1281-01-01,1,0,0,0,ÖLÇÜLEMEDİ,,,,,
Baram (bölge),yerlesimler_a78_asya.js,4.18,114.32,1281-01-01,1,0,0,0,ÖLÇÜLEMEDİ,,,,,
Barcelos (Mariuá),yerlesimler_amerika3.js,-0.975,-62.9236,1758-01-01,1,0,0,0,ÖLÇÜLEMEDİ,,,,,
Bargiri (Muradiye),yerlesimler_ek_ferhadpasa.js,38.9931,43.7669,1281-01-01,1,0,0,0,TEMİZ-ÖLÇÜLDÜ,,,Muradiye,0.5,precise
Bari,yerlesimler_avrupa.js,41.117,16.871,1281-01-01,0,0,0,0,TEMİZ-ÖLÇÜLDÜ,,,Barium,1.4,precise
Barinas (Altamira de Cáceres),yerlesimler_nokta_amerika_0917.js,8.6226,-70.2075,1577-06-30,1,0,0,0,ÖLÇÜLEMEDİ,,,,,
Barito Hulu (bölge),yerlesimler_a78_asya.js,-0.95,114.89,1281-01-01,1,0,0,0,ÖLÇÜLEMEDİ,,,,,
Barkol (Balikun / Zhenxi),yerlesimler_nokta_asya_0917.js,43.6,93.02,1715-01-01,1,0,0,0,ÖLÇÜLEMEDİ,,,,,
Baroda (Vadodara),yerlesimler_hint0912.js,22.3072,73.1812,1281-01-01,1,0,0,0,ÖLÇÜLEMEDİ,,,,,
Barselona,yerlesimler.js,41.387,2.17,1281-01-01,0,0,0,0,TEMİZ-ÖLÇÜLDÜ,,,Col. Barcino,0.1,precise
Basel,yerlesimler_avrupa.js,47.559,7.588,1281-01-01,0,0,0,0,TEMİZ-ÖLÇÜLDÜ,,,Basilia,0.2,precise
Basra,yerlesimler.js,30.508,47.783,1281-01-01,0,0,1,1,ADAY,al-Baṣraŧ,13.4,[Basra],3.6,precise
Bastia (Korsika),yerlesimler.js,42.7,9.45,1281-01-01,1,0,0,0,ÖLÇÜLEMEDİ,,,,,
Batavia (Cakarta),yerlesimler_asya.js,-6.175,106.827,1619-05-30,1,0,0,0,ÖLÇÜLEMEDİ,,,,,
Bathurst (Banjul),yerlesimler_afrika2.js,13.4478,-16.5872,1816-04-23,1,0,0,0,ÖLÇÜLEMEDİ,,,,,
Batnoz (Patmos),yerlesimler.js,37.32,26.55,1281-01-01,1,0,0,0,TEMİZ-ÖLÇÜLDÜ,,,Patmos (island),1.2,precise
Batzulnetas (Ahtna),yerlesimler_kamerika.js,62.55,-143.6,1281-01-01,1,0,0,0,ÖLÇÜLEMEDİ,,,,,
Bau (Fiji Konfederasyonları),yerlesimler_ek30.js,-18.007,178.567,,1,0,0,0,ÖLÇÜLEMEDİ,,,,,
Bauci (Bauchi),yerlesimler_afrika2.js,10.31,9.84,1809-01-01,1,0,0,0,ÖLÇÜLEMEDİ,,,,,
Bayburt,yerlesimler_anadolu_0914.js,40.2552,40.2249,1202-01-01,0,0,0,0,TEMİZ-ÖLÇÜLDÜ,,,Sinoria/Baiberdon,0.4,precise
Bayonne,yerlesimler_avrupa.js,43.493,-1.475,1281-01-01,0,0,0,0,TEMİZ-ÖLÇÜLDÜ,,,Lapurdum,0.0,precise
Baç (Bács),yerlesimler.js,45.76,19.24,1281-01-01,1,0,0,0,ÖLÇÜLEMEDİ,,,,,
Bağdat,yerlesimler.js,33.34,44.361,1258-02-10,0,0,0,0,TEMİZ-ÖLÇÜLDÜ,,,Bagdata,2.2,precise
Başkale,yerlesimler_ek26.js,38.045,44.01,1281-01-01,0,0,0,0,TEMİZ-ÖLÇÜLDÜ,,,Başkale,0.7,precise
Başkurt toprakları (İdil-Ural),yerlesimler_sibirya2.js,56.0,58.5,1281-01-01,1,0,0,0,ÖLÇÜLEMEDİ,,,,,
Bedir,yerlesimler_ok107.js,23.78,38.79,1281-01-01,0,0,0,0,GÜRÜLTÜ (yalnız al-Ṯurayyā 5–10 km),Badr,6.0,,,
Begho (Bighu),yerlesimler_afrika2.js,7.75,-2.35,1550-01-01,1,0,0,0,ÖLÇÜLEMEDİ,,,,,
Behisni (Besni),yerlesimler.js,37.693,37.86,1281-01-01,1,0,0,0,TEMİZ-ÖLÇÜLDÜ,,,‘Octacuscum’,0.2,precise
Behnesâ,yerlesimler_afrika.js,28.535,30.65,1281-01-01,0,0,0,0,TEMİZ-ÖLÇÜLDÜ,Bahnasá,7.4,Oxyrhynchus/Pemje,0.9,precise
Behramkale (Assos),yerlesimler_ek23.js,39.4897,26.3376,1281-01-01,1,0,0,0,TEMİZ-ÖLÇÜLDÜ,,,Assos/Apollonia,0.1,precise
Beihai (Pakhoi),yerlesimler_asya.js,21.481,109.12,1281-01-01,1,0,0,0,ÖLÇÜLEMEDİ,,,,,
Belgrad,yerlesimler.js,44.818,20.457,1281-01-01,0,0,0,0,TEMİZ-ÖLÇÜLDÜ,,,Singidunum,0.6,precise
Belh,yerlesimler_ek16.js,36.758,66.897,1198-01-01,0,0,0,0,TEMİZ-ÖLÇÜLDÜ,Balḫ,3.2,Bactra/Zariaspa,1.2,precise
Bella Bella (Fort McLoughlin),yerlesimler_kamerika.js,52.1604,-128.1539,1833-01-01,1,0,0,0,ÖLÇÜLEMEDİ,,,,,
Bella Coola (Nuxalk),yerlesimler_kamerika.js,52.37,-126.7498,1281-01-01,1,0,0,0,ÖLÇÜLEMEDİ,,,,,
Bender Abbas (Gamrûn),yerlesimler.js,27.2,56.274,1622-05-01,1,0,0,0,TEMİZ-ÖLÇÜLDÜ,,,Bandar-e ʿAbbās,2.3,precise
Bender Kāsım (Bosaso),yerlesimler_afrika.js,11.284,49.183,1281-01-01,1,0,0,0,ÖLÇÜLEMEDİ,,,,,
Bengkulu (Bencoolen),yerlesimler_asya.js,-3.7961,102.2722,1281-01-01,1,0,0,0,ÖLÇÜLEMEDİ,,,,,
Benhâ (Kalyûbiye),yerlesimler_afrika.js,30.466,31.184,1281-01-01,1,0,0,0,TEMİZ-ÖLÇÜLDÜ,,,Athribis (Lower Egypt),0.5,precise
Benin Şehri (Edo),yerlesimler_e9353f.js,6.335,5.604,1281-01-01,1,0,0,0,ÖLÇÜLEMEDİ,,,,,
Benzert (Bizerte),yerlesimler_afrika.js,37.276,9.858,1281-01-01,1,0,0,0,GÜRÜLTÜ (yalnız al-Ṯurayyā 5–10 km),Banzart,5.1,,,
Benâres (Vârânasî),yerlesimler_asya.js,25.317,83.006,1281-01-01,1,0,0,0,ÖLÇÜLEMEDİ,,,,,
Benî Abbâs (Sâvre),yerlesimler_h2_kuzeyafrika.js,30.13,-2.17,1281-01-01,1,0,0,0,ÖLÇÜLEMEDİ,,,,,
Benî Velîd,yerlesimler_afrika.js,31.746,13.983,1281-01-01,0,0,0,0,TEMİZ-ÖLÇÜLDÜ,,,Bani Walid,3.3,precise
Berde (Karabağ),yerlesimler.js,40.3747,47.1281,1281-01-01,1,0,0,0,ÖLÇÜLEMEDİ,,,,,
Berdiçev (Berdychiv),yerlesimler_ukrayna_0916.js,49.894,28.582,1545-01-01,1,0,0,0,ÖLÇÜLEMEDİ,,,,,
Bergama,yerlesimler.js,39.121,27.18,1281-01-01,0,0,0,0,TEMİZ-ÖLÇÜLDÜ,,,Pergamum,1.3,precise
Bergamo,yerlesimler_avrupa.js,45.698,9.677,1281-01-01,0,0,0,0,TEMİZ-ÖLÇÜLDÜ,,,Bergomum,0.6,precise
Bern,yerlesimler_avrupa.js,46.948,7.447,1281-01-01,0,0,0,0,TEMİZ-ÖLÇÜLDÜ,,,Bern,3.3,precise
Bernard Harbour (Bakır İnuit),yerlesimler_kamerika.js,68.78,-114.79,1281-01-01,1,0,0,0,ÖLÇÜLEMEDİ,,,,,
Bertolínia (Aparecida),yerlesimler_a78_amerika.js,-7.6334,-43.9498,1856-01-10,1,0,0,0,ÖLÇÜLEMEDİ,,,,,
Bertua (Bertoua),yerlesimler_afrika2.js,4.58,13.68,1905-01-01,1,0,0,0,ÖLÇÜLEMEDİ,,,,,
Besançon,yerlesimler_avrupa.js,47.238,6.024,1281-01-01,0,0,0,0,TEMİZ-ÖLÇÜLDÜ,,,Vesontio,0.3,precise
Bethel (Mumtrekhlagamute),yerlesimler_kamerika.js,60.792,-161.756,1885-01-01,1,0,0,0,ÖLÇÜLEMEDİ,,,,,
"Beverly Gölü (Thelon, Karayer İnuit)",yerlesimler_kamerika.js,64.644,-100.5035,1281-01-01,1,0,0,0,ÖLÇÜLEMEDİ,,,,,
Beyan G7.5 B62.5,yerlesimler_gamerika.js,-7.5,-62.5,,0,1,0,0,ÖLÇÜLEMEDİ,,,,,
Beyrut,yerlesimler.js,33.888,35.495,1281-01-01,0,0,0,0,TEMİZ-ÖLÇÜLDÜ,Bayrūt,2.0,Beirut,1.9,precise
Beyzâ (Kirene),yerlesimler_afrika.js,32.827,21.858,1551-08-15,1,0,0,0,ÖLÇÜLEMEDİ,,,,,
Beşşâr (Béchar),yerlesimler_h2_kuzeyafrika.js,31.617,-2.216,1281-01-01,1,0,0,0,ÖLÇÜLEMEDİ,,,,,
Bhuc (Kutch),yerlesimler_asya.js,23.242,69.667,1510-01-01,1,0,0,0,ÖLÇÜLEMEDİ,,,,,
Bicâye,yerlesimler.js,36.751,5.056,1281-01-01,0,0,0,0,TEMİZ-ÖLÇÜLDÜ,Baǧāyaŧ,5.5,Saldae,1.1,precise
Bida (Nupe),yerlesimler_afrika2.js,9.08,6.01,1859-01-01,1,0,0,0,ÖLÇÜLEMEDİ,,,,,
Big Lick (Roanoke),yerlesimler_kamerika.js,37.271,-79.941,1740-01-01,1,0,0,0,ÖLÇÜLEMEDİ,,,,,
Big Trout Lake (Kitchenuhmaykoosib),yerlesimler_kamerika.js,53.8408,-89.8639,1807-01-01,1,0,0,0,ÖLÇÜLEMEDİ,,,,,
Bihaç (Bihać),yerlesimler_ek.js,44.817,15.871,1281-01-01,1,0,0,0,ÖLÇÜLEMEDİ,,,,,
Bilbîs (Şarkiye),yerlesimler_afrika.js,30.417,31.567,1281-01-01,1,0,0,0,TEMİZ-ÖLÇÜLDÜ,Bilbays,0.4,Bilbeis,0.9,precise
Biloxi (Fort Maurepas),yerlesimler_kamerika.js,30.396,-88.885,1699-04-08,1,0,0,0,ÖLÇÜLEMEDİ,,,,,
Bima (Sumbawa),yerlesimler_gdasya.js,-8.47,118.72,1281-01-01,1,0,0,0,ÖLÇÜLEMEDİ,,,,,
Bingazi,yerlesimler.js,32.117,20.068,1551-08-15,0,0,0,0,TEMİZ-ÖLÇÜLDÜ,,,Berenice,0.9,precise
Bintan (Riau),yerlesimler_gdasya.js,0.92,104.45,1281-01-01,1,0,0,0,ÖLÇÜLEMEDİ,,,,,
Birecik,yerlesimler_ek_bosluk.js,37.025,37.977,1281-01-01,0,0,0,0,TEMİZ-ÖLÇÜLDÜ,,,Birtha,0.2,precise
Birgi,yerlesimler.js,38.256,28.07,1281-01-01,0,0,0,0,TEMİZ-ÖLÇÜLDÜ,,,Dios Hieron,3.4,precise
Birlad (Bârlad),yerlesimler.js,46.23,27.667,1281-01-01,1,0,0,0,ÖLÇÜLEMEDİ,,,,,
Birni N'gazargamu,yerlesimler_e9353f.js,12.35,10.683,1465-01-01,1,0,0,0,ÖLÇÜLEMEDİ,,,,,
Bishop (Owens Vadisi Payutları),yerlesimler_kamerika.js,37.364,-118.395,1281-01-01,1,0,0,0,ÖLÇÜLEMEDİ,,,,,
Biskra,yerlesimler.js,34.85,5.728,1281-01-01,0,0,0,0,TEMİZ-ÖLÇÜLDÜ,Biskaraŧ,0.3,Vescera,0.7,precise
Bissav (Bissau),yerlesimler_afrika2.js,11.86,-15.6,1687-01-01,1,0,0,0,ÖLÇÜLEMEDİ,,,,,
Bistâm,yerlesimler.js,36.4831,55.01,1281-01-01,0,0,0,0,TEMİZ-ÖLÇÜLDÜ,Bisṭām,6.1,[Bistam],2.5,precise
Bitlis,yerlesimler.js,38.401,42.108,1209-01-01,0,0,0,0,TEMİZ-ÖLÇÜLDÜ,,,Cymiza/*Balaleisa/‘Balouos’,0.1,precise
Boca do Acre,yerlesimler_a78_amerika.js,-8.7423,-67.3919,1902-09-18,0,1,0,0,ÖLÇÜLEMEDİ,,,,,
Bodrum,yerlesimler.js,37.034,27.43,1402-01-01,0,0,0,0,TEMİZ-ÖLÇÜLDÜ,,,Halicarnassus/Halikarnassos,1.0,precise
Boise (Fort Boise),yerlesimler_kamerika.js,43.617,-116.2,1834-01-01,1,0,0,0,ÖLÇÜLEMEDİ,,,,,
Bolgrad (Bolhrad),yerlesimler_p0037.js,45.681,28.613,1821-01-01,1,0,0,0,ÖLÇÜLEMEDİ,,,,,
Bolu,yerlesimler.js,40.736,31.606,1281-01-01,0,0,0,0,TEMİZ-ÖLÇÜLDÜ,,,Bithynion/Claudiopolis/Hadriana,2.8,precise
Bom Jesus (Piauí),yerlesimler_a78_amerika.js,-9.0712,-44.359,1838-09-22,1,0,0,0,ÖLÇÜLEMEDİ,,,,,
Bondugu (Gyaaman),yerlesimler_afrika2.js,8.04,-2.8,1690-01-01,1,0,0,0,ÖLÇÜLEMEDİ,,,,,
Bonga (Kaffa),yerlesimler_afrika.js,7.283,36.233,1281-01-01,1,0,0,0,ÖLÇÜLEMEDİ,,,,,
Bonito (Mato Grosso do Sul),yerlesimler_a78_amerika.js,-21.1261,-56.4836,1915-11-11,1,0,0,0,ÖLÇÜLEMEDİ,,,,,
Borba (Madeira),yerlesimler_gamerika.js,-4.39,-59.59,1723-01-01,1,0,0,0,ÖLÇÜLEMEDİ,,,,,
Borja (Maynas),yerlesimler_gamerika.js,-4.47,-77.55,1619-01-01,1,0,0,0,ÖLÇÜLEMEDİ,,,,,
Bosna Brod'u (Bosanski Brod),yerlesimler_ek29.js,45.138,17.988,1281-01-01,1,0,0,0,ÖLÇÜLEMEDİ,,,,,
Bosna Dubiçası (Bosanska Dubica),yerlesimler_ek29.js,45.174,16.81,1281-01-01,1,0,0,0,ÖLÇÜLEMEDİ,,,,,
Bosna Novi'si (Bosanski Novi),yerlesimler_ek29.js,45.048,16.377,1281-01-01,1,0,0,0,ÖLÇÜLEMEDİ,,,,,
Bosque Redondo (Fort Sumner),yerlesimler_kamerika.js,34.47,-104.24,1863-01-01,1,0,0,0,ÖLÇÜLEMEDİ,,,,,
Boston (Massachusetts),yerlesimler_amerika.js,42.3601,-71.0589,1630-09-07,1,0,0,0,ÖLÇÜLEMEDİ,,,,,
Bourges,yerlesimler_avrupa.js,47.081,2.399,1281-01-01,0,0,0,0,TEMİZ-ÖLÇÜLDÜ,,,Avaricum/Biturigae,0.2,precise
Bozbaba (Ay Strati),yerlesimler.js,39.521,25.006,1281-01-01,1,0,0,0,ÖLÇÜLEMEDİ,,,,,
Bozcaada,yerlesimler.js,39.833,26.045,1281-01-01,0,0,0,0,TEMİZ-ÖLÇÜLDÜ,,,Tenedos (island),1.6,precise
Bozkır (Deşt-i Kıpçak),yerlesimler.js,48.5,42.0,1281-01-01,1,0,0,0,ÖLÇÜLEMEDİ,,,,,
Boğaziçi (Rumeli yakası),yerlesimler_ek2.js,41.15,29.05,1281-01-01,1,0,0,0,ÖLÇÜLEMEDİ,,,,,
Brakya (Brač),yerlesimler.js,43.323,16.644,1281-01-01,1,0,0,0,TEMİZ-ÖLÇÜLDÜ,,,Brattia (island),0.8,precise
Braslav (Bratslav),yerlesimler_ukrayna_0916.js,48.823,28.938,1400-01-01,1,0,0,0,ÖLÇÜLEMEDİ,,,,,
Brassó (Braşov),yerlesimler_ek29.js,45.6427,25.5887,1281-01-01,1,0,0,0,ÖLÇÜLEMEDİ,,,,,
Brescia,yerlesimler_avrupa.js,45.539,10.221,1281-01-01,0,0,0,0,TEMİZ-ÖLÇÜLDÜ,,,Brixia,0.2,precise
Breslau (Wrocław),yerlesimler.js,51.11,17.032,1281-01-01,1,0,0,0,ÖLÇÜLEMEDİ,,,,,
Brindisi,yerlesimler.js,40.639,17.945,1281-01-01,0,0,0,0,TEMİZ-ÖLÇÜLDÜ,,,Brundisium/Brentesion,0.2,precise
Brisbane,yerlesimler_ek30.js,-27.4698,153.0251,1824-01-01,0,1,0,0,ADAY-BEYAN (kaydın kendi notu),,,,,
Brixen (Bressanone),yerlesimler_a78_avrupa.js,46.715,11.656,1281-01-01,1,0,0,0,TEMİZ-ÖLÇÜLDÜ,,,Bressanone,0.1,precise
Broaç (Bharuch),yerlesimler_asya.js,21.7153,72.995,1281-01-01,1,0,0,0,TEMİZ-ÖLÇÜLDÜ,,,Barygaza,2.0,precise
Brochet (Ren Geyiği Gölü),yerlesimler_kamerika.js,57.8943,-101.6614,1859-01-01,1,0,0,0,ÖLÇÜLEMEDİ,,,,,
Broumov (Braunau),yerlesimler.js,50.586,16.331,1281-01-01,1,0,0,0,ÖLÇÜLEMEDİ,,,,,
Brüj (Brugge),yerlesimler_avrupa.js,51.209,3.225,1281-01-01,1,0,0,0,TEMİZ-ÖLÇÜLDÜ,,,Brugge,0.0,precise
Buake (Bouaké),yerlesimler_afrika2.js,7.69,-5.03,1281-01-01,1,0,0,0,ÖLÇÜLEMEDİ,,,,,
Buar (Bouar),yerlesimler_afrika2.js,5.94,15.6,1281-01-01,1,0,0,0,ÖLÇÜLEMEDİ,,,,,
Budin,yerlesimler.js,47.498,19.04,1281-01-01,1,0,0,0,TEMİZ-ÖLÇÜLDÜ,,,Buda,0.1,precise
Buffalo Lake / Battle River (Métis),yerlesimler_kamerika.js,52.47,-112.9,1872-01-01,1,0,0,0,ÖLÇÜLEMEDİ,,,,,
Buhara,yerlesimler_ek14.js,39.7681,64.421,1281-01-01,0,0,1,0,TEMİZ-ÖLÇÜLDÜ,Buḫāraŧ,10.1,Bukhara,0.2,precise
Bulebane (Bundu),yerlesimler_afrika2.js,14.32,-12.7,1690-01-01,1,0,0,0,ÖLÇÜLEMEDİ,,,,,
Bulgar (Bolgar),yerlesimler_h2_rusya.js,54.976,49.03,1281-01-01,1,0,1,1,TEMİZ-ÖLÇÜLDÜ,Bulġār,18.6,Bolgar,1.7,precise
Buna (Bouna),yerlesimler_afrika2.js,9.27,-3.0,1690-01-01,1,0,0,0,ÖLÇÜLEMEDİ,,,,,
Bunkeya (Yeke),yerlesimler_afrika2.js,-10.41,26.94,1856-01-01,1,0,0,0,ÖLÇÜLEMEDİ,,,,,
Buraydâ (Kasîm),yerlesimler.js,26.3594,43.9814,1744-01-01,1,0,0,0,ÖLÇÜLEMEDİ,,,,,
Burdur,yerlesimler.js,37.72,30.29,1281-01-01,0,0,0,0,TEMİZ-ÖLÇÜLDÜ,,,[Praetoria],1.8,precise
Bure (Gocam),yerlesimler_h2_afrika.js,10.7,37.067,1281-01-01,1,0,0,0,ÖLÇÜLEMEDİ,,,,,
Burgos,yerlesimler_avrupa.js,42.344,-3.697,1281-01-01,0,0,0,0,TEMİZ-ÖLÇÜLDÜ,,,Burgos,0.0,precise
Bursa,yerlesimler.js,40.188,29.061,1281-01-01,0,0,0,0,TEMİZ-ÖLÇÜLDÜ,,,Prusa,0.6,precise
Buryat toprakları (Selenge havzası),yerlesimler_sibirya.js,53.0,110.0,1281-01-01,1,0,0,0,ÖLÇÜLEMEDİ,,,,,
Burûcird,yerlesimler.js,33.8972,48.7514,1281-01-01,0,1,0,0,GÜRÜLTÜ (yalnız al-Ṯurayyā 5–10 km),Burūǧird,5.4,,,
Busa (Borgu),yerlesimler_afrika2.js,10.2,4.5,1281-01-01,1,0,0,0,ÖLÇÜLEMEDİ,,,,,
Butrint (Butrinto),yerlesimler_epir.js,39.7458,20.0206,1281-01-01,1,0,0,0,TEMİZ-ÖLÇÜLDÜ,,,Bouthroton,0.0,precise
Buşehr,yerlesimler.js,28.9684,50.8385,1734-01-01,0,0,1,0,ÖLÇÜLEMEDİ,,,[Bushahr]/Antiocheia in Persis,6.1,precise
Bveranyange (Karagve),yerlesimler_afrika2.js,-1.3,31.1,1450-01-01,1,0,0,0,ÖLÇÜLEMEDİ,,,,,
Bytown (Ottawa),yerlesimler_kamerika.js,45.421,-75.7,1826-01-01,1,0,0,0,ÖLÇÜLEMEDİ,,,,,
Bâce (Béja),yerlesimler_afrika.js,36.733,9.183,1281-01-01,1,0,0,0,TEMİZ-ÖLÇÜLDÜ,Bāǧaŧ,6.5,Vaga,0.7,precise
Bâdis (Peñón de Vélez),yerlesimler_h2_kuzeyafrika.js,35.1727,-4.3007,1281-01-01,1,0,0,0,ÖLÇÜLEMEDİ,,,,,
Bâlâsor (Balasore),yerlesimler_asya.js,21.494,86.933,1281-01-01,1,0,0,0,ÖLÇÜLEMEDİ,,,,,
Bârfurûş (Bâbil),yerlesimler.js,36.5461,52.6789,1281-01-01,1,0,0,0,ÖLÇÜLEMEDİ,,,,,
Bîcâpur (Bijapur),yerlesimler_asya.js,16.827,75.71,1281-01-01,1,0,0,0,ÖLÇÜLEMEDİ,,,,,
Bîdar,yerlesimler_asya.js,17.913,77.52,1281-01-01,1,0,0,1,TEMİZ-ÖLÇÜLDÜ,,,,,
Böğürdelen (Šabac),yerlesimler.js,44.75,19.694,1281-01-01,1,0,0,0,TEMİZ-ÖLÇÜLDÜ,,,Šabac,0.6,precise
Bürüllüs (Baltîm),yerlesimler_afrika.js,31.556,31.09,1281-01-01,1,0,1,0,GÜRÜLTÜ (yalnız al-Ṯurayyā 5–10 km),Burullus,9.5,Paralios Limne,23.3,precise
Büyük Ovalar (orta kesim),yerlesimler_amerika.js,43.0,-100.0,,1,0,0,0,ÖLÇÜLEMEDİ,,,,,
Cabalpûr (Jabalpur),yerlesimler_asya.js,23.181,79.987,1281-01-01,1,0,0,0,ÖLÇÜLEMEDİ,,,,,
Cabo Juby (Tarfaya),yerlesimler_a78_afrika.js,27.94,-12.925,1916-01-01,1,0,0,0,ÖLÇÜLEMEDİ,,,,,
Caen,yerlesimler_avrupa.js,49.183,-0.37,1281-01-01,0,0,0,0,TEMİZ-ÖLÇÜLDÜ,,,Caen,0.7,precise
Caetité (Vila Nova do Príncipe),yerlesimler_nokta_amerika_0917.js,-14.0694,-42.4861,1754-01-01,1,0,0,0,ÖLÇÜLEMEDİ,,,,,
Cahors,yerlesimler_avrupa.js,44.448,1.441,1281-01-01,0,0,0,0,TEMİZ-ÖLÇÜLDÜ,,,Divona,0.2,precise
Caiapônia (Torres do Rio Bonito),yerlesimler_a78_amerika.js,-16.9539,-51.8091,1855-11-05,1,0,0,0,ÖLÇÜLEMEDİ,,,,,
Cajamarca,yerlesimler_amerika.js,-7.1611,-78.5127,1465-01-01,0,1,0,0,ÖLÇÜLEMEDİ,,,,,
Calabozo (Villa de Nuestra Señora de la Candelaria),yerlesimler_nokta_amerika_0917.js,8.9239,-67.4294,1724-02-01,1,0,0,0,ÖLÇÜLEMEDİ,,,,,
Camagüey bölgesi (Taino),yerlesimler_amerika.js,21.3808,-77.9169,1514-01-01,1,0,0,0,ÖLÇÜLEMEDİ,,,,,
Camas Ovası (Kuzey Şoşoni),yerlesimler_kamerika.js,42.9,-115.0,1281-01-01,1,0,0,0,ÖLÇÜLEMEDİ,,,,,
Cambala (Djambala),yerlesimler_afrika2.js,-2.54,14.75,1900-01-01,1,0,0,0,ÖLÇÜLEMEDİ,,,,,
Cametá (Tocantins),yerlesimler_gamerika.js,-2.24,-49.5,1635-01-01,1,0,0,0,ÖLÇÜLEMEDİ,,,,,
Cammû (Jammu),yerlesimler_asya.js,32.734,74.869,1281-01-01,1,0,0,0,ÖLÇÜLEMEDİ,,,,,
Campbell Town (Tazmanya),yerlesimler_a78_okyanusya.js,-41.93,147.49,1821-01-01,1,0,0,0,ÖLÇÜLEMEDİ,,,,,
Campeche (San Francisco de Campeche),yerlesimler_amerika.js,19.8301,-90.5349,1540-10-04,1,0,0,0,ÖLÇÜLEMEDİ,,,,,
Canelos (Bobonaza),yerlesimler_gamerika.js,-1.58,-77.75,1712-01-01,1,0,0,0,ÖLÇÜLEMEDİ,,,,,
Caracas (Santiago de León de Caracas),yerlesimler_amerika.js,10.4806,-66.9036,1567-07-25,1,0,0,0,ÖLÇÜLEMEDİ,,,,,
Cardiff,yerlesimler_avrupa.js,51.482,-3.179,1281-01-01,0,0,0,0,TEMİZ-ÖLÇÜLDÜ,,,Tamion?,0.1,precise
Carlsbad (Eddy),yerlesimler_a78_amerika.js,32.4207,-104.2288,1893-01-01,1,0,0,0,ÖLÇÜLEMEDİ,,,,,
Carolina (Maranhão),yerlesimler_a78_amerika.js,-7.3358,-47.4634,1831-10-25,1,0,0,0,ÖLÇÜLEMEDİ,,,,,
Carora,yerlesimler_a78_amerika.js,10.1692,-70.0783,1572-06-19,0,1,0,0,ÖLÇÜLEMEDİ,,,,,
Cartagena,yerlesimler_avrupa.js,37.606,-0.986,1281-01-01,0,0,0,0,TEMİZ-ÖLÇÜLDÜ,,,Carthago Nova/Col. Urbs Iulia,0.4,precise
Cartago (Valle del Cauca),yerlesimler_a78_amerika.js,4.7469,-75.9119,1691-04-21,1,1,0,0,ÖLÇÜLEMEDİ,,,,,
"Cartwright (Sandwich Körfezi, Labrador)",yerlesimler_kamerika.js,53.7,-57.02,1775-01-01,1,0,0,0,ÖLÇÜLEMEDİ,,,,,
Caruru (Vaupés),yerlesimler_gamerika.js,1.02,-71.28,1852-01-01,1,0,0,0,ÖLÇÜLEMEDİ,,,,,
Castro (Chiloé),yerlesimler_gamerika.js,-42.481,-73.762,1567-02-01,1,0,0,0,ÖLÇÜLEMEDİ,,,,,
Catanduvas (Paraná),yerlesimler_a78_amerika.js,-25.2044,-53.1548,1914-03-14,1,0,0,0,ÖLÇÜLEMEDİ,,,,,
Cavnpur (Jaunpur),yerlesimler_asya.js,25.75,82.684,1359-01-01,1,0,0,0,ÖLÇÜLEMEDİ,,,,,
Caxias do Sul (Colônia de Caxias),yerlesimler_nokta_amerika_0917.js,-29.1678,-51.1794,1875-01-01,1,0,0,0,ÖLÇÜLEMEDİ,,,,,
Caypûr (Jaipur),yerlesimler_asya.js,26.912,75.787,1727-01-01,1,0,0,0,ÖLÇÜLEMEDİ,,,,,
Cebelitarık (Gibraltar),yerlesimler_avrupa.js,36.14,-5.353,1281-01-01,1,0,0,0,TEMİZ-ÖLÇÜLDÜ,,,Calpe (mountain),1.5,precise
Ceccu (Jeju),yerlesimler_asya.js,33.5,126.531,1281-01-01,1,0,0,0,ÖLÇÜLEMEDİ,,,,,
Cehol (Chengde),yerlesimler_asya.js,40.976,117.939,1703-01-01,1,0,0,0,ÖLÇÜLEMEDİ,,,,,
Cehrom,yerlesimler.js,28.5,53.56,1281-01-01,0,0,0,0,GÜRÜLTÜ (yalnız al-Ṯurayyā 5–10 km),Ǧahram,5.3,,,
Cempoala (Zempoala),yerlesimler_amerika.js,19.4139,-96.3925,1281-01-01,1,0,0,0,ÖLÇÜLEMEDİ,,,,,
Cenne (Djenné),yerlesimler_e9353f.js,13.906,-4.555,1473-01-01,1,0,0,0,ÖLÇÜLEMEDİ,,,,,
Cenova,yerlesimler.js,44.4087,8.9347,1281-01-01,0,0,0,0,TEMİZ-ÖLÇÜLDÜ,,,Genua,0.4,precise
Cerablus,yerlesimler_ek25.js,36.825,38.014,1281-01-01,0,0,0,0,TEMİZ-ÖLÇÜLDÜ,Ǧarabuluṣ,1.3,,,
Cerbe (Djerba),yerlesimler.js,33.807,10.856,1281-01-01,1,0,0,0,TEMİZ-ÖLÇÜLDÜ,,,Meninx/Lotophagitis/Girba (island),3.8,precise
Cerciş (Zarzis),yerlesimler_afrika.js,33.504,11.112,1281-01-01,1,0,0,0,ÖLÇÜLEMEDİ,,,,,
Cetin (Cetingrad),yerlesimler_ek29.js,45.138,15.732,1281-01-01,1,0,0,0,ÖLÇÜLEMEDİ,,,,,
Cetinje,yerlesimler.js,42.391,18.914,1482-01-01,1,0,0,0,ÖLÇÜLEMEDİ,,,,,
Cezayir,yerlesimler.js,36.753,3.059,1281-01-01,0,0,0,0,TEMİZ-ÖLÇÜLDÜ,,,Icosium,1.8,precise
Cezîr (Sevkıra),yerlesimler_h2_afrika.js,18.161,56.537,1281-01-01,1,0,0,0,ÖLÇÜLEMEDİ,,,,,
"Charleston (Batı Virjinya, Kanawha)",yerlesimler_kamerika.js,38.35,-81.633,1788-01-01,1,0,0,0,ÖLÇÜLEMEDİ,,,,,
Charleston (Charles Town),yerlesimler_amerika.js,32.7839,-79.9343,1670-04-15,1,0,0,0,ÖLÇÜLEMEDİ,,,,,
Chaves (Marajó),yerlesimler_nokta_amerika_0917.js,-0.1644,-49.987,1758-01-01,1,0,0,0,ÖLÇÜLEMEDİ,,,,,
Chenzhou (Hunan),yerlesimler_nokta_asya_0917.js,25.77,113.01,1281-01-01,1,0,0,0,ÖLÇÜLEMEDİ,,,,,
Chequamegon (La Pointe),yerlesimler_kamerika.js,46.7816,-90.7862,1665-01-01,1,0,0,0,ÖLÇÜLEMEDİ,,,,,
Cherbourg,yerlesimler_avrupa.js,49.64,-1.616,1281-01-01,0,0,0,0,TEMİZ-ÖLÇÜLDÜ,,,Coriallum,0.3,precise
Cheyenne (Wyoming),yerlesimler_kamerika.js,41.14,-104.82,1867-07-04,1,0,0,0,ÖLÇÜLEMEDİ,,,,,
Chełm (Kholm),yerlesimler_p0037.js,51.1431,23.4716,1281-01-01,1,0,0,0,ÖLÇÜLEMEDİ,,,,,
Chiang Hung (Jinghong),yerlesimler_a78_asya.js,22.01,100.8,1281-01-01,1,0,0,0,ÖLÇÜLEMEDİ,,,,,
Chicago (Fort Dearborn),yerlesimler_kamerika.js,41.878,-87.63,1803-01-01,1,0,0,0,ÖLÇÜLEMEDİ,,,,,
Chifeng (Ulanhad),yerlesimler_nokta_asya_0917.js,42.27,118.96,1738-01-01,1,0,0,0,ÖLÇÜLEMEDİ,,,,,
Chignik (Alaska Yarımadası),yerlesimler_kamerika.js,56.3,-158.4,1281-01-01,1,0,0,0,ÖLÇÜLEMEDİ,,,,,
Chihuahua (San Felipe el Real),yerlesimler_amerika3.js,28.6353,-106.0889,1709-10-12,1,0,0,0,ÖLÇÜLEMEDİ,,,,,
Chillicothe (Şavni),yerlesimler_kamerika.js,39.333,-82.983,1281-01-01,1,0,0,0,ÖLÇÜLEMEDİ,,,,,
Chilpancingo (Guerrero),yerlesimler_kamerika.js,17.551,-99.5,1591-01-01,1,0,0,0,ÖLÇÜLEMEDİ,,,,,
Chisasibi (Fort George),yerlesimler_kamerika.js,53.789,-78.983,1803-01-01,1,0,0,0,ÖLÇÜLEMEDİ,,,,,
Chota (Cherokee Overhill Başkenti),yerlesimler_amerika.js,35.6389,-84.1727,1281-01-01,1,0,0,0,ÖLÇÜLEMEDİ,,,,,
Cibri (Güçlü),yerlesimler_sinir_guney.js,37.27593,42.09814,1281-01-01,1,0,0,0,ÖLÇÜLEMEDİ,,,,,
Cicel,yerlesimler_afrika.js,36.821,5.766,1281-01-01,0,0,1,0,ÖLÇÜLEMEDİ,Ǧīǧil,6.8,Cuicul,55.7,precise
Cidde,yerlesimler.js,21.543,39.173,1281-01-01,0,0,0,0,GÜRÜLTÜ (yalnız al-Ṯurayyā 5–10 km),Ǧuddaŧ,9.0,,,
Cilfe (Djelfa),yerlesimler_h2_kuzeyafrika.js,34.673,3.263,1281-01-01,1,0,0,0,TEMİZ-ÖLÇÜLDÜ,,,Djelfa,1.6,precise
Cilin (Jilin),yerlesimler_asya.js,43.837,126.55,1673-01-01,1,0,0,0,ÖLÇÜLEMEDİ,,,,,
Cimma (Jiren),yerlesimler_afrika.js,7.673,36.834,1281-01-01,1,0,0,0,ÖLÇÜLEMEDİ,,,,,
Cinca (Jinja),yerlesimler_afrika2.js,0.4284,33.2002,1901-01-01,1,0,0,0,ÖLÇÜLEMEDİ,,,,,
Cinci (Gingee),yerlesimler_asya.js,12.252,79.397,1281-01-01,1,0,0,0,ÖLÇÜLEMEDİ,,,,,
Cincinnati (Losantiville),yerlesimler_kamerika.js,39.103,-84.512,1788-12-28,1,0,0,0,ÖLÇÜLEMEDİ,,,,,
Cirge (Girga),yerlesimler_afrika.js,26.34,31.891,1281-01-01,1,0,0,0,TEMİZ-ÖLÇÜLDÜ,,,This,4.9,precise
Ciudad Acuña (Las Vacas),yerlesimler_a78_amerika.js,29.3214,-100.9595,1912-02-19,1,0,0,0,ÖLÇÜLEMEDİ,,,,,
Ciyayuguan (Jiayuguan),yerlesimler_asya.js,39.797,98.289,1372-01-01,1,0,0,0,ÖLÇÜLEMEDİ,,,,,
Cizre,yerlesimler_ok107.js,37.33,42.19,1261-01-01,0,0,0,0,TEMİZ-ÖLÇÜLDÜ,,,Ad flumen Tigrim,0.5,precise
Clermont-Ferrand,yerlesimler_avrupa.js,45.777,3.087,1281-01-01,0,0,0,0,TEMİZ-ÖLÇÜLDÜ,,,Augustonemetum,0.2,precise
Coari,yerlesimler_a78_amerika.js,-4.0941,-63.1441,1874-05-01,0,1,0,0,ÖLÇÜLEMEDİ,,,,,
Cochabamba (Villa de Oropesa),yerlesimler_nokta_amerika_0917.js,-17.3895,-66.1568,1571-08-15,1,0,0,0,ÖLÇÜLEMEDİ,,,,,
Codhpûr (Jodhpur),yerlesimler_asya.js,26.288,73.019,1459-01-01,1,0,0,0,ÖLÇÜLEMEDİ,,,,,
Colcha K,yerlesimler_a78_amerika.js,-20.7404,-67.6606,1885-12-04,0,1,0,0,ÖLÇÜLEMEDİ,,,,,
Coldfoot / Wiseman,yerlesimler_kamerika.js,67.402,-150.104,1899-01-01,1,0,0,0,ÖLÇÜLEMEDİ,,,,,
Colima (San Sebastián de Colima),yerlesimler_amerika.js,19.2433,-103.725,1523-07-25,1,0,0,0,ÖLÇÜLEMEDİ,,,,,
Colo (Jolo),yerlesimler_asya.js,6.053,121.002,1281-01-01,1,0,0,0,ÖLÇÜLEMEDİ,,,,,
Columbia (Missouri),yerlesimler_nokta_amerika_0917.js,38.9517,-92.3341,1821-04-07,1,0,0,0,ÖLÇÜLEMEDİ,,,,,
Colville Lake (K'áhbamı̨túé),yerlesimler_kamerika.js,67.033,-126.1,1281-01-01,1,0,0,0,ÖLÇÜLEMEDİ,,,,,
Comanchería (Güney Büyük Ovalar),yerlesimler_amerika2.js,34.97,-101.68,1281-01-01,1,0,0,0,ÖLÇÜLEMEDİ,,,,,
Concepción (Chiquitos),yerlesimler_gamerika.js,-16.14,-62.03,1707-01-01,1,0,0,0,ÖLÇÜLEMEDİ,,,,,
Concepción (Şili),yerlesimler_amerika.js,-36.827,-73.0503,1550-10-05,1,0,0,0,ÖLÇÜLEMEDİ,,,,,
Concepción de Xéveros (Jeberos),yerlesimler_gamerika.js,-5.28,-76.29,1640-01-01,1,0,0,0,ÖLÇÜLEMEDİ,,,,,
Concu (Jeonju),yerlesimler_asya.js,35.824,127.148,1281-01-01,1,0,0,0,ÖLÇÜLEMEDİ,,,,,
Cos (Jos),yerlesimler_afrika2.js,9.9,8.86,1281-01-01,1,0,0,0,ÖLÇÜLEMEDİ,,,,,
Cosenza,yerlesimler_avrupa.js,39.298,16.253,1281-01-01,0,0,0,0,TEMİZ-ÖLÇÜLDÜ,,,Consentia,0.3,precise
Cotagaita (Santiago de Cotagaita),yerlesimler_a78_amerika.js,-20.8178,-65.6587,1570-01-01,1,0,0,0,ÖLÇÜLEMEDİ,,,,,
Cotegipe (Campo Largo),yerlesimler_a78_amerika.js,-12.0228,-44.2566,1820-03-03,1,0,0,0,ÖLÇÜLEMEDİ,,,,,
Coweta (Creek/Mvskoke Konfederasyonu — Aşağı Kasabalar merkezi),yerlesimler_amerika.js,32.4699,-84.9877,1281-01-01,1,0,0,0,ÖLÇÜLEMEDİ,,,,,
Cres (Cherso),yerlesimler.js,44.879,14.399,1281-01-01,1,0,0,0,ÖLÇÜLEMEDİ,,,,,
Crow Agency (Apsáalooke),yerlesimler_kamerika.js,45.602,-107.46,1281-01-01,1,0,0,0,ÖLÇÜLEMEDİ,,,,,
Cuenca,yerlesimler_avrupa.js,40.071,-2.134,1281-01-01,0,0,0,0,TEMİZ-ÖLÇÜLDÜ,,,Cuenca,0.3,precise
Culiacán (San Miguel de Culiacán),yerlesimler_amerika3.js,24.8091,-107.394,1531-01-01,1,0,0,0,ÖLÇÜLEMEDİ,,,,,
Cumai (Birlikköy),yerlesimler_sinir_guney.js,37.24622,42.52018,1281-01-01,1,0,0,0,ÖLÇÜLEMEDİ,,,,,
Cusco (Qosqo),yerlesimler_amerika.js,-13.532,-71.9675,1281-01-01,1,0,0,0,ÖLÇÜLEMEDİ,,,,,
Cáceres (São Luís de Cáceres),yerlesimler_a78_amerika.js,-16.0764,-57.6818,1850-06-28,1,0,0,0,ÖLÇÜLEMEDİ,,,,,
Cádiz,yerlesimler_avrupa.js,36.527,-6.289,1281-01-01,0,0,0,0,TEMİZ-ÖLÇÜLDÜ,,,Gadeira/Gades/Col. Augusta Gaditana,0.4,precise
Câlandhar (Jalandhar),yerlesimler_asya.js,31.326,75.576,1281-01-01,1,0,0,0,ÖLÇÜLEMEDİ,,,,,
Cânet (Djanet),yerlesimler_afrika2.js,24.55,9.48,1281-01-01,1,0,0,0,ÖLÇÜLEMEDİ,,,,,
Cîruft,yerlesimler.js,28.675,57.7372,1281-01-01,0,0,0,0,GÜRÜLTÜ (yalnız al-Ṯurayyā 5–10 km),Ǧīruft,7.0,,,
Córdoba (Arjantin),yerlesimler_amerika.js,-31.4201,-64.1888,1573-07-06,1,0,0,0,ÖLÇÜLEMEDİ,,,,,
Cēsis (Wenden),yerlesimler_ek7.js,57.312,25.274,1281-01-01,1,0,0,0,ÖLÇÜLEMEDİ,,,,,
Dahlak,yerlesimler.js,15.692,40.138,1281-01-01,0,0,0,0,GÜRÜLTÜ (yalnız al-Ṯurayyā 5–10 km),Dahlak,7.1,,,
Dakka (Dhaka),yerlesimler_asya.js,23.811,90.413,1281-01-01,1,0,0,0,ÖLÇÜLEMEDİ,,,,,
Damala (Troizen),yerlesimler.js,37.508,23.339,1281-01-01,1,0,0,0,TEMİZ-ÖLÇÜLDÜ,,,Troizen,1.0,precise
Danangombe (Rozvi),yerlesimler_afrika2.js,-19.6,29.3,1684-01-01,1,0,0,0,ÖLÇÜLEMEDİ,,,,,
Darende,yerlesimler_ok110.js,38.55,37.5,1281-01-01,0,0,0,0,TEMİZ-ÖLÇÜLDÜ,,,Taranta,0.5,precise
Darwin (Palmerston),yerlesimler_okyanusya.js,-12.4577,130.8414,1869-02-01,1,0,0,0,ÖLÇÜLEMEDİ,,,,,
Daugavpils (Dünaburg),yerlesimler_ek7.js,55.875,26.536,1281-01-01,1,0,0,0,ÖLÇÜLEMEDİ,,,,,
David (Chiriquí),yerlesimler_a78_amerika.js,8.4271,-82.4308,1837-01-26,1,0,0,0,ÖLÇÜLEMEDİ,,,,,
Deadwood (Kara Tepeler),yerlesimler_kamerika.js,44.377,-103.729,1876-01-01,1,0,0,0,ÖLÇÜLEMEDİ,,,,,
Debre (Dibra),yerlesimler_ok104.js,41.524,20.531,1281-01-01,1,0,0,0,ÖLÇÜLEMEDİ,,,,,
Dedeağaç (Alexandroupoli),yerlesimler_ek24.js,40.849,25.874,1281-01-01,1,0,0,0,ÖLÇÜLEMEDİ,,,,,
Delgo (Sükkût),yerlesimler_h2_afrika.js,20.126,30.548,1281-01-01,1,0,0,0,ÖLÇÜLEMEDİ,,,,,
Delhi,yerlesimler_asya.js,28.644,77.216,1192-01-01,0,0,1,1,ADAY,,,Indabara,5.3,precise
Demenhûr (Damanhur),yerlesimler_afrika.js,31.034,30.47,1281-01-01,1,0,0,0,TEMİZ-ÖLÇÜLDÜ,Damanhūr,1.2,Hermopolis Mikra,0.1,precise
Denizli,yerlesimler.js,37.783,29.094,1281-01-01,0,0,0,0,TEMİZ-ÖLÇÜLDÜ,,,Denizli,0.2,precise
Dera Gazi Han,yerlesimler_nokta_asya_0917.js,30.05,70.63,1500-01-01,0,1,0,0,ADAY-BEYAN (kaydın kendi notu),,,,,
Derbend,yerlesimler.js,42.058,48.29,1239-01-01,0,0,0,0,TEMİZ-ÖLÇÜLDÜ,,,Tzon/Tzur,0.6,precise
Derc (Derj),yerlesimler_h2_kuzeyafrika.js,30.155,10.442,1281-01-01,1,0,0,0,ÖLÇÜLEMEDİ,,,,,
Dereköy (Kırklareli),yerlesimler_ek24.js,41.943,27.401,1281-01-01,1,0,1,0,ÖLÇÜLEMEDİ,,,Saranta Ekklēsiai,26.5,precise
Derne,yerlesimler.js,32.766,22.639,1281-01-01,0,0,0,0,TEMİZ-ÖLÇÜLDÜ,,,Darnis,0.1,precise
Detroit (Fort Pontchartrain du Détroit),yerlesimler_amerika.js,42.3356,-83.0494,1701-07-24,1,0,0,0,ÖLÇÜLEMEDİ,,,,,
Devagiri (Devletâbâd),yerlesimler_asya.js,19.943,75.22,1281-01-01,1,0,0,1,TEMİZ-ÖLÇÜLDÜ,,,,,
"Devils Lake (Mni Wakan, Dakota)",yerlesimler_kamerika.js,48.113,-98.865,1281-01-01,1,0,0,0,ÖLÇÜLEMEDİ,,,,,
Devonport (Tazmanya),yerlesimler_a78_okyanusya.js,-41.1806,146.3464,1850-01-01,1,0,0,0,ÖLÇÜLEMEDİ,,,,,
Deyrülkamer (Dayr al-Kamer),yerlesimler_ek29.js,33.6989,35.5619,1281-01-01,1,0,0,0,ÖLÇÜLEMEDİ,,,,,
Değirmenlik (Milos),yerlesimler.js,36.6979,24.44,1281-01-01,1,0,1,0,ÖLÇÜLEMEDİ,,,Melos (settlement),5.3,precise
Diahav (Sine),yerlesimler_afrika2.js,14.3,-16.3,1350-01-01,1,0,0,0,ÖLÇÜLEMEDİ,,,,,
Diamantina (Arraial do Tijuco),yerlesimler_nokta_amerika_0917.js,-18.2413,-43.6031,1734-01-01,1,0,0,0,ÖLÇÜLEMEDİ,,,,,
Dianópolis (São José do Duro),yerlesimler_a78_amerika.js,-11.624,-46.8198,1854-10-14,1,0,0,0,ÖLÇÜLEMEDİ,,,,,
Dihistan ovası (Meşhed-i Misriyân),yerlesimler.js,38.1667,54.6333,1281-01-01,1,0,0,0,ÖLÇÜLEMEDİ,,,,,
Dijon,yerlesimler_avrupa.js,47.322,5.041,1281-01-01,0,0,0,0,TEMİZ-ÖLÇÜLDÜ,,,Castrum Divionense,0.6,precise
Dikva (Dikeo),yerlesimler_ok107.js,12.04,13.917,1281-01-01,1,0,0,0,ÖLÇÜLEMEDİ,,,,,
Dilem (Harc),yerlesimler_nokta_ortadogu_0917.js,23.991,47.162,1792-01-01,1,0,1,0,ÖLÇÜLEMEDİ,al-Ḫarǧ,26.3,,,
Dimetoka,yerlesimler.js,41.348,26.497,1230-01-01,0,0,0,0,TEMİZ-ÖLÇÜLDÜ,,,Plotino(u)polis,0.7,precise
Dimyat,yerlesimler.js,31.418,31.814,1250-01-01,0,0,0,1,TEMİZ-ÖLÇÜLDÜ,Dimyāṭ,3.1,Tamiathis,0.2,precise
Dingiray (Dinguiraye),yerlesimler_nokta_afrika_0917.js,11.296,-10.715,1848-01-01,1,0,0,0,ÖLÇÜLEMEDİ,,,,,
Dir'iye (Necid),yerlesimler.js,24.733,46.575,1744-01-01,1,0,0,0,ÖLÇÜLEMEDİ,,,,,
Diyarbakır,yerlesimler.js,37.911,40.237,1281-01-01,1,0,1,0,TEMİZ-ÖLÇÜLDÜ,Diyār Bakr,39.4,Ad Tygrem/Amida,0.3,precise
Dizfûl,yerlesimler.js,32.3831,48.4014,1281-01-01,0,0,0,0,TEMİZ-ÖLÇÜLDÜ,al-Diz,2.1,Dezful/[Qantara al-Rum],0.3,precise
Doha (Katar),yerlesimler.js,25.285,51.531,1868-01-01,1,0,1,0,ÖLÇÜLEMEDİ,Qaṭar,48.0,,,
Don bozkırı (Sal),yerlesimler_ek6.js,47.0,42.3,1281-01-01,1,0,0,0,ÖLÇÜLEMEDİ,,,,,
Douglas (Arizona),yerlesimler_a78_amerika.js,31.3445,-109.5453,1905-01-01,1,0,0,0,ÖLÇÜLEMEDİ,,,,,
Douglas (Man),yerlesimler_avrupa.js,54.15,-4.482,1281-01-01,1,0,0,0,ÖLÇÜLEMEDİ,,,,,
Doyran,yerlesimler_ok107.js,41.183,22.717,1281-01-01,0,0,1,0,ADAY-ZAYIF,,,Doiran,5.0,precise
Doğu Sibirya kıyısı (Çuvan-Yukagir),yerlesimler_ek31.js,69.6462,160.9149,,1,0,0,0,ÖLÇÜLEMEDİ,,,,,
Draper's Meadow (Blacksburg),yerlesimler_kamerika.js,37.23,-80.42,1748-01-01,1,0,0,0,ÖLÇÜLEMEDİ,,,,,
Drežnik (Drežnik Grad),yerlesimler_ek29.js,44.943,15.669,1281-01-01,1,0,0,0,ÖLÇÜLEMEDİ,,,,,
Duhok,yerlesimler.js,36.8672,42.9881,1281-01-01,0,0,1,0,ADAY-ZAYIF,,,Dohuk,6.1,precise
Duluth (Fond du Lac),yerlesimler_kamerika.js,46.7897,-92.1045,1793-01-01,1,0,0,0,ÖLÇÜLEMEDİ,,,,,
Durango (Victoria de Durango),yerlesimler_amerika3.js,24.0277,-104.6532,1563-07-08,1,0,0,0,ÖLÇÜLEMEDİ,,,,,
Dvin,yerlesimler.js,40.01186,44.58079,,0,0,0,1,TEMİZ-ÖLÇÜLDÜ,,,Doubios,0.0,precise
Dzata (Venda),yerlesimler_afrika2.js,-22.96,30.15,1700-01-01,1,0,0,0,ÖLÇÜLEMEDİ,,,,,
Dâhile,yerlesimler_afrika.js,25.494,28.976,1281-01-01,0,0,1,0,ÖLÇÜLEMEDİ,al-Dāḫilaŧ,24.4,,,
Dâmgan,yerlesimler.js,36.1683,54.3481,1281-01-01,0,0,0,0,TEMİZ-ÖLÇÜLDÜ,al-Damġān,4.8,[Damghan]/[(Medinat) Qumis],0.2,precise
Dârülbeyzâ (Anfa),yerlesimler_h2_kuzeyafrika.js,33.573,-7.59,1281-01-01,1,0,0,0,ÖLÇÜLEMEDİ,,,,,
"Déline (Fort Franklin, Büyük Ayı Gölü)",yerlesimler_kamerika.js,65.2034,-123.4211,1825-01-01,1,0,0,0,ÖLÇÜLEMEDİ,,,,,
Dénia,yerlesimler_avrupa.js,38.841,0.107,1281-01-01,0,0,0,0,TEMİZ-ÖLÇÜLDÜ,Dāniyaŧ,0.3,Dianium/Hemeroskopeion,0.2,precise
Dûmetülcendel (Cevf),yerlesimler_seyrek.js,29.812,39.868,1836-01-01,1,0,0,0,ÖLÇÜLEMEDİ,,,,,
Eagle (Fort Egbert),yerlesimler_kamerika.js,64.788,-141.2,1897-01-01,1,0,0,0,ÖLÇÜLEMEDİ,,,,,
Ebha (Asir),yerlesimler.js,18.216,42.505,1281-01-01,1,0,0,0,ÖLÇÜLEMEDİ,,,,,
Ebrekûh,yerlesimler.js,31.1281,53.2814,1281-01-01,0,0,0,0,TEMİZ-ÖLÇÜLDÜ,Abarqūh,3.4,,,
Ebîverd,yerlesimler.js,37.9,59.6167,1281-01-01,0,0,1,0,ADAY-YAN,Abīward,70.1,[(A)Bivard]/Apauarktike,42.6,precise
Ebû Ramâd (Şalâtîn),yerlesimler_afrika.js,23.133,35.6,1281-01-01,1,0,0,0,ÖLÇÜLEMEDİ,,,,,
Ecdâbiye,yerlesimler_afrika.js,30.755,20.225,1551-08-15,0,0,1,0,TEMİZ-ÖLÇÜLDÜ,Aǧdābiyyaŧ,32.1,,,
Ecmîr (Ajmer),yerlesimler_asya.js,26.45,74.639,1192-01-01,1,0,0,0,ÖLÇÜLEMEDİ,,,,,
Edfû,yerlesimler_afrika.js,24.978,32.874,1281-01-01,0,0,0,0,TEMİZ-ÖLÇÜLDÜ,,,Apollonopolis Magna,0.2,precise
Edinburg,yerlesimler.js,55.953,-3.189,1281-01-01,1,0,0,0,ÖLÇÜLEMEDİ,,,,,
Edirne,yerlesimler.js,41.677,26.556,1281-01-01,0,0,0,0,TEMİZ-ÖLÇÜLDÜ,,,Hadrianoupolis,0.6,precise
Edo (Tokyo),yerlesimler_asya.js,35.69,139.692,1457-01-01,1,0,0,0,ÖLÇÜLEMEDİ,,,,,
Egina (Aegina),yerlesimler.js,37.736,23.493,1281-01-01,1,0,0,0,TEMİZ-ÖLÇÜLDÜ,,,Aegina (island),0.4,precise
Eisenstadt (Kismarton),yerlesimler_p77_avrupa.js,47.8457,16.5233,1281-01-01,1,0,0,0,ÖLÇÜLEMEDİ,,,,,
Ejin (Hara-Hoto),yerlesimler_ek21.js,41.95,101.07,1281-01-01,1,0,0,0,ÖLÇÜLEMEDİ,,,,,
El Rosario (Baja California),yerlesimler_a78_amerika.js,30.0588,-115.7249,1900-12-01,1,0,0,0,ÖLÇÜLEMEDİ,,,,,
El-Arîş,yerlesimler_afrika.js,31.132,33.798,1281-01-01,0,0,0,0,TEMİZ-ÖLÇÜLDÜ,al-ʿArīš,1.3,Rhinocolura,2.3,precise
Elafonisos (Cervi),yerlesimler_ek_adalar.js,36.4936,22.9756,1281-01-01,1,0,0,0,TEMİZ-ÖLÇÜLDÜ,,,Onougnathos (promontory),5.0,precise
Elba,yerlesimler.js,42.784,10.285,1281-01-01,0,0,0,0,TEMİZ-ÖLÇÜLDÜ,,,Ilva/Aethalia (island),1.8,precise
Elbing (Elbląg),yerlesimler.js,54.1522,19.4088,1281-01-01,1,0,0,0,ÖLÇÜLEMEDİ,,,,,
Elbistan,yerlesimler.js,38.207,37.194,1202-01-01,0,0,0,0,TEMİZ-ÖLÇÜLDÜ,,,Ablastha,0.7,precise
Elhova (Elhovo),yerlesimler_ek24.js,42.17,26.573,1281-01-01,1,0,0,0,ÖLÇÜLEMEDİ,,,,,
Elicpûr (Achalpur),yerlesimler_asya.js,21.257,77.512,1281-01-01,1,0,0,0,ÖLÇÜLEMEDİ,,,,,
Elmina (São Jorge da Mina),yerlesimler_e9353f.js,5.085,-1.349,1482-01-01,1,0,0,0,ÖLÇÜLEMEDİ,,,,,
Emba (Cem),yerlesimler_ortaasya2.js,47.5,57.5,1281-01-01,1,0,0,0,ÖLÇÜLEMEDİ,,,,,
Emet (Eğrigöz),yerlesimler.js,39.343,29.259,1281-01-01,1,0,0,0,ÖLÇÜLEMEDİ,,,,,
Encarnación (Itapúa),yerlesimler_nokta_amerika_0917.js,-27.3306,-55.8667,1615-03-25,1,0,0,0,ÖLÇÜLEMEDİ,,,,,
Ende (Flores),yerlesimler_gdasya.js,-8.84,121.66,1281-01-01,1,0,0,0,ÖLÇÜLEMEDİ,,,,,
Enez,yerlesimler.js,40.724,26.075,1281-01-01,0,0,0,0,TEMİZ-ÖLÇÜLDÜ,,,Ainos,0.9,precise
"Ennadai (Ihalmiut, Karayer İnuit)",yerlesimler_kamerika.js,61.1028,-100.8954,1281-01-01,1,0,0,0,ÖLÇÜLEMEDİ,,,,,
Eperjes (Prešov),yerlesimler_ek.js,48.999,21.236,1281-01-01,1,0,0,0,TEMİZ-ÖLÇÜLDÜ,,,Prešov,0.5,precise
Erbil,yerlesimler.js,36.1911,44.0092,1281-01-01,0,0,0,0,TEMİZ-ÖLÇÜLDÜ,Irbīl,0.0,Arbela/Arba-ilu,0.0,precise
Erciş,yerlesimler.js,39.026,43.36,1281-01-01,0,0,1,1,TEMİZ-ÖLÇÜLDÜ,Arǧīš,0.4,Arsesa/Elegosine,9.4,precise
Erdebil,yerlesimler.js,38.249,48.294,1281-01-01,0,0,0,0,TEMİZ-ÖLÇÜLDÜ,Ardabīl,1.8,Ardabil,0.3,precise
Erdek,yerlesimler.js,40.399,27.795,1281-01-01,0,0,0,0,TEMİZ-ÖLÇÜLDÜ,,,Artace,0.5,precise
Erdel (Kaloşvar),yerlesimler.js,46.77,23.591,1281-01-01,1,0,0,0,ÖLÇÜLEMEDİ,,,,,
Erdel Belgradı (Gyulafehérvár),yerlesimler_ek29.js,46.0678,23.58,1281-01-01,1,0,0,0,ÖLÇÜLEMEDİ,,,,,
Erdistan,yerlesimler.js,33.3769,52.3697,1281-01-01,0,0,0,0,TEMİZ-ÖLÇÜLDÜ,Ardistān,0.3,,,
Ergiri (Ergirikasrı),yerlesimler_epir.js,40.0758,20.1389,1281-01-01,1,0,0,0,ÖLÇÜLEMEDİ,,,,,
Ermenek,yerlesimler.js,36.64,32.891,1281-01-01,0,0,0,0,TEMİZ-ÖLÇÜLDÜ,,,Germanicopolis/Clibanus?,1.0,precise
Ermiyoni (Hermione),yerlesimler.js,37.3884,23.2486,1281-01-01,1,0,0,0,TEMİZ-ÖLÇÜLDÜ,,,Hermion(e),0.6,precise
Erzincan,yerlesimler.js,39.75,39.492,1142-01-01,0,0,0,0,TEMİZ-ÖLÇÜLDÜ,,,Eriza,0.7,precise
Erzurum,yerlesimler.js,39.905,41.266,1071-01-01,0,0,0,0,TEMİZ-ÖLÇÜLDÜ,,,Erzurum,0.9,precise
Erâk (Sultânâbâd),yerlesimler.js,34.0917,49.6892,1808-01-01,1,0,0,0,ÖLÇÜLEMEDİ,,,,,
Esferâyin,yerlesimler.js,37.0769,57.51,1281-01-01,0,0,1,1,ÇELİŞKİLİ,Asfarāyin,12.2,,,
Eski Kırım (Solhat),yerlesimler_kirim.js,45.0281,35.1078,1281-01-01,1,0,0,0,ÖLÇÜLEMEDİ,,,,,
Eski Zağra (Stara Zagora),yerlesimler.js,42.425,25.633,1281-01-01,1,0,0,0,TEMİZ-ÖLÇÜLDÜ,,,Beroe/Augusta Traiana,0.7,precise
Eskişehir,yerlesimler.js,39.776,30.52,1281-01-01,0,0,0,0,TEMİZ-ÖLÇÜLDÜ,,,Dorylaion,0.3,precise
Esna,yerlesimler_afrika.js,25.293,32.554,1281-01-01,0,0,0,0,TEMİZ-ÖLÇÜLDÜ,Asnā,3.2,Latopolis,0.1,precise
Estergon,yerlesimler.js,47.795,18.74,1281-01-01,0,0,0,0,TEMİZ-ÖLÇÜLDÜ,,,Solva,0.1,precise
Esterâbâd (Gürgân),yerlesimler.js,36.8381,54.4342,1281-01-01,1,0,1,0,ÖLÇÜLEMEDİ,,,[Jurjan]/G(o)urgan?,76.9,precise
Esutoru kıyısı (bölge),yerlesimler_a78_asya.js,49.079,142.063,1281-01-01,1,0,0,0,ÖLÇÜLEMEDİ,,,,,
Etâve (Etawah),yerlesimler_asya.js,26.776,79.015,1281-01-01,1,0,0,0,ÖLÇÜLEMEDİ,,,,,
Exeter,yerlesimler_avrupa.js,50.718,-3.534,1281-01-01,0,0,0,0,TEMİZ-ÖLÇÜLDÜ,,,Isca Dumnoniorum,1.0,precise
Eyre Yarımadası kuzeyi / Gawler,yerlesimler_okyanusya.js,-30.5,135.5,,1,0,0,0,ÖLÇÜLEMEDİ,,,,,
Eğirdir,yerlesimler.js,37.8727,30.8487,1281-01-01,1,0,0,0,ÖLÇÜLEMEDİ,,,,,
Eşref (Behşehr),yerlesimler.js,36.6942,53.5522,1281-01-01,1,0,0,0,ÖLÇÜLEMEDİ,,,,,
Fada (Ennedi),yerlesimler_afrika2.js,17.18,21.58,1635-01-01,1,0,0,0,ÖLÇÜLEMEDİ,,,,,
Fada Ngurma (Gurma),yerlesimler_afrika2.js,12.06,0.36,1281-01-01,1,0,0,0,ÖLÇÜLEMEDİ,,,,,
"Falmouth (Portland, Maine)",yerlesimler_kamerika.js,43.659,-70.257,1632-01-01,1,0,0,0,ÖLÇÜLEMEDİ,,,,,
Faro,yerlesimler_avrupa.js,37.019,-7.93,1281-01-01,0,0,0,0,TEMİZ-ÖLÇÜLDÜ,,,Ossonoba,0.6,precise
Fas (Fez),yerlesimler.js,34.034,-5.0,1248-01-01,1,0,0,0,TEMİZ-ÖLÇÜLDÜ,Fās,4.5,,,
Ferasan (Farasan),yerlesimler.js,16.73,42.009,1281-01-01,1,0,0,0,ÖLÇÜLEMEDİ,,,,,
Ferecik (Feres),yerlesimler.js,40.897,26.172,1281-01-01,1,0,0,0,TEMİZ-ÖLÇÜLDÜ,,,Bera/Feres,0.4,precise
Ferrara,yerlesimler_avrupa.js,44.836,11.619,1281-01-01,0,0,0,0,TEMİZ-ÖLÇÜLDÜ,,,[Feraria],0.2,precise
Fesi (Feshi),yerlesimler_afrika2.js,-6.11,18.17,1665-01-01,1,0,0,0,ÖLÇÜLEMEDİ,,,,,
Fesâ,yerlesimler.js,28.9383,53.6483,1281-01-01,0,0,0,0,TEMİZ-ÖLÇÜLDÜ,Fasā,2.4,Tell-i Zohak/Pasa?/Bashiyan?,0.9,precise
Fethiye (Makri),yerlesimler.js,36.622,29.116,1281-01-01,1,0,0,0,TEMİZ-ÖLÇÜLDÜ,,,Macris/Makra (island),3.4,precise
Feyyûm,yerlesimler_afrika.js,29.309,30.842,1281-01-01,0,0,0,0,TEMİZ-ÖLÇÜLDÜ,al-Fayyūm,5.6,Krokodilopolis/Ptolemais Euergetis,0.7,precise
Feyzâbâd (Ayodhya),yerlesimler_asya.js,26.775,82.145,1281-01-01,1,0,0,0,ÖLÇÜLEMEDİ,,,,,
Feyzâbâd (Bedahşan),yerlesimler_a78_asya.js,37.117,70.58,1479-01-01,1,0,0,0,ÖLÇÜLEMEDİ,,,,,
Filat (Filiates),yerlesimler_epir.js,39.6053,20.3175,1281-01-01,1,0,0,0,TEMİZ-ÖLÇÜLDÜ,,,Philiates,3.2,precise
Filibe,yerlesimler.js,42.144,24.75,1281-01-01,0,0,0,0,TEMİZ-ÖLÇÜLDÜ,,,Philippopolis/Trimontium,0.2,precise
Filorina (Florina),yerlesimler_a78_avrupa.js,40.782,21.41,1281-01-01,1,0,0,0,ÖLÇÜLEMEDİ,,,,,
Finike,yerlesimler.js,36.301,30.145,1281-01-01,0,0,1,0,ÖLÇÜLEMEDİ,,,Phoinike,65.0,precise
Firûzâbâd,yerlesimler.js,28.8438,52.5713,1281-01-01,0,0,0,0,TEMİZ-ÖLÇÜLDÜ,,,Firuzabad,0.0,precise
Floridablanca (San Julián),yerlesimler_gamerika.js,-49.31,-67.72,1780-01-01,1,0,0,0,ÖLÇÜLEMEDİ,,,,,
Florânia (Flores),yerlesimler_a78_amerika.js,-6.1226,-36.8226,1890-10-20,1,0,0,0,ÖLÇÜLEMEDİ,,,,,
Folegandros,yerlesimler.js,36.682,25.125,1281-01-01,0,0,1,0,ÖLÇÜLEMEDİ,,,Pholegandros (settlement),19.3,precise
Fond du Lac (Athabasca Gölü),yerlesimler_kamerika.js,59.333,-107.183,1851-01-01,1,0,0,0,ÖLÇÜLEMEDİ,,,,,
Fonte Boa,yerlesimler_a78_amerika.js,-2.5234,-66.0942,1891-03-28,0,1,0,0,ÖLÇÜLEMEDİ,,,,,
Formosa (Goiás),yerlesimler_a78_amerika.js,-15.54,-47.337,1838-08-22,1,0,0,0,ÖLÇÜLEMEDİ,,,,,
Fornoz (Fourni),yerlesimler.js,37.5795,26.4764,1281-01-01,1,0,0,0,TEMİZ-ÖLÇÜLDÜ,,,Korsiai (islands),1.8,precise
Fort Abercrombie (Kızıl Irmak vadisi),yerlesimler_kamerika.js,46.45,-96.72,1858-01-01,1,0,0,0,ÖLÇÜLEMEDİ,,,,,
Fort Alexander (Bas-de-la-Rivière),yerlesimler_kamerika.js,50.6,-96.3,1792-01-01,1,0,0,0,ÖLÇÜLEMEDİ,,,,,
Fort Atkinson (Council Bluffs),yerlesimler_kamerika.js,41.45,-96.03,1819-01-01,1,0,0,0,ÖLÇÜLEMEDİ,,,,,
Fort Belknap (Assiniboine-Gros Ventre),yerlesimler_kamerika.js,48.48,-108.76,1871-01-01,1,0,0,0,ÖLÇÜLEMEDİ,,,,,
Fort Concho (San Angelo),yerlesimler_kamerika.js,31.45,-100.44,1867-01-01,1,0,0,0,ÖLÇÜLEMEDİ,,,,,
Fort Confidence (Büyük Ayı Gölü),yerlesimler_kamerika.js,66.5,-118.9,1837-01-01,1,0,0,0,ÖLÇÜLEMEDİ,,,,,
Fort Connolly (Bear Lake),yerlesimler_kamerika.js,56.15,-126.75,1826-01-01,1,0,0,0,ÖLÇÜLEMEDİ,,,,,
Fort Duquesne (Pittsburgh),yerlesimler_kamerika.js,40.441,-80.01,1754-01-01,1,0,0,0,ÖLÇÜLEMEDİ,,,,,
Fort Fetterman (Powder Irmağı),yerlesimler_kamerika.js,42.84,-105.47,1867-01-01,1,0,0,0,ÖLÇÜLEMEDİ,,,,,
Fort Frontenac (Kingston),yerlesimler_kamerika.js,44.2524,-76.4918,1673-01-01,1,0,0,0,ÖLÇÜLEMEDİ,,,,,
Fort Garry (Kızıl Irmak Kolonisi),yerlesimler_kamerika.js,49.895,-97.138,1812-01-01,1,0,0,0,ÖLÇÜLEMEDİ,,,,,
Fort George (Prince George),yerlesimler_kamerika.js,53.917,-122.75,1807-01-01,1,0,0,0,ÖLÇÜLEMEDİ,,,,,
Fort Good Hope (Rádeyı̨lı̨kóé),yerlesimler_kamerika.js,66.256,-128.629,1805-01-01,1,0,0,0,ÖLÇÜLEMEDİ,,,,,
Fort Halkett (Liard),yerlesimler_kamerika.js,59.88,-126.3,1829-01-01,1,0,0,0,ÖLÇÜLEMEDİ,,,,,
"Fort Harney (Harney Havzası, Payut)",yerlesimler_kamerika.js,43.5,-118.7,1867-01-01,1,0,0,0,ÖLÇÜLEMEDİ,,,,,
Fort Klamath / Klamath Bataklığı,yerlesimler_kamerika.js,42.71,-121.99,1281-01-01,1,0,0,0,ÖLÇÜLEMEDİ,,,,,
Fort McKenzie (Ungava),yerlesimler_kamerika.js,56.9,-69.1,1916-01-01,1,0,0,0,ÖLÇÜLEMEDİ,,,,,
Fort McLeod (Britanya Kolumbiyası),yerlesimler_kamerika.js,54.99,-123.033,1805-01-01,1,0,0,0,ÖLÇÜLEMEDİ,,,,,
Fort McPherson (Teetł'it Zheh),yerlesimler_kamerika.js,67.438,-134.883,1840-01-01,1,0,0,0,ÖLÇÜLEMEDİ,,,,,
Fort Mohave (Kolorado geçidi),yerlesimler_kamerika.js,34.95,-114.6,1281-01-01,1,0,0,0,ÖLÇÜLEMEDİ,,,,,
Fort Nascopie (Petitsikapau),yerlesimler_kamerika.js,54.8,-66.5,1838-01-01,1,0,0,0,ÖLÇÜLEMEDİ,,,,,
Fort Nelson (BC),yerlesimler_kamerika.js,58.805,-122.697,1805-01-01,1,0,0,0,ÖLÇÜLEMEDİ,,,,,
Fort Nez Percés (Walla Walla),yerlesimler_kamerika.js,46.05,-118.9,1818-01-01,1,0,0,0,ÖLÇÜLEMEDİ,,,,,
Fort Norman (Tulita),yerlesimler_kamerika.js,64.904,-125.576,1810-01-01,1,0,0,0,ÖLÇÜLEMEDİ,,,,,
Fort Orange (Albany),yerlesimler_amerika.js,42.6526,-73.7562,1624-01-01,1,0,0,0,ÖLÇÜLEMEDİ,,,,,
Fort Pierre (Arikara/Lakota),yerlesimler_kamerika.js,44.362,-100.371,1817-01-01,1,0,0,0,ÖLÇÜLEMEDİ,,,,,
Fort Portal (Toro),yerlesimler_afrika2.js,0.66,30.28,1830-01-01,1,0,0,0,ÖLÇÜLEMEDİ,,,,,
Fort Rae (Behchokǫ̀),yerlesimler_kamerika.js,62.7856,-116.0456,1852-01-01,1,0,0,0,ÖLÇÜLEMEDİ,,,,,
Fort Reliance (Büyük Köle Gölü),yerlesimler_kamerika.js,62.727,-109.157,1833-01-01,1,0,0,0,ÖLÇÜLEMEDİ,,,,,
Fort Resolution (Deninu Kų́ę́),yerlesimler_kamerika.js,61.169,-113.677,1786-01-01,1,0,0,0,ÖLÇÜLEMEDİ,,,,,
Fort Riley (Kansas Irmağı),yerlesimler_kamerika.js,39.09,-96.79,1853-01-01,1,0,0,0,ÖLÇÜLEMEDİ,,,,,
Fort Robidoux (Uinta Havzası),yerlesimler_kamerika.js,40.2,-109.75,1832-01-01,1,0,0,0,ÖLÇÜLEMEDİ,,,,,
Fort Ross (Kaliforniya),yerlesimler_kamerika.js,38.514,-123.245,1812-01-01,1,0,0,0,ÖLÇÜLEMEDİ,,,,,
Fort Sill (Wiçita Dağları),yerlesimler_kamerika.js,34.663,-98.4,1869-01-01,1,0,0,0,ÖLÇÜLEMEDİ,,,,,
Fort Simpson (Łı́ı́dlı̨ı̨ Kų́ę́),yerlesimler_kamerika.js,61.862,-121.353,1804-01-01,1,0,0,0,ÖLÇÜLEMEDİ,,,,,
Fort Snelling (Bdote),yerlesimler_kamerika.js,44.893,-93.181,1819-01-01,1,0,0,0,ÖLÇÜLEMEDİ,,,,,
Fort St. Pierre (Rainy Lake),yerlesimler_kamerika.js,48.61,-93.4,1731-01-01,1,0,0,0,ÖLÇÜLEMEDİ,,,,,
Fort Stockton (Comanche Geçidi),yerlesimler_kamerika.js,30.894,-102.879,1859-01-01,1,0,0,0,ÖLÇÜLEMEDİ,,,,,
"Fort Supply (Kuzeybatı Toprakları, Oklahoma)",yerlesimler_kamerika.js,36.573,-99.57,1868-01-01,1,0,0,0,ÖLÇÜLEMEDİ,,,,,
Fort Wallace (Smoky Hill),yerlesimler_kamerika.js,38.91,-101.6,1865-01-01,1,0,0,0,ÖLÇÜLEMEDİ,,,,,
Fort Walsh (Cypress Hills),yerlesimler_kamerika.js,49.578,-109.881,1875-01-01,1,0,0,0,ÖLÇÜLEMEDİ,,,,,
Fort Ware (Kwadacha),yerlesimler_kamerika.js,57.43,-125.65,1281-01-01,1,0,0,0,ÖLÇÜLEMEDİ,,,,,
Fort Washakie (Wind River),yerlesimler_kamerika.js,43.003,-108.884,1869-01-01,1,0,0,0,ÖLÇÜLEMEDİ,,,,,
Fort William (Thunder Bay),yerlesimler_kamerika.js,48.383,-89.25,1803-01-01,1,0,0,0,ÖLÇÜLEMEDİ,,,,,
Fort Worth (Üç Boynuz Kavşağı),yerlesimler_kamerika.js,32.755,-97.331,1849-01-01,1,0,0,0,ÖLÇÜLEMEDİ,,,,,
Fortín Muñoz (General Díaz),yerlesimler_a78_amerika.js,-23.5722,-60.5758,1923-08-15,1,0,0,0,ÖLÇÜLEMEDİ,,,,,
Foça (Foča),yerlesimler.js,43.506,18.779,1281-01-01,1,0,0,0,ÖLÇÜLEMEDİ,,,,,
Francisco Sá (Brejo das Almas),yerlesimler_a78_amerika.js,-16.4827,-43.4896,1867-11-27,1,0,0,0,ÖLÇÜLEMEDİ,,,,,
Frankfurt,yerlesimler.js,50.11,8.682,1281-01-01,0,0,0,0,TEMİZ-ÖLÇÜLDÜ,,,Frankfurt,0.2,precise
Fransvil (Franceville),yerlesimler_afrika2.js,-1.63,13.58,1880-06-13,1,0,0,0,ÖLÇÜLEMEDİ,,,,,
French Lick (Nashville),yerlesimler_kamerika.js,36.163,-86.781,1779-01-01,1,0,0,0,ÖLÇÜLEMEDİ,,,,,
Fuerte Olimpo (Borbón),yerlesimler_gamerika.js,-21.04,-57.87,1772-01-01,1,0,0,0,ÖLÇÜLEMEDİ,,,,,
Fumban (Bamum),yerlesimler_afrika2.js,5.73,10.9,1394-01-01,1,0,0,0,ÖLÇÜLEMEDİ,,,,,
Funai (Ōita),yerlesimler_asya.js,33.238,131.613,1281-01-01,1,0,0,0,ÖLÇÜLEMEDİ,,,,,
Fâkûs,yerlesimler_afrika.js,30.729,31.797,1281-01-01,0,0,0,0,TEMİZ-ÖLÇÜLDÜ,Fāqūs,2.0,Phakoussa,0.2,precise
Fîgîg (Figuig),yerlesimler_h2_kuzeyafrika.js,32.109,-1.227,1281-01-01,1,0,0,0,ÖLÇÜLEMEDİ,,,,,
Fülek (Fiľakovo),yerlesimler_ek_macaristan.js,48.2702,19.8223,1281-01-01,1,0,0,0,ÖLÇÜLEMEDİ,,,,,
Gabes,yerlesimler.js,33.881,10.098,1281-01-01,0,0,0,0,TEMİZ-ÖLÇÜLDÜ,,,Tacape,1.2,precise
Galiç (Kostroma),yerlesimler_h2_rusya.js,58.383,42.35,1281-01-01,1,0,0,0,ÖLÇÜLEMEDİ,,,,,
Ganzi (Ghanzi),yerlesimler_afrika2.js,-21.7,21.65,1700-01-01,1,0,0,0,ÖLÇÜLEMEDİ,,,,,
Garabogaz (Bekdaş),yerlesimler.js,41.5619,52.6014,1281-01-01,1,0,0,0,ÖLÇÜLEMEDİ,,,,,
Garapan (Saipan),yerlesimler_a78_okyanusya.js,15.191,145.7467,1668-06-16,1,0,0,0,ÖLÇÜLEMEDİ,,,,,
Garua (Garoua),yerlesimler_afrika2.js,9.3,13.4,1809-01-01,1,0,0,0,ÖLÇÜLEMEDİ,,,,,
Garyân,yerlesimler_afrika.js,32.172,13.02,1281-01-01,0,0,0,0,TEMİZ-ÖLÇÜLDÜ,,,Garian,0.4,precise
Gauhâtî (Guwahati),yerlesimler_asya.js,26.145,91.736,1281-01-01,1,0,0,0,ÖLÇÜLEMEDİ,,,,,
Gaur (Lakhnautî),yerlesimler_asya.js,24.868,88.133,1281-01-01,1,0,0,1,ÖLÇÜLEMEDİ,,,,,
Gazne,yerlesimler_asya.js,33.551,68.423,1281-01-01,0,0,1,0,TEMİZ-ÖLÇÜLDÜ,Ġaznaŧ,2.1,Arachosiorum Oppidum/Alexandria,6.6,precise
Gazze,yerlesimler.js,31.502,34.466,1281-01-01,0,0,0,0,TEMİZ-ÖLÇÜLDÜ,Ġazzaŧ,1.1,Gaza,2.4,precise
Gcuva (Butterworth),yerlesimler_afrika2.js,-32.33,28.15,1281-01-01,1,0,0,0,ÖLÇÜLEMEDİ,,,,,
Gelibolu,yerlesimler.js,40.4156,26.6636,1204-04-13,0,0,0,0,TEMİZ-ÖLÇÜLDÜ,,,Kallipo(u)lis,1.5,precise
Gemlik (Kios),yerlesimler.js,40.43,29.157,1281-01-01,1,0,0,0,TEMİZ-ÖLÇÜLDÜ,,,Prusias ad Mare/Kios,0.3,precise
Gence,yerlesimler.js,40.683,46.36,1235-01-01,0,0,1,1,ADAY,,,,,
Genoa (Nevada),yerlesimler_kamerika.js,39.004,-119.847,1851-01-01,1,0,0,0,ÖLÇÜLEMEDİ,,,,,
Georgetown (Stabroek),yerlesimler_amerika.js,6.8013,-58.1551,1781-01-01,1,0,0,0,ÖLÇÜLEMEDİ,,,,,
Gevgili (Gevgelija),yerlesimler_ok107.js,41.144,22.502,1281-01-01,1,0,0,0,ÖLÇÜLEMEDİ,,,,,
Geyve,yerlesimler.js,40.508,30.288,1281-01-01,0,0,0,0,TEMİZ-ÖLÇÜLDÜ,,,Kabia,1.3,precise
Giresun,yerlesimler.js,40.918,38.389,1204-01-01,0,0,0,0,TEMİZ-ÖLÇÜLDÜ,,,Kerasous/Pharnakeia,0.8,precise
Girit (Resmo),yerlesimler.js,35.365,24.482,1204-08-12,1,0,0,0,TEMİZ-ÖLÇÜLDÜ,,,Rhithymna/Arsinoe,1.1,precise
Girne (Kyrenia),yerlesimler.js,35.3375,33.3187,1281-01-01,1,0,0,0,TEMİZ-ÖLÇÜLDÜ,,,Keryn(e)ia/Keraunia,0.2,precise
Girona,yerlesimler_avrupa.js,41.983,2.824,1281-01-01,0,0,0,0,TEMİZ-ÖLÇÜLDÜ,,,Gerunda,0.5,precise
Gitega (Burundi),yerlesimler_afrika2.js,-3.43,29.92,1680-01-01,1,0,0,0,ÖLÇÜLEMEDİ,,,,,
Glatz (Kłodzko),yerlesimler.js,50.437,16.657,1281-01-01,1,0,0,0,ÖLÇÜLEMEDİ,,,,,
Gleiwitz (Gliwice),yerlesimler.js,50.294,18.666,1281-01-01,1,0,0,0,ÖLÇÜLEMEDİ,,,,,
Gmünd (Aşağı Avusturya),yerlesimler_a78_avrupa.js,48.767,14.983,1281-01-01,1,0,0,0,ÖLÇÜLEMEDİ,,,,,
Gobi-Altay (Yösönbulag),yerlesimler_ek21.js,46.37,96.26,1281-01-01,1,0,0,0,ÖLÇÜLEMEDİ,,,,,
Gorbitsa (Gorbiçenskaya),yerlesimler_nokta_sibirya_0917.js,53.10004,119.21745,1762-01-01,1,0,0,0,ÖLÇÜLEMEDİ,,,,,
Gore (Gorée),yerlesimler_afrika2.js,14.675,-17.4273,1444-01-01,1,0,0,0,ÖLÇÜLEMEDİ,,,,,
Grajaú (Chapada),yerlesimler_a78_amerika.js,-5.8137,-46.1462,1835-04-29,1,0,0,0,ÖLÇÜLEMEDİ,,,,,
Granada,yerlesimler.js,37.177,-3.599,1281-01-01,0,0,0,0,TEMİZ-ÖLÇÜLDÜ,,,Iliberri,0.1,precise
Grand Cess (Kru),yerlesimler_afrika2.js,4.57,-8.21,1281-01-01,1,0,0,0,ÖLÇÜLEMEDİ,,,,,
Grand Rapids (Saskatchewan Irmağı ağzı),yerlesimler_kamerika.js,53.17,-99.27,1794-01-01,1,0,0,0,ÖLÇÜLEMEDİ,,,,,
Grenoble,yerlesimler_avrupa.js,45.188,5.724,1281-01-01,0,0,0,0,TEMİZ-ÖLÇÜLDÜ,,,Cularo/Gratianopolis,0.8,precise
Guayaquil (Santiago de Guayaquil),yerlesimler_0ee15e.js,-2.1919,-79.9009,1538-01-01,1,0,0,0,ÖLÇÜLEMEDİ,,,,,
Gulca (Yining),yerlesimler_asya.js,43.913,81.324,1281-01-01,1,0,0,0,ÖLÇÜLEMEDİ,,,,,
Gunt vadisi (bölge),yerlesimler_a78_asya.js,37.9,72.8,1281-01-01,1,0,0,0,ÖLÇÜLEMEDİ,,,,,
Guryev (Atyrau),yerlesimler_ortaasya2.js,47.11,51.92,1640-01-01,1,0,0,0,ÖLÇÜLEMEDİ,,,,,
Gvalyar (Gwalior),yerlesimler_asya.js,26.218,78.183,1281-01-01,1,0,0,0,ÖLÇÜLEMEDİ,,,,,
Gyula (Göle),yerlesimler_ek5.js,46.65,21.277,1281-01-01,1,0,0,0,ÖLÇÜLEMEDİ,,,,,
Göksun,yerlesimler_anadolu_0914.js,38.021,36.4973,1281-01-01,0,1,0,0,ÖLÇÜLEMEDİ,,,,,
Gölköy (Habsamana),yerlesimler_anadolu_0914.js,40.6878,37.6178,1281-01-01,1,0,0,0,ÖLÇÜLEMEDİ,,,,,
Gölyazı (Apollonia),yerlesimler.js,40.172,28.65,1281-01-01,1,0,0,0,ÖLÇÜLEMEDİ,,,Miletopolitis/Apolloniatis/Artynia (lake),4.5,precise
Görice (Korçë),yerlesimler_a78_avrupa.js,40.619,20.781,1281-01-01,1,0,0,0,ÖLÇÜLEMEDİ,,,,,
Gözleve (Kezlev),yerlesimler_kirim.js,45.1904,33.3669,1281-01-01,1,0,0,0,ÖLÇÜLEMEDİ,,,,,
Gülberge (Gulbarga),yerlesimler_asya.js,17.33,76.834,1281-01-01,1,0,0,0,ÖLÇÜLEMEDİ,,,,,
Gümrü (Aleksandropol),yerlesimler_ek26.js,40.789,43.847,1281-01-01,1,0,0,0,ÖLÇÜLEMEDİ,,,,,
Gümülcine,yerlesimler.js,41.122,25.406,1281-01-01,0,0,0,0,TEMİZ-ÖLÇÜLDÜ,,,Komotene,3.4,precise
Güney Georgia (Grytviken),yerlesimler_gamerika.js,-54.28,-36.51,1904-11-16,1,0,0,0,ÖLÇÜLEMEDİ,,,,,
Gürün,yerlesimler_anadolu_0914.js,38.7223,37.271,1281-01-01,0,0,0,0,TEMİZ-ÖLÇÜLDÜ,,,Gauraina,1.2,precise
Hacıbey (Odessa),yerlesimler.js,46.485,30.733,1281-01-01,1,0,0,0,ÖLÇÜLEMEDİ,,,,,
Hacıoğlupazarcığı (Dobrich),yerlesimler_ek29.js,43.565,27.831,1518-01-01,1,1,0,0,ÖLÇÜLEMEDİ,,,,,
Hagåtña (Agaña),yerlesimler_a78_okyanusya.js,13.4748,144.7516,1668-06-16,1,0,0,0,ÖLÇÜLEMEDİ,,,,,
Hakata (Fukuoka),yerlesimler_asya.js,33.59,130.402,1281-01-01,1,0,0,0,ÖLÇÜLEMEDİ,,,,,
Halep,yerlesimler.js,36.202,37.161,1260-01-01,0,0,0,0,TEMİZ-ÖLÇÜLDÜ,,,Beroia,0.3,precise
Halhın Gol (Buir Nur),yerlesimler_ek19.js,47.8,118.2,1281-01-01,1,0,0,0,ÖLÇÜLEMEDİ,,,,,
Halona:wa (Zuni),yerlesimler_kamerika.js,35.07,-108.85,1281-01-01,1,0,0,0,ÖLÇÜLEMEDİ,,,,,
Hama,yerlesimler.js,35.132,36.75,1281-01-01,0,0,0,0,TEMİZ-ÖLÇÜLDÜ,Ḥamāŧ,1.8,Amathe/Epiphaneia,0.2,precise
Hamilton (Yeni Zelanda),yerlesimler_a78_okyanusya.js,-37.787,175.2793,1864-08-24,1,0,0,0,ÖLÇÜLEMEDİ,,,,,
Hamâd (Bâdiyetü'ş-Şâm içi),yerlesimler_ek4.js,33.05,40.28,,1,0,0,0,ÖLÇÜLEMEDİ,,,,,
Hanoi (Thăng Long),yerlesimler_asya.js,21.028,105.834,1281-01-01,1,0,0,0,ÖLÇÜLEMEDİ,,,,,
Hanya,yerlesimler.js,35.512,24.019,1281-01-01,0,0,0,0,TEMİZ-ÖLÇÜLDÜ,,,Kydonia,0.4,precise
Hanşele (Khenchela),yerlesimler_h2_kuzeyafrika.js,35.436,7.144,1281-01-01,1,0,0,0,ÖLÇÜLEMEDİ,,,,,
Harput (Elazığ),yerlesimler.js,38.714,39.245,1281-01-01,1,0,0,0,TEMİZ-ÖLÇÜLDÜ,,,Harput,1.6,precise
Hasankeyf,yerlesimler_ok107.js,37.714,41.412,1085-01-01,0,0,0,1,TEMİZ-ÖLÇÜLDÜ,Ḥiṣn Kayfā,1.7,(Ris)Kepha(s),0.2,precise
Hatvan,yerlesimler.js,47.667,19.68,1281-01-01,0,0,0,0,TEMİZ-ÖLÇÜLDÜ,,,Hatvan,0.8,precise
Havana (La Habana),yerlesimler_amerika.js,23.1136,-82.3666,1519-11-16,1,0,0,0,ÖLÇÜLEMEDİ,,,,,
Havta (Havtat Benî Temîm),yerlesimler_nokta_ortadogu_0917.js,23.496,46.878,1795-01-01,1,0,0,0,ÖLÇÜLEMEDİ,,,,,
Havîza,yerlesimler.js,31.4572,48.075,1281-01-01,0,0,1,0,ÖLÇÜLEMEDİ,al-Ahwāz,60.1,Hurmizd Ardashir/[Suq al-Ahwaz],59.9,precise
Hawaii Adaları (Birleşme Öncesi — moku/aliʻi sistemi),yerlesimler_ek30.js,19.6,-155.5,,1,0,0,0,ÖLÇÜLEMEDİ,,,,,
Hayber,yerlesimler_ok101.js,25.6981,39.292,1281-01-01,0,0,1,0,TEMİZ-ÖLÇÜLDÜ,Ḫaybar,10.1,Khaybar,0.9,precise
Haydarâbâd (Dekken),yerlesimler_asya.js,17.385,78.487,1591-01-01,1,0,0,0,ÖLÇÜLEMEDİ,,,,,
Haydarâbâd (Sind),yerlesimler_asya.js,25.396,68.377,1768-01-01,1,0,0,0,ÖLÇÜLEMEDİ,,,,,
Hebron (Labrador),yerlesimler_kamerika.js,58.1997,-62.623,1830-01-01,1,0,0,0,ÖLÇÜLEMEDİ,,,,,
Helena (Montana),yerlesimler_kamerika.js,46.589,-112.039,1864-01-01,1,0,0,0,ÖLÇÜLEMEDİ,,,,,
Hemedan,yerlesimler.js,34.799,48.515,1281-01-01,0,0,0,0,TEMİZ-ÖLÇÜLDÜ,,,Ecbatana/Hagmatana/Achmeta/Epiphaneia/Ahmadan,0.7,precise
Hengyang (Hengzhou),yerlesimler_nokta_asya_0917.js,26.89,112.57,1281-01-01,1,1,0,0,ÖLÇÜLEMEDİ,,,,,
Henzada (Hinthada),yerlesimler_gdasya.js,17.64,95.46,1281-01-01,1,0,0,0,ÖLÇÜLEMEDİ,,,,,
Herat,yerlesimler_ek16.js,34.342,62.203,1175-01-01,0,0,0,0,TEMİZ-ÖLÇÜLDÜ,,,Alexandria Ariorum/Artacavan/Harey,1.3,precise
Herbertshöhe (Kokopo) — Rabaul,yerlesimler_okyanusya.js,-4.35,152.26,1884-11-03,1,1,0,0,ÖLÇÜLEMEDİ,,,,,
Herke (Halki),yerlesimler.js,36.229,27.568,1281-01-01,1,0,0,0,TEMİZ-ÖLÇÜLDÜ,,,Chalke Island,0.4,precise
Hermannsburg (Ntaria),yerlesimler_a78_okyanusya.js,-23.943,132.778,1877-01-01,1,0,0,0,ÖLÇÜLEMEDİ,,,,,
Herseknovi (Herceg Novi),yerlesimler_ek.js,42.453,18.538,1382-01-01,1,0,0,0,ÖLÇÜLEMEDİ,,,,,
Higüey (Taino cacicazgosu),yerlesimler_amerika.js,18.6144,-68.7047,1504-01-01,1,0,0,0,ÖLÇÜLEMEDİ,,,,,
Hille,yerlesimler.js,32.4828,44.4353,1281-01-01,0,0,0,0,TEMİZ-ÖLÇÜLDÜ,,,Al-Ḥilah,0.2,precise
Hisar,yerlesimler_ek14.js,38.52,68.55,1281-01-01,0,0,0,0,TEMİZ-ÖLÇÜLDÜ,,,Khisor,2.4,precise
Hlınov (Vyatka),yerlesimler_h2_rusya.js,58.604,49.668,1281-01-01,1,0,0,0,ÖLÇÜLEMEDİ,,,,,
Hohhot (Kuku-hoto),yerlesimler_asya.js,40.842,111.75,1581-01-01,1,0,0,0,ÖLÇÜLEMEDİ,,,,,
Hoima (Bunyoro),yerlesimler_afrika2.js,1.43,31.35,1281-01-01,1,0,0,0,ÖLÇÜLEMEDİ,,,,,
Honda (Tolima),yerlesimler_a78_amerika.js,5.2042,-74.7417,1643-03-04,1,0,0,0,ÖLÇÜLEMEDİ,,,,,
Hooper Bay (Naparyarmiut),yerlesimler_kamerika.js,61.529,-166.097,1281-01-01,1,0,0,0,ÖLÇÜLEMEDİ,,,,,
Hopedale (Agvituk),yerlesimler_kamerika.js,55.452,-60.221,1782-01-01,1,0,0,0,ÖLÇÜLEMEDİ,,,,,
Horog (Khorog),yerlesimler_a78_asya.js,37.5,71.6,1281-01-01,1,0,0,0,ÖLÇÜLEMEDİ,,,,,
Hotan,yerlesimler_asya.js,37.117,79.928,1281-01-01,0,0,0,1,ÖLÇÜLEMEDİ,,,,,
Hoy,yerlesimler.js,38.5503,44.9521,1281-01-01,0,0,0,0,TEMİZ-ÖLÇÜLDÜ,,,Chauon/Kaputa/Gobdi,0.4,precise
Hoşap (Mahmudi),yerlesimler_ek_ferhadpasa.js,38.2222,43.7439,1281-01-01,1,0,0,0,ÖLÇÜLEMEDİ,,,,,
Hradec Králové,yerlesimler.js,50.209,15.833,1281-01-01,0,0,0,0,TEMİZ-ÖLÇÜLDÜ,,,Hradec Králové,0.0,precise
Huamanga (Ayacucho),yerlesimler_amerika2.js,-13.1588,-74.2239,1539-01-09,1,0,0,0,ÖLÇÜLEMEDİ,,,,,
Huambo (Wambu),yerlesimler_afrika2.js,-12.78,15.74,1700-01-01,1,0,0,0,ÖLÇÜLEMEDİ,,,,,
Huancavelica (Villa Rica de Oropesa),yerlesimler_a78_amerika.js,-12.7864,-74.9756,1571-08-04,1,0,0,0,ÖLÇÜLEMEDİ,,,,,
Hucend,yerlesimler_ek15.js,40.284,69.622,1219-01-01,0,0,0,0,TEMİZ-ÖLÇÜLDÜ,Ḫuǧandaŧ,4.3,Alexandria Eschate,2.7,precise
Hudeyde,yerlesimler.js,14.798,42.954,1281-01-01,0,0,0,0,TEMİZ-ÖLÇÜLDÜ,,,Adedou Kome,0.6,precise
Huexotzinco (Huejotzingo),yerlesimler_amerika.js,19.1517,-98.4033,1281-01-01,1,0,0,0,ÖLÇÜLEMEDİ,,,,,
Hulo (Acara),yerlesimler_ek26.js,41.645,42.31,1281-01-01,1,0,0,0,ÖLÇÜLEMEDİ,,,,,
Humaitá (Madeira),yerlesimler_a78_amerika.js,-7.5117,-63.0327,1888-11-13,1,1,0,0,ÖLÇÜLEMEDİ,,,,,
Hums (Lebde),yerlesimler_afrika.js,32.649,14.262,1281-01-01,1,0,0,0,ÖLÇÜLEMEDİ,,,,,
Humus,yerlesimler.js,34.73,36.71,1281-01-01,0,0,0,0,TEMİZ-ÖLÇÜLDÜ,Ḥimṣ,1.6,(H)Emesa,1.2,precise
Hunayfire (Khenifra),yerlesimler_h2_kuzeyafrika.js,32.936,-5.668,1281-01-01,1,0,0,0,ÖLÇÜLEMEDİ,,,,,
Hunza (Tunja),yerlesimler_amerika.js,5.5353,-73.3678,1281-01-01,1,0,0,0,ÖLÇÜLEMEDİ,,,,,
Hurma (Tâif doğusu),yerlesimler_nokta_ortadogu_0917.js,21.911,42.031,1281-01-01,1,0,0,0,ÖLÇÜLEMEDİ,,,,,
Huánuco Pampa (Huánuco Viejo),yerlesimler_amerika.js,-9.9333,-76.5333,1460-01-01,1,0,0,0,ÖLÇÜLEMEDİ,,,,,
Huế (Phú Xuân),yerlesimler_asya.js,16.463,107.585,1281-01-01,1,0,0,0,ÖLÇÜLEMEDİ,,,,,
Hvar (Lesina),yerlesimler.js,43.164,16.699,1281-01-01,1,0,0,0,TEMİZ-ÖLÇÜLDÜ,,,Pharus (island),1.8,precise
Hâmi (Kumul),yerlesimler_asya.js,42.828,93.515,1281-01-01,1,0,0,0,ÖLÇÜLEMEDİ,,,,,
Hânekîn,yerlesimler.js,34.3519,45.3861,1281-01-01,0,0,0,0,GÜRÜLTÜ (yalnız al-Ṯurayyā 5–10 km),Ḫāniqīn,5.6,,,
Hârice (Vâhât),yerlesimler_afrika.js,25.44,30.546,1281-01-01,1,0,1,0,ÖLÇÜLEMEDİ,al-Ḫāriǧaŧ,50.4,,,
Hît,yerlesimler.js,33.6414,42.8253,1281-01-01,0,0,0,0,TEMİZ-ÖLÇÜLDÜ,Hīt,1.8,Idu/Diacira/Hit,0.4,precise
Hûglî (Hooghly),yerlesimler_asya.js,22.897,88.39,1281-01-01,1,0,0,0,ÖLÇÜLEMEDİ,,,,,
Hürmüz Adası,yerlesimler.js,26.861,56.366,1281-01-01,0,0,1,1,YAN-KESİN (nokta ne modern ne tarihî yerde),,,,,
Hımara (Himarë),yerlesimler_epir.js,40.1017,19.7444,1281-01-01,1,0,0,0,ÖLÇÜLEMEDİ,,,,,
Hısn-ı Mansûr (Adıyaman),yerlesimler.js,37.764,38.278,1281-01-01,1,0,1,0,TEMİZ-ÖLÇÜLDÜ,Ḥiṣn Manṣūr,20.3,Pordonnium,0.3,precise
Hội An (Faifo),yerlesimler_asya.js,15.88,108.335,1281-01-01,1,0,0,0,ÖLÇÜLEMEDİ,,,,,
Ica (Villa de Valverde),yerlesimler_a78_amerika.js,-14.0641,-75.7291,1563-06-17,1,0,0,0,ÖLÇÜLEMEDİ,,,,,
Igluligaarjuk (Chesterfield Inlet),yerlesimler_kamerika.js,63.342,-90.711,1281-01-01,1,0,0,0,ÖLÇÜLEMEDİ,,,,,
Iguatu (Telha),yerlesimler_a78_amerika.js,-6.3628,-39.2892,1831-10-11,1,0,0,0,ÖLÇÜLEMEDİ,,,,,
Ilgın,yerlesimler_ek29.js,38.2792,31.9139,1281-01-01,0,0,0,0,TEMİZ-ÖLÇÜLDÜ,,,*Lageina,0.6,precise
Iliamna / Nondalton (Dena'ina),yerlesimler_kamerika.js,59.98,-154.85,1281-01-01,1,0,0,0,ÖLÇÜLEMEDİ,,,,,
Ilâhâbâd (Allahabad),yerlesimler_asya.js,25.436,81.847,1281-01-01,1,0,0,0,ÖLÇÜLEMEDİ,,,,,
Imperatriz,yerlesimler_a78_amerika.js,-5.5185,-47.4777,1856-08-27,0,1,0,0,ÖLÇÜLEMEDİ,,,,,
Inukjuak (Port Harrison),yerlesimler_kamerika.js,58.454,-78.102,1281-01-01,1,0,0,0,ÖLÇÜLEMEDİ,,,,,
Ipameri (Entre Rios),yerlesimler_a78_amerika.js,-17.7215,-48.1581,1845-07-31,1,0,0,0,ÖLÇÜLEMEDİ,,,,,
Iqaluit (Frobisher Körfezi),yerlesimler_kamerika.js,63.746,-68.517,1576-08-01,1,0,0,0,ÖLÇÜLEMEDİ,,,,,
Iqaluktuuttiaq (Cambridge Bay),yerlesimler_kamerika.js,69.117,-105.058,1281-01-01,1,0,0,0,ÖLÇÜLEMEDİ,,,,,
Irgiz (Irgız),yerlesimler_ortaasya3.js,48.61,61.27,1281-01-01,1,0,0,0,ÖLÇÜLEMEDİ,,,,,
Isfahan,yerlesimler.js,32.654,51.668,1235-01-01,1,0,0,0,TEMİZ-ÖLÇÜLDÜ,Iṣbahān,2.3,Aspadana/(I)Spahan/Gay/Gabai?,1.1,precise
Isparta,yerlesimler.js,37.765,30.554,1204-01-01,0,0,0,0,TEMİZ-ÖLÇÜLDÜ,,,Baris,2.7,precise
Itacaré (Barra do Rio de Contas),yerlesimler_a78_amerika.js,-14.2784,-38.9959,1718-01-01,1,0,0,0,ÖLÇÜLEMEDİ,,,,,
Itacoatiara (Serpa),yerlesimler_a78_amerika.js,-3.1386,-58.4449,1759-01-01,1,0,0,0,ÖLÇÜLEMEDİ,,,,,
Itaguaçu (Boa Família),yerlesimler_a78_amerika.js,-19.8018,-40.8601,1891-03-16,1,0,0,0,ÖLÇÜLEMEDİ,,,,,
Jaluit (Jabor),yerlesimler_a78_okyanusya.js,5.8533,169.6341,1885-10-15,1,0,0,0,ÖLÇÜLEMEDİ,,,,,
Jaragua (Taino cacicazgosu),yerlesimler_amerika.js,18.5108,-72.6338,1503-01-01,1,0,0,0,ÖLÇÜLEMEDİ,,,,,
Jasenovaç (Jasenovac),yerlesimler_ek29.js,45.281,16.917,1281-01-01,1,0,0,0,ÖLÇÜLEMEDİ,,,,,
Jayapura (Hollandia),yerlesimler_emilme.js,-2.53,140.72,1898-01-01,1,0,0,0,ÖLÇÜLEMEDİ,,,,,
Jaén,yerlesimler_avrupa.js,37.779,-3.79,1281-01-01,0,0,0,0,TEMİZ-ÖLÇÜLDÜ,Ǧayyān,1.7,Jaén,0.7,precise
Jeseník (Freiwaldau),yerlesimler.js,50.229,17.204,1281-01-01,1,0,0,0,ÖLÇÜLEMEDİ,,,,,
Jesselton (Kota Kinabalu),yerlesimler_a78_asya.js,5.9677,116.0899,1899-01-01,1,0,0,0,ÖLÇÜLEMEDİ,,,,,
Ji'an (Jizhou),yerlesimler_nokta_asya_0917.js,27.11,114.98,1281-01-01,1,0,0,0,ÖLÇÜLEMEDİ,,,,,
Ji-Paraná (Presidente Pena telgraf istasyonu),yerlesimler_a78_amerika.js,-10.8777,-61.9322,1909-01-01,1,0,0,0,ÖLÇÜLEMEDİ,,,,,
Jiboya (Camacan aldeası),yerlesimler_gamerika.js,-14.9,-40.8,1817-01-01,1,0,0,0,ÖLÇÜLEMEDİ,,,,,
Jitomir (Zhytomyr),yerlesimler_ukrayna_0916.js,50.262,28.679,1281-01-01,1,0,0,0,ÖLÇÜLEMEDİ,,,,,
Junín (Fuerte Federación),yerlesimler_nokta_amerika_0917.js,-34.5856,-60.9589,1827-12-27,1,0,0,0,ÖLÇÜLEMEDİ,,,,,
Kabala,yerlesimler.js,40.984,47.845,1281-01-01,0,0,1,1,ADAY,Qabalaŧ,26.2,,,
Kabartay (Nalçik),yerlesimler.js,43.498,43.618,1281-01-01,1,0,0,0,ÖLÇÜLEMEDİ,,,,,
Kabongo (Luba),yerlesimler_emilme.js,-6.5,25.5,1585-01-01,1,0,0,0,ÖLÇÜLEMEDİ,,,,,
Kabâv (Nefûse),yerlesimler_h2_kuzeyafrika.js,31.941,12.036,1281-01-01,1,0,0,0,ÖLÇÜLEMEDİ,,,,,
Kafsa,yerlesimler_afrika.js,34.425,8.784,1281-01-01,0,0,0,0,TEMİZ-ÖLÇÜLDÜ,Qafṣaŧ,3.9,Capsa (Iustiniana),0.5,precise
Kahire,yerlesimler.js,30.047,31.243,1252-01-01,0,0,0,1,TEMİZ-ÖLÇÜLDÜ,al-Qāhiraŧ,0.8,Babylon/al-Fusṭāṭ/Old Cairo,4.7,precise
Kahone (Salum),yerlesimler_afrika2.js,13.92,-16.18,1350-01-01,1,0,0,0,ÖLÇÜLEMEDİ,,,,,
Kahul (Cahul),yerlesimler_p0037.js,45.905,28.198,1281-01-01,1,0,0,0,ÖLÇÜLEMEDİ,,,,,
Kaihua (Wenshan),yerlesimler_a78_asya.js,23.37,104.25,1281-01-01,1,0,0,0,ÖLÇÜLEMEDİ,,,,,
Kainsk (Baraba),yerlesimler_ek18.js,55.36,78.36,1722-01-01,1,0,0,0,ÖLÇÜLEMEDİ,,,,,
Kakonda (Caconda),yerlesimler_afrika2.js,-13.73,15.07,1682-01-01,1,0,0,0,ÖLÇÜLEMEDİ,,,,,
Kaktovik (Barter Adası),yerlesimler_kamerika.js,70.0918,-143.6225,1281-01-01,1,0,0,0,ÖLÇÜLEMEDİ,,,,,
Kal'a-i Hum (Darvaz),yerlesimler_a78_asya.js,38.467,70.767,1281-01-01,1,0,0,0,ÖLÇÜLEMEDİ,,,,,
Kala-i Pençe (Vahan),yerlesimler_a78_asya.js,36.98,72.58,1775-01-01,1,0,1,0,ÖLÇÜLEMEDİ,Waḫḫān,24.8,,,
Kala-i Vamar (Rûşan),yerlesimler_a78_asya.js,37.95,71.55,1281-01-01,1,0,0,0,ÖLÇÜLEMEDİ,,,,,
Kalas (Galatz),yerlesimler.js,45.435,28.008,1281-01-01,1,0,0,0,ÖLÇÜLEMEDİ,,,,,
Kalenga (Hehe),yerlesimler_afrika2.js,-7.79,35.62,1850-01-01,1,0,0,0,ÖLÇÜLEMEDİ,,,,,
Kalgan (Zhangjiakou),yerlesimler_asya.js,40.812,114.879,1429-01-01,1,0,0,0,ÖLÇÜLEMEDİ,,,,,
Kalikut (Kozhikode),yerlesimler_asya.js,11.259,75.78,1281-01-01,1,0,0,0,ÖLÇÜLEMEDİ,,,,,
Kalme (Guelma),yerlesimler_afrika.js,36.462,7.426,1281-01-01,1,0,0,0,ÖLÇÜLEMEDİ,,,,,
Kalyari (Cagliari),yerlesimler.js,39.22,9.12,1281-01-01,1,0,0,0,TEMİZ-ÖLÇÜLDÜ,,,Caralis,1.1,precise
Kambambe (Cambambe),yerlesimler_afrika2.js,-9.75,14.48,1604-01-01,1,0,0,0,ÖLÇÜLEMEDİ,,,,,
Kamçatka (İtelmen toprakları),yerlesimler_ek31.js,55.0,158.5,,1,0,0,0,ÖLÇÜLEMEDİ,,,,,
Kanbâyet (Khambhat),yerlesimler_asya.js,22.317,72.62,1281-01-01,1,0,0,0,ÖLÇÜLEMEDİ,,,,,
Kandehar,yerlesimler_asya.js,31.61,65.71,1281-01-01,0,0,0,0,TEMİZ-ÖLÇÜLDÜ,Qandahār,4.2,Alexandria/Alexandropolis/Cufis,4.9,precise
Kandiye (Girit),yerlesimler.js,35.339,25.133,1281-01-01,1,0,0,0,TEMİZ-ÖLÇÜLDÜ,,,Heraklion,0.2,precise
Kandy,yerlesimler_asya.js,7.291,80.636,1281-01-01,0,0,0,0,TEMİZ-ÖLÇÜLDÜ,,,Kandy,3.2,precise
Kangiqsujuaq (Wakeham Bay),yerlesimler_kamerika.js,61.596,-71.942,1281-01-01,1,0,0,0,ÖLÇÜLEMEDİ,,,,,
Kangirsuk (Payne Irmağı),yerlesimler_kamerika.js,60.024,-70.01,1281-01-01,1,0,0,0,ÖLÇÜLEMEDİ,,,,,
Kangiva (Nain iç bölgesi),yerlesimler_kamerika.js,57.5,-63.5,1281-01-01,1,0,0,0,ÖLÇÜLEMEDİ,,,,,
Kanngiqtugaapik (Clyde River),yerlesimler_kamerika.js,70.472,-68.591,1281-01-01,1,0,0,0,ÖLÇÜLEMEDİ,,,,,
Kannûr (Cannanore),yerlesimler_asya.js,11.868,75.355,1281-01-01,1,0,0,0,ÖLÇÜLEMEDİ,,,,,
Kansk,yerlesimler_sibirya2.js,56.2,95.71,1636-01-01,0,1,0,0,ADAY-BEYAN (kaydın kendi notu),,,,,
Kanton (Guangzhou),yerlesimler_asya.js,23.129,113.264,1281-01-01,1,0,0,0,ÖLÇÜLEMEDİ,,,,,
Kanye (Ngvaketse),yerlesimler_afrika2.js,-24.98,25.34,1700-01-01,1,0,0,0,ÖLÇÜLEMEDİ,,,,,
Kaoma (Mankoya),yerlesimler_afrika2.js,-14.8,24.8,1600-01-01,1,0,0,0,ÖLÇÜLEMEDİ,,,,,
Kap (Cape Town),yerlesimler_e9353f.js,-33.925,18.424,1652-01-01,1,0,0,0,ÖLÇÜLEMEDİ,,,,,
Kapit (Fort Sylvia),yerlesimler_a78_asya.js,2.01,112.93,1880-01-01,1,0,0,0,ÖLÇÜLEMEDİ,,,,,
Kapuas Hulu (bölge),yerlesimler_a78_asya.js,0.84,112.93,1281-01-01,1,0,0,0,ÖLÇÜLEMEDİ,,,,,
Karaferye (Veria),yerlesimler_ok107.js,40.524,22.203,1281-01-01,1,0,0,0,TEMİZ-ÖLÇÜLDÜ,,,Ber(r)oia,0.2,precise
Karahisâr-ı Sâhib (Afyon),yerlesimler.js,38.757,30.538,1281-01-01,1,0,0,0,ÖLÇÜLEMEDİ,,,,,
Karahisâr-ı Şarkî (Şebinkarahisar),yerlesimler_ek29.js,40.2886,38.4247,1281-01-01,1,0,0,0,TEMİZ-ÖLÇÜLDÜ,,,Koloneia,2.3,precise
"Karakul (Pamir, bölge)",yerlesimler_a78_asya.js,39.0,73.55,1281-01-01,1,0,0,0,ÖLÇÜLEMEDİ,,,,,
Karakurum,yerlesimler_asya.js,47.198,102.833,1281-01-01,0,0,0,1,TEMİZ-ÖLÇÜLDÜ,,,,,
Karaman,yerlesimler.js,37.181,33.215,1256-01-01,1,0,0,0,TEMİZ-ÖLÇÜLDÜ,,,Laranda,0.2,precise
Karamürsel,yerlesimler.js,40.69,29.617,1281-01-01,0,0,0,0,TEMİZ-ÖLÇÜLDÜ,,,Prainetos,0.2,precise
Karaşar (Yanqi),yerlesimler_ortaasya3.js,42.06,86.57,1281-01-01,1,0,0,0,ÖLÇÜLEMEDİ,,,,,
Karistos (Kızılhisar),yerlesimler.js,38.0182,24.4165,1281-01-01,1,0,0,0,TEMİZ-ÖLÇÜLDÜ,,,Karystos,2.3,precise
Karkaralinsk (Karkaralı),yerlesimler_ortaasya3.js,49.41,75.48,1281-01-01,1,0,0,0,ÖLÇÜLEMEDİ,,,,,
Karpatos,yerlesimler.js,35.508,27.213,1281-01-01,0,0,1,0,ÖLÇÜLEMEDİ,,,Karpathos (island),11.0,precise
Karpuzlu (Yenikarpuzlu),yerlesimler_sinir_kuzey.js,40.82996,26.29606,1281-01-01,1,0,0,0,ÖLÇÜLEMEDİ,,,,,
Kars,yerlesimler.js,40.602,43.095,1239-01-01,0,0,0,0,TEMİZ-ÖLÇÜLDÜ,,,Kars,0.8,precise
Karşi (Nahşeb),yerlesimler_ek14.js,38.86,65.795,1281-01-01,1,0,0,0,TEMİZ-ÖLÇÜLDÜ,,,Xenippa,1.0,precise
Kasama (Bemba),yerlesimler_afrika2.js,-10.21,31.18,1700-01-01,1,0,0,0,ÖLÇÜLEMEDİ,,,,,
Kasance (Kasanje),yerlesimler_afrika2.js,-9.36,18.14,1620-01-01,1,0,0,0,ÖLÇÜLEMEDİ,,,,,
Kasr-ı Şîrîn,yerlesimler.js,34.515,45.5772,1281-01-01,0,0,0,0,TEMİZ-ÖLÇÜLDÜ,Qaṣr Šīrīn,4.8,Qasr-i Shirin,0.1,precise
Kassa (Košice),yerlesimler_ek.js,48.714,21.258,1281-01-01,1,0,0,0,ÖLÇÜLEMEDİ,,,,,
Kastamonu,yerlesimler.js,41.377,33.777,1281-01-01,0,0,0,0,TEMİZ-ÖLÇÜLDÜ,,,Kastamonu,2.5,precise
Katanya (Catania),yerlesimler_avrupa.js,37.502,15.087,1281-01-01,1,0,0,0,TEMİZ-ÖLÇÜLDÜ,Qaṭāniyaŧ,3.4,Katane/Catina,0.1,precise
"Katar Yarımadası (iç, dolgu)",yerlesimler_ek_korfez.js,25.4,50.95,1559-01-01,1,0,0,0,ÖLÇÜLEMEDİ,,,,,
Katmai (Alaska Yarımadası),yerlesimler_kamerika.js,58.28,-155.0,1281-01-01,1,0,0,0,ÖLÇÜLEMEDİ,,,,,
Kattak (Cuttack),yerlesimler_asya.js,20.463,85.883,1281-01-01,1,0,0,0,ÖLÇÜLEMEDİ,,,,,
Kattowitz (Katowice),yerlesimler.js,50.259,19.02,1281-01-01,1,0,0,0,ÖLÇÜLEMEDİ,,,,,
Katye,yerlesimler_afrika.js,30.94,32.633,1281-01-01,0,0,0,1,ÖLÇÜLEMEDİ,,,,,
Katîf,yerlesimler.js,26.557,49.9873,1281-01-01,0,0,1,0,TEMİZ-ÖLÇÜLDÜ,al-Qaṭīf,3.2,Qatif,6.2,precise
Kavala,yerlesimler.js,40.9451,24.4101,1242-01-01,0,0,0,0,TEMİZ-ÖLÇÜLDÜ,,,Neapolis (Kavalla),1.2,precise
Kavieng (Käwieng),yerlesimler_a78_okyanusya.js,-2.5815,150.8108,1900-01-01,1,0,0,0,ÖLÇÜLEMEDİ,,,,,
Kayrevan,yerlesimler.js,35.678,10.096,1281-01-01,0,0,0,0,TEMİZ-ÖLÇÜLDÜ,al-Qayrawān,4.8,,,
Kayseri,yerlesimler.js,38.734,35.48,1143-01-01,0,0,0,0,TEMİZ-ÖLÇÜLDÜ,,,Mazaka/Eusebeia/Caesarea,1.0,precise
Kazak bozkırı (Sarısu),yerlesimler_sibirya.js,47.0,67.0,1281-01-01,1,0,0,0,ÖLÇÜLEMEDİ,,,,,
Kazak bozkırı (Turgay),yerlesimler_sibirya.js,49.6,63.5,1281-01-01,1,0,0,0,ÖLÇÜLEMEDİ,,,,,
Kazak bozkırı (İşim),yerlesimler_ek9.js,52.5,68.0,1281-01-01,1,0,0,0,ÖLÇÜLEMEDİ,,,,,
Kazakevičevo (Kazakevičeva stanitsası),yerlesimler_nokta_sibirya_0917.js,48.26922,134.73811,1858-01-01,1,0,0,0,ÖLÇÜLEMEDİ,,,,,
Kazalinsk (Kazalı),yerlesimler_ortaasya3.js,45.76,62.11,1281-01-01,1,0,0,0,ÖLÇÜLEMEDİ,,,,,
Kazan,yerlesimler.js,55.796,49.106,1281-01-01,0,0,0,1,ÖLÇÜLEMEDİ,,,,,
Kazvin,yerlesimler.js,36.269,50.004,1281-01-01,0,0,0,0,TEMİZ-ÖLÇÜLDÜ,Qazwīn,1.1,Shad Shapur,0.2,precise
Kaş (Antiphellos),yerlesimler.js,36.202,29.639,1281-01-01,1,0,0,0,TEMİZ-ÖLÇÜLDÜ,,,Antiphellos/Habesos,0.4,precise
Kaşev (Cacheu),yerlesimler_afrika2.js,12.27,-16.17,1588-01-01,1,0,0,0,ÖLÇÜLEMEDİ,,,,,
Kaşot (Kasos),yerlesimler.js,35.396,26.928,1281-01-01,1,0,0,0,TEMİZ-ÖLÇÜLDÜ,,,Kasos (island),0.8,precise
Kedah (Alor Setar),yerlesimler_asya.js,6.121,100.36,1281-01-01,1,0,0,0,ÖLÇÜLEMEDİ,,,,,
Kefe,yerlesimler.js,45.032,35.382,1281-01-01,0,0,0,0,TEMİZ-ÖLÇÜLDÜ,,,Theodosia,1.6,precise
Kekionga (Miami),yerlesimler_kamerika.js,41.08,-85.139,1281-01-01,1,0,0,0,ÖLÇÜLEMEDİ,,,,,
Kelantan (Kota Bharu),yerlesimler_gdasya.js,6.13,102.24,1281-01-01,1,0,0,0,ÖLÇÜLEMEDİ,,,,,
Kelemez (Kalimnos),yerlesimler.js,36.993,26.972,1281-01-01,1,0,0,0,ÖLÇÜLEMEDİ,,,Kalinos (island),12.2,precise
Kemah,yerlesimler.js,39.6,39.03,1228-01-01,0,0,0,0,TEMİZ-ÖLÇÜLDÜ,Kamaḫ,1.6,Ani,0.6,precise
Kemeran (Kamaran),yerlesimler.js,15.353,42.587,1281-01-01,1,0,0,0,TEMİZ-ÖLÇÜLDÜ,,,Camarum (island),2.8,precise
Kenai (Nikolayevskiy Redut),yerlesimler_kamerika.js,60.554,-151.258,1791-01-01,1,0,0,0,ÖLÇÜLEMEDİ,,,,,
Kerak,yerlesimler.js,31.181,35.703,1281-01-01,0,0,0,0,TEMİZ-ÖLÇÜLDÜ,Karak,1.2,Characmoba,0.2,precise
Kerbelâ,yerlesimler.js,32.616,44.025,1281-01-01,0,0,0,0,TEMİZ-ÖLÇÜLDÜ,Karbalāʾ,1.1,Karbalāʾ,50.9,rough
Keriya (Yutian),yerlesimler_ortaasya3.js,36.85,81.67,1281-01-01,1,0,0,0,ÖLÇÜLEMEDİ,,,,,
Kerkene (Kerkennah),yerlesimler.js,34.741,11.224,1281-01-01,1,0,0,0,TEMİZ-ÖLÇÜLDÜ,,,Cercina (island),1.5,precise
Kerkük,yerlesimler.js,35.468,44.392,1281-01-01,0,0,0,0,TEMİZ-ÖLÇÜLDÜ,,,Arrapha/Karkha de Beth Seluk,0.4,precise
Kerulen (Çoybalsan),yerlesimler_ek19.js,48.07,114.54,1281-01-01,1,0,0,0,ÖLÇÜLEMEDİ,,,,,
Kesendire (Kassandra),yerlesimler.js,40.062,23.442,1281-01-01,1,0,1,0,ÖLÇÜLEMEDİ,,,Pallene/Phlegra,19.3,precise
Kesriye (Kastoria),yerlesimler_a78_avrupa.js,40.519,21.269,1281-01-01,1,0,1,0,ÖLÇÜLEMEDİ,,,Kaisareia,62.0,precise
Ket Ostrogu (Ketsk),yerlesimler_sibirya.js,58.7,81.4,1602-01-01,1,0,0,0,ÖLÇÜLEMEDİ,,,,,
Keweenaw (Ojibwe bakır yatakları),yerlesimler_kamerika.js,46.54,-87.4,1281-01-01,1,0,0,0,ÖLÇÜLEMEDİ,,,,,
Keşan,yerlesimler.js,40.848,26.633,1281-01-01,0,0,0,0,TEMİZ-ÖLÇÜLDÜ,,,*Zorlanae,1.2,precise
Kilis,yerlesimler_ek25.js,36.716,37.115,1281-01-01,0,0,0,0,TEMİZ-ÖLÇÜLDÜ,,,Ciliza/Urmagiganti,0.1,precise
Killiniq (Port Burwell),yerlesimler_kamerika.js,60.4164,-64.8247,1904-01-01,1,0,0,0,ÖLÇÜLEMEDİ,,,,,
Kilwa Kisiwani (Kilve),yerlesimler_emilme.js,-8.9795,39.4862,1281-01-01,1,0,0,0,ÖLÇÜLEMEDİ,,,,,
Kimmirut (Lake Harbour),yerlesimler_kamerika.js,62.849,-69.873,1281-01-01,1,0,0,0,ÖLÇÜLEMEDİ,,,,,
Kimolos (Argentiera),yerlesimler.js,36.815,24.562,1281-01-01,1,0,0,0,TEMİZ-ÖLÇÜLDÜ,,,Kimolos (island),0.3,precise
Kinngait (Cape Dorset),yerlesimler_kamerika.js,64.231,-76.539,1281-01-01,1,0,0,0,ÖLÇÜLEMEDİ,,,,,
Kirkwall (Orkney),yerlesimler_avrupa.js,58.981,-2.96,1281-01-01,1,0,0,0,ÖLÇÜLEMEDİ,,,,,
Kirman,yerlesimler.js,30.28,57.08,1281-01-01,0,0,0,0,TEMİZ-ÖLÇÜLDÜ,,,Veh Ardashir/[Bardasir]/[Govasir],1.3,precise
Kirmanşah,yerlesimler.js,34.314,47.065,1281-01-01,0,0,0,0,TEMİZ-ÖLÇÜLDÜ,,,[Qirmisin]/[Kermanshahan],0.7,precise
Kirmasti (M.Kemalpaşa),yerlesimler.js,40.035,28.411,1281-01-01,1,0,0,0,ÖLÇÜLEMEDİ,,,,,
Kisangani (Stanleyville),yerlesimler_emilme.js,0.515,25.191,1885-01-01,1,0,0,0,ÖLÇÜLEMEDİ,,,,,
Kite (Kete),yerlesimler.js,40.13,28.86,1281-01-01,1,0,1,0,ÖLÇÜLEMEDİ,,,Eikote,28.3,precise
Kittigazuit (Mackenzie İnuitleri),yerlesimler_kamerika.js,69.35,-133.75,1281-01-01,1,0,0,0,ÖLÇÜLEMEDİ,,,,,
Kituwa (Çeroki ana kasabası),yerlesimler_kamerika.js,35.442,-83.36,1281-01-01,1,0,0,0,ÖLÇÜLEMEDİ,,,,,
Kiŋigin (Wales),yerlesimler_kamerika.js,65.611,-168.088,1281-01-01,1,0,0,0,ÖLÇÜLEMEDİ,,,,,
Kiş (Kish),yerlesimler.js,26.526,53.979,1281-01-01,1,0,0,0,TEMİZ-ÖLÇÜLDÜ,,,Kish,1.3,precise
Kişm (Qeshm),yerlesimler.js,26.791,55.821,1281-01-01,1,0,0,0,ÖLÇÜLEMEDİ,,,,,
Klaipėda (Memel),yerlesimler_ek7.js,55.703,21.144,1281-01-01,1,0,0,0,ÖLÇÜLEMEDİ,,,,,
Kliçatak (Suser),yerlesimler_sinir_kuzey.js,40.46393,43.73328,1281-01-01,1,0,0,0,ÖLÇÜLEMEDİ,,,,,
Klukwan (Tlingit),yerlesimler_kamerika.js,59.402,-135.893,1281-01-01,1,0,0,0,ÖLÇÜLEMEDİ,,,,,
Knife River (Hidatsa köyleri),yerlesimler_kamerika.js,47.333,-101.383,1281-01-01,1,0,0,0,ÖLÇÜLEMEDİ,,,,,
Kobdo (Hovd),yerlesimler_asya.js,48.006,91.641,1281-01-01,1,0,0,0,ÖLÇÜLEMEDİ,,,,,
Kobuk (Kuuvaŋmiit),yerlesimler_kamerika.js,66.91,-156.88,1281-01-01,1,0,0,0,ÖLÇÜLEMEDİ,,,,,
Kodiak (Pavlovskaya Gavan),yerlesimler_kamerika.js,57.79,-152.407,1792-01-01,1,0,0,0,ÖLÇÜLEMEDİ,,,,,
Koil (Aligarh),yerlesimler_asya.js,27.897,78.088,1194-01-01,1,0,0,0,ÖLÇÜLEMEDİ,,,,,
Kolam (Quilon),yerlesimler_asya.js,8.893,76.614,1281-01-01,1,0,0,0,ÖLÇÜLEMEDİ,,,,,
Kolombo,yerlesimler_asya.js,6.927,79.861,1281-01-01,0,0,0,0,TEMİZ-ÖLÇÜLDÜ,,,Colombo,1.1,precise
Kolonia (Pohnpei),yerlesimler_a78_okyanusya.js,6.9643,158.2091,1887-03-14,1,0,0,0,ÖLÇÜLEMEDİ,,,,,
Kolıma havzası (Yukagir toprakları),yerlesimler_ek31.js,66.0,152.0,,1,0,0,0,ÖLÇÜLEMEDİ,,,,,
Kolıvan (Çaus),yerlesimler_sibirya2.js,55.31,82.74,1713-06-29,1,0,0,0,ÖLÇÜLEMEDİ,,,,,
Komárom (Komárno),yerlesimler_ek29.js,47.7625,18.125,1281-01-01,1,0,0,0,ÖLÇÜLEMEDİ,,,,,
Konakri (Conakry),yerlesimler_afrika2.js,9.5111,-13.7109,1885-01-01,1,0,0,0,ÖLÇÜLEMEDİ,,,,,
Kongcu (Gongju),yerlesimler_asya.js,36.455,127.119,1281-01-01,1,0,0,0,ÖLÇÜLEMEDİ,,,,,
Koniçe (Konjic),yerlesimler_ek2.js,43.652,17.962,1281-01-01,1,0,0,0,ÖLÇÜLEMEDİ,,,,,
Konurapa (Düzce),yerlesimler.js,40.838,31.163,1281-01-01,1,0,0,0,ÖLÇÜLEMEDİ,,,,,
Konya,yerlesimler.js,37.872,32.492,1097-01-01,0,0,0,0,TEMİZ-ÖLÇÜLDÜ,,,Iconium/Claudiconium,0.1,precise
Kopal (Kapal),yerlesimler_ortaasya3.js,45.117,79.05,1281-01-01,1,0,0,0,ÖLÇÜLEMEDİ,,,,,
Kordofan (Ubeyyid),yerlesimler.js,13.184,30.218,1281-01-01,1,0,0,0,ÖLÇÜLEMEDİ,,,,,
Korfu,yerlesimler.js,39.624,19.922,1281-01-01,0,0,0,0,TEMİZ-ÖLÇÜLDÜ,,,Corcyra (settlement),2.2,precise
Koron,yerlesimler.js,36.796,21.955,1281-01-01,0,0,0,0,TEMİZ-ÖLÇÜLDÜ,,,Asine,0.8,precise
Korsakov (Güney Sahalin),yerlesimler_ek13.js,46.633,142.786,1875-05-07,1,0,0,0,ÖLÇÜLEMEDİ,,,,,
Korçula (Kurzola),yerlesimler.js,42.945,16.904,1281-01-01,1,0,0,0,ÖLÇÜLEMEDİ,,,,,
Kostantinov (Starokostiantyniv),yerlesimler_ukrayna_0916.js,49.755,27.212,1571-01-01,1,0,0,0,ÖLÇÜLEMEDİ,,,,,
Kostayniçe (Kostajnica),yerlesimler_ek29.js,45.232,16.539,1281-01-01,1,0,0,0,ÖLÇÜLEMEDİ,,,,,
Kotabato (Magindanao),yerlesimler_asya.js,7.223,124.246,1281-01-01,1,0,0,0,ÖLÇÜLEMEDİ,,,,,
Kotor (Cattaro),yerlesimler_ek.js,42.421,18.768,1281-01-01,1,0,0,0,TEMİZ-ÖLÇÜLDÜ,,,*Agruvium,0.1,precise
Kotur,yerlesimler_ek_ferhadpasa.js,38.475,44.3958,1281-01-01,0,0,0,0,TEMİZ-ÖLÇÜLDÜ,,,Kotor(odz),2.1,precise
Koçbaba (Serifos),yerlesimler.js,37.162,24.484,1281-01-01,1,0,0,0,TEMİZ-ÖLÇÜLDÜ,,,Seriphos (island),0.7,precise
Koçin (Kochi),yerlesimler_asya.js,9.9551,76.2505,1281-01-01,1,0,0,0,ÖLÇÜLEMEDİ,,,,,
Krasnovodsk (Türkmenbaşı),yerlesimler.js,40.022,52.96,1869-01-01,1,0,0,0,ÖLÇÜLEMEDİ,,,,,
Krayova (Craiova),yerlesimler.js,44.33,23.795,1281-01-01,1,0,0,0,ÖLÇÜLEMEDİ,,,,,
Krk (Veglia),yerlesimler.js,45.075,14.615,1281-01-01,1,0,0,0,TEMİZ-ÖLÇÜLDÜ,,,Curicta (island),1.1,precise
Krupa (Bosanska Krupa),yerlesimler_ek29.js,44.882,16.158,1281-01-01,1,0,0,0,ÖLÇÜLEMEDİ,,,,,
Kuban (Yekaterinodar),yerlesimler.js,45.035,38.975,1281-01-01,1,0,0,0,ÖLÇÜLEMEDİ,,,,,
Kuching (Sarawak),yerlesimler_asya.js,1.553,110.359,1827-01-01,1,0,0,0,ÖLÇÜLEMEDİ,,,,,
Kudüs,yerlesimler.js,31.777,35.234,1281-01-01,0,0,0,0,TEMİZ-ÖLÇÜLDÜ,Bayt al-Maqdis,2.9,Ierusalem/Hierosolyma/Col. Aelia Capitolina,0.1,precise
Kufra (el-Cûf),yerlesimler_afrika.js,24.209,23.3,,1,0,0,0,ÖLÇÜLEMEDİ,,,,,
Kugaaruk (Pelly Bay),yerlesimler_kamerika.js,68.534,-89.832,1281-01-01,1,0,0,0,ÖLÇÜLEMEDİ,,,,,
Kugluktuk (Coppermine),yerlesimler_kamerika.js,67.8018,-115.1003,1281-01-01,1,0,0,0,ÖLÇÜLEMEDİ,,,,,
Kugluktuk doğusu — Bathurst Inlet (Kingaunmiut),yerlesimler_kamerika.js,66.83,-108.0,1281-01-01,1,0,0,0,ÖLÇÜLEMEDİ,,,,,
Kuito (Bié),yerlesimler_afrika2.js,-12.38,16.94,1700-01-01,1,0,0,0,ÖLÇÜLEMEDİ,,,,,
Kukava (Kukawa),yerlesimler_ok107.js,12.923,13.561,1814-01-01,1,0,0,0,ÖLÇÜLEMEDİ,,,,,
Kulluk (Salamis),yerlesimler.js,37.94,23.482,1281-01-01,1,0,0,0,TEMİZ-ÖLÇÜLDÜ,,,Salamis (island),0.4,precise
Kum,yerlesimler.js,34.64,50.876,1281-01-01,0,0,0,0,TEMİZ-ÖLÇÜLDÜ,Qumm,2.9,Goyman/Kumandan/Eran-vinard-Kavad,1.3,precise
Kurnûl (Kurnool),yerlesimler_asya.js,15.828,78.037,1281-01-01,1,0,0,0,ÖLÇÜLEMEDİ,,,,,
Kurtuba (Córdoba),yerlesimler_avrupa.js,37.888,-4.779,1281-01-01,1,0,0,0,TEMİZ-ÖLÇÜLDÜ,Qurṭubaŧ,3.5,Corduba/Col. Patricia,0.4,precise
Kusayr,yerlesimler_afrika.js,26.104,34.283,1281-01-01,0,0,1,1,KESİN,Quṣayr,0.6,Myos Hormos?,7.0,precise
Kutaisi,yerlesimler.js,42.268,42.695,1281-01-01,0,0,0,0,TEMİZ-ÖLÇÜLDÜ,,,Kotais,1.0,precise
Kuujjuaq (Fort Chimo),yerlesimler_kamerika.js,58.101,-68.4,1830-01-01,1,0,0,0,ÖLÇÜLEMEDİ,,,,,
Kuujjuarapik (Great Whale River),yerlesimler_kamerika.js,55.283,-77.75,1820-01-01,1,0,0,0,ÖLÇÜLEMEDİ,,,,,
Kuzey Payut (Kara Kaya Çölü),yerlesimler_kamerika.js,41.2,-119.0,1281-01-01,1,0,0,0,ÖLÇÜLEMEDİ,,,,,
Kuzey Sahalin (bölge),yerlesimler_a78_asya.js,52.9,142.9,1281-01-01,1,0,0,0,ÖLÇÜLEMEDİ,,,,,
Kuça (Kuqa),yerlesimler_asya.js,41.717,82.962,1281-01-01,1,0,0,0,ÖLÇÜLEMEDİ,,,,,
Kyk-over-al (Essequibo),yerlesimler_gamerika.js,6.4,-58.68,1616-01-01,1,0,0,0,ÖLÇÜLEMEDİ,,,,,
Kyongcu (Gyeongju),yerlesimler_asya.js,35.856,129.225,1281-01-01,1,0,0,0,ÖLÇÜLEMEDİ,,,,,
Kyongsong (Gyeongseong),yerlesimler_asya.js,41.575,129.598,1434-01-01,1,0,0,0,ÖLÇÜLEMEDİ,,,,,
Kâbil,yerlesimler_asya.js,34.528,69.172,1281-01-01,0,0,0,0,TEMİZ-ÖLÇÜLDÜ,Kābul,0.5,Kabul,0.8,precise
Kâin,yerlesimler.js,33.7272,59.1831,1281-01-01,0,0,1,0,ADAY-ZAYIF,Qāyīn,12.1,,,
Kâzerûn,yerlesimler.js,29.6186,51.6542,1281-01-01,0,0,0,0,TEMİZ-ÖLÇÜLDÜ,Kāzarūn,3.1,Kazerun,0.4,precise
Kâşân,yerlesimler.js,33.9831,51.41,1281-01-01,0,0,0,0,GÜRÜLTÜ (yalnız al-Ṯurayyā 5–10 km),Qāšān,8.9,Kāšān,54.4,rough
Köhne Ürgenç (Gürgenç),yerlesimler.js,42.3417,59.15,1281-01-01,1,0,0,1,ADAY-ZAYIF,,,,,
Kökçetav (Kokçetav),yerlesimler_ortaasya3.js,53.28,69.39,1281-01-01,1,0,0,0,ÖLÇÜLEMEDİ,,,,,
Köln,yerlesimler.js,50.938,6.96,1281-01-01,0,0,0,0,TEMİZ-ÖLÇÜLDÜ,,,Ara Ubiorum/Col. Claudia Ara Agrippinensium,0.3,precise
Köprühisar (Yenişehir),yerlesimler.js,40.205,29.545,1281-01-01,1,0,0,0,ÖLÇÜLEMEDİ,,,,,
Köprülü (Veles),yerlesimler_ok107.js,41.716,21.775,1281-01-01,1,0,0,0,ÖLÇÜLEMEDİ,,,,,
Köstendil,yerlesimler.js,42.283,22.69,1281-01-01,0,0,0,0,TEMİZ-ÖLÇÜLDÜ,,,Pautalia,0.9,precise
Kûfe,yerlesimler.js,32.03,44.4009,1281-01-01,0,0,1,0,TEMİZ-ÖLÇÜLDÜ,al-Kūfaŧ,1.1,Aqola/[al-Kufa],6.5,precise
Kûm Ombo,yerlesimler_afrika.js,24.476,32.943,1281-01-01,0,0,0,0,TEMİZ-ÖLÇÜLDÜ,,,Omboi,3.0,precise
Kûs,yerlesimler_afrika.js,25.915,32.76,1281-01-01,0,0,0,0,TEMİZ-ÖLÇÜLDÜ,Qūṣ,1.7,Apollonopolis Parva/Diocletianopolis,4.1,precise
Küfkaynapınarı (Azatlı),yerlesimler_sinir_kuzey.js,41.49897,26.70205,1281-01-01,1,0,0,0,ÖLÇÜLEMEDİ,,,,,
Külâb (Kulob),yerlesimler_ek14.js,37.91,69.78,1281-01-01,1,0,0,0,ÖLÇÜLEMEDİ,,,,,
Kütahya,yerlesimler.js,39.424,29.983,1233-01-01,0,0,0,0,TEMİZ-ÖLÇÜLDÜ,,,Kotiaeion,0.7,precise
Kıbillî (Nefzâve),yerlesimler_h2_kuzeyafrika.js,33.704,8.969,1281-01-01,1,0,1,0,TEMİZ-ÖLÇÜLDÜ,Nafzāwaŧ,30.8,Kebili,0.2,precise
Kılkış (Avrathisar),yerlesimler_ok107.js,40.994,22.874,1281-01-01,1,0,0,0,ÖLÇÜLEMEDİ,,,,,
Kımpulung (Câmpulung),yerlesimler.js,45.269,25.045,1281-01-01,1,0,0,0,ÖLÇÜLEMEDİ,,,,,
Kına,yerlesimler_afrika.js,26.164,32.716,1281-01-01,0,0,0,0,TEMİZ-ÖLÇÜLDÜ,Qinā,1.8,Kaine/Maximianopolis,2.1,precise
Kırklareli,yerlesimler.js,41.735,27.225,1281-01-01,0,0,0,0,TEMİZ-ÖLÇÜLDÜ,,,Saranta Ekklēsiai,2.2,precise
Kızıkermen (Gazi Kerman),yerlesimler_ok106.js,46.84,33.42,1441-01-01,1,0,0,0,ÖLÇÜLEMEDİ,,,,,
Kızıl Kızılderili Gölü (Beothuk),yerlesimler_kamerika.js,48.65,-56.85,1281-01-01,1,0,0,0,ÖLÇÜLEMEDİ,,,,,
La Agüera (La Güera),yerlesimler_a78_afrika.js,20.833,-17.089,1920-01-01,1,1,0,0,ÖLÇÜLEMEDİ,,,,,
La Baye (Green Bay),yerlesimler_kamerika.js,44.513,-88.016,1634-01-01,1,0,0,0,ÖLÇÜLEMEDİ,,,,,
La Junta de los Ríos (Presidio),yerlesimler_kamerika.js,29.56,-104.37,1683-01-01,1,0,0,0,ÖLÇÜLEMEDİ,,,,,
La Merced (Chanchamayo),yerlesimler_gamerika.js,-11.05,-75.34,1869-01-01,1,0,0,0,ÖLÇÜLEMEDİ,,,,,
La Palma (Darién),yerlesimler_a78_amerika.js,8.4023,-78.1407,1922-12-27,1,0,0,0,ÖLÇÜLEMEDİ,,,,,
La Paz (Baja California Sur),yerlesimler_kamerika.js,24.142,-110.311,1720-01-01,1,0,0,0,ÖLÇÜLEMEDİ,,,,,
La Rioja (Arjantin),yerlesimler_a78_amerika.js,-29.4127,-66.8559,1591-01-01,1,0,0,0,ÖLÇÜLEMEDİ,,,,,
Labuan (Victoria),yerlesimler_a78_asya.js,5.28,115.24,1281-01-01,1,0,0,0,ÖLÇÜLEMEDİ,,,,,
Ladik (Amasya),yerlesimler.js,40.912,35.898,1281-01-01,1,0,1,0,ÖLÇÜLEMEDİ,,,Amaseia,27.9,precise
Lagos (Algarve),yerlesimler_avrupa.js,37.102,-8.674,1281-01-01,1,0,0,0,TEMİZ-ÖLÇÜLDÜ,,,Lagos,0.1,precise
Lagos (Eko),yerlesimler_afrika2.js,6.45,3.4,1281-01-01,1,0,0,0,ÖLÇÜLEMEDİ,,,,,
Lagunillas (Cordillera),yerlesimler_a78_amerika.js,-19.6518,-63.6759,1855-04-24,1,0,0,0,ÖLÇÜLEMEDİ,,,,,
Lalibela,yerlesimler_afrika.js,12.032,39.047,1281-01-01,0,0,0,0,TEMİZ-ÖLÇÜLDÜ,,,Lalibela,0.4,precise
Lanzaka (Lagkadas),yerlesimler_ek29.js,40.75,23.0667,1281-01-01,1,0,0,0,ÖLÇÜLEMEDİ,,,,,
Lapaha (Muʻa),yerlesimler_ek30.js,-21.1792,-175.1167,1220-01-01,1,0,0,0,ÖLÇÜLEMEDİ,,,,,
Lapwai (Nez Perce),yerlesimler_kamerika.js,46.4,-116.03,1281-01-01,1,0,0,0,ÖLÇÜLEMEDİ,,,,,
"Las Vegas (Nevada, Mormon Kalesi)",yerlesimler_kamerika.js,36.171,-115.14,1855-01-01,1,0,0,0,ÖLÇÜLEMEDİ,,,,,
Las Vegas (Yeni Meksika),yerlesimler_kamerika.js,35.594,-105.223,1835-01-01,1,0,0,0,ÖLÇÜLEMEDİ,,,,,
Lashio (Kuzey Hsenwi),yerlesimler_a78_asya.js,22.94,97.75,1281-01-01,1,0,0,0,ÖLÇÜLEMEDİ,,,,,
Launceston,yerlesimler_a78_okyanusya.js,-41.4332,147.1441,1806-01-01,0,1,0,0,ÖLÇÜLEMEDİ,,,,,
Lautém (Moro),yerlesimler_a78_asya.js,-8.358,126.929,1281-01-01,1,0,0,0,ÖLÇÜLEMEDİ,,,,,
Lax Kw'alaams (Fort Simpson BC),yerlesimler_kamerika.js,54.558,-130.434,1834-01-01,1,0,0,0,ÖLÇÜLEMEDİ,,,,,
Le Mans,yerlesimler_avrupa.js,48.006,0.199,1281-01-01,0,0,0,0,TEMİZ-ÖLÇÜLDÜ,,,Ouindinon/Subdinnum,0.1,precise
Lealui (Lozi),yerlesimler_afrika2.js,-15.2,23.1,1600-01-01,1,0,0,0,ÖLÇÜLEMEDİ,,,,,
Lecce,yerlesimler.js,40.352,18.169,1281-01-01,0,0,0,0,TEMİZ-ÖLÇÜLDÜ,,,Lupia(e),0.3,precise
Lefke (Osmaneli),yerlesimler.js,40.356,30.014,1281-01-01,1,0,0,0,ÖLÇÜLEMEDİ,,,,,
Lefkoşa,yerlesimler.js,35.17,33.36,1281-01-01,0,0,0,0,TEMİZ-ÖLÇÜLDÜ,,,Ledroi/Leuke Ousia,1.8,precise
Leh (Ladakh),yerlesimler_asya.js,34.164,77.585,1281-01-01,1,0,0,0,ÖLÇÜLEMEDİ,,,,,
Leknev (Lucknow),yerlesimler_asya.js,26.847,80.947,1281-01-01,1,0,0,0,ÖLÇÜLEMEDİ,,,,,
Lendava (Alsólendva),yerlesimler_a78_avrupa.js,46.563,16.452,1281-01-01,1,0,0,0,ÖLÇÜLEMEDİ,,,,,
Lengua misyonu (Paraguay Chaco),yerlesimler_gamerika.js,-23.0,-58.5,1887-01-01,1,0,0,0,ÖLÇÜLEMEDİ,,,,,
Lerwick (Shetland),yerlesimler_avrupa.js,60.153,-1.145,1281-01-01,1,0,0,0,ÖLÇÜLEMEDİ,,,,,
Leylâ (Eflâc),yerlesimler_nokta_ortadogu_0917.js,22.292,46.724,1795-01-01,1,0,1,0,ÖLÇÜLEMEDİ,al-Falaǧ,23.9,,,
León,yerlesimler_avrupa.js,42.599,-5.567,1281-01-01,0,0,0,0,TEMİZ-ÖLÇÜLDÜ,Liyūn,2.2,Legio VII Gemina,0.2,precise
Leş (Alessio),yerlesimler_ok104.js,41.783,19.644,1281-01-01,1,0,0,0,ÖLÇÜLEMEDİ,,,,,
Librevil (Libreville),yerlesimler_afrika2.js,0.39,9.45,1849-08-17,1,0,0,0,ÖLÇÜLEMEDİ,,,,,
Liegnitz (Legnica),yerlesimler.js,51.211,16.161,1281-01-01,1,0,0,0,ÖLÇÜLEMEDİ,,,,,
Lifau (Oecussi),yerlesimler_a78_asya.js,-9.2056,124.3711,1281-01-01,1,1,0,0,ÖLÇÜLEMEDİ,,,,,
Lima (Ciudad de los Reyes),yerlesimler_amerika.js,-12.0464,-77.0428,1535-01-18,1,0,0,0,ÖLÇÜLEMEDİ,,,,,
Limasol,yerlesimler.js,34.707,33.023,1281-01-01,0,0,0,0,TEMİZ-ÖLÇÜLDÜ,,,Neapolis/Theodosias,3.7,precise
Limoges,yerlesimler_avrupa.js,45.834,1.262,1281-01-01,0,0,0,0,TEMİZ-ÖLÇÜLDÜ,,,Augustoritum,0.6,precise
Lin'an (Jianshui),yerlesimler_a78_asya.js,23.62,102.83,1281-01-01,1,0,0,0,ÖLÇÜLEMEDİ,,,,,
Lindos,yerlesimler.js,36.092,28.088,1281-01-01,0,0,0,0,TEMİZ-ÖLÇÜLDÜ,,,Lindos,0.1,precise
Linguère (Colof),yerlesimler_afrika2.js,15.4,-15.12,1350-01-01,1,0,0,0,ÖLÇÜLEMEDİ,,,,,
Linz,yerlesimler_a78_avrupa.js,48.306,14.286,1281-01-01,0,0,0,0,TEMİZ-ÖLÇÜLDÜ,,,Lentia,0.2,precise
Listuguj (Restigouche),yerlesimler_kamerika.js,48.05,-66.7,1281-01-01,1,0,0,0,ÖLÇÜLEMEDİ,,,,,
Little Rock (Arkansas Post havzası),yerlesimler_kamerika.js,34.746,-92.29,1820-01-01,1,0,0,0,ÖLÇÜLEMEDİ,,,,,
Livno (İhlevne),yerlesimler.js,43.827,17.008,1281-01-01,1,0,0,0,ÖLÇÜLEMEDİ,,,,,
Ljubljana,yerlesimler.js,46.056,14.506,1281-01-01,0,0,0,0,TEMİZ-ÖLÇÜLDÜ,,,Emona,0.5,precise
Loango (Buali),yerlesimler_emilme.js,-4.6546,11.805,1550-01-01,1,0,0,0,ÖLÇÜLEMEDİ,,,,,
Lobamba (Svazi),yerlesimler_afrika2.js,-26.45,31.2,1815-01-01,1,0,0,0,ÖLÇÜLEMEDİ,,,,,
Lokoca (Lokoja),yerlesimler_afrika2.js,7.8,6.74,1281-01-01,1,0,0,0,ÖLÇÜLEMEDİ,,,,,
Londra,yerlesimler.js,51.507,-0.128,1281-01-01,0,0,0,0,TEMİZ-ÖLÇÜLDÜ,,,Londinium/Augusta,2.8,precise
Lorengau (Manus),yerlesimler_a78_okyanusya.js,-2.0226,147.2712,1911-01-01,1,0,0,0,ÖLÇÜLEMEDİ,,,,,
Loreto (Baja California),yerlesimler_amerika3.js,26.0111,-111.3436,1697-10-25,1,0,0,0,ÖLÇÜLEMEDİ,,,,,
Loreto (Maranhão),yerlesimler_a78_amerika.js,-7.0811,-45.1451,1851-11-10,1,0,0,0,ÖLÇÜLEMEDİ,,,,,
Loreto (Mojos),yerlesimler_gamerika.js,-15.22,-64.67,1684-01-01,1,0,0,0,ÖLÇÜLEMEDİ,,,,,
Los Ángeles (El Pueblo),yerlesimler_kamerika.js,34.053,-118.243,1781-09-04,1,0,0,0,ÖLÇÜLEMEDİ,,,,,
Lovozero (Luyavr),yerlesimler_p0037.js,68.005,35.015,1281-01-01,1,0,0,0,ÖLÇÜLEMEDİ,,,,,
Luena (Moxico),yerlesimler_afrika2.js,-11.78,19.92,1700-01-01,1,0,0,0,ÖLÇÜLEMEDİ,,,,,
Lugos (Lugoj),yerlesimler.js,45.688,21.903,1281-01-01,1,0,0,0,ÖLÇÜLEMEDİ,,,,,
Luristan,yerlesimler.js,33.487,48.356,1281-01-01,0,0,1,0,ÖLÇÜLEMEDİ,,,Luristan,28.8,precise
Lutsk (Łuck),yerlesimler_p0037.js,50.7472,25.3254,1281-01-01,1,0,0,0,ÖLÇÜLEMEDİ,,,,,
Lyon,yerlesimler.js,45.76,4.836,1281-01-01,0,0,0,0,TEMİZ-ÖLÇÜLDÜ,,,Col. Lugdunum,1.3,precise
Lámud,yerlesimler_a78_amerika.js,-6.139,-77.9519,1861-02-05,0,1,0,0,ÖLÇÜLEMEDİ,,,,,
Léva (Levice),yerlesimler_ek29.js,48.2172,18.6069,1281-01-01,1,0,0,0,ÖLÇÜLEMEDİ,,,,,
Lüşun (Port Arthur),yerlesimler_asya.js,38.813,121.216,1281-01-01,1,0,0,0,ÖLÇÜLEMEDİ,,,,,
Maan,yerlesimler.js,30.192,35.734,1281-01-01,0,0,0,0,TEMİZ-ÖLÇÜLDÜ,Maʿān,1.1,,,
Maastricht,yerlesimler_avrupa.js,50.851,5.691,1281-01-01,0,0,0,0,TEMİZ-ÖLÇÜLDÜ,,,Traiectus?,0.2,precise
Madawaska (Maliseet),yerlesimler_kamerika.js,47.35,-68.32,1281-01-01,1,0,0,0,ÖLÇÜLEMEDİ,,,,,
Madera (Chihuahua),yerlesimler_a78_amerika.js,29.1934,-108.1445,1911-07-13,1,0,0,0,ÖLÇÜLEMEDİ,,,,,
Madras (Chennai),yerlesimler_asya.js,13.083,80.27,1639-08-22,1,0,0,0,ÖLÇÜLEMEDİ,,,,,
Madurai,yerlesimler_asya.js,9.925,78.119,1281-01-01,0,0,0,0,TEMİZ-ÖLÇÜLDÜ,,,Modoura,1.9,precise
Magosa,yerlesimler.js,35.125,33.94,1281-01-01,0,0,0,0,TEMİZ-ÖLÇÜLDÜ,,,Arsinoe?/Ammochostos?,0.8,precise
Mahabad (Sâvücbulak),yerlesimler_kalite4.js,36.77,45.72,1501-07-01,1,0,0,0,ÖLÇÜLEMEDİ,,,,,
Mahabo (Menabe),yerlesimler_afrika2.js,-20.38,44.67,1600-01-01,1,0,0,0,ÖLÇÜLEMEDİ,,,,,
Mahacanga (Majunga),yerlesimler_afrika2.js,-15.717,46.3199,1690-01-01,1,0,0,0,ÖLÇÜLEMEDİ,,,,,
Mainz,yerlesimler_avrupa.js,49.999,8.273,1281-01-01,0,0,0,0,TEMİZ-ÖLÇÜLDÜ,,,Mogontiacum,0.1,precise
Makao (Macau),yerlesimler_asya.js,22.199,113.544,1281-01-01,1,0,0,0,ÖLÇÜLEMEDİ,,,,,
Makoku (Makokou),yerlesimler_afrika2.js,0.57,12.87,1900-01-01,1,0,0,0,ÖLÇÜLEMEDİ,,,,,
Malak Dervent (Lalkovo),yerlesimler_sinir_kuzey.js,42.07516,26.72009,1281-01-01,1,0,0,0,ÖLÇÜLEMEDİ,,,,,
Malatya,yerlesimler.js,38.353,38.334,1281-01-01,0,0,0,1,TEMİZ-ÖLÇÜLDÜ,Malaṭīn,2.1,Melitene,4.0,precise
Malebo Havuzu (Teke),yerlesimler_e9353f.js,-4.27,15.35,,1,0,0,0,ÖLÇÜLEMEDİ,,,,,
Malikiye (Derik),yerlesimler_ek25.js,37.176,42.145,1281-01-01,1,0,0,0,ÖLÇÜLEMEDİ,,,,,
Mamûra (Mehdiye),yerlesimler_h2_kuzeyafrika.js,34.256,-6.678,1281-01-01,1,0,0,0,ÖLÇÜLEMEDİ,,,,,
Manama (Bahreyn),yerlesimler.js,26.228,50.586,1417-01-01,1,0,0,0,ÖLÇÜLEMEDİ,,,,,
Manas (Cungarya),yerlesimler_ortaasya3.js,44.3,86.21,1281-01-01,1,0,0,0,ÖLÇÜLEMEDİ,,,,,
Manaus (Forte de São José do Rio Negro),yerlesimler_amerika3.js,-3.119,-60.0217,1669-01-01,1,0,0,0,ÖLÇÜLEMEDİ,,,,,
Mandu (Mândû),yerlesimler_asya.js,22.336,75.403,1281-01-01,1,0,0,0,ÖLÇÜLEMEDİ,,,,,
"Mangrove Cay (Moxey Town, Andros)",yerlesimler_a78_amerika.js,24.2977,-77.6777,1868-01-01,1,0,0,0,ÖLÇÜLEMEDİ,,,,,
Manisa,yerlesimler.js,38.614,27.429,1204-04-13,0,0,0,0,TEMİZ-ÖLÇÜLDÜ,,,Magnesia ad Sipylum,0.4,precise
Mankhamba (Maravi),yerlesimler_afrika2.js,-14.28,34.52,1480-01-01,1,1,0,0,ÖLÇÜLEMEDİ,,,,,
Mansûre,yerlesimler_afrika.js,31.038,31.38,1281-01-01,0,0,0,0,TEMİZ-ÖLÇÜLDÜ,,,Hermopolis,0.1,precise
Mantova,yerlesimler_avrupa.js,45.156,10.791,1281-01-01,0,0,0,0,TEMİZ-ÖLÇÜLDÜ,,,Mantua,0.7,precise
Mao (Kanem),yerlesimler_e9353f.js,13.996,15.313,1281-01-01,1,0,0,0,ÖLÇÜLEMEDİ,,,,,
Maoka (Kholmsk),yerlesimler_a78_asya.js,47.0371,142.0484,1870-06-03,1,0,0,0,ÖLÇÜLEMEDİ,,,,,
Maraş,yerlesimler.js,37.575,36.937,1281-01-01,0,0,0,0,TEMİZ-ÖLÇÜLDÜ,Marʿaš,1.1,Germanikeia,1.4,precise
Mardin,yerlesimler.js,37.312,40.735,1085-01-01,0,0,0,0,TEMİZ-ÖLÇÜLDÜ,Mārdīn,2.4,Marde/Margdis,1.0,precise
Margiliç (Margariti),yerlesimler_epir.js,39.55,20.4167,1281-01-01,1,0,1,0,ÖLÇÜLEMEDİ,,,Margariti,21.7,precise
Maribor (Marburg),yerlesimler_p77_avrupa.js,46.5558,15.6459,1281-01-01,1,0,0,0,ÖLÇÜLEMEDİ,,,,,
Marmara Adası,yerlesimler.js,40.625,27.62,1281-01-01,0,0,0,0,TEMİZ-ÖLÇÜLDÜ,,,Proconnesus (island),1.0,precise
Marree (Hergott Springs),yerlesimler_okyanusya.js,-29.65,138.06,1883-01-01,1,0,0,0,ÖLÇÜLEMEDİ,,,,,
Marsilya,yerlesimler.js,43.297,5.37,1281-01-01,0,0,0,0,TEMİZ-ÖLÇÜLDÜ,,,Massalia/Massilia,1.0,precise
Marten Falls (Ogoki),yerlesimler_kamerika.js,51.65,-85.9,1794-01-01,1,0,0,0,ÖLÇÜLEMEDİ,,,,,
Martigny (Martinach),yerlesimler_a78_avrupa.js,46.103,7.073,1281-01-01,1,0,0,0,TEMİZ-ÖLÇÜLDÜ,,,Octodurus/Forum Claudii Vallensium,0.2,precise
Marua (Maroua),yerlesimler_afrika2.js,10.59,14.32,1809-01-01,1,0,0,0,ÖLÇÜLEMEDİ,,,,,
Maskat,yerlesimler.js,23.588,58.408,1281-01-01,0,0,1,0,KESİN,Masqaṭ,23.8,,,
Masulipatnam,yerlesimler_asya.js,16.19,81.13,1281-01-01,0,0,0,0,TEMİZ-ÖLÇÜLDÜ,,,Machilipatnam,1.1,precise
Mat (Mati),yerlesimler_ok104.js,41.61,20.009,1281-01-01,1,0,0,0,ÖLÇÜLEMEDİ,,,Mathis (river),6.2,precise
Matamoros (Refugio),yerlesimler_kamerika.js,25.879,-97.504,1774-01-01,1,0,0,0,ÖLÇÜLEMEDİ,,,,,
Mataram (Lombok),yerlesimler_asya.js,-8.583,116.117,1281-01-01,1,0,0,0,ÖLÇÜLEMEDİ,,,,,
Mathura,yerlesimler_asya.js,27.492,77.673,1281-01-01,0,0,0,0,TEMİZ-ÖLÇÜLDÜ,,,Methora,1.1,precise
Maumere (Flores),yerlesimler_gdasya.js,-8.62,122.21,1281-01-01,1,0,0,0,ÖLÇÜLEMEDİ,,,,,
Maun (Tavana),yerlesimler_afrika2.js,-19.99,23.42,1700-01-01,1,0,0,0,ÖLÇÜLEMEDİ,,,,,
Maydos (Eceabat),yerlesimler.js,40.1876,26.3462,1281-01-01,1,0,0,0,TEMİZ-ÖLÇÜLDÜ,,,Madytos,0.9,precise
Maykop (Çerkezya),yerlesimler.js,44.609,40.101,1281-01-01,1,0,0,0,TEMİZ-ÖLÇÜLDÜ,,,Maykop,1.0,precise
Mayorka (Palma),yerlesimler.js,39.57,2.65,1281-01-01,1,0,0,0,TEMİZ-ÖLÇÜLDÜ,,,Palma,0.1,precise
Mazagan (El Jadida),yerlesimler_ek3.js,33.256,-8.506,1281-01-01,1,0,0,0,ÖLÇÜLEMEDİ,,,,,
Maçambará (Recreio),yerlesimler_a78_amerika.js,-29.1445,-56.0674,1900-01-17,1,0,0,0,ÖLÇÜLEMEDİ,,,,,
Mbande (Ngonde),yerlesimler_afrika2.js,-9.98,33.85,1600-01-01,1,0,0,0,ÖLÇÜLEMEDİ,,,,,
Mbanza-Kongo (São Salvador),yerlesimler_emilme.js,-6.27,14.24,1390-01-01,1,0,0,0,ÖLÇÜLEMEDİ,,,,,
Mbarara (Nkore),yerlesimler_afrika2.js,-0.61,30.66,1450-01-01,1,0,0,0,ÖLÇÜLEMEDİ,,,,,
Mbul (Kayor),yerlesimler_afrika2.js,15.16,-16.38,1549-01-01,1,0,0,0,ÖLÇÜLEMEDİ,,,,,
Meciboj (Mejibuji),yerlesimler.js,49.431,27.415,1281-01-01,1,0,0,0,ÖLÇÜLEMEDİ,,,,,
Medan (Deli),yerlesimler_gdasya.js,3.595,98.672,1281-01-01,1,0,0,0,ÖLÇÜLEMEDİ,,,,,
Medea (Titteri),yerlesimler.js,36.264,2.754,1281-01-01,1,0,0,0,ÖLÇÜLEMEDİ,,,,,
Medine,yerlesimler.js,24.47,39.612,1281-01-01,0,0,0,0,TEMİZ-ÖLÇÜLDÜ,al-Madīnaŧ,0.9,Iathrippa,0.7,precise
Medâin-i Sâlih (el-Hicr),yerlesimler_ok101.js,26.7917,37.9542,1281-01-01,1,0,0,0,TEMİZ-ÖLÇÜLDÜ,Ḥiǧr Ṣāliḥ,7.9,Erroneous Duplicate: Al-Hijr (Madâin Sâlih),0.7,precise
Mehdiye,yerlesimler_afrika.js,35.505,11.062,1281-01-01,0,0,0,0,TEMİZ-ÖLÇÜLDÜ,Mahdiyyaŧ,1.6,,,
Mekke,yerlesimler.js,21.423,39.826,1281-01-01,0,0,0,0,TEMİZ-ÖLÇÜLDÜ,Makkaŧ,3.7,Macoraba,1.2,precise
Mekter (Maktar),yerlesimler_h2_kuzeyafrika.js,35.855,9.203,1281-01-01,1,0,0,0,ÖLÇÜLEMEDİ,,,,,
Melîle (Melilla),yerlesimler_ek3.js,35.292,-2.938,1281-01-01,1,0,0,0,TEMİZ-ÖLÇÜLDÜ,Amlīl,2.8,,,
Memphis (Chickasaw Bluffs),yerlesimler_kamerika.js,35.146,-90.049,1739-01-01,1,0,0,0,ÖLÇÜLEMEDİ,,,,,
Mengo (Buganda),yerlesimler_e9353f.js,0.348,32.583,1300-01-01,1,0,0,0,ÖLÇÜLEMEDİ,,,,,
Menorka (Mahon),yerlesimler.js,39.89,4.26,1281-01-01,1,0,0,0,TEMİZ-ÖLÇÜLDÜ,,,Mago,0.4,precise
Menzies (Batı Avustralya),yerlesimler_a78_okyanusya.js,-29.6833,121.0333,1895-08-01,1,0,0,0,ÖLÇÜLEMEDİ,,,,,
Mercihamis (Yurtbağı),yerlesimler_sinir_guney.js,36.86293,38.00361,1281-01-01,1,0,0,0,ÖLÇÜLEMEDİ,,,,,
Merend,yerlesimler.js,38.4328,45.775,1281-01-01,0,0,0,0,TEMİZ-ÖLÇÜLDÜ,Marand,3.9,Mor(o)unda,1.0,precise
Mergen (Nenjiang),yerlesimler_nokta_asya_0917.js,49.18,125.22,1686-01-01,1,1,0,0,ÖLÇÜLEMEDİ,,,,,
Mergui (Myeik),yerlesimler_asya.js,12.4361,98.613,1281-01-01,1,0,0,0,ÖLÇÜLEMEDİ,,,,,
Meriç (İpsala kuzeyi),yerlesimler_ek24.js,41.191,26.421,1281-01-01,1,0,0,0,ÖLÇÜLEMEDİ,,,,,
Mersin,yerlesimler_ek27.js,36.8,34.633,1671-01-01,0,0,0,0,TEMİZ-ÖLÇÜLDÜ,,,Zephyrion/Hadrianopolis,1.1,precise
Merv (Mari),yerlesimler.js,37.5936,61.8333,1221-01-01,1,0,1,1,KESİN,Marw,25.4,Margiana/Margush/Merv,32.4,related
Merâde,yerlesimler_h2_kuzeyafrika.js,29.23,19.213,1281-01-01,0,0,0,0,TEMİZ-ÖLÇÜLDÜ,,,Marada,0.5,precise
Merâga,yerlesimler.js,37.3894,46.2381,1231-01-01,1,0,0,0,GÜRÜLTÜ (yalnız al-Ṯurayyā 5–10 km),Marāġaŧ,5.3,Marāġe,26.2,rough
Meskalero Apaçi (Pecos vadisi),yerlesimler_kamerika.js,33.15,-105.75,1281-01-01,1,0,0,0,ÖLÇÜLEMEDİ,,,,,
Messina,yerlesimler.js,38.194,15.554,1281-01-01,0,0,0,0,TEMİZ-ÖLÇÜLDÜ,Massīnaŧ,3.2,Zancle/Messana,0.3,precise
Mesudiye (Milas),yerlesimler_anadolu_0914.js,40.4633,37.7728,1281-01-01,1,0,0,0,ÖLÇÜLEMEDİ,,,,,
Mesîle,yerlesimler_afrika.js,35.705,4.542,1281-01-01,0,0,0,0,TEMİZ-ÖLÇÜLDÜ,al-Masīlaŧ,4.7,,,
Methana,yerlesimler.js,37.588,23.38,1281-01-01,0,0,0,0,TEMİZ-ÖLÇÜLDÜ,,,Methana/Arsinoe,0.6,precise
Metz,yerlesimler_avrupa.js,49.12,6.176,1281-01-01,0,0,0,0,TEMİZ-ÖLÇÜLDÜ,,,Divodurum/Mettis,0.2,precise
Meysûr (Mysore),yerlesimler_asya.js,12.295,76.639,1281-01-01,1,0,0,0,ÖLÇÜLEMEDİ,,,,,
Meşhed,yerlesimler.js,36.297,59.606,1281-01-01,0,0,1,0,ADAY-ZAYIF,al-Nūqān,10.2,Mašhad,5.4,precise
Meşkinşehr (Hiyav),yerlesimler_kalite4.js,38.4,47.68,1281-01-01,1,0,0,0,TEMİZ-ÖLÇÜLDÜ,,,Mishkinshahr,1.0,precise
Mianning (Lincang),yerlesimler_a78_asya.js,23.88,100.09,1281-01-01,1,0,0,0,ÖLÇÜLEMEDİ,,,,,
Midyat,yerlesimler_ok107.js,37.418,41.372,1281-01-01,0,0,0,0,TEMİZ-ÖLÇÜLDÜ,,,Matiātu,0.7,precise
Mihaliç (Karacabey),yerlesimler.js,40.214,28.361,1281-01-01,1,0,0,0,ÖLÇÜLEMEDİ,,,,,
Mihaylovskiy Redut (St. Michael),yerlesimler_kamerika.js,63.4853,-162.0306,1833-01-01,1,0,0,0,ÖLÇÜLEMEDİ,,,,,
Miknâs (Meknes),yerlesimler_h2_kuzeyafrika.js,33.895,-5.555,1281-01-01,1,0,0,0,TEMİZ-ÖLÇÜLDÜ,Miknāsaŧ,2.4,,,
Mikonos,yerlesimler.js,37.456,25.376,1281-01-01,0,0,0,0,TEMİZ-ÖLÇÜLDÜ,,,Mykonos (island),0.5,precise
Milano,yerlesimler.js,45.464,9.19,1281-01-01,0,0,0,0,TEMİZ-ÖLÇÜLDÜ,,,Mediolan(i)um,0.2,precise
Milas,yerlesimler.js,37.316,27.783,1281-01-01,0,0,0,0,TEMİZ-ÖLÇÜLDÜ,,,Mylasa,1.6,precise
Miles City (Tongue Irmağı),yerlesimler_kamerika.js,46.408,-105.841,1877-01-01,1,0,0,0,ÖLÇÜLEMEDİ,,,,,
Miliana,yerlesimler_afrika.js,36.305,2.229,1281-01-01,0,0,0,0,TEMİZ-ÖLÇÜLDÜ,Miliyānaŧ,3.0,Manliana,5.0,precise
Minas (Villa de la Concepción de las Minas),yerlesimler_nokta_amerika_0917.js,-34.3759,-55.2377,1783-01-01,1,0,0,0,ÖLÇÜLEMEDİ,,,,,
Minto Inlet (Kangiryuarmiut),yerlesimler_kamerika.js,71.4,-114.5,1281-01-01,1,0,0,0,ÖLÇÜLEMEDİ,,,,,
Minye,yerlesimler_afrika.js,28.109,30.75,1281-01-01,0,0,0,0,TEMİZ-ÖLÇÜLDÜ,,,*Thallos,4.0,precise
Misión Santa Gertrudis (Baja California),yerlesimler_kamerika.js,28.05,-113.09,1752-01-01,1,0,0,0,ÖLÇÜLEMEDİ,,,,,
Mission San Luis (Apalaçi),yerlesimler_kamerika.js,30.45,-84.31,1656-01-01,1,0,0,0,ÖLÇÜLEMEDİ,,,,,
Mistassini (Lac Mistassini),yerlesimler_kamerika.js,50.4231,-73.8639,1673-01-01,1,0,0,0,ÖLÇÜLEMEDİ,,,,,
Mliyet (Mljet),yerlesimler.js,42.753,17.522,1281-01-01,1,0,0,0,TEMİZ-ÖLÇÜLDÜ,,,Melite (island),0.6,precise
Mobile (Fort Louis de la Louisiane),yerlesimler_kamerika.js,30.694,-88.043,1702-01-01,1,0,0,0,ÖLÇÜLEMEDİ,,,,,
Modena,yerlesimler_avrupa.js,44.647,10.925,1281-01-01,0,0,0,0,TEMİZ-ÖLÇÜLDÜ,,,Mutina,0.0,precise
Moha,yerlesimler.js,13.319,43.25,1281-01-01,0,0,0,0,TEMİZ-ÖLÇÜLDÜ,Muḫā,1.6,Mokha,2.0,precise
Mohawk (Kayenlaha'ke),yerlesimler_amerika.js,42.9506,-74.3287,1450-01-01,1,0,0,0,ÖLÇÜLEMEDİ,,,,,
Molepolole (Kvena),yerlesimler_afrika2.js,-24.41,25.5,1700-01-01,1,0,0,0,ÖLÇÜLEMEDİ,,,,,
Molova (Molyvos),yerlesimler.js,39.366,26.181,1281-01-01,1,0,0,0,ÖLÇÜLEMEDİ,,,Molibos,0.2,precise
Monclova (Santiago de la Monclova),yerlesimler_amerika3.js,26.9014,-101.4211,1689-01-01,1,0,0,0,ÖLÇÜLEMEDİ,,,,,
Monte Alegre (Pará),yerlesimler_a78_amerika.js,-1.9977,-54.0724,1758-02-27,1,0,0,0,ÖLÇÜLEMEDİ,,,,,
Monterey (Alta California),yerlesimler_kamerika.js,36.6,-121.894,1770-06-03,1,0,0,0,ÖLÇÜLEMEDİ,,,,,
Montreal (Ville-Marie),yerlesimler_amerika.js,45.5019,-73.5674,1642-05-17,1,0,0,0,ÖLÇÜLEMEDİ,,,,,
Mora (Tripoliçe),yerlesimler.js,37.51,22.379,1281-01-01,1,0,0,0,ÖLÇÜLEMEDİ,,,Peloponnesus/Peloponnesos/Peloponnese,46.5,related
Mosamedes (Namibe),yerlesimler_afrika2.js,-15.2,12.15,1840-08-04,1,0,0,0,ÖLÇÜLEMEDİ,,,,,
Mosi (Moshi),yerlesimler_afrika2.js,-3.35,37.34,1893-01-01,1,0,0,0,ÖLÇÜLEMEDİ,,,,,
Moulmein (Mawlamyine),yerlesimler_asya.js,16.4821,97.6462,1281-01-01,1,0,0,0,ÖLÇÜLEMEDİ,,,,,
Mound Key (Kalusa başkenti),yerlesimler_kamerika.js,26.4304,-81.849,1281-01-01,1,0,0,0,ÖLÇÜLEMEDİ,,,,,
Moura (Rio Negro),yerlesimler_a78_amerika.js,-1.4584,-61.6334,1878-10-16,1,0,0,0,ÖLÇÜLEMEDİ,,,,,
Moçudi (Kgatla),yerlesimler_afrika2.js,-24.42,26.15,1700-01-01,1,0,0,0,ÖLÇÜLEMEDİ,,,,,
Mrauk U (Arakan),yerlesimler_asya.js,20.588,93.191,1281-01-01,1,0,0,0,ÖLÇÜLEMEDİ,,,,,
Mudurnu,yerlesimler.js,40.47,31.208,1281-01-01,0,0,1,0,ÖLÇÜLEMEDİ,,,Modra,5.9,precise
Muila (Mouila),yerlesimler_afrika2.js,-1.87,11.06,1899-01-01,1,0,0,0,ÖLÇÜLEMEDİ,,,,,
Mukden (Şenyang),yerlesimler_asya.js,41.805,123.431,1281-01-01,1,0,0,0,ÖLÇÜLEMEDİ,,,,,
Multan,yerlesimler_asya.js,30.198,71.475,1281-01-01,0,0,0,0,TEMİZ-ÖLÇÜLDÜ,al-Mūltān,7.6,,,
Munastır,yerlesimler_afrika.js,35.778,10.826,1281-01-01,0,0,0,0,TEMİZ-ÖLÇÜLDÜ,Munastīr,3.2,,,
Mundu (Moundou),yerlesimler_afrika2.js,8.57,16.08,1923-01-01,1,0,0,0,ÖLÇÜLEMEDİ,,,,,
Mungîr (Monghyr),yerlesimler_asya.js,25.375,86.474,1281-01-01,1,0,0,0,ÖLÇÜLEMEDİ,,,,,
Munkács (Mukacheve),yerlesimler_ek_macaristan.js,48.4421,22.7185,1281-01-01,1,0,0,0,ÖLÇÜLEMEDİ,,,,,
Murcia,yerlesimler_avrupa.js,37.984,-1.129,1281-01-01,0,0,0,0,TEMİZ-ÖLÇÜLDÜ,,,Murcia,0.9,precise
Murted (Kea),yerlesimler.js,37.614,24.331,1281-01-01,1,0,0,0,ÖLÇÜLEMEDİ,,,,,
Murzuk (Fizan),yerlesimler.js,25.919,13.919,1281-01-01,1,0,0,0,ÖLÇÜLEMEDİ,,,,,
Mushenge (Kuba),yerlesimler_emilme.js,-5.42,20.85,1625-01-01,1,0,0,0,ÖLÇÜLEMEDİ,,,,,
Mushuau-nipi (Indian House Lake),yerlesimler_kamerika.js,56.2,-64.7,,1,0,0,0,ÖLÇÜLEMEDİ,,,,,
Mustafapaşa (Svilengrad),yerlesimler_ek24.js,41.766,26.207,1281-01-01,1,0,0,0,ÖLÇÜLEMEDİ,,,,,
Musul,yerlesimler.js,36.34,43.13,1281-01-01,0,0,0,0,TEMİZ-ÖLÇÜLDÜ,,,Mosul/‘Mespila’?,0.8,precise
Mvansabombve (Kazembe),yerlesimler_afrika2.js,-9.85,28.75,1740-01-01,1,0,0,0,ÖLÇÜLEMEDİ,,,,,
Mvembe (Mataka),yerlesimler_afrika2.js,-12.9,36.0,1800-01-01,1,0,0,0,ÖLÇÜLEMEDİ,,,,,
Málaga,yerlesimler_avrupa.js,36.721,-4.421,1281-01-01,0,0,0,0,TEMİZ-ÖLÇÜLDÜ,,,Malaca,0.2,precise
Mâtir (Mateur),yerlesimler_afrika.js,37.04,9.664,1281-01-01,1,0,0,0,TEMİZ-ÖLÇÜLDÜ,,,*Matar,0.4,precise
Mérida (Venezuela),yerlesimler_amerika.js,8.5933,-71.1739,1558-10-09,1,0,0,0,ÖLÇÜLEMEDİ,,,,,
Mîle,yerlesimler_afrika.js,36.45,6.264,1281-01-01,0,0,0,0,TEMİZ-ÖLÇÜLDÜ,Mīlā,3.5,Milev,0.4,precise
Mîrat (Meerut),yerlesimler_asya.js,28.984,77.706,1281-01-01,1,0,0,0,ÖLÇÜLEMEDİ,,,,,
Mörön (Hövsgöl),yerlesimler_ek19.js,49.63,100.16,1281-01-01,1,0,0,0,ÖLÇÜLEMEDİ,,,,,
Múzquiz (Santa Rosa),yerlesimler_kamerika.js,27.879,-101.516,1739-01-01,1,0,0,0,ÖLÇÜLEMEDİ,,,,,
Münbiç,yerlesimler_ek25.js,36.528,37.955,1281-01-01,0,0,0,0,TEMİZ-ÖLÇÜLDÜ,Manbiǧ,3.7,Hierapolis/Bambyke,0.2,precise
Mızde,yerlesimler_afrika.js,31.45,12.983,1281-01-01,0,0,0,0,TEMİZ-ÖLÇÜLDÜ,,,Mizda,1.9,precise
Nabesna / Northway (Yukarı Tanana),yerlesimler_kamerika.js,62.961,-141.94,1281-01-01,1,0,0,0,ÖLÇÜLEMEDİ,,,,,
Nabil kıyısı (bölge),yerlesimler_a78_asya.js,51.8,143.0,1281-01-01,1,0,0,0,ÖLÇÜLEMEDİ,,,,,
Nablus,yerlesimler.js,32.221,35.254,1281-01-01,0,0,0,0,TEMİZ-ÖLÇÜLDÜ,Nābulus,1.1,Neapolis,0.9,precise
Naga (Camarines),yerlesimler_gdasya.js,13.62,123.18,1281-01-01,1,0,0,0,ÖLÇÜLEMEDİ,,,,,
Nagapatnam,yerlesimler_asya.js,10.766,79.843,1281-01-01,0,0,0,0,TEMİZ-ÖLÇÜLDÜ,,,Nagappattinam,0.1,precise
Nahçıvan,yerlesimler.js,39.209,45.412,1281-01-01,0,0,0,0,TEMİZ-ÖLÇÜLDÜ,,,‘Naxouana’,3.9,precise
Nain (Labrador),yerlesimler_kamerika.js,56.542,-61.687,1771-01-01,1,0,0,0,ÖLÇÜLEMEDİ,,,,,
Nakşa,yerlesimler.js,37.097,25.3825,1207-01-01,0,0,1,0,ÖLÇÜLEMEDİ,,,Nikasiai (islands),29.5,precise
Namfi (Anafi),yerlesimler.js,36.374,25.783,1281-01-01,1,0,0,0,TEMİZ-ÖLÇÜLDÜ,,,Anaphe (island),0.9,precise
Namur,yerlesimler_avrupa.js,50.467,4.867,1281-01-01,0,0,0,0,TEMİZ-ÖLÇÜLDÜ,,,Namur,0.8,precise
"Nanih Waiya (Choctaw Konfederasyonu, kutsal/köken merkezi)",yerlesimler_amerika.js,32.9865,-89.159,1281-01-01,1,0,0,0,ÖLÇÜLEMEDİ,,,,,
Nanking (Nanjing),yerlesimler_asya.js,32.06,118.797,1281-01-01,1,0,0,0,ÖLÇÜLEMEDİ,,,,,
Nantes,yerlesimler_avrupa.js,47.218,-1.554,1281-01-01,0,0,0,0,TEMİZ-ÖLÇÜLDÜ,,,Civitas Namnetum/Kondeouinkon?,0.1,precise
Napoli,yerlesimler.js,40.852,14.268,1281-01-01,0,0,0,0,TEMİZ-ÖLÇÜLDÜ,,,Parthenope/Neapolis,1.8,precise
Narbonne,yerlesimler_avrupa.js,43.184,3.003,1281-01-01,0,0,0,0,TEMİZ-ÖLÇÜLDÜ,,,Col. Narbo Martius,0.1,precise
Narın (Naryn),yerlesimler_ortaasya3.js,41.43,75.99,1281-01-01,1,0,0,0,ÖLÇÜLEMEDİ,,,,,
Natchez (Grand Village),yerlesimler_amerika.js,31.5451,-91.3915,1281-01-01,1,0,0,0,ÖLÇÜLEMEDİ,,,,,
"Native Point (Sadlermiut, Southampton Adası)",yerlesimler_kamerika.js,63.9302,-83.605,1281-01-01,1,0,0,0,ÖLÇÜLEMEDİ,,,,,
Naujaat (Repulse Bay),yerlesimler_kamerika.js,66.522,-86.25,1281-01-01,1,0,0,0,ÖLÇÜLEMEDİ,,,,,
Nauru (Yaren),yerlesimler_a78_okyanusya.js,-0.5471,166.9163,1888-10-01,1,0,0,0,ÖLÇÜLEMEDİ,,,,,
Ndele (Dâru'l-Kûtî),yerlesimler_afrika2.js,8.41,20.65,1890-01-01,1,0,0,0,ÖLÇÜLEMEDİ,,,,,
Nder (Valo),yerlesimler_afrika2.js,16.2,-15.85,1287-01-01,1,0,0,0,ÖLÇÜLEMEDİ,,,,,
Necef,yerlesimler.js,31.9956,44.3153,1281-01-01,0,0,0,0,TEMİZ-ÖLÇÜLDÜ,Naǧāf,2.5,,,
Nefta,yerlesimler_afrika.js,33.873,7.878,1281-01-01,0,0,0,0,TEMİZ-ÖLÇÜLDÜ,Nafṭaŧ,2.3,,,
Negeri Sembilan (Seremban),yerlesimler_gdasya.js,2.72,101.94,1281-01-01,1,0,0,0,ÖLÇÜLEMEDİ,,,,,
Nelson (Yeni Zelanda),yerlesimler_a78_okyanusya.js,-41.2706,173.284,1842-02-01,1,0,0,0,ÖLÇÜLEMEDİ,,,,,
Nelson House (Nisichawayasihk),yerlesimler_kamerika.js,55.79,-98.833,1802-01-01,1,0,0,0,ÖLÇÜLEMEDİ,,,,,
Nema (Néma),yerlesimler_afrika2.js,16.62,-7.26,1640-01-01,1,0,0,0,ÖLÇÜLEMEDİ,,,,,
Nesâ,yerlesimler.js,37.9667,58.1833,1281-01-01,0,0,1,0,TEMİZ-ÖLÇÜLDÜ,Nasāʾ,12.5,Nisa(ia)/Parthaunisa/Mithradatkert/Shahr-ram-Peroz,2.1,related
Neufchâteau (Belçika),yerlesimler_a78_avrupa.js,49.841,5.435,1281-01-01,1,0,0,0,ÖLÇÜLEMEDİ,,,,,
Nevkasl (Newcastle),yerlesimler_afrika2.js,-27.76,29.93,1864-01-01,1,0,0,0,ÖLÇÜLEMEDİ,,,,,
Nevrokop (Gotse Delçev),yerlesimler.js,41.573,23.733,1281-01-01,1,0,0,0,ÖLÇÜLEMEDİ,,,,,
New Amsterdam (Berbice),yerlesimler_amerika.js,6.2495,-57.5207,1627-01-01,1,0,0,0,ÖLÇÜLEMEDİ,,,,,
New Amsterdam (New York),yerlesimler_amerika.js,40.7128,-74.006,1624-01-01,1,0,0,0,ÖLÇÜLEMEDİ,,,,,
Ngaunder (Ngaoundéré),yerlesimler_afrika2.js,7.32,13.58,1809-01-01,1,0,0,0,ÖLÇÜLEMEDİ,,,,,
Nha Trang (Kauthara),yerlesimler_gdasya.js,12.24,109.19,1281-01-01,1,0,0,0,ÖLÇÜLEMEDİ,,,,,
Niah kıyısı (bölge),yerlesimler_a78_asya.js,3.8,113.75,1281-01-01,1,0,0,0,ÖLÇÜLEMEDİ,,,,,
Niangara (Mangbetu),yerlesimler_afrika2.js,3.69,27.87,1815-01-01,1,0,0,0,ÖLÇÜLEMEDİ,,,,,
Nice,yerlesimler_avrupa.js,43.71,7.262,1281-01-01,0,0,0,0,TEMİZ-ÖLÇÜLDÜ,,,Nicaea,0.8,precise
Nichicun (HBC iç karakolu),yerlesimler_kamerika.js,53.0943,-70.9882,1816-01-01,1,0,0,0,ÖLÇÜLEMEDİ,,,,,
Nihâvend,yerlesimler.js,34.1911,48.3767,1281-01-01,0,0,0,0,TEMİZ-ÖLÇÜLDÜ,Nihāwand,3.0,Nemavand/Laodicea/Niphaunda,0.2,precise
Nijmegen,yerlesimler_avrupa.js,51.843,5.852,1281-01-01,0,0,0,0,TEMİZ-ÖLÇÜLDÜ,,,Batavodurum/(Ulpia) Noviomagus,0.5,precise
Nikarya (İkarya),yerlesimler.js,37.6,26.15,1281-01-01,1,0,0,0,TEMİZ-ÖLÇÜLDÜ,,,Ikaros (island),3.7,precise
Nikki (Borgu),yerlesimler_afrika2.js,9.94,3.21,1281-01-01,1,0,0,0,ÖLÇÜLEMEDİ,,,,,
Nikolai (Yukarı Kuskokwim),yerlesimler_kamerika.js,63.017,-154.383,1281-01-01,1,0,0,0,ÖLÇÜLEMEDİ,,,,,
Nikolayevsk (Amur ağzı),yerlesimler_ek13.js,53.14,140.73,1689-09-06,1,0,0,0,ÖLÇÜLEMEDİ,,,,,
Niksar,yerlesimler.js,40.593,36.951,1281-01-01,0,0,1,0,ADAY-ZAYIF,,,Kabeira/Neocaesarea/Diospolis/Sebaste/Hadriane,5.9,precise
Ning'er (Pu'er),yerlesimler_a78_asya.js,23.06,101.04,1281-01-01,1,0,0,0,ÖLÇÜLEMEDİ,,,,,
Nio (İos),yerlesimler.js,36.723,25.33,1281-01-01,1,0,0,0,TEMİZ-ÖLÇÜLDÜ,,,Ios (island),0.8,precise
Nioro (Kaarta),yerlesimler_afrika2.js,15.23,-9.59,1650-01-01,1,0,0,0,ÖLÇÜLEMEDİ,,,,,
Nitra (Nyitra),yerlesimler_ek29.js,48.3069,18.0864,1281-01-01,1,0,0,0,ÖLÇÜLEMEDİ,,,,,
Nizva,yerlesimler.js,22.933,57.533,1281-01-01,0,0,0,0,GÜRÜLTÜ (yalnız al-Ṯurayyā 5–10 km),Nazwaŧ,7.8,,,
Niş,yerlesimler.js,43.321,21.896,1281-01-01,0,0,0,0,TEMİZ-ÖLÇÜLDÜ,,,Naissus,0.6,precise
Nkhotakota (Cumbe),yerlesimler_afrika2.js,-12.93,34.3,1840-01-01,1,0,0,0,ÖLÇÜLEMEDİ,,,,,
Nojpetén (Tayasal / Flores),yerlesimler_amerika.js,16.9284,-89.8903,1281-01-01,1,0,0,0,ÖLÇÜLEMEDİ,,,,,
Nonohay (Yukarı Uruguay),yerlesimler_gamerika.js,-27.9,-52.9,1850-01-01,1,0,0,0,ÖLÇÜLEMEDİ,,,,,
Norfolk (Virginia),yerlesimler_kamerika.js,36.851,-76.286,1682-01-01,1,0,0,0,ÖLÇÜLEMEDİ,,,,,
Norridgewock (Abenaki),yerlesimler_kamerika.js,44.717,-69.792,1281-01-01,1,0,0,0,ÖLÇÜLEMEDİ,,,,,
"North Platte (Fort McPherson, Nebraska)",yerlesimler_kamerika.js,41.124,-100.765,1863-01-01,1,0,0,0,ÖLÇÜLEMEDİ,,,,,
North West River (Labrador),yerlesimler_kamerika.js,53.522,-60.148,1743-01-01,1,0,0,0,ÖLÇÜLEMEDİ,,,,,
Noumea (Yeni Kaledonya),yerlesimler_okyanusya.js,-22.27,166.44,1854-01-01,1,0,0,0,ÖLÇÜLEMEDİ,,,,,
Novoarkhangelsk (Sitka),yerlesimler_amerika.js,57.056,-135.3287,1799-07-01,1,0,0,0,ÖLÇÜLEMEDİ,,,,,
Nuchalawoya (Tanana),yerlesimler_kamerika.js,65.172,-152.081,1281-01-01,1,0,0,0,ÖLÇÜLEMEDİ,,,,,
Nuestra Señora del Pilar (Mar del Plata),yerlesimler_gamerika.js,-37.85,-57.75,1747-01-01,1,0,0,0,ÖLÇÜLEMEDİ,,,,,
Nuhayb (Nukhayb),yerlesimler_ek4.js,32.04,42.25,,1,0,0,0,ÖLÇÜLEMEDİ,,,,,
"Nuiqsut (Kuukpikmiut, Colville deltası)",yerlesimler_kamerika.js,70.219,-151.002,1281-01-01,1,0,0,0,ÖLÇÜLEMEDİ,,,,,
Nusaybin,yerlesimler_ek25.js,37.077,41.215,1281-01-01,0,0,0,0,TEMİZ-ÖLÇÜLDÜ,Naṣībīn,2.5,Nisibis/Antiochia,1.1,precise
Nuçek (Konstantinovskiy Redut),yerlesimler_kamerika.js,60.35,-146.68,1793-01-01,1,0,0,0,ÖLÇÜLEMEDİ,,,,,
Nyangve (Nyangwe),yerlesimler_afrika2.js,-4.21,26.18,1860-01-01,1,0,0,0,ÖLÇÜLEMEDİ,,,,,
Nyanza (Ruanda),yerlesimler_afrika2.js,-2.35,29.75,1300-01-01,1,0,0,0,ÖLÇÜLEMEDİ,,,,,
Nykøbing (Falster),yerlesimler_avrupa.js,54.766,11.876,1281-01-01,1,0,0,0,ÖLÇÜLEMEDİ,,,,,
Nâbil (Nabeul),yerlesimler_afrika.js,36.451,10.735,1281-01-01,1,0,0,0,ÖLÇÜLEMEDİ,,,,,
Nâin,yerlesimler.js,32.8597,53.085,1281-01-01,0,0,0,0,TEMİZ-ÖLÇÜLDÜ,Nāʾīn,3.2,,,
Nâsik,yerlesimler_asya.js,19.998,73.79,1281-01-01,0,0,0,0,TEMİZ-ÖLÇÜLDÜ,,,Nasika,1.4,precise
Nîşâbur,yerlesimler.js,36.2133,58.7958,1281-01-01,0,0,1,0,TEMİZ-ÖLÇÜLDÜ,Naysābūr,10.2,Nev-Shapur/Nishapur,1.2,precise
Oatlands (Tazmanya),yerlesimler_a78_okyanusya.js,-42.3,147.37,1821-06-03,1,0,0,0,ÖLÇÜLEMEDİ,,,,,
Obdorsk (Salehard),yerlesimler_ek8.js,66.53,66.6019,1595-01-01,1,0,0,0,ÖLÇÜLEMEDİ,,,,,
Obedjiwan (Atikamekw),yerlesimler_kamerika.js,48.68,-74.93,1281-01-01,1,0,0,0,ÖLÇÜLEMEDİ,,,,,
Occaneechi (Hillsborough),yerlesimler_kamerika.js,36.075,-79.1,1281-01-01,1,0,0,0,ÖLÇÜLEMEDİ,,,,,
Ochiai (Galkino-Vraskoye),yerlesimler_a78_asya.js,47.324,142.798,1884-01-01,1,0,0,0,ÖLÇÜLEMEDİ,,,,,
Odanak (Abenaki),yerlesimler_kamerika.js,46.083,-72.82,1700-01-01,1,0,0,0,ÖLÇÜLEMEDİ,,,,,
Oeiras (Piauí),yerlesimler_amerika3.js,-7.025,-42.1311,1712-01-01,1,0,0,0,ÖLÇÜLEMEDİ,,,,,
Oenpelli (Gunbalanya),yerlesimler_a78_okyanusya.js,-12.325,133.056,1906-01-01,1,0,0,0,ÖLÇÜLEMEDİ,,,,,
Ohri,yerlesimler.js,41.1194,20.8028,1281-01-01,0,0,0,0,TEMİZ-ÖLÇÜLDÜ,,,Lychnidos,0.9,precise
Old Crow (Vuntut Gwitchin),yerlesimler_kamerika.js,67.57,-139.83,1281-01-01,1,0,0,0,ÖLÇÜLEMEDİ,,,,,
Olyutorsk (Arhangelsk),yerlesimler_sibirya2.js,60.0,166.5,1714-01-01,1,0,0,0,ÖLÇÜLEMEDİ,,,,,
Omoa (San Fernando de Omoa),yerlesimler_kamerika.js,15.7664,-88.0428,1759-01-01,1,0,0,0,ÖLÇÜLEMEDİ,,,,,
On-A-Slant (Mandan köyü),yerlesimler_kamerika.js,46.767,-100.86,1281-01-01,1,0,0,0,ÖLÇÜLEMEDİ,,,,,
Ondangva (Ondonga),yerlesimler_afrika2.js,-17.92,15.95,1600-01-01,1,0,0,0,ÖLÇÜLEMEDİ,,,,,
Ondjiva (Ovambo),yerlesimler_afrika2.js,-17.07,15.71,1600-01-01,1,0,0,0,ÖLÇÜLEMEDİ,,,,,
Onondaga (İrokua Konfederasyon Merkezi),yerlesimler_amerika.js,43.0326,-76.1794,1450-01-01,1,0,0,0,ÖLÇÜLEMEDİ,,,,,
Oppeln (Opole),yerlesimler.js,50.672,17.926,1281-01-01,1,0,0,0,ÖLÇÜLEMEDİ,,,,,
Or Kapı (Ferahkirman),yerlesimler_kirim.js,46.16,33.69,1281-01-01,1,0,0,0,ÖLÇÜLEMEDİ,,,,,
"Oraibi (Hopi, Üçüncü Mesa)",yerlesimler_amerika.js,35.8908,-110.6289,,1,0,0,0,ÖLÇÜLEMEDİ,,,,,
Oranj (Bur cumhuriyeti),yerlesimler_e9353f.js,-29.12,26.214,1830-01-01,1,0,0,0,ÖLÇÜLEMEDİ,,,,,
Ordu (Bayramlı),yerlesimler.js,40.976,37.848,1281-01-01,1,0,0,0,ÖLÇÜLEMEDİ,,,,,
Oreoi (İstiaia),yerlesimler.js,38.951,23.093,1281-01-01,1,0,0,0,ÖLÇÜLEMEDİ,,,Histiaia/Hestiaia,0.5,precise
Orestiada (Kumçiftliği),yerlesimler_ek24.js,41.503,26.531,1281-01-01,1,0,0,0,ÖLÇÜLEMEDİ,,,,,
Oreşek (Nöteborg),yerlesimler_h2_rusya.js,59.953,31.038,1281-01-01,1,0,0,0,ÖLÇÜLEMEDİ,,,,,
Orléans,yerlesimler_avrupa.js,47.902,1.909,1281-01-01,0,0,0,0,TEMİZ-ÖLÇÜLDÜ,,,Cenabum,0.2,precise
Orsova (Eski Orsova),yerlesimler.js,44.72,22.4,1281-01-01,1,0,0,0,ÖLÇÜLEMEDİ,,,,,
Oruro (Villa de San Felipe de Austria),yerlesimler_nokta_amerika_0917.js,-17.9667,-67.1167,1606-01-01,1,0,0,0,ÖLÇÜLEMEDİ,,,,,
Osmancık,yerlesimler.js,40.98,34.8,1281-01-01,0,0,0,0,TEMİZ-ÖLÇÜLDÜ,,,Pimolisa,0.6,precise
"Ostrovica (Stara Ostrovica, Kulen Vakuf)",yerlesimler_ek29.js,44.558,16.081,1281-01-01,1,0,0,0,ÖLÇÜLEMEDİ,,,,,
Ostrovnoye (Anyuy panayırı),yerlesimler_sibirya2.js,68.1,164.1,1794-01-01,1,1,0,0,ÖLÇÜLEMEDİ,,,,,
Otranto,yerlesimler.js,40.146,18.489,1281-01-01,0,0,0,0,TEMİZ-ÖLÇÜLDÜ,,,Hydruntum/Hydrous,0.2,precise
Ouro Preto (Vila Rica),yerlesimler_amerika.js,-20.3856,-43.5033,1711-07-08,1,0,0,0,ÖLÇÜLEMEDİ,,,,,
Ourém (Pará),yerlesimler_a78_amerika.js,-1.5417,-47.1126,1753-01-01,1,0,0,0,ÖLÇÜLEMEDİ,,,,,
Oviedo,yerlesimler_avrupa.js,43.362,-5.849,1281-01-01,0,0,0,0,TEMİZ-ÖLÇÜLDÜ,,,Oviedo,0.1,precise
Oyo-İle (Eski Oyo),yerlesimler_e9353f.js,8.983,4.383,1400-01-01,1,1,0,0,ÖLÇÜLEMEDİ,,,,,
Padova,yerlesimler_avrupa.js,45.407,11.876,1281-01-01,0,0,0,0,TEMİZ-ÖLÇÜLDÜ,,,Patavium,0.3,precise
Pag (Pago),yerlesimler.js,44.4676,15.0186,1281-01-01,1,0,0,0,ÖLÇÜLEMEDİ,,,,,
Pahang (Pekan),yerlesimler_gdasya.js,3.5,103.4,1281-01-01,1,0,0,0,ÖLÇÜLEMEDİ,,,,,
Paksos (Paxos),yerlesimler_ek_adalar.js,39.1975,20.1867,1281-01-01,1,0,0,0,TEMİZ-ÖLÇÜLDÜ,,,Paxos (island),2.4,precise
Palermo,yerlesimler.js,38.116,13.361,1281-01-01,0,0,0,0,TEMİZ-ÖLÇÜLDÜ,,,Pan(h)ormus,0.9,precise
Palu,yerlesimler.js,38.694,39.937,1281-01-01,0,1,0,0,TEMİZ-ÖLÇÜLDÜ,,,Palu,1.7,precise
Pamirski Post (Murgab),yerlesimler_a78_asya.js,38.167,73.983,1893-01-01,1,0,0,0,ÖLÇÜLEMEDİ,,,,,
Pamplona,yerlesimler_avrupa.js,42.813,-1.646,1281-01-01,0,0,0,0,TEMİZ-ÖLÇÜLDÜ,,,Pompelo,0.6,precise
Panamá (Panama City),yerlesimler_0ee15e.js,8.9824,-79.5199,1519-08-15,1,0,0,0,ÖLÇÜLEMEDİ,,,,,
Pandua (Hazret Pandua),yerlesimler_asya.js,25.135,88.15,1281-01-01,1,0,0,1,TEMİZ-ÖLÇÜLDÜ,,,,,
Panniqtuuq (Pangnirtung / Kekerten),yerlesimler_kamerika.js,66.146,-65.713,1857-01-01,1,0,0,0,ÖLÇÜLEMEDİ,,,,,
Panoré (São Gabriel da Cachoeira),yerlesimler_gamerika.js,-0.13,-67.09,1784-01-01,1,0,0,0,ÖLÇÜLEMEDİ,,,,,
Pantelerya,yerlesimler.js,36.792,11.99,1281-01-01,0,0,0,0,TEMİZ-ÖLÇÜLDÜ,,,Pantelleria (island),0.1,precise
Paquimé (Casas Grandes),yerlesimler_kamerika.js,30.373,-107.951,,1,0,0,0,ÖLÇÜLEMEDİ,,,,,
Paris,yerlesimler.js,48.857,2.352,1281-01-01,0,0,0,0,TEMİZ-ÖLÇÜLDÜ,,,Lutetia,0.5,precise
Parma,yerlesimler_avrupa.js,44.801,10.328,1281-01-01,0,0,0,0,TEMİZ-ÖLÇÜLDÜ,,,Parma,0.1,precise
Paros,yerlesimler.js,37.063,25.196,1281-01-01,0,0,0,0,TEMİZ-ÖLÇÜLDÜ,,,Paros (island),0.2,precise
Patan (Anhilvâda),yerlesimler_asya.js,23.85,72.126,1281-01-01,1,0,0,0,ÖLÇÜLEMEDİ,,,,,
Pathein (Bassein),yerlesimler_gdasya.js,16.78,94.73,1281-01-01,1,0,0,0,ÖLÇÜLEMEDİ,,,,,
Patna (Azîmâbâd),yerlesimler_asya.js,25.594,85.138,1281-01-01,1,0,0,0,ÖLÇÜLEMEDİ,,,,,
Paulatuk / Cape Bathurst,yerlesimler_kamerika.js,69.35,-124.07,1281-01-01,1,0,0,0,ÖLÇÜLEMEDİ,,,,,
Pavlodar (Koryakov),yerlesimler_ek18.js,52.285,76.967,1635-01-01,1,0,0,0,ÖLÇÜLEMEDİ,,,,,
Pawnee köyleri (Loup Irmağı),yerlesimler_kamerika.js,41.42,-97.9,1281-01-01,1,0,0,0,ÖLÇÜLEMEDİ,,,,,
Pecos Pueblo (Cicuye),yerlesimler_kamerika.js,35.55,-105.687,,1,0,0,0,ÖLÇÜLEMEDİ,,,,,
Pegu (Bago),yerlesimler_asya.js,17.335,96.479,1281-01-01,1,0,0,0,ÖLÇÜLEMEDİ,,,,,
Pekin (Hanbalık),yerlesimler_asya.js,39.904,116.407,1281-01-01,1,0,0,0,ÖLÇÜLEMEDİ,,,,,
Pelekanon (Eskihisar),yerlesimler.js,40.762,29.386,1281-01-01,1,0,0,0,ÖLÇÜLEMEDİ,,,,,
Pelly Banks / Ross River,yerlesimler_kamerika.js,61.99,-132.45,1840-01-01,1,0,0,0,ÖLÇÜLEMEDİ,,,,,
Penang (George Town),yerlesimler_asya.js,5.414,100.329,1786-08-11,1,0,0,0,ÖLÇÜLEMEDİ,,,,,
Penghu (Pescadores),yerlesimler_asya.js,23.571,119.579,1281-01-01,1,0,0,0,ÖLÇÜLEMEDİ,,,,,
Penjina havzası (kuzey Koryak),yerlesimler_ek31.js,61.1723,156.4398,,1,0,0,0,ÖLÇÜLEMEDİ,,,,,
Perak (Kuala Kangsar),yerlesimler_asya.js,4.767,100.937,1281-01-01,1,0,0,0,ÖLÇÜLEMEDİ,,,,,
Perth,yerlesimler_ek30.js,-31.9505,115.8605,1829-08-12,0,1,0,0,ÖLÇÜLEMEDİ,,,,,
Perth (İskoçya),yerlesimler_avrupa.js,56.396,-3.437,1281-01-01,1,0,0,0,ÖLÇÜLEMEDİ,,,,,
Perugia,yerlesimler_avrupa.js,43.111,12.389,1281-01-01,0,0,0,0,TEMİZ-ÖLÇÜLDÜ,,,Perusia,0.1,precise
Petropavlovsk (Kızılcar),yerlesimler_ortaasya3.js,54.87,69.15,1281-01-01,1,0,0,0,ÖLÇÜLEMEDİ,,,,,
Petrovsk (Saratov),yerlesimler_ek22.js,52.3167,45.3833,1281-01-01,1,0,0,0,ÖLÇÜLEMEDİ,,,,,
Petsamo (Peçenga),yerlesimler_ek8.js,69.55,31.22,1281-01-01,1,0,0,0,ÖLÇÜLEMEDİ,,,,,
Petseri (Peçori),yerlesimler_a78_avrupa.js,57.815,27.609,1281-01-01,1,0,0,0,ÖLÇÜLEMEDİ,,,,,
Peşâver,yerlesimler_asya.js,34.008,71.578,1281-01-01,0,0,0,0,TEMİZ-ÖLÇÜLDÜ,,,Peshawar,0.5,precise
Phan Rang (Panduranga),yerlesimler_asya.js,11.564,108.988,1281-01-01,1,0,0,0,ÖLÇÜLEMEDİ,,,,,
Phuket (Thalang),yerlesimler_gdasya.js,7.89,98.4,1281-01-01,1,0,0,0,ÖLÇÜLEMEDİ,,,,,
Pirenópolis (Meia Ponte),yerlesimler_nokta_amerika_0917.js,-15.8507,-48.9592,1754-08-10,1,0,0,0,ÖLÇÜLEMEDİ,,,,,
Pisa,yerlesimler_avrupa.js,43.716,10.397,1281-01-01,0,0,0,0,TEMİZ-ÖLÇÜLDÜ,,,Pisae,0.5,precise
Pitic (Hermosillo),yerlesimler_amerika3.js,29.0729,-110.9559,1700-01-01,1,0,0,0,ÖLÇÜLEMEDİ,,,,,
Plaisance (Placentia),yerlesimler_kamerika.js,47.2491,-53.9605,1662-01-01,1,0,0,0,ÖLÇÜLEMEDİ,,,,,
Plymouth (Massachusetts),yerlesimler_amerika.js,41.9584,-70.6673,1620-12-21,1,0,0,0,ÖLÇÜLEMEDİ,,,,,
Poitiers,yerlesimler_avrupa.js,46.58,0.34,1281-01-01,0,0,0,0,TEMİZ-ÖLÇÜLDÜ,,,Limonum,0.6,precise
Ponca köyleri (Salt Fork),yerlesimler_kamerika.js,36.7,-97.08,1281-01-01,1,0,0,0,ÖLÇÜLEMEDİ,,,,,
Poronay yukarısı (bölge),yerlesimler_a78_asya.js,50.1,143.1,1281-01-01,1,0,0,0,ÖLÇÜLEMEDİ,,,,,
Port Royal (Acadia),yerlesimler_amerika.js,44.7442,-65.5058,1605-01-01,1,0,0,0,ÖLÇÜLEMEDİ,,,,,
Port of Spain (Puerto de España),yerlesimler_amerika.js,10.6549,-61.5019,1757-01-01,1,0,0,0,ÖLÇÜLEMEDİ,,,,,
Port-la-Joye (Charlottetown),yerlesimler_kamerika.js,46.2398,-63.1318,1720-01-01,1,0,0,0,ÖLÇÜLEMEDİ,,,,,
Port-Étienne (Nouadhibou),yerlesimler_a78_afrika.js,20.913,-17.05,1904-01-01,1,0,0,0,ÖLÇÜLEMEDİ,,,,,
Portobelo (Puerto Bello),yerlesimler_0ee15e.js,9.55,-79.65,1597-01-01,1,0,0,0,ÖLÇÜLEMEDİ,,,,,
Portsmouth (New Hampshire),yerlesimler_kamerika.js,43.071,-70.763,1623-01-01,1,0,0,0,ÖLÇÜLEMEDİ,,,,,
Potonchán (Santa María de la Victoria),yerlesimler_amerika.js,18.5439,-92.6461,1281-01-01,1,0,0,0,ÖLÇÜLEMEDİ,,,,,
Praviște (Eleftheroupoli),yerlesimler_ek29.js,40.9167,24.25,1281-01-01,1,0,0,0,ÖLÇÜLEMEDİ,,,,,
Prescott / Yavapai,yerlesimler_kamerika.js,34.54,-112.468,1281-01-01,1,0,0,0,ÖLÇÜLEMEDİ,,,,,
Presidente Dutra (Curador),yerlesimler_a78_amerika.js,-5.2898,-44.495,1896-06-06,1,0,0,0,ÖLÇÜLEMEDİ,,,,,
Prevadi (Provadia),yerlesimler_ek29.js,43.1789,27.4331,1281-01-01,1,0,0,0,ÖLÇÜLEMEDİ,,,,,
Preveze,yerlesimler.js,38.9607,20.7469,1281-01-01,0,0,1,0,ÖLÇÜLEMEDİ,,,Nicopolis,6.2,precise
Prince of Wales Fort (Churchill),yerlesimler_kamerika.js,58.768,-94.167,1717-01-01,1,0,0,0,ÖLÇÜLEMEDİ,,,,,
Prizren,yerlesimler_ek_bosluk.js,42.214,20.741,1281-01-01,0,0,0,0,TEMİZ-ÖLÇÜLDÜ,,,*Gabuleum,0.4,precise
Prome (Pyay),yerlesimler_asya.js,18.817,95.213,1281-01-01,1,0,0,0,ÖLÇÜLEMEDİ,,,,,
"Provo (Utah Gölü, Timpanogos Ute)",yerlesimler_kamerika.js,40.234,-111.659,1849-01-01,1,0,0,0,ÖLÇÜLEMEDİ,,,,,
Puerto Carreño,yerlesimler_a78_amerika.js,6.1903,-67.4836,1922-01-01,0,1,0,0,ÖLÇÜLEMEDİ,,,,,
Puerto Princesa (Palawan),yerlesimler_gdasya.js,9.74,118.74,1281-01-01,1,0,0,0,ÖLÇÜLEMEDİ,,,,,
Purén (Mapuche/Araukanya — güney direniş bölgesi),yerlesimler_amerika.js,-38.0333,-73.0833,1281-01-01,1,0,0,0,ÖLÇÜLEMEDİ,,,,,
Pánuco (Huasteca),yerlesimler_kamerika.js,22.053,-98.181,1522-01-01,1,0,0,0,ÖLÇÜLEMEDİ,,,,,
Périgueux,yerlesimler_avrupa.js,45.184,0.721,1281-01-01,0,0,0,0,TEMİZ-ÖLÇÜLDÜ,,,Vesunna,0.1,precise
Pûne (Poona),yerlesimler_asya.js,18.52,73.856,1281-01-01,1,0,0,0,ÖLÇÜLEMEDİ,,,,,
Qamanittuaq (Baker Lake),yerlesimler_kamerika.js,64.319,-96.018,1281-01-01,1,0,0,0,ÖLÇÜLEMEDİ,,,,,
Qeqertarsuaq (Godhavn),yerlesimler_kamerika.js,69.247,-53.534,1773-01-01,1,0,0,0,ÖLÇÜLEMEDİ,,,,,
Qikiqtarjuaq (Broughton Adası),yerlesimler_kamerika.js,67.548,-64.031,1281-01-01,1,0,0,0,ÖLÇÜLEMEDİ,,,,,
Qikiqtaruk (Herschel Adası),yerlesimler_kamerika.js,69.5792,-138.9091,1890-01-01,1,0,0,0,ÖLÇÜLEMEDİ,,,,,
Qikiqtaġruk (Kotzebue),yerlesimler_kamerika.js,66.898,-162.596,1281-01-01,1,0,0,0,ÖLÇÜLEMEDİ,,,,,
Qingdao (Tsingtau),yerlesimler_asya.js,36.067,120.383,1898-03-06,1,0,0,0,ÖLÇÜLEMEDİ,,,,,
Qiongzhou (Haikou),yerlesimler_asya.js,20.044,110.199,1281-01-01,1,0,0,0,ÖLÇÜLEMEDİ,,,,,
Qitai (Gucheng),yerlesimler_nokta_asya_0917.js,44.01,89.56,1771-01-01,1,0,0,0,ÖLÇÜLEMEDİ,,,,,
Queenstown (Yeni Zelanda),yerlesimler_a78_okyanusya.js,-45.0312,168.6626,1862-01-01,1,0,0,0,ÖLÇÜLEMEDİ,,,,,
Quilmes (Calchaquí Vadisi — Diaguita),yerlesimler_amerika.js,-26.5833,-66.1667,1281-01-01,1,0,0,0,ÖLÇÜLEMEDİ,,,,,
Quimper,yerlesimler_avrupa.js,47.996,-4.102,1281-01-01,0,0,0,0,TEMİZ-ÖLÇÜLDÜ,,,Quimper,0.2,precise
"Quivira (Wiçita, Büyük Bükülme)",yerlesimler_kamerika.js,38.3,-98.2,1281-01-01,1,0,0,0,ÖLÇÜLEMEDİ,,,,,
Rab (Arbe),yerlesimler.js,44.7636,14.7702,1281-01-01,1,0,0,0,TEMİZ-ÖLÇÜLDÜ,,,Arba,1.2,precise
Rabat,yerlesimler.js,34.021,-6.841,1150-01-01,0,0,0,0,TEMİZ-ÖLÇÜLDÜ,Ribāṭ,5.3,Sala,2.4,precise
Radom (Polonya),yerlesimler.js,51.403,21.147,1281-01-01,1,0,0,0,ÖLÇÜLEMEDİ,,,,,
Rakka,yerlesimler.js,35.953,39.008,1260-09-03,0,0,0,1,TEMİZ-ÖLÇÜLDÜ,al-Raqqaŧ,3.9,Nicephorium/Callinicum/Leontopolis,4.4,precise
Rangun (Yangon),yerlesimler_asya.js,16.871,96.199,1281-01-01,1,0,0,0,ÖLÇÜLEMEDİ,,,,,
Rapa Nui (Paskalya Adası),yerlesimler_ek30.js,-27.1127,-109.3497,,1,0,0,0,ÖLÇÜLEMEDİ,,,,,
Ras el-Hayme (Cülfâr),yerlesimler.js,25.7896,55.9417,1281-01-01,1,0,0,0,GÜRÜLTÜ (yalnız al-Ṯurayyā 5–10 km),Ǧullafār,6.3,,,
Ratanpur,yerlesimler_nokta_asya_0917.js,22.29,82.17,1281-01-01,0,1,0,0,ÖLÇÜLEMEDİ,,,,,
Ravenna,yerlesimler_avrupa.js,44.418,12.203,1281-01-01,0,0,0,0,TEMİZ-ÖLÇÜLDÜ,,,Ravenna,0.6,precise
Raycur (Raichur),yerlesimler_asya.js,16.207,77.355,1281-01-01,1,0,0,0,ÖLÇÜLEMEDİ,,,,,
Reducción de la Concepción (Salado),yerlesimler_gamerika.js,-35.7466,-57.3595,1740-01-01,1,0,0,0,ÖLÇÜLEMEDİ,,,,,
Regensburg,yerlesimler_avrupa.js,49.019,12.097,1281-01-01,0,0,0,0,TEMİZ-ÖLÇÜLDÜ,,,Reginum/Castra Regina,0.1,precise
Reims,yerlesimler_avrupa.js,49.258,4.031,1281-01-01,0,0,0,0,TEMİZ-ÖLÇÜLDÜ,,,Durocortorum,0.5,precise
Rengat (Indragiri),yerlesimler_gdasya.js,-0.35,102.55,1281-01-01,1,0,0,0,ÖLÇÜLEMEDİ,,,,,
Rennes,yerlesimler_avrupa.js,48.114,-1.68,1281-01-01,0,0,0,0,TEMİZ-ÖLÇÜLDÜ,,,Condate Redonum,0.3,precise
Revan,yerlesimler.js,40.183,44.515,1281-01-01,0,0,0,0,TEMİZ-ÖLÇÜLDÜ,,,Yerevan,0.3,precise
Reyes (Maropa),yerlesimler_gamerika.js,-14.3,-67.35,1716-01-01,1,0,0,0,ÖLÇÜLEMEDİ,,,,,
Rezve (Rezovo),yerlesimler_ek24.js,41.9935,28.0192,1281-01-01,1,0,0,0,ÖLÇÜLEMEDİ,,,,,
Reşadiye (İskefsir),yerlesimler_anadolu_0914.js,40.3919,37.3375,1281-01-01,1,0,0,0,ÖLÇÜLEMEDİ,,,,,
Reşîd (Rosetta),yerlesimler.js,31.399,30.417,1281-01-01,1,0,0,0,TEMİZ-ÖLÇÜLDÜ,Rašīd,3.8,Bolbitine,0.3,precise
Rimini,yerlesimler_avrupa.js,44.06,12.565,1281-01-01,0,0,0,0,TEMİZ-ÖLÇÜLDÜ,,,Ariminum,0.2,precise
Rimnik (Râmnicu Vâlcea),yerlesimler.js,45.105,24.375,1281-01-01,1,0,0,0,ÖLÇÜLEMEDİ,,,,,
Rimnik-i Sârat (Râmnicu Sărat),yerlesimler.js,45.383,27.056,1281-01-01,1,0,0,0,ÖLÇÜLEMEDİ,,,,,
Rinconada (Puna),yerlesimler_gamerika.js,-22.43,-66.16,1281-01-01,1,0,0,0,ÖLÇÜLEMEDİ,,,,,
Rio Branco (Acre),yerlesimler_a78_amerika.js,-9.975,-67.8243,1904-08-22,1,1,0,0,ÖLÇÜLEMEDİ,,,,,
Rio de Contas (Minas do Rio de Contas),yerlesimler_nokta_amerika_0917.js,-13.5794,-41.8111,1723-11-27,1,1,0,0,ADAY-BEYAN (kaydın kendi notu),,,,,
Rivadavia (Salta),yerlesimler_a78_amerika.js,-24.1833,-62.8833,1862-01-01,1,1,0,0,ÖLÇÜLEMEDİ,,,,,
Rivne (Równe),yerlesimler_p0037.js,50.6199,26.2516,1281-01-01,1,0,0,0,ÖLÇÜLEMEDİ,,,,,
Rize,yerlesimler.js,41.02,40.523,1204-01-01,0,0,0,0,TEMİZ-ÖLÇÜLDÜ,,,Rhizaion,1.9,precise
Rodos,yerlesimler.js,36.443,28.226,1281-01-01,0,0,0,0,TEMİZ-ÖLÇÜLDÜ,,,Rhodos (settlement),0.1,precise
Roma (Queensland),yerlesimler_okyanusya.js,-26.57,148.79,1867-01-01,1,0,0,0,ÖLÇÜLEMEDİ,,,,,
Ronda,yerlesimler_avrupa.js,36.742,-5.167,1281-01-01,0,0,0,0,TEMİZ-ÖLÇÜLDÜ,,,Arunda,0.1,precise
Roper River Misyonu (Ngukurr),yerlesimler_a78_okyanusya.js,-14.73,134.73,1908-01-01,1,0,0,0,ÖLÇÜLEMEDİ,,,,,
Rostov (Don),yerlesimler.js,47.236,39.712,1749-12-15,1,0,0,0,ÖLÇÜLEMEDİ,,,,,
Rouen,yerlesimler_avrupa.js,49.443,1.099,1281-01-01,0,0,0,0,TEMİZ-ÖLÇÜLDÜ,,,Rotomagus,0.3,precise
Ruby Vadisi (Batı Şoşoni),yerlesimler_kamerika.js,40.1,-115.5,1281-01-01,1,0,0,0,ÖLÇÜLEMEDİ,,,,,
Rusçuk,yerlesimler.js,43.856,25.971,1281-01-01,0,0,0,0,TEMİZ-ÖLÇÜLDÜ,,,Sexaginta Prista,2.3,precise
Rykovskoye (Kirovskoye),yerlesimler_a78_asya.js,50.707,142.727,1878-01-01,1,0,0,0,ÖLÇÜLEMEDİ,,,,,
Râmhürmüz,yerlesimler.js,31.2803,49.6039,1281-01-01,0,0,0,0,TEMİZ-ÖLÇÜLDÜ,Rām Hurmuz,0.7,Ram Hurmizd,0.5,precise
Râşid (Tagant),yerlesimler_afrika2.js,18.83,-11.6,1640-01-01,1,0,0,0,ÖLÇÜLEMEDİ,,,,,
Río Cuarto (Villa de la Concepción del Río Cuarto),yerlesimler_nokta_amerika_0917.js,-33.1232,-64.3493,1786-11-11,1,0,0,0,ÖLÇÜLEMEDİ,,,,,
"Río Tinto (Black River, Moskito kıyısı)",yerlesimler_kamerika.js,15.85,-84.85,1732-01-01,1,0,0,0,ÖLÇÜLEMEDİ,,,,,
Rønne (Bornholm),yerlesimler_avrupa.js,55.1,14.702,1281-01-01,1,0,0,0,ÖLÇÜLEMEDİ,,,,,
Rēzekne (Rositten),yerlesimler_a78_avrupa.js,56.51,27.333,1281-01-01,1,0,0,0,ÖLÇÜLEMEDİ,,,,,
Rın kumulları (Volga-Yayık arası),yerlesimler_seyrek.js,49.0,47.5,1281-01-01,1,0,0,0,ÖLÇÜLEMEDİ,,,,,
SG̱ang Gwaay (Ninstints),yerlesimler_kamerika.js,52.1352,-131.2403,1281-01-01,1,0,0,0,ÖLÇÜLEMEDİ,,,,,
Sa'de,yerlesimler_ok104.js,16.94,43.764,1281-01-01,0,0,0,0,TEMİZ-ÖLÇÜLDÜ,Ṣaʿdaŧ,0.6,Ṣaʿda,0.2,precise
Saarbrücken,yerlesimler_avrupa.js,49.233,6.997,1281-01-01,0,0,0,0,TEMİZ-ÖLÇÜLDÜ,,,Saarbrücken,2.2,precise
Safi (Asfi),yerlesimler_ek3.js,32.299,-9.237,1281-01-01,1,0,0,0,ÖLÇÜLEMEDİ,,,,,
Saginaw (Ojibwe),yerlesimler_kamerika.js,43.419,-83.951,1281-01-01,1,0,0,0,ÖLÇÜLEMEDİ,,,,,
Saint John (NB),yerlesimler_kamerika.js,45.2916,-66.0603,1631-01-01,1,0,0,0,ÖLÇÜLEMEDİ,,,,,
Saint-Louis (Ndar),yerlesimler_afrika2.js,16.03,-16.51,1659-01-01,1,0,0,0,ÖLÇÜLEMEDİ,,,,,
Salaga (Gonja),yerlesimler_afrika2.js,8.55,-0.52,1550-01-01,1,0,0,0,ÖLÇÜLEMEDİ,,,,,
Salamanca,yerlesimler_avrupa.js,40.965,-5.664,1281-01-01,0,0,0,0,TEMİZ-ÖLÇÜLDÜ,,,Salmantica,0.1,precise
Salisbury (Harare),yerlesimler_afrika2.js,-17.83,31.05,1890-09-12,1,0,0,0,ÖLÇÜLEMEDİ,,,,,
Salluit (Sugluk),yerlesimler_kamerika.js,62.203,-75.641,1281-01-01,1,0,0,0,ÖLÇÜLEMEDİ,,,,,
Salvador (Bahia),yerlesimler_amerika.js,-12.9777,-38.5016,1549-03-29,1,0,0,0,ÖLÇÜLEMEDİ,,,,,
Samsun,yerlesimler.js,41.286,36.331,1281-01-01,0,0,0,0,TEMİZ-ÖLÇÜLDÜ,,,Amisus/Peiraieus,0.7,precise
San Antonio (Misyon San Antonio de Valero),yerlesimler_amerika.js,29.426,-98.4861,1718-05-01,1,0,0,0,ÖLÇÜLEMEDİ,,,,,
San Clemente (Şili),yerlesimler_a78_amerika.js,-35.5375,-71.4859,1891-12-22,1,0,0,0,ÖLÇÜLEMEDİ,,,,,
San Cristóbal (Táchira),yerlesimler_a78_amerika.js,7.7711,-72.2261,1561-03-31,1,0,0,0,ÖLÇÜLEMEDİ,,,,,
San Cristóbal de las Casas (Ciudad Real),yerlesimler_amerika.js,16.737,-92.6376,1528-03-31,1,0,0,0,ÖLÇÜLEMEDİ,,,,,
San Diego (Misyon San Diego de Alcalá),yerlesimler_amerika.js,32.7157,-117.1611,1769-07-16,1,0,0,0,ÖLÇÜLEMEDİ,,,,,
San Felipe (Aconcagua),yerlesimler_a78_amerika.js,-32.7507,-70.7253,1740-08-03,1,0,0,0,ÖLÇÜLEMEDİ,,,,,
San Fernando (Resistencia),yerlesimler_gamerika.js,-27.45,-58.98,1750-01-01,1,0,0,0,ÖLÇÜLEMEDİ,,,,,
San Francisco (Misyon San Francisco de Asís),yerlesimler_amerika.js,37.7599,-122.4269,1776-06-29,1,0,0,0,ÖLÇÜLEMEDİ,,,,,
San Francisco Xavier (Chiquitos),yerlesimler_gamerika.js,-16.27,-62.5,1691-01-01,1,0,0,0,ÖLÇÜLEMEDİ,,,,,
San Jerónimo (Reconquista),yerlesimler_gamerika.js,-29.15,-59.65,1748-01-01,1,0,0,0,ÖLÇÜLEMEDİ,,,,,
San Joaquín de Omaguas (Fritz),yerlesimler_gamerika.js,-3.83,-73.35,1686-01-01,1,0,0,0,ÖLÇÜLEMEDİ,,,,,
San José de Oruña (St. Joseph),yerlesimler_amerika.js,10.6516,-61.4128,1592-01-01,1,0,0,0,ÖLÇÜLEMEDİ,,,,,
San Martín (Meta),yerlesimler_a78_amerika.js,3.6969,-73.6986,1641-04-10,1,0,0,0,ÖLÇÜLEMEDİ,,,,,
San Miguel (Aushiri),yerlesimler_gamerika.js,-1.9,-75.2,1665-01-01,1,0,0,0,ÖLÇÜLEMEDİ,,,,,
San Miguel (Pachitea),yerlesimler_gamerika.js,-8.8,-74.55,1685-01-01,1,0,0,0,ÖLÇÜLEMEDİ,,,,,
San Rafael (Fuerte San Rafael del Diamante),yerlesimler_nokta_amerika_0917.js,-34.6177,-68.3301,1805-04-02,1,0,0,0,ÖLÇÜLEMEDİ,,,,,
Sana,yerlesimler.js,15.369,44.191,1281-01-01,0,0,0,0,TEMİZ-ÖLÇÜLDÜ,Ṣanʿāʾ,1.3,Ṣanʿāʾ,3.2,precise
Sandakan (Elopura),yerlesimler_a78_asya.js,5.8462,118.1115,1874-01-01,1,0,0,0,ÖLÇÜLEMEDİ,,,,,
Sandoway (Thandwe),yerlesimler_gdasya.js,18.48,94.35,1281-01-01,1,0,0,0,ÖLÇÜLEMEDİ,,,,,
Sandy Lake (Kuzeybatı Ontario),yerlesimler_kamerika.js,53.0589,-93.3289,1281-01-01,1,0,0,0,ÖLÇÜLEMEDİ,,,,,
Sanirajak (Hall Beach),yerlesimler_kamerika.js,68.777,-81.243,1281-01-01,1,0,0,0,ÖLÇÜLEMEDİ,,,,,
Santa Clara (Küba),yerlesimler_kamerika.js,22.407,-79.964,1689-07-15,1,0,0,0,ÖLÇÜLEMEDİ,,,,,
Santa Cruz de la Sierra,yerlesimler_a78_amerika.js,-17.7834,-63.1821,1595-05-21,0,1,0,0,ÖLÇÜLEMEDİ,,,,,
Santa Fe (Arjantin),yerlesimler_amerika.js,-31.6333,-60.7,1573-11-15,1,0,0,0,ÖLÇÜLEMEDİ,,,,,
Santa Magdalena (Itonama),yerlesimler_gamerika.js,-13.34,-64.13,1767-01-01,1,0,0,0,ÖLÇÜLEMEDİ,,,,,
Santarém (Tapajós),yerlesimler_amerika3.js,-2.44,-54.708,1661-01-01,1,0,0,0,ÖLÇÜLEMEDİ,,,,,
Santiago (Şili),yerlesimler_amerika.js,-33.4489,-70.6693,1541-02-12,1,0,0,0,ÖLÇÜLEMEDİ,,,,,
Santiago de la Laguna (Lagunas),yerlesimler_gamerika.js,-5.23,-75.68,1670-01-01,1,0,0,0,ÖLÇÜLEMEDİ,,,,,
Santorini,yerlesimler.js,36.416,25.432,1281-01-01,0,0,0,0,TEMİZ-ÖLÇÜLDÜ,,,Thera (island),0.1,precise
Sanxing (Yilan),yerlesimler_nokta_asya_0917.js,46.32,129.57,1714-01-01,1,0,0,0,ÖLÇÜLEMEDİ,,,,,
Saray (Selitrennoye),yerlesimler_h2_rusya.js,47.183,47.7,1281-01-01,1,0,0,1,ÖLÇÜLEMEDİ,,,,,
Sarayacu (Ucayali),yerlesimler_gamerika.js,-6.73,-75.1,1790-01-01,1,1,0,0,ÖLÇÜLEMEDİ,,,,,
Sarh (Fort-Archambault),yerlesimler_afrika2.js,9.15,18.39,1899-01-01,1,0,0,0,ÖLÇÜLEMEDİ,,,,,
Sarmiento (Chubut),yerlesimler_a78_amerika.js,-45.5868,-69.0688,1897-06-21,1,0,0,0,ÖLÇÜLEMEDİ,,,,,
Sarıkamış,yerlesimler_ek28.js,40.328,42.578,1281-01-01,0,0,0,0,TEMİZ-ÖLÇÜLDÜ,,,Sarıkamış,0.8,precise
Sasari (Sassari),yerlesimler.js,40.73,8.56,1281-01-01,1,0,0,0,ÖLÇÜLEMEDİ,,,,,
Saukenuk (Sauk),yerlesimler_kamerika.js,41.512,-90.578,1281-01-01,1,0,0,0,ÖLÇÜLEMEDİ,,,,,
Sayda,yerlesimler.js,33.563,35.369,1281-01-01,0,0,0,0,TEMİZ-ÖLÇÜLDÜ,Ṣaydāʾ,0.7,Sidon/Col. Aurelia Pia,0.4,precise
Saygon (Gia Định),yerlesimler_asya.js,10.823,106.63,1281-01-01,1,0,0,0,ÖLÇÜLEMEDİ,,,,,
Sayram (İsficâb),yerlesimler_ok107.js,42.303,69.786,1281-01-01,1,0,0,0,ÖLÇÜLEMEDİ,Isbīǧāb,8.5,,,
Seattle (Duwamish),yerlesimler_kamerika.js,47.606,-122.332,1851-11-13,1,0,0,0,ÖLÇÜLEMEDİ,,,,,
Sebte (Ceuta),yerlesimler_ek3.js,35.889,-5.318,1273-01-01,1,0,0,0,TEMİZ-ÖLÇÜLDÜ,Sabtaŧ,3.4,Septem,0.2,precise
Sebzevâr,yerlesimler.js,36.2133,57.6792,1281-01-01,0,0,0,0,GÜRÜLTÜ (yalnız al-Ṯurayyā 5–10 km),Sābzawār,6.4,Sabzevār,35.7,rough
Secwépemc (Adams Gölü),yerlesimler_kamerika.js,51.0,-119.5,1281-01-01,1,0,0,0,ÖLÇÜLEMEDİ,,,,,
Segedin (Szeged),yerlesimler.js,46.253,20.148,1281-01-01,1,0,0,0,ÖLÇÜLEMEDİ,,,,,
Segesvár (Sighişoara),yerlesimler_ek29.js,46.2197,24.7925,1281-01-01,1,0,0,0,ÖLÇÜLEMEDİ,,,,,
Segu (Ségou),yerlesimler_e9353f.js,13.432,-6.216,1898-01-01,1,0,0,0,ÖLÇÜLEMEDİ,,,,,
Selanik,yerlesimler.js,40.64,22.944,1281-01-01,0,0,0,0,TEMİZ-ÖLÇÜLDÜ,,,Thessalonica,1.5,precise
Selmâs (Dilman),yerlesimler.js,38.1983,44.7654,1281-01-01,1,0,0,0,TEMİZ-ÖLÇÜLDÜ,Salamās,6.1,Sal(a)mas,0.2,precise
Selîme (Nûbe çölü batısı),yerlesimler.js,21.5,29.3,,1,0,0,0,ÖLÇÜLEMEDİ,,,,,
Semendire,yerlesimler.js,44.663,20.93,1281-01-01,1,0,0,0,ÖLÇÜLEMEDİ,,,,,
Semerkant,yerlesimler_ek14.js,39.6542,66.9758,1220-01-01,0,0,0,1,TEMİZ-ÖLÇÜLDÜ,,,Marakanda,2.5,precise
Seneca (Ganondagan),yerlesimler_amerika.js,42.9084,-77.4258,1450-01-01,1,0,0,0,ÖLÇÜLEMEDİ,,,,,
Senendec (Sine),yerlesimler.js,35.3111,46.9961,1636-01-01,1,0,0,0,ÖLÇÜLEMEDİ,,,,,
Sengkang (Wajo),yerlesimler_gdasya.js,-4.13,120.02,1330-01-01,1,0,0,0,ÖLÇÜLEMEDİ,,,,,
Serahs,yerlesimler.js,36.5386,61.1611,1193-01-01,0,0,0,0,TEMİZ-ÖLÇÜLDÜ,Saraḫs,3.3,Serakhs,1.2,precise
Seram (Ceram),yerlesimler_gdasya.js,-3.1,129.5,1281-01-01,1,0,0,0,ÖLÇÜLEMEDİ,,,,,
Serdeşt (Sardasht),yerlesimler_kalite4.js,36.16,45.48,1501-07-01,1,0,0,0,ÖLÇÜLEMEDİ,,,,,
Serence (Serenje),yerlesimler_afrika2.js,-13.24,30.24,1700-01-01,1,0,0,0,ÖLÇÜLEMEDİ,,,,,
Serhad (Vahan),yerlesimler_a78_asya.js,36.98,73.47,1281-01-01,1,0,0,0,ÖLÇÜLEMEDİ,,,,,
Seringapatam (Şrirangapatnam),yerlesimler_asya.js,12.412,76.694,1281-01-01,1,0,0,0,ÖLÇÜLEMEDİ,,,,,
Serove (Serowe),yerlesimler_afrika2.js,-22.39,26.71,1700-01-01,1,0,0,0,ÖLÇÜLEMEDİ,,,,,
Serro (Vila do Príncipe),yerlesimler_nokta_amerika_0917.js,-18.6048,-43.3794,1714-01-29,1,0,0,0,ÖLÇÜLEMEDİ,,,,,
Setif,yerlesimler.js,36.19,5.41,1281-01-01,0,0,0,0,TEMİZ-ÖLÇÜLDÜ,Saṭīf,3.5,Sitifis,0.6,precise
Seul (Hanyang),yerlesimler_asya.js,37.566,126.978,1281-01-01,1,0,0,0,ÖLÇÜLEMEDİ,,,,,
Sevilla,yerlesimler.js,37.389,-5.984,1281-01-01,0,0,0,0,TEMİZ-ÖLÇÜLDÜ,,,Hispalis/Col. Romula,1.3,precise
Sevâkin,yerlesimler.js,19.106,37.332,1281-01-01,0,0,0,0,TEMİZ-ÖLÇÜLDÜ,Suwākin,0.8,,,
Seydişehir,yerlesimler.js,37.421,31.849,1281-01-01,0,0,1,0,ADAY-ZAYIF,,,Seydişehir,9.9,precise
Seyûn (Sayvan),yerlesimler_nokta_ortadogu_0917.js,15.9433,48.7933,1281-01-01,1,0,0,0,ÖLÇÜLEMEDİ,,,,,
Seşeke (Sesheke),yerlesimler_afrika2.js,-17.48,24.3,1600-01-01,1,0,0,0,ÖLÇÜLEMEDİ,,,,,
Sfaks,yerlesimler.js,34.74,10.76,1281-01-01,0,0,0,0,TEMİZ-ÖLÇÜLDÜ,Asfāqus,5.4,Taparura,0.3,precise
Shikuka (Poronaysk),yerlesimler_a78_asya.js,49.222,143.102,1869-01-01,1,0,0,0,ÖLÇÜLEMEDİ,,,,,
Shiritoru (Makarov),yerlesimler_a78_asya.js,48.623,142.778,1892-01-01,1,0,0,0,ÖLÇÜLEMEDİ,,,,,
Shunning (Fengqing),yerlesimler_a78_asya.js,24.58,99.93,1281-01-01,1,0,0,0,ÖLÇÜLEMEDİ,,,,,
Sibsâgar (Rangpûr),yerlesimler_asya.js,26.985,94.638,1281-01-01,1,0,0,0,ÖLÇÜLEMEDİ,,,,,
Sicilmâse (Tâfilelt),yerlesimler_h2_kuzeyafrika.js,31.281,-4.283,1274-01-01,1,0,0,0,TEMİZ-ÖLÇÜLDÜ,Siǧilmāsaŧ,4.4,,,
Siena,yerlesimler_avrupa.js,43.319,11.331,1281-01-01,0,0,0,0,TEMİZ-ÖLÇÜLDÜ,,,Saena,0.0,precise
Sifnos (Yavuzca),yerlesimler.js,36.978,24.707,1281-01-01,1,0,0,0,TEMİZ-ÖLÇÜLDÜ,,,Siphnos (island),1.2,precise
Sikasso (Kenedugu),yerlesimler_afrika2.js,11.32,-5.67,1650-01-01,1,0,0,0,ÖLÇÜLEMEDİ,,,,,
Silifke,yerlesimler.js,36.309,33.938,1281-01-01,0,0,1,0,YAN-KESİN (nokta ne modern ne tarihî yerde),,,Seleucia ad Calycadnum/Tracheia,8.0,precise
Silistre,yerlesimler.js,44.117,27.26,1281-01-01,0,0,0,0,TEMİZ-ÖLÇÜLDÜ,,,Durostorum,0.2,precise
Silivri,yerlesimler_ek29.js,41.0791,28.2493,1281-01-01,0,0,0,0,TEMİZ-ÖLÇÜLDÜ,,,Sely(m)bria/Eudoxiopolis,0.2,precise
Simanggang (Sri Aman),yerlesimler_a78_asya.js,1.24,111.46,1864-01-01,1,0,0,0,ÖLÇÜLEMEDİ,,,,,
Simav,yerlesimler.js,39.09,28.98,1281-01-01,0,0,0,0,TEMİZ-ÖLÇÜLDÜ,,,Synaos,0.3,precise
Simnân,yerlesimler.js,35.5769,53.3972,1221-01-01,0,0,0,0,TEMİZ-ÖLÇÜLDÜ,Simnān,9.2,[Semnan]/Semina,0.5,precise
Sin (Sinj),yerlesimler_ek.js,43.704,16.639,1281-01-01,1,0,0,0,ÖLÇÜLEMEDİ,,,,,
Sincar,yerlesimler.js,36.3222,41.8689,1281-01-01,0,0,0,0,TEMİZ-ÖLÇÜLDÜ,Sinǧār,2.0,Singara,0.6,precise
Sinop,yerlesimler.js,42.027,35.151,1214-01-01,0,0,0,0,TEMİZ-ÖLÇÜLDÜ,,,Sinope,0.7,precise
Sinâvin,yerlesimler_h2_kuzeyafrika.js,31.007,10.616,1281-01-01,0,0,0,0,TEMİZ-ÖLÇÜLDÜ,,,Sinawen,2.9,precise
Sion (Sitten),yerlesimler_a78_avrupa.js,46.233,7.361,1281-01-01,1,0,0,0,ÖLÇÜLEMEDİ,,,,,
Sircân,yerlesimler.js,29.45,55.68,1281-01-01,0,0,0,0,TEMİZ-ÖLÇÜLDÜ,al-Sīrǧān,6.7,Shiragan/Sirjan,1.9,precise
Sire (Syros),yerlesimler.js,37.436,24.918,1281-01-01,1,0,0,0,TEMİZ-ÖLÇÜLDÜ,,,Syros (island),0.8,precise
Sirte,yerlesimler_afrika.js,31.205,16.589,1281-01-01,0,0,1,1,ADAY,Surt,11.9,Surt,49.6,precise
Sisak,yerlesimler_ek29.js,45.4658,16.3783,1281-01-01,0,0,0,0,TEMİZ-ÖLÇÜLDÜ,,,Segestica/Siscia,2.0,precise
Sisam,yerlesimler.js,37.755,26.977,1281-01-01,0,0,1,0,ÖLÇÜLEMEDİ,,,Samos (island),12.4,precise
Sisimiut (Holsteinsborg),yerlesimler_kamerika.js,66.9338,-53.6684,1756-01-01,1,0,0,0,ÖLÇÜLEMEDİ,,,,,
Sitiye (Sitia),yerlesimler.js,35.208,26.104,1281-01-01,1,0,0,0,TEMİZ-ÖLÇÜLDÜ,,,*Setaea/Etis,0.4,precise
Sivas,yerlesimler.js,39.75,37.015,1184-01-01,0,0,0,0,TEMİZ-ÖLÇÜLDÜ,,,Sebasteia/Megalopolis?/Talaura?,0.2,precise
Sivrihisar,yerlesimler.js,39.45,31.535,1281-01-01,0,0,0,0,TEMİZ-ÖLÇÜLDÜ,,,Spaleia,2.1,precise
Skidegate (Haida Gwaii),yerlesimler_kamerika.js,53.2559,-132.0022,1281-01-01,1,0,0,0,ÖLÇÜLEMEDİ,,,,,
Sodo (Vollayta),yerlesimler_afrika.js,6.86,37.762,1281-01-01,1,0,0,0,ÖLÇÜLEMEDİ,,,,,
Sofiysk (Amur),yerlesimler_nokta_sibirya_0917.js,51.5733,139.8455,1859-01-01,1,0,0,0,ÖLÇÜLEMEDİ,,,,,
Sofulu (Soufli),yerlesimler_ek24.js,41.193,26.298,1281-01-01,1,0,0,0,ÖLÇÜLEMEDİ,,,,,
Sofya,yerlesimler.js,42.698,23.322,1281-01-01,0,0,0,0,TEMİZ-ÖLÇÜLDÜ,,,Serdica,3.2,precise
Sohum,yerlesimler.js,43.001,41.023,1281-01-01,0,0,0,0,TEMİZ-ÖLÇÜLDÜ,,,Dioscurias/Sebastopolis,1.0,precise
Sokotra,yerlesimler.js,12.51,53.872,1281-01-01,0,0,0,0,TEMİZ-ÖLÇÜLDÜ,,,Diosko(u)rides (island),4.6,precise
Solnok (Szolnok),yerlesimler.js,47.174,20.198,1281-01-01,1,0,0,0,ÖLÇÜLEMEDİ,,,,,
Solovki (Solovetsky),yerlesimler_h2_rusya.js,65.03,35.712,1436-01-01,1,0,0,0,ÖLÇÜLEMEDİ,,,,,
Songea (Ngoni),yerlesimler_afrika2.js,-10.68,35.65,1835-01-01,1,0,0,0,ÖLÇÜLEMEDİ,,,,,
Sonoyta (Sonoita),yerlesimler_a78_amerika.js,31.8634,-112.8497,1869-05-14,1,0,0,0,ÖLÇÜLEMEDİ,,,,,
Soroka (Soroca),yerlesimler.js,48.158,28.299,1281-01-01,1,0,0,0,ÖLÇÜLEMEDİ,,,,,
Souli (Sûli),yerlesimler_epir.js,39.4167,20.6167,1281-01-01,1,0,1,0,ÖLÇÜLEMEDİ,,,Selo,53.0,precise
Soçi (Sâşe),yerlesimler.js,43.585,39.723,1281-01-01,1,0,0,0,ÖLÇÜLEMEDİ,,,,,
Spanish Town (Villa de la Vega),yerlesimler_amerika.js,17.9911,-76.9574,1534-01-01,1,0,0,0,ÖLÇÜLEMEDİ,,,,,
Split (Spalato),yerlesimler_ek.js,43.511,16.439,1281-01-01,1,0,0,0,TEMİZ-ÖLÇÜLDÜ,,,Spalatum,0.5,precise
"Springfield (Missouri, Ozark)",yerlesimler_kamerika.js,37.209,-93.292,1829-01-01,1,0,0,0,ÖLÇÜLEMEDİ,,,,,
Srinagar (Keşmir),yerlesimler_asya.js,34.084,74.797,1281-01-01,1,0,0,0,ÖLÇÜLEMEDİ,,,,,
St Helens (Tazmanya),yerlesimler_a78_okyanusya.js,-41.32,148.24,1834-01-01,1,0,0,0,ÖLÇÜLEMEDİ,,,,,
St. George (Utah),yerlesimler_kamerika.js,37.096,-113.578,1861-01-01,1,0,0,0,ÖLÇÜLEMEDİ,,,,,
St. John's (Newfoundland),yerlesimler_kamerika.js,47.561,-52.712,1583-08-05,1,0,0,0,ÖLÇÜLEMEDİ,,,,,
St. Petersburg,yerlesimler.js,59.934,30.335,1703-05-27,1,0,0,0,ÖLÇÜLEMEDİ,,,,,
St. Vith (Sankt Vith),yerlesimler_a78_avrupa.js,50.283,6.127,1281-01-01,1,0,0,0,ÖLÇÜLEMEDİ,,,,,
Stanley,yerlesimler_a78_amerika.js,-51.6931,-57.8565,1844-07-15,0,1,0,0,ÖLÇÜLEMEDİ,,,,,
Stavropol (Volga),yerlesimler_h2_rusya.js,53.507,49.42,1737-01-01,1,0,0,0,ÖLÇÜLEMEDİ,,,,,
Stavropol–Kuma bozkırı,yerlesimler_ek_bozkir.js,44.85,42.6,1281-01-01,0,0,1,0,ÖLÇÜLEMEDİ,,,Stavropol',53.0,precise
Stettin (Szczecin),yerlesimler_avrupa.js,53.428,14.553,1281-01-01,1,0,0,0,ÖLÇÜLEMEDİ,,,,,
Stuttgart,yerlesimler_avrupa.js,48.776,9.183,1281-01-01,0,0,0,0,TEMİZ-ÖLÇÜLDÜ,,,Stuttgart,4.6,precise
Sucre (La Plata / Chuquisaca),yerlesimler_amerika.js,-19.0333,-65.2627,1538-11-30,1,0,0,0,ÖLÇÜLEMEDİ,,,,,
Sudak (Suğdak),yerlesimler_kirim.js,44.8494,34.9747,1281-01-01,1,0,0,0,TEMİZ-ÖLÇÜLDÜ,,,Athenaion/Skythotauron Limen,0.3,precise
Suhâr,yerlesimler.js,24.3472,56.7092,1281-01-01,0,0,0,0,TEMİZ-ÖLÇÜLDÜ,Ṣuḥār,1.9,[Sohar],4.1,precise
Sultâniye,yerlesimler.js,36.4318,48.797,1305-01-01,1,0,0,1,ÖLÇÜLEMEDİ,,,,,
Sumenep (Madura),yerlesimler_gdasya.js,-7.02,113.87,1281-01-01,1,0,0,0,ÖLÇÜLEMEDİ,,,,,
Sunpu (Şizuoka),yerlesimler_asya.js,34.976,138.383,1281-01-01,1,0,0,0,ÖLÇÜLEMEDİ,,,,,
Surakarta (Solo),yerlesimler_asya.js,-7.575,110.824,1745-02-17,1,0,0,0,ÖLÇÜLEMEDİ,,,,,
Surgut,yerlesimler_ek9.js,61.254,73.3962,1592-01-01,0,1,0,0,ÖLÇÜLEMEDİ,,,,,
Suruç,yerlesimler_ek25.js,36.976,38.427,1281-01-01,0,0,0,0,TEMİZ-ÖLÇÜLDÜ,Sarūǧ,1.0,Batnae/Markopolis,0.2,precise
Sutter's Fort (Sacramento),yerlesimler_kamerika.js,38.572,-121.467,1839-01-01,1,0,0,0,ÖLÇÜLEMEDİ,,,,,
Suzak (Sozak),yerlesimler_ortaasya3.js,44.13,68.47,1281-01-01,1,0,0,0,ÖLÇÜLEMEDİ,,,,,
Suçava (Suceava),yerlesimler.js,47.633,26.25,1281-01-01,1,0,0,0,ÖLÇÜLEMEDİ,,,,,
Swatow (Shantou),yerlesimler_asya.js,23.363,116.6798,1281-01-01,1,0,0,0,ÖLÇÜLEMEDİ,,,,,
Szatmár (Satu Mare),yerlesimler_ek_macaristan.js,47.7892,22.8726,1281-01-01,1,0,0,0,ÖLÇÜLEMEDİ,,,,,
Sâmerrâ,yerlesimler.js,34.1983,43.8742,1281-01-01,0,0,0,0,TEMİZ-ÖLÇÜLDÜ,Sāmarrāʾ,1.4,[Samarra]/‘Sumere’,0.3,precise
Sârî,yerlesimler.js,36.5633,53.0601,1281-01-01,0,0,0,0,TEMİZ-ÖLÇÜLDÜ,Sāriyaŧ,6.2,[Sari(ya)]/Zadrakarta?,0.2,precise
Sâve,yerlesimler.js,35.0213,50.3566,1281-01-01,0,0,0,0,TEMİZ-ÖLÇÜLDÜ,Sāwaŧ,8.0,[Saveh],2.5,precise
São Cristóvão (Sergipe),yerlesimler_amerika3.js,-11.0147,-37.2064,1590-01-01,1,0,0,0,ÖLÇÜLEMEDİ,,,,,
São Felipe (Eirunepé),yerlesimler_a78_amerika.js,-6.6568,-69.8662,1895-04-17,1,0,0,0,ÖLÇÜLEMEDİ,,,,,
São Fidélis (Paraíba do Sul),yerlesimler_gamerika.js,-21.64,-41.75,1776-01-01,1,0,0,0,ÖLÇÜLEMEDİ,,,,,
São Pedro de Alcântara (Tibagi),yerlesimler_gamerika.js,-24.3,-50.6,1855-01-01,1,0,0,0,ÖLÇÜLEMEDİ,,,,,
São Raimundo Nonato,yerlesimler_a78_amerika.js,-9.0124,-42.6987,1832-07-06,0,1,0,0,ÖLÇÜLEMEDİ,,,,,
Sîva (Siwa),yerlesimler_p0043libya.js,29.203,25.519,1281-01-01,1,0,0,0,ÖLÇÜLEMEDİ,,,,,
Sömbeki (Simi),yerlesimler.js,36.585,27.831,1281-01-01,1,0,0,0,TEMİZ-ÖLÇÜLDÜ,,,Syme (island),0.7,precise
Sûr (Tyre) — Lübnan,yerlesimler_ek29.js,33.2704,35.2038,1281-01-01,1,0,0,0,TEMİZ-ÖLÇÜLDÜ,Ṣūr,0.4,Tyrus/Col. Septimia Severa,0.2,precise
Sûrat,yerlesimler_asya.js,21.17,72.831,1281-01-01,0,0,0,0,TEMİZ-ÖLÇÜLDÜ,,,Surat,2.2,precise
Sûse,yerlesimler_afrika.js,35.826,10.638,1281-01-01,0,0,0,0,TEMİZ-ÖLÇÜLDÜ,Sūsaŧ,2.7,Hadrumetum/Iustinianopolis,0.1,precise
Sûvayra (Mogador),yerlesimler_h2_kuzeyafrika.js,31.513,-9.77,1764-01-01,1,0,0,0,ÖLÇÜLEMEDİ,,,,,
Sübaytıla,yerlesimler_h2_kuzeyafrika.js,35.235,9.12,1281-01-01,0,0,0,0,TEMİZ-ÖLÇÜLDÜ,Subayṭilaŧ,9.3,Sufetula,0.7,precise
Süveyş,yerlesimler.js,29.974,32.548,1281-01-01,0,0,0,0,TEMİZ-ÖLÇÜLDÜ,Suways,0.4,,,
Sığnak (Sunak Kurgan),yerlesimler_ortaasya3.js,44.05,67.05,1281-01-01,1,0,0,1,ÖLÇÜLEMEDİ,,,,,
Tabarka,yerlesimler_afrika.js,36.954,8.758,1281-01-01,0,0,0,0,TEMİZ-ÖLÇÜLDÜ,Ṭabarqaŧ,6.4,Thabraca,0.8,precise
Tabora (Kazeh),yerlesimler_afrika2.js,-5.02,32.8,1852-01-01,1,0,0,0,ÖLÇÜLEMEDİ,,,,,
Tacuatí (Ypané),yerlesimler_gamerika.js,-23.45,-56.3,1788-01-01,1,0,0,0,ÖLÇÜLEMEDİ,,,,,
Taegu (Daegu),yerlesimler_asya.js,35.872,128.601,1281-01-01,1,0,0,0,ÖLÇÜLEMEDİ,,,,,
Taganrog,yerlesimler_h2_rusya.js,47.237,38.897,1698-09-12,0,0,0,0,TEMİZ-ÖLÇÜLDÜ,,,Taganrog,4.6,precise
Tahran,yerlesimler.js,35.69,51.39,1281-01-01,0,0,1,1,ADAY-İKAME,,,Tehrān,23.4,rough
Tallinn (Reval),yerlesimler_ek11.js,59.437,24.754,1281-01-01,1,0,0,0,ÖLÇÜLEMEDİ,,,,,
Tampa (Fort Brooke),yerlesimler_a78_amerika.js,27.9506,-82.4572,1824-01-01,1,0,0,0,ÖLÇÜLEMEDİ,,,,,
Tanca,yerlesimler.js,35.777,-5.804,1273-01-01,0,0,0,0,TEMİZ-ÖLÇÜLDÜ,Tanǧaŧ,3.8,Tingi,1.3,precise
Tancûr (Thanjavur),yerlesimler_asya.js,10.787,79.138,1281-01-01,1,0,0,0,TEMİZ-ÖLÇÜLDÜ,,,Thanjavur,0.5,precise
Tanta,yerlesimler_afrika.js,30.786,31.001,1281-01-01,0,0,1,0,ÖLÇÜLEMEDİ,Tantītā,57.5,,,
"Taovaya (İspanyol Kalesi, Kızıl Irmak)",yerlesimler_kamerika.js,33.87,-97.75,1750-01-01,1,0,0,0,ÖLÇÜLEMEDİ,,,,,
Tarauacá (Seabra),yerlesimler_a78_amerika.js,-8.157,-70.7722,1907-01-01,1,0,0,0,ÖLÇÜLEMEDİ,,,,,
Tarawa (Bairiki),yerlesimler_a78_okyanusya.js,1.3375,173.0117,1892-05-27,1,0,0,0,ÖLÇÜLEMEDİ,,,,,
Taraz (Evliya-Ata),yerlesimler_ok107.js,42.9,71.367,1281-01-01,1,0,0,0,GÜRÜLTÜ (yalnız al-Ṯurayyā 5–10 km),Ṭarāz,9.2,,,
Tariquea (Chiriguano misyonu),yerlesimler_gamerika.js,-21.9,-63.9,1691-01-01,1,0,0,0,ÖLÇÜLEMEDİ,,,,,
Tarki (Tarku),yerlesimler.js,42.98,47.5,1281-01-01,1,0,0,0,ÖLÇÜLEMEDİ,,,,,
Tarragona,yerlesimler_avrupa.js,41.119,1.245,1281-01-01,0,0,0,0,TEMİZ-ÖLÇÜLDÜ,,,Col. Tarraco,1.1,precise
Tarsus,yerlesimler.js,36.917,34.895,1281-01-01,0,0,0,0,TEMİZ-ÖLÇÜLDÜ,Ṭarsūs,5.5,Tarsus/Antiochia ad Cydnum,0.4,precise
Tartu (Dorpat),yerlesimler_ek11.js,58.378,26.729,1281-01-01,1,0,0,0,ÖLÇÜLEMEDİ,,,,,
Tatta (Thatta),yerlesimler_asya.js,24.747,67.924,1281-01-01,1,0,0,1,TEMİZ-ÖLÇÜLDÜ,,,,,
Tavoy (Dawei),yerlesimler_asya.js,14.084,98.199,1281-01-01,1,0,0,0,ÖLÇÜLEMEDİ,,,,,
Tawau kıyısı (bölge),yerlesimler_a78_asya.js,4.2575,117.8924,1281-01-01,1,0,0,0,ÖLÇÜLEMEDİ,,,,,
Tazmanya (Aborijin Tazmanyalılar),yerlesimler_ek30.js,-42.0,147.0,,1,0,0,0,ÖLÇÜLEMEDİ,,,,,
Taşkurgan (Sarıkol),yerlesimler_a78_asya.js,37.775,75.228,1281-01-01,1,0,0,0,ÖLÇÜLEMEDİ,,,,,
Te Waipounamu Māori Yerleşimi (Güney Ada içi),yerlesimler_ek30.js,-44.0,170.5,,1,0,0,0,ÖLÇÜLEMEDİ,,,,,
Tebesse,yerlesimler_afrika.js,35.404,8.124,1281-01-01,0,0,0,0,TEMİZ-ÖLÇÜLDÜ,Tabassā,3.3,,,
Tebriz,yerlesimler.js,38.08,46.292,1231-01-01,0,0,0,0,TEMİZ-ÖLÇÜLDÜ,Tabrīz,3.9,Tabrīz,1.2,precise
Tebük,yerlesimler.js,28.384,36.566,1281-01-01,0,0,0,0,TEMİZ-ÖLÇÜLDÜ,Tabūk,6.0,Baclanaza,0.8,precise
Tedmür (Palmyra),yerlesimler_seyrek.js,34.55,38.27,1281-01-01,1,0,0,0,TEMİZ-ÖLÇÜLDÜ,Tadmur,1.6,Palmyra,0.6,precise
Tefé (Teffé de Aisuaris),yerlesimler_gamerika.js,-3.35,-64.71,1688-01-01,1,0,0,0,ÖLÇÜLEMEDİ,,,,,
Telafer,yerlesimler.js,36.3775,42.4508,1281-01-01,0,0,0,0,TEMİZ-ÖLÇÜLDÜ,Tall Aʿfar,4.2,Tel Afar/Ad Pontem?,0.8,precise
Telegraph Creek (Tlegohin),yerlesimler_kamerika.js,57.902,-131.16,1281-01-01,1,0,0,0,ÖLÇÜLEMEDİ,,,,,
Telida / Denali eteği (Atabask),yerlesimler_kamerika.js,63.4,-153.0,1281-01-01,1,0,0,0,ÖLÇÜLEMEDİ,,,,,
Temeşvar,yerlesimler.js,45.76,21.23,1281-01-01,0,0,0,0,TEMİZ-ÖLÇÜLDÜ,,,Timișoara,2.3,precise
Tenes,yerlesimler_afrika.js,36.507,1.307,1281-01-01,0,0,0,0,GÜRÜLTÜ (yalnız al-Ṯurayyā 5–10 km),Tanas,6.4,,,
Tenggarong (Kutai),yerlesimler_gdasya.js,0.4,117.01,1575-01-01,1,0,0,0,ÖLÇÜLEMEDİ,,,,,
Tengyue (Tengchong),yerlesimler_a78_asya.js,25.02,98.49,1281-01-01,1,0,0,0,ÖLÇÜLEMEDİ,,,,,
Tenochtitlan (Mexico City),yerlesimler_amerika.js,19.4326,-99.1332,1325-01-01,1,0,0,0,ÖLÇÜLEMEDİ,,,,,
Terek deltası (Kızlar),yerlesimler.js,43.85,46.72,1281-01-01,1,0,0,0,ÖLÇÜLEMEDİ,,,,,
Terengganu (Kuala Terengganu),yerlesimler_gdasya.js,5.33,103.14,1281-01-01,1,0,0,0,ÖLÇÜLEMEDİ,,,,,
Terhûne,yerlesimler_h2_kuzeyafrika.js,32.435,13.633,1281-01-01,0,0,0,0,TEMİZ-ÖLÇÜLDÜ,,,Tarhuna,0.2,precise
Termez,yerlesimler_ek14.js,37.224,67.278,1281-01-01,0,0,1,1,ADAY,al-Tirmīḏ,7.2,Tarmita/Termez,8.8,precise
Termiye (Kythnos),yerlesimler.js,37.398,24.419,1281-01-01,1,0,0,0,TEMİZ-ÖLÇÜLDÜ,,,Kythnos (island),1.3,precise
Tetlit Gwich'in (Peel havzası),yerlesimler_kamerika.js,65.5,-135.0,1281-01-01,1,0,0,0,ÖLÇÜLEMEDİ,,,,,
Teymâ,yerlesimler_seyrek.js,27.632,38.545,1836-01-01,0,0,0,0,TEMİZ-ÖLÇÜLDÜ,Taymāʾ,6.2,Thaima,1.2,precise
Thursday Island (Port Kennedy),yerlesimler_a78_okyanusya.js,-10.5679,142.2148,1878-01-01,1,0,0,0,ÖLÇÜLEMEDİ,,,,,
Tiencin (Tianjin),yerlesimler_asya.js,39.084,117.201,1404-01-01,1,0,0,0,ÖLÇÜLEMEDİ,,,,,
Tiflis,yerlesimler.js,41.716,44.783,1281-01-01,0,0,1,0,TEMİZ-ÖLÇÜLDÜ,Tiflīs,41.2,Tbilisi,0.3,precise
Tikiġaq (Point Hope),yerlesimler_kamerika.js,68.347,-166.8,1281-01-01,1,0,0,0,ÖLÇÜLEMEDİ,,,,,
Tikrit,yerlesimler.js,34.6072,43.6786,1257-01-01,0,0,0,0,TEMİZ-ÖLÇÜLDÜ,Takrīt,2.3,Takrit/Birta,0.2,precise
Tilimsan,yerlesimler.js,34.882,-1.315,1236-01-01,0,0,0,0,TEMİZ-ÖLÇÜLDÜ,Tilimsān,0.8,Pomaria,0.3,precise
Timbisha (Ölüm Vadisi),yerlesimler_kamerika.js,36.462,-116.867,1281-01-01,1,0,0,0,ÖLÇÜLEMEDİ,,,,,
Tire,yerlesimler.js,38.089,27.735,1281-01-01,0,0,0,0,TEMİZ-ÖLÇÜLDÜ,,,Thyaira,0.9,precise
Tişît (Tichitt),yerlesimler_afrika2.js,18.45,-9.51,1640-01-01,1,0,0,0,ÖLÇÜLEMEDİ,,,,,
Tjate (Pedi),yerlesimler_afrika2.js,-24.7,30.05,1650-01-01,1,0,0,0,ÖLÇÜLEMEDİ,,,,,
Tlacopan (Tacuba),yerlesimler_amerika.js,19.4578,-99.1867,1400-01-01,1,0,0,0,ÖLÇÜLEMEDİ,,,,,
Toamasina (Tamatave),yerlesimler_afrika2.js,-18.15,49.4,1281-01-01,1,0,0,0,ÖLÇÜLEMEDİ,,,,,
Tobolsk (İsker),yerlesimler_ek10.js,58.199,68.256,1281-01-01,1,0,0,0,ÖLÇÜLEMEDİ,,,,,
Tobruk,yerlesimler_afrika.js,32.077,23.971,1556-01-01,0,0,0,0,TEMİZ-ÖLÇÜLDÜ,,,Antipyrgos,0.9,precise
Tocobaga (Safety Harbor),yerlesimler_kamerika.js,27.9913,-82.6837,,1,0,0,0,ÖLÇÜLEMEDİ,,,,,
Tokat,yerlesimler.js,40.314,36.554,1074-01-01,0,0,0,0,TEMİZ-ÖLÇÜLDÜ,,,Dazimon,1.1,precise
Tolanaro (Fort Dauphin),yerlesimler_afrika2.js,-25.03,46.99,1643-01-01,1,0,0,0,ÖLÇÜLEMEDİ,,,,,
Toledo,yerlesimler_avrupa.js,39.863,-4.028,1281-01-01,0,0,0,0,TEMİZ-ÖLÇÜLDÜ,,,Toletum,0.8,precise
Toliara (Tuléar),yerlesimler_afrika2.js,-23.35,43.67,1600-01-01,1,0,0,0,ÖLÇÜLEMEDİ,,,,,
Tomari kıyısı (bölge),yerlesimler_a78_asya.js,48.0,142.2,1281-01-01,1,0,0,0,ÖLÇÜLEMEDİ,,,,,
Tonalá (Chiapas),yerlesimler_a78_amerika.js,16.0894,-93.7547,1813-10-29,1,0,0,0,ÖLÇÜLEMEDİ,,,,,
Tonua (Chinchao),yerlesimler_gamerika.js,-9.6,-75.95,1631-01-01,1,0,0,0,ÖLÇÜLEMEDİ,,,,,
Torino,yerlesimler.js,45.07,7.687,1281-01-01,0,0,0,0,TEMİZ-ÖLÇÜLDÜ,,,Augusta Taurinorum,0.2,precise
Tortosa,yerlesimler_avrupa.js,40.812,0.521,1281-01-01,0,0,0,0,GÜRÜLTÜ (yalnız al-Ṯurayyā 5–10 km),Ṭurṭūšaŧ,7.8,,,
Torun (Toruń),yerlesimler.js,53.0103,18.6047,1281-01-01,1,0,0,0,ÖLÇÜLEMEDİ,,,,,
Totora (Carrasco),yerlesimler_a78_amerika.js,-17.7356,-65.1919,1872-06-24,1,0,0,0,ÖLÇÜLEMEDİ,,,,,
Toulouse,yerlesimler_avrupa.js,43.604,1.444,1281-01-01,0,0,0,0,TEMİZ-ÖLÇÜLDÜ,,,Tolosa,0.1,precise
Tournai,yerlesimler_avrupa.js,50.607,3.389,1281-01-01,0,0,0,0,TEMİZ-ÖLÇÜLDÜ,,,Turnacum,0.2,precise
Tours,yerlesimler_avrupa.js,47.394,0.685,1281-01-01,0,0,0,0,TEMİZ-ÖLÇÜLDÜ,,,Caesarodunum,0.5,precise
Toyohara (Vladimirovka),yerlesimler_a78_asya.js,46.957,142.727,1882-01-01,1,0,0,0,ÖLÇÜLEMEDİ,,,,,
Tozer,yerlesimler_afrika.js,33.92,8.134,1281-01-01,0,0,0,0,TEMİZ-ÖLÇÜLDÜ,,,Thusuros,0.9,precise
Trablus,yerlesimler.js,32.897,13.191,1281-01-01,0,0,0,0,TEMİZ-ÖLÇÜLDÜ,Aṭrābulus,2.1,,,
Trablusşam,yerlesimler.js,34.436,35.844,1281-01-01,0,0,0,0,TEMİZ-ÖLÇÜLDÜ,,,Tripolis,3.3,precise
Trabzon,yerlesimler.js,41.005,39.723,1204-01-01,0,0,0,0,TEMİZ-ÖLÇÜLDÜ,,,Trapezus,0.1,precise
Tranquebar (Tharangambadi),yerlesimler_asya.js,11.029,79.851,1281-01-01,1,0,0,0,ÖLÇÜLEMEDİ,,,,,
Transvaal (Bur cumhuriyeti),yerlesimler_e9353f.js,-25.746,28.188,1830-01-01,1,0,0,0,ÖLÇÜLEMEDİ,,,,,
Trapani,yerlesimler.js,38.017,12.537,1281-01-01,0,0,0,0,TEMİZ-ÖLÇÜLDÜ,,,Trapani,1.7,precise
Trencsén (Trenčín),yerlesimler_ek29.js,48.8945,18.0444,1281-01-01,1,0,0,0,TEMİZ-ÖLÇÜLDÜ,,,Laugaricio,0.5,precise
Trento,yerlesimler_avrupa.js,46.067,11.121,1281-01-01,0,0,0,0,TEMİZ-ÖLÇÜLDÜ,,,Trident(i)um,0.1,precise
Trichinopoly (Tiruchirappalli),yerlesimler_asya.js,10.79,78.704,1281-01-01,1,0,0,0,ÖLÇÜLEMEDİ,,,,,
Trieste,yerlesimler_avrupa.js,45.65,13.77,1281-01-01,0,0,0,0,TEMİZ-ÖLÇÜLDÜ,,,Tergeste,0.2,precise
Trinidad (Mojos),yerlesimler_gamerika.js,-14.83,-64.9,1687-01-01,1,0,0,0,ÖLÇÜLEMEDİ,,,,,
Trivandrum (Thiruvananthapuram),yerlesimler_asya.js,8.524,76.936,1281-01-01,1,0,0,0,ÖLÇÜLEMEDİ,,,,,
Trowulan (Majapahit),yerlesimler_asya.js,-7.545,112.383,1293-11-10,1,0,0,0,ÖLÇÜLEMEDİ,,,,,
Troyes,yerlesimler_avrupa.js,48.297,4.074,1281-01-01,0,0,0,0,TEMİZ-ÖLÇÜLDÜ,,,Augustobona,0.1,precise
Trujillo (Honduras),yerlesimler_kamerika.js,15.918,-85.953,1525-05-18,1,0,0,0,ÖLÇÜLEMEDİ,,,,,
Trujillo (Peru),yerlesimler_amerika.js,-8.1116,-79.029,1534-11-01,1,0,0,0,ÖLÇÜLEMEDİ,,,,,
Tsarevokokşaysk (Yoşkar-Ola),yerlesimler_h2_rusya.js,56.639,47.891,1584-01-01,1,0,0,0,ÖLÇÜLEMEDİ,,,,,
Tsegi (Canyon de Chelly),yerlesimler_kamerika.js,36.15,-109.47,1281-01-01,1,0,0,0,ÖLÇÜLEMEDİ,,,,,
Tsilhqot'in (Çilkotin platosu),yerlesimler_kamerika.js,52.1,-123.3,1281-01-01,1,0,0,0,ÖLÇÜLEMEDİ,,,,,
Tsuşima (İzuhara),yerlesimler_asya.js,34.203,129.289,1281-01-01,1,0,0,0,ÖLÇÜLEMEDİ,,,,,
Tucson (San Agustín del Tucsón),yerlesimler_kamerika.js,32.222,-110.97,1775-08-20,1,0,0,0,ÖLÇÜLEMEDİ,,,,,
"Tukudeka (Koyun Yiyen Şoşoniler, Yellowstone)",yerlesimler_kamerika.js,44.6,-110.5,1281-01-01,1,0,0,0,ÖLÇÜLEMEDİ,,,,,
Tula (Tamaulipas),yerlesimler_kamerika.js,22.997,-99.72,1617-01-01,1,0,0,0,ÖLÇÜLEMEDİ,,,,,
Tulít'a Dağ Denesi (Nahanni),yerlesimler_kamerika.js,63.5,-131.5,1281-01-01,1,0,0,0,ÖLÇÜLEMEDİ,,,,,
Tunus,yerlesimler.js,36.8,10.18,1229-01-01,0,0,0,0,TEMİZ-ÖLÇÜLDÜ,Tūnis,3.3,Tunes,0.7,precise
Tupinambarana (Parintins),yerlesimler_gamerika.js,-2.63,-56.74,1669-01-01,1,0,0,0,ÖLÇÜLEMEDİ,,,,,
Turfan,yerlesimler_asya.js,42.951,89.19,1281-01-01,0,0,1,1,KESİN,,,,,
Turku (Åbo),yerlesimler_avrupa.js,60.452,22.267,1281-01-01,1,0,0,0,ÖLÇÜLEMEDİ,,,,,
Turşiz (Kâşmer),yerlesimler.js,35.2383,58.4658,1281-01-01,1,0,1,0,ADAY,Ṭurṯīṯ,12.5,,,
Tututepec (Yucu Dzaa),yerlesimler_amerika.js,16.1517,-97.6156,1281-01-01,1,0,0,0,ÖLÇÜLEMEDİ,,,,,
Tuz Hurmatu,yerlesimler.js,34.8828,44.6381,1281-01-01,0,0,0,0,TEMİZ-ÖLÇÜLDÜ,,,Ṭūz Khūrmātū,1.2,precise
Tuzla (Bosna),yerlesimler_seyrek.js,44.538,18.676,1281-01-01,1,0,0,0,ÖLÇÜLEMEDİ,,,,,
Tuzla (Larnaka),yerlesimler.js,34.917,33.63,1281-01-01,1,0,0,0,TEMİZ-ÖLÇÜLDÜ,,,Larnaka,0.3,precise
Tâhert (Tiaret),yerlesimler_h2_kuzeyafrika.js,35.371,1.322,1281-01-01,1,0,0,0,TEMİZ-ÖLÇÜLDÜ,Tāhirt,3.9,Tiaret,0.5,precise
Tâif,yerlesimler.js,21.437,40.513,1281-01-01,0,0,1,0,YAN-KESİN (nokta ne modern ne tarihî yerde),al-Ṭāʾif,26.9,aṭ-Ṭāʾif,21.1,precise
Tâka (Zufâr),yerlesimler_h2_afrika.js,17.057,54.404,1281-01-01,1,0,0,0,ÖLÇÜLEMEDİ,,,,,
Tâverğa,yerlesimler_h2_kuzeyafrika.js,32.005,15.055,1281-01-01,0,0,1,0,ADAY-ZAYIF,Tawarġaŧ,18.4,,,
Tâze (Taza),yerlesimler_h2_kuzeyafrika.js,34.21,-4.01,1281-01-01,1,0,0,0,TEMİZ-ÖLÇÜLDÜ,Tīzā,2.2,,,
Tîmîmûn (Gûrâre),yerlesimler_h2_kuzeyafrika.js,29.256,0.231,1281-01-01,1,0,0,0,ÖLÇÜLEMEDİ,,,,,
Tîne (Dârfûr),yerlesimler_h2_afrika.js,15.06,23.0,1281-01-01,1,0,0,0,ÖLÇÜLEMEDİ,,,,,
Tîzî Vezzû (Kabiliye),yerlesimler_h2_kuzeyafrika.js,36.712,4.047,1281-01-01,1,0,0,0,ÖLÇÜLEMEDİ,,,,,
Tûr (Sînâ),yerlesimler_afrika.js,28.241,33.623,1281-01-01,1,0,0,0,ÖLÇÜLEMEDİ,,,Syna M.,48.4,related
Tûs,yerlesimler.js,36.4869,59.5222,1281-01-01,0,0,0,0,GÜRÜLTÜ (yalnız al-Ṯurayyā 5–10 km),Ṭūs,7.5,Tusa/Sousia,3.0,precise
Tümen (Çimgi-Tura),yerlesimler_ek10.js,57.153,65.5343,1281-01-01,1,0,0,0,ÖLÇÜLEMEDİ,,,,,
Türabe,yerlesimler_nokta_ortadogu_0917.js,21.214,41.633,1281-01-01,0,0,0,0,TEMİZ-ÖLÇÜLDÜ,Turabaŧ,4.4,,,
Türkistan (Yesi),yerlesimler_ek15.js,43.302,68.253,1281-01-01,1,0,0,0,ÖLÇÜLEMEDİ,,,,,
Tırgan (Traghan),yerlesimler_h2_kuzeyafrika.js,26.13,14.47,1281-01-01,1,0,1,0,YAN-KESİN (nokta ne modern ne tarihî yerde),,,Traghen,19.1,precise
Tırhala,yerlesimler.js,39.555,21.768,1281-01-01,0,0,0,0,TEMİZ-ÖLÇÜLDÜ,,,Trikka,2.0,precise
Tıtvân (Tetuan),yerlesimler_h2_kuzeyafrika.js,35.578,-5.368,1484-01-01,1,0,0,0,ÖLÇÜLEMEDİ,,,,,
Třeboň (Wittingau),yerlesimler_a78_avrupa.js,49.004,14.771,1281-01-01,1,0,0,0,ÖLÇÜLEMEDİ,,,,,
Ubârî,yerlesimler_afrika.js,26.59,12.777,1281-01-01,0,0,1,0,ÖLÇÜLEMEDİ,,,Ubari,12.6,precise
Uccayn (Ujjain),yerlesimler_asya.js,23.179,75.785,1281-01-01,1,0,0,0,ÖLÇÜLEMEDİ,Wuǧayn,3.2,,,
Ucici (Ujiji),yerlesimler_afrika2.js,-4.92,29.68,1830-01-01,1,0,0,0,ÖLÇÜLEMEDİ,,,,,
Udeypûr (Udaipur),yerlesimler_asya.js,24.585,73.712,1559-01-01,1,0,0,0,ÖLÇÜLEMEDİ,,,,,
Uije (Uíge),yerlesimler_afrika2.js,-7.61,15.06,1390-01-01,1,0,0,0,ÖLÇÜLEMEDİ,,,,,
Ukayr (Uceyr),yerlesimler.js,25.65,50.2131,1281-01-01,1,0,1,0,ADAY-ZAYIF,al-ʿUqayr,10.2,,,
Ukek (Uvek),yerlesimler_h2_rusya.js,51.47,45.95,1281-01-01,1,0,0,0,ÖLÇÜLEMEDİ,,,,,
Uksur (Luksor),yerlesimler_afrika.js,25.687,32.64,1281-01-01,1,0,0,0,TEMİZ-ÖLÇÜLDÜ,al-Aqṣūr,4.6,Diospolis Magna/Thebai,2.6,precise
Ulguniq (Wainwright) / Icy Cape,yerlesimler_kamerika.js,70.638,-160.025,1281-01-01,1,0,0,0,ÖLÇÜLEMEDİ,,,,,
Ulubat,yerlesimler.js,40.171,28.573,1281-01-01,0,0,1,0,ÖLÇÜLEMEDİ,,,Miletouteichos,12.7,precise
Uluköy (Akçadam),yerlesimler_sinir_kuzey.js,41.30488,26.53073,1281-01-01,1,0,0,0,ÖLÇÜLEMEDİ,,,,,
Ulundi (Zululand),yerlesimler_e9353f.js,-28.313,31.416,1816-01-01,1,0,0,0,ÖLÇÜLEMEDİ,,,,,
Umtali (Mutare),yerlesimler_afrika2.js,-18.97,32.67,1281-01-01,1,0,0,0,ÖLÇÜLEMEDİ,,,,,
Umur Fakih (Fakia),yerlesimler_sinir_kuzey.js,42.18986,27.08592,1281-01-01,1,0,0,0,ÖLÇÜLEMEDİ,,,,,
Unalaska (Iliuliuk),yerlesimler_kamerika.js,53.87,-166.53,1787-01-01,1,0,0,0,ÖLÇÜLEMEDİ,,,,,
Uncompahgre (Ute),yerlesimler_kamerika.js,38.48,-107.88,1281-01-01,1,0,0,0,ÖLÇÜLEMEDİ,,,,,
Ungvár (Uzhhorod),yerlesimler_ek_macaristan.js,48.6224,22.3023,1281-01-01,1,0,0,0,ÖLÇÜLEMEDİ,,,,,
Upemba (Kisale) havzası,yerlesimler_e9353f.js,-8.45,26.55,,1,0,0,0,ÖLÇÜLEMEDİ,,,,,
Uqsuqtuuq (Gjoa Haven),yerlesimler_kamerika.js,68.626,-95.85,1281-01-01,1,0,0,0,ÖLÇÜLEMEDİ,,,,,
Uralsk (Yayık),yerlesimler_h2_rusya.js,51.227,51.386,1281-01-01,1,0,0,0,ÖLÇÜLEMEDİ,,,,,
Urfa,yerlesimler.js,37.159,38.796,1281-01-01,0,0,0,0,TEMİZ-ÖLÇÜLDÜ,,,Edessa/Antiochia ad Callirhoem,1.4,precise
Urga (Ulan Batur),yerlesimler_asya.js,47.886,106.906,1639-01-01,1,0,0,0,ÖLÇÜLEMEDİ,,,,,
Urmiye,yerlesimler.js,37.553,45.076,1281-01-01,0,0,0,0,TEMİZ-ÖLÇÜLDÜ,Urmīyaŧ,3.7,Ormi/[Urmia],2.1,precise
Ust-Sısolsk (Sıktıvkar),yerlesimler_h2_rusya.js,61.668,50.836,1586-01-01,1,0,0,0,ÖLÇÜLEMEDİ,,,,,
Ustrumca (Strumica),yerlesimler_ok107.js,41.437,22.643,1281-01-01,1,0,0,0,ÖLÇÜLEMEDİ,,,,,
Utatlán (Q'umarkaj),yerlesimler_amerika.js,15.0333,-91.1567,1400-01-01,1,0,0,0,ÖLÇÜLEMEDİ,,,,,
Utqiaġvik (Nuvuk / Barrow),yerlesimler_kamerika.js,71.291,-156.789,1281-01-01,1,0,0,0,ÖLÇÜLEMEDİ,,,,,
Utrecht,yerlesimler_avrupa.js,52.091,5.121,1281-01-01,0,0,0,0,TEMİZ-ÖLÇÜLDÜ,,,Traiectum,0.1,precise
Uyandina (Nijneindigirsk) zimovyesi,yerlesimler_sibirya2.js,68.35,145.6,1638-01-01,1,0,0,0,ÖLÇÜLEMEDİ,,,,,
Uzunada (Dugi Otok),yerlesimler.js,44.014,15.047,1281-01-01,1,0,0,0,ÖLÇÜLEMEDİ,,,,,
Uçturfan (Uç Turfan),yerlesimler_ortaasya3.js,41.21,79.05,1281-01-01,1,0,0,0,ÖLÇÜLEMEDİ,,,,,
Vacir (Wajir),yerlesimler_afrika2.js,1.75,40.06,1281-01-01,1,0,0,0,ÖLÇÜLEMEDİ,,,,,
Vaddân (Cufre),yerlesimler_h2_kuzeyafrika.js,29.161,16.139,1281-01-01,1,0,1,1,ADAY,Waddān,25.9,Waddan,5.7,precise
Vagadugu (Ouagadougou),yerlesimler_afrika2.js,12.37,-1.53,1281-01-01,1,0,0,0,ÖLÇÜLEMEDİ,,,,,
Vahiguya (Yatenga),yerlesimler_afrika2.js,13.58,-2.42,1540-01-01,1,0,0,0,ÖLÇÜLEMEDİ,,,,,
Valata (Oualata),yerlesimler_e9353f.js,17.3,-7.033,1281-01-01,1,0,0,0,ÖLÇÜLEMEDİ,,,,,
Valladolid,yerlesimler_avrupa.js,41.652,-4.724,1281-01-01,0,0,0,0,TEMİZ-ÖLÇÜLDÜ,,,Valladolid,0.4,precise
Van,yerlesimler.js,38.502,43.393,1232-01-01,0,0,0,1,TEMİZ-ÖLÇÜLDÜ,Wān,9.2,Thospia/Bouana/‘Ospa’/Ṭušpa,4.7,precise
Vannes,yerlesimler_avrupa.js,47.658,-2.76,1281-01-01,0,0,0,0,TEMİZ-ÖLÇÜLDÜ,,,Darioritum,0.4,precise
Vara (Wara),yerlesimler_afrika2.js,14.05,21.0,1635-01-01,1,0,0,0,ÖLÇÜLEMEDİ,,,,,
Varad (Oradea),yerlesimler.js,47.053,21.941,1281-01-01,1,0,0,0,ÖLÇÜLEMEDİ,,,,,
Varadin (Petrovaradin),yerlesimler.js,45.248,19.862,1281-01-01,1,0,0,0,ÖLÇÜLEMEDİ,,,,,
Varangal (Warangal),yerlesimler_asya.js,17.978,79.594,1281-01-01,1,0,0,0,ÖLÇÜLEMEDİ,,,,,
Varasd (Varaždin),yerlesimler_ek29.js,46.3057,16.3366,1281-01-01,1,0,0,0,ÖLÇÜLEMEDİ,,,,,
Vargla (Ouargla),yerlesimler_h2_kuzeyafrika.js,31.949,5.325,1281-01-01,1,0,0,0,ÖLÇÜLEMEDİ,,,,,
Varmbad (Warmbad),yerlesimler_afrika2.js,-28.45,18.74,1281-01-01,1,0,0,0,ÖLÇÜLEMEDİ,,,,,
Varna,yerlesimler.js,43.214,27.915,1281-01-01,0,0,0,0,TEMİZ-ÖLÇÜLDÜ,,,Odessus,0.9,precise
Vashrąįį K'ǫǫ (Arctic Village),yerlesimler_kamerika.js,68.128,-145.535,1281-01-01,1,0,0,0,ÖLÇÜLEMEDİ,,,,,
Vaç (Vác),yerlesimler.js,47.776,19.134,1281-01-01,1,0,0,0,ÖLÇÜLEMEDİ,,,,,
Vecde (Oujda),yerlesimler_h2_kuzeyafrika.js,34.681,-1.9,1281-01-01,1,0,0,0,ÖLÇÜLEMEDİ,,,,,
Vellor (Vellore),yerlesimler_asya.js,12.916,79.132,1281-01-01,1,0,0,0,ÖLÇÜLEMEDİ,,,,,
Veracruz (Villa Rica de la Vera Cruz),yerlesimler_amerika.js,19.1738,-96.1342,1519-04-22,1,0,0,0,ÖLÇÜLEMEDİ,,,,,
Vezzân (Ouezzane),yerlesimler_h2_kuzeyafrika.js,34.796,-5.583,1281-01-01,1,0,0,0,ÖLÇÜLEMEDİ,,,,,
Viana (Maranhão),yerlesimler_nokta_amerika_0917.js,-3.2204,-44.9918,1757-07-08,1,0,0,0,ÖLÇÜLEMEDİ,,,,,
Viborg (Jutland),yerlesimler_avrupa.js,56.451,9.402,1281-01-01,1,0,0,0,ÖLÇÜLEMEDİ,,,,,
Victoria (Fort Victoria),yerlesimler_kamerika.js,48.428,-123.365,1843-06-10,1,0,0,0,ÖLÇÜLEMEDİ,,,,,
Vidin,yerlesimler.js,43.992,22.873,1281-01-01,0,0,1,0,ÖLÇÜLEMEDİ,,,Vodna,20.5,precise
Vigo,yerlesimler_avrupa.js,42.24,-8.72,1281-01-01,0,0,0,0,TEMİZ-ÖLÇÜLDÜ,,,Vicus Spacorum,1.1,precise
Viipuri (Vyborg),yerlesimler_avrupa.js,60.713,28.733,1281-01-01,1,0,0,0,ÖLÇÜLEMEDİ,,,,,
Vijaya (Quy Nhơn),yerlesimler_asya.js,13.9,109.1,1281-01-01,1,0,0,0,ÖLÇÜLEMEDİ,,,,,
Vijayanagara (Hampi),yerlesimler_asya.js,15.335,76.462,1336-01-01,1,0,0,1,TEMİZ-ÖLÇÜLDÜ,,,,,
Vilcabamba (Espíritu Pampa),yerlesimler_amerika.js,-12.8167,-73.2667,1539-01-01,1,0,0,0,ÖLÇÜLEMEDİ,,,,,
Villa Cisneros (Dahla),yerlesimler_a78_afrika.js,23.694,-15.943,1884-01-01,1,0,0,0,ÖLÇÜLEMEDİ,,,,,
Vincennes (Poste Vincennes),yerlesimler_kamerika.js,38.677,-87.529,1732-01-01,1,0,0,0,ÖLÇÜLEMEDİ,,,,,
Vindhuk (Windhoek),yerlesimler_afrika2.js,-22.57,17.08,1890-10-18,1,0,0,0,ÖLÇÜLEMEDİ,,,,,
Vinnitsa (Vinnytsia),yerlesimler_ukrayna_0916.js,49.232,28.469,1363-01-01,1,0,0,0,ÖLÇÜLEMEDİ,,,,,
Virginia City (Nevada),yerlesimler_kamerika.js,39.31,-119.649,1859-01-01,1,0,0,0,ÖLÇÜLEMEDİ,,,,,
Vis (Lissa),yerlesimler.js,43.054,16.148,1281-01-01,1,0,0,0,TEMİZ-ÖLÇÜLDÜ,,,Issa (island),1.1,precise
Visby (Gotland),yerlesimler_avrupa.js,57.635,18.294,1281-01-01,1,0,0,0,ÖLÇÜLEMEDİ,,,,,
Vitim (Vitimskoye zimov'e / Vitimskiy ostrog),yerlesimler_nokta_asya_0917.js,59.45,112.56,1661-01-01,1,0,0,0,ÖLÇÜLEMEDİ,,,,,
Viyana,yerlesimler.js,48.208,16.373,1281-01-01,0,0,0,0,TEMİZ-ÖLÇÜLDÜ,,,Vindobona,0.1,precise
Vize,yerlesimler_ek29.js,41.5714,27.7658,1281-01-01,0,0,0,0,TEMİZ-ÖLÇÜLDÜ,,,Bizye,0.2,precise
Vişegrad,yerlesimler_seyrek.js,43.783,19.288,1281-01-01,0,0,0,0,TEMİZ-ÖLÇÜLDÜ,,,Višegrad,0.5,precise
Vodina (Edessa),yerlesimler_ok107.js,40.803,22.047,1246-01-01,1,0,0,0,TEMİZ-ÖLÇÜLDÜ,,,Edessa (Macedonia),0.7,precise
Vohipeno (Antemoro),yerlesimler_afrika2.js,-22.36,47.83,1500-01-01,1,0,0,0,ÖLÇÜLEMEDİ,,,,,
Volodymyr-Volynskyi (Włodzimierz),yerlesimler_p0037.js,50.848,24.3226,1281-01-01,1,0,0,0,ÖLÇÜLEMEDİ,,,,,
Voloçanka (Voloçanı zimovyesi),yerlesimler_sibirya2.js,70.98,94.53,1643-01-01,1,0,0,0,ÖLÇÜLEMEDİ,,,,,
Vrana (Urana),yerlesimler_ek.js,43.956,15.562,1281-01-01,1,0,0,0,ÖLÇÜLEMEDİ,,,,,
Vukari (Wukari),yerlesimler_afrika2.js,7.87,9.78,1281-01-01,1,0,0,0,ÖLÇÜLEMEDİ,,,,,
Vâdî Sirhân,yerlesimler_seyrek.js,31.0,37.8,,0,0,1,0,ÖLÇÜLEMEDİ,,,Wadi Sirhan,9.7,precise
Vâsıt,yerlesimler.js,32.19,46.295,1258-01-01,0,0,0,0,TEMİZ-ÖLÇÜLDÜ,Wāsiṭ,2.7,,,
Wager Körfezi (Ukkusiksalik),yerlesimler_kamerika.js,65.481,-88.4883,1281-01-01,1,0,0,0,ÖLÇÜLEMEDİ,,,,,
Waingapu (Sumba),yerlesimler_gdasya.js,-9.66,120.26,1281-01-01,1,0,0,0,ÖLÇÜLEMEDİ,,,,,
Waskaganish (Rupert House),yerlesimler_kamerika.js,51.484,-78.752,1668-01-01,1,0,0,0,ÖLÇÜLEMEDİ,,,,,
Watampone (Bone),yerlesimler_gdasya.js,-4.54,120.33,1330-01-01,1,0,0,0,ÖLÇÜLEMEDİ,,,,,
Wayám (Celilo Şelâleleri),yerlesimler_kamerika.js,45.65,-120.983,1281-01-01,1,0,0,0,ÖLÇÜLEMEDİ,,,,,
Werowocomoco (Powhatan Konfederasyonu Başkenti),yerlesimler_amerika.js,37.3939,-76.6302,1281-01-01,1,0,0,0,ÖLÇÜLEMEDİ,,,,,
Westport (Kansas City),yerlesimler_kamerika.js,39.1,-94.58,1821-01-01,1,0,0,0,ÖLÇÜLEMEDİ,,,,,
Widyân (el-Widyân),yerlesimler_ek4.js,31.2,41.5,,1,0,0,0,ÖLÇÜLEMEDİ,,,,,
Wilmington (Kuzey Karolayna),yerlesimler_kamerika.js,34.226,-77.945,1739-01-01,1,0,0,0,ÖLÇÜLEMEDİ,,,,,
Wintu (Yukarı Sacramento),yerlesimler_kamerika.js,40.58,-122.39,,1,0,0,0,ÖLÇÜLEMEDİ,,,,,
Wrangell (Redut Sv. Dionisiy),yerlesimler_kamerika.js,56.472,-132.3761,1834-01-01,1,0,0,0,ÖLÇÜLEMEDİ,,,,,
Wuchang (Wuhan),yerlesimler_asya.js,30.5657,114.3337,1281-01-01,1,0,0,0,ÖLÇÜLEMEDİ,,,,,
Würzburg,yerlesimler_avrupa.js,49.791,9.953,1281-01-01,0,0,1,0,ÖLÇÜLEMEDİ,,,Würzberg,65.5,precise
Xi'an (Chang'an),yerlesimler_asya.js,34.342,108.94,1281-01-01,1,0,0,0,ÖLÇÜLEMEDİ,,,,,
Yafa,yerlesimler.js,32.054,34.755,1281-01-01,0,0,0,0,TEMİZ-ÖLÇÜLDÜ,Yāfā,0.9,Ioppe,0.5,precise
Yafna (Jaffna),yerlesimler_asya.js,9.661,80.026,1281-01-01,1,0,0,0,TEMİZ-ÖLÇÜLDÜ,,,Jaffna,2.1,precise
Yagodina (Jagodina),yerlesimler_ek29.js,43.9772,21.2617,1281-01-01,1,0,0,0,ÖLÇÜLEMEDİ,,,,,
Yakut toprakları (Orta Lena),yerlesimler_sibirya.js,65.0,123.0,,1,0,0,0,ÖLÇÜLEMEDİ,,,,,
Yakutat (Novorossiysk),yerlesimler_kamerika.js,59.547,-139.727,1796-01-01,1,0,0,0,ÖLÇÜLEMEDİ,,,,,
Yalvaç,yerlesimler.js,38.294,31.18,1281-01-01,0,0,0,0,TEMİZ-ÖLÇÜLDÜ,,,Antiochia/Col. Caesarea,1.5,precise
Yamurgi (Amorgos),yerlesimler.js,36.848,25.905,1281-01-01,1,0,0,0,TEMİZ-ÖLÇÜLDÜ,,,Amorgos (island),0.6,precise
Yanova (Ineu),yerlesimler.js,46.426,21.741,1281-01-01,1,0,0,0,ÖLÇÜLEMEDİ,,,,,
Yantai (Chefoo),yerlesimler_asya.js,37.464,121.448,1281-01-01,1,0,0,0,ÖLÇÜLEMEDİ,,,,,
Yanya,yerlesimler.js,39.665,20.852,1281-01-01,0,0,0,0,TEMİZ-ÖLÇÜLDÜ,,,Ioannina,0.7,precise
Yanıkkale (Győr),yerlesimler.js,47.685,17.635,1281-01-01,1,0,0,0,ÖLÇÜLEMEDİ,,,,,
Yarkent (Şaçe),yerlesimler_asya.js,38.416,77.243,1281-01-01,1,0,0,0,ÖLÇÜLEMEDİ,,,,,
Yavaraté (Vaupés),yerlesimler_gamerika.js,0.61,-69.2,1784-01-01,1,0,0,0,ÖLÇÜLEMEDİ,,,,,
Yayça (Jajce),yerlesimler.js,44.342,17.271,1281-01-01,1,0,0,0,ÖLÇÜLEMEDİ,,,,,
Yazlofça (Yazlovets),yerlesimler.js,48.951,25.435,1281-01-01,1,0,0,0,ÖLÇÜLEMEDİ,,,,,
Yaş,yerlesimler.js,47.157,27.601,1281-01-01,1,0,0,0,ÖLÇÜLEMEDİ,,,,,
Yelisavetgrad (Aziz Yelizaveta Kalesi),yerlesimler_ok106.js,48.51,32.26,1754-01-01,1,0,0,0,ÖLÇÜLEMEDİ,,,,,
Yenbu,yerlesimler.js,24.089,38.063,1281-01-01,0,0,0,0,GÜRÜLTÜ (yalnız al-Ṯurayyā 5–10 km),Yanbuʿ,6.7,,,
Yendi (Dagbon),yerlesimler_afrika2.js,9.44,-0.01,1281-01-01,1,0,0,0,ÖLÇÜLEMEDİ,,,,,
Yeni Gine Batı (Kuş Başı / Vogelkop),yerlesimler_okyanusya.js,-3.5,133.5,,1,0,0,0,ÖLÇÜLEMEDİ,,,,,
Yeni Gine Batı (Kuş Başı / Vogelkop) 2,yerlesimler_okyanusya.js,-0.5,130.5,,1,0,0,0,ÖLÇÜLEMEDİ,,,,,
Yeni Gine İç Kesimi (Güney — Fly Nehri Bataklıkları),yerlesimler_emilme.js,-8.0,141.5,,1,0,0,0,ÖLÇÜLEMEDİ,,,,,
Yeni Gine İç Kesimi (Kuzey — Sepik Havzası),yerlesimler_emilme.js,-4.5,143.5,,1,0,0,0,ÖLÇÜLEMEDİ,,,,,
Yeni Gine İç Yaylaları (Batı — Baliem Vadisi),yerlesimler_emilme.js,-4.1,138.94,,1,0,0,0,ÖLÇÜLEMEDİ,,,,,
Yeni Gine İç Yaylaları (Merkez — Mount Hagen),yerlesimler_emilme.js,-5.86,144.23,,1,0,0,0,ÖLÇÜLEMEDİ,,,,,
Yeni Saray (Tsarev),yerlesimler_h2_rusya.js,48.688,45.383,1281-01-01,1,0,0,1,ÖLÇÜLEMEDİ,,,,,
Yenipazar (Novi Pazar),yerlesimler.js,43.14,20.517,1281-01-01,1,0,0,0,TEMİZ-ÖLÇÜLDÜ,,,Novi Pazar,0.3,precise
Yenişehir (Bursa),yerlesimler.js,40.267,29.633,1301-01-01,1,0,1,0,ÖLÇÜLEMEDİ,,,Prusa,49.2,precise
Yenişehir (Larissa),yerlesimler.js,39.639,22.418,1281-01-01,1,0,0,0,TEMİZ-ÖLÇÜLDÜ,,,Larissa,0.5,precise
Yergöğü (Giurgiu),yerlesimler.js,43.904,25.97,1281-01-01,1,0,0,0,ÖLÇÜLEMEDİ,,,,,
Yezd,yerlesimler.js,31.9,54.37,1281-01-01,0,0,0,0,TEMİZ-ÖLÇÜLDÜ,Yazd,2.8,Yazd,1.4,precise
Yinchuan (Ningxia),yerlesimler_asya.js,38.487,106.231,1281-01-01,1,0,0,0,ÖLÇÜLEMEDİ,,,,,
Yirgalem (Sidamo),yerlesimler_afrika.js,6.75,38.41,1281-01-01,1,0,0,0,ÖLÇÜLEMEDİ,,,,,
Yongchang (Baoshan),yerlesimler_a78_asya.js,25.11,99.16,1281-01-01,1,0,0,0,ÖLÇÜLEMEDİ,,,,,
York,yerlesimler_avrupa.js,53.959,-1.081,1281-01-01,0,0,0,0,TEMİZ-ÖLÇÜLDÜ,,,Eburacum,0.2,precise
York (Toronto),yerlesimler_kamerika.js,43.653,-79.383,1750-01-01,1,0,0,0,ÖLÇÜLEMEDİ,,,,,
Yuma geçidi (La Purísima Concepción),yerlesimler_kamerika.js,32.727,-114.623,1780-01-01,1,0,0,0,ÖLÇÜLEMEDİ,,,,,
Yuquot (Nootka Sound),yerlesimler_kamerika.js,49.6041,-126.6341,1281-01-01,1,0,0,0,ÖLÇÜLEMEDİ,,,,,
Yüksekova (Gever),yerlesimler_ek26.js,37.573,44.29,1281-01-01,1,0,0,0,ÖLÇÜLEMEDİ,,,,,
Zadar (Zara),yerlesimler_ek.js,44.124,15.232,1281-01-01,1,0,0,0,TEMİZ-ÖLÇÜLDÜ,,,Iader,1.2,precise
Zagem (Kaheti),yerlesimler.js,41.7,45.78,1281-01-01,1,0,0,0,ÖLÇÜLEMEDİ,,,,,
Zaklise (Zakynthos),yerlesimler.js,37.788,20.775,1281-01-01,1,0,1,0,ADAY-YAN,,,Zakythos/Zacynthus (settlement),10.6,precise
Zamantı (Pınarbaşı),yerlesimler_anadolu_0914.js,38.7331,36.2228,1281-01-01,1,0,0,0,ÖLÇÜLEMEDİ,,,Karmalas? (river),44.5,precise
Zambezi (Balovale),yerlesimler_afrika2.js,-13.55,23.1,1600-01-01,1,0,0,0,ÖLÇÜLEMEDİ,,,,,
Zamość,yerlesimler_p0037.js,50.7178,23.2478,1580-04-10,0,0,0,0,TEMİZ-ÖLÇÜLDÜ,,,Zamość,0.7,precise
Zanzibar (Zengibar),yerlesimler_emilme.js,-6.1659,39.1917,1281-01-01,1,0,0,0,ÖLÇÜLEMEDİ,,,,,
Zaragoza,yerlesimler_avrupa.js,41.649,-0.888,1281-01-01,0,0,0,0,TEMİZ-ÖLÇÜLDÜ,,,Col. Caesaraugusta,1.1,precise
Zaria (Zazzau),yerlesimler_e9353f.js,11.086,7.72,1281-01-01,1,0,0,0,ÖLÇÜLEMEDİ,,,,,
Zağvân,yerlesimler_afrika.js,36.402,10.143,1281-01-01,0,0,0,0,TEMİZ-ÖLÇÜLDÜ,Zaġwān,0.6,,,
Zebîd,yerlesimler.js,14.195,43.317,1281-01-01,0,0,0,0,TEMİZ-ÖLÇÜLDÜ,Zabīd,1.8,Zabida,0.1,precise
Zencan,yerlesimler.js,36.673,48.478,1281-01-01,0,0,0,0,TEMİZ-ÖLÇÜLDÜ,Zanǧān,2.7,Zanǧān,19.3,rough
Zerenc (Sîstan),yerlesimler.js,30.9583,61.8611,1281-01-01,1,0,1,1,ADAY,Zaranǧ,32.2,,,
Zevîle (Zawila),yerlesimler_h2_kuzeyafrika.js,26.17,15.113,1281-01-01,1,0,1,0,ADAY-ZAYIF,Zawīlaŧ,54.1,,,
Zeya (Zeyskiy Sklad),yerlesimler_sibirya2.js,53.74,127.27,1879-01-01,1,0,0,0,ÖLÇÜLEMEDİ,,,,,
Zeytun (Quanzhou),yerlesimler_asya.js,24.876,118.6653,1281-01-01,1,0,0,0,ÖLÇÜLEMEDİ,,,,,
Zhangye (Ganzhou),yerlesimler_asya.js,38.926,100.45,1281-01-01,1,0,0,0,ÖLÇÜLEMEDİ,,,,,
Zilla (Zella),yerlesimler_h2_kuzeyafrika.js,28.556,17.532,1281-01-01,1,0,0,0,ÖLÇÜLEMEDİ,,,,,
Zilten,yerlesimler_afrika.js,32.467,14.568,1281-01-01,0,0,0,0,TEMİZ-ÖLÇÜLDÜ,,,Dar Buk-Ammarah,3.6,precise
Zâgûre (Dr'a),yerlesimler_h2_kuzeyafrika.js,30.332,-5.838,1281-01-01,1,0,0,0,ÖLÇÜLEMEDİ,,,,,
el-Arâiş (Larache),yerlesimler_h2_kuzeyafrika.js,35.193,-6.156,1281-01-01,1,0,0,0,ÖLÇÜLEMEDİ,,,,,
el-Hüseyme (Alhucemas),yerlesimler_h2_kuzeyafrika.js,35.246,-3.931,1281-01-01,1,0,0,0,ÖLÇÜLEMEDİ,,,,,
el-Menîa (El Goléa),yerlesimler_a78_afrika.js,30.584,2.883,1900-01-01,1,0,0,0,ÖLÇÜLEMEDİ,,,,,
el-Vâdî (Sûf),yerlesimler_h2_kuzeyafrika.js,33.368,6.867,1281-01-01,1,0,0,0,ÖLÇÜLEMEDİ,,,,,
Âmül,yerlesimler.js,36.4697,52.3508,1281-01-01,0,0,0,0,TEMİZ-ÖLÇÜLDÜ,Āmul,7.4,Amol,0.6,precise
Çamdo (Chamdo),yerlesimler_asya.js,31.14,97.178,1281-01-01,1,0,0,0,ÖLÇÜLEMEDİ,,,,,
Çamlıca (Hidra),yerlesimler.js,37.338,23.474,1281-01-01,1,0,0,0,TEMİZ-ÖLÇÜLDÜ,,,Hydroussa/Hydrea (island),0.3,precise
Çankırı,yerlesimler.js,40.601,33.616,1142-01-01,0,0,0,0,TEMİZ-ÖLÇÜLDÜ,,,Gangra,0.2,precise
Çarklık (Ruoqiang),yerlesimler_ortaasya3.js,39.02,88.17,1281-01-01,1,0,0,0,ÖLÇÜLEMEDİ,,,,,
Çatgam (Chittagong),yerlesimler_asya.js,22.335,91.834,1281-01-01,1,0,0,0,ÖLÇÜLEMEDİ,,,,,
Çaul (Chaul),yerlesimler_asya.js,18.56,72.92,1281-01-01,1,0,0,0,ÖLÇÜLEMEDİ,,,,,
Çehrin (Çigirin),yerlesimler.js,49.077,32.663,1281-01-01,1,0,0,0,ÖLÇÜLEMEDİ,,,,,
Çemişgezek,yerlesimler.js,39.062,38.912,1281-01-01,0,1,0,0,TEMİZ-ÖLÇÜLDÜ,,,Chosomachon,2.0,precise
Çengdu (Chengdu),yerlesimler_asya.js,30.572,104.066,1281-01-01,1,0,0,0,ÖLÇÜLEMEDİ,,,,,
Çerkask (Razdory),yerlesimler_ek6.js,47.24,40.05,1281-01-01,1,0,0,0,ÖLÇÜLEMEDİ,,,,,
Çernovitz (Çernivtsi),yerlesimler.js,48.292,25.935,1281-01-01,1,0,0,0,ÖLÇÜLEMEDİ,,,,,
Çerçen (Qiemo),yerlesimler_ortaasya3.js,38.14,85.53,1281-01-01,1,0,0,0,ÖLÇÜLEMEDİ,,,,,
Çipata (Fort Jameson),yerlesimler_afrika2.js,-13.64,32.65,1899-01-01,1,0,0,0,ÖLÇÜLEMEDİ,,,,,
Çitor (Chittorgarh),yerlesimler_asya.js,24.879,74.629,1281-01-01,1,0,0,0,ÖLÇÜLEMEDİ,,,,,
Çongqing (Chongqing),yerlesimler_asya.js,29.563,106.552,1281-01-01,1,0,0,0,ÖLÇÜLEMEDİ,,,,,
Çorlu,yerlesimler.js,41.158,27.8,1281-01-01,0,0,0,0,TEMİZ-ÖLÇÜLDÜ,,,Tzouroulon/Silta?,1.0,precise
Çuha Adası (Kythira),yerlesimler.js,36.24,22.99,1281-01-01,1,0,0,0,TEMİZ-ÖLÇÜLDÜ,,,Cythera (island),0.6,precise
Çungcu (Chungju),yerlesimler_asya.js,36.991,127.926,1281-01-01,1,0,0,0,ÖLÇÜLEMEDİ,,,,,
Çölemerik (Hakkâri),yerlesimler_ek_ferhadpasa.js,37.5744,43.7408,1281-01-01,1,0,0,0,ÖLÇÜLEMEDİ,,,,,
Çöçek (Tarbagatay),yerlesimler_ek20.js,46.75,82.98,1281-01-01,1,0,0,0,ÖLÇÜLEMEDİ,,,,,
Évora,yerlesimler_avrupa.js,38.571,-7.907,1281-01-01,0,0,0,0,TEMİZ-ÖLÇÜLDÜ,,,Ebora,0.2,precise
Îfnî (Sîdî İfnî),yerlesimler_h2_kuzeyafrika.js,29.379,-10.173,1281-01-01,1,0,0,0,ÖLÇÜLEMEDİ,,,,,
Óbidos (Pauxis),yerlesimler_amerika3.js,-1.9075,-55.5175,1697-01-01,1,0,0,0,ÖLÇÜLEMEDİ,,,,,
Ömnögovi (Dalanzadgad),yerlesimler_ek21.js,43.57,104.42,1281-01-01,1,0,0,0,ÖLÇÜLEMEDİ,,,,,
Öndörhaan (Hentiy),yerlesimler_ek19.js,47.32,110.66,1281-01-01,1,0,0,0,ÖLÇÜLEMEDİ,,,,,
Ösek (Osijek),yerlesimler.js,45.554,18.695,1281-01-01,1,0,0,0,TEMİZ-ÖLÇÜLDÜ,,,Mursa,1.6,precise
Östersund (Jämtland),yerlesimler_ek7.js,63.25,14.9,1281-01-01,1,0,0,0,ÖLÇÜLEMEDİ,,,,,
Özalp (Saray),yerlesimler_ek26.js,38.658,43.998,1281-01-01,1,0,0,0,ÖLÇÜLEMEDİ,,,,,
Ûicu (Uiju),yerlesimler_asya.js,40.152,124.523,1281-01-01,1,0,0,0,ÖLÇÜLEMEDİ,,,,,
Ünye,yerlesimler.js,41.128,37.283,1281-01-01,0,0,0,0,TEMİZ-ÖLÇÜLDÜ,,,Oinoe/‘Caena’,0.3,precise
Ürümçi (Dihua),yerlesimler_asya.js,43.826,87.616,1763-01-01,1,0,0,0,ÖLÇÜLEMEDİ,,,,,
Üsküp,yerlesimler.js,41.997,21.428,1281-01-01,1,0,0,0,ÖLÇÜLEMEDİ,,,,,
Üstyurt platosu (batı),yerlesimler.js,43.8,53.5,,1,0,0,0,ÖLÇÜLEMEDİ,,,,,
Üstyurt platosu (doğu),yerlesimler.js,43.5,56.5,,1,0,0,0,ÖLÇÜLEMEDİ,,,,,
Üç Aziz Körfezi (Trekh Svyatiteley),yerlesimler_kamerika.js,57.168,-153.502,1784-08-14,1,0,0,0,ÖLÇÜLEMEDİ,,,,,
České Budějovice (Budweis),yerlesimler_a78_avrupa.js,48.975,14.474,1281-01-01,1,0,0,0,ÖLÇÜLEMEDİ,,,,,
Đà Nẵng (Tourane),yerlesimler_asya.js,16.054,108.202,1281-01-01,1,0,0,0,ÖLÇÜLEMEDİ,,,,,
Ğadâmis,yerlesimler_afrika.js,30.133,9.5,1281-01-01,0,0,0,0,TEMİZ-ÖLÇÜLDÜ,Ġadāmis,2.3,,,
Ğulmîm (Vâdî Nûn),yerlesimler_h2_kuzeyafrika.js,28.987,-10.057,1281-01-01,1,0,0,0,ÖLÇÜLEMEDİ,,,,,
Ğâru'l-Melh (Porto Farina),yerlesimler_h2_kuzeyafrika.js,37.177,10.191,1281-01-01,1,0,0,0,ÖLÇÜLEMEDİ,,,,,
İbo (Kerimba),yerlesimler_afrika2.js,-12.3875,40.5607,1600-01-01,1,0,0,0,ÖLÇÜLEMEDİ,,,,,
İfe (Ile-Ife),yerlesimler_e9353f.js,7.467,4.567,,1,0,0,0,ÖLÇÜLEMEDİ,,,,,
İgumenitsa (Gomenice),yerlesimler_epir.js,39.5042,20.265,1281-01-01,1,0,0,0,TEMİZ-ÖLÇÜLDÜ,,,Igoumenitsa,0.5,precise
İhosy (Bara),yerlesimler_afrika2.js,-22.4,46.12,1281-01-01,1,0,0,0,ÖLÇÜLEMEDİ,,,,,
İlbasan (Elbasan),yerlesimler.js,41.113,20.083,1466-06-01,1,0,0,0,TEMİZ-ÖLÇÜLDÜ,,,‘Scampis’,0.9,precise
İleryoz (Leros),yerlesimler.js,37.15,26.832,1281-01-01,1,0,0,0,TEMİZ-ÖLÇÜLDÜ,,,Leros (island),0.1,precise
İlimsk (Ilimskiy ostrog),yerlesimler_nokta_asya_0917.js,56.77,103.87,1630-01-01,1,0,0,0,ÖLÇÜLEMEDİ,,,,,
İlyaki (Tilos),yerlesimler.js,36.586,27.167,1281-01-01,1,0,1,0,ÖLÇÜLEMEDİ,,,Telos (settlement),20.5,precise
İmphâl (Manipûr),yerlesimler_asya.js,24.817,93.937,1281-01-01,1,0,0,0,ÖLÇÜLEMEDİ,,,,,
İmroz,yerlesimler.js,40.163,25.905,1281-01-01,0,0,0,0,TEMİZ-ÖLÇÜLDÜ,,,Imbros (island),4.1,precise
İmâdiye (Amêdî),yerlesimler_ok109.js,37.0921,43.4877,1281-01-01,1,1,0,0,ÖLÇÜLEMEDİ,,,,,
İncirli (Nisiros),yerlesimler.js,36.428,27.363,1281-01-01,1,0,1,0,ÖLÇÜLEMEDİ,,,Nisyros (island),25.2,precise
İndor (Indore),yerlesimler_asya.js,22.72,75.858,1715-01-01,1,0,0,0,ÖLÇÜLEMEDİ,,,,,
İnebahtı,yerlesimler.js,38.399,21.827,1281-01-01,0,0,0,0,TEMİZ-ÖLÇÜLDÜ,,,Naupactus,0.4,precise
İnegöl,yerlesimler.js,40.08,29.512,1281-01-01,0,0,0,0,TEMİZ-ÖLÇÜLDÜ,,,Sarkotyle,1.2,precise
İnkirman (Kalamita),yerlesimler_ek2.js,44.6072,33.6061,1281-01-01,1,0,0,0,ÖLÇÜLEMEDİ,,,,,
İnçon (Incheon),yerlesimler_asya.js,37.456,126.705,1281-01-01,1,0,0,0,ÖLÇÜLEMEDİ,,,,,
İpsala,yerlesimler.js,40.914,26.383,1281-01-01,0,0,0,0,TEMİZ-ÖLÇÜLDÜ,,,Kypsela,1.4,precise
İpsara (Psara),yerlesimler.js,38.576,25.578,1281-01-01,1,0,0,0,TEMİZ-ÖLÇÜLDÜ,,,Psyra (island),0.3,precise
İsfakiye (Sfakia),yerlesimler.js,35.202,24.135,1281-01-01,1,0,1,0,ADAY-ZAYIF,,,Sfakia,7.2,precise
İshakçı (Isaccea),yerlesimler_ek29.js,45.2736,28.46,1281-01-01,1,0,0,0,ÖLÇÜLEMEDİ,,,,,
İskenderiye,yerlesimler.js,31.2,29.919,1281-01-01,0,0,0,0,TEMİZ-ÖLÇÜLDÜ,al-Iskandariyyaŧ,1.0,Alexandria,0.9,precise
İskenderun,yerlesimler_ek27.js,36.587,36.173,1098-06-03,0,0,0,0,TEMİZ-ÖLÇÜLDÜ,Iskandarūnaŧ,2.2,Alexandria ad Issum,0.3,precise
İskeçe,yerlesimler_seyrek.js,41.14,24.89,1281-01-01,0,0,0,0,TEMİZ-ÖLÇÜLDÜ,,,Xantheia/Xanthi,0.4,precise
İskiathos,yerlesimler.js,39.1686,23.4922,1281-01-01,0,0,0,0,TEMİZ-ÖLÇÜLDÜ,,,Skiathos (settlement),0.4,precise
İskiros (Skyros),yerlesimler.js,38.9,24.57,1281-01-01,1,0,0,0,TEMİZ-ÖLÇÜLDÜ,,,Skyros (settlement),0.5,precise
İskopelos,yerlesimler.js,39.12,23.72,1281-01-01,0,0,0,0,TEMİZ-ÖLÇÜLDÜ,,,Peparethus (island),3.4,precise
İsmail,yerlesimler.js,45.351,28.836,1281-01-01,0,0,0,0,TEMİZ-ÖLÇÜLDÜ,,,Ismail,0.1,precise
İstanbul,yerlesimler.js,41.008,28.98,0330-05-11,0,0,0,0,TEMİZ-ÖLÇÜLDÜ,,,İstanbul,0.4,precise
İstanbulya (Astipalya),yerlesimler.js,36.572,26.35,1281-01-01,1,0,0,0,TEMİZ-ÖLÇÜLDÜ,,,Astypalaia (island),1.5,precise
İstanköy,yerlesimler.js,36.893,27.288,1258-01-01,0,0,0,0,TEMİZ-ÖLÇÜLDÜ,,,Kos (settlement),0.2,precise
İstefe (Tebai),yerlesimler.js,38.322,23.319,1205-01-01,1,0,0,0,TEMİZ-ÖLÇÜLDÜ,,,Thebai/Thebae,0.3,precise
İstendil (Tinos),yerlesimler.js,37.57,25.17,1281-01-01,1,0,0,0,TEMİZ-ÖLÇÜLDÜ,,,Tenos (settlement),3.6,precise
İzdin (Lamia),yerlesimler.js,38.9,22.434,1281-01-01,1,0,0,0,TEMİZ-ÖLÇÜLDÜ,,,Lamia,0.8,precise
İzmir,yerlesimler.js,38.419,27.129,1281-01-01,0,0,0,0,TEMİZ-ÖLÇÜLDÜ,,,Smyrna/Eurydikeia,1.1,precise
İzmit,yerlesimler.js,40.766,29.917,1228-01-01,0,0,0,0,TEMİZ-ÖLÇÜLDÜ,,,Nicomedia,0.3,precise
İzvornik (Zvornik),yerlesimler.js,44.386,19.103,1281-01-01,1,0,0,0,TEMİZ-ÖLÇÜLDÜ,,,Ad Drinum,0.1,precise
İşkodra,yerlesimler.js,42.069,19.513,1281-01-01,0,0,0,0,TEMİZ-ÖLÇÜLDÜ,,,Scodra,1.0,precise
İşkâşim (Pamir),yerlesimler_a78_asya.js,36.72,71.61,1281-01-01,1,0,0,0,ÖLÇÜLEMEDİ,,,,,
İştip (Štip),yerlesimler_ok107.js,41.746,22.195,1281-01-01,1,0,0,0,ÖLÇÜLEMEDİ,,,,,
"Łutsël K'é (Snowdrift, Büyük Köle Gölü doğusu)",yerlesimler_kamerika.js,62.3896,-110.7375,1281-01-01,1,0,0,0,ÖLÇÜLEMEDİ,,,,,
Şam,yerlesimler.js,33.513,36.292,1281-01-01,0,0,0,0,TEMİZ-ÖLÇÜLDÜ,,,Damascus,1.6,precise
Şamahı,yerlesimler.js,40.632,48.641,1281-01-01,0,0,0,0,TEMİZ-ÖLÇÜLDÜ,al-Šamāḫiyyaŧ,6.4,Shemakha,3.0,precise
Şehirköy (Pirot),yerlesimler_serhat.js,43.1531,22.5861,1281-01-01,1,0,0,0,ÖLÇÜLEMEDİ,,,,,
Şehrisebz (Kiş),yerlesimler_ek14.js,39.058,66.833,1281-01-01,1,0,1,0,TEMİZ-ÖLÇÜLDÜ,Kišš,3.1,Padaytak tepe,10.8,precise
Şehrizor,yerlesimler.js,35.56,45.43,1233-01-01,0,0,1,0,ADAY-ZAYIF,Šahrazūr,62.9,,,
Şeki (Nuha),yerlesimler.js,41.1919,47.1706,1281-01-01,1,0,1,1,ADAY,Šakkī,17.7,,,
Şelon havzası (Soltsı),yerlesimler_a78_avrupa.js,58.12,30.32,1281-01-01,1,0,0,0,ÖLÇÜLEMEDİ,,,,,
Şemdinli (Şemdinni),yerlesimler_sinir_dogu.js,37.3051,44.5742,1281-01-01,1,1,0,0,ÖLÇÜLEMEDİ,,,,,
Şerur (Sharur),yerlesimler_kalite4.js,39.55,44.95,1281-01-01,1,0,0,0,ÖLÇÜLEMEDİ,,,,,
Şerşel (Cherchell),yerlesimler.js,36.6015,2.1921,1281-01-01,1,0,0,0,TEMİZ-ÖLÇÜLDÜ,Ašrašāl,8.7,Iol Caesarea,0.6,precise
Şeyh (Somaliland),yerlesimler_h2_afrika.js,9.933,45.183,1281-01-01,1,0,0,0,ÖLÇÜLEMEDİ,,,,,
Şeyh Salû-yi Ulyâ,yerlesimler_sinir_dogu.js,38.9926,44.2001,1281-01-01,0,1,0,0,ÖLÇÜLEMEDİ,,,,,
Şeyhrumi (Yücelen),yerlesimler_sinir_dogu.js,38.9619,44.1132,1281-01-01,1,0,0,0,ÖLÇÜLEMEDİ,,,,,
Şibenik (Sebenico),yerlesimler_ek.js,43.734,15.894,1281-01-01,1,0,0,0,ÖLÇÜLEMEDİ,,,,,
Şibînülkûm (Menûfiye),yerlesimler_afrika.js,30.552,31.011,1281-01-01,1,0,1,1,ADAY-İKAME,Manūf,13.9,,,
Şinkît (Chinguetti),yerlesimler_a78_afrika.js,20.463,-12.366,1909-01-01,1,0,0,0,ÖLÇÜLEMEDİ,,,,,
Şiraz,yerlesimler.js,29.591,52.584,1281-01-01,0,0,0,0,TEMİZ-ÖLÇÜLDÜ,Šīrāz,6.2,Qasr-i Abu Nasr/Seraz/Tirazzish?/Shiraz(zish)?,0.8,precise
Şoşong (Shoshong),yerlesimler_afrika2.js,-23.03,26.5,1700-01-01,1,0,0,0,ÖLÇÜLEMEDİ,,,,,
Şumnu,yerlesimler.js,43.271,26.936,1281-01-01,0,0,1,0,ADAY-ZAYIF,,,Shoumen,7.5,precise
Şuri (Naha),yerlesimler_asya.js,26.217,127.719,1281-01-01,1,0,0,0,ÖLÇÜLEMEDİ,,,,,
Şâbüran,yerlesimler.js,41.21,48.98,1281-01-01,0,0,1,1,ADAY,Šābarān,18.9,,,
Şüşter,yerlesimler.js,32.045,48.8564,1281-01-01,0,0,0,0,TEMİZ-ÖLÇÜLDÜ,Tustar,0.7,Sostrate/Shushtar,0.8,precise
