dosya	satir	kayit_satir	w30_alt	w30_slug	kova	alt	slug	birebir_maddeler	birebir_sayi	ipucu	ipucu_baslik	benzerlik	en_yakin	arama	dil	alinti	on_baglam
devletler.js	9751	9748	OLCULEMEDI-SLUG-COZULEMEDI		COZULDU	IPUCU-KAYDI	mezyediler	mezyediler	1	mustencid-billah						Selçuklu ve Abbâsî hâkimiyeti altında	"resi yardımlarından ötürü İbn Ma‘rûf’a verildi (558/1163).\"" Hicrî 558 = Aralık 1162-Kasım 1163; TDV 1163 yazıyor. Not: 545-558 (1150-1163) arası TDV tablosu \"""
devletler.js	10071	10067	OLCULEMEDI-SLUG-COZULEMEDI		COZULDU	IPUCU-KAYDI	abdurrahman-iii	abdurrahman-iii	1	endulus	Endülüs					929 yılında ... ilk defa “halife” ve “emîrü’l-mü’minîn” unvanını almıştır	altında 'Endülüs Emevîleri (756-1031). a) Emirlik Dönemi (756-929)' diye verir; 929 aynı hanedanın aynı başşehirde unvan değiştirmesidir (TDV Abdurrahman III: '
devletler.js	10071	10067	OLCULEMEDI-SLUG-COZULEMEDI		COZULDU	IPUCU-KAYDI	abdurrahman-i	abdurrahman-i	1	endulus	Endülüs			Kurtuba Böylece Endülüs→abbasiler,abdullah-b-bulukkin,abdullah-b-muhammed-b-abdurrahman,abdurrahman-i,abdurrahman-iii,abdulmumin-el-kumi		bu zafer ona Kurtuba’nın kapılarını açtı. Böylece Endülüs Emevî Devleti’nin temelleri atılmış oldu	 defa “halife” ve “emîrü’l-mü’minîn” unvanını almıştır'), yeni polity değil (sınıf ② mantığı). Gün: TDV Abdurrahman I, Musâre savaşını 15 Mayıs (756) verir ve '
ekokuma_alemdar.js	95	90	OLCULEMEDI-SLUG-COZULEMEDI		COZULDU	IPUCU-KAYDI	alemdar-mustafa-pasa	alemdar-mustafa-pasa	1	sekban-i-cedid						Elinde âsilere karşı kullanılabilecek yeterli kuvveti bulunmayan saray, şaşkınlık ve tereddütlerin kaybolmasından sonra Râmiz ve Kadı Abdurrahman paşalar tarafından müdafaaya alındığı için Alemdar'a yardım gecikmişti.	"eniçeri karşısında tutunamadı ve kumandanları Süleyman Ağa da ölünce dağıldı (TDV `sekban-i-cedid`).\n\nBİRİNCİ OKUMA — GÜÇ YOKTU. TDV'nin kendi izahı budur: \"""
ekokuma_deniz.js	56	50	OLCULEMEDI-SLUG-COZULEMEDI		COZULDU	IPUCU-KAYDI	selim-iii	selim-iii	1	fransa	Fransa | III. Selim					Osmanlı Devleti'ni Rusya'nın da içinde bulunduğu bir ittifaka dahil olarak Fransa ile karşı karşıya getirdi	"usya ile ittifak kurarak Fransızlar'ı Mısır'dan çıkardı.\""\n\nİKİ ESKİ DÜŞMANLA İTTİFAK. TDV'nin III. Selim maddesi, Mısır'ın kısa zamanda ele geçirilmesinin \"""
ekokuma_karadeniz.js	117	114	OLCULEMEDI-SLUG-COZULEMEDI		COZULDU	IPUCU-KAYDI	bogdan	bogdan	1	hotin	Hotin					hür bir ülke olduğunu, kılıçla değil kendi rızası ile Osmanlı Devleti'ne tâbi olduğunu	anlı noktası budur.\n\n'OSMANLI TOPRAĞI' MIYDI? Osmanlı'nın kendi cevabı iki yönlüydü. TDV'ye göre 1699 Karlofça görüşmelerinde Osmanlı murahhasları Boğdan'ın '
ekokuma_p76i.js	50	47	OLCULEMEDI-SLUG-COZULEMEDI		COZULDU	IPUCU-KAYDI	durzilik	durzilik	1	lubnan	Lübnan			kendilerini göstermiş müslüman→abbasiler,abid,acaride,afrika,ahidname,ahilik		1860 yılına kadar kendilerini müslüman göstermiş	'da kovuşturulunca Lübnan'daki Vâditteym'e çekildi. Dışarıdan katılım kabul etmeyen kapalı bir topluluktur; TDV, korunma amacıyla takıyye uygulayan Dürzîlerin '
ekokuma_p76i.js	53	47	OLCULEMEDI-SLUG-COZULEMEDI		COZULDU	IPUCU-KAYDI	durzilik	durzilik	1	lubnan	Lübnan			kendilerini göstermiş müslüman→abbasiler,abid,acaride,afrika,ahidname,ahilik		1860 yılına kadar kendilerini müslüman göstermiş	"  kaynak:""TDV gövdeleri okundu: durzilik («"
kronoloji_gurcistan.js	199	195	OLCULEMEDI-SLUG-COZULEMEDI		COZULDU	IPUCU-KAYDI	gurcistan	gurcistan	1	tiflis						1632'de Tiflis vilâyeti olarak tekrar Osmanlı idaresiyle birleştirilmiş ve ihtida etmiş olan Rostom buraya vali tayin edilmişti	"  kaynak:""tiflis (TDV — '"
paket_05.js	9770	9767	OLCULEMEDI-SLUG-COZULEMEDI		COZULDU	IPUCU-KAYDI	mezyediler	mezyediler	1	mustencid-billah						Selçuklu ve Abbâsî hâkimiyeti altında	"resi yardımlarından ötürü İbn Ma‘rûf’a verildi (558/1163).\"" Hicrî 558 = Aralık 1162-Kasım 1163; TDV 1163 yazıyor. Not: 545-558 (1150-1163) arası TDV tablosu \"""
paket_05.js	10090	10086	OLCULEMEDI-SLUG-COZULEMEDI		COZULDU	IPUCU-KAYDI	abdurrahman-iii	abdurrahman-iii	1	endulus	Endülüs					929 yılında ... ilk defa “halife” ve “emîrü’l-mü’minîn” unvanını almıştır	altında 'Endülüs Emevîleri (756-1031). a) Emirlik Dönemi (756-929)' diye verir; 929 aynı hanedanın aynı başşehirde unvan değiştirmesidir (TDV Abdurrahman III: '
paket_05.js	10090	10086	OLCULEMEDI-SLUG-COZULEMEDI		COZULDU	IPUCU-KAYDI	abdurrahman-i	abdurrahman-i	1	endulus	Endülüs			Kurtuba Böylece Endülüs→abbasiler,abdullah-b-bulukkin,abdullah-b-muhammed-b-abdurrahman,abdurrahman-i,abdurrahman-iii,abdulmumin-el-kumi		bu zafer ona Kurtuba’nın kapılarını açtı. Böylece Endülüs Emevî Devleti’nin temelleri atılmış oldu	 defa “halife” ve “emîrü’l-mü’minîn” unvanını almıştır'), yeni polity değil (sınıf ② mantığı). Gün: TDV Abdurrahman I, Musâre savaşını 15 Mayıs (756) verir ve '
paket_12.js	5807	5803	OLCULEMEDI-SLUG-COZULEMEDI		COZULDU	IPUCU-KAYDI	gurcistan	gurcistan	1	tiflis						1632'de Tiflis vilâyeti olarak tekrar Osmanlı idaresiyle birleştirilmiş ve ihtida etmiş olan Rostom buraya vali tayin edilmişti	"  kaynak:""tiflis (TDV — '"
bos_alanlar.js	238	238	OLCULEMEDI-SLUG-COZULEMEDI		COZULDU	IPUCU-TUTTU	kongo-demokratik-cumhuriyeti	kongo-demokratik-cumhuriyeti	1	kongo-demokratik-cumhuriyeti	kongo-demokratik-cumhuriyeti					XIII. yuzyilda Atlas Okyanusu sahilinde kurulan Kongo Kralligi	.-14. yuzyil siyasi yapisini tartismiyor; Teke/Tio krallığını hic anmiyor. DOLGU NOKTASIDIR. ⚠️ VE BURADA BIR CELISKI VAR ve onu COZMUYORUM — ayni TDV maddesi '
ekokuma_akdeniz.js	42	39	OLCULEMEDI-SLUG-COZULEMEDI		COZULDU	IPUCU-TUTTU	cezayir	cezayir	1	cezayir,cezayir--cezayir	cezayir					Batı (merkezi Muasker, 1792'den sonra Oran)	rân'ı Garp Beyliği'nin (Cezayir Ocaklığı'nın üç sancağından biri, ötekiler Doğu/Kostantîne ve Titteri/Medea) yeni merkezi yaptı — TDV'nin cezayir maddesi bunu '
ekokuma_alemdar.js	73	69	OLCULEMEDI-SLUG-COZULEMEDI		COZULDU	IPUCU-TUTTU	selim-iii	selim-iii	1	ayan,selim-iii	ÂYAN | SELİM III					Pazvandoğlu, Tirsiniklioğlu, Tepedelenli, İşkodralı, Canikli, Cezzar, Kavalalı gibi güçlü âyanlara tahammül etmek zorunda kaldı.	"ölge dökümüdür; ayrı maddesi olanlarda o maddenin kendi künyesi de verildi. Aynı listenin bir başka omurgası TDV'nin `SELİM III` maddesinde geçer: III. Selim \"""
ekokuma_alemdar.js	73	69	OLCULEMEDI-SLUG-COZULEMEDI		COZULDU	IPUCU-TUTTU	ayan	ayan	1	cezzar-ahmed-pasa,kavalali-mehmed-ali-pasa,ayan	ÂYAN					Bunlar arasında… ün kazanmışlardı	"i-pasa`; aynı `selim-iii` cümlesinde).\n\nLİSTENİN SINIRI. Bu bir DÖKÜM değil, künyesi bulunan aileler kümesidir: TDV'nin `ÂYAN` maddesi bile kendi listesini \"""
ekokuma_alemdar.js	84	79	OLCULEMEDI-SLUG-COZULEMEDI		COZULDU	IPUCU-TUTTU	ayan	ayan	1	ayan	ÂYAN					Tarihî belgelerde voyvoda, mütesellim, muhassıl, mutasarrıf ve vali olarak görülen yerli hânedanlar, aynı zamanda âyan, derebeyi veya mütegallibe tabirleriyle de ifade edilmektedir.	"  metin:""ÖNCE TANIM: ÂYAN NE DEĞİLDİ. TDV'nin `ÂYAN` maddesi (Özcan Mert) kelimenin çok geniş kullanıldığını söyler: \"""
ekokuma_bolge0073.js	92	82	OLCULEMEDI-OLU-302	kavalali	COZULDU	IPUCU-TUTTU	kavalali-mehmed-ali-pasa	kavalali-mehmed-ali-pasa	1	habesistan,sudan,etiyopya,kavalali,kavalali-mehmed-ali-pasa						1820 yılında düzenlenen sefer iki yıl sürdü	 boş (2.481 karakter boilerplate) — bu 'yok' değil 'çekilemedi'dir, dolu karşılığı `etiyopya` okundu. Tarih uydurulmadı: TDV `sudan` seferi '1820', `kavalali` '
ekokuma_dalga2.js	117	114	OLCULEMEDI-SLUG-COZULEMEDI		COZULDU	IPUCU-TUTTU	trabzon	trabzon	1	trabzon	Trabzon					Ağustos veya Eylül 1461	"  tarih_metin:""1461 yazı · TDV: \"""
ekokuma_dalga2.js	126	114	OLCULEMEDI-SLUG-COZULEMEDI		COZULDU	IPUCU-TUTTU	trabzon	trabzon	1	trabzon	Trabzon					Ağustos veya Eylül 1461	"  tartisma:""TDV'nin Trabzon maddesi teslimi \"""
ekokuma_deniz.js	56	50	OLCULEMEDI-SLUG-COZULEMEDI		COZULDU	IPUCU-TUTTU	fransa	fransa	1	fransa	Fransa					Osmanlı Devleti iki ay sonra İngiltere ve Rusya ile ittifak kurarak Fransızlar'ı Mısır'dan çıkardı.	"n etti ve üç gün sonra Fransız maslahatgüzarını Yedikule zindanlarına kapattı. TDV'nin Fransa maddesine göre, Napolyon'un 1 Temmuz 1798'deki işgalinden sonra \"""
ekokuma_deniz.js	56	50	OLCULEMEDI-SLUG-COZULEMEDI		COZULDU	IPUCU-TUTTU	rusya	rusya	1	rusya	Rusya					Rus savaş gemileri ilk defa Boğazlar'dan geçti	" ülke arasında ilk defa bir siyasî ve askerî ittifak anlaşması imzalandı.\"" Rusya ile ittifakın en çarpıcı sonucu boğazlardaydı: TDV'nin Rusya maddesine göre \"""
ekokuma_ibrahim.js	152	144	OLCULEMEDI-OLU-302	hezarpare	COZULDU	IPUCU-TUTTU	hezarpare-ahmed-pasa	hezarpare-ahmed-pasa	1	ibrahim--padisah,hezarpare,hezarpare-ahmed-pasa						henüz iki yaşında olan kızı Beyhan Sultan'a namzet	6); Czernin'in rüşvet iddiası ve Sultanzâde Mehmed Paşa rekabeti karta alınmadı. Beyhan Sultan: TDV ibrahim--padisah 'Şubat 1648; TSMA E. 7112'; TDV hezarpare '
ekokuma_isyan1821.js	104	97	OLCULEMEDI-SLUG-COZULEMEDI		COZULDU	IPUCU-TUTTU	eflak	eflak	1	eflak	Eflak					1821'de Rus çarının desteğiyle Kırım'da harekete geçen	"u aforoz etti. Osmanlı kuvvetleri hareketi haziranda bastırdı. ⚠️ KAYNAKLAR BU NOKTADA ÇELİŞİYOR ve kart ikisini de yazar: TDV'nin Eflak maddesi İpsilanti'yi \"""
ekokuma_p76f.js	75	69	OLCULEMEDI-SLUG-COZULEMEDI		COZULDU	IPUCU-TUTTU	balkan-savasi	balkan-savasi	1	balkan-savasi	Balkan Savaşı					Savaş sırasında ordu içindeki siyasî görüş ayrılıkları yenilgide büyük rol oynadı	"  kaynak:""TDV İslâm Ansiklopedisi — «Balkan Savaşı» maddesi (gövdesi okundu): AYNEN «"
ekokuma_p76f.js	84	78	OLCULEMEDI-SLUG-COZULEMEDI		COZULDU	IPUCU-TUTTU	arnavutluk	arnavutluk	1	arnavutluk	Arnavutluk					28 Kasım 1912'de İsmâil Kemali, Avlonya'da Arnavutluk'un istiklâlini ilân etti	"  kaynak:""TDV İslâm Ansiklopedisi — «Arnavutluk» maddesi (gövdesi okundu), AYNEN: «"
ekokuma_p76f.js	93	87	OLCULEMEDI-SLUG-COZULEMEDI		COZULDU	IPUCU-TUTTU	balkan-savasi	balkan-savasi	1	balkan-savasi	Balkan Savaşı					Midye-Enez hattı Osmanlı-Bulgar sınırı olarak kabul edildi	"  kaynak:""TDV İslâm Ansiklopedisi — «Balkan Savaşı» maddesi (gövdesi okundu): 30 Mayıs 1913 Londra Antlaşması, AYNEN «"
ekokuma_p76f.js	111	105	OLCULEMEDI-SLUG-COZULEMEDI		COZULDU	IPUCU-TUTTU	balkan-savasi	balkan-savasi	1	balkan-savasi	Balkan Savaşı					çapı 30 km. tutan yarım daire şeklinde bir toprak parçası	"  kaynak:""TDV İslâm Ansiklopedisi — «Balkan Savaşı» maddesi (gövdesi okundu): 29 Eylül 1913 tarihli yirmi maddelik antlaşmanın Edirne'yi geri vermesi, AYNEN «"
ekokuma_p76f.js	120	114	OLCULEMEDI-SLUG-COZULEMEDI		COZULDU	IPUCU-TUTTU	birinci-dunya-savasi	birinci-dunya-savasi	1	birinci-dunya-savasi	Birinci Dünya Savaşı					2 Ağustos 1914'te, İstanbul'da Osmanlı Devleti ile Almanya arasında gizli bir ittifak antlaşması imzalanmıştı	"  kaynak:""TDV İslâm Ansiklopedisi — «Birinci Dünya Savaşı» maddesi (gövdesi okundu), AYNEN: «"
ekokuma_p76f.js	147	141	OLCULEMEDI-SLUG-COZULEMEDI		COZULDU	IPUCU-TUTTU	birinci-dunya-savasi	birinci-dunya-savasi	1	birinci-dunya-savasi	Birinci Dünya Savaşı					Rusya'nın 2 Kasım 1914'te Osmanlı Devleti'ne savaş ilân etmesine sebep oldu	Ansiklopedisi — «Birinci Dünya Savaşı» maddesi (gövdesi okundu): Souchon komutasındaki donanmanın Sivastopol ve Novorossiysk limanlarını topa tutması ve AYNEN «
ekokuma_p76i.js	41	38	OLCULEMEDI-SLUG-COZULEMEDI		COZULDU	IPUCU-TUTTU	sark-meselesi	sark-meselesi	1	sark-meselesi	Şark Meselesi					Avrupa genel barışının emniyet supabı	reden ikisi, yirmi dört konferanstan on ikisi Şark Meselesi'yle ilgiliydi. Başka bölgelerdeki çekişmelerin bedeli Osmanlı toprağından ödenebildiği için mesele '
ekokuma_p76i.js	86	83	OLCULEMEDI-SLUG-COZULEMEDI		COZULDU	IPUCU-TUTTU	bosna-hersek	bosna-hersek	1	bosna-hersek	Bosna-Hersek					pek tatmin edici olmayan şartlar	pıklıktı. TDV'nin Bosna-Hersek maddesini yazan Yugoslav tarihçi Djurdjev de aynı yere bakar: 1859 kanunu çiftlik sahibi ile kiracı arasındaki sorunu çözemedi, '
ekokuma_p77c.js	91	88	OLCULEMEDI-SLUG-COZULEMEDI		COZULDU	IPUCU-TUTTU	tehcir	tehcir	1	tehcir	tehcir					II. Abdülhamid dönemindeki Ermeni katliamları	uz 1905'te cuma selamlığında II. Abdülhamid'e yönelik bombalı suikast girişimi.\n\nİKİ ADLANDIRMA. TDV'nin tehcir maddesi bu olayların Dadrian gibi yazarlarca '
ekokuma_padisah.js	312	310	OLCULEMEDI-SLUG-COZULEMEDI		COZULDU	IPUCU-TUTTU	karlofca	karlofca	1	karlofca	Karlofça					her ülkenin ele geçirdiği toprağın yine kendi elinde kalması (alâ hâlihî) şartıyla.	tutuyorsa, o taraf orayı meşru sayılır; kimin önce fethettiği, geçmiş hak iddiaları tartışmaya açılmaz. TDV'nin Karlofça maddesindeki tanımı bunu net veriyor: '
ekokuma_padisah.js	374	372	OLCULEMEDI-SLUG-COZULEMEDI		COZULDU	IPUCU-TUTTU	prut-antlasmasi	prut-antlasmasi	1	prut-antlasmasi	prut-antlasmasi					daha sonraları abartılarak pek çok defa dile getirilmiş ve her seferinde biraz daha gerçeklerden uzaklaşmış olarak tekrarlanmış, nihayet olayın ayrılmaz bir EFSANESİ haline gelmiştir.	oluşan muhalefet verilir.\n\n**TDV'nin KENDİSİ hediye hikâyesini de 'efsane' diye damgalıyor:** 'prut-antlasmasi' maddesinin kendi ifadesiyle, hediye aktarımı '
ekokuma_sh104.js	42	38	OLCULEMEDI-SLUG-COZULEMEDI		COZULDU	IPUCU-TUTTU	topkapi-sarayi	topkapi-sarayi	1	topkapi-sarayi	Topkapı Sarayı					her yönden şehre hâkim	"  bag:""TDV'nin Topkapı Sarayı maddesine göre saray '"
ekokuma_yeniceri.js	187	183	OLCULEMEDI-SLUG-COZULEMEDI		COZULDU	IPUCU-TUTTU	yeniceri	yeniceri,yeniceri-agasi	2	yeniceri	yeniçeri					özellikle bu velînin Osmanlı Beyliği'nin kuruluşundan çok daha önce ölmüş olmasından ötürü tamamen geçersizdir	"elî'nin elini yeni askerin başına koyup dua etmesine dayanır. TDV'nin `yeniçeri` maddesi bunu üç ayrı delille reddeder. ① TARİH TUTMUYOR: bu irtibatlandırma, \"""
kronoloji_cok_1923_1945.js	463	450	OLCULEMEDI-SLUG-COZULEMEDI		COZULDU	IPUCU-TUTTU	berka	berka	1	berka	BERKA					Senûsî merkezlerinden Cağbûb ve Câlû’yu 1927’de işgal ettiler	"  ic_not_d:""Kaynak yalnız AY veriyor (Şubat 1926); kural gereği t=1926-01-01. ÇELİŞKİ (TDV içi): 'BERKA' maddesi \"""
kronoloji_cok_once1281_avrupa.js	90	90	OLCULEMEDI-SLUG-COZULEMEDI		COZULDU	IPUCU-TUTTU	abbadiler	abbadiler	1	abbadiler	Abbâdîler					Karmûne, Kurtuba ve İşbîliye’yi zaptederek Abbâdîler hânedanına son verdi (1092)	"1091-1145) yılları arasında mâmur bir şehir haline geldi.'"", ""ic_not_t"": ""TDV kendi içinde çelişir: 'Abbâdîler' maddesi başlıkta '(1023-1091)' der ama gövdede '"
kronoloji_gurcistan.js	133	129	OLCULEMEDI-SLUG-COZULEMEDI		COZULDU	IPUCU-TUTTU	gurcistan	gurcistan	1	gurcistan						Fakat daha sonra Gürcistan üç krallığa [Kartliya, Kahetya, İmeretiya] ve beş beyliğe ayrıldı	"  kaynak:""gurcistan (TDV — '"
kronoloji_gurcistan.js	235	231	OLCULEMEDI-SLUG-COZULEMEDI		COZULDU	IPUCU-TUTTU	gurcistan	gurcistan	1	gurcistan						Osmanlılar ise Kartli ve onun büyük şehirleri Tiflis ve Gori'yi alıp burayı yurtluk ve ocaklık olarak Kartli Çarı Vahtang'ın oğlu olup ihtida eden İbrâhim'e verdiler	"  kaynak:""gurcistan (TDV — '"
kronoloji_iran.js	61	58	OLCULEMEDI-SLUG-COZULEMEDI		COZULDU	IPUCU-TUTTU	gazan-han	gazan-han	1	ilhanlilar,gazan-han						Elburz'da Lâr vadisinde müslüman oldu ve Mahmud adını aldı (19 Haziran 1295)	"  kaynak:""ilhanlilar (TDV, doğrulanmış — data/olaylar*.js kullanıyor) · gazan-han (TDV: \"""
kronoloji_iran.js	65	62	OLCULEMEDI-SLUG-COZULEMEDI		COZULDU	IPUCU-TUTTU	ebu-said-bahadir-han	ebu-said-bahadir-han	1	ilhanlilar,ebu-said-bahadir-han						13 Rebîülâhir 736'da (30 Kasım 1335) Karabağ'da öldü	"  kaynak:""ilhanlilar (TDV, doğrulanmış); Encyclopaedia Iranica · ebu-said-bahadir-han (TDV: \"""
kronoloji_iran.js	81	78	OLCULEMEDI-SLUG-COZULEMEDI		COZULDU	IPUCU-TUTTU	isfahan	isfahan	1	timur,isfahan						Timur'un emriyle 6 Zilkade 789'da (18 Kasım 1387) 50.000 kişiyi kılıçtan geçirdiği rivayet edilir	"  kaynak:""timur (TDV, doğrulanmış) · isfahan (TDV: \"""
kronoloji_iran.js	103	100	OLCULEMEDI-SLUG-COZULEMEDI		COZULDU	IPUCU-TUTTU	karakoyunlular	karakoyunlular	1	akkoyunlular,karakoyunlular						kaçarken öldürüldü (12 Rebîülâhir 872 / 10 Kasım 1467)	"  kaynak:""akkoyunlular (TDV, doğrulanmış — data/olaylar*.js kullanıyor) · karakoyunlular (TDV: Cihan Şah \"""
kronoloji_iran.js	199	196	OLCULEMEDI-SLUG-COZULEMEDI		COZULDU	IPUCU-TUTTU	murad-iv	murad-iv	1	murad-iv						Ertesi gün (17 Şâban 1048 / 24 Aralık 1638 Cuma) kale kumandanı Bektaş Han, Bağdat'ı teslime karar verip	"  kaynak:""murad-iv (TDV, gövde okundu: «"
kronoloji_iran.js	429	426	OLCULEMEDI-SLUG-COZULEMEDI		COZULDU	IPUCU-TUTTU	bagdat	bagdat	1	bagdat						Üç ay müddetle muhasara edilen Bağdat'ta … Derviş Mehmed … iç kaleyi Safevîler'e teslim etti (28 Kasım 1623)	"  kaynak:""bagdat (TDV, gövde okundu: «"
kronoloji_iran_ardillari.js	472	468	OLCULEMEDI-SLUG-COZULEMEDI		COZULDU	IPUCU-TUTTU	ebu-said-bahadir-han	ebu-said-bahadir-han	1	ilhanlilar,ebu-said-bahadir-han						13 Rebîülâhir 736'da (30 Kasım 1335) Karabağ'da öldü	"  kaynak:""ilhanlilar · ebu-said-bahadir-han (TDV: \"""
kronoloji_iran_ardillari.js	843	839	OLCULEMEDI-SLUG-COZULEMEDI		COZULDU	IPUCU-TUTTU	isfahan	isfahan	1	isfahan						6 Zilkade 789'da (18 Kasım 1387)	"  kaynak:""muzafferiler · isfahan (TDV: \"""
kronoloji_karakoyunlu.js	404	400	OLCULEMEDI-SLUG-COZULEMEDI		COZULDU	IPUCU-TUTTU	cihan-sah	cihan-sah	1	cihan-sah						şehri zaptetti ve üç gün boyunca yağmalattı (9 Haziran 1446)	"  kaynak:""karakoyunlular · cihan-sah · cihan-sah (TDV: \"""
kronoloji_memluk.js	82	82	OLCULEMEDI-SLUG-COZULEMEDI		COZULDU	IPUCU-TUTTU	muhammed-b-kalavun	muhammed-b-kalavun,el-melikun-nasir-muhammed	2	muhammed-b-kalavun,el-melikun-nasir-muhammed						hükümdar ilân edildi (Muharrem 694 / Aralık 1294)	"-nasir-muhammed gövdesi çekilemedi (boilerplate); dayanak: standart akademik kaynak, Cambridge History of Egypt c.1 (ed. C. Petry) · muhammed-b-kalavun (TDV: \"""
kronoloji_memluk.js	88	88	OLCULEMEDI-SLUG-COZULEMEDI		COZULDU	IPUCU-TUTTU	ikta	ikta	1	ikta					ingilizce	Sultan Lâçin'in yaptırdığı tahrirle ecnâdü'l-halkanın iktâları azaltıldı	"larını kalıtsal bir imtiyaz saydığı bu reform büyük hoşnutsuzluk yarattı; Sultan Lâçin ertesi yıl bir grup memlük tarafından öldürüldü."", kaynak:""ikta (TDV — \"""
kronoloji_misir.js	87	87	OLCULEMEDI-SLUG-COZULEMEDI		COZULDU	IPUCU-TUTTU	misir	misir	1	misir	Osmanlı Dönemi bölümü) · misir					Cezayirli Gazi Hasan Paşa'yı deniz yoluyla Mısır'a gönderdi (11 Şâban 1200 / 9 Haziran 1786)	"kaldı — Osmanlı merkezinin kölemen sorununu askerî yoldan çözme girişiminin son ciddi denemesiydi."", kaynak:""misir (TDV, Osmanlı Dönemi bölümü) · misir (TDV: \"""
kronoloji_orta_asya.js	271	267	OLCULEMEDI-SLUG-COZULEMEDI		COZULDU	IPUCU-TUTTU	kazan-hanligi	kazan-hanligi	1	kazan-hanligi						20 Ağustos 1552'de Kazan'a ulaşarak 23 Ağustos'ta şehri kuşattı	"  kaynak:""kazan-hanligi (TDV — '"
kronoloji_orta_asya.js	277	273	OLCULEMEDI-SLUG-COZULEMEDI		COZULDU	IPUCU-TUTTU	kazan-hanligi	kazan-hanligi	1	kazan-hanligi						15 Ekim 1552'de Kazan düştü	"  kaynak:""kazan-hanligi (TDV — '"
kronoloji_orta_asya.js	317	313	OLCULEMEDI-SLUG-COZULEMEDI		COZULDU	IPUCU-TUTTU	astarhan-hanligi	astarhan-hanligi	1	astarhan-hanligi						sığındıkları Buhara'da varlıklarını sürdürmüşlerdir, bk. BUHARA, CANOĞULLARI	"  kaynak:""astarhan-hanligi (TDV — '"
kronoloji_safevi.js	90	87	OLCULEMEDI-SLUG-COZULEMEDI		COZULDU	IPUCU-TUTTU	yezd	yezd	1	yezd						Şah İsmâil 28 Cemâziyelâhir 910 (6 Aralık 1504) tarihinde bir aylık bir kuşatmanın ardından şehre girdi	"  kaynak:""Encyclopaedia Iranica, madde: ESMĀʿĪL I ṢAFAVĪ · yezd (TDV: \"""
merak.js	281	280	OLCULEMEDI-SLUG-COZULEMEDI		COZULDU	IPUCU-TUTTU	ankara-savasi	ankara-savasi	1	ankara-savasi	Ankara Savaşı					Anadolu'da uzun mücadeleler sonunda kurulmuş olan Türk birliği bozulmuş	"      dayanak:""TDV'nin Ankara Savaşı maddesi sonucu iki cümleyle özetler — \""bütün Anadolu Timur'a mensub emîrler tarafından istilâ edildi\"" ve \"""
olaylar_ek10.js	139	135	OLCULEMEDI-SLUG-COZULEMEDI		COZULDU	IPUCU-TUTTU	bogdan	bogdan	1	bogdan	Boğdan					Boğdan'ın anahtarları ve kapıları	ünür: içeride voyvodalık açık tonda tâbi toprak olarak durur, kıyıdaki iki liman ise koyu tonda doğrudan Osmanlı sancağıdır. TDV'nin Boğdan maddesi bu ikisini '
olaylar_ek15.js	38	38	OLCULEMEDI-SLUG-COZULEMEDI		COZULDU	IPUCU-TUTTU	mevlay-ismail	mevlay-ismail	1	mevlay-ismail	Mevlây İsmâil					1100'de (1689) Arâîş'i İspanyollar'dan geri alarak 200 top ele geçirdiler, iki yıl sonra da Asîle'yi geri aldılar.	"Mevlây İsmâil'in el-Arâiş'i İspanyollardan geri alışı"", gun:""1100 / 1689"", yer:""el-Arâiş"", kisiler:""Mevlây İsmâil"", d:""TDV'nin Mevlây İsmâil maddesi açıktır: \"""
olaylar_ek20.js	103	95	OLCULEMEDI-SLUG-COZULEMEDI		COZULDU	IPUCU-TUTTU	gurcistan	gurcistan	1	gurcistan	Gürcistan					Gürcistan üç krallığa (Kartliya, Kahetya, İmeretiya) ve beş beyliğe ayrıldı	krallığa ayrıldı: doğuda Tiflis merkezli Kartli, kuzeydoğuda Kaheti ve batıda merkezi Kutaisi olan İmereti. TDV'nin Gürcistan maddesi bölünmeyi teyit ediyor — '
olaylar_ek3.js	39	37	OLCULEMEDI-SLUG-COZULEMEDI		COZULDU	IPUCU-TUTTU	tokoli-imre	tokoli-imre	1	tokoli-imre						16 Eylül'de Fülek Kalesi önünde	e ve şehirler teslim oldu'. Kalelerin tek tek teslim GÜNLERİ kaynakta YOK (bulunamadı) — madde tutuklama gününde durur. Aynı TDV maddesi Orta Macar kuruluşunu '
olaylar_ek5.js	26	26	OLCULEMEDI-SLUG-COZULEMEDI		COZULDU	IPUCU-TUTTU	osman-i	osman-i	1	osman-i	OSMAN I					İnegöl yakınında küçük Kulaca Hisarı'nı yağmalayıp ateşe vermiştir (684/1285).	" b:""Kulacahisar baskını — Osman Bey'in ilk askerî harekâtı"", gun:""684 (1285)"", yer:""Kulacahisar (İnegöl yakını)"", kisiler:""Osman Bey"", d:""TDV OSMAN I maddesi: '"
olaylar_ek5.js	27	27	OLCULEMEDI-SLUG-COZULEMEDI		COZULDU	IPUCU-TUTTU	osman-i	osman-i	1	osman-i	OSMAN I					Karacahisar'ı fethedip Eskişehir'e mâlik oldu	"hedilen:[""Karacahisar"",""Eskişehir""], gun:""687 (1288)"", yer:""Karacahisar, Eskişehir"", kisiler:""Osman Bey"", d:""TDV OSMAN I maddesi: Osman Bey 687 (1288) yılında '"
olaylar_ek5.js	216	216	OLCULEMEDI-SLUG-COZULEMEDI		COZULDU	IPUCU-TUTTU	karayazici-abdulhalim	karayazici-abdulhalim	1	karayazici-abdulhalim						Halim Şah muzaffer bâdâ	"toprağını terk ettiği 'büyük kaçgunluk' döneminin başlangıcıdır."", ic_not_d:""EK2 §4: 'Urfa'da kendi adına hutbe okuttu' TDV karayazici-abdulhalim'de YOK; TDV: '"
olaylar_ortadogu_0919.js	29	25	OLCULEMEDI-SLUG-COZULEMEDI		COZULDU	IPUCU-TUTTU	taif	taif	1	taif						Şubat 1803'te Tâif'i ele geçirerek yağmaladı	 1801 the tribes in the vicinity of Taif fell under the influence of the Wahhabis and were placed by the Amir in charge of … Othman-al-Madhaifah' · taif (TDV: '
olaylar_ortadogu_0919.js	43	39	OLCULEMEDI-SLUG-COZULEMEDI		COZULDU	IPUCU-TUTTU	suudiler	suudiler	1	suudiler						1824 yılına kadar bir başarı elde edemediler	er I/1 (1915) s.1091-1092: 'On the 13th of August the Sulaimiyah garrison reached Manfuhah in safety' (dipnot: Dilem şeyhlerinin öldürülmesi) · suudiler (TDV: '
olaylar_p0043b.js	37	32	OLCULEMEDI-SLUG-COZULEMEDI		COZULDU	IPUCU-TUTTU	selim-i	selim-i	1	selim-i						Oğlunu Manisa'dan çağıran ve yerine vekil bırakan Yavuz Sultan Selim, Edirne'den İran seferi için yola çıktı (23 Muharrem 920 / 20 Mart 1514).	"  kaynak:""selim-i (TDV, gövde okundu): \"""
olaylar_p0048.js	57	50	OLCULEMEDI-SLUG-COZULEMEDI		COZULDU	IPUCU-TUTTU	luristan	luristan	1	luristan	Rıza Kurtuluş					Bir ara 998'de (1590) İstanbul'da yapılan antlaşmaya göre Osmanlı idaresine bağlanan Luristan'ı Şah I. Abbas Safevîler'e tam olarak bağladı (1603).	"  kaynak:""luristan (TDV, Rıza Kurtuluş, c.27 s.227): '"
olaylar_p0048.js	57	50	OLCULEMEDI-SLUG-COZULEMEDI		COZULDU	IPUCU-TUTTU	nihavend--iran	nihavend--iran	1	luristan,nihavend--iran	Rıza Kurtuluş | İbrahim Sarıçam					Şah I. Abbas 1603'te şehri ele geçirdi	laşmaya göre Osmanlı idaresine bağlanan Luristan'ı Şah I. Abbas Safevîler'e tam olarak bağladı (1603).' · nihavend--iran (TDV, İbrahim Sarıçam, c.33 s.98-99): '
olaylar_p0917kosu13.js	38	38	OLCULEMEDI-SLUG-COZULEMEDI		COZULDU	IPUCU-TUTTU	bitlis	bitlis	1	bitlis						IV. Şeref Han, Kanûnî döneminde Osmanlı tâbiiyetinden ayrılıp yeniden İran himayesine sığınmıştı	"nak hicrî yıl veriyor (938 = Ağustos 1531–Ağustos 1532) · yerleşim s:safevi 1532-01-01 ile birlikte"", kaynak:""Dağlar 2016, Vakanüvis 1/1, s.185 · bitlis (TDV: '"
paket_01.js	1878	1876	OLCULEMEDI-SLUG-COZULEMEDI		COZULDU	IPUCU-TUTTU	tokoli-imre	tokoli-imre	1	tokoli-imre						16 Eylül'de Fülek Kalesi önünde	e ve şehirler teslim oldu'. Kalelerin tek tek teslim GÜNLERİ kaynakta YOK (bulunamadı) — madde tutuklama gününde durur. Aynı TDV maddesi Orta Macar kuruluşunu '
paket_01.js	2234	2234	OLCULEMEDI-SLUG-COZULEMEDI		COZULDU	IPUCU-TUTTU	osman-i	osman-i	1	osman-i	OSMAN I					İnegöl yakınında küçük Kulaca Hisarı'nı yağmalayıp ateşe vermiştir (684/1285).	" b:""Kulacahisar baskını — Osman Bey'in ilk askerî harekâtı"", gun:""684 (1285)"", yer:""Kulacahisar (İnegöl yakını)"", kisiler:""Osman Bey"", d:""TDV OSMAN I maddesi: '"
paket_01.js	2235	2235	OLCULEMEDI-SLUG-COZULEMEDI		COZULDU	IPUCU-TUTTU	osman-i	osman-i	1	osman-i	OSMAN I					Karacahisar'ı fethedip Eskişehir'e mâlik oldu	"hedilen:[""Karacahisar"",""Eskişehir""], gun:""687 (1288)"", yer:""Karacahisar, Eskişehir"", kisiler:""Osman Bey"", d:""TDV OSMAN I maddesi: Osman Bey 687 (1288) yılında '"
paket_01.js	2424	2424	OLCULEMEDI-SLUG-COZULEMEDI		COZULDU	IPUCU-TUTTU	karayazici-abdulhalim	karayazici-abdulhalim	1	karayazici-abdulhalim						Halim Şah muzaffer bâdâ	"toprağını terk ettiği 'büyük kaçgunluk' döneminin başlangıcıdır."", ic_not_d:""EK2 §4: 'Urfa'da kendi adına hutbe okuttu' TDV karayazici-abdulhalim'de YOK; TDV: '"
paket_02.js	1014	1010	OLCULEMEDI-SLUG-COZULEMEDI		COZULDU	IPUCU-TUTTU	bogdan	bogdan	1	bogdan	Boğdan					Boğdan'ın anahtarları ve kapıları	ünür: içeride voyvodalık açık tonda tâbi toprak olarak durur, kıyıdaki iki liman ise koyu tonda doğrudan Osmanlı sancağıdır. TDV'nin Boğdan maddesi bu ikisini '
paket_03.js	198	198	OLCULEMEDI-SLUG-COZULEMEDI		COZULDU	IPUCU-TUTTU	mevlay-ismail	mevlay-ismail	1	mevlay-ismail	Mevlây İsmâil					1100'de (1689) Arâîş'i İspanyollar'dan geri alarak 200 top ele geçirdiler, iki yıl sonra da Asîle'yi geri aldılar.	"Mevlây İsmâil'in el-Arâiş'i İspanyollardan geri alışı"", gun:""1100 / 1689"", yer:""el-Arâiş"", kisiler:""Mevlây İsmâil"", d:""TDV'nin Mevlây İsmâil maddesi açıktır: \"""
paket_04.js	380	372	OLCULEMEDI-SLUG-COZULEMEDI		COZULDU	IPUCU-TUTTU	gurcistan	gurcistan	1	gurcistan	Gürcistan					Gürcistan üç krallığa (Kartliya, Kahetya, İmeretiya) ve beş beyliğe ayrıldı	krallığa ayrıldı: doğuda Tiflis merkezli Kartli, kuzeydoğuda Kaheti ve batıda merkezi Kutaisi olan İmereti. TDV'nin Gürcistan maddesi bölünmeyi teyit ediyor — '
paket_06.js	2882	2879	OLCULEMEDI-SLUG-COZULEMEDI		COZULDU	IPUCU-TUTTU	gazan-han	gazan-han	1	ilhanlilar,gazan-han						Elburz'da Lâr vadisinde müslüman oldu ve Mahmud adını aldı (19 Haziran 1295)	"  kaynak:""ilhanlilar (TDV, doğrulanmış — data/olaylar*.js kullanıyor) · gazan-han (TDV: \"""
paket_06.js	2886	2883	OLCULEMEDI-SLUG-COZULEMEDI		COZULDU	IPUCU-TUTTU	ebu-said-bahadir-han	ebu-said-bahadir-han	1	ilhanlilar,ebu-said-bahadir-han						13 Rebîülâhir 736'da (30 Kasım 1335) Karabağ'da öldü	"  kaynak:""ilhanlilar (TDV, doğrulanmış); Encyclopaedia Iranica · ebu-said-bahadir-han (TDV: \"""
paket_06.js	2902	2899	OLCULEMEDI-SLUG-COZULEMEDI		COZULDU	IPUCU-TUTTU	isfahan	isfahan	1	timur,isfahan						Timur'un emriyle 6 Zilkade 789'da (18 Kasım 1387) 50.000 kişiyi kılıçtan geçirdiği rivayet edilir	"  kaynak:""timur (TDV, doğrulanmış) · isfahan (TDV: \"""
paket_06.js	2924	2921	OLCULEMEDI-SLUG-COZULEMEDI		COZULDU	IPUCU-TUTTU	karakoyunlular	karakoyunlular	1	akkoyunlular,karakoyunlular						kaçarken öldürüldü (12 Rebîülâhir 872 / 10 Kasım 1467)	"  kaynak:""akkoyunlular (TDV, doğrulanmış — data/olaylar*.js kullanıyor) · karakoyunlular (TDV: Cihan Şah \"""
paket_06.js	3020	3017	OLCULEMEDI-SLUG-COZULEMEDI		COZULDU	IPUCU-TUTTU	murad-iv	murad-iv	1	murad-iv						Ertesi gün (17 Şâban 1048 / 24 Aralık 1638 Cuma) kale kumandanı Bektaş Han, Bağdat'ı teslime karar verip	"  kaynak:""murad-iv (TDV, gövde okundu: «"
paket_06.js	3250	3247	OLCULEMEDI-SLUG-COZULEMEDI		COZULDU	IPUCU-TUTTU	bagdat	bagdat	1	bagdat						Üç ay müddetle muhasara edilen Bağdat'ta … Derviş Mehmed … iç kaleyi Safevîler'e teslim etti (28 Kasım 1623)	"  kaynak:""bagdat (TDV, gövde okundu: «"
paket_07.js	87	87	OLCULEMEDI-SLUG-COZULEMEDI		COZULDU	IPUCU-TUTTU	muhammed-b-kalavun	muhammed-b-kalavun,el-melikun-nasir-muhammed	2	muhammed-b-kalavun,el-melikun-nasir-muhammed						hükümdar ilân edildi (Muharrem 694 / Aralık 1294)	"-nasir-muhammed gövdesi çekilemedi (boilerplate); dayanak: standart akademik kaynak, Cambridge History of Egypt c.1 (ed. C. Petry) · muhammed-b-kalavun (TDV: \"""
paket_07.js	93	93	OLCULEMEDI-SLUG-COZULEMEDI		COZULDU	IPUCU-TUTTU	ikta	ikta	1	ikta					ingilizce	Sultan Lâçin'in yaptırdığı tahrirle ecnâdü'l-halkanın iktâları azaltıldı	"larını kalıtsal bir imtiyaz saydığı bu reform büyük hoşnutsuzluk yarattı; Sultan Lâçin ertesi yıl bir grup memlük tarafından öldürüldü."", kaynak:""ikta (TDV — \"""
paket_10.js	994	990	OLCULEMEDI-SLUG-COZULEMEDI		COZULDU	IPUCU-TUTTU	cihan-sah	cihan-sah	1	cihan-sah						şehri zaptetti ve üç gün boyunca yağmalattı (9 Haziran 1446)	"  kaynak:""karakoyunlular · cihan-sah · cihan-sah (TDV: \"""
paket_11.js	1666	1666	OLCULEMEDI-SLUG-COZULEMEDI		COZULDU	IPUCU-TUTTU	misir	misir	1	misir	Osmanlı Dönemi bölümü) · misir					Cezayirli Gazi Hasan Paşa'yı deniz yoluyla Mısır'a gönderdi (11 Şâban 1200 / 9 Haziran 1786)	"kaldı — Osmanlı merkezinin kölemen sorununu askerî yoldan çözme girişiminin son ciddi denemesiydi."", kaynak:""misir (TDV, Osmanlı Dönemi bölümü) · misir (TDV: \"""
paket_12.js	5741	5737	OLCULEMEDI-SLUG-COZULEMEDI		COZULDU	IPUCU-TUTTU	gurcistan	gurcistan	1	gurcistan						Fakat daha sonra Gürcistan üç krallığa [Kartliya, Kahetya, İmeretiya] ve beş beyliğe ayrıldı	"  kaynak:""gurcistan (TDV — '"
paket_12.js	5843	5839	OLCULEMEDI-SLUG-COZULEMEDI		COZULDU	IPUCU-TUTTU	gurcistan	gurcistan	1	gurcistan						Osmanlılar ise Kartli ve onun büyük şehirleri Tiflis ve Gori'yi alıp burayı yurtluk ve ocaklık olarak Kartli Çarı Vahtang'ın oğlu olup ihtida eden İbrâhim'e verdiler	"  kaynak:""gurcistan (TDV — '"
paket_12.js	6414	6410	OLCULEMEDI-SLUG-COZULEMEDI		COZULDU	IPUCU-TUTTU	ebu-said-bahadir-han	ebu-said-bahadir-han	1	ilhanlilar,ebu-said-bahadir-han						13 Rebîülâhir 736'da (30 Kasım 1335) Karabağ'da öldü	"  kaynak:""ilhanlilar · ebu-said-bahadir-han (TDV: \"""
paket_12.js	6785	6781	OLCULEMEDI-SLUG-COZULEMEDI		COZULDU	IPUCU-TUTTU	isfahan	isfahan	1	isfahan						6 Zilkade 789'da (18 Kasım 1387)	"  kaynak:""muzafferiler · isfahan (TDV: \"""
paket_12.js	9461	9457	OLCULEMEDI-SLUG-COZULEMEDI		COZULDU	IPUCU-TUTTU	taif	taif	1	taif						Şubat 1803'te Tâif'i ele geçirerek yağmaladı	 1801 the tribes in the vicinity of Taif fell under the influence of the Wahhabis and were placed by the Amir in charge of … Othman-al-Madhaifah' · taif (TDV: '
paket_12.js	9475	9471	OLCULEMEDI-SLUG-COZULEMEDI		COZULDU	IPUCU-TUTTU	suudiler	suudiler	1	suudiler						1824 yılına kadar bir başarı elde edemediler	er I/1 (1915) s.1091-1092: 'On the 13th of August the Sulaimiyah garrison reached Manfuhah in safety' (dipnot: Dilem şeyhlerinin öldürülmesi) · suudiler (TDV: '
paket_12.js	11089	11085	OLCULEMEDI-SLUG-COZULEMEDI		COZULDU	IPUCU-TUTTU	kazan-hanligi	kazan-hanligi	1	kazan-hanligi						20 Ağustos 1552'de Kazan'a ulaşarak 23 Ağustos'ta şehri kuşattı	"  kaynak:""kazan-hanligi (TDV — '"
paket_12.js	11095	11091	OLCULEMEDI-SLUG-COZULEMEDI		COZULDU	IPUCU-TUTTU	kazan-hanligi	kazan-hanligi	1	kazan-hanligi						15 Ekim 1552'de Kazan düştü	"  kaynak:""kazan-hanligi (TDV — '"
paket_12.js	11135	11131	OLCULEMEDI-SLUG-COZULEMEDI		COZULDU	IPUCU-TUTTU	astarhan-hanligi	astarhan-hanligi	1	astarhan-hanligi						sığındıkları Buhara'da varlıklarını sürdürmüşlerdir, bk. BUHARA, CANOĞULLARI	"  kaynak:""astarhan-hanligi (TDV — '"
paket_12.js	12861	12858	OLCULEMEDI-SLUG-COZULEMEDI		COZULDU	IPUCU-TUTTU	yezd	yezd	1	yezd						Şah İsmâil 28 Cemâziyelâhir 910 (6 Aralık 1504) tarihinde bir aylık bir kuşatmanın ardından şehre girdi	"  kaynak:""Encyclopaedia Iranica, madde: ESMĀʿĪL I ṢAFAVĪ · yezd (TDV: \"""
paket_12.js	14986	14984	OLCULEMEDI-SLUG-COZULEMEDI		COZULDU	IPUCU-TUTTU	azak	azak	1	azak	Mustafa L. Bilge)					I. Petro Don nehrinde bir donanma oluşturdu ve Azak Kalesi’ni karadan ve denizden 31.000 asker ve 170 topla muhasara ederek teslim aldı (6 Ağustos 1696)	"у. В устье Дона он загородил дорогу Т. кораблям\"" · \""16 июня началась осада и Азова\"" · \""18 июля 1696 г. турки сдали Азов\"" · azak (TDV, Mustafa L. Bilge): \"""
paket_13.js	169	169	OLCULEMEDI-SLUG-COZULEMEDI		COZULDU	IPUCU-TUTTU	suleyman-celebi-emir	suleyman-celebi-emir	1	suleyman-celebi-emir						Ankara ve Bursa’yı alıp … 813 tarihli para bastırdı	 · t: aynı madde '22 Şevval 813’te (17 Şubat 1411) Edirne’ye âni bir baskın yapan Mûsâ Çelebi şehri aldı' · ⚠️ Ankara’nın Çelebi Mehmed’e geçişi TDV’de yalnız '
paket_14.js	6626	6620	OLCULEMEDI-OLU-302	sur	COZULDU	IPUCU-TUTTU	sur--lubnan	sur--lubnan	1	sur--lubnan,sur					ingilizce	Yavuz Sultan Selim'in 1516 Mercidâbık zaferinden sonra Sûr şehri de Osmanlı ülkesine katıldı.	"  kaynak:""TDV `sur--lubnan` (ilk sınav `sur` yanlış madde/kavram karışıklığı riski taşıyordu, doğru slug içerik okunarak doğrulandı — §4② tuzağı): '"
paket_15.js	109	104	OLCULEMEDI-SLUG-COZULEMEDI		COZULDU	IPUCU-TUTTU	selim-i	selim-i	1	selim-i						Oğlunu Manisa'dan çağıran ve yerine vekil bırakan Yavuz Sultan Selim, Edirne'den İran seferi için yola çıktı (23 Muharrem 920 / 20 Mart 1514).	"  kaynak:""selim-i (TDV, gövde okundu): \"""
paket_15.js	369	362	OLCULEMEDI-SLUG-COZULEMEDI		COZULDU	IPUCU-TUTTU	luristan	luristan	1	luristan	Rıza Kurtuluş					Bir ara 998'de (1590) İstanbul'da yapılan antlaşmaya göre Osmanlı idaresine bağlanan Luristan'ı Şah I. Abbas Safevîler'e tam olarak bağladı (1603).	"  kaynak:""luristan (TDV, Rıza Kurtuluş, c.27 s.227): '"
paket_15.js	369	362	OLCULEMEDI-SLUG-COZULEMEDI		COZULDU	IPUCU-TUTTU	nihavend--iran	nihavend--iran	1	luristan,nihavend--iran	Rıza Kurtuluş | İbrahim Sarıçam					Şah I. Abbas 1603'te şehri ele geçirdi	laşmaya göre Osmanlı idaresine bağlanan Luristan'ı Şah I. Abbas Safevîler'e tam olarak bağladı (1603).' · nihavend--iran (TDV, İbrahim Sarıçam, c.33 s.98-99): '
paket_16.js	984	984	OLCULEMEDI-SLUG-COZULEMEDI		COZULDU	IPUCU-TUTTU	kongo-demokratik-cumhuriyeti	kongo-demokratik-cumhuriyeti	1	kongo-demokratik-cumhuriyeti	kongo-demokratik-cumhuriyeti					XIII. yuzyilda Atlas Okyanusu sahilinde kurulan Kongo Kralligi	.-14. yuzyil siyasi yapisini tartismiyor; Teke/Tio krallığını hic anmiyor. DOLGU NOKTASIDIR. ⚠️ VE BURADA BIR CELISKI VAR ve onu COZMUYORUM — ayni TDV maddesi '
paket_17.js	1056	1053	OLCULEMEDI-SLUG-COZULEMEDI		COZULDU	IPUCU-TUTTU	kongo-demokratik-cumhuriyeti	kongo-demokratik-cumhuriyeti	1	kongo-demokratik-cumhuriyeti	kongo-demokratik-cumhuriyeti					XIII. yuzyilda Atlas Okyanusu sahilinde kurulan Kongo Kralligi	.-14. yuzyil siyasi yapisini tartismiyor; Teke/Tio krallığını hic anmiyor. DOLGU NOKTASIDIR. ⚠️ VE BURADA BIR CELISKI VAR ve onu COZMUYORUM — ayni TDV maddesi '
paket_26.js	266	266	OLCULEMEDI-SLUG-COZULEMEDI		COZULDU	IPUCU-TUTTU	bitlis	bitlis	1	bitlis						IV. Şeref Han, Kanûnî döneminde Osmanlı tâbiiyetinden ayrılıp yeniden İran himayesine sığınmıştı	"nak hicrî yıl veriyor (938 = Ağustos 1531–Ağustos 1532) · yerleşim s:safevi 1532-01-01 ile birlikte"", kaynak:""Dağlar 2016, Vakanüvis 1/1, s.185 · bitlis (TDV: '"
savaslar.js	1001	999	OLCULEMEDI-SLUG-COZULEMEDI		COZULDU	IPUCU-TUTTU	azak	azak	1	azak	Mustafa L. Bilge)					I. Petro Don nehrinde bir donanma oluşturdu ve Azak Kalesi’ni karadan ve denizden 31.000 asker ve 170 topla muhasara ederek teslim aldı (6 Ağustos 1696)	"у. В устье Дона он загородил дорогу Т. кораблям\"" · \""16 июня началась осада и Азова\"" · \""18 июля 1696 г. турки сдали Азов\"" · azak (TDV, Mustafa L. Bilge): \"""
yer_yama_ok109.js	92	85	OLCULEMEDI-SLUG-COZULEMEDI		COZULDU	IPUCU-TUTTU	avusturya	avusturya	1	avusturya						başlıca şehirleri ise başkent Viyana, Graz, Linz, Salzburg…	vusturya` (gövde okundu) — Viyana ile birebir aynı gerekçe ve aynı iki dönem; TDV maddesi Graz'ı Avusturya Cumhuriyeti'nin başlıca şehirleri arasında sayıyor: '
yerlesimler.js	164	164	OLCULEMEDI-SLUG-COZULEMEDI		COZULDU	IPUCU-TUTTU	suleyman-celebi-emir	suleyman-celebi-emir	1	suleyman-celebi-emir						Ankara ve Bursa’yı alıp … 813 tarihli para bastırdı	 · t: aynı madde '22 Şevval 813’te (17 Şubat 1411) Edirne’ye âni bir baskın yapan Mûsâ Çelebi şehri aldı' · ⚠️ Ankara’nın Çelebi Mehmed’e geçişi TDV’de yalnız '
yerlesimler_e9353f.js	497	494	OLCULEMEDI-SLUG-COZULEMEDI		COZULDU	IPUCU-TUTTU	kongo-demokratik-cumhuriyeti	kongo-demokratik-cumhuriyeti	1	kongo-demokratik-cumhuriyeti	kongo-demokratik-cumhuriyeti					XIII. yuzyilda Atlas Okyanusu sahilinde kurulan Kongo Kralligi	.-14. yuzyil siyasi yapisini tartismiyor; Teke/Tio krallığını hic anmiyor. DOLGU NOKTASIDIR. ⚠️ VE BURADA BIR CELISKI VAR ve onu COZMUYORUM — ayni TDV maddesi '
yerlesimler_ek29.js	603	597	OLCULEMEDI-OLU-302	sur	COZULDU	IPUCU-TUTTU	sur--lubnan	sur--lubnan	1	sur--lubnan,sur					ingilizce	Yavuz Sultan Selim'in 1516 Mercidâbık zaferinden sonra Sûr şehri de Osmanlı ülkesine katıldı.	"  kaynak:""TDV `sur--lubnan` (ilk sınav `sur` yanlış madde/kavram karışıklığı riski taşıyordu, doğru slug içerik okunarak doğrulandı — §4② tuzağı): '"
devletler.js	1192	1189	OLCULEMEDI-SLUG-COZULEMEDI		COZULDU	TAM-METIN	sadiler	sadiler	1							Sûs bölgesinin cihad emîri olarak biat aldı (916/1511)	"  kaynak:""sadiler — f: TDV başlık «Fas’ta hüküm süren bir İslâm hânedanı (1511-1659)», gövde «"
devletler.js	1632	1630	OLCULEMEDI-SLUG-COZULEMEDI		COZULDU	TAM-METIN	darfur	darfur	1							XV. yüzyılda özellikle orta bölgedeki durum tamamen Tuncûrlar'ın lehine dönmüştür	"  ozet:""Dâcû'lardan ticarî ve siyasî hâkimiyeti devralan hanedan; TDV \"""
devletler.js	2475	2472	OLCULEMEDI-SLUG-COZULEMEDI		COZULDU	TAM-METIN	polonya	polonya	1							Viyana Kongresi'nin 9 Haziran 1815 tarihli nihaî belgesi	"  kaynak:""polonya — TDV; kuruluş günü TDV'nin kendi verdiği «"
devletler.js	4099	4096	OLCULEMEDI-SLUG-COZULEMEDI		COZULDU	TAM-METIN	prusya	prusya	1							18 Ocak 1701'de Königsberg'de taç giydi	"  kaynak:""prusya — TDV; gövde 2026-09-03'te okundu. Kuruluş günü TDV'nin kendi verdiği «"
devletler.js	4099	4096	OLCULEMEDI-SLUG-COZULEMEDI		COZULDU	TAM-METIN	prusya	prusya	1							18 Ocak 1871'de Prusya Kralı I. Wilhelm, Versailles'da Alman imparatoru ilân edildi	"ynak:""prusya — TDV; gövde 2026-09-03'te okundu. Kuruluş günü TDV'nin kendi verdiği «18 Ocak 1701'de Königsberg'de taç giydi». Bitiş günü TDV'nin kendi verdiği «"
devletler.js	7008	7008	OLCULEMEDI-SLUG-COZULEMEDI		COZULDU	TAM-METIN	amerika	amerika	1		AM — AYNEN			 ; [4] Kolombiya Venezuela ayrilinca Ekvador Granada→toplam 1		Buyuk Kolombiya'dan 1829'da Venezuela, 1830'da da Ekvador ayrilinca geri kalan kisim Yeni Granada adi ile 1863'e kadar devam etti	"          { t:""1830-01-01"", tur:""kurulus"", b:""Ekvador Gran Kolombiya'dan ayrilarak ayri bir cumhuriyet oldu"", kaynak:""TDV-AM — AYNEN: «"
devletler.js	7019	7019	OLCULEMEDI-SLUG-COZULEMEDI		COZULDU	TAM-METIN	amerika	amerika	1							1829'da Venezuela … ayrilinca	TAN DOGRULANMADI ve kaynak YILDA DA AYRISIYOR.  🔴🔴 HASSASIYET **VE YIL** DUZELTILDI (kalem 3): kunye 1830-01-13 diyor; IKI BAGIMSIZ KAYNAK 1829 diyor — TDV-AM «
devletler.js	7029	7029	OLCULEMEDI-SLUG-COZULEMEDI		COZULDU	TAM-METIN	amerika	amerika	1		AM — AYNEN					geri kalan kisim Yeni Granada adi ile 1863'e kadar devam etti. Bu tarihte de cumhuriyet ilan edilerek Kolombiya adini aldi	"          { t:""1831-01-01"", tur:""kurulus"", b:""Gran Kolombiya'dan geriye kalan kisim Yeni Granada adiyla devam etti"", kaynak:""TDV-AM — AYNEN: «"
devletler.js	7629	7628	OLCULEMEDI-SLUG-COZULEMEDI		COZULDU	TAM-METIN	kruya	kruya	1							Charles Thopia Kruya'ya hâkim oldu (1363)	"  ozet:""Orta Arnavutluk'ta Kruya (Akçahisar) merkezli Arnavut hânedanı. TDV: \"""
devletler.js	7629	7628	OLCULEMEDI-SLUG-COZULEMEDI		COZULDU	TAM-METIN	kruya	kruya	1							Charles ile oğlu ve aynı zamanda halefi olan George burayı 1392'ye kadar ellerinde tuttular.	"  ozet:""Orta Arnavutluk'ta Kruya (Akçahisar) merkezli Arnavut hânedanı. TDV: \""Charles Thopia Kruya'ya hâkim oldu (1363)\"" ve \"""
devletler.js	8003	7999	OLCULEMEDI-SLUG-COZULEMEDI		COZULDU	TAM-METIN	mozambik	mozambik	1							Mozambik adasını … 1898 yılına kadar … merkezi	idi. A seçilirse künye, iç bölgelerde Mutapa/Manica gibi künyelerle DİZİN düzeyinde örtüşür — harita ayrı kayıtlarla boyar. 🔴 ÇELİŞKİ (başkent taşınması): TDV «
devletler.js	8200	8196	OLCULEMEDI-SLUG-COZULEMEDI		COZULDU	TAM-METIN	zambiya	zambiya	1					 ; [4] idaresinde Rodezya olurken İngiliz Sömürge→toplam 3		1923'te Güney Rodezya otonom olurken Kuzey Rodezya İngiliz Sömürge Ofisi'nin idaresinde kaldı	 kapsıyor çünkü D-katmanı (d1890-namrod-almanya-swa f:1890-07-01 · d1915-namrod-guneyafrika-isgal) bu kimliği 1890'dan itibaren taraf yazıyor. ⚠️ ÇELİŞKİ: TDV «
devletler.js	8578	8576	OLCULEMEDI-SLUG-COZULEMEDI		COZULDU	TAM-METIN	murabitlar	murabitlar	1							Ağmât’ı Zenâte’nin elinden aldılar ve burayı geçici başşehir edinerek Murâbıtlar Devleti’ni kurdular (448/1056)	"  ic_not_f:""TDV: '"
devletler.js	8579	8576	OLCULEMEDI-SLUG-COZULEMEDI		COZULDU	TAM-METIN	murabitlar	murabitlar	1							… Murâbıtlar’ı ortadan kaldırdılar (18 Şevval 541 / 23 Mart 1147)	"  ic_not_t:""TDV: '"
devletler.js	8591	8589	OLCULEMEDI-SLUG-COZULEMEDI		COZULDU	TAM-METIN	muvahhidler	muvahhidler	1							Devletin resmen teşekkülü ise … onun ölümünün (14 Ramazan 524 / 21 Ağustos 1130) ardından Abdülmü’min el-Kûmî tarafından gerçekleştirildi	"  ic_not_f:""TDV: '"
devletler.js	8604	8602	OLCULEMEDI-SLUG-COZULEMEDI		COZULDU	TAM-METIN	ziriler	ziriler	1					 ; [4] yerleştirdi Lidînillâh valiliğine Halifesi Bulukkîn→toplam 3		Fâtımî Halifesi Muiz-Lidînillâh, Bulukkîn’i Mağrib valiliğine tayin ederek Kayrevan’a yerleştirdi (361/972)	"  ic_not_f:""TDV: '"
devletler.js	8605	8602	OLCULEMEDI-SLUG-COZULEMEDI		COZULDU	TAM-METIN	ziriler	ziriler	1							543’te (1148) Norman donanmasının kuşattığı başşehir Mehdiye bir süre sonra teslim oldu, böylece Kuzey Afrika’da Zîrîler dönemi nihayete erdi	"  ic_not_t:""TDV: '"
devletler.js	8616	8614	OLCULEMEDI-SLUG-COZULEMEDI		COZULDU	TAM-METIN	ziriler	ziriler	1							… Hammâdîler adıyla bağımsız bir devlet kurdu (405/1015)	"  ic_not_f:""TDV: '"
devletler.js	8628	8626	OLCULEMEDI-SLUG-COZULEMEDI		COZULDU	TAM-METIN	sicilmase	sicilmase	1							Mağrâve Emîri Hazrûn b. Fülfûl, Fâtımî egemenliğini tanıyan Midrârî emîrini öldürüp bu hânedana son verdi (366/976)	"  ic_not_f:""TDV: '"
devletler.js	8629	8626	OLCULEMEDI-SLUG-COZULEMEDI		COZULDU	TAM-METIN	sicilmase	sicilmase	1							Murâbıtlar 445’te (1053) Sicilmâse’yi ele geçirdiler	"  ic_not_t:""TDV: '"
devletler.js	8639	8637	OLCULEMEDI-SLUG-COZULEMEDI		COZULDU	TAM-METIN	gane	gane	1							Kuruluşu hakkında bilgi bulunmamakla birlikte … milâttan sonra İlkçağ’lardan itibaren siyasî bir varlık	"  ic_not_f:""KUŞAK UCU, ölçüm DEĞİL (D210). TDV: '"
devletler.js	8639	8637	OLCULEMEDI-SLUG-COZULEMEDI		COZULDU	TAM-METIN	gane	gane	1							X ve XI. yüzyıllarda en yüksek refah seviyesine ulaşan Gāne Devleti	 TDV: 'Kuruluşu hakkında bilgi bulunmamakla birlikte … milâttan sonra İlkçağ’lardan itibaren siyasî bir varlık' — kuruluş yılı YOK. Devlet 1000'de VARDI (TDV: '
devletler.js	8661	8659	OLCULEMEDI-SLUG-COZULEMEDI		COZULDU	TAM-METIN	tekrur	tekrur	1					 ; [4] dolaylarında Krallığı yüzyılda şehrinde Bilinen→toplam 16		Bilinen ilk Tekrûr Krallığı IX. yüzyılda Aşağı Senegal nehri dolaylarında Tekrûr şehrinde kuruldu	"  ic_not_f:""KUŞAK UCU, ölçüm DEĞİL (D210). TDV: '"
devletler.js	8662	8659	OLCULEMEDI-SLUG-COZULEMEDI		COZULDU	TAM-METIN	tekrur	tekrur	1					 ; [4] İmparatorluğu sonlarından yüzyılda ardından Krallığı→toplam 43 ; [4] İmparatorluğu sonlarından yüzyılda ardından→toplam 123 ; [4] İmparatorluğu sonlarından yüzyılda→toplam 155		XIII. yüzyılda … mühim bir güç kaybına uğradı; ardından Gana Krallığı’nın ve XIII. yüzyılın sonlarından itibaren Mali İmparatorluğu’nun himayesi altına girdi	"  ic_not_t:""KUŞAK UCU, ölçüm DEĞİL. TDV: '"
devletler.js	8898	8896	OLCULEMEDI-SLUG-COZULEMEDI		COZULDU	TAM-METIN	selcuklular	selcuklular	1							Tuğrul Bey, Büyük Selçuklu Devleti'nin ilk hükümdarı oldu (1040-1063)	"  ic_not_f:""Dandanakan zaferi 8 Ramazan 431 / 23 Mayıs 1040; TDV: '"
devletler.js	8937	8935	OLCULEMEDI-SLUG-COZULEMEDI		COZULDU	TAM-METIN	selcuklular	selcuklular	1					 ; [4] Selçuklu kurulmuş Böylece Devleti Irak→toplam 139 ; [4] Selçuklu kurulmuş Böylece Devleti→toplam 241 ; [4] Selçuklu kurulmuş Böylece→toplam 277		Böylece Irak Selçuklu Devleti kurulmuş oldu	"  ic_not_f:""Mahmud 13 Muharrem 512 / 6 Mayıs 1118'de halife tarafından sultan ilân edildi (TDV). Alternatif: TDV Büyük Selçuklu bölümü '"
devletler.js	8980	8977	OLCULEMEDI-SLUG-COZULEMEDI		COZULDU	TAM-METIN	karahanlilar	karahanlilar	1					 ; [4] bağımsız kurdular devlet→toplam 208 ; [4] bağımsız kurdular devlet→toplam 208 ; [4] bağımsız kurdular devlet→toplam 208		bağımsız bir devlet kurdular (433/1041-42)	"  ic_not_t:""BÖLÜNME KARARI: TDV bölünmeyi açıkça tarihliyor — Aynüddevle Muhammed ile Böri Tegin İbrâhim Mâverâünnehir'de '"
devletler.js	8980	8977	OLCULEMEDI-SLUG-COZULEMEDI		COZULDU	TAM-METIN	karahanlilar	karahanlilar	1							bu tarihten itibaren Karahanlılar Doğu ve Batı Karahanlılar olmak üzere ikiye ayrılmıştır	"""BÖLÜNME KARARI: TDV bölünmeyi açıkça tarihliyor — Aynüddevle Muhammed ile Böri Tegin İbrâhim Mâverâünnehir'de 'bağımsız bir devlet kurdular (433/1041-42)' ve '"
devletler.js	9007	9004	OLCULEMEDI-SLUG-COZULEMEDI		COZULDU	TAM-METIN	karahanlilar	karahanlilar	1							Karahanlılar tarihe karışmış oldu (608/1212)	. Mahmud'la bitişi '(559/1164) Batı Karahanlılar sona ermiş oldu' — ama iktidar aynı devlette Ali Tegin ailesine geçti ve Semerkant tahtı 1212'ye kadar sürdü ('
devletler.js	9021	9019	OLCULEMEDI-SLUG-COZULEMEDI		COZULDU	TAM-METIN	karahitaylar	karahitaylar	1							başşehri Balasagun olan Karahıtay Devleti'ni kurdu (1130)	"  ic_not_f:""TDV: Kâşgar, Beşbalık ve Hoten'i tâbi kılıp '"
devletler.js	9051	9048	OLCULEMEDI-SLUG-COZULEMEDI		COZULDU	TAM-METIN	samaniler	samaniler	1							Onun ölümüyle Sâmânîler Devleti tarihe karışmış oldu	"  ic_not_t:""Müntasır'ın ölümü 395/1005, TDV '"
devletler.js	9094	9091	OLCULEMEDI-SLUG-COZULEMEDI		COZULDU	TAM-METIN	kakuyiler	kakuyiler	1							398'den (1007) önceki bir tarihte	"  ic_not_f:""TDV: temeller '"
devletler.js	9275	9272	OLCULEMEDI-SLUG-COZULEMEDI		COZULDU	TAM-METIN	idil-bulgar-hanligi	idil-bulgar-hanligi	1							Altın Orda Devleti zamanında yarı bağımlı da olsa siyasî varlıklarını devam ettirdiler	"  ic_not_t:""t = Batu Han'ın 1236 seferiyle ülkenin yakılıp yıkılması (iki TDV maddesi de 1236 der). ⚠️ TDV: '"
devletler.js	9352	9349	OLCULEMEDI-SLUG-COZULEMEDI		COZULDU	TAM-METIN	danismendliler	danismendliler	1					 ; [4] Dânişmendliler Kılıcarslan zapteden şubesini kaldırdı→toplam 2	ingilizce	Nihayet 25 Ekim 1178’de Malatya’yı zapteden II. Kılıcarslan Dânişmendliler’in bu şubesini de ortadan kaldırdı.	"  ic_not_t:""Gün TDV'de açık: '"
devletler.js	9366	9363	OLCULEMEDI-SLUG-COZULEMEDI		COZULDU	TAM-METIN	saltuklular	saltuklular	1					 ; [4] hânedanına Saltuklu Haziran Şevval verdi→toplam 2		Saltuklu hânedanına son verdi (2 Şevval 598 / 25 Haziran 1202)	"  ic_not_t:""TDV gün verir: '"
devletler.js	9378	9375	OLCULEMEDI-SLUG-COZULEMEDI		COZULDU	TAM-METIN	mengucukluler	mengucukluler	1							625 (1228) yılında Sivas’tan harekete geçen Keykubad ... Erzincan’ı ele geçirdi	"  ic_not_t:""Ana (Kemah-Erzincan) kol + Karahisar: TDV '"
devletler.js	9391	9389	OLCULEMEDI-SLUG-COZULEMEDI		COZULDU	TAM-METIN	ahlatsahlar	ahlatsahlar	1							1100 yılında çağırıp şehri ona teslim etmişlerdir	"  ic_not_f:""TDV başlığı 1100 der ve gövde bunu Ebü'l-Fidâ'ya dayandırır: Ahlat halkı Sökmen'i '"
devletler.js	9404	9401	OLCULEMEDI-SLUG-COZULEMEDI		COZULDU	TAM-METIN	mervaniler--diyarbakir	mervaniler--diyarbakir	1							6 Cemâziyelevvel 478’de (30 Ağustos 1085) Meyyâfârikīn ele geçirildi ... Böylece Mervânîler hânedanı ortadan kalkmış oldu.	"  ic_not_t:""TDV gün verir: '"
devletler.js	10085	10081	OLCULEMEDI-SLUG-COZULEMEDI		COZULDU	TAM-METIN	mulukut-tavaif	mulukut-tavaif	1							Böylece ülkede merkezî idarenin yıkılma, beyliklerin kurulma süreci bitmiş ve mülûkü’t-tavâif dönemi başlamış oldu	09 mu 1031 mi: TDV ikisini de verir — emirliklerin ortaya çıkışı 1009 fitnesiyle başlar, ama 'mülûkü’t-tavâif dönemi' TDV'ye göre resmen 422 (1031)'de başlar ('
devletler.js	10383	10380	OLCULEMEDI-SLUG-COZULEMEDI		COZULDU	TAM-METIN	kars	kars	1							askerî harekât olmadan Selçuklu topraklarına katıldı	"  ic_not_t:""TDV: 456/1064'te Gagik Alparslan'a itaat, Kars '"
devletler.js	10421	10419	OLCULEMEDI-SLUG-COZULEMEDI		COZULDU	TAM-METIN	seddadiler	seddadiler	1							456'da (1064) Ani'yi fetheden Sultan Alparslan şehrin idaresini ... Menûçihr'e verdi	"  ic_not_f:""TDV: '"
devletler.js	10562	10560	OLCULEMEDI-SLUG-COZULEMEDI		COZULDU	TAM-METIN	emeviler	emeviler	1							41 yılı Rebîülevvel ayının sonlarında (Temmuz 661) İslâm dünyasının tamamını hâkimiyeti altına aldı	"  ic_not_f:""TDV: '"
devletler.js	10574	10571	OLCULEMEDI-SLUG-COZULEMEDI		COZULDU	TAM-METIN	sasaniler	sasaniler	1							651 yılında düşmanları tarafından Merv’de öldürülen Yezdicerd	"  ic_not_t:""TDV: '"
devletler.js	10585	10582	OLCULEMEDI-SLUG-COZULEMEDI		COZULDU	TAM-METIN	tahiriler--horasan	tahiriler--horasan	1					 ; [4] hâkimiyetine tarihinde Tâhirîler Ağustos Nîşâbur→toplam 3	ingilizce	Ya‘kūb b. Leys, Şevval 259 (Ağustos 873) tarihinde Nîşâbur’u da alarak Tâhirîler’in Horasan’daki hâkimiyetine son verdi	"  ic_not_t:""TDV: '"
devletler.js	10596	10594	OLCULEMEDI-SLUG-COZULEMEDI		COZULDU	TAM-METIN	saffariler	saffariler	1							Ya‘kūb b. Leys es-Saffâr, 247’de (861) Sîstan’a hâkim olduktan sonra	"  ic_not_f:""TDV: '"
devletler.js	10597	10594	OLCULEMEDI-SLUG-COZULEMEDI		COZULDU	TAM-METIN	saffariler	saffariler	1							Sultan Mahmud onu ele geçirdi … Böylece Saffârîler hânedanı sona erdi (393/1003)	"  ic_not_t:""TDV: '"
devletler.js	10620	10618	OLCULEMEDI-SLUG-COZULEMEDI		COZULDU	TAM-METIN	tolunogullari	tolunogullari	1						ingilizce	Mısır Valisi Bayık Bey’in vekili sıfatıyla Mısır’a girdi, bu vesileyle hânedanın temellerini attı (254/868)	"  ic_not_f:""TDV: '"
devletler.js	10621	10618	OLCULEMEDI-SLUG-COZULEMEDI		COZULDU	TAM-METIN	tolunogullari	tolunogullari	1							Şeybân … teslim oldu (Rebîülevvel 292 / Ocak 905). Ertesi gün Abbâsî ordusu Fustat’a girdi	"  ic_not_t:""TDV: '"
devletler.js	10632	10630	OLCULEMEDI-SLUG-COZULEMEDI		COZULDU	TAM-METIN	ihsidiler	ihsidiler	1							Mısır’da İhşîdîler döneminin temelleri atılmış oldu (Ramazan 323 / Ağustos 935)	"  ic_not_f:""TDV: '"
devletler.js	10633	10630	OLCULEMEDI-SLUG-COZULEMEDI		COZULDU	TAM-METIN	ihsidiler	ihsidiler	1					 ; [4] İhşîdîler Böylece Devleti Temmuz Cevher→toplam 7		(17 Şâban 358 / 6 Temmuz 969). Cevher aynı gün Fustat’a girdi. Böylece İhşîdîler Devleti sona erdi.	"  ic_not_t:""TDV: '"
devletler.js	10643	10641	OLCULEMEDI-SLUG-COZULEMEDI		COZULDU	TAM-METIN	aglebiler	aglebiler	1							1. İbrâhim b. Ağleb 184 (800)	"  ic_not_f:""TDV başlığı ve emîr listesi: '"
devletler.js	10644	10641	OLCULEMEDI-SLUG-COZULEMEDI		COZULDU	TAM-METIN	aglebiler	aglebiler	1							Ziyâdetullah … 18 Mart 909’da götürebileceği kadar eşyayı yanına alarak Mısır’a kaçtı	"  ic_not_t:""TDV: '"
devletler.js	10654	10652	OLCULEMEDI-SLUG-COZULEMEDI		COZULDU	TAM-METIN	idrisiler	idrisiler	1					İdrîsîler Velîlâ temelleri→idris-ii,idrisiler	ingilizce	Velîlâ merkez olmak üzere İdrîsîler’in temelleri atılmıştı (172/789)	"  ic_not_f:""TDV: '"
devletler.js	10655	10652	OLCULEMEDI-SLUG-COZULEMEDI		COZULDU	TAM-METIN	idrisiler	idrisiler	1					Mağribi İdrîsî Hâcib→abbasiler,abdurrahman-iii,endulus,hasan-el-idrisi,ibnul-ezrak-el-girnati,idrisiler		Hâcib İbn Ebû Âmir el-Mansûr tarafından gönderilen adamlar tarafından öldürüldü (375/985). II. Hasan’ın ölümüyle Mağrib-i Aksâ’da hüküm süren İdrîsî hânedanı sona ermiş oldu	"  ic_not_t:""TDV: '"
devletler.js	10665	10663	OLCULEMEDI-SLUG-COZULEMEDI		COZULDU	TAM-METIN	rustemiler	rustemiler	1							imam seçildi ve Rüstemîler Devleti’ni resmen kurmuş oldu (160/777)	"  ic_not_f:""TDV: '"
devletler.js	10666	10663	OLCULEMEDI-SLUG-COZULEMEDI		COZULDU	TAM-METIN	rustemiler	rustemiler	1							Rüstemî hânedanını sona erdirdi (Şevval 296 / Temmuz 909)	"  ic_not_t:""TDV: '"
devletler.js	10677	10674	OLCULEMEDI-SLUG-COZULEMEDI		COZULDU	TAM-METIN	midrariler	midrariler	1					 ; [4] hânedanına Midrârî Hazrûn Fülfûl verdi→toplam 2		Hazrûn b. Fülfûl … Midrârî hânedanına son verdi (366/976)	"  ic_not_t:""TDV: '"
devletler.js	10688	10685	OLCULEMEDI-SLUG-COZULEMEDI		COZULDU	TAM-METIN	hamdaniler	hamdaniler	1						ingilizce	Remle Emîri Müferric b. Dağfel’e yenilerek öldürüldü (369/979); onun ölümüyle de Hamdânîler’in el-Cezîre ve Musul’daki hâkimiyetleri fiilen sona erdi	"  ic_not_t:""TDV: '"
devletler.js	10699	10697	OLCULEMEDI-SLUG-COZULEMEDI		COZULDU	TAM-METIN	hazarlar	hazarlar	1							Batı Göktürk Devleti yıkılınca Hazarlar bağımsızlıklarını ilân ettiler (630)	"  ic_not_f:""TDV: '"
devletler.js	10710	10708	OLCULEMEDI-SLUG-COZULEMEDI		COZULDU	TAM-METIN	uygurlar	uygurlar	1							745 yılında Uygur yabgusu Basmıl kağanını …	"  ic_not_f:""TDV: '"
devletler.js	10711	10708	OLCULEMEDI-SLUG-COZULEMEDI		COZULDU	TAM-METIN	uygurlar	uygurlar	1							840 yılındaki Kırgız saldırısı kağanlığın sonunu getirdi	"  ic_not_t:""TDV: '"
devletler.js	10721	10719	OLCULEMEDI-SLUG-COZULEMEDI		COZULDU	TAM-METIN	ziyadiler	ziyadiler	1							202 (818) yılında isyanı bastırmak üzere	"  ic_not_f:""TDV: '"
devletler.js	10722	10719	OLCULEMEDI-SLUG-COZULEMEDI		COZULDU	TAM-METIN	ziyadiler	ziyadiler	1						ingilizce	Nefîs’in Ziyâdî hânedanının son temsilcisi … İbrâhim b. Abdullah’ı … öldürerek tahtı ele geçirmesiyle neticelendi (407/1017)	"  ic_not_t:""TDV: '"
ekokuma_1806.js	114	112	OLCULEMEDI-SLUG-COZULEMEDI		COZULDU	TAM-METIN	osman-ii	osman-ii	1							onun aleyhinde olanların dönemin kaynaklarına kadar akseden propagandalarıdır	"EMLİ BİR UYARI KOYAR: padişahın İstanbul'u gözden çıkardığı, Şam ve Mısır askeriyle yeniçerilerin üstüne yürüyeceği ve başşehri taşıyacağı yolundaki bilgiler \"""
ekokuma_1806.js	114	112	OLCULEMEDI-SLUG-COZULEMEDI		COZULDU	TAM-METIN	patrona-isyani	patrona-isyani	1							geniş halk kitlelerini ilgilendiren bir durum arzetmiyordu	"ı. 🔴 TDV açıkça şunu yazar: matbaanın açılması, tercüme komisyonu, kütüphaneler, çinicilik, kâğıt ve kumaş imalâthaneleri, itfaiye teşkilâtı gibi faaliyetler \"""
ekokuma_1806.js	114	112	OLCULEMEDI-SLUG-COZULEMEDI		COZULDU	TAM-METIN	kuleli-vakasi	kuleli-vakasi	1					getirilmemiş istedikleri makamlara→kuleli-vakasi,muhammed		istedikleri mevki ve makamlara getirilmemiş	"sı malî sarsıntı, üst tabakada alafranga âdetlere duyulan tepki, ve 1856 Islahat Fermanı ile gayrimüslimlere tanınan haklardan rahatsızlık — ama aynı zamanda \"""
ekokuma_1806.js	124	122	OLCULEMEDI-SLUG-COZULEMEDI		COZULDU	TAM-METIN	mustafa-iv	mustafa-iv	1						ingilizce	kısa zamanda Selim'in tahttan indirilmesine pişmanlık duyulmasına yol açacak kadar büyük bir kargaşa, asayişsizlik, devlet yapısındaki çözülme	" yaramadı: saltanat değişikliğini gerçekleştirenlerin devlet işlerine karışması ve istediklerini zorla yaptırması önlenemedi.\n\nSALTANAT. TDV bu on dört ayı \"""
ekokuma_akdeniz.js	42	39	OLCULEMEDI-SLUG-COZULEMEDI		COZULDU	TAM-METIN	vehran	vehran	1							coğrafî yapısı şehri dış hücumlara karşı korunaklı ve stratejik bir konuma sahip kılmıştır	elir. Eski şehir Re'sül'ayn vadisinin iki yakasına kurulmuştu ve batısındaki 375 metrelik Eydûr tepesi limanı batı rüzgârlarından korurdu — TDV'nin ifadesiyle '
ekokuma_alemdar.js	55	48	OLCULEMEDI-SLUG-COZULEMEDI		COZULDU	TAM-METIN	alemdar-mustafa-pasa	alemdar-mustafa-pasa	1		Selim ve Alemdar			 ; [4] kurtarılabildi şehzade sırada Mahmud→toplam 2		Bu sırada ancak şehzade Mahmud kurtarılabildi	" bir şilte üzerine konmuş Selim'in cesediyle\"" karşılaştı.\n\nŞEHZADE MAHMUD NASIL KURTARILDI. TDV'nin Selim ve Alemdar maddeleri bu kısmı tek cümlede geçer (\"""
ekokuma_alemdar.js	64	60	OLCULEMEDI-SLUG-COZULEMEDI		COZULDU	TAM-METIN	alemdar-mustafa-pasa	alemdar-mustafa-pasa	1					 ; [4] bayraktarlığını Tirsinikli olmasından yapmış→toplam 1		Tirsinikli'nin bayraktarlığını yapmış olmasından	"""Kabiliyeti sayesinde kısa zamanda yükseldi. Kethüdâsı sıfatı ile onun bütün faaliyetlerinde başlıca yardımcısı oldu.\"" Lakabı da buradan gelir — TDV'ye göre \"""
ekokuma_alemdar.js	64	60	OLCULEMEDI-SLUG-COZULEMEDI		COZULDU	TAM-METIN	alemdar-mustafa-pasa	alemdar-mustafa-pasa	1							Öldüğünde kırk üç yaşında bulunan Alemdar cesur ve hamiyetli, cahil olmakla beraber gayet zeki ve kavrayışlı, iyi sevkedilebildiğinde iş görüp devlete faydalı olabilecek bir şahsiyetti.	"geliri olarak eline geçen toplam 182.978,5 kuruştur (a.g.e., s. 78).\n\nŞAHSİYET — KAYNAĞIN CÜMLESİYLE. TDV'nin hükmü övgü ile eleştiriyi aynı cümlede taşır: \"""
ekokuma_alemdar.js	64	60	OLCULEMEDI-SLUG-COZULEMEDI		COZULDU	TAM-METIN	alemdar-mustafa-pasa	alemdar-mustafa-pasa	1							birkaç ay içinde yaşadığı İstanbul havası karakteri üzerinde şaşırtıcı bir değişiklik yapmış ve kendisini büyük bir gaflete düşürmüştü.	"gayet zeki ve kavrayışlı, iyi sevkedilebildiğinde iş görüp devlete faydalı olabilecek bir şahsiyetti.\"" Hemen ardından gelen kayıt da bir karakter yorumudur: \"""
ekokuma_alemdar.js	64	60	OLCULEMEDI-SLUG-COZULEMEDI		COZULDU	TAM-METIN	alemdar-mustafa-pasa	alemdar-mustafa-pasa	1							her türlü tedbiri elden bırakmaları ve yeniçerilerle diğer muhaliflerden gelebilecek tehditleri küçümsemeleri	"ı karakteri üzerinde şaşırtıcı bir değişiklik yapmış ve kendisini büyük bir gaflete düşürmüştü.\"" Bu \""gaflet\"" soyut değil: aynı madde, Alemdar ve yâranının \"""
ekokuma_alemdar.js	64	60	OLCULEMEDI-SLUG-COZULEMEDI		COZULDU	TAM-METIN	alemdar-mustafa-pasa	alemdar-mustafa-pasa	1							Alemdar'ın dört ay süren sadrazamlığı sırasındaki icraatı içinde en önemlisi, Anadolu ve Rumeli'deki âyanları İstanbul'a davet ederek, tarihlerimize Sened-i İttifak adıyla geçen bir mukavelenâme akdetmiş olmasıdır (Ekim 1808).	"lduğu dönemde yaşayan ve bu döneme damgasını vuran… Osmanlı tarihinin ilgi çeken simaları arasında\"" sayar (Bayrak 2009, s. 63).\n\nDÖRT AYIN BİLANÇOSU. TDV: \"""
ekokuma_alemdar.js	64	60	OLCULEMEDI-SLUG-COZULEMEDI		COZULDU	TAM-METIN	alemdar-mustafa-pasa	alemdar-mustafa-pasa	1							Nizâm-ı Cedîd askerinin devamı mahiyetinde yeni bir askerî ocak	" âyanları İstanbul'a davet ederek, tarihlerimize Sened-i İttifak adıyla geçen bir mukavelenâme akdetmiş olmasıdır (Ekim 1808).\"" İkincisi Sekbân-ı Cedîd'dir: \"""
ekokuma_alemdar.js	64	60	OLCULEMEDI-SLUG-COZULEMEDI		COZULDU	TAM-METIN	alemdar-mustafa-pasa	alemdar-mustafa-pasa	1					 ; [4] nakledilmiştir çıkartılarak tarafından ilgasından Meşrutiyet→toplam 1	ingilizce	zorbalar tarafından Yedikule dışında kör bir kuyuya atılan Alemdar'ın kemikleri Yeniçeri Ocağı'nın ilgasından sonra oradan çıkartılarak Yedikule surları civarına gömülmüş, II. Meşrutiyet'in ilânından sonra da Zeyneb Sultan Camii hazîresine nakledilmiştir.	"m-ı Cedîd askerinin devamı mahiyetinde yeni bir askerî ocak\"", idaresi Kadı Abdurrahman Paşa'ya verildi. Cesedinin sonu da dönemin siyasî hafızasını anlatır: \"""
ekokuma_alemdar.js	84	79	OLCULEMEDI-SLUG-COZULEMEDI		COZULDU	TAM-METIN	ayan	ayan	1							oturduğu yerleşim merkezinin sınırları dışına taşmazdı	" kişi belgede kâh resmî bir görev adıyla, kâh \""zorba\"" anlamına gelen bir sıfatla anılabiliyor — terimin kendisi hüküm taşıyor. Klasik dönemde âyanın nüfuzu \"""
ekokuma_alemdar.js	84	79	OLCULEMEDI-SLUG-COZULEMEDI		COZULDU	TAM-METIN	ayan	ayan	1							ilk defa 1680'li yıllarda	"\nGÖREVE KİM GETİRİYORDU? Cevap zamanla değişiyor ve TDV bunu adım adım tarihler: baş âyan (reîs-i a'yân) başlangıçta SEÇİMLE belirleniyordu — belgelere göre \"""
ekokuma_alemdar.js	84	79	OLCULEMEDI-SLUG-COZULEMEDI		COZULDU	TAM-METIN	ayan	ayan	1					 ; [4] buyruldu halktan kadıdan validen mahzar→toplam 1		halktan mahzar, kadıdan ilâm ve validen buyruldu	"e TDV bunu adım adım tarihler: baş âyan (reîs-i a'yân) başlangıçta SEÇİMLE belirleniyordu — belgelere göre \""ilk defa 1680'li yıllarda\"" — ve seçilen kişinin \"""
ekokuma_alemdar.js	95	90	OLCULEMEDI-SLUG-COZULEMEDI		COZULDU	TAM-METIN	sekban-i-cedid	sekban-i-cedid	1					Alemdar Mustafa Mahmud→adana,adem-i-merkeziyet,alay-kosku,alemdar-mustafa-pasa,anadolu,arapzade-mehmed-arif-efendi ; Alemdar Mustafa Mahmud Paşa oluşturulması→anadolu,cami,hicaz,islahat,istanbul,kibris		daha saltanatının başında tâlimli asker oluşturulması gibi tehlikeli bir işe girişilmesini tedirginlikle karşıladığı anlaşılan II. Mahmud, bu gelişme karşısında tepki gösterdiyse de Alemdar Mustafa Paşa'nın piyade ve süvari kapıkulu ocak zâbitlerinden mühürlü senetler aldığını belirtmesi üzerine razı olmak zorunda kaldı.	"ucudur.\n\nİKİNCİ OKUMA — MESAFE ZATEN VARDI. Sekbân-ı Cedîd'in kuruluşunu anlatan TDV maddesi, padişahın yeni orduya baştan mesafeli durduğunu açıkça yazar: \"""
ekokuma_alemdar.js	95	90	OLCULEMEDI-SLUG-COZULEMEDI		COZULDU	TAM-METIN	sekban-i-cedid	sekban-i-cedid	1					Mahmud Kendi erebileceğinden→sekban-i-cedid		Kendi siyasî hesabı içinde başta II. Mahmud olmak üzere gidişatın önceki gibi bir yeniçeri isyanıyla sona erebileceğinden kaygılananlar yeni oluşuma karşı mesafeli davranıyordu.	"lu ocak zâbitlerinden mühürlü senetler aldığını belirtmesi üzerine razı olmak zorunda kaldı.\"" Aynı madde, sonucu bekleyenler arasında bizzat padişahı sayar: \"""
ekokuma_antlasma4.js	355	339	OLCULEMEDI-SLUG-COZULEMEDI		COZULDU	TAM-METIN	fransa	fransa	1							tasarı uzun süre imzalanmadan sadrazamın yanında kaldı	"  ic_not:""1536 ahidnâmesinin imzalanıp imzalanmadığı literatürde tartışmalıdır; TDV '"
ekokuma_antlasma4.js	553	537	OLCULEMEDI-SLUG-COZULEMEDI		COZULDU	TAM-METIN	mahmud-i--osmanli	mahmud-i--osmanli	1							Erzurum Valisi Osman Paşa	 2026'da 1732-01-10'dan 1732-01-08'e çekildi (UYGULA-OLAYLAR-0930, TDV hemedan); kartın t'si ve bağı ona taşındı (UYGULA-KART-0930). Kuşatmayı kaldıran TDV'de '
ekokuma_antlasma4.js	1225	1205	OLCULEMEDI-SLUG-COZULEMEDI		COZULDU	TAM-METIN	mahmud-i--osmanli	mahmud-i--osmanli	1							17 Şâban 1159 / 4 Eylül 1746	üşür; bu kart H-0018'in iki sorusunu (savaşların niçini ve dayanan barışların sayımı) ekler. 🔴 GÜN FARKLARI (makale–TDV): Kerden makalede '14 Eylül 1746', TDV '
ekokuma_antlasma6.js	75	59	OLCULEMEDI-SLUG-COZULEMEDI		COZULDU	TAM-METIN	mahmud-i--osmanli	mahmud-i--osmanli	1							Ruslar'da kalacak fakat tahkim edilmeyecek	ibi yazdı, ÇEKİRDEK MADDE ise Rusya barışıdır (12 Aralık 1739) ve o gün TDV ile birebir tutuyor. Azak'ın hukukî durumu iki TDV maddesinde farklı vurgulanıyor ('
ekokuma_antlasma6.js	75	59	OLCULEMEDI-SLUG-COZULEMEDI		COZULDU	TAM-METIN	azak	azak	1							istihkâmları yıkılmak şartıyla Rusya'ya terkedildi	12 Aralık 1739) ve o gün TDV ile birebir tutuyor. Azak'ın hukukî durumu iki TDV maddesinde farklı vurgulanıyor ('Ruslar'da kalacak fakat tahkim edilmeyecek' / '
ekokuma_bolge0073.js	87	82	OLCULEMEDI-SLUG-COZULEMEDI		COZULDU	TAM-METIN	kavalali-mehmed-ali-pasa	kavalali-mehmed-ali-pasa	1							Başlangıç itibariyle gerekli insan unsuru Sudan'dan temin edildiyse de bu yeterli olmadı, Mısır ve Suriye bu suretle ön plana çıktı	"Paşa) havale etti. Yani Sudan hem yeni ordunun sebebi hem de ilk kaynağı olarak düşünülmüştü. ③ Ve bu hesap tutmadı. Kaynağın en dikkat çekici cümlesi budur: \"""
ekokuma_bolge0073.js	99	96	OLCULEMEDI-SLUG-COZULEMEDI		COZULDU	TAM-METIN	mahmud-ii--osmanli	mahmud-ii--osmanli	1							menfaatini geleneksel düzenin korunmasında gören, ağırlıklı olarak askerî ve ilmiye sınıfı tarafından temsil edilen, Anadolu ve Rumeli'deki âyanlar tarafından desteklenen ıslahat karşıtı cephenin tahakkümü	"esiyle son yeniçeri isyanının tesadüfî olmadığına ve padişahın bir eseri olduğuna şüphe yoktur. ③ Direncin bileşimi farklıydı. TDV, II. Mahmud'un ilk devrini \"""
ekokuma_bolge0073.js	99	96	OLCULEMEDI-OLU-302	oldu	COZULDU	TAM-METIN	kavalali-mehmed-ali-pasa	kavalali-mehmed-ali-pasa	1	oldu						halkı fakirleştirirken idareyi zenginleştiriyordu	"ada. Kavalalı'nın sistemi devlete para KAZANDIRIYORDU — ama halktan alarak. Tekel usulüyle mahsul çok ucuza satın alınıyor, ağır vergilerle birlikte bu düzen \"""
ekokuma_deniz.js	42	30	OLCULEMEDI-SLUG-COZULEMEDI		COZULDU	TAM-METIN	ebukir	ebukir	1							Fransız donanmasını imha ederek Fransa'nın kara ordusunu deniz desteğinden mahrum bıraktı.	" hat gemisinden yalnız ikisi (Guillaume Tell ve Généreux) iki fırkateynle kaçabildi; dokuzu ele geçirildi, üçü yakıldı, biri battı. TDV'nin ifadesiyle Nelson \"""
ekokuma_deniz.js	56	50	OLCULEMEDI-SLUG-COZULEMEDI		COZULDU	TAM-METIN	ingiltere	ingiltere	1		III. Selim					iki ülke arasında ilk defa bir siyasî ve askerî ittifak anlaşması imzalandı.	" bir ittifaka dahil olarak Fransa ile karşı karşıya getirdi\""ğini yazar ve bunu Ocak 1799'a tarihler. İngiltere maddesi de aynı ayı işaret eder: Ocak 1799'da \"""
ekokuma_deniz.js	56	50	OLCULEMEDI-SLUG-COZULEMEDI		COZULDU	TAM-METIN	selim-iii	selim-iii	1		III. Selim					az sayıda dahi olsa savaş mahallerine sevkedilen nizamlı askerin	" İstanbul'dan da donanmayla yeni kuvvetler gönderilmişti.\n\nSONUÇ. Fransa 1802'de barış yapıp Mısır'dan çekildi. TDV'nin III. Selim maddesine göre bu savaş, \"""
ekokuma_deniz.js	82	74	OLCULEMEDI-SLUG-COZULEMEDI		COZULDU	TAM-METIN	ebukir	ebukir	1							kasaba fazla mâmur değildi	"  ic_not:""Nichol alıntısı çevrilerek özetlendi, kelimesi kelimesine aktarılmadı. 'Küçük balıkçı kasabası' TDV ebukir'in '"
ekokuma_ihtilal.js	75	71	OLCULEMEDI-SLUG-COZULEMEDI		COZULDU	TAM-METIN	kavalali-mehmed-ali-pasa	kavalali-mehmed-ali-pasa	1							Bâbıâli tarafından valiliğe getirildi (3 Temmuz 1805)	"n otorite boşluğunu ne dönen Memlük beyleri ne art arda değişen Osmanlı valileri dolduramadı; dört yıl süren iktidar mücadelesinin sonunda TDV'nin ifadesiyle \"""
ekokuma_ihtilal.js	100	96	OLCULEMEDI-SLUG-COZULEMEDI		COZULDU	TAM-METIN	rusya	rusya	1							Napolyon'a karşı sürdürülen savaşlarda (1798-1814) Avrupa'nın Fransız hâkimiyetinden kurtarılmasında … başlıca etken oldu	"klarına döndü — Yunan hareketinin (bkz. önceki kart) Rusya ile bağı burada da görünür.\n\nNAPOLYON KARŞISINDA YENİLGİLER. Rusya, koalisyon savaşlarında (TDV: \"""
ekokuma_ihtilal.js	124	120	OLCULEMEDI-SLUG-COZULEMEDI		COZULDU	TAM-METIN	prusya	prusya	1							Jena ve Auerstedt zaferlerinden sonra … ağır bir barışı kabul etmek zorunda kaldı (9 Temmuz 1807)	"iedrich'in efsanevi ordusunun modası geçmiş bir savaş makinesi olduğunu ortaya çıkardı.\""\n\nTİLSİT — YARISINI KAYBETMEK. Dokuz gün sonra, TDV'nin ifadesiyle \"""
ekokuma_ihtilal.js	124	120	OLCULEMEDI-SLUG-COZULEMEDI		COZULDU	TAM-METIN	prusya	prusya	1							1807 sonbaharında başbakanlığa getirilen von Stein zamanında … devletin yeniden yapılandırılmasına çalışıldı.	"ak neredeyse silindi, ordusu 42.000 kişiyle sınırlandırıldı.\n\nKILIÇLA KAYBEDİLENİ ZİHİNLE KAZANMAK. TDV, yenilginin doğurduğu reform dalgasını da kaydeder: \"""
ekokuma_ihtilal.js	136	132	OLCULEMEDI-SLUG-COZULEMEDI		COZULDU	TAM-METIN	italya	italya	1							Napolyon 1802'de İtalya Cumhuriyeti'ni kurunca buranın ilk devlet başkanı oldu, 1804'te ise krallığa dönüştürdüğü ülkede kendisini imparator ilân etti.	" ayrım TDV'nin özet cümlesinde açık değil ve ayrıca doğrulanmadı, `bulunamadı` diye bırakılıyor.\n\nCUMHURİYETTEN KRALLIĞA. TDV, sürecin devamını da anlatır: \"""
ekokuma_isyan1821.js	77	71	OLCULEMEDI-SLUG-COZULEMEDI		COZULDU	TAM-METIN	sirbistan	sirbistan	1							İkinci Sırp isyanı Miloş Obrenoviç isimli bir Sırp knezinin önderliğinde 1815 yılında patlak verdi. İsyan aynı yıl bastırıldıysa da bu tarihten sonra Sırplar'a tanınan imtiyazlar genişletilmeye başlandı. Miloş Obrenoviç başknez tayin edildi.	" kısmî özerklik getirdi, 1813'te isyan tamamıyla bastırıldı, Karadjordje Avusturya'ya kaçtı. 1815 için TDV'nin cümlesi kısadır ve bambaşka bir çerçeve kurar: \"""
ekokuma_karadeniz.js	128	125	OLCULEMEDI-SLUG-COZULEMEDI		COZULDU	TAM-METIN	bosna-hersek	bosna-hersek	1							tâbi bir hükümdar olmaktan çıktığı anlamına	iyandı; eski yerli idareci sınıf imtiyazlarını bir süre daha korudu.\n\nBOSNA — TDV'ye göre son Bosna kralı Batı desteğine güvenip haraç ödemeyi reddedince bu '
ekokuma_karadeniz.js	133	125	OLCULEMEDI-SLUG-COZULEMEDI		COZULDU	TAM-METIN	haracguzar	haracguzar	1					EflakBoğdan İstanbul Erdel→ ; EflakBoğdan İstanbul→ ; EflakBoğdan İstanbul Erdel edildiğinde miktarından→ ; EflakBoğdan İstanbul Erdel edildiğinde→		Eflak-Boğdan ve Erdel'den, gerek İstanbul'un iâşesi gerekse seferlerde ihtiyaç duyulan zahire ve mühimmat talep edildiğinde bunların bedeli haraç miktarından düşülürdü.	ık gerekçesi (TDV eflak · murad-ii dayanaklı) burada TEKRAR EDİLMEDİ — o dosya başka oturumun, kart ayrıca okunur. İaşe cümlesi TDV haracguzar'dan tam okundu: '
ekokuma_karsi.js	102	96	OLCULEMEDI-SLUG-COZULEMEDI		COZULDU	TAM-METIN	inebahti-deniz-savasi	inebahti-deniz-savasi	1					sonuçları olmayan kalıcı→ahmed-b-hanbel,arap,avrupa,bahce,batililasma,ceza ; sonuçları olmayan kalıcı geçici zafer→arap,avrupa,filistin,hasan-i-basri,hiristiyanlik,hindistan ; [4] sonuçları olmayan kalıcı geçici zafer→toplam 15		kalıcı sonuçları olmayan geçici bir zafer	amalar sürerken yeni bir donanmanın inşasını başlattı; donanma 13 Haziran 1572'de yeniden denize açıldı. TDV savaşı Katolik dünyanın son büyük Haçlı seferi ve '
ekokuma_karsi.js	162	156	OLCULEMEDI-SLUG-COZULEMEDI		COZULDU	TAM-METIN	hasan-pasa-kethuda	hasan-pasa-kethuda	1					Avusturya Mehâdiye Şebeş→haci-ivaz-pasa--sadrazam,hasan-pasa-kethuda,mahmud-i--osmanli,yusuf-pasa-koca		Mehâdiye ve Şebeş'te Avusturya ordularını üst üste yendi	"    ""③ OSMANLI KAYNAKLARI NE DİYOR. Osmanlı tarafında panik hikâyesinin izi yoktur. TDV'ye göre Vidin Seraskeri Kethüdâ Hasan Paşa '"
ekokuma_kolemen.js	81	76	OLCULEMEDI-SLUG-COZULEMEDI		COZULDU	TAM-METIN	kavalali-mehmed-ali-pasa	kavalali-mehmed-ali-pasa	1							Cidde valisi ve Vehhâbîler üzerine gönderilecek ordunun kumandanı olarak tayin edilen	"r MAKAMDAN çok bir ünvan-figürü olarak işler ve dramatik işlevi \""taklit edilebilir bir yüksek zat\"" olmaktır. Tarihî Ahmed Tosun Paşa ise TDV'nin cümlesiyle \"""
ekokuma_korfez.js	99	96	OLCULEMEDI-SLUG-COZULEMEDI		COZULDU	TAM-METIN	kuveyt	kuveyt	1					 ; [4] kalmış bölge geri→toplam 776 ; [4] kalmış bölge geri→toplam 776 ; [4] kalmış bölge geri→toplam 776		geri kalmış bir bölge	asra'dan getiriliyordu (TDV). Nüfus da küçüktü: Kuveyt'te 1910'da yaklaşık 35.000 kişi yaşıyordu ve şehir 1920'lerde bile 40-50.000 nüfuslu, TDV'nin deyişiyle '
ekokuma_kurum2.js	66	63	OLCULEMEDI-SLUG-COZULEMEDI		COZULDU	TAM-METIN	vergi	vergi	1					yükümlülükleri bedenî nakdî→emanet,gazzali,osmanlilar,olum,vergi		nakdî, aynî ve bedenî yükümlülükleri	li — zekât, öşür, haraç, cizye) ve tekâlîf-i örfiyye (padişahın kanununa dayalı — avârız, ağnam resimleri, çeşitli rüsûm/resimler). TDV'nin tabiriyle tekâlîf, '
ekokuma_lale.js	125	121	OLCULEMEDI-SLUG-COZULEMEDI		COZULDU	TAM-METIN	yirmisekiz-celebi-mehmed-efendi	yirmisekiz-celebi-mehmed-efendi	1					Dünya hapishanesi müminlerin→cehennem,gokalp-ziya,yirmisekiz-celebi-mehmed-efendi		Dünya müminlerin hapishanesi, kâfirlerin cennetidir	rdü.\n\nTDV'ye göre saraylara, bahçelere, havuzlara ve çeşmelere büyük hayranlık duydu ve bunları kendine özgü zarif üslûbuyla anlattı. Gördükleri karşısında, '
ekokuma_magazin.js	250	234	OLCULEMEDI-SLUG-COZULEMEDI		COZULDU	TAM-METIN	murad-iv	murad-iv	1							15 Şevval 1049 (8 Şubat 1640) Perşembe	"  ""ic_not"": ""(PAKET-EK-B) Eski `not`: TDV '"
ekokuma_mimari.js	97	94	OLCULEMEDI-SLUG-COZULEMEDI		COZULDU	TAM-METIN	mostar-koprusu	mostar-koprusu	1					muhayyilenin kazanmıştır terkibiyle→mostar-koprusu		mimari dehânın terkibiyle taştan yapılmış değil de muhayyilenin cisim halini almasıyla meydana gelmiş gibi efsanevî bir mâna ve ruh kazanmıştır	nün genişliği 4,50 metre, iki yandaki korkuluklar 25 santimetre kalınlık ve 95 santimetre yükseklikte, döşeme kademeli olarak düzenlenmiştir.\n\nTDV bu yapıyı '
ekokuma_p75a.js	119	116	OLCULEMEDI-SLUG-COZULEMEDI		COZULDU	TAM-METIN	baruthane	baruthane	1					fabrikaları yapılan devrin→abdulhamid-ii,adana,afganistan,akkirman,amasya,amerika-birlesik-devletleri ; fabrikaları yapılan devrin barut→avrupa,barut,baruthane,baruthane-i-amire,fas,gumruk		devrin barut yapılan fabrikaları	"    +""Osmanlı'da büyük ölçekli devlet üretim tesisleri 19. yüzyıldan çok önce vardı: TDV baruthâneleri “"
ekokuma_p75a.js	227	224	OLCULEMEDI-SLUG-COZULEMEDI		COZULDU	TAM-METIN	bezmialem-valide-sultan	bezmialem-valide-sultan	1		iki			Köprüsü Galata Vâlide→abdulmecid,batililasma,bayram,bezmialem-valide-sultan,buyuk-valide-hani,dalgic-ahmed-aga		Galata Köprüsü (Cisr-i Cedîd veya Vâlide Köprüsü)	"    +""TDV'nin iki maddesi farklı yıl verir: Bezmiâlem Vâlide Sultan maddesi “"
ekokuma_p75a.js	236	224	OLCULEMEDI-SLUG-COZULEMEDI		COZULDU	TAM-METIN	halic	halic	1					 ; [4] istemeyenlerin köprüyü geçmek yaya→toplam 1		köprüyü yaya geçmek istemeyenlerin	"    +""TDV, köprü geldikten sonra bile “"
ekokuma_p75b.js	174	171	OLCULEMEDI-SLUG-COZULEMEDI		COZULDU	TAM-METIN	bahriye	bahriye	1					 ; [4] edilmeden Navarin yakıldı Limanı savaş→toplam 1		savaş ilân edilmeden Navarin Limanı'nda yakıldı	asına vurgu yapar ve kaybı 52 gemi ve 6000 denizci olarak verir (37 gemi merkezî Osmanlı donanmasına, ondan geri kalanı Mısır donanmasına aitti). TDV Bahriye: '
ekokuma_p75b.js	199	196	OLCULEMEDI-SLUG-COZULEMEDI		COZULDU	TAM-METIN	cerkezler	cerkezler	1							birçok araştırmacıya göre modern tarihin ilk etnik temizlik hareketidir	di. Ruslar'ın 1857'den itibaren planladığı, Kafkasya Komisyonu'nun kurulması ve çarın onayıyla 1861'de resmen kararlaştırdığı Çerkezler'in sürgünü TDV'ye göre '
ekokuma_p76g.js	34	31	OLCULEMEDI-SLUG-COZULEMEDI		COZULDU	TAM-METIN	kostendil	kostendil	1							beşte dördü geri dönmemek üzere	"rafı Bulgar millî anlatısında zayıf durur. Köstendil örneği ölçülebilir: TDV'ye göre 1877-1878 savaşı sırasında ve ardından kasabadaki ve bölgedeki Türklerin \"""
ekokuma_p76g.js	63	60	OLCULEMEDI-SLUG-COZULEMEDI		COZULDU	TAM-METIN	bosna-hersek	bosna-hersek	1							Osmanlı Devleti'nin hakları 1908'deki kati ilhaka kadar resmen sürmüştü	"nlı'nın elinde fiilî bir güç değil, bir HAK vardı. Bulgaristan Prensliği 1878'den beri Osmanlı'ya tâbi bir prenslikti. Bosna-Hersek'te ise TDV'nin ifadesiyle \"""
ekokuma_p76g.js	78	75	OLCULEMEDI-SLUG-COZULEMEDI		COZULDU	TAM-METIN	bosna-hersek	bosna-hersek	1						ingilizce	ikili anayasası sebebiyle Bosna-Hersek'in durumu belirsiz bir haldeydi	"hukukî durum.\n\nNİÇİN İLHAK DEĞİL DE İŞGAL — VE NİÇİN OTUZ YIL SONRA İLHAK. Cevabın bir kısmı Viyana'nın kendi iç yapısındadır. TDV, Avusturya-Macaristan'ın \"""
ekokuma_p76g.js	93	90	OLCULEMEDI-SLUG-COZULEMEDI		COZULDU	TAM-METIN	bulgaristan	bulgaristan	1							özellikle Bulgarlar bu savaşta önemli başarılar elde ettiler ve ÇATALCA'YA KADAR Trakya'nın tamamına hâkim oldular.	"  metin:""ÖNCE EN BÜYÜK BAŞARI. TDV'nin tarifi açık: I. Balkan Savaşı'nda \"""
ekokuma_p76g.js	93	90	OLCULEMEDI-SLUG-COZULEMEDI		COZULDU	TAM-METIN	bulgaristan	bulgaristan	1							Bulgaristan'ı dört yandan saran Sırbistan, Yunanistan, Romanya ve Karadağ bu ülkeyi büyük bir yenilgiye uğrattılar; durumdan istifade eden Osmanlı Devleti de Edirne'yi geri almayı başardı.	"antlaşmadan bir ay sonra, maddelerin yorumu ve ele geçirilen toprakların paylaşılması hususunda müttefikler anlaşamayınca aralarında II. Balkan Savaşı çıktı. \"""
ekokuma_p76i.js	41	38	OLCULEMEDI-SLUG-COZULEMEDI		COZULDU	TAM-METIN	avrupa	avrupa	1					Metternich müdahaleler sistemi→avusturya,mahmud-ii--osmanli,tanzimat,yeniceri		müdahaleler sistemi / Metternich sistemi	 Avusturya ve Prusya hükümdarlarının Eylül 1815'te kurduğu Kutsal İttifak, milliyetçi ve hürriyetçi ayaklanmalara karşı ortak müdahaleyi öngörüyordu (TDV bunu '
ekokuma_p76i.js	41	38	OLCULEMEDI-SLUG-COZULEMEDI		COZULDU	TAM-METIN	paris-antlasmasi	paris-antlasmasi	1							kâğıt üzerinde Avrupa devletler sisteminin eşit bir üyesi olarak kabul edildi ve Avrupa hukukundan istifadesi sağlandı	lişkiyi tehlikeye sokan bir anlaşmazlık çıkarsa, kuvvete başvurmadan önce öteki devletlere arabuluculuk fırsatı verilecekti. TDV sonucu şöyle özetler: Osmanlı '
ekokuma_p76i.js	50	47	OLCULEMEDI-SLUG-COZULEMEDI		COZULDU	TAM-METIN	maruniler	maruniler	1					Katolik karaktere başından→batililasma,din,hiristiyanlik,hindistan,maruniler,osmanlilar		başından itibaren Katolik karaktere sahip tek kilise	y kararlarını kabul edince komşu kiliselerle çatıştı ve Lübnan dağlarına çekildi. Haçlılarla kurduğu temas Roma'ya yaklaştırdı; TDV onu Doğu kiliseleri içinde '
ekokuma_p76i.js	59	56	OLCULEMEDI-SLUG-COZULEMEDI		COZULDU	TAM-METIN	girit	girit	1							müslümanlar arasında Rumca'nın yayılmasına	li sayar. Sonraki dönemde ihtidâ ve Anadolu'dan nakille müslüman nüfus hızla arttı; ama TDV'nin vurguladığı bir ayrıntı her şeyi karmaşıklaştırır: ortak hayat '
ekokuma_p76i.js	68	65	OLCULEMEDI-SLUG-COZULEMEDI		COZULDU	TAM-METIN	girit	girit	1							Buna rağmen adada huzursuzluk sona ermediği gibi Yunanistan ... bu imtiyazlarla da yetinmeyerek silâhlanmaya başladı.	idare meclisleri üç müslüman üç hıristiyan üyeden oluşacaktı. Birkaç yıl vergi affedildi, hıristiyanlar bedel-i askerîden muaf tutuldu. TDV'nin hükmü kısadır: '
ekokuma_p76i.js	68	65	OLCULEMEDI-SLUG-COZULEMEDI		COZULDU	TAM-METIN	lubnan	lubnan	1							tarihinin en sakin dönemlerinden birini	anması, 1908'de Girit meclisinin ilhak ilânı.\n\nKARŞI ÖRNEKLER. İmtiyaz her yerde kopuşla bitmedi. 1861'de kurulan Lübnan mutasarrıflığında TDV'ye göre bölge '
ekokuma_p76i.js	68	65	OLCULEMEDI-SLUG-COZULEMEDI		COZULDU	TAM-METIN	osmanlicilik	osmanlicilik	1					kaynaştırılması birbirleriyle hususlarda→osmanlicilik		tebaanın din ve mezhepten başka hususlarda birbirleriyle kaynaştırılması	yen bir devlet vardı.\n\nBAĞLI KALABİLİRLER MİYDİ — BUNU SAVUNANLAR. Tanzimat kadrosu tam olarak buna inanıyordu. TDV, Osmanlıcılığın ana fikrini Âlî Paşa'nın '
ekokuma_p76i.js	77	74	OLCULEMEDI-SLUG-COZULEMEDI		COZULDU	TAM-METIN	namik-kemal	namik-kemal	1					 ; [4] muhteva farklı yeni→toplam 735 ; [4] muhteva farklı yeni→toplam 735 ; [4] muhteva farklı yeni→toplam 735		yeni ve farklı bir muhteva	kunan kaynak doğrudan bir sebep cümlesi kurmaz; ama zemini verir. 'Vatan' o güne kadar insanın doğduğu yeri anlatan bir kelimeydi; TDV'ye göre Nâmık Kemal ona '
ekokuma_p76i.js	77	74	OLCULEMEDI-SLUG-COZULEMEDI		COZULDU	TAM-METIN	namik-kemal	namik-kemal	1							vatan, millet, hürriyet kavramlarını bir heyecan konusu haline getirip en tesirli şekilde topluma mal eden ilk şair	i kurmaz; ama zemini verir. 'Vatan' o güne kadar insanın doğduğu yeri anlatan bir kelimeydi; TDV'ye göre Nâmık Kemal ona 'yeni ve farklı bir muhteva' kattı ve '
ekokuma_p76i.js	77	74	OLCULEMEDI-SLUG-COZULEMEDI		COZULDU	TAM-METIN	namik-kemal	namik-kemal	1							baskılar karşısında yılmayan cesur karakterini	r.\n\nŞAHSİYETİ. 1840'ta Tekirdağ'da doğdu, annesini erken kaybetti, çocukluğu memur dedesinin tayin yerlerinde geçti. TDV, hükümetin uyarılarına cevaplarında '
ekokuma_p76i.js	77	74	OLCULEMEDI-SLUG-COZULEMEDI		COZULDU	TAM-METIN	namik-kemal	namik-kemal	1					 ; [4] rakipsiz başına hemen→toplam 20		hemen hemen tek başına ve rakipsiz	'ye göre Türk toplumunun bu oyun sayesinde 'vatan' kavramının bilincine vardığı ortak bir kanaat olmuştur. Vatan şiirleri Tevfik Fikret ve Mehmet Emin'e kadar '
ekokuma_p76i.js	95	92	OLCULEMEDI-SLUG-COZULEMEDI		COZULDU	TAM-METIN	murad-v	murad-v	1					düzenlediği kişinin birkaç→afrika,anayasa,ansiklopedi,asya,edirne,farabi ; düzenlediği kişinin birkaç darbe→anayasa,asya,filistin,haclilar,hindistan,humeyni ; [4] düzenlediği kişinin birkaç darbe→toplam 23		birkaç kişinin düzenlediği bir darbe	abayla rıhtıma, oradan kayıkla Sirkeci'ye, oradan Serasker Kapısı'na götürüldü ve orada biat aldı. TDV, resmî tebliğde 'ittifâk-ı umûmî' denmesine rağmen işin '
ekokuma_p77c.js	68	64	OLCULEMEDI-SLUG-COZULEMEDI		COZULDU	TAM-METIN	teskilat-i-mahsusa	teskilat-i-mahsusa	1					Ermeni tehcirinde aktif→mustafa-kemal-ataturk,teskilat-i-mahsusa		Ermeni tehcirinde aktif rol	"  not:""TDV'nin kendi içinde bir gerilim de var: Teşkîlât-ı Mahsûsa maddesi, örgütün \"""
ekokuma_padisah.js	39	37	OLCULEMEDI-SLUG-COZULEMEDI		COZULDU	TAM-METIN	kimek	kimek	1					desteklenmez kaynaklarca rivayet→kimek		bu rivayet kaynaklarca desteklenmez	r odaya kilitleyip devlet işlerinden soyutladığını iddia eder. Sayfanın kendi kronoloji kaydı bu spesifik hikâyeyi (kilitleme) TDV'de aramış ve BULAMAMIŞTIR — '
ekokuma_padisah.js	175	173	OLCULEMEDI-SLUG-COZULEMEDI		COZULDU	TAM-METIN	osman-ii	osman-ii	1							feci bir şekilde, başı açık, üstü perişan bir hâlde	i bir ordu toplama planının duyulması üzerine 20 Mayıs 1622'de ayaklanan yeniçeriler ve sipahilerce tahttan indirildi. TDV İslâm Ansiklopedisi'ne göre padişah '
ekokuma_padisah.js	222	220	OLCULEMEDI-SLUG-COZULEMEDI		COZULDU	TAM-METIN	osman-ii	osman-ii	1							ona yüklenen büyük reformcu ve yenilikçi yakıştırmasının XIX ve XX. yüzyıl tarihçilerinin siyasî mesajlarıyla ilgili olduğu açıktır.	k 'reformcu, yenilikçi' bir padişah olarak anılır — ama TDV İslâm Ansiklopedisi'nin kendi değerlendirmesi bu imajın büyük ölçüde SONRADAN ÜRETİLDİĞİNİ söyler: '
ekokuma_padisah.js	222	220	OLCULEMEDI-SLUG-COZULEMEDI		COZULDU	TAM-METIN	osman-ii	osman-ii	1							başşehri Bursa, Kahire gibi yerlere taşımak niyetinde bulunduğu yolundaki bilgiler onun aleyhinde olanların... propagandalarıdır.	ğlu Fahreddin isyanını bastırmak için Suriye'ye yürüme niyetiyle BİRLİKTE gerçek bir hacca gitme niyeti taşıdığı doğrudur.\n\nTDV'NİN AÇIKÇA REDDETTİĞİ kısım: '
ekokuma_padisah.js	240	238	OLCULEMEDI-SLUG-COZULEMEDI		COZULDU	TAM-METIN	osman-ii	osman-ii	1		kendi					atalarının hiçbirisinin gitmediği hac farîzasını da tamamlama düşüncesi içinde bulunduğu.	(II. Osman, 1622'de öldürülen padişah) hacca gitme niyeti bu kuralı BİZZAT KIRMAYA yönelik bir girişimdi — TDV'nin kendi maddesindeki bir mersiye şunu söyler: '
ekokuma_padisah.js	286	282	OLCULEMEDI-SLUG-COZULEMEDI		COZULDU	TAM-METIN	mehmed-iv	mehmed-iv	1					 ; [4] indirilmesinin tahttan başlica sebebi̇→toplam 0		tahttan indirilmesinin BAŞLICA SEBEBİ	 Sultan'ın 1683'teki vefatı ve Köprülü ailesinin görevden uzaklaştırılması), artık KURUMSALLAŞMIŞ av tutkusu deneyimsizlikle birleşip TDV'nin kendi ifadesiyle '
ekokuma_padisah.js	297	295	OLCULEMEDI-SLUG-COZULEMEDI		COZULDU	TAM-METIN	mehmed-iv	mehmed-iv	1							Viyana bozgununun ardından başlayan dönem onun saltanatının şüphesiz EN KARANLIK zamanı olmuştur.	an olan Kızlar Ağası Yûsuf, Uzun Sarı Süleyman ve Sadâret Kaymakamı Kara İbrâhim Paşa üçlüsünün etkisiyle Belgrad'da idam edildi. TDV'nin kendi tanımlamasıyla '
ekokuma_padisah.js	297	295	OLCULEMEDI-SLUG-COZULEMEDI		COZULDU	TAM-METIN	mehmed-iv	mehmed-iv	1							fakat artık iş işten geçmişti.	 askerden kaçırıp getiren Süleyman Paşa'yı öldürtüp başını askere gösterdi; av edevatını ve tazılarını dağıtarak tövbe ettiğini ilan etti — TDV'nin ifadesiyle '
ekokuma_rivayet.js	359	354	OLCULEMEDI-SLUG-COZULEMEDI		COZULDU	TAM-METIN	mustafa-iii	mustafa-iii	1					 ; [4] Sultan Selim oğlu kızı→toplam 341 ; [4] Sultan Selim oğlu kızı→toplam 341 ; [4] Sultan Selim oğlu→toplam 817		oğlu Selim ile kızı Şah Sultan	"  not:""Borç verenler TDV'de '"
ekokuma_tamamla.js	94	91	OLCULEMEDI-SLUG-COZULEMEDI		COZULDU	TAM-METIN	selim-ii	selim-ii	1		II. Selim			meclislerine eğlenceye müdavim→selim-ii		zevk ve eğlenceye düşkün, içki meclislerine müdavim	"  metin:""II. Selim'in içkiye düşkünlüğü ile 1571 Kıbrıs seferi arasında bağ kuran popüler bir anlatı vardır. TDV'nin II. Selim maddesi padişahı gerçekten '"
ekokuma_yeniceri.js	87	83	OLCULEMEDI-SLUG-COZULEMEDI		COZULDU	TAM-METIN	vaka-i-hayriyye	vaka-i-hayriyye	1							kendi reâyâsından isyan eden gâvurların dahi beş senedir haklarından gelinemediği	"tinde yeniçerilerin hıristiyan devletlere karşı durmak şöyle dursun Rum isyanını bile bastırmaktan âciz kaldıklarına atıf yapıldı; TDV'nin aktardığı ifadeyle \"""
ekokuma_yeniceri.js	88	83	OLCULEMEDI-SLUG-COZULEMEDI		COZULDU	TAM-METIN	vaka-i-hayriyye	vaka-i-hayriyye	1							esas kaygılarını gizleyen etiket itirazları	"    ""② TÂLİM VE İTİRAZ (12 HAZİRAN) — Etmeydanı'nda tâlim başlatıldığında itirazlar yükseldi. TDV bunları \"""
ekokuma_yeniceri.js	88	83	OLCULEMEDI-SLUG-COZULEMEDI		COZULDU	TAM-METIN	vaka-i-hayriyye	vaka-i-hayriyye	1							saf tutup tüfek atmak	"TİRAZ (12 HAZİRAN) — Etmeydanı'nda tâlim başlatıldığında itirazlar yükseldi. TDV bunları \""esas kaygılarını gizleyen etiket itirazları\"" diye niteler: tâlimi \"""
ekokuma_yeniceri.js	88	83	OLCULEMEDI-SLUG-COZULEMEDI		COZULDU	TAM-METIN	vaka-i-hayriyye	vaka-i-hayriyye	1					 ; [4] olgunlaştıran etrafını çıbanın lapayla neşter→toplam 1		son bir neşter vurmak üzere azgın bir çıbanın etrafını lapayla olgunlaştıran usta bir cerrah gibi	"inci uygulaması, ocağı son bir defa ayaklandırmak için el altından tezgâhlanan bir tuzaktı (kaynak, çağdaş gözlemci Rosen'in benzetmesini aktarır: II. Mahmud \"""
ekokuma_yeniceri.js	101	97	OLCULEMEDI-SLUG-COZULEMEDI		COZULDU	TAM-METIN	vaka-i-hayriyye	vaka-i-hayriyye	1							amcası döneminde girişilen askerî yenilenmenin tahlilini iyi yaptığına, 1807 ve 1808 ayaklanmalarının sebeplerini çözümlediğine	"  metin:""① ÖNCE İKİ BAŞARISIZLIĞIN TAHLİLİ — TDV, II. Mahmud'un aldığı önlemlerin \"""
ekokuma_yeniceri.js	103	97	OLCULEMEDI-SLUG-COZULEMEDI		COZULDU	TAM-METIN	yeniceri	yeniceri	1							biraz zorla da olsa	"nda katkı vermesi beklenen Kadızâde Mehmed Tâhir'in getirilmesi son darbenin yakında vurulacağının işaretiydi. 1826'daki son isyanda ulemâ — TDV'nin kaydıyla \"""
ekokuma_yeniceri.js	105	97	OLCULEMEDI-SLUG-COZULEMEDI		COZULDU	TAM-METIN	vaka-i-hayriyye	vaka-i-hayriyye	1							Dolayısıyla Rum isyanı girişilecek askerî yenilenmede anahtar rolü oynamaktaydı.	"ilerin üzerinde kaldı. Ayrıca İstanbul'da \""sülehânın gördüğü rüyalar\"" tabir edilip yaygınlaştırılarak ahalinin mâneviyatı yükseltiliyordu. ⇒ TDV'nin hükmü: \"""
ekokuma_yeniceri.js	116	112	OLCULEMEDI-SLUG-COZULEMEDI		COZULDU	TAM-METIN	esame	esame	1					sebeplerine eklenmiştir nizamının→esame		böylece ocak nizamının bozulma sebeplerine bir yenisi eklenmiştir	"larının cebine girdi. Dönüm noktası şudur: esâme kâğıtlarının alınıp satılmasına I. Mahmud zamanında (1730-1754) RESMEN İZİN VERİLDİ. TDV'nin hükmü açıktır — \"""
ekokuma_yeniceri.js	172	168	OLCULEMEDI-SLUG-COZULEMEDI		COZULDU	TAM-METIN	haci-bektas-i-veli	haci-bektas-i-veli	1					Bektâşı Hacı Velî→abdal,balim-sultan,bektasilik,haci-bektas-i-veli,haci-bektas-i-veli-kulliyesi,haci-bektas-vilayetnamesi		bugünkü Hacı Bektâş-ı Velî'nin tarihî Hacı Bektâş-ı Velî'nin ölümüyle doğduğunu söylemek tarihî bir gerçeği ifade etmek olacaktır.	"lerinde yarı kutsal sayılan Vilâyetnâme ise ölümünden yaklaşık iki yüz yıl sonra, XV. yüzyılın son çeyreğinde yazıya geçirilmiştir. TDV'nin hükmü çarpıcıdır: \"""
ekokuma_yeniceri.js	173	168	OLCULEMEDI-SLUG-COZULEMEDI		COZULDU	TAM-METIN	bektasilik	bektasilik	1							bir mânada belki 'ilk Bektaşîler' diyebileceğimiz Kalenderî, Vefâî ve Haydarî dervişleri idi	"eki Türkmen beylerinin desteğini alan bu dervişler Orta ve Batı Anadolu'da, ardından ilk Osmanlı fetihleriyle Rumeli'de yayıldılar. TDV'nin ifadesiyle bunlar \"""
ekokuma_yeniceri.js	176	168	OLCULEMEDI-SLUG-COZULEMEDI		COZULDU	TAM-METIN	bektasilik	bektasilik	1							eline, diline, beline sahip olma	"ci temel âyin tarikata giriş merasimi olan İKRAR ÂYİNİ'dir; TDV bunun Maniheizm'deki dine kabul âyiniyle çok kuvvetli benzerlikleri olduğunu söyler ve meşhur \"""
ekokuma_yeniceri.js	177	168	OLCULEMEDI-SLUG-COZULEMEDI		COZULDU	TAM-METIN	bektasilik	bektasilik	1							II. Mahmud'un Bektaşîliğe indirdiği 1826 darbesi eğer başka bir tarikata indirilmiş olsaydı büyük bir ihtimalle o tarikatın dağılıp gitmesi veya en azından zayıflaması işten bile değildi	"keze bağladı. TDV, Bektaşî vakıflarının zenginlik bakımından MEVLEVÎ VAKIFLARINDAN SONRA geldiğini söyler. 📌 Ve bu para, tarikatın hayatta kalmasını açıklar: \"""
ekokuma_yeniceri.js	187	183	OLCULEMEDI-SLUG-COZULEMEDI		COZULDU	TAM-METIN	yeniceri	yeniceri	1					 ; [4] göstermektedir bağlantının zamanlarda çıktığını sonraki→toplam 4		böyle bir bağlantının çok daha sonraki zamanlarda ortaya çıktığını göstermektedir	"börkten söz eder. TDV'nin çıkarımı nettir: ocak askerî bir kurum olarak kuruluş aşamalarını çoktan geride bıraktığı böyle geç bir tarihte bu bağ anılmıyorsa, \"""
ekokuma_yeniceri.js	189	183	OLCULEMEDI-SLUG-COZULEMEDI		COZULDU	TAM-METIN	bektasilik	bektasilik	1							tarikatın hoşa gitmeyen tutumlara girmesini engelleme veya en azından kontrol altında tutma imkânını eline almış	"Bayezid'in Balım Sultan'ı Hacı Bektaş Zâviyesi'nin başına getirmesini tarikatın resmen devlet himayesinde olduğunun göstergesi sayar ve bu siyasetle devletin \"""
ekokuma_yunan.js	91	87	OLCULEMEDI-SLUG-COZULEMEDI		COZULDU	TAM-METIN	yunanistan	yunanistan	1						ingilizce	Avrupa'da güçlü bir akım haline gelen Filhelenizm'in de oluşturduğu kamuoyunun etkisiyle İngiltere ve Rusya…	"İngiltere Rusya'yı yalnız bırakmamak için katıldı\"" gibi yaygın bir hükmü YAZMIYOR: ölçülemedi. Kamuoyu baskısının payı için TDV'nin tek cümlesi elimizdedir: \"""
ekokuma_yunan.js	97	94	OLCULEMEDI-SLUG-COZULEMEDI		COZULDU	TAM-METIN	yunanistan	yunanistan	1						ingilizce	Avrupa'da güçlü bir akım haline gelen Filhelenizm'in de oluşturduğu kamuoyunun etkisiyle İngiltere ve Rusya…	" Yunanistan'ını tanımaktan değil, ANTİK Yunan'ı tanımaktan doğdu. Bu duygunun adı filhelenizmdir ve TDV onu Osmanlı aleyhine işleyen bir güç olarak kaydeder: \"""
gecitler.js	86	83	OLCULEMEDI-SLUG-COZULEMEDI		COZULDU	TAM-METIN	budin	budin	1							Osmanlı hâkimiyeti sırasında burada inşa edilen ilk eser, 1526'da ON GÜN İÇİNDE yapılan Tuna üzerindeki köprüdür… başlangıçta geçici olarak kayıklar (tonbaz) üzerinde kurulmuştu… yetmiş kadar kayık üzerinde… 1686'da Budin düşerken Türkler bu köprüden çekilmişler ve arkalarından bunu yakmışlardır.	"  not:""TDV: '"
gecitler.js	96	93	OLCULEMEDI-SLUG-COZULEMEDI		COZULDU	TAM-METIN	isakca	isakca	1							Aşağı Tuna'nın deltaya yakın kenarında ÖNEMLİ BİR GEÇİT NOKTASI üzerinde bulunur… Aşağı Tuna bölgesinde stratejik bir geçit noktası olarak önemini korudu… II. Bayezid 889'da (1484) İSAKÇA'DAN TUNA'YI GEÇEREK Kili ve Akkirman'ı almıştı… Kaptan Hasan Paşa… bir kale ve Tuna üzerine GEMİLERDEN BİR KÖPRÜ yaptırmış.	"  not:""TDV: '"
gecitler.js	111	108	OLCULEMEDI-SLUG-COZULEMEDI		COZULDU	TAM-METIN	estergon	estergon	1							Uyvar'dan dönmekte olan Osmanlı kuvvetlerinin bir kısmı CİĞERDELEN KÖPRÜSÜ yakınında Miklós Zrínyi tarafından mağlûp edildiği gibi ertesi yıl… Ciğerdelen'i topa tutmaları sonucu palankadaki muhafızlar Estergon'a çekildi, KÖPRÜ DE YIKILDI.	"  not:""TDV: '"
gecitler.js	126	123	OLCULEMEDI-SLUG-COZULEMEDI		COZULDU	TAM-METIN	silistre	silistre	1							Burada YEDİ TAHTA KÖPRÜ, yedi cami… vardır.	"  not:""TDV, Evliya'dan naklen: '"
gecitler.js	136	133	OLCULEMEDI-SLUG-COZULEMEDI		COZULDU	TAM-METIN	semendire	semendire	1							Bir SINIR ŞEHRİ, kalesi ve GÜMRÜK NOKTASI olan Semendire, Belgrad'ın fethinden… sonra önemini yitirdi.	"  not:""TDV: '"
gecitler.js	152	149	OLCULEMEDI-SLUG-COZULEMEDI		COZULDU	TAM-METIN	bogurdelen	bogurdelen	1					 ; [4] geçirilmesiyle sonuçlandı sonlarına şubatinda başlayan→toplam 1		1475 sonlarına doğru başlayan kuşatma 1476 ŞUBATINDA kalenin ele geçirilmesiyle sonuçlandı.	"  not:""TDV: '"
gecitler.js	162	159	OLCULEMEDI-SLUG-COZULEMEDI		COZULDU	TAM-METIN	drina-koprusu	drina-koprusu	1					Bârekallāh eltâfsene cisri→ ; Bârekallāh eltâfsene→ ; Bârekallāh eltâfsene cisri kebîr aceb→ ; Bârekallāh eltâfsene cisri kebîr→ ; [4] Bârekallāh kebîr eltâf aceb cisr→toplam 1		Bârekallāh aceb cisr-i kebîr ü eltâf-sene 985 (1577-78)	"  not:""TDV: kitâbesinde '"
gecitler.js	167	164	OLCULEMEDI-SLUG-COZULEMEDI		COZULDU	TAM-METIN	mostar-koprusu	mostar-koprusu	1					Hayreddin Osmanlı Neretva→mostar-koprusu	ingilizce	hem Osmanlı kaynaklarında hem günümüzdeki Batı kaynaklarında köprünün 974'te (1566-67) tamamlandığı görüşü hâkimdir… Mimar Hayreddin'in eseri… Neretva nehrinin EN DERİN VE EN DAR YERİNE kurulan köprü tek gözlü.	"  not:""TDV: '"
gecitler.js	167	164	OLCULEMEDI-SLUG-COZULEMEDI		COZULDU	TAM-METIN	mostar-koprusu	mostar-koprusu	1		aynı			Osmanlılar ETRAFINDA KURULDUĞU→abbasiler,aden,almanya,anadolu,ankara,arap ; Osmanlılar ETRAFINDA KURULDUĞU TAHTADAN KÖPRÜ→halic,mostar-koprusu,ordu ; [4] deniliyordu Osmanlılar fethettiği yarısında etrafinda→toplam 2		XV. yüzyılın ikinci yarısında Osmanlılar'ın fethettiği şehir TAHTADAN BİR KÖPRÜ ETRAFINDA KURULDUĞU için buraya Most (köprü)… deniliyordu	 Mimar Hayreddin'in eseri… Neretva nehrinin EN DERİN VE EN DAR YERİNE kurulan köprü tek gözlü.' 🟢 VE BU KAYIT `f` TARTIŞMASININ CANLI ÖRNEĞİ: TDV aynı maddede '
gecitler.js	178	175	OLCULEMEDI-SLUG-COZULEMEDI		COZULDU	TAM-METIN	uzunkopru--ergene	uzunkopru--ergene	1					TAMAMLANMIŞTIR Âşıkpaşazâde GÖZDEN→anadolu,istanbul,konya,mehmed-fuad-koprulu,murad-ii,safeviler ; TAMAMLANMIŞTIR Âşıkpaşazâde GÖZDEN Murad beraberindekilerle→uzunkopru--ergene		Âşıkpaşazâde'ye… göre 829 (1426)… yapımına başlanmış ve 847'de (1443) TAMAMLANMIŞTIR… 174 GÖZDEN meydana gelen köprüde en büyük kemer açıklığı 14 metreyi bulmaktadır… II. Murad ve beraberindekilerle birlikte açılışı yapılan.	"  not:""TDV: '"
gecitler.js	188	185	OLCULEMEDI-SLUG-COZULEMEDI		COZULDU	TAM-METIN	meric	meric	1					 ; [4] yapılmasına mimarisini dedirtecek etkilemiş döneminin→toplam 1		"Meriç Tunca ile birlikte Edirne'nin mimarisini de etkilemiş ve âdeta buraya KÖPRÜLER ŞEHRİ dedirtecek kadar çok sayıda köprü yapılmasına yol açmıştır… Osmanlı döneminin Rumeli'deki ünlü ""orta yol""u Edirne'den ötede Meriç vadisini izliyor."	"  not:""TDV: '"
gecitler.js	198	195	OLCULEMEDI-SLUG-COZULEMEDI		COZULDU	TAM-METIN	ferecik	ferecik	1					KIYISINDAKİ TEKNELERDEN İSKELEDEN→ferecik		1553'te burayı gören Fransız seyyahı Pierre Belon… ayrıca NEHİR KIYISINDAKİ BİR İSKELEDEN ve MERİÇ'TE GEZEN TEKNELERDEN de söz eder.	"  not:""TDV: '"
gecitler.js	204	201	OLCULEMEDI-SLUG-COZULEMEDI		COZULDU	TAM-METIN	hotin	hotin	1							Hotin ayrıca, Orta Avrupa'dan ve Baltık'tan gelip İstanbul'a uzanan tarihî ticaret yolları üzerinde ÖNEMLİ BİR GEÇİT YERİ durumundaydı… Buranın karşısında TURLA ÜSTÜNDE BİR KÖPRÜ KURULDU (İzvança/Zuravno).	"  not:""TDV: '"
gecitler.js	219	216	OLCULEMEDI-SLUG-COZULEMEDI		COZULDU	TAM-METIN	kopru	kopru	1							Kanûnî Sultan Süleyman'ın KARABOĞDAN SEFERİNDE (1538) ordunun AĞIRLIKLARIYLA BİRLİKTE PRUT NEHRİNİ GEÇEBİLMESİ için MİMAR SİNAN'ın yaptığı muhkem AHŞAP KÖPRÜ çok beğenilmiş ve sonradan kendisinin MİMARBAŞILIĞA TAYİNİNE sebep olmuştur.	"  not:""TDV: '"
gecitler.js	224	221	OLCULEMEDI-SLUG-COZULEMEDI		COZULDU	TAM-METIN	ozu	ozu	1							kalenin önünde BİR İSKELESİ bulunduğu, KÜÇÜK BİR FİLONUN bu sularda görev yaptığı, Akkirman, Kili ve İsmâil'e buradan mal taşındığı bilinmektedir.	"  not:""TDV: '"
gecitler.js	245	242	OLCULEMEDI-SLUG-COZULEMEDI		COZULDU	TAM-METIN	rakka	rakka	1					Abdülmelik KIYISINA ÜZERİNE→adana,afrika,ahlat,bahreyn,canakkale-bogazi,istanbul ; Abdülmelik KIYISINA ÜZERİNE NEHRİN Fırat→rakka		Abdülmelik, Fırat'ın KARŞI KIYISINA iki sarayla NEHRİN ÜZERİNE BİR KÖPRÜ yaptırdı.	"  not:""TDV: '"
gecitler.js	261	258	OLCULEMEDI-SLUG-COZULEMEDI		COZULDU	TAM-METIN	cizre	cizre	1					Mezopotamya KULLANDIĞI NOKTASINI→avrupa,cizre,din,hac--salib,islam,osmanlilar		Cizre'nin bulunduğu yörede, eski çağlarda Bâzabdâ Kalesi adı verilen bir kale ve bu kalenin yakınında da DİCLE NEHRİ ÜZERİNDE BİR GEÇİT YERİ vardı… Anadolu'yu Kuzey Mezopotamya'ya bağlayan, BÜYÜK İSKENDER'İN DE DİCLE'Yİ AŞARKEN KULLANDIĞI bu ÖNEMLİ GEÇİT NOKTASINI kontrol eden… Bâzabdâ Kalesi.	"  not:""🔴 EN AÇIK GEÇİT KAYDI. TDV: '"
gecitler.js	261	258	OLCULEMEDI-SLUG-COZULEMEDI		COZULDU	TAM-METIN	cizre	cizre	1					KALINTILARI Sâsânîler KÖPRÜNÜN→antakya,cizre,hasankeyf,irak--ulke,kafkasya,kale		Sâsânîler döneminden kaldığı sanılan KÖPRÜNÜN KALINTILARI	dı… Anadolu'yu Kuzey Mezopotamya'ya bağlayan, BÜYÜK İSKENDER'İN DE DİCLE'Yİ AŞARKEN KULLANDIĞI bu ÖNEMLİ GEÇİT NOKTASINI kontrol eden… Bâzabdâ Kalesi.' Ayrıca '
gecitler.js	266	263	OLCULEMEDI-SLUG-COZULEMEDI		COZULDU	TAM-METIN	diyarbakir	diyarbakir	1							Nasrüddevle'nin uzun süren saltanatı esnasında (1021-1061)… DİCLE KÖPRÜSÜ yaptırıldı	"  not:""TDV: '"
gecitler.js	266	263	OLCULEMEDI-SLUG-COZULEMEDI		COZULDU	TAM-METIN	diyarbakir	diyarbakir	1					 ; [4] üzeri̇ndeki̇ sayılabilir Buradaki arasında eserler→toplam 0		Buradaki önemli eserler arasında, DİCLE ÜZERİNDEKİ ON GÖZLÜ KÖPRÜ ile (1064-1065) bu köprüye bakan Gazi Köşkü sayılabilir.	"  not:""TDV: 'Nasrüddevle'nin uzun süren saltanatı esnasında (1021-1061)… DİCLE KÖPRÜSÜ yaptırıldı' ve '"
gecitler.js	287	284	OLCULEMEDI-SLUG-COZULEMEDI		COZULDU	TAM-METIN	misis	misis	1							Misis yakınında Ceyhan üzerinde Bizans İmparatoru BÜYÜK KONSTANTİNOS'un yaptırdığı köprü, 1736'da orta kemerinin yıkılıp kullanılmaz hale gelmesi üzerine 1766 yılında ONARILDI. Köprü 1832'de… İbrâhim Paşa kumandasındaki Mısır kuvvetlerine karşı Belen'de savaşan Osmanlı ordusu tarafından TAHRİP EDİLDİ.	"  not:""TDV: '"
gecitler.js	287	284	OLCULEMEDI-SLUG-COZULEMEDI		COZULDU	TAM-METIN	misis	misis	1							Adana ile Misis arasında VELÎD KÖPRÜSÜ'nü yaptırdı	Köprü 1832'de… İbrâhim Paşa kumandasındaki Mısır kuvvetlerine karşı Belen'de savaşan Osmanlı ordusu tarafından TAHRİP EDİLDİ.' Ayrıca Mervân 125 (743) yılında '
gecitler.js	302	299	OLCULEMEDI-SLUG-COZULEMEDI		COZULDU	TAM-METIN	amasya	amasya	1					Yeşilırmak TAHTA KÖPRÜ→amasya,anadolu,artuk-b-eksuk,danismendliler,ev,kadi-burhaneddin		şehrin ortasından geçen Yeşilırmak üzerinde BİR TAHTA, ÜÇ DE TAŞ KÖPRÜ mevcuttu.	"  not:""TDV: '"
gecitler.js	328	325	OLCULEMEDI-SLUG-COZULEMEDI		COZULDU	TAM-METIN	tiflis	tiflis	1							Şehrin doğusunda KÜR IRMAĞI ÜZERİNDE İNŞA EDİLMİŞ KÖPRÜYLE ufak bir kale olan soldaki METEHİ'ye ulaşıldığını… yazar.	"  not:""TDV: '"
gecitler.js	334	331	OLCULEMEDI-SLUG-COZULEMEDI		COZULDU	TAM-METIN	kahire	kahire	1					KÖPRÜLERLE SELÂHADDİN KİTÂBELERİ→istanbul,kahire		Zaman içerisinde yapılan MUHTELİF KÖPRÜLERLE Fustat'a bağlanan CÎZE her zaman tarihî ve kültürel önemini korudu… Cîze yolundaki İKİ KÖPRÜNÜN üzerinde bulunan Karakuş adına yazılmış kitâbeler bunların da SELÂHADDİN dönemine ait olduğunu göstermektedir… Kalavun'un, 883-885'te (1478-1480) Kayıtbay'ın ve 1087'de (1676) Hüseyin Paşa'nın adlarını taşıyan TAMİR KİTÂBELERİ bulunan İKİ KÖPRÜ KALMIŞTIR.	"  not:""TDV: '"
gecitler.js	339	336	OLCULEMEDI-SLUG-COZULEMEDI		COZULDU	TAM-METIN	asvan	asvan	1					GEÇEREK KALKIP İslâm→asvan,batililasma,etiyopya,gazzali,kos,mehmed-iii		İslâm'ın ilk devirlerinden itibaren Sudan'dan hacca gidenler ASVAN'DAN KALKIP ÇÖLÜ GEÇEREK Ayzâb'a varırlar, oradan da gemiyle Cidde'ye ulaşırlardı.	"  not:""TDV: '"
gecitler.js	345	342	OLCULEMEDI-SLUG-COZULEMEDI		COZULDU	TAM-METIN	tinbuktu	tinbuktu	1					 ; [4] sürdürmektedir vasitasiyla üzerindeki özelliğini i̇skelesi̇→toplam 0		Şehir, eski kervan yolları üzerindeki ulaşım merkezi olma özelliğini yitirmiş olsa da NEHİR ULAŞIMI (İSKELESİ OLAN KABARA ŞEHRİ VASITASIYLA) açısından önemini sürdürmektedir.	"  not:""TDV: '"
gecitler.js	376	373	OLCULEMEDI-SLUG-COZULEMEDI		COZULDU	TAM-METIN	benares	benares	1							GANJ NEHRİNİN SOLUNDA bulunan… bu eski şehir, bir Hindu merkezi ve aynı zamanda kutsal bir yerdir.	"  not:""TDV: '"
kademe_4ff22b.js	42	42	OLCULEMEDI-SLUG-COZULEMEDI		COZULDU	TAM-METIN	isfahan	isfahan	1					kesinlik merkezi kazanan→abbasiler,anadolu,anayasa,arap,at,atik-valide-sultan-kulliyesi ; kesinlik merkezi kazanan sahlik olmasi→iran,isfahan,islam		1597'de sahlik merkezi olmasi kesinlik kazanan sehir	"  {ad:""Isfahan"", k:1, kaynak:""isfahan"", kd:[{f:""1597-01-01"", t:""1722-10-23"", k:1, m:null}], neden:""TDV: '"
kademe_4ff22b.js	47	47	OLCULEMEDI-SLUG-COZULEMEDI		COZULDU	TAM-METIN	erdebil	erdebil	1							Erdebil yeni devletin dini ve siyasi merkezi haline geldi	"  {ad:""Erdebil"", k:1, kaynak:""erdebil"", neden:""TDV: '"
kademe_4ff22b.js	47	47	OLCULEMEDI-SLUG-COZULEMEDI		COZULDU	TAM-METIN	erdebil	erdebil	1							Erdebil bir hanlik merkezi olmus	"  {ad:""Erdebil"", k:1, kaynak:""erdebil"", neden:""TDV: 'Erdebil yeni devletin dini ve siyasi merkezi haline geldi' (Safevi) ve '"
kademe_4ff22b.js	49	49	OLCULEMEDI-SLUG-COZULEMEDI		COZULDU	TAM-METIN	hive-hanligi	hive-hanligi	1							1557-1558'de bir ara Hive hanligin merkezi oldu	"  {ad:""Hîve"", k:1, kaynak:""hive-hanligi"", neden:""TDV: '"
kademe_4ff22b.js	49	49	OLCULEMEDI-SLUG-COZULEMEDI		COZULDU	TAM-METIN	hive-hanligi	hive-hanligi	1							Bu donemde merkezin Hive'ye tasinmasi hanligin Hive Hanligi olarak taninmasina zemin hazirladi	"  {ad:""Hîve"", k:1, kaynak:""hive-hanligi"", neden:""TDV: '1557-1558'de bir ara Hive hanligin merkezi oldu' ve '"
kademe_4ff22b.js	52	52	OLCULEMEDI-SLUG-COZULEMEDI		COZULDU	TAM-METIN	buhara	buhara	1					 ; [4] devletin merkezi sayede zengin sehir→toplam 81 ; [4] devletin merkezi sayede zengin→toplam 89 ; [4] devletin merkezi sayede→toplam 130		Bu sayede sehir zengin ve buyuk bir devletin merkezi oldu	"  {ad:""Buhara"", k:1, kaynak:""buhara"", neden:""TDV: '"
kademe_4ff22b.js	52	52	OLCULEMEDI-SLUG-COZULEMEDI		COZULDU	TAM-METIN	buhara	buhara	1							buyuk bir idari ve kulturel merkez haline gelecektir	"  {ad:""Buhara"", k:1, kaynak:""buhara"", neden:""TDV: 'Bu sayede sehir zengin ve buyuk bir devletin merkezi oldu' ve '"
kademe_4ff22b.js	53	53	OLCULEMEDI-SLUG-COZULEMEDI		COZULDU	TAM-METIN	seki	seki	1							Hanligin merkezi Seki sehriydi	"01"", t:""1819-01-01"", k:1, m:null}], neden:""TDV: 1578'de Osmanlilar aldiktan sonra 'bir Osmanli sancagi haline getirildi'. 1743'ten sonra Seki Hanligi merkezi: '"
kademe_4ff22b.js	56	56	OLCULEMEDI-SLUG-COZULEMEDI		COZULDU	TAM-METIN	kandehar	kandehar	1					Kandehar kendisine merkez→abbas-i,afganistan,avsarlilar,babur,baburluler,cihangir ; Kandehar kendisine merkez yapti→abbas-i,afganistan,avsarlilar,babur,baburluler,cihangir ; [4] kendisine Kandehar merkez yapti→toplam 29		Kandehar'i kendisine merkez yapti	"  {ad:""Kandehar"", k:2, kaynak:""kandehar"", neden:""TDV: Zunnun Argun '"
kademe_4ff22b.js	57	57	OLCULEMEDI-SLUG-COZULEMEDI		COZULDU	TAM-METIN	karabag	karabag	1					 ; [4] sancaklari almaktaydi Ahistabad Hakari Varand→toplam 1		Berda, Hacin, Ahistabad, Dizak, Hakari ve Varand SANCAKLARI yer almaktaydi	"  {ad:""Berde (Karabağ)"", k:2, kaynak:""karabag"", neden:""TDV, 1593 Osmanli kaydi: '"
kademe_4ff22b.js	59	59	OLCULEMEDI-SLUG-COZULEMEDI		COZULDU	TAM-METIN	huzistan	huzistan	1						ingilizce	Hamdullah el-Mustevfi'ye gore Huzistan'in MERKEZI Suster idi	"  {ad:""Şüşter"", k:1, kaynak:""huzistan"", neden:""TDV: '"
kademe_4ff22b.js	61	61	OLCULEMEDI-SLUG-COZULEMEDI		COZULDU	TAM-METIN	uman	uman	1						ingilizce	Kavasim'in MERKEZI olan Re'sulhayme 1762'de yapilan bir antlasma ile Imam Ahmed'e baglanmayi kabul etti	"  {ad:""Ras el-Hayme (Cülfâr)"", k:1, kaynak:""uman"", neden:""TDV: '"
kademe_4ff22b.js	62	62	OLCULEMEDI-SLUG-COZULEMEDI		COZULDU	TAM-METIN	sistan	sistan	1					MERKEZI Sistan Zerenc→ibnul-esas-abdurrahman-b-muhammed,saffar-yakub-b-leys,samaniler,sistan,zerenc,musa-yabgu	ingilizce	Sistan'in IDARI MERKEZI Zerenc (Zereng)	"  {ad:""Zerenc (Sîstan)"", k:2, kaynak:""sistan"", neden:""TDV: '"
kademe_4ff22b.js	64	64	OLCULEMEDI-SLUG-COZULEMEDI		COZULDU	TAM-METIN	gilan	gilan	1							YONETIM ve ticaret merkezi olan Rest	"  {ad:""Reşt"", k:2, kaynak:""gilan"", neden:""TDV: '"
kademe_4ff22b.js	65	65	OLCULEMEDI-SLUG-COZULEMEDI		COZULDU	TAM-METIN	urmiye	urmiye	1							Urumiye LIVASI Mufassal Defteri	"  {ad:""Urmiye"", k:2, kaynak:""urmiye"", neden:""TDV kaynakcasinda Osmanli tahrir defteri: '"
kademe_4ff22b.js	65	65	OLCULEMEDI-SLUG-COZULEMEDI		COZULDU	TAM-METIN	urmiye	urmiye	1							Tebriz, Erdebil ve Meraga'dan sonra Azerbaycan'daki en buyuk dorduncu yerlesim merkezi	"  {ad:""Urmiye"", k:2, kaynak:""urmiye"", neden:""TDV kaynakcasinda Osmanli tahrir defteri: 'Urumiye LIVASI Mufassal Defteri' — liva = sancak. Ayrica '"
kademe_4ff22b.js	74	74	OLCULEMEDI-SLUG-COZULEMEDI		COZULDU	TAM-METIN	horasan	horasan	1							ummuhat denilen NISABUR, Merv, Belh ve Herat MERKEZLERI etrafinda yer alan dort buyuk bolge	"  {ad:""Nîşâbur"", k:2, kaynak:""horasan"", neden:""TDV: '"
kademe_4ff22b.js	75	75	OLCULEMEDI-SLUG-COZULEMEDI		COZULDU	TAM-METIN	horasan	horasan	1							bolgenin idari merkezi ... MERV idi	"  {ad:""Merv (Mari)"", k:2, kaynak:""horasan"", neden:""TDV: '"
kademe_4ff22b.js	75	75	OLCULEMEDI-SLUG-COZULEMEDI		COZULDU	TAM-METIN	horasan	horasan	1							ummuhat denilen Nisabur, MERV, Belh ve Herat merkezleri	"  {ad:""Merv (Mari)"", k:2, kaynak:""horasan"", neden:""TDV: 'bolgenin idari merkezi ... MERV idi' ve '"
kademe_4ff22b.js	76	76	OLCULEMEDI-SLUG-COZULEMEDI		COZULDU	TAM-METIN	horasan	horasan	1					 ; [4] merkezleri ummuhat denilen Nisabur Herat→toplam 1		ummuhat denilen Nisabur, Merv, BELH ve Herat merkezleri	"  {ad:""Belh"", k:2, kaynak:""horasan"", neden:""TDV: '"
kademe_4ff22b.js	76	76	OLCULEMEDI-SLUG-COZULEMEDI		COZULDU	TAM-METIN	horasan	horasan	1							idare merkezini Merv'den BELH'e tasidiktan sonra	"  {ad:""Belh"", k:2, kaynak:""horasan"", neden:""TDV: 'ummuhat denilen Nisabur, Merv, BELH ve Herat merkezleri' ve '"
kademe_4ff22b.js	78	78	OLCULEMEDI-SLUG-COZULEMEDI		COZULDU	TAM-METIN	horasan	horasan	1							Kuhistan eyaletini teskil eden KAIN ve Bircend bolgeleri	"  {ad:""Kâin"", k:3, kaynak:""horasan"", neden:""TDV: '"
kademe_4ff22b.js	79	79	OLCULEMEDI-SLUG-COZULEMEDI		COZULDU	TAM-METIN	horasan	horasan	1							Kuhistan eyaletini teskil eden Kain ve BIRCEND bolgeleri	"  {ad:""Bîrcend"", k:3, kaynak:""horasan"", neden:""TDV: '"
kademe_4ff22b.js	91	91	OLCULEMEDI-SLUG-COZULEMEDI		COZULDU	TAM-METIN	huzistan	huzistan	1							Ahvaz merkez olmak uzere Zenc isyani	"  {ad:""Ahvaz"", k:3, kaynak:""huzistan"", neden:""TDV Huzistan sehristan listesi: 'AHVAZ' — sehristan, MODERN paragraf ⇒ bir kademe ASAGI. (Maddede ayrica 9. yy '"
kademe_4ff22b.js	94	94	OLCULEMEDI-SLUG-COZULEMEDI		COZULDU	TAM-METIN	taberistan	taberistan	1					BARFURUS BABUL sehirleri→ ; BARFURUS BABUL→ ; BARFURUS BABUL sehirleri onemli diger→ ; BARFURUS BABUL sehirleri onemli→		diger onemli sehirleri BABUL (eski adi: BAR-FURUS)	"  {ad:""Bârfurûş (Bâbil)"", k:3, kaynak:""taberistan"", neden:""TDV Taberistan: '"
kademe_4ff22b.js	97	97	OLCULEMEDI-SLUG-COZULEMEDI		COZULDU	TAM-METIN	kirman	kirman	1							idare merkezini SIRCAN'dan Kirman'a tasiyinca	"  {ad:""Sircân"", k:2, kaynak:""kirman"", neden:""TDV: '"
kademe_4ff22b.js	101	101	OLCULEMEDI-SLUG-COZULEMEDI		COZULDU	TAM-METIN	uman	uman	1					 ; [4] Sultanligi muhafazaya Musendem bureymi Maskat→toplam 0		Uman Sultanligi ... dort MUHAFAZAYA (Maskat, Zafar, Musendem, BUREYMI)	"  {ad:""Buraymî"", k:2, kaynak:""uman"", neden:""TDV: '"
kademe_4ff22b.js	104	104	OLCULEMEDI-SLUG-COZULEMEDI		COZULDU	TAM-METIN	habes-eyaleti	habes-eyaleti	1							Eyaletin cesitli yerlerinde KALE VE GARNIZONLAR kurulmus olup bunlarin basinda Sevakin, Masavva ve DEBARVA geliyordu	"  {ad:""Debârve"", k:4, kaynak:""habes-eyaleti"", neden:""TDV: '"
kademe_4ff22b.js	105	105	OLCULEMEDI-SLUG-COZULEMEDI		COZULDU	TAM-METIN	eritre	eritre	1					BASLATTIKLARI IDARESINI SOMURGE→ ; BASLATTIKLARI IDARESINI→almanya,babiali,bahriye,batililasma,birinci-dunya-savasi,elci ; BASLATTIKLARI IDARESINI SOMURGE ASSAB genisleterek→ ; BASLATTIKLARI IDARESINI SOMURGE ASSAB→		daha once ASSAB'da BASLATTIKLARI SOMURGE IDARESINI bolgenin tamamini icine alacak sekilde genisleterek	"  {ad:""Aseb"", k:2, kaynak:""eritre"", neden:""TDV: '"
kademe_4ff22b.js	107	107	OLCULEMEDI-SLUG-COZULEMEDI		COZULDU	TAM-METIN	zencan	zencan	1					SEHRISTANLARDAN Hudabende Mahinisan→zencan ; [4] sehristanlardan Hudabende Mahinisan Harbende meydana→toplam 1		Ebher, Icerud, Hudabende, Harbende, ZENCAN, Tarim ve Mahinisan adli SEHRISTANLARDAN meydana gelir	"  {ad:""Zencan"", k:2, kaynak:""zencan"", neden:""TDV: 'ZENCAN eyaleti (Ustan-i Zencan)' ve '"
kademe_4ff22b.js	109	109	OLCULEMEDI-SLUG-COZULEMEDI		COZULDU	TAM-METIN	tebriz	tebriz	1		Tebriz eyaletinin 1728 tahriri					1728'de eyalete Serdsahra ... Ardanak/Arvanak, MEREND, Sovukbulak, Zenuz ve Tasuc BAGLIYDI	"  {ad:""Merend"", k:3, kaynak:""tebriz"", neden:""TDV, Tebriz eyaletinin 1728 tahriri: '"
kademe_4ff22b.js	110	110	OLCULEMEDI-SLUG-COZULEMEDI		COZULDU	TAM-METIN	nahcivan	nahcivan	1							Bugun Nahcivan MERKEZ OLMAK UZERE Babek, Sederek, Sahbuz, Serur, Ordubad ve CULFA ILCELERINDEN olusmaktadir	"  {ad:""Culfa"", k:3, kaynak:""nahcivan"", neden:""TDV: '"
kademe_4ff22b.js	112	112	OLCULEMEDI-SLUG-COZULEMEDI		COZULDU	TAM-METIN	huzistan	huzistan	1						ingilizce	Hamdullah el-Mustevfi'ye gore Huzistan'in merkezi Suster idi ve burada ... HUVEYZE (Huzkan) ... gibi SEHIRLER vardi	"  {ad:""Havîza"", k:3, kaynak:""huzistan"", neden:""TDV: '"
kademe_4ff22b.js	115	115	OLCULEMEDI-SLUG-COZULEMEDI		COZULDU	TAM-METIN	simnan	simnan	1					SIMNAN vilayete bolunmus→ ; SIMNAN vilayete→harac,simnan		SIMNAN eyaleti ... dort vilayete bolunmus	"  {ad:""Simnân"", k:2, kaynak:""simnan"", neden:""TDV: '"
kademe_4ff22b.js	117	117	OLCULEMEDI-SLUG-COZULEMEDI		COZULDU	TAM-METIN	afganistan	afganistan	1							en onemlileri KABIL, Kandehar, Herat ... IDARI BOLGELERIDIR	"  {ad:""Kâbil"", k:2, kaynak:""afganistan"", neden:""TDV: '"
kademe_4ff22b.js	118	118	OLCULEMEDI-SLUG-COZULEMEDI		COZULDU	TAM-METIN	afganistan	afganistan	1							GAZNE SEHRI MERKEZ OLMAK UZERE Gazneli Devleti'ni kurdular	"  {ad:""Gazne"", k:2, kaynak:""afganistan"", neden:""TDV: '"
kademe_4ff22b.js	119	119	OLCULEMEDI-SLUG-COZULEMEDI		COZULDU	TAM-METIN	uman	uman	1					 ; [4] yonetiminden ayrildiklari imamlarin yasadigi Semail→toplam 0		NIZVA, Izki ve Semail, Ibazi IMAMLARIN yasadigi ve Maskat yonetiminden AYRILDIKLARI yerler olarak kaldi	"  {ad:""Nizva"", k:2, kaynak:""uman"", neden:""TDV: '"
kademe_8beb2b.js	89	88	OLCULEMEDI-SLUG-COZULEMEDI		COZULDU	TAM-METIN	akmescid	akmescid	1					Akmescid MERKEZ kendisine→akmescid,birgi,giray,iznik,kirim,mahmud-i--osmanli		kalgay sultan (veliaht şehzade) tayin etti ve kendisine Akmescid'i MERKEZ olarak verdi	" neden:""TDV: '"
kademe_8beb2b.js	94	93	OLCULEMEDI-SLUG-COZULEMEDI		COZULDU	TAM-METIN	karasubazar	karasubazar	1							hanlık protokolünde en önde gelen beyler olan ŞIRIN beylerinin de merkezi oluşuydu	" neden:""TDV: 'Kırım Hanlığı döneminde şehirde Kalgay Sultan'ın idaresinde bir KAYMAKAMLIK merkezi olmuştur' ve '"
kademe_d48240.js	132	130	OLCULEMEDI-SLUG-COZULEMEDI		COZULDU	TAM-METIN	kazan-hanligi	kazan-hanligi	1							Adını Kazan sehrinden alan Kazan Hanlığı	"   neden:""TDV: '"
kademe_d48240.js	136	134	OLCULEMEDI-SLUG-COZULEMEDI		COZULDU	TAM-METIN	astarhan-hanligi	astarhan-hanligi	1							Astarhan (Astırhan, Astrahan, Ejderhan) sehri	"   neden:""TDV: hanlığın merkezi '"
kademe_d48240.js	148	146	OLCULEMEDI-SLUG-COZULEMEDI		COZULDU	TAM-METIN	kasim-hanligi	kasim-hanligi	1							Kasım, Yılatom, Satsk ve Temnik KAZALARINI ihtiva ettigi	"   neden:""TDV kaynağın KENDİ terimiyle: hanlığın '"
kademe_d48240.js	152	150	OLCULEMEDI-SLUG-COZULEMEDI		COZULDU	TAM-METIN	rusya	rusya	1							Rus tarihinin siyasi merkezi bu arada Moskova'da sekil bulmaya basladı	"   neden:""TDV: '"
kademe_d48240.js	184	182	OLCULEMEDI-SLUG-COZULEMEDI		COZULDU	TAM-METIN	bulgar	bulgar	1					Bulgar Biler Suvar→bulgar,idil-bulgar-hanligi		Bulgar, Biler, Suvar, Osal, Tetis	"   neden:""kaynak susuyor — TDV maddesi Bulgar'ı '"
kademe_d48240.js	184	182	OLCULEMEDI-SLUG-COZULEMEDI		COZULDU	TAM-METIN	bulgar	bulgar	1					merkezleri ticaret önemli→abbasiler,abdesthane,abdullah-b-mubarek,abdulaziz-el-meymeni,ace,adapazari ; merkezleri ticaret önemli kültür→abbasiler,abdesthane,abdullah-b-mubarek,abdulaziz-el-meymeni,ace,afganistan		önemli kültür ve ticaret merkezleri	"   neden:""kaynak susuyor — TDV maddesi Bulgar'ı 'Bulgar, Biler, Suvar, Osal, Tetis' arasında '"
kademe_d48240.js	606	604	OLCULEMEDI-SLUG-COZULEMEDI		COZULDU	TAM-METIN	miknas	miknas	1					 ; [4] kendisine basşehir yaptırdı bırakıp yılında→toplam 30		Eski basşehir Fas'ı bırakıp Miknas'ı kendisine merkez edinen Mevlay İsmail 1090 (1679) yılında burada büyük bir saray yaptırdı	"   neden:""TDV: '"
kisiler.js	173	173	OLCULEMEDI-SLUG-COZULEMEDI		COZULDU	TAM-METIN	safeviler	safeviler	1						ingilizce	Çaldıran mağlûbiyeti Şah İsmail'in yenilmezliği inancına büyük darbe vurdu.	ü. 1510'da Özbek hükümdarı Şeybânî Han'ı yenilgiye uğrattı. 1514 Çaldıran'da Osmanlı Sultanı I. Selim karşısında ağır bir yenilgiye uğradı; TDV'nin ifadesiyle '
kisiler.js	457	457	OLCULEMEDI-SLUG-COZULEMEDI		COZULDU	TAM-METIN	fransa	fransa	1						diger-latin	Mémoires du Baron de Tott sur les turcs et les tartares	"ki gemi kaptanları ile üst düzey görevlilerin çocuklarından seçildi. Osmanlı hizmetinden ayrıldıktan sonra 1778-1784 yılları arasında kaleme aldığı anılarını \"""
kronoloji_altinorda.js	110	107	OLCULEMEDI-SLUG-COZULEMEDI		COZULDU	TAM-METIN	ozbek-han	ozbek-han	1							yağma kırk gün devam etti	"  d:""Altın Orda süvarileri Tuna'yı aşıp Bizans'ın Trakya topraklarına girdi ve TDV'nin ifadesiyle '"
kronoloji_altinorda.js	146	143	OLCULEMEDI-SLUG-COZULEMEDI		COZULDU	TAM-METIN	altin-orda-hanligi	altin-orda-hanligi	1							Altın Orda'nın bütünlüğü yeniden sağlandı ve devlet eski kudretli günlerine kavuştu.	"  d:""TDV, Özbek Han ile Canıbek Han'ın saltanatlarını birlikte anar: '"
kronoloji_altinorda.js	164	161	OLCULEMEDI-SLUG-COZULEMEDI		COZULDU	TAM-METIN	altin-orda-hanligi	altin-orda-hanligi	1							Berdibeg Han'ın (1357-1359) saltanatı yıllarında Altın Orda yeniden bir karışıklık devrine girdi.	"  d:""TDV: '"
kronoloji_altinorda.js	170	167	OLCULEMEDI-SLUG-COZULEMEDI		COZULDU	TAM-METIN	altin-orda-hanligi	altin-orda-hanligi	1							1360-1380 yılları arasındaki bu dönemde hükümdarlık makamına on dört han geçtiği halde hiçbiri devleti eski kudretine kavuşturamadı.	"  d:""TDV'nin verdiği sayı tek başına dönemi anlatıyor: '"
kronoloji_altinorda.js	254	251	OLCULEMEDI-SLUG-COZULEMEDI		COZULDU	TAM-METIN	altin-orda-hanligi	altin-orda-hanligi	1							Edige Mirza yönetimi ele geçirerek 1419'a kadar devleti idare etti.	"  d:""TDV: '"
kronoloji_altinorda.js	266	263	OLCULEMEDI-SLUG-COZULEMEDI		COZULDU	TAM-METIN	altin-orda-hanligi	altin-orda-hanligi	1							Uluğ Muhammed Han (1419-1422)	"  d:""TDV: '"
kronoloji_altinorda.js	266	263	OLCULEMEDI-SLUG-COZULEMEDI		COZULDU	TAM-METIN	altin-orda-hanligi	altin-orda-hanligi	1							saltanat mücadelesine girmiş olan prensler tarafından tahttan indirildi	"  d:""TDV: 'Uluğ Muhammed Han (1419-1422)' tahta seçildi, fakat '"
kronoloji_altinorda.js	290	287	OLCULEMEDI-SLUG-COZULEMEDI		COZULDU	TAM-METIN	altin-orda-hanligi	altin-orda-hanligi	1							Ahmed Han da (1465-1481) mücadeleyi sürdürdü.	"  d:""TDV: '"
kronoloji_altinorda.js	320	317	OLCULEMEDI-SLUG-COZULEMEDI		COZULDU	TAM-METIN	altin-orda-hanligi	altin-orda-hanligi	1							Şeyh Ahmed Han (1481-1502), dirayetsiz bir hükümdar olduğu için memleketi içine düştüğü buhrandan kurtaramadı.	"  d:""TDV hükmü serttir: '"
kronoloji_cok_1923_1945.js	4688	4675	OLCULEMEDI-SLUG-COZULEMEDI		COZULDU	TAM-METIN	yugoslavya	yugoslavya	1							Ertesi gün hükümet darbesi yapıldı ve 27 Mart sabahında	"  ic_not_d:""TDV '"
kronoloji_cok_anadolu2.js	42	37	OLCULEMEDI-SLUG-COZULEMEDI		COZULDU	TAM-METIN	dulkadirogullari	dulkadirogullari	1							Sivas'ın güneyinde Gemerek ve Gürün'den	"  ic_not_d:""Harita aynı gün Gürün'ü de eretna→dulkadir çeviriyor; TDV bu cümlede yalnız Darende'yi anar, Gürün'ü beyliğin genel sınır tarifinde sayar ('"
kronoloji_cok_anadolu2.js	50	45	OLCULEMEDI-SLUG-COZULEMEDI		COZULDU	TAM-METIN	sahib-ataogullari	sahib-ataogullari	1							Timurtaş'ın emriyle Karahisarıdevle kuşatması kaldırıldı (727/1327)	"  ic_not_d:""Harita Afyon'u 1327-01-01'de sahibata→germiyan çeviriyor; TDV 1327'yi yalnız Eretna'nın Karahisar kuşatmasından geri çekilişi için veriyor ('"
kronoloji_cok_cezayir.js	246	241	OLCULEMEDI-SLUG-COZULEMEDI		COZULDU	TAM-METIN	cezayir	cezayir	1							Napolyon’un 1789’da Mısır’a saldırması	"  ic_not_d:""TDV el koymayı '"
kronoloji_cok_ermeni.js	97	92	OLCULEMEDI-SLUG-COZULEMEDI		COZULDU	TAM-METIN	belgeler	belgeler	1					OsmanlıRus Savaşında Göçürülen→ ; OsmanlıRus Savaşında→ ; OsmanlıRus Savaşında Göçürülen Ermeniler Anadolu→ ; OsmanlıRus Savaşında Göçürülen Ermeniler→ ; [4] Savaşında Göçürülen Ermeniler Osmanlı Anadolu→toplam 9		1828-1829 Osmanlı-Rus Savaşında Doğu Anadolu'dan Rusya'ya Göçürülen Ermeniler	"  ic_not_d:""Göç konusunda TDV'nin dayandığı çalışma: Kemal Beydilli, '"
kronoloji_cok_ermeni.js	113	108	OLCULEMEDI-SLUG-COZULEMEDI		COZULDU	TAM-METIN	sevr-antlasmasi	sevr-antlasmasi	1							Mayıs 1918'de Erivan'da kurulan Ermenistan Cumhuriyeti	"  ic_not_d:""Bağımsızlığın günü TDV'de yok (sevr: '"
kronoloji_cok_gurcistan.js	82	77	OLCULEMEDI-SLUG-COZULEMEDI		COZULDU	TAM-METIN	gurcistan	gurcistan	1		iki			 ; [4] fethedildi Acaristan çevresi Batum→toplam 1		Acaristan (Batum) ve çevresi 1479'da fethedildi	"  ic_not_d:""TDV iki maddede ayrı yıl veriyor: acara '1535', gurcistan '"
kronoloji_cok_gurcistan.js	97	92	OLCULEMEDI-SLUG-COZULEMEDI		COZULDU	TAM-METIN	tiflis	tiflis	1		iki			 ; [4] vekāyi Gürcü şehri yerle göre→toplam 27		Gürcü vekāyi'nâmelerine göre 1536'da şehri yerle bir etti	"  ic_not_d:""TDV'nin iki maddesi Tiflis'in düşüşüne ayrı yıl veriyor: tiflis '"
kronoloji_cok_ince_guney_asya.js	68	63	OLCULEMEDI-SLUG-COZULEMEDI		COZULDU	TAM-METIN	adilsahiler	adilsahiler	1					Âdilşâhîler Efdal kumandasındaki→adilsahiler,muhammed		1659'da Efdal Han kumandasındaki bir Âdilşâhîler ordusunu tuzağa düşürerek mağlûp etti	"    ic_not_kaynak:""TDV: '"
kronoloji_cok_ince_guney_asya.js	143	138	OLCULEMEDI-SLUG-COZULEMEDI		COZULDU	TAM-METIN	adilsahiler	adilsahiler	1					Âdilşâhîler Bâbürlü hâkimiyetini→adilsahiler,asya,baburluler,hindistan,muhammed,nizamsahiler		1636'da Âdilşâhîler Bâbürlü hâkimiyetini tanıyan bir barışa zorlandılar	"    ic_not_kaynak:""TDV: '"
kronoloji_cok_ince_guney_asya.js	159	154	OLCULEMEDI-SLUG-COZULEMEDI		COZULDU	TAM-METIN	kutubsahiler	kutubsahiler	1					Sultan Cemşîd Kulı→ask,bagdat,destan,iran,kutubsahiler,mesnevi		1543'te babası Sultan Kulı'yı öldüren Cemşîd hükümdar oldu	"    ic_not_kaynak:""TDV: '"
kronoloji_cok_ince_guney_asya.js	173	168	OLCULEMEDI-SLUG-COZULEMEDI		COZULDU	TAM-METIN	kutubsahiler	kutubsahiler	1					Gûlkünde Bâbürlü istilâsına→hindistan,kutubsahiler		1655'te Gûlkünde Bâbürlü istilâsına mâruz kaldı	"    ic_not_kaynak:""TDV kendiyle çelişiyor: gulkunde seferi 1656, kutubsahiler '"
kronoloji_cok_ince_misir_orta_asya.js	47	43	OLCULEMEDI-SLUG-COZULEMEDI		COZULDU	TAM-METIN	tilimsan	tilimsan	1					 ; [4] geçirildi biçimde kesin→toplam 120 ; [4] geçirildi biçimde kesin→toplam 120 ; [4] geçirildi biçimde kesin→toplam 120		kesin biçimde ele geçirildi	"    ic_not_t:""TDV yalnız yıl verir. ⚠️ Hanedanın sonu: abdulvadiler 1550 der, tilimsan 960/1553 '"
kronoloji_cok_once1281_afrika.js	375	371	OLCULEMEDI-SLUG-COZULEMEDI		COZULDU	TAM-METIN	kanim	kanim	1					Dîvân Hava bahsedilmektedir→ahd-i-atik,arz-odasi--edirne-sarayi,asya,ay,babiali,babur ; Dîvân Hava bahsedilmektedir girdiğinden dine→kanim		Dîvân ’da Hava’nın 1068’de bu dine girdiğinden bahsedilmektedir	"  kaynak:""TDV: kanim (KÂNİM) — '"
kronoloji_cok_once1281_afrika.js	383	379	OLCULEMEDI-SLUG-COZULEMEDI		COZULDU	TAM-METIN	kanim	kanim	1					Abdülcelîl Hummay Benî→kanim,muhammed		Benî Dûkū’nun son hâkimi Abdülcelîl olup (1071-1075) bölge tarihinde yeni bir devir açan bunun oğlu Hummay’dır (1075-1086)	"  kaynak:""TDV: kanim — '"
kronoloji_cok_once1281_afrika.js	391	387	OLCULEMEDI-SLUG-COZULEMEDI		COZULDU	TAM-METIN	kanim	kanim	1					Seyfiyye Dûneme Hummay→kanim ; [4] güçlülerinden edilmektedir hânedanının ordusuyla Seyfiyye→toplam 1		Dûneme b. Hummay (1086-1140), sahip olduğu ordusuyla Seyfiyye hânedanının en güçlülerinden kabul edilmektedir	"  kaynak:""TDV: kanim — '"
kronoloji_cok_once1281_afrika.js	398	394	OLCULEMEDI-SLUG-COZULEMEDI		COZULDU	TAM-METIN	kanim	kanim	1					Diabalami Dûneme Fizan→kanim	ingilizce	Oğlu Dûneme Diabalami (1210-1248), kuzeyde Fizan bölgesi dahil bütün toprakları Kânim’in hâkimiyeti altına alırken batıdaki sınırlarını Nijer nehrine kadar genişletti	"  kaynak:""TDV: kanim — '"
kronoloji_cok_once1281_anadolu.js	1531	1517	OLCULEMEDI-SLUG-COZULEMEDI		COZULDU	TAM-METIN	dilmacogullari	dilmacogullari	1							558 (1163) yılında Gürcüler’e karşı düzenlenen yeni bir sefere	"  ic_not:""Devletşah'ın katılımı TDV dilmacogullari'ndan: '"
kronoloji_cok_once1281_anadolu.js	2245	2231	OLCULEMEDI-SLUG-COZULEMEDI		COZULDU	TAM-METIN	eyyubiler	eyyubiler	1					 ; [4] Hısnıkeyfâ Âmid Kolu→toplam 13		Hısnıkeyfâ ve Âmid Kolu	"  ic_not:""🟡 Âmid'in kimden alındığı TDV cümlesinde YOK. eyyubi-hisnikeyfa taraflığı ÇIKARIMDIR: eyyubiler tablosu kolu '"
kronoloji_cok_once1281_anadolu.js	2366	2352	OLCULEMEDI-SLUG-COZULEMEDI		COZULDU	TAM-METIN	bizans	bizans	1						ingilizce	II. Theodoros Laskaris’in (1254-1258) kısa saltanat devresi İznik Devleti’nin dış siyasetinde önemli bir değişiklik yapmadı.	"  ic_not:""TDV: '"
kronoloji_cok_once1281_anadolu.js	2722	2709	OLCULEMEDI-SLUG-COZULEMEDI		COZULDU	TAM-METIN	selcuklular	selcuklular	1							Mehmed Bey 17 Muharrem 676’da (20 Haziran 1277)	"  ic_not:""🔴 TDV İÇ ÇELİŞKİ: selcuklular '"
kronoloji_cok_once1281_avrupa.js	130	130	OLCULEMEDI-SLUG-COZULEMEDI		COZULDU	TAM-METIN	usbune	usbune	1							küçük bir meclis tarafından özerk biçimde yönetilen	"yağmaladılar ve şehir halkının bir kısmını katlettiler (27 Cemâziyelevvel 542 / 24 Ekim 1147).'"", ""ic_not_t"": ""Gün TDV'den (yağma/teslim günü). Müslüman taraf '"
kronoloji_cok_once1281_avrupa.js	173	173	OLCULEMEDI-SLUG-COZULEMEDI		COZULDU	TAM-METIN	sicilya	sicilya	1							Krallık 1194’te evlilik yoluyla Alman Hohenstaufen hânedanının eline geçti.	" decisamente la situazione a favore dell'imperatore, che nel 1194 poté finalmente impadronirsi del regno di Sicilia e di Puglia.'"", ""ic_not_t"": ""TDV Sicilya: \"""
kronoloji_cok_once1281_avrupa.js	198	198	OLCULEMEDI-SLUG-COZULEMEDI		COZULDU	TAM-METIN	bulgaristan	bulgaristan	1							Boril (1207-1218) ve II. İvan Asen (1218-1241)	"i · TDV — 'BULGARİSTAN' — https://islamansiklopedisi.org.tr/bulgaristan — alıntı: 'S vlasti ga je 1218. svrgnuo Ivan Asen II.'"", ""ic_not_t"": ""Yalnız yıl. TDV: '"
kronoloji_cok_once1281_iran.js	44	44	OLCULEMEDI-SLUG-COZULEMEDI		COZULDU	TAM-METIN	ziyariler	ziyariler	1							muhtemelen 435 (1043-44) veya 441 (1049)	"larak varlıklarını sürdürdü."",""kaynak"":""TDV: ziyariler (ZİYÂRÎLER)"",""taraflar"":[""ziyari""],""etiket"":[""hanedan-degisimi"",""konu-siyasi""],""ic_not"":""TDV: Enûşirvân '"
kronoloji_cok_once1281_iran.js	100	100	OLCULEMEDI-SLUG-COZULEMEDI		COZULDU	TAM-METIN	karahanlilar	karahanlilar	1							Batı Karahanlılar sona ermiş oldu	"gin (Hasanî) kolunda devam etti."",""kaynak"":""TDV: karahanlilar (KARAHANLILAR)"",""taraflar"":[""bati-karahanli""],""etiket"":[""hanedan-degisimi""],""ic_not"":""TDV burada '"
kronoloji_cok_once1281_iran.js	172	172	OLCULEMEDI-SLUG-COZULEMEDI		COZULDU	TAM-METIN	altin-orda-hanligi	altin-orda-hanligi	1							Abaka Han ile yaptığı savaşta yenilgiye uğradı	"ynak"":""TDV: berke-han (BERKE HAN) · abaka (ABAKA)"",""taraflar"":[""ilhanli"",""altinorda""],""etiket"":[""konu-askeri""],""ic_not"":""⚠️ TDV İÇ ÇELİŞKİ: altin-orda-hanligi '"
kronoloji_cok_once1281_ortadogu.js	44	44	OLCULEMEDI-SLUG-COZULEMEDI		COZULDU	TAM-METIN	suleyhiler	suleyhiler	1							Zilhicce 454 (Aralık 1062)	"ligi"",""fatimi""],""onem"":3,""dunya"":2,""kapsam"":""dis"",""etiket"":[""toprak-kazanc"",""vassal"",""konu-siyasi""],""ic_not_t"":""⚠️ TDV İÇ ÇELİŞKİ: suleyhiler Mekke'ye gelişi \"""
kronoloji_cok_once1281_ortadogu.js	132	132	OLCULEMEDI-SLUG-COZULEMEDI		COZULDU	TAM-METIN	halep	halep	1							17 Safer 579 (11 Haziran 1183)	"’i aldı.\"")"",""taraflar"":[""eyyubi""],""onem"":4,""dunya"":3,""kapsam"":""dis"",""etiket"":[""toprak-kazanc"",""antlasma"",""konu-askeri""],""ic_not_t"":""TDV İÇ ÇELİŞKİ: eyyubiler '"
kronoloji_cok_romanya.js	87	87	OLCULEMEDI-SLUG-COZULEMEDI		COZULDU	TAM-METIN	yas-antlasmasi	yas-antlasmasi	1					 ; [4] Cemâziyelevvel Pazartesi Ocak→toplam 8		15 Cemâziyelevvel 1206 (10 Ocak 1792) Pazartesi	"oğdan'ın komşusu oldu"", ""tur"": ""antlasma"", ""onem"": 4, ""dunya"": 2, ""kapsam"": ""dis"", ""etiket"": [""konu-siyasi"", ""bogdan"", ""rusya""], ""yer_id"": ""Yaş"", ""gun"": ""TDV: '"
kronoloji_cok_senkron_0930.js	27	22	OLCULEMEDI-SLUG-COZULEMEDI		COZULDU	TAM-METIN	mehmed-i	mehmed-i	1		iki					Süleyman'ın Anadolu'dan ayrılmasının ardından	"    ic_not_t:""Gün Süleyman'ın ölüm günüdür (TDV iki maddede aynı). Mehmed'in Bursa'yı alışının günü TDV'de YOK ('"
kronoloji_kirim.js	410	407	OLCULEMEDI-SLUG-COZULEMEDI		COZULDU	TAM-METIN	kirim	kirim	1							Kırım için felâketle neticelenmiştir	"  d:""1768'de başlayan Osmanlı-Rus Savaşı, TDV'nin kendi ifadesiyle \"""
kronoloji_misir.js	83	83	OLCULEMEDI-SLUG-COZULEMEDI		COZULDU	TAM-METIN	misir	misir	1							Rebîülâhir 1189 / Haziran 1775	"{ taraflar:[""misir-eyaleti""], t:""1775-06-01"", b:""Ebu'z-Zeheb'in Zâhir el-Ömer'e karşı seferde ölümü"", gun:"""
merak.js	221	220	OLCULEMEDI-SLUG-COZULEMEDI		COZULDU	TAM-METIN	varna-muharebesi	varna-muharebesi	1					anlamda ateşkes gerçek→afganistan,cemal-abdunnasir,eman,hindistan,irak--ulke,iran ; anlamda ateşkes gerçek geçici olduğu→eman,hindistan,iran,israil,savas,sevr-antlasmasi ; [3] anlamda ateşkes gerçek geçici olduğu barış yoksa→toplam 4 ; [4] anlamda ateşkes gerçek geçici olduğu→toplam 11		gerçek anlamda bir barış mı yoksa geçici bir ateşkes mi olduğu	"şti: Edirne-Segedin Antlaşması (12 Haziran 1444) ve ardından Semendire'nin fiilen Sırbistan'a iadesi (Ağustos 1444) Haçlı tarafının kazancıydı. TDV bu metnin \"""
merak.js	251	250	OLCULEMEDI-SLUG-COZULEMEDI		COZULDU	TAM-METIN	galata	galata	1					Cenevizliler Osmanlı Galata→azapkapi-camii,bahriye,bogazici,ceneviz,eman,eregli ; Cenevizliler Osmanlı Galata Sultan Mehmed→bahriye,bogazici,ceneviz,eman,eregli,galata ; [4] Cenevizliler statülerini fethinden Osmanlı vermedi→toplam 4		Osmanlı fethinden sonra Galata'daki Cenevizliler'e Fâtih Sultan Mehmed eski özerk statülerini vermedi	"ısmı karadan çekilerek Haliç'e indirildi ve zincir savaşılmadan işlevsizleşti; Galata'ya bir asker bile girmedi. Fetihten sonra ise TDV'nin kaydettiği şudur: \"""
merak.js	251	250	OLCULEMEDI-SLUG-COZULEMEDI		COZULDU	TAM-METIN	galata	galata	1					kapitülasyon niteliği imtiyaz→anadolu,asya,cizye,elci,fransa,galata ; [4] kapitülasyon niteliği imtiyaz→toplam 13		imtiyaz ve bir kapitülasyon niteliği	"ı fethinden sonra Galata'daki Cenevizliler'e Fâtih Sultan Mehmed eski özerk statülerini vermedi\"" — Haziran 1453 (Cemâziyelevvel 857) tarihli ahidnâme onlara \"""
merak.js	262	261	OLCULEMEDI-SLUG-COZULEMEDI		COZULDU	TAM-METIN	millet	millet	1					 ; [4] aidiyetine esasına mezhep etnik kavmî→toplam 0		etnik (kavmî) ve lisan aidiyetine değil din ve mezhep esasına	"i ve kendi aralarındaki davalarda kendi mahkemelerine gitme hakkı verirdi; TDV bunun dayanağını \""dinde zorlama yoktur\"" ilkesine bağlar. Millet teşkilatı da \"""
merak_sh104.js	59	58	OLCULEMEDI-SLUG-COZULEMEDI		COZULDU	TAM-METIN	bayezid-ii	bayezid-ii	1							memleketi mâmur, halkı refah içinde görmek isteyen	"      dayanak:""Aynı TDV maddesi II. Bayezid'i '"
merak_sh104.js	59	58	OLCULEMEDI-SLUG-COZULEMEDI		COZULDU	TAM-METIN	bayezid-ii	bayezid-ii	1							mecbur olmadıkça savaştan uzak kalmaya dikkat etmiş	"      dayanak:""Aynı TDV maddesi II. Bayezid'i 'memleketi mâmur, halkı refah içinde görmek isteyen' ve '"
olaylar_ek13.js	68	63	OLCULEMEDI-SLUG-COZULEMEDI		COZULDU	TAM-METIN	tunus	tunus	1					 ; [4] müdahalesine İspanyollar himayesinde Osmanlılar idaresinde→toplam 5	ingilizce	1569'daki Osmanlılar'ın ikinci müdahalesine kadar İspanyollar'ın himayesinde ve III. Mevlây Ahmed'in idaresinde\	"  d:""Şarlken 1535'te Tunus'u aldığında şehri kendisi yönetmemiş, Hafsî sultanı Mevlây Hasan'ı tahta geri oturtmuştu; TDV'nin ifadesiyle Tunus şehri \\\"""
olaylar_ek13.js	80	75	OLCULEMEDI-SLUG-COZULEMEDI		COZULDU	TAM-METIN	tunus	tunus	1							10 Ekim 1573'te İspanyollar, Tunus'ta kontrolü ele geçirmek amacıyla yeni bir harekâta giriştiler. Tunus'u alıp burada 8000 asker bıraktılar.	"  d:""İnebahtı'dan (1571) sonra Kutsal İttifak dağıldığı hâlde İspanya tek başına Kuzey Afrika'ya yüklendi: TDV'nin ifadesiyle \"""
olaylar_ek13.js	252	250	OLCULEMEDI-SLUG-COZULEMEDI		COZULDU	TAM-METIN	bahreyn	bahreyn	1							Portekizliler, 1521'de Bahreyn'i ele geçirdiler\	"  gun:""1521"", ic_not_gun:""(TDV: \\\"""
olaylar_ek13.js	281	276	OLCULEMEDI-SLUG-COZULEMEDI		COZULDU	TAM-METIN	bahreyn	bahreyn	1							1559 yılında Bahreyn'i ele geçirip orada bir üs	"ını hedef alarak Lahsa beylerbeyi Mustafa Paşa kumandasında Bahreyn üzerine yürüdü. Seferin sonucu kaynaklarda ayrışır: TDV İslâm Ansiklopedisi Osmanlılar'ın \"""
olaylar_ek13.js	281	276	OLCULEMEDI-SLUG-COZULEMEDI		COZULDU	TAM-METIN	bahreyn	bahreyn	1						ingilizce	daha sonra tekrar Portekizliler'in idaresine	"ine yürüdü. Seferin sonucu kaynaklarda ayrışır: TDV İslâm Ansiklopedisi Osmanlılar'ın \""1559 yılında Bahreyn'i ele geçirip orada bir üs\"" kurduğunu, adaların \"""
olaylar_ek13.js	292	287	OLCULEMEDI-SLUG-COZULEMEDI		COZULDU	TAM-METIN	bahreyn	bahreyn	1					 ; [4] tarafından kuvvetler bağlı İran→toplam 355 ; [4] tarafından kuvvetler bağlı İran→toplam 355 ; [4] tarafından kuvvetler bağlı→toplam 875		1602'de İran'a bağlı kuvvetler tarafından	"  d:""Şah I. Abbas'ın gönderdiği kuvvetler adadaki isyancılarla birleşerek Portekiz garnizonunu kaleden çıkardı; TDV'nin ifadesiyle adalar \"""
olaylar_ek13.js	321	319	OLCULEMEDI-SLUG-COZULEMEDI		COZULDU	TAM-METIN	bahreyn	bahreyn	1							Bahreyn 1783 yılında Utûb kabilesinden Âl-i Halîfe'nin hâkimiyetine girdi\	"  gun:""1783"", ic_not_gun:""(TDV: \\\"""
olaylar_ek13.js	324	319	OLCULEMEDI-SLUG-COZULEMEDI		COZULDU	TAM-METIN	bahreyn	bahreyn	1							Bahreyn 1783 yılında Utûb kabilesinden Âl-i Halîfe'nin hâkimiyetine girdi.	"kuşattı; Ahmed b. Muhammed b. Halîfe kumandasındaki Utûb kuvvetleri kuşatmayı kırdı ve karşı taarruza geçerek aynı yıl Bahreyn'i aldı. TDV'nin kaydı kısadır: \"""
olaylar_ek13.js	337	332	OLCULEMEDI-SLUG-COZULEMEDI		COZULDU	TAM-METIN	bahreyn	bahreyn	1						ingilizce	21 Mayıs 1861'de İngiltere ile Bahreyn'i temsilen Şeyh Muhammed'in kardeşi Ali, bölgede köle ticaretini ve korsanlığı meneden bir anlaşma imzaladılar\	"  d:""TDV'nin kaydına göre \\\"""
olaylar_ek13.js	402	398	OLCULEMEDI-SLUG-COZULEMEDI		COZULDU	TAM-METIN	biyikli-mehmed-pasa	biyikli-mehmed-pasa	1							ancak dokuz ay sonra	"(Kızıltepe) Savaşı'yla sonuçlandı — Dede Garkın sahrasında bütün gün süren muharebede Kara Han'ın başı kesildi ve ordusu dağıldı. Kale ise TDV'nin ifadesiyle \"""
olaylar_ek14.js	112	112	OLCULEMEDI-SLUG-COZULEMEDI		COZULDU	TAM-METIN	seyhulislam	seyhulislam	1					Osmanlılar şeyhülislâmlığın başlangıcı→fetvahane,hilat,seyhulislam ; [4] şeyhülislâmlığın Osmanlılar başlangıcı müftülük→toplam 2		Osmanlılar'da müftülük ve şeyhülislâmlığın başlangıcı	"ursa"", yer_id:""Bursa"", kisiler:""Molla Fenârî"", d:""Uzun yıllar Bursa kadılığı yapan âlim Molla Fenârî'nin 1425'te Bursa müftülüğüne tayini, TDV'nin ifadesiyle \"""
olaylar_ek17.js	32	29	OLCULEMEDI-SLUG-COZULEMEDI		COZULDU	TAM-METIN	mustafa-i	mustafa-i	1					çehreli sakallı bakışlı→mustafa-i		solgun çehreli, seyrek sakallı, iri siyah gözlü donuk bakışlı	ümüyle tahta çıkan I. Mustafa, kardeşinin sağ bıraktığı ilk şehzade olarak yıllarca sıkı gözetim altında sarayda kapalı yaşamıştı; TDV İslâm Ansiklopedisi onu '
olaylar_ek17.js	118	115	OLCULEMEDI-SLUG-COZULEMEDI		COZULDU	TAM-METIN	prut-antlasmasi	prut-antlasmasi	1							Bu konu ve I. Katerina'nın bundaki rolü daha sonraları abartılarak pek çok defa dile getirilmiş ve her seferinde biraz daha gerçeklerden uzaklaşmış olarak tekrarlanmış, nihayet olayın ayrılmaz bir efsanesi haline gelmiştir.	"rüşvete bağlayan popüler anlatı yüzyıllar boyunca tekrarlandı."", ic_not_d:""⚠️ TDV bunu bir TARİHÎ KAYIT değil bir EFSANE olarak tanımlıyor — kendi ifadesiyle: '"
olaylar_ek17.js	124	121	OLCULEMEDI-SLUG-COZULEMEDI		COZULDU	TAM-METIN	prut-antlasmasi	prut-antlasmasi	1							büyük bir fırsatın kaçırıldığı anlaşılmış ve bu tez karşı fikirde olanlar tarafından yoğun biçimde işlenmiştir.	lı ordusu Rus ordusunu tamamen kuşatmışken barışla yetinilmesi, antlaşmanın hemen ardından tarihçiler arasında tartışma konusu oldu — TDV'nin kendi ifadesiyle '
olaylar_ek21.js	29	19	OLCULEMEDI-SLUG-COZULEMEDI		COZULDU	TAM-METIN	nigbolu	nigbolu	1							1810 yılı Ekim ayında (1808-1812 Türk-Rus savaşı dönemi) Niğbolu, meşhur Rus Generali Michail Kutuzov'un kuvvetleri tarafından ele geçirildi. Ruslar, şehri terketmeden önce 1811 Nisanında kalenin önemli kısmını havaya uçurup şehre büyük zarar verdiler.\	". Altı ay sonra, Tuna hattını tutamayacaklarını görünce şehri boşalttılar; ayrılmadan önce kalenin önemli kısmını havaya uçurdular. TDV'nin kaydı şöyledir: \\\"""
olaylar_ek21.js	43	33	OLCULEMEDI-SLUG-COZULEMEDI		COZULDU	TAM-METIN	silistre	silistre	1					 ; [4] çekilmelerinden geçirmesinden uçurulduğunu yıkılmasını tarafından→toplam 1		1810'da şehir Ruslar tarafından bombalandı… Ruslar'ın şehri ele geçirmesinden sonra ve geri çekilmelerinden önce General Kutuzov Silistre'nin yıkılmasını emretti. 1811 Mayısında çara Silistre surlarının havaya uçurulduğunu bildirdi.\	"ı yok etmeyi seçtiler: General Kutuzov surların yıkılmasını emretti ve 1811 Mayısında çara Silistre surlarının havaya uçurulduğunu bildirdi. TDV'nin kaydı: \\\"""
olaylar_ek21.js	82	77	OLCULEMEDI-SLUG-COZULEMEDI		COZULDU	TAM-METIN	kars	kars	1							Kars, Osmanlı hizmetine girmiş olan Dulkadırlı Mehmed Han tarafından kesin olarak 944'te (1537) Osmanlı topraklarına dahil edilmiştir.\	"leleri alınırken Kars Kalesi'nin de Osmanlılara bağlanmış olması kuvvetle muhtemeldir; ancak şehrin kesin katılışı üç yıl sonradır. TDV'nin kaydı şöyledir: \\\"""
olaylar_ek5.js	115	115	OLCULEMEDI-SLUG-COZULEMEDI		COZULDU	TAM-METIN	mehmed-i	mehmed-i	1							Muharrem 818 / Mart 1415	""",""konu-askeri"",""konu-diplomasi""], b:""Konya kuşatması ve Karamanoğulları ile antlaşma — Hamîd-ili, Said-ili, Beyşehir, Seydişehir ve Akşehir geri alındı"", gun:"""
olaylar_ek8.js	116	102	OLCULEMEDI-SLUG-COZULEMEDI		COZULDU	TAM-METIN	sehrizor	sehrizor	1							Kanûnî'nin Nahcıvan seferi esnasında Bağdat Beylerbeyi Osman Paşa, Şehrizor yöresini ele geçirmekle görevlendirildi.	"  ""kaynak"": ""sehrizor — TDV birebir: '"
olaylar_ok109.js	125	119	OLCULEMEDI-SLUG-COZULEMEDI		COZULDU	TAM-METIN	birinci-dunya-savasi	birinci-dunya-savasi	1							Yenilgiyi kabul eden Avusturya 3 Kasım'da, Almanya da 11 Kasım'da silâhları bıraktılar.	" İtalyanlarla Villa Giusti'de mütareke imzalaması imparatorluğun parçalanmasını hızlandırdı. TDV bu günü açıkça Avusturya'nın silâh bırakışı olarak kaydeder: \"""
olaylar_ok109.js	207	199	OLCULEMEDI-SLUG-COZULEMEDI		COZULDU	TAM-METIN	birinci-dunya-savasi	birinci-dunya-savasi	1							28 Haziran'da Almanya ile Versailles, 10 Eylül'de Avusturya ile Saint-Germain, 27 Kasım'da Bulgaristan ile Neuilly, 4 Haziran 1920'de Macaristan ile Trianon	"ignty as from the date of the Armistice of November 11, 1918.' · birinci-dunya-savasi — antlaşmanın günü ve tarafları TDV'nin bu maddesinden doğrudan alındı: \"""
olaylar_p0044.js	55	51	OLCULEMEDI-SLUG-COZULEMEDI		COZULDU	TAM-METIN	devlet-giray	devlet-giray	1							ilerisi için çok önemli sonuçlar doğuracak bir hamle	"  d:""Moskova Çarlığı 1556'da Astarhan'ı da alarak, TDV'nin ifadesiyle '"
olaylar_p0050.js	48	41	OLCULEMEDI-SLUG-COZULEMEDI		COZULDU	TAM-METIN	bihac	bihac	1					 ; [4] tutuklanmasından hâkimiyetine Tomašević Stjepan Osmanlı→toplam 1	ingilizce	Stjepan Tomašević'in tutuklanmasından sonra Osmanlı hâkimiyetine girdi (1463)	"  ic_not_d:""ATLAS DÜZELECEK YER (koşu sonrası yerleşim yaması): Bihaç kaydında 1592 öncesi hiç d: yok. Aynı TDV gövdesi ayrıca '"
olaylar_p0050.js	88	82	OLCULEMEDI-SLUG-COZULEMEDI		COZULDU	TAM-METIN	misir	misir	1							Sultan Ahmed Fuâd 15 Mart 1922'de kral (melik) unvanını aldı ve Mısır'da monarşi ilân edildi	"  ic_not_gun:""Gün TDV'den: misir gövdesi '"
padisahlar.js	741	741	OLCULEMEDI-SLUG-COZULEMEDI		COZULDU	TAM-METIN	suleyman-ii	suleyman-ii	1							çocuğu olmayan veya yaşamayan	"    cocuk:{oglan:""yok — TDV: '"
paket_01.js	746	746	OLCULEMEDI-SLUG-COZULEMEDI		COZULDU	TAM-METIN	suleyman-ii	suleyman-ii	1							çocuğu olmayan veya yaşamayan	"    cocuk:{oglan:""yok — TDV: '"
paket_01.js	2323	2323	OLCULEMEDI-SLUG-COZULEMEDI		COZULDU	TAM-METIN	mehmed-i	mehmed-i	1							Muharrem 818 / Mart 1415	""",""konu-askeri"",""konu-diplomasi""], b:""Konya kuşatması ve Karamanoğulları ile antlaşma — Hamîd-ili, Said-ili, Beyşehir, Seydişehir ve Akşehir geri alındı"", gun:"""
paket_02.js	209	195	OLCULEMEDI-SLUG-COZULEMEDI		COZULDU	TAM-METIN	sehrizor	sehrizor	1							Kanûnî'nin Nahcıvan seferi esnasında Bağdat Beylerbeyi Osman Paşa, Şehrizor yöresini ele geçirmekle görevlendirildi.	"  ""kaynak"": ""sehrizor — TDV birebir: '"
paket_02.js	1838	1833	OLCULEMEDI-SLUG-COZULEMEDI		COZULDU	TAM-METIN	tunus	tunus	1					 ; [4] müdahalesine İspanyollar himayesinde Osmanlılar idaresinde→toplam 5	ingilizce	1569'daki Osmanlılar'ın ikinci müdahalesine kadar İspanyollar'ın himayesinde ve III. Mevlây Ahmed'in idaresinde\	"  d:""Şarlken 1535'te Tunus'u aldığında şehri kendisi yönetmemiş, Hafsî sultanı Mevlây Hasan'ı tahta geri oturtmuştu; TDV'nin ifadesiyle Tunus şehri \\\"""
paket_02.js	1850	1845	OLCULEMEDI-SLUG-COZULEMEDI		COZULDU	TAM-METIN	tunus	tunus	1							10 Ekim 1573'te İspanyollar, Tunus'ta kontrolü ele geçirmek amacıyla yeni bir harekâta giriştiler. Tunus'u alıp burada 8000 asker bıraktılar.	"  d:""İnebahtı'dan (1571) sonra Kutsal İttifak dağıldığı hâlde İspanya tek başına Kuzey Afrika'ya yüklendi: TDV'nin ifadesiyle \"""
paket_02.js	2022	2020	OLCULEMEDI-SLUG-COZULEMEDI		COZULDU	TAM-METIN	bahreyn	bahreyn	1							Portekizliler, 1521'de Bahreyn'i ele geçirdiler\	"  gun:""1521"", ic_not_gun:""(TDV: \\\"""
paket_02.js	2051	2046	OLCULEMEDI-SLUG-COZULEMEDI		COZULDU	TAM-METIN	bahreyn	bahreyn	1							1559 yılında Bahreyn'i ele geçirip orada bir üs	"ını hedef alarak Lahsa beylerbeyi Mustafa Paşa kumandasında Bahreyn üzerine yürüdü. Seferin sonucu kaynaklarda ayrışır: TDV İslâm Ansiklopedisi Osmanlılar'ın \"""
paket_02.js	2051	2046	OLCULEMEDI-SLUG-COZULEMEDI		COZULDU	TAM-METIN	bahreyn	bahreyn	1						ingilizce	daha sonra tekrar Portekizliler'in idaresine	"ine yürüdü. Seferin sonucu kaynaklarda ayrışır: TDV İslâm Ansiklopedisi Osmanlılar'ın \""1559 yılında Bahreyn'i ele geçirip orada bir üs\"" kurduğunu, adaların \"""
paket_02.js	2062	2057	OLCULEMEDI-SLUG-COZULEMEDI		COZULDU	TAM-METIN	bahreyn	bahreyn	1					 ; [4] tarafından kuvvetler bağlı İran→toplam 355 ; [4] tarafından kuvvetler bağlı İran→toplam 355 ; [4] tarafından kuvvetler bağlı→toplam 875		1602'de İran'a bağlı kuvvetler tarafından	"  d:""Şah I. Abbas'ın gönderdiği kuvvetler adadaki isyancılarla birleşerek Portekiz garnizonunu kaleden çıkardı; TDV'nin ifadesiyle adalar \"""
paket_02.js	2091	2089	OLCULEMEDI-SLUG-COZULEMEDI		COZULDU	TAM-METIN	bahreyn	bahreyn	1							Bahreyn 1783 yılında Utûb kabilesinden Âl-i Halîfe'nin hâkimiyetine girdi\	"  gun:""1783"", ic_not_gun:""(TDV: \\\"""
paket_02.js	2094	2089	OLCULEMEDI-SLUG-COZULEMEDI		COZULDU	TAM-METIN	bahreyn	bahreyn	1							Bahreyn 1783 yılında Utûb kabilesinden Âl-i Halîfe'nin hâkimiyetine girdi.	"kuşattı; Ahmed b. Muhammed b. Halîfe kumandasındaki Utûb kuvvetleri kuşatmayı kırdı ve karşı taarruza geçerek aynı yıl Bahreyn'i aldı. TDV'nin kaydı kısadır: \"""
paket_02.js	2107	2102	OLCULEMEDI-SLUG-COZULEMEDI		COZULDU	TAM-METIN	bahreyn	bahreyn	1						ingilizce	21 Mayıs 1861'de İngiltere ile Bahreyn'i temsilen Şeyh Muhammed'in kardeşi Ali, bölgede köle ticaretini ve korsanlığı meneden bir anlaşma imzaladılar\	"  d:""TDV'nin kaydına göre \\\"""
paket_02.js	2172	2168	OLCULEMEDI-SLUG-COZULEMEDI		COZULDU	TAM-METIN	biyikli-mehmed-pasa	biyikli-mehmed-pasa	1							ancak dokuz ay sonra	"(Kızıltepe) Savaşı'yla sonuçlandı — Dede Garkın sahrasında bütün gün süren muharebede Kara Han'ın başı kesildi ve ordusu dağıldı. Kale ise TDV'nin ifadesiyle \"""
paket_03.js	117	117	OLCULEMEDI-SLUG-COZULEMEDI		COZULDU	TAM-METIN	seyhulislam	seyhulislam	1					Osmanlılar şeyhülislâmlığın başlangıcı→fetvahane,hilat,seyhulislam ; [4] şeyhülislâmlığın Osmanlılar başlangıcı müftülük→toplam 2		Osmanlılar'da müftülük ve şeyhülislâmlığın başlangıcı	"ursa"", yer_id:""Bursa"", kisiler:""Molla Fenârî"", d:""Uzun yıllar Bursa kadılığı yapan âlim Molla Fenârî'nin 1425'te Bursa müftülüğüne tayini, TDV'nin ifadesiyle \"""
paket_04.js	37	34	OLCULEMEDI-SLUG-COZULEMEDI		COZULDU	TAM-METIN	mustafa-i	mustafa-i	1					çehreli sakallı bakışlı→mustafa-i		solgun çehreli, seyrek sakallı, iri siyah gözlü donuk bakışlı	ümüyle tahta çıkan I. Mustafa, kardeşinin sağ bıraktığı ilk şehzade olarak yıllarca sıkı gözetim altında sarayda kapalı yaşamıştı; TDV İslâm Ansiklopedisi onu '
paket_04.js	123	120	OLCULEMEDI-SLUG-COZULEMEDI		COZULDU	TAM-METIN	prut-antlasmasi	prut-antlasmasi	1							Bu konu ve I. Katerina'nın bundaki rolü daha sonraları abartılarak pek çok defa dile getirilmiş ve her seferinde biraz daha gerçeklerden uzaklaşmış olarak tekrarlanmış, nihayet olayın ayrılmaz bir efsanesi haline gelmiştir.	"rüşvete bağlayan popüler anlatı yüzyıllar boyunca tekrarlandı."", ic_not_d:""⚠️ TDV bunu bir TARİHÎ KAYIT değil bir EFSANE olarak tanımlıyor — kendi ifadesiyle: '"
paket_04.js	129	126	OLCULEMEDI-SLUG-COZULEMEDI		COZULDU	TAM-METIN	prut-antlasmasi	prut-antlasmasi	1							büyük bir fırsatın kaçırıldığı anlaşılmış ve bu tez karşı fikirde olanlar tarafından yoğun biçimde işlenmiştir.	lı ordusu Rus ordusunu tamamen kuşatmışken barışla yetinilmesi, antlaşmanın hemen ardından tarihçiler arasında tartışma konusu oldu — TDV'nin kendi ifadesiyle '
paket_04.js	662	652	OLCULEMEDI-SLUG-COZULEMEDI		COZULDU	TAM-METIN	nigbolu	nigbolu	1							1810 yılı Ekim ayında (1808-1812 Türk-Rus savaşı dönemi) Niğbolu, meşhur Rus Generali Michail Kutuzov'un kuvvetleri tarafından ele geçirildi. Ruslar, şehri terketmeden önce 1811 Nisanında kalenin önemli kısmını havaya uçurup şehre büyük zarar verdiler.\	". Altı ay sonra, Tuna hattını tutamayacaklarını görünce şehri boşalttılar; ayrılmadan önce kalenin önemli kısmını havaya uçurdular. TDV'nin kaydı şöyledir: \\\"""
paket_04.js	676	666	OLCULEMEDI-SLUG-COZULEMEDI		COZULDU	TAM-METIN	silistre	silistre	1					 ; [4] çekilmelerinden geçirmesinden uçurulduğunu yıkılmasını tarafından→toplam 1		1810'da şehir Ruslar tarafından bombalandı… Ruslar'ın şehri ele geçirmesinden sonra ve geri çekilmelerinden önce General Kutuzov Silistre'nin yıkılmasını emretti. 1811 Mayısında çara Silistre surlarının havaya uçurulduğunu bildirdi.\	"ı yok etmeyi seçtiler: General Kutuzov surların yıkılmasını emretti ve 1811 Mayısında çara Silistre surlarının havaya uçurulduğunu bildirdi. TDV'nin kaydı: \\\"""
paket_04.js	715	710	OLCULEMEDI-SLUG-COZULEMEDI		COZULDU	TAM-METIN	kars	kars	1							Kars, Osmanlı hizmetine girmiş olan Dulkadırlı Mehmed Han tarafından kesin olarak 944'te (1537) Osmanlı topraklarına dahil edilmiştir.\	"leleri alınırken Kars Kalesi'nin de Osmanlılara bağlanmış olması kuvvetle muhtemeldir; ancak şehrin kesin katılışı üç yıl sonradır. TDV'nin kaydı şöyledir: \\\"""
paket_05.js	1211	1208	OLCULEMEDI-SLUG-COZULEMEDI		COZULDU	TAM-METIN	sadiler	sadiler	1							Sûs bölgesinin cihad emîri olarak biat aldı (916/1511)	"  kaynak:""sadiler — f: TDV başlık «Fas’ta hüküm süren bir İslâm hânedanı (1511-1659)», gövde «"
paket_05.js	1651	1649	OLCULEMEDI-SLUG-COZULEMEDI		COZULDU	TAM-METIN	darfur	darfur	1							XV. yüzyılda özellikle orta bölgedeki durum tamamen Tuncûrlar'ın lehine dönmüştür	"  ozet:""Dâcû'lardan ticarî ve siyasî hâkimiyeti devralan hanedan; TDV \"""
paket_05.js	2494	2491	OLCULEMEDI-SLUG-COZULEMEDI		COZULDU	TAM-METIN	polonya	polonya	1							Viyana Kongresi'nin 9 Haziran 1815 tarihli nihaî belgesi	"  kaynak:""polonya — TDV; kuruluş günü TDV'nin kendi verdiği «"
paket_05.js	4118	4115	OLCULEMEDI-SLUG-COZULEMEDI		COZULDU	TAM-METIN	prusya	prusya	1							18 Ocak 1701'de Königsberg'de taç giydi	"  kaynak:""prusya — TDV; gövde 2026-09-03'te okundu. Kuruluş günü TDV'nin kendi verdiği «"
paket_05.js	4118	4115	OLCULEMEDI-SLUG-COZULEMEDI		COZULDU	TAM-METIN	prusya	prusya	1							18 Ocak 1871'de Prusya Kralı I. Wilhelm, Versailles'da Alman imparatoru ilân edildi	"ynak:""prusya — TDV; gövde 2026-09-03'te okundu. Kuruluş günü TDV'nin kendi verdiği «18 Ocak 1701'de Königsberg'de taç giydi». Bitiş günü TDV'nin kendi verdiği «"
paket_05.js	7027	7027	OLCULEMEDI-SLUG-COZULEMEDI		COZULDU	TAM-METIN	amerika	amerika	1		AM — AYNEN			 ; [4] Kolombiya Venezuela ayrilinca Ekvador Granada→toplam 1		Buyuk Kolombiya'dan 1829'da Venezuela, 1830'da da Ekvador ayrilinca geri kalan kisim Yeni Granada adi ile 1863'e kadar devam etti	"          { t:""1830-01-01"", tur:""kurulus"", b:""Ekvador Gran Kolombiya'dan ayrilarak ayri bir cumhuriyet oldu"", kaynak:""TDV-AM — AYNEN: «"
paket_05.js	7038	7038	OLCULEMEDI-SLUG-COZULEMEDI		COZULDU	TAM-METIN	amerika	amerika	1							1829'da Venezuela … ayrilinca	TAN DOGRULANMADI ve kaynak YILDA DA AYRISIYOR.  🔴🔴 HASSASIYET **VE YIL** DUZELTILDI (kalem 3): kunye 1830-01-13 diyor; IKI BAGIMSIZ KAYNAK 1829 diyor — TDV-AM «
paket_05.js	7048	7048	OLCULEMEDI-SLUG-COZULEMEDI		COZULDU	TAM-METIN	amerika	amerika	1		AM — AYNEN					geri kalan kisim Yeni Granada adi ile 1863'e kadar devam etti. Bu tarihte de cumhuriyet ilan edilerek Kolombiya adini aldi	"          { t:""1831-01-01"", tur:""kurulus"", b:""Gran Kolombiya'dan geriye kalan kisim Yeni Granada adiyla devam etti"", kaynak:""TDV-AM — AYNEN: «"
paket_05.js	7648	7647	OLCULEMEDI-SLUG-COZULEMEDI		COZULDU	TAM-METIN	kruya	kruya	1							Charles Thopia Kruya'ya hâkim oldu (1363)	"  ozet:""Orta Arnavutluk'ta Kruya (Akçahisar) merkezli Arnavut hânedanı. TDV: \"""
paket_05.js	7648	7647	OLCULEMEDI-SLUG-COZULEMEDI		COZULDU	TAM-METIN	kruya	kruya	1							Charles ile oğlu ve aynı zamanda halefi olan George burayı 1392'ye kadar ellerinde tuttular.	"  ozet:""Orta Arnavutluk'ta Kruya (Akçahisar) merkezli Arnavut hânedanı. TDV: \""Charles Thopia Kruya'ya hâkim oldu (1363)\"" ve \"""
paket_05.js	8022	8018	OLCULEMEDI-SLUG-COZULEMEDI		COZULDU	TAM-METIN	mozambik	mozambik	1							Mozambik adasını … 1898 yılına kadar … merkezi	idi. A seçilirse künye, iç bölgelerde Mutapa/Manica gibi künyelerle DİZİN düzeyinde örtüşür — harita ayrı kayıtlarla boyar. 🔴 ÇELİŞKİ (başkent taşınması): TDV «
paket_05.js	8219	8215	OLCULEMEDI-SLUG-COZULEMEDI		COZULDU	TAM-METIN	zambiya	zambiya	1					 ; [4] idaresinde Rodezya olurken İngiliz Sömürge→toplam 3		1923'te Güney Rodezya otonom olurken Kuzey Rodezya İngiliz Sömürge Ofisi'nin idaresinde kaldı	 kapsıyor çünkü D-katmanı (d1890-namrod-almanya-swa f:1890-07-01 · d1915-namrod-guneyafrika-isgal) bu kimliği 1890'dan itibaren taraf yazıyor. ⚠️ ÇELİŞKİ: TDV «
paket_05.js	8597	8595	OLCULEMEDI-SLUG-COZULEMEDI		COZULDU	TAM-METIN	murabitlar	murabitlar	1							Ağmât’ı Zenâte’nin elinden aldılar ve burayı geçici başşehir edinerek Murâbıtlar Devleti’ni kurdular (448/1056)	"  ic_not_f:""TDV: '"
paket_05.js	8598	8595	OLCULEMEDI-SLUG-COZULEMEDI		COZULDU	TAM-METIN	murabitlar	murabitlar	1							… Murâbıtlar’ı ortadan kaldırdılar (18 Şevval 541 / 23 Mart 1147)	"  ic_not_t:""TDV: '"
paket_05.js	8610	8608	OLCULEMEDI-SLUG-COZULEMEDI		COZULDU	TAM-METIN	muvahhidler	muvahhidler	1							Devletin resmen teşekkülü ise … onun ölümünün (14 Ramazan 524 / 21 Ağustos 1130) ardından Abdülmü’min el-Kûmî tarafından gerçekleştirildi	"  ic_not_f:""TDV: '"
paket_05.js	8623	8621	OLCULEMEDI-SLUG-COZULEMEDI		COZULDU	TAM-METIN	ziriler	ziriler	1					 ; [4] yerleştirdi Lidînillâh valiliğine Halifesi Bulukkîn→toplam 3		Fâtımî Halifesi Muiz-Lidînillâh, Bulukkîn’i Mağrib valiliğine tayin ederek Kayrevan’a yerleştirdi (361/972)	"  ic_not_f:""TDV: '"
paket_05.js	8624	8621	OLCULEMEDI-SLUG-COZULEMEDI		COZULDU	TAM-METIN	ziriler	ziriler	1							543’te (1148) Norman donanmasının kuşattığı başşehir Mehdiye bir süre sonra teslim oldu, böylece Kuzey Afrika’da Zîrîler dönemi nihayete erdi	"  ic_not_t:""TDV: '"
paket_05.js	8635	8633	OLCULEMEDI-SLUG-COZULEMEDI		COZULDU	TAM-METIN	ziriler	ziriler	1							… Hammâdîler adıyla bağımsız bir devlet kurdu (405/1015)	"  ic_not_f:""TDV: '"
paket_05.js	8647	8645	OLCULEMEDI-SLUG-COZULEMEDI		COZULDU	TAM-METIN	sicilmase	sicilmase	1							Mağrâve Emîri Hazrûn b. Fülfûl, Fâtımî egemenliğini tanıyan Midrârî emîrini öldürüp bu hânedana son verdi (366/976)	"  ic_not_f:""TDV: '"
paket_05.js	8648	8645	OLCULEMEDI-SLUG-COZULEMEDI		COZULDU	TAM-METIN	sicilmase	sicilmase	1							Murâbıtlar 445’te (1053) Sicilmâse’yi ele geçirdiler	"  ic_not_t:""TDV: '"
paket_05.js	8658	8656	OLCULEMEDI-SLUG-COZULEMEDI		COZULDU	TAM-METIN	gane	gane	1							Kuruluşu hakkında bilgi bulunmamakla birlikte … milâttan sonra İlkçağ’lardan itibaren siyasî bir varlık	"  ic_not_f:""KUŞAK UCU, ölçüm DEĞİL (D210). TDV: '"
paket_05.js	8658	8656	OLCULEMEDI-SLUG-COZULEMEDI		COZULDU	TAM-METIN	gane	gane	1							X ve XI. yüzyıllarda en yüksek refah seviyesine ulaşan Gāne Devleti	 TDV: 'Kuruluşu hakkında bilgi bulunmamakla birlikte … milâttan sonra İlkçağ’lardan itibaren siyasî bir varlık' — kuruluş yılı YOK. Devlet 1000'de VARDI (TDV: '
paket_05.js	8680	8678	OLCULEMEDI-SLUG-COZULEMEDI		COZULDU	TAM-METIN	tekrur	tekrur	1					 ; [4] dolaylarında Krallığı yüzyılda şehrinde Bilinen→toplam 16		Bilinen ilk Tekrûr Krallığı IX. yüzyılda Aşağı Senegal nehri dolaylarında Tekrûr şehrinde kuruldu	"  ic_not_f:""KUŞAK UCU, ölçüm DEĞİL (D210). TDV: '"
paket_05.js	8681	8678	OLCULEMEDI-SLUG-COZULEMEDI		COZULDU	TAM-METIN	tekrur	tekrur	1					 ; [4] İmparatorluğu sonlarından yüzyılda ardından Krallığı→toplam 43 ; [4] İmparatorluğu sonlarından yüzyılda ardından→toplam 123 ; [4] İmparatorluğu sonlarından yüzyılda→toplam 155		XIII. yüzyılda … mühim bir güç kaybına uğradı; ardından Gana Krallığı’nın ve XIII. yüzyılın sonlarından itibaren Mali İmparatorluğu’nun himayesi altına girdi	"  ic_not_t:""KUŞAK UCU, ölçüm DEĞİL. TDV: '"
paket_05.js	8917	8915	OLCULEMEDI-SLUG-COZULEMEDI		COZULDU	TAM-METIN	selcuklular	selcuklular	1							Tuğrul Bey, Büyük Selçuklu Devleti'nin ilk hükümdarı oldu (1040-1063)	"  ic_not_f:""Dandanakan zaferi 8 Ramazan 431 / 23 Mayıs 1040; TDV: '"
paket_05.js	8956	8954	OLCULEMEDI-SLUG-COZULEMEDI		COZULDU	TAM-METIN	selcuklular	selcuklular	1					 ; [4] Selçuklu kurulmuş Böylece Devleti Irak→toplam 139 ; [4] Selçuklu kurulmuş Böylece Devleti→toplam 241 ; [4] Selçuklu kurulmuş Böylece→toplam 277		Böylece Irak Selçuklu Devleti kurulmuş oldu	"  ic_not_f:""Mahmud 13 Muharrem 512 / 6 Mayıs 1118'de halife tarafından sultan ilân edildi (TDV). Alternatif: TDV Büyük Selçuklu bölümü '"
paket_05.js	8999	8996	OLCULEMEDI-SLUG-COZULEMEDI		COZULDU	TAM-METIN	karahanlilar	karahanlilar	1					 ; [4] bağımsız kurdular devlet→toplam 208 ; [4] bağımsız kurdular devlet→toplam 208 ; [4] bağımsız kurdular devlet→toplam 208		bağımsız bir devlet kurdular (433/1041-42)	"  ic_not_t:""BÖLÜNME KARARI: TDV bölünmeyi açıkça tarihliyor — Aynüddevle Muhammed ile Böri Tegin İbrâhim Mâverâünnehir'de '"
paket_05.js	8999	8996	OLCULEMEDI-SLUG-COZULEMEDI		COZULDU	TAM-METIN	karahanlilar	karahanlilar	1							bu tarihten itibaren Karahanlılar Doğu ve Batı Karahanlılar olmak üzere ikiye ayrılmıştır	"""BÖLÜNME KARARI: TDV bölünmeyi açıkça tarihliyor — Aynüddevle Muhammed ile Böri Tegin İbrâhim Mâverâünnehir'de 'bağımsız bir devlet kurdular (433/1041-42)' ve '"
paket_05.js	9026	9023	OLCULEMEDI-SLUG-COZULEMEDI		COZULDU	TAM-METIN	karahanlilar	karahanlilar	1							Karahanlılar tarihe karışmış oldu (608/1212)	. Mahmud'la bitişi '(559/1164) Batı Karahanlılar sona ermiş oldu' — ama iktidar aynı devlette Ali Tegin ailesine geçti ve Semerkant tahtı 1212'ye kadar sürdü ('
paket_05.js	9040	9038	OLCULEMEDI-SLUG-COZULEMEDI		COZULDU	TAM-METIN	karahitaylar	karahitaylar	1							başşehri Balasagun olan Karahıtay Devleti'ni kurdu (1130)	"  ic_not_f:""TDV: Kâşgar, Beşbalık ve Hoten'i tâbi kılıp '"
paket_05.js	9070	9067	OLCULEMEDI-SLUG-COZULEMEDI		COZULDU	TAM-METIN	samaniler	samaniler	1							Onun ölümüyle Sâmânîler Devleti tarihe karışmış oldu	"  ic_not_t:""Müntasır'ın ölümü 395/1005, TDV '"
paket_05.js	9113	9110	OLCULEMEDI-SLUG-COZULEMEDI		COZULDU	TAM-METIN	kakuyiler	kakuyiler	1							398'den (1007) önceki bir tarihte	"  ic_not_f:""TDV: temeller '"
paket_05.js	9294	9291	OLCULEMEDI-SLUG-COZULEMEDI		COZULDU	TAM-METIN	idil-bulgar-hanligi	idil-bulgar-hanligi	1							Altın Orda Devleti zamanında yarı bağımlı da olsa siyasî varlıklarını devam ettirdiler	"  ic_not_t:""t = Batu Han'ın 1236 seferiyle ülkenin yakılıp yıkılması (iki TDV maddesi de 1236 der). ⚠️ TDV: '"
paket_05.js	9371	9368	OLCULEMEDI-SLUG-COZULEMEDI		COZULDU	TAM-METIN	danismendliler	danismendliler	1					 ; [4] Dânişmendliler Kılıcarslan zapteden şubesini kaldırdı→toplam 2	ingilizce	Nihayet 25 Ekim 1178’de Malatya’yı zapteden II. Kılıcarslan Dânişmendliler’in bu şubesini de ortadan kaldırdı.	"  ic_not_t:""Gün TDV'de açık: '"
paket_05.js	9385	9382	OLCULEMEDI-SLUG-COZULEMEDI		COZULDU	TAM-METIN	saltuklular	saltuklular	1					 ; [4] hânedanına Saltuklu Haziran Şevval verdi→toplam 2		Saltuklu hânedanına son verdi (2 Şevval 598 / 25 Haziran 1202)	"  ic_not_t:""TDV gün verir: '"
paket_05.js	9397	9394	OLCULEMEDI-SLUG-COZULEMEDI		COZULDU	TAM-METIN	mengucukluler	mengucukluler	1							625 (1228) yılında Sivas’tan harekete geçen Keykubad ... Erzincan’ı ele geçirdi	"  ic_not_t:""Ana (Kemah-Erzincan) kol + Karahisar: TDV '"
paket_05.js	9410	9408	OLCULEMEDI-SLUG-COZULEMEDI		COZULDU	TAM-METIN	ahlatsahlar	ahlatsahlar	1							1100 yılında çağırıp şehri ona teslim etmişlerdir	"  ic_not_f:""TDV başlığı 1100 der ve gövde bunu Ebü'l-Fidâ'ya dayandırır: Ahlat halkı Sökmen'i '"
paket_05.js	9423	9420	OLCULEMEDI-SLUG-COZULEMEDI		COZULDU	TAM-METIN	mervaniler--diyarbakir	mervaniler--diyarbakir	1							6 Cemâziyelevvel 478’de (30 Ağustos 1085) Meyyâfârikīn ele geçirildi ... Böylece Mervânîler hânedanı ortadan kalkmış oldu.	"  ic_not_t:""TDV gün verir: '"
paket_05.js	10104	10100	OLCULEMEDI-SLUG-COZULEMEDI		COZULDU	TAM-METIN	mulukut-tavaif	mulukut-tavaif	1							Böylece ülkede merkezî idarenin yıkılma, beyliklerin kurulma süreci bitmiş ve mülûkü’t-tavâif dönemi başlamış oldu	09 mu 1031 mi: TDV ikisini de verir — emirliklerin ortaya çıkışı 1009 fitnesiyle başlar, ama 'mülûkü’t-tavâif dönemi' TDV'ye göre resmen 422 (1031)'de başlar ('
paket_05.js	10402	10399	OLCULEMEDI-SLUG-COZULEMEDI		COZULDU	TAM-METIN	kars	kars	1							askerî harekât olmadan Selçuklu topraklarına katıldı	"  ic_not_t:""TDV: 456/1064'te Gagik Alparslan'a itaat, Kars '"
paket_05.js	10440	10438	OLCULEMEDI-SLUG-COZULEMEDI		COZULDU	TAM-METIN	seddadiler	seddadiler	1							456'da (1064) Ani'yi fetheden Sultan Alparslan şehrin idaresini ... Menûçihr'e verdi	"  ic_not_f:""TDV: '"
paket_05.js	10581	10579	OLCULEMEDI-SLUG-COZULEMEDI		COZULDU	TAM-METIN	emeviler	emeviler	1							41 yılı Rebîülevvel ayının sonlarında (Temmuz 661) İslâm dünyasının tamamını hâkimiyeti altına aldı	"  ic_not_f:""TDV: '"
paket_05.js	10593	10590	OLCULEMEDI-SLUG-COZULEMEDI		COZULDU	TAM-METIN	sasaniler	sasaniler	1							651 yılında düşmanları tarafından Merv’de öldürülen Yezdicerd	"  ic_not_t:""TDV: '"
paket_05.js	10604	10601	OLCULEMEDI-SLUG-COZULEMEDI		COZULDU	TAM-METIN	tahiriler--horasan	tahiriler--horasan	1					 ; [4] hâkimiyetine tarihinde Tâhirîler Ağustos Nîşâbur→toplam 3	ingilizce	Ya‘kūb b. Leys, Şevval 259 (Ağustos 873) tarihinde Nîşâbur’u da alarak Tâhirîler’in Horasan’daki hâkimiyetine son verdi	"  ic_not_t:""TDV: '"
paket_05.js	10615	10613	OLCULEMEDI-SLUG-COZULEMEDI		COZULDU	TAM-METIN	saffariler	saffariler	1							Ya‘kūb b. Leys es-Saffâr, 247’de (861) Sîstan’a hâkim olduktan sonra	"  ic_not_f:""TDV: '"
paket_05.js	10616	10613	OLCULEMEDI-SLUG-COZULEMEDI		COZULDU	TAM-METIN	saffariler	saffariler	1							Sultan Mahmud onu ele geçirdi … Böylece Saffârîler hânedanı sona erdi (393/1003)	"  ic_not_t:""TDV: '"
paket_05.js	10639	10637	OLCULEMEDI-SLUG-COZULEMEDI		COZULDU	TAM-METIN	tolunogullari	tolunogullari	1						ingilizce	Mısır Valisi Bayık Bey’in vekili sıfatıyla Mısır’a girdi, bu vesileyle hânedanın temellerini attı (254/868)	"  ic_not_f:""TDV: '"
paket_05.js	10640	10637	OLCULEMEDI-SLUG-COZULEMEDI		COZULDU	TAM-METIN	tolunogullari	tolunogullari	1							Şeybân … teslim oldu (Rebîülevvel 292 / Ocak 905). Ertesi gün Abbâsî ordusu Fustat’a girdi	"  ic_not_t:""TDV: '"
paket_05.js	10651	10649	OLCULEMEDI-SLUG-COZULEMEDI		COZULDU	TAM-METIN	ihsidiler	ihsidiler	1							Mısır’da İhşîdîler döneminin temelleri atılmış oldu (Ramazan 323 / Ağustos 935)	"  ic_not_f:""TDV: '"
paket_05.js	10652	10649	OLCULEMEDI-SLUG-COZULEMEDI		COZULDU	TAM-METIN	ihsidiler	ihsidiler	1					 ; [4] İhşîdîler Böylece Devleti Temmuz Cevher→toplam 7		(17 Şâban 358 / 6 Temmuz 969). Cevher aynı gün Fustat’a girdi. Böylece İhşîdîler Devleti sona erdi.	"  ic_not_t:""TDV: '"
paket_05.js	10662	10660	OLCULEMEDI-SLUG-COZULEMEDI		COZULDU	TAM-METIN	aglebiler	aglebiler	1							1. İbrâhim b. Ağleb 184 (800)	"  ic_not_f:""TDV başlığı ve emîr listesi: '"
paket_05.js	10663	10660	OLCULEMEDI-SLUG-COZULEMEDI		COZULDU	TAM-METIN	aglebiler	aglebiler	1							Ziyâdetullah … 18 Mart 909’da götürebileceği kadar eşyayı yanına alarak Mısır’a kaçtı	"  ic_not_t:""TDV: '"
paket_05.js	10673	10671	OLCULEMEDI-SLUG-COZULEMEDI		COZULDU	TAM-METIN	idrisiler	idrisiler	1					İdrîsîler Velîlâ temelleri→idris-ii,idrisiler	ingilizce	Velîlâ merkez olmak üzere İdrîsîler’in temelleri atılmıştı (172/789)	"  ic_not_f:""TDV: '"
paket_05.js	10674	10671	OLCULEMEDI-SLUG-COZULEMEDI		COZULDU	TAM-METIN	idrisiler	idrisiler	1					Mağribi İdrîsî Hâcib→abbasiler,abdurrahman-iii,endulus,hasan-el-idrisi,ibnul-ezrak-el-girnati,idrisiler		Hâcib İbn Ebû Âmir el-Mansûr tarafından gönderilen adamlar tarafından öldürüldü (375/985). II. Hasan’ın ölümüyle Mağrib-i Aksâ’da hüküm süren İdrîsî hânedanı sona ermiş oldu	"  ic_not_t:""TDV: '"
paket_05.js	10684	10682	OLCULEMEDI-SLUG-COZULEMEDI		COZULDU	TAM-METIN	rustemiler	rustemiler	1							imam seçildi ve Rüstemîler Devleti’ni resmen kurmuş oldu (160/777)	"  ic_not_f:""TDV: '"
paket_05.js	10685	10682	OLCULEMEDI-SLUG-COZULEMEDI		COZULDU	TAM-METIN	rustemiler	rustemiler	1							Rüstemî hânedanını sona erdirdi (Şevval 296 / Temmuz 909)	"  ic_not_t:""TDV: '"
paket_05.js	10696	10693	OLCULEMEDI-SLUG-COZULEMEDI		COZULDU	TAM-METIN	midrariler	midrariler	1					 ; [4] hânedanına Midrârî Hazrûn Fülfûl verdi→toplam 2		Hazrûn b. Fülfûl … Midrârî hânedanına son verdi (366/976)	"  ic_not_t:""TDV: '"
paket_05.js	10707	10704	OLCULEMEDI-SLUG-COZULEMEDI		COZULDU	TAM-METIN	hamdaniler	hamdaniler	1						ingilizce	Remle Emîri Müferric b. Dağfel’e yenilerek öldürüldü (369/979); onun ölümüyle de Hamdânîler’in el-Cezîre ve Musul’daki hâkimiyetleri fiilen sona erdi	"  ic_not_t:""TDV: '"
paket_05.js	10718	10716	OLCULEMEDI-SLUG-COZULEMEDI		COZULDU	TAM-METIN	hazarlar	hazarlar	1							Batı Göktürk Devleti yıkılınca Hazarlar bağımsızlıklarını ilân ettiler (630)	"  ic_not_f:""TDV: '"
paket_05.js	10729	10727	OLCULEMEDI-SLUG-COZULEMEDI		COZULDU	TAM-METIN	uygurlar	uygurlar	1							745 yılında Uygur yabgusu Basmıl kağanını …	"  ic_not_f:""TDV: '"
paket_05.js	10730	10727	OLCULEMEDI-SLUG-COZULEMEDI		COZULDU	TAM-METIN	uygurlar	uygurlar	1							840 yılındaki Kırgız saldırısı kağanlığın sonunu getirdi	"  ic_not_t:""TDV: '"
paket_05.js	10740	10738	OLCULEMEDI-SLUG-COZULEMEDI		COZULDU	TAM-METIN	ziyadiler	ziyadiler	1							202 (818) yılında isyanı bastırmak üzere	"  ic_not_f:""TDV: '"
paket_05.js	10741	10738	OLCULEMEDI-SLUG-COZULEMEDI		COZULDU	TAM-METIN	ziyadiler	ziyadiler	1						ingilizce	Nefîs’in Ziyâdî hânedanının son temsilcisi … İbrâhim b. Abdullah’ı … öldürerek tahtı ele geçirmesiyle neticelendi (407/1017)	"  ic_not_t:""TDV: '"
paket_07.js	780	777	OLCULEMEDI-SLUG-COZULEMEDI		COZULDU	TAM-METIN	kirim	kirim	1							Kırım için felâketle neticelenmiştir	"  d:""1768'de başlayan Osmanlı-Rus Savaşı, TDV'nin kendi ifadesiyle \"""
paket_11.js	115	112	OLCULEMEDI-SLUG-COZULEMEDI		COZULDU	TAM-METIN	ozbek-han	ozbek-han	1							yağma kırk gün devam etti	"  d:""Altın Orda süvarileri Tuna'yı aşıp Bizans'ın Trakya topraklarına girdi ve TDV'nin ifadesiyle '"
paket_11.js	151	148	OLCULEMEDI-SLUG-COZULEMEDI		COZULDU	TAM-METIN	altin-orda-hanligi	altin-orda-hanligi	1							Altın Orda'nın bütünlüğü yeniden sağlandı ve devlet eski kudretli günlerine kavuştu.	"  d:""TDV, Özbek Han ile Canıbek Han'ın saltanatlarını birlikte anar: '"
paket_11.js	169	166	OLCULEMEDI-SLUG-COZULEMEDI		COZULDU	TAM-METIN	altin-orda-hanligi	altin-orda-hanligi	1							Berdibeg Han'ın (1357-1359) saltanatı yıllarında Altın Orda yeniden bir karışıklık devrine girdi.	"  d:""TDV: '"
paket_11.js	175	172	OLCULEMEDI-SLUG-COZULEMEDI		COZULDU	TAM-METIN	altin-orda-hanligi	altin-orda-hanligi	1							1360-1380 yılları arasındaki bu dönemde hükümdarlık makamına on dört han geçtiği halde hiçbiri devleti eski kudretine kavuşturamadı.	"  d:""TDV'nin verdiği sayı tek başına dönemi anlatıyor: '"
paket_11.js	259	256	OLCULEMEDI-SLUG-COZULEMEDI		COZULDU	TAM-METIN	altin-orda-hanligi	altin-orda-hanligi	1							Edige Mirza yönetimi ele geçirerek 1419'a kadar devleti idare etti.	"  d:""TDV: '"
paket_11.js	271	268	OLCULEMEDI-SLUG-COZULEMEDI		COZULDU	TAM-METIN	altin-orda-hanligi	altin-orda-hanligi	1							Uluğ Muhammed Han (1419-1422)	"  d:""TDV: '"
paket_11.js	271	268	OLCULEMEDI-SLUG-COZULEMEDI		COZULDU	TAM-METIN	altin-orda-hanligi	altin-orda-hanligi	1							saltanat mücadelesine girmiş olan prensler tarafından tahttan indirildi	"  d:""TDV: 'Uluğ Muhammed Han (1419-1422)' tahta seçildi, fakat '"
paket_11.js	295	292	OLCULEMEDI-SLUG-COZULEMEDI		COZULDU	TAM-METIN	altin-orda-hanligi	altin-orda-hanligi	1							Ahmed Han da (1465-1481) mücadeleyi sürdürdü.	"  d:""TDV: '"
paket_11.js	325	322	OLCULEMEDI-SLUG-COZULEMEDI		COZULDU	TAM-METIN	altin-orda-hanligi	altin-orda-hanligi	1							Şeyh Ahmed Han (1481-1502), dirayetsiz bir hükümdar olduğu için memleketi içine düştüğü buhrandan kurtaramadı.	"  d:""TDV hükmü serttir: '"
paket_11.js	1662	1662	OLCULEMEDI-SLUG-COZULEMEDI		COZULDU	TAM-METIN	misir	misir	1							Rebîülâhir 1189 / Haziran 1775	"{ taraflar:[""misir-eyaleti""], t:""1775-06-01"", b:""Ebu'z-Zeheb'in Zâhir el-Ömer'e karşı seferde ölümü"", gun:"""
paket_12.js	13694	13694	OLCULEMEDI-SLUG-COZULEMEDI		COZULDU	TAM-METIN	safeviler	safeviler	1						ingilizce	Çaldıran mağlûbiyeti Şah İsmail'in yenilmezliği inancına büyük darbe vurdu.	ü. 1510'da Özbek hükümdarı Şeybânî Han'ı yenilgiye uğrattı. 1514 Çaldıran'da Osmanlı Sultanı I. Selim karşısında ağır bir yenilgiye uğradı; TDV'nin ifadesiyle '
paket_12.js	13978	13978	OLCULEMEDI-SLUG-COZULEMEDI		COZULDU	TAM-METIN	fransa	fransa	1						diger-latin	Mémoires du Baron de Tott sur les turcs et les tartares	"ki gemi kaptanları ile üst düzey görevlilerin çocuklarından seçildi. Osmanlı hizmetinden ayrıldıktan sonra 1778-1784 yılları arasında kaleme aldığı anılarını \"""
paket_13.js	467	467	OLCULEMEDI-SLUG-COZULEMEDI		COZULDU	TAM-METIN	ibrail	ibrail	1					 ; [4] sıkıntısı yüzünden yiyecek General Aralık→toplam 8		yiyecek sıkıntısı yüzünden 2 Aralık'ta General Essen'e teslim edildi	"9"",k:3,m:""Silistre""}], tur:""kale"", lat:45.270, lon:27.972, g:0, k:3, m:""Silistre"", isg:[{""f"":""1809-12-02"",""t"":""1812-05-28"",""d"":""rusya"",""kaynak"":""ibrail — TDV: «"
paket_13.js	668	668	OLCULEMEDI-SLUG-COZULEMEDI		COZULDU	TAM-METIN	gurcistan	gurcistan	1							Kartli ve Kahet Tiflis eyaleti haline getirildi	"01 — `kd:` olarak YAZILAMADI, açık borç.  ||  🟢 SINANDI — VE ILK HUKMUM GERI ALINDI (M-3045). Once \""dogru hukum, curuk gerekce\"" demistim; dayanagim TDV'nin \"""
paket_13.js	668	668	OLCULEMEDI-OLU-302	kartli-ve-kahet-tiflis-eyaleti-haline-getirildi	COZULDU	TAM-METIN	gurcistan	gurcistan	1	kartli-ve-kahet-tiflis-eyaleti-haline-getirildi						Kahet yoneticileri … HARACA BAGLANDILAR. Kahet ulkesi OCAKLIK OLARAK … Alexandre'a birakildi.	"gru hukum, curuk gerekce\"" demistim; dayanagim TDV'nin \""Kartli ve Kahet Tiflis eyaleti haline getirildi\"" cumlesiydi ve O CUMLENIN BIR ONCESINI OKUMAMISTIM: \"""
paket_15.js	243	239	OLCULEMEDI-SLUG-COZULEMEDI		COZULDU	TAM-METIN	devlet-giray	devlet-giray	1							ilerisi için çok önemli sonuçlar doğuracak bir hamle	"  d:""Moskova Çarlığı 1556'da Astarhan'ı da alarak, TDV'nin ifadesiyle '"
paket_15.js	593	586	OLCULEMEDI-SLUG-COZULEMEDI		COZULDU	TAM-METIN	bihac	bihac	1					 ; [4] tutuklanmasından hâkimiyetine Tomašević Stjepan Osmanlı→toplam 1	ingilizce	Stjepan Tomašević'in tutuklanmasından sonra Osmanlı hâkimiyetine girdi (1463)	"  ic_not_d:""ATLAS DÜZELECEK YER (koşu sonrası yerleşim yaması): Bihaç kaydında 1592 öncesi hiç d: yok. Aynı TDV gövdesi ayrıca '"
paket_15.js	633	627	OLCULEMEDI-SLUG-COZULEMEDI		COZULDU	TAM-METIN	misir	misir	1							Sultan Ahmed Fuâd 15 Mart 1922'de kral (melik) unvanını aldı ve Mısır'da monarşi ilân edildi	"  ic_not_gun:""Gün TDV'den: misir gövdesi '"
paket_20.js	791	762	OLCULEMEDI-SLUG-COZULEMEDI		COZULDU	TAM-METIN	madagaskar	madagaskar	1							27 Ocak 1897'de de yonetime el koyup kendisini yurt disina surduler	MODERN (2003 nufusu); krallik donemi icin TDV'de cumle YOK ve merina/antananarivo sluglari 302 OLU. Donem baslangici kunyeden (merina f:1787), BITISI TDV'den: '
paket_23.js	293	292	OLCULEMEDI-SLUG-COZULEMEDI		COZULDU	TAM-METIN	ordu--sehir	ordu--sehir	1							vilâyet-i Canik-i Bayramlu maa İskefsir ve Milas	 37,2-38,4D) 0 nokta; Ordu'nun peteği Canik dağlarına doğru serbestçe uzuyordu (§2). Milas, TDV'nin Hacıemîroğulları vilâyetini adlandırdığı iki kaleden biri ('
paket_23.js	391	389	OLCULEMEDI-SLUG-COZULEMEDI		COZULDU	TAM-METIN	el-hac-omer	el-hac-omer	1					 ; [4] kontrolündeki kralının Dingiray Tamba→toplam 1		Tamba kralının kontrolündeki Dingiray'a	"  not:""kur ÜST SINIR: TDV 1848'de Ömer'in '"
paket_24.js	60	58	OLCULEMEDI-SLUG-COZULEMEDI		COZULDU	TAM-METIN	sinkit	sinkit	1					 ; [4] söylenmektedir kurulduğu ikinci defa→toplam 20		ilk defa 160 (776) veya 165 (781)… ikinci defa 660 (1262)… kurulduğu da söylenmektedir	"  not:""kur ÜST SINIR — şehir ÇOK daha eski: TDV '"
paket_24.js	60	58	OLCULEMEDI-SLUG-COZULEMEDI		COZULDU	TAM-METIN	sinkit	sinkit	1							1907'de Şinkît merkez yapıldı	 zincirin HİÇBİR geçişine kaynak YIL vermiyor ⇒ D210 gereği yazılmadı, FAZ 2 borcu (1281-1909). Fransız dilimi: Adrar'ın fethi 1909 (Bonte). ⚠️ TDV çelişkisi: '
paket_24.js	2578	2575	OLCULEMEDI-SLUG-COZULEMEDI		COZULDU	TAM-METIN	gorice	gorice	1							1912-1914 Balkan savaşları sırasında Görice Yunanlılar tarafından ele geçirildi	merkezi. Fetret 1402-1413 Ohri emsali. 1912-11-28 Ergiri EMSALİ (Yunan işgalinden sonra Arnavutluk'a bırakılan aynı sınıf). BİLİNEN EKSİK (isg yazılmadı): TDV '
paket_24.js	2582	2579	OLCULEMEDI-SLUG-COZULEMEDI		COZULDU	TAM-METIN	kesriye	kesriye	1					 ; [4] savaşlarında ordusunca geçirildi Balkan kasaba→toplam 1		1912'deki ilk Balkan savaşlarında kasaba Yunan ordusunca ele geçirildi	i aldı' (YIL). Simeon Uroš Nemanjić'tir ⇒ sirbistan-nemanjic. Fetret Ohri emsali. Osmanlı sonu 1913-11-14 Atina Antlaşması — Vodina/Selanik/Yanya EMSALİ (TDV: '
paket_28.js	612	612	OLCULEMEDI-SLUG-COZULEMEDI		COZULDU	TAM-METIN	erdel	erdel	1							1699 Karlofça Antlaşması ile Erdel Avusturya'ya terkedildi	""", ""t"": ""1699-01-26"", ""sinif"": ""YOK"", ""sinif_kaynak"": ""veri"", ""sinif_not"": ""kaydın kendi beyanı (bölge oturumu Adım 1'i yazmış)"", ""dayanak_kisa"": ""TDV — erdel '"
paket_28.js	613	613	OLCULEMEDI-SLUG-COZULEMEDI		COZULDU	TAM-METIN	erdel	erdel	1							1699 Karlofça Antlaşması ile Erdel Avusturya'ya terkedildi	""", ""t"": ""1859-01-24"", ""sinif"": ""YOK"", ""sinif_kaynak"": ""veri"", ""sinif_not"": ""kaydın kendi beyanı (bölge oturumu Adım 1'i yazmış)"", ""dayanak_kisa"": ""TDV — erdel '"
paket_28.js	614	614	OLCULEMEDI-SLUG-COZULEMEDI		COZULDU	TAM-METIN	erdel	erdel	1							1699 Karlofça Antlaşması ile Erdel Avusturya'ya terkedildi	""", ""t"": ""1878-07-13"", ""sinif"": ""YOK"", ""sinif_kaynak"": ""veri"", ""sinif_not"": ""kaydın kendi beyanı (bölge oturumu Adım 1'i yazmış)"", ""dayanak_kisa"": ""TDV — erdel '"
paket_28.js	615	615	OLCULEMEDI-SLUG-COZULEMEDI		COZULDU	TAM-METIN	erdel	erdel	1							1699 Karlofça Antlaşması ile Erdel Avusturya'ya terkedildi	""", ""t"": ""1699-01-26"", ""sinif"": ""YOK"", ""sinif_kaynak"": ""veri"", ""sinif_not"": ""kaydın kendi beyanı (bölge oturumu Adım 1'i yazmış)"", ""dayanak_kisa"": ""TDV — erdel '"
paket_28.js	616	616	OLCULEMEDI-SLUG-COZULEMEDI		COZULDU	TAM-METIN	erdel	erdel	1							1699 Karlofça Antlaşması ile Erdel Avusturya'ya terkedildi	""", ""t"": ""1859-01-24"", ""sinif"": ""YOK"", ""sinif_kaynak"": ""veri"", ""sinif_not"": ""kaydın kendi beyanı (bölge oturumu Adım 1'i yazmış)"", ""dayanak_kisa"": ""TDV — erdel '"
paket_28.js	617	617	OLCULEMEDI-SLUG-COZULEMEDI		COZULDU	TAM-METIN	erdel	erdel	1							1699 Karlofça Antlaşması ile Erdel Avusturya'ya terkedildi	""", ""t"": ""1878-07-13"", ""sinif"": ""YOK"", ""sinif_kaynak"": ""veri"", ""sinif_not"": ""kaydın kendi beyanı (bölge oturumu Adım 1'i yazmış)"", ""dayanak_kisa"": ""TDV — erdel '"
paket_30.js	72	67	OLCULEMEDI-SLUG-COZULEMEDI		COZULDU	TAM-METIN	dulkadirogullari	dulkadirogullari	1							Sivas'ın güneyinde Gemerek ve Gürün'den	"  ic_not_d:""Harita aynı gün Gürün'ü de eretna→dulkadir çeviriyor; TDV bu cümlede yalnız Darende'yi anar, Gürün'ü beyliğin genel sınır tarifinde sayar ('"
paket_30.js	80	75	OLCULEMEDI-SLUG-COZULEMEDI		COZULDU	TAM-METIN	sahib-ataogullari	sahib-ataogullari	1							Timurtaş'ın emriyle Karahisarıdevle kuşatması kaldırıldı (727/1327)	"  ic_not_d:""Harita Afyon'u 1327-01-01'de sahibata→germiyan çeviriyor; TDV 1327'yi yalnız Eretna'nın Karahisar kuşatmasından geri çekilişi için veriyor ('"
paket_30.js	511	506	OLCULEMEDI-SLUG-COZULEMEDI		COZULDU	TAM-METIN	cezayir	cezayir	1							Napolyon’un 1789’da Mısır’a saldırması	"  ic_not_d:""TDV el koymayı '"
paket_30.js	2777	2777	OLCULEMEDI-SLUG-COZULEMEDI		COZULDU	TAM-METIN	yas-antlasmasi	yas-antlasmasi	1					 ; [4] Cemâziyelevvel Pazartesi Ocak→toplam 8		15 Cemâziyelevvel 1206 (10 Ocak 1792) Pazartesi	"oğdan'ın komşusu oldu"", ""tur"": ""antlasma"", ""onem"": 4, ""dunya"": 2, ""kapsam"": ""dis"", ""etiket"": [""konu-siyasi"", ""bogdan"", ""rusya""], ""yer_id"": ""Yaş"", ""gun"": ""TDV: '"
paket_30.js	4741	4736	OLCULEMEDI-SLUG-COZULEMEDI		COZULDU	TAM-METIN	belgeler	belgeler	1					OsmanlıRus Savaşında Göçürülen→ ; OsmanlıRus Savaşında→ ; OsmanlıRus Savaşında Göçürülen Ermeniler Anadolu→ ; OsmanlıRus Savaşında Göçürülen Ermeniler→ ; [4] Savaşında Göçürülen Ermeniler Osmanlı Anadolu→toplam 9		1828-1829 Osmanlı-Rus Savaşında Doğu Anadolu'dan Rusya'ya Göçürülen Ermeniler	"  ic_not_d:""Göç konusunda TDV'nin dayandığı çalışma: Kemal Beydilli, '"
paket_30.js	4757	4752	OLCULEMEDI-SLUG-COZULEMEDI		COZULDU	TAM-METIN	sevr-antlasmasi	sevr-antlasmasi	1							Mayıs 1918'de Erivan'da kurulan Ermenistan Cumhuriyeti	"  ic_not_d:""Bağımsızlığın günü TDV'de yok (sevr: '"
paket_30.js	5000	4995	OLCULEMEDI-SLUG-COZULEMEDI		COZULDU	TAM-METIN	gurcistan	gurcistan	1		iki			 ; [4] fethedildi Acaristan çevresi Batum→toplam 1		Acaristan (Batum) ve çevresi 1479'da fethedildi	"  ic_not_d:""TDV iki maddede ayrı yıl veriyor: acara '1535', gurcistan '"
paket_30.js	5015	5010	OLCULEMEDI-SLUG-COZULEMEDI		COZULDU	TAM-METIN	tiflis	tiflis	1		iki			 ; [4] vekāyi Gürcü şehri yerle göre→toplam 27		Gürcü vekāyi'nâmelerine göre 1536'da şehri yerle bir etti	"  ic_not_d:""TDV'nin iki maddesi Tiflis'in düşüşüne ayrı yıl veriyor: tiflis '"
sinir_sinif_dizini.js	607	607	OLCULEMEDI-SLUG-COZULEMEDI		COZULDU	TAM-METIN	erdel	erdel	1							1699 Karlofça Antlaşması ile Erdel Avusturya'ya terkedildi	""", ""t"": ""1699-01-26"", ""sinif"": ""YOK"", ""sinif_kaynak"": ""veri"", ""sinif_not"": ""kaydın kendi beyanı (bölge oturumu Adım 1'i yazmış)"", ""dayanak_kisa"": ""TDV — erdel '"
sinir_sinif_dizini.js	608	608	OLCULEMEDI-SLUG-COZULEMEDI		COZULDU	TAM-METIN	erdel	erdel	1							1699 Karlofça Antlaşması ile Erdel Avusturya'ya terkedildi	""", ""t"": ""1859-01-24"", ""sinif"": ""YOK"", ""sinif_kaynak"": ""veri"", ""sinif_not"": ""kaydın kendi beyanı (bölge oturumu Adım 1'i yazmış)"", ""dayanak_kisa"": ""TDV — erdel '"
sinir_sinif_dizini.js	609	609	OLCULEMEDI-SLUG-COZULEMEDI		COZULDU	TAM-METIN	erdel	erdel	1							1699 Karlofça Antlaşması ile Erdel Avusturya'ya terkedildi	""", ""t"": ""1878-07-13"", ""sinif"": ""YOK"", ""sinif_kaynak"": ""veri"", ""sinif_not"": ""kaydın kendi beyanı (bölge oturumu Adım 1'i yazmış)"", ""dayanak_kisa"": ""TDV — erdel '"
sinir_sinif_dizini.js	610	610	OLCULEMEDI-SLUG-COZULEMEDI		COZULDU	TAM-METIN	erdel	erdel	1							1699 Karlofça Antlaşması ile Erdel Avusturya'ya terkedildi	""", ""t"": ""1699-01-26"", ""sinif"": ""YOK"", ""sinif_kaynak"": ""veri"", ""sinif_not"": ""kaydın kendi beyanı (bölge oturumu Adım 1'i yazmış)"", ""dayanak_kisa"": ""TDV — erdel '"
sinir_sinif_dizini.js	611	611	OLCULEMEDI-SLUG-COZULEMEDI		COZULDU	TAM-METIN	erdel	erdel	1							1699 Karlofça Antlaşması ile Erdel Avusturya'ya terkedildi	""", ""t"": ""1859-01-24"", ""sinif"": ""YOK"", ""sinif_kaynak"": ""veri"", ""sinif_not"": ""kaydın kendi beyanı (bölge oturumu Adım 1'i yazmış)"", ""dayanak_kisa"": ""TDV — erdel '"
sinir_sinif_dizini.js	612	612	OLCULEMEDI-SLUG-COZULEMEDI		COZULDU	TAM-METIN	erdel	erdel	1							1699 Karlofça Antlaşması ile Erdel Avusturya'ya terkedildi	""", ""t"": ""1878-07-13"", ""sinif"": ""YOK"", ""sinif_kaynak"": ""veri"", ""sinif_not"": ""kaydın kendi beyanı (bölge oturumu Adım 1'i yazmış)"", ""dayanak_kisa"": ""TDV — erdel '"
yer_yama.js	316	316	OLCULEMEDI-OLU-302	aynalikavak-tenkihnamesi	COZULDU	TAM-METIN	abdulhamid-i	abdulhamid-i	1	aynalikavak-tenkihnamesi						İstanbul'da Aynalıkavak Kasrı'nda yapılan görüşmeler	"Aynalıkavak Kasrı İstanbul'da (Kasımpaşa) bir kasır; havuzda ayrı kayıt yok, İstanbul kullanıldı."", kaynak:""TDV 'aynalikavak-tenkihnamesi' md. — gövde okundu: '"
yer_yama.js	444	444	OLCULEMEDI-SLUG-COZULEMEDI		COZULDU	TAM-METIN	yemen	yemen	1							ayaklanma sırasında Yemen Valisi Fâik Paşa San'a'da kuşatıldı.	"oji_arabistan.js"", t:""1902-01-01"", b:""İmam Yahyâ Hamîdüddin ayaklanmayı başlattı"", yer_id:""Sana"", not:""TDV bu ayaklanmayı doğrudan San'a ile ilişkilendiriyor: '"
yer_yama.js	455	455	OLCULEMEDI-SLUG-COZULEMEDI		COZULDU	TAM-METIN	yarubiler	yarubiler	1						ingilizce	uzun süren iç savaşın ardından 1141 (1728) yılında II. Seyf'in imamlığı kabul edildi	"  { dosya:""kronoloji_arabistan.js"", t:""1728-01-01"", b:""İç savaş sona erdi, II. Seyf'in imameti kabul edildi"", kapsam_genis:true, not:""TDV yalnız '"
yer_yama_acik.js	73	68	OLCULEMEDI-SLUG-COZULEMEDI		COZULDU	TAM-METIN	divrigi	divrigi	1					 ; [4] tarafından zaptedildi Memlükler→toplam 30		Memlükler tarafından zaptedildi (1391)	"  ""hukum"": ""olculecek: kesin olan TEK ŞEY — memluk 1391'den ÖNCE başlayamaz (TDV: '"
yer_yama_gece_v1.js	20	8	OLCULEMEDI-SLUG-COZULEMEDI		COZULDU	TAM-METIN	bahreyn	bahreyn	1						ingilizce	tekrar Portekizliler'in idaresine geçen	 bu üç kimlik için künye yok. Sahipsiz kalıyor, ayrı bir araştırma gerektirir. (2) 1559 Osmanlı seferi (data/olaylar_ek13.js A-14) BİLEREK ATLANDI: TDV metni ('
yer_yama_hadramut_nokta.js	44	44	OLCULEMEDI-SLUG-COZULEMEDI		COZULDU	TAM-METIN	hadramut	hadramut	1						ingilizce	1915'te Hadramut şeyhleriyle ... Ali Said Paşa arasında imzalanan mukavelenâmede ... Kuaytîler'in idaresinde bulunan Şibâm ile Şihr 1919 yılına kadar Osmanlı hâkimiyetinde kaldı	"  v:[{f:""1915-01-01"",t:""1919-01-01"",k:""Osmanlı hâkimiyeti (NOMİNAL — TDV: '"
yer_yama_kademe_m_0905.js	109	107	OLCULEMEDI-SLUG-COZULEMEDI		COZULDU	TAM-METIN	gurcistan	gurcistan	1							Kartli ve Kahet Tiflis eyaleti haline getirildi	"01 — `kd:` olarak YAZILAMADI, açık borç.  ||  🟢 SINANDI — VE ILK HUKMUM GERI ALINDI (M-3045). Once \""dogru hukum, curuk gerekce\"" demistim; dayanagim TDV'nin \"""
yer_yama_kademe_m_0905.js	109	107	OLCULEMEDI-OLU-302	kartli-ve-kahet-tiflis-eyaleti-haline-getirildi	COZULDU	TAM-METIN	gurcistan	gurcistan	1	kartli-ve-kahet-tiflis-eyaleti-haline-getirildi						Kahet yoneticileri … HARACA BAGLANDILAR. Kahet ulkesi OCAKLIK OLARAK … Alexandre'a birakildi.	"gru hukum, curuk gerekce\"" demistim; dayanagim TDV'nin \""Kartli ve Kahet Tiflis eyaleti haline getirildi\"" cumlesiydi ve O CUMLENIN BIR ONCESINI OKUMAMISTIM: \"""
yerlesimler.js	462	462	OLCULEMEDI-SLUG-COZULEMEDI		COZULDU	TAM-METIN	ibrail	ibrail	1					 ; [4] sıkıntısı yüzünden yiyecek General Aralık→toplam 8		yiyecek sıkıntısı yüzünden 2 Aralık'ta General Essen'e teslim edildi	"9"",k:3,m:""Silistre""}], tur:""kale"", lat:45.270, lon:27.972, g:0, k:3, m:""Silistre"", isg:[{""f"":""1809-12-02"",""t"":""1812-05-28"",""d"":""rusya"",""kaynak"":""ibrail — TDV: «"
yerlesimler.js	663	663	OLCULEMEDI-SLUG-COZULEMEDI		COZULDU	TAM-METIN	gurcistan	gurcistan	1							Kartli ve Kahet Tiflis eyaleti haline getirildi	"01 — `kd:` olarak YAZILAMADI, açık borç.  ||  🟢 SINANDI — VE ILK HUKMUM GERI ALINDI (M-3045). Once \""dogru hukum, curuk gerekce\"" demistim; dayanagim TDV'nin \"""
yerlesimler.js	663	663	OLCULEMEDI-OLU-302	kartli-ve-kahet-tiflis-eyaleti-haline-getirildi	COZULDU	TAM-METIN	gurcistan	gurcistan	1	kartli-ve-kahet-tiflis-eyaleti-haline-getirildi						Kahet yoneticileri … HARACA BAGLANDILAR. Kahet ulkesi OCAKLIK OLARAK … Alexandre'a birakildi.	"gru hukum, curuk gerekce\"" demistim; dayanagim TDV'nin \""Kartli ve Kahet Tiflis eyaleti haline getirildi\"" cumlesiydi ve O CUMLENIN BIR ONCESINI OKUMAMISTIM: \"""
yerlesimler_4ff22b.js	62	33	OLCULEMEDI-SLUG-COZULEMEDI		COZULDU	TAM-METIN	madagaskar	madagaskar	1							27 Ocak 1897'de de yonetime el koyup kendisini yurt disina surduler	MODERN (2003 nufusu); krallik donemi icin TDV'de cumle YOK ve merina/antananarivo sluglari 302 OLU. Donem baslangici kunyeden (merina f:1787), BITISI TDV'den: '
yerlesimler_a78_afrika.js	55	53	OLCULEMEDI-SLUG-COZULEMEDI		COZULDU	TAM-METIN	sinkit	sinkit	1					 ; [4] söylenmektedir kurulduğu ikinci defa→toplam 20		ilk defa 160 (776) veya 165 (781)… ikinci defa 660 (1262)… kurulduğu da söylenmektedir	"  not:""kur ÜST SINIR — şehir ÇOK daha eski: TDV '"
yerlesimler_a78_afrika.js	55	53	OLCULEMEDI-SLUG-COZULEMEDI		COZULDU	TAM-METIN	sinkit	sinkit	1							1907'de Şinkît merkez yapıldı	 zincirin HİÇBİR geçişine kaynak YIL vermiyor ⇒ D210 gereği yazılmadı, FAZ 2 borcu (1281-1909). Fransız dilimi: Adrar'ın fethi 1909 (Bonte). ⚠️ TDV çelişkisi: '
yerlesimler_a78_avrupa.js	78	75	OLCULEMEDI-SLUG-COZULEMEDI		COZULDU	TAM-METIN	gorice	gorice	1							1912-1914 Balkan savaşları sırasında Görice Yunanlılar tarafından ele geçirildi	merkezi. Fetret 1402-1413 Ohri emsali. 1912-11-28 Ergiri EMSALİ (Yunan işgalinden sonra Arnavutluk'a bırakılan aynı sınıf). BİLİNEN EKSİK (isg yazılmadı): TDV '
yerlesimler_a78_avrupa.js	82	79	OLCULEMEDI-SLUG-COZULEMEDI		COZULDU	TAM-METIN	kesriye	kesriye	1					 ; [4] savaşlarında ordusunca geçirildi Balkan kasaba→toplam 1		1912'deki ilk Balkan savaşlarında kasaba Yunan ordusunca ele geçirildi	i aldı' (YIL). Simeon Uroš Nemanjić'tir ⇒ sirbistan-nemanjic. Fetret Ohri emsali. Osmanlı sonu 1913-11-14 Atina Antlaşması — Vodina/Selanik/Yanya EMSALİ (TDV: '
yerlesimler_anadolu_0914.js	55	54	OLCULEMEDI-SLUG-COZULEMEDI		COZULDU	TAM-METIN	ordu--sehir	ordu--sehir	1							vilâyet-i Canik-i Bayramlu maa İskefsir ve Milas	 37,2-38,4D) 0 nokta; Ordu'nun peteği Canik dağlarına doğru serbestçe uzuyordu (§2). Milas, TDV'nin Hacıemîroğulları vilâyetini adlandırdığı iki kaleden biri ('
yerlesimler_nokta_afrika_0917.js	21	19	OLCULEMEDI-SLUG-COZULEMEDI		COZULDU	TAM-METIN	el-hac-omer	el-hac-omer	1					 ; [4] kontrolündeki kralının Dingiray Tamba→toplam 1		Tamba kralının kontrolündeki Dingiray'a	"  not:""kur ÜST SINIR: TDV 1848'de Ömer'in '"
ekokuma_alemdar.js	54	48	OLCULEMEDI-SLUG-COZULEMEDI		COZULDU	TAM-METIN-COK	alemdar-mustafa-pasa	alemdar-mustafa-pasa,kabakci-isyani	2							Pınarhisar âyanı Ali Ağa	"İKİ ÖN HAMLE. ① Alemdar henüz yoldayken, isyandan sonra Boğaz nâzırlığını elde etmiş olan Kabakçı Mustafa öldürüldü: TDV'ye göre bu işi Alemdar'ın gönderdiği \"""
ekokuma_rivayet.js	160	157	OLCULEMEDI-SLUG-COZULEMEDI		COZULDU	TAM-METIN-COK	ankara	ankara,ibrail	2							herhangi bir bilgi bulunmamaktadır.	ir sahneye dair bir ayrıntı YOK.\n\nHal'den ölümüne kadar geçen on beş yıl (1623-1639) hakkında TDV'nin kendi ifadesi çarpıcı bir biçimde açık: bu döneme dair '
kademe_4ff22b.js	53	53	OLCULEMEDI-SLUG-COZULEMEDI		COZULDU	TAM-METIN-COK	mehmed-i	mehmed-i,seki	2					 ; [4] getirildi Osmanli sancagi haline→toplam 0		bir Osmanli sancagi haline getirildi	"aynak:""seki"", kd:[{f:""1578-11-01"", t:""1607-01-01"", k:2, m:null}, {f:""1747-01-01"", t:""1819-01-01"", k:1, m:null}], neden:""TDV: 1578'de Osmanlilar aldiktan sonra '"
kademe_4ff22b.js	102	102	OLCULEMEDI-SLUG-COZULEMEDI		COZULDU	TAM-METIN-COK	etiyopya	etiyopya,habesistan	2							Fasilidas Tana golunun kuzeyindeki GONDAR'i BASSEHIR YAPTI (1636)	"  {ad:""Gondar"", k:1, kaynak:""etiyopya"", kd:[{f:""1636-01-01"", t:""1923-10-29"", k:1, m:null}], neden:""TDV: '"
kademe_4ff22b.js	103	103	OLCULEMEDI-SLUG-COZULEMEDI		COZULDU	TAM-METIN-COK	etiyopya	etiyopya,habesistan	2							1531'de BASSEHIR AKSUM'un ele gecirilmesinden sonra da Tigre, Madra, Gojam ve Nube topraklari alindi	"  {ad:""Aksum"", k:1, kaynak:""etiyopya"", neden:""TDV: '"
kronoloji_memluk.js	336	336	OLCULEMEDI-SLUG-COZULEMEDI		COZULDU	TAM-METIN-COK	mercidabik-muharebesi	mercidabik-muharebesi,dabik	2		Mercidâbık					Memlükler'de de ateşli silâhlar vardı, fakat bunları savaş sırasında etkili şekilde kullanmadılar... Ateşli silâhlardan nefret eden Memlük askerî grupları cengâverliğin kılıçla belirlenebileceğini haykırarak meydan okuyorlardı.	turuldu, maaş günleri bile ayrı tutularak üst statülü kölemenlerden fiilen ayrıştırıldı. TDV İslâm Ansiklopedisi'nin Mercidâbık maddesi de bu tutumu doğrular: '
paket_07.js	341	341	OLCULEMEDI-SLUG-COZULEMEDI		COZULDU	TAM-METIN-COK	mercidabik-muharebesi	mercidabik-muharebesi,dabik	2		Mercidâbık					Memlükler'de de ateşli silâhlar vardı, fakat bunları savaş sırasında etkili şekilde kullanmadılar... Ateşli silâhlardan nefret eden Memlük askerî grupları cengâverliğin kılıçla belirlenebileceğini haykırarak meydan okuyorlardı.	turuldu, maaş günleri bile ayrı tutularak üst statülü kölemenlerden fiilen ayrıştırıldı. TDV İslâm Ansiklopedisi'nin Mercidâbık maddesi de bu tutumu doğrular: '
devletler.js	660	658	OLCULEMEDI-SLUG-COZULEMEDI		COZULDU-YOK	YAKIN	marasiler		0	marasiler	marasiler	0.927	sah i abbas zamaninda 1587 1629 cesitli yerlere dagitilmasindan	Abbas dağıtıldılar zamanında→avrupa		Şah I. Abbas zamanında (1587-1629) çeşitli yerlere dağıtıldılar	oldu, sonra Şâhruh izniyle geri döndüyse de eski gücüne ulaşamadı; XVI. yüzyıl başında Safevî'ye bağlı yerel hâkimler olarak sürdü. ⚠️ TDV bitişi YIL VERMEDEN '
devletler.js	6876	6874	OLCULEMEDI-SLUG-COZULEMEDI		COZULDU-YOK	YAKIN	borneo		0	borneo	borneo	0.967	de de serif abdurrahman adindaki hadramutlu bir arap seyyah pontianak sultanligi ni kurdu	Abdurrahman Hadramutlu Sultanlığı→borneo,komor-adalari,malezya,yemen,zengibar		1772'de Şerif Abdurrahman adındaki Hadramutlu bir Arap seyyah Pontianak Sultanlığı'nı kurdu.	"  ozet:""Batı Borneo'da Hadramutlu bir Arap seyyahın kurduğu sultanlık (HANEDAN ÖMRÜ). TDV'nin genel 'borneo' maddesi somut olarak veriyor: '"
ekokuma_bolge0073.js	112	109	OLCULEMEDI-SLUG-COZULEMEDI		COZULDU-YOK	YAKIN	yeniceri		0	yunanistan,yeniceri	Yunanistan | Yeniçeri	0.944	yeniceri ordusunun askeri bir degeri kalmadigini gozler onune sermistir	kalmadığını ordusunun serdiğini→ ; kalmadığını ordusunun→abdulhamid-ii,almanya,bagdat,bedir-gazvesi,caldiran-savasi,damad-ferid-pasa		yeniçeri ordusunun askerî bir değeri kalmadığını gözler önüne serdiğini	"atkı sağladı. ⑥ ORDUNUN KENDİSİ — hâlâ yeniçeri ocağıydı. Yeniçeri Ocağı 1826'ya kadar ayaktaydı ve TDV'nin Yeniçeri maddesi 1768'de başlayan savaş dizisinin \"""
ekokuma_ibrahim.js	86	78	OLCULEMEDI-OLU-302	ibrahim-	COZULDU-YOK	YAKIN	ibrahim--padisah		0	salih-pasa,hezarpare-ahmed-pasa,ibrahim--padisah,ibrahim-		0.99	daha kuvvetli oldugu tahmin edilen bir diger rivayete	kuvvetli rivayet olduğu→ab-i-hayat,abbasiler,abdullah-b-abbas,abdullah-efendi-hastazade,abdullah-b-salih-el-misri,abdurrahman-i		daha kuvvetli olduğu tahmin edilen bir diğer rivayet	n 1057 / 16 Eylül 1647'; TDV hezarpare-ahmed-pasa '17 Eylül 1647'de … katli' ⇒ okura yalnız 'Eylül 1647' yazıldı. 'Daha güçlü bulur' = TDV ibrahim--padisah'ın '
ekokuma_karadeniz.js	128	125	OLCULEMEDI-SLUG-COZULEMEDI		COZULDU-YOK	YAKIN	bogdan		0	bogdan	Boğdan	0.971	bulgaristan ve macaristan gibi bir osmanli pasasi tarafindan idare edilen bir eyalet haline getirmemistir	Bulgaristan Macaristan Osmanlı→abdulhamid-ii,ahmed-vefik-pasa,almanya,anadolu,arnavutluk,avrupa		Bulgaristan ve Macaristan gibi bir Osmanlı paşası tarafından idare edilen bir eyalet haline getirmedi.	 oldu. Aynı ülkenin iki parçası iki ayrı statüye girmişti.\n\nEFLAK VE BOĞDAN — TDV'nin Boğdan maddesine göre Fâtih bu prensliğin iç işlerine karışmadı ve onu '
ekokuma_p76i.js	86	83	OLCULEMEDI-SLUG-COZULEMEDI		COZULDU-YOK	YAKIN	bosna-hersek		0	bosna-hersek	Bosna-Hersek	0.949	siyasi bir ozellik de kazanmis	özellik kazandı siyasî→abbas-mirza,abbasiler,abdal,abdullah-b-abbas,abdurrahman-iii,abdulaziz		siyasî bir özellik de kazandı	ar: 1859 kanunu çiftlik sahibi ile kiracı arasındaki sorunu çözemedi, 'pek tatmin edici olmayan şartlar' bir dizi köylü ayaklanmasına hız verdi ve 1875 isyanı '
ekokuma_p77c.js	67	64	OLCULEMEDI-SLUG-COZULEMEDI		COZULDU-YOK	YAKIN	tehcir		0	tehcir	tehcir	0.936	tek tarafli masumiyet iddialari ve sayisalligin abartisi	mâsumiyet iddiaları sayıların→melek,sahabe,sia,tehcir		tek taraflı mâsumiyet iddiaları ve sayıların abartısı	"ezden gelir ve hukuken tanımlı bir suçu mahkeme yerine parlamentolara karara bağlatır. TDV'nin tehcir maddesi soykırım literatürünün önde gelen adı Dadrian'ı \"""
ekokuma_padisah.js	79	77	OLCULEMEDI-OLU-302	iv-mehmed	COZULDU-YOK	YAKIN	culus		0	iv-mehmed,mehmed-iv,culus	IV. Mehmed | Cülûs	0.983	allah in yardimiyla ve kabiliyeti sayesinde sultan oldugunu	Allah yardımıyla kabiliyeti→akil,bahriye,bedir-gazvesi,bisr-b-mutemir,cinsiyet,culus		Allah'ın yardımıyla ve kabiliyeti sayesinde sultan olduğu	TİNE HİÇ DEĞİNMEZ. TDV'nin genel 'Cülûs' maddesi de IV. Mehmed'in 1648'deki cülusunu özel olarak anıyor, ama yalnızca yayımladığı fermanın içeriği bağlamında ('
kademe_f5c9a5.js	270	270	OLCULEMEDI-OLU-302	sih-imparatorlugu	COZULDU-YOK	YAKIN	amritsar		0	amritsar,sih-imparatorlugu,sih-dini		0.852	bassehri amritsar dahil butun	Amritsar başşehri dahil→amritsar,hiristiyanlik,hindistan,medrese,muhammed		başşehri [X]; Amritsar dahil	"mparatorlugu` künyesi ise baskent=\""Lahor\"" diyor. ⚠️ TDV'nin cümlesi TEK ANLAMLI DEĞİL: \""başşehri Amritsar dahil\"" hem \""başşehri olan Amritsar dahil\"" hem \"""
kronoloji_gurcistan.js	157	153	OLCULEMEDI-SLUG-COZULEMEDI		COZULDU-YOK	YAKIN	ahiska		0	ahiska		0.931	atabegleri lala mustafa pasa nin cildir savasi 1578 sonunda osmanli idaresine girdiler	Mustafa Osmanlı Ahıska→abaza-pasa,ahiska,ahmed-i,anadolu,asya,cildir-eyaleti		Ahıska atabegleri, Lala Mustafa Paşa'nın Çıldır Savaşı sonunda Osmanlı idaresine girdiler	"  kaynak:""cildir-savasi (TDV, zaten doğrulanmış — bkz. data/olaylar_ek2.js) + ahiska (TDV — '"
kronoloji_orta_asya.js	121	117	OLCULEMEDI-SLUG-COZULEMEDI		COZULDU-YOK	YAKIN	kazan-hanligi		0	kazan-hanligi		0.984	kazan kuvvetleriyle moskova ordusu arasinda suzdal sehri civarinda vuku bulan meydan savasinda	Moskova Suzdal Kazan→kasim-hanligi,kazan-hanligi,toktamis-han		Kazan kuvvetleriyle Moskova ordusu arasında Suzdal şehri civarında vuku bulan meydan savaşı	"  kaynak:""kazan-hanligi (TDV — '"
merak.js	281	280	OLCULEMEDI-SLUG-COZULEMEDI		COZULDU-YOK	YAKIN	ankara-savasi		0	ankara-savasi	Ankara Savaşı	0.984	butun anadolu timur a mensup emirler tarafindan istila edildi	Anadolu Timur tarafından→abaka,abdulkadir-i-geylani,abdulkadir-i-meragi,afyonkarahisar,aga,agri		bütün Anadolu Timur'a mensub emîrler tarafından istilâ edildi	"      dayanak:""TDV'nin Ankara Savaşı maddesi sonucu iki cümleyle özetler — \"""
olaylar_ek7.js	105	105	OLCULEMEDI-SLUG-COZULEMEDI		COZULDU-YOK	YAKIN	damad-ibrahim-pasa-nevsehirli		0	damad-ibrahim-pasa-nevsehirli	Damad İbrâhim Paşa, Nevşehirli\	0.94	daha cok ictimai ve mali meselelerle ugrasmak istiyor uzun yillardan beri yenilgiyle biten savaslari unutturacak bir baris donemini ozluyordu	meselelerle unutturacak yenilgiyle→damad-ibrahim-pasa-nevsehirli		içtimaî ve mali meselelerle uğraşmak istiyor, uzun yıllardır yenilgiyle biten savaşları unutturacak bir barış dönemini özlüyordu	ık makamına getirildi ve atanır atanmaz savaşı bitirecek görüşmelere yöneldi; iki ay sonra Pasarofça Antlaşması imzalandı (21 Temmuz 1718). TDV'nin ifadesiyle '
paket_01.js	3132	3132	OLCULEMEDI-SLUG-COZULEMEDI		COZULDU-YOK	YAKIN	damad-ibrahim-pasa-nevsehirli		0	damad-ibrahim-pasa-nevsehirli	Damad İbrâhim Paşa, Nevşehirli\	0.94	daha cok ictimai ve mali meselelerle ugrasmak istiyor uzun yillardan beri yenilgiyle biten savaslari unutturacak bir baris donemini ozluyordu	meselelerle unutturacak yenilgiyle→damad-ibrahim-pasa-nevsehirli		içtimaî ve mali meselelerle uğraşmak istiyor, uzun yıllardır yenilgiyle biten savaşları unutturacak bir barış dönemini özlüyordu	ık makamına getirildi ve atanır atanmaz savaşı bitirecek görüşmelere yöneldi; iki ay sonra Pasarofça Antlaşması imzalandı (21 Temmuz 1718). TDV'nin ifadesiyle '
paket_05.js	679	677	OLCULEMEDI-SLUG-COZULEMEDI		COZULDU-YOK	YAKIN	marasiler		0	marasiler	marasiler	0.927	sah i abbas zamaninda 1587 1629 cesitli yerlere dagitilmasindan	Abbas dağıtıldılar zamanında→avrupa		Şah I. Abbas zamanında (1587-1629) çeşitli yerlere dağıtıldılar	oldu, sonra Şâhruh izniyle geri döndüyse de eski gücüne ulaşamadı; XVI. yüzyıl başında Safevî'ye bağlı yerel hâkimler olarak sürdü. ⚠️ TDV bitişi YIL VERMEDEN '
paket_05.js	6895	6893	OLCULEMEDI-SLUG-COZULEMEDI		COZULDU-YOK	YAKIN	borneo		0	borneo	borneo	0.967	de de serif abdurrahman adindaki hadramutlu bir arap seyyah pontianak sultanligi ni kurdu	Abdurrahman Hadramutlu Sultanlığı→borneo,komor-adalari,malezya,yemen,zengibar		1772'de Şerif Abdurrahman adındaki Hadramutlu bir Arap seyyah Pontianak Sultanlığı'nı kurdu.	"  ozet:""Batı Borneo'da Hadramutlu bir Arap seyyahın kurduğu sultanlık (HANEDAN ÖMRÜ). TDV'nin genel 'borneo' maddesi somut olarak veriyor: '"
paket_12.js	5765	5761	OLCULEMEDI-SLUG-COZULEMEDI		COZULDU-YOK	YAKIN	ahiska		0	ahiska		0.931	atabegleri lala mustafa pasa nin cildir savasi 1578 sonunda osmanli idaresine girdiler	Mustafa Osmanlı Ahıska→abaza-pasa,ahiska,ahmed-i,anadolu,asya,cildir-eyaleti		Ahıska atabegleri, Lala Mustafa Paşa'nın Çıldır Savaşı sonunda Osmanlı idaresine girdiler	"  kaynak:""cildir-savasi (TDV, zaten doğrulanmış — bkz. data/olaylar_ek2.js) + ahiska (TDV — '"
paket_12.js	10939	10935	OLCULEMEDI-SLUG-COZULEMEDI		COZULDU-YOK	YAKIN	kazan-hanligi		0	kazan-hanligi		0.984	kazan kuvvetleriyle moskova ordusu arasinda suzdal sehri civarinda vuku bulan meydan savasinda	Moskova Suzdal Kazan→kasim-hanligi,kazan-hanligi,toktamis-han		Kazan kuvvetleriyle Moskova ordusu arasında Suzdal şehri civarında vuku bulan meydan savaşı	"  kaynak:""kazan-hanligi (TDV — '"
paket_13.js	1386	1386	OLCULEMEDI-SLUG-COZULEMEDI		COZULDU-YOK	YAKIN	hotin		0	hotin		0.94	olarak 1806 da ruslar in isgaline ugradi	Rusların işgaline uğradı→anadolu,asya,avrupa,elviye-i-selase,endican,erzurum		son olarak 1806'da Rusların işgaline uğradı	" zistovi-antlasmasi (Hotin emaneten Avusturya'da, Rus barışına kadar) · yas-antlasmasi (9 Ocak)""},{f:""1806-11-30"",t:""1812-05-28"",d:""rusya"",kaynak:""hotin (TDV: «"
paket_14.js	6678	6677	OLCULEMEDI-OLU-302	zistovi	COZULDU-YOK	YAKIN	zistovi-antlasmasi		0	zistovi-antlasmasi,zistovi		0.974	bosna nin unna suyu arkasinda yer alan hirvatlik arazisinin	Hırvatlık Bosna Unna→zistovi-antlasmasi		Bosna'nın Unna suyu arkasında yer alan Hırvatlık arazisi	"  neden:""BIHAC-NOKTA-0069 (c): TDV zistovi-antlasmasi'nın '"
yer_yama_1923_bosluk_0906.js	15	15	OLCULEMEDI-SLUG-COZULEMEDI		COZULDU-YOK	YAKIN	tinbuktu		0	tinbuktu		0.93	1860 li yillarda ucuncu tekrur devleti nin kurucusu el hac omer in oglu ahmed el kebir el medeni nin ahmed tal egemenligine gecti 1894 te	Devleti Tekrur Ahmed→afrika,ahmedu-lobbo,burkina-faso,colof,el-hac-omer,hevsa	ingilizce	1860'li yillarda ucuncu Tekrur Devleti'nin kurucusu el-Hac Omer'in oglu Ahmed el-Kebir el-Medeni'nin egemenligine gecti	" araligini kapatir. Kaydin son donemi `fas -> 1700-01-01` idi, yani 1700-1894 arasi HALA SAHIPSIZ ve bu yama onu KAPATMIYOR. TDV o araliga bir ipucu veriyor (\"""
yerlesimler.js	1381	1381	OLCULEMEDI-SLUG-COZULEMEDI		COZULDU-YOK	YAKIN	hotin		0	hotin		0.94	olarak 1806 da ruslar in isgaline ugradi	Rusların işgaline uğradı→anadolu,asya,avrupa,elviye-i-selase,endican,erzurum		son olarak 1806'da Rusların işgaline uğradı	" zistovi-antlasmasi (Hotin emaneten Avusturya'da, Rus barışına kadar) · yas-antlasmasi (9 Ocak)""},{f:""1806-11-30"",t:""1812-05-28"",d:""rusya"",kaynak:""hotin (TDV: «"
yerlesimler_ek29.js	655	654	OLCULEMEDI-OLU-302	zistovi	COZULDU-YOK	YAKIN	zistovi-antlasmasi		0	zistovi-antlasmasi,zistovi		0.974	bosna nin unna suyu arkasinda yer alan hirvatlik arazisinin	Hırvatlık Bosna Unna→zistovi-antlasmasi		Bosna'nın Unna suyu arkasında yer alan Hırvatlık arazisi	"  neden:""BIHAC-NOKTA-0069 (c): TDV zistovi-antlasmasi'nın '"
devletler.js	7799	7795	OLCULEMEDI-SLUG-COZULEMEDI		COZULDU-YOK	YOK	harfus		0	harfus		0.765	canbirdi nin isyani esnasinda harfusogullari ba lebek bolgesine	Canbirdi yerleştiler esnasında→lubnan,suriye		Canbirdi'nin isyanı esnasında Ba'lebek'e yerleştiler	ğrulandı (⚠️ slug'ın birincil konusu Memlük dönemi 'harfûş' toplumsal terimi; hanedan alt bölüm — içerik dikkatle ayıklandı). f: GÜN/AY BİLİNMİYOR: TDV yalnız '
ekokuma_bolge0073.js	87	82	OLCULEMEDI-SLUG-COZULEMEDI		COZULDU-YOK	YOK	sudan		0	sudan	Sudan	0.37	mehmed ali pasa altin ve zumrut yataklarina sahip olmak nil	ticaret asker altın→abbas-i,abbasiler,abdullah-cevdet,abdurrahman-iii,abdulaziz,abdulhamid-i		asker mi, altın mı, ticaret yolu mu?	"anlı askerleri orduda görevlendirmek ve bölgeye sığınan son Memlük kalıntılarını etkisiz kılmak. Sefer bu amaçla Dongola ve Fûnc bölgelerine yöneltildi. Yani \"""
ekokuma_dunya.js	546	539	OLCULEMEDI-SLUG-COZULEMEDI		COZULDU-YOK	YOK	zelzele		0	zelzele	zelzele	0.396	bulunur depremin yerini dogru belirlemek icin en az uc	gövdede geçiyor rakam→sivas		rakam gövdede geçiyor ≠ doğru olaya ait	Ş — aynı maddede iki ayrı deprem yan yana anılıyor olabilir; bu oturumda kartta KULLANILMADI, 1894 rakamları yalnız akademik kaynaktan alındı (§4 TDV tuzağı ⑧ '
ekokuma_ekonomi.js	119	115	OLCULEMEDI-SLUG-COZULEMEDI		COZULDU-YOK	YOK	duyun-i-umumiyye		0	duyun-i-umumiyye	Düyûn-ı Umûmiyye	0.449	borclar balkan harbi nden sonra	şahıslardan borçların devletler→duyun-i-umumiyye,harac,kole		borçların devletler arası değil, şahıslardan alınan borçlar	"ag:""TDV'nin Düyûn-ı Umûmiyye maddesine göre Avrupalı alacaklıların baskısı ve devletler-arası bir denetim komisyonu kurulması tehdidine karşı Osmanlı hükümeti '"
ekokuma_ibrahim.js	174	166	OLCULEMEDI-SLUG-COZULEMEDI		COZULDU-YOK	YOK	ibrahim--padisah		0	ibrahim--padisah		0.333	hayir eseri meydana getirmemistir	katledilmesi kafeste kafese→ ; katledilmesi kafeste→yeniceri		kafese konup kafeste katledilmesi	. Katl sahnesi ve sorumluluk tartışması magazin.js 'ibrahim-katli-kim-emretti-1648' kartında — bu kart onu TEKRAR ETMEZ, kilide kurşun ayrıntısı orada. H-0008 '
ekokuma_p75b.js	66	54	OLCULEMEDI-OLU-302	moltke	COZULDU-YOK	YOK	moltke-helmuth-von		0	moltke,moltke-helmuth-von	Moltke	0.49	birlesip dusmani vurmasi ve	birleşip ayrı yürü→aga-muhammed-sah,akil,anadolu,brahmanizm,cad,devr-i-kebir		ayrı yürü, birleşip vur	 yazarı, Hâfız Paşa'nın 'bağımsız davranamamasını' ve Konya'daki öteki Osmanlı ordusuyla birleşip Mısır kuvvetlerinin karşısına çıkmamasını Moltke'nin sonraki '
ekokuma_p77c.js	176	171	OLCULEMEDI-SLUG-COZULEMEDI		COZULDU-YOK	YOK	cebelu		0	cebelu	cebelü	0.78	zirhli techizatli asker demektir	teçhizatlı zırhlı asker→cebelu		zırhlı, tam teçhizatlı asker	onu keyfine göre çalıştıramazdı. Kaçan çiftçiyi on (sonra on beş) yıl içinde geri getirme hakkı vardı.\n\nCEBELÜ HESABI. Cebelü, TDV'nin cebelü maddesine göre '
ekokuma_rivayet.js	113	109	OLCULEMEDI-SLUG-COZULEMEDI		COZULDU-YOK	YOK	safeviler		0	safeviler	Safevîler	0.352	mimari eserlerin en goze carpici yerlerinde binalarin ihtisam ve tesirini arttirici elemanlar olarak sik sik kullanilmistir bunlar ayrica kumas ve halilarla	örneklerden olmadığını tasarrufu→anayasa,galat--fikih,hanefi-mezhebi,hapis,hezl--fikih,hiristiyanlik		kalıcı tasarruf'un aynı şey olmadığını gösteren en çarpıcı örneklerden biridir (bkz. 'atlas seferi değil tasarrufu boyar	 Ekim 1603'te, Gence'yi 1606'da, Şirvan ile Gürcistan'ı 1608'de geri aldı — on üç ila on sekiz yıl içinde 1590'ın bütün kazanımları eridi. Bu, 'genişleme' ile '
gecitler.js	214	211	OLCULEMEDI-OLU-302	feribot	COZULDU-YOK	YOK	isakca		0	isakca,feribot		0.456	bir gecit noktasi olarak onemini korudu bulgarlar in ix	geçit liman→abbasiler,akabe--urdun,anadolu,antakya,asya,atina		bu bir geçit mi liman mı	urada haliçtir, karşıya geçiş tekneyledir ⇒ `feribot`. f: Akkirman'ın fethi 5 Ağustos 1484 (yaygın kabul). Kaydın kendisi tartışmalı olabilir — sonraki oturum '
kademe_f5c9a5.js	270	270	OLCULEMEDI-OLU-302	sih-imparatorlugu	COZULDU-YOK	YOK	amritsar		0	amritsar,sih-imparatorlugu,sih-dini		0.807	bassehri amritsar dahil butun	Amritsar başşehri dahil→amritsar,hiristiyanlik,hindistan,medrese,muhammed		başşehri olan Amritsar dahil	"tir\"" diyor. data/devletler.js `sih-imparatorlugu` künyesi ise baskent=\""Lahor\"" diyor. ⚠️ TDV'nin cümlesi TEK ANLAMLI DEĞİL: \""başşehri Amritsar dahil\"" hem \"""
kaynakli_halka_kronoloji.js	56	56	OLCULEMEDI-OLU-302	tdv-malatya	COZULDU-YOK	YOK	malatya		0	tdv-malatya,malatya		0.603	malatya nin merkezinde yenicami nin	Memlükler Malatya tarafından→anadolu-beylikleri,ankara-savasi,antakya,artuklular,asya,atabeg		Malatya'nın Memlükler tarafından fethi	"ih"":""1315-04-28"",""kesinlik"":""gun"",""kaynak"":{""ad"":""TDV İslâm Ansiklopedisi, «tdv-malatya» (kronoloji maddesinin `kaynak:` alanı)"",""slug"":""tdv-malatya"",""alinti"":"""
kronoloji_gurcistan.js	205	201	OLCULEMEDI-SLUG-COZULEMEDI		COZULDU-YOK	YOK	ahiska		0	ahiska		0.82	1635 te osmanlilar tarafindan geri alindi 1828	Safevîlerden Osmanlılar tarafından→gumruk,halisa,humayun--baburlu,huseyin-baykara,iran,kitabe		1635'te Osmanlılar tarafından Safevîlerden geri alındı	"  kaynak:""ahiska (TDV — '"
kronoloji_gurcistan.js	223	219	OLCULEMEDI-SLUG-COZULEMEDI		COZULDU-YOK	YOK	tiflis		0	tiflis		0.431	35 000 ogrencisi olan bir universite teknik … abbas in istilasina kadar 60 000	Rostom ihtida yılına→gurcistan		ihtida etmiş olan Rostom... 1711 yılına kadar	"  kaynak:""tiflis (TDV — '"
kronoloji_gurcistan.js	229	225	OLCULEMEDI-SLUG-COZULEMEDI		COZULDU-YOK	YOK	tiflis		0	tiflis		0.723	23 24 haziran 1723 te tiflis e girdiler	Osmanlılar Haziran şehre→abbasiler,abdulhamid-ii,adiyaman,ahmed-i,ahmed-vefik-pasa,akkirman		Osmanlılar 23-24 Haziran 1723'te şehre girdi	"  kaynak:""tiflis (TDV — '"
kronoloji_ispanya.js	346	343	OLCULEMEDI-OLU-302	inebahti-savasi	COZULDU-YOK	YOK	inebahti-deniz-savasi		0	inebahti-savasi,inebahti-deniz-savasi		0.514	ekim 1571 inebahti korfezinde karsi … savasi xv yuzyildan beri hiristiyan avrupa da var	Hıristiyan İnebahtı Osmanlı→akdeniz,avlonya,avrupa,avusturya,ayamavra,bahriye		1571 yılının 7 Ekim günü İnebahtı körfezinde... Osmanlı donanması ile müttefik Hıristiyan filoları arasında gerçekleşen deniz savaşı	"  kaynak:""TDV `inebahti-savasi`: \"""
kronoloji_memluk.js	56	56	OLCULEMEDI-SLUG-COZULEMEDI		COZULDU-YOK	YOK	hisbe		0	hisbe		0.323	halife kaim biemrillah in murabitlar dan yusuf b tasfin in magrib ve endulus hukumdarligini tasdik icin yazdigi	Diversity Mamluks Taqlid→ ; Diversity Mamluks→	ingilizce	Legal Diversity in the Age of Taqlid: the Four Chief Qadis Under the Mamluks	"i; uygulama Osmanlı fethine kadar sürdü ve mezhep çoğulculuğunu kurumsallaştıran ender örneklerden biri oldu."", kaynak:""hisbe (TDV, gövde okundu) + akademik (\"""
kronoloji_misir.js	229	229	OLCULEMEDI-SLUG-COZULEMEDI		COZULDU-YOK	YOK	pamuk		0	pamuk	pamuk	0.744	osmanli pamuklu pazarinin canlanmasina	Osmanlı canlandırdığını piyasasını→ ; Osmanlı canlandırdığını→sabaniyye		Osmanlı pamuk piyasasını canlandırdığını	luka altına alması, dünya tekstil sanayiinin başlıca hammadde kaynağı olan Amerikan pamuğunun piyasadan çekilmesine yol açtı; TDV'nin pamuk maddesi bu savaşın '
olaylar_ek5.js	31	31	OLCULEMEDI-SLUG-COZULEMEDI		COZULDU-YOK	YOK	osman-i		0	osman-i	OSMAN I	0.821	bey leblebuci hisari na kabakluca koubouklia geldiginde tekfur itaat etti … lefke ye kestirme … ye kabakia gidip bos buldugu hisari aldi	Leblebüci Hisarı Mekece→osman-i		Leblebüci Hisarı'na geldiğinde tekfur itaat etti... Lefke'ye vardı... Mekece'ye ulaştı... Geyve'ye gidip boş bulduğu hisarı aldı.	":""Lefke (Osmaneli), Mekece, Geyve, Akhisar"", yer_id:""Leblebicihisar"", kisiler:""Osman Bey"", d:""TDV OSMAN I maddesi 704 (1304) Sakarya seferinin sırasını verir: '"
olaylar_ek7.js	114	114	OLCULEMEDI-OLU-302	mahmud-i	COZULDU-YOK	YOK	mahmud-i--osmanli		0	mahmud-i,mahmud-i--osmanli,mahmud-i--halaciler,mahmud-i--gucerat	Mahmud I\	0.667	devlet idaresini bizzat eline almasi ve kimseye	işlerini kimseye güvenme→bedevi,galat--fikih,hadis,ibrahim-hakki-erzurumi,muhammed,yeis		devlet işlerini kendi eline al, kimseye güvenme	"syancıların baskısı karşısında III. Ahmed kendisi ve çocukları için güvence alarak tahttan çekildi ve yeğeni Şehzade Mahmud'u bizzat tahta çıkardı. Amcasının \"""
paket_01.js	2239	2239	OLCULEMEDI-SLUG-COZULEMEDI		COZULDU-YOK	YOK	osman-i		0	osman-i	OSMAN I	0.821	bey leblebuci hisari na kabakluca koubouklia geldiginde tekfur itaat etti … lefke ye kestirme … ye kabakia gidip bos buldugu hisari aldi	Leblebüci Hisarı Mekece→osman-i		Leblebüci Hisarı'na geldiğinde tekfur itaat etti... Lefke'ye vardı... Mekece'ye ulaştı... Geyve'ye gidip boş bulduğu hisarı aldı.	":""Lefke (Osmaneli), Mekece, Geyve, Akhisar"", yer_id:""Leblebicihisar"", kisiler:""Osman Bey"", d:""TDV OSMAN I maddesi 704 (1304) Sakarya seferinin sırasını verir: '"
paket_01.js	3141	3141	OLCULEMEDI-OLU-302	mahmud-i	COZULDU-YOK	YOK	mahmud-i--osmanli		0	mahmud-i,mahmud-i--osmanli,mahmud-i--halaciler,mahmud-i--gucerat	Mahmud I\	0.667	devlet idaresini bizzat eline almasi ve kimseye	işlerini kimseye güvenme→bedevi,galat--fikih,hadis,ibrahim-hakki-erzurumi,muhammed,yeis		devlet işlerini kendi eline al, kimseye güvenme	"syancıların baskısı karşısında III. Ahmed kendisi ve çocukları için güvence alarak tahttan çekildi ve yeğeni Şehzade Mahmud'u bizzat tahta çıkardı. Amcasının \"""
paket_05.js	7818	7814	OLCULEMEDI-SLUG-COZULEMEDI		COZULDU-YOK	YOK	harfus		0	harfus		0.765	canbirdi nin isyani esnasinda harfusogullari ba lebek bolgesine	Canbirdi yerleştiler esnasında→lubnan,suriye		Canbirdi'nin isyanı esnasında Ba'lebek'e yerleştiler	ğrulandı (⚠️ slug'ın birincil konusu Memlük dönemi 'harfûş' toplumsal terimi; hanedan alt bölüm — içerik dikkatle ayıklandı). f: GÜN/AY BİLİNMİYOR: TDV yalnız '
paket_07.js	61	61	OLCULEMEDI-SLUG-COZULEMEDI		COZULDU-YOK	YOK	hisbe		0	hisbe		0.323	halife kaim biemrillah in murabitlar dan yusuf b tasfin in magrib ve endulus hukumdarligini tasdik icin yazdigi	Diversity Mamluks Taqlid→ ; Diversity Mamluks→	ingilizce	Legal Diversity in the Age of Taqlid: the Four Chief Qadis Under the Mamluks	"i; uygulama Osmanlı fethine kadar sürdü ve mezhep çoğulculuğunu kurumsallaştıran ender örneklerden biri oldu."", kaynak:""hisbe (TDV, gövde okundu) + akademik (\"""
paket_09.js	2946	2943	OLCULEMEDI-OLU-302	inebahti-savasi	COZULDU-YOK	YOK	inebahti-deniz-savasi		0	inebahti-savasi,inebahti-deniz-savasi		0.514	ekim 1571 inebahti korfezinde karsi … savasi xv yuzyildan beri hiristiyan avrupa da var	Hıristiyan İnebahtı Osmanlı→akdeniz,avlonya,avrupa,avusturya,ayamavra,bahriye		1571 yılının 7 Ekim günü İnebahtı körfezinde... Osmanlı donanması ile müttefik Hıristiyan filoları arasında gerçekleşen deniz savaşı	"  kaynak:""TDV `inebahti-savasi`: \"""
paket_11.js	1808	1808	OLCULEMEDI-SLUG-COZULEMEDI		COZULDU-YOK	YOK	pamuk		0	pamuk	pamuk	0.744	osmanli pamuklu pazarinin canlanmasina	Osmanlı canlandırdığını piyasasını→ ; Osmanlı canlandırdığını→sabaniyye		Osmanlı pamuk piyasasını canlandırdığını	luka altına alması, dünya tekstil sanayiinin başlıca hammadde kaynağı olan Amerikan pamuğunun piyasadan çekilmesine yol açtı; TDV'nin pamuk maddesi bu savaşın '
paket_12.js	5813	5809	OLCULEMEDI-SLUG-COZULEMEDI		COZULDU-YOK	YOK	ahiska		0	ahiska		0.82	1635 te osmanlilar tarafindan geri alindi 1828	Safevîlerden Osmanlılar tarafından→gumruk,halisa,humayun--baburlu,huseyin-baykara,iran,kitabe		1635'te Osmanlılar tarafından Safevîlerden geri alındı	"  kaynak:""ahiska (TDV — '"
paket_12.js	5831	5827	OLCULEMEDI-SLUG-COZULEMEDI		COZULDU-YOK	YOK	tiflis		0	tiflis		0.431	35 000 ogrencisi olan bir universite teknik … abbas in istilasina kadar 60 000	Rostom ihtida yılına→gurcistan		ihtida etmiş olan Rostom... 1711 yılına kadar	"  kaynak:""tiflis (TDV — '"
paket_12.js	5837	5833	OLCULEMEDI-SLUG-COZULEMEDI		COZULDU-YOK	YOK	tiflis		0	tiflis		0.723	23 24 haziran 1723 te tiflis e girdiler	Osmanlılar Haziran şehre→abbasiler,abdulhamid-ii,adiyaman,ahmed-i,ahmed-vefik-pasa,akkirman		Osmanlılar 23-24 Haziran 1723'te şehre girdi	"  kaynak:""tiflis (TDV — '"
paket_13.js	1242	1242	OLCULEMEDI-OLU-302	kuayti-sultanligi	COZULDU-YOK	YOK	hadramut		0	hadramut,kuayti-sultanligi		0.556	1881 sonunda sihr ve mukella dahil butun hadramut sahilini ele	SihrMukella Sultanligi Hadramut→ ; SihrMukella Sultanligi→		Kuayti Sultanligi (Sihr-Mukella, Hadramut kiyisi)	" himaye antlasmasiyla da sahilde hakim olan Yafiiler'in dis iliskilerini tamamen uzerlerine aldilar.\"" Kimlik atlasin kendi kunyesinden: `kuayti-sultanligi` (\"""
paket_26.js	1871	1866	OLCULEMEDI-SLUG-COZULEMEDI		COZULDU-YOK	YOK	ibrahim-pasa-kavalali		0	ibrahim-pasa-kavalali		0.527	ibrahim pasa nin bolgeyi misir a baglayacak buyuk planlari	İbrâhim Mısır Paşa→abbas-hilmi-i,abdullah-cevdet,abdullah-celebi,abdullah-nedim,abdullah-b-suud,abdurrahman-esref-efendi		İbrâhim Paşa'nın ordusu Sînâ üzerinden Mısır'a döndü	"rini geri çekmek üzere İbrâhim Paşa'ya gerekli emirleri verdi\"" (27 Kasım 1840) · atlas kronolojisi (TDV suriye'den uyarlanmış, data/kronoloji_misir.js:215): \"""
seferler_sefer_ok_0075.js	55	50	OLCULEMEDI-SLUG-COZULEMEDI		COZULDU-YOK	YOK	ibrahim-pasa-kavalali		0	ibrahim-pasa-kavalali		0.527	ibrahim pasa nin bolgeyi misir a baglayacak buyuk planlari	İbrâhim Mısır Paşa→abbas-hilmi-i,abdullah-cevdet,abdullah-celebi,abdullah-nedim,abdullah-b-suud,abdurrahman-esref-efendi		İbrâhim Paşa'nın ordusu Sînâ üzerinden Mısır'a döndü	"rini geri çekmek üzere İbrâhim Paşa'ya gerekli emirleri verdi\"" (27 Kasım 1840) · atlas kronolojisi (TDV suriye'den uyarlanmış, data/kronoloji_misir.js:215): \"""
yer_yama_1923_bosluk_0906.js	17	17	OLCULEMEDI-OLU-302	kuayti-sultanligi	COZULDU-YOK	YOK	hadramut		0	hadramut,kuayti-sultanligi		0.556	1881 sonunda sihr ve mukella dahil butun hadramut sahilini ele	SihrMukella Sultanligi Hadramut→ ; SihrMukella Sultanligi→		Kuayti Sultanligi (Sihr-Mukella, Hadramut kiyisi)	" himaye antlasmasiyla da sahilde hakim olan Yafiiler'in dis iliskilerini tamamen uzerlerine aldilar.\"" Kimlik atlasin kendi kunyesinden: `kuayti-sultanligi` (\"""
yerlesimler.js	1237	1237	OLCULEMEDI-OLU-302	kuayti-sultanligi	COZULDU-YOK	YOK	hadramut		0	hadramut,kuayti-sultanligi		0.556	1881 sonunda sihr ve mukella dahil butun hadramut sahilini ele	SihrMukella Sultanligi Hadramut→ ; SihrMukella Sultanligi→		Kuayti Sultanligi (Sihr-Mukella, Hadramut kiyisi)	" himaye antlasmasiyla da sahilde hakim olan Yafiiler'in dis iliskilerini tamamen uzerlerine aldilar.\"" Kimlik atlasin kendi kunyesinden: `kuayti-sultanligi` (\"""
devletler.js	1192	1189	OLCULEMEDI-SLUG-COZULEMEDI		OLCULEMEDI	ADAYLAR-KESIK			0					İslâm hânedanı hüküm→abbadiler,abbasiler,abdullah-b-bulukkin,abdullah-cevdet,abdullah-b-tahir,abdurrahman-iii ; İslâm hânedanı hüküm süren→abbasiler,abdullah-cevdet,abdulvadiler,afrika,aglebiler,ahlat ; [4] hânedanı hüküm süren İslâm→toplam 408 ; [4] hânedanı hüküm süren İslâm→toplam 408 ; [4] hânedanı hüküm süren→toplam 487		Fas’ta hüküm süren bir İslâm hânedanı (1511-1659)	"  kaynak:""sadiler — f: TDV başlık «"
devletler.js	1756	1756	OLCULEMEDI-SLUG-COZULEMEDI		OLCULEMEDI	ADAYLAR-KESIK			0					sonunda yenilgi savaş→abbas-i,abdurrahman-iii,abdurrahman-v,abdulaziz,abdulaziz-b-suud,abdulhamid-i ; sonunda yenilgi savaş altı→abbas-i,abdurrahman-iii,abdulaziz,abdulaziz-b-suud,abdulhamid-i,abdulhamid-ii ; [4] sonunda yenilgi savaş altı→toplam 353 ; [4] sonunda yenilgi savaş altı→toplam 353 ; [4] sonunda yenilgi savaş→toplam 391		altı savaş, sonunda 1894 ya da 1896'da yenilgi	"896'da geldi)"", kaynak:""bulunamadı (TDV) — standart akademik kaynak, çevrimiçi ikincil kaynaklarla ('Kawo Tona Gaga') doğrulandı. YIL YUVARLAK — kaynak yalnız '"
devletler.js	2190	2188	OLCULEMEDI-SLUG-COZULEMEDI		OLCULEMEDI	ADAYLAR-KESIK			0					kuruldu devlet zaman→abbasiler,abdulaziz,abdulhamid-ii,abdulmecid,ace,adana ; [4] kuruldu devlet zaman→toplam 1039 ; [4] kuruldu devlet zaman→toplam 1039 ; [4] kuruldu devlet zaman→toplam 1039		devlet ne zaman kuruldu	"uhammed Hasan Han Kaçar ile rekabet) olduğu için TDV/standart kaynak Zend'in konsolidasyonunu 1751'e koyuyor. Fark künyenin kusuru değil, iki farklı sorunun (\"""
devletler.js	7646	7645	OLCULEMEDI-SLUG-COZULEMEDI		OLCULEMEDI	ADAYLAR-KESIK			0					hareketli ticaret güzel→anadolu,anadolu-beylikleri,arap,bagdat,bahce,basra ; hareketli ticaret güzel şehri→anadolu,anadolu-beylikleri,arap,bagdat,bahce,basra ; [4] hareketli ticaret güzel şehri→toplam 58 ; [4] hareketli ticaret güzel şehri→toplam 58 ; [4] hareketli ticaret güzel→toplam 66		hür, güzel, hareketli bir ticaret şehri	"  ozet:""Hürmüz Boğazı'nı ve Basra Körfezi ağzındaki deniz ticaretini denetleyen bağımsız bir sultanlık. TDV: 14. yüzyılda \"""
devletler.js	10551	10549	OLCULEMEDI-SLUG-COZULEMEDI		OLCULEMEDI	ADAYLAR-KESIK			0					Peygamber sonraki halife→abbas--sahabi,abbasiler,abdullah-b-ebu-bekir-b-muhammed,abdullah-b-ibaz,abdullah-b-mesud,abdullah-b-mubarek ; Peygamber sonraki halife dört→abbasiler,abdullah-b-mesud,abdullah-b-mubarek,abdullah-b-selam,adem--peygamber,adi-b-musafir ; [4] Peygamber sonraki halife dört→toplam 471 ; [4] Peygamber sonraki halife dört→toplam 471 ; [4] Peygamber sonraki halife→toplam 735		Hz. Peygamber’den sonraki ilk dört halife (632-661)	"  ic_not_f:""TDV başlığı: '"
devletler.js	10573	10571	OLCULEMEDI-SLUG-COZULEMEDI		OLCULEMEDI	ADAYLAR-KESIK			0					İran arasında hânedanı→abbasiler,abdullah-han,adem--peygamber,aden,adi-b-zeyd,adilsahiler ; İran arasında hânedanı yılları hüküm→abbasiler,abdullah-han,aden,adilsahiler,afganistan,afrika ; [3] İran arasında hânedanı yılları hüküm süren→toplam 195 ; [4] arasında hânedanı yılları hüküm süren→toplam 328 ; [4] arasında hânedanı yılları hüküm→toplam 525 ; [4] arasında hânedanı yılları→toplam 628		226-651 yılları arasında hüküm süren bir İran hânedanı	"  ic_not_f:""TDV başlığı: '"
devletler.js	10584	10582	OLCULEMEDI-SLUG-COZULEMEDI		OLCULEMEDI	ADAYLAR-KESIK			0					Mâverâünnehir Horasan hânedan→abbasiler,abdulmelik-b-nuh-b-mansur,alparslan,amr-b-leys,arap,arslan-han ; Mâverâünnehir Horasan hânedan hüküm süren→abbasiler,alparslan,arap,asya,avfi,bagdat ; [4] Mâverâünnehir Horasan hânedan hüküm süren→toplam 60 ; [4] Mâverâünnehir Horasan hânedan hüküm→toplam 109 ; [4] Mâverâünnehir Horasan hânedan→toplam 118		Horasan ve Mâverâünnehir’de hüküm süren bir hânedan (821-873)	"  ic_not_f:""TDV başlığı: '"
ekokuma_antlasma4.js	553	537	OLCULEMEDI-SLUG-COZULEMEDI		OLCULEMEDI	ADAYLAR-KESIK			0					Receb Ocak→abbasiler,abdullah-cevdet,abdulaziz-b-suud,abdulhamid-i,ali-haydar-efendi-kucuk,ali-b-yusuf-b-tasfin		12 Receb 1144 / 10 Ocak 1732	"  ic_not:""🔴 GÜN FARKI, TDV içinde: mahmud-i--osmanli '"
ekokuma_antlasma4.js	553	537	OLCULEMEDI-SLUG-COZULEMEDI		OLCULEMEDI	ADAYLAR-KESIK			0					Receb Ocak→abbasiler,abdullah-cevdet,abdulaziz-b-suud,abdulhamid-i,ali-haydar-efendi-kucuk,ali-b-yusuf-b-tasfin		10 Receb 1144 / 8 Ocak 1732	"  ic_not:""🔴 GÜN FARKI, TDV içinde: mahmud-i--osmanli '12 Receb 1144 / 10 Ocak 1732', hemedan '"
ekokuma_antlasma4.js	1070	1054	OLCULEMEDI-SLUG-COZULEMEDI		OLCULEMEDI	ADAYLAR-KESIK			0					Antlaşması Aralık Gümrü→antakya,asya,avrupa,basra,batililasma,birlesik-arap-emirlikleri ; [4] Antlaşması Aralık Gümrü→toplam 81 ; [4] Antlaşması Aralık Gümrü→toplam 81 ; [4] Antlaşması Aralık Gümrü→toplam 81		Gümrü Antlaşması 20 Aralık 1920	"  ic_not:""🔴 TDV İÇİNDE GÜN FARKI: elviye-i-selase '"
ekokuma_bolge0073.js	151	148	OLCULEMEDI-SLUG-COZULEMEDI		OLCULEMEDI	ADAYLAR-KESIK			0					vergileri toplama yetkisi→adaletname,adem-i-merkeziyet,amil,anayasa,bey--tunus,beytulmal ; vergileri toplama yetkisi belli süre→adaletname,anayasa,beytulmal,cami,cezayir,cocuk ; [4] vergileri toplama yetkisi belli süre→toplam 36 ; [4] vergileri toplama yetkisi belli→toplam 37 ; [4] vergileri toplama yetkisi→toplam 50		vergileri belli bir süre için toplama yetkisi	" asıl ayrım burada görünür. TDV soyurgalı tek cümlede tanımlar: toprağa dayalı, VERGİ MUAFİYETİ BULUNAN ve VÂRİSLERE GEÇEBİLEN bir tür bağış. Minorsky tiyûlü \"""
ekokuma_dunya.js	310	307	OLCULEMEDI-SLUG-COZULEMEDI		OLCULEMEDI	ADAYLAR-KESIK			0					önemlisi sebepler siyasî→abbasiler,abdullah-b-ibaz,ahlak,ahmed-iii,amerika,amerika-birlesik-devletleri ; önemlisi sebepler siyasî belki→abbasiler,ahlak,amerika-birlesik-devletleri,arap,asya,avrupa ; [4] önemlisi sebepler siyasî belki→toplam 45 ; [4] önemlisi sebepler siyasî belki→toplam 45 ; [4] önemlisi sebepler siyasî→toplam 119		belki daha önemlisi siyasî sebepler	"Korfu'nun (bkz. aşağıda) hiç alınamaması bunun en açık kanıtıdır: 1537'de Barbaros Hayreddin Paşa 50.000 askerle kuşattı, hava koşulları ve TDV'nin deyimiyle \"""
ekokuma_dunya.js	395	390	OLCULEMEDI-SLUG-COZULEMEDI		OLCULEMEDI	ADAYLAR-KESIK			0					Akdeniz başarısı donanma→abbasiler,abdurrahman-iii,abdulhamid-i,afrika,aglebiler,ahmed-i ; Akdeniz başarısı donanma büyük→abbasiler,abdurrahman-iii,abdulhamid-i,afrika,aglebiler,ahmed-i ; [4] başarısı Akdeniz donanma büyük→toplam 95 ; [4] başarısı Akdeniz donanma büyük→toplam 95 ; [4] başarısı Akdeniz donanma→toplam 96		Akdeniz'de ilk büyük donanma başarısı	"  metin:""SAPİENZA/ZONCHİO (28 Ağustos 1499). Osmanlı-Venedik savaşları içindeki İLK büyük deniz meydan savaşı; TDV'nin çekirdek kronolojisi bunu \"""
ekokuma_edebiyat.js	64	62	OLCULEMEDI-SLUG-COZULEMEDI		OLCULEMEDI	ADAYLAR-KESIK			0					Türk edebiyatının şairlerinden→abdulaziz-el-meymeni,ahdi,ahmed-pasa-bursali,alaeddin-ali-celebi,ali-mustafa-efendi,allah ; Türk edebiyatının şairlerinden klasik büyük→abdulaziz-el-meymeni,ali-mustafa-efendi,allah,arap,aruz,asik ; [4] edebiyatının şairlerinden klasik büyük Türk→toplam 64 ; [4] edebiyatının şairlerinden klasik büyük→toplam 67 ; [4] edebiyatının şairlerinden klasik→toplam 77		klasik Türk edebiyatının en büyük şairlerinden	"      onem:""TDV'nin tarifiyle \"""
ekokuma_edebiyat.js	76	74	OLCULEMEDI-SLUG-COZULEMEDI		OLCULEMEDI	ADAYLAR-KESIK			0					Türk edebiyatının şairlerinden→abdulaziz-el-meymeni,ahdi,ahmed-pasa-bursali,alaeddin-ali-celebi,ali-mustafa-efendi,allah ; Türk edebiyatının şairlerinden klasik büyük→abdulaziz-el-meymeni,ali-mustafa-efendi,allah,arap,aruz,asik ; [4] edebiyatının şairlerinden klasik büyük Türk→toplam 64 ; [4] edebiyatının şairlerinden klasik büyük→toplam 67 ; [4] edebiyatının şairlerinden klasik→toplam 77		klasik Türk edebiyatının en büyük şairlerinden	"      onem:""TDV'nin tarifiyle \"""
ekokuma_karsi.js	130	120	OLCULEMEDI-SLUG-COZULEMEDI		OLCULEMEDI	ADAYLAR-KESIK			0					toprak büyük kaybı→abdulhamid-i,avrupa,avusturya,babur,bahriye,baltalimani-muahedesi ; [4] toprak büyük kaybı→toplam 121 ; [4] toprak büyük kaybı→toplam 121 ; [4] toprak büyük kaybı→toplam 121		İlk büyük toprak kaybı	car/Leh/Venedik tarih yazımında Karlofça'nın değerlendirmesine dair okunmuş akademik eser YOK — hoşnutsuzluk bilgisi yalnız TDV'nin Marsigli/Ruzzini aktarımı. '
ekokuma_kurum2.js	53	34	OLCULEMEDI-SLUG-COZULEMEDI		OLCULEMEDI	ADAYLAR-KESIK			0					anlamda kurulan modern→afganistan,afrika,amerika,anadolu,anayasa,ansiklopedi ; anlamda kurulan modern mektep defa→anadolu,arap,bahriye,batililasma,cin--ulke,endulus ; [4] anlamda kurulan modern mektep defa→toplam 51 ; [4] anlamda kurulan modern mektep→toplam 56 ; [4] anlamda kurulan modern→toplam 218		modern anlamda ilk defa kurulan mektep	"    +""TDV, kurumu Türk eğitim tarihinde '"
ekokuma_p75a.js	67	52	OLCULEMEDI-SLUG-COZULEMEDI		OLCULEMEDI	ADAYLAR-KESIK			0					güvenilir genel defa→abbasiler,abdulkays-beni-abdulkays,adem--peygamber,adet,ahlak,ahmed-han-seyyid ; [4] güvenilir genel defa→toplam 361 ; [4] güvenilir genel defa→toplam 361 ; [4] güvenilir genel defa→toplam 361		ilk defa genel ve güvenilir	sonuç alınamadı. Taşra teşkilâtı sonra önce Tahrîr-i Emlâk, kısa süre sonra Ahz-ı Asker idarelerine bağlanarak asıl işlevini yitirdi. TDV, Osmanlı Devleti'nin “
ekokuma_p75b.js	79	74	OLCULEMEDI-SLUG-COZULEMEDI		OLCULEMEDI	ADAYLAR-KESIK			0					Basit ihanet→abdullah-cevdet,atsiz-huseyin-nihal,ayvansaray,bagdat,cezayir,fransa		Basit bir ihanet mi?	apier'le İskenderiye Sözleşmesi'ni yaptı (27 Kasım 1840). Donanma Ocak 1841'de İskenderiye'de teslim alındı (Dönmez; TDV İbrâhim Paşa, Kavalalı Mehmed Ali). ⑦ '
ekokuma_padisah.js	253	247	OLCULEMEDI-SLUG-COZULEMEDI		OLCULEMEDI	ADAYLAR-KESIK			0					sebeple lakabı aldı→ab-i-hayat,abbasiler,abdal,abdan-el-ahvazi,abdulmecid,abdulvehhab-b-ata-el-haffaf ; [4] sebeple lakabı aldı→toplam 458 ; [4] sebeple lakabı aldı→toplam 458 ; [4] sebeple lakabı aldı→toplam 458		şu sebeple bu lakabı aldı	"  ic_not:""Fâtih (II. Mehmed) lakabı için TDV'de Yıldırım/Yavuz tarzında açık bir '"
ekokuma_rivayet.js	203	200	OLCULEMEDI-SLUG-COZULEMEDI		OLCULEMEDI	ADAYLAR-KESIK			0					Osmanlı toprağı kaldı→afrika,agil-resmi,amerika-birlesik-devletleri,anadolu-beylikleri,anayasa,aramon-gabriel-de-luetz-baron-d ; [4] Osmanlı toprağı kaldı→toplam 196 ; [4] Osmanlı toprağı kaldı→toplam 196 ; [4] Osmanlı toprağı kaldı→toplam 196		145 yıl Osmanlı toprağı kaldı	rmasıyla 'tam hâkimiyet' resmen tesis edildi. Yani meydan zaferinden idari kuruluşa 15 yıl geçti.\n② TASARRUFUN ÖMRÜ — 145 yıl: TDV'nin kendi ifadesiyle Budin '
ekokuma_savas.js	345	342	OLCULEMEDI-SLUG-COZULEMEDI		OLCULEMEDI	ADAYLAR-KESIK			0					sayıda hemen aynı→abakus,abbasiler,abdullah-cevdet,abdulkadir-i-geylani,abdulmelik-b-mervan,abdulmumin-el-kumi ; [4] sayıda hemen aynı→toplam 1020 ; [4] sayıda hemen aynı→toplam 1020 ; [4] sayıda hemen aynı→toplam 1020		hemen hemen aynı sayıda	"      ""kuvvet"": ""TDV: müttefik orduyla '"
ekokuma_tamamla.js	147	137	OLCULEMEDI-SLUG-COZULEMEDI		OLCULEMEDI	ADAYLAR-KESIK			0					bilinmiyor biliniyor→cografya,esir,garar,kefalet,kindi-yakub-b-ishak,rusd--fikih		yıl biliniyor gün bilinmiyor	AMAMLA — H-0115 tamamlama (doğum ekseni). Hibetullah Sultan'ın doğum GÜNÜ TDV özetinde yalnız YIL (1759) olarak geçiyor, gün UYDURULMADI (t: 1759-01-01, §4'ün '
ekokuma_yenilesme.js	34	34	OLCULEMEDI-SLUG-COZULEMEDI		OLCULEMEDI	ADAYLAR-KESIK			0					başlayan faaliyet dönemde→abbasiler,abdulaziz,abdulhamid-ii,abdulmecid,abdulmecid-efendi,adana ; başlayan faaliyet dönemde etkin içine→abbasiler,afganistan,amerika,ansiklopedi,arnavutluk,asya ; [3] başlayan faaliyet dönemde etkin içine yeni→toplam 146 ; [4] başlayan faaliyet dönemde etkin içine→toplam 147 ; [4] başlayan faaliyet dönemde etkin→toplam 234 ; [4] başlayan faaliyet dönemde→toplam 858		ancak 1826'dan sonra başlayan yeni dönemde etkin bir faaliyet içine	yakılarak tahrip edildi ve yağmalandı.\n\n1824-1826 — GERÇEK SÜREKLİLİK. Matbaa Haziran 1824'te İstanbul yakasına tekrar taşındı, ama TDV'nin kendi ifadesiyle '
kademe_d48240.js	144	142	OLCULEMEDI-SLUG-COZULEMEDI		OLCULEMEDI	ADAYLAR-KESIK			0					Hanlığı Kasım merkezi→ahundzade-mirza-feth-ali,astarhan-hanligi,asya,azerbaycan,basmaci-hareketi,bayrak ; Hanlığı Kasım merkezi sehir→ahundzade-mirza-feth-ali,asya,azerbaycan,belh,buhara,caganiyan ; [4] Hanlığı merkezi Kasım sehir→toplam 53 ; [4] Hanlığı merkezi Kasım sehir→toplam 53 ; [4] Hanlığı merkezi Kasım→toplam 70		Kasım Hanlığı'nın merkezi olan sehir	"   neden:""TDV: '"
kisiler.js	173	173	OLCULEMEDI-SLUG-COZULEMEDI		OLCULEMEDI	ADAYLAR-KESIK			0					sâhibi kalem seyf→abbasiler,abdulkadir-i-geylani,ahmed-er-rifai,ali-herevi-mir,anayasa,arap ; [4] sâhib kalem seyf→toplam 231 ; [4] sâhib kalem seyf→toplam 231 ; [4] sâhib kalem seyf→toplam 231		sâhib-i seyf ü kalem	sında ağır bir yenilgiye uğradı; TDV'nin ifadesiyle 'Çaldıran mağlûbiyeti Şah İsmail'in yenilmezliği inancına büyük darbe vurdu.' Çağdaşları ve hayranları onu '
kronoloji_altinorda.js	140	137	OLCULEMEDI-SLUG-COZULEMEDI		OLCULEMEDI	ADAYLAR-KESIK			0					kaynaklar konusunda birleşir→ahlak,ahmed-b-hanbel,anadolu,azap,bakli,bayramiyye ; kaynaklar konusunda birleşir yılında ettiği→ahmed-b-hanbel,anadolu,bakli,bayramiyye,ebu-bekir,ebu-nuaym-el-isfahani ; [3] kaynaklar konusunda birleşir yılında ettiği vefat→toplam 32 ; [4] kaynaklar konusunda birleşir yılında ettiği→toplam 36 ; [4] kaynaklar konusunda birleşir yılında→toplam 41 ; [4] kaynaklar konusunda birleşir→toplam 74		kaynaklar 740 (1340) yılında vefat ettiği konusunda birleşir	"  d:""TDV'nin ifadesiyle '"
kronoloji_altinorda.js	278	275	OLCULEMEDI-SLUG-COZULEMEDI		OLCULEMEDI	ADAYLAR-KESIK			0					Saray Kazan ayrılıp→alauddevle-i-simnani,amerika-birlesik-devletleri,asya,babur,baburname,baki--sair ; Saray Kazan ayrılıp geldi→alauddevle-i-simnani,amerika-birlesik-devletleri,asya,babur,baburname,baki--sair ; [4] ayrılıp Saray Kazan geldi→toplam 129 ; [4] ayrılıp Saray Kazan geldi→toplam 129 ; [4] ayrılıp Saray Kazan→toplam 159		Saray'dan ayrılıp Kazan'a geldi	"  d:""Tahtını kaybeden Uluğ Muhammed, TDV'nin ifadesiyle '"
kronoloji_balkan.js	410	407	OLCULEMEDI-SLUG-COZULEMEDI		OLCULEMEDI	ADAYLAR-KESIK			0					Krallığı Bulgar verildi→almanya,anadolu,arap,arnavutluk,avrupa,avusturya ; [4] Krallığı verildi Bulgar→toplam 57 ; [4] Krallığı verildi Bulgar→toplam 57 ; [4] Krallığı verildi Bulgar→toplam 57		Bulgar Krallığı'na son verildi	a düştü ve İvan Şişman'ın çarlığı fiilen sona erdi; Vidin'de İvan Sratsimir'in yönetimindeki ikinci parça üç yıl daha direnecektir. TDV maddesi olayı doğrudan '
kronoloji_cok_once1281_afrika.js	425	419	OLCULEMEDI-SLUG-COZULEMEDI		OLCULEMEDI	ADAYLAR-KESIK			0					Şevval Mart→abdullah-b-vehb-er-rasibi,abdulhak-molla,abdulmelik-b-mervan,acem-ali,adududdevle,ahmed-vefik-pasa		13 Şevval 674 (31 Mart 1276)	"  ic_not_t:""Saldırının kendi yılı kaynakta yok; t vergi kesintisinin başladığı yıldır. nube iskeletindeki 1276-01-01 Dongola maddesinin günü TDV'de '"
kronoloji_cok_once1281_iran.js	164	164	OLCULEMEDI-SLUG-COZULEMEDI		OLCULEMEDI	ADAYLAR-KESIK			0					sonları başları→abbasiler,abdal,abdal-murad,abdullah-b-zubeyr-b-avvam,abdulmelik-b-mervan,abdurresid-ibrahim		1255 sonları veya 1256 başları	"tinorda""],""etiket"":[""konu-siyasi""],""ic_not"":""'1256 sonu' — ay kesin değil; 1256-01-01 yazıldı ve gun'de beyan edildi. Batu'nun ölüm tarihi TDV'de kesin değil ('"
kronoloji_kuzeyafrika.js	268	266	OLCULEMEDI-SLUG-COZULEMEDI		OLCULEMEDI	ADAYLAR-KESIK			0					Abdülmelik Ahmed elMansûr→ ; Abdülmelik Ahmed→abadile,abdullah-b-ebu-evfa,abdullah-b-ibaz,abdullah-b-muhammed-b-abdurrahman,abdurrahman-b-hisam,abdurrahman-b-mehdi ; Abdülmelik Ahmed elMansûr devrinde→ ; [4] Abdülmelik devrinde Mansûr Ahmed→toplam 155 ; [4] Abdülmelik devrinde Mansûr Ahmed→toplam 155 ; [4] Abdülmelik devrinde Mansûr→toplam 171		Abdülmelik ve Ahmed el-Mansûr devrinde\	"i) reformları yapıldı — ironik biçimde Osmanlı'ya karşı bağımsızlığını koruyan bir devlet, gücünü kısmen Osmanlı modelinden aldı."", ic_not_d:""⚠️ TDV yalnız \\\"""
merak.js	296	295	OLCULEMEDI-SLUG-COZULEMEDI		OLCULEMEDI	ADAYLAR-KESIK			0					olmadığını açık→aba--elbise,abadile,abbadi-ebu-mansur,abbasiler,abdal,abdullah		tam olarak açık olmadığını	"l ÇİN'e idi: 27 Kasım 1404'te Semerkant'tan çıktı, donmuş Seyhun'u geçip Otrar'a vardı, orada hastalanıp 18 Şubat 1405'te öldü. TDV bu seferin gerekçelerinin \"""
olaylar_ek15.js	46	46	OLCULEMEDI-SLUG-COZULEMEDI		OLCULEMEDI	ADAYLAR-KESIK			0		İslâm Ansiklopedisi Sa’dîler			İslâm hânedanı hüküm→abbadiler,abbasiler,abdullah-b-bulukkin,abdullah-cevdet,abdullah-b-tahir,abdurrahman-iii ; İslâm hânedanı hüküm süren→abbasiler,abdullah-cevdet,abdulvadiler,afrika,aglebiler,ahlat ; [4] hânedanı hüküm süren İslâm→toplam 408 ; [4] hânedanı hüküm süren İslâm→toplam 408 ; [4] hânedanı hüküm süren→toplam 487		Fas’ta hüküm süren bir İslâm hânedanı (1511-1659)\	" başlaması"", gun:""1659"", ic_not_gun:""TDV yıl verir, gün vermez"", yer:""Merakeş"", yer_id:""Merakeş"", kisiler:"""", d:""TDV İslâm Ansiklopedisi Sa’dîler maddesini \\\"""
olaylar_sessiz_borc_0919.js	27	27	OLCULEMEDI-SLUG-COZULEMEDI		OLCULEMEDI	ADAYLAR-KESIK			0					Osmanlı İslâm komşuları→asya,avrupa,avusturya,bizans,bogdan,burdur ; Osmanlı İslâm komşuları dünyası→asya,avrupa,avusturya,bizans,cad,cekoslovakya ; [4] komşuları dünyası Osmanlı İslâm→toplam 44 ; [4] komşuları dünyası Osmanlı İslâm→toplam 44 ; [4] komşuları dünyası Osmanlı→toplam 52		İslâm dünyası, Osmanlı ve komşuları	ekildiğini açıklamasıyla'); Parlament Österreich 11 Kasım 1918 der. Avusturya anayasa hukuku olayında kurumun kendi kaydı esas alınmıştır — §4'ün TDV önceliği '
paket_03.js	206	206	OLCULEMEDI-SLUG-COZULEMEDI		OLCULEMEDI	ADAYLAR-KESIK			0		İslâm Ansiklopedisi Sa’dîler			İslâm hânedanı hüküm→abbadiler,abbasiler,abdullah-b-bulukkin,abdullah-cevdet,abdullah-b-tahir,abdurrahman-iii ; İslâm hânedanı hüküm süren→abbasiler,abdullah-cevdet,abdulvadiler,afrika,aglebiler,ahlat ; [4] hânedanı hüküm süren İslâm→toplam 408 ; [4] hânedanı hüküm süren İslâm→toplam 408 ; [4] hânedanı hüküm süren→toplam 487		Fas’ta hüküm süren bir İslâm hânedanı (1511-1659)\	" başlaması"", gun:""1659"", ic_not_gun:""TDV yıl verir, gün vermez"", yer:""Merakeş"", yer_id:""Merakeş"", kisiler:"""", d:""TDV İslâm Ansiklopedisi Sa’dîler maddesini \\\"""
paket_05.js	1211	1208	OLCULEMEDI-SLUG-COZULEMEDI		OLCULEMEDI	ADAYLAR-KESIK			0					İslâm hânedanı hüküm→abbadiler,abbasiler,abdullah-b-bulukkin,abdullah-cevdet,abdullah-b-tahir,abdurrahman-iii ; İslâm hânedanı hüküm süren→abbasiler,abdullah-cevdet,abdulvadiler,afrika,aglebiler,ahlat ; [4] hânedanı hüküm süren İslâm→toplam 408 ; [4] hânedanı hüküm süren İslâm→toplam 408 ; [4] hânedanı hüküm süren→toplam 487		Fas’ta hüküm süren bir İslâm hânedanı (1511-1659)	"  kaynak:""sadiler — f: TDV başlık «"
paket_05.js	1775	1775	OLCULEMEDI-SLUG-COZULEMEDI		OLCULEMEDI	ADAYLAR-KESIK			0					sonunda yenilgi savaş→abbas-i,abdurrahman-iii,abdurrahman-v,abdulaziz,abdulaziz-b-suud,abdulhamid-i ; sonunda yenilgi savaş altı→abbas-i,abdurrahman-iii,abdulaziz,abdulaziz-b-suud,abdulhamid-i,abdulhamid-ii ; [4] sonunda yenilgi savaş altı→toplam 353 ; [4] sonunda yenilgi savaş altı→toplam 353 ; [4] sonunda yenilgi savaş→toplam 391		altı savaş, sonunda 1894 ya da 1896'da yenilgi	"896'da geldi)"", kaynak:""bulunamadı (TDV) — standart akademik kaynak, çevrimiçi ikincil kaynaklarla ('Kawo Tona Gaga') doğrulandı. YIL YUVARLAK — kaynak yalnız '"
paket_05.js	2209	2207	OLCULEMEDI-SLUG-COZULEMEDI		OLCULEMEDI	ADAYLAR-KESIK			0					kuruldu devlet zaman→abbasiler,abdulaziz,abdulhamid-ii,abdulmecid,ace,adana ; [4] kuruldu devlet zaman→toplam 1039 ; [4] kuruldu devlet zaman→toplam 1039 ; [4] kuruldu devlet zaman→toplam 1039		devlet ne zaman kuruldu	"uhammed Hasan Han Kaçar ile rekabet) olduğu için TDV/standart kaynak Zend'in konsolidasyonunu 1751'e koyuyor. Fark künyenin kusuru değil, iki farklı sorunun (\"""
paket_05.js	7665	7664	OLCULEMEDI-SLUG-COZULEMEDI		OLCULEMEDI	ADAYLAR-KESIK			0					hareketli ticaret güzel→anadolu,anadolu-beylikleri,arap,bagdat,bahce,basra ; hareketli ticaret güzel şehri→anadolu,anadolu-beylikleri,arap,bagdat,bahce,basra ; [4] hareketli ticaret güzel şehri→toplam 58 ; [4] hareketli ticaret güzel şehri→toplam 58 ; [4] hareketli ticaret güzel→toplam 66		hür, güzel, hareketli bir ticaret şehri	"  ozet:""Hürmüz Boğazı'nı ve Basra Körfezi ağzındaki deniz ticaretini denetleyen bağımsız bir sultanlık. TDV: 14. yüzyılda \"""
paket_05.js	10570	10568	OLCULEMEDI-SLUG-COZULEMEDI		OLCULEMEDI	ADAYLAR-KESIK			0					Peygamber sonraki halife→abbas--sahabi,abbasiler,abdullah-b-ebu-bekir-b-muhammed,abdullah-b-ibaz,abdullah-b-mesud,abdullah-b-mubarek ; Peygamber sonraki halife dört→abbasiler,abdullah-b-mesud,abdullah-b-mubarek,abdullah-b-selam,adem--peygamber,adi-b-musafir ; [4] Peygamber sonraki halife dört→toplam 471 ; [4] Peygamber sonraki halife dört→toplam 471 ; [4] Peygamber sonraki halife→toplam 735		Hz. Peygamber’den sonraki ilk dört halife (632-661)	"  ic_not_f:""TDV başlığı: '"
paket_05.js	10592	10590	OLCULEMEDI-SLUG-COZULEMEDI		OLCULEMEDI	ADAYLAR-KESIK			0					İran arasında hânedanı→abbasiler,abdullah-han,adem--peygamber,aden,adi-b-zeyd,adilsahiler ; İran arasında hânedanı yılları hüküm→abbasiler,abdullah-han,aden,adilsahiler,afganistan,afrika ; [3] İran arasında hânedanı yılları hüküm süren→toplam 195 ; [4] arasında hânedanı yılları hüküm süren→toplam 328 ; [4] arasında hânedanı yılları hüküm→toplam 525 ; [4] arasında hânedanı yılları→toplam 628		226-651 yılları arasında hüküm süren bir İran hânedanı	"  ic_not_f:""TDV başlığı: '"
paket_05.js	10603	10601	OLCULEMEDI-SLUG-COZULEMEDI		OLCULEMEDI	ADAYLAR-KESIK			0					Mâverâünnehir Horasan hânedan→abbasiler,abdulmelik-b-nuh-b-mansur,alparslan,amr-b-leys,arap,arslan-han ; Mâverâünnehir Horasan hânedan hüküm süren→abbasiler,alparslan,arap,asya,avfi,bagdat ; [4] Mâverâünnehir Horasan hânedan hüküm süren→toplam 60 ; [4] Mâverâünnehir Horasan hânedan hüküm→toplam 109 ; [4] Mâverâünnehir Horasan hânedan→toplam 118		Horasan ve Mâverâünnehir’de hüküm süren bir hânedan (821-873)	"  ic_not_f:""TDV başlığı: '"
paket_11.js	145	142	OLCULEMEDI-SLUG-COZULEMEDI		OLCULEMEDI	ADAYLAR-KESIK			0					kaynaklar konusunda birleşir→ahlak,ahmed-b-hanbel,anadolu,azap,bakli,bayramiyye ; kaynaklar konusunda birleşir yılında ettiği→ahmed-b-hanbel,anadolu,bakli,bayramiyye,ebu-bekir,ebu-nuaym-el-isfahani ; [3] kaynaklar konusunda birleşir yılında ettiği vefat→toplam 32 ; [4] kaynaklar konusunda birleşir yılında ettiği→toplam 36 ; [4] kaynaklar konusunda birleşir yılında→toplam 41 ; [4] kaynaklar konusunda birleşir→toplam 74		kaynaklar 740 (1340) yılında vefat ettiği konusunda birleşir	"  d:""TDV'nin ifadesiyle '"
paket_11.js	283	280	OLCULEMEDI-SLUG-COZULEMEDI		OLCULEMEDI	ADAYLAR-KESIK			0					Saray Kazan ayrılıp→alauddevle-i-simnani,amerika-birlesik-devletleri,asya,babur,baburname,baki--sair ; Saray Kazan ayrılıp geldi→alauddevle-i-simnani,amerika-birlesik-devletleri,asya,babur,baburname,baki--sair ; [4] ayrılıp Saray Kazan geldi→toplam 129 ; [4] ayrılıp Saray Kazan geldi→toplam 129 ; [4] ayrılıp Saray Kazan→toplam 159		Saray'dan ayrılıp Kazan'a geldi	"  d:""Tahtını kaybeden Uluğ Muhammed, TDV'nin ifadesiyle '"
paket_12.js	2875	2872	OLCULEMEDI-SLUG-COZULEMEDI		OLCULEMEDI	ADAYLAR-KESIK			0					Krallığı Bulgar verildi→almanya,anadolu,arap,arnavutluk,avrupa,avusturya ; [4] Krallığı verildi Bulgar→toplam 57 ; [4] Krallığı verildi Bulgar→toplam 57 ; [4] Krallığı verildi Bulgar→toplam 57		Bulgar Krallığı'na son verildi	a düştü ve İvan Şişman'ın çarlığı fiilen sona erdi; Vidin'de İvan Sratsimir'in yönetimindeki ikinci parça üç yıl daha direnecektir. TDV maddesi olayı doğrudan '
paket_12.js	9031	9029	OLCULEMEDI-SLUG-COZULEMEDI		OLCULEMEDI	ADAYLAR-KESIK			0					Abdülmelik Ahmed elMansûr→ ; Abdülmelik Ahmed→abadile,abdullah-b-ebu-evfa,abdullah-b-ibaz,abdullah-b-muhammed-b-abdurrahman,abdurrahman-b-hisam,abdurrahman-b-mehdi ; Abdülmelik Ahmed elMansûr devrinde→ ; [4] Abdülmelik devrinde Mansûr Ahmed→toplam 155 ; [4] Abdülmelik devrinde Mansûr Ahmed→toplam 155 ; [4] Abdülmelik devrinde Mansûr→toplam 171		Abdülmelik ve Ahmed el-Mansûr devrinde\	"i) reformları yapıldı — ironik biçimde Osmanlı'ya karşı bağımsızlığını koruyan bir devlet, gücünü kısmen Osmanlı modelinden aldı."", ic_not_d:""⚠️ TDV yalnız \\\"""
paket_12.js	10517	10517	OLCULEMEDI-SLUG-COZULEMEDI		OLCULEMEDI	ADAYLAR-KESIK			0					Osmanlı İslâm komşuları→asya,avrupa,avusturya,bizans,bogdan,burdur ; Osmanlı İslâm komşuları dünyası→asya,avrupa,avusturya,bizans,cad,cekoslovakya ; [4] komşuları dünyası Osmanlı İslâm→toplam 44 ; [4] komşuları dünyası Osmanlı İslâm→toplam 44 ; [4] komşuları dünyası Osmanlı→toplam 52		İslâm dünyası, Osmanlı ve komşuları	ekildiğini açıklamasıyla'); Parlament Österreich 11 Kasım 1918 der. Avusturya anayasa hukuku olayında kurumun kendi kaydı esas alınmıştır — §4'ün TDV önceliği '
paket_12.js	13694	13694	OLCULEMEDI-SLUG-COZULEMEDI		OLCULEMEDI	ADAYLAR-KESIK			0					sâhibi kalem seyf→abbasiler,abdulkadir-i-geylani,ahmed-er-rifai,ali-herevi-mir,anayasa,arap ; [4] sâhib kalem seyf→toplam 231 ; [4] sâhib kalem seyf→toplam 231 ; [4] sâhib kalem seyf→toplam 231		sâhib-i seyf ü kalem	sında ağır bir yenilgiye uğradı; TDV'nin ifadesiyle 'Çaldıran mağlûbiyeti Şah İsmail'in yenilmezliği inancına büyük darbe vurdu.' Çağdaşları ve hayranları onu '
paket_13.js	247	247	OLCULEMEDI-SLUG-COZULEMEDI		OLCULEMEDI	ADAYLAR-KESIK			0					Akkoyunlu sinirlari icinde→adiyaman,agri,ahiska,akkoyunlular,alp,anadolu ; Akkoyunlu sinirlari icinde kaldi→adiyaman,ahiska,akkoyunlular,anadolu,anadolu-beylikleri,aras ; [4] Akkoyunlu sinirlari icinde kaldi→toplam 108 ; [4] Akkoyunlu sinirlari icinde kaldi→toplam 108 ; [4] Akkoyunlu sinirlari icinde→toplam 119		sonra DA Akkoyunlu sinirlari icinde kaldi	":""1401-02-01"",t:""1923-10-29"",k:3,m:""Erzurum""}],neden:""p0004/H-0006. Kayit IKI YERDE yanlisti: (1) 1473-08-11 Otlukbeli'yi Osmanli devri sayiyordu — TDV acikca '"
paket_26.js	1872	1866	OLCULEMEDI-SLUG-COZULEMEDI		OLCULEMEDI	ADAYLAR-KESIK			0					emirler çekmek üzere→abbasiler,abdurrahman-iii,aga,ahmed-fakih,akil,alauddevle-i-simnani ; emirler çekmek üzere verdi geri→abbasiler,abdurrahman-iii,akil,allah,anayasa,ansiklopedi ; [4] emirler çekmek üzere verdi geri→toplam 118 ; [4] emirler çekmek üzere verdi→toplam 149 ; [4] emirler çekmek üzere→toplam 167		geri çekmek üzere emirler verdi	re) 1831-33 işgal güzergâhının ('Suriye harekâtı (1831-32)' + 'Anadolu ilerleyişi (1832-33)' kayıtları) TERSİDİR; dönüş yolunun KENDİ kaynağı yok — TDV yalnız '
seferler_sefer_ok_0075.js	56	50	OLCULEMEDI-SLUG-COZULEMEDI		OLCULEMEDI	ADAYLAR-KESIK			0					emirler çekmek üzere→abbasiler,abdurrahman-iii,aga,ahmed-fakih,akil,alauddevle-i-simnani ; emirler çekmek üzere verdi geri→abbasiler,abdurrahman-iii,akil,allah,anayasa,ansiklopedi ; [4] emirler çekmek üzere verdi geri→toplam 118 ; [4] emirler çekmek üzere verdi→toplam 149 ; [4] emirler çekmek üzere→toplam 167		geri çekmek üzere emirler verdi	re) 1831-33 işgal güzergâhının ('Suriye harekâtı (1831-32)' + 'Anadolu ilerleyişi (1832-33)' kayıtları) TERSİDİR; dönüş yolunun KENDİ kaynağı yok — TDV yalnız '
yer_yama.js	438	438	OLCULEMEDI-SLUG-COZULEMEDI		OLCULEMEDI	ADAYLAR-KESIK			0					Cemâziyelevvel Mustafa Ekim→adliye-nezareti,aga-muhammed-sah,ali-mustafa-efendi,arz--osmanli,ayasofya,bagdat ; Cemâziyelevvel Mustafa Ekim Muhâ ayrıldı→adliye-nezareti,bagdat,basbakanlik-osmanli-arsivi,belediye,bursali-mehmed-tahir,cami ; [4] Cemâziyelevvel Mustafa ayrıldı Ekim Muhâ→toplam 68 ; [4] Cemâziyelevvel Mustafa ayrıldı Ekim→toplam 68 ; [4] Cemâziyelevvel Mustafa ayrıldı→toplam 107		10 Cemâziyelevvel 1045 (22 Ekim 1635): Mustafa Bey Muhâ'dan ayrıldı	"işi tamamlandı — imamet bağımsızlığını kazandı"", yer_id:""Moha"", not:""data/yerlesimler.js'te Moha kaydının d: penceresi bu tarihte tam olarak bitiyor — TDV'nin '"
yer_yama_tbmm_1920_0905.js	2493	2489	OLCULEMEDI-SLUG-COZULEMEDI		OLCULEMEDI	ADAYLAR-KESIK			0					Akkoyunlu sinirlari icinde→adiyaman,agri,ahiska,akkoyunlular,alp,anadolu ; Akkoyunlu sinirlari icinde kaldi→adiyaman,ahiska,akkoyunlular,anadolu,anadolu-beylikleri,aras ; [4] Akkoyunlu sinirlari icinde kaldi→toplam 108 ; [4] Akkoyunlu sinirlari icinde kaldi→toplam 108 ; [4] Akkoyunlu sinirlari icinde→toplam 119		sonra DA Akkoyunlu sinirlari icinde kaldi	" 47 gunluk kaydirma, ayni seferin icinde."", ""neden"": ""p0004/H-0006. Kayit IKI YERDE yanlisti: (1) 1473-08-11 Otlukbeli'yi Osmanli devri sayiyordu — TDV acikca '"
yerlesimler.js	242	242	OLCULEMEDI-SLUG-COZULEMEDI		OLCULEMEDI	ADAYLAR-KESIK			0					Akkoyunlu sinirlari icinde→adiyaman,agri,ahiska,akkoyunlular,alp,anadolu ; Akkoyunlu sinirlari icinde kaldi→adiyaman,ahiska,akkoyunlular,anadolu,anadolu-beylikleri,aras ; [4] Akkoyunlu sinirlari icinde kaldi→toplam 108 ; [4] Akkoyunlu sinirlari icinde kaldi→toplam 108 ; [4] Akkoyunlu sinirlari icinde→toplam 119		sonra DA Akkoyunlu sinirlari icinde kaldi	":""1401-02-01"",t:""1923-10-29"",k:3,m:""Erzurum""}],neden:""p0004/H-0006. Kayit IKI YERDE yanlisti: (1) 1473-08-11 Otlukbeli'yi Osmanli devri sayiyordu — TDV acikca '"
bekleyenler.js	63	21	OLCULEMEDI-SLUG-COZULEMEDI		OLCULEMEDI	ADAYLAR-TUKENDI			0					beklentiye aykırı doğru→dua,rusvet ; [4] beklentiye aykırı doğru→toplam 2		doğru ama beklentiye aykırı	"     ""Veri TDV'ye birebir sadık (Bingöl-Kiğı arası Sancak mevkii) ve çevresi o an gerçekten Akkoyunlu. Karar: \""düzeltilecek kusur\"" mu, \"""
devletler.js	599	597	OLCULEMEDI-SLUG-COZULEMEDI		OLCULEMEDI	ADAYLAR-TUKENDI			0					Herat XIII yüzyıllarda→abbasiler,asya,bagdat,bimaristan,cami,ciltcilik ; Herat XIII yüzyıllarda hânedan hüküm→abbasiler,asya,bagdat,bimaristan,cami,destan ; [3] Herat XIII yüzyıllarda hânedan hüküm süren→toplam 27 ; [4] yüzyıllarda hânedan Herat hüküm süren→toplam 31 ; [4] yüzyıllarda hânedan Herat hüküm→toplam 40 ; [4] yüzyıllarda hânedan Herat→toplam 42		XIII ve XIV. yüzyıllarda Herat'ta hüküm süren bir hânedan	inde Herat merkezli hüküm süren, Gûr kökenli hânedan; Horasan'ın doğusu ile Sîstan'ı elinde tuttu ve Timur tarafından ortadan kaldırıldı. TDV maddesi hânedanı '
devletler.js	1117	1114	OLCULEMEDI-SLUG-COZULEMEDI		OLCULEMEDI	ADAYLAR-TUKENDI			0					Armenian Concise History→harut-ve-marut ; Armenian Concise History People→ ; [4] Armenian Concise History People→toplam 0	ingilizce	A Concise History of the Armenian People	"  kaynak:""bulunamadı — TDV'de müstakil maddesi yok (kili, sis alakasız konular), dayanak: George A. Bournoutian, '"
devletler.js	1663	1663	OLCULEMEDI-SLUG-COZULEMEDI		OLCULEMEDI	ADAYLAR-TUKENDI			0					Menelik tahta çıktı→etiyopya,sadik-el-mueyyed-pasa ; [4] Menelik tahta çıktı→toplam 2		II. Menelik tahta çıktı	 sömürgesinin resmî ilanına (1890-01-01) mı karşılık geliyor — üç aday tarih (antlaşma/işgal/sömürge ilanı) birbirinden ayırt edilmedi. Önceki kayıt bu tarihi '
devletler.js	2190	2188	OLCULEMEDI-SLUG-COZULEMEDI		OLCULEMEDI	ADAYLAR-TUKENDI			0					taşıyor harita hangi→anadolu,bayrak,cami,haydarpasa,istanbul,mustafa-kemal-ataturk ; taşıyor harita hangi güne iran→anadolu,bayrak,cami,istanbul,mustafa-kemal-ataturk,muhur ; [4] taşıyor harita hangi güne iran→toplam 8		harita hangi güne kadar iran'ı taşıyor	"abet) olduğu için TDV/standart kaynak Zend'in konsolidasyonunu 1751'e koyuyor. Fark künyenin kusuru değil, iki farklı sorunun (\""devlet ne zaman kuruldu\"" vs \"""
devletler.js	2573	2573	OLCULEMEDI-SLUG-COZULEMEDI		OLCULEMEDI	ADAYLAR-TUKENDI			0					Senegal French conquest→misir ; [4] conquest Senegal French→toplam 1	ingilizce	French conquest of Senegal	"i (Dakar-Saint-Louis demiryoluna direniş)"", kaynak:""bulunamadı (TDV) — standart akademik kaynak, GÜN hassasiyeti (26 Ekim 1868) çevrimiçi ikincil kaynaklarla ('"
devletler.js	6152	6149	OLCULEMEDI-SLUG-COZULEMEDI		OLCULEMEDI	ADAYLAR-TUKENDI			0					Sixteenth Society Islands→ ; Sixteenth Society→ahmed-el-mucahid,babur,borneo,bruney,celali-isyanlari,emir-i-hac ; Sixteenth Society Islands Century Trade→ ; Sixteenth Society Islands Century→ ; [3] Sixteenth Society Islands Century Trade Banda→toplam 0 ; [4] Sixteenth Society Islands Century Trade→toplam 0	ingilizce	Trade and Society in the Banda Islands in the Sixteenth Century	"  kaynak:""bulunamadı — TDV'de müstakil maddesi yok, dayanak: John Villiers, '"
devletler.js	6152	6149	OLCULEMEDI-SLUG-COZULEMEDI		OLCULEMEDI	ADAYLAR-TUKENDI			0					Empires Orient Rival→hollanda ; Empires Orient Rival Trade→hollanda ; [4] Empires Orient Rival Trade→toplam 1	ingilizce	Rival Empires of Trade in the Orient	si yok, dayanak: John Villiers, 'Trade and Society in the Banda Islands in the Sixteenth Century', Modern Asian Studies 15(4), 1981 (hakemli) + Holden Furber, '
devletler.js	6187	6184	OLCULEMEDI-SLUG-COZULEMEDI		OLCULEMEDI	ADAYLAR-TUKENDI			0					Lords Land→haclilar,karli-ili,necmeddin-i-kubra,salibi-kemal-suleyman	ingilizce	Lords of the Land, Lords of the Sea	"  kaynak:""bulunamadı — TDV'de müstakil maddesi yok, dayanak: standart akademik kaynak (Hans Hägerdal, '"
devletler.js	6691	6691	OLCULEMEDI-SLUG-COZULEMEDI		OLCULEMEDI	ADAYLAR-TUKENDI			0					Vietnam Mongol invasions→ ; Vietnam Mongol→amerika-birlesik-devletleri,cin--ulke,fransa,tarih ; [4] invasions Vietnam Mongol→toplam 0	ingilizce	Mongol invasions of Vietnam	"8-01-01"", tur:""savas"", b:""İlk Moğol istilası yarım ay içinde püskürtüldü"", kaynak:""bulunamadı (TDV) — standart akademik kaynak, çevrimiçi ikincil kaynaklarla ('"
devletler.js	7019	7019	OLCULEMEDI-SLUG-COZULEMEDI		OLCULEMEDI	ADAYLAR-TUKENDI			0		AM — AYNEN			Kolombiya Venezuela Bolivar→ ; Kolombiya Venezuela→amerika,durzilik ; Kolombiya Venezuela Bolivar Ekvador Granada→ ; Kolombiya Venezuela Bolivar Ekvador→ ; [4] tarafindan Kolombiya Venezuela ayrilinca kurulmus→toplam 1		Bolivar tarafindan kurulmus olan Buyuk Kolombiya'dan 1829'da Venezuela, 1830'da da Ekvador ayrilinca geri kalan kisim Yeni Granada adi ile 1863'e kadar devam etti	"          { t:""1829-01-01"", tur:""kurulus"", b:""Venezuela Gran Kolombiya'dan ayrilarak ayri bir cumhuriyet oldu"", kaynak:""TDV-AM — AYNEN: «"
devletler.js	7638	7637	OLCULEMEDI-SLUG-COZULEMEDI		OLCULEMEDI	ADAYLAR-TUKENDI			0					Prensliği Dukagjin Arnavut→les ; Prensliği Dukagjin Arnavut Dukakin Paul→les ; [4] asilzâdeleri getirdiler Prensliği Dukagjin Arnavut→toplam 1		Paul ve Lek Dukagjin adlı Arnavut asilzâdeleri … burayı Arnavut Dukakin Prensliği'nin merkezi hâline getirdiler.	"  ozet:""Kuzey Arnavutluk'ta Leş (Alessio) merkezli Arnavut prensliği. TDV: 1387'de \"""
devletler.js	9007	9004	OLCULEMEDI-SLUG-COZULEMEDI		OLCULEMEDI	ADAYLAR-TUKENDI			0					Karahanlılar Batı ermiş→anadolu,bimaristan,iran,karahanlilar,mezhep,muhammed-tapar ; Karahanlılar Batı ermiş sona oldu→anadolu,bimaristan,iran,karahanlilar,mezhep,muhammed-tapar ; [4] Karahanlılar ermiş Batı sona oldu→toplam 11		(559/1164) Batı Karahanlılar sona ermiş oldu	"  ic_not_t:""TDV iki sonu ayırıyor: Hasanî/İbrâhim soyunun II. Mahmud'la bitişi '"
devletler.js	9187	9184	OLCULEMEDI-SLUG-COZULEMEDI		OLCULEMEDI	ADAYLAR-TUKENDI			0					Arslanşah Rükneddin Gerşâsb→kakuyiler,yezd ; Arslanşah Rükneddin Gerşâsb Tuğrul Yezd→kakuyiler,yezd ; [4] etmekteydi Arslanşah zamanında Rükneddin Gerşâsb→toplam 1		Arslanşah b. Tuğrul zamanında (1161-1177) Yezd’i Gerşâsb’ın iki kızı idare etmekteydi. Daha sonra Rükneddin Sâm ... atabeg tayin edildi	"  ic_not_f:""⚠️ TDV İÇ ÇELİŞKİ: kakuyiler → Katvân (536/1141) sonrası Sencer kızlara atabeg atadı (Rükneddin Sâm) ⇒ f 1141. yezd → '"
devletler.js	10563	10560	OLCULEMEDI-SLUG-COZULEMEDI		OLCULEMEDI	ADAYLAR-TUKENDI			0					Zilhicce Emevîler Ağustos→buhara,ebu-hamza-es-sari,emeviler,fatimiler,harre-savasi,hassan-b-malik ; Zilhicce Emevîler Ağustos Mervân Mısır→emeviler,hulefa-yi-rasidin,iran,kudus,mekke,mervan-ii ; [4] öldürüldü Zilhicce ölümüyle Emevîler sonunda→toplam 9		Mervân en sonunda Mısır’da öldürüldü (26 Zilhicce 132 / 5 Ağustos 750). Onun ölümüyle Emevîler tar…	"  ic_not_t:""TDV: '"
ekokuma_1806.js	106	102	OLCULEMEDI-SLUG-COZULEMEDI		OLCULEMEDI	ADAYLAR-TUKENDI			0					mimarları plandaki gerçek→harem--kadinlar,kabakci-isyani,sinan ; mimarları plandaki gerçek arka→harem--kadinlar,kabakci-isyani,sinan ; [4] mimarları plandaki gerçek arka→toplam 3		arka plandaki gerçek mimarları	"  bag:""İsyanın görünen yüzü Kastamonulu bir yeniçeri olan Kabakçı Mustafa'ydı; TDV, ayaklanmanın \"""
ekokuma_1806.js	107	102	OLCULEMEDI-SLUG-COZULEMEDI		OLCULEMEDI	ADAYLAR-TUKENDI			0					gelişmelerine uyduracak şekilde→kabakci-isyani ; gelişmelerine uyduracak şekilde kendini fırsatı→kabakci-isyani ; [4] gelişmelerine uyduracak şekilde kendini fırsatı→toplam 1		çağın gelişmelerine ayak uyduracak şekilde kendini ıslah etme gibi bir büyük fırsatı	"Mustafa Paşa'nın yolladığı Pınarhisar âyanı Ali Ağa tarafından öldürüldü. TDV'nin hükmü ağırdır: bu isyanla yenilenme devri 1826'ya kadar kapandı ve devletin \"""
ekokuma_1806.js	132	130	OLCULEMEDI-SLUG-COZULEMEDI		OLCULEMEDI	ADAYLAR-TUKENDI			0					tashihe muhtaç konu→ibn-hacer-el-askalani,ibnul-iraki,mustafa-iv,sia,mehmed-zaim ; [4] tashihe muhtaç konu→toplam 5		tashihe muhtaç bir konu	" dayanan bir zincirdir.\n\n🟢 KARŞI GÖRÜŞ — TDV MADDESİNİN KENDİSİ. Maddeyi yazan Kemal Beydilli bu sıfatların \""gerçekle bağdaşmadığı açıktır\"" der ve kararı \"""
ekokuma_1806.js	132	130	OLCULEMEDI-SLUG-COZULEMEDI		OLCULEMEDI	ADAYLAR-TUKENDI			0					tashihe muhtaç hüküm→sia,mehmed-zaim ; [4] tashihe muhtaç hüküm→toplam 2		bu hüküm tashihe muhtaç	"yaptı?\"" sorusunda kefe ağırdır ve TDV de hafifletmez. \""Ne yapardı?\"" sorusunda ise kaynaklar yetmiyor, ve bir tarihçinin bütün meslektaşlarına karşı açıkça \"""
ekokuma_alemdar.js	84	79	OLCULEMEDI-SLUG-COZULEMEDI		OLCULEMEDI	ADAYLAR-TUKENDI			0					Bulgaristan Vidin Kuzey→berkofca,bulgaristan,cesme,kale,kile,mehmed-ii ; Bulgaristan Vidin Kuzey bölgesinin âyanı→osmanlilar ; [4] Bulgaristan bölgesinin Vidin Kuzey âyanı→toplam 1		Vidin ve Kuzey Bulgaristan bölgesinin ÂSİ âyanı	"azıya geçirmişti.\n\nBİRİNCİ OKUMA — İSYAN. TDV'nin bazı âyanları tanımlarken kullandığı sıfat doğrudan bunu söyler: Pazvandoğlu Osman maddesinin üst künyesi \"""
ekokuma_antlasma4.js	638	618	OLCULEMEDI-SLUG-COZULEMEDI		OLCULEMEDI	ADAYLAR-TUKENDI			0					Antlaşması Kaynarca Küçük→abdulhamid-i,ahmed-resmi,akkirman,almanya,avrupa,avusturya ; Antlaşması Kaynarca Küçük Mora geçirilen→abdulhamid-i,cezayir,fransa,osmanlilar,rusya,yeniceri ; [4] Antlaşması geçirilen Kaynarca Küçük arazi→toplam 6		Küçük Kaynarca Antlaşması'yla Mora'da ele geçirilen arazi	"  ic_not:""TDV yalnız YIL veriyor (1779); madde t:1779-03-10 gün kaynaksız. Mora iadesi hükmü TDV'de '"
ekokuma_antlasma4.js	1033	1018	OLCULEMEDI-SLUG-COZULEMEDI		OLCULEMEDI	ADAYLAR-TUKENDI			0					Nisan harekâta geçerek→abdullah-b-zubeyr-b-avvam,anadolu,asya,bahriye,bayezid-i,bulgaristan ; Nisan harekâta geçerek ileri→abdullah-b-zubeyr-b-avvam,anadolu,asya,bahriye,bulgaristan,enver-pasa ; [4] harekâta geçerek ileri Nisan→toplam 19		ileri harekâta geçerek 23 Nisan	 TDV'de okunmadı; TDV oylamanın sonradan 'kararlaştırıldığını' yazıyor.. TDV içinde gün farkları: Kars'ın alınışı kazim-karabekir'de 25 Nisan, kars maddesinde '
ekokuma_bolge0073.js	151	148	OLCULEMEDI-SLUG-COZULEMEDI		OLCULEMEDI	ADAYLAR-TUKENDI			0					herkes sorunu nasıl→abdulhamid-ii,ahiret,devsirme,divan-edebiyati,eflatun,fetva ; herkes sorunu nasıl çözdü aynı→ ; herkes sorunu nasıl çözdü→ ; [4] herkes sorunu nasıl çözdü aynı→toplam 0		herkes aynı sorunu nasıl çözdü	"istem kadim İran'da, Bizans İmparatorluğu'nda, Batı Avrupa'da, İslâm devletlerinde ve Türk-Moğol devletlerinde hâkim oldu. Yani soru \""kim icat etti\"" değil, \"""
ekokuma_camitarz.js	53	47	OLCULEMEDI-SLUG-COZULEMEDI		OLCULEMEDI	ADAYLAR-TUKENDI			0					Avrupa üsluplarının uygulandığı→batililasma,cami,irak--ulke,iran,nusretiye-camii ; Avrupa üsluplarının uygulandığı şekilde empire→batililasma,cami,iran,nusretiye-camii ; [4] üsluplarının uygulandığı şekilde Avrupa empire→toplam 4		Avrupa'nın barok ve empire (ampir) üsluplarının karma bir şekilde uygulandığı	"      ""Caminin mimarı, 19. yüzyıl Osmanlı mimarisine damgasını vuran Balyan ailesinden Krikor Amira Kalfa'dır (Balyan). Yapı, TDV'nin kendi tanımıyla, '"
ekokuma_dalga2.js	43	38	OLCULEMEDI-SLUG-COZULEMEDI		OLCULEMEDI	ADAYLAR-TUKENDI			0		Osman I, Orhan ve Bursa			Orhan Bursa kuşatıyordu→ ; Orhan Bursa→abdal-koprusu,abdal-mehmed,abdal-murad,abdal-musa,abdal-musa-tekkesi,abdullatif-el-kudsi ; Orhan Bursa kuşatıyordu öldüğünde→ ; [4] kuşatıyordu öldüğünde Orhan Bursa→toplam 0		öldüğünde Orhan Bursa'yı kuşatıyordu	"  not:""Fetih haberinin ölüm döşeğindeki Osman'a ulaştırıldığı ayrıntısı TDV'nin Osman I, Orhan ve Bursa maddelerinde geçmez; bu maddeler yalnız \"""
ekokuma_dunya.js	66	61	OLCULEMEDI-SLUG-COZULEMEDI		OLCULEMEDI	ADAYLAR-TUKENDI			0		bu konuyu ayrı bir			Decline Silk Road→ ; Decline Silk→muhammed,tarih ; [4] Decline Silk Road→toplam 0	ingilizce	Decline of the Silk Road	"  kaynak:""Akademik/ansiklopedik kaynak (TDV bu konuyu ayrı bir madde olarak kapsamıyor — §4 coğrafî/tanecik boşluğu): EBSCO Research Starters, \"""
ekokuma_dunya.js	166	163	OLCULEMEDI-SLUG-COZULEMEDI		OLCULEMEDI	ADAYLAR-TUKENDI			0					yetersiz kaleler donanma→abdulaziz,abdulhamid-i,anadolu,bahriye,bizans,bogazlar-meselesi ; yetersiz kaleler donanma rahatça güçlü→endulus,iran,istanbul,kibris,kudus,muhammed ; [4] yetersiz kaleler donanma rahatça güçlü→toplam 7		kaleler yetersiz, güçlü bir donanma rahatça geçer	"hiçbir ciddi dirençle karşılaşmadan boğazdan geçip İstanbul önlerine geldi. TDV'nin okunan gövdesine göre bir Fransız mühendisin III. Selim'e önceden verdiği \"""
ekokuma_dunya.js	297	294	OLCULEMEDI-SLUG-COZULEMEDI		OLCULEMEDI	ADAYLAR-TUKENDI			0					Osmanlı Devleti topraklarının→afrika,almanya,amasya,amerika,amerika-birlesik-devletleri,anadolu ; Osmanlı Devleti topraklarının tasfiyesi paylaşımı→ingiltere,osmanlilar,rusya,sark-meselesi ; [4] topraklarının tasfiyesi paylaşımı Osmanlı Devleti→toplam 4		Osmanlı Devleti'nin tasfiyesi ve topraklarının paylaşımı	"İPLOMATİK KAVRAMDIR — TDV'nin tarihlendirmesiyle terim ilk kez 1822'de, Yunan İsyanı vesilesiyle toplanan Verona görüşmelerinde kullanılmaya başladı. Kavram, \"""
ekokuma_dunya.js	352	349	OLCULEMEDI-SLUG-COZULEMEDI		OLCULEMEDI	ADAYLAR-TUKENDI			0					Hıristiyan Türk boyunduruğundan→efgani-cemaleddin,islamcilik,murad-i,mustafa-kemal-ataturk,sark-meselesi,yahudilik ; Hıristiyan Türk boyunduruğundan kardeşleri kurtaran→ ; Hıristiyan Türk boyunduruğundan kardeşleri→islamcilik,murad-i,sark-meselesi,yunanistan ; [4] boyunduruğundan Hıristiyan kardeşleri kurtaran Türk→toplam 0		Hıristiyan kardeşleri Türk boyunduruğundan kurtaran	) halkından Rumlar, kendilerinden AZ vergi alan ama DİLEDİKLERİ GİBİ yaşama hakkı tanıyan Türk idaresine dönmek için DUA EDER hâldeydi. Bu, Venedik'in kendini '
ekokuma_dunya.js	454	450	OLCULEMEDI-SLUG-COZULEMEDI		OLCULEMEDI	ADAYLAR-TUKENDI			0					hangi deniz→abbasiler,abdurrahman-iii,abdulaziz,abdulhamid-ii,adile-sultan-sarayi,agac ; [4] hangi deniz i̇yi̇→toplam 0		hangi deniz DAHA İYİ	asi engelinin kalkması, ama Karadeniz arayışının hâlâ 'coğrafi bir gereklilik' diye sürmesi) bir arada okunduğunda, sorunun yalnız 'engel var mı yok mu' değil '
ekokuma_dunya.js	482	479	OLCULEMEDI-SLUG-COZULEMEDI		OLCULEMEDI	ADAYLAR-TUKENDI			0					Osmanlı topraklarında yaptığı→abdullah-i-ilahi,abdulhamid-i,abdulvadiler,ace,adilsahiler,afganistan ; Osmanlı topraklarında yaptığı borçlar ödenmek→osmanlilar ; [4] topraklarında Osmanlı yaptığı borçlar ödenmek→toplam 1		Osmanlı topraklarında yaptığı borçlar uzun yıllar geri ödenmek zorunda kaldı	 saray getirmişti, giderken yapayalnızdı. Osmanlı topraklarında biriktirdiği borçlar (kendisinin ve maiyetinin masrafları) yıllarca ödenemedi; TDV bunu açıkça '
ekokuma_edebiyat.js	40	38	OLCULEMEDI-SLUG-COZULEMEDI		OLCULEMEDI	ADAYLAR-TUKENDI			0					Osmanlı kazandıran söyleyiş→ahmed-vefik-pasa,ali-mustafa-efendi,arap,basiri,divan-edebiyati,hilaf ; Osmanlı kazandıran söyleyiş şiirine klasik→divan-edebiyati,istanbul,kuran,osmanlilar,turk ; [4] kazandıran söyleyiş Osmanlı şiirine klasik→toplam 5		klasik Osmanlı şiirine söyleyiş gücü kazandıran	"      onem:""TDV'nin tarifiyle \"""
ekokuma_edebiyat.js	52	50	OLCULEMEDI-SLUG-COZULEMEDI		OLCULEMEDI	ADAYLAR-TUKENDI			0					Osmanlı kazandıran söyleyiş→ahmed-vefik-pasa,ali-mustafa-efendi,arap,basiri,divan-edebiyati,hilaf ; Osmanlı kazandıran söyleyiş şiirine klasik→divan-edebiyati,istanbul,kuran,osmanlilar,turk ; [4] kazandıran söyleyiş Osmanlı şiirine klasik→toplam 5		klasik Osmanlı şiirine söyleyiş gücü kazandıran	"      onem:""TDV'nin tarifiyle \"""
ekokuma_edebiyat.js	88	86	OLCULEMEDI-SLUG-COZULEMEDI		OLCULEMEDI	ADAYLAR-TUKENDI			0					şiirinde adıyla anılan→abbasiler,abdulaziz-el-meymeni,ahmed-i-dai,ahmed-vefik-pasa,allah,almanya ; şiirinde adıyla anılan ortaya divan→abbasiler,ahmed-vefik-pasa,allah,arap,aruz,asik-musikisi ; [3] şiirinde adıyla anılan ortaya divan kendi koyan tarz→toplam 22 ; [4] şiirinde adıyla anılan ortaya divan→toplam 82 ; [4] şiirinde adıyla anılan ortaya→toplam 102 ; [4] şiirinde adıyla anılan→toplam 130		divan şiirinde kendi adıyla anılan bir tarz ortaya koyan şair	"      onem:""TDV'nin tarifiyle \"""
ekokuma_edebiyat.js	100	98	OLCULEMEDI-SLUG-COZULEMEDI		OLCULEMEDI	ADAYLAR-TUKENDI			0					şiirinde adıyla anılan→abbasiler,abdulaziz-el-meymeni,ahmed-i-dai,ahmed-vefik-pasa,allah,almanya ; şiirinde adıyla anılan ortaya divan→abbasiler,ahmed-vefik-pasa,allah,arap,aruz,asik-musikisi ; [3] şiirinde adıyla anılan ortaya divan kendi koyan tarz→toplam 22 ; [4] şiirinde adıyla anılan ortaya divan→toplam 82 ; [4] şiirinde adıyla anılan ortaya→toplam 102 ; [4] şiirinde adıyla anılan→toplam 130		divan şiirinde kendi adıyla anılan bir tarz ortaya koyan şair	"      onem:""TDV'nin tarifiyle \"""
ekokuma_edebiyat.js	112	110	OLCULEMEDI-SLUG-COZULEMEDI		OLCULEMEDI	ADAYLAR-TUKENDI			0					kasideleriyle hiciv divan→divan-edebiyati,haysa-beysa,iran,kaside,muhammed,namik-kemal ; kasideleriyle hiciv divan şairi ünlü→divan-edebiyati,iran,kaside,muhammed,osmanlilar,sanevberi ; [4] kasideleriyle hiciv divan şairi ünlü→toplam 6		hiciv ve kasideleriyle ünlü divan şairi	"      onem:""TDV'nin tarifiyle \"""
ekokuma_ekonomi.js	120	115	OLCULEMEDI-SLUG-COZULEMEDI		OLCULEMEDI	ADAYLAR-TUKENDI			0					işletilmesinde kaynaklarının ödenmesinde→duyun-i-umumiyye ; işletilmesinde kaynaklarının ödenmesinde borçların verimli→duyun-i-umumiyye ; [4] işletilmesinde kaynaklarının ödenmesinde borçların verimli→toplam 1		devlet kaynaklarının verimli işletilmesinde ve borçların düzen içinde ödenmesinde faydalı	rudan tahsil eden bir kurumdu — teknik olarak Osmanlı hükümetinin bir dairesi sayılsa da fiilen devletin denetimi dışındaydı. TDV'nin değerlendirmesiyle idare '
ekokuma_isyan1821.js	77	71	OLCULEMEDI-SLUG-COZULEMEDI		OLCULEMEDI	ADAYLAR-TUKENDI			0					zorlamayı kökünden kazımayı→ ; zorlamayı kökünden→fasila,ihtiyar,mustemen ; zorlamayı kökünden kazımayı itaate→ ; [4] zorlamayı kökünden kazımayı itaate→toplam 0		kökünden kazımayı ve itaate zorlamayı	" II. Mahmud, İstanbul'a isyan haberi gelince 25 Mayıs 1815'te bir ferman çıkarıp Bosna valisi Hurşid Ahmed Paşa ile Rumeli valisi Marâşlı Ali Paşa'ya âsileri \"""
ekokuma_isyan1821.js	78	71	OLCULEMEDI-SLUG-COZULEMEDI		OLCULEMEDI	ADAYLAR-TUKENDI			0					EDİLDİ Miloš TAYİN→hudavendigar-meshedi,mustafa-pasa-busatli,pruscak-mustafa,sirbistan ; EDİLDİ Miloš TAYİN bastırıldı başknez→sirbistan ; [4] bastırıldı edi̇ldi̇ başknez tayi̇n isyan→toplam 0		isyan aynı yıl bastırıldı, Miloš başknez TAYİN EDİLDİ	"    ""④ NEREDE AYRIŞIYORLAR — Ad: bir tarafta \""isyan\"" (ve iki ayrı isyan), öbür tarafta tek bir \""ihtilâl\"" (ve 1804-1835'lik tek bir süreç). Bitiş: TDV \"""
ekokuma_karadeniz.js	117	114	OLCULEMEDI-SLUG-COZULEMEDI		OLCULEMEDI	ADAYLAR-TUKENDI			0					kullarımdır haraçgüzâr adamları→haracguzar ; kullarımdır haraçgüzâr adamları tarafın halkı→ ; kullarımdır haraçgüzâr adamları tarafın→ ; [4] kullarımdır haraçgüzâr adamları tarafın halkı→toplam 0		iki tarafın halkı ve adamları haraçgüzâr kullarımdır	, Boğdan, Erdel ve Dubrovnik'ti. İstanbul bu ülkeler arasındaki anlaşmazlıklara da karışırdı: 1564 tarihli bir hükümde Erdel ile Eflak arasındaki çekişme için '
ekokuma_kurum.js	221	216	OLCULEMEDI-SLUG-COZULEMEDI		OLCULEMEDI	ADAYLAR-TUKENDI			0					Osmanlı tarihçisi gerçeği→allah,almanya,batililasma,din,edebiyat,elmalili-muhammed-hamdi ; Osmanlı tarihçisi gerçeği aramaya çalışan→almanya,batililasma,muhammed ; [4] tarihçisi gerçeği aramaya çalışan Osmanlı→toplam 3		gerçeği aramaya çalışan ilk Osmanlı tarihçisi	"    +""TDV onu '"
ekokuma_kurum2.js	100	91	OLCULEMEDI-SLUG-COZULEMEDI		OLCULEMEDI	ADAYLAR-TUKENDI			0					Üniversitesi İstanbul Teknik→abdulaziz,abdulvahid-yahya-rene-guenon,adana,adapazari,afganistan,afyonkarahisar ; Üniversitesi İstanbul Teknik çekirdeği→ansiklopedi,asya,ay,batililasma,fransa,habbe ; [4] Üniversitesi çekirdeği İstanbul Teknik→toplam 26		İstanbul Teknik Üniversitesi'nin ilk çekirdeği	"    +""TDV bu kurumu '"
ekokuma_kurum2.js	100	91	OLCULEMEDI-SLUG-COZULEMEDI		OLCULEMEDI	ADAYLAR-TUKENDI			0					Okulu Harp oluşturduğunu→islam,kibris,maturidiyye ; Okulu Harp oluşturduğunu çekirdeğini→ ; [4] oluşturduğunu çekirdeğini Okulu Harp→toplam 0		Harp Okulu'nun da ilk çekirdeğini oluşturduğunu	u 'İstanbul Teknik Üniversitesi'nin ilk çekirdeği' olarak tanımlıyor — İTÜ resmen 1944'te bu miras üzerine kuruldu. Aynı madde ayrıca Mühendishâne-i Berrî'nin '
ekokuma_mimari.js	76	73	OLCULEMEDI-SLUG-COZULEMEDI		OLCULEMEDI	ADAYLAR-TUKENDI			0					denenmemiş düzenleme zamana→ahmed-vefik-pasa,sultan-ahmed-camii-ve-kulliyesi ; [4] denenmemiş düzenleme zamana→toplam 2		o zamana kadar denenmemiş bir düzenleme	öneme kadar denenmemiş bir düzenlemeyle altı minare yapılmıştır — TDV, bunun Kâbe'yle 'eşitlik' iddiasına yol açtığına dair yaygın rivayeti doğrulamaz, yalnız '
ekokuma_mimari.js	90	87	OLCULEMEDI-SLUG-COZULEMEDI		OLCULEMEDI	ADAYLAR-TUKENDI			0					bütünlüğü geniş ferah→ahenk,arap,batililasma,besmele,destan,edirne ; bütünlüğü geniş ferah mekân→ahenk,arap,batililasma,besmele,edirne,hak-dini-kuran-dili ; [4] bütünlüğü geniş ferah mekân→toplam 21		geniş ve ferah bir mekân bütünlüğü	şerefelidir.\n\nYapıda sarımtırak renkte kesme taş kullanılmış, pencere ve kemerlerde iki renkli taş malzemeyle zenginleştirilmiştir. TDV, iç mekân tasarımını '
ekokuma_p75a.js	163	150	OLCULEMEDI-SLUG-COZULEMEDI		OLCULEMEDI	ADAYLAR-TUKENDI			0					bürokrat sınıfı doğdu→anayasa,eyyubiler,hiristiyanlik,iran,islam,istanbul ; bürokrat sınıfı doğdu yeni→anayasa,eyyubiler,hiristiyanlik,iran,islam,istanbul ; [4] bürokrat sınıfı doğdu yeni→toplam 15		yeni bürokrat sınıfı doğdu	an, klasik makamların (reîsülküttâb, sadâret kethüdâsı, defterdar) işlevlerini koruyarak yeni bakanlık adları altında yeniden dağıtılmasıdır; TDV bunu tek bir “
ekokuma_p75b.js	66	54	OLCULEMEDI-SLUG-COZULEMEDI		OLCULEMEDI	ADAYLAR-TUKENDI			0		aynı			Prusyalı Osmanlı Moltke→almanya,baytarlik,ibrahim-pasa-kavalali,moltke-helmuth-von,prusya,redif--ordu ; Prusyalı Osmanlı Moltke Mısır Hâfız→ibrahim-pasa-kavalali,moltke-helmuth-von ; [4] kademesinin subayların açıklaması kaynakları kaldığını→toplam 0		Moltke efsanesi'ne yol açtığını, birlikte gelen öteki Prusyalı subayların gölgede kaldığını da not eder. Osmanlı komuta kademesinin kendi açıklaması ve Mısır tarafı kaynakları bu oturumda okunamadı: `bulunamadı`. Bu yüzden hüküm 'hata Hâfız Paşa'nındı	nağın sınırı: en ayrıntılı tanık Moltke'dir ve kendi önerilerinin reddedildiğini anlatan biridir; TDV aynı maddede Moltke'nin Türkiye'deki hizmetinin sonradan '
ekokuma_p75b.js	79	74	OLCULEMEDI-SLUG-COZULEMEDI		OLCULEMEDI	ADAYLAR-TUKENDI			0					saydığını herkesin gasp→ ; saydığını herkesin→ahmed-b-hanbel,bayezid-i-bistami,buhari-muhammed-b-ismail,ibn-tufeyl,icma,koci-bey ; [4] saydığını herkesin gasp→toplam 0		herkesin tam bir gasp saydığını	bıâli'deki hizipler arasındaki denge bozuldu. Hüsrev Paşa cenaze merasimi sırasında mühr-i hümâyunu zorla alıp kendini sadrazam ilan ettirdi; TDV bu davranışı '
ekokuma_p75b.js	100	97	OLCULEMEDI-SLUG-COZULEMEDI		OLCULEMEDI	ADAYLAR-TUKENDI			0					Kaptan Paşa partisinin→hindistan,huseyniler,istanbul,misir,sudan ; Kaptan Paşa partisinin sistemli başıdır→ ; Kaptan Paşa partisinin sistemli→istanbul ; [4] partisinin sistemli başıdır Kaptan Paşa→toplam 0		Kaptan Paşa sistemli Rus partisinin başıdır	(b) Dönmez'in bir dipnotunda İngiliz elçiliğine Nisan 1839'da ulaşan bir bilgi, Babıâli'deki en güçlü Rus taraflısının Fevzi Paşa'nın kendisi olduğunu söyler ('
ekokuma_p75b.js	174	171	OLCULEMEDI-SLUG-COZULEMEDI		OLCULEMEDI	ADAYLAR-TUKENDI			0		aynı			süregelen çürüme→din,muhammed		süregelen tek bir çürüme	ecesine ulaştığını (Bahriye), Çeşme'den sonra Cezayirli Gazi Hasan Paşa'nın Bahriye Mektebi'ni açtığını da yazar: yani her felaketten sonra toparlanma vardır, '
ekokuma_p75b.js	198	196	OLCULEMEDI-SLUG-COZULEMEDI		OLCULEMEDI	ADAYLAR-TUKENDI			0					araştırmacıya temizlik hareketi→yoga,cerkezler ; araştırmacıya temizlik hareketi tarihin birçok→cerkezler ; [4] araştırmacıya temizlik hareketi tarihin birçok→toplam 1		birçok araştırmacıya göre modern tarihin ilk etnik temizlik hareketi	"  kisa:""1861'de karara bağlanıp 1864'te doruğa çıkan Çerkes sürgününü TDV '"
ekokuma_p76i.js	68	65	OLCULEMEDI-SLUG-COZULEMEDI		OLCULEMEDI	ADAYLAR-TUKENDI			0					dayandırılan eşitliğine herkesin→osmanlicilik ; dayandırılan eşitliğine herkesin birlik→osmanlicilik ; [4] dayandırılan eşitliğine herkesin birlik→toplam 1		herkesin eşitliğine dayandırılan birlik	olarak buna inanıyordu. TDV, Osmanlıcılığın ana fikrini Âlî Paşa'nın 'tebaanın din ve mezhepten başka hususlarda birbirleriyle kaynaştırılması', Fuad Paşa'nın '
ekokuma_p76i.js	104	101	OLCULEMEDI-SLUG-COZULEMEDI		OLCULEMEDI	ADAYLAR-TUKENDI			0					araştırmacıya temizlik hareketi→yoga,cerkezler ; araştırmacıya temizlik hareketi tarihin birçok→cerkezler ; [4] araştırmacıya temizlik hareketi tarihin birçok→toplam 1		birçok araştırmacıya göre modern tarihin ilk etnik temizlik hareketi	rin karşılığında Rusya'nın etkisini sınırlama, Ukrayna için savaş içinde Kuzey Kafkas davalarını sahiplenme.\n\nTARİHÇİLER. Terimin kendisi tartışmalıdır: TDV '
ekokuma_padisah.js	29	28	OLCULEMEDI-SLUG-COZULEMEDI		OLCULEMEDI	ADAYLAR-TUKENDI			0					dengesinin bütünüyle bozulması→mustafa-i ; dengesinin bütünüyle bozulması aklî→mustafa-i ; [4] dengesinin bütünüyle bozulması aklî→toplam 1		aklî dengesinin bütünüyle bozulması	"  kisa:""Koridorlarda koşup yeğeninin adını haykırdığı, altınları balıklara yem diye attığı rivayet edilir — TDV bunu '"
ekokuma_padisah.js	30	28	OLCULEMEDI-SLUG-COZULEMEDI		OLCULEMEDI	ADAYLAR-TUKENDI			0					bozulmasına dengesinin bütünüyle→mustafa-i ; bozulmasına dengesinin bütünüyle açtığını aklî→ ; bozulmasına dengesinin bütünüyle açtığını→ ; [4] bozulmasına dengesinin bütünüyle açtığını aklî→toplam 0		aklî dengesinin bütünüyle bozulmasına yol açtığını	i; sıradaki veliaht yeğeni II. Osman yerine tercih edilmesi, dönemin çevrelerince veraset usulünde bir kırılma sayıldı. TDV İslâm Ansiklopedisi bu uzun hapsin '
ekokuma_padisah.js	30	28	OLCULEMEDI-SLUG-COZULEMEDI		OLCULEMEDI	ADAYLAR-TUKENDI			0					bulunmadığını tayinlerinde olmadığını→anayasa,hanefi-mezhebi,muezzin ; bulunmadığını tayinlerinde olmadığını tasarrufu etkisinin→hanefi-mezhebi ; [4] bulunmadığını tayinlerinde olmadığını tasarrufu etkisinin→toplam 1		doğrudan hiçbir tasarrufu olmadığını, sadrazam tayinlerinde dahi bir etkisinin bulunmadığını	Genç Osman'ın 1622'de katledilmesinin ardından hânedanda başka yetişkin erkek üye kalmadığından I. Mustafa aynı gün ikinci kez tahta çıkarıldı; TDV bu dönemde '
ekokuma_padisah.js	30	28	OLCULEMEDI-SLUG-COZULEMEDI		OLCULEMEDI	ADAYLAR-TUKENDI			0					kaydedilir rivayet denilir→bahriye,cami,cefr,cennet,divan--devlet,farabi ; kaydedilir rivayet denilir edilir→bahriye,cami,cefr,cennet,divan--devlet,farabi ; [4] kaydedilir rivayet denilir edilir→toplam 28		rivayet edilir / denilir / kaydedilir	i; ölümüne (1639) kadar geçen on beş yıl kapalı bir odada yaşadı, bu yıllara dair kaynaklarda hiçbir bilgi yoktur.\n\n⚠️ TDV'nin kendisi bu anlatıların TÜMÜNÜ '
ekokuma_padisah.js	49	47	OLCULEMEDI-SLUG-COZULEMEDI		OLCULEMEDI	ADAYLAR-TUKENDI			0					bozulmasına dengesinin bütünüyle→mustafa-i ; bozulmasına dengesinin bütünüyle açtığını aklî→ ; bozulmasına dengesinin bütünüyle açtığını→ ; [4] bozulmasına dengesinin bütünüyle açtığını aklî→toplam 0		aklî dengesinin bütünüyle bozulmasına yol açtığını	iri kesin bir tıbbi teşhis olarak sunulmaz, hepsi 'rivayet edilir / denilir / kaydedilir' kalıplarıyla aktarılır.\n\n**I. Mustafa** — TDV, uzun saray hapsinin '
ekokuma_padisah.js	49	47	OLCULEMEDI-SLUG-COZULEMEDI		OLCULEMEDI	ADAYLAR-TUKENDI			0					kaydedilir rivayet denilir→bahriye,cami,cefr,cennet,divan--devlet,farabi ; kaydedilir rivayet denilir edilir→bahriye,cami,cefr,cennet,divan--devlet,farabi ; [4] kaydedilir rivayet denilir edilir→toplam 28		rivayet edilir / denilir / kaydedilir	 Murad (1876, 93 gün). TDV İslâm Ansiklopedisi'nin üçü için de kullandığı ortak yöntem dikkat çekicidir: hiçbiri kesin bir tıbbi teşhis olarak sunulmaz, hepsi '
ekokuma_padisah.js	49	47	OLCULEMEDI-SLUG-COZULEMEDI		OLCULEMEDI	ADAYLAR-TUKENDI			0					indirildiği sağlığının tahttan→ ; indirildiği sağlığının→hifzissihha ; indirildiği sağlığının tahttan olduğu haksız→ ; indirildiği sağlığının tahttan olduğu→ ; [4] indirildiği sağlığının tahttan olduğu haksız→toplam 0		sağlığının iyi olduğu, haksız yere tahttan indirildiği	 dâimî cinnet hâlinde olduğu ve görevini yapamadığı' idi; Viyanalı Dr. Leidesdorf dahil doktorlar olumsuz rapor verdi. Ama TDV, taraftarlarının O DÖNEMDE BİLE '
ekokuma_padisah.js	175	173	OLCULEMEDI-SLUG-COZULEMEDI		OLCULEMEDI	ADAYLAR-TUKENDI			0					Osmanlı katledildiği tarihinde→celali-isyanlari,doksanuc-harbi,dulkadirogullari,egri,haci-bektas-i-veli-kulliyesi,ismail-masuki ; Osmanlı katledildiği tarihinde padişahın isyanla→doksanuc-harbi,kibris,murad-i,suleyman-i ; [4] katledildiği tarihinde padişahın Osmanlı isyanla→toplam 4		Osmanlı tarihinde bir padişahın askerî bir isyanla katledildiği ilk vaka	Bazı tarihçilere göre ölümünü ispatlamak için kulağı ve burnu kesilip I. Mustafa'nın annesine gösterildi.\n\nBu, HANEDAN DIŞI ellerle işlenmiş, TDV'nin açıkça '
ekokuma_padisah.js	222	220	OLCULEMEDI-SLUG-COZULEMEDI		OLCULEMEDI	ADAYLAR-TUKENDI			0					Anadolu yeniçerilerin yürüyecekti→ ; Anadolu yeniçerilerin→abdal-musa-tekkesi,acemi-oglani,alemdar-mustafa-pasa,ali-pasa-surmeli,alti-boluk,anadolu ; Anadolu yeniçerilerin yürüyecekti toplayıp üstüne→ ; Anadolu yeniçerilerin yürüyecekti toplayıp→ ; [3] Anadolu yeniçerilerin yürüyecekti toplayıp üstüne asker→toplam 0 ; [4] yeniçerilerin yürüyecekti toplayıp Anadolu üstüne→toplam 0		Anadolu'dan asker toplayıp yeniçerilerin üstüne yürüyecekti	ETTİĞİ kısım: 'başşehri Bursa, Kahire gibi yerlere taşımak niyetinde bulunduğu yolundaki bilgiler onun aleyhinde olanların... propagandalarıdır.' Aynı şekilde '
ekokuma_padisah.js	274	272	OLCULEMEDI-SLUG-COZULEMEDI		OLCULEMEDI	ADAYLAR-TUKENDI			0					İzâlemiz emrolunduysa söyleyin→ ; İzâlemiz emrolunduysa→suleyman-ii ; İzâlemiz emrolunduysa söyleyin kılayım rekât→ ; İzâlemiz emrolunduysa söyleyin kılayım→ ; [4] emrolunduysa İzâlemiz söyleyin kılayım rekât→toplam 0		İzâlemiz emrolunduysa söyleyin, iki rekât namaz kılayım	ı. TDV'nin aktardığı çarpıcı bir rivayet var: kendisini almaya gelenleri ölüm emriyle geldiklerini sanan Süleyman tereddüt etti, yerinden ayrılmak istemedi ve '
ekokuma_padisah.js	274	272	OLCULEMEDI-SLUG-COZULEMEDI		OLCULEMEDI	ADAYLAR-TUKENDI			0					çevresindekilerin telkinlerine kapıldığı→ ; çevresindekilerin telkinlerine→ahmed-ii,tugyan ; çevresindekilerin telkinlerine kapıldığı çabuk→ ; [4] çevresindekilerin telkinlerine kapıldığı çabuk→toplam 0		çevresindekilerin telkinlerine çabuk kapıldığı	 nispeten daha katılımcı bir imaj. Ama Sadrazam Köprülüzâde Fâzıl Mustafa Paşa'nın Salankamen'de (1691) şehit düşmesinden sonra sık sık sadrazam değiştirdi ve '
ekokuma_padisah.js	291	282	OLCULEMEDI-SLUG-COZULEMEDI		OLCULEMEDI	ADAYLAR-TUKENDI			0					özetine güvenme küçük→ibn-sina ; özetine güvenme küçük model→ibn-sina ; [4] özetine güvenme küçük model→toplam 1		küçük model özetine güvenme	 'HAYIR, TDV'de açık bağlantı yok' diye özetlemişti — ham HTML elle okununca bunun YANLIŞ olduğu, TDV'nin nedenselliği açıkça kurduğu görüldü. CLAUDE.md §4'ün '
ekokuma_rivayet.js	284	282	OLCULEMEDI-SLUG-COZULEMEDI		OLCULEMEDI	ADAYLAR-TUKENDI			0					güçlü vakur tavır→candarogullari,endulus,farabi,felatun-bey-ile-rakim-efendi,ferra-yahya-b-ziyad,magrib ; [4] güçlü vakur tavır→toplam 7		güçlü ve vakur bir tavır	 müzakerelerde zaman zaman acınacak duruma düştüğünü yazmıştır — oysa savaşı KAYBEDEN taraf Osmanlı'ydı. TDV, yenilmiş konumdaki Osmanlı heyetinin buna rağmen '
ekokuma_rusiran.js	50	43	OLCULEMEDI-SLUG-COZULEMEDI		OLCULEMEDI	ADAYLAR-TUKENDI			0					istememesi cephesi açmak→asya,yusuf-ziya-pasa ; [4] istememesi cephesi açmak→toplam 2		Rus cephesi açmak istememesi	12(23) Haziran 1724 (Rus takvimi / Gregoryen), TDV ve atlas 24 Haziran — TDV esas alındı, fark bildirildi (YAMA-0060-KRONO.json `kaynak_notlari`). Osmanlı'nın '
ekokuma_savas.js	282	270	OLCULEMEDI-SLUG-COZULEMEDI		OLCULEMEDI	ADAYLAR-TUKENDI			0		Gedik Ahmed Paşa ve II. Bayezid			Bayezid Otranto ilgilenmedi→bahriye ; [4] ilgilenmedi Bayezid Otranto→toplam 1		Bayezid Otranto'yla hiç ilgilenmedi	eri Otranto'nun düşüşünü doğrudan, yardım isteğinin reddine ve Cem Sultan'la başlayan taht mücadelesine bağlar. Aynı ansiklopedinin Otranto Seferi maddesi ise '
ekokuma_statu.js	152	148	OLCULEMEDI-SLUG-COZULEMEDI		OLCULEMEDI	ADAYLAR-TUKENDI			0					Portekiz İspanya sultanlığın→afrika,aljamia,asya,endulus,hasan-el-vezzan,kansu-gavri ; Portekiz İspanya sultanlığın ilişkisidir iddiasıyla→ ; Portekiz İspanya sultanlığın ilişkisidir→ ; [3] Portekiz İspanya sultanlığın ilişkisidir iddiasıyla çıkarları halifelik aktarılır→toplam 0 ; [4] sultanlığın ilişkisidir iddiasıyla çıkarları halifelik→toplam 0		himaye'den çok, Portekiz ve İspanya'ya karşı çıkarları zaman zaman örtüşen, zaman zaman halifelik iddiasıyla çatışan iki sultanlığın ilişkisidir. 1582'deki 4000 altın bir düğün hediyesi olarak aktarılır, haraç olarak değil. Fas'ı 'Osmanlı'ya bağlı	"  not:""Değerlendirme: TDV'nin anlattığı tablo bir '"
ekokuma_tartisma.js	99	95	OLCULEMEDI-SLUG-COZULEMEDI		OLCULEMEDI	ADAYLAR-TUKENDI			0					Osmanlı Devleti Avrupa→abbas-i,abbas-hilmi-i,abbas-hilmi-ii,abbasiler,abdesthane,abdulaziz ; Osmanlı Devleti Avrupa Batı getirdiğini→arap,cellat,divan-edebiyati,durzilik,gokalp-ziya,hac ; [3] Osmanlı Devleti Avrupa Batı getirdiğini iktisadî bakımdan bağımlı→toplam 3 ; [4] getirdiğini iktisadî bakımdan Osmanlı Devleti→toplam 13		Osmanlı Devleti'ni siyasî ve iktisadî bakımdan Batı Avrupa'ya bağımlı hale getirdiğini	"569'da verilmiş olanın bir tekrarıydı, yeni bir ilke değil. GEÇ DÖNEM eleştirisi ise TDV'nin kendi ifadesiyle bu imtiyazların (yargı muafiyeti dahil) zamanla \"""
ekokuma_tartisma.js	127	123	OLCULEMEDI-SLUG-COZULEMEDI		OLCULEMEDI	ADAYLAR-TUKENDI			0					Görüşmeleri Zaptından Otranto→bayezid-ii,napoli,osmanlilar,otranto-seferi ; Görüşmeleri Zaptından Otranto Dostluk Napoli→bayezid-ii,napoli,otranto-seferi ; [4] Görüşmeleri Zaptından Otranto Dostluk Napoli→toplam 3		Otranto'nun Zaptından Sonra Napoli Kralı ile Dostluk Görüşmeleri	"  not:""Dostluk görüşmelerinin belgeleri için TDV bibliyografyası iki çalışma gösteriyor: İ. Hakkı Uzunçarşılı, '"
ekokuma_tartisma.js	181	174	OLCULEMEDI-SLUG-COZULEMEDI		OLCULEMEDI	ADAYLAR-TUKENDI			0					Annexation Russian Crimea→bucak,kirim,silahdar-ibrahim-pasa,sahin-giray ; [4] Annexation Russian Crimea→toplam 4	ingilizce	The Russian Annexation of the Crimea 1772-1783	"  not:""İdamın günü kaynakta yalnız \""Ağustosun ikinci haftası\"" diye verilir. Konunun başlıca akademik incelemesi olarak TDV bibliyografyası Alan Fisher'ın '"
ekokuma_toplum.js	155	150	OLCULEMEDI-SLUG-COZULEMEDI		OLCULEMEDI	ADAYLAR-TUKENDI			0					Habeşî Mehmed müstakilleşmesi→ ; Habeşî Mehmed→afrika,ahmed-b-idris,almanya,antere,arabistan,arap ; Habeşî Mehmed müstakilleşmesi darüssaade ağalığının→ ; Habeşî Mehmed müstakilleşmesi darüssaade→ ; [4] müstakilleşmesi darüssaade ağalığının Habeşî Mehmed→toplam 0		Habeşî Mehmed Ağa'nın darüssaade ağalığının müstakilleşmesi, 1574.	rihi (1574-01-01) kronolojide BULUNAMADI — yalnız TDV'nin verdiği yıl kullanıldı, gün uydurulmadı. Bu, kronolojiye yeni bir madde açılabilecek somut bir aday: '
ekokuma_yeniceri.js	104	97	OLCULEMEDI-SLUG-COZULEMEDI		OLCULEMEDI	ADAYLAR-TUKENDI			0					atılmış zafere zekice→vaka-i-hayriyye ; atılmış zafere zekice giden yolda→vaka-i-hayriyye ; [4] atılmış zafere zekice giden yolda→toplam 1		zafere giden yolda zekice atılmış bir adım	"SÂME VAADİ — Esâme gelirleri yüzünden yeniçerilik gayreti güden geniş kesimlere, ayaklanma günlerinde ESÂME ÖDEMELERİNE DEVAM EDİLECEĞİ vaad edildi. TDV bunu \"""
ekokuma_yeniceri.js	118	112	OLCULEMEDI-SLUG-COZULEMEDI		OLCULEMEDI	ADAYLAR-TUKENDI			0					Esâme Selim devrinde→esame,islahat,tekaut,ulufe,yeniceri ; Esâme Selim devrinde safhaya satımı→esame ; [4] devrinde safhaya satımı ulaştı Esâme→toplam 1		Esâme alım satımı III. Selim devrinde had safhaya ulaştı.	"dâretinde esâme alım satımını yasaklayıp elde dolaşan kâğıtları geçersiz ilân ettiyse de ŞİDDETLİ MUHALEFET yüzünden başarılı olamadı. TDV'nin cümlesi şudur: \"""
ekokuma_yeniceri.js	121	112	OLCULEMEDI-SLUG-COZULEMEDI		OLCULEMEDI	ADAYLAR-TUKENDI			0		kendi			geçerliliğinin kalmadığını anlamında→hirsizlik,yeniceri ; geçerliliğinin kalmadığını anlamında ölçüde etken→hirsizlik,yeniceri ; [4] geçerliliğinin kalmadığını anlamında ölçüde etken→toplam 2		ana etken olma anlamında büyük ölçüde geçerliliğinin kalmadığını	"desi bile, geçen yüzyıllardan beri sayılagelen bozulma sebeplerinin (ocağa Türk/ecnebi girmesi, devşirmenin terki, yeniçerilerin evlenip ticaretle uğraşması) \"""
ekokuma_yeniceri.js	131	126	OLCULEMEDI-SLUG-COZULEMEDI		OLCULEMEDI	ADAYLAR-TUKENDI			0					Mahmud tehlikelerden karşılaştığı→halk-edebiyati,mahmud-ii--osmanli ; Mahmud tehlikelerden karşılaştığı büyük biri→halk-edebiyati,mahmud-ii--osmanli ; [4] tehlikelerden karşılaştığı Mahmud büyük biri→toplam 2		II. Mahmud'un karşılaştığı en büyük tehlikelerden biri	"i; Mısır kuvvetleri 1832'de Konya'da Sadrazam Reşid Mehmed Paşa kumandasındaki orduyu yenip SADRAZAMI ESİR ALDI ve Şubat 1833'te Kütahya'ya ulaştı — TDV bunu \"""
ekokuma_yeniceri.js	172	168	OLCULEMEDI-SLUG-COZULEMEDI		OLCULEMEDI	ADAYLAR-TUKENDI			0					Bektaşîlik Türkmen tarikatının→anadolu,bektasilik,haci-bektas-i-veli,iran,mevleviyye,nimetullah-i-veli ; Bektaşîlik Türkmen tarikatının kurucusu edilen→anadolu,bektasilik,iran,osmanlilar,selcuklular,tarikat ; [4] tarikatının Bektaşîlik kurucusu Türkmen edilen→toplam 7		Bektaşîlik tarikatının kurucusu olarak kabul edilen Türkmen şeyhi	"  metin:""① KURUCU SAYILAN ADAM VE ONUN PROBLEMİ — TDV, Hacı Bektâş-ı Velî'yi \"""
ekokuma_yunan.js	91	87	OLCULEMEDI-SLUG-COZULEMEDI		OLCULEMEDI	ADAYLAR-TUKENDI			0					İngiltere Rusya bırakmamak→ahmed-vefik-pasa,fuad-pasa-kececizade,namik-kemal,savas ; İngiltere Rusya bırakmamak katıldı yalnız→ahmed-vefik-pasa,savas ; [4] bırakmamak İngiltere katıldı yalnız Rusya→toplam 2		İngiltere Rusya'yı yalnız bırakmamak için katıldı	" bir GÖVDE okunamadı; TDV yalnız üç devletin 1826-1827 protokollerini imzaladığını ve Navarin'i yaptığını söylüyor, gerekçelerini tartışmıyor. Bu yüzden kart \"""
gecitler.js	106	103	OLCULEMEDI-SLUG-COZULEMEDI		OLCULEMEDI	ADAYLAR-TUKENDI			0					Varoştaki SIRASINDA KÖPRÜBAŞI→varadin ; Varoştaki SIRASINDA KÖPRÜBAŞI KURULAN Segedin→varadin ; [4] kullanılmakta edilmekteydi hizmetinde tarafından Varoştaki→toplam 1		Varoştaki iskeleler daha çok GEÇİŞ için kullanılmakta, burada yaşayan gayri müslim reâyâ Tuna üzerinde SEFER SIRASINDA KURULAN KÖPRÜ hizmetinde istihdam edilmekteydi… 1598'de Segedin tarafından Tuna üzerinde kurulan köprü ile Varadin tarafına geçti… 1 Eylül 1687'de Tuna üzerinde kurulan köprüden Varadin'e gitti… Varadin Köprüsü başında yoklama yapılarak… Tuna kıyısında hendekler kazılarak yeni bir KÖPRÜBAŞI yapıldı ve toplarla donatıldı.	"  not:""TDV: '"
gecitler.js	126	123	OLCULEMEDI-SLUG-COZULEMEDI		OLCULEMEDI	ADAYLAR-TUKENDI			0					Tuna yağmaladı geçerek→bahriye,bizans,haclilar,kirim,musa-celebi,oguzlar ; Tuna yağmaladı geçerek şehri→bahriye,bizans,haclilar,kirim,musa-celebi,oguzlar ; [4] yağmaladı geçerek şehri Tuna→toplam 8		Tuna'yı geçerek şehri yağmaladı	Çİ köprülerdir, Tuna'yı aşan değil — bu ayrımı yazıyorum ki sonraki oturum kaydı 'köprü' diye yükseltmesin. Tuna geçişi iskeleyle. Ayrıca 1595'te Eflak ordusu '
gecitler.js	131	128	OLCULEMEDI-SLUG-COZULEMEDI		OLCULEMEDI	ADAYLAR-TUKENDI			0					Süleyman İskelesi Osmanlı→abdulbaki-arif-efendi,abdulhamid-i,agakapisi,antalya,aramon-gabriel-de-luetz-baron-d,asik-omer ; Süleyman İskelesi Osmanlı İbrâil Kanûnî→ibrail,murad-iii,tulca ; [4] iskelelerinin hâkimiyetine oluşmaktaydı sonlarında zamanında→toplam 2	ingilizce	İbrâil'in Osmanlı hâkimiyetine geçişi Kanûnî Sultan Süleyman zamanında olmuştur… kaleden başka varoş, TİCARÎ İSKELE ve bağlı köylerden oluşmaktaydı… XVII. yüzyıl sonlarında İbrâil İskelesi'nin geliri bütün Tulçı, İsakça ve Maçin iskelelerinin toplam gelirine eşit.	"  not:""TDV: '"
gecitler.js	172	169	OLCULEMEDI-SLUG-COZULEMEDI		OLCULEMEDI	ADAYLAR-TUKENDI			0					HIRİSTİYAN Bylazora AİLESİNE→koprulu ; HIRİSTİYAN Bylazora AİLESİNE Köprüyü İlirya→koprulu ; [4] hiri̇sti̇yan karşılığında bulunduğunu ai̇lesi̇ne verilmişti→toplam 0		"Bylazora adının sonundaki ""ora""… eski İlirya dilinde (ure) KÖPRÜ anlamına gelir. İsmin sonundaki bu kelime Antik dönemden itibaren Vardar nehri üzerinde bir köprünün bulunduğunu gösterir… Köprüyü koruma ve onarma görevi… OTUZ HIRİSTİYAN AİLESİNE vergi kolaylığı karşılığında verilmişti… Kâtib Çelebi ve Evliya Çelebi'nin taştan ve sağlam diye bahsettiği köprü."	TDV: 
gecitler.js	250	247	OLCULEMEDI-SLUG-COZULEMEDI		OLCULEMEDI	ADAYLAR-TUKENDI			0					YAMAÇLI RUMKALE Fırat→firat ; YAMAÇLI RUMKALE Fırat SIRTI KAYA→firat ; [4] eteklerinden dönemlerde müslimîn boyunda yamaçli→toplam 1		Fırat, doğu kıyısı boyunda uzanan ÇOK DİK YAMAÇLI BİR KAYA SIRTI üzerine inşa edilmiş olan RUMKALE'nin de (sonraki dönemlerde Kal'atü'l-müslimîn) eteklerinden geçer.	"  not:""TDV: '"
gecitler.js	276	273	OLCULEMEDI-SLUG-COZULEMEDI		OLCULEMEDI	ADAYLAR-TUKENDI			0					Hârûnürreşîd Bahâüddevle Sûkusselâsâ→bagdat ; Hârûnürreşîd Bahâüddevle Sûkusselâsâ Köprüleri Bağdat→bagdat ; [4] kullanılmayan Hârûnürreşîd Bahâüddevle Sûkusselâsâ rıhtımları→toplam 1		Hârûnürreşîd devrinde Bağdat'ta ÜÇ TANE KÖPRÜ vardı… 997'de Bahâüddevle Sûkusselâsâ'da ÜÇÜNCÜ BİR KÖPRÜ inşa etti… Köprüleri ve rıhtımları yeniden inşa ettirdi. Merkez köprüyü dar ve yıkılmaya meyyal gördü ve onu yenileyip genişletti. İbn Havkal, biri kullanılmayan İKİ KÖPRÜ gördüğünü ifade eder.	"  not:""TDV: '"
gecitler.js	282	279	OLCULEMEDI-SLUG-COZULEMEDI		OLCULEMEDI	ADAYLAR-TUKENDI			0					Iustinianos Taşköprü Seyhan→adana ; Iustinianos Taşköprü Seyhan YİRMİ GÖZLÜ→adana ; [4] yaptırıldığı Iustinianos üzerindeki tarafından muhtemelen→toplam 6		Seyhan üzerindeki Taşköprü'nün, Iustinianos tarafından muhtemelen aynı yerde YİRMİ BİR GÖZLÜ olarak yeniden yaptırıldığı (VI. yy)… çeşitli dönemlerde tamir görmüş.	"  not:""TDV: '"
gecitler.js	361	358	OLCULEMEDI-SLUG-COZULEMEDI		OLCULEMEDI	ADAYLAR-TUKENDI			0					KAYIKLARININ KAYIKLARLA GEMİLERİ→bogazici,tirmiz ; KAYIKLARININ KAYIKLARLA GEMİLERİ Cezîretü TİCARET→tirmiz ; [4] kayiklarinin ülkesinden gemi̇leri̇ kayiklarla ortasında→toplam 0		Burası aynı zamanda nehri takip ederek Hârizm ülkesinden Aral gölüne doğru geçen TİCARET GEMİLERİ VE BALIKÇI KAYIKLARININ LİMANI olmuştur… KAYIKLARLA KÖPRÜ KURARAK Ceyhun nehri ortasında yer alan Cezîretü Osman adasına ulaştı.	"  not:""TDV: '"
gecitler.js	376	373	OLCULEMEDI-SLUG-COZULEMEDI		OLCULEMEDI	ADAYLAR-TUKENDI			0					yakayı şehri karşı→halic,orhan,tersane,ukrayna ; yakayı şehri karşı kıyı alır→halic,orhan,ukrayna ; [4] yakayı şehri karşı kıyı alır→toplam 3		kıyı şehri karşı yakayı alır	sal bir yerdir.' 🔴 VE BU KAYIT `④` SORUSUNUN CANLI ÖRNEĞİDİR: Benâres kasten TEK YAKADADIR — karşı yaka (Ramnagar tarafı) dinî sebeple boş bırakılmıştır. Yani '
hukuki_sinirlar.js	186	185	OLCULEMEDI-SLUG-COZULEMEDI		OLCULEMEDI	ADAYLAR-TUKENDI			0					Muhammere Abadan karşısındaki→iran ; Muhammere Abadan karşısındaki limanı adası→ ; Muhammere Abadan karşısındaki limanı→ ; [4] karşısındaki Muhammere limanı Abadan adası→toplam 0		Muhammere limanı ve karşısındaki Abadan adası dâhil	"      kaynak: ""TDV/envanter: '"
kademe_4ff22b.js	43	43	OLCULEMEDI-SLUG-COZULEMEDI		OLCULEMEDI	ADAYLAR-TUKENDI			0					Kerim Siraz Zend→aga-muhammed-sah,bagdat,burhan-i-kati,fars,hatif-i-isfahani,ibn-hafif ; Kerim Siraz Zend basshehir getirdi→ ; Kerim Siraz Zend basshehir→ ; [3] Kerim Siraz Zend basshehir getirdi haline→toplam 0 ; [4] basshehir getirdi haline Kerim Siraz→toplam 0		Kerim Han Zend, Siraz'i 1180'de (1766-67) basshehir haline getirdi	"  {ad:""Şiraz"", k:1, kaynak:""siraz"", kd:[{f:""1353-01-01"", t:""1393-01-01"", k:1, m:null}, {f:""1766-01-01"", t:""1791-01-01"", k:1, m:null}], neden:""TDV: '"
kademe_4ff22b.js	44	44	OLCULEMEDI-SLUG-COZULEMEDI		OLCULEMEDI	ADAYLAR-TUKENDI			0					beylerbeyinin burada ikamet→anadolu,basra,elci,erzurum,evliya-celebi,habes-eyaleti ; beylerbeyinin burada ikamet ettigi→ ; [4] beylerbeyinin burada ikamet ettigi→toplam 0		1618 ... beylerbeyinin burada ikamet ettigi	"  {ad:""Tahran"", k:1, kaynak:""tahran"", kd:[{f:""1618-01-01"", t:""1923-10-29"", k:1, m:null}], neden:""TDV: '"
kademe_4ff22b.js	44	44	OLCULEMEDI-SLUG-COZULEMEDI		OLCULEMEDI	ADAYLAR-TUKENDI			0					Kacarlar Tahran basshehri→ ; Kacarlar Tahran→aga,aga-muhammed-sah,ahund,alamut,arif-i-kazvini,asil ; Kacarlar Tahran basshehri oldu→ ; [4] basshehri Kacarlar Tahran oldu→toplam 0	ingilizce	Tahran, Kacarlar'in basshehri oldu	"  {ad:""Tahran"", k:1, kaynak:""tahran"", kd:[{f:""1618-01-01"", t:""1923-10-29"", k:1, m:null}], neden:""TDV: '1618 ... beylerbeyinin burada ikamet ettigi' ve '"
kademe_4ff22b.js	45	45	OLCULEMEDI-SLUG-COZULEMEDI		OLCULEMEDI	ADAYLAR-TUKENDI			0					Horasan Iran eyaletinin→anadolu,belh,benderabbas,cami,ibrahim-zahid-i-geylani,isfahan ; Horasan Iran eyaletinin merkezi sehir→anadolu,bagdat,belh,benderabbas,cami,cin--ulke ; [4] eyaletinin Horasan merkezi sehir Iran→toplam 28		Iran'da Horasan eyaletinin merkezi olan sehir	"  {ad:""Meşhed"", k:1, kaynak:""meshed"", neden:""TDV maddesinin tanim cumlesi: '"
kademe_4ff22b.js	46	46	OLCULEMEDI-SLUG-COZULEMEDI		OLCULEMEDI	ADAYLAR-TUKENDI			0					Osmanlilar Tahmasb Tebriz→abbas-i,amasya-antlasmasi,avsar,avsarlilar,bagdat,bayburt ; Osmanlilar Tahmasb Tebriz gecirildiginde merkezini→ ; Osmanlilar Tahmasb Tebriz gecirildiginde→ ; [3] Osmanlilar Tahmasb Tebriz gecirildiginde merkezini buraya tasidi idare→toplam 0 ; [4] gecirildiginde Osmanlilar merkezini Tahmasb Tebriz→toplam 0		Tebriz Osmanlilar'ca ele gecirildiginde Sah Tahmasb idare merkezini buraya tasidi (1555)	"  {ad:""Kazvin"", k:1, kaynak:""kazvin"", kd:[{f:""1555-01-01"", t:""1597-01-01"", k:1, m:null}], neden:""TDV: '"
kademe_4ff22b.js	48	48	OLCULEMEDI-SLUG-COZULEMEDI		OLCULEMEDI	ADAYLAR-TUKENDI			0					Rustak Maskat Uman→bu-said-hanedani,faysal-b-turki-el-bu-saidi,macid-b-said,maskat,yarubiler,zengibar ; Rustak Maskat Uman basshehrinin kesimlerdeki→ ; Rustak Maskat Uman basshehrinin→ ; [4] basshehrinin kesimlerdeki tasinmasi Rustak Maskat→toplam 0	ingilizce	Uman'in basshehrinin ic kesimlerdeki Rustak'tan Maskat'a tasinmasi (1784)	"  {ad:""Maskat"", k:1, kaynak:""maskat"", kd:[{f:""1784-01-01"", t:""1923-10-29"", k:1, m:null}], neden:""TDV: '"
kademe_4ff22b.js	55	55	OLCULEMEDI-SLUG-COZULEMEDI		OLCULEMEDI	ADAYLAR-TUKENDI			0					Semerkant Buhara Ahmed→abbasiler,abdullah-han,abdullah-i-ilahi,abdurresid-ibrahim,ahmed-yesevi,ali-herevi-mir ; Semerkant Buhara Ahmed basshehrini tasidiysa→ ; Semerkant Buhara Ahmed basshehrini→ ; [3] Semerkant Buhara Ahmed basshehrini tasidiysa bolgedeki konumunu muhafaza→toplam 0 ; [4] basshehrini tasidiysa Semerkant bolgedeki konumunu→toplam 0		Ahmed basshehrini Buhara'ya tasidiysa da Semerkant ... bolgedeki merkezi sehir olma konumunu muhafaza etti	"  {ad:""Semerkant"", k:2, kaynak:""semerkant"", neden:""TDV: '"
kademe_4ff22b.js	63	63	OLCULEMEDI-SLUG-COZULEMEDI		OLCULEMEDI	ADAYLAR-TUKENDI			0					Kaimsehr Tonkabun MERKEZI→taberistan ; Kaimsehr Tonkabun MERKEZI Sariye Babul→taberistan ; [4] sehirleri bolgenin Kaimsehr Tonkabun merkezi→toplam 0		MERKEZI Sariye olan idari bolgenin diger onemli sehirleri Babul, Amul, Kaimsehr ve Tonkabun	"  {ad:""Sârî"", k:2, kaynak:""taberistan"", neden:""TDV: '"
kademe_4ff22b.js	66	66	OLCULEMEDI-SLUG-COZULEMEDI		OLCULEMEDI	ADAYLAR-TUKENDI			0					VILAYETI Fars Yezd→beridiler,cami,erdebil,harac,hesap--matematik,kitabe ; VILAYETI Fars Yezd baglanan→ ; [4] baglanan vilayeti Fars Yezd→toplam 0		Fars'a baglanan Yezd VILAYETI	"  {ad:""Yezd"", k:2, kaynak:""yezd"", neden:""TDV: '"
kademe_4ff22b.js	67	67	OLCULEMEDI-SLUG-COZULEMEDI		OLCULEMEDI	ADAYLAR-TUKENDI			0					SEHRISTAN merkezidir bolumunun→ ; SEHRISTAN merkezidir→budizm,eflatun,hiristiyanlik,kerbela,maku,yezd ; SEHRISTAN merkezidir bolumunun zamanda sehir→ ; SEHRISTAN merkezidir bolumunun zamanda→ ; [4] merkezidir bolumunun sehristan zamanda sehir→toplam 0		sehir ayni zamanda Kum idari bolumunun de (SEHRISTAN) merkezidir	"  {ad:""Kum"", k:3, kaynak:""kum"", neden:""TDV: '"
kademe_4ff22b.js	81	81	OLCULEMEDI-SLUG-COZULEMEDI		OLCULEMEDI	ADAYLAR-TUKENDI			0					BASSEHIRDIR Ulkenin Asmara→eritre ; BASSEHIRDIR Ulkenin Asmara zamanda onemli→ ; BASSEHIRDIR Ulkenin Asmara zamanda→eritre ; [4] bassehirdir Ulkenin zamanda onemli Asmara→toplam 0		Ulkenin en onemli sehri olan Asmara ayni zamanda BASSEHIRDIR	"  {ad:""Asmara"", k:2, kaynak:""eritre"", neden:""TDV: '"
kademe_4ff22b.js	95	95	OLCULEMEDI-SLUG-COZULEMEDI		OLCULEMEDI	ADAYLAR-TUKENDI			0					Kaimsehr Tonkabun Babul→taberistan ; Kaimsehr Tonkabun Babul AMUL sehirleri→taberistan ; [4] sehirleri Kaimsehr Tonkabun onemli diger→toplam 0		diger onemli sehirleri Babul, AMUL, Kaimsehr ve Tonkabun	"  {ad:""Âmül"", k:3, kaynak:""taberistan"", neden:""TDV Taberistan: '"
kademe_4ff22b.js	111	111	OLCULEMEDI-SLUG-COZULEMEDI		OLCULEMEDI	ADAYLAR-TUKENDI			0					BASSEHIR Bahreyn MENAME→arabistan,asya,bahreyn,cami,mename ; BASSEHIR Bahreyn MENAME bulundugu adasi→ ; BASSEHIR Bahreyn MENAME bulundugu→ ; [4] bulundugu bassehir Bahreyn mename adasi→toplam 0		BASSEHIR MENAME'nin de bulundugu Bahreyn adasi	"  {ad:""Manama (Bahreyn)"", k:2, kaynak:""bahreyn"", neden:""TDV: '"
kademe_4ff22b.js	116	116	OLCULEMEDI-SLUG-COZULEMEDI		OLCULEMEDI	ADAYLAR-TUKENDI			0					VILAYETE Germsar Simnan→simnan ; VILAYETE Germsar Simnan Sahrud DAMGAN→simnan ; [4] vilayete bolunmus eyaleti Germsar Simnan→toplam 0		Simnan eyaleti, Simnan, Sahrud, DAMGAN ve Germsar olmak uzere dort VILAYETE bolunmus	"  {ad:""Dâmgan"", k:3, kaynak:""simnan"", neden:""TDV: '"
kademe_8beb2b.js	94	93	OLCULEMEDI-SLUG-COZULEMEDI		OLCULEMEDI	ADAYLAR-TUKENDI			0					KAYMAKAMLIK Hanlığı Kalgay→karasubazar ; KAYMAKAMLIK Hanlığı Kalgay Sultan Kırım→karasubazar ; [4] kaymakamlik idaresinde döneminde olmuştur Hanlığı→toplam 1		Kırım Hanlığı döneminde şehirde Kalgay Sultan'ın idaresinde bir KAYMAKAMLIK merkezi olmuştur	" neden:""TDV: '"
kademe_d48240.js	124	122	OLCULEMEDI-SLUG-COZULEMEDI		OLCULEMEDI	ADAYLAR-TUKENDI			0					Hanlığı Altın Orda→altin-orda-hanligi,astarhan-hanligi,asya,bahcesaray,baraba,barak-han--altin-orda ; Hanlığı Altın Orda başkenti tarihî→saray--sehir ; [4] başkenti Hanlığı tarihî Altın şehir→toplam 3		Altın Orda Hanlığı'nın başkenti, tarihî bir şehir	"   neden:""TDV: '"
kademe_d48240.js	128	126	OLCULEMEDI-SLUG-COZULEMEDI		OLCULEMEDI	ADAYLAR-TUKENDI			0					Sarayi Cedid Özbek→ozbekistan,tataristan,turk ; Sarayi Cedid Özbek zamanında kuruldugu→ ; Sarayi Cedid Özbek zamanında→tataristan,turk ; [4] zamanında kuruldugu Saray Cedid sehir→toplam 0	ingilizce	Saray-i Cedid'in yeni bir sehir olup Özbek Han zamanında (1313-1340) kuruldugu	"   neden:""TDV: '"
kademe_d48240.js	140	138	OLCULEMEDI-SLUG-COZULEMEDI		OLCULEMEDI	ADAYLAR-TUKENDI			0					Tatarcası Muhammed Tayboga→ ; Tatarcası Muhammed→elifba,mercani,radloff-friedrich-wilhelm,turk ; Tatarcası Muhammed Tayboga Hanlığı Sibir→ ; Tatarcası Muhammed Tayboga Hanlığı→ ; [4] bassehrini Tatarcası Muhammed tasıması anılmaya→toplam 0		Muhammed Tayboga'nın bassehrini Sibir (Tatarcası İsker) sehrine tasıması ile hanlık Sibir Hanlığı olarak anılmaya basladı	"   neden:""TDV: '"
kademe_e9353f.js	433	432	OLCULEMEDI-SLUG-COZULEMEDI		OLCULEMEDI	ADAYLAR-TUKENDI			0					baskent vilayet duzeyi→yemen ; baskent vilayet duzeyi merkez→yemen ; [4] baskent vilayet duzeyi merkez→toplam 1		baskent / vilayet duzeyi merkez	ayni tarihi veriyor. k:1 yazildi ve bu sefer ASAGI YANILMADIM cunku emin degilim DEGIL: kaynak 'eyaletin idari merkezi' diyor ve mertebe tablosunun k:1 satiri '
kademe_f5c9a5.js	89	89	OLCULEMEDI-SLUG-COZULEMEDI		OLCULEMEDI	ADAYLAR-TUKENDI			0					Sixteenth Society Islands→ ; Sixteenth Society→ahmed-el-mucahid,babur,borneo,bruney,celali-isyanlari,emir-i-hac ; Sixteenth Society Islands Century Trade→ ; Sixteenth Society Islands Century→ ; [3] Sixteenth Society Islands Century Trade Banda→toplam 0 ; [4] Sixteenth Society Islands Century Trade→toplam 0	ingilizce	Trade and Society in the Banda Islands in the Sixteenth Century	"kaynak:""data/devletler.js `banda-adalari` künyesi, `baskent` alanı — künyenin kendi kaynağı: bulunamadı — TDV'de müstakil maddesi yok, dayanak: John Villiers, '"
kademe_f5c9a5.js	89	89	OLCULEMEDI-SLUG-COZULEMEDI		OLCULEMEDI	ADAYLAR-TUKENDI			0					Empires Orient Rival→hollanda ; Empires Orient Rival Trade→hollanda ; [4] Empires Orient Rival Trade→toplam 1	ingilizce	Rival Empires of Trade in the Orient	si yok, dayanak: John Villiers, 'Trade and Society in the Banda Islands in the Sixteenth Century', Modern Asian Studies 15(4), 1981 (hakemli) + Holden Furber, '
kronoloji_balkan.js	165	163	OLCULEMEDI-SLUG-COZULEMEDI		OLCULEMEDI	ADAYLAR-TUKENDI			0					idareciler etmediler müdahale→girit,imtiyazat,karadag ; idareciler etmediler müdahale mahallî fazlaca→imtiyazat,karadag ; [4] idareciler etmediler müdahale mahallî fazlaca→toplam 2		idareciler mahallî işlere fazlaca müdahale etmediler	ncak, ayrı bir Crnojević-soylu bey atanmadan İşkodra Sancağı'na bağlı, kendine özgü statüsü olan bir birim hâline geldi. TDV'nin tasvir ettiği yönetim biçimi ('
kronoloji_balkan.js	165	163	OLCULEMEDI-SLUG-COZULEMEDI		OLCULEMEDI	ADAYLAR-TUKENDI			0					Cetinje vladikası tedricen→karadag ; Cetinje vladikası tedricen otorite yüksek→karadag ; [4] vladikası tedricen Cetinje otorite yüksek→toplam 1		Cetinje vladikası tedricen en yüksek otorite hâline geldi	cağı'na bağlı, kendine özgü statüsü olan bir birim hâline geldi. TDV'nin tasvir ettiği yönetim biçimi ('idareciler mahallî işlere fazlaca müdahale etmediler', '
kronoloji_balkan.js	440	437	OLCULEMEDI-SLUG-COZULEMEDI		OLCULEMEDI	ADAYLAR-TUKENDI			0					Osmanlıların Bulgaristan geleceğini→bayezid-i,hiristiyanlik,istanbul,mehmed-ii,osmanlilar,varna ; Osmanlıların Bulgaristan geleceğini garanti altına→hiristiyanlik,istanbul,osmanlilar,varna ; [4] Osmanlıların Bulgaristan geleceğini garanti altına→toplam 4		Osmanlıların Bulgaristan'daki geleceğini garanti altına aldı	stan'ın kendi devleti YOKTUR — savaş, Osmanlı'nın Balkanlar'daki Bulgar topraklarını içeren hâkimiyetinin kalıcılığını garanti etti. TDV maddesi bunu doğrudan '
kronoloji_cok_anadolu2.js	66	61	OLCULEMEDI-SLUG-COZULEMEDI		OLCULEMEDI	ADAYLAR-TUKENDI			0					Isparta Hamîd katılışı→ ; Isparta Hamîd→abdulkadir-hamidi-celebi,anadolu,anadolu-beylikleri,antalya,ayasbeyoglu-nevzat,bedesten ; Isparta Hamîd katılışı alınışı ilinin→ ; Isparta Hamîd katılışı alınışı→ ; [3] Isparta Hamîd katılışı alınışı ilinin satın→toplam 0 ; [4] katılışı alınışı Isparta ilinin Hamîd→toplam 0		Hamîd ilinin satın alınışı: Isparta'nın katılışı	e 1381-82'deki satışta Osmanlı'ya geçen yerler Akşehir, Beyşehir, Seydişehir, Yalvaç ve Karaağaç'tır — ISPARTA DEĞİL. Çekirdek madde (olaylar_ek.js 1381-06-01 '
kronoloji_cok_ince_dg_afrika.js	110	105	OLCULEMEDI-SLUG-COZULEMEDI		OLCULEMEDI	ADAYLAR-TUKENDI			0					Fransızlar Tamatave Majunga→komor-adalari,madagaskar ; Fransızlar Tamatave Majunga Aynı işgal→komor-adalari,madagaskar ; [4] Fransızlar Tamatave Majunga işgal Aynı→toplam 2		Aynı yıl Fransızlar Majunga ile Tamatave'yi işgal etti	"    ic_not_t:""Antlaşmanın günü kaynakta yok. TDV'deki '"
kronoloji_cok_once1281_avrupa.js	233	233	OLCULEMEDI-SLUG-COZULEMEDI		OLCULEMEDI	ADAYLAR-TUKENDI			0					Granada Múrcia Ferran→ ; Granada Múrcia→bent,endulus,ispanya,el-muhassas,mudeccenler ; Granada Múrcia Ferran musulmà domini→ ; Granada Múrcia Ferran musulmà→ ; [4] musulmà Granada Múrcia domini Ferran→toplam 0		El rei musulmà de Múrcia, per tal de fugir del domini del de Granada, oferí el regne a Ferran	"bir antlaşma çerçevesinde teslim oldu (10 Şevval 640 / 2 Nisan 1243).'"", ""ic_not_t"": ""Gün TDV'den. Gırnata'dan kaçış güdüsü GEC 'Ferran III de Castella-Lleó' ('"
kronoloji_iran_ardillari.js	594	591	OLCULEMEDI-SLUG-COZULEMEDI		OLCULEMEDI	ADAYLAR-TUKENDI			0					Cengiz Timur Toğa→ ; Cengiz Timur→aga,ahlakul-esraf,ahmed-yesevi-kulliyesi,almalig,altin-orda-hanligi,anadolu ; Cengiz Timur Toğa gelenlerin bölgedeki→ ; Cengiz Timur Toğa gelenlerin→ ; [3] Cengiz Timur Toğa gelenlerin bölgedeki saltanatı ölümüyle soyundan→toplam 0 ; [4] gelenlerin bölgedeki saltanatı ölümüyle soyundan→toplam 7		Toğa Timur'un ölümüyle Cengiz Han soyundan gelenlerin bölgedeki saltanatı sona ermiş oldu.	 yüzünden zayıflayan Toğa Timur ile önce istemeyerek bir barış yaptı, ardından onu karargâhında öldürttü (16 Zilkade 754 / 13 Aralık 1353). TDV'nin ifadesiyle '
kronoloji_memluk.js	152	152	OLCULEMEDI-SLUG-COZULEMEDI		OLCULEMEDI	ADAYLAR-TUKENDI			0					Haçlılar Mısır yaptıkları→ahlatsahlar,arap,asya,aynicalut-savasi,bagras,bahriye ; Haçlılar Mısır yaptıkları seferlerin sonuncusu→asya,haclilar,iskenderiye,izmir,osmanlilar,tarih ; [4] yaptıkları seferlerin sonuncusu Haçlılar Mısır→toplam 7		Haçlılar'ın Mısır'a yaptıkları seferlerin sonuncusu	"lerine geldi ve şehri üç gün boyunca ele geçirip ağır biçimde yağmaladı; müslüman, hıristiyan ve yahudi ahali ayrım gözetmeksizin katliama uğradı. TDV'nin de \"""
kronoloji_ozbek.js	387	382	OLCULEMEDI-SLUG-COZULEMEDI		OLCULEMEDI	ADAYLAR-TUKENDI			0					Orta Asya devletlerinden→alem--sembol,almanya,anadolu,asya,avrupa,bimaristan ; Orta Asya devletlerinden güçlü biri→almanya,anadolu,asya,avrupa,caliye,ceneviz ; [4] devletlerinden güçlü Orta Asya biri→toplam 24		Orta Asya'nın en güçlü devletlerinden biri	"  d:""Ebulgazi Bahadır Han, Hîve'ye girip bölgenin tamamını hâkimiyeti altına aldı; TDV'nin ifadesiyle hanlığı '"
olaylar_ek14.js	33	33	OLCULEMEDI-SLUG-COZULEMEDI		OLCULEMEDI	ADAYLAR-TUKENDI			0					mühendislik bakımından yönünden→batililasma,ezher,iran,islam,kanada,kirkcesme-sulari ; mühendislik bakımından yönünden önemli hacim→ezher,kirkcesme-sulari ; [4] mühendislik bakımından yönünden önemli hacim→toplam 2		mühendislik bakımından en önemli, hacim yönünden de en büyük eseri	"n İstanbul'a su getirilmesini inceleyip mümkün olduğunu bildirdi; büyük su tesisinin inşaatı 1554'te başlayıp 1563'ten önce bitirildi. TDV bu yapıyı Sinan'ın \"""
olaylar_ek14.js	110	110	OLCULEMEDI-SLUG-COZULEMEDI		OLCULEMEDI	ADAYLAR-TUKENDI			0					Çelebi Mehmed Murad→ab-i-hayat,abaza-pasa,abdulkadir-i-belhi,abdullatif-el-kudsi,abdurrahim-efendi-hoca,ahdi ; Çelebi Mehmed Murad anlaşılmaktadır kanunlaştığı→devsirme ; [4] anlaşılmaktadır kanunlaştığı uygulandığı zamanında devrinde→toplam 1		Çelebi Mehmed zamanında uygulandığı, ancak oğlu II. Murad devrinde kanunlaştığı anlaşılmaktadır.	" önceki İslâm devletlerinde görülmeyen devşirme usulü, önce pencik kanunu gereği gayrimüslim savaş esiri gençlerden yararlanma biçiminde başladı. TDV'ye göre \"""
olaylar_ek14.js	118	118	OLCULEMEDI-SLUG-COZULEMEDI		OLCULEMEDI	ADAYLAR-TUKENDI			0					düzenleme görmüştür kanunu→ahmed-vefik-pasa,amerika-birlesik-devletleri,anayasa,ay,batililasma,bosna-hersek ; düzenleme görmüştür kanunu pazar işlev→batililasma,erzurum,faiz,hisbe,islah,istanbul ; [4] düzenleme görmüştür kanunu pazar işlev→toplam 11		tam bir pazar düzenleme kanunu gibi işlev görmüştür.	"a, günümüze ulaşan en kapsamlı narh defteri 1640 tarihlidir; gıda, giyim, hizmetler, standartlar ve hijyen koşullarını kapsayan bu defter, TDV'nin ifadesiyle \"""
olaylar_ek14.js	140	140	OLCULEMEDI-SLUG-COZULEMEDI		OLCULEMEDI	ADAYLAR-TUKENDI			0					temizlik hareketi tarihin→anadolu,biruni,cami,celali-isyanlari,ebu-musab,ebubekir-ratib-efendi ; temizlik hareketi tarihin modern etnik→anadolu,endonezya,hanefi-mezhebi,irak--ulke,istanbul,kadin ; [4] temizlik hareketi tarihin modern etnik→toplam 15		modern tarihin ilk etnik temizlik hareketi	" en yoğun biçimde 1861-1864'te işgaliyle 1,2-1,5 milyon Çerkez Osmanlı topraklarına zorunlu olarak göç ettirildi. TDV'ye göre çok sayıda araştırmacı bu olayı \"""
olaylar_ek14.js	143	143	OLCULEMEDI-SLUG-COZULEMEDI		OLCULEMEDI	ADAYLAR-TUKENDI			0					imtiyaz patent tekel→imtiyazat,narh ; [4] imtiyaz patent tekel→toplam 2		tekel, imtiyaz ve bir tür patent	"steminin tekel esaslı esnaf düzeni olarak resmen yerleşmesi"", gun:""1140 (1727)"", yer:""İstanbul"", yer_id:""İstanbul"", kisiler:"""", d:""TDV'ye göre gedik hakkının \"""
olaylar_ek17.js	19	15	OLCULEMEDI-SLUG-COZULEMEDI		OLCULEMEDI	ADAYLAR-TUKENDI			0					Kristof Kolomb Doğu→amerika,amerika-birlesik-devletleri,caliye,cihannuma--katip-celebi,harita,ibrahim-hakki-erzurumi ; Kristof Kolomb Doğu Batı dünyasından→piri-reis ; [4] dünyasından haritalarla kendisine haritası Kristof→toplam 1		Doğu ve Batı dünyasından kendisine ulaşan eski haritalarla Kristof Kolomb'un haritası	"  d:""Pîrî Reis, Gelibolu'da 919 (1513) tarihli dünya haritasını çizdi; TDV İslâm Ansiklopedisi'ne göre haritanın kaynakları arasında '"
olaylar_ek17.js	26	23	OLCULEMEDI-SLUG-COZULEMEDI		OLCULEMEDI	ADAYLAR-TUKENDI			0					denenmemiş düzenleme zamana→ahmed-vefik-pasa,sultan-ahmed-camii-ve-kulliyesi ; [4] denenmemiş düzenleme zamana→toplam 2		o zamana kadar denenmemiş bir düzenleme	"üzenlemeyi yalnız 'o zamana kadar denenmemiş' diye niteler."", ic_not_d:""eski: ⚠️ TDV bu maddede altı minarenin … yaygın popüler anlatıyı DOĞRULAMIYOR — yalnız '"
olaylar_ek17.js	26	23	OLCULEMEDI-SLUG-COZULEMEDI		OLCULEMEDI	ADAYLAR-TUKENDI			0					yumuşak gönüllü sözünün→semail ; yumuşak gönüllü sözünün dindar huylu→ ; yumuşak gönüllü sözünün dindar→ ; [4] yumuşak gönüllü sözünün dindar huylu→toplam 0		yumuşak huylu, alçak gönüllü, sözünün eri, dindar ve zeki	a saraya alınan Mehmed Ağa, Mimar Sinan'ın yanında yetişerek 11 Ekim 1606'da Osmanlı başmimarlığına getirildi. TDV İslâm Ansiklopedisi çağdaş bir kaynağın onu '
olaylar_ek17.js	62	59	OLCULEMEDI-SLUG-COZULEMEDI		OLCULEMEDI	ADAYLAR-TUKENDI			0					prensipleriyle teorik mümkün→baht,cevher,fikih ; prensipleriyle teorik mümkün ilkel roket→ ; prensipleriyle teorik mümkün ilkel→fikih ; [4] prensipleriyle teorik mümkün ilkel roket→toplam 0		ilkel roket itki prensipleriyle teorik olarak mümkün	"karşılığında yetmiş akçe yevmiyeli bir sipahilik kazandı."", ic_not_d:""⚠️ TDV bu olayı yalnız bir hicrî yılla (1042/1632-33) tarihler ve güvenilirliği hakkında '"
olaylar_ek21.js	66	61	OLCULEMEDI-SLUG-COZULEMEDI		OLCULEMEDI	ADAYLAR-TUKENDI			0					Devleti Derbend Safevî→anadolu,aras,azerbaycan,cami,dagistan,derbend--dagistan ; Devleti Derbend Safevî İsmâil Şirvan→azerbaycan,cami,derbend--dagistan,elkas-mirza,gurcistan,iran ; [3] Devleti Derbend Safevî İsmâil Şirvan Rumlu oymaklarından başlangıcını→toplam 1 ; [4] oymaklarından başlangıcını hâkimiyetine yerleştirdi gelişmesi→toplam 1		Safevî Devleti'nin kurulup gelişmesi, Derbend'de yeni bir dönemin başlangıcını teşkil etti. Şah İsmâil 1509'da şehri zaptedip Rumlu oymaklarından birini buraya yerleştirdi. 1538'de Şirvan doğrudan Safevî hâkimiyetine girince...\	"bağ kalıcılaştı. Derbend 1578 seferinde Osmanlı eline geçecek ve 1607'ye kadar yedi sancaklı bir beylerbeyiliğin merkezi olacaktır. TDV'nin kaydı şöyledir: \\\"""
olaylar_ek5.js	308	308	OLCULEMEDI-SLUG-COZULEMEDI		OLCULEMEDI	ADAYLAR-TUKENDI			0					Mühendis yetiştirmek yılında→babiali,bahriye-mektebi,batililasma,caliye,darulfunun,emeviler ; Mühendis yetiştirmek yılında açılan mektep→babiali,bahriye-mektebi,batililasma,darulfunun,ezher,harbiye ; [3] Mühendis yetiştirmek yılında açılan mektep üzere→toplam 18 ; [4] yetiştirmek Mühendis yılında açılan mektep→toplam 18		Mühendis yetiştirmek üzere 1795 yılında açılan mektep.	"iminin kökü sayılan bu okul, günümüz İstanbul Teknik Üniversitesi'nin başlangıcı kabul edilir."", kaynak:""muhendishane-i-berri-i-humayun — TDV gövdesi birebir: '"
olaylar_ek8.js	236	221	OLCULEMEDI-SLUG-COZULEMEDI		OLCULEMEDI	ADAYLAR-TUKENDI			0					Venedikliler Bosna Knin→hirvatistan,karlofca,kirka,suleyman-ii ; Venedikliler Bosna Knin civarındaki geçmişti→ ; Venedikliler Bosna Knin civarındaki→karlofca ; [4] Venedikliler civarındaki geçmişti kaleler Bosna→toplam 2	ingilizce	Bosna'daki Knin ve civarındaki kaleler ise Venedikliler'in eline geçmişti	"yıl Osmanlı elinde kalan Dalmaçya sınır hattının kilit kalesiydi; kaybı bölgeyi büyük ölçüde Venedik'e açtı."", ""ic_not_d"": ""TDV dönemin genel kayıp listesinde '"
paket_01.js	2516	2516	OLCULEMEDI-SLUG-COZULEMEDI		OLCULEMEDI	ADAYLAR-TUKENDI			0					Mühendis yetiştirmek yılında→babiali,bahriye-mektebi,batililasma,caliye,darulfunun,emeviler ; Mühendis yetiştirmek yılında açılan mektep→babiali,bahriye-mektebi,batililasma,darulfunun,ezher,harbiye ; [3] Mühendis yetiştirmek yılında açılan mektep üzere→toplam 18 ; [4] yetiştirmek Mühendis yılında açılan mektep→toplam 18		Mühendis yetiştirmek üzere 1795 yılında açılan mektep.	"iminin kökü sayılan bu okul, günümüz İstanbul Teknik Üniversitesi'nin başlangıcı kabul edilir."", kaynak:""muhendishane-i-berri-i-humayun — TDV gövdesi birebir: '"
paket_02.js	329	314	OLCULEMEDI-SLUG-COZULEMEDI		OLCULEMEDI	ADAYLAR-TUKENDI			0					Venedikliler Bosna Knin→hirvatistan,karlofca,kirka,suleyman-ii ; Venedikliler Bosna Knin civarındaki geçmişti→ ; Venedikliler Bosna Knin civarındaki→karlofca ; [4] Venedikliler civarındaki geçmişti kaleler Bosna→toplam 2	ingilizce	Bosna'daki Knin ve civarındaki kaleler ise Venedikliler'in eline geçmişti	"yıl Osmanlı elinde kalan Dalmaçya sınır hattının kilit kalesiydi; kaybı bölgeyi büyük ölçüde Venedik'e açtı."", ""ic_not_d"": ""TDV dönemin genel kayıp listesinde '"
paket_03.js	38	38	OLCULEMEDI-SLUG-COZULEMEDI		OLCULEMEDI	ADAYLAR-TUKENDI			0					mühendislik bakımından yönünden→batililasma,ezher,iran,islam,kanada,kirkcesme-sulari ; mühendislik bakımından yönünden önemli hacim→ezher,kirkcesme-sulari ; [4] mühendislik bakımından yönünden önemli hacim→toplam 2		mühendislik bakımından en önemli, hacim yönünden de en büyük eseri	"n İstanbul'a su getirilmesini inceleyip mümkün olduğunu bildirdi; büyük su tesisinin inşaatı 1554'te başlayıp 1563'ten önce bitirildi. TDV bu yapıyı Sinan'ın \"""
paket_03.js	115	115	OLCULEMEDI-SLUG-COZULEMEDI		OLCULEMEDI	ADAYLAR-TUKENDI			0					Çelebi Mehmed Murad→ab-i-hayat,abaza-pasa,abdulkadir-i-belhi,abdullatif-el-kudsi,abdurrahim-efendi-hoca,ahdi ; Çelebi Mehmed Murad anlaşılmaktadır kanunlaştığı→devsirme ; [4] anlaşılmaktadır kanunlaştığı uygulandığı zamanında devrinde→toplam 1		Çelebi Mehmed zamanında uygulandığı, ancak oğlu II. Murad devrinde kanunlaştığı anlaşılmaktadır.	" önceki İslâm devletlerinde görülmeyen devşirme usulü, önce pencik kanunu gereği gayrimüslim savaş esiri gençlerden yararlanma biçiminde başladı. TDV'ye göre \"""
paket_03.js	123	123	OLCULEMEDI-SLUG-COZULEMEDI		OLCULEMEDI	ADAYLAR-TUKENDI			0					düzenleme görmüştür kanunu→ahmed-vefik-pasa,amerika-birlesik-devletleri,anayasa,ay,batililasma,bosna-hersek ; düzenleme görmüştür kanunu pazar işlev→batililasma,erzurum,faiz,hisbe,islah,istanbul ; [4] düzenleme görmüştür kanunu pazar işlev→toplam 11		tam bir pazar düzenleme kanunu gibi işlev görmüştür.	"a, günümüze ulaşan en kapsamlı narh defteri 1640 tarihlidir; gıda, giyim, hizmetler, standartlar ve hijyen koşullarını kapsayan bu defter, TDV'nin ifadesiyle \"""
paket_03.js	145	145	OLCULEMEDI-SLUG-COZULEMEDI		OLCULEMEDI	ADAYLAR-TUKENDI			0					temizlik hareketi tarihin→anadolu,biruni,cami,celali-isyanlari,ebu-musab,ebubekir-ratib-efendi ; temizlik hareketi tarihin modern etnik→anadolu,endonezya,hanefi-mezhebi,irak--ulke,istanbul,kadin ; [4] temizlik hareketi tarihin modern etnik→toplam 15		modern tarihin ilk etnik temizlik hareketi	" en yoğun biçimde 1861-1864'te işgaliyle 1,2-1,5 milyon Çerkez Osmanlı topraklarına zorunlu olarak göç ettirildi. TDV'ye göre çok sayıda araştırmacı bu olayı \"""
paket_03.js	148	148	OLCULEMEDI-SLUG-COZULEMEDI		OLCULEMEDI	ADAYLAR-TUKENDI			0					imtiyaz patent tekel→imtiyazat,narh ; [4] imtiyaz patent tekel→toplam 2		tekel, imtiyaz ve bir tür patent	"steminin tekel esaslı esnaf düzeni olarak resmen yerleşmesi"", gun:""1140 (1727)"", yer:""İstanbul"", yer_id:""İstanbul"", kisiler:"""", d:""TDV'ye göre gedik hakkının \"""
paket_04.js	24	20	OLCULEMEDI-SLUG-COZULEMEDI		OLCULEMEDI	ADAYLAR-TUKENDI			0					Kristof Kolomb Doğu→amerika,amerika-birlesik-devletleri,caliye,cihannuma--katip-celebi,harita,ibrahim-hakki-erzurumi ; Kristof Kolomb Doğu Batı dünyasından→piri-reis ; [4] dünyasından haritalarla kendisine haritası Kristof→toplam 1		Doğu ve Batı dünyasından kendisine ulaşan eski haritalarla Kristof Kolomb'un haritası	"  d:""Pîrî Reis, Gelibolu'da 919 (1513) tarihli dünya haritasını çizdi; TDV İslâm Ansiklopedisi'ne göre haritanın kaynakları arasında '"
paket_04.js	31	28	OLCULEMEDI-SLUG-COZULEMEDI		OLCULEMEDI	ADAYLAR-TUKENDI			0					denenmemiş düzenleme zamana→ahmed-vefik-pasa,sultan-ahmed-camii-ve-kulliyesi ; [4] denenmemiş düzenleme zamana→toplam 2		o zamana kadar denenmemiş bir düzenleme	"üzenlemeyi yalnız 'o zamana kadar denenmemiş' diye niteler."", ic_not_d:""eski: ⚠️ TDV bu maddede altı minarenin … yaygın popüler anlatıyı DOĞRULAMIYOR — yalnız '"
paket_04.js	31	28	OLCULEMEDI-SLUG-COZULEMEDI		OLCULEMEDI	ADAYLAR-TUKENDI			0					yumuşak gönüllü sözünün→semail ; yumuşak gönüllü sözünün dindar huylu→ ; yumuşak gönüllü sözünün dindar→ ; [4] yumuşak gönüllü sözünün dindar huylu→toplam 0		yumuşak huylu, alçak gönüllü, sözünün eri, dindar ve zeki	a saraya alınan Mehmed Ağa, Mimar Sinan'ın yanında yetişerek 11 Ekim 1606'da Osmanlı başmimarlığına getirildi. TDV İslâm Ansiklopedisi çağdaş bir kaynağın onu '
paket_04.js	67	64	OLCULEMEDI-SLUG-COZULEMEDI		OLCULEMEDI	ADAYLAR-TUKENDI			0					prensipleriyle teorik mümkün→baht,cevher,fikih ; prensipleriyle teorik mümkün ilkel roket→ ; prensipleriyle teorik mümkün ilkel→fikih ; [4] prensipleriyle teorik mümkün ilkel roket→toplam 0		ilkel roket itki prensipleriyle teorik olarak mümkün	"karşılığında yetmiş akçe yevmiyeli bir sipahilik kazandı."", ic_not_d:""⚠️ TDV bu olayı yalnız bir hicrî yılla (1042/1632-33) tarihler ve güvenilirliği hakkında '"
paket_04.js	699	694	OLCULEMEDI-SLUG-COZULEMEDI		OLCULEMEDI	ADAYLAR-TUKENDI			0					Devleti Derbend Safevî→anadolu,aras,azerbaycan,cami,dagistan,derbend--dagistan ; Devleti Derbend Safevî İsmâil Şirvan→azerbaycan,cami,derbend--dagistan,elkas-mirza,gurcistan,iran ; [3] Devleti Derbend Safevî İsmâil Şirvan Rumlu oymaklarından başlangıcını→toplam 1 ; [4] oymaklarından başlangıcını hâkimiyetine yerleştirdi gelişmesi→toplam 1		Safevî Devleti'nin kurulup gelişmesi, Derbend'de yeni bir dönemin başlangıcını teşkil etti. Şah İsmâil 1509'da şehri zaptedip Rumlu oymaklarından birini buraya yerleştirdi. 1538'de Şirvan doğrudan Safevî hâkimiyetine girince...\	"bağ kalıcılaştı. Derbend 1578 seferinde Osmanlı eline geçecek ve 1607'ye kadar yedi sancaklı bir beylerbeyiliğin merkezi olacaktır. TDV'nin kaydı şöyledir: \\\"""
paket_05.js	618	616	OLCULEMEDI-SLUG-COZULEMEDI		OLCULEMEDI	ADAYLAR-TUKENDI			0					Herat XIII yüzyıllarda→abbasiler,asya,bagdat,bimaristan,cami,ciltcilik ; Herat XIII yüzyıllarda hânedan hüküm→abbasiler,asya,bagdat,bimaristan,cami,destan ; [3] Herat XIII yüzyıllarda hânedan hüküm süren→toplam 27 ; [4] yüzyıllarda hânedan Herat hüküm süren→toplam 31 ; [4] yüzyıllarda hânedan Herat hüküm→toplam 40 ; [4] yüzyıllarda hânedan Herat→toplam 42		XIII ve XIV. yüzyıllarda Herat'ta hüküm süren bir hânedan	inde Herat merkezli hüküm süren, Gûr kökenli hânedan; Horasan'ın doğusu ile Sîstan'ı elinde tuttu ve Timur tarafından ortadan kaldırıldı. TDV maddesi hânedanı '
paket_05.js	1136	1133	OLCULEMEDI-SLUG-COZULEMEDI		OLCULEMEDI	ADAYLAR-TUKENDI			0					Armenian Concise History→harut-ve-marut ; Armenian Concise History People→ ; [4] Armenian Concise History People→toplam 0	ingilizce	A Concise History of the Armenian People	"  kaynak:""bulunamadı — TDV'de müstakil maddesi yok (kili, sis alakasız konular), dayanak: George A. Bournoutian, '"
paket_05.js	1682	1682	OLCULEMEDI-SLUG-COZULEMEDI		OLCULEMEDI	ADAYLAR-TUKENDI			0					Menelik tahta çıktı→etiyopya,sadik-el-mueyyed-pasa ; [4] Menelik tahta çıktı→toplam 2		II. Menelik tahta çıktı	 sömürgesinin resmî ilanına (1890-01-01) mı karşılık geliyor — üç aday tarih (antlaşma/işgal/sömürge ilanı) birbirinden ayırt edilmedi. Önceki kayıt bu tarihi '
paket_05.js	2209	2207	OLCULEMEDI-SLUG-COZULEMEDI		OLCULEMEDI	ADAYLAR-TUKENDI			0					taşıyor harita hangi→anadolu,bayrak,cami,haydarpasa,istanbul,mustafa-kemal-ataturk ; taşıyor harita hangi güne iran→anadolu,bayrak,cami,istanbul,mustafa-kemal-ataturk,muhur ; [4] taşıyor harita hangi güne iran→toplam 8		harita hangi güne kadar iran'ı taşıyor	"abet) olduğu için TDV/standart kaynak Zend'in konsolidasyonunu 1751'e koyuyor. Fark künyenin kusuru değil, iki farklı sorunun (\""devlet ne zaman kuruldu\"" vs \"""
paket_05.js	2592	2592	OLCULEMEDI-SLUG-COZULEMEDI		OLCULEMEDI	ADAYLAR-TUKENDI			0					Senegal French conquest→misir ; [4] conquest Senegal French→toplam 1	ingilizce	French conquest of Senegal	"i (Dakar-Saint-Louis demiryoluna direniş)"", kaynak:""bulunamadı (TDV) — standart akademik kaynak, GÜN hassasiyeti (26 Ekim 1868) çevrimiçi ikincil kaynaklarla ('"
paket_05.js	6171	6168	OLCULEMEDI-SLUG-COZULEMEDI		OLCULEMEDI	ADAYLAR-TUKENDI			0					Sixteenth Society Islands→ ; Sixteenth Society→ahmed-el-mucahid,babur,borneo,bruney,celali-isyanlari,emir-i-hac ; Sixteenth Society Islands Century Trade→ ; Sixteenth Society Islands Century→ ; [3] Sixteenth Society Islands Century Trade Banda→toplam 0 ; [4] Sixteenth Society Islands Century Trade→toplam 0	ingilizce	Trade and Society in the Banda Islands in the Sixteenth Century	"  kaynak:""bulunamadı — TDV'de müstakil maddesi yok, dayanak: John Villiers, '"
paket_05.js	6171	6168	OLCULEMEDI-SLUG-COZULEMEDI		OLCULEMEDI	ADAYLAR-TUKENDI			0					Empires Orient Rival→hollanda ; Empires Orient Rival Trade→hollanda ; [4] Empires Orient Rival Trade→toplam 1	ingilizce	Rival Empires of Trade in the Orient	si yok, dayanak: John Villiers, 'Trade and Society in the Banda Islands in the Sixteenth Century', Modern Asian Studies 15(4), 1981 (hakemli) + Holden Furber, '
paket_05.js	6206	6203	OLCULEMEDI-SLUG-COZULEMEDI		OLCULEMEDI	ADAYLAR-TUKENDI			0					Lords Land→haclilar,karli-ili,necmeddin-i-kubra,salibi-kemal-suleyman	ingilizce	Lords of the Land, Lords of the Sea	"  kaynak:""bulunamadı — TDV'de müstakil maddesi yok, dayanak: standart akademik kaynak (Hans Hägerdal, '"
paket_05.js	6710	6710	OLCULEMEDI-SLUG-COZULEMEDI		OLCULEMEDI	ADAYLAR-TUKENDI			0					Vietnam Mongol invasions→ ; Vietnam Mongol→amerika-birlesik-devletleri,cin--ulke,fransa,tarih ; [4] invasions Vietnam Mongol→toplam 0	ingilizce	Mongol invasions of Vietnam	"8-01-01"", tur:""savas"", b:""İlk Moğol istilası yarım ay içinde püskürtüldü"", kaynak:""bulunamadı (TDV) — standart akademik kaynak, çevrimiçi ikincil kaynaklarla ('"
paket_05.js	7038	7038	OLCULEMEDI-SLUG-COZULEMEDI		OLCULEMEDI	ADAYLAR-TUKENDI			0		AM — AYNEN			Kolombiya Venezuela Bolivar→ ; Kolombiya Venezuela→amerika,durzilik ; Kolombiya Venezuela Bolivar Ekvador Granada→ ; Kolombiya Venezuela Bolivar Ekvador→ ; [4] tarafindan Kolombiya Venezuela ayrilinca kurulmus→toplam 1		Bolivar tarafindan kurulmus olan Buyuk Kolombiya'dan 1829'da Venezuela, 1830'da da Ekvador ayrilinca geri kalan kisim Yeni Granada adi ile 1863'e kadar devam etti	"          { t:""1829-01-01"", tur:""kurulus"", b:""Venezuela Gran Kolombiya'dan ayrilarak ayri bir cumhuriyet oldu"", kaynak:""TDV-AM — AYNEN: «"
paket_05.js	7657	7656	OLCULEMEDI-SLUG-COZULEMEDI		OLCULEMEDI	ADAYLAR-TUKENDI			0					Prensliği Dukagjin Arnavut→les ; Prensliği Dukagjin Arnavut Dukakin Paul→les ; [4] asilzâdeleri getirdiler Prensliği Dukagjin Arnavut→toplam 1		Paul ve Lek Dukagjin adlı Arnavut asilzâdeleri … burayı Arnavut Dukakin Prensliği'nin merkezi hâline getirdiler.	"  ozet:""Kuzey Arnavutluk'ta Leş (Alessio) merkezli Arnavut prensliği. TDV: 1387'de \"""
paket_05.js	9026	9023	OLCULEMEDI-SLUG-COZULEMEDI		OLCULEMEDI	ADAYLAR-TUKENDI			0					Karahanlılar Batı ermiş→anadolu,bimaristan,iran,karahanlilar,mezhep,muhammed-tapar ; Karahanlılar Batı ermiş sona oldu→anadolu,bimaristan,iran,karahanlilar,mezhep,muhammed-tapar ; [4] Karahanlılar ermiş Batı sona oldu→toplam 11		(559/1164) Batı Karahanlılar sona ermiş oldu	"  ic_not_t:""TDV iki sonu ayırıyor: Hasanî/İbrâhim soyunun II. Mahmud'la bitişi '"
paket_05.js	9206	9203	OLCULEMEDI-SLUG-COZULEMEDI		OLCULEMEDI	ADAYLAR-TUKENDI			0					Arslanşah Rükneddin Gerşâsb→kakuyiler,yezd ; Arslanşah Rükneddin Gerşâsb Tuğrul Yezd→kakuyiler,yezd ; [4] etmekteydi Arslanşah zamanında Rükneddin Gerşâsb→toplam 1		Arslanşah b. Tuğrul zamanında (1161-1177) Yezd’i Gerşâsb’ın iki kızı idare etmekteydi. Daha sonra Rükneddin Sâm ... atabeg tayin edildi	"  ic_not_f:""⚠️ TDV İÇ ÇELİŞKİ: kakuyiler → Katvân (536/1141) sonrası Sencer kızlara atabeg atadı (Rükneddin Sâm) ⇒ f 1141. yezd → '"
paket_05.js	10582	10579	OLCULEMEDI-SLUG-COZULEMEDI		OLCULEMEDI	ADAYLAR-TUKENDI			0					Zilhicce Emevîler Ağustos→buhara,ebu-hamza-es-sari,emeviler,fatimiler,harre-savasi,hassan-b-malik ; Zilhicce Emevîler Ağustos Mervân Mısır→emeviler,hulefa-yi-rasidin,iran,kudus,mekke,mervan-ii ; [4] öldürüldü Zilhicce ölümüyle Emevîler sonunda→toplam 9		Mervân en sonunda Mısır’da öldürüldü (26 Zilhicce 132 / 5 Ağustos 750). Onun ölümüyle Emevîler tar…	"  ic_not_t:""TDV: '"
paket_07.js	157	157	OLCULEMEDI-SLUG-COZULEMEDI		OLCULEMEDI	ADAYLAR-TUKENDI			0					Haçlılar Mısır yaptıkları→ahlatsahlar,arap,asya,aynicalut-savasi,bagras,bahriye ; Haçlılar Mısır yaptıkları seferlerin sonuncusu→asya,haclilar,iskenderiye,izmir,osmanlilar,tarih ; [4] yaptıkları seferlerin sonuncusu Haçlılar Mısır→toplam 7		Haçlılar'ın Mısır'a yaptıkları seferlerin sonuncusu	"lerine geldi ve şehri üç gün boyunca ele geçirip ağır biçimde yağmaladı; müslüman, hıristiyan ve yahudi ahali ayrım gözetmeksizin katliama uğradı. TDV'nin de \"""
paket_11.js	2252	2247	OLCULEMEDI-SLUG-COZULEMEDI		OLCULEMEDI	ADAYLAR-TUKENDI			0					Orta Asya devletlerinden→alem--sembol,almanya,anadolu,asya,avrupa,bimaristan ; Orta Asya devletlerinden güçlü biri→almanya,anadolu,asya,avrupa,caliye,ceneviz ; [4] devletlerinden güçlü Orta Asya biri→toplam 24		Orta Asya'nın en güçlü devletlerinden biri	"  d:""Ebulgazi Bahadır Han, Hîve'ye girip bölgenin tamamını hâkimiyeti altına aldı; TDV'nin ifadesiyle hanlığı '"
paket_12.js	2630	2628	OLCULEMEDI-SLUG-COZULEMEDI		OLCULEMEDI	ADAYLAR-TUKENDI			0					idareciler etmediler müdahale→girit,imtiyazat,karadag ; idareciler etmediler müdahale mahallî fazlaca→imtiyazat,karadag ; [4] idareciler etmediler müdahale mahallî fazlaca→toplam 2		idareciler mahallî işlere fazlaca müdahale etmediler	ncak, ayrı bir Crnojević-soylu bey atanmadan İşkodra Sancağı'na bağlı, kendine özgü statüsü olan bir birim hâline geldi. TDV'nin tasvir ettiği yönetim biçimi ('
paket_12.js	2630	2628	OLCULEMEDI-SLUG-COZULEMEDI		OLCULEMEDI	ADAYLAR-TUKENDI			0					Cetinje vladikası tedricen→karadag ; Cetinje vladikası tedricen otorite yüksek→karadag ; [4] vladikası tedricen Cetinje otorite yüksek→toplam 1		Cetinje vladikası tedricen en yüksek otorite hâline geldi	cağı'na bağlı, kendine özgü statüsü olan bir birim hâline geldi. TDV'nin tasvir ettiği yönetim biçimi ('idareciler mahallî işlere fazlaca müdahale etmediler', '
paket_12.js	2905	2902	OLCULEMEDI-SLUG-COZULEMEDI		OLCULEMEDI	ADAYLAR-TUKENDI			0					Osmanlıların Bulgaristan geleceğini→bayezid-i,hiristiyanlik,istanbul,mehmed-ii,osmanlilar,varna ; Osmanlıların Bulgaristan geleceğini garanti altına→hiristiyanlik,istanbul,osmanlilar,varna ; [4] Osmanlıların Bulgaristan geleceğini garanti altına→toplam 4		Osmanlıların Bulgaristan'daki geleceğini garanti altına aldı	stan'ın kendi devleti YOKTUR — savaş, Osmanlı'nın Balkanlar'daki Bulgar topraklarını içeren hâkimiyetinin kalıcılığını garanti etti. TDV maddesi bunu doğrudan '
paket_12.js	6536	6533	OLCULEMEDI-SLUG-COZULEMEDI		OLCULEMEDI	ADAYLAR-TUKENDI			0					Cengiz Timur Toğa→ ; Cengiz Timur→aga,ahlakul-esraf,ahmed-yesevi-kulliyesi,almalig,altin-orda-hanligi,anadolu ; Cengiz Timur Toğa gelenlerin bölgedeki→ ; Cengiz Timur Toğa gelenlerin→ ; [3] Cengiz Timur Toğa gelenlerin bölgedeki saltanatı ölümüyle soyundan→toplam 0 ; [4] gelenlerin bölgedeki saltanatı ölümüyle soyundan→toplam 7		Toğa Timur'un ölümüyle Cengiz Han soyundan gelenlerin bölgedeki saltanatı sona ermiş oldu.	 yüzünden zayıflayan Toğa Timur ile önce istemeyerek bir barış yaptı, ardından onu karargâhında öldürttü (16 Zilkade 754 / 13 Aralık 1353). TDV'nin ifadesiyle '
paket_13.js	819	819	OLCULEMEDI-SLUG-COZULEMEDI		OLCULEMEDI	ADAYLAR-TUKENDI			0					Ingiltere Subat Misir→abdullah-b-huseyin,abdulaziz,abdulaziz-cavis,abdulhamid-ii,abdulmecid,afganistan ; Ingiltere Subat Misir bagimsiz tarafli→ ; Ingiltere Subat Misir bagimsiz→ ; [3] Ingiltere Subat Misir bagimsiz tarafli devlet ilan etti→toplam 0 ; [4] Ingiltere bagimsiz tarafli devlet Subat→toplam 0		28 Subat 1922'de Ingiltere tek tarafli olarak Misir'i bagimsiz devlet ilan etti	alligi devletler.js'e henuz UYGULANMADI (denetim/YAMA-KUNYE-1923-0905.json). Bu yama koşu 5b BITTIKTEN ve kunyeler RENKLENDIKTEN SONRA inecek. NOT: TDV ayrica '
paket_13.js	821	821	OLCULEMEDI-SLUG-COZULEMEDI		OLCULEMEDI	ADAYLAR-TUKENDI			0					Ingiltere Subat Misir→abdullah-b-huseyin,abdulaziz,abdulaziz-cavis,abdulhamid-ii,abdulmecid,afganistan ; Ingiltere Subat Misir bagimsiz tarafli→ ; Ingiltere Subat Misir bagimsiz→ ; [3] Ingiltere Subat Misir bagimsiz tarafli devlet ilan etti→toplam 0 ; [4] Ingiltere bagimsiz tarafli devlet Subat→toplam 0		28 Subat 1922'de Ingiltere tek tarafli olarak Misir'i bagimsiz devlet ilan etti	alligi devletler.js'e henuz UYGULANMADI (denetim/YAMA-KUNYE-1923-0905.json). Bu yama koşu 5b BITTIKTEN ve kunyeler RENKLENDIKTEN SONRA inecek. NOT: TDV ayrica '
paket_13.js	823	823	OLCULEMEDI-SLUG-COZULEMEDI		OLCULEMEDI	ADAYLAR-TUKENDI			0					Ingiltere Subat Misir→abdullah-b-huseyin,abdulaziz,abdulaziz-cavis,abdulhamid-ii,abdulmecid,afganistan ; Ingiltere Subat Misir bagimsiz tarafli→ ; Ingiltere Subat Misir bagimsiz→ ; [3] Ingiltere Subat Misir bagimsiz tarafli devlet ilan etti→toplam 0 ; [4] Ingiltere bagimsiz tarafli devlet Subat→toplam 0		28 Subat 1922'de Ingiltere tek tarafli olarak Misir'i bagimsiz devlet ilan etti	alligi devletler.js'e henuz UYGULANMADI (denetim/YAMA-KUNYE-1923-0905.json). Bu yama koşu 5b BITTIKTEN ve kunyeler RENKLENDIKTEN SONRA inecek. NOT: TDV ayrica '
paket_13.js	825	825	OLCULEMEDI-SLUG-COZULEMEDI		OLCULEMEDI	ADAYLAR-TUKENDI			0					Ingiltere Subat Misir→abdullah-b-huseyin,abdulaziz,abdulaziz-cavis,abdulhamid-ii,abdulmecid,afganistan ; Ingiltere Subat Misir bagimsiz tarafli→ ; Ingiltere Subat Misir bagimsiz→ ; [3] Ingiltere Subat Misir bagimsiz tarafli devlet ilan etti→toplam 0 ; [4] Ingiltere bagimsiz tarafli devlet Subat→toplam 0		28 Subat 1922'de Ingiltere tek tarafli olarak Misir'i bagimsiz devlet ilan etti	alligi devletler.js'e henuz UYGULANMADI (denetim/YAMA-KUNYE-1923-0905.json). Bu yama koşu 5b BITTIKTEN ve kunyeler RENKLENDIKTEN SONRA inecek. NOT: TDV ayrica '
paket_13.js	827	827	OLCULEMEDI-SLUG-COZULEMEDI		OLCULEMEDI	ADAYLAR-TUKENDI			0					Ingiltere Subat Misir→abdullah-b-huseyin,abdulaziz,abdulaziz-cavis,abdulhamid-ii,abdulmecid,afganistan ; Ingiltere Subat Misir bagimsiz tarafli→ ; Ingiltere Subat Misir bagimsiz→ ; [3] Ingiltere Subat Misir bagimsiz tarafli devlet ilan etti→toplam 0 ; [4] Ingiltere bagimsiz tarafli devlet Subat→toplam 0		28 Subat 1922'de Ingiltere tek tarafli olarak Misir'i bagimsiz devlet ilan etti	alligi devletler.js'e henuz UYGULANMADI (denetim/YAMA-KUNYE-1923-0905.json). Bu yama koşu 5b BITTIKTEN ve kunyeler RENKLENDIKTEN SONRA inecek. NOT: TDV ayrica '
paket_13.js	829	829	OLCULEMEDI-SLUG-COZULEMEDI		OLCULEMEDI	ADAYLAR-TUKENDI			0					Ingiltere Subat Misir→abdullah-b-huseyin,abdulaziz,abdulaziz-cavis,abdulhamid-ii,abdulmecid,afganistan ; Ingiltere Subat Misir bagimsiz tarafli→ ; Ingiltere Subat Misir bagimsiz→ ; [3] Ingiltere Subat Misir bagimsiz tarafli devlet ilan etti→toplam 0 ; [4] Ingiltere bagimsiz tarafli devlet Subat→toplam 0		28 Subat 1922'de Ingiltere tek tarafli olarak Misir'i bagimsiz devlet ilan etti	alligi devletler.js'e henuz UYGULANMADI (denetim/YAMA-KUNYE-1923-0905.json). Bu yama koşu 5b BITTIKTEN ve kunyeler RENKLENDIKTEN SONRA inecek. NOT: TDV ayrica '
paket_13.js	1337	1337	OLCULEMEDI-SLUG-COZULEMEDI		OLCULEMEDI	ADAYLAR-TUKENDI			0					History Modern Somali→afrika,anayasa,arabistan,cibuti,fransa,hadramut ; [4] History Modern Somali→toplam 24	ingilizce	A Modern History of the Somali	"laşmadı — merkezi devlet hiç kurulmadı."",bos:""kabile"",kaynak:""bulunamadı — TDV kapsam dışı, standart akademik: Somali klan yapısının genel tarifi (I.M. Lewis, '"
paket_13.js	1499	1499	OLCULEMEDI-SLUG-COZULEMEDI		OLCULEMEDI	ADAYLAR-TUKENDI			0					Ingiltere Subat Misir→abdullah-b-huseyin,abdulaziz,abdulaziz-cavis,abdulhamid-ii,abdulmecid,afganistan ; Ingiltere Subat Misir bagimsiz tarafli→ ; Ingiltere Subat Misir bagimsiz→ ; [3] Ingiltere Subat Misir bagimsiz tarafli devlet ilan etti→toplam 0 ; [4] Ingiltere bagimsiz tarafli devlet Subat→toplam 0		28 Subat 1922'de Ingiltere tek tarafli olarak Misir'i bagimsiz devlet ilan etti	alligi devletler.js'e henuz UYGULANMADI (denetim/YAMA-KUNYE-1923-0905.json). Bu yama koşu 5b BITTIKTEN ve kunyeler RENKLENDIKTEN SONRA inecek. NOT: TDV ayrica '
paket_13.js	2456	2456	OLCULEMEDI-SLUG-COZULEMEDI		OLCULEMEDI	ADAYLAR-TUKENDI			0					Ingiltere Subat Misir→abdullah-b-huseyin,abdulaziz,abdulaziz-cavis,abdulhamid-ii,abdulmecid,afganistan ; Ingiltere Subat Misir bagimsiz tarafli→ ; Ingiltere Subat Misir bagimsiz→ ; [3] Ingiltere Subat Misir bagimsiz tarafli devlet ilan etti→toplam 0 ; [4] Ingiltere bagimsiz tarafli devlet Subat→toplam 0		28 Subat 1922'de Ingiltere tek tarafli olarak Misir'i bagimsiz devlet ilan etti	alligi devletler.js'e henuz UYGULANMADI (denetim/YAMA-KUNYE-1923-0905.json). Bu yama koşu 5b BITTIKTEN ve kunyeler RENKLENDIKTEN SONRA inecek. NOT: TDV ayrica '
paket_13.js	2461	2461	OLCULEMEDI-SLUG-COZULEMEDI		OLCULEMEDI	ADAYLAR-TUKENDI			0					Ingiltere Subat Misir→abdullah-b-huseyin,abdulaziz,abdulaziz-cavis,abdulhamid-ii,abdulmecid,afganistan ; Ingiltere Subat Misir bagimsiz tarafli→ ; Ingiltere Subat Misir bagimsiz→ ; [3] Ingiltere Subat Misir bagimsiz tarafli devlet ilan etti→toplam 0 ; [4] Ingiltere bagimsiz tarafli devlet Subat→toplam 0		28 Subat 1922'de Ingiltere tek tarafli olarak Misir'i bagimsiz devlet ilan etti	alligi devletler.js'e henuz UYGULANMADI (denetim/YAMA-KUNYE-1923-0905.json). Bu yama koşu 5b BITTIKTEN ve kunyeler RENKLENDIKTEN SONRA inecek. NOT: TDV ayrica '
paket_13.js	2466	2466	OLCULEMEDI-SLUG-COZULEMEDI		OLCULEMEDI	ADAYLAR-TUKENDI			0					Ingiltere Subat Misir→abdullah-b-huseyin,abdulaziz,abdulaziz-cavis,abdulhamid-ii,abdulmecid,afganistan ; Ingiltere Subat Misir bagimsiz tarafli→ ; Ingiltere Subat Misir bagimsiz→ ; [3] Ingiltere Subat Misir bagimsiz tarafli devlet ilan etti→toplam 0 ; [4] Ingiltere bagimsiz tarafli devlet Subat→toplam 0		28 Subat 1922'de Ingiltere tek tarafli olarak Misir'i bagimsiz devlet ilan etti	alligi devletler.js'e henuz UYGULANMADI (denetim/YAMA-KUNYE-1923-0905.json). Bu yama koşu 5b BITTIKTEN ve kunyeler RENKLENDIKTEN SONRA inecek. NOT: TDV ayrica '
paket_13.js	2473	2473	OLCULEMEDI-SLUG-COZULEMEDI		OLCULEMEDI	ADAYLAR-TUKENDI			0					Ingiltere Subat Misir→abdullah-b-huseyin,abdulaziz,abdulaziz-cavis,abdulhamid-ii,abdulmecid,afganistan ; Ingiltere Subat Misir bagimsiz tarafli→ ; Ingiltere Subat Misir bagimsiz→ ; [3] Ingiltere Subat Misir bagimsiz tarafli devlet ilan etti→toplam 0 ; [4] Ingiltere bagimsiz tarafli devlet Subat→toplam 0		28 Subat 1922'de Ingiltere tek tarafli olarak Misir'i bagimsiz devlet ilan etti	alligi devletler.js'e henuz UYGULANMADI (denetim/YAMA-KUNYE-1923-0905.json). Bu yama koşu 5b BITTIKTEN ve kunyeler RENKLENDIKTEN SONRA inecek. NOT: TDV ayrica '
paket_13.js	2478	2478	OLCULEMEDI-SLUG-COZULEMEDI		OLCULEMEDI	ADAYLAR-TUKENDI			0					Ingiltere Subat Misir→abdullah-b-huseyin,abdulaziz,abdulaziz-cavis,abdulhamid-ii,abdulmecid,afganistan ; Ingiltere Subat Misir bagimsiz tarafli→ ; Ingiltere Subat Misir bagimsiz→ ; [3] Ingiltere Subat Misir bagimsiz tarafli devlet ilan etti→toplam 0 ; [4] Ingiltere bagimsiz tarafli devlet Subat→toplam 0		28 Subat 1922'de Ingiltere tek tarafli olarak Misir'i bagimsiz devlet ilan etti	alligi devletler.js'e henuz UYGULANMADI (denetim/YAMA-KUNYE-1923-0905.json). Bu yama koşu 5b BITTIKTEN ve kunyeler RENKLENDIKTEN SONRA inecek. NOT: TDV ayrica '
paket_13.js	2484	2484	OLCULEMEDI-SLUG-COZULEMEDI		OLCULEMEDI	ADAYLAR-TUKENDI			0					Ingiltere Subat Misir→abdullah-b-huseyin,abdulaziz,abdulaziz-cavis,abdulhamid-ii,abdulmecid,afganistan ; Ingiltere Subat Misir bagimsiz tarafli→ ; Ingiltere Subat Misir bagimsiz→ ; [3] Ingiltere Subat Misir bagimsiz tarafli devlet ilan etti→toplam 0 ; [4] Ingiltere bagimsiz tarafli devlet Subat→toplam 0		28 Subat 1922'de Ingiltere tek tarafli olarak Misir'i bagimsiz devlet ilan etti	alligi devletler.js'e henuz UYGULANMADI (denetim/YAMA-KUNYE-1923-0905.json). Bu yama koşu 5b BITTIKTEN ve kunyeler RENKLENDIKTEN SONRA inecek. NOT: TDV ayrica '
paket_13.js	2490	2490	OLCULEMEDI-SLUG-COZULEMEDI		OLCULEMEDI	ADAYLAR-TUKENDI			0					Ingiltere Subat Misir→abdullah-b-huseyin,abdulaziz,abdulaziz-cavis,abdulhamid-ii,abdulmecid,afganistan ; Ingiltere Subat Misir bagimsiz tarafli→ ; Ingiltere Subat Misir bagimsiz→ ; [3] Ingiltere Subat Misir bagimsiz tarafli devlet ilan etti→toplam 0 ; [4] Ingiltere bagimsiz tarafli devlet Subat→toplam 0		28 Subat 1922'de Ingiltere tek tarafli olarak Misir'i bagimsiz devlet ilan etti	alligi devletler.js'e henuz UYGULANMADI (denetim/YAMA-KUNYE-1923-0905.json). Bu yama koşu 5b BITTIKTEN ve kunyeler RENKLENDIKTEN SONRA inecek. NOT: TDV ayrica '
paket_13.js	2496	2496	OLCULEMEDI-SLUG-COZULEMEDI		OLCULEMEDI	ADAYLAR-TUKENDI			0					Ingiltere Subat Misir→abdullah-b-huseyin,abdulaziz,abdulaziz-cavis,abdulhamid-ii,abdulmecid,afganistan ; Ingiltere Subat Misir bagimsiz tarafli→ ; Ingiltere Subat Misir bagimsiz→ ; [3] Ingiltere Subat Misir bagimsiz tarafli devlet ilan etti→toplam 0 ; [4] Ingiltere bagimsiz tarafli devlet Subat→toplam 0		28 Subat 1922'de Ingiltere tek tarafli olarak Misir'i bagimsiz devlet ilan etti	alligi devletler.js'e henuz UYGULANMADI (denetim/YAMA-KUNYE-1923-0905.json). Bu yama koşu 5b BITTIKTEN ve kunyeler RENKLENDIKTEN SONRA inecek. NOT: TDV ayrica '
paket_13.js	2502	2502	OLCULEMEDI-SLUG-COZULEMEDI		OLCULEMEDI	ADAYLAR-TUKENDI			0					Ingiltere Subat Misir→abdullah-b-huseyin,abdulaziz,abdulaziz-cavis,abdulhamid-ii,abdulmecid,afganistan ; Ingiltere Subat Misir bagimsiz tarafli→ ; Ingiltere Subat Misir bagimsiz→ ; [3] Ingiltere Subat Misir bagimsiz tarafli devlet ilan etti→toplam 0 ; [4] Ingiltere bagimsiz tarafli devlet Subat→toplam 0		28 Subat 1922'de Ingiltere tek tarafli olarak Misir'i bagimsiz devlet ilan etti	alligi devletler.js'e henuz UYGULANMADI (denetim/YAMA-KUNYE-1923-0905.json). Bu yama koşu 5b BITTIKTEN ve kunyeler RENKLENDIKTEN SONRA inecek. NOT: TDV ayrica '
paket_13.js	2507	2507	OLCULEMEDI-SLUG-COZULEMEDI		OLCULEMEDI	ADAYLAR-TUKENDI			0					Ingiltere Subat Misir→abdullah-b-huseyin,abdulaziz,abdulaziz-cavis,abdulhamid-ii,abdulmecid,afganistan ; Ingiltere Subat Misir bagimsiz tarafli→ ; Ingiltere Subat Misir bagimsiz→ ; [3] Ingiltere Subat Misir bagimsiz tarafli devlet ilan etti→toplam 0 ; [4] Ingiltere bagimsiz tarafli devlet Subat→toplam 0		28 Subat 1922'de Ingiltere tek tarafli olarak Misir'i bagimsiz devlet ilan etti	alligi devletler.js'e henuz UYGULANMADI (denetim/YAMA-KUNYE-1923-0905.json). Bu yama koşu 5b BITTIKTEN ve kunyeler RENKLENDIKTEN SONRA inecek. NOT: TDV ayrica '
paket_13.js	2512	2512	OLCULEMEDI-SLUG-COZULEMEDI		OLCULEMEDI	ADAYLAR-TUKENDI			0					Ingiltere Subat Misir→abdullah-b-huseyin,abdulaziz,abdulaziz-cavis,abdulhamid-ii,abdulmecid,afganistan ; Ingiltere Subat Misir bagimsiz tarafli→ ; Ingiltere Subat Misir bagimsiz→ ; [3] Ingiltere Subat Misir bagimsiz tarafli devlet ilan etti→toplam 0 ; [4] Ingiltere bagimsiz tarafli devlet Subat→toplam 0		28 Subat 1922'de Ingiltere tek tarafli olarak Misir'i bagimsiz devlet ilan etti	alligi devletler.js'e henuz UYGULANMADI (denetim/YAMA-KUNYE-1923-0905.json). Bu yama koşu 5b BITTIKTEN ve kunyeler RENKLENDIKTEN SONRA inecek. NOT: TDV ayrica '
paket_13.js	2519	2519	OLCULEMEDI-SLUG-COZULEMEDI		OLCULEMEDI	ADAYLAR-TUKENDI			0					Ingiltere Subat Misir→abdullah-b-huseyin,abdulaziz,abdulaziz-cavis,abdulhamid-ii,abdulmecid,afganistan ; Ingiltere Subat Misir bagimsiz tarafli→ ; Ingiltere Subat Misir bagimsiz→ ; [3] Ingiltere Subat Misir bagimsiz tarafli devlet ilan etti→toplam 0 ; [4] Ingiltere bagimsiz tarafli devlet Subat→toplam 0		28 Subat 1922'de Ingiltere tek tarafli olarak Misir'i bagimsiz devlet ilan etti	alligi devletler.js'e henuz UYGULANMADI (denetim/YAMA-KUNYE-1923-0905.json). Bu yama koşu 5b BITTIKTEN ve kunyeler RENKLENDIKTEN SONRA inecek. NOT: TDV ayrica '
paket_13.js	2524	2524	OLCULEMEDI-SLUG-COZULEMEDI		OLCULEMEDI	ADAYLAR-TUKENDI			0					Ingiltere Subat Misir→abdullah-b-huseyin,abdulaziz,abdulaziz-cavis,abdulhamid-ii,abdulmecid,afganistan ; Ingiltere Subat Misir bagimsiz tarafli→ ; Ingiltere Subat Misir bagimsiz→ ; [3] Ingiltere Subat Misir bagimsiz tarafli devlet ilan etti→toplam 0 ; [4] Ingiltere bagimsiz tarafli devlet Subat→toplam 0		28 Subat 1922'de Ingiltere tek tarafli olarak Misir'i bagimsiz devlet ilan etti	alligi devletler.js'e henuz UYGULANMADI (denetim/YAMA-KUNYE-1923-0905.json). Bu yama koşu 5b BITTIKTEN ve kunyeler RENKLENDIKTEN SONRA inecek. NOT: TDV ayrica '
paket_13.js	2530	2530	OLCULEMEDI-SLUG-COZULEMEDI		OLCULEMEDI	ADAYLAR-TUKENDI			0					Ingiltere Subat Misir→abdullah-b-huseyin,abdulaziz,abdulaziz-cavis,abdulhamid-ii,abdulmecid,afganistan ; Ingiltere Subat Misir bagimsiz tarafli→ ; Ingiltere Subat Misir bagimsiz→ ; [3] Ingiltere Subat Misir bagimsiz tarafli devlet ilan etti→toplam 0 ; [4] Ingiltere bagimsiz tarafli devlet Subat→toplam 0		28 Subat 1922'de Ingiltere tek tarafli olarak Misir'i bagimsiz devlet ilan etti	alligi devletler.js'e henuz UYGULANMADI (denetim/YAMA-KUNYE-1923-0905.json). Bu yama koşu 5b BITTIKTEN ve kunyeler RENKLENDIKTEN SONRA inecek. NOT: TDV ayrica '
paket_13.js	2536	2536	OLCULEMEDI-SLUG-COZULEMEDI		OLCULEMEDI	ADAYLAR-TUKENDI			0					Ingiltere Subat Misir→abdullah-b-huseyin,abdulaziz,abdulaziz-cavis,abdulhamid-ii,abdulmecid,afganistan ; Ingiltere Subat Misir bagimsiz tarafli→ ; Ingiltere Subat Misir bagimsiz→ ; [3] Ingiltere Subat Misir bagimsiz tarafli devlet ilan etti→toplam 0 ; [4] Ingiltere bagimsiz tarafli devlet Subat→toplam 0		28 Subat 1922'de Ingiltere tek tarafli olarak Misir'i bagimsiz devlet ilan etti	alligi devletler.js'e henuz UYGULANMADI (denetim/YAMA-KUNYE-1923-0905.json). Bu yama koşu 5b BITTIKTEN ve kunyeler RENKLENDIKTEN SONRA inecek. NOT: TDV ayrica '
paket_13.js	2544	2544	OLCULEMEDI-SLUG-COZULEMEDI		OLCULEMEDI	ADAYLAR-TUKENDI			0					Ingiltere Subat Misir→abdullah-b-huseyin,abdulaziz,abdulaziz-cavis,abdulhamid-ii,abdulmecid,afganistan ; Ingiltere Subat Misir bagimsiz tarafli→ ; Ingiltere Subat Misir bagimsiz→ ; [3] Ingiltere Subat Misir bagimsiz tarafli devlet ilan etti→toplam 0 ; [4] Ingiltere bagimsiz tarafli devlet Subat→toplam 0		28 Subat 1922'de Ingiltere tek tarafli olarak Misir'i bagimsiz devlet ilan etti	alligi devletler.js'e henuz UYGULANMADI (denetim/YAMA-KUNYE-1923-0905.json). Bu yama koşu 5b BITTIKTEN ve kunyeler RENKLENDIKTEN SONRA inecek. NOT: TDV ayrica '
paket_13.js	2549	2549	OLCULEMEDI-SLUG-COZULEMEDI		OLCULEMEDI	ADAYLAR-TUKENDI			0					Ingiltere Subat Misir→abdullah-b-huseyin,abdulaziz,abdulaziz-cavis,abdulhamid-ii,abdulmecid,afganistan ; Ingiltere Subat Misir bagimsiz tarafli→ ; Ingiltere Subat Misir bagimsiz→ ; [3] Ingiltere Subat Misir bagimsiz tarafli devlet ilan etti→toplam 0 ; [4] Ingiltere bagimsiz tarafli devlet Subat→toplam 0		28 Subat 1922'de Ingiltere tek tarafli olarak Misir'i bagimsiz devlet ilan etti	alligi devletler.js'e henuz UYGULANMADI (denetim/YAMA-KUNYE-1923-0905.json). Bu yama koşu 5b BITTIKTEN ve kunyeler RENKLENDIKTEN SONRA inecek. NOT: TDV ayrica '
paket_13.js	2556	2556	OLCULEMEDI-SLUG-COZULEMEDI		OLCULEMEDI	ADAYLAR-TUKENDI			0					Ingiltere Subat Misir→abdullah-b-huseyin,abdulaziz,abdulaziz-cavis,abdulhamid-ii,abdulmecid,afganistan ; Ingiltere Subat Misir bagimsiz tarafli→ ; Ingiltere Subat Misir bagimsiz→ ; [3] Ingiltere Subat Misir bagimsiz tarafli devlet ilan etti→toplam 0 ; [4] Ingiltere bagimsiz tarafli devlet Subat→toplam 0		28 Subat 1922'de Ingiltere tek tarafli olarak Misir'i bagimsiz devlet ilan etti	alligi devletler.js'e henuz UYGULANMADI (denetim/YAMA-KUNYE-1923-0905.json). Bu yama koşu 5b BITTIKTEN ve kunyeler RENKLENDIKTEN SONRA inecek. NOT: TDV ayrica '
paket_13.js	2561	2561	OLCULEMEDI-SLUG-COZULEMEDI		OLCULEMEDI	ADAYLAR-TUKENDI			0					Ingiltere Subat Misir→abdullah-b-huseyin,abdulaziz,abdulaziz-cavis,abdulhamid-ii,abdulmecid,afganistan ; Ingiltere Subat Misir bagimsiz tarafli→ ; Ingiltere Subat Misir bagimsiz→ ; [3] Ingiltere Subat Misir bagimsiz tarafli devlet ilan etti→toplam 0 ; [4] Ingiltere bagimsiz tarafli devlet Subat→toplam 0		28 Subat 1922'de Ingiltere tek tarafli olarak Misir'i bagimsiz devlet ilan etti	alligi devletler.js'e henuz UYGULANMADI (denetim/YAMA-KUNYE-1923-0905.json). Bu yama koşu 5b BITTIKTEN ve kunyeler RENKLENDIKTEN SONRA inecek. NOT: TDV ayrica '
paket_13.js	2568	2568	OLCULEMEDI-SLUG-COZULEMEDI		OLCULEMEDI	ADAYLAR-TUKENDI			0					Ingiltere Subat Misir→abdullah-b-huseyin,abdulaziz,abdulaziz-cavis,abdulhamid-ii,abdulmecid,afganistan ; Ingiltere Subat Misir bagimsiz tarafli→ ; Ingiltere Subat Misir bagimsiz→ ; [3] Ingiltere Subat Misir bagimsiz tarafli devlet ilan etti→toplam 0 ; [4] Ingiltere bagimsiz tarafli devlet Subat→toplam 0		28 Subat 1922'de Ingiltere tek tarafli olarak Misir'i bagimsiz devlet ilan etti	alligi devletler.js'e henuz UYGULANMADI (denetim/YAMA-KUNYE-1923-0905.json). Bu yama koşu 5b BITTIKTEN ve kunyeler RENKLENDIKTEN SONRA inecek. NOT: TDV ayrica '
paket_13.js	2574	2574	OLCULEMEDI-SLUG-COZULEMEDI		OLCULEMEDI	ADAYLAR-TUKENDI			0					Ingiltere Subat Misir→abdullah-b-huseyin,abdulaziz,abdulaziz-cavis,abdulhamid-ii,abdulmecid,afganistan ; Ingiltere Subat Misir bagimsiz tarafli→ ; Ingiltere Subat Misir bagimsiz→ ; [3] Ingiltere Subat Misir bagimsiz tarafli devlet ilan etti→toplam 0 ; [4] Ingiltere bagimsiz tarafli devlet Subat→toplam 0		28 Subat 1922'de Ingiltere tek tarafli olarak Misir'i bagimsiz devlet ilan etti	alligi devletler.js'e henuz UYGULANMADI (denetim/YAMA-KUNYE-1923-0905.json). Bu yama koşu 5b BITTIKTEN ve kunyeler RENKLENDIKTEN SONRA inecek. NOT: TDV ayrica '
paket_13.js	2586	2586	OLCULEMEDI-SLUG-COZULEMEDI		OLCULEMEDI	ADAYLAR-TUKENDI			0					Ingiltere Subat Misir→abdullah-b-huseyin,abdulaziz,abdulaziz-cavis,abdulhamid-ii,abdulmecid,afganistan ; Ingiltere Subat Misir bagimsiz tarafli→ ; Ingiltere Subat Misir bagimsiz→ ; [3] Ingiltere Subat Misir bagimsiz tarafli devlet ilan etti→toplam 0 ; [4] Ingiltere bagimsiz tarafli devlet Subat→toplam 0		28 Subat 1922'de Ingiltere tek tarafli olarak Misir'i bagimsiz devlet ilan etti	alligi devletler.js'e henuz UYGULANMADI (denetim/YAMA-KUNYE-1923-0905.json). Bu yama koşu 5b BITTIKTEN ve kunyeler RENKLENDIKTEN SONRA inecek. NOT: TDV ayrica '
paket_13.js	2591	2591	OLCULEMEDI-SLUG-COZULEMEDI		OLCULEMEDI	ADAYLAR-TUKENDI			0					Ingiltere Subat Misir→abdullah-b-huseyin,abdulaziz,abdulaziz-cavis,abdulhamid-ii,abdulmecid,afganistan ; Ingiltere Subat Misir bagimsiz tarafli→ ; Ingiltere Subat Misir bagimsiz→ ; [3] Ingiltere Subat Misir bagimsiz tarafli devlet ilan etti→toplam 0 ; [4] Ingiltere bagimsiz tarafli devlet Subat→toplam 0		28 Subat 1922'de Ingiltere tek tarafli olarak Misir'i bagimsiz devlet ilan etti	alligi devletler.js'e henuz UYGULANMADI (denetim/YAMA-KUNYE-1923-0905.json). Bu yama koşu 5b BITTIKTEN ve kunyeler RENKLENDIKTEN SONRA inecek. NOT: TDV ayrica '
paket_13.js	2598	2598	OLCULEMEDI-SLUG-COZULEMEDI		OLCULEMEDI	ADAYLAR-TUKENDI			0					Ingiltere Subat Misir→abdullah-b-huseyin,abdulaziz,abdulaziz-cavis,abdulhamid-ii,abdulmecid,afganistan ; Ingiltere Subat Misir bagimsiz tarafli→ ; Ingiltere Subat Misir bagimsiz→ ; [3] Ingiltere Subat Misir bagimsiz tarafli devlet ilan etti→toplam 0 ; [4] Ingiltere bagimsiz tarafli devlet Subat→toplam 0		28 Subat 1922'de Ingiltere tek tarafli olarak Misir'i bagimsiz devlet ilan etti	alligi devletler.js'e henuz UYGULANMADI (denetim/YAMA-KUNYE-1923-0905.json). Bu yama koşu 5b BITTIKTEN ve kunyeler RENKLENDIKTEN SONRA inecek. NOT: TDV ayrica '
paket_13.js	2603	2603	OLCULEMEDI-SLUG-COZULEMEDI		OLCULEMEDI	ADAYLAR-TUKENDI			0					Ingiltere Subat Misir→abdullah-b-huseyin,abdulaziz,abdulaziz-cavis,abdulhamid-ii,abdulmecid,afganistan ; Ingiltere Subat Misir bagimsiz tarafli→ ; Ingiltere Subat Misir bagimsiz→ ; [3] Ingiltere Subat Misir bagimsiz tarafli devlet ilan etti→toplam 0 ; [4] Ingiltere bagimsiz tarafli devlet Subat→toplam 0		28 Subat 1922'de Ingiltere tek tarafli olarak Misir'i bagimsiz devlet ilan etti	alligi devletler.js'e henuz UYGULANMADI (denetim/YAMA-KUNYE-1923-0905.json). Bu yama koşu 5b BITTIKTEN ve kunyeler RENKLENDIKTEN SONRA inecek. NOT: TDV ayrica '
paket_13.js	2608	2608	OLCULEMEDI-SLUG-COZULEMEDI		OLCULEMEDI	ADAYLAR-TUKENDI			0					Ingiltere Subat Misir→abdullah-b-huseyin,abdulaziz,abdulaziz-cavis,abdulhamid-ii,abdulmecid,afganistan ; Ingiltere Subat Misir bagimsiz tarafli→ ; Ingiltere Subat Misir bagimsiz→ ; [3] Ingiltere Subat Misir bagimsiz tarafli devlet ilan etti→toplam 0 ; [4] Ingiltere bagimsiz tarafli devlet Subat→toplam 0		28 Subat 1922'de Ingiltere tek tarafli olarak Misir'i bagimsiz devlet ilan etti	alligi devletler.js'e henuz UYGULANMADI (denetim/YAMA-KUNYE-1923-0905.json). Bu yama koşu 5b BITTIKTEN ve kunyeler RENKLENDIKTEN SONRA inecek. NOT: TDV ayrica '
paket_13.js	2613	2613	OLCULEMEDI-SLUG-COZULEMEDI		OLCULEMEDI	ADAYLAR-TUKENDI			0					Ingiltere Subat Misir→abdullah-b-huseyin,abdulaziz,abdulaziz-cavis,abdulhamid-ii,abdulmecid,afganistan ; Ingiltere Subat Misir bagimsiz tarafli→ ; Ingiltere Subat Misir bagimsiz→ ; [3] Ingiltere Subat Misir bagimsiz tarafli devlet ilan etti→toplam 0 ; [4] Ingiltere bagimsiz tarafli devlet Subat→toplam 0		28 Subat 1922'de Ingiltere tek tarafli olarak Misir'i bagimsiz devlet ilan etti	alligi devletler.js'e henuz UYGULANMADI (denetim/YAMA-KUNYE-1923-0905.json). Bu yama koşu 5b BITTIKTEN ve kunyeler RENKLENDIKTEN SONRA inecek. NOT: TDV ayrica '
paket_13.js	2618	2618	OLCULEMEDI-SLUG-COZULEMEDI		OLCULEMEDI	ADAYLAR-TUKENDI			0					Ingiltere Subat Misir→abdullah-b-huseyin,abdulaziz,abdulaziz-cavis,abdulhamid-ii,abdulmecid,afganistan ; Ingiltere Subat Misir bagimsiz tarafli→ ; Ingiltere Subat Misir bagimsiz→ ; [3] Ingiltere Subat Misir bagimsiz tarafli devlet ilan etti→toplam 0 ; [4] Ingiltere bagimsiz tarafli devlet Subat→toplam 0		28 Subat 1922'de Ingiltere tek tarafli olarak Misir'i bagimsiz devlet ilan etti	alligi devletler.js'e henuz UYGULANMADI (denetim/YAMA-KUNYE-1923-0905.json). Bu yama koşu 5b BITTIKTEN ve kunyeler RENKLENDIKTEN SONRA inecek. NOT: TDV ayrica '
paket_13.js	2623	2623	OLCULEMEDI-SLUG-COZULEMEDI		OLCULEMEDI	ADAYLAR-TUKENDI			0					Ingiltere Subat Misir→abdullah-b-huseyin,abdulaziz,abdulaziz-cavis,abdulhamid-ii,abdulmecid,afganistan ; Ingiltere Subat Misir bagimsiz tarafli→ ; Ingiltere Subat Misir bagimsiz→ ; [3] Ingiltere Subat Misir bagimsiz tarafli devlet ilan etti→toplam 0 ; [4] Ingiltere bagimsiz tarafli devlet Subat→toplam 0		28 Subat 1922'de Ingiltere tek tarafli olarak Misir'i bagimsiz devlet ilan etti	alligi devletler.js'e henuz UYGULANMADI (denetim/YAMA-KUNYE-1923-0905.json). Bu yama koşu 5b BITTIKTEN ve kunyeler RENKLENDIKTEN SONRA inecek. NOT: TDV ayrica '
paket_13.js	2628	2628	OLCULEMEDI-SLUG-COZULEMEDI		OLCULEMEDI	ADAYLAR-TUKENDI			0					Ingiltere Subat Misir→abdullah-b-huseyin,abdulaziz,abdulaziz-cavis,abdulhamid-ii,abdulmecid,afganistan ; Ingiltere Subat Misir bagimsiz tarafli→ ; Ingiltere Subat Misir bagimsiz→ ; [3] Ingiltere Subat Misir bagimsiz tarafli devlet ilan etti→toplam 0 ; [4] Ingiltere bagimsiz tarafli devlet Subat→toplam 0		28 Subat 1922'de Ingiltere tek tarafli olarak Misir'i bagimsiz devlet ilan etti	alligi devletler.js'e henuz UYGULANMADI (denetim/YAMA-KUNYE-1923-0905.json). Bu yama koşu 5b BITTIKTEN ve kunyeler RENKLENDIKTEN SONRA inecek. NOT: TDV ayrica '
paket_13.js	2634	2634	OLCULEMEDI-SLUG-COZULEMEDI		OLCULEMEDI	ADAYLAR-TUKENDI			0					Ingiltere Subat Misir→abdullah-b-huseyin,abdulaziz,abdulaziz-cavis,abdulhamid-ii,abdulmecid,afganistan ; Ingiltere Subat Misir bagimsiz tarafli→ ; Ingiltere Subat Misir bagimsiz→ ; [3] Ingiltere Subat Misir bagimsiz tarafli devlet ilan etti→toplam 0 ; [4] Ingiltere bagimsiz tarafli devlet Subat→toplam 0		28 Subat 1922'de Ingiltere tek tarafli olarak Misir'i bagimsiz devlet ilan etti	alligi devletler.js'e henuz UYGULANMADI (denetim/YAMA-KUNYE-1923-0905.json). Bu yama koşu 5b BITTIKTEN ve kunyeler RENKLENDIKTEN SONRA inecek. NOT: TDV ayrica '
paket_13.js	2639	2639	OLCULEMEDI-SLUG-COZULEMEDI		OLCULEMEDI	ADAYLAR-TUKENDI			0					Ingiltere Subat Misir→abdullah-b-huseyin,abdulaziz,abdulaziz-cavis,abdulhamid-ii,abdulmecid,afganistan ; Ingiltere Subat Misir bagimsiz tarafli→ ; Ingiltere Subat Misir bagimsiz→ ; [3] Ingiltere Subat Misir bagimsiz tarafli devlet ilan etti→toplam 0 ; [4] Ingiltere bagimsiz tarafli devlet Subat→toplam 0		28 Subat 1922'de Ingiltere tek tarafli olarak Misir'i bagimsiz devlet ilan etti	alligi devletler.js'e henuz UYGULANMADI (denetim/YAMA-KUNYE-1923-0905.json). Bu yama koşu 5b BITTIKTEN ve kunyeler RENKLENDIKTEN SONRA inecek. NOT: TDV ayrica '
paket_13.js	2645	2645	OLCULEMEDI-SLUG-COZULEMEDI		OLCULEMEDI	ADAYLAR-TUKENDI			0					Ingiltere Subat Misir→abdullah-b-huseyin,abdulaziz,abdulaziz-cavis,abdulhamid-ii,abdulmecid,afganistan ; Ingiltere Subat Misir bagimsiz tarafli→ ; Ingiltere Subat Misir bagimsiz→ ; [3] Ingiltere Subat Misir bagimsiz tarafli devlet ilan etti→toplam 0 ; [4] Ingiltere bagimsiz tarafli devlet Subat→toplam 0		28 Subat 1922'de Ingiltere tek tarafli olarak Misir'i bagimsiz devlet ilan etti	alligi devletler.js'e henuz UYGULANMADI (denetim/YAMA-KUNYE-1923-0905.json). Bu yama koşu 5b BITTIKTEN ve kunyeler RENKLENDIKTEN SONRA inecek. NOT: TDV ayrica '
paket_13.js	2650	2650	OLCULEMEDI-SLUG-COZULEMEDI		OLCULEMEDI	ADAYLAR-TUKENDI			0					Ingiltere Subat Misir→abdullah-b-huseyin,abdulaziz,abdulaziz-cavis,abdulhamid-ii,abdulmecid,afganistan ; Ingiltere Subat Misir bagimsiz tarafli→ ; Ingiltere Subat Misir bagimsiz→ ; [3] Ingiltere Subat Misir bagimsiz tarafli devlet ilan etti→toplam 0 ; [4] Ingiltere bagimsiz tarafli devlet Subat→toplam 0		28 Subat 1922'de Ingiltere tek tarafli olarak Misir'i bagimsiz devlet ilan etti	alligi devletler.js'e henuz UYGULANMADI (denetim/YAMA-KUNYE-1923-0905.json). Bu yama koşu 5b BITTIKTEN ve kunyeler RENKLENDIKTEN SONRA inecek. NOT: TDV ayrica '
paket_13.js	2655	2655	OLCULEMEDI-SLUG-COZULEMEDI		OLCULEMEDI	ADAYLAR-TUKENDI			0					Ingiltere Subat Misir→abdullah-b-huseyin,abdulaziz,abdulaziz-cavis,abdulhamid-ii,abdulmecid,afganistan ; Ingiltere Subat Misir bagimsiz tarafli→ ; Ingiltere Subat Misir bagimsiz→ ; [3] Ingiltere Subat Misir bagimsiz tarafli devlet ilan etti→toplam 0 ; [4] Ingiltere bagimsiz tarafli devlet Subat→toplam 0		28 Subat 1922'de Ingiltere tek tarafli olarak Misir'i bagimsiz devlet ilan etti	alligi devletler.js'e henuz UYGULANMADI (denetim/YAMA-KUNYE-1923-0905.json). Bu yama koşu 5b BITTIKTEN ve kunyeler RENKLENDIKTEN SONRA inecek. NOT: TDV ayrica '
paket_13.js	2660	2660	OLCULEMEDI-SLUG-COZULEMEDI		OLCULEMEDI	ADAYLAR-TUKENDI			0					Ingiltere Subat Misir→abdullah-b-huseyin,abdulaziz,abdulaziz-cavis,abdulhamid-ii,abdulmecid,afganistan ; Ingiltere Subat Misir bagimsiz tarafli→ ; Ingiltere Subat Misir bagimsiz→ ; [3] Ingiltere Subat Misir bagimsiz tarafli devlet ilan etti→toplam 0 ; [4] Ingiltere bagimsiz tarafli devlet Subat→toplam 0		28 Subat 1922'de Ingiltere tek tarafli olarak Misir'i bagimsiz devlet ilan etti	alligi devletler.js'e henuz UYGULANMADI (denetim/YAMA-KUNYE-1923-0905.json). Bu yama koşu 5b BITTIKTEN ve kunyeler RENKLENDIKTEN SONRA inecek. NOT: TDV ayrica '
paket_13.js	2665	2665	OLCULEMEDI-SLUG-COZULEMEDI		OLCULEMEDI	ADAYLAR-TUKENDI			0					Ingiltere Subat Misir→abdullah-b-huseyin,abdulaziz,abdulaziz-cavis,abdulhamid-ii,abdulmecid,afganistan ; Ingiltere Subat Misir bagimsiz tarafli→ ; Ingiltere Subat Misir bagimsiz→ ; [3] Ingiltere Subat Misir bagimsiz tarafli devlet ilan etti→toplam 0 ; [4] Ingiltere bagimsiz tarafli devlet Subat→toplam 0		28 Subat 1922'de Ingiltere tek tarafli olarak Misir'i bagimsiz devlet ilan etti	alligi devletler.js'e henuz UYGULANMADI (denetim/YAMA-KUNYE-1923-0905.json). Bu yama koşu 5b BITTIKTEN ve kunyeler RENKLENDIKTEN SONRA inecek. NOT: TDV ayrica '
paket_13.js	2670	2670	OLCULEMEDI-SLUG-COZULEMEDI		OLCULEMEDI	ADAYLAR-TUKENDI			0					Ingiltere Subat Misir→abdullah-b-huseyin,abdulaziz,abdulaziz-cavis,abdulhamid-ii,abdulmecid,afganistan ; Ingiltere Subat Misir bagimsiz tarafli→ ; Ingiltere Subat Misir bagimsiz→ ; [3] Ingiltere Subat Misir bagimsiz tarafli devlet ilan etti→toplam 0 ; [4] Ingiltere bagimsiz tarafli devlet Subat→toplam 0		28 Subat 1922'de Ingiltere tek tarafli olarak Misir'i bagimsiz devlet ilan etti	alligi devletler.js'e henuz UYGULANMADI (denetim/YAMA-KUNYE-1923-0905.json). Bu yama koşu 5b BITTIKTEN ve kunyeler RENKLENDIKTEN SONRA inecek. NOT: TDV ayrica '
paket_13.js	2694	2694	OLCULEMEDI-SLUG-COZULEMEDI		OLCULEMEDI	ADAYLAR-TUKENDI			0					Ingiltere Subat Misir→abdullah-b-huseyin,abdulaziz,abdulaziz-cavis,abdulhamid-ii,abdulmecid,afganistan ; Ingiltere Subat Misir bagimsiz tarafli→ ; Ingiltere Subat Misir bagimsiz→ ; [3] Ingiltere Subat Misir bagimsiz tarafli devlet ilan etti→toplam 0 ; [4] Ingiltere bagimsiz tarafli devlet Subat→toplam 0		28 Subat 1922'de Ingiltere tek tarafli olarak Misir'i bagimsiz devlet ilan etti	alligi devletler.js'e henuz UYGULANMADI (denetim/YAMA-KUNYE-1923-0905.json). Bu yama koşu 5b BITTIKTEN ve kunyeler RENKLENDIKTEN SONRA inecek. NOT: TDV ayrica '
paket_13.js	2710	2710	OLCULEMEDI-SLUG-COZULEMEDI		OLCULEMEDI	ADAYLAR-TUKENDI			0					Ingiltere Subat Misir→abdullah-b-huseyin,abdulaziz,abdulaziz-cavis,abdulhamid-ii,abdulmecid,afganistan ; Ingiltere Subat Misir bagimsiz tarafli→ ; Ingiltere Subat Misir bagimsiz→ ; [3] Ingiltere Subat Misir bagimsiz tarafli devlet ilan etti→toplam 0 ; [4] Ingiltere bagimsiz tarafli devlet Subat→toplam 0		28 Subat 1922'de Ingiltere tek tarafli olarak Misir'i bagimsiz devlet ilan etti	alligi devletler.js'e henuz UYGULANMADI (denetim/YAMA-KUNYE-1923-0905.json). Bu yama koşu 5b BITTIKTEN ve kunyeler RENKLENDIKTEN SONRA inecek. NOT: TDV ayrica '
paket_13.js	3466	3466	OLCULEMEDI-SLUG-COZULEMEDI		OLCULEMEDI	ADAYLAR-TUKENDI			0					Ingiltere Subat Misir→abdullah-b-huseyin,abdulaziz,abdulaziz-cavis,abdulhamid-ii,abdulmecid,afganistan ; Ingiltere Subat Misir bagimsiz tarafli→ ; Ingiltere Subat Misir bagimsiz→ ; [3] Ingiltere Subat Misir bagimsiz tarafli devlet ilan etti→toplam 0 ; [4] Ingiltere bagimsiz tarafli devlet Subat→toplam 0		28 Subat 1922'de Ingiltere tek tarafli olarak Misir'i bagimsiz devlet ilan etti	alligi devletler.js'e henuz UYGULANMADI (denetim/YAMA-KUNYE-1923-0905.json). Bu yama koşu 5b BITTIKTEN ve kunyeler RENKLENDIKTEN SONRA inecek. NOT: TDV ayrica '
paket_13.js	3470	3470	OLCULEMEDI-SLUG-COZULEMEDI		OLCULEMEDI	ADAYLAR-TUKENDI			0					Ingiltere Subat Misir→abdullah-b-huseyin,abdulaziz,abdulaziz-cavis,abdulhamid-ii,abdulmecid,afganistan ; Ingiltere Subat Misir bagimsiz tarafli→ ; Ingiltere Subat Misir bagimsiz→ ; [3] Ingiltere Subat Misir bagimsiz tarafli devlet ilan etti→toplam 0 ; [4] Ingiltere bagimsiz tarafli devlet Subat→toplam 0		28 Subat 1922'de Ingiltere tek tarafli olarak Misir'i bagimsiz devlet ilan etti	alligi devletler.js'e henuz UYGULANMADI (denetim/YAMA-KUNYE-1923-0905.json). Bu yama koşu 5b BITTIKTEN ve kunyeler RENKLENDIKTEN SONRA inecek. NOT: TDV ayrica '
paket_13.js	3474	3474	OLCULEMEDI-SLUG-COZULEMEDI		OLCULEMEDI	ADAYLAR-TUKENDI			0					Ingiltere Subat Misir→abdullah-b-huseyin,abdulaziz,abdulaziz-cavis,abdulhamid-ii,abdulmecid,afganistan ; Ingiltere Subat Misir bagimsiz tarafli→ ; Ingiltere Subat Misir bagimsiz→ ; [3] Ingiltere Subat Misir bagimsiz tarafli devlet ilan etti→toplam 0 ; [4] Ingiltere bagimsiz tarafli devlet Subat→toplam 0		28 Subat 1922'de Ingiltere tek tarafli olarak Misir'i bagimsiz devlet ilan etti	alligi devletler.js'e henuz UYGULANMADI (denetim/YAMA-KUNYE-1923-0905.json). Bu yama koşu 5b BITTIKTEN ve kunyeler RENKLENDIKTEN SONRA inecek. NOT: TDV ayrica '
paket_13.js	3478	3478	OLCULEMEDI-SLUG-COZULEMEDI		OLCULEMEDI	ADAYLAR-TUKENDI			0					Ingiltere Subat Misir→abdullah-b-huseyin,abdulaziz,abdulaziz-cavis,abdulhamid-ii,abdulmecid,afganistan ; Ingiltere Subat Misir bagimsiz tarafli→ ; Ingiltere Subat Misir bagimsiz→ ; [3] Ingiltere Subat Misir bagimsiz tarafli devlet ilan etti→toplam 0 ; [4] Ingiltere bagimsiz tarafli devlet Subat→toplam 0		28 Subat 1922'de Ingiltere tek tarafli olarak Misir'i bagimsiz devlet ilan etti	alligi devletler.js'e henuz UYGULANMADI (denetim/YAMA-KUNYE-1923-0905.json). Bu yama koşu 5b BITTIKTEN ve kunyeler RENKLENDIKTEN SONRA inecek. NOT: TDV ayrica '
paket_14.js	874	873	OLCULEMEDI-SLUG-COZULEMEDI		OLCULEMEDI	ADAYLAR-TUKENDI			0					yerleşim geçtiği resmî→afrika,amasya,anadolu,ankara,arap,asya ; yerleşim geçtiği resmî kayda tarih→arap,cami,cisr-i-mustafa-pasa--kopru,giresun,isparta,ibnul-arabi-muhyiddin ; [4] yerleşim geçtiği resmî kayda tarih→toplam 23		yerleşim olarak resmî kayda geçtiği tarih	в 1860 году русскими охотниками-промысловиками» (değişik kaynaklara göre 1786 ya da 1860'ta Rus avcı-tuzakçılar tarafından kuruldu), VE sayfa 1860'ı AYRIYETEN «
paket_16.js	191	190	OLCULEMEDI-SLUG-COZULEMEDI		OLCULEMEDI	ADAYLAR-TUKENDI			0					Muhammere Abadan karşısındaki→iran ; Muhammere Abadan karşısındaki limanı adası→ ; Muhammere Abadan karşısındaki limanı→ ; [4] karşısındaki Muhammere limanı Abadan adası→toplam 0		Muhammere limanı ve karşısındaki Abadan adası dâhil	"      kaynak: ""TDV/envanter: '"
paket_23.js	294	292	OLCULEMEDI-SLUG-COZULEMEDI		OLCULEMEDI	ADAYLAR-TUKENDI			0					sırasında savunmada sonradan→anayasa,bu-said-hanedani,din,haclilar,islah,ibn-haldun ; sırasında savunmada sonradan olanlar teslim→din,haclilar,islah,ibn-haldun,istanbul,kibris ; [4] sırasında savunmada sonradan olanlar teslim→toplam 7		fetih sırasında savunmada kalan ve sonradan teslim olanlar	 için DEVRALINDI ve kaynaksız oldukları burada BİLDİRİLİR. 🔴 1281-1350 trabzon-rum bir ÇIKARIMDIR: TDV kalenin fetihten önce Rum savunmasında olduğunu söyler ('
paket_23.js	815	815	OLCULEMEDI-SLUG-COZULEMEDI		OLCULEMEDI	ADAYLAR-TUKENDI			0					Tâif doğusundaki vahası→abdulaziz-b-suud ; Tâif doğusundaki vahası hurma→abdulaziz-b-suud ; [4] doğusundaki vahası hurma Tâif→toplam 1	ingilizce	Tâif'in doğusundaki hurma vahası	I/1055, 1080-86). Lorimer'in garnizon listesinde (Bîşe, Rânye, Türabe) Hurma YOK; 1815-01-13→1818-09-09 BOŞ bırakıldı. 1919-05-26: TDV'ye göre Şerif'e verilen '
paket_30.js	96	91	OLCULEMEDI-SLUG-COZULEMEDI		OLCULEMEDI	ADAYLAR-TUKENDI			0					Isparta Hamîd katılışı→ ; Isparta Hamîd→abdulkadir-hamidi-celebi,anadolu,anadolu-beylikleri,antalya,ayasbeyoglu-nevzat,bedesten ; Isparta Hamîd katılışı alınışı ilinin→ ; Isparta Hamîd katılışı alınışı→ ; [3] Isparta Hamîd katılışı alınışı ilinin satın→toplam 0 ; [4] katılışı alınışı Isparta ilinin Hamîd→toplam 0		Hamîd ilinin satın alınışı: Isparta'nın katılışı	e 1381-82'deki satışta Osmanlı'ya geçen yerler Akşehir, Beyşehir, Seydişehir, Yalvaç ve Karaağaç'tır — ISPARTA DEĞİL. Çekirdek madde (olaylar_ek.js 1381-06-01 '
yer_yama.js	440	440	OLCULEMEDI-SLUG-COZULEMEDI		OLCULEMEDI	ADAYLAR-TUKENDI			0					Osmanlı Yemen İmamı→ali-evladi,anayasa,arabistan,biat,caliye,cami ; Osmanlı Yemen İmamı Ahmed Hasan→ali-evladi,anayasa,arabistan,biat,cami,destan ; [3] Osmanlı Yemen İmamı Ahmed Hasan muhaliflerine yönettiğini belirtmesi→toplam 1 ; [4] muhaliflerine yönettiğini belirtmesi çekicidir Osmanlı→toplam 1		Yemen İmamı Ahmed b. Hasan'ın 1092'de (1681) muhaliflerine karşı Yemen'i Osmanlı sultanı adına yönettiğini belirtmesi dikkat çekicidir	"  { dosya:""kronoloji_arabistan.js"", t:""1681-01-01"", b:""Ahmed b. Hasan'ın nominal Osmanlı bağı iddiası"", kapsam_genis:true, not:""TDV: '"
yer_yama.js	531	531	OLCULEMEDI-SLUG-COZULEMEDI		OLCULEMEDI	ADAYLAR-TUKENDI			0					Şâban Şubat Otrar→iran,timur,turk ; Şâban Şubat Otrar hastalanarak→timur ; [4] hastalanarak Şâban Şubat Otrar→toplam 1		17 Şâban 807'de (18 Şubat 1405) ... Otrar'da hastalanarak	"  { dosya:""kronoloji_iran.js"", t:""1405-02-18"", b:""Timur öldü"", eksik_nokta:{ad:""Otrar"",enlem:42.85,boylam:68.3167,kaynak:""TDV timur (doğrulanmış)""}, not:""TDV: '"
yer_yama_acik.js	72	68	OLCULEMEDI-SLUG-COZULEMEDI		OLCULEMEDI	ADAYLAR-TUKENDI			0		TARIH.md KALEM 11a			Mengücüklü Selçuklu İlhanlı→anadolu,asya,divrigi,elbistan,erzincan,gurcistan ; Mengücüklü Selçuklu İlhanlı ERETNA→asya,divrigi,erzincan,kemah,kirsehir,kumbet ; [4] Mengücüklü Selçuklu İlhanlı eretna→toplam 7		Mengücüklü → İlhanlı → Selçuklu → ERETNA	 önce başlamamalı' hükmü net; PRE-1391 zincirin kendisi — hangi tarihte kimden kime geçtiği — TDV'nin bu maddede AÇIKÇA vermediği bir ayrıntı, yorum satırında '
yer_yama_avrupa_1923.js	105	99	OLCULEMEDI-SLUG-COZULEMEDI		OLCULEMEDI	ADAYLAR-TUKENDI			0					Kongresi Viyana Senedi→ayan,isvec,paris-antlasmasi ; Kongresi Viyana Senedi Nihai→ ; [4] Kongresi Viyana Senedi Nihai→toplam 0		Viyana Kongresi Nihai Senedi	gal ('...di occupare, SIA PURE TEMPORANEAMENTE, Piombino'), 1557 iade ('SOLO NEL 1557 ... Cosimo si decise a renderlo a Iacopo VI'), 1805 Elisa Bonaparte, 1815 
yer_yama_belgesiz7.js	28	25	OLCULEMEDI-SLUG-COZULEMEDI		OLCULEMEDI	ADAYLAR-TUKENDI			0					History Modern Somali→afrika,anayasa,arabistan,cibuti,fransa,hadramut ; [4] History Modern Somali→toplam 24	ingilizce	A Modern History of the Somali	"  kaynak:""bulunamadı — TDV kapsam dışı, standart akademik: Somali klan yapısının genel tarifi (I.M. Lewis, '"
yer_yama_gece_v1.js	20	8	OLCULEMEDI-SLUG-COZULEMEDI		OLCULEMEDI	ADAYLAR-TUKENDI			0					YAPILMADI SEÇİM brifing→ ; YAPILMADI SEÇİM→abdulhamid-ii,bulgaristan,cami,ceza,cakmak-fevzi,cetintas-sedat ; YAPILMADI SEÇİM brifing gereği→ ; [4] yapilmadi brifing seçi̇m gereği→toplam 0		SEÇİM YAPILMADI — brifing gereği	 işaret ediyor, batı literatürü ise seferin BAŞARISIZ olduğunu (kuşatma kırıldı, veba, teslim şartları) yazıyor — önceki oturum bu çelişkiyi ÇÖZMEDEN bıraktı ('
yer_yama_hadramut_nokta.js	41	37	OLCULEMEDI-SLUG-COZULEMEDI		OLCULEMEDI	ADAYLAR-TUKENDI			0					Yâfiî Ehlü Şihr→hadramut ; Yâfiî Ehlü Şihr yönetmekteydi gelindiğinde→hadramut ; [4] yönetmekteydi gelindiğinde kabilesine yüzyıla Bereyk→toplam 1		19. yüzyıla gelindiğinde Yâfiî kabilesine bağlı Ehlü'l-Bereyk Şihr ... yönetmekteydi	"  neden:""1881 ÖNCESİ Yâfiî kabilesine bağlı Ehlü'l-Bereyk yönetimindeydi (TDV: '"
yer_yama_misir_himaye.js	39	35	OLCULEMEDI-SLUG-COZULEMEDI		OLCULEMEDI	ADAYLAR-TUKENDI			0					Ingiltere Subat Misir→abdullah-b-huseyin,abdulaziz,abdulaziz-cavis,abdulhamid-ii,abdulmecid,afganistan ; Ingiltere Subat Misir bagimsiz tarafli→ ; Ingiltere Subat Misir bagimsiz→ ; [3] Ingiltere Subat Misir bagimsiz tarafli devlet ilan etti→toplam 0 ; [4] Ingiltere bagimsiz tarafli devlet Subat→toplam 0		28 Subat 1922'de Ingiltere tek tarafli olarak Misir'i bagimsiz devlet ilan etti	alligi devletler.js'e henuz UYGULANMADI (denetim/YAMA-KUNYE-1923-0905.json). Bu yama koşu 5b BITTIKTEN ve kunyeler RENKLENDIKTEN SONRA inecek. NOT: TDV ayrica '
yer_yama_misir_himaye.js	45	41	OLCULEMEDI-SLUG-COZULEMEDI		OLCULEMEDI	ADAYLAR-TUKENDI			0					Ingiltere Subat Misir→abdullah-b-huseyin,abdulaziz,abdulaziz-cavis,abdulhamid-ii,abdulmecid,afganistan ; Ingiltere Subat Misir bagimsiz tarafli→ ; Ingiltere Subat Misir bagimsiz→ ; [3] Ingiltere Subat Misir bagimsiz tarafli devlet ilan etti→toplam 0 ; [4] Ingiltere bagimsiz tarafli devlet Subat→toplam 0		28 Subat 1922'de Ingiltere tek tarafli olarak Misir'i bagimsiz devlet ilan etti	alligi devletler.js'e henuz UYGULANMADI (denetim/YAMA-KUNYE-1923-0905.json). Bu yama koşu 5b BITTIKTEN ve kunyeler RENKLENDIKTEN SONRA inecek. NOT: TDV ayrica '
yer_yama_misir_himaye.js	51	47	OLCULEMEDI-SLUG-COZULEMEDI		OLCULEMEDI	ADAYLAR-TUKENDI			0					Ingiltere Subat Misir→abdullah-b-huseyin,abdulaziz,abdulaziz-cavis,abdulhamid-ii,abdulmecid,afganistan ; Ingiltere Subat Misir bagimsiz tarafli→ ; Ingiltere Subat Misir bagimsiz→ ; [3] Ingiltere Subat Misir bagimsiz tarafli devlet ilan etti→toplam 0 ; [4] Ingiltere bagimsiz tarafli devlet Subat→toplam 0		28 Subat 1922'de Ingiltere tek tarafli olarak Misir'i bagimsiz devlet ilan etti	alligi devletler.js'e henuz UYGULANMADI (denetim/YAMA-KUNYE-1923-0905.json). Bu yama koşu 5b BITTIKTEN ve kunyeler RENKLENDIKTEN SONRA inecek. NOT: TDV ayrica '
yer_yama_misir_himaye.js	57	53	OLCULEMEDI-SLUG-COZULEMEDI		OLCULEMEDI	ADAYLAR-TUKENDI			0					Ingiltere Subat Misir→abdullah-b-huseyin,abdulaziz,abdulaziz-cavis,abdulhamid-ii,abdulmecid,afganistan ; Ingiltere Subat Misir bagimsiz tarafli→ ; Ingiltere Subat Misir bagimsiz→ ; [3] Ingiltere Subat Misir bagimsiz tarafli devlet ilan etti→toplam 0 ; [4] Ingiltere bagimsiz tarafli devlet Subat→toplam 0		28 Subat 1922'de Ingiltere tek tarafli olarak Misir'i bagimsiz devlet ilan etti	alligi devletler.js'e henuz UYGULANMADI (denetim/YAMA-KUNYE-1923-0905.json). Bu yama koşu 5b BITTIKTEN ve kunyeler RENKLENDIKTEN SONRA inecek. NOT: TDV ayrica '
yer_yama_misir_himaye.js	63	59	OLCULEMEDI-SLUG-COZULEMEDI		OLCULEMEDI	ADAYLAR-TUKENDI			0					Ingiltere Subat Misir→abdullah-b-huseyin,abdulaziz,abdulaziz-cavis,abdulhamid-ii,abdulmecid,afganistan ; Ingiltere Subat Misir bagimsiz tarafli→ ; Ingiltere Subat Misir bagimsiz→ ; [3] Ingiltere Subat Misir bagimsiz tarafli devlet ilan etti→toplam 0 ; [4] Ingiltere bagimsiz tarafli devlet Subat→toplam 0		28 Subat 1922'de Ingiltere tek tarafli olarak Misir'i bagimsiz devlet ilan etti	alligi devletler.js'e henuz UYGULANMADI (denetim/YAMA-KUNYE-1923-0905.json). Bu yama koşu 5b BITTIKTEN ve kunyeler RENKLENDIKTEN SONRA inecek. NOT: TDV ayrica '
yer_yama_misir_himaye.js	69	65	OLCULEMEDI-SLUG-COZULEMEDI		OLCULEMEDI	ADAYLAR-TUKENDI			0					Ingiltere Subat Misir→abdullah-b-huseyin,abdulaziz,abdulaziz-cavis,abdulhamid-ii,abdulmecid,afganistan ; Ingiltere Subat Misir bagimsiz tarafli→ ; Ingiltere Subat Misir bagimsiz→ ; [3] Ingiltere Subat Misir bagimsiz tarafli devlet ilan etti→toplam 0 ; [4] Ingiltere bagimsiz tarafli devlet Subat→toplam 0		28 Subat 1922'de Ingiltere tek tarafli olarak Misir'i bagimsiz devlet ilan etti	alligi devletler.js'e henuz UYGULANMADI (denetim/YAMA-KUNYE-1923-0905.json). Bu yama koşu 5b BITTIKTEN ve kunyeler RENKLENDIKTEN SONRA inecek. NOT: TDV ayrica '
yer_yama_misir_himaye.js	75	71	OLCULEMEDI-SLUG-COZULEMEDI		OLCULEMEDI	ADAYLAR-TUKENDI			0					Ingiltere Subat Misir→abdullah-b-huseyin,abdulaziz,abdulaziz-cavis,abdulhamid-ii,abdulmecid,afganistan ; Ingiltere Subat Misir bagimsiz tarafli→ ; Ingiltere Subat Misir bagimsiz→ ; [3] Ingiltere Subat Misir bagimsiz tarafli devlet ilan etti→toplam 0 ; [4] Ingiltere bagimsiz tarafli devlet Subat→toplam 0		28 Subat 1922'de Ingiltere tek tarafli olarak Misir'i bagimsiz devlet ilan etti	alligi devletler.js'e henuz UYGULANMADI (denetim/YAMA-KUNYE-1923-0905.json). Bu yama koşu 5b BITTIKTEN ve kunyeler RENKLENDIKTEN SONRA inecek. NOT: TDV ayrica '
yer_yama_misir_himaye.js	81	77	OLCULEMEDI-SLUG-COZULEMEDI		OLCULEMEDI	ADAYLAR-TUKENDI			0					Ingiltere Subat Misir→abdullah-b-huseyin,abdulaziz,abdulaziz-cavis,abdulhamid-ii,abdulmecid,afganistan ; Ingiltere Subat Misir bagimsiz tarafli→ ; Ingiltere Subat Misir bagimsiz→ ; [3] Ingiltere Subat Misir bagimsiz tarafli devlet ilan etti→toplam 0 ; [4] Ingiltere bagimsiz tarafli devlet Subat→toplam 0		28 Subat 1922'de Ingiltere tek tarafli olarak Misir'i bagimsiz devlet ilan etti	alligi devletler.js'e henuz UYGULANMADI (denetim/YAMA-KUNYE-1923-0905.json). Bu yama koşu 5b BITTIKTEN ve kunyeler RENKLENDIKTEN SONRA inecek. NOT: TDV ayrica '
yer_yama_misir_himaye.js	87	83	OLCULEMEDI-SLUG-COZULEMEDI		OLCULEMEDI	ADAYLAR-TUKENDI			0					Ingiltere Subat Misir→abdullah-b-huseyin,abdulaziz,abdulaziz-cavis,abdulhamid-ii,abdulmecid,afganistan ; Ingiltere Subat Misir bagimsiz tarafli→ ; Ingiltere Subat Misir bagimsiz→ ; [3] Ingiltere Subat Misir bagimsiz tarafli devlet ilan etti→toplam 0 ; [4] Ingiltere bagimsiz tarafli devlet Subat→toplam 0		28 Subat 1922'de Ingiltere tek tarafli olarak Misir'i bagimsiz devlet ilan etti	alligi devletler.js'e henuz UYGULANMADI (denetim/YAMA-KUNYE-1923-0905.json). Bu yama koşu 5b BITTIKTEN ve kunyeler RENKLENDIKTEN SONRA inecek. NOT: TDV ayrica '
yer_yama_misir_himaye.js	93	89	OLCULEMEDI-SLUG-COZULEMEDI		OLCULEMEDI	ADAYLAR-TUKENDI			0					Ingiltere Subat Misir→abdullah-b-huseyin,abdulaziz,abdulaziz-cavis,abdulhamid-ii,abdulmecid,afganistan ; Ingiltere Subat Misir bagimsiz tarafli→ ; Ingiltere Subat Misir bagimsiz→ ; [3] Ingiltere Subat Misir bagimsiz tarafli devlet ilan etti→toplam 0 ; [4] Ingiltere bagimsiz tarafli devlet Subat→toplam 0		28 Subat 1922'de Ingiltere tek tarafli olarak Misir'i bagimsiz devlet ilan etti	alligi devletler.js'e henuz UYGULANMADI (denetim/YAMA-KUNYE-1923-0905.json). Bu yama koşu 5b BITTIKTEN ve kunyeler RENKLENDIKTEN SONRA inecek. NOT: TDV ayrica '
yer_yama_misir_himaye.js	99	95	OLCULEMEDI-SLUG-COZULEMEDI		OLCULEMEDI	ADAYLAR-TUKENDI			0					Ingiltere Subat Misir→abdullah-b-huseyin,abdulaziz,abdulaziz-cavis,abdulhamid-ii,abdulmecid,afganistan ; Ingiltere Subat Misir bagimsiz tarafli→ ; Ingiltere Subat Misir bagimsiz→ ; [3] Ingiltere Subat Misir bagimsiz tarafli devlet ilan etti→toplam 0 ; [4] Ingiltere bagimsiz tarafli devlet Subat→toplam 0		28 Subat 1922'de Ingiltere tek tarafli olarak Misir'i bagimsiz devlet ilan etti	alligi devletler.js'e henuz UYGULANMADI (denetim/YAMA-KUNYE-1923-0905.json). Bu yama koşu 5b BITTIKTEN ve kunyeler RENKLENDIKTEN SONRA inecek. NOT: TDV ayrica '
yer_yama_misir_himaye.js	105	101	OLCULEMEDI-SLUG-COZULEMEDI		OLCULEMEDI	ADAYLAR-TUKENDI			0					Ingiltere Subat Misir→abdullah-b-huseyin,abdulaziz,abdulaziz-cavis,abdulhamid-ii,abdulmecid,afganistan ; Ingiltere Subat Misir bagimsiz tarafli→ ; Ingiltere Subat Misir bagimsiz→ ; [3] Ingiltere Subat Misir bagimsiz tarafli devlet ilan etti→toplam 0 ; [4] Ingiltere bagimsiz tarafli devlet Subat→toplam 0		28 Subat 1922'de Ingiltere tek tarafli olarak Misir'i bagimsiz devlet ilan etti	alligi devletler.js'e henuz UYGULANMADI (denetim/YAMA-KUNYE-1923-0905.json). Bu yama koşu 5b BITTIKTEN ve kunyeler RENKLENDIKTEN SONRA inecek. NOT: TDV ayrica '
yer_yama_misir_himaye.js	111	107	OLCULEMEDI-SLUG-COZULEMEDI		OLCULEMEDI	ADAYLAR-TUKENDI			0					Ingiltere Subat Misir→abdullah-b-huseyin,abdulaziz,abdulaziz-cavis,abdulhamid-ii,abdulmecid,afganistan ; Ingiltere Subat Misir bagimsiz tarafli→ ; Ingiltere Subat Misir bagimsiz→ ; [3] Ingiltere Subat Misir bagimsiz tarafli devlet ilan etti→toplam 0 ; [4] Ingiltere bagimsiz tarafli devlet Subat→toplam 0		28 Subat 1922'de Ingiltere tek tarafli olarak Misir'i bagimsiz devlet ilan etti	alligi devletler.js'e henuz UYGULANMADI (denetim/YAMA-KUNYE-1923-0905.json). Bu yama koşu 5b BITTIKTEN ve kunyeler RENKLENDIKTEN SONRA inecek. NOT: TDV ayrica '
yer_yama_misir_himaye.js	117	113	OLCULEMEDI-SLUG-COZULEMEDI		OLCULEMEDI	ADAYLAR-TUKENDI			0					Ingiltere Subat Misir→abdullah-b-huseyin,abdulaziz,abdulaziz-cavis,abdulhamid-ii,abdulmecid,afganistan ; Ingiltere Subat Misir bagimsiz tarafli→ ; Ingiltere Subat Misir bagimsiz→ ; [3] Ingiltere Subat Misir bagimsiz tarafli devlet ilan etti→toplam 0 ; [4] Ingiltere bagimsiz tarafli devlet Subat→toplam 0		28 Subat 1922'de Ingiltere tek tarafli olarak Misir'i bagimsiz devlet ilan etti	alligi devletler.js'e henuz UYGULANMADI (denetim/YAMA-KUNYE-1923-0905.json). Bu yama koşu 5b BITTIKTEN ve kunyeler RENKLENDIKTEN SONRA inecek. NOT: TDV ayrica '
yer_yama_misir_himaye.js	123	119	OLCULEMEDI-SLUG-COZULEMEDI		OLCULEMEDI	ADAYLAR-TUKENDI			0					Ingiltere Subat Misir→abdullah-b-huseyin,abdulaziz,abdulaziz-cavis,abdulhamid-ii,abdulmecid,afganistan ; Ingiltere Subat Misir bagimsiz tarafli→ ; Ingiltere Subat Misir bagimsiz→ ; [3] Ingiltere Subat Misir bagimsiz tarafli devlet ilan etti→toplam 0 ; [4] Ingiltere bagimsiz tarafli devlet Subat→toplam 0		28 Subat 1922'de Ingiltere tek tarafli olarak Misir'i bagimsiz devlet ilan etti	alligi devletler.js'e henuz UYGULANMADI (denetim/YAMA-KUNYE-1923-0905.json). Bu yama koşu 5b BITTIKTEN ve kunyeler RENKLENDIKTEN SONRA inecek. NOT: TDV ayrica '
yer_yama_misir_himaye.js	129	125	OLCULEMEDI-SLUG-COZULEMEDI		OLCULEMEDI	ADAYLAR-TUKENDI			0					Ingiltere Subat Misir→abdullah-b-huseyin,abdulaziz,abdulaziz-cavis,abdulhamid-ii,abdulmecid,afganistan ; Ingiltere Subat Misir bagimsiz tarafli→ ; Ingiltere Subat Misir bagimsiz→ ; [3] Ingiltere Subat Misir bagimsiz tarafli devlet ilan etti→toplam 0 ; [4] Ingiltere bagimsiz tarafli devlet Subat→toplam 0		28 Subat 1922'de Ingiltere tek tarafli olarak Misir'i bagimsiz devlet ilan etti	alligi devletler.js'e henuz UYGULANMADI (denetim/YAMA-KUNYE-1923-0905.json). Bu yama koşu 5b BITTIKTEN ve kunyeler RENKLENDIKTEN SONRA inecek. NOT: TDV ayrica '
yer_yama_misir_himaye.js	135	131	OLCULEMEDI-SLUG-COZULEMEDI		OLCULEMEDI	ADAYLAR-TUKENDI			0					Ingiltere Subat Misir→abdullah-b-huseyin,abdulaziz,abdulaziz-cavis,abdulhamid-ii,abdulmecid,afganistan ; Ingiltere Subat Misir bagimsiz tarafli→ ; Ingiltere Subat Misir bagimsiz→ ; [3] Ingiltere Subat Misir bagimsiz tarafli devlet ilan etti→toplam 0 ; [4] Ingiltere bagimsiz tarafli devlet Subat→toplam 0		28 Subat 1922'de Ingiltere tek tarafli olarak Misir'i bagimsiz devlet ilan etti	alligi devletler.js'e henuz UYGULANMADI (denetim/YAMA-KUNYE-1923-0905.json). Bu yama koşu 5b BITTIKTEN ve kunyeler RENKLENDIKTEN SONRA inecek. NOT: TDV ayrica '
yer_yama_misir_himaye.js	141	137	OLCULEMEDI-SLUG-COZULEMEDI		OLCULEMEDI	ADAYLAR-TUKENDI			0					Ingiltere Subat Misir→abdullah-b-huseyin,abdulaziz,abdulaziz-cavis,abdulhamid-ii,abdulmecid,afganistan ; Ingiltere Subat Misir bagimsiz tarafli→ ; Ingiltere Subat Misir bagimsiz→ ; [3] Ingiltere Subat Misir bagimsiz tarafli devlet ilan etti→toplam 0 ; [4] Ingiltere bagimsiz tarafli devlet Subat→toplam 0		28 Subat 1922'de Ingiltere tek tarafli olarak Misir'i bagimsiz devlet ilan etti	alligi devletler.js'e henuz UYGULANMADI (denetim/YAMA-KUNYE-1923-0905.json). Bu yama koşu 5b BITTIKTEN ve kunyeler RENKLENDIKTEN SONRA inecek. NOT: TDV ayrica '
yer_yama_misir_himaye.js	147	143	OLCULEMEDI-SLUG-COZULEMEDI		OLCULEMEDI	ADAYLAR-TUKENDI			0					Ingiltere Subat Misir→abdullah-b-huseyin,abdulaziz,abdulaziz-cavis,abdulhamid-ii,abdulmecid,afganistan ; Ingiltere Subat Misir bagimsiz tarafli→ ; Ingiltere Subat Misir bagimsiz→ ; [3] Ingiltere Subat Misir bagimsiz tarafli devlet ilan etti→toplam 0 ; [4] Ingiltere bagimsiz tarafli devlet Subat→toplam 0		28 Subat 1922'de Ingiltere tek tarafli olarak Misir'i bagimsiz devlet ilan etti	alligi devletler.js'e henuz UYGULANMADI (denetim/YAMA-KUNYE-1923-0905.json). Bu yama koşu 5b BITTIKTEN ve kunyeler RENKLENDIKTEN SONRA inecek. NOT: TDV ayrica '
yer_yama_misir_himaye.js	153	149	OLCULEMEDI-SLUG-COZULEMEDI		OLCULEMEDI	ADAYLAR-TUKENDI			0					Ingiltere Subat Misir→abdullah-b-huseyin,abdulaziz,abdulaziz-cavis,abdulhamid-ii,abdulmecid,afganistan ; Ingiltere Subat Misir bagimsiz tarafli→ ; Ingiltere Subat Misir bagimsiz→ ; [3] Ingiltere Subat Misir bagimsiz tarafli devlet ilan etti→toplam 0 ; [4] Ingiltere bagimsiz tarafli devlet Subat→toplam 0		28 Subat 1922'de Ingiltere tek tarafli olarak Misir'i bagimsiz devlet ilan etti	alligi devletler.js'e henuz UYGULANMADI (denetim/YAMA-KUNYE-1923-0905.json). Bu yama koşu 5b BITTIKTEN ve kunyeler RENKLENDIKTEN SONRA inecek. NOT: TDV ayrica '
yer_yama_misir_himaye.js	159	155	OLCULEMEDI-SLUG-COZULEMEDI		OLCULEMEDI	ADAYLAR-TUKENDI			0					Ingiltere Subat Misir→abdullah-b-huseyin,abdulaziz,abdulaziz-cavis,abdulhamid-ii,abdulmecid,afganistan ; Ingiltere Subat Misir bagimsiz tarafli→ ; Ingiltere Subat Misir bagimsiz→ ; [3] Ingiltere Subat Misir bagimsiz tarafli devlet ilan etti→toplam 0 ; [4] Ingiltere bagimsiz tarafli devlet Subat→toplam 0		28 Subat 1922'de Ingiltere tek tarafli olarak Misir'i bagimsiz devlet ilan etti	alligi devletler.js'e henuz UYGULANMADI (denetim/YAMA-KUNYE-1923-0905.json). Bu yama koşu 5b BITTIKTEN ve kunyeler RENKLENDIKTEN SONRA inecek. NOT: TDV ayrica '
yer_yama_misir_himaye.js	165	161	OLCULEMEDI-SLUG-COZULEMEDI		OLCULEMEDI	ADAYLAR-TUKENDI			0					Ingiltere Subat Misir→abdullah-b-huseyin,abdulaziz,abdulaziz-cavis,abdulhamid-ii,abdulmecid,afganistan ; Ingiltere Subat Misir bagimsiz tarafli→ ; Ingiltere Subat Misir bagimsiz→ ; [3] Ingiltere Subat Misir bagimsiz tarafli devlet ilan etti→toplam 0 ; [4] Ingiltere bagimsiz tarafli devlet Subat→toplam 0		28 Subat 1922'de Ingiltere tek tarafli olarak Misir'i bagimsiz devlet ilan etti	alligi devletler.js'e henuz UYGULANMADI (denetim/YAMA-KUNYE-1923-0905.json). Bu yama koşu 5b BITTIKTEN ve kunyeler RENKLENDIKTEN SONRA inecek. NOT: TDV ayrica '
yer_yama_misir_himaye.js	171	167	OLCULEMEDI-SLUG-COZULEMEDI		OLCULEMEDI	ADAYLAR-TUKENDI			0					Ingiltere Subat Misir→abdullah-b-huseyin,abdulaziz,abdulaziz-cavis,abdulhamid-ii,abdulmecid,afganistan ; Ingiltere Subat Misir bagimsiz tarafli→ ; Ingiltere Subat Misir bagimsiz→ ; [3] Ingiltere Subat Misir bagimsiz tarafli devlet ilan etti→toplam 0 ; [4] Ingiltere bagimsiz tarafli devlet Subat→toplam 0		28 Subat 1922'de Ingiltere tek tarafli olarak Misir'i bagimsiz devlet ilan etti	alligi devletler.js'e henuz UYGULANMADI (denetim/YAMA-KUNYE-1923-0905.json). Bu yama koşu 5b BITTIKTEN ve kunyeler RENKLENDIKTEN SONRA inecek. NOT: TDV ayrica '
yer_yama_misir_himaye.js	177	173	OLCULEMEDI-SLUG-COZULEMEDI		OLCULEMEDI	ADAYLAR-TUKENDI			0					Ingiltere Subat Misir→abdullah-b-huseyin,abdulaziz,abdulaziz-cavis,abdulhamid-ii,abdulmecid,afganistan ; Ingiltere Subat Misir bagimsiz tarafli→ ; Ingiltere Subat Misir bagimsiz→ ; [3] Ingiltere Subat Misir bagimsiz tarafli devlet ilan etti→toplam 0 ; [4] Ingiltere bagimsiz tarafli devlet Subat→toplam 0		28 Subat 1922'de Ingiltere tek tarafli olarak Misir'i bagimsiz devlet ilan etti	alligi devletler.js'e henuz UYGULANMADI (denetim/YAMA-KUNYE-1923-0905.json). Bu yama koşu 5b BITTIKTEN ve kunyeler RENKLENDIKTEN SONRA inecek. NOT: TDV ayrica '
yer_yama_misir_himaye.js	183	179	OLCULEMEDI-SLUG-COZULEMEDI		OLCULEMEDI	ADAYLAR-TUKENDI			0					Ingiltere Subat Misir→abdullah-b-huseyin,abdulaziz,abdulaziz-cavis,abdulhamid-ii,abdulmecid,afganistan ; Ingiltere Subat Misir bagimsiz tarafli→ ; Ingiltere Subat Misir bagimsiz→ ; [3] Ingiltere Subat Misir bagimsiz tarafli devlet ilan etti→toplam 0 ; [4] Ingiltere bagimsiz tarafli devlet Subat→toplam 0		28 Subat 1922'de Ingiltere tek tarafli olarak Misir'i bagimsiz devlet ilan etti	alligi devletler.js'e henuz UYGULANMADI (denetim/YAMA-KUNYE-1923-0905.json). Bu yama koşu 5b BITTIKTEN ve kunyeler RENKLENDIKTEN SONRA inecek. NOT: TDV ayrica '
yer_yama_misir_himaye.js	189	185	OLCULEMEDI-SLUG-COZULEMEDI		OLCULEMEDI	ADAYLAR-TUKENDI			0					Ingiltere Subat Misir→abdullah-b-huseyin,abdulaziz,abdulaziz-cavis,abdulhamid-ii,abdulmecid,afganistan ; Ingiltere Subat Misir bagimsiz tarafli→ ; Ingiltere Subat Misir bagimsiz→ ; [3] Ingiltere Subat Misir bagimsiz tarafli devlet ilan etti→toplam 0 ; [4] Ingiltere bagimsiz tarafli devlet Subat→toplam 0		28 Subat 1922'de Ingiltere tek tarafli olarak Misir'i bagimsiz devlet ilan etti	alligi devletler.js'e henuz UYGULANMADI (denetim/YAMA-KUNYE-1923-0905.json). Bu yama koşu 5b BITTIKTEN ve kunyeler RENKLENDIKTEN SONRA inecek. NOT: TDV ayrica '
yer_yama_misir_himaye.js	195	191	OLCULEMEDI-SLUG-COZULEMEDI		OLCULEMEDI	ADAYLAR-TUKENDI			0					Ingiltere Subat Misir→abdullah-b-huseyin,abdulaziz,abdulaziz-cavis,abdulhamid-ii,abdulmecid,afganistan ; Ingiltere Subat Misir bagimsiz tarafli→ ; Ingiltere Subat Misir bagimsiz→ ; [3] Ingiltere Subat Misir bagimsiz tarafli devlet ilan etti→toplam 0 ; [4] Ingiltere bagimsiz tarafli devlet Subat→toplam 0		28 Subat 1922'de Ingiltere tek tarafli olarak Misir'i bagimsiz devlet ilan etti	alligi devletler.js'e henuz UYGULANMADI (denetim/YAMA-KUNYE-1923-0905.json). Bu yama koşu 5b BITTIKTEN ve kunyeler RENKLENDIKTEN SONRA inecek. NOT: TDV ayrica '
yer_yama_misir_himaye.js	201	197	OLCULEMEDI-SLUG-COZULEMEDI		OLCULEMEDI	ADAYLAR-TUKENDI			0					Ingiltere Subat Misir→abdullah-b-huseyin,abdulaziz,abdulaziz-cavis,abdulhamid-ii,abdulmecid,afganistan ; Ingiltere Subat Misir bagimsiz tarafli→ ; Ingiltere Subat Misir bagimsiz→ ; [3] Ingiltere Subat Misir bagimsiz tarafli devlet ilan etti→toplam 0 ; [4] Ingiltere bagimsiz tarafli devlet Subat→toplam 0		28 Subat 1922'de Ingiltere tek tarafli olarak Misir'i bagimsiz devlet ilan etti	alligi devletler.js'e henuz UYGULANMADI (denetim/YAMA-KUNYE-1923-0905.json). Bu yama koşu 5b BITTIKTEN ve kunyeler RENKLENDIKTEN SONRA inecek. NOT: TDV ayrica '
yer_yama_misir_himaye.js	207	203	OLCULEMEDI-SLUG-COZULEMEDI		OLCULEMEDI	ADAYLAR-TUKENDI			0					Ingiltere Subat Misir→abdullah-b-huseyin,abdulaziz,abdulaziz-cavis,abdulhamid-ii,abdulmecid,afganistan ; Ingiltere Subat Misir bagimsiz tarafli→ ; Ingiltere Subat Misir bagimsiz→ ; [3] Ingiltere Subat Misir bagimsiz tarafli devlet ilan etti→toplam 0 ; [4] Ingiltere bagimsiz tarafli devlet Subat→toplam 0		28 Subat 1922'de Ingiltere tek tarafli olarak Misir'i bagimsiz devlet ilan etti	alligi devletler.js'e henuz UYGULANMADI (denetim/YAMA-KUNYE-1923-0905.json). Bu yama koşu 5b BITTIKTEN ve kunyeler RENKLENDIKTEN SONRA inecek. NOT: TDV ayrica '
yer_yama_misir_himaye.js	213	209	OLCULEMEDI-SLUG-COZULEMEDI		OLCULEMEDI	ADAYLAR-TUKENDI			0					Ingiltere Subat Misir→abdullah-b-huseyin,abdulaziz,abdulaziz-cavis,abdulhamid-ii,abdulmecid,afganistan ; Ingiltere Subat Misir bagimsiz tarafli→ ; Ingiltere Subat Misir bagimsiz→ ; [3] Ingiltere Subat Misir bagimsiz tarafli devlet ilan etti→toplam 0 ; [4] Ingiltere bagimsiz tarafli devlet Subat→toplam 0		28 Subat 1922'de Ingiltere tek tarafli olarak Misir'i bagimsiz devlet ilan etti	alligi devletler.js'e henuz UYGULANMADI (denetim/YAMA-KUNYE-1923-0905.json). Bu yama koşu 5b BITTIKTEN ve kunyeler RENKLENDIKTEN SONRA inecek. NOT: TDV ayrica '
yer_yama_misir_himaye.js	219	215	OLCULEMEDI-SLUG-COZULEMEDI		OLCULEMEDI	ADAYLAR-TUKENDI			0					Ingiltere Subat Misir→abdullah-b-huseyin,abdulaziz,abdulaziz-cavis,abdulhamid-ii,abdulmecid,afganistan ; Ingiltere Subat Misir bagimsiz tarafli→ ; Ingiltere Subat Misir bagimsiz→ ; [3] Ingiltere Subat Misir bagimsiz tarafli devlet ilan etti→toplam 0 ; [4] Ingiltere bagimsiz tarafli devlet Subat→toplam 0		28 Subat 1922'de Ingiltere tek tarafli olarak Misir'i bagimsiz devlet ilan etti	alligi devletler.js'e henuz UYGULANMADI (denetim/YAMA-KUNYE-1923-0905.json). Bu yama koşu 5b BITTIKTEN ve kunyeler RENKLENDIKTEN SONRA inecek. NOT: TDV ayrica '
yer_yama_misir_himaye.js	225	221	OLCULEMEDI-SLUG-COZULEMEDI		OLCULEMEDI	ADAYLAR-TUKENDI			0					Ingiltere Subat Misir→abdullah-b-huseyin,abdulaziz,abdulaziz-cavis,abdulhamid-ii,abdulmecid,afganistan ; Ingiltere Subat Misir bagimsiz tarafli→ ; Ingiltere Subat Misir bagimsiz→ ; [3] Ingiltere Subat Misir bagimsiz tarafli devlet ilan etti→toplam 0 ; [4] Ingiltere bagimsiz tarafli devlet Subat→toplam 0		28 Subat 1922'de Ingiltere tek tarafli olarak Misir'i bagimsiz devlet ilan etti	alligi devletler.js'e henuz UYGULANMADI (denetim/YAMA-KUNYE-1923-0905.json). Bu yama koşu 5b BITTIKTEN ve kunyeler RENKLENDIKTEN SONRA inecek. NOT: TDV ayrica '
yer_yama_misir_himaye.js	231	227	OLCULEMEDI-SLUG-COZULEMEDI		OLCULEMEDI	ADAYLAR-TUKENDI			0					Ingiltere Subat Misir→abdullah-b-huseyin,abdulaziz,abdulaziz-cavis,abdulhamid-ii,abdulmecid,afganistan ; Ingiltere Subat Misir bagimsiz tarafli→ ; Ingiltere Subat Misir bagimsiz→ ; [3] Ingiltere Subat Misir bagimsiz tarafli devlet ilan etti→toplam 0 ; [4] Ingiltere bagimsiz tarafli devlet Subat→toplam 0		28 Subat 1922'de Ingiltere tek tarafli olarak Misir'i bagimsiz devlet ilan etti	alligi devletler.js'e henuz UYGULANMADI (denetim/YAMA-KUNYE-1923-0905.json). Bu yama koşu 5b BITTIKTEN ve kunyeler RENKLENDIKTEN SONRA inecek. NOT: TDV ayrica '
yer_yama_misir_himaye.js	237	233	OLCULEMEDI-SLUG-COZULEMEDI		OLCULEMEDI	ADAYLAR-TUKENDI			0					Ingiltere Subat Misir→abdullah-b-huseyin,abdulaziz,abdulaziz-cavis,abdulhamid-ii,abdulmecid,afganistan ; Ingiltere Subat Misir bagimsiz tarafli→ ; Ingiltere Subat Misir bagimsiz→ ; [3] Ingiltere Subat Misir bagimsiz tarafli devlet ilan etti→toplam 0 ; [4] Ingiltere bagimsiz tarafli devlet Subat→toplam 0		28 Subat 1922'de Ingiltere tek tarafli olarak Misir'i bagimsiz devlet ilan etti	alligi devletler.js'e henuz UYGULANMADI (denetim/YAMA-KUNYE-1923-0905.json). Bu yama koşu 5b BITTIKTEN ve kunyeler RENKLENDIKTEN SONRA inecek. NOT: TDV ayrica '
yer_yama_misir_himaye.js	243	239	OLCULEMEDI-SLUG-COZULEMEDI		OLCULEMEDI	ADAYLAR-TUKENDI			0					Ingiltere Subat Misir→abdullah-b-huseyin,abdulaziz,abdulaziz-cavis,abdulhamid-ii,abdulmecid,afganistan ; Ingiltere Subat Misir bagimsiz tarafli→ ; Ingiltere Subat Misir bagimsiz→ ; [3] Ingiltere Subat Misir bagimsiz tarafli devlet ilan etti→toplam 0 ; [4] Ingiltere bagimsiz tarafli devlet Subat→toplam 0		28 Subat 1922'de Ingiltere tek tarafli olarak Misir'i bagimsiz devlet ilan etti	alligi devletler.js'e henuz UYGULANMADI (denetim/YAMA-KUNYE-1923-0905.json). Bu yama koşu 5b BITTIKTEN ve kunyeler RENKLENDIKTEN SONRA inecek. NOT: TDV ayrica '
yer_yama_misir_himaye.js	249	245	OLCULEMEDI-SLUG-COZULEMEDI		OLCULEMEDI	ADAYLAR-TUKENDI			0					Ingiltere Subat Misir→abdullah-b-huseyin,abdulaziz,abdulaziz-cavis,abdulhamid-ii,abdulmecid,afganistan ; Ingiltere Subat Misir bagimsiz tarafli→ ; Ingiltere Subat Misir bagimsiz→ ; [3] Ingiltere Subat Misir bagimsiz tarafli devlet ilan etti→toplam 0 ; [4] Ingiltere bagimsiz tarafli devlet Subat→toplam 0		28 Subat 1922'de Ingiltere tek tarafli olarak Misir'i bagimsiz devlet ilan etti	alligi devletler.js'e henuz UYGULANMADI (denetim/YAMA-KUNYE-1923-0905.json). Bu yama koşu 5b BITTIKTEN ve kunyeler RENKLENDIKTEN SONRA inecek. NOT: TDV ayrica '
yer_yama_misir_himaye.js	255	251	OLCULEMEDI-SLUG-COZULEMEDI		OLCULEMEDI	ADAYLAR-TUKENDI			0					Ingiltere Subat Misir→abdullah-b-huseyin,abdulaziz,abdulaziz-cavis,abdulhamid-ii,abdulmecid,afganistan ; Ingiltere Subat Misir bagimsiz tarafli→ ; Ingiltere Subat Misir bagimsiz→ ; [3] Ingiltere Subat Misir bagimsiz tarafli devlet ilan etti→toplam 0 ; [4] Ingiltere bagimsiz tarafli devlet Subat→toplam 0		28 Subat 1922'de Ingiltere tek tarafli olarak Misir'i bagimsiz devlet ilan etti	alligi devletler.js'e henuz UYGULANMADI (denetim/YAMA-KUNYE-1923-0905.json). Bu yama koşu 5b BITTIKTEN ve kunyeler RENKLENDIKTEN SONRA inecek. NOT: TDV ayrica '
yer_yama_misir_himaye.js	261	257	OLCULEMEDI-SLUG-COZULEMEDI		OLCULEMEDI	ADAYLAR-TUKENDI			0					Ingiltere Subat Misir→abdullah-b-huseyin,abdulaziz,abdulaziz-cavis,abdulhamid-ii,abdulmecid,afganistan ; Ingiltere Subat Misir bagimsiz tarafli→ ; Ingiltere Subat Misir bagimsiz→ ; [3] Ingiltere Subat Misir bagimsiz tarafli devlet ilan etti→toplam 0 ; [4] Ingiltere bagimsiz tarafli devlet Subat→toplam 0		28 Subat 1922'de Ingiltere tek tarafli olarak Misir'i bagimsiz devlet ilan etti	alligi devletler.js'e henuz UYGULANMADI (denetim/YAMA-KUNYE-1923-0905.json). Bu yama koşu 5b BITTIKTEN ve kunyeler RENKLENDIKTEN SONRA inecek. NOT: TDV ayrica '
yer_yama_misir_himaye.js	267	263	OLCULEMEDI-SLUG-COZULEMEDI		OLCULEMEDI	ADAYLAR-TUKENDI			0					Ingiltere Subat Misir→abdullah-b-huseyin,abdulaziz,abdulaziz-cavis,abdulhamid-ii,abdulmecid,afganistan ; Ingiltere Subat Misir bagimsiz tarafli→ ; Ingiltere Subat Misir bagimsiz→ ; [3] Ingiltere Subat Misir bagimsiz tarafli devlet ilan etti→toplam 0 ; [4] Ingiltere bagimsiz tarafli devlet Subat→toplam 0		28 Subat 1922'de Ingiltere tek tarafli olarak Misir'i bagimsiz devlet ilan etti	alligi devletler.js'e henuz UYGULANMADI (denetim/YAMA-KUNYE-1923-0905.json). Bu yama koşu 5b BITTIKTEN ve kunyeler RENKLENDIKTEN SONRA inecek. NOT: TDV ayrica '
yer_yama_misir_himaye.js	273	269	OLCULEMEDI-SLUG-COZULEMEDI		OLCULEMEDI	ADAYLAR-TUKENDI			0					Ingiltere Subat Misir→abdullah-b-huseyin,abdulaziz,abdulaziz-cavis,abdulhamid-ii,abdulmecid,afganistan ; Ingiltere Subat Misir bagimsiz tarafli→ ; Ingiltere Subat Misir bagimsiz→ ; [3] Ingiltere Subat Misir bagimsiz tarafli devlet ilan etti→toplam 0 ; [4] Ingiltere bagimsiz tarafli devlet Subat→toplam 0		28 Subat 1922'de Ingiltere tek tarafli olarak Misir'i bagimsiz devlet ilan etti	alligi devletler.js'e henuz UYGULANMADI (denetim/YAMA-KUNYE-1923-0905.json). Bu yama koşu 5b BITTIKTEN ve kunyeler RENKLENDIKTEN SONRA inecek. NOT: TDV ayrica '
yer_yama_misir_himaye.js	279	275	OLCULEMEDI-SLUG-COZULEMEDI		OLCULEMEDI	ADAYLAR-TUKENDI			0					Ingiltere Subat Misir→abdullah-b-huseyin,abdulaziz,abdulaziz-cavis,abdulhamid-ii,abdulmecid,afganistan ; Ingiltere Subat Misir bagimsiz tarafli→ ; Ingiltere Subat Misir bagimsiz→ ; [3] Ingiltere Subat Misir bagimsiz tarafli devlet ilan etti→toplam 0 ; [4] Ingiltere bagimsiz tarafli devlet Subat→toplam 0		28 Subat 1922'de Ingiltere tek tarafli olarak Misir'i bagimsiz devlet ilan etti	alligi devletler.js'e henuz UYGULANMADI (denetim/YAMA-KUNYE-1923-0905.json). Bu yama koşu 5b BITTIKTEN ve kunyeler RENKLENDIKTEN SONRA inecek. NOT: TDV ayrica '
yer_yama_misir_himaye.js	285	281	OLCULEMEDI-SLUG-COZULEMEDI		OLCULEMEDI	ADAYLAR-TUKENDI			0					Ingiltere Subat Misir→abdullah-b-huseyin,abdulaziz,abdulaziz-cavis,abdulhamid-ii,abdulmecid,afganistan ; Ingiltere Subat Misir bagimsiz tarafli→ ; Ingiltere Subat Misir bagimsiz→ ; [3] Ingiltere Subat Misir bagimsiz tarafli devlet ilan etti→toplam 0 ; [4] Ingiltere bagimsiz tarafli devlet Subat→toplam 0		28 Subat 1922'de Ingiltere tek tarafli olarak Misir'i bagimsiz devlet ilan etti	alligi devletler.js'e henuz UYGULANMADI (denetim/YAMA-KUNYE-1923-0905.json). Bu yama koşu 5b BITTIKTEN ve kunyeler RENKLENDIKTEN SONRA inecek. NOT: TDV ayrica '
yer_yama_misir_himaye.js	291	287	OLCULEMEDI-SLUG-COZULEMEDI		OLCULEMEDI	ADAYLAR-TUKENDI			0					Ingiltere Subat Misir→abdullah-b-huseyin,abdulaziz,abdulaziz-cavis,abdulhamid-ii,abdulmecid,afganistan ; Ingiltere Subat Misir bagimsiz tarafli→ ; Ingiltere Subat Misir bagimsiz→ ; [3] Ingiltere Subat Misir bagimsiz tarafli devlet ilan etti→toplam 0 ; [4] Ingiltere bagimsiz tarafli devlet Subat→toplam 0		28 Subat 1922'de Ingiltere tek tarafli olarak Misir'i bagimsiz devlet ilan etti	alligi devletler.js'e henuz UYGULANMADI (denetim/YAMA-KUNYE-1923-0905.json). Bu yama koşu 5b BITTIKTEN ve kunyeler RENKLENDIKTEN SONRA inecek. NOT: TDV ayrica '
yer_yama_misir_himaye.js	297	293	OLCULEMEDI-SLUG-COZULEMEDI		OLCULEMEDI	ADAYLAR-TUKENDI			0					Ingiltere Subat Misir→abdullah-b-huseyin,abdulaziz,abdulaziz-cavis,abdulhamid-ii,abdulmecid,afganistan ; Ingiltere Subat Misir bagimsiz tarafli→ ; Ingiltere Subat Misir bagimsiz→ ; [3] Ingiltere Subat Misir bagimsiz tarafli devlet ilan etti→toplam 0 ; [4] Ingiltere bagimsiz tarafli devlet Subat→toplam 0		28 Subat 1922'de Ingiltere tek tarafli olarak Misir'i bagimsiz devlet ilan etti	alligi devletler.js'e henuz UYGULANMADI (denetim/YAMA-KUNYE-1923-0905.json). Bu yama koşu 5b BITTIKTEN ve kunyeler RENKLENDIKTEN SONRA inecek. NOT: TDV ayrica '
yer_yama_misir_himaye.js	303	299	OLCULEMEDI-SLUG-COZULEMEDI		OLCULEMEDI	ADAYLAR-TUKENDI			0					Ingiltere Subat Misir→abdullah-b-huseyin,abdulaziz,abdulaziz-cavis,abdulhamid-ii,abdulmecid,afganistan ; Ingiltere Subat Misir bagimsiz tarafli→ ; Ingiltere Subat Misir bagimsiz→ ; [3] Ingiltere Subat Misir bagimsiz tarafli devlet ilan etti→toplam 0 ; [4] Ingiltere bagimsiz tarafli devlet Subat→toplam 0		28 Subat 1922'de Ingiltere tek tarafli olarak Misir'i bagimsiz devlet ilan etti	alligi devletler.js'e henuz UYGULANMADI (denetim/YAMA-KUNYE-1923-0905.json). Bu yama koşu 5b BITTIKTEN ve kunyeler RENKLENDIKTEN SONRA inecek. NOT: TDV ayrica '
yer_yama_misir_himaye.js	309	305	OLCULEMEDI-SLUG-COZULEMEDI		OLCULEMEDI	ADAYLAR-TUKENDI			0					Ingiltere Subat Misir→abdullah-b-huseyin,abdulaziz,abdulaziz-cavis,abdulhamid-ii,abdulmecid,afganistan ; Ingiltere Subat Misir bagimsiz tarafli→ ; Ingiltere Subat Misir bagimsiz→ ; [3] Ingiltere Subat Misir bagimsiz tarafli devlet ilan etti→toplam 0 ; [4] Ingiltere bagimsiz tarafli devlet Subat→toplam 0		28 Subat 1922'de Ingiltere tek tarafli olarak Misir'i bagimsiz devlet ilan etti	alligi devletler.js'e henuz UYGULANMADI (denetim/YAMA-KUNYE-1923-0905.json). Bu yama koşu 5b BITTIKTEN ve kunyeler RENKLENDIKTEN SONRA inecek. NOT: TDV ayrica '
yer_yama_misir_himaye.js	315	311	OLCULEMEDI-SLUG-COZULEMEDI		OLCULEMEDI	ADAYLAR-TUKENDI			0					Ingiltere Subat Misir→abdullah-b-huseyin,abdulaziz,abdulaziz-cavis,abdulhamid-ii,abdulmecid,afganistan ; Ingiltere Subat Misir bagimsiz tarafli→ ; Ingiltere Subat Misir bagimsiz→ ; [3] Ingiltere Subat Misir bagimsiz tarafli devlet ilan etti→toplam 0 ; [4] Ingiltere bagimsiz tarafli devlet Subat→toplam 0		28 Subat 1922'de Ingiltere tek tarafli olarak Misir'i bagimsiz devlet ilan etti	alligi devletler.js'e henuz UYGULANMADI (denetim/YAMA-KUNYE-1923-0905.json). Bu yama koşu 5b BITTIKTEN ve kunyeler RENKLENDIKTEN SONRA inecek. NOT: TDV ayrica '
yer_yama_misir_himaye.js	321	317	OLCULEMEDI-SLUG-COZULEMEDI		OLCULEMEDI	ADAYLAR-TUKENDI			0					Ingiltere Subat Misir→abdullah-b-huseyin,abdulaziz,abdulaziz-cavis,abdulhamid-ii,abdulmecid,afganistan ; Ingiltere Subat Misir bagimsiz tarafli→ ; Ingiltere Subat Misir bagimsiz→ ; [3] Ingiltere Subat Misir bagimsiz tarafli devlet ilan etti→toplam 0 ; [4] Ingiltere bagimsiz tarafli devlet Subat→toplam 0		28 Subat 1922'de Ingiltere tek tarafli olarak Misir'i bagimsiz devlet ilan etti	alligi devletler.js'e henuz UYGULANMADI (denetim/YAMA-KUNYE-1923-0905.json). Bu yama koşu 5b BITTIKTEN ve kunyeler RENKLENDIKTEN SONRA inecek. NOT: TDV ayrica '
yer_yama_misir_himaye.js	327	323	OLCULEMEDI-SLUG-COZULEMEDI		OLCULEMEDI	ADAYLAR-TUKENDI			0					Ingiltere Subat Misir→abdullah-b-huseyin,abdulaziz,abdulaziz-cavis,abdulhamid-ii,abdulmecid,afganistan ; Ingiltere Subat Misir bagimsiz tarafli→ ; Ingiltere Subat Misir bagimsiz→ ; [3] Ingiltere Subat Misir bagimsiz tarafli devlet ilan etti→toplam 0 ; [4] Ingiltere bagimsiz tarafli devlet Subat→toplam 0		28 Subat 1922'de Ingiltere tek tarafli olarak Misir'i bagimsiz devlet ilan etti	alligi devletler.js'e henuz UYGULANMADI (denetim/YAMA-KUNYE-1923-0905.json). Bu yama koşu 5b BITTIKTEN ve kunyeler RENKLENDIKTEN SONRA inecek. NOT: TDV ayrica '
yer_yama_misir_himaye.js	333	329	OLCULEMEDI-SLUG-COZULEMEDI		OLCULEMEDI	ADAYLAR-TUKENDI			0					Ingiltere Subat Misir→abdullah-b-huseyin,abdulaziz,abdulaziz-cavis,abdulhamid-ii,abdulmecid,afganistan ; Ingiltere Subat Misir bagimsiz tarafli→ ; Ingiltere Subat Misir bagimsiz→ ; [3] Ingiltere Subat Misir bagimsiz tarafli devlet ilan etti→toplam 0 ; [4] Ingiltere bagimsiz tarafli devlet Subat→toplam 0		28 Subat 1922'de Ingiltere tek tarafli olarak Misir'i bagimsiz devlet ilan etti	alligi devletler.js'e henuz UYGULANMADI (denetim/YAMA-KUNYE-1923-0905.json). Bu yama koşu 5b BITTIKTEN ve kunyeler RENKLENDIKTEN SONRA inecek. NOT: TDV ayrica '
yer_yama_misir_himaye.js	339	335	OLCULEMEDI-SLUG-COZULEMEDI		OLCULEMEDI	ADAYLAR-TUKENDI			0					Ingiltere Subat Misir→abdullah-b-huseyin,abdulaziz,abdulaziz-cavis,abdulhamid-ii,abdulmecid,afganistan ; Ingiltere Subat Misir bagimsiz tarafli→ ; Ingiltere Subat Misir bagimsiz→ ; [3] Ingiltere Subat Misir bagimsiz tarafli devlet ilan etti→toplam 0 ; [4] Ingiltere bagimsiz tarafli devlet Subat→toplam 0		28 Subat 1922'de Ingiltere tek tarafli olarak Misir'i bagimsiz devlet ilan etti	alligi devletler.js'e henuz UYGULANMADI (denetim/YAMA-KUNYE-1923-0905.json). Bu yama koşu 5b BITTIKTEN ve kunyeler RENKLENDIKTEN SONRA inecek. NOT: TDV ayrica '
yer_yama_misir_himaye.js	345	341	OLCULEMEDI-SLUG-COZULEMEDI		OLCULEMEDI	ADAYLAR-TUKENDI			0					Ingiltere Subat Misir→abdullah-b-huseyin,abdulaziz,abdulaziz-cavis,abdulhamid-ii,abdulmecid,afganistan ; Ingiltere Subat Misir bagimsiz tarafli→ ; Ingiltere Subat Misir bagimsiz→ ; [3] Ingiltere Subat Misir bagimsiz tarafli devlet ilan etti→toplam 0 ; [4] Ingiltere bagimsiz tarafli devlet Subat→toplam 0		28 Subat 1922'de Ingiltere tek tarafli olarak Misir'i bagimsiz devlet ilan etti	alligi devletler.js'e henuz UYGULANMADI (denetim/YAMA-KUNYE-1923-0905.json). Bu yama koşu 5b BITTIKTEN ve kunyeler RENKLENDIKTEN SONRA inecek. NOT: TDV ayrica '
yer_yama_misir_himaye.js	351	347	OLCULEMEDI-SLUG-COZULEMEDI		OLCULEMEDI	ADAYLAR-TUKENDI			0					Ingiltere Subat Misir→abdullah-b-huseyin,abdulaziz,abdulaziz-cavis,abdulhamid-ii,abdulmecid,afganistan ; Ingiltere Subat Misir bagimsiz tarafli→ ; Ingiltere Subat Misir bagimsiz→ ; [3] Ingiltere Subat Misir bagimsiz tarafli devlet ilan etti→toplam 0 ; [4] Ingiltere bagimsiz tarafli devlet Subat→toplam 0		28 Subat 1922'de Ingiltere tek tarafli olarak Misir'i bagimsiz devlet ilan etti	alligi devletler.js'e henuz UYGULANMADI (denetim/YAMA-KUNYE-1923-0905.json). Bu yama koşu 5b BITTIKTEN ve kunyeler RENKLENDIKTEN SONRA inecek. NOT: TDV ayrica '
yer_yama_misir_himaye.js	357	353	OLCULEMEDI-SLUG-COZULEMEDI		OLCULEMEDI	ADAYLAR-TUKENDI			0					Ingiltere Subat Misir→abdullah-b-huseyin,abdulaziz,abdulaziz-cavis,abdulhamid-ii,abdulmecid,afganistan ; Ingiltere Subat Misir bagimsiz tarafli→ ; Ingiltere Subat Misir bagimsiz→ ; [3] Ingiltere Subat Misir bagimsiz tarafli devlet ilan etti→toplam 0 ; [4] Ingiltere bagimsiz tarafli devlet Subat→toplam 0		28 Subat 1922'de Ingiltere tek tarafli olarak Misir'i bagimsiz devlet ilan etti	alligi devletler.js'e henuz UYGULANMADI (denetim/YAMA-KUNYE-1923-0905.json). Bu yama koşu 5b BITTIKTEN ve kunyeler RENKLENDIKTEN SONRA inecek. NOT: TDV ayrica '
yer_yama_misir_himaye.js	363	359	OLCULEMEDI-SLUG-COZULEMEDI		OLCULEMEDI	ADAYLAR-TUKENDI			0					Ingiltere Subat Misir→abdullah-b-huseyin,abdulaziz,abdulaziz-cavis,abdulhamid-ii,abdulmecid,afganistan ; Ingiltere Subat Misir bagimsiz tarafli→ ; Ingiltere Subat Misir bagimsiz→ ; [3] Ingiltere Subat Misir bagimsiz tarafli devlet ilan etti→toplam 0 ; [4] Ingiltere bagimsiz tarafli devlet Subat→toplam 0		28 Subat 1922'de Ingiltere tek tarafli olarak Misir'i bagimsiz devlet ilan etti	alligi devletler.js'e henuz UYGULANMADI (denetim/YAMA-KUNYE-1923-0905.json). Bu yama koşu 5b BITTIKTEN ve kunyeler RENKLENDIKTEN SONRA inecek. NOT: TDV ayrica '
yer_yama_timbuktu.js	59	50	OLCULEMEDI-SLUG-COZULEMEDI		OLCULEMEDI	ADAYLAR-TUKENDI			0					Devleti Tekrûr Ahmed→afrika,ahmedu-lobbo,burkina-faso,colof,el-hac-omer,hevsa ; Devleti Tekrûr Ahmed egemenliğine yıllarda→afrika,tinbuktu ; [4] egemenliğine yıllarda Devleti üçüncü Tekrûr→toplam 2	ingilizce	1860'lı yıllarda üçüncü Tekrûr Devleti'nin … Ahmed Tâl'in egemenliğine geçti	"""tinbuktu — TDV, gövde açıldı; alıntılar dosya başlığında AYNEN. 1770 TÜRETİLMİŞ («on yıl sonra», metinde o rakam geçmiyor). 1862-1893 dilimi DOĞRULANDI (TDV: «"
yer_yama_veri31.js	69	65	OLCULEMEDI-SLUG-COZULEMEDI		OLCULEMEDI	ADAYLAR-TUKENDI			0					Şehrizor Kalesi Zalm→sehrizor ; Şehrizor Kalesi Zalm alınışı fethi→ ; Şehrizor Kalesi Zalm alınışı→ ; [4] Şehrizor alınışı Kalesi fethi Zalm→toplam 0		Şehrizor'un fethi — Zalm Kalesi'nin alınışı	 tarih (yalnız yıl), merkezi 'Gülanber' diye yazıyor (ki Gülanber TDV'ye göre 1563'te İNŞA EDİLDİ, 1554'te henüz yoktu). (2) olaylar_ek8.js: t:'1554-08-22', b:'
yer_yama_veri31.js	69	65	OLCULEMEDI-SLUG-COZULEMEDI		OLCULEMEDI	ADAYLAR-TUKENDI			0					Yerleşim kaydındaki çekildi→ ; Yerleşim kaydındaki→orducu ; Yerleşim kaydındaki çekildi gerçek güne→ ; Yerleşim kaydındaki çekildi gerçek→ ; [4] kaydındaki Yerleşim çekildi gerçek güne→toplam 0		Yerleşim kaydındaki 1554-01-01 bu gerçek güne çekildi.	1554), doğru kale adı (Zalm), Gülanber'in SONRADAN (1563) inşa edildiğini AÇIKLIKLA belirtiyor. olaylar_ek8.js'in kendi başlık yorumu bunu zaten TESHIS ETMIŞ: '
yerlesimler.js	814	814	OLCULEMEDI-SLUG-COZULEMEDI		OLCULEMEDI	ADAYLAR-TUKENDI			0					Ingiltere Subat Misir→abdullah-b-huseyin,abdulaziz,abdulaziz-cavis,abdulhamid-ii,abdulmecid,afganistan ; Ingiltere Subat Misir bagimsiz tarafli→ ; Ingiltere Subat Misir bagimsiz→ ; [3] Ingiltere Subat Misir bagimsiz tarafli devlet ilan etti→toplam 0 ; [4] Ingiltere bagimsiz tarafli devlet Subat→toplam 0		28 Subat 1922'de Ingiltere tek tarafli olarak Misir'i bagimsiz devlet ilan etti	alligi devletler.js'e henuz UYGULANMADI (denetim/YAMA-KUNYE-1923-0905.json). Bu yama koşu 5b BITTIKTEN ve kunyeler RENKLENDIKTEN SONRA inecek. NOT: TDV ayrica '
yerlesimler.js	816	816	OLCULEMEDI-SLUG-COZULEMEDI		OLCULEMEDI	ADAYLAR-TUKENDI			0					Ingiltere Subat Misir→abdullah-b-huseyin,abdulaziz,abdulaziz-cavis,abdulhamid-ii,abdulmecid,afganistan ; Ingiltere Subat Misir bagimsiz tarafli→ ; Ingiltere Subat Misir bagimsiz→ ; [3] Ingiltere Subat Misir bagimsiz tarafli devlet ilan etti→toplam 0 ; [4] Ingiltere bagimsiz tarafli devlet Subat→toplam 0		28 Subat 1922'de Ingiltere tek tarafli olarak Misir'i bagimsiz devlet ilan etti	alligi devletler.js'e henuz UYGULANMADI (denetim/YAMA-KUNYE-1923-0905.json). Bu yama koşu 5b BITTIKTEN ve kunyeler RENKLENDIKTEN SONRA inecek. NOT: TDV ayrica '
yerlesimler.js	818	818	OLCULEMEDI-SLUG-COZULEMEDI		OLCULEMEDI	ADAYLAR-TUKENDI			0					Ingiltere Subat Misir→abdullah-b-huseyin,abdulaziz,abdulaziz-cavis,abdulhamid-ii,abdulmecid,afganistan ; Ingiltere Subat Misir bagimsiz tarafli→ ; Ingiltere Subat Misir bagimsiz→ ; [3] Ingiltere Subat Misir bagimsiz tarafli devlet ilan etti→toplam 0 ; [4] Ingiltere bagimsiz tarafli devlet Subat→toplam 0		28 Subat 1922'de Ingiltere tek tarafli olarak Misir'i bagimsiz devlet ilan etti	alligi devletler.js'e henuz UYGULANMADI (denetim/YAMA-KUNYE-1923-0905.json). Bu yama koşu 5b BITTIKTEN ve kunyeler RENKLENDIKTEN SONRA inecek. NOT: TDV ayrica '
yerlesimler.js	820	820	OLCULEMEDI-SLUG-COZULEMEDI		OLCULEMEDI	ADAYLAR-TUKENDI			0					Ingiltere Subat Misir→abdullah-b-huseyin,abdulaziz,abdulaziz-cavis,abdulhamid-ii,abdulmecid,afganistan ; Ingiltere Subat Misir bagimsiz tarafli→ ; Ingiltere Subat Misir bagimsiz→ ; [3] Ingiltere Subat Misir bagimsiz tarafli devlet ilan etti→toplam 0 ; [4] Ingiltere bagimsiz tarafli devlet Subat→toplam 0		28 Subat 1922'de Ingiltere tek tarafli olarak Misir'i bagimsiz devlet ilan etti	alligi devletler.js'e henuz UYGULANMADI (denetim/YAMA-KUNYE-1923-0905.json). Bu yama koşu 5b BITTIKTEN ve kunyeler RENKLENDIKTEN SONRA inecek. NOT: TDV ayrica '
yerlesimler.js	822	822	OLCULEMEDI-SLUG-COZULEMEDI		OLCULEMEDI	ADAYLAR-TUKENDI			0					Ingiltere Subat Misir→abdullah-b-huseyin,abdulaziz,abdulaziz-cavis,abdulhamid-ii,abdulmecid,afganistan ; Ingiltere Subat Misir bagimsiz tarafli→ ; Ingiltere Subat Misir bagimsiz→ ; [3] Ingiltere Subat Misir bagimsiz tarafli devlet ilan etti→toplam 0 ; [4] Ingiltere bagimsiz tarafli devlet Subat→toplam 0		28 Subat 1922'de Ingiltere tek tarafli olarak Misir'i bagimsiz devlet ilan etti	alligi devletler.js'e henuz UYGULANMADI (denetim/YAMA-KUNYE-1923-0905.json). Bu yama koşu 5b BITTIKTEN ve kunyeler RENKLENDIKTEN SONRA inecek. NOT: TDV ayrica '
yerlesimler.js	824	824	OLCULEMEDI-SLUG-COZULEMEDI		OLCULEMEDI	ADAYLAR-TUKENDI			0					Ingiltere Subat Misir→abdullah-b-huseyin,abdulaziz,abdulaziz-cavis,abdulhamid-ii,abdulmecid,afganistan ; Ingiltere Subat Misir bagimsiz tarafli→ ; Ingiltere Subat Misir bagimsiz→ ; [3] Ingiltere Subat Misir bagimsiz tarafli devlet ilan etti→toplam 0 ; [4] Ingiltere bagimsiz tarafli devlet Subat→toplam 0		28 Subat 1922'de Ingiltere tek tarafli olarak Misir'i bagimsiz devlet ilan etti	alligi devletler.js'e henuz UYGULANMADI (denetim/YAMA-KUNYE-1923-0905.json). Bu yama koşu 5b BITTIKTEN ve kunyeler RENKLENDIKTEN SONRA inecek. NOT: TDV ayrica '
yerlesimler.js	1332	1332	OLCULEMEDI-SLUG-COZULEMEDI		OLCULEMEDI	ADAYLAR-TUKENDI			0					History Modern Somali→afrika,anayasa,arabistan,cibuti,fransa,hadramut ; [4] History Modern Somali→toplam 24	ingilizce	A Modern History of the Somali	"laşmadı — merkezi devlet hiç kurulmadı."",bos:""kabile"",kaynak:""bulunamadı — TDV kapsam dışı, standart akademik: Somali klan yapısının genel tarifi (I.M. Lewis, '"
yerlesimler.js	1494	1494	OLCULEMEDI-SLUG-COZULEMEDI		OLCULEMEDI	ADAYLAR-TUKENDI			0					Ingiltere Subat Misir→abdullah-b-huseyin,abdulaziz,abdulaziz-cavis,abdulhamid-ii,abdulmecid,afganistan ; Ingiltere Subat Misir bagimsiz tarafli→ ; Ingiltere Subat Misir bagimsiz→ ; [3] Ingiltere Subat Misir bagimsiz tarafli devlet ilan etti→toplam 0 ; [4] Ingiltere bagimsiz tarafli devlet Subat→toplam 0		28 Subat 1922'de Ingiltere tek tarafli olarak Misir'i bagimsiz devlet ilan etti	alligi devletler.js'e henuz UYGULANMADI (denetim/YAMA-KUNYE-1923-0905.json). Bu yama koşu 5b BITTIKTEN ve kunyeler RENKLENDIKTEN SONRA inecek. NOT: TDV ayrica '
yerlesimler_afrika.js	81	81	OLCULEMEDI-SLUG-COZULEMEDI		OLCULEMEDI	ADAYLAR-TUKENDI			0					Ingiltere Subat Misir→abdullah-b-huseyin,abdulaziz,abdulaziz-cavis,abdulhamid-ii,abdulmecid,afganistan ; Ingiltere Subat Misir bagimsiz tarafli→ ; Ingiltere Subat Misir bagimsiz→ ; [3] Ingiltere Subat Misir bagimsiz tarafli devlet ilan etti→toplam 0 ; [4] Ingiltere bagimsiz tarafli devlet Subat→toplam 0		28 Subat 1922'de Ingiltere tek tarafli olarak Misir'i bagimsiz devlet ilan etti	alligi devletler.js'e henuz UYGULANMADI (denetim/YAMA-KUNYE-1923-0905.json). Bu yama koşu 5b BITTIKTEN ve kunyeler RENKLENDIKTEN SONRA inecek. NOT: TDV ayrica '
yerlesimler_afrika.js	86	86	OLCULEMEDI-SLUG-COZULEMEDI		OLCULEMEDI	ADAYLAR-TUKENDI			0					Ingiltere Subat Misir→abdullah-b-huseyin,abdulaziz,abdulaziz-cavis,abdulhamid-ii,abdulmecid,afganistan ; Ingiltere Subat Misir bagimsiz tarafli→ ; Ingiltere Subat Misir bagimsiz→ ; [3] Ingiltere Subat Misir bagimsiz tarafli devlet ilan etti→toplam 0 ; [4] Ingiltere bagimsiz tarafli devlet Subat→toplam 0		28 Subat 1922'de Ingiltere tek tarafli olarak Misir'i bagimsiz devlet ilan etti	alligi devletler.js'e henuz UYGULANMADI (denetim/YAMA-KUNYE-1923-0905.json). Bu yama koşu 5b BITTIKTEN ve kunyeler RENKLENDIKTEN SONRA inecek. NOT: TDV ayrica '
yerlesimler_afrika.js	91	91	OLCULEMEDI-SLUG-COZULEMEDI		OLCULEMEDI	ADAYLAR-TUKENDI			0					Ingiltere Subat Misir→abdullah-b-huseyin,abdulaziz,abdulaziz-cavis,abdulhamid-ii,abdulmecid,afganistan ; Ingiltere Subat Misir bagimsiz tarafli→ ; Ingiltere Subat Misir bagimsiz→ ; [3] Ingiltere Subat Misir bagimsiz tarafli devlet ilan etti→toplam 0 ; [4] Ingiltere bagimsiz tarafli devlet Subat→toplam 0		28 Subat 1922'de Ingiltere tek tarafli olarak Misir'i bagimsiz devlet ilan etti	alligi devletler.js'e henuz UYGULANMADI (denetim/YAMA-KUNYE-1923-0905.json). Bu yama koşu 5b BITTIKTEN ve kunyeler RENKLENDIKTEN SONRA inecek. NOT: TDV ayrica '
yerlesimler_afrika.js	98	98	OLCULEMEDI-SLUG-COZULEMEDI		OLCULEMEDI	ADAYLAR-TUKENDI			0					Ingiltere Subat Misir→abdullah-b-huseyin,abdulaziz,abdulaziz-cavis,abdulhamid-ii,abdulmecid,afganistan ; Ingiltere Subat Misir bagimsiz tarafli→ ; Ingiltere Subat Misir bagimsiz→ ; [3] Ingiltere Subat Misir bagimsiz tarafli devlet ilan etti→toplam 0 ; [4] Ingiltere bagimsiz tarafli devlet Subat→toplam 0		28 Subat 1922'de Ingiltere tek tarafli olarak Misir'i bagimsiz devlet ilan etti	alligi devletler.js'e henuz UYGULANMADI (denetim/YAMA-KUNYE-1923-0905.json). Bu yama koşu 5b BITTIKTEN ve kunyeler RENKLENDIKTEN SONRA inecek. NOT: TDV ayrica '
yerlesimler_afrika.js	103	103	OLCULEMEDI-SLUG-COZULEMEDI		OLCULEMEDI	ADAYLAR-TUKENDI			0					Ingiltere Subat Misir→abdullah-b-huseyin,abdulaziz,abdulaziz-cavis,abdulhamid-ii,abdulmecid,afganistan ; Ingiltere Subat Misir bagimsiz tarafli→ ; Ingiltere Subat Misir bagimsiz→ ; [3] Ingiltere Subat Misir bagimsiz tarafli devlet ilan etti→toplam 0 ; [4] Ingiltere bagimsiz tarafli devlet Subat→toplam 0		28 Subat 1922'de Ingiltere tek tarafli olarak Misir'i bagimsiz devlet ilan etti	alligi devletler.js'e henuz UYGULANMADI (denetim/YAMA-KUNYE-1923-0905.json). Bu yama koşu 5b BITTIKTEN ve kunyeler RENKLENDIKTEN SONRA inecek. NOT: TDV ayrica '
yerlesimler_afrika.js	109	109	OLCULEMEDI-SLUG-COZULEMEDI		OLCULEMEDI	ADAYLAR-TUKENDI			0					Ingiltere Subat Misir→abdullah-b-huseyin,abdulaziz,abdulaziz-cavis,abdulhamid-ii,abdulmecid,afganistan ; Ingiltere Subat Misir bagimsiz tarafli→ ; Ingiltere Subat Misir bagimsiz→ ; [3] Ingiltere Subat Misir bagimsiz tarafli devlet ilan etti→toplam 0 ; [4] Ingiltere bagimsiz tarafli devlet Subat→toplam 0		28 Subat 1922'de Ingiltere tek tarafli olarak Misir'i bagimsiz devlet ilan etti	alligi devletler.js'e henuz UYGULANMADI (denetim/YAMA-KUNYE-1923-0905.json). Bu yama koşu 5b BITTIKTEN ve kunyeler RENKLENDIKTEN SONRA inecek. NOT: TDV ayrica '
yerlesimler_afrika.js	115	115	OLCULEMEDI-SLUG-COZULEMEDI		OLCULEMEDI	ADAYLAR-TUKENDI			0					Ingiltere Subat Misir→abdullah-b-huseyin,abdulaziz,abdulaziz-cavis,abdulhamid-ii,abdulmecid,afganistan ; Ingiltere Subat Misir bagimsiz tarafli→ ; Ingiltere Subat Misir bagimsiz→ ; [3] Ingiltere Subat Misir bagimsiz tarafli devlet ilan etti→toplam 0 ; [4] Ingiltere bagimsiz tarafli devlet Subat→toplam 0		28 Subat 1922'de Ingiltere tek tarafli olarak Misir'i bagimsiz devlet ilan etti	alligi devletler.js'e henuz UYGULANMADI (denetim/YAMA-KUNYE-1923-0905.json). Bu yama koşu 5b BITTIKTEN ve kunyeler RENKLENDIKTEN SONRA inecek. NOT: TDV ayrica '
yerlesimler_afrika.js	121	121	OLCULEMEDI-SLUG-COZULEMEDI		OLCULEMEDI	ADAYLAR-TUKENDI			0					Ingiltere Subat Misir→abdullah-b-huseyin,abdulaziz,abdulaziz-cavis,abdulhamid-ii,abdulmecid,afganistan ; Ingiltere Subat Misir bagimsiz tarafli→ ; Ingiltere Subat Misir bagimsiz→ ; [3] Ingiltere Subat Misir bagimsiz tarafli devlet ilan etti→toplam 0 ; [4] Ingiltere bagimsiz tarafli devlet Subat→toplam 0		28 Subat 1922'de Ingiltere tek tarafli olarak Misir'i bagimsiz devlet ilan etti	alligi devletler.js'e henuz UYGULANMADI (denetim/YAMA-KUNYE-1923-0905.json). Bu yama koşu 5b BITTIKTEN ve kunyeler RENKLENDIKTEN SONRA inecek. NOT: TDV ayrica '
yerlesimler_afrika.js	127	127	OLCULEMEDI-SLUG-COZULEMEDI		OLCULEMEDI	ADAYLAR-TUKENDI			0					Ingiltere Subat Misir→abdullah-b-huseyin,abdulaziz,abdulaziz-cavis,abdulhamid-ii,abdulmecid,afganistan ; Ingiltere Subat Misir bagimsiz tarafli→ ; Ingiltere Subat Misir bagimsiz→ ; [3] Ingiltere Subat Misir bagimsiz tarafli devlet ilan etti→toplam 0 ; [4] Ingiltere bagimsiz tarafli devlet Subat→toplam 0		28 Subat 1922'de Ingiltere tek tarafli olarak Misir'i bagimsiz devlet ilan etti	alligi devletler.js'e henuz UYGULANMADI (denetim/YAMA-KUNYE-1923-0905.json). Bu yama koşu 5b BITTIKTEN ve kunyeler RENKLENDIKTEN SONRA inecek. NOT: TDV ayrica '
yerlesimler_afrika.js	132	132	OLCULEMEDI-SLUG-COZULEMEDI		OLCULEMEDI	ADAYLAR-TUKENDI			0					Ingiltere Subat Misir→abdullah-b-huseyin,abdulaziz,abdulaziz-cavis,abdulhamid-ii,abdulmecid,afganistan ; Ingiltere Subat Misir bagimsiz tarafli→ ; Ingiltere Subat Misir bagimsiz→ ; [3] Ingiltere Subat Misir bagimsiz tarafli devlet ilan etti→toplam 0 ; [4] Ingiltere bagimsiz tarafli devlet Subat→toplam 0		28 Subat 1922'de Ingiltere tek tarafli olarak Misir'i bagimsiz devlet ilan etti	alligi devletler.js'e henuz UYGULANMADI (denetim/YAMA-KUNYE-1923-0905.json). Bu yama koşu 5b BITTIKTEN ve kunyeler RENKLENDIKTEN SONRA inecek. NOT: TDV ayrica '
yerlesimler_afrika.js	137	137	OLCULEMEDI-SLUG-COZULEMEDI		OLCULEMEDI	ADAYLAR-TUKENDI			0					Ingiltere Subat Misir→abdullah-b-huseyin,abdulaziz,abdulaziz-cavis,abdulhamid-ii,abdulmecid,afganistan ; Ingiltere Subat Misir bagimsiz tarafli→ ; Ingiltere Subat Misir bagimsiz→ ; [3] Ingiltere Subat Misir bagimsiz tarafli devlet ilan etti→toplam 0 ; [4] Ingiltere bagimsiz tarafli devlet Subat→toplam 0		28 Subat 1922'de Ingiltere tek tarafli olarak Misir'i bagimsiz devlet ilan etti	alligi devletler.js'e henuz UYGULANMADI (denetim/YAMA-KUNYE-1923-0905.json). Bu yama koşu 5b BITTIKTEN ve kunyeler RENKLENDIKTEN SONRA inecek. NOT: TDV ayrica '
yerlesimler_afrika.js	144	144	OLCULEMEDI-SLUG-COZULEMEDI		OLCULEMEDI	ADAYLAR-TUKENDI			0					Ingiltere Subat Misir→abdullah-b-huseyin,abdulaziz,abdulaziz-cavis,abdulhamid-ii,abdulmecid,afganistan ; Ingiltere Subat Misir bagimsiz tarafli→ ; Ingiltere Subat Misir bagimsiz→ ; [3] Ingiltere Subat Misir bagimsiz tarafli devlet ilan etti→toplam 0 ; [4] Ingiltere bagimsiz tarafli devlet Subat→toplam 0		28 Subat 1922'de Ingiltere tek tarafli olarak Misir'i bagimsiz devlet ilan etti	alligi devletler.js'e henuz UYGULANMADI (denetim/YAMA-KUNYE-1923-0905.json). Bu yama koşu 5b BITTIKTEN ve kunyeler RENKLENDIKTEN SONRA inecek. NOT: TDV ayrica '
yerlesimler_afrika.js	149	149	OLCULEMEDI-SLUG-COZULEMEDI		OLCULEMEDI	ADAYLAR-TUKENDI			0					Ingiltere Subat Misir→abdullah-b-huseyin,abdulaziz,abdulaziz-cavis,abdulhamid-ii,abdulmecid,afganistan ; Ingiltere Subat Misir bagimsiz tarafli→ ; Ingiltere Subat Misir bagimsiz→ ; [3] Ingiltere Subat Misir bagimsiz tarafli devlet ilan etti→toplam 0 ; [4] Ingiltere bagimsiz tarafli devlet Subat→toplam 0		28 Subat 1922'de Ingiltere tek tarafli olarak Misir'i bagimsiz devlet ilan etti	alligi devletler.js'e henuz UYGULANMADI (denetim/YAMA-KUNYE-1923-0905.json). Bu yama koşu 5b BITTIKTEN ve kunyeler RENKLENDIKTEN SONRA inecek. NOT: TDV ayrica '
yerlesimler_afrika.js	155	155	OLCULEMEDI-SLUG-COZULEMEDI		OLCULEMEDI	ADAYLAR-TUKENDI			0					Ingiltere Subat Misir→abdullah-b-huseyin,abdulaziz,abdulaziz-cavis,abdulhamid-ii,abdulmecid,afganistan ; Ingiltere Subat Misir bagimsiz tarafli→ ; Ingiltere Subat Misir bagimsiz→ ; [3] Ingiltere Subat Misir bagimsiz tarafli devlet ilan etti→toplam 0 ; [4] Ingiltere bagimsiz tarafli devlet Subat→toplam 0		28 Subat 1922'de Ingiltere tek tarafli olarak Misir'i bagimsiz devlet ilan etti	alligi devletler.js'e henuz UYGULANMADI (denetim/YAMA-KUNYE-1923-0905.json). Bu yama koşu 5b BITTIKTEN ve kunyeler RENKLENDIKTEN SONRA inecek. NOT: TDV ayrica '
yerlesimler_afrika.js	161	161	OLCULEMEDI-SLUG-COZULEMEDI		OLCULEMEDI	ADAYLAR-TUKENDI			0					Ingiltere Subat Misir→abdullah-b-huseyin,abdulaziz,abdulaziz-cavis,abdulhamid-ii,abdulmecid,afganistan ; Ingiltere Subat Misir bagimsiz tarafli→ ; Ingiltere Subat Misir bagimsiz→ ; [3] Ingiltere Subat Misir bagimsiz tarafli devlet ilan etti→toplam 0 ; [4] Ingiltere bagimsiz tarafli devlet Subat→toplam 0		28 Subat 1922'de Ingiltere tek tarafli olarak Misir'i bagimsiz devlet ilan etti	alligi devletler.js'e henuz UYGULANMADI (denetim/YAMA-KUNYE-1923-0905.json). Bu yama koşu 5b BITTIKTEN ve kunyeler RENKLENDIKTEN SONRA inecek. NOT: TDV ayrica '
yerlesimler_afrika.js	169	169	OLCULEMEDI-SLUG-COZULEMEDI		OLCULEMEDI	ADAYLAR-TUKENDI			0					Ingiltere Subat Misir→abdullah-b-huseyin,abdulaziz,abdulaziz-cavis,abdulhamid-ii,abdulmecid,afganistan ; Ingiltere Subat Misir bagimsiz tarafli→ ; Ingiltere Subat Misir bagimsiz→ ; [3] Ingiltere Subat Misir bagimsiz tarafli devlet ilan etti→toplam 0 ; [4] Ingiltere bagimsiz tarafli devlet Subat→toplam 0		28 Subat 1922'de Ingiltere tek tarafli olarak Misir'i bagimsiz devlet ilan etti	alligi devletler.js'e henuz UYGULANMADI (denetim/YAMA-KUNYE-1923-0905.json). Bu yama koşu 5b BITTIKTEN ve kunyeler RENKLENDIKTEN SONRA inecek. NOT: TDV ayrica '
yerlesimler_afrika.js	174	174	OLCULEMEDI-SLUG-COZULEMEDI		OLCULEMEDI	ADAYLAR-TUKENDI			0					Ingiltere Subat Misir→abdullah-b-huseyin,abdulaziz,abdulaziz-cavis,abdulhamid-ii,abdulmecid,afganistan ; Ingiltere Subat Misir bagimsiz tarafli→ ; Ingiltere Subat Misir bagimsiz→ ; [3] Ingiltere Subat Misir bagimsiz tarafli devlet ilan etti→toplam 0 ; [4] Ingiltere bagimsiz tarafli devlet Subat→toplam 0		28 Subat 1922'de Ingiltere tek tarafli olarak Misir'i bagimsiz devlet ilan etti	alligi devletler.js'e henuz UYGULANMADI (denetim/YAMA-KUNYE-1923-0905.json). Bu yama koşu 5b BITTIKTEN ve kunyeler RENKLENDIKTEN SONRA inecek. NOT: TDV ayrica '
yerlesimler_afrika.js	181	181	OLCULEMEDI-SLUG-COZULEMEDI		OLCULEMEDI	ADAYLAR-TUKENDI			0					Ingiltere Subat Misir→abdullah-b-huseyin,abdulaziz,abdulaziz-cavis,abdulhamid-ii,abdulmecid,afganistan ; Ingiltere Subat Misir bagimsiz tarafli→ ; Ingiltere Subat Misir bagimsiz→ ; [3] Ingiltere Subat Misir bagimsiz tarafli devlet ilan etti→toplam 0 ; [4] Ingiltere bagimsiz tarafli devlet Subat→toplam 0		28 Subat 1922'de Ingiltere tek tarafli olarak Misir'i bagimsiz devlet ilan etti	alligi devletler.js'e henuz UYGULANMADI (denetim/YAMA-KUNYE-1923-0905.json). Bu yama koşu 5b BITTIKTEN ve kunyeler RENKLENDIKTEN SONRA inecek. NOT: TDV ayrica '
yerlesimler_afrika.js	186	186	OLCULEMEDI-SLUG-COZULEMEDI		OLCULEMEDI	ADAYLAR-TUKENDI			0					Ingiltere Subat Misir→abdullah-b-huseyin,abdulaziz,abdulaziz-cavis,abdulhamid-ii,abdulmecid,afganistan ; Ingiltere Subat Misir bagimsiz tarafli→ ; Ingiltere Subat Misir bagimsiz→ ; [3] Ingiltere Subat Misir bagimsiz tarafli devlet ilan etti→toplam 0 ; [4] Ingiltere bagimsiz tarafli devlet Subat→toplam 0		28 Subat 1922'de Ingiltere tek tarafli olarak Misir'i bagimsiz devlet ilan etti	alligi devletler.js'e henuz UYGULANMADI (denetim/YAMA-KUNYE-1923-0905.json). Bu yama koşu 5b BITTIKTEN ve kunyeler RENKLENDIKTEN SONRA inecek. NOT: TDV ayrica '
yerlesimler_afrika.js	193	193	OLCULEMEDI-SLUG-COZULEMEDI		OLCULEMEDI	ADAYLAR-TUKENDI			0					Ingiltere Subat Misir→abdullah-b-huseyin,abdulaziz,abdulaziz-cavis,abdulhamid-ii,abdulmecid,afganistan ; Ingiltere Subat Misir bagimsiz tarafli→ ; Ingiltere Subat Misir bagimsiz→ ; [3] Ingiltere Subat Misir bagimsiz tarafli devlet ilan etti→toplam 0 ; [4] Ingiltere bagimsiz tarafli devlet Subat→toplam 0		28 Subat 1922'de Ingiltere tek tarafli olarak Misir'i bagimsiz devlet ilan etti	alligi devletler.js'e henuz UYGULANMADI (denetim/YAMA-KUNYE-1923-0905.json). Bu yama koşu 5b BITTIKTEN ve kunyeler RENKLENDIKTEN SONRA inecek. NOT: TDV ayrica '
yerlesimler_afrika.js	199	199	OLCULEMEDI-SLUG-COZULEMEDI		OLCULEMEDI	ADAYLAR-TUKENDI			0					Ingiltere Subat Misir→abdullah-b-huseyin,abdulaziz,abdulaziz-cavis,abdulhamid-ii,abdulmecid,afganistan ; Ingiltere Subat Misir bagimsiz tarafli→ ; Ingiltere Subat Misir bagimsiz→ ; [3] Ingiltere Subat Misir bagimsiz tarafli devlet ilan etti→toplam 0 ; [4] Ingiltere bagimsiz tarafli devlet Subat→toplam 0		28 Subat 1922'de Ingiltere tek tarafli olarak Misir'i bagimsiz devlet ilan etti	alligi devletler.js'e henuz UYGULANMADI (denetim/YAMA-KUNYE-1923-0905.json). Bu yama koşu 5b BITTIKTEN ve kunyeler RENKLENDIKTEN SONRA inecek. NOT: TDV ayrica '
yerlesimler_afrika.js	211	211	OLCULEMEDI-SLUG-COZULEMEDI		OLCULEMEDI	ADAYLAR-TUKENDI			0					Ingiltere Subat Misir→abdullah-b-huseyin,abdulaziz,abdulaziz-cavis,abdulhamid-ii,abdulmecid,afganistan ; Ingiltere Subat Misir bagimsiz tarafli→ ; Ingiltere Subat Misir bagimsiz→ ; [3] Ingiltere Subat Misir bagimsiz tarafli devlet ilan etti→toplam 0 ; [4] Ingiltere bagimsiz tarafli devlet Subat→toplam 0		28 Subat 1922'de Ingiltere tek tarafli olarak Misir'i bagimsiz devlet ilan etti	alligi devletler.js'e henuz UYGULANMADI (denetim/YAMA-KUNYE-1923-0905.json). Bu yama koşu 5b BITTIKTEN ve kunyeler RENKLENDIKTEN SONRA inecek. NOT: TDV ayrica '
yerlesimler_afrika.js	216	216	OLCULEMEDI-SLUG-COZULEMEDI		OLCULEMEDI	ADAYLAR-TUKENDI			0					Ingiltere Subat Misir→abdullah-b-huseyin,abdulaziz,abdulaziz-cavis,abdulhamid-ii,abdulmecid,afganistan ; Ingiltere Subat Misir bagimsiz tarafli→ ; Ingiltere Subat Misir bagimsiz→ ; [3] Ingiltere Subat Misir bagimsiz tarafli devlet ilan etti→toplam 0 ; [4] Ingiltere bagimsiz tarafli devlet Subat→toplam 0		28 Subat 1922'de Ingiltere tek tarafli olarak Misir'i bagimsiz devlet ilan etti	alligi devletler.js'e henuz UYGULANMADI (denetim/YAMA-KUNYE-1923-0905.json). Bu yama koşu 5b BITTIKTEN ve kunyeler RENKLENDIKTEN SONRA inecek. NOT: TDV ayrica '
yerlesimler_afrika.js	223	223	OLCULEMEDI-SLUG-COZULEMEDI		OLCULEMEDI	ADAYLAR-TUKENDI			0					Ingiltere Subat Misir→abdullah-b-huseyin,abdulaziz,abdulaziz-cavis,abdulhamid-ii,abdulmecid,afganistan ; Ingiltere Subat Misir bagimsiz tarafli→ ; Ingiltere Subat Misir bagimsiz→ ; [3] Ingiltere Subat Misir bagimsiz tarafli devlet ilan etti→toplam 0 ; [4] Ingiltere bagimsiz tarafli devlet Subat→toplam 0		28 Subat 1922'de Ingiltere tek tarafli olarak Misir'i bagimsiz devlet ilan etti	alligi devletler.js'e henuz UYGULANMADI (denetim/YAMA-KUNYE-1923-0905.json). Bu yama koşu 5b BITTIKTEN ve kunyeler RENKLENDIKTEN SONRA inecek. NOT: TDV ayrica '
yerlesimler_afrika.js	228	228	OLCULEMEDI-SLUG-COZULEMEDI		OLCULEMEDI	ADAYLAR-TUKENDI			0					Ingiltere Subat Misir→abdullah-b-huseyin,abdulaziz,abdulaziz-cavis,abdulhamid-ii,abdulmecid,afganistan ; Ingiltere Subat Misir bagimsiz tarafli→ ; Ingiltere Subat Misir bagimsiz→ ; [3] Ingiltere Subat Misir bagimsiz tarafli devlet ilan etti→toplam 0 ; [4] Ingiltere bagimsiz tarafli devlet Subat→toplam 0		28 Subat 1922'de Ingiltere tek tarafli olarak Misir'i bagimsiz devlet ilan etti	alligi devletler.js'e henuz UYGULANMADI (denetim/YAMA-KUNYE-1923-0905.json). Bu yama koşu 5b BITTIKTEN ve kunyeler RENKLENDIKTEN SONRA inecek. NOT: TDV ayrica '
yerlesimler_afrika.js	233	233	OLCULEMEDI-SLUG-COZULEMEDI		OLCULEMEDI	ADAYLAR-TUKENDI			0					Ingiltere Subat Misir→abdullah-b-huseyin,abdulaziz,abdulaziz-cavis,abdulhamid-ii,abdulmecid,afganistan ; Ingiltere Subat Misir bagimsiz tarafli→ ; Ingiltere Subat Misir bagimsiz→ ; [3] Ingiltere Subat Misir bagimsiz tarafli devlet ilan etti→toplam 0 ; [4] Ingiltere bagimsiz tarafli devlet Subat→toplam 0		28 Subat 1922'de Ingiltere tek tarafli olarak Misir'i bagimsiz devlet ilan etti	alligi devletler.js'e henuz UYGULANMADI (denetim/YAMA-KUNYE-1923-0905.json). Bu yama koşu 5b BITTIKTEN ve kunyeler RENKLENDIKTEN SONRA inecek. NOT: TDV ayrica '
yerlesimler_afrika.js	238	238	OLCULEMEDI-SLUG-COZULEMEDI		OLCULEMEDI	ADAYLAR-TUKENDI			0					Ingiltere Subat Misir→abdullah-b-huseyin,abdulaziz,abdulaziz-cavis,abdulhamid-ii,abdulmecid,afganistan ; Ingiltere Subat Misir bagimsiz tarafli→ ; Ingiltere Subat Misir bagimsiz→ ; [3] Ingiltere Subat Misir bagimsiz tarafli devlet ilan etti→toplam 0 ; [4] Ingiltere bagimsiz tarafli devlet Subat→toplam 0		28 Subat 1922'de Ingiltere tek tarafli olarak Misir'i bagimsiz devlet ilan etti	alligi devletler.js'e henuz UYGULANMADI (denetim/YAMA-KUNYE-1923-0905.json). Bu yama koşu 5b BITTIKTEN ve kunyeler RENKLENDIKTEN SONRA inecek. NOT: TDV ayrica '
yerlesimler_afrika.js	243	243	OLCULEMEDI-SLUG-COZULEMEDI		OLCULEMEDI	ADAYLAR-TUKENDI			0					Ingiltere Subat Misir→abdullah-b-huseyin,abdulaziz,abdulaziz-cavis,abdulhamid-ii,abdulmecid,afganistan ; Ingiltere Subat Misir bagimsiz tarafli→ ; Ingiltere Subat Misir bagimsiz→ ; [3] Ingiltere Subat Misir bagimsiz tarafli devlet ilan etti→toplam 0 ; [4] Ingiltere bagimsiz tarafli devlet Subat→toplam 0		28 Subat 1922'de Ingiltere tek tarafli olarak Misir'i bagimsiz devlet ilan etti	alligi devletler.js'e henuz UYGULANMADI (denetim/YAMA-KUNYE-1923-0905.json). Bu yama koşu 5b BITTIKTEN ve kunyeler RENKLENDIKTEN SONRA inecek. NOT: TDV ayrica '
yerlesimler_afrika.js	248	248	OLCULEMEDI-SLUG-COZULEMEDI		OLCULEMEDI	ADAYLAR-TUKENDI			0					Ingiltere Subat Misir→abdullah-b-huseyin,abdulaziz,abdulaziz-cavis,abdulhamid-ii,abdulmecid,afganistan ; Ingiltere Subat Misir bagimsiz tarafli→ ; Ingiltere Subat Misir bagimsiz→ ; [3] Ingiltere Subat Misir bagimsiz tarafli devlet ilan etti→toplam 0 ; [4] Ingiltere bagimsiz tarafli devlet Subat→toplam 0		28 Subat 1922'de Ingiltere tek tarafli olarak Misir'i bagimsiz devlet ilan etti	alligi devletler.js'e henuz UYGULANMADI (denetim/YAMA-KUNYE-1923-0905.json). Bu yama koşu 5b BITTIKTEN ve kunyeler RENKLENDIKTEN SONRA inecek. NOT: TDV ayrica '
yerlesimler_afrika.js	253	253	OLCULEMEDI-SLUG-COZULEMEDI		OLCULEMEDI	ADAYLAR-TUKENDI			0					Ingiltere Subat Misir→abdullah-b-huseyin,abdulaziz,abdulaziz-cavis,abdulhamid-ii,abdulmecid,afganistan ; Ingiltere Subat Misir bagimsiz tarafli→ ; Ingiltere Subat Misir bagimsiz→ ; [3] Ingiltere Subat Misir bagimsiz tarafli devlet ilan etti→toplam 0 ; [4] Ingiltere bagimsiz tarafli devlet Subat→toplam 0		28 Subat 1922'de Ingiltere tek tarafli olarak Misir'i bagimsiz devlet ilan etti	alligi devletler.js'e henuz UYGULANMADI (denetim/YAMA-KUNYE-1923-0905.json). Bu yama koşu 5b BITTIKTEN ve kunyeler RENKLENDIKTEN SONRA inecek. NOT: TDV ayrica '
yerlesimler_afrika.js	259	259	OLCULEMEDI-SLUG-COZULEMEDI		OLCULEMEDI	ADAYLAR-TUKENDI			0					Ingiltere Subat Misir→abdullah-b-huseyin,abdulaziz,abdulaziz-cavis,abdulhamid-ii,abdulmecid,afganistan ; Ingiltere Subat Misir bagimsiz tarafli→ ; Ingiltere Subat Misir bagimsiz→ ; [3] Ingiltere Subat Misir bagimsiz tarafli devlet ilan etti→toplam 0 ; [4] Ingiltere bagimsiz tarafli devlet Subat→toplam 0		28 Subat 1922'de Ingiltere tek tarafli olarak Misir'i bagimsiz devlet ilan etti	alligi devletler.js'e henuz UYGULANMADI (denetim/YAMA-KUNYE-1923-0905.json). Bu yama koşu 5b BITTIKTEN ve kunyeler RENKLENDIKTEN SONRA inecek. NOT: TDV ayrica '
yerlesimler_afrika.js	264	264	OLCULEMEDI-SLUG-COZULEMEDI		OLCULEMEDI	ADAYLAR-TUKENDI			0					Ingiltere Subat Misir→abdullah-b-huseyin,abdulaziz,abdulaziz-cavis,abdulhamid-ii,abdulmecid,afganistan ; Ingiltere Subat Misir bagimsiz tarafli→ ; Ingiltere Subat Misir bagimsiz→ ; [3] Ingiltere Subat Misir bagimsiz tarafli devlet ilan etti→toplam 0 ; [4] Ingiltere bagimsiz tarafli devlet Subat→toplam 0		28 Subat 1922'de Ingiltere tek tarafli olarak Misir'i bagimsiz devlet ilan etti	alligi devletler.js'e henuz UYGULANMADI (denetim/YAMA-KUNYE-1923-0905.json). Bu yama koşu 5b BITTIKTEN ve kunyeler RENKLENDIKTEN SONRA inecek. NOT: TDV ayrica '
yerlesimler_afrika.js	270	270	OLCULEMEDI-SLUG-COZULEMEDI		OLCULEMEDI	ADAYLAR-TUKENDI			0					Ingiltere Subat Misir→abdullah-b-huseyin,abdulaziz,abdulaziz-cavis,abdulhamid-ii,abdulmecid,afganistan ; Ingiltere Subat Misir bagimsiz tarafli→ ; Ingiltere Subat Misir bagimsiz→ ; [3] Ingiltere Subat Misir bagimsiz tarafli devlet ilan etti→toplam 0 ; [4] Ingiltere bagimsiz tarafli devlet Subat→toplam 0		28 Subat 1922'de Ingiltere tek tarafli olarak Misir'i bagimsiz devlet ilan etti	alligi devletler.js'e henuz UYGULANMADI (denetim/YAMA-KUNYE-1923-0905.json). Bu yama koşu 5b BITTIKTEN ve kunyeler RENKLENDIKTEN SONRA inecek. NOT: TDV ayrica '
yerlesimler_afrika.js	275	275	OLCULEMEDI-SLUG-COZULEMEDI		OLCULEMEDI	ADAYLAR-TUKENDI			0					Ingiltere Subat Misir→abdullah-b-huseyin,abdulaziz,abdulaziz-cavis,abdulhamid-ii,abdulmecid,afganistan ; Ingiltere Subat Misir bagimsiz tarafli→ ; Ingiltere Subat Misir bagimsiz→ ; [3] Ingiltere Subat Misir bagimsiz tarafli devlet ilan etti→toplam 0 ; [4] Ingiltere bagimsiz tarafli devlet Subat→toplam 0		28 Subat 1922'de Ingiltere tek tarafli olarak Misir'i bagimsiz devlet ilan etti	alligi devletler.js'e henuz UYGULANMADI (denetim/YAMA-KUNYE-1923-0905.json). Bu yama koşu 5b BITTIKTEN ve kunyeler RENKLENDIKTEN SONRA inecek. NOT: TDV ayrica '
yerlesimler_afrika.js	280	280	OLCULEMEDI-SLUG-COZULEMEDI		OLCULEMEDI	ADAYLAR-TUKENDI			0					Ingiltere Subat Misir→abdullah-b-huseyin,abdulaziz,abdulaziz-cavis,abdulhamid-ii,abdulmecid,afganistan ; Ingiltere Subat Misir bagimsiz tarafli→ ; Ingiltere Subat Misir bagimsiz→ ; [3] Ingiltere Subat Misir bagimsiz tarafli devlet ilan etti→toplam 0 ; [4] Ingiltere bagimsiz tarafli devlet Subat→toplam 0		28 Subat 1922'de Ingiltere tek tarafli olarak Misir'i bagimsiz devlet ilan etti	alligi devletler.js'e henuz UYGULANMADI (denetim/YAMA-KUNYE-1923-0905.json). Bu yama koşu 5b BITTIKTEN ve kunyeler RENKLENDIKTEN SONRA inecek. NOT: TDV ayrica '
yerlesimler_afrika.js	285	285	OLCULEMEDI-SLUG-COZULEMEDI		OLCULEMEDI	ADAYLAR-TUKENDI			0					Ingiltere Subat Misir→abdullah-b-huseyin,abdulaziz,abdulaziz-cavis,abdulhamid-ii,abdulmecid,afganistan ; Ingiltere Subat Misir bagimsiz tarafli→ ; Ingiltere Subat Misir bagimsiz→ ; [3] Ingiltere Subat Misir bagimsiz tarafli devlet ilan etti→toplam 0 ; [4] Ingiltere bagimsiz tarafli devlet Subat→toplam 0		28 Subat 1922'de Ingiltere tek tarafli olarak Misir'i bagimsiz devlet ilan etti	alligi devletler.js'e henuz UYGULANMADI (denetim/YAMA-KUNYE-1923-0905.json). Bu yama koşu 5b BITTIKTEN ve kunyeler RENKLENDIKTEN SONRA inecek. NOT: TDV ayrica '
yerlesimler_afrika.js	290	290	OLCULEMEDI-SLUG-COZULEMEDI		OLCULEMEDI	ADAYLAR-TUKENDI			0					Ingiltere Subat Misir→abdullah-b-huseyin,abdulaziz,abdulaziz-cavis,abdulhamid-ii,abdulmecid,afganistan ; Ingiltere Subat Misir bagimsiz tarafli→ ; Ingiltere Subat Misir bagimsiz→ ; [3] Ingiltere Subat Misir bagimsiz tarafli devlet ilan etti→toplam 0 ; [4] Ingiltere bagimsiz tarafli devlet Subat→toplam 0		28 Subat 1922'de Ingiltere tek tarafli olarak Misir'i bagimsiz devlet ilan etti	alligi devletler.js'e henuz UYGULANMADI (denetim/YAMA-KUNYE-1923-0905.json). Bu yama koşu 5b BITTIKTEN ve kunyeler RENKLENDIKTEN SONRA inecek. NOT: TDV ayrica '
yerlesimler_afrika.js	295	295	OLCULEMEDI-SLUG-COZULEMEDI		OLCULEMEDI	ADAYLAR-TUKENDI			0					Ingiltere Subat Misir→abdullah-b-huseyin,abdulaziz,abdulaziz-cavis,abdulhamid-ii,abdulmecid,afganistan ; Ingiltere Subat Misir bagimsiz tarafli→ ; Ingiltere Subat Misir bagimsiz→ ; [3] Ingiltere Subat Misir bagimsiz tarafli devlet ilan etti→toplam 0 ; [4] Ingiltere bagimsiz tarafli devlet Subat→toplam 0		28 Subat 1922'de Ingiltere tek tarafli olarak Misir'i bagimsiz devlet ilan etti	alligi devletler.js'e henuz UYGULANMADI (denetim/YAMA-KUNYE-1923-0905.json). Bu yama koşu 5b BITTIKTEN ve kunyeler RENKLENDIKTEN SONRA inecek. NOT: TDV ayrica '
yerlesimler_afrika.js	319	319	OLCULEMEDI-SLUG-COZULEMEDI		OLCULEMEDI	ADAYLAR-TUKENDI			0					Ingiltere Subat Misir→abdullah-b-huseyin,abdulaziz,abdulaziz-cavis,abdulhamid-ii,abdulmecid,afganistan ; Ingiltere Subat Misir bagimsiz tarafli→ ; Ingiltere Subat Misir bagimsiz→ ; [3] Ingiltere Subat Misir bagimsiz tarafli devlet ilan etti→toplam 0 ; [4] Ingiltere bagimsiz tarafli devlet Subat→toplam 0		28 Subat 1922'de Ingiltere tek tarafli olarak Misir'i bagimsiz devlet ilan etti	alligi devletler.js'e henuz UYGULANMADI (denetim/YAMA-KUNYE-1923-0905.json). Bu yama koşu 5b BITTIKTEN ve kunyeler RENKLENDIKTEN SONRA inecek. NOT: TDV ayrica '
yerlesimler_afrika.js	335	335	OLCULEMEDI-SLUG-COZULEMEDI		OLCULEMEDI	ADAYLAR-TUKENDI			0					Ingiltere Subat Misir→abdullah-b-huseyin,abdulaziz,abdulaziz-cavis,abdulhamid-ii,abdulmecid,afganistan ; Ingiltere Subat Misir bagimsiz tarafli→ ; Ingiltere Subat Misir bagimsiz→ ; [3] Ingiltere Subat Misir bagimsiz tarafli devlet ilan etti→toplam 0 ; [4] Ingiltere bagimsiz tarafli devlet Subat→toplam 0		28 Subat 1922'de Ingiltere tek tarafli olarak Misir'i bagimsiz devlet ilan etti	alligi devletler.js'e henuz UYGULANMADI (denetim/YAMA-KUNYE-1923-0905.json). Bu yama koşu 5b BITTIKTEN ve kunyeler RENKLENDIKTEN SONRA inecek. NOT: TDV ayrica '
yerlesimler_afrika.js	1091	1091	OLCULEMEDI-SLUG-COZULEMEDI		OLCULEMEDI	ADAYLAR-TUKENDI			0					Ingiltere Subat Misir→abdullah-b-huseyin,abdulaziz,abdulaziz-cavis,abdulhamid-ii,abdulmecid,afganistan ; Ingiltere Subat Misir bagimsiz tarafli→ ; Ingiltere Subat Misir bagimsiz→ ; [3] Ingiltere Subat Misir bagimsiz tarafli devlet ilan etti→toplam 0 ; [4] Ingiltere bagimsiz tarafli devlet Subat→toplam 0		28 Subat 1922'de Ingiltere tek tarafli olarak Misir'i bagimsiz devlet ilan etti	alligi devletler.js'e henuz UYGULANMADI (denetim/YAMA-KUNYE-1923-0905.json). Bu yama koşu 5b BITTIKTEN ve kunyeler RENKLENDIKTEN SONRA inecek. NOT: TDV ayrica '
yerlesimler_afrika.js	1095	1095	OLCULEMEDI-SLUG-COZULEMEDI		OLCULEMEDI	ADAYLAR-TUKENDI			0					Ingiltere Subat Misir→abdullah-b-huseyin,abdulaziz,abdulaziz-cavis,abdulhamid-ii,abdulmecid,afganistan ; Ingiltere Subat Misir bagimsiz tarafli→ ; Ingiltere Subat Misir bagimsiz→ ; [3] Ingiltere Subat Misir bagimsiz tarafli devlet ilan etti→toplam 0 ; [4] Ingiltere bagimsiz tarafli devlet Subat→toplam 0		28 Subat 1922'de Ingiltere tek tarafli olarak Misir'i bagimsiz devlet ilan etti	alligi devletler.js'e henuz UYGULANMADI (denetim/YAMA-KUNYE-1923-0905.json). Bu yama koşu 5b BITTIKTEN ve kunyeler RENKLENDIKTEN SONRA inecek. NOT: TDV ayrica '
yerlesimler_afrika.js	1099	1099	OLCULEMEDI-SLUG-COZULEMEDI		OLCULEMEDI	ADAYLAR-TUKENDI			0					Ingiltere Subat Misir→abdullah-b-huseyin,abdulaziz,abdulaziz-cavis,abdulhamid-ii,abdulmecid,afganistan ; Ingiltere Subat Misir bagimsiz tarafli→ ; Ingiltere Subat Misir bagimsiz→ ; [3] Ingiltere Subat Misir bagimsiz tarafli devlet ilan etti→toplam 0 ; [4] Ingiltere bagimsiz tarafli devlet Subat→toplam 0		28 Subat 1922'de Ingiltere tek tarafli olarak Misir'i bagimsiz devlet ilan etti	alligi devletler.js'e henuz UYGULANMADI (denetim/YAMA-KUNYE-1923-0905.json). Bu yama koşu 5b BITTIKTEN ve kunyeler RENKLENDIKTEN SONRA inecek. NOT: TDV ayrica '
yerlesimler_afrika.js	1103	1103	OLCULEMEDI-SLUG-COZULEMEDI		OLCULEMEDI	ADAYLAR-TUKENDI			0					Ingiltere Subat Misir→abdullah-b-huseyin,abdulaziz,abdulaziz-cavis,abdulhamid-ii,abdulmecid,afganistan ; Ingiltere Subat Misir bagimsiz tarafli→ ; Ingiltere Subat Misir bagimsiz→ ; [3] Ingiltere Subat Misir bagimsiz tarafli devlet ilan etti→toplam 0 ; [4] Ingiltere bagimsiz tarafli devlet Subat→toplam 0		28 Subat 1922'de Ingiltere tek tarafli olarak Misir'i bagimsiz devlet ilan etti	alligi devletler.js'e henuz UYGULANMADI (denetim/YAMA-KUNYE-1923-0905.json). Bu yama koşu 5b BITTIKTEN ve kunyeler RENKLENDIKTEN SONRA inecek. NOT: TDV ayrica '
yerlesimler_anadolu_0914.js	56	54	OLCULEMEDI-SLUG-COZULEMEDI		OLCULEMEDI	ADAYLAR-TUKENDI			0					sırasında savunmada sonradan→anayasa,bu-said-hanedani,din,haclilar,islah,ibn-haldun ; sırasında savunmada sonradan olanlar teslim→din,haclilar,islah,ibn-haldun,istanbul,kibris ; [4] sırasında savunmada sonradan olanlar teslim→toplam 7		fetih sırasında savunmada kalan ve sonradan teslim olanlar	 için DEVRALINDI ve kaynaksız oldukları burada BİLDİRİLİR. 🔴 1281-1350 trabzon-rum bir ÇIKARIMDIR: TDV kalenin fetihten önce Rum savunmasında olduğunu söyler ('
yerlesimler_ek13.js	233	232	OLCULEMEDI-SLUG-COZULEMEDI		OLCULEMEDI	ADAYLAR-TUKENDI			0					yerleşim geçtiği resmî→afrika,amasya,anadolu,ankara,arap,asya ; yerleşim geçtiği resmî kayda tarih→arap,cami,cisr-i-mustafa-pasa--kopru,giresun,isparta,ibnul-arabi-muhyiddin ; [4] yerleşim geçtiği resmî kayda tarih→toplam 23		yerleşim olarak resmî kayda geçtiği tarih	в 1860 году русскими охотниками-промысловиками» (değişik kaynaklara göre 1786 ya da 1860'ta Rus avcı-tuzakçılar tarafından kuruldu), VE sayfa 1860'ı AYRIYETEN «
yerlesimler_nokta_ortadogu_0917.js	42	42	OLCULEMEDI-SLUG-COZULEMEDI		OLCULEMEDI	ADAYLAR-TUKENDI			0					Tâif doğusundaki vahası→abdulaziz-b-suud ; Tâif doğusundaki vahası hurma→abdulaziz-b-suud ; [4] doğusundaki vahası hurma Tâif→toplam 1	ingilizce	Tâif'in doğusundaki hurma vahası	I/1055, 1080-86). Lorimer'in garnizon listesinde (Bîşe, Rânye, Türabe) Hurma YOK; 1815-01-13→1818-09-09 BOŞ bırakıldı. 1919-05-26: TDV'ye göre Şerif'e verilen '
ekokuma_antlasma4.js	1225	1205	OLCULEMEDI-SLUG-COZULEMEDI		OLCULEMEDI	ANAHTAR-KELIME-YOK			0							En az beş kez savaştı	(makale–TDV): Kerden makalede '14 Eylül 1746', TDV '17 Şâban 1159 / 4 Eylül 1746'; Ahmed Paşa makalede '16 Ocak 1732', TDV 10 veya 8 Ocak. Kart TDV'yi izledi. '
ekokuma_dunya.js	454	450	OLCULEMEDI-SLUG-COZULEMEDI		OLCULEMEDI	ANAHTAR-KELIME-YOK			0							engel var mı yok mu	gular (Baltık'ın 1721'de siyasi engelinin kalkması, ama Karadeniz arayışının hâlâ 'coğrafi bir gereklilik' diye sürmesi) bir arada okunduğunda, sorunun yalnız '
kronoloji_cok_once1281_avrupa.js	111	111	OLCULEMEDI-SLUG-COZULEMEDI		OLCULEMEDI	ANAHTAR-KELIME-YOK			0						diger-latin	a la darreria del 1118	" şehri almasıyla dört asırdan beri devam eden İslâm hâkimiyeti sona erdi (4 Ramazan 512 / 19 Aralık 1118).'"", ""ic_not_t"": ""Gün TDV'den. GEC 'Alfons I d’Aragó' '"
paket_13.js	1042	1042	OLCULEMEDI-SLUG-COZULEMEDI		OLCULEMEDI	ANAHTAR-KELIME-YOK			0							on 6 December 1922	""",kaynak:""RTÉ Century Ireland (İrlanda ulusal yayıncısının Boston College ortaklı akademik tarih projesi): 'The constitution of the Irish Free State became law "
yer_yama_avrupa_1923.js	111	107	OLCULEMEDI-SLUG-COZULEMEDI		OLCULEMEDI	ANAHTAR-KELIME-YOK			0							on 6 December 1922	"  kaynak:""RTÉ Century Ireland (İrlanda ulusal yayıncısının Boston College ortaklı akademik tarih projesi): 'The constitution of the Irish Free State became law "
yerlesimler.js	1037	1037	OLCULEMEDI-SLUG-COZULEMEDI		OLCULEMEDI	ANAHTAR-KELIME-YOK			0							on 6 December 1922	""",kaynak:""RTÉ Century Ireland (İrlanda ulusal yayıncısının Boston College ortaklı akademik tarih projesi): 'The constitution of the Irish Free State became law "
devletler.js	789	789	OLCULEMEDI-SLUG-COZULEMEDI		OLCULEMEDI	ARAMA-SONUCSUZ			0					Kidnap Pope→ ; Kidnap Pope→		To Kidnap a Pope	k etti; Papa VII. Pius'u aforoz etmesi üzerine Fransız kuvvetleri Papa'yı tutuklayıp 1814'e kadar hapsetti (TDV kapsamıyor — akademik kaynak: Ambrogio Caiani, '
devletler.js	2597	2597	OLCULEMEDI-SLUG-COZULEMEDI		OLCULEMEDI	ARAMA-SONUCSUZ			0					Ndoffene Kumba Famak→ ; Ndoffene Kumba→ ; Ndoffene Kumba Famak Joof→ ; [4] Ndoffene Kumba Famak Joof→toplam 0		Kumba Ndoffene Famak Joof	"    { t:""1853-01-01"", tur:""hukumdar"", b:"""
devletler.js	3153	3153	OLCULEMEDI-SLUG-COZULEMEDI		OLCULEMEDI	ARAMA-SONUCSUZ			0					Burundi Mwezi→ ; Burundi Mwezi→	ingilizce	Mwezi IV of Burundi	"""hukumdar"", b:""Mwami Mwezi IV Gisabo tahta çıktı (1860-1908 hüküm sürdü)"", kaynak:""bulunamadı (TDV) — standart akademik kaynak, çevrimiçi ikincil kaynaklarla ('"
devletler.js	3216	3216	OLCULEMEDI-SLUG-COZULEMEDI		OLCULEMEDI	ARAMA-SONUCSUZ			0					Counterinsurgency Operations German→ ; Counterinsurgency Operations→ ; Counterinsurgency Operations German Africa East→ ; Counterinsurgency Operations German Africa→ ; [4] Counterinsurgency Operations German Africa East→toplam 0	ingilizce	German Counterinsurgency Operations in East Africa: The Hehe War	"galo'da (Rugaro) Alman sömürge kolonuna baskın düzenledi"", kaynak:""bulunamadı (TDV) — standart akademik kaynak, GÜN hassasiyeti çevrimiçi ikincil kaynaklarla ('"
devletler.js	3710	3710	OLCULEMEDI-SLUG-COZULEMEDI		OLCULEMEDI	ARAMA-SONUCSUZ			0					Northwest Pacific smallpox→ ; Northwest Pacific→ ; Northwest Pacific smallpox epidemic→ ; [4] Northwest smallpox epidemic Pacific→toplam 0		1862 Pacific Northwest smallpox epidemic	"29'a düştü); birçok tarihi köy (Ninstints dahil) tamamen terk edildi"", kaynak:""bulunamadı (TDV yok) — standart akademik kaynak, çevrimiçi ikincil kaynaklarla ('"
devletler.js	3820	3820	OLCULEMEDI-SLUG-COZULEMEDI		OLCULEMEDI	ARAMA-SONUCSUZ			0					Pontotoc Treaty Creek→ ; Pontotoc Treaty→ ; [4] Pontotoc Treaty Creek→toplam 0	ingilizce	Treaty of Pontotoc Creek	"tıya taşınmasını uygun toprak bulunması şartına bağlayan ilk anlaşma"", kaynak:""bulunamadı (TDV yok) — standart akademik kaynak, çevrimiçi ikincil kaynaklarla ('"
devletler.js	3853	3853	OLCULEMEDI-SLUG-COZULEMEDI		OLCULEMEDI	ARAMA-SONUCSUZ			0					Hidatsa Arikara Mandan→ ; Hidatsa Arikara→ ; Hidatsa Arikara Mandan Nation→ ; [4] Hidatsa Arikara Mandan Nation→toplam 0	ingilizce	Mandan, Hidatsa, and Arikara Nation	", b:""1837 çiçek salgını, Mandan nüfusunun büyük çoğunluğunu yok etti"", kaynak:""bulunamadı (TDV yok) — standart akademik kaynak, çevrimiçi ikincil kaynaklarla ('"
devletler.js	4021	4021	OLCULEMEDI-SLUG-COZULEMEDI		OLCULEMEDI	ARAMA-SONUCSUZ			0					Standing Crook Bear→ ; Standing Crook→ ; [4] Standing Crook Bear→toplam 0		Standing Bear v. Crook	"    { t:""1879-05-12"", tur:""hukumdar"", b:"""
devletler.js	4919	4919	OLCULEMEDI-SLUG-COZULEMEDI		OLCULEMEDI	ARAMA-SONUCSUZ			0					Singapore Founding modern→ ; Singapore Founding→ ; Singapore Founding modern years→ ; [4] Singapore Founding modern years→toplam 0	ingilizce	Founding years of modern Singapore	"a bir ticaret merkezi kurma hakkı için antlaşma imzaladı"", kaynak:""bulunamadı (TDV) — standart akademik kaynak, GÜN hassasiyeti çevrimiçi ikincil kaynaklarla ('"
devletler.js	5086	5083	OLCULEMEDI-SLUG-COZULEMEDI		OLCULEMEDI	ARAMA-SONUCSUZ			0					Rainbow Kings→ ; Rainbow Kings→	ingilizce	The Rainbow and the Kings	"  kaynak:""bulunamadı — TDV'de müstakil maddesi yok, dayanak: standart akademik kaynak (Thomas Q. Reefe, '"
devletler.js	6026	6026	OLCULEMEDI-SLUG-COZULEMEDI		OLCULEMEDI	ARAMA-SONUCSUZ			0					bölgedeki künyede görülen→ ; bölgedeki künyede→ ; bölgedeki künyede görülen kuruluş birçok→ ; bölgedeki künyede görülen kuruluş→ ; [4] bölgedeki künyede görülen kuruluş birçok→toplam 0		si (bu bölgedeki birçok künyede görülen desen) gerçek kuruluş değil 'atlas ufku	kademik kaynak, çevrimiçi ikincil kaynaklarla ('Jayavarman VII') doğrulandı. 🔴 NOT: künyenin f: alanı 1281, bu olay 1181 — 100 yıl ÖNCE. Muhtemelen künyenin f:'
devletler.js	6692	6692	OLCULEMEDI-SLUG-COZULEMEDI		OLCULEMEDI	ARAMA-SONUCSUZ			0					Battle Bạch Đằng→ ; Battle Bạch→ ; [4] Battle Bạch Đằng→toplam 0	ingilizce	Battle of Bạch Đằng (1288)	"la Moğol donanmasını yok etti; üçüncü Moğol istilası da geri püskürtüldü"", kaynak:""bulunamadı (TDV) — standart akademik kaynak, çevrimiçi ikincil kaynaklarla ('"
devletler.js	6702	6702	OLCULEMEDI-SLUG-COZULEMEDI		OLCULEMEDI	ARAMA-SONUCSUZ			0					Amritsar Treaty→ ; Amritsar Treaty→	ingilizce	Treaty of Amritsar (1846)	" destek verip Sih Devleti'nin yenilgisine katkıda bulundu"", kaynak:""bulunamadı (TDV) — standart akademik kaynak, çevrimiçi ikincil kaynaklarla ('Gulab Singh', '"
devletler.js	7008	7008	OLCULEMEDI-SLUG-COZULEMEDI		OLCULEMEDI	ARAMA-SONUCSUZ			0		AM — AYNEN			Ecuador after soon→ ; Ecuador after→ ; [4] Ecuador after soon→toplam 0	ingilizce	and Ecuador soon after	enin kendi f: degeridir, kaynaktan DOGRULANMADI.  🔴 HASSASIYET DUZELTILDI (kalem 3): kunyenin gunu 1830-05-13 idi, kaynak YIL veriyor (TDV-AM 1830). EB-VE ise «
devletler.js	7019	7019	OLCULEMEDI-SLUG-COZULEMEDI		OLCULEMEDI	ARAMA-SONUCSUZ			0					Venezuela broke away→ ; Venezuela broke→ ; [4] Venezuela broke away→toplam 0	ingilizce	Venezuela broke away in 1829	IYOR.  🔴🔴 HASSASIYET **VE YIL** DUZELTILDI (kalem 3): kunye 1830-01-13 diyor; IKI BAGIMSIZ KAYNAK 1829 diyor — TDV-AM «1829'da Venezuela … ayrilinca» ve EB-VE «
devletler.js	7019	7019	OLCULEMEDI-SLUG-COZULEMEDI		OLCULEMEDI	ARAMA-SONUCSUZ			0					kaynagi kunyeyi degil→ ; kaynagi kunyeyi→ ; kaynagi kunyeyi degil izle→ ; [4] kaynagi kunyeyi degil izle→toplam 0		kaynagi izle, kunyeyi degil	ILDI (kalem 3): kunye 1830-01-13 diyor; IKI BAGIMSIZ KAYNAK 1829 diyor — TDV-AM «1829'da Venezuela … ayrilinca» ve EB-VE «Venezuela broke away in 1829». Kural '
devletler.js	7019	7019	OLCULEMEDI-SLUG-COZULEMEDI		OLCULEMEDI	ARAMA-SONUCSUZ			0					Venezuela Paez kongresi→ ; Venezuela Paez→ ; Venezuela Paez kongresi toplayip anayasa→ ; Venezuela Paez kongresi toplayip→ ; [4] Venezuela kongresi toplayip anayasa devleti→toplam 0		Paez Venezuela icin bir anayasa kongresi toplayip devleti kurdu	evletin RESMI KURULUSUNU degil. Kunyenin f: degeri 1830-01-13 buyuk ihtimalle ikinci soruyu cevapliyor — ve bu yamada o soruya AYRI bir madde var (1830-01-01, «
devletler.js	7117	7117	OLCULEMEDI-SLUG-COZULEMEDI		OLCULEMEDI	ARAMA-SONUCSUZ			0					Dancing Treaty Rabbit→ ; Dancing Treaty→ ; Dancing Treaty Rabbit Creek→ ; [4] Dancing Treaty Rabbit Creek→toplam 0	ingilizce	Treaty of Dancing Rabbit Creek	"ek'te 6000 kadar Choctaw erkek, kadın ve çocukla görüşmeler başlattı"", kaynak:""bulunamadı (TDV yok) — standart akademik kaynak, çevrimiçi ikincil kaynaklarla ('"
devletler.js	7821	7821	OLCULEMEDI-SLUG-COZULEMEDI		OLCULEMEDI	ARAMA-SONUCSUZ			0					Avusturya modellenmiş işgali→ ; Avusturya modellenmiş→ ; Avusturya modellenmiş işgali ayrıca→ ; [4] modellenmiş Avusturya işgali ayrıca→toplam 0		1717-1738 Avusturya işgali ayrıca modellenmiş	rad Muharebesi, 16 Ağustos 1717 — bazı kaynaklarda 18 Ağustos teslim) — TDV kapsam dışı, gün ayrıca doğrulanmalı. NOT: bu pencere künyenin kendi ozet alanında '
devletler.js	7874	7871	OLCULEMEDI-SLUG-COZULEMEDI		OLCULEMEDI	ARAMA-SONUCSUZ			0					Dominion Baroda India→ ; Dominion Baroda→ ; Dominion Baroda India merged into→ ; Dominion Baroda India merged→ ; [4] Dominion Baroda merged India into→toplam 0	ingilizce	Baroda merged into the Dominion of India on 1 May 1949	"  kaynak:""bulunamadı — TDV'de müstakil maddesi yok, dayanak: standart akademik kaynak. f: yıl net, gün bulunamadı. t: WebSearch — \"""
devletler.js	9516	9514	OLCULEMEDI-SLUG-COZULEMEDI		OLCULEMEDI	ARAMA-SONUCSUZ			0					Vijayalaya Pallava occupation→ ; Vijayalaya Pallava→ ; Vijayalaya Pallava occupation initiated territory→ ; Vijayalaya Pallava occupation initiated→ ; [4] Vijayalaya occupation initiated territory Pallava→toplam 0	ingilizce	Vijayalaya He initiated the occupation of Pallava territory around 850–870 CE.	"  alinti_f:"""
devletler.js	9518	9514	OLCULEMEDI-SLUG-COZULEMEDI		OLCULEMEDI	ARAMA-SONUCSUZ			0					Chola dynasty ended→ ; Chola dynasty→ ; [4] dynasty Chola ended→toplam 0	ingilizce	The Chola dynasty ended in 1279.	"  alinti_t:"""
devletler.js	10219	10215	OLCULEMEDI-SLUG-COZULEMEDI		OLCULEMEDI	ARAMA-SONUCSUZ			0					Palermo cedette→ ; Palermo cedette→		Palermo cedette nel 1071	"natiftir, o durumda 1072-1130 Norman Sicilya'sına ayrı \""sicilya-kontlugu\"" künyesi gerekir (yoksa delik). Palermo tarihi: TDV 1072, Treccani Ruggero I 1071 (\"""
devletler.js	10316	10311	OLCULEMEDI-SLUG-COZULEMEDI		OLCULEMEDI	ARAMA-SONUCSUZ			0					Samuilovo bizantskim pritiskom→ ; Samuilovo bizantskim→ ; Samuilovo bizantskim pritiskom carstvo palo→ ; Samuilovo bizantskim pritiskom carstvo→ ; [4] bizantskim pritiskom Samuilovo carstvo palo→toplam 0		pod bizantskim pritiskom 1018. palo je Samuilovo carstvo	"  ic_not_t:""Yalnız yıl (1018); TDV ve HE ('"
devletler.js	10329	10325	OLCULEMEDI-SLUG-COZULEMEDI		OLCULEMEDI	ARAMA-SONUCSUZ			0					Bizanta ustanak protiv→ ; Bizanta ustanak→ ; Bizanta ustanak protiv poveo→ ; [4] ustanak Bizanta protiv poveo→toplam 0		Oko 1031. poveo je ustanak protiv Bizanta	"  ic_not_f:""TDV birincil: 1036. HE 'Vojislav, Stefan' farklı kronoloji verir: '"
devletler.js	10329	10325	OLCULEMEDI-SLUG-COZULEMEDI		OLCULEMEDI	ARAMA-SONUCSUZ			0					Pobjegavši zatočeništva→ ; Pobjegavši zatočeništva→		Pobjegavši iz zatočeništva (oko 1038)	"  ic_not_f:""TDV birincil: 1036. HE 'Vojislav, Stefan' farklı kronoloji verir: 'Oko 1031. poveo je ustanak protiv Bizanta', '"
devletler.js	10329	10325	OLCULEMEDI-SLUG-COZULEMEDI		OLCULEMEDI	ARAMA-SONUCSUZ			0					dračkoga stratega porazio→ ; dračkoga stratega→ ; [4] dračkoga stratega porazio→toplam 0		oko 1040. porazio dračkoga stratega	"not_f:""TDV birincil: 1036. HE 'Vojislav, Stefan' farklı kronoloji verir: 'Oko 1031. poveo je ustanak protiv Bizanta', 'Pobjegavši iz zatočeništva (oko 1038)', '"
devletler.js	10608	10606	OLCULEMEDI-SLUG-COZULEMEDI		OLCULEMEDI	ARAMA-SONUCSUZ			0					Azerbaycan Türkİslâm hânedanı→ ; Azerbaycan Türkİslâm→ ; Azerbaycan Türkİslâm hânedanı hüküm süren→ ; Azerbaycan Türkİslâm hânedanı hüküm→ ; [4] Azerbaycan hânedanı hüküm süren İslâm→toplam 81 ; [4] Azerbaycan hânedanı hüküm süren→toplam 93 ; [4] Azerbaycan hânedanı hüküm→toplam 164		Azerbaycan’da hüküm süren bir Türk-İslâm hânedanı (889-929)	"  ic_not_f:""TDV başlığı: '"
ekokuma_karsi.js	106	96	OLCULEMEDI-SLUG-COZULEMEDI		OLCULEMEDI	ARAMA-SONUCSUZ			0					Cervantes kaybettiğini ayrıntısı→ ; Cervantes kaybettiğini→ ; Cervantes kaybettiğini ayrıntısı yüzyılın söylüyor→ ; Cervantes kaybettiğini ayrıntısı yüzyılın→ ; [4] kaybettiğini Cervantes ayrıntısı yüzyılın söylüyor→toplam 0	ingilizce	XVI. yüzyılın ikinci çeyreği'ne koyuyor. TDV Cervantes'in sol kolunu kaybettiğini söylüyor; akademik kaynakta uzuv ayrıntısı yok, 'yaralandı	ı, yazılmadı. TDV İÇİ ÇELİŞKİ: inebahti-deniz-savasi '190 gemi', inebahti (Kiel) '200-250 gemi' — metinde ikisi de gösterildi. Kiel maddesi savaşı yanlışlıkla '
ekokuma_kasrisirin.js	80	70	OLCULEMEDI-SLUG-COZULEMEDI		OLCULEMEDI	ARAMA-SONUCSUZ			0					Türkiyeİran belirleyen sınırını→ ; Türkiyeİran belirleyen→ ; Türkiyeİran belirleyen sınırını antlaşma bugünkü→ ; Türkiyeİran belirleyen sınırını antlaşma→ ; [4] belirleyen sınırını antlaşma bugünkü Türkiye→toplam 10		bugünkü Türkiye-İran doğu sınırını belirleyen antlaşma	in gün doğruluğu bu oturumda SINANMADI (bağ yalnız başlık eşleşmesi). 'Irak-İran' cümlesi coğrafî tespittir, TDV'de o kelimelerle geçmez; TDV'nin tanım satırı '
ekokuma_padisah.js	49	47	OLCULEMEDI-SLUG-COZULEMEDI		OLCULEMEDI	ARAMA-SONUCSUZ			0					muhakemesi yerindeydi gününde→ ; muhakemesi yerindeydi→ ; muhakemesi yerindeydi gününde yedi→ ; [4] muhakemesi yerindeydi gününde yedi→toplam 0		ancak yedi gününde muhakemesi yerindeydi	rşı çıktığını ve hükümetin buna karşı ek raporlar aldırdığını da not düşer — yani teşhis ÇAĞDAŞLARI ARASINDA BİLE tartışmalıydı. Doksan üç günlük saltanatının '
ekokuma_padisah.js	312	310	OLCULEMEDI-SLUG-COZULEMEDI		OLCULEMEDI	ARAMA-SONUCSUZ			0					hâlihî status→ ; hâlihî status→		alâ hâlihî (status quo)	lı dil.\n\n**Nerede kullanıldı (atlasın verisinden doğrulanmış, tekrarlanan bir usul):**\n· **Vasvar Antlaşması (9 Ağustos 1664)** — TDV maddesi ilkeyi açıkça '
ekokuma_padisah.js	317	310	OLCULEMEDI-SLUG-COZULEMEDI		OLCULEMEDI	ARAMA-SONUCSUZ			0					kapsamıyor tanecik boşluğu→ ; kapsamıyor tanecik→ ; [4] kapsamıyor tanecik boşluğu→toplam 0		TDV kapsamıyor, tanecik boşluğu	ti possidetis' için de TDV'de madde yok — uluslararası hukuk karşılığı akademik/genel kaynaktan (Oxford Bibliographies, hukuk ansiklopedileri) verildi, bu bir '
ekokuma_toplum.js	233	229	OLCULEMEDI-SLUG-COZULEMEDI		OLCULEMEDI	ARAMA-SONUCSUZ			0					belirsizdir ebrunun kökeni→ ; belirsizdir ebrunun→ ; belirsizdir ebrunun kökeni tarihi kesin→ ; belirsizdir ebrunun kökeni tarihi→ ; [4] belirsizdir ebrunun kökeni tarihi kesin→toplam 0		ebrunun kesin kökeni ve tarihi belirsizdir	"  bag:""🔴 BU KARTIN İKİ TARİHİ DE UYDURMADIR-GİBİ GÖRÜNÜR AMA DEĞİLDİR: `olay:` alanı BİLEREK BOŞ bırakıldı çünkü TDV kendisi '"
ekokuma_yenilesme.js	34	34	OLCULEMEDI-SLUG-COZULEMEDI		OLCULEMEDI	ARAMA-SONUCSUZ			0					halkhattat matbaayı öfkeli→ ; halkhattat matbaayı→ ; halkhattat matbaayı öfkeli hedef aldı→ ; halkhattat matbaayı öfkeli hedef→ ; [4] matbaayı öfkeli hattat hedef halk→toplam 0		öfkeli halk/hattat matbaayı hedef aldı	nun da destekçisi olduğu Lâle Devri'ni bitiren 1730 Patrona Halil İsyanı'ndan zarar görmeden çıktı; TDV'nin ifadesiyle 'yara almadan kurtuldu.' Bu, geleneksel '
gecitler.js	292	289	OLCULEMEDI-SLUG-COZULEMEDI		OLCULEMEDI	ARAMA-SONUCSUZ			0					TAMAMLANMIŞTIR TosyaMerzifon Kızılırmak→ ; TAMAMLANMIŞTIR TosyaMerzifon→ ; TAMAMLANMIŞTIR TosyaMerzifon Kızılırmak NOKTASINDA KIZILIRMAK→ ; TAMAMLANMIŞTIR TosyaMerzifon Kızılırmak NOKTASINDA→ ; [4] tamamlanmiştir üzeri̇ndeki̇ yaptırıldığı birleştiren Kızılırmak→toplam 0	ingilizce	Kızılırmak nehrinin Tosya-Merzifon yoluyla kesiştiği ÖNEMLİ BİR GEÇİŞ NOKTASINDA… Kasabanın iki kısmını birleştiren… Koyun Baba… KIZILIRMAK ÜZERİNDEKİ TAHTA KÖPRÜNÜN YERİNE bir köprünün inşasını vaad eden II. Bayezid'in tahta geçişinden sonra yaptırıldığı kayıtlıdır… köprü 894 (1489) yılında TAMAMLANMIŞTIR.	"  not:""🟢 KADEME GEÇİŞİNİN EN TEMİZ VAKASI. TDV: '"
gecitler.js	361	358	OLCULEMEDI-SLUG-COZULEMEDI		OLCULEMEDI	ARAMA-SONUCSUZ			0					Amuderya verisinde sınanamaz→ ; Amuderya verisinde→ ; Amuderya verisinde sınanamaz motorun nehir→ ; Amuderya verisinde sınanamaz motorun→ ; [4] verisinde sınanamaz Amuderya motorun nehir→toplam 0		Amuderya motorun nehir verisinde YOK, bu kayıt sınanamaz	 geçer. ⚠️ Kalıcı köprü yok (ilk köprü 1982 Hayratan). Koordinat: yerleşim verisinde kayıt YOK — standart coğrafî koordinat. 🟢 DÜZELTME: bu kaydın ilk hâlinde '
kademe_4ff22b.js	54	54	OLCULEMEDI-SLUG-COZULEMEDI		OLCULEMEDI	ARAMA-SONUCSUZ			0					gectigi sancak liva→ ; gectigi sancak→ ; [4] gectigi sancak liva→toplam 0		sancak (liva) olarak gectigi	"  {ad:""Merâga"", k:2, kaynak:""meraga"", neden:""TDV: 1534-1585 Osmanli kayitlarinda '"
kademe_4ff22b.js	56	56	OLCULEMEDI-SLUG-COZULEMEDI		OLCULEMEDI	ARAMA-SONUCSUZ			0					Kralligi Afgan merkezi→ ; Kralligi Afgan→ ; Kralligi Afgan merkezi oldu→ ; [4] Kralligi merkezi Afgan oldu→toplam 0		Afgan Kralligi'nin merkezi oldu	"  {ad:""Kandehar"", k:2, kaynak:""kandehar"", neden:""TDV: Zunnun Argun 'Kandehar'i kendisine merkez yapti' ve '"
kademe_4ff22b.js	80	80	OLCULEMEDI-SLUG-COZULEMEDI		OLCULEMEDI	ARAMA-SONUCSUZ			0					Gubernatorlugu Turkistan MERKEZI→ ; Gubernatorlugu Turkistan→ ; Gubernatorlugu Turkistan MERKEZI Sehir Genel→ ; Gubernatorlugu Turkistan MERKEZI Sehir→ ; [4] Gubernatorlugu Turkistan kurulan merkezi yapildi→toplam 0		Sehir 1867'de kurulan Turkistan Genel Gubernatorlugu'nun MERKEZI yapildi	"  {ad:""Taşkent"", k:1, kaynak:""taskent"", kd:[{f:""1867-01-01"", t:""1923-10-29"", k:1, m:null}], neden:""TDV: '"
kademe_4ff22b.js	107	107	OLCULEMEDI-SLUG-COZULEMEDI		OLCULEMEDI	ARAMA-SONUCSUZ			0					ZENCAN Ustani Zencan→ ; ZENCAN Ustani→ ; ZENCAN Ustani Zencan eyaleti→ ; [4] eyaleti zencan Zencan Ustan→toplam 1		ZENCAN eyaleti (Ustan-i Zencan)	"  {ad:""Zencan"", k:2, kaynak:""zencan"", neden:""TDV: '"
kademe_e9353f.js	383	382	OLCULEMEDI-SLUG-COZULEMEDI		OLCULEMEDI	ARAMA-SONUCSUZ			0					Terraferma Relazioni rettori→ ; Terraferma Relazioni→ ; Terraferma Relazioni rettori veneti→ ; [4] Terraferma Relazioni rettori veneti→toplam 0	ingilizce	Relazioni dei rettori veneti in Terraferma	" neden:""PODESTERIA E CAPITANATO — Venedik Terraferma'sinin bolge merkezi. Kaynak TDV DEGIL: '"
kademe_e9353f.js	383	382	OLCULEMEDI-SLUG-COZULEMEDI		OLCULEMEDI	ARAMA-SONUCSUZ			0					Podesteria Brescia capitanato→ ; Podesteria Brescia→ ; [4] Podesteria capitanato Brescia→toplam 0		Podesteria e capitanato di Brescia	ma' Vol. XI, ed. Amelio Tagliaferri, Istituto di Storia Economica, Universita di Trieste (birincil kaynak nesri). Cildin BASLIGI birimi dogrudan adlandiriyor: '
kademe_e9353f.js	433	432	OLCULEMEDI-SLUG-COZULEMEDI		OLCULEMEDI	ARAMA-SONUCSUZ			0					Dalmatia Venetian Zadar→ ; Dalmatia Venetian→ ; Dalmatia Venetian Zadar administrative administration→ ; Dalmatia Venetian Zadar administrative→ ; [4] administrative administration Dalmatia Venetian centre→toplam 0	ingilizce	Zadar was the administrative centre of Dalmatia during the Venetian administration (1409-1797)	YA'NIN IDARI MERKEZI — provveditore generale'nin oturagi. Kaynak TDV DEGIL (zadar slug'i OLU 302): hrcak.srce.hr hakemli portali ve unizd.hr, kendi cumlesiyle '
kronoloji_cok_ince_misir_orta_asya.js	217	213	OLCULEMEDI-SLUG-COZULEMEDI		OLCULEMEDI	ARAMA-SONUCSUZ			0					Yarkent Cungar tâbiiyetine→ ; Yarkent Cungar→ ; Yarkent Cungar tâbiiyetine hanları girdi→ ; Yarkent Cungar tâbiiyetine hanları→ ; [4] tâbiiyetine Yarkent hanları Cungar girdi→toplam 0		Yarkent hanları Cungar tâbiiyetine girdi	"    ic_not_t:""TDV yalnız yıl verir. '"
kronoloji_cok_once1281_avrupa.js	176	176	OLCULEMEDI-SLUG-COZULEMEDI		OLCULEMEDI	ARAMA-SONUCSUZ			0					bugarski vladar→ ; bugarski vladar→		bugarski vladar od 1197	"tır.' · Hrvatska enciklopedija — 'Kalojan' — https://www.enciklopedija.hr/clanak/kalojan"", ""ic_not_t"": ""Yalnız yıl. Kaloyan'ın tahta çıkışı TDV ve HE'de 1197 ('"
kronoloji_cok_once1281_avrupa.js	233	233	OLCULEMEDI-SLUG-COZULEMEDI		OLCULEMEDI	ARAMA-SONUCSUZ			0					CastellaLleó Ferran→ ; CastellaLleó Ferran→ ; [4] Castella Ferran Lleó→toplam 0		Ferran III de Castella-Lleó	"enme gücünü kaybederek yapılan bir antlaşma çerçevesinde teslim oldu (10 Şevval 640 / 2 Nisan 1243).'"", ""ic_not_t"": ""Gün TDV'den. Gırnata'dan kaçış güdüsü GEC '"
kronoloji_sinir_guney_g8.js	144	144	OLCULEMEDI-SLUG-COZULEMEDI		OLCULEMEDI	ARAMA-SONUCSUZ			0					Rainbow Kings→ ; Rainbow Kings→	ingilizce	The Rainbow and the Kings	"ması.)"",""kaynak"":""devletler.js “luba” künye kronolojisi (kaynak: bulunamadı — TDV'de müstakil maddesi yok, dayanak: standart akademik kaynak (Thomas Q. Reefe, '"
olaylar_ek17.js	56	53	OLCULEMEDI-SLUG-COZULEMEDI		OLCULEMEDI	ARAMA-SONUCSUZ			0					sevkettiğini şenliklerle oyaladığını→ ; sevkettiğini şenliklerle→ ; sevkettiğini şenliklerle oyaladığını eğlenceye hediye→ ; sevkettiğini şenliklerle oyaladığını eğlenceye→ ; [4] sevkettiğini şenliklerle oyaladığını eğlenceye hediye→toplam 0		eğlenceye sevkettiğini, hediye ve şenliklerle oyaladığını	ta çıkan IV. Murad'ın ilk yıllarında annesi Kösem Sultan'ın nüfuzu belirleyiciydi; TDV İslâm Ansiklopedisi, Kösem'in oğlundaki iktidar eğiliminden çekinip onu '
olaylar_ek8.js	353	353	OLCULEMEDI-SLUG-COZULEMEDI		OLCULEMEDI	ARAMA-SONUCSUZ			0					devralınır bildirilir kaynaksız→ ; devralınır bildirilir→ ; devralınır bildirilir kaynaksız yazılmaz künyenin→ ; devralınır bildirilir kaynaksız yazılmaz→ ; [4] devralınır bildirilir kaynaksız yazılmaz künyenin→toplam 0		kaba tarih yazılmaz, künyenin günü devralınır, künyenin gününün de kaynaksız olduğu bildirilir.	 künyenin kendi t: günü (1924-01-01, TDV'nin yalnız yıl vermesinin YYYY-01-01 karşılığı) DEVRALINDI — 5 Eylül 2026 `KRONOLOJİ BOŞ KÜNYE` emsaliyle aynı karar: '
paket_02.js	446	446	OLCULEMEDI-SLUG-COZULEMEDI		OLCULEMEDI	ARAMA-SONUCSUZ			0					devralınır bildirilir kaynaksız→ ; devralınır bildirilir→ ; devralınır bildirilir kaynaksız yazılmaz künyenin→ ; devralınır bildirilir kaynaksız yazılmaz→ ; [4] devralınır bildirilir kaynaksız yazılmaz künyenin→toplam 0		kaba tarih yazılmaz, künyenin günü devralınır, künyenin gününün de kaynaksız olduğu bildirilir.	 künyenin kendi t: günü (1924-01-01, TDV'nin yalnız yıl vermesinin YYYY-01-01 karşılığı) DEVRALINDI — 5 Eylül 2026 `KRONOLOJİ BOŞ KÜNYE` emsaliyle aynı karar: '
paket_04.js	61	58	OLCULEMEDI-SLUG-COZULEMEDI		OLCULEMEDI	ARAMA-SONUCSUZ			0					sevkettiğini şenliklerle oyaladığını→ ; sevkettiğini şenliklerle→ ; sevkettiğini şenliklerle oyaladığını eğlenceye hediye→ ; sevkettiğini şenliklerle oyaladığını eğlenceye→ ; [4] sevkettiğini şenliklerle oyaladığını eğlenceye hediye→toplam 0		eğlenceye sevkettiğini, hediye ve şenliklerle oyaladığını	ta çıkan IV. Murad'ın ilk yıllarında annesi Kösem Sultan'ın nüfuzu belirleyiciydi; TDV İslâm Ansiklopedisi, Kösem'in oğlundaki iktidar eğiliminden çekinip onu '
paket_05.js	808	808	OLCULEMEDI-SLUG-COZULEMEDI		OLCULEMEDI	ARAMA-SONUCSUZ			0					Kidnap Pope→ ; Kidnap Pope→		To Kidnap a Pope	k etti; Papa VII. Pius'u aforoz etmesi üzerine Fransız kuvvetleri Papa'yı tutuklayıp 1814'e kadar hapsetti (TDV kapsamıyor — akademik kaynak: Ambrogio Caiani, '
paket_05.js	2616	2616	OLCULEMEDI-SLUG-COZULEMEDI		OLCULEMEDI	ARAMA-SONUCSUZ			0					Ndoffene Kumba Famak→ ; Ndoffene Kumba→ ; Ndoffene Kumba Famak Joof→ ; [4] Ndoffene Kumba Famak Joof→toplam 0		Kumba Ndoffene Famak Joof	"    { t:""1853-01-01"", tur:""hukumdar"", b:"""
paket_05.js	3172	3172	OLCULEMEDI-SLUG-COZULEMEDI		OLCULEMEDI	ARAMA-SONUCSUZ			0					Burundi Mwezi→ ; Burundi Mwezi→	ingilizce	Mwezi IV of Burundi	"""hukumdar"", b:""Mwami Mwezi IV Gisabo tahta çıktı (1860-1908 hüküm sürdü)"", kaynak:""bulunamadı (TDV) — standart akademik kaynak, çevrimiçi ikincil kaynaklarla ('"
paket_05.js	3235	3235	OLCULEMEDI-SLUG-COZULEMEDI		OLCULEMEDI	ARAMA-SONUCSUZ			0					Counterinsurgency Operations German→ ; Counterinsurgency Operations→ ; Counterinsurgency Operations German Africa East→ ; Counterinsurgency Operations German Africa→ ; [4] Counterinsurgency Operations German Africa East→toplam 0	ingilizce	German Counterinsurgency Operations in East Africa: The Hehe War	"galo'da (Rugaro) Alman sömürge kolonuna baskın düzenledi"", kaynak:""bulunamadı (TDV) — standart akademik kaynak, GÜN hassasiyeti çevrimiçi ikincil kaynaklarla ('"
paket_05.js	3729	3729	OLCULEMEDI-SLUG-COZULEMEDI		OLCULEMEDI	ARAMA-SONUCSUZ			0					Northwest Pacific smallpox→ ; Northwest Pacific→ ; Northwest Pacific smallpox epidemic→ ; [4] Northwest smallpox epidemic Pacific→toplam 0		1862 Pacific Northwest smallpox epidemic	"29'a düştü); birçok tarihi köy (Ninstints dahil) tamamen terk edildi"", kaynak:""bulunamadı (TDV yok) — standart akademik kaynak, çevrimiçi ikincil kaynaklarla ('"
paket_05.js	3839	3839	OLCULEMEDI-SLUG-COZULEMEDI		OLCULEMEDI	ARAMA-SONUCSUZ			0					Pontotoc Treaty Creek→ ; Pontotoc Treaty→ ; [4] Pontotoc Treaty Creek→toplam 0	ingilizce	Treaty of Pontotoc Creek	"tıya taşınmasını uygun toprak bulunması şartına bağlayan ilk anlaşma"", kaynak:""bulunamadı (TDV yok) — standart akademik kaynak, çevrimiçi ikincil kaynaklarla ('"
paket_05.js	3872	3872	OLCULEMEDI-SLUG-COZULEMEDI		OLCULEMEDI	ARAMA-SONUCSUZ			0					Hidatsa Arikara Mandan→ ; Hidatsa Arikara→ ; Hidatsa Arikara Mandan Nation→ ; [4] Hidatsa Arikara Mandan Nation→toplam 0	ingilizce	Mandan, Hidatsa, and Arikara Nation	", b:""1837 çiçek salgını, Mandan nüfusunun büyük çoğunluğunu yok etti"", kaynak:""bulunamadı (TDV yok) — standart akademik kaynak, çevrimiçi ikincil kaynaklarla ('"
paket_05.js	4040	4040	OLCULEMEDI-SLUG-COZULEMEDI		OLCULEMEDI	ARAMA-SONUCSUZ			0					Standing Crook Bear→ ; Standing Crook→ ; [4] Standing Crook Bear→toplam 0		Standing Bear v. Crook	"    { t:""1879-05-12"", tur:""hukumdar"", b:"""
paket_05.js	4938	4938	OLCULEMEDI-SLUG-COZULEMEDI		OLCULEMEDI	ARAMA-SONUCSUZ			0					Singapore Founding modern→ ; Singapore Founding→ ; Singapore Founding modern years→ ; [4] Singapore Founding modern years→toplam 0	ingilizce	Founding years of modern Singapore	"a bir ticaret merkezi kurma hakkı için antlaşma imzaladı"", kaynak:""bulunamadı (TDV) — standart akademik kaynak, GÜN hassasiyeti çevrimiçi ikincil kaynaklarla ('"
paket_05.js	5105	5102	OLCULEMEDI-SLUG-COZULEMEDI		OLCULEMEDI	ARAMA-SONUCSUZ			0					Rainbow Kings→ ; Rainbow Kings→	ingilizce	The Rainbow and the Kings	"  kaynak:""bulunamadı — TDV'de müstakil maddesi yok, dayanak: standart akademik kaynak (Thomas Q. Reefe, '"
paket_05.js	6045	6045	OLCULEMEDI-SLUG-COZULEMEDI		OLCULEMEDI	ARAMA-SONUCSUZ			0					bölgedeki künyede görülen→ ; bölgedeki künyede→ ; bölgedeki künyede görülen kuruluş birçok→ ; bölgedeki künyede görülen kuruluş→ ; [4] bölgedeki künyede görülen kuruluş birçok→toplam 0		si (bu bölgedeki birçok künyede görülen desen) gerçek kuruluş değil 'atlas ufku	kademik kaynak, çevrimiçi ikincil kaynaklarla ('Jayavarman VII') doğrulandı. 🔴 NOT: künyenin f: alanı 1281, bu olay 1181 — 100 yıl ÖNCE. Muhtemelen künyenin f:'
paket_05.js	6711	6711	OLCULEMEDI-SLUG-COZULEMEDI		OLCULEMEDI	ARAMA-SONUCSUZ			0					Battle Bạch Đằng→ ; Battle Bạch→ ; [4] Battle Bạch Đằng→toplam 0	ingilizce	Battle of Bạch Đằng (1288)	"la Moğol donanmasını yok etti; üçüncü Moğol istilası da geri püskürtüldü"", kaynak:""bulunamadı (TDV) — standart akademik kaynak, çevrimiçi ikincil kaynaklarla ('"
paket_05.js	6721	6721	OLCULEMEDI-SLUG-COZULEMEDI		OLCULEMEDI	ARAMA-SONUCSUZ			0					Amritsar Treaty→ ; Amritsar Treaty→	ingilizce	Treaty of Amritsar (1846)	" destek verip Sih Devleti'nin yenilgisine katkıda bulundu"", kaynak:""bulunamadı (TDV) — standart akademik kaynak, çevrimiçi ikincil kaynaklarla ('Gulab Singh', '"
paket_05.js	7027	7027	OLCULEMEDI-SLUG-COZULEMEDI		OLCULEMEDI	ARAMA-SONUCSUZ			0		AM — AYNEN			Ecuador after soon→ ; Ecuador after→ ; [4] Ecuador after soon→toplam 0	ingilizce	and Ecuador soon after	enin kendi f: degeridir, kaynaktan DOGRULANMADI.  🔴 HASSASIYET DUZELTILDI (kalem 3): kunyenin gunu 1830-05-13 idi, kaynak YIL veriyor (TDV-AM 1830). EB-VE ise «
paket_05.js	7038	7038	OLCULEMEDI-SLUG-COZULEMEDI		OLCULEMEDI	ARAMA-SONUCSUZ			0					Venezuela broke away→ ; Venezuela broke→ ; [4] Venezuela broke away→toplam 0	ingilizce	Venezuela broke away in 1829	IYOR.  🔴🔴 HASSASIYET **VE YIL** DUZELTILDI (kalem 3): kunye 1830-01-13 diyor; IKI BAGIMSIZ KAYNAK 1829 diyor — TDV-AM «1829'da Venezuela … ayrilinca» ve EB-VE «
paket_05.js	7038	7038	OLCULEMEDI-SLUG-COZULEMEDI		OLCULEMEDI	ARAMA-SONUCSUZ			0					kaynagi kunyeyi degil→ ; kaynagi kunyeyi→ ; kaynagi kunyeyi degil izle→ ; [4] kaynagi kunyeyi degil izle→toplam 0		kaynagi izle, kunyeyi degil	ILDI (kalem 3): kunye 1830-01-13 diyor; IKI BAGIMSIZ KAYNAK 1829 diyor — TDV-AM «1829'da Venezuela … ayrilinca» ve EB-VE «Venezuela broke away in 1829». Kural '
paket_05.js	7038	7038	OLCULEMEDI-SLUG-COZULEMEDI		OLCULEMEDI	ARAMA-SONUCSUZ			0					Venezuela Paez kongresi→ ; Venezuela Paez→ ; Venezuela Paez kongresi toplayip anayasa→ ; Venezuela Paez kongresi toplayip→ ; [4] Venezuela kongresi toplayip anayasa devleti→toplam 0		Paez Venezuela icin bir anayasa kongresi toplayip devleti kurdu	evletin RESMI KURULUSUNU degil. Kunyenin f: degeri 1830-01-13 buyuk ihtimalle ikinci soruyu cevapliyor — ve bu yamada o soruya AYRI bir madde var (1830-01-01, «
paket_05.js	7136	7136	OLCULEMEDI-SLUG-COZULEMEDI		OLCULEMEDI	ARAMA-SONUCSUZ			0					Dancing Treaty Rabbit→ ; Dancing Treaty→ ; Dancing Treaty Rabbit Creek→ ; [4] Dancing Treaty Rabbit Creek→toplam 0	ingilizce	Treaty of Dancing Rabbit Creek	"ek'te 6000 kadar Choctaw erkek, kadın ve çocukla görüşmeler başlattı"", kaynak:""bulunamadı (TDV yok) — standart akademik kaynak, çevrimiçi ikincil kaynaklarla ('"
paket_05.js	7840	7840	OLCULEMEDI-SLUG-COZULEMEDI		OLCULEMEDI	ARAMA-SONUCSUZ			0					Avusturya modellenmiş işgali→ ; Avusturya modellenmiş→ ; Avusturya modellenmiş işgali ayrıca→ ; [4] modellenmiş Avusturya işgali ayrıca→toplam 0		1717-1738 Avusturya işgali ayrıca modellenmiş	rad Muharebesi, 16 Ağustos 1717 — bazı kaynaklarda 18 Ağustos teslim) — TDV kapsam dışı, gün ayrıca doğrulanmalı. NOT: bu pencere künyenin kendi ozet alanında '
paket_05.js	7893	7890	OLCULEMEDI-SLUG-COZULEMEDI		OLCULEMEDI	ARAMA-SONUCSUZ			0					Dominion Baroda India→ ; Dominion Baroda→ ; Dominion Baroda India merged into→ ; Dominion Baroda India merged→ ; [4] Dominion Baroda merged India into→toplam 0	ingilizce	Baroda merged into the Dominion of India on 1 May 1949	"  kaynak:""bulunamadı — TDV'de müstakil maddesi yok, dayanak: standart akademik kaynak. f: yıl net, gün bulunamadı. t: WebSearch — \"""
paket_05.js	9535	9533	OLCULEMEDI-SLUG-COZULEMEDI		OLCULEMEDI	ARAMA-SONUCSUZ			0					Vijayalaya Pallava occupation→ ; Vijayalaya Pallava→ ; Vijayalaya Pallava occupation initiated territory→ ; Vijayalaya Pallava occupation initiated→ ; [4] Vijayalaya occupation initiated territory Pallava→toplam 0	ingilizce	Vijayalaya He initiated the occupation of Pallava territory around 850–870 CE.	"  alinti_f:"""
paket_05.js	9537	9533	OLCULEMEDI-SLUG-COZULEMEDI		OLCULEMEDI	ARAMA-SONUCSUZ			0					Chola dynasty ended→ ; Chola dynasty→ ; [4] dynasty Chola ended→toplam 0	ingilizce	The Chola dynasty ended in 1279.	"  alinti_t:"""
paket_05.js	10238	10234	OLCULEMEDI-SLUG-COZULEMEDI		OLCULEMEDI	ARAMA-SONUCSUZ			0					Palermo cedette→ ; Palermo cedette→		Palermo cedette nel 1071	"natiftir, o durumda 1072-1130 Norman Sicilya'sına ayrı \""sicilya-kontlugu\"" künyesi gerekir (yoksa delik). Palermo tarihi: TDV 1072, Treccani Ruggero I 1071 (\"""
paket_05.js	10335	10330	OLCULEMEDI-SLUG-COZULEMEDI		OLCULEMEDI	ARAMA-SONUCSUZ			0					Samuilovo bizantskim pritiskom→ ; Samuilovo bizantskim→ ; Samuilovo bizantskim pritiskom carstvo palo→ ; Samuilovo bizantskim pritiskom carstvo→ ; [4] bizantskim pritiskom Samuilovo carstvo palo→toplam 0		pod bizantskim pritiskom 1018. palo je Samuilovo carstvo	"  ic_not_t:""Yalnız yıl (1018); TDV ve HE ('"
paket_05.js	10348	10344	OLCULEMEDI-SLUG-COZULEMEDI		OLCULEMEDI	ARAMA-SONUCSUZ			0					Bizanta ustanak protiv→ ; Bizanta ustanak→ ; Bizanta ustanak protiv poveo→ ; [4] ustanak Bizanta protiv poveo→toplam 0		Oko 1031. poveo je ustanak protiv Bizanta	"  ic_not_f:""TDV birincil: 1036. HE 'Vojislav, Stefan' farklı kronoloji verir: '"
paket_05.js	10348	10344	OLCULEMEDI-SLUG-COZULEMEDI		OLCULEMEDI	ARAMA-SONUCSUZ			0					Pobjegavši zatočeništva→ ; Pobjegavši zatočeništva→		Pobjegavši iz zatočeništva (oko 1038)	"  ic_not_f:""TDV birincil: 1036. HE 'Vojislav, Stefan' farklı kronoloji verir: 'Oko 1031. poveo je ustanak protiv Bizanta', '"
paket_05.js	10348	10344	OLCULEMEDI-SLUG-COZULEMEDI		OLCULEMEDI	ARAMA-SONUCSUZ			0					dračkoga stratega porazio→ ; dračkoga stratega→ ; [4] dračkoga stratega porazio→toplam 0		oko 1040. porazio dračkoga stratega	"not_f:""TDV birincil: 1036. HE 'Vojislav, Stefan' farklı kronoloji verir: 'Oko 1031. poveo je ustanak protiv Bizanta', 'Pobjegavši iz zatočeništva (oko 1038)', '"
paket_05.js	10627	10625	OLCULEMEDI-SLUG-COZULEMEDI		OLCULEMEDI	ARAMA-SONUCSUZ			0					Azerbaycan Türkİslâm hânedanı→ ; Azerbaycan Türkİslâm→ ; Azerbaycan Türkİslâm hânedanı hüküm süren→ ; Azerbaycan Türkİslâm hânedanı hüküm→ ; [4] Azerbaycan hânedanı hüküm süren İslâm→toplam 81 ; [4] Azerbaycan hânedanı hüküm süren→toplam 93 ; [4] Azerbaycan hânedanı hüküm→toplam 164		Azerbaycan’da hüküm süren bir Türk-İslâm hânedanı (889-929)	"  ic_not_f:""TDV başlığı: '"
paket_09.js	428	428	OLCULEMEDI-SLUG-COZULEMEDI		OLCULEMEDI	ARAMA-SONUCSUZ			0					Rainbow Kings→ ; Rainbow Kings→	ingilizce	The Rainbow and the Kings	"ması.)"",""kaynak"":""devletler.js “luba” künye kronolojisi (kaynak: bulunamadı — TDV'de müstakil maddesi yok, dayanak: standart akademik kaynak (Thomas Q. Reefe, '"
paket_14.js	874	873	OLCULEMEDI-SLUG-COZULEMEDI		OLCULEMEDI	ARAMA-SONUCSUZ			0					охотникамипромысловиками источникам основано→ ; охотникамипромысловиками источникам→ ; охотникамипромысловиками источникам основано русскими разным→ ; охотникамипромысловиками источникам основано русскими→ ; [4] промысловиками источникам охотниками основано русскими→toplam 0	kiril	По разным источникам, основано то ли в 1786, то ли в 1860 году русскими охотниками-промысловиками	26): dönem başı 1668→1786'ya çekildi. Kaynak RAS Dilbilim Enstitüsü 'Siberian Lang' projesi (siberian-lang.iling-ran.ru/naselennyy-punkt/erbogachyon) — AYNEN: «
yer_yama.js	334	334	OLCULEMEDI-SLUG-COZULEMEDI		OLCULEMEDI	ARAMA-SONUCSUZ			0					Oltenitza başlıklarında bulunamadı→ ; Oltenitza başlıklarında→ ; Oltenitza başlıklarında bulunamadı madde sonuç→ ; Oltenitza başlıklarında bulunamadı madde→ ; [4] başlıklarında bulunamadı Oltenitza madde sonuç→toplam 0		Oltenitza için madde başlıklarında sonuç bulunamadı	"b:""Oltenitsa Zaferi: Tuna cephesinde ilk Osmanlı başarısı"", eksik_nokta:{ad:""Oltenitsa (Oltenița, Romanya)"",enlem:44.09,boylam:26.64,kaynak:""TDV arama sonucu: '"
yer_yama_acik.js	72	68	OLCULEMEDI-SLUG-COZULEMEDI		OLCULEMEDI	ARAMA-SONUCSUZ			0		TARIH.md KALEM 11a			başlamamalı memluk önce→ ; başlamamalı memluk→ ; [4] başlamamalı memluk önce→toplam 0		memluk 1391'den önce başlamamalı	"  ""olcum"": ""denetim/TDV-TARIH.md KALEM 11a (NET — yalnız BİTİŞ tarihi ve '"
yer_yama_avrupa_1923.js	105	99	OLCULEMEDI-SLUG-COZULEMEDI		OLCULEMEDI	ARAMA-SONUCSUZ			0					Vienna congresso finale→ ; Vienna congresso→ ; [4] congresso finale Vienna→toplam 0		con l'atto finale del congresso di Vienna	 NEL 1557 ... Cosimo si decise a renderlo a Iacopo VI'), 1805 Elisa Bonaparte, 1815 Viyana Kongresi Nihai Senedi ile Toskana'ya birleştirme ('Caduto Napoleone, 
yer_yama_veri31.js	30	25	OLCULEMEDI-SLUG-COZULEMEDI		OLCULEMEDI	ARAMA-SONUCSUZ			0					kronolojide maddesi gerçek→ ; kronolojide maddesi→ ; kronolojide maddesi gerçek olmalı böyle→ ; kronolojide maddesi gerçek olmalı→ ; [4] kronolojide maddesi gerçek olmalı böyle→toplam 0		böyle bir gerçek var ise kronolojide maddesi olmalı.	alı (§4). Kronoloji tarafında da bu üç kırılmanın (1352, 1517, 1608) her biri için madde var mı kontrol edilmeli — H-0007'nin kendi sorusu zaten bunu istiyor: '
yerlesimler_ek13.js	233	232	OLCULEMEDI-SLUG-COZULEMEDI		OLCULEMEDI	ARAMA-SONUCSUZ			0					охотникамипромысловиками источникам основано→ ; охотникамипромысловиками источникам→ ; охотникамипромысловиками источникам основано русскими разным→ ; охотникамипромысловиками источникам основано русскими→ ; [4] промысловиками источникам охотниками основано русскими→toplam 0	kiril	По разным источникам, основано то ли в 1786, то ли в 1860 году русскими охотниками-промысловиками	26): dönem başı 1668→1786'ya çekildi. Kaynak RAS Dilbilim Enstitüsü 'Siberian Lang' projesi (siberian-lang.iling-ran.ru/naselennyy-punkt/erbogachyon) — AYNEN: «
kronoloji_cok_arabistan2.js	37	32	OLCULEMEDI-SLUG-COZULEMEDI		OLCULEMEDI	BELIRSIZ-21-MADDEDE		amerika,ayamavra,cerkezler,hadramut,kibris,koprulu,mardin,misir	21							XVIII. yüzyılın ilk yarısında	"  ic_not_d:""Harita Seyûn'u 1700-01-01'de yemen-zeydi→kesiri-sultanligi geri çeviriyor; TDV bunun için yalnız '"
paket_30.js	163	158	OLCULEMEDI-SLUG-COZULEMEDI		OLCULEMEDI	BELIRSIZ-21-MADDEDE		amerika,ayamavra,cerkezler,hadramut,kibris,koprulu,mardin,misir	21							XVIII. yüzyılın ilk yarısında	"  ic_not_d:""Harita Seyûn'u 1700-01-01'de yemen-zeydi→kesiri-sultanligi geri çeviriyor; TDV bunun için yalnız '"
paket_13.js	1037	1037	OLCULEMEDI-OLU-302	agadez-sultanligi	OLCULEMEDI	IPUCU-OLU:agadez-sultanligi			0	agadez-sultanligi				Sultanligi Agadez Tuareg→ ; Sultanligi Agadez→		Agadez (Air) Sultanligi — Tuareg	"YOR."",kaynak:""bulunamadi — TDV'de `agadez` slug'i OLU (302) ve kapsayici bir madde ARANMADI. Tarih atlasin KENDI kunyesinden devralindi: `agadez-sultanligi` (\"""
yer_yama_1923_bosluk_0906.js	16	16	OLCULEMEDI-OLU-302	agadez-sultanligi	OLCULEMEDI	IPUCU-OLU:agadez-sultanligi			0	agadez-sultanligi				Sultanligi Agadez Tuareg→ ; Sultanligi Agadez→		Agadez (Air) Sultanligi — Tuareg	"i""}], kaynak:""bulunamadi — TDV'de `agadez` slug'i OLU (302) ve kapsayici bir madde ARANMADI. Tarih atlasin KENDI kunyesinden devralindi: `agadez-sultanligi` (\"""
yerlesimler.js	1032	1032	OLCULEMEDI-OLU-302	agadez-sultanligi	OLCULEMEDI	IPUCU-OLU:agadez-sultanligi			0	agadez-sultanligi				Sultanligi Agadez Tuareg→ ; Sultanligi Agadez→		Agadez (Air) Sultanligi — Tuareg	"YOR."",kaynak:""bulunamadi — TDV'de `agadez` slug'i OLU (302) ve kapsayici bir madde ARANMADI. Tarih atlasin KENDI kunyesinden devralindi: `agadez-sultanligi` (\"""
ekokuma_magazin.js	461	445	OLCULEMEDI-OLU-302	hal	OLCULEMEDI	IPUCU-OLU:hal			0	hal				İbrâhim YANLIŞ Ağlebî→abbasiler,arap,avrupa,bagdat,bimaristan,cami		TDV: ibrahim--padisah (gövde okundu, HTTP 200) · ölü: ibrahim (302), ibrahim--osmanli-padisahi (302) · ibrahim-i (200 ama YANLIŞ MADDE: Ağlebî İbrâhim b. el-Ağleb)	"ağlı madde hal ve katli birlikte taşır (8-18 Ağustos). TDV ayrıca XX. yüzyılda yaygınlaşan 'Deli' lakabını reddeder (ayrı madde: 1644-01-01).\"" Eski `kaynak`: '"
gecitler.js	204	201	OLCULEMEDI-OLU-302	kale-cifti	OLCULEMEDI	IPUCU-OLU:kale-cifti			0	kale-cifti				Osmanlı Boğdan Hotin→abdulhamid-i,bender-kalesi,bogdan,bucak,canikli-haci-ali-pasa-ailesi,decei-aurel		Boğdan voyvodalıktır ama Hotin rayası doğrudan Osmanlı'dır	rşısında TURLA ÜSTÜNDE BİR KÖPRÜ KURULDU (İzvança/Zuravno).' ⚠️ O köprü SEFER köprüsüdür (1676 Zurawno), kalıcı değil ⇒ `kale-cifti`. 🟢 Hotin `CLAUDE.md §3`ün '
devletler.js	8003	7999	OLCULEMEDI-OLU-302	mozambik-adasini-1898-yilina-kadar-merkezi	OLCULEMEDI	IPUCU-OLU:mozambik-adasini-1898-yilina-kadar-merkezi			0	mozambik-adasini-1898-yilina-kadar-merkezi				Lourenco Marques officially→ ; Lourenco Marques→mozambik	ingilizce	The capital was moved officially … to Lourenco Marques in 1907	nyelerle DİZİN düzeyinde örtüşür — harita ayrı kayıtlarla boyar. 🔴 ÇELİŞKİ (başkent taşınması): TDV «Mozambik adasını … 1898 yılına kadar … merkezi» ↔ IBS 112 «
paket_05.js	8022	8018	OLCULEMEDI-OLU-302	mozambik-adasini-1898-yilina-kadar-merkezi	OLCULEMEDI	IPUCU-OLU:mozambik-adasini-1898-yilina-kadar-merkezi			0	mozambik-adasini-1898-yilina-kadar-merkezi				Lourenco Marques officially→ ; Lourenco Marques→mozambik	ingilizce	The capital was moved officially … to Lourenco Marques in 1907	nyelerle DİZİN düzeyinde örtüşür — harita ayrı kayıtlarla boyar. 🔴 ÇELİŞKİ (başkent taşınması): TDV «Mozambik adasını … 1898 yılına kadar … merkezi» ↔ IBS 112 «
paket_13.js	9135	9135	OLCULEMEDI-OLU-302	okununca	OLCULEMEDI	IPUCU-OLU:okununca			0	okununca				Balıklagu İnkerman Mangub→kefe		Balıklagu ve İnkerman da Mangub'a bağlı şehirlerdi	p Kefe sancağının kazasıydı, Kırım Hanlığı'nın değil. Bu düzeltme AYRICA İnkirman'ı da kapatıyor: veride zaten m:'Mankup' yazılıydı ve TDV bunu da doğruluyor ('
yer_yama_kademe_zincir.js	15	13	OLCULEMEDI-OLU-302	okununca	OLCULEMEDI	IPUCU-OLU:okununca			0	okununca				Balıklagu İnkerman Mangub→kefe		Balıklagu ve İnkerman da Mangub'a bağlı şehirlerdi	p Kefe sancağının kazasıydı, Kırım Hanlığı'nın değil. Bu düzeltme AYRICA İnkirman'ı da kapatıyor: veride zaten m:'Mankup' yazılıydı ve TDV bunu da doğruluyor ('
yerlesimler_ek2.js	134	134	OLCULEMEDI-OLU-302	okununca	OLCULEMEDI	IPUCU-OLU:okununca			0	okununca				Balıklagu İnkerman Mangub→kefe		Balıklagu ve İnkerman da Mangub'a bağlı şehirlerdi	p Kefe sancağının kazasıydı, Kırım Hanlığı'nın değil. Bu düzeltme AYRICA İnkirman'ı da kapatıyor: veride zaten m:'Mankup' yazılıydı ve TDV bunu da doğruluyor ('
ekokuma_karsi.js	70	60	OLCULEMEDI-OLU-302	orduda-bulunan-froissart	OLCULEMEDI	IPUCU-OLU:orduda-bulunan-froissart			0	orduda-bulunan-froissart				Osmanlı yaklaştığını şövalyeler→nigbolu-savasi,suleyman-i		şövalyeler Osmanlı'nın yaklaştığını öğle yemeğinde duydu	liamlarına tepki olarak anıyor. TDV'nin 'orduda bulunan Froissart' ifadesi DOĞRULANMADI (Kaçar-Dumolyn savaşta bulunduğunu söylemiyor) — yazılmadı. Taslaktaki '
ekokuma_karsi.js	70	60	OLCULEMEDI-OLU-302	orduda-bulunan-froissart	OLCULEMEDI	IPUCU-OLU:orduda-bulunan-froissart			0	orduda-bulunan-froissart				Schiltberger sayısı→alaeddin-bey--karamanogullari,bimaristan,bursa,edirne,gelibolu,giresun		Schiltberger ölü sayısı 10 bin	art' ifadesi DOĞRULANMADI (Kaçar-Dumolyn savaşta bulunduğunu söylemiyor) — yazılmadı. Taslaktaki 'şövalyeler Osmanlı'nın yaklaştığını öğle yemeğinde duydu' ve '
paket_13.js	2295	2295	OLCULEMEDI-OLU-302	palu	OLCULEMEDI	IPUCU-OLU:palu			0	palu				Yüzyılda Hükümeti Palu→halidiyye,hukumet,ocaklik,venedik,kurtler,zazalar		XVI. Yüzyılda Palu Hükümeti	 olduğu BİLİNİYOR (Harput Artuklu kolu 1234'te bitti). TDV Palu'yu ADIYLA anmıyor (`palu` slug'ı 302). AKADEMİK TUR YAPILDI ve SONUÇ BİR SINIRDIR: M. A. Ünal, '
paket_13.js	2295	2295	OLCULEMEDI-OLU-302	palu	OLCULEMEDI	IPUCU-OLU:palu			0	palu				gerçekleştiğini belirleme imkânına→fahreddin-er-razi,farabi,goldziher-ignaz,hiristiyanlik,husun-ve-kubuh,ibnul-arabi-muhyiddin		bunun hangi tarihte gerçekleştiğini belirleme imkânına sahip değiliz	İR SINIRDIR: M. A. Ünal, 'XVI. Yüzyılda Palu Hükümeti' (XI. Türk Tarih Kongresi, 1990) hânedan listesi veriyor ama TARİH vermiyor, ve Palu beyleri için açıkça '
yerlesimler.js	2290	2290	OLCULEMEDI-OLU-302	palu	OLCULEMEDI	IPUCU-OLU:palu			0	palu				Yüzyılda Hükümeti Palu→halidiyye,hukumet,ocaklik,venedik,kurtler,zazalar		XVI. Yüzyılda Palu Hükümeti	 olduğu BİLİNİYOR (Harput Artuklu kolu 1234'te bitti). TDV Palu'yu ADIYLA anmıyor (`palu` slug'ı 302). AKADEMİK TUR YAPILDI ve SONUÇ BİR SINIRDIR: M. A. Ünal, '
yerlesimler.js	2290	2290	OLCULEMEDI-OLU-302	palu	OLCULEMEDI	IPUCU-OLU:palu			0	palu				gerçekleştiğini belirleme imkânına→fahreddin-er-razi,farabi,goldziher-ignaz,hiristiyanlik,husun-ve-kubuh,ibnul-arabi-muhyiddin		bunun hangi tarihte gerçekleştiğini belirleme imkânına sahip değiliz	İR SINIRDIR: M. A. Ünal, 'XVI. Yüzyılda Palu Hükümeti' (XI. Türk Tarih Kongresi, 1990) hânedan listesi veriyor ama TARİH vermiyor, ve Palu beyleri için açıkça '
ekokuma_alemdar.js	67	60	OLCULEMEDI-OLU-302	tirsinikli	OLCULEMEDI	IPUCU-OLU:tirsinikli			0	tirsinikli				OsmanlıRus Bayraktar Alemdar→ ; OsmanlıRus Bayraktar→		1768-74 Osmanlı-Rus Savaşı'nda bayraktar olarak görev yaptığı için Alemdar veya Bayraktar sıfatıyla birlikte anılmıştır	"Kİ, kapatılmadı: lakabın kaynağı. TDV \""Tirsinikli'nin bayraktarlığını yapmış olmasından\"" derken Bayrak 2009 (s. 63, not 1: Efdalüddin, TOEM cüz 10, s. 597) \"""
devletler.js	868	867	OLCULEMEDI-OLU-302	yaklasik-1166	OLCULEMEDI	IPUCU-OLU:yaklasik-1166			0	yaklasik-1166				Emanuel Komnen bizantski→ ; Emanuel Komnen→		kojega je 1165. kao velikoga župana potvrdio bizantski car Emanuel I. Komnen	"f:""1166-01-01"", t:""1402-01-01"", ic_not_f:""TDV 'yaklaşık 1166' der ve hanedanı 'Nemanjići hânedanı: 1166-1371' diye tarihler. Kaynaklar çelişir: HE 'Nemanjići' '"
paket_05.js	887	886	OLCULEMEDI-OLU-302	yaklasik-1166	OLCULEMEDI	IPUCU-OLU:yaklasik-1166			0	yaklasik-1166				Emanuel Komnen bizantski→ ; Emanuel Komnen→		kojega je 1165. kao velikoga župana potvrdio bizantski car Emanuel I. Komnen	"f:""1166-01-01"", t:""1402-01-01"", ic_not_f:""TDV 'yaklaşık 1166' der ve hanedanı 'Nemanjići hânedanı: 1166-1371' diye tarihler. Kaynaklar çelişir: HE 'Nemanjići' '"
kronoloji_cok_romanya.js	102	102	OLCULEMEDI-OLU-302	yerli-halkin-karariyla-birlesti	OLCULEMEDI	IPUCU-OLU:yerli-halkin-karariyla-birlesti			0	yerli-halkin-karariyla-birlesti				Ukraynalıların direnişine rağmen→ ; Ukraynalıların direnişine→		Ukraynalıların direnişine rağmen işgal	"s 1920 Sevr Antlaşması'yla tanındı."", ""ic_not_d"": ""Romen ve Ukrayna tarihyazımı olayı zıt çerçevelerle anlatır: TDV 'yerli halkın kararıyla birleşti' der, EoU '"
paket_30.js	2792	2792	OLCULEMEDI-OLU-302	yerli-halkin-karariyla-birlesti	OLCULEMEDI	IPUCU-OLU:yerli-halkin-karariyla-birlesti			0	yerli-halkin-karariyla-birlesti				Ukraynalıların direnişine rağmen→ ; Ukraynalıların direnişine→		Ukraynalıların direnişine rağmen işgal	"s 1920 Sevr Antlaşması'yla tanındı."", ""ic_not_d"": ""Romen ve Ukrayna tarihyazımı olayı zıt çerçevelerle anlatır: TDV 'yerli halkın kararıyla birleşti' der, EoU '"
devletler.js	5749	5746	OLCULEMEDI-SLUG-COZULEMEDI		OLCULEMEDI	IPUCU-OLU:yogyakarta			0	yogyakarta				Dipanagara Prophecy Prince→ ; Dipanagara Prophecy→	ingilizce	The Power of Prophecy: Prince Dipanagara and the End of an Old Order in Java, 1785-1855	"  kaynak:""bulunamadı — TDV'de müstakil maddesi yok, dayanak: Peter Carey, '"
kademe_f5c9a5.js	192	192	OLCULEMEDI-OLU-302	yogyakarta	OLCULEMEDI	IPUCU-OLU:yogyakarta			0	yogyakarta				Dipanagara Prophecy Prince→ ; Dipanagara Prophecy→	ingilizce	The Power of Prophecy: Prince Dipanagara and the End of an Old Order in Java, 1785-1855	"alse,kaynak:""data/devletler.js `yogyakarta` künyesi, `baskent` alanı — künyenin kendi kaynağı: bulunamadı — TDV'de müstakil maddesi yok, dayanak: Peter Carey, '"
kademe_f5c9a5.js	192	192	OLCULEMEDI-SLUG-COZULEMEDI		OLCULEMEDI	IPUCU-OLU:yogyakarta			0	yogyakarta				Dipanagara Prophecy Prince→ ; Dipanagara Prophecy→	ingilizce	The Power of Prophecy: Prince Dipanagara and the End of an Old Order in Java, 1785-1855	"alse,kaynak:""data/devletler.js `yogyakarta` künyesi, `baskent` alanı — künyenin kendi kaynağı: bulunamadı — TDV'de müstakil maddesi yok, dayanak: Peter Carey, '"
paket_05.js	5768	5765	OLCULEMEDI-SLUG-COZULEMEDI		OLCULEMEDI	IPUCU-OLU:yogyakarta			0	yogyakarta				Dipanagara Prophecy Prince→ ; Dipanagara Prophecy→	ingilizce	The Power of Prophecy: Prince Dipanagara and the End of an Old Order in Java, 1785-1855	"  kaynak:""bulunamadı — TDV'de müstakil maddesi yok, dayanak: Peter Carey, '"
bos_alanlar.js	231	231	OLCULEMEDI-SLUG-COZULEMEDI		OLCULEMEDI	TDV-DISI-ATIF-ISARETLI			0					Hollanders bezit komt→ ; Hollanders bezit→	ingilizce	In 1637 komt het fort in bezit van de Hollanders	YETERSIZLIGINI isaretliyor. 1637 Hollanda ve 1872 Ingiltere tarihleri TDV'den DEGIL, Nationaal Archief'ten (Hollanda Ulusal Arsivi) geliyor ve govdesi okundu: '
devletler.js	7555	7553	OLCULEMEDI-SLUG-COZULEMEDI		OLCULEMEDI	TDV-DISI-ATIF-ISARETLI			0						ingilizce	Republic of the Rif	 TDV kapsam dışı (bu spesifik siyasi yapı için doğrudan aranmadı, ama Fas'ın modern direniş tarihinin TDV'de zayıf kaldığı `§4`'te zaten belgeli). Britannica, '
devletler.js	9377	9375	OLCULEMEDI-SLUG-COZULEMEDI		OLCULEMEDI	TDV-DISI-ATIF-ISARETLI			0					bakılarak verilmiş hükümler→akid,ceza,divan-edebiyati,ebu-hanife,eflatun,emanet		sonraki duruma bakılarak verilmiş hükümler	"  ic_not_f:""🔴 KURULUŞ YILI TDV'DE YOK (başlık 'XI-XIII. yüzyıllarda'; Mengücük Gazi'nin fetihleri tarihsiz, TDV bunları '"
devletler.js	10383	10380	OLCULEMEDI-SLUG-COZULEMEDI		OLCULEMEDI	TDV-DISI-ATIF-ISARETLI			0					Kars kings→fresk,tayland	ingilizce	the kings of Kars (962-1064)	 Gagik Alparslan'a itaat, Kars 'askerî harekât olmadan Selçuklu topraklarına katıldı'; Bizans'a devir yılı TDV'de yok. Iranica BAGRATIDS (tarayıcıda birebir): '
devletler.js	10383	10380	OLCULEMEDI-SLUG-COZULEMEDI		OLCULEMEDI	TDV-DISI-ATIF-ISARETLI			0					Kars emperor ceded→ ; Kars emperor→ayasofya,babur,baburluler,baburname,ekber-sah,elci	ingilizce	In 1064, the king of Kars ceded his state to the emperor.	kerî harekât olmadan Selçuklu topraklarına katıldı'; Bizans'a devir yılı TDV'de yok. Iranica BAGRATIDS (tarayıcıda birebir): 'the kings of Kars (962-1064)' ve '
devletler.js	10407	10405	OLCULEMEDI-SLUG-COZULEMEDI		OLCULEMEDI	TDV-DISI-ATIF-ISARETLI			0					Armenia Dvin establish→ ; Armenia Dvin→herakleios,sacogullari	ingilizce	to establish himself in Dvin in Armenia ... in about 951	"  ic_not_f:""TDV yıl verir (951). Iranica SHADDADIDS (tarayıcıda birebir): '"
devletler.js	10437	10434	OLCULEMEDI-SLUG-COZULEMEDI		OLCULEMEDI	TDV-DISI-ATIF-ISARETLI			0					Šervānšāhs Saljuqs Manṣūr→ ; Šervānšāhs Saljuqs→	ingilizce	Manṣūr b. ʿAbd-al-Malek (revolts; killed 457/1065). The country was soon occupied by the Šervānšāhs, then, at least nominally, by the Saljuqs.	"  ic_not_t:""TDV bitişi VERMİYOR. Iranica ĀL-E HĀŠEM (tarayıcıda birebir): '"
ekokuma_antlasma4.js	1154	1137	OLCULEMEDI-SLUG-COZULEMEDI		OLCULEMEDI	TDV-DISI-ATIF-ISARETLI			0					İkinci cepheyi alamama→ ; İkinci cepheyi→abdulhamid-ii,alaeddin-camii--konya,ayasofya,berkuk-kulliyesi,beylerbeyi-camii-ve-kulliyesi--istanbul,bezmialem-valide-sultan		İkinci cepheyi göze alamama	ovi '1775 tarihli senet'; 1911 Britannica 'In 1777 the Porte … ceded'; kuyruk kronoloji_sinir_avrupa_orta 1776-07-04 sınır senedi. Kart TDV'nin yılını izledi. '
ekokuma_karsi.js	58	48	OLCULEMEDI-SLUG-COZULEMEDI		OLCULEMEDI	TDV-DISI-ATIF-ISARETLI			0					Haziran sürülüyor takvimde→hac		15 Haziran eski takvim, yeni takvimde 28 Haziran ileri sürülüyor	meydan-muharebesi / lazar / milos-obilic 302. Britannica 'Battle of Kosovo' 403, okunmadı. TAKVİM: Emmert '28 June 1389', Djokić '28 June (15 June O.S.)', TDV '
ekokuma_kiyas.js	56	33	OLCULEMEDI-SLUG-COZULEMEDI		OLCULEMEDI	TDV-DISI-ATIF-ISARETLI			0		1653-01-01 | Asâkir-i Mansûre kuruldu			Hayriyye Haziran→abdulaziz,ali-pasa-mubarek,batanay-kemal,batililasma,cemiyet,cevdet-pasa		Vak'a-i Hayriyye 15 Haziran	 'September 1901'). Vak'a-i Hayriyye için atlasta 1826-06-18 'Asâkir-i Mansûre kuruldu' maddesi var; TDV ilanı 17 Haziran veriyor — HARITA-VERI'ye bildirildi. '
kademe_4ff22b.js	60	60	OLCULEMEDI-SLUG-COZULEMEDI		OLCULEMEDI	TDV-DISI-ATIF-ISARETLI			0					Muhammere MERKEZI IDARE→harunurresid,hazal-han,huzistan,iran		Ka'b kabilesinin IDARE MERKEZI Muhammere sehri	"  {ad:""Muhammere"", k:2, kaynak:""huzistan"", neden:""TDV: '"
kronoloji_cok_once1281_anadolu.js	1177	1174	OLCULEMEDI-SLUG-COZULEMEDI		OLCULEMEDI	TDV-DISI-ATIF-ISARETLI			0					kuşatma süren→abbas-i,abdullah-b-ubey-b-selul,abdullah-b-zubeyr-b-avvam,abdurrahman-ii,abdurrahman-b-semure,abdulvadiler		bir yıl kadar süren kuşatma	"  gun:""1126 (Iranica yıl verir; TDV yıl vermez, '"
olaylar_ek17.js	228	222	OLCULEMEDI-SLUG-COZULEMEDI		OLCULEMEDI	TDV-DISI-ATIF-ISARETLI			0					Treaty Paris→asya,ingiltere,izdin,kucuk-kaynarca-antlasmasi,mehmed-i,murad-i	ingilizce	Treaty of Paris (1815)	"  kaynak:""bulunamadı — TDV bu dönemi/bölgeyi kapsamıyor, dayanak: Encyclopaedia Britannica '"
olaylar_ek2.js	130	130	OLCULEMEDI-SLUG-COZULEMEDI		OLCULEMEDI	TDV-DISI-ATIF-ISARETLI			0					Alessandro Florence Duke→ ; Alessandro Florence→ibn-rusd--torun	ingilizce	Alessandro | Duke of Florence	"ü."", ic_not_d:""(bkz. [[toskana]]/[[floransa]] künyeleri, devletler.js)"", kaynak:""bulunamadı — TDV'de müstakil maddesi yok, dayanak: Encyclopaedia Britannica, \"""
paket_01.js	1835	1835	OLCULEMEDI-SLUG-COZULEMEDI		OLCULEMEDI	TDV-DISI-ATIF-ISARETLI			0					Alessandro Florence Duke→ ; Alessandro Florence→ibn-rusd--torun	ingilizce	Alessandro | Duke of Florence	"ü."", ic_not_d:""(bkz. [[toskana]]/[[floransa]] künyeleri, devletler.js)"", kaynak:""bulunamadı — TDV'de müstakil maddesi yok, dayanak: Encyclopaedia Britannica, \"""
paket_04.js	233	227	OLCULEMEDI-SLUG-COZULEMEDI		OLCULEMEDI	TDV-DISI-ATIF-ISARETLI			0					Treaty Paris→asya,ingiltere,izdin,kucuk-kaynarca-antlasmasi,mehmed-i,murad-i	ingilizce	Treaty of Paris (1815)	"  kaynak:""bulunamadı — TDV bu dönemi/bölgeyi kapsamıyor, dayanak: Encyclopaedia Britannica '"
paket_05.js	7574	7572	OLCULEMEDI-SLUG-COZULEMEDI		OLCULEMEDI	TDV-DISI-ATIF-ISARETLI			0						ingilizce	Republic of the Rif	 TDV kapsam dışı (bu spesifik siyasi yapı için doğrudan aranmadı, ama Fas'ın modern direniş tarihinin TDV'de zayıf kaldığı `§4`'te zaten belgeli). Britannica, '
paket_05.js	9396	9394	OLCULEMEDI-SLUG-COZULEMEDI		OLCULEMEDI	TDV-DISI-ATIF-ISARETLI			0					bakılarak verilmiş hükümler→akid,ceza,divan-edebiyati,ebu-hanife,eflatun,emanet		sonraki duruma bakılarak verilmiş hükümler	"  ic_not_f:""🔴 KURULUŞ YILI TDV'DE YOK (başlık 'XI-XIII. yüzyıllarda'; Mengücük Gazi'nin fetihleri tarihsiz, TDV bunları '"
paket_05.js	10402	10399	OLCULEMEDI-SLUG-COZULEMEDI		OLCULEMEDI	TDV-DISI-ATIF-ISARETLI			0					Kars kings→fresk,tayland	ingilizce	the kings of Kars (962-1064)	 Gagik Alparslan'a itaat, Kars 'askerî harekât olmadan Selçuklu topraklarına katıldı'; Bizans'a devir yılı TDV'de yok. Iranica BAGRATIDS (tarayıcıda birebir): '
paket_05.js	10402	10399	OLCULEMEDI-SLUG-COZULEMEDI		OLCULEMEDI	TDV-DISI-ATIF-ISARETLI			0					Kars emperor ceded→ ; Kars emperor→ayasofya,babur,baburluler,baburname,ekber-sah,elci	ingilizce	In 1064, the king of Kars ceded his state to the emperor.	kerî harekât olmadan Selçuklu topraklarına katıldı'; Bizans'a devir yılı TDV'de yok. Iranica BAGRATIDS (tarayıcıda birebir): 'the kings of Kars (962-1064)' ve '
paket_05.js	10426	10424	OLCULEMEDI-SLUG-COZULEMEDI		OLCULEMEDI	TDV-DISI-ATIF-ISARETLI			0					Armenia Dvin establish→ ; Armenia Dvin→herakleios,sacogullari	ingilizce	to establish himself in Dvin in Armenia ... in about 951	"  ic_not_f:""TDV yıl verir (951). Iranica SHADDADIDS (tarayıcıda birebir): '"
paket_05.js	10456	10453	OLCULEMEDI-SLUG-COZULEMEDI		OLCULEMEDI	TDV-DISI-ATIF-ISARETLI			0					Šervānšāhs Saljuqs Manṣūr→ ; Šervānšāhs Saljuqs→	ingilizce	Manṣūr b. ʿAbd-al-Malek (revolts; killed 457/1065). The country was soon occupied by the Šervānšāhs, then, at least nominally, by the Saljuqs.	"  ic_not_t:""TDV bitişi VERMİYOR. Iranica ĀL-E HĀŠEM (tarayıcıda birebir): '"
paket_16.js	977	977	OLCULEMEDI-SLUG-COZULEMEDI		OLCULEMEDI	TDV-DISI-ATIF-ISARETLI			0					Hollanders bezit komt→ ; Hollanders bezit→	ingilizce	In 1637 komt het fort in bezit van de Hollanders	YETERSIZLIGINI isaretliyor. 1637 Hollanda ve 1872 Ingiltere tarihleri TDV'den DEGIL, Nationaal Archief'ten (Hollanda Ulusal Arsivi) geliyor ve govdesi okundu: '
paket_17.js	1003	996	OLCULEMEDI-SLUG-COZULEMEDI		OLCULEMEDI	TDV-DISI-ATIF-ISARETLI			0					Hollanders bezit komt→ ; Hollanders bezit→	ingilizce	In 1637 komt het fort in bezit van de Hollanders	YETERSIZLIGINI isaretliyor. 1637 Hollanda ve 1872 Ingiltere tarihleri TDV'den DEGIL, Nationaal Archief'ten (Hollanda Ulusal Arsivi) geliyor ve govdesi okundu: '
paket_17.js	1003	996	OLCULEMEDI-SLUG-COZULEMEDI		OLCULEMEDI	TDV-DISI-ATIF-ISARETLI			0					Nederland Engeland verkoopt→ ; Nederland Engeland→	ingilizce	tot Nederland het fort in 1872 aan Engeland verkoopt	iltere tarihleri TDV'den DEGIL, Nationaal Archief'ten (Hollanda Ulusal Arsivi) geliyor ve govdesi okundu: 'In 1637 komt het fort in bezit van de Hollanders' / '
paket_22.js	3709	3700	OLCULEMEDI-SLUG-COZULEMEDI		OLCULEMEDI	TDV-DISI-ATIF-ISARETLI			0					bilinmiyor biliniyor→cografya,esir,garar,kefalet,kindi-yakub-b-ishak,rusd--fikih		yıl biliniyor, gün bilinmiyor	"         ""⚠️ GÜN TDV'de YOK, `1721-01-01` §4'ün '"
paket_23.js	391	389	OLCULEMEDI-SLUG-COZULEMEDI		OLCULEMEDI	TDV-DISI-ATIF-ISARETLI			0					Nioro düşüşünden→ ; Nioro düşüşünden→		Nioro'nun düşüşünden sonra, 1891'de	` f: ile aynı; Tamba'nın düşüş günü BULUNAMADI (TDV yalnız Tamba kralının Ekim 1852 saldırısını ve ardından kuşatmayı anar). 1891-01-01: Suret-Canale — Aguibu '
yer_yama_1923_nepal_karayip.js	68	60	OLCULEMEDI-SLUG-COZULEMEDI		OLCULEMEDI	TDV-DISI-ATIF-ISARETLI			0					Caballeros Santiago→ ; Caballeros Santiago→		Santiago de los Caballeros	"  kaynak:""bulunamadı — TDV kapsam dışı. Britannica '"
yerlesimler_e9353f.js	444	437	OLCULEMEDI-SLUG-COZULEMEDI		OLCULEMEDI	TDV-DISI-ATIF-ISARETLI			0					Hollanders bezit komt→ ; Hollanders bezit→	ingilizce	In 1637 komt het fort in bezit van de Hollanders	YETERSIZLIGINI isaretliyor. 1637 Hollanda ve 1872 Ingiltere tarihleri TDV'den DEGIL, Nationaal Archief'ten (Hollanda Ulusal Arsivi) geliyor ve govdesi okundu: '
yerlesimler_e9353f.js	444	437	OLCULEMEDI-SLUG-COZULEMEDI		OLCULEMEDI	TDV-DISI-ATIF-ISARETLI			0					Nederland Engeland verkoopt→ ; Nederland Engeland→	ingilizce	tot Nederland het fort in 1872 aan Engeland verkoopt	iltere tarihleri TDV'den DEGIL, Nationaal Archief'ten (Hollanda Ulusal Arsivi) geliyor ve govdesi okundu: 'In 1637 komt het fort in bezit van de Hollanders' / '
yerlesimler_hint0912.js	73	64	OLCULEMEDI-SLUG-COZULEMEDI		OLCULEMEDI	TDV-DISI-ATIF-ISARETLI			0					bilinmiyor biliniyor→cografya,esir,garar,kefalet,kindi-yakub-b-ishak,rusd--fikih		yıl biliniyor, gün bilinmiyor	"         ""⚠️ GÜN TDV'de YOK, `1721-01-01` §4'ün '"
yerlesimler_nokta_afrika_0917.js	21	19	OLCULEMEDI-SLUG-COZULEMEDI		OLCULEMEDI	TDV-DISI-ATIF-ISARETLI			0					Nioro düşüşünden→ ; Nioro düşüşünden→		Nioro'nun düşüşünden sonra, 1891'de	` f: ile aynı; Tamba'nın düşüş günü BULUNAMADI (TDV yalnız Tamba kralının Ekim 1852 saldırısını ve ardından kuşatmayı anar). 1891-01-01: Suret-Canale — Aguibu '
