karar	sebep	slug	bolum	uzunluk	skor	kapsama	kaynak_konum	paket_konum	alinti	tdv_en_yakin_cumle
DUZELTILDI-DIFF		ali-sir-nevai	1	25252	0.659	0.889	kronoloji_timurlu.js:180	paket_11.js:2666	Mecâlisü'n-nefâis (1491-92)... ilk Türk şairler tezkiresi	2. Mecâlisü’n-nefâis . 897’de (1491-92) kaleme alınan eser, Türk dilinde yazılan ilk şuarâ tezkiresi olması bakımından önemlidir.
DUZELTILDI-DIFF		ali-sir-nevai	1	25252	0.618	1.0	kronoloji_timurlu.js:185	paket_11.js:2671	1492: dostu Câmî öldü	Birkaç yıl sonra yakın dostu mutasavvıf-şair Câmî’nin ölümü de (898/1492) onu derinden etkileyen bir başka hadise oldu.
DUZELTILDI-DIFF		almanya	4	94686	0.622	0.917	kronoloji_almanya.js:575	paket_08.js:3503	4 Ekim 1888 Deutsche Bank, Haydarpaşa-İzmit ve İzmit-Ankara hattı imtiyazlarını aldı	4 Ekim 1888’de imzalanan imtiyaz sözleşmesiyle Deutsche Bank, işletmeye açılmış bulunan Haydarpaşa-İzmit hattının işletme hakkını, Eskişehir üzerinden Ankara’ya ulaşacak İzmit-Ankara hattının inşa ve işletme imtiyazını, Bursa ve Kütahya yan hatlarının inşa hakkını, Haydarpaşa-Ankara hattı boyunca 20 km. enindeki bir şerit dahilinde kalan toprak altı zenginliklerin çıkarılması ve orman kesme imtiyazlarını elde etti.
DUZELTILDI-DIFF		almanya	4	94686	0.672	0.667	kronoloji_almanya.js:639	paket_08.js:3567	2 Ağustos 1914 Gizli savunma ittifakı antlaşması imzalandı; Osmanlı Devleti savaşa girdi	2 Ağustos 1914’te iki devlet arasında imzalanan gizli bir antlaşma ile Osmanlı Devleti savaşa girdi.
DUZELTILDI-DIFF		avusturya	5	51211	0.892	1.0	kronoloji_habsburg.js:205	paket_06.js:210	1593-1606 arası devam eden savaş, nihayet Zitvatorok Antlaşması (1606) ile sona ermiştir	1593-1606 arası devam eden ve Avrupa’da “Uzun Türk savaşları” adıyla anılan savaş, nihayet Zitvatorok Antlaşması (1606) ile sona ermiştir.
DUZELTILDI-DIFF		bahavelpur	1	4508	0.767	0.857	devletler.js:6754	paket_05.js:6773	1748'de Emir Muhammed Bahâvel tarafından... kuruldu	Sutlej ırmağı kıyısında Emîr Muhammed Bahâvel tarafından 1748’de kurulmuştur.
DUZELTILDI-DIFF		benin	1	20331	0.714	0.833	devletler.js:5020	paket_05.js:5039	1851: Fransa ile Gezo arasında antlaşma	1851’de Fransa ile Gezo arasında yapılan antlaşmayla Fransa bazı ticarî imtiyazlar kazandı.
DUZELTILDI-DIFF		benin	1	20331	0.625	1.0	devletler.js:5022	paket_05.js:5041	Mayıs 1868: Kotonu Antlaşması	Mayıs 1868 tarihli Kotonu Antlaşması ile Fransa’nın Benin kıyılarında geniş haklar elde etmesi ve buradaki nüfuzunun artması İngiltere’nin protestosuna yol açtı ve bu sebeple bazı çatışmalar çıktı.
DUZELTILDI-DIFF		benin	1	20331	0.634	0.889	devletler.js:5023	paket_05.js:5042	1882: Fransa Porto Novo ve Kotonu üzerinde himaye kurdu	1882’de Porto Novo ve Kotonu üzerinde himaye idaresi kuran Fransa, Berlin Kongresi’nden sonra mahallî yöneticilerle yaptığı bazı anlaşmalarla bölgedeki gücünü arttırdı ve bölgeyi fiilen işgale yöneldi.
DUZELTILDI-DIFF		bosna-hersek	1	48610	0.715	0.833	devletler.js:1319	paket_05.js:1338	1899'da müftü Ali Fehmi Câbiç liderliğinde dinî özerklik için mücadele başlatıldı	1899’da Mostar müftüsü Ali Fehmi Câbiç liderliğinde, Bosna-Hersek’teki bütün müslümanlar için dinî sahada ve eğitimde otonomi verilmesi yolunda kararlı bir mücadele başlatıldı.
DUZELTILDI-DIFF		bukres	1	5170	0.684	0.812	savaslar.js:263 · savaslar.js:969	paket_12.js:14248 · paket_12.js:14954	Kalûgerân (Çalugareni) mevkiinde Prens Mihal … ile Serdar Sinan Paşa kumandasındaki Osmanlı ordusu karşı karşıya geldi (1595)	XVI. yüzyılın sonlarına doğru, Bükreş’e 4 mil (yaklaşık 6 km.) mesafede ağaçlık ve bataklıklarla kaplı bir boğaz olan Kalûgerân (Çalugareni) mevkiinde Mihai Viteazul (Cesur Mihai) kumandasındaki Eflak ordusu ile Vezîriâzam ve Serdârıekrem Sinan Paşa kumandasındaki Osmanlı ordusu karşı karşıya geldi (1595).
DUZELTILDI-DIFF		bulgaristan	5	95575	0.7	0.875	kronoloji_balkan.js:477	paket_12.js:2942	11 Mart 1870'te müstakil Bulgar kilisesi kuruldu.	Ancak Gülhane Hatt-ı Hümâyunu’ndan da faydalanarak önce bir Bulgar papaz evi, 11 Mart 1870 tarihinde de müstakil Bulgar kilisesi kuruldu.
DUZELTILDI-DIFF		bulgaristan	5	95575	0.629	0.833	kronoloji_balkan.js:614	paket_12.js:3079	30 Mayıs 1913: Londra Antlaşması imzalandı.	30 Mayıs 1913 tarihinde imzalanan Londra Antlaşması Bulgaristan’la müttefiklerinin lehine, Osmanlı Devleti’nin aleyhine hükümler ihtiva ediyordu.
DUZELTILDI-DIFF		doksanuc-harbi	1	12542	0.676	0.667	yerlesimler.js:244	paket_13.js:249	General Lazarov'un idaresindeki kuvvetler … 18 Kasım'da Kars'ı ele geçirdiler	Fakat General Lazarof kumandasında ağustosta yeniden saldırıya geçen Ruslar 18 Kasım’da Kars’ı ele geçirdiler.
DUZELTILDI-DIFF		el-hac-omer	1	15456	0.68	0.857	devletler.js:2678 · devletler.js:7487	paket_05.js:2697 · paket_05.js:7506	Segu: 1861 başı — Bambara krallığı ortadan kaldırıldı	Burada girişilen mücadeleden sonra 1861 başlarında bir başka Bambara Krallığı olan Segu’ya girilerek Segu’nun animist krallığı ortadan kaldırıldı.
DUZELTILDI-DIFF		fransa	6	98438	0.728	0.75	kronoloji_fransa.js:630	paket_08.js:2538	1798'de (1 Temmuz) Napolyon'un Mısır işgali	1 Temmuz 1798’de Napolyon Mısır’ı işgal etti.
DUZELTILDI-DIFF		fransa	6	98438	0.651	0.9	kronoloji_fransa.js:745	paket_08.js:2653	24 Nisan 1829: Yunanistan bağımsızlığı Bâbıâli'ye zorla kabul ettirildi	Müttefik devletler Londra’da imzaladıkları yeni bir protokolle bağımsız Yunanistan’ın sınırlarını belirlediler; bu karar 24 Nisan 1829’da Bâbıâli’ye zorla kabul ettirildi.
DUZELTILDI-DIFF		fransa	6	98438	0.615	0.778	kronoloji_fransa.js:775	paket_08.js:2683	15 Temmuz 1840: Londra Antlaşması (Osmanlı toprak bütünlüğü korunması)	Bu arada 15 Temmuz 1840’ta, Fransa dışındaki Avrupa devletleri Mısır meselesini çözmek için Londra Antlaşması’nı imzalayarak Osmanlı Devleti’nin toprak bütünlüğünü korumaya, bunun için gerekirse askerî müdahaleye karar verdiler.
DUZELTILDI-DIFF		fransa	6	98438	0.655	1.0	kronoloji_fransa.js:1005	paket_08.js:2913	10 Ağustos 1920: Sevr Antlaşması	Mondros Mütarekesi (30 Ekim 1918) ve Sevr Antlaşması (10 Ağustos 1920) sadece önceki antlaşmaların Osmanlı Devleti’ne zorla kabul ettirilmesi anlamına geliyordu.
DUZELTILDI-DIFF		gana	2	27639	0.613	0.7	devletler.js:5006	paket_05.js:5025	1874: Kumasi yıkıldı; güneybatı Gana Altın Sahili adıyla sömürge oldu	Bu seferler sonunda Aşantiler’in merkezi olan Kumasi şehri tahrip edildi ve ülkenin güneybatı tarafı Altın Sahili adıyla sömürge haline getirildi (1874).
DUZELTILDI-DIFF		gurcistan	3	39757	0.728	0.875	devletler.js:1071	paket_05.js:1090	1804 yılında İmeretiya ve Guriya (Rusya ile) birleşti	Birkaç yıl içinde Megreliya (1803), İmeretiya ve Guriya (1804), Abhaz Knezliği (1810), Svanetiya (1856) Rusya ile birleşti.
DUZELTILDI-DIFF		haci-giray-i	1	6702	0.626	0.75	yer_yama.js:632		Hacı Giray adına Solhat'ta 845, Kırkyer'de 847 tarihli sikkeler basıldı	Hacı Giray adına 845’te (1441) Solhat’ta (Eski Kırım), 847’de (1443) Kırkyer’de para basılması onun hanlığı geç tarihte ele geçirdiğini düşündürmektedir.
DUZELTILDI-DIFF		harizm	1	21012	0.827	0.867	olaylar_ek8.js:353	paket_02.js:446	1924'te Hîve Hanlığı'nın doğu kesimleri Özbekistan SSC'ye, batı tarafı da Türkmenistan SSC'ye bırakıldı	1924’te Hîve Hanlığı’nın doğu kesimleri Özbekistan Sovyet Sosyalist Cumhuriyeti’ne, batı tarafı da Türkmenistan Sovyet Sosyalist Cumhuriyeti’ne bırakıldı.
DUZELTILDI-DIFF		hotin	1	6754	0.709	1.0	kronoloji_cok_romanya.js:70	paket_30.js:2760	1657'de Erdel Voyvodası II. [Rákóczi]	1657’de Erdel Voyvodası II. György Rákóczi’nin isyanı ve Lehistan’ı istilâya kalkışması üzerine Osmanlılar duruma müdahale ettiler.
LISTEDE	elle-cikarildi:arsiv-kunyesi-parcasi	ibrahim--padisah	1	42876	0.644	1.0	ekokuma_ibrahim.js:152		Şubat 1648; TSMA E. 7112	Hatta Sadrazam Ahmed Paşa’yı damat edinmek için onu hanımından ayırmış ve Beyhan Sultan ile evlendirmişti (Şubat 1648; TSMA, nr. E. 7112).
DUZELTILDI-DIFF		kamanice	1	4510	0.787	1.0	kronoloji_cok_ukrayna.js:42	paket_30.js:5710	18-23 Ekim 1672'deki Bucaş ve İzvança antlaşmaları	18-23 Ekim 1672’deki Bucaş (Bučač) ve İzvança (Zuravno) antlaşmaları Osmanlılar’ın Podolya üzerindeki hâkimiyetlerini tesis etti.
DUZELTILDI-DIFF		kuveyt	2	20840	0.611	0.833	devletler.js:7736	paket_05.js:7755	1896'da bir suikast sonucu öldürüldü	Şeyh Abdullah’ın yerine geçen Şeyh Muhammed es-Sabâh, Osmanlı Devleti’ne bağlılığını sürdürürken bir suikast sonucu öldürüldü (1896).
DUZELTILDI-DIFF		lahsa	1	11986	0.704	0.7	kronoloji_arabistan.js:467	paket_12.js:2303	1796: Emîr Suûd tarafından bölge doğrudan Dir'iye'ye bağlandı.	Bunun üzerine bölge doğrudan Dir‘iye’ye bağlandı (1796).
DUZELTILDI-DIFF		lubnan	4	65103	0.634	1.0	yer_yama.js:338		9 Haziran 1861 Reglement Organique	Lübnan yönetimi için son şekli verilen metin (reglement organique) 9 Haziran 1861’de imzalanmış ve ardından bir fermanla yürürlüğe konmuştur.
DUZELTILDI-DIFF		makdisu	1	11311	0.797	0.857	kronoloji_dogu_afrika.js:913	paket_12.js:4436	1698 yılında Uman Sultanı Seyf b. Sultân Mombasa'yı alınca Makdişu da Umanlılara geçti	1698 yılında Uman Sultanı Seyf b. Sultân, Mombasa’yı Portekizliler’den alınca Makdişu ve diğer Somali sahil şehirleri de Umanlılar’ın eline geçti.
DUZELTILDI-DIFF		makdisu	1	11311	0.647	0.625	kronoloji_dogu_afrika.js:964	paket_12.js:4487	1823 yılında Makdişu ismen Uman Sultanı Seyyid Saîd b. ... bağlanmış fakat yerli reisler yönetim devam ettirmiştir	1823 yılında Makdişu ismen Uman Sultanı Seyyid Saîd b. Sultân’a bağlandıysa da buranın idaresi yine Somali yerli reislerinin elinde kaldı.
DUZELTILDI-DIFF		malavi	1	15500	0.644	0.857	devletler.js:3255 · kronoloji_sinir_guney_g8.js:148	paket_05.js:3274 · paket_09.js:432	kendini 1887'de Ngonde sultanı ilân etti	1887’de kendini Ngonde sultanı ilân eden Mlozi, İngiliz sömürgeciliğine karşı giriştiği savaşta öldürüldü.
DUZELTILDI-DIFF		meriniler	1	36051	0.673	0.7	kronoloji_kuzeyafrika.js:60	paket_12.js:8823	613/1216'da 20.000 kişilik Muvahhid ordusunu yenilgiye uğrattı	613 (1216) yılında üzerlerine gönderilen 20.000 kişilik Muvahhid ordusunu yenip Tâze’yi (Tâzâ) ele geçirdiler.
DUZELTILDI-DIFF		meriniler	1	36051	0.853	0.9	kronoloji_kuzeyafrika.js:65	paket_12.js:8828	653/1255'te 80.000 kişilik Muvahhid ordusunu mağlûp etti	653 (1255) yılında 80.000 kişilik Muvahhid ordusunu Fas yakınlarında mağlûp etti.
DUZELTILDI-DIFF		meriniler	1	36051	0.64	0.824	kronoloji_kuzeyafrika.js:90	paket_12.js:8853	8 Cemâziyelevvel 741/30 Ekim 1340'ta Tarîf yakınında XI. Alfonso ve IV. Alfonso'nun birleşik kuvvetlerine yenildi	Ancak Nasrî Sultanı Ebü’l-Haccâc I. Yûsuf kumandasındaki birliklerin kendisine katılmasına rağmen Tarîf civarında Kastilya Kralı XI. Alfonso ve Portekiz Kralı IV. Alfonso’nun birleşik kuvvetleri karşısında yenildi (8 Cemâziyelevvel 741 / 30 Ekim 1340).
DUZELTILDI-DIFF		meriniler	1	36051	0.655	0.643	kronoloji_kuzeyafrika.js:115	paket_12.js:8878	749/1348'de Abdülvâdîler Tilimsân'ı geri aldı; on yıllık Merînî hâkimiyeti sona erdi	Bu arada Abdülvâdîler de Tilimsân’ı geri alarak on yıl süren Merînî hâkimiyetinden kurtuldular (749/1348).
DUZELTILDI-DIFF		meriniler	1	36051	0.677	0.9	kronoloji_kuzeyafrika.js:125	paket_12.js:8888	751/1350'de Ebû İnân babasını tahttan feragate mecbur etti	Ebû İnân Ümmürrebî vadisinde (Medgūsa) cereyan eden savaştan galip çıkarak Cebelülhintâte’ye sığınan babasını tahttan feragate mecbur etti (751/1350).
DUZELTILDI-DIFF		meriniler	1	36051	0.75	0.9	kronoloji_kuzeyafrika.js:140	paket_12.js:8903	818/1415'te Portekiz Kralı I. Jean tarafından işgal edildi	818 (1415) yılında Sebte altın, köle ve baharat yolu ticaretini eline geçirmeyi hedefleyen Portekiz Kralı I. Jean tarafından işgal edildi.
DUZELTILDI-DIFF		meriniler	1	36051	0.69	0.75	kronoloji_kuzeyafrika.js:145	paket_12.js:8908	862/1458'de Kasrüssagīr şehri Portekizlilerin eline geçti	Kasrüssagīr (Kasrımasmûde) şehri (862/1458) ve Tanca (869/1465) Portekizliler’in eline geçti.
DUZELTILDI-DIFF		meriniler	1	36051	0.674	0.875	kronoloji_kuzeyafrika.js:372	paket_12.js:9135	749/1348'de Abdülvâdîler Tilimsân'ı geri aldı	Bu arada Abdülvâdîler de Tilimsân’ı geri alarak on yıl süren Merînî hâkimiyetinden kurtuldular (749/1348).
DUZELTILDI-DIFF		meriniler	1	36051	0.631	0.667	kronoloji_kuzeyafrika.js:382	paket_12.js:9145	761/1360'ta Mağrib-i Evsat'ta harekâttan sonuç alınamadı; Abdülvâdîler bağımsız oldu	Ebû Sâlim, 761 (1360) yılında Mağrib-i Evsat’ta gerçekleştirdiği harekâttan bir netice alamadı ve Abdülvâdîler’in toprakları Merînî hâkimiyetinden çıktı.
DUZELTILDI-DIFF		portekiz	3	29222	0.624	1.0	kronoloji_portekiz.js:207	paket_09.js:3730	1510: Goa ele geçirildi	Goa (1510), Malay/Malezya (1511), Hürmüz, Diû (1515) ve Seylan (1517) gibi önemli ticaret merkezleri ve dolayısıyla büyük gelir getiren baharat ticareti ele geçirildi.
DUZELTILDI-DIFF		portekiz	3	29222	0.633	1.0	kronoloji_portekiz.js:237	paket_09.js:3760	1517: Seylan ele geçirildi	Goa (1510), Malay/Malezya (1511), Hürmüz, Diû (1515) ve Seylan (1517) gibi önemli ticaret merkezleri ve dolayısıyla büyük gelir getiren baharat ticareti ele geçirildi.
DUZELTILDI-DIFF		portekiz	3	29222	0.608	0.857	kronoloji_portekiz.js:247	paket_09.js:3770	1525: Selman Reis raporuyla konuya ışık tuttu	1525 tarihli raporuyla konuya ışık tutan ve bu tür yardımların sevkini yürütmüş olan Selman Reis, Osmanlılar’ı daha etkin bir siyasete teşvik etmekteydi.
DUZELTILDI-DIFF		portekiz	3	29222	0.663	0.8	kronoloji_portekiz.js:276	paket_09.js:3799	1538: Hadım Süleyman Paşa Aden'i ele geçirdi, Diû kuşatıldı	1538’de Hadım Süleyman Paşa, Kızıldeniz’de hazırlanan donanmayla Hindistan üzerine giderken Aden ele geçirildi ve Portekizliler’in elindeki Diû kuşatıldı.
DUZELTILDI-DIFF		portekiz	3	29222	0.728	0.857	kronoloji_portekiz.js:281	paket_09.js:3804	1541: Portekiz saldırısı Osmanlılar tarafından geri püskürtüldü	Bu arada 1541’de Süveyş’i ve buradaki Osmanlı filosunu hedef alan Portekiz saldırısı Osmanlılar’ca geri püskürtüldü.
DUZELTILDI-DIFF		portekiz	3	29222	0.661	0.818	kronoloji_portekiz.js:523	paket_09.js:4046	1926 (Mayıs): Askerî darbe, General Gomes da Costa iktidarı ele geçirdi	Devam eden siyasî istikrarsızlık ve toplumsal kargaşa nihayet İspanya’da olduğu gibi askerî bir darbeyle son buldu ve General Gomes da Costa idareyi ele geçirdi (Mayıs 1926).
DUZELTILDI-DIFF		prizren	1	13453	0.613	0.636	kronoloji_cok_arnavut.js:221	paket_30.js:4374	Ocak 1881'de Ömer Prizreni başkanlığında geçici Arnavut hükümeti teşkil edildi. Nisan 1881'de Derviş Paşa kumandasındaki Osmanlı kuvvetleri Kosova'da … bölgeleri geri aldı.	Nisan 1881’de Derviş Paşa kumandasındaki Osmanlı kuvvetleri Kosova’da Arnavut bağımsızlık yanlılarının eline geçen bölgeleri geri aldı.
DUZELTILDI-DIFF		prusya	1	26157	0.618	0.667	kronoloji_almanya.js:258	paket_08.js:3186	1656'da Kırım Hanı tarafından gönderilen elçilik heyeti, Königsberg'de Kürfürst Friedrich Wilhelm ile görüşür	1656 yılı Mayıs sonunda Mehmed Ali Mirza başkanlığında Kırım’dan gönderilen bir elçilik heyeti, İsveç’in Polonya’ya saldırmasını önlemesi ricasıyla Königsberg’de Kürfürst Friedrich Wilhelm’in huzuruna çıkmıştı.
DUZELTILDI-DIFF		prusya	1	26157	0.806	0.909	kronoloji_almanya.js:263	paket_08.js:3191	1672-1675 Brandenburg yardımcı kuvvetleri Polonya'nın yanında Türk savaşlarına katılır	Ancak 1672-1675 arasında Brandenburg yardımcı kuvvetleri Kont Friedrich von Dönhoff kumandasında Polonya’nın yanında Türk savaşlarına iştirak etmiştir.
DUZELTILDI-DIFF		prusya	1	26157	0.707	0.947	kronoloji_almanya.js:283	paket_08.js:3211	14 Ocak 1718 Sadrazam Nişancı Mehmed Paşa, Prusya Kralı I. Friedrich Wilhelm'e dostluk tesisini arzu eden mektup gönderir	Prusya ve Osmanlı Devleti arasındaki ilk resmî ilişkiler, 1718 Pasarofça görüşmeleri öncesinde yapılan diplomatik açılımlar çerçevesinde Sadrazam Nişancı Mehmed Paşa’nın Polonya ve Rusya yanında Prusya Kralı I. Friedrich Wilhelm’e de dostluk tesisini arzu eden 11 Safer 1130 (14 Ocak 1718) tarihli bir mektup yollamasıyla başlamıştır (TSMK, Revan Köşkü, nr. 1946, vr.
DUZELTILDI-DIFF		prusya	1	26157	0.617	0.9	kronoloji_almanya.js:352	paket_08.js:3280	27 Temmuz 1790 Reichenbach Konvensiyonu ile Avusturya barış yapmaya zorlanır	Prusya kralı ordusunun başında olarak savaşla tehdit ettiği Avusturya’yı Osmanlı Devleti ile barış yapmaya zorlamıştır (27 Temmuz 1790, Reichenbach Konvensiyonu).
DUZELTILDI-DIFF		romanya	2	27380	0.64	1.0	kronoloji_cok_romanya.js:52	paket_30.js:2742	1538 Boğdan seferi sonucunda	Bu arada Kanûnî Sultan Süleyman’ın 1538’deki Boğdan seferi sonucunda Tuna’da bulunan Eflak’ın en büyük liman şehri İbrâil (Brǎila) Osmanlı Devleti’ne doğrudan doğruya katıldı.
DUZELTILDI-DIFF		sadiler	1	16556	0.721	0.692	kronoloji_kuzeyafrika.js:244	paket_12.js:9007	Sudan seferi sonrası 20.000 civarında köle, bol altın ve fildişi elde edilmesi	Sudan seferinden 20.000 civarında köle ve bol miktarda altın ve fildişi ile dönüldü.
DUZELTILDI-DIFF		said-b-sultan	1	3455	0.662	0.9	kronoloji_arabistan.js:405	paket_12.js:2241	1856 - Maskat'tan Zengibar'a deniz yolculuğu sırasında öldü, Zengibar'a gömüldü.	Uman, Hürmüz Boğazı ve Doğu Afrika tarihinde önemli bir rol oynayan Bû Saîd hânedanının en başarılı sultanı sayılan Saîd b. Sultân 1856 yılında Maskat’tan Zengibar’a gitmek için çıktığı deniz yolculuğu sırasında vefat etti ve hânedanın Zengibar’daki kabristanına gömüldü.
DUZELTILDI-DIFF		samori-ture	1	6566	0.854	1.0	devletler.js:2649	paket_05.js:2668	1883: Bamako işgali önlenemedi	Bununla birlikte 1883’te Bamako’nun işgali önlenemedi.
DUZELTILDI-DIFF		samori-ture	1	6566	0.684	0.75	devletler.js:2650	paket_05.js:2669	Mart 1886: ilk anlaşmayla Bure bölgesini Fransızlara bıraktı	Mart 1886’daki ilk anlaşmayla Bure bölgesini, bir yıl sonra ikinci anlaşmada Nijer’in batı yakasını Fransızlar’a bırakmayı kabul etti.
DUZELTILDI-DIFF		samori-ture	1	6566	0.77	1.0	devletler.js:2654	paket_05.js:2673	1891: yeniden savaşa tutuştu	Samori 1891’de topraklarına saldıran Fransızlar’la yeniden savaşa tutuştu.
DUZELTILDI-DIFF		sirbistan	2	34624	0.704	1.0	devletler.js:7818	paket_05.js:7837	1804'te Karadjordje liderliğinde Sırp isyanı patlak verdi	Dayılar ve yamaklar olarak adlandırılan yeniçerilerin gittikçe artan baskıları beraberinde Sırp isyanlarını getirdi ve nihayet 1804’te Karadjordje (Djordje Petkovic, Karacorce / Kara Yorgi) liderliğinde Sırp isyanı patlak verdi.
DUZELTILDI-DIFF		sirbistan	2	34624	0.766	1.0	kronoloji_sirbistan.js:192	paket_12.js:13392	Patrik Arsenije III. Crnojević, 1690 yılında büyük bir grupla Kosova'yı terkederek Karlofça'ya göç etti.	Osmanlılar’ın rakiplerine destek veren Patrik Arsenije III. Crnojević, 1690 yılında büyük bir grupla (Sırp kaynaklarına göre yaklaşık 37.000 Sırp ailesiyle) Kosova’yı terkederek Karlofça’ya (Karlovci) göç etti ve Avusturya imparatorunun sağladığı imtiyazla burada dinî bir merkez kurdu.
DUZELTILDI-DIFF		sirbistan	2	34624	0.848	0.9	yer_yama.js:325		İkinci Sırp isyanı Miloş Obrenoviç önderliğinde 1815'te patlak verdi	İkinci Sırp isyanı Miloş Obrenoviç isimli bir Sırp knezinin önderliğinde 1815 yılında patlak verdi.
DUZELTILDI-DIFF		timisvar	1	6605	0.834	0.875	yerlesimler.js:502	paket_13.js:507	1552-1716 yılları arasında durumunu koruyan Tımışvar beylerbeyiliği	1552-1716 yılları arasında durumunu koruyan Tımışvar beylerbeyiliğinin idarî teşkilâtı zamanla değişti.
DUZELTILDI-DIFF		uman	1	18381	0.733	0.833	kronoloji_arabistan.js:399	paket_12.js:2235	1850: Saîd b. Sultân, Osmanlı Cidde valisi Hasib Paşa'yı ziyaret etti.	1850’de tekrar hacca giden Seyyid Saîd, Osmanlı Devleti’nin Cidde Valisi Hasib Paşa’yı ziyaret etti ( BA , I.HR, 72/3488).
DUZELTILDI-DIFF		uman	1	18381	0.639	0.714	yer_yama.js:462		1862: İngiltere, Fransa ve Almanya'nın kararıyla...	1862’de İngiltere, Fransa ve Almanya gibi ülkelerin kararı ile her iki taraf bağımsız birer ülke olarak tanındı.
DUZELTILDI-DIFF		venedik	1	15923	0.718	1.0	kronoloji_venedik.js:218	paket_06.js:2505	1463-1479 Osmanlı-Venedik savaşı esnasında	Osmanlı-Venedik savaşı esnasında (1463-1479) Venedikliler, Karaman ve Akkoyunlu idarecileriyle ittifak yaptı.
DUZELTILDI-DIFF		yarubiler	1	4872	0.638	0.778	kronoloji_arabistan.js:291	paket_12.js:2127	1633 - Culfâr'da İran birliklerine karşı başarılı operasyon düzenlendi.	Nâsır’ın Culfâr’daki (Re’sülhayme) İran birliklerine karşı 1633’te Ali b. Ahmed komutasında gönderdiği ordu da başarılı oldu.
DUZELTILDI-DIFF		yarubiler	1	4872	0.756	0.733	kronoloji_arabistan.js:309	paket_12.js:2145	1692 - Bel'arab'ın kardeşi Seyf b. Sultân iktidara geçti, yönetim merkezi Rustâk'a alındı.	Bel‘arab’ın kardeşi Seyf b. Sultân (1692-1711) yönetim merkezini tekrar Rustâk’a aldı.
DUZELTILDI-DIFF		yarubiler	1	4872	0.758	0.941	yer_yama.js:450		1633'te Ali b. Ahmed komutasında gönderilen ordu Culfâr'daki (Re'sülhayme) İran birliklerine karşı başarılı oldu.	Nâsır’ın Culfâr’daki (Re’sülhayme) İran birliklerine karşı 1633’te Ali b. Ahmed komutasında gönderdiği ordu da başarılı oldu.
DUZELTILDI-DIFF		yemen	5	94656	0.631	0.875	kronoloji_arabistan.js:114	paket_12.js:1950	284/897: İmam Hâdî-İlelhak Yahyâ b. Hüseyin Sa'de'ye geldi, Zeydî imâmetini tesis etti.	Bölge ileri gelenlerinin davetiyle 284’te (897) Zeydî imâmetini tesis etmek üzere Sa‘de’ye gelen Zeydîler’den İmam Hâdî-İlelhak Yahyâ b. Hüseyin 288 (901) yılında San‘a’yı eline geçirdiyse de Ya‘furîler ertesi yıl şehri geri aldılar.
DUZELTILDI-DIFF		yemen	5	94656	0.619	0.8	kronoloji_arabistan.js:147	paket_12.js:1983	Mart 1568: İki eyalet birleştirildi.	Mart 1568’de iki eyalet birleştirilerek merkezi Zebîd olan Yemen beylerbeyiliği kuruldu, yönetimi de Hasan Paşa’ya verildi.
DUZELTILDI-DIFF		yemen	5	94656	0.766	0.9	kronoloji_arabistan.js:153	paket_12.js:1989	1608: İmam Kāsım b. Muhammed ile on senelik antlaşma yapıldı.	İmam Kāsım b. Muhammed’le olan anlaşmazlık ise yapılan on senelik bir antlaşma ile çözümlendi (1608).
DUZELTILDI-DIFF		yemen	5	94656	0.739	0.818	kronoloji_arabistan.js:159	paket_12.js:1995	1028/1619: Mehmed Paşa ve Zeydîler arasında on yıllık antlaşma imzalandı.	Nihayet barış sağlanıp Mehmed Paşa ile Zeydîler arasında on yıl sürmesi planlanan bir antlaşma imzalandı (1028/1619).
DUZELTILDI-DIFF		yemen	5	94656	0.682	0.75	kronoloji_arabistan.js:165	paket_12.js:2001	1626: İmam Müeyyed barış bozdu, San'a kuşatıldı.	1036’da (1626) İmam Müeyyed ile barış bozulduğundan Zeydîler, San‘a’nın kuzey kesimini zaptettiler.
DUZELTILDI-DIFF		yemen	5	94656	0.819	1.0	kronoloji_arabistan.js:171	paket_12.js:2007	1629: Haydar Paşa San'a'yı bırakmak zorunda kaldı.	Haydar Paşa 1038’de (1629) bir anlaşma ile San‘a’yı İmam Müeyyed’e bırakmak zorunda kaldı.
DUZELTILDI-DIFF		yemen	5	94656	0.609	0.786	kronoloji_arabistan.js:183 · yer_yama.js:438	paket_12.js:2019	10 Cemâziyelevvel 1045 (22 Ekim 1635): Mustafa Bey Muhâ'dan ayrıldı, Osmanlı çekilişi tamamlandı.	Mustafa Bey, 10 Cemâziyelevvel 1045’te (22 Ekim 1635) kendisiyle birlikte kalan askerlerle bütün top, tüfek ve cephaneleri alarak bir Hint kalyonuyla Süveyş’e gitmek üzere Muhâ’dan ayrıldı; Hasan b. Kāsım da Zebîd ve Muhâ’ya kendi adamlarını tayin etti.
DUZELTILDI-DIFF		yemen	5	94656	0.721	0.9	kronoloji_arabistan.js:195	paket_12.js:2031	1681: Ahmed b. Hasan Yemen'i Osmanlı adına yönettiğini belirtti.	Ayrıca Yemen İmamı Ahmed b. Hasan’ın 1092’de (1681) muhaliflerine karşı kendisinin Yemen’i Osmanlı sultanı adına yönettiğini belirtmesi dikkat çekicidir.
DUZELTILDI-DIFF		yemen	5	94656	0.663	0.889	kronoloji_arabistan.js:201	paket_12.js:2037	1702: Süleyman Paşa Yemen İmamı Mehdî'ye elçi yolladı.	Cidde Valisi Süleyman Paşa’nın 1114’te (1702) Yemen İmamı Mehdî’ye elçi yollamasına karşılık imam da İstanbul’a hediyelerle elçi gönderdi (Defterdar Sarı Mehmed Paşa, s. 755).
DUZELTILDI-DIFF		yemen	5	94656	0.616	1.0	kronoloji_arabistan.js:223	paket_12.js:2059	1889: Zeydîler isyan etti.	Ancak bölgede görev yapan Osmanlı memurlarının yetersiz kalması ve idarî işlerde âdil davranılmaması yüzünden 1889’da Yemen’i kendi imamlarının yönetmesini isteyen Zeydîler isyan etti.
DUZELTILDI-DIFF		yemen	5	94656	0.702	0.833	kronoloji_arabistan.js:229	paket_12.js:2065	1895: Hüseyin Hilmi Paşa isyanı bastırdı.	1895’te başlayan ve iki yıl süren ayaklanmayı Hüseyin Hilmi Paşa bastırdı.
DUZELTILDI-DIFF		yemen	5	94656	0.623	0.667	kronoloji_arabistan.js:235	paket_12.js:2071	1902: İmam Yahyâ Hamîdüddin ayaklanmayı başlattı.	1902’de İmam Yahyâ Hamîdüddin’in başlattığı ayaklanma sırasında Yemen Valisi Fâik Paşa San‘a’da kuşatıldı.
DUZELTILDI-DIFF		yemen	5	94656	0.656	0.917	yer_yama.js:432		284/897: İmam Hâdî-İlelhak Yahyâ b. Hüseyin Sa'de'ye geldi.	Bölge ileri gelenlerinin davetiyle 284’te (897) Zeydî imâmetini tesis etmek üzere Sa‘de’ye gelen Zeydîler’den İmam Hâdî-İlelhak Yahyâ b. Hüseyin 288 (901) yılında San‘a’yı eline geçirdiyse de Ya‘furîler ertesi yıl şehri geri aldılar.
DUZELTILDI-DIFF		yemen	5	94656	0.833	1.0	yer_yama.js:436		1028/1619: Mehmed Paşa ile Zeydîler arasında on yıl antlaşma imzalandı	Nihayet barış sağlanıp Mehmed Paşa ile Zeydîler arasında on yıl sürmesi planlanan bir antlaşma imzalandı (1028/1619).
DUZELTILDI-DIFF		yemen	5	94656	0.754	0.917	yer_yama.js:440		1092/1681: Ahmed b. Hasan Yemen'i Osmanlı sultanı adına yönettiğini belirtti	Ayrıca Yemen İmamı Ahmed b. Hasan’ın 1092’de (1681) muhaliflerine karşı kendisinin Yemen’i Osmanlı sultanı adına yönettiğini belirtmesi dikkat çekicidir.
DUZELTILDI-DIFF		yunanistan	2	66701	0.866	1.0	ekokuma_yunan.js:91		Mısır Valisi Mehmed Ali Paşa'nın oğlu İbrâhim Paşa kumandasındaki Mısır donanması 1825'te Mora'ya çıkarak isyanı sert bir şekilde bastırdı.	Osmanlı güçlerinin isyanı bastıramaması üzerine kendisinden yardım istenen Mısır Valisi Mehmed Ali Paşa’nın oğlu İbrâhim Paşa kumandasındaki Mısır donanması 1825’te Mora’ya çıkarak Modon’u karargâh yaptı ve isyanı sert bir şekilde bastırdı.
LISTEDE	benzerlik<0.6;sayisiz-alinti(anlam-elle)	abdulhamid-i	1	14867	0.594	1.0	ekokuma_korfez.js:52		Kerim Han savaş ilan etti	Tahta geçtikten sonra Sünbülzâde Vehbî’yi İran’a elçi olarak gönderen padişah, Kerim Han Zend’in İran hükümdarlığını resmen tanıdı ise de kısa bir müddet sonra Kerim Han, Baban sancağı ve Baban ailesi yüzünden Osmanlı Devleti’ne savaş ilân etti.
LISTEDE	cumle-yok;benzerlik<0.6;sayisiz-alinti(anlam-elle)	agakapisi	1	11289	0	0	ekokuma_dunya.js:555		dönemin İstanbul'unu tekrar tekrar vuran büyük şehir yangınlarından biri	
LISTEDE	benzerlik<0.6	ali-sir-nevai	1	25252	0.57	0.8	kronoloji_timurlu.js:190	paket_11.js:2676	3 Ocak 1501'de öldü	Herat’a getirildikten üç gün sonra 13 Cemâziyelâhir 906’da (3 Ocak 1501) öldü.
LISTEDE	sayi-eksik:1840;benzerlik<0.6;kapsama<0.6(alinti-cumleden-genis)	almanya	4	94686	0.494	0.5	kronoloji_almanya.js:426	paket_08.js:3354	1840 Osmanlı-Alman ticaret antlaşması yenilendi	Fakat bunun Osmanlı-Alman ticaret ilişkilerinin gelişmesinde fazla bir etkisi olmadı.
LISTEDE	dil:ingilizce	almanya	4	94686	0.764	0.857	kronoloji_almanya.js:580	paket_08.js:3508	1889 II. Wilhelm'in İstanbul ziyareti gerçekleşti	1889’da II. Wilhelm’in İstanbul’u ziyareti, ilişkilerin gelişmesi yönünde etkili oldu.
LISTEDE	sayi-eksik:1898;benzerlik<0.6;kapsama<0.6(alinti-cumleden-genis);dil:ingilizce	almanya	4	94686	0.537	0.467	kronoloji_almanya.js:600	paket_08.js:3528	1898 sonbahar II. Wilhelm'in İstanbul-Kudüs ziyareti; kendini 300 milyon müslümanın dostu ilân etti	Burada yaptığı bir konuşmada kendini “300 milyon müslümanın dostu” ilân etti.
LISTEDE	benzerlik<0.6	almanya	4	94686	0.596	0.857	kronoloji_almanya.js:615	paket_08.js:3543	5 Mart 1903 Bağdat Demiryolu Antlaşması imzalandı	5 Mart 1903 tarihinde imzalanan Bağdat Demiryolu Antlaşması ile Almanya’nın Ankara’dan Bağdat-Basra’ya kadar uzanacak bir demiryolunun inşa ve işletme imtiyazını alması, milletlerarası sistem içerisinde İngiltere ile ciddi bir bunalıma yol açtı.
LISTEDE	sayi-eksik:1913	almanya	4	94686	0.682	0.643	kronoloji_almanya.js:630	paket_08.js:3558	1913 General Liman von Sanders başkanlığındaki Alman subay grubu ordunun üst makamlarına tayin edildi	Orduda görev verilmek üzere General Liman von Sanders başkanlığında bir Alman subay grubu getirildi ve ordunun en üst makamlarında görevlendirildi.
LISTEDE	benzerlik<0.6	atina	2	28306	0.442	0.667	kronoloji_atina_dukaligi.js:84	paket_12.js:2404	1402: Antonio tarafından Venediklilerden geri alındı	Bunun üzerine Yıldırım Bayezid Timurtaş Paşa’yı Mora’ya yolladı ve Atina muhtemelen 1397’de Osmanlılar’ın eline geçti; ancak bu hâkimiyet kısa sürdü ve şehri tekrar işgal eden Venedikliler 1402’de Nerio’nun oğlu Antonio tarafından geri alınmasına kadar ellerinde tuttular.
LISTEDE	benzerlik<0.6	atina	2	28306	0.548	0.8	kronoloji_atina_dukaligi.js:89	paket_12.js:2409	1435-1455: II. Nerio dönemi	Antonio (1402-1435) ve yerine geçen oğlu II. Nerio (1435-1455), Osmanlı Devleti’ne tâbi olarak hüküm sürdüler.
LISTEDE	sayi-eksik:1912,8;benzerlik<0.6;kapsama<0.6(alinti-cumleden-genis)	balkan-savasi	1	12919	0.435	0.5	kronoloji_balkan.js:341	paket_12.js:2806	(8 Ekim 1912 - 29 Eylül 1913)	Osmanlı-Bulgar antlaşması da 29 Eylül 1913’te İstanbul’da imzalandı.
LISTEDE	benzerlik<0.6;kapsama<0.6(alinti-cumleden-genis)	baltalimani-muahedesi	1	9613	0.358	0.556	kronoloji_cok_ingiltere.js:82	paket_30.js:1328	16 Ağustos 1838 tarihinde yapılan Osmanlı-İngiliz ticaret muahedesi	Türk tarafında Hariciye Nâzırı Mustafa Reşid Paşa, Başvekâlet Muavini Kâni Bey ve Hariciye Müsteşarı Nûri Efendi, İngiltere tarafından Sir Henry Lytton Bulwer ve Başkonsolos Cartwright tarafından Reşid Paşa’nın Baltalimanı’ndaki yalısında gizli olarak yapılan müzakerelerde görülen yumuşama sonunda 16 Ağustos 1838 Baltalimanı Muahedesi imzalandı.
LISTEDE	sayisiz-alinti(anlam-elle)	bayburt	1	12591	0.679	0.889	yerlesimler_anadolu_0914.js:33	paket_23.js:271	Kara Yûsuf zaptetti … az sonra Karayülük yeniden ele geçirdi	Bir ara Karakoyunlu Hükümdarı Kara Yûsuf tarafından zaptedildiyse de az sonra Akkoyunlu Karayülük Osman Bey bu bölgeyi yeniden ele geçirdi ve şehri kardeşinin oğlu Kutlu Bey’e verdi.
LISTEDE	sayi-eksik:1144,1232;benzerlik<0.6;kapsama<0.6(alinti-cumleden-genis)	begteginliler	1	14090	0.389	0.429	devletler.js:9783	paket_05.js:9802	1144-1232 yılları arasında merkezi Erbil olmak üzere Şehrizor, Hakkâri, Tikrît, Sincar, Harran, Urfa ve civarında hüküm süren bir Türk beyliği.	Erbil merkez olmak üzere Hakkâri, Urfa, Harran gibi yerlerde bazan bağımsız, bazan da Musul Atabegliği, Eyyûbîler, Anadolu Selçukluları ve Hârizmşahlar gibi devletlere bağımlı olarak hüküm süren Begteginliler bölgenin sosyal ve etnik yapısı üzerinde çok tesirli oldular.
LISTEDE	benzerlik<0.6;sayisiz-alinti(anlam-elle);kapsama<0.6(alinti-cumleden-genis)	berlin-antlasmasi	1	5576	0.487	0.45	kronoloji_balkan.js:531	paket_12.js:2996	Bulgaristan toprakları üç bölgeye ayrılacaktı. Birinci bölge Osmanlı Devleti'ne tâbi, iç işlerinde serbest, prensi halk tarafından seçilen ... Tuna ile Balkanlar arasında Sofya, Niğbolu, Ziştovi, Rusçuk, Silistre, Varna, Şumnu, Lofça ve Tırnova gibi şehirleri içine alan muhtar bir Bulgaristan Prensliği kuruldu.	Birinci bölge Osmanlı Devleti’ne tâbi, iç işlerinde serbest, prensi halk tarafından seçilen, Bâbıâli tarafından tasdik ve büyük devletlerin muvafakati ile tayin edilen, Osmanlı askerinin bulunmadığı, sınırları daraltılmış bir Bulgaristan prensliği idi.
LISTEDE	benzerlik<0.6;kapsama<0.6(alinti-cumleden-genis)	bogdan	1	17128	0.403	0.333	isyan_tarama.js:107		Aron 1594'te Kutsal İttifak'a girdi, 1594 sonlarında Yaş ve Bükreş'te Türk ve Rum alacaklılar öldürüldü; yerine geçen Razvan isyanı sürdürdü, Lehliler onu öldürdü (özet).	1594 yılı sonlarında Yaş ve Bükreş’te prensten alacağı olan bütün Türk ve Rumlar öldürüldü.
LISTEDE	benzerlik<0.6;kapsama<0.6(alinti-cumleden-genis)	bogdan	1	17128	0.425	0.462	isyan_tarama.js:122		Mihai 1599'da Erdel'i aldı, 1600'de Hotin'e dek ilerleyip Boğdan'ın da hâkimi oldu; ertesi yıl Basta onu öldürünce üç prenslik yeniden ayrıldı (özet).	Fakat Eflak Prensi Mihai Viteazul, önce Erdel Prensi Báthory’nin Osmanlılar’la dostluğa başladığını görünce Erdel’i işgal etti (1599), ardından hızlı bir hareketle Hotin’e kadar ilerleyerek Boğdan’ın da hâkimi oldu (1600).
LISTEDE	cumle-yok;sayi-eksik:1595,28;benzerlik<0.6	bogdan	1	17128	0	0	olaylar_ek10.js:251	paket_02.js:1126	28 Ocak 1595 Prag	
LISTEDE	sayi-eksik:1834;benzerlik<0.6	bogdan	1	17128	0.492	0.667	yama_p0037_bekleyen.js:63		tazminat ödeninceye kadar burada kalmaya karar verdiler ... Kiselef vali ... Sturdza tayinle (1834)	1828-1829 Osmanlı-Rus savaşı sırasında Ruslar Memleketeyn’i tekrar işgal ettiler ve kendilerine savaş tazminatı ödeninceye kadar burada kalmaya karar verdiler. Bu sırada General Kiselef vali sıfatı ile Eflak ve Boğdan’ın boyarlarından bir meclis teşkil etti ve 1830’da yürürlüğe konulan bir anayasa hazırlattı.
LISTEDE	benzerlik<0.6;kapsama<0.6(alinti-cumleden-genis)	bosna-eyaleti	1	5376	0.375	0.375	devletler.js:8262	paket_05.js:8281	önce sancak beyliği iken 1580'den itibaren beylerbeyilik	Sokullu ailesine mensup Ferhad Bey’in sancak beyliği (1 Safer 988 / 18 Mart 1580) sırasında Bosna stratejik ve askerî önemi sebebiyle bir eyalet haline getirildi.
LISTEDE	sayi-eksik:1866	bosna-eyaleti	1	5376	0.694	0.64	kronoloji_cok_bosna.js:211	paket_30.js:4612	Mayıs 1865'te ise vezir Topal Osman Paşa'nın valiliği sırasında yeni bir idarî düzenleme düşünüldü. 1866'da vilâyet olarak adlandırılan Bosna … yedi sancağa ayrılmıştı.	Mayıs 1865’te ise vezir Topal Osman Paşa’nın valiliği sırasında yeni bir idarî düzenleme düşünüldü.
LISTEDE	benzerlik<0.6;sayisiz-alinti(anlam-elle)	bosna-hersek	1	48610	0.538	0.667	kronoloji_balkan.js:753	paket_12.js:3218	...Stjepan Vukčić-Kosača, kendisini St. Sava'nın Herceki yani dükü ilân etmiş...	Sava’nın Herseki” yani dükü ilân eden Stjepan Vukčić-Kosača’nın unvanından gelir (Herzegovina = Hersek’in toprağı).
LISTEDE	benzerlik<0.6;sayisiz-alinti(anlam-elle);dil:ingilizce	bosna-hersek	1	48610	0.578	0.778	kronoloji_balkan.js:773	paket_12.js:3238	...Fâtih Sultan Mehmed'in ordusunun Bosna'nın fethini tamamladı...	Son Bosna kralı Tomašević (1461-1463), Batı desteğine güvenerek Osmanlılar’a haraç ödemeyi reddedince, bu durum tâbi bir hükümdar olmaktan çıktığı anlamına geldiğinden, Fâtih Sultan Mehmed idaresindeki Osmanlı ordusu süratle Bosna’nın fethini tamamladı.
LISTEDE	benzerlik<0.6	bulgaristan	5	95575	0.594	0.778	kronoloji_balkan.js:411	paket_12.js:2876	1393'te Tırnova düştü, Bulgar Krallığı'na son verildi.	Bunun üzerine 1393’te Yıldırım’ın büyük oğlu Süleyman Çelebi kumandasında sevkedilen kuvvetler Bulgar başşehri Tırnova’yı ele geçirerek Bulgar Krallığı’na son verdiler.
LISTEDE	sayi-eksik:1396;benzerlik<0.6;kapsama<0.6(alinti-cumleden-genis);dil:ingilizce	bulgaristan	5	95575	0.328	0.375	kronoloji_balkan.js:429	paket_12.js:2894	1396'da Vidin'in düşüşüyle Osmanlı hâkimiyeti tamamlandı.	630’da Avar hakanının ölümünden sonra Eski Bulgarlar kendi adaylarını kabul ettirmek istemiş, ancak çıkan çatışmada bunlardan bir bölümü yok edilmiş, bir bölümü kaçmış, kalanları da Avarlar’ın hâkimiyeti altında erimişlerdir.
LISTEDE	benzerlik<0.6	bulgaristan	5	95575	0.571	0.75	kronoloji_balkan.js:596	paket_12.js:3061	8 Ekim 1912'de Karadağ'ın harekâtıyla başladı	8 Ekim 1912’de Karadağ’ın Arnavutluk ve Yenipazar sancağına girmesiyle başlayan I. Balkan Savaşı’na Bulgaristan’ın yanında Sırbistan, Yunanistan ve Romanya da katıldı.
LISTEDE	benzerlik<0.6	bulgaristan	5	95575	0.553	0.778	kronoloji_balkan.js:656	paket_12.js:3121	Neully Antlaşması (27 Kasım 1919): Batı Trakya tamamen kaybedildi.	Savaşı sona erdiren Neully Antlaşması’yla (27 Kasım 1919) Bulgaristan Sırplar lehine belirli bir stratejik toprak kaybına uğramış, Batı Trakya’nın tamamını kaybetmiş, Ege denizi kıyısını Yunanistan’a bırakmak durumunda kalmış ve Güney Dobruca’yı Romanya’ya veren Bükreş Barış Antlaşması hükümlerini de onaylamıştır.
LISTEDE	benzerlik<0.6;kapsama<0.6(alinti-cumleden-genis)	bulgaristan	5	95575	0.324	0.444	kronoloji_cok_once1281_avrupa.js:198		S vlasti ga je 1218. svrgnuo Ivan Asen II.	Daha sonra Boril (1207-1218) ve II. İvan Asen (1218-1241) zamanında içte merkezî devletin gücü arttırılmaya çalışılmış, dışta da ülke çıkarları açısından değişken bir politika takip edilmiştir.
LISTEDE	benzerlik<0.6;sayisiz-alinti(anlam-elle);kapsama<0.6(alinti-cumleden-genis)	burkina-faso	1	22519	0.379	0.5	devletler.js:2696	paket_05.js:2715	XII. yüzyıl sonunda Ouédraogo temel Mossi krallığını kurdu	Bunların en ünlüleri olan Mosiler’in Dagomba kraliyet ailesinden Ouédraogo Tehkodego Krallığı’nı kurdu (XII. yüzyıl sonları); oğlu Oubri de Uagadugu bölgesini ülkesine katarak devleti güçlendirdi.
LISTEDE	benzerlik<0.6;kapsama<0.6(alinti-cumleden-genis)	burkina-faso	1	22519	0.507	0.571	devletler.js:2708 · kronoloji_sinir_guney_g8.js:126	paket_05.js:2727 · paket_09.js:410	Naaba Kango 1757-1787 arasında otoriteyi merkezîleştirdi	Aslında modern Yatenga’nın tarihi Naaba Kango (1757-1787) ile başlar.
LISTEDE	benzerlik<0.6;sayisiz-alinti(anlam-elle);kapsama<0.6(alinti-cumleden-genis)	cad	1	29353	0.303	0.4	devletler.js:2992	paket_05.js:3011	Vara ve Abeşe başlıca merkezler	Başlıca Cüheyne, Hasuna ve Uled Sliman (evlâd-ı Süleyman) olmak üzere üç ana kabileye mensupturlar.
LISTEDE	sayisiz-alinti(anlam-elle)	cad	1	29353	0.631	0.833	devletler.js:3012 · kronoloji_sinir_guney_g8.js:117	paket_05.js:3031 · paket_09.js:401	XVI. yüzyılda Kenkâ halkı tarafından kuruldu	XVI. yüzyılda Çad’ın güneyinde, kuzeyden ve doğudan gelerek Bulalar’ı etkisiz hale getiren putperest Kenkā ( كنقا ) kabilesi tarafından Bagirmi Devleti kuruldu.
LISTEDE	cumle-yok;benzerlik<0.6;sayisiz-alinti(anlam-elle)	cad	1	29353	0	0	devletler.js:3033	paket_05.js:3052	Mao, Ati, Am Timan — Kanem topraklarının şehirleri	
LISTEDE	cumle-yok;sayi-eksik:1340,1431;benzerlik<0.6	celayirliler	1	5886	0	0	yer_yama_ok109_fetret.js:48 · yer_yama_ok109_fetret.js:90 · yer_yama_ok109_fetret.js:137 · yer_yama_ok109_fetret.js:214 · yer_yama_ok109_fetret.js:256 · yer_yama_ok109_fetret.js:351 · yer_yama_ok109_fetret.js:441 · yer_yama_ok109_fetret.js:502 · yer_yama_ok109_fetret.js:928 · yer_yama_ok109_fetret.js:970 · yer_yama_ok109_fetret.js:1060 · yer_yama_ok109_fetret.js:1102 · yer_yama_ok109_fetret.js:1144 · yer_yama_ok109_fetret.js:1378 · yer_yama_ok109_fetret.js:1474 · yerlesimler.js:741 · yerlesimler.js:742 · yerlesimler.js:744 · yerlesimler.js:745 · yerlesimler.js:1856 · yerlesimler.js:1857 · yerlesimler.js:1859 · yerlesimler.js:1860 · yerlesimler.js:1864 · yerlesimler.js:1869 · yerlesimler.js:1870 · yerlesimler.js:1876 · yerlesimler.js:1877 · yerlesimler.js:1878 · yerlesimler.js:1879 · yerlesimler.js:1883 · yerlesimler.js:1884 · yerlesimler.js:1885 · yerlesimler.js:1886 · yerlesimler.js:1888 · yerlesimler.js:1889 · yerlesimler.js:1890 · yerlesimler.js:1891 · yerlesimler.js:1896 · yerlesimler.js:1897 · yerlesimler.js:1901 · yerlesimler.js:1902 · yerlesimler.js:1905 · yerlesimler_kalite4.js:30	paket_13.js:746 · paket_13.js:747 · paket_13.js:749 · paket_13.js:750 · paket_13.js:1861 · paket_13.js:1862 · paket_13.js:1864 · paket_13.js:1865 · paket_13.js:1869 · paket_13.js:1874 · paket_13.js:1875 · paket_13.js:1881 · paket_13.js:1882 · paket_13.js:1883 · paket_13.js:1884 · paket_13.js:1888 · paket_13.js:1889 · paket_13.js:1890 · paket_13.js:1891 · paket_13.js:1893 · paket_13.js:1894 · paket_13.js:1895 · paket_13.js:1896 · paket_13.js:1901 · paket_13.js:1902 · paket_13.js:1906 · paket_13.js:1907 · paket_13.js:1910 · paket_14.js:4985	CELAYIRLILER 1340-1431 yillari arasinda ... hukum suren Mogol hanedani	
LISTEDE	sayi-eksik:1340,1431;benzerlik<0.6;kapsama<0.6(alinti-cumleden-genis)	celayirliler	1	5886	0.368	0.5	yer_yama_hayalet.js:170 · yer_yama_hayalet.js:224		Bağdat, Musul, Tebriz, Azerbaycan … 1340-1431	Üveys 1358’de Azerbaycan ile Tebriz’i, 1364’te Musul ve Diyarbekir’i ele geçirerek devletin sınırlarını genişletti.
LISTEDE	sayi-eksik:1510;benzerlik<0.6	diu	1	5030	0.503	0.714	kademe_f5c9a5.js:266		1510 yılında Diû Sûret vilâyetinin merkezi oldu	Ancak ertesi yıl Diû Sûret vilâyetinin merkezi oldu; burada bir kale inşa ederek limanın savunmasını güçlendiren ve ada ile kara arasına bir köprü yaptıran Melik Ayaz Portekizliler için bir tehdit unsuru olmaya devam etti.
LISTEDE	benzerlik<0.6	dulkadirogullari	1	21884	0.468	0.8	yerlesimler_anadolu_0914.js:85 · yerlesimler_ok110.js:62	paket_21.js:960 · paket_23.js:323	Dârende: 1338'de işgal edildi	1338’de İlhanlı şehzadeleri arasında başlayan kanlı mücadeleler sonucunda Anadolu’da Moğol hâkimiyetinin çökmesinden faydalanan Karaca Bey, bir baskınla Eretnaoğulları’nın elinde bulunan Dârende’yi işgal etti.
LISTEDE	benzerlik<0.6;kapsama<0.6(alinti-cumleden-genis)	eflak	1	18822	0.371	0.381	isyan_tarama.js:89		Cesur Mihai (1593-1601) vergi yüzünden isyan etti; 1601'de Basta'ya yenilip öldürüldü, ardından Eflak eskisi gibi Osmanlı'ya tâbi oldu (özet).	Fakat aynı yüzyılın sonlarına doğru voyvoda olan ve Cesur Mihai diye anılan Mihai Viteazul (1593-1601) vergi yüzünden isyan etti.
LISTEDE	benzerlik<0.6;kapsama<0.6(alinti-cumleden-genis)	el-hac-omer	1	15456	0.315	0.444	devletler.js:2676	paket_05.js:2695	Kaarta 11 Kasım 1854'te İslâm devleti olarak kuruldu	1854 bir cihad yılı oldu; Yelimane, Bambuk ve Farabanna ele geçirildi. el-Hâc Ömer, bir Bambara Krallığı olan Karta’yı mağlûp ederek İslâm devletini kurdu (11 Kasım 1854).
LISTEDE	benzerlik<0.6	el-hac-omer	1	15456	0.424	0.6	devletler.js:7473	paket_05.js:7492	Hamdallahi: 1862 — Masina başşehri ele geçirildi; Emîr Ahmed muharebede öldü	Bunda tarafların bağlı olduğu tarikatların da etkisi vardı; zira Ömer bir Ticânî şeyhi, Ahmed ise Kādirî idi. el-Hâc Ömer 1862’de Mâsînâ’nın merkezi Hamdallahi’yi ele geçirip savaşta ölen Ahmed’in yerine kendisini emîr olarak ilân ettiyse de bölgede asayişi sağlayamadı.
LISTEDE	benzerlik<0.6	el-hac-omer	1	15456	0.591	0.667	devletler.js:7485	paket_05.js:7504	1854: Yelimane, Bambuk ve Farabanna ele geçirildi; Kaarta 11 Kasım 1854'te İslâm devleti olarak kuruldu	1854 bir cihad yılı oldu; Yelimane, Bambuk ve Farabanna ele geçirildi. el-Hâc Ömer, bir Bambara Krallığı olan Karta’yı mağlûp ederek İslâm devletini kurdu (11 Kasım 1854).
LISTEDE	benzerlik<0.6;kapsama<0.6(alinti-cumleden-genis)	el-hac-omer	1	15456	0.384	0.5	devletler.js:7486	paket_05.js:7505	Medine: 1857 — 25.000 askerle Fransız kalesine saldırıldı; Fransız kuvvetlerince püskürtüldü	Ömer’in varlığını hem sömürgelerinin geleceği hem de hıristiyan misyonerlerinin faaliyetleri açısından tehlikeli görüyorlardı. el-Hâc Ömer 25.000 kişilik bir ordu ile, bugün Mali Cumhuriyeti’ne ait Medine yerleşim bölgesindeki Fransız Kalesi’ne saldırdı (1857).
LISTEDE	benzerlik<0.6	el-hac-omer	1	15456	0.417	0.667	devletler.js:7488	paket_05.js:7507	Hamdallahi: 1862 — Masina başşehri ele geçirildi	Bunda tarafların bağlı olduğu tarikatların da etkisi vardı; zira Ömer bir Ticânî şeyhi, Ahmed ise Kādirî idi. el-Hâc Ömer 1862’de Mâsînâ’nın merkezi Hamdallahi’yi ele geçirip savaşta ölen Ahmed’in yerine kendisini emîr olarak ilân ettiyse de bölgede asayişi sağlayamadı.
LISTEDE	benzerlik<0.6;kapsama<0.6(alinti-cumleden-genis)	el-hac-omer	1	15456	0.346	0.571	devletler.js:7490	paket_05.js:7509	devlet 1893-1894 Fransız fethine kadar sürdü	Yerine geçen oğlu Ahmed el-Kebîr el-Medenî (Ahmed Tâl), bir süre sonra babasının muhalifi Bekkây’ı ortadan kaldırarak Tinbüktü’yü de devletinin sınırları içine aldı. el-Hâc Ömer’in kurduğu devlet, Fransızlar’ın 1893-1894 yıllarında bölgeyi ele geçirmesine kadar varlığını sürdürmüştür. el-Hâc Ömer’in gerçekleştirdiği başarının ardında halkın Fransızlar’a karşı duyduğu hoşnutsuzluğun payı olmakla birlikte esas olarak Ticâniyye tarikatından kaynaklanan cihad ruhunun ve idarede aristokrasiye meydan vermemesinin etkili olduğu söylenebilir.
LISTEDE	benzerlik<0.6;sayisiz-alinti(anlam-elle);kapsama<0.6(alinti-cumleden-genis);dil:ingilizce	erdel	1	19402	0.475	0.435	isyan_tarama.js:78		Erdel'in belli başlı şehirleri arasında Alba Julia (Gyulafehérvár) ve Sighişoara (Segesvár) sayılır; güneydeki Sekeller ili bölgesinin en önemli şehri Braşov'dur (özet).	Erdel’in belli başlı şehirleri sayılan Cluj (Macarca Koloszvár), Alba Julia (Macarca Gyulafehérvár), Turda (Macarca Torda, Almanca Thorenburg), Tirgul Mureş (Macarca Marosvasarhely), Sighişoara (Macarca Segesvar) bu engebeli fakat kolay geçit veren ovada kurulmuştur.
LISTEDE	sayi-eksik:1581,1598,1601,1602;benzerlik<0.6;kapsama<0.6(alinti-cumleden-genis);dil:diger-latin	erdel	1	19402	0.54	0.44	isyan_tarama.js:143		Zsigmond Báthory (1581-1598, 1601-1602) Türklere karşı döndü; 1593-1606 savaşlarında Habsburglarla ve bir ara Mihal'le anlaşıp geçici olarak onlara tâbi oldu (özet).	Zsigmond, Osmanlı-Habsburg savaşları döneminde (1593-1606) Habsburglar ve bir ara Eflak Beyi Mihal ile anlaşmalar yapmış, hatta geçici olarak onlara tâbi olmuştur.
LISTEDE	benzerlik<0.6;dil:ingilizce	erdel	1	19402	0.55	0.652	isyan_tarama.js:205		Zsigmond'un dengesiz siyaseti Erdel'in yeniden Habsburg idaresine girmesine yol açtı (1601-1602); Osmanlı yanlısı Mózes Székely'nin girişimi başarısız oldu (özet).	Dengesiz bir siyaset takip eden Zsigmond sonuçta Erdel’in tekrar Habsburg idaresine girmesine yol açtı (1601-1602). Osmanlı idaresini Erdel’de yeniden sağlamak için bir Sekel asilzadesi olan Mózes Székely İstanbul ile anlaşarak harekete geçtiyse de başarısızlığa uğradı.
LISTEDE	cumle-yok;benzerlik<0.6;sayisiz-alinti(anlam-elle)	erzincan	1	17160	0	0	yerlesimler_anadolu_0914.js:33	paket_23.js:271	gün komşudan: Erzincan · TDV erzincan	
LISTEDE	benzerlik<0.6;sayisiz-alinti(anlam-elle);kapsama<0.6(alinti-cumleden-genis)	evfat	1	4802	0.485	0.385	kronoloji_dogu_afrika.js:114	paket_12.js:3637	Zeyla‘ limanına giden ticaret yollarını elinde tutuyor ... Dâvaro, Erâbînî, Hedye, Şerhâ, Bâlî, Dâre	Bunlar Devâro, Erâbînî, Hedye, Şerhâ, Bâlî ve Dâre’dir.
LISTEDE	sayisiz-alinti(anlam-elle)	evfat	1	4802	0.626	0.833	kronoloji_dogu_afrika.js:164 · kronoloji_dogu_afrika.js:174	paket_12.js:3687 · paket_12.js:3697	Adal Emirliği Evfât'ın yerini aldı	Evfât Emirliği’nin yıkılmasından sonra Zeyla‘ın güneyindeki Adel Emirliği onun yerini aldı.
LISTEDE	sayi-eksik:1920;benzerlik<0.6;kapsama<0.6(alinti-cumleden-genis)	filistin	1	89043	0.53	0.455	devletler.js:7511 · yer_yama_manda_0906.js:354 · yer_yama_manda_0906.js:359 · yer_yama_manda_0906.js:364 · yer_yama_manda_0906.js:369 · yer_yama_manda_0906.js:390 · yer_yama_manda_0906.js:411 · yerlesimler.js:735 · yerlesimler.js:737 · yerlesimler.js:739 · yerlesimler.js:972 · yerlesimler.js:975 · yerlesimler.js:1493	paket_05.js:7530 · paket_13.js:740 · paket_13.js:742 · paket_13.js:744 · paket_13.js:977 · paket_13.js:980 · paket_13.js:1498	1920 Temmuzu'ndan itibaren Filistin'de mülkî bir manda idaresi kuruldu	Allenby’nin işgaliyle birlikte 1917’den itibaren Filistin’de askerî bir idare kuruldu.
LISTEDE	benzerlik<0.6	fransa	6	98438	0.589	0.875	kronoloji_fransa.js:290	paket_08.js:2198	1543'te Nice'ye karşı ortak deniz harekâtı	1536’da Osmanlı-Fransız siyasî ilişkilerinin resmen kurulmasıyla başlayan iş birliği, 1543’te Nice şehrine karşı ortak bir deniz harekâtı ile geliştiği gibi ünlü Fransız elçisi Gabriel d’Aramon’un faaliyetleriyle daha da güçlendi.
LISTEDE	benzerlik<0.6	fransa	6	98438	0.466	0.625	kronoloji_fransa.js:460	paket_08.js:2368	1740'ta I. Mahmud'un kapitülasyonları devamlılık kazandırması	1739’da Avusturya ve Rusya ile Belgrad antlaşmalarının yapılması sırasında yardımı görülen Fransız elçisi Villeneuve’ün gayretiyle, daha önce her padişah tarafından yenilenen kapitülasyonlara I. Mahmud tarafından devamlılık kazandırıldı (1740).
LISTEDE	benzerlik<0.6	fransa	6	98438	0.502	0.667	kronoloji_fransa.js:695	paket_08.js:2603	Ekim 1808'de Erfurt'ta Napolyon-Çar Aleksandr görüşmesi	Fakat 1808 Ekiminde Erfurt’ta Çar Aleksandr ile buluşan Napolyon bu defa Eflak-Boğdan’ı Rusya’ya bırakan yeni bir antlaşma yaptı ve bu tutum karşısında Osmanlı-Fransız ilişkileri iyice kötüleşti.
LISTEDE	sayi-eksik:1827;benzerlik<0.6;kapsama<0.6(alinti-cumleden-genis)	fransa	6	98438	0.497	0.571	kronoloji_fransa.js:740	paket_08.js:2648	1827 (Navarin): müttefik donanmasının Osmanlı donanmasını yakması	Aynı yıl Navarin’de savaş halinde olmayan Osmanlı donanmasını yakan müttefik donanmasında Fransız filosu da vardı ve bu filo Mora’ya asker çıkardı.
LISTEDE	benzerlik<0.6	fransa	6	98438	0.567	0.857	kronoloji_fransa.js:750	paket_08.js:2658	1830 (14 Haziran): Fransa'nın Cezayir işgali	Fransa 14 Haziran 1830’da, Akdeniz’deki rakibi İngiltere’nin Hindistan’la uğraşmasından faydalanarak öteden beri ele geçirmek için fırsat kolladığı Cezayir’e büyük bir donanma gönderdi ve burayı işgal etti.
LISTEDE	benzerlik<0.6	fransa	6	98438	0.52	1.0	kronoloji_fransa.js:965	paket_08.js:2873	16 Mayıs 1916: Sykes-Picot Antlaşması	Bu sırada Batılı müttefikler kendi aralarında Osmanlı Devleti’ni paylaşmak üzere Sykes-Picot (16 Mayıs 1916), Saint Jean de Maurienne (17 Nisan 1917) ve San Remo (25 Nisan 1920) antlaşmalarını yaptılar; Suriye, Lübnan ve Güneydoğu Anadolu illeri Fransızlar’ın payına düştü. Mondros Mütarekesi (30 Ekim 1918) ve Sevr Antlaşması (10 Ağustos 1920) sadece önceki antlaşmaların Osmanlı Devleti’ne zorla kabul ettirilmesi anlamına geliyordu.
LISTEDE	benzerlik<0.6	fransa	6	98438	0.579	0.875	kronoloji_fransa.js:980	paket_08.js:2888	17 Nisan 1917: Saint Jean de Maurienne Antlaşması	Bu sırada Batılı müttefikler kendi aralarında Osmanlı Devleti’ni paylaşmak üzere Sykes-Picot (16 Mayıs 1916), Saint Jean de Maurienne (17 Nisan 1917) ve San Remo (25 Nisan 1920) antlaşmalarını yaptılar; Suriye, Lübnan ve Güneydoğu Anadolu illeri Fransızlar’ın payına düştü.
LISTEDE	benzerlik<0.6	fransa	6	98438	0.521	1.0	kronoloji_fransa.js:995	paket_08.js:2903	25 Nisan 1920: San Remo Antlaşması	Bu sırada Batılı müttefikler kendi aralarında Osmanlı Devleti’ni paylaşmak üzere Sykes-Picot (16 Mayıs 1916), Saint Jean de Maurienne (17 Nisan 1917) ve San Remo (25 Nisan 1920) antlaşmalarını yaptılar; Suriye, Lübnan ve Güneydoğu Anadolu illeri Fransızlar’ın payına düştü. Mondros Mütarekesi (30 Ekim 1918) ve Sevr Antlaşması (10 Ağustos 1920) sadece önceki antlaşmaların Osmanlı Devleti’ne zorla kabul ettirilmesi anlamına geliyordu.
LISTEDE	benzerlik<0.6	fransa	6	98438	0.559	0.778	kronoloji_fransa.js:1010	paket_08.js:2918	20 Ekim 1921: Ankara Antlaşması (Hatay'ın özel statüsü)	Bu yenilgi Fransa’yı anlaşma masasına oturmaya zorladı ve 20 Ekim 1921’de Ankara hükümetiyle Ankara Antlaşması’nı imzaladı; bu antlaşma ile Türkiye-Suriye sınırına bugünkü şekli verilirken Hatay özel bir statüyle dışarıda bırakıldı.
LISTEDE	benzerlik<0.6;kapsama<0.6(alinti-cumleden-genis)	gana	2	27639	0.448	0.571	devletler.js:5008	paket_05.js:5027	1901: Aşanti toprakları İngiliz idaresi altına girdi	Ardından da Aşanti Devleti’nin bütün toprakları İngiltere’nin hâkimiyetine geçti (1901); bir yıl sonra da bugünkü Gana topraklarının tamamı İngiliz sömürgesi oldu.
LISTEDE	sayi-eksik:07;benzerlik<0.6;kapsama<0.6(alinti-cumleden-genis)	gilan	1	5080	0.432	0.364	devletler.js:650	paket_05.js:669	İlhanlı Hükümdarı Olcaytu'nun 1306-07'deki başarısız ilhak girişiminden sonra	İlhanlı Hükümdarı Olcaytu 706’da (1306) Gîlân’ı kendi topraklarına kattıysa da burada tutunamadı ve ertesi yıl bölgeden uzaklaştı.
LISTEDE	benzerlik<0.6	gine	2	19228	0.56	0.8	devletler.js:2533	paket_05.js:2552	Yaklaşık 1747'de İbrâhim Mûsâ önderliğinde bağımsız bir İslâm devleti	XVIII. yüzyılın ortalarına kadar yerli Dialonkeler’in otoritesi altında yaşayan Fûlânîler, bu tarihlerde dindar bir kişi olan İbrâhim Mûsâ’nın önderliğinde müslüman olmayanlara karşı başlattıkları cihad sonunda bağımsız bir İslâm devleti kurdular (1747) ve cihadı temel politikalarından biri olarak benimsediler.
LISTEDE	benzerlik<0.6;sayisiz-alinti(anlam-elle);kapsama<0.6(alinti-cumleden-genis)	gine	2	19228	0.276	0.429	devletler.js:2645	paket_05.js:2664	Ture din temelli merkezî bir devlet kurdu	1 Ocak 1968 tarihinde yeniden devlet başkanlığına seçilen Seku Ture’nin otoriter ve baskıya dayalı yönetimine karşı zaman zaman ayaklanmalar oldu ve eylemciler ağır şekilde cezalandırıldılar; yönetime muhalif olanların büyük bir kısmı yurt dışına kaçmak zorunda kaldı.
LISTEDE	benzerlik<0.6;sayisiz-alinti(anlam-elle);kapsama<0.6(alinti-cumleden-genis)	gine	2	19228	0.551	0.533	devletler.js:3598	paket_05.js:3617	Kankan — Diafunu'dan gelen müslüman Mandinka yerleşimcilerce kuruldu; Gine'nin iç kesimindeki başlıca şehir oldu	Diafunu’dan gelen müslüman Mandinkalar Kankan, Bate, Kuafodie, Tintiule gibi şehirleri kurarak Gine’nin iç kısımlarına yerleştiler.
LISTEDE	benzerlik<0.6	guney-afrika-cumhuriyeti	1	25345	0.39	0.625	devletler.js:7405	paket_05.js:7424	1852-1854: Transvaal ve Orange cumhuriyetlerinin bağımsızlığı tanındı	İngilizler’in 1833’te köleliği kaldırmasına şiddetle karşı çıkan Boerler 1834-1835’te Cape kolonisinden tamamen ayrıldılar ve “büyük göç” (grand trek) denilen bir hareketle kuzeye yönelerek Zulular’ı topraklarından atıp Natal, Transvaal ve Orange bağımsız cumhuriyetlerini kurdular. 1842’de Natal’e saldıran İngilizler burayı yönetimleri altına aldılarsa da diğer ikisinin bağımsızlıklarını tanımak zorunda kaldılar (1852-1854).
LISTEDE	benzerlik<0.6	guney-afrika-cumhuriyeti	1	25345	0.418	0.6	devletler.js:7406	paket_05.js:7425	1877: İngilizlerin Transvaal'i ilhakı	1868-1870 yıllarında Orange ve Vaal ırmakları arasındaki bölgede elmas yataklarının bulunmasından sonra hem İngilizler hem de Boerler bölge üzerinde hak iddia etmeye başladılar ve aralarında çıkan sürtüşme 1877’de İngilizler’in Transvaal’i ilhakıyla sonuçlandı.
LISTEDE	benzerlik<0.6	guney-afrika-cumhuriyeti	1	25345	0.443	0.714	devletler.js:7407	paket_05.js:7426	1881: Majuba Hill Savaşı'nda Boerlerin zaferi	İngiltere’nin ilhakından sonra binlerce elmas arayıcısının hücumuna uğrayan Transvaal’de bunlara siyasî hak verilmesini isteyen İngilizler’le Boerler arasında yeniden anlaşmazlık çıktı; ayaklanarak silâha sarılan Boerler İngilizler’i Majuba Hill Savaşı’nda yenip tekrar bağımsızlıklarını elde ettiler (1881).
LISTEDE	benzerlik<0.6	guney-afrika-cumhuriyeti	1	25345	0.378	0.8	devletler.js:7412	paket_05.js:7431	1899-1902: İkinci Boer Savaşı	Boerler Savaşı denilen ve 1899’dan 1902’ye kadar süren bu çatışma Boerler’in yenilgisi ve devletlerinin doğrudan İngiltere’ye bağlı iki eyalet haline getirilmesiyle sonuçlandı. 1910 yılında eski iki İngiliz eyaletiyle (Cape ve Natal) bu iki Boer eyaleti ortaklaşa hazırladıkları bir anayasayı yürürlüğe koyarak İngiltere’ye bağlı Güney Afrika Birliği Devleti’ni kurdular.
LISTEDE	sayisiz-alinti(anlam-elle)	halid-beni-halid	1	8311	0.661	1.0	yer_yama.js:464		Hüfûf ve Katîf üzerine sefer	Mâcid ve Muhammed kardeşler, İbrâhim Paşa’nın kumandanı Muhammed el-Kâşif’in bölgeye varmasından önce Hüfûf ve Katîf üzerine bir sefer düzenlediler.
LISTEDE	benzerlik<0.6;sayisiz-alinti(anlam-elle);kapsama<0.6(alinti-cumleden-genis)	harar	1	12962	0.353	0.357	kronoloji_dogu_afrika.js:269	paket_12.js:3792	Nûr b. el-Mücâhid (Sâhibü'l-fethi's-sânî) zamanında şehrin surları yeniden yapıldı	Sâhibü’l-Feth es-Sânî unvanını alan Nûr kısa zamanda orduyu tekrar toparladı ve muhtemelen Türk elemanlardan da faydalanarak devleti yeniden teşkilâtlandırdı; bu arada Harar’ın yıkılan surlarını tamir ettirdi.
LISTEDE	benzerlik<0.6	haydarabad-nizamligi	1	11705	0.461	0.714	devletler.js:6475	paket_05.js:6494	Bağımsızlığını 11 Ekim 1724'te ilan etmiştir	Bu sırada Dekken valiliğine tayin edilmiş olan Mübâriz Han’ın kendisini durdurmak istemesi üzerine çıkan savaşta kesin bir zafer kazandı ve fiilen bağımsızlığını ilân etti (11 Ekim 1724); bir süre sonra da Muhammed Şah’a gelişmelerden dolayı üzüntü duyduğunu bildiren bir mektup yazarak bağlılığını bildirdi.
LISTEDE	cumle-yok;benzerlik<0.6;sayisiz-alinti(anlam-elle)	himaye	1	4489	0	0	ekokuma_p76g.js:79		mâliye bakanının ikili denetimi	
LISTEDE	cumle-yok;sayi-eksik:1711;benzerlik<0.6	hotin	1	6754	0	0	ekokuma_karadeniz.js:122		çıkarılma'yı 1711 SONRASINA koyar ve gün vermez (	
LISTEDE	benzerlik<0.6;sayisiz-alinti(anlam-elle);kapsama<0.6(alinti-cumleden-genis)	hurmuz--iran	1	7174	0.362	0.4	kronoloji_portekiz.js:227	paket_09.js:3750	Portekizliler ikinci muhasaradan sonra adayı ele geçirip sultanı kendilerine bağladılar	Fakat yedi yıl sonra tekrar kuşattığında sultanın metbûu Şah İsmâil’in o yıllarda Osmanlı Devleti ile mücadele etmesinden de yararlanarak adayı ele geçirdi ve İran’ın vasalı olan sultanı Portekiz’e bağladı (1514).
LISTEDE	sayi-eksik:1353;benzerlik<0.6	ilhanlilar	2	27181	0.427	0.778	yer_yama_ok109_fetret.js:48 · yer_yama_ok109_fetret.js:90 · yer_yama_ok109_fetret.js:137 · yer_yama_ok109_fetret.js:214 · yer_yama_ok109_fetret.js:256 · yer_yama_ok109_fetret.js:351 · yer_yama_ok109_fetret.js:441 · yer_yama_ok109_fetret.js:502 · yer_yama_ok109_fetret.js:928 · yer_yama_ok109_fetret.js:970 · yer_yama_ok109_fetret.js:1060 · yer_yama_ok109_fetret.js:1102 · yer_yama_ok109_fetret.js:1144 · yer_yama_ok109_fetret.js:1378 · yer_yama_ok109_fetret.js:1474 · yerlesimler.js:741 · yerlesimler.js:742 · yerlesimler.js:744 · yerlesimler.js:745 · yerlesimler.js:1856 · yerlesimler.js:1857 · yerlesimler.js:1859 · yerlesimler.js:1860 · yerlesimler.js:1864 · yerlesimler.js:1869 · yerlesimler.js:1870 · yerlesimler.js:1876 · yerlesimler.js:1877 · yerlesimler.js:1878 · yerlesimler.js:1879 · yerlesimler.js:1883 · yerlesimler.js:1884 · yerlesimler.js:1885 · yerlesimler.js:1886 · yerlesimler.js:1888 · yerlesimler.js:1889 · yerlesimler.js:1890 · yerlesimler.js:1891 · yerlesimler.js:1896 · yerlesimler.js:1897 · yerlesimler.js:1901 · yerlesimler.js:1902 · yerlesimler.js:1905 · yerlesimler_kalite4.js:30	paket_13.js:746 · paket_13.js:747 · paket_13.js:749 · paket_13.js:750 · paket_13.js:1861 · paket_13.js:1862 · paket_13.js:1864 · paket_13.js:1865 · paket_13.js:1869 · paket_13.js:1874 · paket_13.js:1875 · paket_13.js:1881 · paket_13.js:1882 · paket_13.js:1883 · paket_13.js:1884 · paket_13.js:1888 · paket_13.js:1889 · paket_13.js:1890 · paket_13.js:1891 · paket_13.js:1893 · paket_13.js:1894 · paket_13.js:1895 · paket_13.js:1896 · paket_13.js:1901 · paket_13.js:1902 · paket_13.js:1906 · paket_13.js:1907 · paket_13.js:1910 · paket_14.js:4985	ILHANLILAR - Iran'da kurulan bir Mogol devleti (1256-1353)	Moğol Büyük Hanı Mengü (Möngke) 1253 yılında kurultay kararı ile kardeşi Hülâgû’yu İran, Irak, Suriye, Mısır, Kafkasya ve Anadolu’yu ele geçirip buraları kendisine tâbi bir “ilhan” (il+han “bölge hükümdarı”) olarak idare etmek üzere görevlendirdi. Bu suretle başşehri Tebriz olmak üzere İran’da kurulan (1256) ve 1295 yılından itibaren tam bağımsız hale gelen devlet, Hülâgû’nun taşıdığı ilhan unvanına nisbeten İlhanlılar adıyla anılmıştır.
LISTEDE	sayi-eksik:1500	iskender-bey	1	13113	0.726	0.706	kronoloji_cok_arnavut.js:55	paket_30.js:4208	26 Mart 1451'de yapılan anlaşmaya göre İskender Bey kralın tâbii oldu. İskender Bey yılda 1500 duka tahsisat alacaktı.	26 Mart 1451’de yapılan anlaşmaya göre İskender Bey kralın tâbii oldu.
LISTEDE	benzerlik<0.6;sayisiz-alinti(anlam-elle);kapsama<0.6(alinti-cumleden-genis)	karlofca	2	22209	0.394	0.5	hukuki_sinirlar.js:247	paket_16.js:252	Suçeva ... Osmanlılar geri aldı	Bunlara karşılık Boğdan’da Leh işgali altındaki Suçeva (Suczawa), Roman, Nemçe (Njamtzo), Soroka ve Kampulek kalelerini geri alıyordu.
LISTEDE	benzerlik<0.6	kazan-hanligi	1	10479	0.545	0.636	kronoloji_altinorda.js:279	paket_11.js:284	1437'de Uluğ Muhammed Han ... Saray'dan ayrılıp Kazan'a geldi	Birinci görüşe göre hanlık, 1437 yılında Altın Orda hanlarından Uluğ Muhammed Han’ın tahtının elinden alınması üzerine Saray’dan ayrılarak Kazan iline gelmesiyle kurulmuştur.
LISTEDE	cumle-yok;sayi-eksik:1330;benzerlik<0.6	kefe	1	11481	0	0	kronoloji_altinorda.js:135	paket_11.js:140	1330'larda ... çoğunluğu Cenevizli	
LISTEDE	benzerlik<0.6;kapsama<0.6(alinti-cumleden-genis)	kefe	1	11481	0.434	0.556	kronoloji_altinorda.js:273	paket_11.js:278	1434: Hacı Giray Cenevizliler'i yener, meşrû hâkim olur	Altın Orda’nın parçalanması üzerine ortaya çıkan Kırım Hanlığı’nın kurucusu I. Hacı Giray, 1434 yılında Cenevizliler’i ağır bir bozguna uğrattıktan sonra onlarla yaptığı antlaşmada Kefe’nin hukukî bakımdan hâkimi oldu.
LISTEDE	benzerlik<0.6	kefe	1	11481	0.535	0.667	kronoloji_altinorda.js:303	paket_11.js:308	Haziran 1475: Gedik Ahmed Paşa 100 gemilik donanmayla fetheder	Fâtih Sultan Mehmed, Gedik Ahmed Paşa’yı 100 parçalık bir donanma ile Kefe seferine gönderdi, harekât sonunda Kefe ile beraber bütün sahil şeridi fethedildi (Safer 880 / Haziran 1475).
LISTEDE	benzerlik<0.6;sayisiz-alinti(anlam-elle);kapsama<0.6(alinti-cumleden-genis)	kerim-han-zend	1	4957	0.419	0.333	ekokuma_korfez.js:52		Basra alınınca Osmanlı savaş ilan etti	Bunun üzerine aynı yıl İran’a karşı savaş ilân edildi.
LISTEDE	benzerlik<0.6;sayisiz-alinti(anlam-elle)	kilitbahir-kalesi	1	4934	0.567	0.667	yer_yama_tbmm_1920_0905.js:3125 · yerlesimler.js:303	paket_13.js:308	İstanbul'un fethinden sonra yapılmış kale	Evliya Çelebi, İstanbul’un fethinden hemen sonra yapıldığı tahmin edilen kalenin fetihten önce 856’da (1452) inşa edildiğini belirtir.
LISTEDE	benzerlik<0.6;sayisiz-alinti(anlam-elle);dil:ingilizce	kinalizade-ali-efendi	1	7377	0.579	0.643	yer_yama.js:422		Anadolu kazaskeri olarak görevli iken II. Selim'in maiyetinde Edirne meştâsında (kampında) vefat etti	Uhdesinde Anadolu kazaskerliği bulunduğu halde II. Selim’in maiyetinde Edirne meştâsında muhtemelen bir sefer hazırlığı esnasında nikris hastalığının nüksetmesi neticesinde vefat etti (6 Ramazan 979 / 22 Ocak 1572).
LISTEDE	cumle-yok;sayi-eksik:11,1783,19,21,23,8;benzerlik<0.6;dil:ingilizce	kirim	3	113887	0	0	ekokuma_karsi.js:154		8 Nisan 1783'ü üslup belirtmeden eski üslupla yazıyor; Duma ve RIO 19 Nisan'ı aynı gün olarak veriyor (fark 11 gün). Çelik yemin için Potemkin'in 23 Temmuz mektubunu ve Karasu'da 21 Temmuz 1783 tarihli Osmanlı belgesini veriyor — metinde yalnız 'yaz	
LISTEDE	cumle-yok;benzerlik<0.6;sayisiz-alinti(anlam-elle)	kirim	3	113887	0	0	yer_yama.js:656		birkaç kez sefer düzenledi	
LISTEDE	cumle-yok;benzerlik<0.6;sayisiz-alinti(anlam-elle)	kopru	1	14849	0	0	gecitler.js:219		ordu ve ağırlık geçer	
LISTEDE	benzerlik<0.6;kapsama<0.6(alinti-cumleden-genis);dil:ingilizce	kuveyt	2	20840	0.548	0.5	devletler.js:7737	paket_05.js:7756	taraflar İngiltere'den yardım talep edince Osmanlılar endişelenip Mübârek'in kaymakamlığını 1897'de onayladı	Fakat tarafların İngiltere’den yardım istemeleri üzerine irsiyet kavgalarının Küveyt’te meydana getireceği tehlikeyi sezerek Mübârek’in kaymakamlığını tasdik etti (1897).
LISTEDE	benzerlik<0.6	lahsa	1	11986	0.515	0.714	kronoloji_arabistan.js:431 · yer_yama.js:463	paket_12.js:2267	1547: Osmanlı Devleti bölgeyi Basra beylerbeyiliğine bağladı.	Bu devletin ortadan kalkmasının ardından bölge çeşitli kabilelerin mücadele sahnesi haline geldi; Âl-i Ecved’in elinde iken Portekiz tehlikesinin baş göstermesi üzerine Osmanlı Devleti tarafından hâkimiyet altına alınarak Basra beylerbeyiliğine bağlandı (1547).
LISTEDE	benzerlik<0.6	lahsa	1	11986	0.533	0.6	kronoloji_arabistan.js:437	paket_12.js:2273	1553 sonrası: Lahsâ beylerbeyiliğe yükseltildi; Âl-i Hamîd kabilesi yönetimde.	Muhtemelen 1553’ten sonra beylerbeyiliğe yükseltilen Lahsâ’da bazan İbn Hamîd adıyla da anılan Benî Hâlid kabilesinden Âl-i Hamîd kışlıyor ve sâlyâne olarak 200.000 akçe alıyordu.
LISTEDE	benzerlik<0.6	lahsa	1	11986	0.487	0.692	kronoloji_arabistan.js:473	paket_12.js:2309	1818: Kavalalı Mehmed Ali Paşa'nın oğlu İbrâhim Paşa'nın harekâtı; Suudi liderleri idam edildi.	Mehmed Ali Paşa, oğlu İbrâhim Paşa’yı Necid ve Lahsâ tarafına Suûdîler’le mücadeleye gönderdi ve bölgede yeniden Osmanlı hâkimiyeti kuruldu. Bu arada içlerinde Abdullah b. Suûd gibi liderlerin bulunduğu bir grup Suûdî İstanbul’a götürülerek idam edildi (1818).
LISTEDE	cumle-yok;sayi-eksik:1327,1401;benzerlik<0.6	libya	3	76586	0	0	devletler.js:7612	paket_05.js:7631	AMMÂROĞULLARI 1327-1401 yılları arasında Trablusgarp'ta hüküm süren bir hânedan.	
LISTEDE	benzerlik<0.6;sayisiz-alinti(anlam-elle);kapsama<0.6(alinti-cumleden-genis)	madagaskar	1	12752	0.254	0.333	devletler.js:3516	paket_05.js:3535	Betsileo — güney yaylaları	XIX. yüzyıla kadar Güney Arabistanlı denizciler ve XVI-XVII. yüzyıllarda Portekizli tarihçiler Cezîretülkumr adını kullanmışlardır, bu ad halen Komor adalarında yaşamaktadır.
LISTEDE	benzerlik<0.6;sayisiz-alinti(anlam-elle);kapsama<0.6(alinti-cumleden-genis)	madagaskar	1	12752	0.295	0.333	devletler.js:3527 · kronoloji_sinir_guney_g8.js:112	paket_05.js:3546 · paket_09.js:396	Antemoro — güneydoğu kıyısı	İslâm’ın doğuşunun ardından müslüman tüccarlar gelerek özellikle adanın kuzeybatı, güneydoğu ve doğu kıyılarında ticaret merkezleri kurdular.
LISTEDE	benzerlik<0.6;sayisiz-alinti(anlam-elle);kapsama<0.6(alinti-cumleden-genis)	madagaskar	1	12752	0.286	0.5	devletler.js:3560	paket_05.js:3579	Merina — orta yaylalar, XVIII. yüzyılda birleşti.	XVIII. yüzyılın ikinci yarısında orta bölgedeki Merinalar Madagaskar’da siyasî birlik kurdular; daha sonra Kral I. Radama (1810-1828) adanın 2/3’üne hâkim oldu. XIX. yüzyılda İngiltere ve Fransa arasındaki rekabet son haddine vardı.
LISTEDE	benzerlik<0.6	malavi	1	15500	0.586	0.8	devletler.js:3245 · kronoloji_sinir_guney_g8.js:106	paket_05.js:3264 · paket_09.js:390	Malavi Konfederasyonu 1480'de kuruldu	1480’de oluşturulan Malavi Konfederasyonu, XVI. yüzyılda Malavi’nin ortasında ve güneyinde kalan toprakların büyük bir kısmına hâkim oldu.
LISTEDE	sayi-eksik:1861;benzerlik<0.6;kapsama<0.6(alinti-cumleden-genis)	mali	1	56471	0.426	0.417	devletler.js:2673	paket_05.js:2692	Segu — önemli bir Bambara krallığı merkezi; el-Hâc Ömer 1861'de fethetti.	Bu devletten ayrılan Segu’daki Bamanan Krallığı gibi Mâsînâ da 16 Mayıs 1862 tarihinde el-Hâc Ömer ile yapılan savaşla tarihe karıştı.
LISTEDE	benzerlik<0.6;sayisiz-alinti(anlam-elle);kapsama<0.6(alinti-cumleden-genis)	mali	1	56471	0.559	0.583	devletler.js:7470	paket_05.js:7489	Massina Devleti: Ahmedu Lobbo tarafından kurulmuş, sınırları Cenne'den Tinbuktu'ya uzanıyordu	Hamdallahi şehri etrafında güçlü bir İslâm devleti olan Mâsînâ’nın sınırları Cenne’den Tinbüktü’ye, doğuda Dogon’a, batıda Nampala’ya kadar uzanıyordu.
LISTEDE	benzerlik<0.6;kapsama<0.6(alinti-cumleden-genis);dil:ingilizce	malta	2	17389	0.504	0.455	kronoloji_rodos_sovalyeleri.js:266	paket_12.js:12475	Kanûnî Sultan Süleyman transferred the Knights of Saint Jean from Rhodes, and Spain's King Carlos V settled them in Malta in 1530	Kanûnî Sultan Süleyman’ın Rodos’tan çıkardığı (928/1522) Saint Jean şövalyelerini İspanya-Almanya Kralı V. Carlos Malta’ya yerleştirdi (1530).
LISTEDE	sayi-eksik:1565,972;benzerlik<0.6;kapsama<0.6(alinti-cumleden-genis)	malta	2	17389	0.344	0.5	kronoloji_rodos_sovalyeleri.js:301	paket_12.js:12510	18 Şevval 972 / 19 May 1565	14 Şevval (15 Mayıs) gecesi Malta’ya doğru denize açılan donanma dört gün denizde dolaşarak 18 Şevval (19 Mayıs) Cuma günü kuşluk vakti Malta adası önüne geldi.
LISTEDE	benzerlik<0.6	malta	2	17389	0.523	0.833	kronoloji_rodos_sovalyeleri.js:321	paket_12.js:12530	16 Safer 973 / 12 September 1565	Adaya çıkan yardımcı kuvvetlerle Saint Paul Kalesi civarında son bir defa çatışmaya giren ve başarı elde edemeyen Osmanlı ordusu 16 Safer 973’te (12 Eylül 1565) Malta’yı terketti.
LISTEDE	benzerlik<0.6	meriniler	1	36051	0.542	0.636	kronoloji_kuzeyafrika.js:55	paket_12.js:8818	592/1196'da Abdülhak tahta geçti, hanedanın kurucusu olarak kabul edildi	Bu savaşta yaralanan Mahyû’nun ölümünden sonra liderlik hânedanın kurucusu olarak kabul edilen oğlu Ebû Muhammed Abdülhakk’a geçti (592/1196).
LISTEDE	benzerlik<0.6	meriniler	1	36051	0.516	0.778	kronoloji_kuzeyafrika.js:70	paket_12.js:8833	656/1258'de Ebû Yûsuf Ya'kūb saltanata geçti	Ebû Yahyâ Ebû Bekir ölünce (656/1258) yerine önce oğlu Ömer geçti. Ancak kabilenin ileri gelenleri Ebû Yahyâ’nın kardeşi Ebû Yûsuf Ya‘kūb b. Abdülhakk’ın Merînî tahtına geçmesini istiyorlardı.
LISTEDE	benzerlik<0.6;kapsama<0.6(alinti-cumleden-genis)	meriniler	1	36051	0.442	0.5	kronoloji_kuzeyafrika.js:75	paket_12.js:8838	668/1270'te Merakeş ele geçirilerek Muvahhidler Devleti sona erdirildi	666’da (1268) Muvahhidler’e yardım eden Abdülvâdîler’i Vâdîtelâğ’da bozguna uğrattıktan sonra Muvahhid Halifesi Ebû Debbûs’u Merakeş civarında mağlûp ederek şehre girdi ve Muvahhidler Devleti’ne son verdi (668/1270).
LISTEDE	benzerlik<0.6	meriniler	1	36051	0.504	0.625	kronoloji_kuzeyafrika.js:80	paket_12.js:8843	672/1273-74'te Tanca ve Sebte zaptedildi	Ebû Yûsuf 672’de (1273-74) önce Tanca’yı, ardından fakih Ebü’l-Kāsım el-Azefî’nin idaresindeki Sebte’yi (Ceuta) zaptederek Endülüs’e geçme imkânını elde etmiş oldu.
LISTEDE	benzerlik<0.6	meriniler	1	36051	0.592	1.0	kronoloji_kuzeyafrika.js:85	paket_12.js:8848	15 Rebîülevvel 674/8 Eylül 1275'te İsticce savaşında Kastilya ordusunu mağlûp etti	Don Nuno de Lara kumandasındaki Kastilya ordusunu Kurtuba (Córdoba) yakınlarındaki İsticce (Ecija) savaşında mağlûp ederek çok sayıda esir ve ganimet elde etti (15 Rebîülevvel 674 / 8 Eylül 1275). Müslümanların Endülüs’te tutunmaları ve hıristiyan saldırılarını püskürtmeleri açısından önemli olan bu savaştan iki yıl sonra tekrar Endülüs’e geçen Sultan Ebû Yûsuf Ya‘kūb, İşbîliye (Sevilla) üzerine yürüyüp hıristiyan ordusunu yenilgiye uğrattı.
LISTEDE	cumle-yok;sayi-eksik:1270,668;benzerlik<0.6	meriniler	1	36051	0	0	kronoloji_kuzeyafrika.js:95	paket_12.js:8858	668/1270'te Abdülvâdîlere yenilip onlar bağımsız hale geldi	
LISTEDE	cumle-yok;sayi-eksik:1306,1307,3,706,8;benzerlik<0.6	meriniler	1	36051	0	0	kronoloji_kuzeyafrika.js:100	paket_12.js:8863	706/1306-1307'de Tilimsan kuşatması 8 yıl 3 ay sürdü; suikasta uğrayıp öldü	
LISTEDE	sayi-eksik:1337,737;benzerlik<0.6;kapsama<0.6(alinti-cumleden-genis)	meriniler	1	36051	0.441	0.3	kronoloji_kuzeyafrika.js:105	paket_12.js:8868	737/1337'de Tilimsan ele geçirilerek Abdülvâdîler hâkimiyeti sona erdirildi	752’de (1351) Tilimsân’a girdi ve Abdülvâdîler’in kısa süren ikinci hükümranlığına son verdi.
LISTEDE	benzerlik<0.6	meriniler	1	36051	0.471	0.667	kronoloji_kuzeyafrika.js:110	paket_12.js:8873	748/1347'de Tunus şehrine girerek Hafsîlerin topraklarını aldı	Bicâye ve Kostantîne emîrleri gibi pek çok Hafsî emîrinin kendisine katılmasıyla Tunus şehrine girdi (748/1347). Abdülvâdîler’in ardından Hafsîler’in de topraklarını ülkesine katan Ebü’l-Hasan Mağrib’in tamamını ele geçirdi.
LISTEDE	benzerlik<0.6	meriniler	1	36051	0.495	0.875	kronoloji_kuzeyafrika.js:120 · kronoloji_kuzeyafrika.js:377	paket_12.js:8883 · paket_12.js:9140	759/1358'de Ebû İnân Tilimsân'a girdi	Aragon Krallığı ile iyi ilişkiler kuran Ebû İnân, Hafsîler’in elinde bulunan Kostantîne’yi zaptedip Tunus şehrine girdi. 758’de (1357) başşehir Fas’a döndükten kısa bir süre sonra boğularak öldürüldü (759/1358).
LISTEDE	benzerlik<0.6;kapsama<0.6(alinti-cumleden-genis)	meriniler	1	36051	0.519	0.571	kronoloji_kuzeyafrika.js:130	paket_12.js:8893	759/1358'de Ebû İnân boğularak öldü	758’de (1357) başşehir Fas’a döndükten kısa bir süre sonra boğularak öldürüldü (759/1358).
LISTEDE	cumle-yok;sayi-eksik:1409,812;benzerlik<0.6	meriniler	1	36051	0	0	kronoloji_kuzeyafrika.js:135	paket_12.js:8898	812/1409'da Hafsî sultanının Fas üzerine yürüyüşü; Merînîler istiklâlini kaybetti	
LISTEDE	benzerlik<0.6;kapsama<0.6(alinti-cumleden-genis)	meriniler	1	36051	0.456	0.5	kronoloji_kuzeyafrika.js:150	paket_12.js:8913	869/1465'te Tanca Portekizliler tarafından işgal edildi	Kasrüssagīr (Kasrımasmûde) şehri (862/1458) ve Tanca (869/1465) Portekizliler’in eline geçti.
LISTEDE	benzerlik<0.6;kapsama<0.6(alinti-cumleden-genis)	meriniler	1	36051	0.442	0.583	kronoloji_kuzeyafrika.js:155	paket_12.js:8918	698/1299'da Mansûre şehri kuruldu; bu sırada köşkler, binalar, hamamlar yapıldı	Uzun yıllar devam eden muhasara sırasında Tilimsân civarında köşkler, binalar, hamamlar yaptıran, Mansûre şehrini kuran (698/1299) Ebû Ya‘kūb, zekâtın devlet eliyle toplanmasına son vererek bu işi mükelleflerin iradesine bıraktı, bazı vergileri de kaldırdı.
LISTEDE	cumle-yok;sayi-eksik:1323,723;benzerlik<0.6;dil:ingilizce	meriniler	1	36051	0	0	kronoloji_kuzeyafrika.js:160	paket_12.js:8923	723/1323'e ait kaynaklar Medresetü'l-Attârîn'in inşasını gösterir	
LISTEDE	benzerlik<0.6	meriniler	1	36051	0.579	0.778	kronoloji_kuzeyafrika.js:165	paket_12.js:8928	703/1303-1304'te ilk hac kafilesi yola çıktı	Memlük Sultanlığı ile kurulan münasebetler hac kafileleri sayesinde gelişmiş, ilk hac kafilesi 703 (1303-1304) yılında yola çıkmıştır.
LISTEDE	sayi-eksik:1864;benzerlik<0.6;kapsama<0.6(alinti-cumleden-genis)	midhat-pasa	1	22142	0.372	0.5	kronoloji_balkan.js:471	paket_12.js:2936	Ekim 1864'te Tuna vilâyetine ... vali tayin edildi ... Mart 1865'te Türkçe ve Bulgarca Tuna gazetesi yayımlanmaya başladı.	Bugünkü Bulgaristan’ın büyük bir bölümünü teşkil eden Tuna vilâyetinde üç buçuk yıl boyunca nehir ve kara ulaşımında önemli ilerlemeler sağlaması, ziraatçılığı geliştirmesi, Ziraat Bankası’nın kuruluşu ile sonuçlanacak olan menâfi-i umûmiyye sandıkları kurması, Mart 1865’te Osmanlı Devleti’nde yayımlanan ilk vilâyet gazetesi olma özelliğini taşıyan Türkçe ve Bulgarca Tuna gazetesini çıkarması ve güvenlik arttırıcı tedbirlerdeki başarısı gibi hususlar sebebiyle yeni vilâyet nizamnâmesinin uygulanabilirliğine kanaat getirilerek vilâyet sistemi birkaç yıl içinde Bosna, Suriye ve Halep başta olmak üzere ülkenin diğer bölgelerine de yayıldı.
LISTEDE	sayisiz-alinti(anlam-elle)	millet	2	40275	0.625	0.8	kronoloji_cok_ermeni.js:49	paket_30.js:4693	Eçmiyazin, Sîs ve Ahtamar katolikoslukları	Eçmiyazin, Sîs ve Ahtamar katolikosluklarına ve Kudüs patrikliğine rağmen Ermeni patriğinin Osmanlı Ermenileri’nin milletbaşısı olduğu görülür.
LISTEDE	sayi-eksik:1609;benzerlik<0.6;kapsama<0.6(alinti-cumleden-genis)	moriskolar	1	17928	0.406	0.417	kronoloji_ispanya.js:415	paket_09.js:3015	1609-1614 yılları arasında... 300.000'i aşmıştır... I. Ahmed... himaye fermanları gönderdi	1614 yılına kadar devam eden sürgün sırasında İspanya’dan çıkarılan Moriskolar’ın sayısı 300.000’i aşmıştır.
LISTEDE	benzerlik<0.6;sayisiz-alinti(anlam-elle);kapsama<0.6(alinti-cumleden-genis)	moritanya	2	10005	0.408	0.5	devletler.js:2615	paket_05.js:2634	Hassânî emirler XVIII-XIX. yüzyılda Fas şeriflerıyle yakın ilişki içindeydi	XVIII ve XIX. yüzyıllarda Moritanya’nın Trarza, Brakna ve Adrar bölgelerindeki Hassânî emîrleri Fas’ın Şerif yöneticileriyle ilişkilerini bazan ittifak ilân edecek derecede yakın tuttular.
LISTEDE	cumle-yok;sayi-eksik:1212,16;benzerlik<0.6	muvahhidler	1	16344	0	0	kronoloji_cok_once1281_avrupa.js:190		Acció bèl·lica que tingué lloc el 16 de juliol de 1212 a l’altiplà de Las Navas de Tolosa (La Carolina, Jaén).	
LISTEDE	cumle-yok;benzerlik<0.6;sayisiz-alinti(anlam-elle);dil:ingilizce	naksa	1	12002	0	0	kronoloji_naksa_dukaligi.js:19	paket_12.js:10697	Marco Sanudo conquered the island with eight ships	
LISTEDE	cumle-yok;benzerlik<0.6;sayisiz-alinti(anlam-elle);dil:ingilizce	naksa	1	12002	0	0	kronoloji_naksa_dukaligi.js:24	paket_12.js:10702	Sanudo received the title 'Duke of Naxos' from the Latin Emperor in Constantinople	
LISTEDE	cumle-yok;benzerlik<0.6;sayisiz-alinti(anlam-elle);dil:ingilizce	naksa	1	12002	0	0	kronoloji_naksa_dukaligi.js:49	paket_12.js:10727	The Crispo family (from Verona) took control of the duchy and administration	
LISTEDE	benzerlik<0.6;kapsama<0.6(alinti-cumleden-genis);dil:ingilizce	naksa	1	12002	0.432	0.5	kronoloji_naksa_dukaligi.js:54	paket_12.js:10732	1403: Nakşa mentioned in treaty with Süleyman Çelebi	1403’te Süleyman Çelebi ile yapılan antlaşmada Nakşa’nın adı geçiyordu.
LISTEDE	cumle-yok;sayi-eksik:1419;benzerlik<0.6;dil:ingilizce	naksa	1	12002	0	0	kronoloji_naksa_dukaligi.js:59	paket_12.js:10737	1419: Treaty stipulated the duke would pay tribute to Ottomans instead of Aydınoğulları	
LISTEDE	benzerlik<0.6;kapsama<0.6(alinti-cumleden-genis)	naksa	1	12002	0.354	0.5	kronoloji_naksa_dukaligi.js:64	paket_12.js:10742	1426, 1446, 1451, 1454: Treaties repeated this arrangement	Nakşa dukasının Aydınoğulları’na verdiği haracı artık ödemeyeceği ve Osmanlılar’a haraç vereceği hususu 822 (1419) antlaşması ile yürürlüğe girmişti (ayrıca 1426, 1446, 1451, 1454 antlaşmalarında tekrarlanmıştır).
LISTEDE	benzerlik<0.6;kapsama<0.6(alinti-cumleden-genis);dil:ingilizce	naksa	1	12002	0.474	0.462	kronoloji_naksa_dukaligi.js:84	paket_12.js:10762	1537-1538: Barbaros Hayreddin Paşa's island campaign brought Nakşa under Ottoman control	Nakşa ve civarındaki adalar, 944-945 (1537-1538) yıllarında Barbaros Hayreddin Paşa’nın adalar seferiyle Osmanlı kontrolü altına girdi.
LISTEDE	cumle-yok;sayi-eksik:1540;benzerlik<0.6	naksa	1	12002	0	0	kronoloji_naksa_dukaligi.js:89	paket_12.js:10767	1540: Ottoman-Venetian treaty formally transferred sovereignty to Ottomans	
LISTEDE	cumle-yok;sayi-eksik:1566;benzerlik<0.6;dil:ingilizce	naksa	1	12002	0	0	kronoloji_naksa_dukaligi.js:94	paket_12.js:10772	1566: Duchy granted to Yasef Nasi after dismissing the Crispo heir	
LISTEDE	cumle-yok;sayi-eksik:1579;benzerlik<0.6;dil:ingilizce	naksa	1	12002	0	0	kronoloji_naksa_dukaligi.js:99	paket_12.js:10777	1579: Following Nasi's death, Giacomo (Crispo) failed to reclaim the duchy	
LISTEDE	cumle-yok;sayi-eksik:1481;benzerlik<0.6	napoli	1	7298	0	0	kronoloji_italya.js:270	paket_09.js:1785	Otranto, Osmanlı çıkarmasıyla kısa süreliğine işgal edildi (1481'de geri alındı)	
LISTEDE	benzerlik<0.6;kapsama<0.6(alinti-cumleden-genis)	necid	1	10711	0.475	0.583	devletler.js:1563	paket_05.js:1582	Faysal'ın 1865'teki ölümünden sonra Abdullah ve kardeşi Suûd arasındaki anlaşmazlıklar	Osmanlı Devleti ile oldukça dengeli bir ilişki kuran ve nüfuzunu körfeze kadar yayan Faysal’ın 1865 sonlarında ölümüyle yerine geçen, devletin Necid kaymakamı unvanı verdiği oğlu Abdullah ile kardeşi Suûd arasında başlayan çekişmeler Necid tarihinde yeni bir dönem açtı.
LISTEDE	benzerlik<0.6	oniki-ada	1	13470	0.455	0.63	devletler.js:1360	paket_05.js:1379	24 Temmuz 1923'te imzalanan Lozan Barış Antlaşması'nın 15. maddesinde hiçbir değişiklik yapılmadan Rodos, Oniki Ada ve bağlı adacıklarla Meis adasının İtalya'ya verileceği hükme bağlandı.	Lozan Barış Antlaşması 15. maddede hiçbir değişiklik yapılmadan 24 Temmuz 1923’te imzalandı ve Türkiye Büyük Millet Meclisi tarafından 23 Ağustos 1923’te onaylandı. Antlaşmayı 11 Ocak 1924’te tasdik eden İtalya resmen egemenliğine aldığı Rodos, Oniki Ada ve Meis’i “İtalyan Ege adaları” ismiyle idarî bir birlik haline getirerek topraklarına kattı.
LISTEDE	benzerlik<0.6;kapsama<0.6(alinti-cumleden-genis)	osman-b-fudi	1	7943	0.531	0.571	devletler.js:4974	paket_05.js:4993	21 Haziran 1804: Tabkin Kwatto muharebesinde zafer	Osman b. Fûdî, 21 Haziran 1804’te Tabkin Kvatto savaşında kralın birliklerini ağır bir yenilgiye uğrattı.
LISTEDE	sayi-eksik:1806;benzerlik<0.6	osman-b-fudi	1	7943	0.522	0.6	devletler.js:4975	paket_05.js:4994	1806: Zaria'nın ele geçirilmesi	Alkalawa’nın ele geçirilmesi cihad hareketinde bir dönüm noktası oldu.
LISTEDE	benzerlik<0.6;kapsama<0.6(alinti-cumleden-genis)	osman-b-fudi	1	7943	0.459	0.5	devletler.js:4987	paket_05.js:5006	1806: Zaria'nın ele geçirilmesi; Alkalava'ya yapılan saldırı başarısız	Aynı yıl içinde Gobir’in başşehri Alkalawa’ya düzenlenen ilk saldırı başarısızlıkla sonuçlandıysa da 1806’da Zaria ele geçirildi.
LISTEDE	kapsama<0.6(alinti-cumleden-genis)	osman-b-fudi	1	7943	0.603	0.556	devletler.js:4990	paket_05.js:5009	1809: Bornu'nun Muhammed Emîn el-Kânemî'ye kaybedilmesi	Ancak 1809’da Bornu, Muhammed Emîn el-Kânimî tarafından geri alındı.
LISTEDE	kapsama<0.6(alinti-cumleden-genis)	osman-b-fudi	1	7943	0.635	0.545	devletler.js:4992	paket_05.js:5011	3 Cemâziyelâhir 1232 (20 Nisan 1817): Osman b. Fûdî'nin ölümü	3 Cemâziyelâhir 1232’de (20 Nisan 1817) vefat etti.
LISTEDE	sayi-eksik:1547,954;benzerlik<0.6;kapsama<0.6(alinti-cumleden-genis);dil:ingilizce	piri-reis	1	10269	0.385	0.333	kronoloji_portekiz.js:296	paket_09.js:3819	954'te (1547) Hint kaptanlığına tayin edildi… Aden'in geri alınması 12 Rebîülevvel 956'da (12 Şubat 1549) gerçekleşti	Başlatılan genel bir hücumun ardından 14 Muharrem 956’da (12 Şubat 1549) Aden yeniden fethedildi.
LISTEDE	cumle-yok;sayi-eksik:128,1552,959;benzerlik<0.6	piri-reis	1	10269	0	0	kronoloji_portekiz.js:311	paket_09.js:3834	959'da (1552) Hürmüz'ü zaptetmek için Süveyş'ten otuz parça gemiyle yola çıktı… Maskat bir haftalık kuşatmadan sonra ele geçirildi, 128 esir alındı	
LISTEDE	benzerlik<0.6;kapsama<0.6(alinti-cumleden-genis)	portekiz	3	29222	0.464	0.5	kronoloji_portekiz.js:74	paket_09.js:3597	1095'te bağımsız devlet kurulması başladı	Portekiz’in müstakil bir devlet haline gelişi 1095’ten itibaren başladı.
LISTEDE	benzerlik<0.6;kapsama<0.6(alinti-cumleden-genis)	portekiz	3	29222	0.53	0.5	kronoloji_portekiz.js:94	paket_09.js:3617	1415: Ceuta fethi sömürge dönemini açtı	1415’te Ceuta’nın (Sebte) ele geçirilmesiyle sömürge edinme yolu açıldı.
LISTEDE	benzerlik<0.6	portekiz	3	29222	0.596	0.875	kronoloji_portekiz.js:232	paket_09.js:3755	1517: Selman Reis Portekizlileri Cidde'de geri püskürtmüştü	Kızıldeniz’deki etkinlikleri 1517’de Cidde’ye asker çıkarma derecelerine gelmiş ve Osmanlılar tarafından Memlükler’e yardım için yollanmış olan Selman Reis bunları geri püskürtmüştü.
LISTEDE	benzerlik<0.6	portekiz	3	29222	0.438	0.636	kronoloji_portekiz.js:331	paket_09.js:3854	1578 (4 Ağustos): Vâdisseyl Savaşında Portekiz ordusu yenildi, Kral Sebastian öldürüldü	Kral Sebastian zamanında (1557-1578) Fas üzerindeki Portekiz hâkimiyet iddiaları pekiştirilmeye çalışılmış, düzenlenen bir Haçlı seferi neticesinde başta kral olmak üzere maiyetinde bulunan yüksek soyluların ve ruhbanın hemen hepsi öldürülmüş (4 Ağustos 1578, Vâdisseyl Savaşı) olduğundan Portekiz büyük bir krizin içine düştü, halefi olan kardinal Henrique’nin de ölümüyle kraliyet soyu tamamen kesildi (1580).
LISTEDE	sayi-eksik:1910;benzerlik<0.6;kapsama<0.6(alinti-cumleden-genis)	portekiz	3	29222	0.512	0.455	kronoloji_portekiz.js:503	paket_09.js:4026	1910 (Ekim): Cumhuriyet ilân edildi, Kral II. Emanuel İngiltere'ye kaçtı	Kral II. Emanuel, İngiltere’ye kaçmak zorunda kaldı.
LISTEDE	benzerlik<0.6	prusya	1	26157	0.55	0.875	kronoloji_almanya.js:323	paket_08.js:3251	22 Mart 1761 Dostluk ve ticaret antlaşması imzalanır	Böylece III. Mustafa’nın arzu etmesine rağmen Prusya’nın yanında Avrupa’daki savaşta yer almak anlamına gelecek bir ittifak antlaşması yapılmasını engellemiş ve Rexin ileride böyle bir antlaşma yapılabileceği kapısı açık kalmak kaydıyla ancak bir dostluk ve ticaret antlaşması elde etmiştir (22 Mart 1761).
LISTEDE	benzerlik<0.6	prusya	1	26157	0.478	0.714	kronoloji_almanya.js:333	paket_08.js:3261	Kasım 1763 Ahmed Resmî Efendi, ilk Osmanlı sefâret heyeti başkanı olarak Berlin'e gider	Râgıb Paşa’nın ölümünden (8 Nisan 1763) sonra Prusya ile ittifak işinin peşine düşen III. Mustafa bunun olup olmayacağını tahkik için Ahmed Resmî Efendi’yi Berlin’e göndermiştir. Bu ilk Osmanlı sefâret heyetinin Prusya’ya gelmesi II. Friedrich’in pek arzu ile görmek istemediği bir olaydır (Kasım 1763).
LISTEDE	benzerlik<0.6	prusya	1	26157	0.431	0.75	kronoloji_almanya.js:347	paket_08.js:3275	31 Ocak 1790 Prusya-Osmanlı ittifak antlaşması imzalanır	Planın tatbike kalkışılması beklenmedik bir sonuç vermiş, Prusya’yı Osmanlı Devleti ile savaşın ortasında üstelik her iki düşmanına karşı saldırı ve savunma amaçlı bir ittifaka götürmüştür (31 Ocak 1790; Beydilli, 1790 Osmanlı-Prusya İttifâkı , s. 61 vd.). Yapılan ittifak antlaşmasının özellikle Rusya’ya karşı savaşılmasını öngörmesi Osmanlı devlet adamları için gerçek bir başarı olmakla beraber Berlin’de kabul görmemiştir.
LISTEDE	sayi-eksik:1862,20;benzerlik<0.6;kapsama<0.6(alinti-cumleden-genis)	prusya	1	26157	0.236	0.375	kronoloji_almanya.js:481	paket_08.js:3409	20 Mart 1862 Zollverein ile yeni muahede yapıldı	Onun istifası ile Almanya’da olduğu kadar Avrupa’da da dünya siyasetini etkileyecek yeni bir dönem başladı (Mart 1890).
LISTEDE	sayi-eksik:1731	revan	1	14177	0.724	0.667	kronoloji_cok_ermeni.js:65	paket_30.js:4709	Şah Tahmasb 1731 Martında Revan'ı kuşattıysa da alamadı. 1732'de imzalanan, ancak kısa süren anlaşma ile Revan'ın Osmanlı toprağı içinde kaldığı tescil edildi	1732’de imzalanan, ancak kısa süren anlaşma ile Revan’ın Osmanlı toprağı içinde kaldığı tescil edildi.
LISTEDE	benzerlik<0.6;kapsama<0.6(alinti-cumleden-genis);dil:ingilizce	rodos	1	19971	0.292	0.333	kronoloji_rodos_sovalyeleri.js:261	paket_12.js:12470	Ottoman garrison of 1343 installed (1524)	Kanûnî Sultan Süleyman yıkılan surları tamir ettirdi ve buraya güçlü bir askerî birlik yerleştirdi (1524’te 1343 muhafız, topçu ve azebler).
LISTEDE	benzerlik<0.6	sadiler	1	16556	0.522	0.867	kronoloji_kuzeyafrika.js:174	paket_12.js:8937	916/1511'de Muhammed b. Abdurrahman es-Sa'dî, Sûs bölgesinde cihad emîri olarak atandı	Bu sırada Ebû Abdullah Mevlây Muhammed b. Muhammed b. Abdurrahman es-Sa‘dî, cihadda etkili olan Cezûliyye tarikatı şeyhi Muhammed b. Mübârek el-Akāvî’nin tavsiyesiyle hıristiyanlara karşı cihadı organize etmek üzere Sûs bölgesine çağrıldı. Davet için gelen kabile reisleriyle birlikte Der‘â’dan Sûs bölgesinde Târûdânt (Tarudanat) yakınındaki Tîdsî köyüne giden Muhammed burada toplanan yaklaşık elli kabile reisinden Sûs bölgesinin cihad emîri olarak biat aldı (916/1511).
LISTEDE	benzerlik<0.6;dil:ingilizce	sadiler	1	16556	0.542	0.667	kronoloji_kuzeyafrika.js:179	paket_12.js:8942	923/1517'de Muhammed'in vefatı; Ahmed el-A'rec'in tahta geçmesi	Muhammed’in 923’te (1517) vefatından sonra yerine bazı tarihçilerin hânedanın gerçek kurucusu saydığı Ahmed el-A‘rec geçti.
LISTEDE	benzerlik<0.6	sadiler	1	16556	0.529	0.625	kronoloji_kuzeyafrika.js:184	paket_12.js:8947	930/1524'te Merakeş'e girerek başşehir yapılması	Vattâsî valisinin ölümünün ardından Merakeş’e girip burayı başşehir edindiler (930/1524).
LISTEDE	benzerlik<0.6;kapsama<0.6(alinti-cumleden-genis)	sadiler	1	16556	0.343	0.333	kronoloji_kuzeyafrika.js:189	paket_12.js:8952	943/1536'da Ukbâ savaşından sonra Vattâsîler ile egemenlik alanları belirleme antlaşması	Sa‘dîler’in Vattâsîler’i ağır bir yenilgiye uğrattığı Ukbâ savaşının ardından Tâdlâ’nın güneyi ve Sûs’un Sa‘dîler’e, Tâdlâ’dan Cezayir’e kadar olan bölgenin Vattâsîler’e bırakılması şartıyla bir anlaşma yapıldı (943/1536).
LISTEDE	sayi-eksik:3	sadiler	1	16556	0.733	0.625	kronoloji_kuzeyafrika.js:194	paket_12.js:8957	1537'de Portekiz ile 3 yıllık antlaşma imzalanması	1537’de Portekiz ile üç yıl süreli bir antlaşma imzalandı.
LISTEDE	benzerlik<0.6	sadiler	1	16556	0.596	0.7	kronoloji_kuzeyafrika.js:204	paket_12.js:8967	956/1549'da Fas şehrine giriş; Vattâsî hâkimiyetine son verilmesi	Fas’ın tamamını ele geçirmeye karar veren Muhammed eş-Şeyh bir dizi savaş neticesinde Fas şehrine girip Vattâsî hâkimiyetine son verdi (956/1549).
LISTEDE	benzerlik<0.6;kapsama<0.6(alinti-cumleden-genis)	sadiler	1	16556	0.391	0.462	kronoloji_kuzeyafrika.js:209	paket_12.js:8972	961/1554'te Osmanlı ordusu tarafından Fas'tan çıkarılması; Ebû Hassûn'un iktidarı	Vattâsî liderlerinden Ebû Hassûn, Sâlih Reis kumandasındaki Osmanlı ordusuyla Fas şehrine saldırdı, Muhammed eş-Şeyh’i oradan çıkarıp tekrar Vattâsî tahtına oturdu (961/1554).
LISTEDE	benzerlik<0.6;dil:ingilizce	sadiler	1	16556	0.516	0.692	kronoloji_kuzeyafrika.js:214	paket_12.js:8977	964/1557'de Muhammed eş-Şeyh'in Osmanlı ordusu tarafından Derna dağlarında öldürülmesi	Padişahın emredici üslûbuna ve elçinin davranışlarına öfkelenen Muhammed eş-Şeyh, Mısır topraklarını aldıktan sonra cevap vereceğini söyleyerek Tilimsân’ı zapta kalkıştı (964/1557), ancak bunun bedelini hayatıyla ödedi; aynı yıl Cezayir’den harekete geçip Fas’a giden küçük bir Osmanlı süvari birliği tarafından Derna dağlarında öldürüldü.
LISTEDE	benzerlik<0.6;kapsama<0.6(alinti-cumleden-genis)	sadiler	1	16556	0.522	0.571	kronoloji_kuzeyafrika.js:219	paket_12.js:8982	1564'te İspanyolların Bâdis adasını ele geçirmesi	Portekizliler’in desteklediği İspanyollar’ın Bâdis’i ele geçirmesi Mağrib denizciliğine ağır bir darbe oldu (1564).
LISTEDE	benzerlik<0.6;kapsama<0.6(alinti-cumleden-genis);dil:ingilizce	sadiler	1	16556	0.429	0.5	kronoloji_kuzeyafrika.js:224	paket_12.js:8987	983/1576'da Osmanlı kuvvetleriyle Abdülmelik'in Fas'a girişi	Ancak Osmanlı sarayında bulunan Abdülmelik, II. Selim’den istediği desteği sağlayıp Osmanlı kuvvetlerinin yardımıyla Fas şehrine girdi (983/1576).
LISTEDE	benzerlik<0.6	sadiler	1	16556	0.48	0.6	kronoloji_kuzeyafrika.js:229	paket_12.js:8992	30 Cemâziyelevvel 986/4 Ağustos 1578'de Vâdilmehâzin (Üç Kral) savaşında Portekiz Haçlı ordusunun mağlûbiyeti	Ancak Haçlı ordusu Vâdilmehâzin savaşında bozguna uğradı (30 Cemâziyelevvel 986 / 4 Ağustos 1578).
LISTEDE	sayi-eksik:1588;benzerlik<0.6;kapsama<0.6(alinti-cumleden-genis)	sadiler	1	16556	0.401	0.308	kronoloji_kuzeyafrika.js:234	paket_12.js:8997	1588'de Ahmed el-Mansûr'un Osmanlıya vergi göndermemesi; ardından elçilik heyeti gönderilmesi	Bunu haber alan Ahmed el-Mansûr hemen bir elçilik heyetini değerli hediyelerle İstanbul’a gönderdi.
LISTEDE	cumle-yok;sayi-eksik:1591,999;benzerlik<0.6	sadiler	1	16556	0	0	kronoloji_kuzeyafrika.js:239	paket_12.js:9002	999/1591'de Tondibi savaşıyla Songay Sultanlığının yıkılması; Sudan'ın fethi	
LISTEDE	benzerlik<0.6	sadiler	1	16556	0.479	0.714	kronoloji_kuzeyafrika.js:249	paket_12.js:9012	1011/1602'de veliaht Muhammed eş-Şeyh el-Me'mûn'un isyanının bastırılması; hapsedilmesi	Kardeşi Abdülmelik’in başlattığı idarî, askerî, siyasî, iktisadî ve adlî düzenlemeleri devam ettiren Ahmed el-Mansûr, saltanatının son yıllarında veliaht tayin ettiği Fas valisi büyük oğlu Muhammed eş-Şeyh el-Me’mûn’un isyanıyla karşılaştı. İsyanı bastırıp oğlunu hapse attırdıktan (1011/1602) sonra yakalandığı vebadan öldü (1012).
LISTEDE	sayi-eksik:1012,1603;benzerlik<0.6;kapsama<0.6(alinti-cumleden-genis)	sadiler	1	16556	0.426	0.444	kronoloji_kuzeyafrika.js:254	paket_12.js:9017	1012/1603'te Ahmed el-Mansûr'un vebadan ölümü	Bununla birlikte Ahmed el-Mansûr’un kendini müslümanların halifesi olarak gördüğü zikredilmektedir (Fiştâlî, s. 123).
LISTEDE	sayisiz-alinti(anlam-elle)	sadiler	1	16556	0.83	0.778	kronoloji_kuzeyafrika.js:259	paket_12.js:9022	Ülkenin Merakeş (güney) ve Fas (kuzey) emirlikleri olarak bölünmesi	Ülke Merakeş (güney) ve Fas (kuzey) emirlikleri olarak ikiye bölündü.
LISTEDE	sayi-eksik:1069,1659;benzerlik<0.6;kapsama<0.6(alinti-cumleden-genis)	sadiler	1	16556	0.379	0.333	kronoloji_kuzeyafrika.js:264	paket_12.js:9027	1069/1659'da Ahmed el-Abbas'ın Şebbâne liderleri tarafından öldürülmesi; Sâdîler hânedanının sona ermesi	1064’te (1654) vefat eden Muhammed eş-Şeyh’in yerine geçen oğlu Ahmed el-Abbas, Ma‘kıl Arapları’ndan Şebbâne kabilesine mensup dayılarının desteğiyle oturduğu tahtında etkili olamadı.
LISTEDE	benzerlik<0.6;sayisiz-alinti(anlam-elle);kapsama<0.6(alinti-cumleden-genis)	sadiler	1	16556	0.41	0.357	kronoloji_kuzeyafrika.js:269	paket_12.js:9032	Abdülmelik ve Ahmed el-Mansûr devrinde Osmanlı sistemi örnek alınarak devlet teşkilâtlanması ve ordu reformları	Ahmed el-Mansûr yeniçerilere benzeyen birlikler oluşturdu ve Osmanlı askerî teşkilâtındaki rütbe ve unvanları kullandı.
LISTEDE	sayisiz-alinti(anlam-elle)	sadiler	1	16556	0.62	0.75	kronoloji_kuzeyafrika.js:274	paket_12.js:9037	Ahmed el-Mansûr devrinde Kasrü'l-bedî' Sarayı'nın Merakeş'te inşası	İmar faaliyetlerine önem veren Ahmed el-Mansûr başşehir Merakeş’te dönemin en ihtişamlı eserlerinden biri olan Kasrü’l-bedî‘ Sarayı’nı inşa ettirdi.
LISTEDE	benzerlik<0.6;sayisiz-alinti(anlam-elle);kapsama<0.6(alinti-cumleden-genis)	sadiler	1	16556	0.566	0.538	kronoloji_kuzeyafrika.js:279	paket_12.js:9042	Ahmed el-Mansûr devrinde Fransa, İngiltere, Hollanda gibi Avrupa devletleriyle ticarî ilişkiler kurulması	Fransa, İngiltere, Hollanda ve diğer Avrupa devletleriyle kurulan ticarî ilişkiler sayesinde limanlara çok sayıda yabancı tüccar geliyordu.
LISTEDE	benzerlik<0.6	sadiler	1	16556	0.453	0.75	kronoloji_portekiz.js:331	paket_09.js:3854	Sultan Abdülmelik çarpışma sırasında öldü (4 Ağustos 1578)	Ancak Haçlı ordusu Vâdilmehâzin savaşında bozguna uğradı (30 Cemâziyelevvel 986 / 4 Ağustos 1578). Portekiz kralı ile Muhammed el-Mütevekkil çarpışmalar sırasında, Abdülmelik hastalığı dolayısıyla savaş alanında öldü.
LISTEDE	benzerlik<0.6;kapsama<0.6(alinti-cumleden-genis);dil:diger-latin	said-b-sultan	1	3455	0.434	0.5	kronoloji_arabistan.js:357	paket_12.js:2193	1804 - Babasının deniz savaşında ölümünün ardından tahta çıktı; Uman, Basra körfezi adaları ve Zengibar topraklarını kardeşi Sâlim'le birlikte yönetti.	Babası Sultân b. Ahmed’in 1804 yılında bir deniz savaşında korsanlar tarafından öldürülmesinin ardından kardeşi Sâlim ile birlikte Uman, Hürmüz Boğazı’ndaki bazı adalar, İran’ın güneyindeki liman şehri Benderabbas ve Zengibar’dan oluşan ülkenin yönetimini üstlendi.
LISTEDE	dil:ingilizce	said-b-sultan	1	3455	0.65	0.615	kronoloji_arabistan.js:363	paket_12.js:2199	1806 - Suûdîler'in desteklediği kuzeni Bedr b. Sayf'ı bertaraf ederek iktidarını sağlamlaştırdı.	1806 yılında, Suûdîler’in tahtı ele geçirmesi için destekledikleri kuzeni Bedir b. Seyf’i bertaraf ederek yönetimdeki gücünü pekiştirdi.
LISTEDE	benzerlik<0.6;kapsama<0.6(alinti-cumleden-genis);dil:ingilizce	said-b-sultan	1	3455	0.388	0.375	kronoloji_arabistan.js:369	paket_12.js:2205	1821 - Kardeşi Sâlim'in ölümüyle tek hükümdar oldu.	Kardeşi Sâlim 1821’de ölünce yalnız başına ülkeyi yönetti.
LISTEDE	sayi-eksik:1828;benzerlik<0.6;kapsama<0.6(alinti-cumleden-genis)	said-b-sultan	1	3455	0.416	0.357	kronoloji_arabistan.js:381	paket_12.js:2217	1828 - Zengibar'a taşındı, fildişi ve köle ticareti için önemli bir merkez olarak tanıdı.	Zengibar’ın, Afrika’nın iç bölgelerinden fildişi ve kölelerin sahile taşınıp Hint Okyanusu ticaret ağı ile dünyaya pazarlandığı önemli bir ticaret merkezi olduğunu görünce burayı başşehir yapmaya karar verdi.
LISTEDE	benzerlik<0.6;kapsama<0.6(alinti-cumleden-genis)	said-b-sultan	1	3455	0.438	0.571	kronoloji_arabistan.js:387	paket_12.js:2223	1837 - Mazruî hanedanını yenerek Mombasa'yı fethetti.	Ancak bu kararını, yıllarca süren bir mücadelenin ardından 1837’de Mombasa’yı ele geçirerek Merzû hânedanını yıktıktan sonra gerçekleştirebildi (1840).
LISTEDE	sayi-eksik:1840;benzerlik<0.6;kapsama<0.6(alinti-cumleden-genis)	said-b-sultan	1	3455	0.349	0.357	kronoloji_arabistan.js:393	paket_12.js:2229	1840 - Zengibar'ı resmî başkent ilan etti; Mogadişu'dan Cape Delgado'ya nüfuz genişletti.	Böylece Doğu Afrika sahillerinde sınırlarını genişletti ve nüfuzunu Mogadişu’dan Kap Delgado’ya kadar uzanan bölgedeki Arap kabileleri ve sahillerde yaşayan diğer kabileler üzerinde de kurdu.
LISTEDE	benzerlik<0.6	said-b-sultan	1	3455	0.559	0.75	yer_yama.js:459		1828 - Zengibar'a taşındı...	1828’de sultanlığın Doğu Afrika’daki topraklarının merkezi Zengibar’a gitti.
LISTEDE	cumle-yok;sayi-eksik:1840;benzerlik<0.6	said-b-sultan	1	3455	0	0	yer_yama.js:460		1840 - Zengibar'ı resmî başkent ilan etti...	
LISTEDE	benzerlik<0.6;kapsama<0.6(alinti-cumleden-genis)	samori-ture	1	6566	0.301	0.4	devletler.js:2652	paket_05.js:2671	1887 tarihinde Sikasso kuşatmasını başlattı	Anlaşmalardan faydalanarak Senufo kabilesinin idaresinde bulunan Sikasso’yu kuşatan (1887), ancak kuşatmanın uzaması üzerine ülkesinde isyanlar çıkınca geri dönen Samori, Fransızlar’la son anlaşmasını 13 Şubat 1889’da yaptı ve Tisinko’dan Nijer nehrine kadar olan kısmı onlara bırakmak zorunda kaldı.
LISTEDE	benzerlik<0.6	samori-ture	1	6566	0.415	0.667	devletler.js:2653	paket_05.js:2672	13 Şubat 1889: Son antlaşmayı imzaladı	Anlaşmalardan faydalanarak Senufo kabilesinin idaresinde bulunan Sikasso’yu kuşatan (1887), ancak kuşatmanın uzaması üzerine ülkesinde isyanlar çıkınca geri dönen Samori, Fransızlar’la son anlaşmasını 13 Şubat 1889’da yaptı ve Tisinko’dan Nijer nehrine kadar olan kısmı onlara bırakmak zorunda kaldı.
LISTEDE	sayi-eksik:1395,1396;benzerlik<0.6;kapsama<0.6(alinti-cumleden-genis)	saray--sehir	1	4501	0.485	0.5	kronoloji_altinorda.js:231	paket_11.js:236	Timur'un seferleri (1395-1396) Saray'ı ... devastated; Sarây-ı Cedîd harabe	Timur’un seferlerinden sonra Sarây-ı Cedîd harabeye dönerken Sarây-ı Batu varlığını 1578 yılına kadar devam ettirdi.
LISTEDE	dil:ingilizce	saruhanogullari	2	24639	0.777	1.0	olaylar_ek5.js:60	paket_01.js:2268	Saruhan ülkesinin 1411'den sonra ve 1415'ten önce Çelebi Mehmed'in idaresi altına girdiği	Ancak onun hâkimiyetinin çok kısa sürdüğü, 1411’den sonra ve 1415’ten önce Saruhan ülkesinin Çelebi Mehmed’in idaresi altına girdiği, böylece Saruhanoğulları’nın Manisa kolunun tarihe karıştığı anlaşılmaktadır.
LISTEDE	sayi-eksik:1428;benzerlik<0.6	semendire	1	21584	0.56	0.696	kronoloji_cok_sirbistan.js:65	paket_30.js:3368	Temmuz 1427'de … Stefan Lazareviç … öldü … Curac Brankoviç … Belgrad'ı Macarlar'a iade etti. 1428'de Osmanlılar Đurađ'ın başşehri olan Kruševac'ı (Alacahisar) aldı.	Temmuz 1427’de Sırp Despotu ve Osmanlı Vasalı Stefan Lazareviç başşehir Belgrad’da öldü ve aynı yılın ekim ayı sonunda yerine geçen (Osmanlılar’ın Vılkoğlu adını verdiği) Curac Brankoviç eski bir anlaşma gereğince Belgrad’ı Macarlar’a iade etti.
LISTEDE	benzerlik<0.6;sayisiz-alinti(anlam-elle)	senegal	2	23838	0.524	0.75	devletler.js:2556 · kronoloji_sinir_guney_g8.js:77	paket_05.js:2575 · paket_09.js:361	Volof Krallığı XIII. yüzyılda orta Senegal'e hâkimdi.	XIII. yüzyılda Senegal’in orta bölgesinde Volof Krallığı, doğusunda Mali Sultanlığı hüküm sürüyordu.
LISTEDE	benzerlik<0.6;sayisiz-alinti(anlam-elle);kapsama<0.6(alinti-cumleden-genis)	senegal	2	23838	0.378	0.429	devletler.js:2592 · kronoloji_sinir_guney_g8.js:78	paket_05.js:2611 · paket_09.js:362	Sine-Salum Emirliği — Serer nüfuslu doğu bölgesi.	Aynı dönemde Serer etnik grubunun yaşadığı topraklarda hüküm süren Sine-Sâloum Emirliği’ne ait bölgede de İslâm dini geniş ölçüde yayıldı.
LISTEDE	benzerlik<0.6;sayisiz-alinti(anlam-elle);kapsama<0.6(alinti-cumleden-genis)	serbedariler	1	6029	0.485	0.571	yer_yama_hayalet.js:251 · yer_yama_hayalet.js:278 · yer_yama_hayalet.js:305		Câcerm, Damgan, Simnân, Gürgân, Meşhed, Tûs, Esterâbâd	Câcerm, Damgan, Simnân ile Togay Timur’un başşehri Gürgân’ı ele geçiren Serbedârîler ardından topraklarını Herat Kertleri aleyhinde genişletmeye çalıştılar.
LISTEDE	sayi-eksik:25;benzerlik<0.6;kapsama<0.6(alinti-cumleden-genis)	seydi-ali-reis	1	17394	0.383	0.316	kronoloji_portekiz.js:316	paket_09.js:3839	25 Ağustos 1554'te Maskat açıklarında Fernando kumandasındaki otuz dört Portekiz kalyonuyla karşılaşıldı; her iki taraf altı gemi kaybetti	Uman sahillerindeki Hurfakan civarına gelindiğinde (10 Ağustos 1554) kuşluk vakti ansızın Hindistan genel valisi Alfonso de Noronha’nın oğlu Fernando kumandasındaki yirmi beş parçalık bir Portekiz donanmasıyla karşılaşıldı ( a.g.e. , s. 19).
LISTEDE	benzerlik<0.6	seyf-i-sarayi	1	4469	0.436	0.6	kronoloji_altinorda.js:207	paket_11.js:212	1 Eylül 1391'de tamamlandı	1 Şevval 793 (1 Eylül 1391) tarihinde tamamlanan eser Türkçe ilk Gülistân tercümesi olup aslındaki mensur kısımlar nesir halinde, manzum kısımlar da nazmen çevrilmiştir.
LISTEDE	benzerlik<0.6	seyf-i-sarayi	1	4469	0.472	0.714	kronoloji_altinorda.js:219	paket_11.js:224	Süheyl ü Güldürsün ... 1394'te bitirilen mesnevi	Ahmed Celâyir’in Mısır’a gidişi dolayısıyla 1393’te söylediği bir rubâîsiyle 1394’te tamamladığı Süheyl ü Güldürsün mesnevisinden hareketle bu tarihten sonra vefat ettiği söylenebilir.
LISTEDE	benzerlik<0.6;sayisiz-alinti(anlam-elle);kapsama<0.6(alinti-cumleden-genis)	sirvansahlar	1	11545	0.382	0.429	yer_yama_hayalet.js:636 · yer_yama_hayalet.js:657 · yer_yama_hayalet.js:699 · yer_yama_hayalet.js:720 · yer_yama_hayalet.js:741 · yer_yama_hayalet.js:762		Şemâhî … Bakü … Derbend, Şâbüran, Kabala ve Salyan	Şah İsmâil, Bakü ve Şemâhî’yi zaptedip çok sayıda Sünnî’yi katlettirdi.
LISTEDE	benzerlik<0.6	sokoto	1	9786	0.502	0.857	devletler.js:4993	paket_05.js:5012	1849: Yakubu Kebbi'de bağımsızlığını ilân etti	Babası zamanında Kebbi’de isyan eden ve yakalanıp Sokoto’da hapse atılan Yakubu Nabame’yi serbest bırakması yüzünden yeni bir tehlikeyle karşılaştı. 1849’da bağımsızlığını ilân eden Yakubu kuzeydeki isyancı gruplarla ittifak kurarak gücünü arttırdı.
LISTEDE	benzerlik<0.6	sokoto	1	9786	0.483	0.6	devletler.js:4994	paket_05.js:5013	1903: İngiliz işgali (15 Mart)	Ertesi yıl İngilizler Sokoto ordusunu ağır bir yenilgiye uğratarak şehri işgal ettiler (15 Mart 1903).
LISTEDE	sayisiz-alinti(anlam-elle)	somali	2	20945	0.773	0.818	kronoloji_dogu_afrika.js:924	paket_12.js:4447	VII/XIII. yüzyıl: Ebû Bekir b. Fahreddin Makdişu'da sultanlık kurdu	VII. (XIII.) yüzyılda tüccar gruplarının lideri Ebû Bekir b. Fahreddin, Makdişu’da bir sultanlık kurmaya muvaffak oldu.
LISTEDE	cumle-yok;sayi-eksik:1454,1517;benzerlik<0.6	tahiriler--yemen	1	10547	0	0	devletler.js:8344	paket_05.js:8363	Yemen'de Resûlîler'den sonra 1454-1517 yılları arasında hüküm süren Sünnî bir hânedan	
LISTEDE	benzerlik<0.6	tiflis	1	18547	0.525	0.636	kronoloji_gurcistan.js:163	paket_12.js:5771	Lala Mustafa Paşa'nın kuvvetleri 24 Ağustos 1578'de şehre girdi	1578’de başlayan Osmanlı-Safevî mücadelesi sırasında Lala Mustafa Paşa kumandasındaki Osmanlı ordusu 24 Ağustos’ta Tiflis’e ulaştı ve boşaltılmış kaleyi ele geçirdi.
LISTEDE	benzerlik<0.6;sayisiz-alinti(anlam-elle);kapsama<0.6(alinti-cumleden-genis)	tilimsan	1	20950	0.543	0.571	kronoloji_kuzeyafrika.js:357	paket_12.js:9120	I. Ebû Zeyyân Muhammed yıkıntıları tamir etti	1304-1308 yıllarında hüküm süren I. Ebû Zeyyân Muhammed kuşatmanın yaralarını sarmaya çalıştı.
LISTEDE	benzerlik<0.6;sayisiz-alinti(anlam-elle);kapsama<0.6(alinti-cumleden-genis)	tilimsan	1	20950	0.502	0.556	kronoloji_kuzeyafrika.js:362	paket_12.js:9125	I. Ebû Tâşfîn Dönemi — beş saray ve mimari gelişme	Abdülvâdî Emîri I. Ebû Tâşfîn (1318-1337) sadece Tilimsân’a beş adet saray inşa ettirmişti.
LISTEDE	sayisiz-alinti(anlam-elle)	tilimsan	1	20950	0.687	0.857	kronoloji_kuzeyafrika.js:417	paket_12.js:9180	Sâlih Reis kumandasında kesin biçimde ele geçirildi	960’ta (1553) Cezayir’den büyük bir ordu sevkedilince Tilimsân şehri Sâlih Reis kumandasındaki Osmanlı ordusu tarafından kesin biçimde ele geçirildi.
LISTEDE	benzerlik<0.6	timur	1	21641	0.568	0.75	kronoloji_timurlu.js:69	paket_11.js:2555	1391 (Haziran): Kunduzca'da Toktamış Han'ı yendi	793 (1391) yılı başında buradan hareketle Otrar, Yesi, Karaçuk, Sayram üzerinden bozkırı aştı ve Receb 793’te (Haziran 1391) Kundurca (Kunduzca) mevkiinde Toktamış Han’ı yenilgiye uğrattı.
LISTEDE	benzerlik<0.6	timur	1	21641	0.516	0.6	kronoloji_timurlu.js:74	paket_11.js:2560	1395 (15 Nisan): Terek'te [Toktamış'ı] kesin olarak yendi	23 Cemâziyelâhir 797’de (15 Nisan 1395) Terek ırmağı kıyısında yapılan savaşı kazandıysa da Toktamış’ı ele geçiremedi.
LISTEDE	sayi-eksik:1398,1399;benzerlik<0.6;kapsama<0.6(alinti-cumleden-genis)	timur	1	21641	0.251	0.364	kronoloji_timurlu.js:79	paket_11.js:2565	1398-1399 (Mart-Nisan – Nisan): Delhi Sultanı Mahmud Şah'a karşı sefer	1370-1372’de Fergana vadisine sefer yapan ve nüfuzunu bu yönde yaymaya çalışan, 1373’te Hârizm’e karşı harekete geçen Timur, hemen ardından Horasan’ın içinde bulunduğu bölgenin şartları zaptı için uygun görerek oğlu Mîrân Şah’ı Horasan’a gönderdiği gibi kendisi de arkadan gidip Kertler, Toga Timurlular ve Serbedârîler’in varlığına son verdi.
LISTEDE	sayi-eksik:1400,1401;benzerlik<0.6;kapsama<0.6(alinti-cumleden-genis)	timur	1	21641	0.533	0.455	kronoloji_timurlu.js:88	paket_11.js:2574	1400-1401: Halep, Hama, Humus ve Şam dahil Suriye şehirlerinin fethi	Suriye’de Halep, Hama, Humus ve Dımaşk gibi şehirleri aldı.
LISTEDE	cumle-yok;sayi-eksik:1400,1401;benzerlik<0.6	timur	1	21641	0	0	kronoloji_timurlu.js:93	paket_11.js:2579	1400-1401: Suriye şehirlerinin fethi	
LISTEDE	sayi-eksik:1402,28;benzerlik<0.6;kapsama<0.6(alinti-cumleden-genis)	timur	1	21641	0.312	0.333	kronoloji_timurlu.js:103	paket_11.js:2589	1402 (28 Temmuz): Ankara'da Osmanlı Sultanı Yıldırım Bayezid'e karşı zafer	Timur, Toktamış’ı ikinci defa mağlûp ettiği sırada Şirvan’da iken Yıldırım Bayezid’e bir mektup göndererek Berkuk ile Kadı Burhâneddin’e haddini bildireceğini yazmış, zımnen ona ittifaktan ayrılmasını ihtar etmişti.
LISTEDE	cumle-yok;sayi-eksik:1402,1403;benzerlik<0.6	timur	1	21641	0	0	kronoloji_timurlu.js:108	paket_11.js:2594	1402-1403: Bursa'nın alınması, İzmir'i ziyaret	
LISTEDE	benzerlik<0.6;kapsama<0.6(alinti-cumleden-genis)	timur	1	21641	0.284	0.375	kronoloji_timurlu.js:113	paket_11.js:2599	1404 (27 Kasım): Çin seferi için yola çıktı	23 Cemâziyelevvel 807’de (27 Kasım 1404) Semerkant’tan ayrılarak Siriderya ırmağını buzların üstünden geçip Otrar’a vardı, fakat burada hastalanarak 17 Şâban 807’de (18 Şubat 1405) öldü ve Semerkant’taki türbesine defnedildi.
LISTEDE	benzerlik<0.6;sayisiz-alinti(anlam-elle);kapsama<0.6(alinti-cumleden-genis)	timur	1	21641	0.437	0.5	yer_yama_kapsam.js:18		Horasan, Mâzenderan, İran'ın iç bölgeleri	Horasan’a seferleri sırasında İran’ın vaziyetini daha yakından gören Timur 788’de (1386) buraya yürüdü.
LISTEDE	benzerlik<0.6;kapsama<0.6(alinti-cumleden-genis)	timurlular	2	34639	0.527	0.583	kronoloji_timurlu.js:200	paket_11.js:2686	Özbekler Mayıs 1507'de Herat'ı ele geçirdi, Timurlu hâkimiyeti sona erdi	Mâverâünnehir’de durumunu kuvvetlendiren Muhammed Şeybânî Han Mayıs 1507’de Herat’ı ele geçirdi.
LISTEDE	benzerlik<0.6;dil:ingilizce	toktamis-han	1	5350	0.36	0.667	kronoloji_altinorda.js:243	paket_11.js:248	Edigey'in kuvvetlerine 1399'da yenilmesi	Timur’un çekilmesinden sonra Toktamış Han 1396’da Kefe’ye hâkim olduysa da Emîr Edigey Mirza’nın yardımıyla hanlığını ilân eden Timur Kutluk’a yenildi ve Litvanya Prensi Vitold’a sığındı. Fakat 9 Zilhicce 801’de (12 Ağustos 1399) Vitold ile Toktamış’ın birleşik ordusu Edigey tarafından bozguna uğratıldı.
LISTEDE	benzerlik<0.6;sayisiz-alinti(anlam-elle);kapsama<0.6(alinti-cumleden-genis)	trablusgarp	1	15952	0.43	0.333	kronoloji_kuzeyafrika.js:431	paket_12.js:9194	Turgut Reis beylerbeyilikle atandı; dokuz yıllık yönetim dönemi başladı (Fizan'a kadar)	Turgut Reis’in dokuz yıllık valiliği Trablusgarp tarihinde önemli bir yer tutar.
LISTEDE	benzerlik<0.6;sayisiz-alinti(anlam-elle);kapsama<0.6(alinti-cumleden-genis)	trablusgarp	1	15952	0.421	0.556	kronoloji_kuzeyafrika.js:436	paket_12.js:9199	Yarı bağımsız eyalet konumuna geçiş; Karamanlı ailesinin yönetimi başladı	Osmanlı idaresi altında eyaletin tarihi dört döneme ayrılır: Osmanlılar’ın tam hâkimiyetindeki ilk valiler dönemi, kendi başına buyruk yöneticiler kabul edilen dayılar dönemi (yeniçeriler), yarı bağımsız eyalet konumuna geldiği Karamanlı hânedanı dönemi, merkezî idareye doğrudan bağlandığı ikinci valiler dönemi.
LISTEDE	benzerlik<0.6;sayisiz-alinti(anlam-elle);kapsama<0.6(alinti-cumleden-genis)	trablusgarp	1	15952	0.357	0.364	kronoloji_kuzeyafrika.js:441	paket_12.js:9204	Ticaret gemilerinden vergi alınması nedeniyle çatışmalar; gemi kaçırılması ve liman ablukası	Karamanlı beylerinin Avrupa’dan ve Amerika Birleşik Devletleri’nden buraya gelen ticaret gemilerinden vergi almaları ciddi problemlere yol açtı.
LISTEDE	sayi-eksik:1911;benzerlik<0.6;kapsama<0.6(alinti-cumleden-genis)	trablusgarp-savasi	1	21877	0.527	0.5	kronoloji_kuzeyafrika.js:461	paket_12.js:9224	9 Ekim 1911 Trablusgarp şehrinin teslimi	Trablusgarp şehri 9 Ekim’de teslim olmak zorunda kaldı.
LISTEDE	benzerlik<0.6;dil:ingilizce	trablusgarp-savasi	1	21877	0.537	0.625	kronoloji_kuzeyafrika.js:476	paket_12.js:9239	1 Aralık 1911 Enver Bey'in karargâhı üstlenmesi	Enver Bey 1 Aralık 1911’de buraya gelerek kırk kadar subay ve 400 askerden oluşan karargâhın kumandasını üstlendi.
LISTEDE	sayi-eksik:1912;benzerlik<0.6	trablusgarp-savasi	1	21877	0.582	0.833	kronoloji_kuzeyafrika.js:481	paket_12.js:9244	18 Ekim 1912 Uşi Barış Antlaşması	Böylece İtalyanlar’la 18 Ekim’de Lozan yakınlarındaki Uşi (Ouchy) kasabasında zikredilen hususlar dahilinde nihaî bir barış antlaşması imzalandı.
LISTEDE	benzerlik<0.6;sayisiz-alinti(anlam-elle);kapsama<0.6(alinti-cumleden-genis)	tunus	5	95404	0.51	0.5	kronoloji_kuzeyafrika.js:303	paket_12.js:9066	Pizalı ve Cenevizli korsanlar Mehdiye'yi tahrip etti	Ancak 1287’de Mehdiye’yi yağma ve tahrip ettiler.
LISTEDE	kapsama<0.6(alinti-cumleden-genis)	tunus	5	95404	0.625	0.545	kronoloji_kuzeyafrika.js:308	paket_12.js:9071	1284'te hıristiyanların eline geçen Cerbe adasının Hafsîler tarafından tekrar fethilmesi	1284’te hıristiyanların eline geçen Cerbe adası 1334’te geri alınabildi.
LISTEDE	benzerlik<0.6;sayisiz-alinti(anlam-elle);kapsama<0.6(alinti-cumleden-genis)	tunus	5	95404	0.479	0.4	kronoloji_kuzeyafrika.js:323	paket_12.js:9086	Sultan ölümünün ardından devlet karışıklığa girdi; Avrupa devletlerinin saldırıları yoğunlaştı	Ayrıca bu devirde başta İspanya olmak üzere Avrupa devletlerinin sahillere saldırıları yoğunlaştı.
LISTEDE	benzerlik<0.6	uganda	2	24406	0.516	0.833	devletler.js:5123	paket_05.js:5142	Kral I. Mutasa dönemi (1854-1884)	Kral II. Suna’nın, ülkesine gelmelerine izin verdiği bu ilk müslümanların kendisine hediye ettikleri Kur’ân-ı Kerîm’i yerine geçen oğlu I. Mutasa’ya (1854-1884) bıraktığı ve bazı sûreleri ezberlediği bildirilmektedir.
LISTEDE	sayisiz-alinti(anlam-elle)	ulug-bey	1	7164	0.629	0.846	kronoloji_timurlu.js:146	paket_11.js:2632	Zîc-i Uluğ Bey... İslâm dünyasında ve Avrupa'da kaynak eser olarak tanındı	Uluğ Bey, kullandığı Zîc-i İlḫânî ’de gördüğü bazı ölçüm hatalarını ve eksiklikleri gidermek için hem İslâm dünyasında hem Avrupa’da alanında kaynak eser kabul edilen Zîc-i Uluġ Bey ’i meydana getirmiştir.
LISTEDE	cumle-yok;sayi-eksik:1447,1449;benzerlik<0.6	ulug-bey	1	7164	0	0	kronoloji_timurlu.js:151	paket_11.js:2637	1447-1449 arası hükümdarlık yaptı	
LISTEDE	cumle-yok;sayi-eksik:1449,25;benzerlik<0.6	ulug-bey	1	7164	0	0	kronoloji_timurlu.js:156	paket_11.js:2642	Oğlu Abdüllatif ile giriştiği mücadelede Semerkant yakınında yenilip 1449'da (25 Ekim) idam edildi	
LISTEDE	cumle-yok;sayi-eksik:1507;benzerlik<0.6	uman	1	18381	0	0	kronoloji_arabistan.js:273	paket_12.js:2109	1507: Portekizli general Portekiz baskısı başladı.	
LISTEDE	sayi-eksik:1624;benzerlik<0.6	uman	1	18381	0.485	0.625	kronoloji_arabistan.js:279	paket_12.js:2115	1624: Nâsır b. Mürşid... Ya'rubî hânedanını kurdu.	Portekizliler’in Maskat ve civarından çıkarılması Umanlı Ya‘rubî hânedanı imamı Nâsır b. Mürşid döneminde gerçekleşebildi (1029/1620).
LISTEDE	cumle-yok;sayi-eksik:1650,26;benzerlik<0.6	uman	1	18381	0	0	kronoloji_arabistan.js:297	paket_12.js:2133	1650, 26 Ocak: Maskat, Portekiz'den alındı.	
LISTEDE	benzerlik<0.6;kapsama<0.6(alinti-cumleden-genis)	uman	1	18381	0.382	0.385	kronoloji_arabistan.js:345	paket_12.js:2181	1775-1776: Kerim Khan Zend Basra'yı kuşattı; Uman, Osmanlı Basra'sına yardım etti.	İki ülke arasındaki ilişkilerin ilk ciddi adımı, İran’ın yöneticisi Kerim Han Zend’in Osmanlılar’a bağlı Basra şehrini kuşatması olayı ile atıldı (1775-1776).
LISTEDE	benzerlik<0.6;kapsama<0.6(alinti-cumleden-genis)	uman	1	18381	0.522	0.5	kronoloji_arabistan.js:351	paket_12.js:2187	18 Ocak 1798: İngiltere ile kavilnâme adlı anlaşma imzalandı, İngilizler Maskat'ta temsilcilik açtı.	Bu antlaşma sadece bir iyi niyet anlaşması olmasına rağmen İngilizler, Maskat’ta bir temsilcilik açtılar (18 Ocak 1798).
LISTEDE	benzerlik<0.6;kapsama<0.6(alinti-cumleden-genis)	uman	1	18381	0.384	0.364	kronoloji_arabistan.js:375 · yer_yama.js:458	paket_12.js:2211	1824: Saîd b. Sultân hac yaptı; Muhammed Ali Paşa tarafından onurlandırıldı.	1824’te hacca giden Seyyid Saîd’e Mehmed Ali Paşa, Mekke’de büyük bir karşılama töreni düzenletti.
LISTEDE	benzerlik<0.6;kapsama<0.6(alinti-cumleden-genis)	uman	1	18381	0.519	0.389	kronoloji_arabistan.js:405	paket_12.js:2241	1856: Saîd b. Sultân'ın ölümüyle ülke, Zengibar'da kalan oğlu Mâcid ile Maskat'ta kalan oğlu Süveynî arasında paylaştırıldı.	1856’da öldüğünde ülkesi oğulları Mâcid ile Süveynî arasında paylaştırıldı.
LISTEDE	kapsama<0.6(alinti-cumleden-genis)	uman	1	18381	0.623	0.562	kronoloji_arabistan.js:411	paket_12.js:2247	1862: İngiltere, Fransa ve Almanya'nın kararıyla Zengibar ve Uman birbirinden bağımsız iki ayrı devlet olarak tanındı.	1862’de İngiltere, Fransa ve Almanya gibi ülkelerin kararı ile her iki taraf bağımsız birer ülke olarak tanındı.
LISTEDE	sayi-eksik:1866;benzerlik<0.6;kapsama<0.6(alinti-cumleden-genis);dil:ingilizce	uman	1	18381	0.367	0.429	kronoloji_arabistan.js:417	paket_12.js:2253	1866: Sultan Thuwaini murdered by son Salim.	Sultan Sâlim’in ölümüyle (1868) yerine geçen Azzân b. Kays, Uman’da Bû Saîd hânedanından gelen son imamdır.
LISTEDE	benzerlik<0.6;kapsama<0.6(alinti-cumleden-genis);dil:ingilizce	uman	1	18381	0.434	0.455	kronoloji_arabistan.js:423	paket_12.js:2259	1868: Azzam b. Kays becomes last imam from Bu Said line.	Sultan Sâlim’in ölümüyle (1868) yerine geçen Azzân b. Kays, Uman’da Bû Saîd hânedanından gelen son imamdır.
LISTEDE	sayisiz-alinti(anlam-elle)	uman	1	18381	0.667	0.833	yer_yama.js:462		İngiltere, Fransa ve Almanya'nın kararı	1862’de İngiltere, Fransa ve Almanya gibi ülkelerin kararı ile her iki taraf bağımsız birer ülke olarak tanındı.
LISTEDE	cumle-yok;sayi-eksik:1139;benzerlik<0.6	usbune	1	5686	0	0	kronoloji_cok_once1281_avrupa.js:124		considerat el fundador del regne portuguès, que derrotà els almoràvits a Ourique (1139) i amplià l’extensió del seu regne	
LISTEDE	sayi-eksik:1635,1909;benzerlik<0.6;kapsama<0.6(alinti-cumleden-genis)	veday	1	11331	0.403	0.375	devletler.js:2992	paket_05.js:3011	Çad’da hüküm süren bir sultanlık (1635-1909)	Buraya özellikle günümüzde Sudan’da hüküm süren Func Sultanlığı’ndan çok sayıda fıkıh âlimi geldi.
LISTEDE	benzerlik<0.6	yarlik	1	7150	0.573	0.857	kronoloji_altinorda.js:213	paket_11.js:218	1393 tarihli Toktamış'ın Jagiello'ya yarlığı	Nitekim Altın Orda Hanı Toktamış’ın Lehistan-Litvanya Kralı Yagayla’ya (Jagiello, II. Wladislav) gönderdiği 1393 tarihli yarlık “Toktamış sözüm Yagaylaga” diye başlamaktadır (Özyetgin, Altın Ordu , s. 105-106, 135-136).
LISTEDE	cumle-yok;sayi-eksik:1034,1615,1624;benzerlik<0.6	yarubiler	1	4872	0	0	kronoloji_arabistan.js:279	paket_12.js:2115	1615 - Ya'rubîler hanedanı kuruldu... Alternatif kuruluş tarihi 1624 (1034 hicrî).	
LISTEDE	benzerlik<0.6	yarubiler	1	4872	0.476	0.6	kronoloji_arabistan.js:285	paket_12.js:2121	1630 - Portekiz barış antlaşması imzalandı.	Nâsır, Maskat’ı zaptetmek için Mes‘ûd b. Ramazan en-Nebhânî kumandasında bir ordu sevkedince Portekizliler barış antlaşması yapmak zorunda kaldı (1630).
LISTEDE	benzerlik<0.6;kapsama<0.6(alinti-cumleden-genis)	yarubiler	1	4872	0.53	0.545	kronoloji_arabistan.js:303	paket_12.js:2139	1680 - I. Sultân b. Seyf yönetimi sonlandı; oğlu Bel'arab yönetimi devraldı.	I. Sultân’dan sonra yerine oğlu Bel‘arab (Ebü’l-Arab) geçti (1680-1692).
LISTEDE	benzerlik<0.6;kapsama<0.6(alinti-cumleden-genis)	yarubiler	1	4872	0.477	0.5	kronoloji_arabistan.js:315	paket_12.js:2151	1711 - Seyf b. Sultân vefat etti; oğlu II. Sultân yönetimi devraldı.	Seyf’in yerine geçen oğlu II. Sultân döneminde (1711-1720) Uman deniz gücü daha da arttı ve Bahreyn ele geçirildi.
LISTEDE	benzerlik<0.6;dil:ingilizce	yarubiler	1	4872	0.574	0.692	kronoloji_arabistan.js:321	paket_12.js:2157	1720 - II. Sultân öldü; on iki yaşındaki oğlu II. Seyf'in yönetimi tartışmalar başlattı.	II. Sultân’ın 1133’te (1720) ölümünden sonra yerine on iki yaşındaki oğlu II. Seyf’in geçmesi üzerine ulemâ iktidarın bu şekilde saltanatla intikal etmesine karşı çıktı.
LISTEDE	dil:ingilizce	yarubiler	1	4872	0.671	0.7	kronoloji_arabistan.js:327	paket_12.js:2163	1728 - İç savaş sonlanarak II. Seyf'in imâmeti kabul edildi.	Uzun süren iç savaşın ardından 1141 (1728) yılında II. Seyf’in imamlığı kabul edildi.
LISTEDE	benzerlik<0.6	yarubiler	1	4872	0.524	0.625	kronoloji_arabistan.js:333	paket_12.js:2169	1743 - II. Seyf vefat etti; damadı Ahmed b. Saîd iktidarı ele geçirerek Bû Saîd hanedanı dönemini başlattı.	Durumun daha da kötüleşmesi ve Seyf’in 1156’da (1743) vefatıyla damadı olan Suhâr Valisi Ahmed b. Saîd iktidarı ele geçirdi ve İranlılar’ı Uman’dan çıkarmayı başardı. Böylece Uman’da günümüze kadar devam eden Bû Saîd hânedanı dönemi başladı.
LISTEDE	benzerlik<0.6;kapsama<0.6(alinti-cumleden-genis)	yemen	5	94656	0.326	0.357	devletler.js:1224	paket_05.js:1243	26 Eylül 1962'de Mısır destekli bir ihtilal gerçekleşti ve Zeydî imamlığına son verildi	Onun Eylül 1962’de ölümü üzerine oğlu Muhammed Bedr imam seçildiyse de bir hafta sonra San‘a’da askerî birlikler tarafından kuşatılınca görevi bırakıp kaçmak zorunda kaldı (26 Eylül 1962).
LISTEDE	benzerlik<0.6	yemen	5	94656	0.551	0.8	kronoloji_arabistan.js:120	paket_12.js:1956	288/901: Yahyâ b. Hüseyin San'a'yı ele geçirdi.	Bölge ileri gelenlerinin davetiyle 284’te (897) Zeydî imâmetini tesis etmek üzere Sa‘de’ye gelen Zeydîler’den İmam Hâdî-İlelhak Yahyâ b. Hüseyin 288 (901) yılında San‘a’yı eline geçirdiyse de Ya‘furîler ertesi yıl şehri geri aldılar.
LISTEDE	benzerlik<0.6	yemen	5	94656	0.452	0.625	kronoloji_arabistan.js:129	paket_12.js:1965	Muharrem 934 (Ekim 1527): Aden Osmanlılar tarafından alındı	İbn Hamza beraberindeki askerlerle birlikte Aden’e Mustafa Bey’in yanına gidince Selman Reis de Aden’e giderek Mustafa Bey’i mağlûp etti (Muharrem 934 / Ekim 1527), böylece Aden ve Yemen’i hâkimiyet altına aldı (Nehrevâlî, s. 49-52).
LISTEDE	benzerlik<0.6	yemen	5	94656	0.512	0.8	kronoloji_arabistan.js:135	paket_12.js:1971	1547: San'a ele geçirildi.	Yemen’in bu durumuna Taiz sancak beyi Özdemir Bey tarafından son verildi; İmam Mutahhar’ın elinde bulunan San‘a ele geçirilerek (1547) suçlular cezalandırıldı.
LISTEDE	sayi-eksik:1567;benzerlik<0.6;kapsama<0.6(alinti-cumleden-genis)	yemen	5	94656	0.383	0.429	kronoloji_arabistan.js:141	paket_12.js:1977	1567: Mutahhar isyan etti, Yemen ikiye bölündü.	Böylece İngiliz himaye bölgesi hariç Yemen sahil ve dağlık bölge olarak İdrîsîler ve Zeydîler arasında ikiye bölündü.
LISTEDE	benzerlik<0.6	yemen	5	94656	0.505	0.75	kronoloji_arabistan.js:189	paket_12.js:2025	1644-1676: Mütevekkil İsmâil b. Kāsım hüküm sürdü.	İmam Müeyyed’den (1620-1644) sonra Kāsımî ailesi arasında imamlık mücadelesi ortaya çıktı, ancak Mütevekkil İsmâil b. Kāsım’ın (1644-1676) yönetimi ele almasıyla Aden, Bilâdıhanfer, Zafâr, Hadramut Zeydîler’in eline geçti ve Kāsımîler en geniş sınırlarına ulaştı.
LISTEDE	sayi-eksik:1849;benzerlik<0.6;kapsama<0.6(alinti-cumleden-genis)	yemen	5	94656	0.375	0.375	kronoloji_arabistan.js:211	paket_12.js:2047	1849: San'a ele geçirme çabası başarısız oldu.	Yûsuf b. Yahyâ’nın 369-371 (979-981) yıllarında San‘a’yı ele geçirmesi, iktidar mücadelesinin buraya kaymasına ve Ya‘furîler’in de müdahalesine yol açtı.
LISTEDE	benzerlik<0.6	yemen	5	94656	0.509	0.727	kronoloji_arabistan.js:217	paket_12.js:2053	1871: Ahmed Muhtar Paşa San'a'yı aldı, vilâyet düzeni kurdu.	Ahmed Muhtar Paşa görevli olduğu fırka-i ihtiyâtiyye ordusuyla birlikte, Asîr’de isyan eden Muhammed b. Âiz’i ortadan kaldırdıktan sonra 1871’de tayin edildiği Yemen vali ve kumandanlığı sırasında San‘a’yı da alarak devlet otoritesini yeniden kurdu.
LISTEDE	benzerlik<0.6	yemen	5	94656	0.596	1.0	kronoloji_arabistan.js:247	paket_12.js:2083	1905: Ahmed Feyzi Paşa San'a'ya girdi.	Hamidiye Süvari Alayı Yemen’e sevkedildiği gibi yeni kuvvetlerle bölgeye vali olarak yollanan Ahmed Feyzi Paşa, 15 Temmuz - 1 Eylül 1905 tarihleri arasında yürüttüğü harekâtta Taiz’deki kuvvetlerin desteğiyle San‘a’ya girdi ve isyan halindeki kabile reislerini kısa sürede bertaraf etti (Çakaloğlu, s. 172).
LISTEDE	benzerlik<0.6	yemen	5	94656	0.541	0.909	kronoloji_arabistan.js:253	paket_12.js:2089	13 Ekim 1911: Ahmed İzzet Paşa ve İmam Yahyâ antlaşma yaptı.	Nihayet Yemen meselesini çözmek üzere 28 Şubat 1911’de Ahmed İzzet Paşa, Hamidiye kruvazörüyle Yemen’e gönderildi. Yemen’deki Yedinci Ordu ile birlikte İstanbul’dan ve diğer Osmanlı vilâyetlerinden topladığı 50.000 kişilik orduyla San‘a kuşatmasını kaldırdı ve İmam Yahyâ ile 13 Ekim 1911’de bir antlaşma yaparak isyanlara son verdi.
LISTEDE	benzerlik<0.6;kapsama<0.6(alinti-cumleden-genis)	yemen	5	94656	0.503	0.571	kronoloji_arabistan.js:265	paket_12.js:2101	1920: İmam Yahyâ bağımsız Mütevekkilî Krallığını kurdu.	Yemen Zeydî Emirliği daha sonra Yemen Mütevekkilî Krallığı adını aldı ve İmam Yahyâ ilk kralı oldu (1920-1948).
LISTEDE	dil:diger-latin	yemen	5	94656	0.743	0.778	yer_yama.js:435		1608: İmam Kāsım'la anlaşmazlık on senelik antlaşmayla çözümlendi	İmam Kāsım b. Muhammed’le olan anlaşmazlık ise yapılan on senelik bir antlaşma ile çözümlendi (1608).
LISTEDE	benzerlik<0.6;kapsama<0.6(alinti-cumleden-genis)	zambiya	2	17553	0.492	0.538	devletler.js:3278 · kronoloji_sinir_guney_g8.js:149	paket_05.js:3297 · paket_09.js:433	Lozi kralı Levanika 1890'da İngiliz Güney Afrika Şirketi'nin himayesini kabul etti.	1890’da Loziler’in kralı Lewanika, Zambiya topraklarında İngiltere hükümetinin kendisine ülke üzerinde tam ekonomik ve siyasal kontrol hakkı tanıdığı, İngiliz Güney Afrika Şirketi’ni kuran Cecil Rhodes’in himayesine girdi.
LISTEDE	benzerlik<0.6	zengibar	1	29185	0.544	0.714	kronoloji_dogu_afrika.js:1201	paket_12.js:4724	1890: Helgoland-Zanzibar Antlaşması İngiliz himayesini kurar	Zengibar Sultanlığı’nın hâkimiyet alanı daraldı; bu süreç nihayet, 1890’da Almanya ile İngiltere arasında imzalanan Helgoland-Zanzibar Antlaşması’yla Zengibar’ın İngiliz sömürge yönetiminin merkezi yapılmasıyla sonuçlandı.
LISTEDE	benzerlik<0.6;kapsama<0.6(alinti-cumleden-genis)	zitvatorok-antlasmasi	1	12311	0.435	0.5	isyan_tarama.js:207		Bocskay Osmanlı himayesine dayanarak 1604 Kasımında Habsburglara karşı ayaklandı (özet).	Barışa yönelik arayışlar, 1604 Kasımında Osmanlı Devleti’nin himayesini arkasına alacağını planlayan Erdel Prensi István Bocskay’ın Habsburglar’a karşı isyan etmesi yüzünden kesildi.
